page_number,section_id,indicator,region_name,year_2018,year_2019,year_2020,year_2021,year_2022,year_2023
48,5.1,Number of hotels and similar establishments (units),rayonu,5.0,7.0,7.0,11.0,14.0,14.0
48,5.1,Number of hotels and similar establishments (units),Xankəndi şəhəri,,,,,,
48,5.1,Number of hotels and similar establishments (units),Ağcabədi rayonu,1.0,3.0,3.0,3.0,5.0,5.0
48,5.1,Number of hotels and similar establishments (units),Ağdam rayonu,,,,,,
48,5.1,Number of hotels and similar establishments (units),Ağdərə rayonu,,,,,,
48,5.1,Number of hotels and similar establishments (units),Bərdə rayonu,2.0,2.0,2.0,2.0,2.0,2.0
48,5.1,Number of hotels and similar establishments (units),Füzuli rayonu,1.0,1.0,1.0,1.0,1.0,1.0
48,5.1,Number of hotels and similar establishments (units),Şuşa rayonu,,,,3.0,3.0,3.0
48,5.1,Number of hotels and similar establishments (units),Tərtər rayonu,1.0,1.0,1.0,2.0,3.0,3.0
48,5.1,Number of hotels and similar establishments (units),rayonu,23.0,24.0,24.0,23.0,24.0,23.0
48,5.1,Number of hotels and similar establishments (units),Ağstafa rayonu,6.0,6.0,6.0,6.0,6.0,6.0
48,5.1,Number of hotels and similar establishments (units),Gədəbəy rayonu,6.0,6.0,6.0,6.0,7.0,7.0
48,5.1,Number of hotels and similar establishments (units),Qazax rayonu,5.0,5.0,5.0,3.0,3.0,3.0
48,5.1,Number of hotels and similar establishments (units),Şəmkir rayonu,2.0,3.0,3.0,4.0,4.0,3.0
48,5.1,Number of hotels and similar establishments (units),Tovuz rayonu,4.0,4.0,4.0,4.0,4.0,4.0
48,5.1,Number of hotels and similar establishments (units),rayonu,101.0,104.0,106.0,108.0,112.0,113.0
48,5.1,Number of hotels and similar establishments (units),Xaçmaz rayonu,54.0,54.0,54.0,56.0,57.0,58.0
48,5.1,Number of hotels and similar establishments (units),Quba rayonu,24.0,25.0,27.0,27.0,29.0,31.0
48,5.1,Number of hotels and similar establishments (units),Qusar rayonu,19.0,20.0,20.0,20.0,20.0,20.0
48,5.1,Number of hotels and similar establishments (units),Siyəzən rayonu,,,,,,
48,5.1,Number of hotels and similar establishments (units),Şabran rayonu,4.0,5.0,5.0,5.0,6.0,4.0
48,5.1,Number of hotels and similar establishments (units),iqtisadi rayonu,75.0,77.0,77.0,82.0,87.0,94.0
48,5.1,Number of hotels and similar establishments (units),Astara rayonu,10.0,10.0,10.0,13.0,16.0,18.0
48,5.1,Number of hotels and similar establishments (units),Cəlilabad rayonu,4.0,4.0,4.0,4.0,5.0,5.0
48,5.1,Number of hotels and similar establishments (units),Lerik rayonu,6.0,6.0,6.0,6.0,6.0,6.0
48,5.1,Number of hotels and similar establishments (units),Lənkəran rayonu,21.0,23.0,23.0,25.0,26.0,28.0
48,5.1,Number of hotels and similar establishments (units),Masallı rayonu,31.0,31.0,31.0,31.0,30.0,33.0
48,5.1,Number of hotels and similar establishments (units),Yardımlı rayonu,3.0,3.0,3.0,3.0,4.0,4.0
48,5.1,Number of hotels and similar establishments (units),rayonu,25.0,26.0,26.0,27.0,27.0,28.0
48,5.1,Number of hotels and similar establishments (units),Mingəçevir şəhəri,8.0,9.0,9.0,9.0,9.0,9.0
48,5.1,Number of hotels and similar establishments (units),Ağdaş rayonu,3.0,3.0,3.0,3.0,3.0,3.0
48,5.1,Number of hotels and similar establishments (units),Göyçay rayonu,4.0,4.0,4.0,5.0,5.0,5.0
48,5.1,Number of hotels and similar establishments (units),Kürdəmir rayonu,7.0,7.0,7.0,7.0,7.0,8.0
48,5.1,Number of hotels and similar establishments (units),Ucar rayonu,,,,,,
48,5.1,Number of hotels and similar establishments (units),Yevlax rayonu,2.0,2.0,2.0,2.0,2.0,2.0
48,5.1,Number of hotels and similar establishments (units),Zərdab rayonu,1.0,1.0,1.0,1.0,1.0,1.0
48,5.1,Number of hotels and similar establishments (units),rayonu,12.0,12.0,12.0,12.0,13.0,17.0
48,5.1,Number of hotels and similar establishments (units),Beyləqan rayonu,4.0,4.0,4.0,4.0,4.0,5.0
48,5.1,Number of hotels and similar establishments (units),İmişli rayonu,2.0,2.0,2.0,2.0,2.0,3.0
48,5.1,Number of hotels and similar establishments (units),Saatlı rayonu,3.0,3.0,3.0,3.0,4.0,6.0
48,5.1,Number of hotels and similar establishments (units),Sabirabad rayonu,3.0,3.0,3.0,3.0,3.0,3.0
48,5.1,Number of hotels and similar establishments (units),rayonu,67.0,69.0,72.0,73.0,78.0,77.0
48,5.1,Number of hotels and similar establishments (units),Balakən rayonu,3.0,3.0,3.0,3.0,3.0,3.0
49,5.1,Number of hotels and similar establishments (units),Qax rayonu,13.0,13.0,14.0,14.0,18.0,18.0
49,5.1,Number of hotels and similar establishments (units),Qəbələ rayonu,19.0,20.0,22.0,23.0,23.0,21.0
49,5.1,Number of hotels and similar establishments (units),Oğuz rayonu,3.0,3.0,3.0,3.0,3.0,3.0
49,5.1,Number of hotels and similar establishments (units),Şəki rayonu,16.0,17.0,17.0,17.0,18.0,18.0
49,5.1,Number of hotels and similar establishments (units),Zaqatala rayonu,13.0,13.0,13.0,13.0,13.0,14.0
49,5.1,Number of hotels and similar establishments (units),rayonu,,,,,,
49,5.1,Number of hotels and similar establishments (units),Cəbrayıl rayonu,,,,,,
49,5.1,Number of hotels and similar establishments (units),Kəlbəcər rayonu,,,,,,
49,5.1,Number of hotels and similar establishments (units),Qubadlı rayonu,,,,,,
49,5.1,Number of hotels and similar establishments (units),Laçın rayonu,,,,,,
49,5.1,Number of hotels and similar establishments (units),Zəngilan rayonu,,,,,,
49,5.1,Number of hotels and similar establishments (units),rayonu,10.0,10.0,10.0,10.0,10.0,8.0
49,5.1,Number of hotels and similar establishments (units),Şirvan şəhəri,4.0,4.0,4.0,4.0,5.0,3.0
49,5.1,Number of hotels and similar establishments (units),Biləsuvar rayonu,4.0,4.0,4.0,4.0,3.0,3.0
49,5.1,Number of hotels and similar establishments (units),Hacıqabul rayonu,,,,,,
49,5.1,Number of hotels and similar establishments (units),Neftçala rayonu,,,,,,
49,5.1,Number of hotels and similar establishments (units),Salyan rayonu,2.0,2.0,2.0,2.0,2.0,2.0
49,5.1,Number of hotels and similar establishments (units),Ölkə üzrə - c ə m i,46.0,693.0,49.0,980.0,50.0,687.0
49,5.1,Number of hotels and similar establishments (units),Bakı şəhəri,18.0,637.0,20.0,740.0,21.0,151.0
49,5.1,Number of hotels and similar establishments (units),Binəqədi rayonu,554.0,887.0,887.0,979.0,1.0,271.0
49,5.1,Number of hotels and similar establishments (units),Xətai rayonu,896.0,941.0,1.0,47.0,1.0,97.0
49,5.1,Number of hotels and similar establishments (units),Xəzər rayonu,568.0,802.0,802.0,930.0,970.0,993.0
49,5.1,Number of hotels and similar establishments (units),Qaradağ rayonu,247.0,129.0,129.0,129.0,201.0,201.0
49,5.1,Number of hotels and similar establishments (units),Nərimanov rayonu,1.0,820.0,3.0,148.0,3.0,342.0
49,5.1,Number of hotels and similar establishments (units),Nəsimi rayonu,4.0,856.0,5.0,192.0,5.0,205.0
49,5.1,Number of hotels and similar establishments (units),Nizami rayonu,562.0,758.0,774.0,814.0,814.0,814.0
49,5.1,Number of hotels and similar establishments (units),Sabunçu rayonu,972.0,520.0,563.0,563.0,563.0,876.0
49,5.1,Number of hotels and similar establishments (units),Səbail rayonu,5.0,611.0,6.0,253.0,6.0,253.0
49,5.1,Number of hotels and similar establishments (units),Suraxanı rayonu,,,33.0,33.0,48.0,48.0
49,5.1,Number of hotels and similar establishments (units),Yasamal rayonu,2.0,551.0,2.0,110.0,2.0,116.0
49,5.1,Number of hotels and similar establishments (units),Respublikası,1.0,517.0,1.0,517.0,1.0,517.0
49,5.1,Number of hotels and similar establishments (units),rayonu,1052.0,1087.0,1087.0,1.0,87.0,1.0
49,5.1,Number of hotels and similar establishments (units),Sumqayıt şəhəri,452.0,487.0,487.0,487.0,507.0,507.0
49,5.1,Number of hotels and similar establishments (units),Abşeron rayonu,452.0,452.0,452.0,452.0,452.0,467.0
49,5.1,Number of hotels and similar establishments (units),Xızı rayonu,148.0,148.0,148.0,148.0,148.0,148.0
49,5.1,Number of hotels and similar establishments (units),rayonu,1.0,738.0,1.0,738.0,1.0,834.0
49,5.1,Number of hotels and similar establishments (units),Ağsu rayonu,81.0,81.0,81.0,81.0,81.0,81.0
49,5.1,Number of hotels and similar establishments (units),İsmayıllı rayonu,816.0,816.0,912.0,1.0,312.0,1.0
50,5.2,Once capacity (beds) of hotels and similar establishments (units),Qobustan rayonu,,,,,,
50,5.2,Once capacity (beds) of hotels and similar establishments (units),Şamaxı rayonu,841.0,841.0,841.0,841.0,841.0,841.0
50,5.2,Once capacity (beds) of hotels and similar establishments (units),rayonu,2.0,281.0,2.0,342.0,2.0,342.0
50,5.2,Once capacity (beds) of hotels and similar establishments (units),Gəncə şəhəri,1.0,329.0,1.0,390.0,1.0,390.0
50,5.2,Once capacity (beds) of hotels and similar establishments (units),Naftalan şəhəri,617.0,617.0,617.0,617.0,617.0,1.0
50,5.2,Once capacity (beds) of hotels and similar establishments (units),Daşkəsən rayonu,32.0,32.0,32.0,32.0,32.0,32.0
50,5.2,Once capacity (beds) of hotels and similar establishments (units),Goranboy rayonu,123.0,123.0,123.0,123.0,167.0,167.0
50,5.2,Once capacity (beds) of hotels and similar establishments (units),Göygöl rayonu,180.0,180.0,180.0,180.0,180.0,393.0
50,5.2,Once capacity (beds) of hotels and similar establishments (units),Samux rayonu,,,,,,
50,5.2,Once capacity (beds) of hotels and similar establishments (units),rayonu,236.0,288.0,288.0,599.0,742.0,742.0
50,5.2,Once capacity (beds) of hotels and similar establishments (units),Xankəndi şəhəri,,,,,,
50,5.2,Once capacity (beds) of hotels and similar establishments (units),Ağcabədi rayonu,60.0,112.0,112.0,112.0,191.0,191.0
50,5.2,Once capacity (beds) of hotels and similar establishments (units),Ağdam rayonu,,,,,,
50,5.2,Once capacity (beds) of hotels and similar establishments (units),Ağdərə rayonu,,,,,,
50,5.2,Once capacity (beds) of hotels and similar establishments (units),Bərdə rayonu,116.0,116.0,116.0,116.0,116.0,116.0
50,5.2,Once capacity (beds) of hotels and similar establishments (units),Füzuli rayonu,30.0,30.0,30.0,30.0,30.0,30.0
50,5.2,Once capacity (beds) of hotels and similar establishments (units),Xocalı rayonu,,,,,,
50,5.2,Once capacity (beds) of hotels and similar establishments (units),Xocavənd rayonu,,,,,,
50,5.2,Once capacity (beds) of hotels and similar establishments (units),Şuşa rayonu,,,,287.0,287.0,287.0
50,5.2,Once capacity (beds) of hotels and similar establishments (units),Tərtər rayonu,30.0,30.0,30.0,54.0,118.0,118.0
50,5.2,Once capacity (beds) of hotels and similar establishments (units),rayonu,1.0,31.0,1.0,50.0,1.0,50.0
50,5.2,Once capacity (beds) of hotels and similar establishments (units),Ağstafa rayonu,183.0,183.0,183.0,183.0,183.0,183.0
50,5.2,Once capacity (beds) of hotels and similar establishments (units),Gədəbəy rayonu,238.0,238.0,238.0,238.0,248.0,248.0
50,5.2,Once capacity (beds) of hotels and similar establishments (units),Qazax rayonu,212.0,212.0,212.0,174.0,174.0,174.0
50,5.2,Once capacity (beds) of hotels and similar establishments (units),Şəmkir rayonu,132.0,151.0,151.0,207.0,207.0,151.0
50,5.2,Once capacity (beds) of hotels and similar establishments (units),Tovuz rayonu,266.0,266.0,266.0,266.0,266.0,266.0
50,5.2,Once capacity (beds) of hotels and similar establishments (units),rayonu,10.0,462.0,10.0,931.0,10.0,991.0
50,5.2,Once capacity (beds) of hotels and similar establishments (units),Xaçmaz rayonu,6.0,495.0,6.0,495.0,6.0,495.0
50,5.2,Once capacity (beds) of hotels and similar establishments (units),Quba rayonu,1.0,627.0,1.0,718.0,1.0,778.0
50,5.2,Once capacity (beds) of hotels and similar establishments (units),Qusar rayonu,2.0,253.0,2.0,289.0,2.0,289.0
50,5.2,Once capacity (beds) of hotels and similar establishments (units),Siyəzən rayonu,,,,,,
50,5.2,Once capacity (beds) of hotels and similar establishments (units),Şabran rayonu,87.0,429.0,429.0,429.0,598.0,642.0
50,5.2,Once capacity (beds) of hotels and similar establishments (units),iqtisadi rayonu,3.0,249.0,3.0,658.0,3.0,658.0
50,5.2,Once capacity (beds) of hotels and similar establishments (units),Astara rayonu,293.0,293.0,293.0,411.0,501.0,589.0
50,5.2,Once capacity (beds) of hotels and similar establishments (units),Cəlilabad rayonu,126.0,126.0,126.0,126.0,174.0,174.0
50,5.2,Once capacity (beds) of hotels and similar establishments (units),Lerik rayonu,715.0,715.0,715.0,715.0,715.0,715.0
50,5.2,Once capacity (beds) of hotels and similar establishments (units),Lənkəran rayonu,937.0,1.0,346.0,1.0,346.0,1.0
50,5.2,Once capacity (beds) of hotels and similar establishments (units),Masallı rayonu,1.0,148.0,1.0,148.0,1.0,148.0
50,5.2,Once capacity (beds) of hotels and similar establishments (units),Yardımlı rayonu,30.0,30.0,30.0,30.0,73.0,73.0
50,5.2,Once capacity (beds) of hotels and similar establishments (units),rayonu,1.0,324.0,1.0,334.0,1.0,334.0
50,5.2,Once capacity (beds) of hotels and similar establishments (units),Mingəçevir şəhəri,695.0,705.0,705.0,705.0,705.0,705.0
50,5.2,Once capacity (beds) of hotels and similar establishments (units),Ağdaş rayonu,35.0,35.0,35.0,35.0,35.0,35.0
50,5.2,Once capacity (beds) of hotels and similar establishments (units),Göyçay rayonu,167.0,167.0,167.0,259.0,259.0,259.0
50,5.2,Once capacity (beds) of hotels and similar establishments (units),Kürdəmir rayonu,234.0,234.0,234.0,234.0,234.0,304.0
50,5.2,Once capacity (beds) of hotels and similar establishments (units),Ucar rayonu,,,,,,
51,5.2,Once capacity (beds) of hotels and similar establishments (units),Yevlax rayonu,173.0,173.0,173.0,173.0,173.0,173.0
51,5.2,Once capacity (beds) of hotels and similar establishments (units),Zərdab rayonu,20.0,20.0,20.0,20.0,20.0,20.0
51,5.2,Once capacity (beds) of hotels and similar establishments (units),rayonu,295.0,295.0,295.0,295.0,329.0,440.0
51,5.2,Once capacity (beds) of hotels and similar establishments (units),Beyləqan rayonu,133.0,133.0,133.0,133.0,133.0,176.0
51,5.2,Once capacity (beds) of hotels and similar establishments (units),İmişli rayonu,53.0,53.0,53.0,53.0,53.0,86.0
51,5.2,Once capacity (beds) of hotels and similar establishments (units),Saatlı rayonu,27.0,27.0,27.0,27.0,61.0,96.0
51,5.2,Once capacity (beds) of hotels and similar establishments (units),Sabirabad rayonu,82.0,82.0,82.0,82.0,82.0,82.0
51,5.2,Once capacity (beds) of hotels and similar establishments (units),rayonu,4.0,432.0,4.0,561.0,4.0,701.0
51,5.2,Once capacity (beds) of hotels and similar establishments (units),Balakən rayonu,208.0,208.0,208.0,208.0,208.0,208.0
51,5.2,Once capacity (beds) of hotels and similar establishments (units),Qax rayonu,606.0,606.0,746.0,746.0,862.0,862.0
51,5.2,Once capacity (beds) of hotels and similar establishments (units),Qəbələ rayonu,2.0,539.0,2.0,632.0,2.0,632.0
51,5.2,Once capacity (beds) of hotels and similar establishments (units),Oğuz rayonu,138.0,138.0,138.0,138.0,138.0,138.0
51,5.2,Once capacity (beds) of hotels and similar establishments (units),Şəki rayonu,546.0,582.0,582.0,582.0,786.0,786.0
51,5.2,Once capacity (beds) of hotels and similar establishments (units),Zaqatala rayonu,395.0,395.0,395.0,395.0,395.0,485.0
51,5.2,Once capacity (beds) of hotels and similar establishments (units),rayonu,,,,,,
51,5.2,Once capacity (beds) of hotels and similar establishments (units),Cəbrayıl rayonu,,,,,,
51,5.2,Once capacity (beds) of hotels and similar establishments (units),Kəlbəcər rayonu,,,,,,
51,5.2,Once capacity (beds) of hotels and similar establishments (units),Qubadlı rayonu,,,,,,
51,5.2,Once capacity (beds) of hotels and similar establishments (units),Laçın rayonu,,,,,,
51,5.2,Once capacity (beds) of hotels and similar establishments (units),Zəngilan rayonu,,,,,,
51,5.2,Once capacity (beds) of hotels and similar establishments (units),rayonu,439.0,439.0,439.0,439.0,469.0,404.0
51,5.2,Once capacity (beds) of hotels and similar establishments (units),Şirvan şəhəri,195.0,195.0,195.0,195.0,231.0,166.0
51,5.2,Once capacity (beds) of hotels and similar establishments (units),Biləsuvar rayonu,102.0,102.0,102.0,102.0,96.0,96.0
51,5.2,Once capacity (beds) of hotels and similar establishments (units),Hacıqabul rayonu,,,,,,
51,5.2,Once capacity (beds) of hotels and similar establishments (units),Neftçala rayonu,,,,,,
51,5.2,Once capacity (beds) of hotels and similar establishments (units),Salyan rayonu,142.0,142.0,142.0,142.0,142.0,142.0
51,5.2,Once capacity (beds) of hotels and similar establishments (units),Ölkə üzrə - c ə m i,22.0,192.0,23.0,865.0,24.0,195.0
51,5.2,Once capacity (beds) of hotels and similar establishments (units),Bakı şəhəri,10.0,233.0,11.0,329.0,11.0,533.0
51,5.2,Once capacity (beds) of hotels and similar establishments (units),Binəqədi rayonu,322.0,424.0,424.0,468.0,578.0,732.0
51,5.2,Once capacity (beds) of hotels and similar establishments (units),Xətai rayonu,445.0,537.0,590.0,629.0,644.0,659.0
51,5.2,Once capacity (beds) of hotels and similar establishments (units),Xəzər rayonu,375.0,475.0,475.0,513.0,528.0,538.0
51,5.2,Once capacity (beds) of hotels and similar establishments (units),Qaradağ rayonu,207.0,90.0,90.0,90.0,138.0,138.0
51,5.2,Once capacity (beds) of hotels and similar establishments (units),Nərimanov rayonu,1.0,70.0,1.0,825.0,1.0,913.0
51,5.2,Once capacity (beds) of hotels and similar establishments (units),Nəsimi rayonu,2.0,657.0,2.0,806.0,2.0,819.0
51,5.2,Once capacity (beds) of hotels and similar establishments (units),Nizami rayonu,283.0,513.0,521.0,551.0,551.0,551.0
51,5.2,Once capacity (beds) of hotels and similar establishments (units),Pirallahı rayonu,,,,,,
51,5.2,Once capacity (beds) of hotels and similar establishments (units),Sabunçu rayonu,371.0,311.0,329.0,329.0,329.0,402.0
51,5.2,Once capacity (beds) of hotels and similar establishments (units),Səbail rayonu,3.0,11.0,3.0,115.0,3.0,121.0
51,5.2,Once capacity (beds) of hotels and similar establishments (units),Suraxanı rayonu,,,18.0,18.0,33.0,33.0
51,5.2,Once capacity (beds) of hotels and similar establishments (units),Yasamal rayonu,1.0,492.0,1.0,233.0,1.0,233.0
52,5.3,Number of rooms in hotels and similar establishments (units),Respublikası,657.0,657.0,657.0,657.0,657.0,544.0
52,5.3,Number of rooms in hotels and similar establishments (units),rayonu,575.0,610.0,610.0,610.0,620.0,629.0
52,5.3,Number of rooms in hotels and similar establishments (units),Sumqayıt şəhəri,221.0,256.0,256.0,256.0,266.0,266.0
52,5.3,Number of rooms in hotels and similar establishments (units),Abşeron rayonu,301.0,301.0,301.0,301.0,301.0,310.0
52,5.3,Number of rooms in hotels and similar establishments (units),Xızı rayonu,53.0,53.0,53.0,53.0,53.0,53.0
52,5.3,Number of rooms in hotels and similar establishments (units),rayonu,736.0,736.0,784.0,967.0,967.0,967.0
52,5.3,Number of rooms in hotels and similar establishments (units),Ağsu rayonu,45.0,45.0,45.0,45.0,45.0,45.0
52,5.3,Number of rooms in hotels and similar establishments (units),İsmayıllı rayonu,325.0,325.0,373.0,556.0,556.0,556.0
52,5.3,Number of rooms in hotels and similar establishments (units),Qobustan rayonu,,,,,,
52,5.3,Number of rooms in hotels and similar establishments (units),Şamaxı rayonu,366.0,366.0,366.0,366.0,366.0,366.0
52,5.3,Number of rooms in hotels and similar establishments (units),rayonu,1.0,107.0,1.0,136.0,1.0,136.0
52,5.3,Number of rooms in hotels and similar establishments (units),Gəncə şəhəri,659.0,688.0,688.0,949.0,997.0,1.0
52,5.3,Number of rooms in hotels and similar establishments (units),Naftalan şəhəri,302.0,302.0,302.0,302.0,302.0,561.0
52,5.3,Number of rooms in hotels and similar establishments (units),Daşkəsən rayonu,15.0,15.0,15.0,15.0,15.0,15.0
52,5.3,Number of rooms in hotels and similar establishments (units),Goranboy rayonu,59.0,59.0,59.0,59.0,77.0,77.0
52,5.3,Number of rooms in hotels and similar establishments (units),Göygöl rayonu,72.0,72.0,72.0,72.0,72.0,167.0
52,5.3,Number of rooms in hotels and similar establishments (units),Samux rayonu,,,,,,
52,5.3,Number of rooms in hotels and similar establishments (units),rayonu,106.0,132.0,132.0,278.0,342.0,342.0
52,5.3,Number of rooms in hotels and similar establishments (units),Xankəndi şəhəri,,,,,,
52,5.3,Number of rooms in hotels and similar establishments (units),Ağcabədi rayonu,30.0,56.0,56.0,56.0,96.0,96.0
52,5.3,Number of rooms in hotels and similar establishments (units),Ağdərə rayonu,,,,,,
52,5.3,Number of rooms in hotels and similar establishments (units),Bərdə rayonu,51.0,51.0,51.0,51.0,51.0,51.0
52,5.3,Number of rooms in hotels and similar establishments (units),Füzuli rayonu,10.0,10.0,10.0,10.0,10.0,10.0
52,5.3,Number of rooms in hotels and similar establishments (units),Xocalı rayonu,,,,,,
52,5.3,Number of rooms in hotels and similar establishments (units),Xocavənd rayonu,,,,,,
52,5.3,Number of rooms in hotels and similar establishments (units),Şuşa rayonu,,,,137.0,137.0,137.0
52,5.3,Number of rooms in hotels and similar establishments (units),Tərtər rayonu,15.0,15.0,15.0,24.0,48.0,48.0
52,5.3,Number of rooms in hotels and similar establishments (units),rayonu,482.0,491.0,491.0,500.0,505.0,477.0
52,5.3,Number of rooms in hotels and similar establishments (units),Ağstafa rayonu,77.0,77.0,77.0,77.0,77.0,77.0
52,5.3,Number of rooms in hotels and similar establishments (units),Gədəbəy rayonu,106.0,106.0,106.0,106.0,111.0,111.0
52,5.3,Number of rooms in hotels and similar establishments (units),Qazax rayonu,100.0,100.0,100.0,81.0,81.0,81.0
52,5.3,Number of rooms in hotels and similar establishments (units),Şəmkir rayonu,66.0,75.0,75.0,103.0,103.0,75.0
52,5.3,Number of rooms in hotels and similar establishments (units),Tovuz rayonu,133.0,133.0,133.0,133.0,133.0,133.0
52,5.3,Number of rooms in hotels and similar establishments (units),rayonu,4.0,107.0,4.0,323.0,4.0,363.0
52,5.3,Number of rooms in hotels and similar establishments (units),Xaçmaz rayonu,2405.0,2.0,405.0,2.0,405.0,2.0
52,5.3,Number of rooms in hotels and similar establishments (units),Quba rayonu,675.0,710.0,750.0,750.0,789.0,825.0
52,5.3,Number of rooms in hotels and similar establishments (units),Qusar rayonu,981.0,991.0,991.0,991.0,991.0,940.0
52,5.3,Number of rooms in hotels and similar establishments (units),Siyəzən rayonu,,,,,,
52,5.3,Number of rooms in hotels and similar establishments (units),Şabran rayonu,46.0,217.0,217.0,217.0,366.0,320.0
52,5.3,Number of rooms in hotels and similar establishments (units),rayonu,1.0,274.0,1.0,480.0,1.0,480.0
52,5.3,Number of rooms in hotels and similar establishments (units),Astara rayonu,116.0,116.0,116.0,162.0,214.0,252.0
52,5.3,Number of rooms in hotels and similar establishments (units),Cəlilabad rayonu,67.0,67.0,67.0,67.0,91.0,91.0
52,5.3,Number of rooms in hotels and similar establishments (units),Lerik rayonu,187.0,187.0,187.0,187.0,187.0,187.0
52,5.3,Number of rooms in hotels and similar establishments (units),Lənkəran rayonu,430.0,636.0,636.0,664.0,683.0,745.0
53,5.3,Number of rooms in hotels and similar establishments (units),Masallı rayonu,453.0,453.0,453.0,453.0,443.0,482.0
53,5.3,Number of rooms in hotels and similar establishments (units),Yardımlı rayonu,21.0,21.0,21.0,21.0,42.0,42.0
53,5.3,Number of rooms in hotels and similar establishments (units),rayonu,572.0,577.0,577.0,658.0,658.0,693.0
53,5.3,Number of rooms in hotels and similar establishments (units),Mingəçevir şəhəri,249.0,254.0,254.0,254.0,254.0,254.0
53,5.3,Number of rooms in hotels and similar establishments (units),Ağdaş rayonu,22.0,22.0,22.0,22.0,22.0,22.0
53,5.3,Number of rooms in hotels and similar establishments (units),Göyçay rayonu,73.0,73.0,73.0,154.0,154.0,154.0
53,5.3,Number of rooms in hotels and similar establishments (units),Kürdəmir rayonu,130.0,130.0,130.0,130.0,130.0,165.0
53,5.3,Number of rooms in hotels and similar establishments (units),Ucar rayonu,,,,,,
53,5.3,Number of rooms in hotels and similar establishments (units),Yevlax rayonu,87.0,87.0,87.0,87.0,87.0,87.0
53,5.3,Number of rooms in hotels and similar establishments (units),Zərdab rayonu,11.0,11.0,11.0,11.0,11.0,11.0
53,5.3,Number of rooms in hotels and similar establishments (units),rayonu,156.0,156.0,156.0,156.0,175.0,219.0
53,5.3,Number of rooms in hotels and similar establishments (units),Beyləqan rayonu,78.0,78.0,78.0,78.0,78.0,92.0
53,5.3,Number of rooms in hotels and similar establishments (units),İmişli rayonu,22.0,22.0,22.0,22.0,22.0,37.0
53,5.3,Number of rooms in hotels and similar establishments (units),Saatlı rayonu,16.0,16.0,16.0,16.0,35.0,50.0
53,5.3,Number of rooms in hotels and similar establishments (units),Sabirabad rayonu,40.0,40.0,40.0,40.0,40.0,40.0
53,5.3,Number of rooms in hotels and similar establishments (units),rayonu,1.0,948.0,1.0,999.0,2.0,37.0
53,5.3,Number of rooms in hotels and similar establishments (units),Balakən rayonu,95.0,95.0,95.0,95.0,95.0,95.0
53,5.3,Number of rooms in hotels and similar establishments (units),Qax rayonu,254.0,254.0,292.0,292.0,331.0,331.0
53,5.3,Number of rooms in hotels and similar establishments (units),Qəbələ rayonu,1.0,97.0,1.0,127.0,1.0,127.0
53,5.3,Number of rooms in hotels and similar establishments (units),Oğuz rayonu,62.0,62.0,62.0,62.0,62.0,62.0
53,5.3,Number of rooms in hotels and similar establishments (units),Şəki rayonu,262.0,283.0,283.0,283.0,354.0,354.0
53,5.3,Number of rooms in hotels and similar establishments (units),Zaqatala rayonu,178.0,178.0,178.0,178.0,178.0,223.0
53,5.3,Number of rooms in hotels and similar establishments (units),rayonu,,,,,,
53,5.3,Number of rooms in hotels and similar establishments (units),Cəbrayıl rayonu,,,,,,
53,5.3,Number of rooms in hotels and similar establishments (units),Kəlbəcər rayonu,,,,,,
53,5.3,Number of rooms in hotels and similar establishments (units),Qubadlı rayonu,,,,,,
53,5.3,Number of rooms in hotels and similar establishments (units),Laçın rayonu,,,,,,
53,5.3,Number of rooms in hotels and similar establishments (units),Zəngilan rayonu,,,,,,
53,5.3,Number of rooms in hotels and similar establishments (units),rayonu,239.0,239.0,239.0,239.0,253.0,203.0
53,5.3,Number of rooms in hotels and similar establishments (units),Şirvan şəhəri,106.0,106.0,106.0,106.0,126.0,76.0
53,5.3,Number of rooms in hotels and similar establishments (units),Biləsuvar rayonu,45.0,45.0,45.0,45.0,39.0,39.0
53,5.3,Number of rooms in hotels and similar establishments (units),Hacıqabul rayonu,,,,,,
53,5.3,Number of rooms in hotels and similar establishments (units),Neftçala rayonu,,,,,,
53,5.3,Number of rooms in hotels and similar establishments (units),Salyan rayonu,88.0,88.0,88.0,88.0,88.0,88.0
53,5.3,Number of rooms in hotels and similar establishments (units),Ölkə üzrə - cəmi,3.0,2.0,959.0,3.0,345.0,285.0
53,5.3,Number of rooms in hotels and similar establishments (units),Bakı şəhəri,1.0,776.0,123.0,1.0,931.0,624.0
53,5.3,Number of rooms in hotels and similar establishments (units),Binəqədi rayonu,8.0,195.0,12.0,145.0,5.0,946.0
53,5.3,Number of rooms in hotels and similar establishments (units),Xətai rayonu,27.0,801.0,31.0,411.0,5.0,998.0
53,5.3,Number of rooms in hotels and similar establishments (units),Xəzər rayonu,59.0,595.0,49.0,813.0,44.0,657.0
54,5.4,Number of overnights in hotels and similar establishments (nights),Qaradağ rayonu,1.0,419.0,1.0,648.0,1.0,371.0
54,5.4,Number of overnights in hotels and similar establishments (nights),Nərimanov rayonu,105.0,450.0,151.0,862.0,65.0,156.0
54,5.4,Number of overnights in hotels and similar establishments (nights),Nəsimi rayonu,575.0,485.0,688.0,875.0,195.0,130.0
54,5.4,Number of overnights in hotels and similar establishments (nights),Nizami rayonu,27495.0,25.0,894.0,4.0,206.0,422.0
54,5.4,Number of overnights in hotels and similar establishments (nights),Pirallahı rayonu,,,,,,
54,5.4,Number of overnights in hotels and similar establishments (nights),Sabunçu rayonu,47.0,824.0,44.0,239.0,21.0,286.0
54,5.4,Number of overnights in hotels and similar establishments (nights),Səbail rayonu,636.0,821.0,627.0,791.0,197.0,322.0
54,5.4,Number of overnights in hotels and similar establishments (nights),Suraxanı rayonu,,,,,742.0,2.0
54,5.4,Number of overnights in hotels and similar establishments (nights),Yasamal rayonu,286.0,38.0,297.0,946.0,39.0,211.0
54,5.4,Number of overnights in hotels and similar establishments (nights),Respublikası,87.0,621.0,90.0,719.0,23.0,812.0
54,5.4,Number of overnights in hotels and similar establishments (nights),rayonu,25318.0,20442.0,6735.0,9.0,775.0,10.0
54,5.4,Number of overnights in hotels and similar establishments (nights),Sumqayıt şəhəri,16.0,18.0,7.0,555.0,2.0,845.0
54,5.4,Number of overnights in hotels and similar establishments (nights),Abşeron rayonu,8.0,774.0,11.0,273.0,2.0,985.0
54,5.4,Number of overnights in hotels and similar establishments (nights),Xızı rayonu,526.0,1.0,614.0,905.0,722.0,681.0
54,5.4,Number of overnights in hotels and similar establishments (nights),rayonu,30.0,618.0,36.0,212.0,10.0,418.0
54,5.4,Number of overnights in hotels and similar establishments (nights),Ağsu rayonu,1.0,568.0,1.0,890.0,1.0,16.0
54,5.4,Number of overnights in hotels and similar establishments (nights),İsmayıllı rayonu,9.0,437.0,10.0,287.0,842.0,4.0
54,5.4,Number of overnights in hotels and similar establishments (nights),Qobustan rayonu,,,,,,
54,5.4,Number of overnights in hotels and similar establishments (nights),Şamaxı rayonu,19.0,613.0,24.0,35.0,8.0,560.0
54,5.4,Number of overnights in hotels and similar establishments (nights),iqtisadi rayonu,154.0,622.0,155.0,298.0,39.0,511.0
54,5.4,Number of overnights in hotels and similar establishments (nights),Gəncə şəhəri,28.0,339.0,27.0,900.0,8.0,457.0
54,5.4,Number of overnights in hotels and similar establishments (nights),Naftalan şəhəri,123.0,429.0,123.0,964.0,30.0,780.0
54,5.4,Number of overnights in hotels and similar establishments (nights),Daşkəsən rayonu,23.0,5.0,5.0,,,832.0
54,5.4,Number of overnights in hotels and similar establishments (nights),Goranboy rayonu,1.0,563.0,2.0,605.0,234.0,1.0
54,5.4,Number of overnights in hotels and similar establishments (nights),Göygöl rayonu,1.0,268.0,824.0,35.0,815.0,6.0
54,5.4,Number of overnights in hotels and similar establishments (nights),Samux rayonu,,,,,,
54,5.4,Number of overnights in hotels and similar establishments (nights),rayonu,3.0,198.0,5.0,624.0,4.0,539.0
54,5.4,Number of overnights in hotels and similar establishments (nights),Xankəndi şəhəri,,,,,,
54,5.4,Number of overnights in hotels and similar establishments (nights),Ağcabədi rayonu,296.0,1.0,856.0,2.0,71.0,5.0
54,5.4,Number of overnights in hotels and similar establishments (nights),Ağdam rayonu,,,,,,
54,5.4,Number of overnights in hotels and similar establishments (nights),Ağdərə rayonu,,,,,,
54,5.4,Number of overnights in hotels and similar establishments (nights),Bərdə rayonu,1.0,862.0,2.0,533.0,2.0,17.0
54,5.4,Number of overnights in hotels and similar establishments (nights),Füzuli rayonu,,,,,,
54,5.4,Number of overnights in hotels and similar establishments (nights),Xocalı rayonu,,,,,,
54,5.4,Number of overnights in hotels and similar establishments (nights),Xocavənd rayonu,,,,,,
54,5.4,Number of overnights in hotels and similar establishments (nights),Şuşa rayonu,,,,1.0,671.0,17.0
54,5.4,Number of overnights in hotels and similar establishments (nights),Tərtər rayonu,1.0,40.0,1.0,235.0,451.0,733.0
54,5.4,Number of overnights in hotels and similar establishments (nights),rayonu,50.0,617.0,34.0,279.0,8.0,780.0
54,5.4,Number of overnights in hotels and similar establishments (nights),Ağstafa rayonu,18.0,233.0,4.0,262.0,2.0,472.0
54,5.4,Number of overnights in hotels and similar establishments (nights),Gədəbəy rayonu,1.0,799.0,1.0,708.0,347.0,1.0
54,5.4,Number of overnights in hotels and similar establishments (nights),Qazax rayonu,7.0,527.0,2.0,510.0,225.0,447.0
54,5.4,Number of overnights in hotels and similar establishments (nights),Şəmkir rayonu,11.0,972.0,8.0,655.0,3.0,953.0
54,5.4,Number of overnights in hotels and similar establishments (nights),Tovuz rayonu,11.0,86.0,17.0,144.0,1.0,783.0
54,5.4,Number of overnights in hotels and similar establishments (nights),rayonu,384.0,480.0,537.0,88.0,124.0,814.0
54,5.4,Number of overnights in hotels and similar establishments (nights),Xaçmaz rayonu,162.0,429.0,148.0,147.0,9.0,448.0
54,5.4,Number of overnights in hotels and similar establishments (nights),Quba rayonu,113.0,894.0,264.0,203.0,41.0,463.0
55,5.4,Number of overnights in hotels and similar establishments (nights),Qusar rayonu,107.0,496.0,94.0,547.0,54.0,651.0
55,5.4,Number of overnights in hotels and similar establishments (nights),Siyəzən rayonu,,,,,,
55,5.4,Number of overnights in hotels and similar establishments (nights),Şabran rayonu,661.0,30.0,191.0,19.0,252.0,103.0
55,5.4,Number of overnights in hotels and similar establishments (nights),iqtisadi rayonu,61.0,502.0,91.0,436.0,43.0,52.0
55,5.4,Number of overnights in hotels and similar establishments (nights),Astara rayonu,5.0,942.0,4.0,674.0,3.0,154.0
55,5.4,Number of overnights in hotels and similar establishments (nights),Cəlilabad rayonu,1.0,899.0,2.0,35.0,889.0,2.0
55,5.4,Number of overnights in hotels and similar establishments (nights),Lerik rayonu,10.0,364.0,21.0,910.0,,4.0
55,5.4,Number of overnights in hotels and similar establishments (nights),Lənkəran rayonu,23.0,128.0,39.0,890.0,31.0,810.0
55,5.4,Number of overnights in hotels and similar establishments (nights),Masallı rayonu,20.0,169.0,22.0,927.0,7.0,199.0
55,5.4,Number of overnights in hotels and similar establishments (nights),Yardımlı rayonu,,,,,63.0,827.0
55,5.4,Number of overnights in hotels and similar establishments (nights),rayonu,34.0,852.0,45.0,176.0,22.0,627.0
55,5.4,Number of overnights in hotels and similar establishments (nights),Mingəçevir şəhəri,18.0,987.0,32.0,966.0,12.0,330.0
55,5.4,Number of overnights in hotels and similar establishments (nights),Ağdaş rayonu,709.0,745.0,509.0,567.0,476.0,545.0
55,5.4,Number of overnights in hotels and similar establishments (nights),Göyçay rayonu,4.0,113.0,7.0,989.0,5.0,865.0
55,5.4,Number of overnights in hotels and similar establishments (nights),Kürdəmir rayonu,10.0,113.0,2.0,800.0,3.0,812.0
55,5.4,Number of overnights in hotels and similar establishments (nights),Ucar rayonu,,,,,,
55,5.4,Number of overnights in hotels and similar establishments (nights),Yevlax rayonu,,,,,,
55,5.4,Number of overnights in hotels and similar establishments (nights),Zərdab rayonu,930.0,676.0,111.0,,,296.0
55,5.4,Number of overnights in hotels and similar establishments (nights),rayonu,8.0,862.0,10.0,541.0,7.0,524.0
55,5.4,Number of overnights in hotels and similar establishments (nights),Beyləqan rayonu,5.0,461.0,6.0,689.0,4.0,773.0
55,5.4,Number of overnights in hotels and similar establishments (nights),İmişli rayonu,1.0,38.0,452.0,384.0,338.0,369.0
55,5.4,Number of overnights in hotels and similar establishments (nights),Saatlı rayonu,390.0,392.0,175.0,150.0,,2.0
55,5.4,Number of overnights in hotels and similar establishments (nights),Sabirabad rayonu,1.0,973.0,3.0,8.0,2.0,192.0
55,5.4,Number of overnights in hotels and similar establishments (nights),rayonu,368.0,205.0,372.0,402.0,118.0,540.0
55,5.4,Number of overnights in hotels and similar establishments (nights),Balakən rayonu,2.0,156.0,3.0,969.0,1.0,83.0
55,5.4,Number of overnights in hotels and similar establishments (nights),Qax rayonu,28.0,410.0,33.0,909.0,8.0,844.0
55,5.4,Number of overnights in hotels and similar establishments (nights),Qəbələ rayonu,311.0,591.0,301.0,511.0,96.0,743.0
55,5.4,Number of overnights in hotels and similar establishments (nights),Oğuz rayonu,1.0,707.0,2.0,287.0,1.0,85.0
55,5.4,Number of overnights in hotels and similar establishments (nights),Şəki rayonu,15.0,942.0,21.0,127.0,4.0,122.0
55,5.4,Number of overnights in hotels and similar establishments (nights),Zaqatala rayonu,8.0,399.0,9.0,599.0,6.0,663.0
55,5.4,Number of overnights in hotels and similar establishments (nights),Cəbrayıl rayonu,,,,,,
55,5.4,Number of overnights in hotels and similar establishments (nights),Kəlbəcər rayonu,,,,,,
55,5.4,Number of overnights in hotels and similar establishments (nights),Qubadlı rayonu,,,,,,
55,5.4,Number of overnights in hotels and similar establishments (nights),Laçın rayonu,,,,,,
55,5.4,Number of overnights in hotels and similar establishments (nights),Zəngilan rayonu,,,,,,
55,5.4,Number of overnights in hotels and similar establishments (nights),rayonu,16.0,941.0,14.0,444.0,9.0,151.0
55,5.4,Number of overnights in hotels and similar establishments (nights),Şirvan şəhəri,11.0,651.0,8.0,842.0,4.0,75.0
55,5.4,Number of overnights in hotels and similar establishments (nights),Biləsuvar rayonu,3.0,504.0,4.0,79.0,3.0,521.0
55,5.4,Number of overnights in hotels and similar establishments (nights),Hacıqabul rayonu,,,,,,
55,5.4,Number of overnights in hotels and similar establishments (nights),Neftçala rayonu,,,,,,
55,5.4,Number of overnights in hotels and similar establishments (nights),Salyan rayonu,1.0,786.0,1.0,523.0,1.0,555.0
56,5.4,Number of overnights in hotels and similar establishments (nights),Ölkə üzrə - cəmi,952.0,949.0,1.0,104.0,412.0,583.0
56,5.4,Number of overnights in hotels and similar establishments (nights),Bakı şəhəri,254.0,230.0,206.0,60.0,255.0,194.0
56,5.4,Number of overnights in hotels and similar establishments (nights),Binəqədi rayonu,1.0,433.0,2.0,649.0,4.0,158.0
56,5.4,Number of overnights in hotels and similar establishments (nights),Xətai rayonu,2.0,247.0,4.0,357.0,1.0,827.0
56,5.4,Number of overnights in hotels and similar establishments (nights),Xəzər rayonu,11.0,654.0,11.0,906.0,11.0,387.0
56,5.4,Number of overnights in hotels and similar establishments (nights),Qaradağ rayonu,830.0,1.0,138.0,1.0,227.0,2.0
56,5.4,Number of overnights in hotels and similar establishments (nights),Nərimanov rayonu,8.0,82.0,17.0,708.0,49.0,548.0
56,5.4,Number of overnights in hotels and similar establishments (nights),Nəsimi rayonu,149.0,786.0,61.0,626.0,81.0,819.0
56,5.4,Number of overnights in hotels and similar establishments (nights),Nizami rayonu,6.0,541.0,12.0,603.0,2.0,828.0
56,5.4,Number of overnights in hotels and similar establishments (nights),Pirallahı rayonu,,,,,,
56,5.4,Number of overnights in hotels and similar establishments (nights),Səbail rayonu,49.0,618.0,62.0,285.0,79.0,848.0
56,5.4,Number of overnights in hotels and similar establishments (nights),Sabunçu rayonu,4.0,868.0,4.0,802.0,13.0,106.0
56,5.4,Number of overnights in hotels and similar establishments (nights),Suraxanı rayonu,,,,,742.0,2.0
56,5.4,Number of overnights in hotels and similar establishments (nights),Yasamal rayonu,19.0,171.0,26.0,986.0,9.0,446.0
56,5.4,Number of overnights in hotels and similar establishments (nights),Respublikası,24.0,357.0,24.0,630.0,9.0,803.0
56,5.4,Number of overnights in hotels and similar establishments (nights),rayonu,14.0,649.0,15.0,797.0,6.0,273.0
56,5.4,Number of overnights in hotels and similar establishments (nights),Sumqayıt şəhəri,8.0,617.0,6758.0,2.0,643.0,6.0
56,5.4,Number of overnights in hotels and similar establishments (nights),Abşeron rayonu,5.0,638.0,7.0,521.0,2.0,729.0
56,5.4,Number of overnights in hotels and similar establishments (nights),Xızı rayonu,394.0,1518.0,901.0,722.0,681.0,2.0
56,5.4,Number of overnights in hotels and similar establishments (nights),rayonu,26.0,553.0,32.0,511.0,9.0,912.0
56,5.4,Number of overnights in hotels and similar establishments (nights),Ağsu rayonu,1.0,568.0,1.0,890.0,1.0,16.0
56,5.4,Number of overnights in hotels and similar establishments (nights),İsmayıllı rayonu,9.0,218.0,9.0,836.0,646.0,3.0
56,5.4,Number of overnights in hotels and similar establishments (nights),Qobustan rayonu,,,,,,
56,5.4,Number of overnights in hotels and similar establishments (nights),Şamaxı rayonu,15.0,767.0,20.0,785.0,8.0,250.0
56,5.4,Number of overnights in hotels and similar establishments (nights),iqtisadi rayonu,65.0,114.0,73.0,936.0,22.0,380.0
56,5.4,Number of overnights in hotels and similar establishments (nights),Gəncə şəhəri,14.0,824.0,13.0,392.0,6.0,953.0
56,5.4,Number of overnights in hotels and similar establishments (nights),Naftalan şəhəri,47.0,436.0,57.0,110.0,15.0,153.0
56,5.4,Number of overnights in hotels and similar establishments (nights),Daşkəsən rayonu,23.0,5.0,5.0,,,832.0
56,5.4,Number of overnights in hotels and similar establishments (nights),Goranboy rayonu,1.0,563.0,2.0,605.0,234.0,1.0
56,5.4,Number of overnights in hotels and similar establishments (nights),Göygöl rayonu,1.0,268.0,824.0,35.0,815.0,2.0
56,5.4,Number of overnights in hotels and similar establishments (nights),Samux rayonu,,,,,,
56,5.4,Number of overnights in hotels and similar establishments (nights),rayonu,3.0,198.0,5.0,624.0,4.0,539.0
56,5.4,Number of overnights in hotels and similar establishments (nights),Xankəndi şəhəri,,,,,,
56,5.4,Number of overnights in hotels and similar establishments (nights),Ağcabədi rayonu,296.0,1.0,856.0,2.0,71.0,5.0
56,5.4,Number of overnights in hotels and similar establishments (nights),Ağdam rayonu,,,,,,
56,5.4,Number of overnights in hotels and similar establishments (nights),Ağdərə rayonu,,,,,,
56,5.4,Number of overnights in hotels and similar establishments (nights),Bərdə rayonu,1.0,862.0,2.0,533.0,2.0,17.0
56,5.4,Number of overnights in hotels and similar establishments (nights),Füzuli rayonu,,,,,,
56,5.4,Number of overnights in hotels and similar establishments (nights),Xocalı rayonu,,,,,,
56,5.4,Number of overnights in hotels and similar establishments (nights),Xocavənd rayonu,,,,,,
56,5.4,Number of overnights in hotels and similar establishments (nights),Şuşa rayonu,,,,1.0,449.0,14.0
56,5.4,Number of overnights in hotels and similar establishments (nights),Tərtər rayonu,1.0,40.0,1.0,235.0,451.0,733.0
57,5.5,Overnights of country citizens in hotels (nights),rayonu,48.0,720.0,33.0,165.0,8.0,634.0
57,5.5,Overnights of country citizens in hotels (nights),Ağstafa rayonu,17.0,343.0,3.0,848.0,2.0,364.0
57,5.5,Overnights of country citizens in hotels (nights),Gədəbəy rayonu,1.0,725.0,1.0,631.0,347.0,1.0
57,5.5,Overnights of country citizens in hotels (nights),Qazax rayonu,7.0,418.0,2.0,53.0,220.0,447.0
57,5.5,Overnights of country citizens in hotels (nights),Şəmkir rayonu,11.0,148.0,8.0,539.0,3.0,920.0
57,5.5,Overnights of country citizens in hotels (nights),Tovuz rayonu,11.0,86.0,17.0,94.0,1.0,783.0
57,5.5,Overnights of country citizens in hotels (nights),rayonu,254.0,790.0,418.0,275.0,89.0,638.0
57,5.5,Overnights of country citizens in hotels (nights),Xaçmaz rayonu,161.0,70.0,146.0,562.0,9.0,194.0
57,5.5,Overnights of country citizens in hotels (nights),Quba rayonu,51.0,896.0,187.0,302.0,32.0,882.0
57,5.5,Overnights of country citizens in hotels (nights),Qusar rayonu,41.0,163.0,56.0,412.0,29.0,143.0
57,5.5,Overnights of country citizens in hotels (nights),Siyəzən rayonu,,,,,,
57,5.5,Overnights of country citizens in hotels (nights),Şabran rayonu,661.0,27.0,999.0,18.0,419.0,97.0
57,5.5,Overnights of country citizens in hotels (nights),iqtisadi rayonu,57.0,462.0,87.0,503.0,42.0,560.0
57,5.5,Overnights of country citizens in hotels (nights),Astara rayonu,3.0,441.0,3.0,36.0,2.0,942.0
57,5.5,Overnights of country citizens in hotels (nights),Cəlilabad rayonu,1.0,887.0,2.0,35.0,883.0,2.0
57,5.5,Overnights of country citizens in hotels (nights),Lerik rayonu,10.0,313.0,21.0,706.0,,4.0
57,5.5,Overnights of country citizens in hotels (nights),Lənkəran rayonu,21.0,671.0,37.0,828.0,31.0,540.0
57,5.5,Overnights of country citizens in hotels (nights),Masallı rayonu,20.0,150.0,22.0,898.0,7.0,195.0
57,5.5,Overnights of country citizens in hotels (nights),Yardımlı rayonu,,,,,63.0,819.0
57,5.5,Overnights of country citizens in hotels (nights),rayonu,25.0,409.0,30.0,708.0,19.0,747.0
57,5.5,Overnights of country citizens in hotels (nights),Mingəçevir şəhəri,11.0,67.0,18.0,870.0,9.0,524.0
57,5.5,Overnights of country citizens in hotels (nights),Ağdaş rayonu,709.0,745.0,509.0,567.0,465.0,536.0
57,5.5,Overnights of country citizens in hotels (nights),Göyçay rayonu,3.0,945.0,7.0,617.0,5.0,791.0
57,5.5,Overnights of country citizens in hotels (nights),Kürdəmir rayonu,8.0,761.0,2.0,800.0,3.0,812.0
57,5.5,Overnights of country citizens in hotels (nights),Ucar rayonu,,,,,,
57,5.5,Overnights of country citizens in hotels (nights),Yevlax rayonu,,,,,,
57,5.5,Overnights of country citizens in hotels (nights),Zərdab rayonu,927.0,676.0,111.0,,,296.0
57,5.5,Overnights of country citizens in hotels (nights),rayonu,8.0,694.0,10.0,502.0,7.0,519.0
57,5.5,Overnights of country citizens in hotels (nights),Beyləqan rayonu,5.0,322.0,6.0,652.0,4.0,768.0
57,5.5,Overnights of country citizens in hotels (nights),İmişli rayonu,1.0,10.0,450.0,384.0,338.0,369.0
57,5.5,Overnights of country citizens in hotels (nights),Saatlı rayonu,389.0,392.0,175.0,150.0,,2.0
57,5.5,Overnights of country citizens in hotels (nights),Sabirabad rayonu,1.0,973.0,3.0,8.0,2.0,192.0
57,5.5,Overnights of country citizens in hotels (nights),rayonu,153.0,994.0,151.0,719.0,97.0,983.0
57,5.5,Overnights of country citizens in hotels (nights),Balakən rayonu,1.0,862.0,3.0,613.0,1.0,20.0
57,5.5,Overnights of country citizens in hotels (nights),Qax rayonu,27.0,164.0,30.0,856.0,8.0,638.0
57,5.5,Overnights of country citizens in hotels (nights),Qəbələ rayonu,106.0,590.0,96.0,600.0,76.0,860.0
57,5.5,Overnights of country citizens in hotels (nights),Oğuz rayonu,1.0,707.0,2.0,287.0,1.0,85.0
57,5.5,Overnights of country citizens in hotels (nights),Şəki rayonu,9.0,21.0,9.0,604.0,3.0,820.0
57,5.5,Overnights of country citizens in hotels (nights),Zaqatala rayonu,7.0,650.0,8.0,759.0,6.0,560.0
57,5.5,Overnights of country citizens in hotels (nights),iqtisadi rayonu,,,,,,
57,5.5,Overnights of country citizens in hotels (nights),Cəbrayıl rayonu,,,,,,
57,5.5,Overnights of country citizens in hotels (nights),Kəlbəcər rayonu,,,,,,
57,5.5,Overnights of country citizens in hotels (nights),Qubadlı rayonu,,,,,,
57,5.5,Overnights of country citizens in hotels (nights),Laçın rayonu,,,,,,
57,5.5,Overnights of country citizens in hotels (nights),Zəngilan rayonu,,,,,,
58,5.5,Overnights of country citizens in hotels (nights),rayonu,15.0,779.0,13.0,982.0,8.0,875.0
58,5.5,Overnights of country citizens in hotels (nights),Şirvan şəhəri,11.0,618.0,8.0,819.0,4.0,75.0
58,5.5,Overnights of country citizens in hotels (nights),Biləsuvar rayonu,2.0,918.0,3.0,827.0,3.0,447.0
58,5.5,Overnights of country citizens in hotels (nights),Hacıqabul rayonu,,,,,,
58,5.5,Overnights of country citizens in hotels (nights),Neftçala rayonu,,,,,,
58,5.5,Overnights of country citizens in hotels (nights),Salyan rayonu,1.0,243.0,1.0,336.0,1.0,353.0
58,5.5,Overnights of country citizens in hotels (nights),Ölkə üzrə - c ə m i,2.0,50.0,10.0,2.0,240.0,873.0
58,5.5,Overnights of country citizens in hotels (nights),Bakı şəhəri,1.0,521.0,893.0,1.0,725.0,564.0
58,5.5,Overnights of country citizens in hotels (nights),Binəqədi rayonu,6.0,762.0,12.0,496.0,1.0,788.0
58,5.5,Overnights of country citizens in hotels (nights),Xətai rayonu,25.0,554.0,77.0,54.0,4.0,171.0
58,5.5,Overnights of country citizens in hotels (nights),Xəzər rayonu,47.0,941.0,47.0,907.0,33.0,270.0
58,5.5,Overnights of country citizens in hotels (nights),Qaradağ rayonu,589.0,1.0,365.0,144.0,282.0,175.0
58,5.5,Overnights of country citizens in hotels (nights),Nərimanov rayonu,97.0,368.0,164.0,154.0,15.0,608.0
58,5.5,Overnights of country citizens in hotels (nights),Nəsimi rayonu,425.0,699.0,677.0,249.0,113.0,311.0
58,5.5,Overnights of country citizens in hotels (nights),Nizami rayonu,20.0,954.0,33.0,291.0,1.0,378.0
58,5.5,Overnights of country citizens in hotels (nights),Pirallahı rayonu,,,,,,
58,5.5,Overnights of country citizens in hotels (nights),Sabunçu rayonu,42.0,956.0,49.0,446.0,8.0,180.0
58,5.5,Overnights of country citizens in hotels (nights),Səbail rayonu,587.0,203.0,585.0,506.0,117.0,474.0
58,5.5,Overnights of country citizens in hotels (nights),Suraxanı rayonu,,,,,,
58,5.5,Overnights of country citizens in hotels (nights),Yasamal rayonu,266.0,867.0,77.0,96.0,29.0,765.0
58,5.5,Overnights of country citizens in hotels (nights),Respublikası,63.0,264.0,66.0,89.0,14.0,9.0
58,5.5,Overnights of country citizens in hotels (nights),rayonu,10.0,669.0,4.0,645.0,462.0,550.0
58,5.5,Overnights of country citizens in hotels (nights),Sumqayıt şəhəri,7.0,401.0,797.0,202.0,32.0,762.0
58,5.5,Overnights of country citizens in hotels (nights),Abşeron rayonu,3.0,136.0,3.0,752.0,256.0,518.0
58,5.5,Overnights of country citizens in hotels (nights),Xızı rayonu,132.0,96.0,4.0,,,
58,5.5,Overnights of country citizens in hotels (nights),rayonu,4.0,65.0,3.0,701.0,506.0,2.0
58,5.5,Overnights of country citizens in hotels (nights),Ağsu rayonu,,,,,,
58,5.5,Overnights of country citizens in hotels (nights),İsmayıllı rayonu,219.0,451.0,196.0,1.0,97.0,2.0
58,5.5,Overnights of country citizens in hotels (nights),Qobustan rayonu,,,,,,
58,5.5,Overnights of country citizens in hotels (nights),Şamaxı rayonu,3.0,846.0,3.0,250.0,310.0,1.0
58,5.5,Overnights of country citizens in hotels (nights),iqtisadi rayonu,89.0,508.0,81.0,362.0,17.0,131.0
58,5.5,Overnights of country citizens in hotels (nights),Gəncə şəhəri,13.0,515.0,14.0,508.0,1.0,504.0
58,5.5,Overnights of country citizens in hotels (nights),Naftalan şəhəri,75.0,993.0,66.0,854.0,15.0,627.0
58,5.5,Overnights of country citizens in hotels (nights),Daşkəsən rayonu,,,,,,
58,5.5,Overnights of country citizens in hotels (nights),Goranboy rayonu,,,,,,34.0
58,5.5,Overnights of country citizens in hotels (nights),Göygöl rayonu,,,,,4.0,112.0
58,5.5,Overnights of country citizens in hotels (nights),Samux rayonu,,,,,,
59,5.6,Overnights of foreigners in hotels (nights),rayonu,,,,222.0,2.0,920.0
59,5.6,Overnights of foreigners in hotels (nights),Xankəndi şəhəri,,,,,,
59,5.6,Overnights of foreigners in hotels (nights),Ağcabədi rayonu,,,,,190.0,377.0
59,5.6,Overnights of foreigners in hotels (nights),Ağdam rayonu,,,,,,
59,5.6,Overnights of foreigners in hotels (nights),Ağdərə rayonu,,,,,,
59,5.6,Overnights of foreigners in hotels (nights),Bərdə rayonu,,,,,169.0,131.0
59,5.6,Overnights of foreigners in hotels (nights),Füzuli rayonu,,,,,,
59,5.6,Overnights of foreigners in hotels (nights),Xocalı rayonu,,,,,,
59,5.6,Overnights of foreigners in hotels (nights),Xocavənd rayonu,,,,,,
59,5.6,Overnights of foreigners in hotels (nights),Şuşa rayonu,,,,222.0,2.0,561.0
59,5.6,Overnights of foreigners in hotels (nights),Tərtər rayonu,,,,,,
59,5.6,Overnights of foreigners in hotels (nights),rayonu,1.0,897.0,1.0,114.0,146.0,12.0
59,5.6,Overnights of foreigners in hotels (nights),Ağstafa rayonu,890.0,414.0,108.0,12.0,89.0,75.0
59,5.6,Overnights of foreigners in hotels (nights),Gədəbəy rayonu,74.0,77.0,,,,13.0
59,5.6,Overnights of foreigners in hotels (nights),Qazax rayonu,109.0,457.0,5.0,,4.0,8.0
59,5.6,Overnights of foreigners in hotels (nights),Şəmkir rayonu,824.0,116.0,33.0,,253.0,1.0
59,5.6,Overnights of foreigners in hotels (nights),Tovuz rayonu,,50.0,,,,2.0
59,5.6,Overnights of foreigners in hotels (nights),rayonu,129.0,690.0,118.0,813.0,35.0,176.0
59,5.6,Overnights of foreigners in hotels (nights),Xaçmaz rayonu,1.0,359.0,1.0,585.0,254.0,134.0
59,5.6,Overnights of foreigners in hotels (nights),Quba rayonu,61.0,998.0,76.0,901.0,8.0,581.0
59,5.6,Overnights of foreigners in hotels (nights),Qusar rayonu,66.0,333.0,38.0,135.0,25.0,508.0
59,5.6,Overnights of foreigners in hotels (nights),Siyəzən rayonu,,,,,,
59,5.6,Overnights of foreigners in hotels (nights),Şabran rayonu,,2.0,192.0,833.0,6.0,458.0
59,5.6,Overnights of foreigners in hotels (nights),iqtisadi rayonu,4.0,40.0,3.0,933.0,492.0,1.0
59,5.6,Overnights of foreigners in hotels (nights),Astara rayonu,2.0,501.0,1.0,638.0,212.0,87.0
59,5.6,Overnights of foreigners in hotels (nights),Cəlilabad rayonu,12.0,,6.0,,173.0,57.0
59,5.6,Overnights of foreigners in hotels (nights),Lerik rayonu,51.0,204.0,,,,
59,5.6,Overnights of foreigners in hotels (nights),Lənkəran rayonu,1.0,457.0,2.0,62.0,270.0,976.0
59,5.6,Overnights of foreigners in hotels (nights),Masallı rayonu,19.0,29.0,4.0,,91.0,534.0
59,5.6,Overnights of foreigners in hotels (nights),Yardımlı rayonu,,,,,,8.0
59,5.6,Overnights of foreigners in hotels (nights),rayonu,9.0,443.0,14.0,468.0,2.0,880.0
59,5.6,Overnights of foreigners in hotels (nights),Mingəçevir şəhəri,7.0,920.0,14.0,96.0,2.0,806.0
59,5.6,Overnights of foreigners in hotels (nights),Ağdaş rayonu,,,,,11.0,9.0
59,5.6,Overnights of foreigners in hotels (nights),Göyçay rayonu,168.0,372.0,74.0,269.0,695.0,322.0
59,5.6,Overnights of foreigners in hotels (nights),Kürdəmir rayonu,1.0,352.0,,,,
59,5.6,Overnights of foreigners in hotels (nights),Ucar rayonu,,,,,,
59,5.6,Overnights of foreigners in hotels (nights),Yevlax rayonu,,,,,,
59,5.6,Overnights of foreigners in hotels (nights),Zərdab rayonu,3.0,,,,,
59,5.6,Overnights of foreigners in hotels (nights),rayonu,168.0,39.0,5.0,69.0,326.0,472.0
59,5.6,Overnights of foreigners in hotels (nights),Beyləqan rayonu,139.0,37.0,5.0,69.0,326.0,218.0
59,5.6,Overnights of foreigners in hotels (nights),İmişli rayonu,28.0,2.0,,,,8.0
59,5.6,Overnights of foreigners in hotels (nights),Saatlı rayonu,1.0,,,,,246.0
59,5.6,Overnights of foreigners in hotels (nights),Sabirabad rayonu,,,,,,
59,5.6,Overnights of foreigners in hotels (nights),rayonu,214.0,211.0,220.0,683.0,20.0,557.0
59,5.6,Overnights of foreigners in hotels (nights),Balakən rayonu,294.0,356.0,63.0,16.0,176.0,412.0
59,5.6,Overnights of foreigners in hotels (nights),Qax rayonu,1.0,246.0,3.0,53.0,206.0,15.0
59,5.6,Overnights of foreigners in hotels (nights),Qəbələ rayonu,205.0,1.0,204.0,911.0,19.0,883.0
59,5.6,Overnights of foreigners in hotels (nights),Oğuz rayonu,,,,,,
59,5.6,Overnights of foreigners in hotels (nights),Şəki rayonu,6.0,921.0,11.0,523.0,302.0,424.0
59,5.6,Overnights of foreigners in hotels (nights),Zaqatala rayonu,749.0,840.0,103.0,90.0,161.0,235.0
60,5.6,Overnights of foreigners in hotels (nights),Cəbrayıl rayonu,,,,,,
60,5.6,Overnights of foreigners in hotels (nights),Kəlbəcər rayonu,,,,,,
60,5.6,Overnights of foreigners in hotels (nights),Qubadlı rayonu,,,,,,
60,5.6,Overnights of foreigners in hotels (nights),Laçın rayonu,,,,,,
60,5.6,Overnights of foreigners in hotels (nights),Zəngilan rayonu,,,,,,
60,5.6,Overnights of foreigners in hotels (nights),rayonu,1162.0,462.0,276.0,32.0,455.0,520.0
60,5.6,Overnights of foreigners in hotels (nights),Şirvan şəhəri,33.0,23.0,,12.0,,
60,5.6,Overnights of foreigners in hotels (nights),Biləsuvar rayonu,586.0,252.0,74.0,20.0,63.0,114.0
60,5.6,Overnights of foreigners in hotels (nights),Hacıqabul rayonu,,,,,,
60,5.6,Overnights of foreigners in hotels (nights),Neftçala rayonu,,,,,,
60,5.6,Overnights of foreigners in hotels (nights),Salyan rayonu,543.0,187.0,202.0,,392.0,406.0
60,5.6,Overnights of foreigners in hotels (nights),Ölkə üzrə - c ə m i,1.0,749.0,475.0,1.0,919.0,765.0
60,5.6,Overnights of foreigners in hotels (nights),Bakı şəhəri,1.0,142.0,200.0,1.0,199.0,151.0
60,5.6,Overnights of foreigners in hotels (nights),Binəqədi rayonu,3.0,836.0,3.0,821.0,1.0,198.0
60,5.6,Overnights of foreigners in hotels (nights),Xətai rayonu,15.0,127.0,16.0,611.0,3.0,101.0
60,5.6,Overnights of foreigners in hotels (nights),Xəzər rayonu,48.0,815.0,39.0,561.0,32.0,238.0
60,5.6,Overnights of foreigners in hotels (nights),Qaradağ rayonu,328.0,302.0,224.0,383.0,774.0,1.0
60,5.6,Overnights of foreigners in hotels (nights),Nərimanov rayonu,49.0,275.0,73.0,17.0,23.0,812.0
60,5.6,Overnights of foreigners in hotels (nights),Nəsimi rayonu,430.0,192.0,459.0,47.0,154.0,693.0
60,5.6,Overnights of foreigners in hotels (nights),Nizami rayonu,7.0,592.0,11.0,413.0,2.0,502.0
60,5.6,Overnights of foreigners in hotels (nights),Pirallahı rayonu,,,,,,
60,5.6,Overnights of foreigners in hotels (nights),Sabunçu rayonu,38.0,562.0,41.0,947.0,12.0,487.0
60,5.6,Overnights of foreigners in hotels (nights),Səbail rayonu,366.0,918.0,388.0,435.0,150.0,714.0
60,5.6,Overnights of foreigners in hotels (nights),Suraxanı rayonu,,,,,283.0,817.0
60,5.6,Overnights of foreigners in hotels (nights),Yasamal rayonu,181.0,555.0,164.0,997.0,15.0,958.0
60,5.6,Overnights of foreigners in hotels (nights),Respublikası,61.0,170.0,64.0,282.0,16.0,320.0
60,5.6,Overnights of foreigners in hotels (nights),rayonu,15.0,190.0,15.0,608.0,5.0,786.0
60,5.6,Overnights of foreigners in hotels (nights),Sumqayıt şəhəri,8.0,809.0,6.0,976.0,2.0,594.0
60,5.6,Overnights of foreigners in hotels (nights),Abşeron rayonu,6.0,139.0,7.0,540.0,2.0,711.0
60,5.6,Overnights of foreigners in hotels (nights),Xızı rayonu,242.0,1.0,92.0,481.0,471.0,670.0
60,5.6,Overnights of foreigners in hotels (nights),rayonu,26.0,988.0,31.0,744.0,9.0,505.0
60,5.6,Overnights of foreigners in hotels (nights),Ağsu rayonu,1.0,191.0,945.0,508.0,554.0,693.0
60,5.6,Overnights of foreigners in hotels (nights),İsmayıllı rayonu,8.0,304.0,9.0,179.0,633.0,3.0
60,5.6,Overnights of foreigners in hotels (nights),Qobustan rayonu,,,,,,
60,5.6,Overnights of foreigners in hotels (nights),Şamaxı rayonu,17.0,493.0,21.0,620.0,8.0,364.0
60,5.6,Overnights of foreigners in hotels (nights),rayonu,31.0,323.0,52.0,635.0,15.0,358.0
60,5.6,Overnights of foreigners in hotels (nights),Gəncə şəhəri,13.0,635.0,15.0,186.0,6.0,131.0
61,5.7,Accommodated persons in hotels (persons),Naftalan şəhəri,15.0,829.0,35.0,878.0,9.0,121.0
61,5.7,Accommodated persons in hotels (persons),Daşkəsən rayonu,10.0,5.0,5.0,,,595.0
61,5.7,Accommodated persons in hotels (persons),Goranboy rayonu,740.0,903.0,71.0,363.0,789.0,1.0
61,5.7,Accommodated persons in hotels (persons),Göygöl rayonu,1.0,109.0,663.0,30.0,640.0,1.0
61,5.7,Accommodated persons in hotels (persons),Samux rayonu,,,,,,
61,5.7,Accommodated persons in hotels (persons),rayonu,2.0,652.0,5.0,235.0,4.0,175.0
61,5.7,Accommodated persons in hotels (persons),Xankəndi şəhəri,,,,,,
61,5.7,Accommodated persons in hotels (persons),Ağcabədi rayonu,236.0,1.0,856.0,1.0,997.0,5.0
61,5.7,Accommodated persons in hotels (persons),Ağdam rayonu,,,,,,
61,5.7,Accommodated persons in hotels (persons),Ağdərə rayonu,,,,,,
61,5.7,Accommodated persons in hotels (persons),Bərdə rayonu,1.0,632.0,2.0,212.0,1.0,727.0
61,5.7,Accommodated persons in hotels (persons),Füzuli rayonu,,,,,,
61,5.7,Accommodated persons in hotels (persons),Xocalı rayonu,,,,,,
61,5.7,Accommodated persons in hotels (persons),Xocavənd rayonu,,,,,,
61,5.7,Accommodated persons in hotels (persons),Şuşa rayonu,,,,996.0,16.0,640.0
61,5.7,Accommodated persons in hotels (persons),Tərtər rayonu,784.0,1.0,167.0,451.0,733.0,705.0
61,5.7,Accommodated persons in hotels (persons),rayonu,25.0,545.0,26.0,30.0,7.0,765.0
61,5.7,Accommodated persons in hotels (persons),Ağstafa rayonu,6.0,896.0,3.0,87.0,2.0,100.0
61,5.7,Accommodated persons in hotels (persons),Gədəbəy rayonu,990.0,1.0,115.0,264.0,799.0,948.0
61,5.7,Accommodated persons in hotels (persons),Qazax rayonu,693.0,1.0,616.0,185.0,297.0,784.0
61,5.7,Accommodated persons in hotels (persons),Şəmkir rayonu,6.0,504.0,6.0,761.0,3.0,900.0
61,5.7,Accommodated persons in hotels (persons),Tovuz rayonu,10.0,462.0,13.0,451.0,1.0,316.0
61,5.7,Accommodated persons in hotels (persons),rayonu,153.0,406.0,193.0,454.0,84.0,67.0
61,5.7,Accommodated persons in hotels (persons),Xaçmaz rayonu,27.0,771.0,28.0,165.0,4.0,303.0
61,5.7,Accommodated persons in hotels (persons),Quba rayonu,65.0,728.0,66.0,870.0,26.0,232.0
61,5.7,Accommodated persons in hotels (persons),Qusar rayonu,59.0,378.0,68.0,228.0,35.0,892.0
61,5.7,Accommodated persons in hotels (persons),Siyəzən rayonu,,,,,,
61,5.7,Accommodated persons in hotels (persons),Şabran rayonu,529.0,30.0,191.0,17.0,640.0,57.0
61,5.7,Accommodated persons in hotels (persons),rayonu,35.0,438.0,56.0,288.0,33.0,946.0
61,5.7,Accommodated persons in hotels (persons),Astara rayonu,4.0,942.0,3.0,253.0,1.0,858.0
61,5.7,Accommodated persons in hotels (persons),Cəlilabad rayonu,978.0,1.0,1.0,566.0,1.0,638.0
61,5.7,Accommodated persons in hotels (persons),Lerik rayonu,1.0,834.0,3.0,622.0,,1.0
61,5.7,Accommodated persons in hotels (persons),Lənkəran rayonu,18.0,970.0,35.0,661.0,27.0,555.0
61,5.7,Accommodated persons in hotels (persons),Masallı rayonu,8.0,714.0,12.0,751.0,3.0,967.0
61,5.7,Accommodated persons in hotels (persons),Yardımlı rayonu,,,,,34.0,267.0
61,5.7,Accommodated persons in hotels (persons),rayonu,13.0,812.0,22.0,491.0,10.0,187.0
61,5.7,Accommodated persons in hotels (persons),Mingəçevir şəhəri,8.0,327.0,17.0,25.0,6.0,184.0
61,5.7,Accommodated persons in hotels (persons),Ağdaş rayonu,709.0,745.0,509.0,520.0,476.0,485.0
61,5.7,Accommodated persons in hotels (persons),Göyçay rayonu,2.0,485.0,2.0,980.0,1.0,119.0
61,5.7,Accommodated persons in hotels (persons),Kürdəmir rayonu,1.0,908.0,1.0,458.0,2.0,329.0
61,5.7,Accommodated persons in hotels (persons),Ucar rayonu,,,,,,
61,5.7,Accommodated persons in hotels (persons),Yevlax rayonu,,,,,,
61,5.7,Accommodated persons in hotels (persons),Zərdab rayonu,383.0,283.0,46.0,,,135.0
62,5.7,Accommodated persons in hotels (persons),rayonu,4.0,946.0,5.0,666.0,3.0,812.0
62,5.7,Accommodated persons in hotels (persons),Beyləqan rayonu,2.0,511.0,2.0,794.0,1.0,938.0
62,5.7,Accommodated persons in hotels (persons),İmişli rayonu,790.0,421.0,372.0,297.0,274.0,791.0
62,5.7,Accommodated persons in hotels (persons),Saatlı rayonu,208.0,195.0,88.0,109.0,,309.0
62,5.7,Accommodated persons in hotels (persons),Sabirabad rayonu,1.0,437.0,2.0,256.0,1.0,414.0
62,5.7,Accommodated persons in hotels (persons),rayonu,229.0,500.0,238.0,85.0,74.0,364.0
62,5.7,Accommodated persons in hotels (persons),Balakən rayonu,1.0,672.0,2.0,598.0,755.0,781.0
62,5.7,Accommodated persons in hotels (persons),Qax rayonu,14.0,51.0,23.0,99.0,5.0,509.0
62,5.7,Accommodated persons in hotels (persons),Qəbələ rayonu,192.0,529.0,186.0,431.0,58.0,116.0
62,5.7,Accommodated persons in hotels (persons),Oğuz rayonu,1.0,478.0,2.0,277.0,1.0,67.0
62,5.7,Accommodated persons in hotels (persons),Şəki rayonu,12.0,312.0,15.0,598.0,3.0,324.0
62,5.7,Accommodated persons in hotels (persons),Zaqatala rayonu,7.0,458.0,8.0,82.0,5.0,593.0
62,5.7,Accommodated persons in hotels (persons),rayonu,,,,,,
62,5.7,Accommodated persons in hotels (persons),Cəbrayıl rayonu,,,,,,
62,5.7,Accommodated persons in hotels (persons),Kəlbəcər rayonu,,,,,,
62,5.7,Accommodated persons in hotels (persons),Qubadlı rayonu,,,,,,
62,5.7,Accommodated persons in hotels (persons),Laçın rayonu,,,,,,
62,5.7,Accommodated persons in hotels (persons),Zəngilan rayonu,,,,,,
62,5.7,Accommodated persons in hotels (persons),rayonu,7.0,305.0,9.0,96.0,6.0,601.0
62,5.7,Accommodated persons in hotels (persons),Şirvan şəhəri,3.0,584.0,5.0,864.0,3.0,851.0
62,5.7,Accommodated persons in hotels (persons),Biləsuvar rayonu,2.0,512.0,2.0,574.0,2.0,116.0
62,5.7,Accommodated persons in hotels (persons),Hacıqabul rayonu,,,,,,
62,5.7,Accommodated persons in hotels (persons),Neftçala rayonu,,,,,,
62,5.7,Accommodated persons in hotels (persons),Salyan rayonu,1.0,209.0,658.0,634.0,440.0,840.0
62,5.7,Accommodated persons in hotels (persons),Ölkə üzrə - c ə m i,515.0,83.0,603.0,26.0,401.0,430.0
62,5.7,Accommodated persons in hotels (persons),Bakı şəhəri,187.0,95.0,153.0,716.0,176.0,677.0
62,5.7,Accommodated persons in hotels (persons),Binəqədi rayonu,956.0,406.0,548.0,1.0,242.0,1.0
62,5.7,Accommodated persons in hotels (persons),Xətai rayonu,678.0,3.0,519.0,1.0,242.0,639.0
62,5.7,Accommodated persons in hotels (persons),Xəzər rayonu,5.0,336.0,4.0,952.0,3.0,190.0
62,5.7,Accommodated persons in hotels (persons),Qaradağ rayonu,223.0,114.0,182.0,321.0,745.0,1.0
62,5.7,Accommodated persons in hotels (persons),Nərimanov rayonu,7.0,766.0,12.0,299.0,17.0,234.0
62,5.7,Accommodated persons in hotels (persons),Nəsimi rayonu,112.0,952.0,40.0,432.0,74.0,262.0
62,5.7,Accommodated persons in hotels (persons),Nizami rayonu,2.0,763.0,7.0,245.0,2.0,50.0
62,5.7,Accommodated persons in hotels (persons),Pirallahı rayonu,,,,,,
62,5.7,Accommodated persons in hotels (persons),Sabunçu rayonu,5.0,36.0,4.0,908.0,6.0,637.0
62,5.7,Accommodated persons in hotels (persons),Səbail rayonu,42.0,222.0,48.0,541.0,68.0,34.0
62,5.7,Accommodated persons in hotels (persons),Suraxanı rayonu,,,,,283.0,817.0
62,5.7,Accommodated persons in hotels (persons),Yasamal rayonu,9.0,163.0,31.0,300.0,3.0,298.0
62,5.7,Accommodated persons in hotels (persons),Respublikası,17.0,513.0,18.0,197.0,6.0,665.0
62,5.7,Accommodated persons in hotels (persons),rayonu,12.0,183.0,13.0,676.0,5.0,609.0
62,5.7,Accommodated persons in hotels (persons),Sumqayıt şəhəri,8.0,124.0,6.0,617.0,2.0,511.0
62,5.7,Accommodated persons in hotels (persons),Abşeron rayonu,3.0,861.0,6.0,1.0,2.0,619.0
63,5.8,Accommodated country citizens in hotels (persons),Xızı rayonu,198.0,1.0,58.0,479.0,471.0,670.0
63,5.8,Accommodated country citizens in hotels (persons),rayonu,23.0,720.0,28.0,516.0,9.0,115.0
63,5.8,Accommodated country citizens in hotels (persons),Ağsu rayonu,1.0,191.0,945.0,508.0,554.0,693.0
63,5.8,Accommodated country citizens in hotels (persons),İsmayıllı rayonu,8.0,133.0,8.0,799.0,548.0,3.0
63,5.8,Accommodated country citizens in hotels (persons),Qobustan rayonu,,,,,,
63,5.8,Accommodated country citizens in hotels (persons),Şamaxı rayonu,14.0,396.0,18.0,772.0,8.0,59.0
63,5.8,Accommodated country citizens in hotels (persons),rayonu,17.0,341.0,32.0,701.0,11.0,666.0
63,5.8,Accommodated country citizens in hotels (persons),Gəncə şəhəri,8.0,826.0,10.0,314.0,5.0,595.0
63,5.8,Accommodated country citizens in hotels (persons),Naftalan şəhəri,6.0,656.0,20.0,816.0,5965.0,15.0
63,5.8,Accommodated country citizens in hotels (persons),Daşkəsən rayonu,10.0,5.0,5.0,,,595.0
63,5.8,Accommodated country citizens in hotels (persons),Goranboy rayonu,740.0,903.0,71.0,363.0,789.0,1.0
63,5.8,Accommodated country citizens in hotels (persons),Göygöl rayonu,1.0,109.0,663.0,30.0,640.0,957.0
63,5.8,Accommodated country citizens in hotels (persons),Samux rayonu,,,,,,
63,5.8,Accommodated country citizens in hotels (persons),rayonu,2.0,652.0,5.0,235.0,4.0,175.0
63,5.8,Accommodated country citizens in hotels (persons),Xankəndi şəhəri,,,,,,
63,5.8,Accommodated country citizens in hotels (persons),Ağcabədi rayonu,236.0,1.0,856.0,1.0,997.0,5.0
63,5.8,Accommodated country citizens in hotels (persons),Ağdam rayonu,,,,,,
63,5.8,Accommodated country citizens in hotels (persons),Ağdərə rayonu,,,,,,
63,5.8,Accommodated country citizens in hotels (persons),Bərdə rayonu,1.0,632.0,2.0,212.0,1.0,727.0
63,5.8,Accommodated country citizens in hotels (persons),Füzuli rayonu,,,,,,
63,5.8,Accommodated country citizens in hotels (persons),Xocalı rayonu,,,,,,
63,5.8,Accommodated country citizens in hotels (persons),Xocavənd rayonu,,,,,,
63,5.8,Accommodated country citizens in hotels (persons),Şuşa rayonu,,,,818.0,14.0,115.0
63,5.8,Accommodated country citizens in hotels (persons),Tərtər rayonu,784.0,1.0,167.0,451.0,733.0,705.0
63,5.8,Accommodated country citizens in hotels (persons),rayonu,24.0,648.0,25.0,693.0,7.0,702.0
63,5.8,Accommodated country citizens in hotels (persons),Ağstafa rayonu,6.0,690.0,2.0,954.0,2.0,69.0
63,5.8,Accommodated country citizens in hotels (persons),Gədəbəy rayonu,947.0,1.0,80.0,264.0,799.0,948.0
63,5.8,Accommodated country citizens in hotels (persons),Qazax rayonu,646.0,1.0,581.0,181.0,297.0,782.0
63,5.8,Accommodated country citizens in hotels (persons),Şəmkir rayonu,5.0,903.0,6.0,677.0,3.0,872.0
63,5.8,Accommodated country citizens in hotels (persons),Tovuz rayonu,10.0,462.0,13.0,401.0,1.0,316.0
63,5.8,Accommodated country citizens in hotels (persons),rayonu,87.0,811.0,129.0,699.0,61.0,616.0
63,5.8,Accommodated country citizens in hotels (persons),Xaçmaz rayonu,27.0,424.0,27.0,559.0,4.0,198.0
63,5.8,Accommodated country citizens in hotels (persons),Quba rayonu,35.0,11.0,32.0,542.0,22.0,52.0
63,5.8,Accommodated country citizens in hotels (persons),Qusar rayonu,24.0,847.0,41.0,599.0,18.0,559.0
63,5.8,Accommodated country citizens in hotels (persons),Siyəzən rayonu,,,,,,
63,5.8,Accommodated country citizens in hotels (persons),Şabran rayonu,529.0,27.0,999.0,16.0,807.0,53.0
63,5.8,Accommodated country citizens in hotels (persons),iqtisadi rayonu,32.0,89.0,53.0,359.0,33.0,479.0
63,5.8,Accommodated country citizens in hotels (persons),Astara rayonu,2.0,849.0,2.0,71.0,1.0,660.0
63,5.8,Accommodated country citizens in hotels (persons),Cəlilabad rayonu,969.0,1.0,1.0,562.0,1.0,638.0
63,5.8,Accommodated country citizens in hotels (persons),Lerik rayonu,1.0,783.0,3.0,566.0,,1.0
63,5.8,Accommodated country citizens in hotels (persons),Lənkəran rayonu,17.0,786.0,33.0,980.0,27.0,293.0
63,5.8,Accommodated country citizens in hotels (persons),Masallı rayonu,8.0,702.0,12.0,741.0,3.0,964.0
63,5.8,Accommodated country citizens in hotels (persons),Yardımlı rayonu,,,,,34.0,263.0
63,5.8,Accommodated country citizens in hotels (persons),rayonu,13.0,238.0,21.0,702.0,9.0,915.0
63,5.8,Accommodated country citizens in hotels (persons),Mingəçevir şəhəri,7.0,905.0,16.0,360.0,5.0,950.0
63,5.8,Accommodated country citizens in hotels (persons),Ağdaş rayonu,709.0,745.0,509.0,520.0,465.0,476.0
64,5.8,Accommodated country citizens in hotels (persons),Göyçay rayonu,2.0,407.0,2.0,856.0,1.0,81.0
64,5.8,Accommodated country citizens in hotels (persons),Kürdəmir rayonu,1.0,837.0,1.0,458.0,2.0,329.0
64,5.8,Accommodated country citizens in hotels (persons),Ucar rayonu,,,,,,
64,5.8,Accommodated country citizens in hotels (persons),Yevlax rayonu,,,,,,
64,5.8,Accommodated country citizens in hotels (persons),Zərdab rayonu,380.0,283.0,46.0,,,135.0
64,5.8,Accommodated country citizens in hotels (persons),rayonu,4.0,890.0,5.0,632.0,3.0,807.0
64,5.8,Accommodated country citizens in hotels (persons),Beyləqan rayonu,2.0,470.0,2.0,762.0,1.0,933.0
64,5.8,Accommodated country citizens in hotels (persons),İmişli rayonu,776.0,419.0,372.0,297.0,274.0,787.0
64,5.8,Accommodated country citizens in hotels (persons),Saatlı rayonu,207.0,195.0,88.0,109.0,,295.0
64,5.8,Accommodated country citizens in hotels (persons),Sabirabad rayonu,1.0,437.0,2.0,256.0,1.0,414.0
64,5.8,Accommodated country citizens in hotels (persons),rayonu,85.0,401.0,106.0,211.0,64.0,534.0
64,5.8,Accommodated country citizens in hotels (persons),Balakən rayonu,1.0,458.0,2.0,350.0,705.0,768.0
64,5.8,Accommodated country citizens in hotels (persons),Qax rayonu,13.0,443.0,21.0,519.0,5.0,432.0
64,5.8,Accommodated country citizens in hotels (persons),Qəbələ rayonu,55.0,327.0,65.0,592.0,48.0,780.0
64,5.8,Accommodated country citizens in hotels (persons),Oğuz rayonu,1.0,478.0,2.0,277.0,1.0,67.0
64,5.8,Accommodated country citizens in hotels (persons),Şəki rayonu,6.0,938.0,7.0,151.0,3.0,58.0
64,5.8,Accommodated country citizens in hotels (persons),Zaqatala rayonu,6.0,757.0,7.0,322.0,5.0,492.0
64,5.8,Accommodated country citizens in hotels (persons),rayonu,,,,,,
64,5.8,Accommodated country citizens in hotels (persons),Cəbrayıl rayonu,,,,,,
64,5.8,Accommodated country citizens in hotels (persons),Kəlbəcər rayonu,,,,,,
64,5.8,Accommodated country citizens in hotels (persons),Qubadlı rayonu,,,,,,
64,5.8,Accommodated country citizens in hotels (persons),Laçın rayonu,,,,,,
64,5.8,Accommodated country citizens in hotels (persons),Zəngilan rayonu,,,,,,
64,5.8,Accommodated country citizens in hotels (persons),rayonu,6.0,502.0,8.0,689.0,6.0,470.0
64,5.8,Accommodated country citizens in hotels (persons),Şirvan şəhəri,3.0,568.0,5.0,850.0,3.0,851.0
64,5.8,Accommodated country citizens in hotels (persons),Biləsuvar rayonu,2.0,129.0,2.0,357.0,2.0,55.0
64,5.8,Accommodated country citizens in hotels (persons),Hacıqabul rayonu,,,,,,
64,5.8,Accommodated country citizens in hotels (persons),Neftçala rayonu,,,,,,
64,5.8,Accommodated country citizens in hotels (persons),Salyan rayonu,805.0,482.0,564.0,440.0,718.0,728.0
64,5.8,Accommodated country citizens in hotels (persons),Ölkə üzrə - c ə m i,1.0,234.0,392.0,1.0,316.0,739.0
64,5.8,Accommodated country citizens in hotels (persons),Bakı şəhəri,955.0,105.0,1.0,45.0,435.0,220.0
64,5.8,Accommodated country citizens in hotels (persons),Binəqədi rayonu,2.0,880.0,3.0,415.0,650.0,1.0
64,5.8,Accommodated country citizens in hotels (persons),Xətai rayonu,14.0,449.0,13.0,92.0,1.0,859.0
64,5.8,Accommodated country citizens in hotels (persons),Xəzər rayonu,43.0,479.0,34.0,609.0,29.0,48.0
64,5.8,Accommodated country citizens in hotels (persons),Qaradağ rayonu,105.0,188.0,42.0,62.0,29.0,73.0
64,5.8,Accommodated country citizens in hotels (persons),Nərimanov rayonu,41.0,509.0,60.0,718.0,6.0,578.0
64,5.8,Accommodated country citizens in hotels (persons),Nəsimi rayonu,317.0,240.0,418.0,615.0,80.0,431.0
64,5.8,Accommodated country citizens in hotels (persons),Nizami rayonu,4.0,829.0,4.0,168.0,452.0,253.0
65,5.9,Accommodated foreigners in hotels (persons),Pirallahı rayonu,,,,,,
65,5.9,Accommodated foreigners in hotels (persons),Sabunçu rayonu,33.0,526.0,37.0,39.0,5.0,850.0
65,5.9,Accommodated foreigners in hotels (persons),Səbail rayonu,324.0,696.0,339.0,894.0,82.0,680.0
65,5.9,Accommodated foreigners in hotels (persons),Suraxanı rayonu,,,,,,
65,5.9,Accommodated foreigners in hotels (persons),Yasamal rayonu,172.0,392.0,133.0,697.0,12.0,660.0
65,5.9,Accommodated foreigners in hotels (persons),Respublikası,43.0,657.0,46.0,85.0,9.0,655.0
65,5.9,Accommodated foreigners in hotels (persons),rayonu,3.0,7.0,1.0,932.0,177.0,246.0
65,5.9,Accommodated foreigners in hotels (persons),Sumqayıt şəhəri,685.0,359.0,83.0,5.0,361.0,540.0
65,5.9,Accommodated foreigners in hotels (persons),Abşeron rayonu,2.0,278.0,1.0,539.0,92.0,241.0
65,5.9,Accommodated foreigners in hotels (persons),Xızı rayonu,44.0,34.0,2.0,,,
65,5.9,Accommodated foreigners in hotels (persons),rayonu,3268.0,3228.0,390.0,1.0,523.0,5.0
65,5.9,Accommodated foreigners in hotels (persons),Ağsu rayonu,,,,,,
65,5.9,Accommodated foreigners in hotels (persons),İsmayıllı rayonu,171.0,380.0,85.0,517.0,812.0,794.0
65,5.9,Accommodated foreigners in hotels (persons),Qobustan rayonu,,,,,,
65,5.9,Accommodated foreigners in hotels (persons),Şamaxı rayonu,3.0,97.0,2.0,848.0,305.0,1.0
65,5.9,Accommodated foreigners in hotels (persons),rayonu,13.0,982.0,19.0,934.0,3.0,692.0
65,5.9,Accommodated foreigners in hotels (persons),Gəncə şəhəri,4.0,809.0,4.0,872.0,536.0,678.0
65,5.9,Accommodated foreigners in hotels (persons),Naftalan şəhəri,9.0,173.0,15.0,62.0,3.0,156.0
65,5.9,Accommodated foreigners in hotels (persons),Daşkəsən rayonu,,,,,,
65,5.9,Accommodated foreigners in hotels (persons),Goranboy rayonu,,,,,,4.0
65,5.9,Accommodated foreigners in hotels (persons),Göygöl rayonu,,,,,159.0,8.0
65,5.9,Accommodated foreigners in hotels (persons),Samux rayonu,,,,,,
65,5.9,Accommodated foreigners in hotels (persons),rayonu,,,,178.0,2.0,741.0
65,5.9,Accommodated foreigners in hotels (persons),Xankəndi şəhəri,,,,,,
65,5.9,Accommodated foreigners in hotels (persons),Ağcabədi rayonu,,,,,71.0,146.0
65,5.9,Accommodated foreigners in hotels (persons),Ağdam rayonu,,,,,,
65,5.9,Accommodated foreigners in hotels (persons),Ağdərə rayonu,,,,,,
65,5.9,Accommodated foreigners in hotels (persons),Bərdə rayonu,,,,,145.0,33.0
65,5.9,Accommodated foreigners in hotels (persons),Füzuli rayonu,,,,,,
65,5.9,Accommodated foreigners in hotels (persons),Xocalı rayonu,,,,,,
65,5.9,Accommodated foreigners in hotels (persons),Xocavənd rayonu,,,,,,
65,5.9,Accommodated foreigners in hotels (persons),Şuşa rayonu,,,,178.0,2.0,525.0
65,5.9,Accommodated foreigners in hotels (persons),Tərtər rayonu,,,,,,
65,5.9,Accommodated foreigners in hotels (persons),rayonu,897.0,337.0,63.0,7.0,180.0,43.0
65,5.9,Accommodated foreigners in hotels (persons),Ağstafa rayonu,206.0,133.0,31.0,7.0,75.0,37.0
65,5.9,Accommodated foreigners in hotels (persons),Gədəbəy rayonu,43.0,35.0,,,,3.0
65,5.9,Accommodated foreigners in hotels (persons),Qazax rayonu,47.0,35.0,4.0,,2.0,1.0
65,5.9,Accommodated foreigners in hotels (persons),Şəmkir rayonu,601.0,84.0,28.0,,103.0,1.0
65,5.9,Accommodated foreigners in hotels (persons),Tovuz rayonu,,50.0,,,,1.0
65,5.9,Accommodated foreigners in hotels (persons),rayonu,65.0,595.0,63.0,755.0,22.0,451.0
65,5.9,Accommodated foreigners in hotels (persons),Xaçmaz rayonu,347.0,606.0,105.0,92.0,232.0,443.0
65,5.9,Accommodated foreigners in hotels (persons),Quba rayonu,30.0,717.0,34.0,328.0,4.0,180.0
65,5.9,Accommodated foreigners in hotels (persons),Qusar rayonu,34.0,531.0,26.0,629.0,17.0,333.0
65,5.9,Accommodated foreigners in hotels (persons),Siyəzən rayonu,,,,,,
65,5.9,Accommodated foreigners in hotels (persons),Şabran rayonu,,2.0,192.0,833.0,3.0,847.0
66,5.9,Accommodated foreigners in hotels (persons),iqtisadi rayonu,3.0,349.0,2.0,929.0,467.0,888.0
66,5.9,Accommodated foreigners in hotels (persons),Astara rayonu,2.0,93.0,1.0,182.0,198.0,77.0
66,5.9,Accommodated foreigners in hotels (persons),Cəlilabad rayonu,9.0,,4.0,,113.0,37.0
66,5.9,Accommodated foreigners in hotels (persons),Lerik rayonu,51.0,56.0,,,,
66,5.9,Accommodated foreigners in hotels (persons),Lənkəran rayonu,1.0,184.0,1.0,681.0,262.0,811.0
66,5.9,Accommodated foreigners in hotels (persons),Masallı rayonu,12.0,10.0,3.0,,71.0,303.0
66,5.9,Accommodated foreigners in hotels (persons),Yardımlı rayonu,,,,,,4.0
66,5.9,Accommodated foreigners in hotels (persons),rayonu,574.0,789.0,272.0,141.0,274.0,671.0
66,5.9,Accommodated foreigners in hotels (persons),Mingəçevir şəhəri,422.0,665.0,234.0,53.0,130.0,492.0
66,5.9,Accommodated foreigners in hotels (persons),Ağdaş rayonu,,,,,11.0,9.0
66,5.9,Accommodated foreigners in hotels (persons),Göyçay rayonu,78.0,124.0,38.0,88.0,133.0,128.0
66,5.9,Accommodated foreigners in hotels (persons),Kürdəmir rayonu,71.0,,,,,42.0
66,5.9,Accommodated foreigners in hotels (persons),Yevlax rayonu,,,,,,
66,5.9,Accommodated foreigners in hotels (persons),Zərdab rayonu,3.0,,,,,
66,5.9,Accommodated foreigners in hotels (persons),rayonu,56.0,34.0,5.0,44.0,283.0,169.0
66,5.9,Accommodated foreigners in hotels (persons),Beyləqan rayonu,41.0,32.0,5.0,44.0,283.0,151.0
66,5.9,Accommodated foreigners in hotels (persons),İmişli rayonu,14.0,2.0,,,,4.0
66,5.9,Accommodated foreigners in hotels (persons),Saatlı rayonu,1.0,,,,,14.0
66,5.9,Accommodated foreigners in hotels (persons),Sabirabad rayonu,,,,,,
66,5.9,Accommodated foreigners in hotels (persons),rayonu,144.0,99.0,131.0,874.0,9.0,830.0
66,5.9,Accommodated foreigners in hotels (persons),Balakən rayonu,214.0,248.0,50.0,13.0,86.0,262.0
66,5.9,Accommodated foreigners in hotels (persons),Qax rayonu,608.0,1.0,580.0,77.0,15.0,66.0
66,5.9,Accommodated foreigners in hotels (persons),Qəbələ rayonu,137.0,202.0,120.0,839.0,9.0,336.0
66,5.9,Accommodated foreigners in hotels (persons),Oğuz rayonu,,,,,,
66,5.9,Accommodated foreigners in hotels (persons),Şəki rayonu,5.0,374.0,8.0,447.0,266.0,205.0
66,5.9,Accommodated foreigners in hotels (persons),Zaqatala rayonu,701.0,760.0,101.0,83.0,154.0,191.0
66,5.9,Accommodated foreigners in hotels (persons),rayonu,,,,,,
66,5.9,Accommodated foreigners in hotels (persons),Cəbrayıl rayonu,,,,,,
66,5.9,Accommodated foreigners in hotels (persons),Kəlbəcər rayonu,,,,,,
66,5.9,Accommodated foreigners in hotels (persons),Qubadlı rayonu,,,,,,
66,5.9,Accommodated foreigners in hotels (persons),Laçın rayonu,,,,,,
66,5.9,Accommodated foreigners in hotels (persons),Zəngilan rayonu,,,,,,
66,5.9,Accommodated foreigners in hotels (persons),rayonu,803.0,407.0,131.0,18.0,175.0,267.0
66,5.9,Accommodated foreigners in hotels (persons),Şirvan şəhəri,16.0,14.0,,3.0,,
66,5.9,Accommodated foreigners in hotels (persons),Biləsuvar rayonu,383.0,217.0,61.0,15.0,53.0,88.0
66,5.9,Accommodated foreigners in hotels (persons),Hacıqabul rayonu,,,,,,
66,5.9,Accommodated foreigners in hotels (persons),Neftçala rayonu,,,,,,
66,5.9,Accommodated foreigners in hotels (persons),Salyan rayonu,404.0,176.0,70.0,,122.0,179.0
67,5.9,Accommodated foreigners in hotels (persons),Ölkə üzrə - c ə m i,359.0,453.0,450.0,188.5,116.0,798.0
67,5.9,Accommodated foreigners in hotels (persons),Bakı şəhəri,255.0,766.1,335.0,760.9,75.0,961.3
67,5.9,Accommodated foreigners in hotels (persons),Binəqədi rayonu,449.0,936.5,536.0,476.8,411.1,510.4
67,5.9,Accommodated foreigners in hotels (persons),Xətai rayonu,1.0,832.2,2.0,296.8,464.0,503.0
67,5.9,Accommodated foreigners in hotels (persons),Xəzər rayonu,7.0,947.5,6.0,143.0,4.0,980.8
67,5.9,Accommodated foreigners in hotels (persons),Qaradağ rayonu,97.5,95.3,79.5,153.8,159.3,205.9
67,5.9,Accommodated foreigners in hotels (persons),Nərimanov rayonu,10.0,197.1,12.0,744.4,6.0,15.4
67,5.9,Accommodated foreigners in hotels (persons),Nəsimi rayonu,70.0,167.5,139.0,610.6,23.0,270.2
67,5.9,Accommodated foreigners in hotels (persons),Nizami rayonu,2.0,352.1,1.0,931.3,275.1,12.7
67,5.9,Accommodated foreigners in hotels (persons),Pirallahı rayonu,,,,,,
67,5.9,Accommodated foreigners in hotels (persons),Sabunçu rayonu,8.0,433.8,8.0,728.0,2.0,85.4
67,5.9,Accommodated foreigners in hotels (persons),Səbail rayonu,118.0,384.2,125.0,90.3,31.0,173.0
67,5.9,Accommodated foreigners in hotels (persons),Suraxanı rayonu,,,,,55.2,125.2
67,5.9,Accommodated foreigners in hotels (persons),Yasamal rayonu,35.0,905.2,38184.7,7.0,81.9,14.0
67,5.9,Accommodated foreigners in hotels (persons),Respublikası,5.0,665.6,6.0,613.6,1.0,744.3
67,5.9,Accommodated foreigners in hotels (persons),rayonu,2.0,268.9,2.0,666.1,970.1,1.0
67,5.9,Accommodated foreigners in hotels (persons),Sumqayıt şəhəri,1.0,599.0,1.0,783.4,651.5,1.0
67,5.9,Accommodated foreigners in hotels (persons),Abşeron rayonu,540.2,745.8,215.3,145.9,299.2,408.2
67,5.9,Accommodated foreigners in hotels (persons),Xızı rayonu,129.7,136.9,103.3,97.8,78.4,250.3
67,5.9,Accommodated foreigners in hotels (persons),rayonu,4.0,335.6,6.0,735.7,2.0,579.1
67,5.9,Accommodated foreigners in hotels (persons),Ağsu rayonu,15.7,18.9,20.3,22.2,26.9,30.4
67,5.9,Accommodated foreigners in hotels (persons),İsmayıllı rayonu,864.7,1.0,62.3,211.5,572.3,3.0
67,5.9,Accommodated foreigners in hotels (persons),Qobustan rayonu,,,,,,
67,5.9,Accommodated foreigners in hotels (persons),Şamaxı rayonu,3.0,455.2,5.0,654.5,2.0,347.3
67,5.9,Accommodated foreigners in hotels (persons),rayonu,14.0,909.9,15.0,120.3,3.0,634.1
67,5.9,Accommodated foreigners in hotels (persons),Gəncə şəhəri,2.0,488.0,2.0,416.8,712.6,1.0
67,5.9,Accommodated foreigners in hotels (persons),Naftalan şəhəri,12.0,295.4,12.0,423.8,2.0,891.7
67,5.9,Accommodated foreigners in hotels (persons),Daşkəsən rayonu,11.8,18.7,9.1,4.9,,15.9
67,5.9,Accommodated foreigners in hotels (persons),Goranboy rayonu,41.9,76.0,13.0,49.7,178.6,448.8
67,5.9,Accommodated foreigners in hotels (persons),Göygöl rayonu,72.8,185.0,7.7,200.4,321.6,842.5
67,5.9,Accommodated foreigners in hotels (persons),Samux rayonu,,,,,,
67,5.9,Accommodated foreigners in hotels (persons),rayonu,119.4,242.7,247.2,931.0,3.0,583.9
67,5.9,Accommodated foreigners in hotels (persons),Xankəndi şəhəri,,,,,,
67,5.9,Accommodated foreigners in hotels (persons),Ağcabədi rayonu,23.0,100.3,145.2,240.1,379.9,765.6
67,5.9,Accommodated foreigners in hotels (persons),Ağdərə rayonu,,,,,,
67,5.9,Accommodated foreigners in hotels (persons),Bərdə rayonu,61.1,98.7,84.5,149.1,172.3,207.0
67,5.9,Accommodated foreigners in hotels (persons),Füzuli rayonu,,,,,,
67,5.9,Accommodated foreigners in hotels (persons),Xocalı rayonu,,,,,,
67,5.9,Accommodated foreigners in hotels (persons),Xocavənd rayonu,,,,,,
67,5.9,Accommodated foreigners in hotels (persons),Şuşa rayonu,,,,502.8,2.0,985.6
67,5.9,Accommodated foreigners in hotels (persons),Tərtər rayonu,35.3,43.7,17.5,39.0,46.1,80.3
68,5.10,Income of hotels and similar establishments (thousand manats),rayonu,2.0,468.7,1.0,867.0,640.6,807.8
68,5.10,Income of hotels and similar establishments (thousand manats),Ağstafa rayonu,248.8,84.1,57.5,51.4,86.0,111.7
68,5.10,Income of hotels and similar establishments (thousand manats),Gədəbəy rayonu,191.8,155.7,56.4,167.5,163.9,206.6
68,5.10,Income of hotels and similar establishments (thousand manats),Qazax rayonu,644.0,150.9,11.9,21.2,117.9,62.7
68,5.10,Income of hotels and similar establishments (thousand manats),Şəmkir rayonu,528.2,513.8,414.5,429.3,178.7,212.4
68,5.10,Income of hotels and similar establishments (thousand manats),Tovuz rayonu,855.9,962.5,100.3,138.4,525.6,646.2
68,5.10,Income of hotels and similar establishments (thousand manats),rayonu,32.0,345.7,37.0,197.2,14.0,846.5
68,5.10,Income of hotels and similar establishments (thousand manats),Xaçmaz rayonu,5.0,801.2,6.0,487.0,488.7,5.0
68,5.10,Income of hotels and similar establishments (thousand manats),Quba rayonu,12.0,367.4,12.0,715.9,3.0,496.5
68,5.10,Income of hotels and similar establishments (thousand manats),Qusar rayonu,14.0,92.7,14.0,342.3,8.0,869.7
68,5.10,Income of hotels and similar establishments (thousand manats),Siyəzən rayonu,,,,,,
68,5.10,Income of hotels and similar establishments (thousand manats),Şabran rayonu,84.4,3.0,652.0,1.0,991.6,6.0
68,5.10,Income of hotels and similar establishments (thousand manats),rayonu,3.0,139.4,6.0,229.2,3.0,350.2
68,5.10,Income of hotels and similar establishments (thousand manats),Astara rayonu,297.8,292.5,235.4,601.7,895.6,1.0
68,5.10,Income of hotels and similar establishments (thousand manats),Cəlilabad rayonu,42.0,52.3,21.6,74.0,124.2,113.2
68,5.10,Income of hotels and similar establishments (thousand manats),Lənkəran rayonu,1.0,776.6,4.0,263.2,2.0,790.4
68,5.10,Income of hotels and similar establishments (thousand manats),Masallı rayonu,649.7,791.3,302.8,1.0,283.7,991.2
68,5.10,Income of hotels and similar establishments (thousand manats),Yardımlı rayonu,,,,,1.3,51.8
68,5.10,Income of hotels and similar establishments (thousand manats),rayonu,2.0,135.5,2.0,312.5,1.0,49.6
68,5.10,Income of hotels and similar establishments (thousand manats),Mingəçevir şəhəri,1.0,203.3,2.0,36.2,828.3,1.0
68,5.10,Income of hotels and similar establishments (thousand manats),Ağdaş rayonu,19.1,19.8,14.8,17.0,14.3,16.4
68,5.10,Income of hotels and similar establishments (thousand manats),Göyçay rayonu,115.7,109.9,67.8,121.1,257.6,254.4
68,5.10,Income of hotels and similar establishments (thousand manats),Kürdəmir rayonu,752.1,111.3,133.5,184.6,101.8,140.7
68,5.10,Income of hotels and similar establishments (thousand manats),Ucar rayonu,,,,,,
68,5.10,Income of hotels and similar establishments (thousand manats),Yevlax rayonu,,,,,,
68,5.10,Income of hotels and similar establishments (thousand manats),Zərdab rayonu,45.3,35.3,5.2,,,5.3
68,5.10,Income of hotels and similar establishments (thousand manats),rayonu,125.1,154.4,108.0,159.4,260.4,1.0
68,5.10,Income of hotels and similar establishments (thousand manats),Beyləqan rayonu,62.5,81.3,56.4,62.3,69.3,80.7
68,5.10,Income of hotels and similar establishments (thousand manats),İmişli rayonu,14.9,6.9,5.4,3.6,21.7,764.8
68,5.10,Income of hotels and similar establishments (thousand manats),Saatlı rayonu,12.0,12.0,7.0,6.8,,39.4
68,5.10,Income of hotels and similar establishments (thousand manats),Sabirabad rayonu,35.7,54.2,39.2,86.7,169.4,202.2
68,5.10,Income of hotels and similar establishments (thousand manats),rayonu,35.0,450.9,34.0,885.9,11.0,380.0
68,5.10,Income of hotels and similar establishments (thousand manats),Balakən rayonu,323.9,342.3,210.1,144.5,324.3,306.1
68,5.10,Income of hotels and similar establishments (thousand manats),Qax rayonu,938.6,1.0,261.6,406.3,1.0,547.5
68,5.10,Income of hotels and similar establishments (thousand manats),Qəbələ rayonu,32.0,228.3,30.0,919.1,9.0,752.4
68,5.10,Income of hotels and similar establishments (thousand manats),Oğuz rayonu,157.3,250.4,94.8,99.4,109.1,235.5
68,5.10,Income of hotels and similar establishments (thousand manats),Şəki rayonu,1.0,289.4,1.0,621.2,662.6,795.8
68,5.10,Income of hotels and similar establishments (thousand manats),Zaqatala rayonu,513.4,491.3,253.8,340.0,360.8,416.0
68,5.10,Income of hotels and similar establishments (thousand manats),rayonu,,,,,,
68,5.10,Income of hotels and similar establishments (thousand manats),Cəbrayıl rayonu,,,,,,
68,5.10,Income of hotels and similar establishments (thousand manats),Kəlbəcər rayonu,,,,,,
68,5.10,Income of hotels and similar establishments (thousand manats),Qubadlı rayonu,,,,,,
68,5.10,Income of hotels and similar establishments (thousand manats),Laçın rayonu,,,,,,
69,5.10,Income of hotels and similar establishments (thousand manats),Zəngilan rayonu,,,,,,
69,5.10,Income of hotels and similar establishments (thousand manats),rayonu,722.2,403.0,287.0,204.2,276.2,381.7
69,5.10,Income of hotels and similar establishments (thousand manats),Şirvan şəhəri,568.4,264.2,152.0,109.0,127.0,213.8
69,5.10,Income of hotels and similar establishments (thousand manats),Biləsuvar rayonu,86.1,83.0,85.4,41.7,61.4,75.4
69,5.10,Income of hotels and similar establishments (thousand manats),Hacıqabul rayonu,,,,,,
69,5.10,Income of hotels and similar establishments (thousand manats),Neftçala rayonu,,,,,,
69,5.10,Income of hotels and similar establishments (thousand manats),Salyan rayonu,67.7,55.8,49.6,53.5,87.8,92.5
69,5.10,Income of hotels and similar establishments (thousand manats),Ölkə üzrə - c ə m i,277.0,680.5,308.0,342.5,171.0,805.1
69,5.10,Income of hotels and similar establishments (thousand manats),Bakı şəhəri,173.0,127.5,194.0,135.6,98.0,785.4
69,5.10,Income of hotels and similar establishments (thousand manats),Binəqədi rayonu,460.9,1.0,11.8,794.3,575.9,393.6
69,5.10,Income of hotels and similar establishments (thousand manats),Xətai rayonu,1.0,589.3,2.0,177.6,906.2,982.1
69,5.10,Income of hotels and similar establishments (thousand manats),Xəzər rayonu,5.0,201.1,5.0,573.5,4.0,243.3
69,5.10,Income of hotels and similar establishments (thousand manats),Qaradağ rayonu,95.6,73.7,68.6,107.4,155.3,168.1
69,5.10,Income of hotels and similar establishments (thousand manats),Nərimanov rayonu,8.0,148.1,11.0,736.6,6.0,167.4
69,5.10,Income of hotels and similar establishments (thousand manats),Nəsimi rayonu,41.0,487.1,50.0,674.0,29.0,212.7
69,5.10,Income of hotels and similar establishments (thousand manats),Nizami rayonu,1.0,845.1,1.0,522.3,253.9,13.3
69,5.10,Income of hotels and similar establishments (thousand manats),Pirallahı rayonu,,,,,,
69,5.10,Income of hotels and similar establishments (thousand manats),Sabunçu rayonu,1.0,972.2,2.0,825.8,2.0,325.0
69,5.10,Income of hotels and similar establishments (thousand manats),Səbail rayonu,78.0,179.8,82.0,758.2,41.0,612.9
69,5.10,Income of hotels and similar establishments (thousand manats),Suraxanı rayonu,,,,,,104.8
69,5.10,Income of hotels and similar establishments (thousand manats),Yasamal rayonu,34.0,148.3,35.0,782.1,13.0,201.1
69,5.10,Income of hotels and similar establishments (thousand manats),Respublikası,3.0,14.8,2.0,999.3,1.0,49.5
69,5.10,Income of hotels and similar establishments (thousand manats),rayonu,1.0,812.7,2.0,282.7,885.9,1.0
69,5.10,Income of hotels and similar establishments (thousand manats),Sumqayıt şəhəri,1.0,152.1,1.0,450.7,516.2,1.0
69,5.10,Income of hotels and similar establishments (thousand manats),Abşeron rayonu,413.4,541.4,229.5,145.7,265.3,323.8
69,5.10,Income of hotels and similar establishments (thousand manats),Xızı rayonu,247.2,290.6,140.2,134.1,205.7,271.1
69,5.10,Income of hotels and similar establishments (thousand manats),iqtisadi rayonu,3.0,854.6,5.0,657.5,2.0,564.2
69,5.10,Income of hotels and similar establishments (thousand manats),Ağsu rayonu,14.5,17.3,18.1,20.3,20.0,22.6
69,5.10,Income of hotels and similar establishments (thousand manats),İsmayıllı rayonu,660.1,764.5,169.4,380.6,2.0,501.9
69,5.10,Income of hotels and similar establishments (thousand manats),Qobustan rayonu,,,,,,
69,5.10,Income of hotels and similar establishments (thousand manats),Şamaxı rayonu,3.0,180.0,4.0,875.7,2.0,376.7
69,5.10,Income of hotels and similar establishments (thousand manats),iqtisadi rayonu,12.0,463.2,13.0,284.3,8.0,159.6
69,5.10,Income of hotels and similar establishments (thousand manats),Gəncə şəhəri,2.0,206.3,2.0,134.7,743.7,1.0
69,5.10,Income of hotels and similar establishments (thousand manats),Naftalan şəhəri,10.0,166.8,10.0,958.2,7.0,395.8
69,5.10,Income of hotels and similar establishments (thousand manats),Daşkəsən rayonu,9.4,14.5,9.4,6.5,,46.0
69,5.10,Income of hotels and similar establishments (thousand manats),Goranboy rayonu,25.1,28.5,3.0,16.3,220.0,292.5
69,5.10,Income of hotels and similar establishments (thousand manats),Göygöl rayonu,55.6,148.4,7.7,139.4,188.5,1.0
69,5.10,Income of hotels and similar establishments (thousand manats),Samux rayonu,,,,,,
70,5.11,Expenditures of hotels and similar establishments (thousand manats),rayonu,73.1,135.6,122.3,892.6,2.0,986.8
70,5.11,Expenditures of hotels and similar establishments (thousand manats),Xankəndi şəhəri,,,,,,
70,5.11,Expenditures of hotels and similar establishments (thousand manats),Ağcabədi rayonu,8.5,38.2,45.6,78.0,125.3,281.2
70,5.11,Expenditures of hotels and similar establishments (thousand manats),Ağdam rayonu,,,,,,
70,5.11,Expenditures of hotels and similar establishments (thousand manats),Ağdərə rayonu,,,,,,
70,5.11,Expenditures of hotels and similar establishments (thousand manats),Bərdə rayonu,42.8,67.7,56.7,102.4,122.0,141.9
70,5.11,Expenditures of hotels and similar establishments (thousand manats),Füzuli rayonu,,,,,,
70,5.11,Expenditures of hotels and similar establishments (thousand manats),Xocalı rayonu,,,,,,
70,5.11,Expenditures of hotels and similar establishments (thousand manats),Xocavənd rayonu,,,,,,
70,5.11,Expenditures of hotels and similar establishments (thousand manats),Şuşa rayonu,,,,680.2,2.0,696.0
70,5.11,Expenditures of hotels and similar establishments (thousand manats),Tərtər rayonu,21.8,29.7,20.0,32.0,43.5,52.7
70,5.11,Expenditures of hotels and similar establishments (thousand manats),iqtisadi rayonu,2.0,230.6,2.0,65.4,787.1,980.3
70,5.11,Expenditures of hotels and similar establishments (thousand manats),Ağstafa rayonu,74.2,60.3,55.5,58.6,68.4,78.4
70,5.11,Expenditures of hotels and similar establishments (thousand manats),Gədəbəy rayonu,155.0,128.6,74.1,169.7,167.3,181.3
70,5.11,Expenditures of hotels and similar establishments (thousand manats),Qazax rayonu,541.0,238.9,56.0,34.0,80.1,120.2
70,5.11,Expenditures of hotels and similar establishments (thousand manats),Şəmkir rayonu,539.3,587.1,436.3,453.4,305.2,303.0
70,5.11,Expenditures of hotels and similar establishments (thousand manats),Tovuz rayonu,921.1,1.0,50.5,165.2,264.6,597.9
70,5.11,Expenditures of hotels and similar establishments (thousand manats),iqtisadi rayonu,40.0,733.3,43.0,635.3,30.0,786.1
70,5.11,Expenditures of hotels and similar establishments (thousand manats),Xaçmaz rayonu,5.0,959.7,6.0,394.4,1.0,519.4
70,5.11,Expenditures of hotels and similar establishments (thousand manats),Quba rayonu,11.0,247.4,10.0,718.9,5.0,376.3
70,5.11,Expenditures of hotels and similar establishments (thousand manats),Qusar rayonu,23.0,461.1,22.0,885.4,17.0,32.1
70,5.11,Expenditures of hotels and similar establishments (thousand manats),Siyəzən rayonu,,,,,,
70,5.11,Expenditures of hotels and similar establishments (thousand manats),Şabran rayonu,65.1,3.0,636.6,6.0,858.3,5.0
70,5.11,Expenditures of hotels and similar establishments (thousand manats),iqtisadi rayonu,2.0,597.3,6.0,881.7,8.0,10.6
70,5.11,Expenditures of hotels and similar establishments (thousand manats),Astara rayonu,223.6,221.3,163.0,391.6,818.0,1.0
70,5.11,Expenditures of hotels and similar establishments (thousand manats),Cəlilabad rayonu,36.9,45.8,13.2,55.3,88.2,90.4
70,5.11,Expenditures of hotels and similar establishments (thousand manats),Lerik rayonu,122.3,178.8,,67.9,1.0,155.5
70,5.11,Expenditures of hotels and similar establishments (thousand manats),Lənkəran rayonu,1.0,863.8,5.0,978.6,7.0,479.0
70,5.11,Expenditures of hotels and similar establishments (thousand manats),Masallı rayonu,350.7,457.2,355.4,722.8,561.0,1.0
70,5.11,Expenditures of hotels and similar establishments (thousand manats),Yardımlı rayonu,,,,,0.9,27.4
70,5.11,Expenditures of hotels and similar establishments (thousand manats),iqtisadi rayonu,2.0,365.0,2.0,509.2,1.0,867.3
70,5.11,Expenditures of hotels and similar establishments (thousand manats),Mingəçevir şəhəri,1.0,633.0,2.0,299.8,1.0,667.1
70,5.11,Expenditures of hotels and similar establishments (thousand manats),Ağdaş rayonu,12.5,15.5,15.6,15.4,15.5,17.9
70,5.11,Expenditures of hotels and similar establishments (thousand manats),Göyçay rayonu,91.0,89.8,66.2,113.2,233.5,235.3
70,5.11,Expenditures of hotels and similar establishments (thousand manats),Kürdəmir rayonu,620.1,87.4,109.6,147.0,109.0,132.6
70,5.11,Expenditures of hotels and similar establishments (thousand manats),Ucar rayonu,,,,,,
70,5.11,Expenditures of hotels and similar establishments (thousand manats),Yevlax rayonu,,,,,,
70,5.11,Expenditures of hotels and similar establishments (thousand manats),Zərdab rayonu,8.4,16.7,8.8,,,4.2
70,5.11,Expenditures of hotels and similar establishments (thousand manats),rayonu,95.4,126.9,89.4,119.0,187.8,1.0
70,5.11,Expenditures of hotels and similar establishments (thousand manats),Beyləqan rayonu,31.6,50.6,44.3,52.8,53.2,58.1
70,5.11,Expenditures of hotels and similar establishments (thousand manats),İmişli rayonu,15.1,11.6,9.6,13.8,70.4,910.9
70,5.11,Expenditures of hotels and similar establishments (thousand manats),Saatlı rayonu,11.1,11.1,6.4,6.4,0.0,149.1
70,5.11,Expenditures of hotels and similar establishments (thousand manats),Sabirabad rayonu,37.6,53.6,29.1,46.0,64.2,71.5
70,5.11,Expenditures of hotels and similar establishments (thousand manats),iqtisadi rayonu,34.0,614.2,34.0,227.4,18.0,372.8
70,5.11,Expenditures of hotels and similar establishments (thousand manats),Balakən rayonu,336.4,346.2,205.9,212.9,535.2,767.5
71,5.11,Expenditures of hotels and similar establishments (thousand manats),Qax rayonu,495.7,606.6,324.8,718.9,1.0,292.6
71,5.11,Expenditures of hotels and similar establishments (thousand manats),Qəbələ rayonu,31.0,853.2,31.0,101.4,16.0,764.8
71,5.11,Expenditures of hotels and similar establishments (thousand manats),Oğuz rayonu,134.0,190.6,92.2,68.4,98.6,132.2
71,5.11,Expenditures of hotels and similar establishments (thousand manats),Şəki rayonu,1.0,337.0,1.0,577.9,714.0,619.3
71,5.11,Expenditures of hotels and similar establishments (thousand manats),Zaqatala rayonu,457.9,404.7,271.1,274.4,326.0,361.9
71,5.11,Expenditures of hotels and similar establishments (thousand manats),Cəbrayıl rayonu,,,,,,
71,5.11,Expenditures of hotels and similar establishments (thousand manats),Kəlbəcər rayonu,,,,,,
71,5.11,Expenditures of hotels and similar establishments (thousand manats),Qubadlı rayonu,,,,,,
71,5.11,Expenditures of hotels and similar establishments (thousand manats),Laçın rayonu,,,,,,
71,5.11,Expenditures of hotels and similar establishments (thousand manats),Zəngilan rayonu,,,,,,
71,5.11,Expenditures of hotels and similar establishments (thousand manats),iqtisadi rayonu,698.8,401.6,324.9,265.5,308.1,354.4
71,5.11,Expenditures of hotels and similar establishments (thousand manats),Şirvan şəhəri,563.8,274.9,198.9,170.1,177.3,213.4
71,5.11,Expenditures of hotels and similar establishments (thousand manats),Biləsuvar rayonu,74.9,71.1,77.4,42.2,55.3,59.4
71,5.11,Expenditures of hotels and similar establishments (thousand manats),Hacıqabul rayonu,,,,,,
71,5.11,Expenditures of hotels and similar establishments (thousand manats),Neftçala rayonu,,,,,,
71,5.11,Expenditures of hotels and similar establishments (thousand manats),Salyan rayonu,60.1,55.6,48.6,53.2,75.5,81.6
71,5.11,Expenditures of hotels and similar establishments (thousand manats),Ölkə üzrə - c ə m i,11.0,407.0,12.0,481.0,10.0,731.0
71,5.11,Expenditures of hotels and similar establishments (thousand manats),Bakı şəhəri,5.0,232.0,5.0,696.0,5.0,665.0
71,5.11,Expenditures of hotels and similar establishments (thousand manats),Binəqədi rayonu,85.0,139.0,131.0,92.0,67.0,67.0
71,5.11,Expenditures of hotels and similar establishments (thousand manats),Xətai rayonu,161.0,193.0,188.0,108.0,112.0,177.0
71,5.11,Expenditures of hotels and similar establishments (thousand manats),Xəzər rayonu,272.0,317.0,313.0,510.0,352.0,387.0
71,5.11,Expenditures of hotels and similar establishments (thousand manats),Qaradağ rayonu,17.0,21.0,18.0,23.0,19.0,20.0
71,5.11,Expenditures of hotels and similar establishments (thousand manats),Nərimanov rayonu,459.0,643.0,638.0,1.0,57.0,1.0
71,5.11,Expenditures of hotels and similar establishments (thousand manats),Nəsimi rayonu,1.0,84.0,1.0,121.0,1.0,109.0
71,5.11,Expenditures of hotels and similar establishments (thousand manats),Nizami rayonu,97.0,128.0,125.0,9.0,,46.0
71,5.11,Expenditures of hotels and similar establishments (thousand manats),Pirallahı rayonu,,,,,,
71,5.11,Expenditures of hotels and similar establishments (thousand manats),Sabunçu rayonu,48.0,83.0,79.0,114.0,175.0,96.0
71,5.11,Expenditures of hotels and similar establishments (thousand manats),Səbail rayonu,1.0,823.0,2.0,158.0,2.0,162.0
71,5.11,Expenditures of hotels and similar establishments (thousand manats),Suraxanı rayonu,,,,,7.0,8.0
71,5.11,Expenditures of hotels and similar establishments (thousand manats),Yasamal rayonu,1.0,186.0,893.0,902.0,434.0,495.0
71,5.11,Expenditures of hotels and similar establishments (thousand manats),Respublikası,315.0,321.0,284.0,270.0,253.0,332.0
71,5.11,Expenditures of hotels and similar establishments (thousand manats),rayonu,283.0,360.0,214.0,314.0,334.0,295.0
71,5.11,Expenditures of hotels and similar establishments (thousand manats),Sumqayıt şəhəri,146.0,218.0,113.0,265.0,281.0,207.0
71,5.11,Expenditures of hotels and similar establishments (thousand manats),Abşeron rayonu,111.0,116.0,77.0,29.0,31.0,47.0
71,5.11,Expenditures of hotels and similar establishments (thousand manats),Xızı rayonu,26.0,26.0,24.0,20.0,22.0,41.0
71,5.11,Expenditures of hotels and similar establishments (thousand manats),iqtisadi rayonu,446.0,455.0,308.0,376.0,450.0,573.0
71,5.11,Expenditures of hotels and similar establishments (thousand manats),Ağsu rayonu,4.0,4.0,4.0,4.0,4.0,4.0
72,5.12,Number of employees in hotels (persons),İsmayıllı rayonu,92.0,110.0,26.0,85.0,159.0,262.0
72,5.12,Number of employees in hotels (persons),Qobustan rayonu,,,,,,
72,5.12,Number of employees in hotels (persons),Şamaxı rayonu,350.0,341.0,278.0,287.0,287.0,307.0
72,5.12,Number of employees in hotels (persons),iqtisadi rayonu,548.0,659.0,646.0,572.0,597.0,834.0
72,5.12,Number of employees in hotels (persons),Gəncə şəhəri,136.0,177.0,189.0,160.0,162.0,181.0
72,5.12,Number of employees in hotels (persons),Naftalan şəhəri,383.0,461.0,447.0,393.0,418.0,533.0
72,5.12,Number of employees in hotels (persons),Daşkəsən rayonu,2.0,2.0,2.0,2.0,,11.0
72,5.12,Number of employees in hotels (persons),Goranboy rayonu,8.0,9.0,5.0,8.0,8.0,23.0
72,5.12,Number of employees in hotels (persons),Göygöl rayonu,19.0,10.0,3.0,9.0,9.0,86.0
72,5.12,Number of employees in hotels (persons),Samux rayonu,,,,,,
72,5.12,Number of employees in hotels (persons),rayonu,16.0,24.0,25.0,90.0,117.0,134.0
72,5.12,Number of employees in hotels (persons),Xankəndi şəhəri,,,,,,
72,5.12,Number of employees in hotels (persons),Ağcabədi rayonu,3.0,11.0,11.0,12.0,12.0,16.0
72,5.12,Number of employees in hotels (persons),Ağdam rayonu,,,,,,
72,5.12,Number of employees in hotels (persons),Ağdərə rayonu,,,,,,
72,5.12,Number of employees in hotels (persons),Bərdə rayonu,9.0,9.0,8.0,7.0,6.0,6.0
72,5.12,Number of employees in hotels (persons),Füzuli rayonu,,,,,,
72,5.12,Number of employees in hotels (persons),Tərtər rayonu,4.0,4.0,6.0,5.0,8.0,8.0
72,5.12,Number of employees in hotels (persons),rayonu,176.0,194.0,157.0,147.0,145.0,129.0
72,5.12,Number of employees in hotels (persons),Ağstafa rayonu,13.0,13.0,13.0,12.0,12.0,12.0
72,5.12,Number of employees in hotels (persons),Gədəbəy rayonu,16.0,21.0,7.0,23.0,25.0,25.0
72,5.12,Number of employees in hotels (persons),Qazax rayonu,15.0,15.0,15.0,15.0,15.0,15.0
72,5.12,Number of employees in hotels (persons),Şəmkir rayonu,48.0,56.0,53.0,52.0,49.0,32.0
72,5.12,Number of employees in hotels (persons),Tovuz rayonu,84.0,89.0,69.0,45.0,44.0,45.0
72,5.12,Number of employees in hotels (persons),rayonu,1.0,826.0,1.0,942.0,1.0,294.0
72,5.12,Number of employees in hotels (persons),Xaçmaz rayonu,619.0,714.0,122.0,540.0,635.0,688.0
72,5.12,Number of employees in hotels (persons),Quba rayonu,300.0,455.0,415.0,614.0,847.0,894.0
72,5.12,Number of employees in hotels (persons),Qusar rayonu,901.0,518.0,520.0,549.0,618.0,670.0
72,5.12,Number of employees in hotels (persons),Siyəzən rayonu,,,,,,
72,5.12,Number of employees in hotels (persons),Şabran rayonu,6.0,255.0,237.0,223.0,259.0,410.0
72,5.12,Number of employees in hotels (persons),iqtisadi rayonu,474.0,721.0,556.0,623.0,758.0,891.0
72,5.12,Number of employees in hotels (persons),Astara rayonu,25.0,28.0,21.0,19.0,160.0,169.0
72,5.12,Number of employees in hotels (persons),Cəlilabad rayonu,9.0,10.0,10.0,10.0,12.0,12.0
72,5.12,Number of employees in hotels (persons),Lerik rayonu,42.0,42.0,,39.0,43.0,105.0
72,5.12,Number of employees in hotels (persons),Lənkəran rayonu,277.0,505.0,463.0,399.0,406.0,459.0
72,5.12,Number of employees in hotels (persons),Masallı rayonu,121.0,136.0,62.0,156.0,136.0,143.0
72,5.12,Number of employees in hotels (persons),Yardımlı rayonu,,,,,1.0,3.0
72,5.12,Number of employees in hotels (persons),rayonu,237.0,212.0,215.0,229.0,231.0,239.0
72,5.12,Number of employees in hotels (persons),Mingəçevir şəhəri,168.0,175.0,177.0,172.0,173.0,176.0
72,5.12,Number of employees in hotels (persons),Ağdaş rayonu,5.0,5.0,5.0,4.0,4.0,4.0
72,5.12,Number of employees in hotels (persons),Göyçay rayonu,13.0,14.0,17.0,40.0,41.0,40.0
72,5.12,Number of employees in hotels (persons),Kürdəmir rayonu,49.0,14.0,12.0,13.0,13.0,18.0
73,5.12,Number of employees in hotels (persons),Ucar rayonu,,,,,,
73,5.12,Number of employees in hotels (persons),Yevlax rayonu,,,,,,
73,5.12,Number of employees in hotels (persons),Zərdab rayonu,2.0,4.0,4.0,,,1.0
73,5.12,Number of employees in hotels (persons),rayonu,18.0,17.0,17.0,16.0,15.0,75.0
73,5.12,Number of employees in hotels (persons),Beyləqan rayonu,4.0,4.0,4.0,3.0,3.0,7.0
73,5.12,Number of employees in hotels (persons),İmişli rayonu,5.0,4.0,4.0,4.0,5.0,40.0
73,5.12,Number of employees in hotels (persons),Saatlı rayonu,2.0,2.0,2.0,2.0,,21.0
73,5.12,Number of employees in hotels (persons),Sabirabad rayonu,7.0,7.0,7.0,7.0,7.0,7.0
73,5.12,Number of employees in hotels (persons),rayonu,1.0,783.0,1.0,828.0,1.0,298.0
73,5.12,Number of employees in hotels (persons),Balakən rayonu,21.0,23.0,23.0,62.0,62.0,62.0
73,5.12,Number of employees in hotels (persons),Qax rayonu,80.0,95.0,42.0,79.0,140.0,141.0
73,5.12,Number of employees in hotels (persons),Qəbələ rayonu,1.0,429.0,1.0,412.0,1.0,22.0
73,5.12,Number of employees in hotels (persons),Oğuz rayonu,33.0,34.0,18.0,17.0,23.0,24.0
73,5.12,Number of employees in hotels (persons),Şəki rayonu,177.0,220.0,150.0,108.0,138.0,151.0
73,5.12,Number of employees in hotels (persons),Zaqatala rayonu,43.0,44.0,43.0,44.0,47.0,53.0
73,5.12,Number of employees in hotels (persons),iqtisadi rayonu,,,,,,
73,5.12,Number of employees in hotels (persons),Cəbrayıl rayonu,,,,,,
73,5.12,Number of employees in hotels (persons),Kəlbəcər rayonu,,,,,,
73,5.12,Number of employees in hotels (persons),Qubadlı rayonu,,,,,,
73,5.12,Number of employees in hotels (persons),Laçın rayonu,,,,,,
73,5.12,Number of employees in hotels (persons),Zəngilan rayonu,,,,,,
73,5.12,Number of employees in hotels (persons),rayonu,53.0,52.0,52.0,49.0,53.0,45.0
73,5.12,Number of employees in hotels (persons),Şirvan şəhəri,39.0,38.0,37.0,35.0,39.0,30.0
73,5.12,Number of employees in hotels (persons),Biləsuvar rayonu,7.0,7.0,8.0,8.0,8.0,8.0
73,5.12,Number of employees in hotels (persons),Hacıqabul rayonu,,,,,,
73,5.12,Number of employees in hotels (persons),Neftçala rayonu,,,,,,
73,5.12,Number of employees in hotels (persons),Salyan rayonu,7.0,7.0,7.0,6.0,6.0,7.0
74,5.12,Number of employees in hotels (persons),manat,1.0,533.3,1.0,655.2,759.6,979.1
74,5.12,Number of employees in hotels (persons),dövlət,15.7,15.4,5.6,8.6,10.6,19.5
74,5.12,Number of employees in hotels (persons),qeyri-dövlət,1.0,517.6,1.0,639.8,754.0,970.5
74,5.12,Number of employees in hotels (persons),"nisbətən, faizlə",106.8,106.7,45.4,123.2,137.0,115.2
74,5.12,Number of employees in hotels (persons),dövlət,94.8,96.7,35.8,147.3,104.5,164.9
74,5.12,Number of employees in hotels (persons),qeyri-dövlət,109.5,106.8,45.5,123.0,137.0,114.9
74,5.12,Number of employees in hotels (persons),"lərinin sayı, vahid",19.0,440.0,20.0,878.0,21.0,483.0
74,5.12,Number of employees in hotels (persons),dövlət,19.0,19.0,19.0,12.0,14.0,15.0
74,5.12,Number of employees in hotels (persons),qeyri-dövlət,19.0,421.0,20.0,859.0,21.0,464.0
74,5.12,Number of employees in hotels (persons),"sayı, min yer",825.0,906.5,934.6,1.0,25.1,1.0
