{
"type": "FeatureCollection",
"name": "density_grid",
"crs": { "type": "name", "properties": { "name": "urn:ogc:def:crs:OGC:1.3:CRS84" } },
"features": [
{ "type": "Feature", "properties": { "density": 2.1 }, "geometry": { "type": "Polygon", "coordinates": [ [ [ 46.50376591859731, 39.922554264822395 ], [ 46.503963038239213, 39.931561070856127 ], [ 46.49226358048157, 39.931712267628996 ], [ 46.492067992858004, 39.922705413625941 ], [ 46.50376591859731, 39.922554264822395 ] ] ] } },
{ "type": "Feature", "properties": { "density": 1.9 }, "geometry": { "type": "Polygon", "coordinates": [ [ [ 49.084602188094749, 41.20211874520021 ], [ 49.085161928292507, 41.211103727286314 ], [ 49.073263643878974, 41.211525901547837 ], [ 49.072705522944112, 41.202540786784958 ], [ 49.084602188094749, 41.20211874520021 ] ] ] } },
{ "type": "Feature", "properties": { "density": 1.65 }, "geometry": { "type": "Polygon", "coordinates": [ [ [ 46.552490190281794, 41.534373734422644 ], [ 46.552705591455577, 41.543377813747206 ], [ 46.54072056028069, 41.543539052749722 ], [ 46.540506820137274, 41.534534922720987 ], [ 46.552490190281794, 41.534373734422644 ] ] ] } },
{ "type": "Feature", "properties": { "density": 1.4 }, "geometry": { "type": "Polygon", "coordinates": [ [ [ 48.56275161174478, 39.238034360230664 ], [ 48.563207184275697, 39.247027881874217 ], [ 48.551640691271082, 39.247381621130472 ], [ 48.551186589974627, 39.238387986903163 ], [ 48.56275161174478, 39.238034360230664 ] ] ] } },
{ "type": "Feature", "properties": { "density": 1.4 }, "geometry": { "type": "Polygon", "coordinates": [ [ [ 48.635857207970297, 39.974345906664489 ], [ 48.636334421344344, 39.983337563444664 ], [ 48.624645665219639, 39.983704160629884 ], [ 48.62416997761057, 39.974712387774623 ], [ 48.635857207970297, 39.974345906664489 ] ] ] } },
{ "type": "Feature", "properties": { "density": 1.4 }, "geometry": { "type": "Polygon", "coordinates": [ [ [ 48.679589217681382, 40.351232977211822 ], [ 48.680078641180032, 40.360223608038318 ], [ 48.668325621241522, 40.360597490802967 ], [ 48.667837752244125, 40.351606741876445 ], [ 48.679589217681382, 40.351232977211822 ] ] ] } },
{ "type": "Feature", "properties": { "density": 1.4 }, "geometry": { "type": "Polygon", "coordinates": [ [ [ 48.835685536301327, 38.932121395695638 ], [ 48.836170646090011, 38.941112613084712 ], [ 48.824657569883982, 38.941490984513266 ], [ 48.82417390733022, 38.932499646458787 ], [ 48.835685536301327, 38.932121395695638 ] ] ] } },
{ "type": "Feature", "properties": { "density": 1.4 }, "geometry": { "type": "Polygon", "coordinates": [ [ [ 48.882756785033017, 38.525236484299832 ], [ 48.883240756913089, 38.534227828485648 ], [ 48.87179345604067, 38.534607496749075 ], [ 48.871310902139889, 38.525616031094749 ], [ 48.882756785033017, 38.525236484299832 ] ] ] } },
{ "type": "Feature", "properties": { "density": 1.4 }, "geometry": { "type": "Polygon", "coordinates": [ [ [ 48.963278823470311, 39.765463043970129 ], [ 48.963795112566075, 39.774451604602582 ], [ 48.952146191456094, 39.77484949442546 ], [ 48.951631409996182, 39.765860807684767 ], [ 48.963278823470311, 39.765463043970129 ] ] ] } },
{ "type": "Feature", "properties": { "density": 1.4 }, "geometry": { "type": "Polygon", "coordinates": [ [ [ 49.054977116874873, 40.329657303217346 ], [ 49.055515981062321, 40.338643976986745 ], [ 49.043771911181558, 40.33905582310895 ], [ 49.043234597060575, 40.330069019288786 ], [ 49.054977116874873, 40.329657303217346 ] ] ] } },
{ "type": "Feature", "properties": { "density": 1.3 }, "geometry": { "type": "Polygon", "coordinates": [ [ [ 46.820010834176998, 40.809861376379793 ], [ 46.820256989178667, 40.818865351250757 ], [ 46.80840494393501, 40.819051789329947 ], [ 46.808160389560165, 40.810047755629149 ], [ 46.820010834176998, 40.809861376379793 ] ] ] } },
{ "type": "Feature", "properties": { "density": 1.17 }, "geometry": { "type": "Polygon", "coordinates": [ [ [ 46.503963038239213, 39.931561070856127 ], [ 46.504160246590857, 39.940567862043878 ], [ 46.492459256125969, 39.940719106798475 ], [ 46.49226358048157, 39.931712267628996 ], [ 46.503963038239213, 39.931561070856127 ] ] ] } },
{ "type": "Feature", "properties": { "density": 1.17 }, "geometry": { "type": "Polygon", "coordinates": [ [ [ 49.000150890157101, 39.998353620456705 ], [ 49.000676290319753, 40.007341416115601 ], [ 48.988988403643084, 40.007744947033984 ], [ 48.988464528479824, 39.998757023679694 ], [ 49.000150890157101, 39.998353620456705 ] ] ] } },
{ "type": "Feature", "properties": { "density": 1.15 }, "geometry": { "type": "Polygon", "coordinates": [ [ [ 48.525243605456687, 38.950930931716364 ], [ 48.525689803248781, 38.959925262447406 ], [ 48.51416966662655, 38.960273144011509 ], [ 48.513724919448102, 38.951278702315967 ], [ 48.525243605456687, 38.950930931716364 ] ] ] } },
{ "type": "Feature", "properties": { "density": 1.05 }, "geometry": { "type": "Polygon", "coordinates": [ [ [ 48.086801034165724, 40.773902879281799 ], [ 48.087217862187003, 40.782898364427375 ], [ 48.075383418800911, 40.783214667762344 ], [ 48.074968182481655, 40.774219082883583 ], [ 48.086801034165724, 40.773902879281799 ] ] ] } },
{ "type": "Feature", "properties": { "density": 1.05 }, "geometry": { "type": "Polygon", "coordinates": [ [ [ 48.798749382272121, 38.888294576555872 ], [ 48.79922907732184, 38.8972862492679 ], [ 48.787722585931284, 38.897660625213611 ], [ 48.787244335217601, 38.888668833064429 ], [ 48.798749382272121, 38.888294576555872 ] ] ] } },
{ "type": "Feature", "properties": { "density": 1.05 }, "geometry": { "type": "Polygon", "coordinates": [ [ [ 48.651664321252987, 41.775005625708118 ], [ 48.652174987940398, 41.783994312946739 ], [ 48.640165250082504, 41.784375985289891 ], [ 48.639656253600577, 41.77538717835246 ], [ 48.651664321252987, 41.775005625708118 ] ] ] } },
{ "type": "Feature", "properties": { "density": 1.05 }, "geometry": { "type": "Polygon", "coordinates": [ [ [ 48.605316554483231, 39.615026170378016 ], [ 48.605783777759235, 39.624018688830333 ], [ 48.594155313935275, 39.624379505001755 ], [ 48.593689589504677, 39.615386872027067 ], [ 48.605316554483231, 39.615026170378016 ] ] ] } },
{ "type": "Feature", "properties": { "density": 1.05 }, "geometry": { "type": "Polygon", "coordinates": [ [ [ 48.671788331191706, 40.207380309725735 ], [ 48.672274242714039, 40.216371243264916 ], [ 48.660546011422127, 40.216743240128395 ], [ 48.660061643300324, 40.207752188981594 ], [ 48.671788331191706, 40.207380309725735 ] ] ] } },
{ "type": "Feature", "properties": { "density": 1.05 }, "geometry": { "type": "Polygon", "coordinates": [ [ [ 48.927773766066373, 41.171562771756911 ], [ 48.928311471156967, 41.180549528134407 ], [ 48.916416437633195, 41.180955250024077 ], [ 48.915880350558929, 41.171968366096721 ], [ 48.927773766066373, 41.171562771756911 ] ] ] } },
{ "type": "Feature", "properties": { "density": 1.05 }, "geometry": { "type": "Polygon", "coordinates": [ [ [ 48.888578719164734, 38.633131360423 ], [ 48.889065288591617, 38.642122476488311 ], [ 48.877600922798486, 38.64250360469903 ], [ 48.877115778922011, 38.633512366807111 ], [ 48.888578719164734, 38.633131360423 ] ] ] } },
{ "type": "Feature", "properties": { "density": 1.05 }, "geometry": { "type": "Polygon", "coordinates": [ [ [ 48.902285088391345, 38.88487540212855 ], [ 48.902777777735906, 38.893865983730819 ], [ 48.891273238467065, 38.894250535310661 ], [ 48.890781992508941, 38.885259831036564 ], [ 48.902285088391345, 38.88487540212855 ] ] ] } },
{ "type": "Feature", "properties": { "density": 0.92 }, "geometry": { "type": "Polygon", "coordinates": [ [ [ 48.138805071121787, 40.367192350980147 ], [ 48.139222877820877, 40.376188025712629 ], [ 48.127460471993174, 40.37650703380276 ], [ 48.127044224546374, 40.367511258256613 ], [ 48.138805071121787, 40.367192350980147 ] ] ] } },
{ "type": "Feature", "properties": { "density": 0.9 }, "geometry": { "type": "Polygon", "coordinates": [ [ [ 46.503568887620659, 39.91354744394387 ], [ 46.50376591859731, 39.922554264822395 ], [ 46.492067992858004, 39.922705413625941 ], [ 46.491872493211133, 39.913698544790499 ], [ 46.503568887620659, 39.91354744394387 ] ] ] } },
{ "type": "Feature", "properties": { "density": 0.9 }, "geometry": { "type": "Polygon", "coordinates": [ [ [ 47.376088314181793, 39.43048506432666 ], [ 47.376394341178688, 39.439487979981052 ], [ 47.364783615344138, 39.439724747733258 ], [ 47.364479080146467, 39.430721756747488 ], [ 47.376088314181793, 39.43048506432666 ] ] ] } },
{ "type": "Feature", "properties": { "density": 0.82 }, "geometry": { "type": "Polygon", "coordinates": [ [ [ 46.444235797013199, 41.517770403371799 ], [ 46.444436064875291, 41.526774954786944 ], [ 46.432453507983851, 41.526924861045437 ], [ 46.432254900086448, 41.517920262484033 ], [ 46.444235797013199, 41.517770403371799 ] ] ] } },
{ "type": "Feature", "properties": { "density": 0.8 }, "geometry": { "type": "Polygon", "coordinates": [ [ [ 48.712653592845413, 40.737432868917239 ], [ 48.71315418185636, 40.746422561871057 ], [ 48.701333879891841, 40.746802760123778 ], [ 48.700834875546022, 40.73781294734416 ], [ 48.712653592845413, 40.737432868917239 ] ] ] } },
{ "type": "Feature", "properties": { "density": 0.75 }, "geometry": { "type": "Polygon", "coordinates": [ [ [ 48.484263106745836, 41.347954819832786 ], [ 48.484743142268194, 41.35694581754845 ], [ 48.472810066916537, 41.35730696876098 ], [ 48.472331667144694, 41.348315857546879 ], [ 48.484263106745836, 41.347954819832786 ] ] ] } },
{ "type": "Feature", "properties": { "density": 0.75 }, "geometry": { "type": "Polygon", "coordinates": [ [ [ 48.506355455363341, 41.536397176148448 ], [ 48.506841738561086, 41.545387666522068 ], [ 48.494874361372929, 41.545752451228431 ], [ 48.494389729402336, 41.536761846316153 ], [ 48.506355455363341, 41.536397176148448 ] ] ] } },
{ "type": "Feature", "properties": { "density": 0.7 }, "geometry": { "type": "Polygon", "coordinates": [ [ [ 47.082381204156938, 40.859468610766193 ], [ 47.082663322496927, 40.868471100155361 ], [ 47.070804283705876, 40.868684703416093 ], [ 47.070523768989325, 40.859682146653597 ], [ 47.082381204156938, 40.859468610766193 ] ] ] } },
{ "type": "Feature", "properties": { "density": 0.7 }, "geometry": { "type": "Polygon", "coordinates": [ [ [ 47.360180407022774, 39.647026474093131 ], [ 47.360486731703567, 39.656029157204529 ], [ 47.348839725737051, 39.656265405257798 ], [ 47.348534909113425, 39.6472626470932 ], [ 47.360180407022774, 39.647026474093131 ] ] ] } },
{ "type": "Feature", "properties": { "density": 0.7 }, "geometry": { "type": "Polygon", "coordinates": [ [ [ 47.446341533161153, 41.077498731239679 ], [ 47.446675485875517, 41.086498613125329 ], [ 47.434780318967086, 41.0867507269719 ], [ 47.434447985933247, 41.07775076567583 ], [ 47.446341533161153, 41.077498731239679 ] ] ] } },
{ "type": "Feature", "properties": { "density": 0.7 }, "geometry": { "type": "Polygon", "coordinates": [ [ [ 48.046885257196386, 40.937083620442323 ], [ 48.047299071615562, 40.946079187096501 ], [ 48.035435101387861, 40.946392415566443 ], [ 48.035022892017366, 40.937396750230633 ], [ 48.046885257196386, 40.937083620442323 ] ] ] } },
{ "type": "Feature", "properties": { "density": 0.7 }, "geometry": { "type": "Polygon", "coordinates": [ [ [ 48.230602283975166, 40.562811541710154 ], [ 48.231035276116714, 40.571806107600871 ], [ 48.219239736795885, 40.57213575705093 ], [ 48.218808318708525, 40.563141087111333 ], [ 48.230602283975166, 40.562811541710154 ] ] ] } },
{ "type": "Feature", "properties": { "density": 0.7 }, "geometry": { "type": "Polygon", "coordinates": [ [ [ 48.17518203180002, 38.861896756362121 ], [ 48.175582695150105, 38.870894450344458 ], [ 48.164072826230282, 38.871207169844233 ], [ 48.1636736091613, 38.862209376008053 ], [ 48.17518203180002, 38.861896756362121 ] ] ] } },
{ "type": "Feature", "properties": { "density": 0.7 }, "geometry": { "type": "Polygon", "coordinates": [ [ [ 48.327462654199167, 40.848264560128754 ], [ 48.327913123557153, 40.857257807222645 ], [ 48.316068244259519, 40.857599299858677 ], [ 48.315619371056592, 40.84860594515758 ], [ 48.327462654199167, 40.848264560128754 ] ] ] } },
{ "type": "Feature", "properties": { "density": 0.7 }, "geometry": { "type": "Polygon", "coordinates": [ [ [ 48.311982455507312, 39.81292611569517 ], [ 48.312414731000864, 39.82192111689578 ], [ 48.300749368085, 39.822253930608774 ], [ 48.300318608187176, 39.813258823882393 ], [ 48.311982455507312, 39.81292611569517 ] ] ] } },
{ "type": "Feature", "properties": { "density": 0.7 }, "geometry": { "type": "Polygon", "coordinates": [ [ [ 48.324513885587152, 39.830582010035286 ], [ 48.324948066346906, 39.839576869468715 ], [ 48.313279864555973, 39.839911065573261 ], [ 48.312847200651433, 39.830916100189484 ], [ 48.324513885587152, 39.830582010035286 ] ] ] } },
{ "type": "Feature", "properties": { "density": 0.7 }, "geometry": { "type": "Polygon", "coordinates": [ [ [ 48.349576335900103, 40.343260275898601 ], [ 48.350021790987455, 40.352254107869619 ], [ 48.338265996090492, 40.352594388680288 ], [ 48.337822097087852, 40.34360044918008 ], [ 48.349576335900103, 40.343260275898601 ] ] ] } },
{ "type": "Feature", "properties": { "density": 0.7 }, "geometry": { "type": "Polygon", "coordinates": [ [ [ 48.37618863728666, 40.639702208650569 ], [ 48.376642348765429, 40.648695332386772 ], [ 48.364835013328481, 40.649040382484003 ], [ 48.364382881059761, 40.640047149901129 ], [ 48.37618863728666, 40.639702208650569 ] ] ] } },
{ "type": "Feature", "properties": { "density": 0.7 }, "geometry": { "type": "Polygon", "coordinates": [ [ [ 48.406110495282405, 41.224217168439871 ], [ 48.406577739906254, 41.233209099865228 ], [ 48.394666216431389, 41.233561287608985 ], [ 48.394200597920722, 41.224569245427567 ], [ 48.406110495282405, 41.224217168439871 ] ] ] } },
{ "type": "Feature", "properties": { "density": 0.7 }, "geometry": { "type": "Polygon", "coordinates": [ [ [ 48.454680683029288, 41.691053573492709 ], [ 48.455162415970882, 41.70004431576222 ], [ 48.443165750391124, 41.700404804247363 ], [ 48.442685681999869, 41.691413948858425 ], [ 48.454680683029288, 41.691053573492709 ] ] ] } },
{ "type": "Feature", "properties": { "density": 0.7 }, "geometry": { "type": "Polygon", "coordinates": [ [ [ 48.366549601681584, 39.252885546346256 ], [ 48.366980342651836, 39.261880914537649 ], [ 48.355409009384822, 39.262215269363878 ], [ 48.354979741960264, 39.253219794747729 ], [ 48.366549601681584, 39.252885546346256 ] ] ] } },
{ "type": "Feature", "properties": { "density": 0.7 }, "geometry": { "type": "Polygon", "coordinates": [ [ [ 48.431297716025426, 39.863497965997333 ], [ 48.431746349201937, 39.872491782440619 ], [ 48.420073856451189, 39.872836954658403 ], [ 48.419626741955653, 39.863843028820831 ], [ 48.431297716025426, 39.863497965997333 ] ] ] } },
{ "type": "Feature", "properties": { "density": 0.7 }, "geometry": { "type": "Polygon", "coordinates": [ [ [ 48.452464275861438, 40.052015738917603 ], [ 48.452918695488258, 40.061009062076323 ], [ 48.441214356648238, 40.061357718058275 ], [ 48.440761469938181, 40.052364284538015 ], [ 48.452464275861438, 40.052015738917603 ] ] ] } },
{ "type": "Feature", "properties": { "density": 0.7 }, "geometry": { "type": "Polygon", "coordinates": [ [ [ 48.551964985644844, 40.832556595958302 ], [ 48.55244554452684, 40.841547744814946 ], [ 48.540606251220446, 40.841912176270547 ], [ 48.540127285730122, 40.832920912595903 ], [ 48.551964985644844, 40.832556595958302 ] ] ] } },
{ "type": "Feature", "properties": { "density": 0.7 }, "geometry": { "type": "Polygon", "coordinates": [ [ [ 48.562587617967019, 41.030357538660915 ], [ 48.563072980303865, 41.039348274650145 ], [ 48.551198450399511, 41.039715239876926 ], [ 48.55071469730705, 41.030724388392187 ], [ 48.562587617967019, 41.030357538660915 ] ] ] } },
{ "type": "Feature", "properties": { "density": 0.7 }, "geometry": { "type": "Polygon", "coordinates": [ [ [ 48.586700975498175, 41.254749312677355 ], [ 48.587193490186301, 41.263739460866674 ], [ 48.575278715131063, 41.264110553953508 ], [ 48.574787827804052, 41.255120289102479 ], [ 48.586700975498175, 41.254749312677355 ] ] ] } },
{ "type": "Feature", "properties": { "density": 0.7 }, "geometry": { "type": "Polygon", "coordinates": [ [ [ 48.590647349745822, 41.326669968218859 ], [ 48.591141653466835, 41.335659964946636 ], [ 48.579213833064635, 41.336031992465365 ], [ 48.57872116258784, 41.327041878822762 ], [ 48.590647349745822, 41.326669968218859 ] ] ] } },
{ "type": "Feature", "properties": { "density": 0.7 }, "geometry": { "type": "Polygon", "coordinates": [ [ [ 48.471873112631613, 38.565183253048581 ], [ 48.472306553918749, 38.574178691797925 ], [ 48.460847632364249, 38.574518469038239 ], [ 48.460415614496561, 38.565522921568579 ], [ 48.471873112631613, 38.565183253048581 ] ] ] } },
{ "type": "Feature", "properties": { "density": 0.7 }, "geometry": { "type": "Polygon", "coordinates": [ [ [ 48.472740188674784, 38.583174112565366 ], [ 48.473174016993177, 38.592169515347578 ], [ 48.461712246701275, 38.592509510108592 ], [ 48.461279843068112, 38.583513998552675 ], [ 48.472740188674784, 38.583174112565366 ] ] ] } },
{ "type": "Feature", "properties": { "density": 0.7 }, "geometry": { "type": "Polygon", "coordinates": [ [ [ 48.636099752715872, 41.712464992926179 ], [ 48.636607131424853, 41.721453934055432 ], [ 48.624608838401727, 41.721833519258432 ], [ 48.624103124737246, 41.712844459051553 ], [ 48.636099752715872, 41.712464992926179 ] ] ] } },
{ "type": "Feature", "properties": { "density": 0.7 }, "geometry": { "type": "Polygon", "coordinates": [ [ [ 48.636607131424853, 41.721453934055432 ], [ 48.63711474088052, 41.730442856024808 ], [ 48.625114782059413, 41.730822560338211 ], [ 48.624608838401727, 41.721833519258432 ], [ 48.636607131424853, 41.721453934055432 ] ] ] } },
{ "type": "Feature", "properties": { "density": 0.7 }, "geometry": { "type": "Polygon", "coordinates": [ [ [ 48.63711474088052, 41.730442856024808 ], [ 48.637622581203964, 41.739431758830868 ], [ 48.625620955830996, 41.739811582287437 ], [ 48.625114782059413, 41.730822560338211 ], [ 48.63711474088052, 41.730442856024808 ] ] ] } },
{ "type": "Feature", "properties": { "density": 0.7 }, "geometry": { "type": "Polygon", "coordinates": [ [ [ 48.64067447816069, 41.793364773043216 ], [ 48.641183937956875, 41.802353541608937 ], [ 48.629170625579391, 41.802734199987192 ], [ 48.628662837623196, 41.793745312048294 ], [ 48.64067447816069, 41.793364773043216 ] ] ] } },
{ "type": "Feature", "properties": { "density": 0.7 }, "geometry": { "type": "Polygon", "coordinates": [ [ [ 48.515035891492985, 38.744056307566971 ], [ 48.515477527814355, 38.753051056126225 ], [ 48.50399059255907, 38.753396392463848 ], [ 48.503550392084648, 38.744401533571107 ], [ 48.515035891492985, 38.744056307566971 ] ] ] } },
{ "type": "Feature", "properties": { "density": 0.7 }, "geometry": { "type": "Polygon", "coordinates": [ [ [ 48.520348568035047, 38.851992092990919 ], [ 48.520792577887832, 38.860986623774394 ], [ 48.509288362567702, 38.861333286244886 ], [ 48.508845796245801, 38.852338644799744 ], [ 48.520348568035047, 38.851992092990919 ] ] ] } },
{ "type": "Feature", "properties": { "density": 0.7 }, "geometry": { "type": "Polygon", "coordinates": [ [ [ 48.527029593928695, 38.986908145386678 ], [ 48.527476590247865, 38.995902403270613 ], [ 48.515950644710351, 38.996250728969109 ], [ 48.515505101589739, 38.987256360010086 ], [ 48.527029593928695, 38.986908145386678 ] ] ] } },
{ "type": "Feature", "properties": { "density": 0.7 }, "geometry": { "type": "Polygon", "coordinates": [ [ [ 48.538716712597349, 39.220752920067397 ], [ 48.539168937586894, 39.229746703133522 ], [ 48.527604980867572, 39.230097926550201 ], [ 48.527154226001144, 39.221104031683836 ], [ 48.538716712597349, 39.220752920067397 ] ] ] } },
{ "type": "Feature", "properties": { "density": 0.7 }, "geometry": { "type": "Polygon", "coordinates": [ [ [ 48.545753194864531, 39.130462946681959 ], [ 48.546204864433534, 39.139456800756903 ], [ 48.534655780958552, 39.139808049182946 ], [ 48.534205574879238, 39.130814083225381 ], [ 48.545753194864531, 39.130462946681959 ] ] ] } },
{ "type": "Feature", "properties": { "density": 0.7 }, "geometry": { "type": "Polygon", "coordinates": [ [ [ 48.56002245384267, 39.184072844769751 ], [ 48.560476804792465, 39.193066476567616 ], [ 48.548919129370034, 39.193419540745587 ], [ 48.548466245727106, 39.184425796533546 ], [ 48.56002245384267, 39.184072844769751 ] ] ] } },
{ "type": "Feature", "properties": { "density": 0.7 }, "geometry": { "type": "Polygon", "coordinates": [ [ [ 48.583957447424687, 39.426537302137895 ], [ 48.584418808967349, 39.435530323728862 ], [ 48.572821474142479, 39.435887587455206 ], [ 48.572361597570023, 39.426894452316759 ], [ 48.583957447424687, 39.426537302137895 ] ] ] } },
{ "type": "Feature", "properties": { "density": 0.7 }, "geometry": { "type": "Polygon", "coordinates": [ [ [ 48.584880377240445, 39.444523326848604 ], [ 48.585342152346136, 39.453516311493658 ], [ 48.573741845593332, 39.453873802401247 ], [ 48.57328155678298, 39.444880704151174 ], [ 48.584880377240445, 39.444523326848604 ] ] ] } },
{ "type": "Feature", "properties": { "density": 0.7 }, "geometry": { "type": "Polygon", "coordinates": [ [ [ 48.616115893540709, 39.821849389822034 ], [ 48.616587963164477, 39.830841480232749 ], [ 48.60492484053168, 39.831204938513842 ], [ 48.60445428522835, 39.822212732904731 ], [ 48.616115893540709, 39.821849389822034 ] ] ] } },
{ "type": "Feature", "properties": { "density": 0.7 }, "geometry": { "type": "Polygon", "coordinates": [ [ [ 48.645303900837135, 40.370332646815491 ], [ 48.645789097314172, 40.379323593098931 ], [ 48.634032308469195, 40.379694135114065 ], [ 48.6335486682202, 40.370703071794665 ], [ 48.645303900837135, 40.370332646815491 ] ] ] } },
{ "type": "Feature", "properties": { "density": 0.7 }, "geometry": { "type": "Polygon", "coordinates": [ [ [ 48.614602849711453, 39.569702011161311 ], [ 48.615070522144862, 39.578694507680822 ], [ 48.603449754903863, 39.579055910912786 ], [ 48.602983577871257, 39.570063299649746 ], [ 48.614602849711453, 39.569702011161311 ] ] ] } },
{ "type": "Feature", "properties": { "density": 0.7 }, "geometry": { "type": "Polygon", "coordinates": [ [ [ 48.627303918691062, 39.8124928838958 ], [ 48.627777289985907, 39.821484877416786 ], [ 48.616115893540709, 39.821849389822034 ], [ 48.615644035784136, 39.812857280762785 ], [ 48.627303918691062, 39.8124928838958 ] ] ] } },
{ "type": "Feature", "properties": { "density": 0.7 }, "geometry": { "type": "Polygon", "coordinates": [ [ [ 48.637767348687078, 40.010312421325679 ], [ 48.638245420566797, 40.019304003121192 ], [ 48.626550554554143, 40.019671064906767 ], [ 48.626074011171298, 40.010679366916115 ], [ 48.637767348687078, 40.010312421325679 ] ] ] } },
{ "type": "Feature", "properties": { "density": 0.7 }, "geometry": { "type": "Polygon", "coordinates": [ [ [ 48.649460471415047, 40.009944298696503 ], [ 48.649940071683893, 40.01893576392542 ], [ 48.638245420566797, 40.019304003121192 ], [ 48.637767348687078, 40.010312421325679 ], [ 48.649460471415047, 40.009944298696503 ] ] ] } },
{ "type": "Feature", "properties": { "density": 0.7 }, "geometry": { "type": "Polygon", "coordinates": [ [ [ 48.679100014514098, 40.342242327439209 ], [ 48.679589217681382, 40.351232977211822 ], [ 48.667837752244125, 40.351606741876445 ], [ 48.667350102881684, 40.342615974034722 ], [ 48.679100014514098, 40.342242327439209 ] ] ] } },
{ "type": "Feature", "properties": { "density": 0.7 }, "geometry": { "type": "Polygon", "coordinates": [ [ [ 48.701833109554968, 40.755792553800575 ], [ 48.702332564650632, 40.764782328371034 ], [ 48.690508865671902, 40.765161557925545 ], [ 48.690010996780892, 40.756171663845137 ], [ 48.701833109554968, 40.755792553800575 ] ] ] } },
{ "type": "Feature", "properties": { "density": 0.7 }, "geometry": { "type": "Polygon", "coordinates": [ [ [ 48.694289649450866, 40.404800810782412 ], [ 48.69478195585733, 40.413791209196177 ], [ 48.683019815380966, 40.414166994930113 ], [ 48.682529067549495, 40.405176477854845 ], [ 48.694289649450866, 40.404800810782412 ] ] ] } },
{ "type": "Feature", "properties": { "density": 0.7 }, "geometry": { "type": "Polygon", "coordinates": [ [ [ 48.703185194085542, 40.566625071994721 ], [ 48.703681510388897, 40.575615127824079 ], [ 48.691891195732182, 40.575993054806922 ], [ 48.691396450635551, 40.56700287975282 ], [ 48.703185194085542, 40.566625071994721 ] ] ] } },
{ "type": "Feature", "properties": { "density": 0.7 }, "geometry": { "type": "Polygon", "coordinates": [ [ [ 48.723468416869792, 40.719072380267342 ], [ 48.72397013729573, 40.728061991338357 ], [ 48.712153229748196, 40.728443156832405 ], [ 48.711653092449282, 40.719453425620166 ], [ 48.723468416869792, 40.719072380267342 ] ] ] } },
{ "type": "Feature", "properties": { "density": 0.7 }, "geometry": { "type": "Polygon", "coordinates": [ [ [ 48.757590111193601, 41.321333787234273 ], [ 48.758107267943195, 41.330322106611426 ], [ 48.746182652701123, 41.330711395148093 ], [ 48.745667127532201, 41.321722953451427 ], [ 48.757590111193601, 41.321333787234273 ] ] ] } },
{ "type": "Feature", "properties": { "density": 0.7 }, "geometry": { "type": "Polygon", "coordinates": [ [ [ 48.764905793703122, 41.032923146362862 ], [ 48.765418727524853, 41.041911841020436 ], [ 48.753546421892821, 41.042299671854337 ], [ 48.753035096065247, 41.033310855163407 ], [ 48.764905793703122, 41.032923146362862 ] ] ] } },
{ "type": "Feature", "properties": { "density": 0.7 }, "geometry": { "type": "Polygon", "coordinates": [ [ [ 48.792835838981844, 41.31117092707337 ], [ 48.793357653196104, 41.32015889667673 ], [ 48.781435374760875, 41.320551758777249 ], [ 48.78091519102599, 41.311563665730574 ], [ 48.792835838981844, 41.31117092707337 ] ] ] } },
{ "type": "Feature", "properties": { "density": 0.7 }, "geometry": { "type": "Polygon", "coordinates": [ [ [ 48.662030821363494, 38.694499250725798 ], [ 48.66249008856056, 38.703492624718265 ], [ 48.651012934085578, 38.7038520228487 ], [ 48.650555098284144, 38.694858534002783 ], [ 48.662030821363494, 38.694499250725798 ] ] ] } },
{ "type": "Feature", "properties": { "density": 0.7 }, "geometry": { "type": "Polygon", "coordinates": [ [ [ 48.802664842580334, 41.274825378628108 ], [ 48.803187339257242, 41.283813302496831 ], [ 48.791271814387819, 41.284206901304394 ], [ 48.790750945131002, 41.275218853740839 ], [ 48.802664842580334, 41.274825378628108 ] ] ] } },
{ "type": "Feature", "properties": { "density": 0.7 }, "geometry": { "type": "Polygon", "coordinates": [ [ [ 48.81474239212509, 41.481542682938183 ], [ 48.815270366187605, 41.490530156946612 ], [ 48.803317207422886, 41.490926610017361 ], [ 48.802790877748564, 41.481939011538906 ], [ 48.81474239212509, 41.481542682938183 ] ] ] } },
{ "type": "Feature", "properties": { "density": 0.7 }, "geometry": { "type": "Polygon", "coordinates": [ [ [ 48.815270366187605, 41.490530156946612 ], [ 48.815798579887385, 41.499517611350882 ], [ 48.803843775992156, 41.499914188925594 ], [ 48.803317207422886, 41.490926610017361 ], [ 48.815270366187605, 41.490530156946612 ] ] ] } },
{ "type": "Feature", "properties": { "density": 0.7 }, "geometry": { "type": "Polygon", "coordinates": [ [ [ 48.816327033349367, 41.508505046147235 ], [ 48.816855726698606, 41.517492461331891 ], [ 48.804897630313896, 41.517889288016448 ], [ 48.804370583580933, 41.508901748259873 ], [ 48.816327033349367, 41.508505046147235 ] ] ] } },
{ "type": "Feature", "properties": { "density": 0.7 }, "geometry": { "type": "Polygon", "coordinates": [ [ [ 48.816855726698606, 41.517492461331891 ], [ 48.817384660060256, 41.526479856901119 ], [ 48.805424916315793, 41.526876808191595 ], [ 48.804897630313896, 41.517889288016448 ], [ 48.816855726698606, 41.517492461331891 ] ] ] } },
{ "type": "Feature", "properties": { "density": 0.7 }, "geometry": { "type": "Polygon", "coordinates": [ [ [ 48.817384660060256, 41.526479856901119 ], [ 48.817913833559544, 41.535467232851133 ], [ 48.80595244171149, 41.535864308781562 ], [ 48.805424916315793, 41.526876808191595 ], [ 48.817384660060256, 41.526479856901119 ] ] ] } },
{ "type": "Feature", "properties": { "density": 0.7 }, "geometry": { "type": "Polygon", "coordinates": [ [ [ 48.663422814218514, 38.496282477057441 ], [ 48.663879012353782, 38.505276141988972 ], [ 48.652433405059206, 38.505634135673205 ], [ 48.651978624302544, 38.496640356151048 ], [ 48.663422814218514, 38.496282477057441 ] ] ] } },
{ "type": "Feature", "properties": { "density": 0.7 }, "geometry": { "type": "Polygon", "coordinates": [ [ [ 48.683224338036773, 38.882993388254476 ], [ 48.683689377276018, 38.891986257731574 ], [ 48.672182223228333, 38.892349205560244 ], [ 48.671718628708255, 38.883356220271807 ], [ 48.683224338036773, 38.882993388254476 ] ] ] } },
{ "type": "Feature", "properties": { "density": 0.7 }, "geometry": { "type": "Polygon", "coordinates": [ [ [ 48.685551613334844, 38.927957549827163 ], [ 48.686017692631467, 38.936950326379943 ], [ 48.67450330534318, 38.937313853696899 ], [ 48.674038673981684, 38.928320961188859 ], [ 48.685551613334844, 38.927957549827163 ] ] ] } },
{ "type": "Feature", "properties": { "density": 0.7 }, "geometry": { "type": "Polygon", "coordinates": [ [ [ 48.674409389347709, 38.486929914129426 ], [ 48.674866800705558, 38.495923482562759 ], [ 48.663422814218514, 38.496282477057441 ], [ 48.662966819512178, 38.487288793705588 ], [ 48.674409389347709, 38.486929914129426 ] ] ] } },
{ "type": "Feature", "properties": { "density": 0.7 }, "geometry": { "type": "Polygon", "coordinates": [ [ [ 48.7017490311991, 39.017518769713817 ], [ 48.702218652518283, 39.026511243543425 ], [ 48.690689959734911, 39.026877068556232 ], [ 48.690221792703902, 39.017884478121196 ], [ 48.7017490311991, 39.017518769713817 ] ] ] } },
{ "type": "Feature", "properties": { "density": 0.7 }, "geometry": { "type": "Polygon", "coordinates": [ [ [ 48.702688483819017, 39.035503698712425 ], [ 48.703158525203911, 39.044496135217209 ], [ 48.691626921902376, 39.044862193528147 ], [ 48.691158336100308, 39.035869640359742 ], [ 48.702688483819017, 39.035503698712425 ] ] ] } },
{ "type": "Feature", "properties": { "density": 0.7 }, "geometry": { "type": "Polygon", "coordinates": [ [ [ 48.705983191035415, 39.098450362095122 ], [ 48.706454705888433, 39.107442667849291 ], [ 48.694912895351266, 39.107809543621897 ], [ 48.694442840622244, 39.098817120999918 ], [ 48.705983191035415, 39.098450362095122 ] ] ] } },
{ "type": "Feature", "properties": { "density": 0.7 }, "geometry": { "type": "Polygon", "coordinates": [ [ [ 48.791754014784402, 40.041395076472277 ], [ 48.792252842981163, 40.050385037299392 ], [ 48.780554708809369, 40.050767884781891 ], [ 48.780057410415516, 40.041777802807765 ], [ 48.791754014784402, 40.041395076472277 ] ] ] } },
{ "type": "Feature", "properties": { "density": 0.7 }, "geometry": { "type": "Polygon", "coordinates": [ [ [ 48.78953123244915, 39.789287891538578 ], [ 48.790025338319253, 39.798278266947499 ], [ 48.778370002373983, 39.798658901788222 ], [ 48.777877407178103, 39.78966840573429 ], [ 48.78953123244915, 39.789287891538578 ] ] ] } },
{ "type": "Feature", "properties": { "density": 0.7 }, "geometry": { "type": "Polygon", "coordinates": [ [ [ 48.810979430527539, 40.175856744316221 ], [ 48.811483173978495, 40.184846295221753 ], [ 48.799762236401577, 40.185232147316214 ], [ 48.799260032937497, 40.176242474418416 ], [ 48.810979430527539, 40.175856744316221 ] ] ] } },
{ "type": "Feature", "properties": { "density": 0.7 }, "geometry": { "type": "Polygon", "coordinates": [ [ [ 48.790828083203117, 39.600106456056665 ], [ 48.791319053494171, 39.609097111257213 ], [ 48.779695520027026, 39.60947637892022 ], [ 48.779206046210746, 39.600485603353668 ], [ 48.790828083203117, 39.600106456056665 ] ] ] } },
{ "type": "Feature", "properties": { "density": 0.7 }, "geometry": { "type": "Polygon", "coordinates": [ [ [ 48.791319053494171, 39.609097111257213 ], [ 48.791810243932737, 39.618087747409135 ], [ 48.780185213323207, 39.618467135468826 ], [ 48.779695520027026, 39.60947637892022 ], [ 48.791319053494171, 39.609097111257213 ] ] ] } },
{ "type": "Feature", "properties": { "density": 0.7 }, "geometry": { "type": "Polygon", "coordinates": [ [ [ 48.867840343695264, 40.759346258620063 ], [ 48.868362228900637, 40.768334300657045 ], [ 48.856540167141667, 40.768730567125907 ], [ 48.856019867205212, 40.759742400236341 ], [ 48.867840343695264, 40.759346258620063 ] ] ] } },
{ "type": "Feature", "properties": { "density": 0.7 }, "geometry": { "type": "Polygon", "coordinates": [ [ [ 48.900784953965307, 41.118450253808732 ], [ 48.901317973488126, 41.127437383505566 ], [ 48.889432153909553, 41.127839894599688 ], [ 48.888900748289636, 41.118852638325016 ], [ 48.900784953965307, 41.118450253808732 ] ] ] } },
{ "type": "Feature", "properties": { "density": 0.7 }, "geometry": { "type": "Polygon", "coordinates": [ [ [ 48.930982955212265, 41.423593613036083 ], [ 48.931525886594471, 41.43257994065015 ], [ 48.919585005217805, 41.43298801191883 ], [ 48.919043712517862, 41.424001556170786 ], [ 48.930982955212265, 41.423593613036083 ] ] ] } },
{ "type": "Feature", "properties": { "density": 0.7 }, "geometry": { "type": "Polygon", "coordinates": [ [ [ 48.946739133301065, 41.486087408578364 ], [ 48.947285435105172, 41.495073467864543 ], [ 48.935333309421353, 41.495483675810732 ], [ 48.9347886513522, 41.486497487758861 ], [ 48.946739133301065, 41.486087408578364 ] ] ] } },
{ "type": "Feature", "properties": { "density": 0.7 }, "geometry": { "type": "Polygon", "coordinates": [ [ [ 48.952678342992655, 41.386829539215491 ], [ 48.953223561593049, 41.395815689344523 ], [ 48.941289722797585, 41.396225717229989 ], [ 48.940746139671177, 41.387239438334056 ], [ 48.952678342992655, 41.386829539215491 ] ] ] } },
{ "type": "Feature", "properties": { "density": 0.7 }, "geometry": { "type": "Polygon", "coordinates": [ [ [ 48.955406909755432, 41.431760090024483 ], [ 48.955953365879807, 41.440746140215424 ], [ 48.94401133864649, 41.441156812460676 ], [ 48.943466521686673, 41.432170633327672 ], [ 48.955406909755432, 41.431760090024483 ] ] ] } },
{ "type": "Feature", "properties": { "density": 0.7 }, "geometry": { "type": "Polygon", "coordinates": [ [ [ 48.800264057912244, 38.482908663189399 ], [ 48.800737045887246, 38.491900944036395 ], [ 48.789295338622154, 38.492272203920429 ], [ 48.788823766201588, 38.483279804241697 ], [ 48.800264057912244, 38.482908663189399 ] ] ] } },
{ "type": "Feature", "properties": { "density": 0.7 }, "geometry": { "type": "Polygon", "coordinates": [ [ [ 48.804528553266913, 38.563838515013749 ], [ 48.805003443664759, 38.572830626854596 ], [ 48.793548968100659, 38.573202957534029 ], [ 48.793075498922668, 38.564210726599306 ], [ 48.804528553266913, 38.563838515013749 ] ] ] } },
{ "type": "Feature", "properties": { "density": 0.7 }, "geometry": { "type": "Polygon", "coordinates": [ [ [ 48.901120474614878, 40.109807837320531 ], [ 48.901634912223365, 40.118796535359486 ], [ 48.889926565859291, 40.11919097994803 ], [ 48.889413662505632, 40.110202157162178 ], [ 48.901120474614878, 40.109807837320531 ] ] ] } },
{ "type": "Feature", "properties": { "density": 0.7 }, "geometry": { "type": "Polygon", "coordinates": [ [ [ 48.861888671137137, 39.201466617775893 ], [ 48.862381797407785, 39.210457142101056 ], [ 48.850825223535381, 39.210840290846171 ], [ 48.850333563831413, 39.201849644585522 ], [ 48.861888671137137, 39.201466617775893 ] ] ] } },
{ "type": "Feature", "properties": { "density": 0.7 }, "geometry": { "type": "Polygon", "coordinates": [ [ [ 48.870798791198609, 39.363293125989451 ], [ 48.871295905701338, 39.372283305431672 ], [ 48.859712821693726, 39.372668654267322 ], [ 48.859217185556581, 39.363678352335867 ], [ 48.870798791198609, 39.363293125989451 ] ] ] } },
{ "type": "Feature", "properties": { "density": 0.7 }, "geometry": { "type": "Polygon", "coordinates": [ [ [ 48.905039454079237, 39.767440206106393 ], [ 48.905548203849065, 39.776429393598669 ], [ 48.893898134520178, 39.77682145302208 ], [ 48.893390892957868, 39.767832141262403 ], [ 48.905039454079237, 39.767440206106393 ] ] ] } },
{ "type": "Feature", "properties": { "density": 0.7 }, "geometry": { "type": "Polygon", "coordinates": [ [ [ 48.905548203849065, 39.776429393598669 ], [ 48.906057181916751, 39.78541856168809 ], [ 48.894405603707206, 39.785810745410728 ], [ 48.893898134520178, 39.77682145302208 ], [ 48.905548203849065, 39.776429393598669 ] ] ] } },
{ "type": "Feature", "properties": { "density": 0.7 }, "geometry": { "type": "Polygon", "coordinates": [ [ [ 48.906057181916751, 39.78541856168809 ], [ 48.906566388396058, 39.79440771037072 ], [ 48.894913300632368, 39.794800018424468 ], [ 48.894405603707206, 39.785810745410728 ], [ 48.906057181916751, 39.78541856168809 ] ] ] } },
{ "type": "Feature", "properties": { "density": 0.7 }, "geometry": { "type": "Polygon", "coordinates": [ [ [ 48.906566388396058, 39.79440771037072 ], [ 48.907075823400803, 39.803396839642687 ], [ 48.895421225409187, 39.803789272059404 ], [ 48.894913300632368, 39.794800018424468 ], [ 48.906566388396058, 39.79440771037072 ] ] ] } },
{ "type": "Feature", "properties": { "density": 0.7 }, "geometry": { "type": "Polygon", "coordinates": [ [ [ 48.912182767452315, 39.893287063914286 ], [ 48.912694723774308, 39.90227597941054 ], [ 48.901023468709369, 39.902669781929511 ], [ 48.900513030049098, 39.893680741718356 ], [ 48.912182767452315, 39.893287063914286 ] ] ] } },
{ "type": "Feature", "properties": { "density": 0.7 }, "geometry": { "type": "Polygon", "coordinates": [ [ [ 48.947712482711253, 40.306356342145271 ], [ 48.948236683670707, 40.31534423193623 ], [ 48.936495113253542, 40.315744994834972 ], [ 48.935972461366717, 40.306756978458786 ], [ 48.947712482711253, 40.306356342145271 ] ] ] } },
{ "type": "Feature", "properties": { "density": 0.7 }, "geometry": { "type": "Polygon", "coordinates": [ [ [ 48.948761120597375, 40.32433210205533 ], [ 48.949285793610507, 40.333319952498627 ], [ 48.937541122967573, 40.333720968667116 ], [ 48.937018000414199, 40.324732991572397 ], [ 48.948761120597375, 40.32433210205533 ] ] ] } },
{ "type": "Feature", "properties": { "density": 0.7 }, "geometry": { "type": "Polygon", "coordinates": [ [ [ 48.996290561877032, 40.926063715031447 ], [ 48.996832926673783, 40.935050108792268 ], [ 48.984983020899847, 40.935460901471409 ], [ 48.984442253721035, 40.926474378416223 ], [ 48.996290561877032, 40.926063715031447 ] ] ] } },
{ "type": "Feature", "properties": { "density": 0.7 }, "geometry": { "type": "Polygon", "coordinates": [ [ [ 48.999004838376088, 40.970995483964799 ], [ 48.999548430060784, 40.979981777769908 ], [ 48.987690525422501, 40.980393217439413 ], [ 48.987148534948503, 40.971406794167024 ], [ 48.999004838376088, 40.970995483964799 ] ] ] } },
{ "type": "Feature", "properties": { "density": 0.7 }, "geometry": { "type": "Polygon", "coordinates": [ [ [ 48.883724944681603, 38.543219153682813 ], [ 48.884209348442631, 38.552210459887419 ], [ 48.872759209723505, 38.552590371177125 ], [ 48.872276225200615, 38.543598943444493 ], [ 48.883724944681603, 38.543219153682813 ] ] ] } },
{ "type": "Feature", "properties": { "density": 0.7 }, "geometry": { "type": "Polygon", "coordinates": [ [ [ 48.884693968300319, 38.561201747095609 ], [ 48.885178804358908, 38.570193015303481 ], [ 48.873725825273596, 38.570573169738587 ], [ 48.873242409713193, 38.561581779943118 ], [ 48.884693968300319, 38.561201747095609 ] ] ] } },
{ "type": "Feature", "properties": { "density": 0.7 }, "geometry": { "type": "Polygon", "coordinates": [ [ [ 48.88566385672268, 38.579184264507134 ], [ 48.886149125496033, 38.58817549470271 ], [ 48.874693303522641, 38.588555892402482 ], [ 48.874209456508716, 38.579564540559659 ], [ 48.88566385672268, 38.579184264507134 ] ] ] } },
{ "type": "Feature", "properties": { "density": 0.7 }, "geometry": { "type": "Polygon", "coordinates": [ [ [ 48.887606231318372, 38.615149071201955 ], [ 48.888092366775261, 38.624140225326258 ], [ 48.876630851450365, 38.624521109913694 ], [ 48.876146140279019, 38.615529834022652 ], [ 48.887606231318372, 38.615149071201955 ] ] ] } },
{ "type": "Feature", "properties": { "density": 0.7 }, "geometry": { "type": "Polygon", "coordinates": [ [ [ 48.901792619050411, 38.87588480138561 ], [ 48.902285088391345, 38.88487540212855 ], [ 48.890781992508941, 38.885259831036564 ], [ 48.890290965913316, 38.876269107652199 ], [ 48.901792619050411, 38.87588480138561 ] ] ] } },
{ "type": "Feature", "properties": { "density": 0.7 }, "geometry": { "type": "Polygon", "coordinates": [ [ [ 48.963795112566075, 39.774451604602582 ], [ 48.964311633324122, 39.783440145671548 ], [ 48.952661203905564, 39.783838161634968 ], [ 48.952146191456094, 39.77484949442546 ], [ 48.963795112566075, 39.774451604602582 ] ] ] } },
{ "type": "Feature", "properties": { "density": 0.7 }, "geometry": { "type": "Polygon", "coordinates": [ [ [ 48.964311633324122, 39.783440145671548 ], [ 48.964828385859867, 39.792428667173027 ], [ 48.95317644745969, 39.792826809309325 ], [ 48.952661203905564, 39.783838161634968 ], [ 48.964311633324122, 39.783440145671548 ] ] ] } },
{ "type": "Feature", "properties": { "density": 0.7 }, "geometry": { "type": "Polygon", "coordinates": [ [ [ 48.964828385859867, 39.792428667173027 ], [ 48.965345370288809, 39.801417169103019 ], [ 48.953691922233624, 39.801815437444539 ], [ 48.95317644745969, 39.792826809309325 ], [ 48.964828385859867, 39.792428667173027 ] ] ] } },
{ "type": "Feature", "properties": { "density": 0.7 }, "geometry": { "type": "Polygon", "coordinates": [ [ [ 49.223355180724802, 40.575767700327191 ], [ 49.223921277106271, 40.584752075516221 ], [ 49.212136775830864, 40.585183163420048 ], [ 49.211572247415006, 40.576198652328237 ], [ 49.223355180724802, 40.575767700327191 ] ] ] } },
{ "type": "Feature", "properties": { "density": 0.7 }, "geometry": { "type": "Polygon", "coordinates": [ [ [ 49.37174825333674, 40.858389126843427 ], [ 49.372340068104037, 40.86737130917296 ], [ 49.360507911623031, 40.867820076493821 ], [ 49.359917685986659, 40.858837752935024 ], [ 49.37174825333674, 40.858389126843427 ] ] ] } },
{ "type": "Feature", "properties": { "density": 0.7 }, "geometry": { "type": "Polygon", "coordinates": [ [ [ 49.437092938327815, 40.414659552095621 ], [ 49.437684257312476, 40.423641634410792 ], [ 49.4259312418775, 40.424093052879122 ], [ 49.425341476481663, 40.415110828159669 ], [ 49.437092938327815, 40.414659552095621 ] ] ] } },
{ "type": "Feature", "properties": { "density": 0.65 }, "geometry": { "type": "Polygon", "coordinates": [ [ [ 48.459969073324871, 41.114540433208063 ], [ 48.460441870357528, 41.123532027984425 ], [ 48.448550871473664, 41.123889013431466 ], [ 48.448079691230397, 41.114897306335919 ], [ 48.459969073324871, 41.114540433208063 ] ] ] } },
{ "type": "Feature", "properties": { "density": 0.62 }, "geometry": { "type": "Polygon", "coordinates": [ [ [ 48.483783288851384, 41.338963803447719 ], [ 48.484263106745836, 41.347954819832786 ], [ 48.472331667144694, 41.348315857546879 ], [ 48.47185348426251, 41.339324727694198 ], [ 48.483783288851384, 41.338963803447719 ] ] ] } },
{ "type": "Feature", "properties": { "density": 0.6 }, "geometry": { "type": "Polygon", "coordinates": [ [ [ 46.549311263830681, 40.894886823985694 ], [ 46.54952144503067, 40.9038919199117 ], [ 46.537652588634465, 40.904050813958065 ], [ 46.537444015805676, 40.895045667909372 ], [ 46.549311263830681, 40.894886823985694 ] ] ] } },
{ "type": "Feature", "properties": { "density": 0.6 }, "geometry": { "type": "Polygon", "coordinates": [ [ [ 48.0355596736105, 41.207573956449529 ], [ 48.035975893255952, 41.216569194566297 ], [ 48.02406305524903, 41.216882935124325 ], [ 48.023648462722626, 41.207887598298448 ], [ 48.0355596736105, 41.207573956449529 ] ] ] } },
{ "type": "Feature", "properties": { "density": 0.6 }, "geometry": { "type": "Polygon", "coordinates": [ [ [ 48.047299071615562, 40.946079187096501 ], [ 48.047713073266735, 40.955074736218201 ], [ 48.035847497266609, 40.955388063396178 ], [ 48.035435101387861, 40.946392415566443 ], [ 48.047299071615562, 40.946079187096501 ] ] ] } },
{ "type": "Feature", "properties": { "density": 0.55 }, "geometry": { "type": "Polygon", "coordinates": [ [ [ 46.545304253741854, 39.687760778137324 ], [ 46.545505138917704, 39.696767775419332 ], [ 46.53384564508152, 39.69692241010592 ], [ 46.533646273956187, 39.687915363688141 ], [ 46.545304253741854, 39.687760778137324 ] ] ] } },
{ "type": "Feature", "properties": { "density": 0.55 }, "geometry": { "type": "Polygon", "coordinates": [ [ [ 48.032651411057117, 41.144606798243444 ], [ 48.033066312643662, 41.153602159189262 ], [ 48.021164849053783, 41.153915209343189 ], [ 48.020751569451036, 41.144919749874681 ], [ 48.032651411057117, 41.144606798243444 ] ] ] } },
{ "type": "Feature", "properties": { "density": 0.55 }, "geometry": { "type": "Polygon", "coordinates": [ [ [ 48.831629108157344, 39.28352958503126 ], [ 48.832119806446663, 39.292520302615671 ], [ 48.820549343129265, 39.292901110181823 ], [ 48.82006011761807, 39.283910271475953 ], [ 48.831629108157344, 39.28352958503126 ] ] ] } },
{ "type": "Feature", "properties": { "density": 0.52 }, "geometry": { "type": "Polygon", "coordinates": [ [ [ 47.513565270216489, 40.337445217056519 ], [ 47.513899559493595, 40.346445797257786 ], [ 47.502135988958514, 40.34670103125287 ], [ 47.501803259970245, 40.33770037033419 ], [ 47.513565270216489, 40.337445217056519 ] ] ] } },
{ "type": "Feature", "properties": { "density": 0.5 }, "geometry": { "type": "Polygon", "coordinates": [ [ [ 47.045700543338377, 40.824094646599875 ], [ 47.045977349257846, 40.833097399549061 ], [ 47.034124342720709, 40.833307082891061 ], [ 47.033849137724026, 40.824304263790914 ], [ 47.045700543338377, 40.824094646599875 ] ] ] } },
{ "type": "Feature", "properties": { "density": 0.5 }, "geometry": { "type": "Polygon", "coordinates": [ [ [ 48.522570602462409, 38.896964565176752 ], [ 48.523015605380202, 38.905959005077662 ], [ 48.511504162764446, 38.906306221268586 ], [ 48.511060606592302, 38.897311670568598 ], [ 48.522570602462409, 38.896964565176752 ] ] ] } },
{ "type": "Feature", "properties": { "density": 0.5 }, "geometry": { "type": "Polygon", "coordinates": [ [ [ 48.650653101924142, 40.469232017827807 ], [ 48.651140708812932, 40.478222756413196 ], [ 48.639366755334251, 40.478594587852349 ], [ 48.638880712367488, 40.469603731892583 ], [ 48.650653101924142, 40.469232017827807 ] ] ] } },
{ "type": "Feature", "properties": { "density": 0.5 }, "geometry": { "type": "Polygon", "coordinates": [ [ [ 49.057673864750328, 40.374590472159532 ], [ 49.058213943020775, 40.383577045955739 ], [ 49.046462112396384, 40.383989542842208 ], [ 49.045923587663985, 40.375002838825033 ], [ 49.057673864750328, 40.374590472159532 ] ] ] } },
{ "type": "Feature", "properties": { "density": 0.45 }, "geometry": { "type": "Polygon", "coordinates": [ [ [ 48.587694947536377, 39.948828308892836 ], [ 48.588165422641204, 39.957820483590559 ], [ 48.57648039200847, 39.958182032760931 ], [ 48.576011441048607, 39.949189743561547 ], [ 48.587694947536377, 39.948828308892836 ] ] ] } },
{ "type": "Feature", "properties": { "density": 0.45 }, "geometry": { "type": "Polygon", "coordinates": [ [ [ 46.595674467715511, 39.849250801184731 ], [ 46.59588308981327, 39.858257329538816 ], [ 46.584196594989599, 39.858417558328213 ], [ 46.583989499047945, 39.849410979117081 ], [ 46.595674467715511, 39.849250801184731 ] ] ] } },
{ "type": "Feature", "properties": { "density": 0.45 }, "geometry": { "type": "Polygon", "coordinates": [ [ [ 48.046471629912922, 40.928088036258274 ], [ 48.046885257196386, 40.937083620442323 ], [ 48.035022892017366, 40.937396750230633 ], [ 48.034610869059208, 40.928401067391356 ], [ 48.046471629912922, 40.928088036258274 ] ] ] } },
{ "type": "Feature", "properties": { "density": 0.45 }, "geometry": { "type": "Polygon", "coordinates": [ [ [ 48.050201020446671, 41.009047662619189 ], [ 48.050616335423854, 41.018043088940068 ], [ 48.03873949872068, 41.018357107815852 ], [ 48.038325794592538, 41.009361582601464 ], [ 48.050201020446671, 41.009047662619189 ] ] ] } },
{ "type": "Feature", "properties": { "density": 0.45 }, "geometry": { "type": "Polygon", "coordinates": [ [ [ 48.505869392933221, 41.527406667006268 ], [ 48.506355455363341, 41.536397176148448 ], [ 48.494389729402336, 41.536761846316153 ], [ 48.493905317453169, 41.527771222666637 ], [ 48.505869392933221, 41.527406667006268 ] ] ] } },
{ "type": "Feature", "properties": { "density": 0.45 }, "geometry": { "type": "Polygon", "coordinates": [ [ [ 48.744925387363892, 38.520724598183037 ], [ 48.745392128482422, 38.529717395134575 ], [ 48.733943705257218, 38.530083549262699 ], [ 48.733478382712711, 38.521090635143061 ], [ 48.744925387363892, 38.520724598183037 ] ] ] } },
{ "type": "Feature", "properties": { "density": 0.45 }, "geometry": { "type": "Polygon", "coordinates": [ [ [ 48.774309933020277, 38.86206611245634 ], [ 48.774786100763983, 38.871058080104568 ], [ 48.76328351433547, 38.871429838030366 ], [ 48.762808789210403, 38.862437751752452 ], [ 48.774309933020277, 38.86206611245634 ] ] ] } },
{ "type": "Feature", "properties": { "density": 0.45 }, "geometry": { "type": "Polygon", "coordinates": [ [ [ 48.79922907732184, 38.8972862492679 ], [ 48.799708986706442, 38.906277903106137 ], [ 48.788201050337726, 38.906652398518666 ], [ 48.787722585931284, 38.897660625213611 ], [ 48.79922907732184, 38.8972862492679 ] ] ] } },
{ "type": "Feature", "properties": { "density": 0.45 }, "geometry": { "type": "Polygon", "coordinates": [ [ [ 48.825548122454911, 38.743301452353776 ], [ 48.826028703967829, 38.752293067492239 ], [ 48.814545885045, 38.752668911220333 ], [ 48.814066737325696, 38.743677176042446 ], [ 48.825548122454911, 38.743301452353776 ] ] ] } },
{ "type": "Feature", "properties": { "density": 0.45 }, "geometry": { "type": "Polygon", "coordinates": [ [ [ 49.059497285835114, 41.374099932908074 ], [ 49.060056964127327, 41.383084927063045 ], [ 49.048127011396005, 41.383505929309599 ], [ 49.047568966671804, 41.37452080295072 ], [ 49.059497285835114, 41.374099932908074 ] ] ] } },
{ "type": "Feature", "properties": { "density": 0.45 }, "geometry": { "type": "Polygon", "coordinates": [ [ [ 48.927274251479318, 38.920064380019831 ], [ 48.927770713495519, 38.929054638354138 ], [ 48.916260835985284, 38.929441944342301 ], [ 48.915765819708135, 38.920451562495117 ], [ 48.927274251479318, 38.920064380019831 ] ] ] } },
{ "type": "Feature", "properties": { "density": 0.45 }, "geometry": { "type": "Polygon", "coordinates": [ [ [ 49.086842670090974, 41.238058551591138 ], [ 49.087403424862913, 41.247043452360813 ], [ 49.075498656107357, 41.247466157687597 ], [ 49.074939523515219, 41.238481124097831 ], [ 49.086842670090974, 41.238058551591138 ] ] ] } },
{ "type": "Feature", "properties": { "density": 0.45 }, "geometry": { "type": "Polygon", "coordinates": [ [ [ 50.132667330659899, 40.421822311036813 ], [ 50.133351290016641, 40.430795237254856 ], [ 50.121608977476065, 40.43131741712498 ], [ 50.120926565926119, 40.422344326354725 ], [ 50.132667330659899, 40.421822311036813 ] ] ] } },
{ "type": "Feature", "properties": { "density": 0.45 }, "geometry": { "type": "Polygon", "coordinates": [ [ [ 50.324023988195805, 40.458159708302013 ], [ 50.324734285767256, 40.467129829745204 ], [ 50.312989240732605, 40.467671844892322 ], [ 50.312280491881317, 40.458701552734823 ], [ 50.324023988195805, 40.458159708302013 ] ] ] } },
{ "type": "Feature", "properties": { "density": 0.4 }, "geometry": { "type": "Polygon", "coordinates": [ [ [ 46.59020559172486, 41.605913656428591 ], [ 46.590426779168794, 41.614917460413849 ], [ 46.578428730011062, 41.615082860603536 ], [ 46.578209209492151, 41.606079004622941 ], [ 46.59020559172486, 41.605913656428591 ] ] ] } },
{ "type": "Feature", "properties": { "density": 0.4 }, "geometry": { "type": "Polygon", "coordinates": [ [ [ 46.820256989178667, 40.818865351250757 ], [ 46.820503255558393, 40.827869310797112 ], [ 46.808649608964551, 40.82805580772186 ], [ 46.80840494393501, 40.819051789329947 ], [ 46.820256989178667, 40.818865351250757 ] ] ] } },
{ "type": "Feature", "properties": { "density": 0.4 }, "geometry": { "type": "Polygon", "coordinates": [ [ [ 47.116759493855938, 41.561395408286671 ], [ 47.117053432910851, 41.570396598834073 ], [ 47.105067182194396, 41.570616762160853 ], [ 47.104774904347941, 41.56161550240973 ], [ 47.116759493855938, 41.561395408286671 ] ] ] } },
{ "type": "Feature", "properties": { "density": 0.4 }, "geometry": { "type": "Polygon", "coordinates": [ [ [ 48.058124248063791, 41.179957758538727 ], [ 48.058543151781002, 41.188952850896271 ], [ 48.046635570444252, 41.189268753812712 ], [ 48.046218291447616, 41.180273562054374 ], [ 48.058124248063791, 41.179957758538727 ] ] ] } },
{ "type": "Feature", "properties": { "density": 0.4 }, "geometry": { "type": "Polygon", "coordinates": [ [ [ 48.087217862187003, 40.782898364427375 ], [ 48.087634878585973, 40.791893831981959 ], [ 48.075798842781019, 40.792210235076666 ], [ 48.075383418800911, 40.783214667762344 ], [ 48.087217862187003, 40.782898364427375 ] ] ] } },
{ "type": "Feature", "properties": { "density": 0.4 }, "geometry": { "type": "Polygon", "coordinates": [ [ [ 48.688432659732847, 40.513061429893035 ], [ 48.688926068345232, 40.522051719082242 ], [ 48.677144947900096, 40.52242773295373 ], [ 48.676653106384165, 40.513437325104995 ], [ 48.688432659732847, 40.513061429893035 ] ] ] } },
{ "type": "Feature", "properties": { "density": 0.4 }, "geometry": { "type": "Polygon", "coordinates": [ [ [ 48.648743557127368, 39.109265648006208 ], [ 48.649207977991665, 39.118258515932503 ], [ 48.63766366138217, 39.118619807129292 ], [ 48.637200701803501, 39.10962682411612 ], [ 48.648743557127368, 39.109265648006208 ] ] ] } },
{ "type": "Feature", "properties": { "density": 0.4 }, "geometry": { "type": "Polygon", "coordinates": [ [ [ 48.671054400892643, 39.31573193173643 ], [ 48.671525102313197, 39.324724255970516 ], [ 48.659947206022103, 39.325089350922099 ], [ 48.659477980829799, 39.316096910570117 ], [ 48.671054400892643, 39.31573193173643 ] ] ] } },
{ "type": "Feature", "properties": { "density": 0.4 }, "geometry": { "type": "Polygon", "coordinates": [ [ [ 48.671525102313197, 39.324724255970516 ], [ 48.671996014509901, 39.333716561542687 ], [ 48.660416641332638, 39.334081772641468 ], [ 48.659947206022103, 39.325089350922099 ], [ 48.671525102313197, 39.324724255970516 ] ] ] } },
{ "type": "Feature", "properties": { "density": 0.4 }, "geometry": { "type": "Polygon", "coordinates": [ [ [ 48.694021438730985, 39.531173624575096 ], [ 48.694498719588232, 39.540165382749095 ], [ 48.682885408987929, 39.540534430831279 ], [ 48.682409620132731, 39.531542555465464 ], [ 48.694021438730985, 39.531173624575096 ] ] ] } },
{ "type": "Feature", "properties": { "density": 0.4 }, "geometry": { "type": "Polygon", "coordinates": [ [ [ 48.900606268198224, 40.100819119798594 ], [ 48.901120474614878, 40.109807837320531 ], [ 48.889413662505632, 40.110202157162178 ], [ 48.888900989658076, 40.101213314925673 ], [ 48.900606268198224, 40.100819119798594 ] ] ] } },
{ "type": "Feature", "properties": { "density": 0.4 }, "geometry": { "type": "Polygon", "coordinates": [ [ [ 48.965990538296211, 39.405115678606656 ], [ 48.966500616229105, 39.414104767751411 ], [ 48.95491193422972, 39.414499940628176 ], [ 48.954403337068761, 39.405510725923527 ], [ 48.965990538296211, 39.405115678606656 ] ] ] } },
{ "type": "Feature", "properties": { "density": 0.4 }, "geometry": { "type": "Polygon", "coordinates": [ [ [ 49.084042701212731, 41.193133742795567 ], [ 49.084602188094749, 41.20211874520021 ], [ 49.072705522944112, 41.202540786784958 ], [ 49.072147654596712, 41.19355565173931 ], [ 49.084042701212731, 41.193133742795567 ] ] ] } },
{ "type": "Feature", "properties": { "density": 0.4 }, "geometry": { "type": "Polygon", "coordinates": [ [ [ 50.133351290016641, 40.430795237254856 ], [ 50.134035556971462, 40.439768139899329 ], [ 50.122291695934692, 40.440290484364702 ], [ 50.121608977476065, 40.43131741712498 ], [ 50.133351290016641, 40.430795237254856 ] ] ] } },
{ "type": "Feature", "properties": { "density": 0.37 }, "geometry": { "type": "Polygon", "coordinates": [ [ [ 48.83113862941471, 39.274538848380615 ], [ 48.831629108157344, 39.28352958503126 ], [ 48.82006011761807, 39.283910271475953 ], [ 48.819571110997984, 39.274919413734345 ], [ 48.83113862941471, 39.274538848380615 ] ] ] } },
{ "type": "Feature", "properties": { "density": 0.35 }, "geometry": { "type": "Polygon", "coordinates": [ [ [ 46.392838949866302, 39.644640877573664 ], [ 46.39301974239531, 39.653648558147225 ], [ 46.381366702982255, 39.653787756347342 ], [ 46.381187421661444, 39.64478003152697 ], [ 46.392838949866302, 39.644640877573664 ] ] ] } },
{ "type": "Feature", "properties": { "density": 0.35 }, "geometry": { "type": "Polygon", "coordinates": [ [ [ 46.45773817165086, 39.95917967582389 ], [ 46.45792950703057, 39.968186612294872 ], [ 46.446223565658272, 39.968333274768703 ], [ 46.4460337652296, 39.959326291777046 ], [ 46.45773817165086, 39.95917967582389 ] ] ] } },
{ "type": "Feature", "properties": { "density": 0.35 }, "geometry": { "type": "Polygon", "coordinates": [ [ [ 46.579994050360114, 40.687285125818519 ], [ 46.580206831023681, 40.696290414670571 ], [ 46.568375068142238, 40.696451795552306 ], [ 46.568163879071371, 40.687446455736719 ], [ 46.579994050360114, 40.687285125818519 ] ] ] } },
{ "type": "Feature", "properties": { "density": 0.35 }, "geometry": { "type": "Polygon", "coordinates": [ [ [ 46.995246412064525, 41.509528658740365 ], [ 46.995522980410499, 41.518530617604164 ], [ 46.983545394200604, 41.518737902127157 ], [ 46.983270483220188, 41.509735878087753 ], [ 46.995246412064525, 41.509528658740365 ] ] ] } },
{ "type": "Feature", "properties": { "density": 0.35 }, "geometry": { "type": "Polygon", "coordinates": [ [ [ 48.141777380994903, 40.93453472604638 ], [ 48.142204032306225, 40.94352948946095 ], [ 48.130341580193218, 40.943852466266812 ], [ 48.129916533149952, 40.93485760110719 ], [ 48.141777380994903, 40.93453472604638 ] ] ] } },
{ "type": "Feature", "properties": { "density": 0.35 }, "geometry": { "type": "Polygon", "coordinates": [ [ [ 48.142204032306225, 40.94352948946095 ], [ 48.1426308766369, 40.95252423512791 ], [ 48.130766819532667, 40.952847313706066 ], [ 48.130341580193218, 40.943852466266812 ], [ 48.142204032306225, 40.94352948946095 ] ] ] } },
{ "type": "Feature", "properties": { "density": 0.35 }, "geometry": { "type": "Polygon", "coordinates": [ [ [ 48.229736885439728, 40.544822356303492 ], [ 48.230169487115965, 40.553816957943397 ], [ 48.218377095196267, 40.554146399323166 ], [ 48.217946066160103, 40.545151693689284 ], [ 48.229736885439728, 40.544822356303492 ] ] ] } },
{ "type": "Feature", "properties": { "density": 0.35 }, "geometry": { "type": "Polygon", "coordinates": [ [ [ 48.230169487115965, 40.553816957943397 ], [ 48.230602283975166, 40.562811541710154 ], [ 48.218808318708525, 40.563141087111333 ], [ 48.218377095196267, 40.554146399323166 ], [ 48.230169487115965, 40.553816957943397 ] ] ] } },
{ "type": "Feature", "properties": { "density": 0.35 }, "geometry": { "type": "Polygon", "coordinates": [ [ [ 48.231035276116714, 40.571806107600871 ], [ 48.23146846364007, 40.580800655612641 ], [ 48.219671349557466, 40.581130409139092 ], [ 48.219239736795885, 40.57213575705093 ], [ 48.231035276116714, 40.571806107600871 ] ] ] } },
{ "type": "Feature", "properties": { "density": 0.35 }, "geometry": { "type": "Polygon", "coordinates": [ [ [ 48.248205562865309, 40.193035955543017 ], [ 48.248635264608339, 40.202030940933739 ], [ 48.236904261532956, 40.202359906742188 ], [ 48.236476104847384, 40.193364817292483 ], [ 48.248205562865309, 40.193035955543017 ] ] ] } },
{ "type": "Feature", "properties": { "density": 0.35 }, "geometry": { "type": "Polygon", "coordinates": [ [ [ 48.309010577751515, 41.191027949400059 ], [ 48.309463987932844, 41.200020828882323 ], [ 48.297557300276402, 41.200362746232223 ], [ 48.297105514137854, 41.191369759195616 ], [ 48.309010577751515, 41.191027949400059 ] ] ] } },
{ "type": "Feature", "properties": { "density": 0.35 }, "geometry": { "type": "Polygon", "coordinates": [ [ [ 48.312643618182044, 41.262970475575734 ], [ 48.313098675066009, 41.271963209398784 ], [ 48.301178968648578, 41.272305988231039 ], [ 48.30072554168175, 41.263313146620675 ], [ 48.312643618182044, 41.262970475575734 ] ] ] } },
{ "type": "Feature", "properties": { "density": 0.35 }, "geometry": { "type": "Polygon", "coordinates": [ [ [ 48.254311268165374, 39.580362741111038 ], [ 48.25473253647791, 39.589358623925833 ], [ 48.243105599701252, 39.589684058470702 ], [ 48.24268582984822, 39.580688072300873 ], [ 48.254311268165374, 39.580362741111038 ] ] ] } },
{ "type": "Feature", "properties": { "density": 0.35 }, "geometry": { "type": "Polygon", "coordinates": [ [ [ 48.258532466791138, 39.67032077141976 ], [ 48.258955629161825, 39.679316476882583 ], [ 48.247313670901441, 39.679642946429368 ], [ 48.246892013702258, 39.670647137347366 ], [ 48.258532466791138, 39.67032077141976 ] ] ] } },
{ "type": "Feature", "properties": { "density": 0.35 }, "geometry": { "type": "Polygon", "coordinates": [ [ [ 48.307842029672983, 40.452543745094722 ], [ 48.308283641326234, 40.461537788704149 ], [ 48.296508318174247, 40.461874573547931 ], [ 48.296068271414462, 40.452880423578094 ], [ 48.307842029672983, 40.452543745094722 ] ] ] } },
{ "type": "Feature", "properties": { "density": 0.35 }, "geometry": { "type": "Polygon", "coordinates": [ [ [ 48.313154533340843, 40.560471077233125 ], [ 48.313598541056713, 40.569464904187363 ], [ 48.301804384263633, 40.569802967543055 ], [ 48.301361949898201, 40.560809033891573 ], [ 48.313154533340843, 40.560471077233125 ] ] ] } },
{ "type": "Feature", "properties": { "density": 0.35 }, "geometry": { "type": "Polygon", "coordinates": [ [ [ 48.324315061744123, 40.785311321957749 ], [ 48.324764108568502, 40.794304696159038 ], [ 48.312930387285469, 40.794645436146695 ], [ 48.312482931595952, 40.785651954538729 ], [ 48.324315061744123, 40.785311321957749 ] ] ] } },
{ "type": "Feature", "properties": { "density": 0.35 }, "geometry": { "type": "Polygon", "coordinates": [ [ [ 48.326562325974109, 40.830278011442317 ], [ 48.327012388372935, 40.83927129486765 ], [ 48.315170700667153, 40.839612572317968 ], [ 48.314722232987222, 40.830619181342811 ], [ 48.326562325974109, 40.830278011442317 ] ] ] } },
{ "type": "Feature", "properties": { "density": 0.35 }, "geometry": { "type": "Polygon", "coordinates": [ [ [ 48.327012388372935, 40.83927129486765 ], [ 48.327462654199167, 40.848264560128754 ], [ 48.315619371056592, 40.84860594515758 ], [ 48.315170700667153, 40.839612572317968 ], [ 48.327012388372935, 40.83927129486765 ] ] ] } },
{ "type": "Feature", "properties": { "density": 0.35 }, "geometry": { "type": "Polygon", "coordinates": [ [ [ 48.368654319193887, 41.423446048748239 ], [ 48.369119678058532, 41.432438017000024 ], [ 48.357171344396491, 41.432787695500316 ], [ 48.35670762831905, 41.423795617380947 ], [ 48.368654319193887, 41.423446048748239 ] ] ] } },
{ "type": "Feature", "properties": { "density": 0.35 }, "geometry": { "type": "Polygon", "coordinates": [ [ [ 48.377532364641276, 41.59429029730245 ], [ 48.378001755745544, 41.603281915557595 ], [ 48.366022067606991, 41.603633687249193 ], [ 48.365554333463912, 41.594641958554732 ], [ 48.377532364641276, 41.59429029730245 ] ] ] } },
{ "type": "Feature", "properties": { "density": 0.35 }, "geometry": { "type": "Polygon", "coordinates": [ [ [ 48.24959614324424, 38.724719850626997 ], [ 48.250004184357614, 38.733717098586794 ], [ 48.238517200338663, 38.734036209560884 ], [ 48.238110595268623, 38.725038859602698 ], [ 48.24959614324424, 38.724719850626997 ] ] ] } },
{ "type": "Feature", "properties": { "density": 0.35 }, "geometry": { "type": "Polygon", "coordinates": [ [ [ 48.254094636351113, 38.823688614324915 ], [ 48.254504687588557, 38.832685669446612 ], [ 48.243001864835129, 38.833005904069161 ], [ 48.242593256689659, 38.824008746671105 ], [ 48.254094636351113, 38.823688614324915 ] ] ] } },
{ "type": "Feature", "properties": { "density": 0.35 }, "geometry": { "type": "Polygon", "coordinates": [ [ [ 48.303377569928436, 39.633022335898559 ], [ 48.303805982532843, 39.642017694601037 ], [ 48.292170803139989, 39.642348402930992 ], [ 48.291743892639758, 39.633352939241874 ], [ 48.303377569928436, 39.633022335898559 ] ] ] } },
{ "type": "Feature", "properties": { "density": 0.35 }, "geometry": { "type": "Polygon", "coordinates": [ [ [ 48.304234587370054, 39.651013035457218 ], [ 48.304663384535623, 39.660008358464033 ], [ 48.293025198919857, 39.660339276847672 ], [ 48.292597905201625, 39.6513438488006 ], [ 48.304234587370054, 39.651013035457218 ] ] ] } },
{ "type": "Feature", "properties": { "density": 0.35 }, "geometry": { "type": "Polygon", "coordinates": [ [ [ 48.310255293166698, 39.776945931884221 ], [ 48.310686793000301, 39.785941004682165 ], [ 48.299027488402174, 39.786273396454682 ], [ 48.298597501455298, 39.777278218239289 ], [ 48.310255293166698, 39.776945931884221 ] ] ] } },
{ "type": "Feature", "properties": { "density": 0.35 }, "geometry": { "type": "Polygon", "coordinates": [ [ [ 48.312414731000864, 39.82192111689578 ], [ 48.312847200651433, 39.830916100189484 ], [ 48.30118032146175, 39.831249019455377 ], [ 48.300749368085, 39.822253930608774 ], [ 48.312414731000864, 39.82192111689578 ] ] ] } },
{ "type": "Feature", "properties": { "density": 0.35 }, "geometry": { "type": "Polygon", "coordinates": [ [ [ 48.324079899759724, 39.821587132664689 ], [ 48.324513885587152, 39.830582010035286 ], [ 48.312847200651433, 39.830916100189484 ], [ 48.312414731000864, 39.82192111689578 ], [ 48.324079899759724, 39.821587132664689 ] ] ] } },
{ "type": "Feature", "properties": { "density": 0.35 }, "geometry": { "type": "Polygon", "coordinates": [ [ [ 48.326251779194131, 39.866561340115489 ], [ 48.326686740657543, 39.875556127769741 ], [ 48.315012464655531, 39.875890747948276 ], [ 48.314579022764093, 39.866895854234599 ], [ 48.326251779194131, 39.866561340115489 ] ] ] } },
{ "type": "Feature", "properties": { "density": 0.35 }, "geometry": { "type": "Polygon", "coordinates": [ [ [ 48.333234667849354, 40.010475786586802 ], [ 48.333672767797935, 40.019470286636569 ], [ 48.321974085929263, 40.019806607491248 ], [ 48.321537516473875, 40.01081200094314 ], [ 48.333234667849354, 40.010475786586802 ] ] ] } },
{ "type": "Feature", "properties": { "density": 0.35 }, "geometry": { "type": "Polygon", "coordinates": [ [ [ 48.333672767797935, 40.019470286636569 ], [ 48.334111064738636, 40.028464768685126 ], [ 48.322410851691323, 40.028801196065714 ], [ 48.321974085929263, 40.019806607491248 ], [ 48.333672767797935, 40.019470286636569 ] ] ] } },
{ "type": "Feature", "properties": { "density": 0.35 }, "geometry": { "type": "Polygon", "coordinates": [ [ [ 48.334111064738636, 40.028464768685126 ], [ 48.334549558770362, 40.037459232729425 ], [ 48.322847813858587, 40.0377957666635 ], [ 48.322410851691323, 40.028801196065714 ], [ 48.334111064738636, 40.028464768685126 ] ] ] } },
{ "type": "Feature", "properties": { "density": 0.35 }, "geometry": { "type": "Polygon", "coordinates": [ [ [ 48.342034208409771, 40.190362363872772 ], [ 48.342476267072783, 40.199356503318342 ], [ 48.330746830937237, 40.199694959950683 ], [ 48.330306316541865, 40.19070071345233 ], [ 48.342034208409771, 40.190362363872772 ] ] ] } },
{ "type": "Feature", "properties": { "density": 0.35 }, "geometry": { "type": "Polygon", "coordinates": [ [ [ 48.359422866615439, 40.541120390150532 ], [ 48.359872760699353, 40.550113822900336 ], [ 48.348082554653679, 40.550456476510334 ], [ 48.347634232097782, 40.541462935607697 ], [ 48.359422866615439, 40.541120390150532 ] ] ] } },
{ "type": "Feature", "properties": { "density": 0.35 }, "geometry": { "type": "Polygon", "coordinates": [ [ [ 48.368957022010115, 40.495809750173912 ], [ 48.369407470773197, 40.504803165398208 ], [ 48.357625317752451, 40.505146477396075 ], [ 48.357176436889638, 40.496152953783977 ], [ 48.368957022010115, 40.495809750173912 ] ] ] } },
{ "type": "Feature", "properties": { "density": 0.35 }, "geometry": { "type": "Polygon", "coordinates": [ [ [ 48.37166276379142, 40.549769968534882 ], [ 48.372114432959684, 40.558763274543672 ], [ 48.360322857736882, 40.559107237468474 ], [ 48.359872760699353, 40.550113822900336 ], [ 48.37166276379142, 40.549769968534882 ] ] ] } },
{ "type": "Feature", "properties": { "density": 0.35 }, "geometry": { "type": "Polygon", "coordinates": [ [ [ 48.375735130507657, 40.630709066673226 ], [ 48.37618863728666, 40.639702208650569 ], [ 48.364382881059761, 40.640047149901129 ], [ 48.363930952781288, 40.631053899105936 ], [ 48.375735130507657, 40.630709066673226 ] ] ] } },
{ "type": "Feature", "properties": { "density": 0.35 }, "geometry": { "type": "Polygon", "coordinates": [ [ [ 48.387134451132795, 40.855532136660827 ], [ 48.38759310692047, 40.864524821682885 ], [ 48.375747656640982, 40.864872492786539 ], [ 48.375290597200795, 40.855879698221329 ], [ 48.387134451132795, 40.855532136660827 ] ] ] } },
{ "type": "Feature", "properties": { "density": 0.35 }, "geometry": { "type": "Polygon", "coordinates": [ [ [ 48.413343137917536, 41.133944643820129 ], [ 48.413809889607322, 41.142936648688632 ], [ 48.401914804974837, 41.143288956071849 ], [ 48.401449671971761, 41.134296840361309 ], [ 48.413343137917536, 41.133944643820129 ] ] ] } },
{ "type": "Feature", "properties": { "density": 0.35 }, "geometry": { "type": "Polygon", "coordinates": [ [ [ 48.414276852698016, 41.151928635112753 ], [ 48.41474402729893, 41.16092060308933 ], [ 48.402845703102678, 41.16127313224623 ], [ 48.402380148648831, 41.152281053367865 ], [ 48.414276852698016, 41.151928635112753 ] ] ] } },
{ "type": "Feature", "properties": { "density": 0.35 }, "geometry": { "type": "Polygon", "coordinates": [ [ [ 48.415679011469017, 41.178904483687369 ], [ 48.416146821257193, 41.187896396302584 ], [ 48.404243632233793, 41.188249258344442 ], [ 48.40377744478603, 41.179257234737626 ], [ 48.415679011469017, 41.178904483687369 ] ] ] } },
{ "type": "Feature", "properties": { "density": 0.35 }, "geometry": { "type": "Polygon", "coordinates": [ [ [ 48.427911235636785, 41.412688204033685 ], [ 48.42838459195233, 41.421679635670465 ], [ 48.416438964089195, 41.422035394064473 ], [ 48.415967249265435, 41.413043850651135 ], [ 48.427911235636785, 41.412688204033685 ] ] ] } },
{ "type": "Feature", "properties": { "density": 0.35 }, "geometry": { "type": "Polygon", "coordinates": [ [ [ 48.437896981437696, 41.60150437051648 ], [ 48.438374872748426, 41.610495412122233 ], [ 48.426394601626704, 41.610853524882096 ], [ 48.425918367464874, 41.601862370856843 ], [ 48.437896981437696, 41.60150437051648 ] ] ] } },
{ "type": "Feature", "properties": { "density": 0.35 }, "geometry": { "type": "Polygon", "coordinates": [ [ [ 48.446524632807652, 41.538208101453392 ], [ 48.447002658724188, 41.547199160630129 ], [ 48.435034188322057, 41.547557730300554 ], [ 48.434557814203465, 41.538566558530391 ], [ 48.446524632807652, 41.538208101453392 ] ] ] } },
{ "type": "Feature", "properties": { "density": 0.35 }, "geometry": { "type": "Polygon", "coordinates": [ [ [ 48.450834692965941, 41.619126963592564 ], [ 48.451314677316404, 41.628117855108933 ], [ 48.439331307069864, 41.628477439508117 ], [ 48.438852981254591, 41.6194864351205 ], [ 48.450834692965941, 41.619126963592564 ] ] ] } },
{ "type": "Feature", "properties": { "density": 0.35 }, "geometry": { "type": "Polygon", "coordinates": [ [ [ 48.318922237899663, 38.731778779082624 ], [ 48.319339079535737, 38.740775389842234 ], [ 48.30785176272807, 38.741101362910882 ], [ 48.307436357239283, 38.73210464797269 ], [ 48.318922237899663, 38.731778779082624 ] ] ] } },
{ "type": "Feature", "properties": { "density": 0.35 }, "geometry": { "type": "Polygon", "coordinates": [ [ [ 48.340420489683545, 39.190583331789064 ], [ 48.340846945108403, 39.199579037338957 ], [ 48.329285530396817, 39.199910357976364 ], [ 48.32886054411361, 39.190914546916062 ], [ 48.340420489683545, 39.190583331789064 ] ] ] } },
{ "type": "Feature", "properties": { "density": 0.35 }, "geometry": { "type": "Polygon", "coordinates": [ [ [ 48.331244674675602, 38.74944477881111 ], [ 48.331663326177079, 38.758441249634643 ], [ 48.320173321557562, 38.758768558342886 ], [ 48.319756107391584, 38.749771982930028 ], [ 48.331244674675602, 38.74944477881111 ] ] ] } },
{ "type": "Feature", "properties": { "density": 0.35 }, "geometry": { "type": "Polygon", "coordinates": [ [ [ 48.350270460340454, 39.154268394904292 ], [ 48.350697619482204, 39.16326406597431 ], [ 48.3391422679477, 39.163596108192067 ], [ 48.338716575236788, 39.15460033135426 ], [ 48.350270460340454, 39.154268394904292 ] ] ] } },
{ "type": "Feature", "properties": { "density": 0.35 }, "geometry": { "type": "Polygon", "coordinates": [ [ [ 48.359712271780914, 39.352169031714169 ], [ 48.360143658922965, 39.361164309499522 ], [ 48.348555879932611, 39.361498685349872 ], [ 48.348125973678904, 39.352503301209346 ], [ 48.359712271780914, 39.352169031714169 ] ] ] } },
{ "type": "Feature", "properties": { "density": 0.35 }, "geometry": { "type": "Polygon", "coordinates": [ [ [ 48.358829139781271, 39.090965860726861 ], [ 48.35925642497007, 39.099961550671743 ], [ 48.347711515276536, 39.100293993937264 ], [ 48.347285691857586, 39.091298198047319 ], [ 48.358829139781271, 39.090965860726861 ] ] ] } },
{ "type": "Feature", "properties": { "density": 0.35 }, "geometry": { "type": "Polygon", "coordinates": [ [ [ 48.395396636655072, 39.846541297509241 ], [ 48.395840314789751, 39.85553547725123 ], [ 48.384170258787634, 39.85587691611439 ], [ 48.383728098275782, 39.846882628145167 ], [ 48.395396636655072, 39.846541297509241 ] ] ] } },
{ "type": "Feature", "properties": { "density": 0.35 }, "geometry": { "type": "Polygon", "coordinates": [ [ [ 48.380282277092121, 39.297526278620609 ], [ 48.380715460176681, 39.306521450332497 ], [ 48.369136942676171, 39.306857486858036 ], [ 48.368705236331579, 39.297862208222597 ], [ 48.380282277092121, 39.297526278620609 ] ] ] } },
{ "type": "Feature", "properties": { "density": 0.35 }, "geometry": { "type": "Polygon", "coordinates": [ [ [ 48.399527149821566, 39.693296813851248 ], [ 48.399968961070336, 39.702291192890947 ], [ 48.388324810213312, 39.70263196097347 ], [ 48.387884504998588, 39.693637473808749 ], [ 48.399527149821566, 39.693296813851248 ] ] ] } },
{ "type": "Feature", "properties": { "density": 0.35 }, "geometry": { "type": "Polygon", "coordinates": [ [ [ 48.408401162842907, 39.873180954663404 ], [ 48.40884695873519, 39.882174971378625 ], [ 48.397172545387967, 39.882517907792746 ], [ 48.39672826905656, 39.87352378239612 ], [ 48.408401162842907, 39.873180954663404 ] ] ] } },
{ "type": "Feature", "properties": { "density": 0.35 }, "geometry": { "type": "Polygon", "coordinates": [ [ [ 48.418255091514773, 40.071045125015651 ], [ 48.418705316777434, 40.08003874171326 ], [ 48.406997300486189, 40.080384076228349 ], [ 48.406548609819673, 40.071390350229791 ], [ 48.418255091514773, 40.071045125015651 ] ] ] } },
{ "type": "Feature", "properties": { "density": 0.35 }, "geometry": { "type": "Polygon", "coordinates": [ [ [ 48.401027988477281, 39.486081774289552 ], [ 48.401466756664561, 39.495076460581991 ], [ 48.389857270988792, 39.495415905549521 ], [ 48.38941999334687, 39.486421111397391 ], [ 48.401027988477281, 39.486081774289552 ] ] ] } },
{ "type": "Feature", "properties": { "density": 0.35 }, "geometry": { "type": "Polygon", "coordinates": [ [ [ 48.420968688115281, 39.890824751807486 ], [ 48.421416405484756, 39.899818623112644 ], [ 48.409739151454403, 39.900162950357718 ], [ 48.409292954905631, 39.891168969944452 ], [ 48.420968688115281, 39.890824751807486 ] ] ] } },
{ "type": "Feature", "properties": { "density": 0.35 }, "geometry": { "type": "Polygon", "coordinates": [ [ [ 48.421416405484756, 39.899818623112644 ], [ 48.421864324013249, 39.90881247623394 ], [ 48.410185548481735, 39.909156912615266 ], [ 48.409739151454403, 39.900162950357718 ], [ 48.421416405484756, 39.899818623112644 ] ] ] } },
{ "type": "Feature", "properties": { "density": 0.35 }, "geometry": { "type": "Polygon", "coordinates": [ [ [ 48.429058460448658, 40.052711650577564 ], [ 48.429509814139728, 40.061705194086997 ], [ 48.417805068649194, 40.062051490102171 ], [ 48.417355248079055, 40.053057836976009 ], [ 48.429058460448658, 40.052711650577564 ] ] ] } },
{ "type": "Feature", "properties": { "density": 0.35 }, "geometry": { "type": "Polygon", "coordinates": [ [ [ 48.421034546517582, 39.656635171262629 ], [ 48.421478571984146, 39.665629405481766 ], [ 48.409840837692158, 39.665972068722468 ], [ 48.409398315373288, 39.65697772575227 ], [ 48.421034546517582, 39.656635171262629 ] ] ] } },
{ "type": "Feature", "properties": { "density": 0.35 }, "geometry": { "type": "Polygon", "coordinates": [ [ [ 48.421478571984146, 39.665629405481766 ], [ 48.421922796690581, 39.674623621571797 ], [ 48.410283558579188, 39.674966393591397 ], [ 48.409840837692158, 39.665972068722468 ], [ 48.421478571984146, 39.665629405481766 ] ] ] } },
{ "type": "Feature", "properties": { "density": 0.35 }, "geometry": { "type": "Polygon", "coordinates": [ [ [ 48.442574239198976, 40.08833790898862 ], [ 48.443027941197428, 40.097331269411228 ], [ 48.431317259744411, 40.097679185681834 ], [ 48.430865093513042, 40.088685715155918 ], [ 48.442574239198976, 40.08833790898862 ] ] ] } },
{ "type": "Feature", "properties": { "density": 0.35 }, "geometry": { "type": "Polygon", "coordinates": [ [ [ 48.442518539017335, 39.854158006484987 ], [ 48.442968488658963, 39.863151731391106 ], [ 48.431297716025426, 39.863497965997333 ], [ 48.430849284285138, 39.854504131354766 ], [ 48.442518539017335, 39.854158006484987 ] ] ] } },
{ "type": "Feature", "properties": { "density": 0.35 }, "geometry": { "type": "Polygon", "coordinates": [ [ [ 48.4434186404158, 39.872145438069708 ], [ 48.443868994388843, 39.881139126517596 ], [ 48.432195183915375, 39.881485580681449 ], [ 48.431746349201937, 39.872491782440619 ], [ 48.4434186404158, 39.872145438069708 ] ] ] } },
{ "type": "Feature", "properties": { "density": 0.35 }, "geometry": { "type": "Polygon", "coordinates": [ [ [ 48.463886310132629, 40.276843321016877 ], [ 48.464345869611115, 40.285836185754214 ], [ 48.452602983870001, 40.28618761011478 ], [ 48.452144974572171, 40.277194634295732 ], [ 48.463886310132629, 40.276843321016877 ] ] ] } },
{ "type": "Feature", "properties": { "density": 0.35 }, "geometry": { "type": "Polygon", "coordinates": [ [ [ 48.471264153873967, 40.420726949556425 ], [ 48.471727037063538, 40.429719519846351 ], [ 48.459959253666973, 40.430072725473245 ], [ 48.459497931820884, 40.421080043635165 ], [ 48.471264153873967, 40.420726949556425 ] ] ] } },
{ "type": "Feature", "properties": { "density": 0.35 }, "geometry": { "type": "Polygon", "coordinates": [ [ [ 48.482899066346114, 40.645535670239219 ], [ 48.483367197162103, 40.65452777879802 ], [ 48.471560151543805, 40.654883782696572 ], [ 48.471093599694136, 40.645891561851904 ], [ 48.482899066346114, 40.645535670239219 ] ] ] } },
{ "type": "Feature", "properties": { "density": 0.35 }, "geometry": { "type": "Polygon", "coordinates": [ [ [ 48.45871140406814, 39.943746036356174 ], [ 48.459164904021101, 39.952739468451853 ], [ 48.447479118104084, 39.953087977409226 ], [ 48.447027142755616, 39.944094434922746 ], [ 48.45871140406814, 39.943746036356174 ] ] ] } },
{ "type": "Feature", "properties": { "density": 0.35 }, "geometry": { "type": "Polygon", "coordinates": [ [ [ 48.465078987455605, 40.069652420299583 ], [ 48.465535350082192, 40.078645596067346 ], [ 48.453828147909419, 40.078995653495923 ], [ 48.453373319470025, 40.070002366936848 ], [ 48.465078987455605, 40.069652420299583 ] ] ] } },
{ "type": "Feature", "properties": { "density": 0.35 }, "geometry": { "type": "Polygon", "coordinates": [ [ [ 48.465535350082192, 40.078645596067346 ], [ 48.465991917956195, 40.087638753501729 ], [ 48.454283180909187, 40.087988921750352 ], [ 48.453828147909419, 40.078995653495923 ], [ 48.465535350082192, 40.078645596067346 ] ] ] } },
{ "type": "Feature", "properties": { "density": 0.35 }, "geometry": { "type": "Polygon", "coordinates": [ [ [ 48.473785074935599, 40.240519621742578 ], [ 48.474245354979146, 40.249512448622546 ], [ 48.462508872320946, 40.249864616564594 ], [ 48.462050139577102, 40.240871678344497 ], [ 48.473785074935599, 40.240519621742578 ] ] ] } },
{ "type": "Feature", "properties": { "density": 0.35 }, "geometry": { "type": "Polygon", "coordinates": [ [ [ 48.491890509859964, 40.59122620977616 ], [ 48.492358949759897, 40.600218316849002 ], [ 48.480561577961005, 40.600574849888389 ], [ 48.480094712670336, 40.591582630329547 ], [ 48.491890509859964, 40.59122620977616 ] ] ] } },
{ "type": "Feature", "properties": { "density": 0.35 }, "geometry": { "type": "Polygon", "coordinates": [ [ [ 48.487831019564133, 40.285129769396377 ], [ 48.488293887424675, 40.294122392408973 ], [ 48.476549865601854, 40.294476307033911 ], [ 48.476088548407489, 40.285483572160913 ], [ 48.487831019564133, 40.285129769396377 ] ] ] } },
{ "type": "Feature", "properties": { "density": 0.35 }, "geometry": { "type": "Polygon", "coordinates": [ [ [ 48.495728192860831, 40.438001850503781 ], [ 48.496194618583672, 40.446994159586573 ], [ 48.484424128777867, 40.44734998032559 ], [ 48.483959265587977, 40.438357558883034 ], [ 48.495728192860831, 40.438001850503781 ] ] ] } },
{ "type": "Feature", "properties": { "density": 0.35 }, "geometry": { "type": "Polygon", "coordinates": [ [ [ 48.507923868904363, 40.671795867003404 ], [ 48.508395795804361, 40.680787694131027 ], [ 48.496584432981528, 40.681146446640099 ], [ 48.496114086961221, 40.672154506379258 ], [ 48.507923868904363, 40.671795867003404 ] ] ] } },
{ "type": "Feature", "properties": { "density": 0.35 }, "geometry": { "type": "Polygon", "coordinates": [ [ [ 48.527929486315074, 41.049436570463214 ], [ 48.52841045560978, 41.058427614361783 ], [ 48.516532049816682, 41.058791145762726 ], [ 48.516052691554052, 41.04979998745619 ], [ 48.527929486315074, 41.049436570463214 ] ] ] } },
{ "type": "Feature", "properties": { "density": 0.35 }, "geometry": { "type": "Polygon", "coordinates": [ [ [ 48.502828606875966, 40.347721964985922 ], [ 48.503294491465873, 40.356714346406655 ], [ 48.491539804672513, 40.35707023698459 ], [ 48.491075475517, 40.348077743122978 ], [ 48.502828606875966, 40.347721964985922 ] ] ] } },
{ "type": "Feature", "properties": { "density": 0.35 }, "geometry": { "type": "Polygon", "coordinates": [ [ [ 48.506561566101297, 40.419660498373879 ], [ 48.507029132685297, 40.428652731761559 ], [ 48.495261977273245, 40.429009522928425 ], [ 48.494795971714368, 40.42001717686373 ], [ 48.506561566101297, 40.419660498373879 ] ] ] } },
{ "type": "Feature", "properties": { "density": 0.35 }, "geometry": { "type": "Polygon", "coordinates": [ [ [ 48.507029132685297, 40.428652731761559 ], [ 48.50749690999843, 40.437644946630314 ], [ 48.495728192860831, 40.438001850503781 ], [ 48.495261977273245, 40.429009522928425 ], [ 48.507029132685297, 40.428652731761559 ] ] ] } },
{ "type": "Feature", "properties": { "density": 0.35 }, "geometry": { "type": "Polygon", "coordinates": [ [ [ 48.50749690999843, 40.437644946630314 ], [ 48.507964898147598, 40.446637142976883 ], [ 48.496194618583672, 40.446994159586573 ], [ 48.495728192860831, 40.438001850503781 ], [ 48.50749690999843, 40.437644946630314 ] ] ] } },
{ "type": "Feature", "properties": { "density": 0.35 }, "geometry": { "type": "Polygon", "coordinates": [ [ [ 48.517841542576875, 40.635468981807861 ], [ 48.518314196326934, 40.644460769834424 ], [ 48.506509365371585, 40.644820274167635 ], [ 48.506038289554546, 40.635828372748989 ], [ 48.517841542576875, 40.635468981807861 ] ] ] } },
{ "type": "Feature", "properties": { "density": 0.35 }, "geometry": { "type": "Polygon", "coordinates": [ [ [ 48.529644582391064, 40.635108387131169 ], [ 48.530118813965395, 40.644100061387086 ], [ 48.518314196326934, 40.644460769834424 ], [ 48.517841542576875, 40.635468981807861 ], [ 48.529644582391064, 40.635108387131169 ] ] ] } },
{ "type": "Feature", "properties": { "density": 0.35 }, "geometry": { "type": "Polygon", "coordinates": [ [ [ 48.531067919300547, 40.662083354011713 ], [ 48.531542793279826, 40.671074972373795 ], [ 48.519733437913906, 40.671436022313834 ], [ 48.519260143886576, 40.662444290090711 ], [ 48.531067919300547, 40.662083354011713 ] ] ] } },
{ "type": "Feature", "properties": { "density": 0.35 }, "geometry": { "type": "Polygon", "coordinates": [ [ [ 48.53439654241383, 40.725024291034273 ], [ 48.534872919169196, 40.734015778861405 ], [ 48.523052484241042, 40.734377626674359 ], [ 48.522577692414792, 40.72538602477465 ], [ 48.53439654241383, 40.725024291034273 ] ] ] } },
{ "type": "Feature", "properties": { "density": 0.35 }, "geometry": { "type": "Polygon", "coordinates": [ [ [ 48.541564831652821, 40.859894647513592 ], [ 48.542044446816966, 40.868885855075355 ], [ 48.530200152253542, 40.86924941762188 ], [ 48.52972213274353, 40.860258095531293 ], [ 48.541564831652821, 40.859894647513592 ] ] ] } },
{ "type": "Feature", "properties": { "density": 0.35 }, "geometry": { "type": "Polygon", "coordinates": [ [ [ 48.550044919528901, 40.796591813282802 ], [ 48.550524610868315, 40.805583037032321 ], [ 48.538691686831847, 40.805947009399432 ], [ 48.538213586020809, 40.796955670954183 ], [ 48.550044919528901, 40.796591813282802 ] ] ] } },
{ "type": "Feature", "properties": { "density": 0.35 }, "geometry": { "type": "Polygon", "coordinates": [ [ [ 48.55244554452684, 40.841547744814946 ], [ 48.552926320572475, 40.850538874940028 ], [ 48.541085433157676, 40.850903421244205 ], [ 48.540606251220446, 40.841912176270547 ], [ 48.55244554452684, 40.841547744814946 ] ] ] } },
{ "type": "Feature", "properties": { "density": 0.35 }, "geometry": { "type": "Polygon", "coordinates": [ [ [ 48.553888524600232, 40.868521078982091 ], [ 48.554369952805338, 40.877512152892407 ], [ 48.542524278761277, 40.877877043926183 ], [ 48.542044446816966, 40.868885855075355 ], [ 48.553888524600232, 40.868521078982091 ] ] ] } },
{ "type": "Feature", "properties": { "density": 0.35 }, "geometry": { "type": "Polygon", "coordinates": [ [ [ 48.555815543525192, 40.904485262140305 ], [ 48.556297842839271, 40.913476261050782 ], [ 48.544445776566462, 40.913841612153604 ], [ 48.543965076388133, 40.90485049817979 ], [ 48.555815543525192, 40.904485262140305 ] ] ] } },
{ "type": "Feature", "properties": { "density": 0.35 }, "geometry": { "type": "Polygon", "coordinates": [ [ [ 48.579213833064635, 41.336031992465365 ], [ 48.579706726956161, 41.345022087191751 ], [ 48.567777049041879, 41.345392997836136 ], [ 48.567285789247727, 41.336402786549627 ], [ 48.579213833064635, 41.336031992465365 ] ] ] } },
{ "type": "Feature", "properties": { "density": 0.35 }, "geometry": { "type": "Polygon", "coordinates": [ [ [ 48.584152844823173, 41.425932087941909 ], [ 48.584647979260332, 41.43492199332033 ], [ 48.572701919743849, 41.435294071309258 ], [ 48.572208426796763, 41.426304049053485 ], [ 48.584152844823173, 41.425932087941909 ] ] ] } },
{ "type": "Feature", "properties": { "density": 0.35 }, "geometry": { "type": "Polygon", "coordinates": [ [ [ 48.60061156312949, 41.722588939570464 ], [ 48.601114174829505, 41.731578217698448 ], [ 48.589113527928738, 41.731954170609349 ], [ 48.588612582387626, 41.722964774543627 ], [ 48.60061156312949, 41.722588939570464 ] ] ] } },
{ "type": "Feature", "properties": { "density": 0.35 }, "geometry": { "type": "Polygon", "coordinates": [ [ [ 48.57543448240105, 41.047970689957197 ], [ 48.575921894698382, 41.056961272391931 ], [ 48.564044363990071, 41.057329690209571 ], [ 48.563558562273805, 41.04833899183415 ], [ 48.57543448240105, 41.047970689957197 ] ] ] } },
{ "type": "Feature", "properties": { "density": 0.35 }, "geometry": { "type": "Polygon", "coordinates": [ [ [ 48.604072569667792, 41.569393219202176 ], [ 48.604572966620587, 41.57838270314241 ], [ 48.592600768755283, 41.578757899414697 ], [ 48.592102025082184, 41.569768297696449 ], [ 48.604072569667792, 41.569393219202176 ] ] ] } },
{ "type": "Feature", "properties": { "density": 0.35 }, "geometry": { "type": "Polygon", "coordinates": [ [ [ 48.609086783196211, 41.659287201404283 ], [ 48.609589458779176, 41.66827649479297 ], [ 48.597600686943863, 41.668652870621493 ], [ 48.59709967213243, 41.659663459131565 ], [ 48.609086783196211, 41.659287201404283 ] ] ] } },
{ "type": "Feature", "properties": { "density": 0.35 }, "geometry": { "type": "Polygon", "coordinates": [ [ [ 48.466916172775981, 38.70045424681895 ], [ 48.467351092995564, 38.709449524614989 ], [ 48.455870549810456, 38.709789811193659 ], [ 48.455437062627389, 38.700794424633798 ], [ 48.466916172775981, 38.70045424681895 ] ] ] } },
{ "type": "Feature", "properties": { "density": 0.35 }, "geometry": { "type": "Polygon", "coordinates": [ [ [ 48.607542815391973, 41.416194764400409 ], [ 48.608041006396967, 41.425184453875715 ], [ 48.596097038270209, 41.425558889527103 ], [ 48.595600487780196, 41.416569082431586 ], [ 48.607542815391973, 41.416194764400409 ] ] ] } },
{ "type": "Feature", "properties": { "density": 0.35 }, "geometry": { "type": "Polygon", "coordinates": [ [ [ 48.471439864720033, 38.556187796320629 ], [ 48.471873112631613, 38.565183253048581 ], [ 48.460415614496561, 38.565522921568579 ], [ 48.459983789371982, 38.556527356146994 ], [ 48.471439864720033, 38.556187796320629 ] ] ] } },
{ "type": "Feature", "properties": { "density": 0.35 }, "geometry": { "type": "Polygon", "coordinates": [ [ [ 48.621986343271658, 41.460766876431009 ], [ 48.622487309864965, 41.469756352634192 ], [ 48.610535354694015, 41.470132615974912 ], [ 48.6100360322055, 41.461143021603434 ], [ 48.621986343271658, 41.460766876431009 ] ] ] } },
{ "type": "Feature", "properties": { "density": 0.35 }, "geometry": { "type": "Polygon", "coordinates": [ [ [ 48.627509502013758, 41.559650065619614 ], [ 48.628012976467126, 41.568639331937739 ], [ 48.61604288704509, 41.56901689726012 ], [ 48.615541064886642, 41.56002751241828 ], [ 48.627509502013758, 41.559650065619614 ] ] ] } },
{ "type": "Feature", "properties": { "density": 0.35 }, "geometry": { "type": "Polygon", "coordinates": [ [ [ 48.630029162497941, 41.604596206164388 ], [ 48.63053378165835, 41.613585376942339 ], [ 48.618555419550972, 41.613963535370154 ], [ 48.61805245642369, 41.604974245906149 ], [ 48.630029162497941, 41.604596206164388 ] ] ] } },
{ "type": "Feature", "properties": { "density": 0.35 }, "geometry": { "type": "Polygon", "coordinates": [ [ [ 48.63053378165835, 41.613585376942339 ], [ 48.631038630119519, 41.622574528601902 ], [ 48.619058611230194, 41.622952805748291 ], [ 48.618555419550972, 41.613963535370154 ], [ 48.63053378165835, 41.613585376942339 ] ] ] } },
{ "type": "Feature", "properties": { "density": 0.35 }, "geometry": { "type": "Polygon", "coordinates": [ [ [ 48.489873809997803, 38.699770518289434 ], [ 48.490311596007892, 38.708765577482524 ], [ 48.478831441940478, 38.709108113358731 ], [ 48.478395088778456, 38.700112944684946 ], [ 48.489873809997803, 38.699770518289434 ] ] ] } },
{ "type": "Feature", "properties": { "density": 0.35 }, "geometry": { "type": "Polygon", "coordinates": [ [ [ 48.49250346067587, 38.753740602504251 ], [ 48.492942421197242, 38.762735553296608 ], [ 48.481453656648718, 38.763078746624615 ], [ 48.48101613280344, 38.754083686189304 ], [ 48.49250346067587, 38.753740602504251 ] ] ] } },
{ "type": "Feature", "properties": { "density": 0.35 }, "geometry": { "type": "Polygon", "coordinates": [ [ [ 48.64200563939135, 41.60421692155326 ], [ 48.642511914464997, 41.613205973255717 ], [ 48.63053378165835, 41.613585376942339 ], [ 48.630029162497941, 41.604596206164388 ], [ 48.64200563939135, 41.60421692155326 ] ] ] } },
{ "type": "Feature", "properties": { "density": 0.35 }, "geometry": { "type": "Polygon", "coordinates": [ [ [ 48.645554400162169, 41.667139881177462 ], [ 48.646062288113264, 41.676128798749836 ], [ 48.634072542928209, 41.676509036879715 ], [ 48.633566316139515, 41.667520000003009 ], [ 48.645554400162169, 41.667139881177462 ] ] ] } },
{ "type": "Feature", "properties": { "density": 0.35 }, "geometry": { "type": "Polygon", "coordinates": [ [ [ 48.652685886980208, 41.79298298096824 ], [ 48.653197018494552, 41.80197162976912 ], [ 48.641183937956875, 41.802353541608937 ], [ 48.64067447816069, 41.793364773043216 ], [ 48.652685886980208, 41.79298298096824 ] ] ] } },
{ "type": "Feature", "properties": { "density": 0.35 }, "geometry": { "type": "Polygon", "coordinates": [ [ [ 48.511947917195926, 38.915300753809547 ], [ 48.512391869983333, 38.924295268188111 ], [ 48.500877333491694, 38.924641572928735 ], [ 48.500434828834692, 38.915646948056484 ], [ 48.511947917195926, 38.915300753809547 ] ] ] } },
{ "type": "Feature", "properties": { "density": 0.35 }, "geometry": { "type": "Polygon", "coordinates": [ [ [ 48.508873642547194, 38.61812792601463 ], [ 48.509312527148076, 38.627122928035249 ], [ 48.497845635773729, 38.627466722177502 ], [ 48.497408178111051, 38.618471610203393 ], [ 48.508873642547194, 38.61812792601463 ] ] ] } },
{ "type": "Feature", "properties": { "density": 0.35 }, "geometry": { "type": "Polygon", "coordinates": [ [ [ 48.536007608266154, 39.166789837398227 ], [ 48.536458620721334, 39.175783730239623 ], [ 48.524903474923484, 39.176134283275985 ], [ 48.524453928666759, 39.167140278802663 ], [ 48.536007608266154, 39.166789837398227 ] ] ] } },
{ "type": "Feature", "properties": { "density": 0.35 }, "geometry": { "type": "Polygon", "coordinates": [ [ [ 48.53826468994496, 39.211759118696953 ], [ 48.538716712597349, 39.220752920067397 ], [ 48.527154226001144, 39.221104031683836 ], [ 48.526703672816964, 39.212110118541268 ], [ 48.53826468994496, 39.211759118696953 ] ] ] } },
{ "type": "Feature", "properties": { "density": 0.35 }, "geometry": { "type": "Polygon", "coordinates": [ [ [ 48.528294669836065, 38.779688398195901 ], [ 48.528738534105692, 38.788682963415141 ], [ 48.517246046723052, 38.789029869034358 ], [ 48.516803620760825, 38.780035193013354 ], [ 48.528294669836065, 38.779688398195901 ] ] ] } },
{ "type": "Feature", "properties": { "density": 0.35 }, "geometry": { "type": "Polygon", "coordinates": [ [ [ 48.529626857610197, 38.806672039339176 ], [ 48.530071317037745, 38.815666550037221 ], [ 48.518574510892897, 38.81601378822625 ], [ 48.518131491693055, 38.807019166644146 ], [ 48.529626857610197, 38.806672039339176 ] ] ] } },
{ "type": "Feature", "properties": { "density": 0.35 }, "geometry": { "type": "Polygon", "coordinates": [ [ [ 48.556649244786001, 39.346310386271782 ], [ 48.557105792191166, 39.355303800163902 ], [ 48.545521388639948, 39.355657742221048 ], [ 48.545066320459746, 39.346664215768946 ], [ 48.556649244786001, 39.346310386271782 ] ] ] } },
{ "type": "Feature", "properties": { "density": 0.35 }, "geometry": { "type": "Polygon", "coordinates": [ [ [ 48.559391598667133, 39.400270593807321 ], [ 48.559849374559143, 39.409263897348829 ], [ 48.548256081794399, 39.409618515363434 ], [ 48.547799789090043, 39.40062509909113 ], [ 48.559391598667133, 39.400270593807321 ] ] ] } },
{ "type": "Feature", "properties": { "density": 0.35 }, "geometry": { "type": "Polygon", "coordinates": [ [ [ 48.559849374559143, 39.409263897348829 ], [ 48.560307355552702, 39.418257182486713 ], [ 48.548712578938733, 39.418611913260634 ], [ 48.548256081794399, 39.409618515363434 ], [ 48.559849374559143, 39.409263897348829 ] ] ] } },
{ "type": "Feature", "properties": { "density": 0.35 }, "geometry": { "type": "Polygon", "coordinates": [ [ [ 48.561223933249586, 39.436243697537975 ], [ 48.561682530155664, 39.445236927444583 ], [ 48.55008329802132, 39.445591996667794 ], [ 48.549626186951137, 39.436598653916185 ], [ 48.561223933249586, 39.436243697537975 ] ] ] } },
{ "type": "Feature", "properties": { "density": 0.35 }, "geometry": { "type": "Polygon", "coordinates": [ [ [ 48.548729477390481, 38.959226095833934 ], [ 48.549178776894806, 38.968220185291372 ], [ 48.537657588825212, 38.968570447539783 ], [ 48.537209740385322, 38.959576246368471 ], [ 48.548729477390481, 38.959226095833934 ] ] ] } },
{ "type": "Feature", "properties": { "density": 0.35 }, "geometry": { "type": "Polygon", "coordinates": [ [ [ 48.550977984642238, 39.004196360430733 ], [ 48.551428289502276, 39.013190358526018 ], [ 48.539899836415337, 39.01354117976134 ], [ 48.53945098585249, 39.004547069812944 ], [ 48.550977984642238, 39.004196360430733 ] ] ] } },
{ "type": "Feature", "properties": { "density": 0.35 }, "geometry": { "type": "Polygon", "coordinates": [ [ [ 48.578818658910741, 39.552796664747376 ], [ 48.579281429727935, 39.561789541380577 ], [ 48.567663028119966, 39.56214723902869 ], [ 48.567201751678994, 39.553154248810628 ], [ 48.578818658910741, 39.552796664747376 ] ] ] } },
{ "type": "Feature", "properties": { "density": 0.35 }, "geometry": { "type": "Polygon", "coordinates": [ [ [ 48.599378242713193, 39.948465699530772 ], [ 48.599850241857155, 39.957457759355911 ], [ 48.588165422641204, 39.957820483590559 ], [ 48.587694947536377, 39.948828308892836 ], [ 48.599378242713193, 39.948465699530772 ] ] ] } },
{ "type": "Feature", "properties": { "density": 0.35 }, "geometry": { "type": "Polygon", "coordinates": [ [ [ 48.60116630555104, 39.759266772502713 ], [ 48.601635384728851, 39.768259108372277 ], [ 48.589982637584676, 39.768620593715205 ], [ 48.589515068103772, 39.759628143222841 ], [ 48.60116630555104, 39.759266772502713 ] ] ] } },
{ "type": "Feature", "properties": { "density": 0.35 }, "geometry": { "type": "Polygon", "coordinates": [ [ [ 48.606337774640402, 39.858181443592926 ], [ 48.606809175761434, 39.867173574691705 ], [ 48.595139777356898, 39.867536322828613 ], [ 48.594669893371297, 39.858544076782863 ], [ 48.606337774640402, 39.858181443592926 ] ] ] } },
{ "type": "Feature", "properties": { "density": 0.35 }, "geometry": { "type": "Polygon", "coordinates": [ [ [ 48.623694503677044, 39.965720596211895 ], [ 48.62416997761057, 39.974712387774623 ], [ 48.612482533575317, 39.975077693267515 ], [ 48.612008584831649, 39.966085786030725 ], [ 48.623694503677044, 39.965720596211895 ] ] ] } },
{ "type": "Feature", "properties": { "density": 0.35 }, "geometry": { "type": "Polygon", "coordinates": [ [ [ 48.628936486795254, 40.064629273918143 ], [ 48.629414317062313, 40.07362085950772 ], [ 48.61771005083844, 40.073987439391082 ], [ 48.617233753284168, 40.064995737797837 ], [ 48.628936486795254, 40.064629273918143 ] ] ] } },
{ "type": "Feature", "properties": { "density": 0.35 }, "geometry": { "type": "Polygon", "coordinates": [ [ [ 48.645923869945719, 40.163166758809993 ], [ 48.64640560976769, 40.172158021297363 ], [ 48.634684654405113, 40.172527063013561 ], [ 48.634204454751398, 40.163535683817663 ], [ 48.645923869945719, 40.163166758809993 ] ] ] } },
{ "type": "Feature", "properties": { "density": 0.35 }, "geometry": { "type": "Polygon", "coordinates": [ [ [ 48.65268799055896, 40.289042720257505 ], [ 48.653172774697147, 40.29803371902603 ], [ 48.641430184410162, 40.298404397857453 ], [ 48.640946950126541, 40.289413281953749 ], [ 48.65268799055896, 40.289042720257505 ] ] ] } },
{ "type": "Feature", "properties": { "density": 0.35 }, "geometry": { "type": "Polygon", "coordinates": [ [ [ 48.654628437204948, 40.325006602137528 ], [ 48.655114095106633, 40.333997525431641 ], [ 48.643365298453077, 40.334368673110021 ], [ 48.642881193185971, 40.325377632558201 ], [ 48.654628437204948, 40.325006602137528 ] ] ] } },
{ "type": "Feature", "properties": { "density": 0.35 }, "geometry": { "type": "Polygon", "coordinates": [ [ [ 48.655114095106633, 40.333997525431641 ], [ 48.655599971725408, 40.342988429848369 ], [ 48.64384962174141, 40.34335969481517 ], [ 48.643365298453077, 40.334368673110021 ], [ 48.655114095106633, 40.333997525431641 ] ] ] } },
{ "type": "Feature", "properties": { "density": 0.35 }, "geometry": { "type": "Polygon", "coordinates": [ [ [ 48.637066180325576, 39.776159620675202 ], [ 48.637540213235624, 39.785151573085557 ], [ 48.625885079008405, 39.785516791298257 ], [ 48.625412556828643, 39.776524723099151 ], [ 48.637066180325576, 39.776159620675202 ] ] ] } },
{ "type": "Feature", "properties": { "density": 0.35 }, "geometry": { "type": "Polygon", "coordinates": [ [ [ 48.64038888310791, 39.839102894851088 ], [ 48.640864407814092, 39.84809471632996 ], [ 48.629198679556374, 39.848460745896489 ], [ 48.628724670312444, 39.839468808420605 ], [ 48.64038888310791, 39.839102894851088 ] ] ] } },
{ "type": "Feature", "properties": { "density": 0.35 }, "geometry": { "type": "Polygon", "coordinates": [ [ [ 48.640864407814092, 39.84809471632996 ], [ 48.641340146059683, 39.857086519090331 ], [ 48.629672901662374, 39.857452664683713 ], [ 48.629198679556374, 39.848460745896489 ], [ 48.640864407814092, 39.84809471632996 ] ] ] } },
{ "type": "Feature", "properties": { "density": 0.35 }, "geometry": { "type": "Polygon", "coordinates": [ [ [ 48.641340146059683, 39.857086519090331 ], [ 48.641816097951327, 39.866078303128717 ], [ 48.630147336736776, 39.866444564778774 ], [ 48.629672901662374, 39.857452664683713 ], [ 48.641340146059683, 39.857086519090331 ] ] ] } },
{ "type": "Feature", "properties": { "density": 0.35 }, "geometry": { "type": "Polygon", "coordinates": [ [ [ 48.667837752244125, 40.351606741876445 ], [ 48.668325621241522, 40.360597490802967 ], [ 48.656572381556906, 40.360970182035672 ], [ 48.65608606717192, 40.35197931538422 ], [ 48.667837752244125, 40.351606741876445 ] ] ] } },
{ "type": "Feature", "properties": { "density": 0.35 }, "geometry": { "type": "Polygon", "coordinates": [ [ [ 48.692502590738002, 40.801120943429837 ], [ 48.693001584955894, 40.810110742083772 ], [ 48.681169718844551, 40.810489359253836 ], [ 48.68067231451397, 40.801499441310959 ], [ 48.692502590738002, 40.801120943429837 ] ] ] } },
{ "type": "Feature", "properties": { "density": 0.35 }, "geometry": { "type": "Polygon", "coordinates": [ [ [ 48.661153378671798, 40.009574999092372 ], [ 48.661634507221699, 40.018566347383249 ], [ 48.649940071683893, 40.01893576392542 ], [ 48.649460471415047, 40.009944298696503 ], [ 48.661153378671798, 40.009574999092372 ] ] ] } },
{ "type": "Feature", "properties": { "density": 0.35 }, "geometry": { "type": "Polygon", "coordinates": [ [ [ 48.661634507221699, 40.018566347383249 ], [ 48.662115852034582, 40.027557676858834 ], [ 48.65041988753206, 40.027927210369299 ], [ 48.649940071683893, 40.01893576392542 ], [ 48.661634507221699, 40.018566347383249 ] ] ] } },
{ "type": "Feature", "properties": { "density": 0.35 }, "geometry": { "type": "Polygon", "coordinates": [ [ [ 48.664043396087003, 40.06352280653774 ], [ 48.664525823843817, 40.072514041883963 ], [ 48.652822204250832, 40.072884160690244 ], [ 48.652341308882157, 40.06389280822421 ], [ 48.664043396087003, 40.06352280653774 ] ] ] } },
{ "type": "Feature", "properties": { "density": 0.35 }, "geometry": { "type": "Polygon", "coordinates": [ [ [ 48.71590348915538, 41.007499006484878 ], [ 48.716409303497471, 41.016488244622764 ], [ 48.704540900093505, 41.016870833418899 ], [ 48.704036692049954, 41.007881474874715 ], [ 48.71590348915538, 41.007499006484878 ] ] ] } },
{ "type": "Feature", "properties": { "density": 0.35 }, "geometry": { "type": "Polygon", "coordinates": [ [ [ 48.685954269291464, 40.251961133883427 ], [ 48.68644282200956, 40.260951854787294 ], [ 48.6747070825609, 40.261325627495232 ], [ 48.674220076592164, 40.25233478845638 ], [ 48.685954269291464, 40.251961133883427 ] ] ] } },
{ "type": "Feature", "properties": { "density": 0.35 }, "geometry": { "type": "Polygon", "coordinates": [ [ [ 48.711153180833342, 40.710463675284082 ], [ 48.711653092449282, 40.719453425620166 ], [ 48.699837542345811, 40.719833264490923 ], [ 48.699339213261382, 40.710843394424408 ], [ 48.711153180833342, 40.710463675284082 ] ] ] } },
{ "type": "Feature", "properties": { "density": 0.35 }, "geometry": { "type": "Polygon", "coordinates": [ [ [ 48.711653092449282, 40.719453425620166 ], [ 48.712153229748196, 40.728443156832405 ], [ 48.70033609640236, 40.72882311546536 ], [ 48.699837542345811, 40.719833264490923 ], [ 48.711653092449282, 40.719453425620166 ] ] ] } },
{ "type": "Feature", "properties": { "density": 0.35 }, "geometry": { "type": "Polygon", "coordinates": [ [ [ 48.724224530971199, 40.944190959428113 ], [ 48.724730348052631, 40.953180211375411 ], [ 48.712873401566682, 40.953563174441534 ], [ 48.712369185616311, 40.944573801931824 ], [ 48.724224530971199, 40.944190959428113 ] ] ] } },
{ "type": "Feature", "properties": { "density": 0.35 }, "geometry": { "type": "Polygon", "coordinates": [ [ [ 48.708026804646686, 40.440384953724561 ], [ 48.708521560237486, 40.449375156946381 ], [ 48.696753400732661, 40.449752612794597 ], [ 48.696260206401355, 40.440762290410632 ], [ 48.708026804646686, 40.440384953724561 ] ] ] } },
{ "type": "Feature", "properties": { "density": 0.35 }, "geometry": { "type": "Polygon", "coordinates": [ [ [ 48.726482139383634, 40.773009759231648 ], [ 48.726985220604519, 40.781999255292675 ], [ 48.715158799348764, 40.782381142304317 ], [ 48.714657305527012, 40.77339152591049 ], [ 48.726482139383634, 40.773009759231648 ] ] ] } },
{ "type": "Feature", "properties": { "density": 0.35 }, "geometry": { "type": "Polygon", "coordinates": [ [ [ 48.726985220604519, 40.781999255292675 ], [ 48.727488529030794, 40.7909887321727 ], [ 48.71566051966262, 40.791370739549158 ], [ 48.715158799348764, 40.782381142304317 ], [ 48.726985220604519, 40.781999255292675 ] ] ] } },
{ "type": "Feature", "properties": { "density": 0.35 }, "geometry": { "type": "Polygon", "coordinates": [ [ [ 48.763291750954153, 41.420204232616683 ], [ 48.763811493494451, 41.429192338359911 ], [ 48.751868882216506, 41.429582974604912 ], [ 48.751350779371904, 41.420594746176199 ], [ 48.763291750954153, 41.420204232616683 ] ] ] } },
{ "type": "Feature", "properties": { "density": 0.35 }, "geometry": { "type": "Polygon", "coordinates": [ [ [ 48.730763989761847, 40.637783850533438 ], [ 48.731265253426919, 40.646773513642508 ], [ 48.719462793936778, 40.647154802397509 ], [ 48.718963106899913, 40.63816501905518 ], [ 48.730763989761847, 40.637783850533438 ] ] ] } },
{ "type": "Feature", "properties": { "density": 0.35 }, "geometry": { "type": "Polygon", "coordinates": [ [ [ 48.751502505416369, 41.006344289214425 ], [ 48.752013137946022, 41.015333163839799 ], [ 48.740145423146537, 41.015719409765168 ], [ 48.739636396561032, 41.00673041358673 ], [ 48.751502505416369, 41.006344289214425 ] ] ] } },
{ "type": "Feature", "properties": { "density": 0.35 }, "geometry": { "type": "Polygon", "coordinates": [ [ [ 48.756619239120802, 41.096232166177295 ], [ 48.757132186817415, 41.105220847559877 ], [ 48.745248372768181, 41.105608310811505 ], [ 48.744737038259139, 41.096619507549093 ], [ 48.756619239120802, 41.096232166177295 ] ] ] } },
{ "type": "Feature", "properties": { "density": 0.35 }, "geometry": { "type": "Polygon", "coordinates": [ [ [ 48.770550672129644, 41.338919762893838 ], [ 48.771069930855326, 41.347907920689579 ], [ 48.759142284949334, 41.348298687153253 ], [ 48.758624659154528, 41.339310406585639 ], [ 48.770550672129644, 41.338919762893838 ] ] ] } },
{ "type": "Feature", "properties": { "density": 0.35 }, "geometry": { "type": "Polygon", "coordinates": [ [ [ 48.78728434053064, 41.626531150034538 ], [ 48.787811194525418, 41.635518683803738 ], [ 48.775830903881349, 41.635913396665536 ], [ 48.775305706574727, 41.626925739048524 ], [ 48.78728434053064, 41.626531150034538 ] ] ] } },
{ "type": "Feature", "properties": { "density": 0.35 }, "geometry": { "type": "Polygon", "coordinates": [ [ [ 48.779875530499133, 41.293587421254358 ], [ 48.78039524297948, 41.3025755532217 ], [ 48.768475989202067, 41.302966937348749 ], [ 48.767957905854004, 41.293978682390353 ], [ 48.779875530499133, 41.293587421254358 ] ] ] } },
{ "type": "Feature", "properties": { "density": 0.35 }, "geometry": { "type": "Polygon", "coordinates": [ [ [ 48.644621790953487, 38.577941502053314 ], [ 48.645076978160567, 38.586935230371793 ], [ 48.633618179169169, 38.587292018524302 ], [ 48.633164415213002, 38.578298176075862 ], [ 48.644621790953487, 38.577941502053314 ] ] ] } },
{ "type": "Feature", "properties": { "density": 0.35 }, "geometry": { "type": "Polygon", "coordinates": [ [ [ 48.777805575576885, 41.05051134305878 ], [ 48.778320582962756, 41.059499876528051 ], [ 48.766445291471364, 41.059889172277252 ], [ 48.765931893407732, 41.050900516326436 ], [ 48.777805575576885, 41.05051134305878 ] ] ] } },
{ "type": "Feature", "properties": { "density": 0.35 }, "geometry": { "type": "Polygon", "coordinates": [ [ [ 48.801213320850941, 41.454976098719627 ], [ 48.801738934586929, 41.463963755886311 ], [ 48.789790468239616, 41.464358597644022 ], [ 48.78926649679137, 41.45537081649627 ], [ 48.801213320850941, 41.454976098719627 ] ] ] } },
{ "type": "Feature", "properties": { "density": 0.35 }, "geometry": { "type": "Polygon", "coordinates": [ [ [ 48.804370583580933, 41.508901748259873 ], [ 48.804897630313896, 41.517889288016448 ], [ 48.792939294660258, 41.518284874370714 ], [ 48.792413894668343, 41.509297210430063 ], [ 48.804370583580933, 41.508901748259873 ] ] ] } },
{ "type": "Feature", "properties": { "density": 0.35 }, "geometry": { "type": "Polygon", "coordinates": [ [ [ 48.668017318458119, 38.811411670630612 ], [ 48.668479259269446, 38.820404804182132 ], [ 48.656983438646996, 38.820765697990304 ], [ 48.656522937525594, 38.811772449215923 ], [ 48.668017318458119, 38.811411670630612 ] ] ] } },
{ "type": "Feature", "properties": { "density": 0.35 }, "geometry": { "type": "Polygon", "coordinates": [ [ [ 48.801098772058197, 41.247861489951617 ], [ 48.801620559103377, 41.256849472351767 ], [ 48.789709914295003, 41.257242700175212 ], [ 48.789189752471437, 41.248254594180544 ], [ 48.801098772058197, 41.247861489951617 ] ] ] } },
{ "type": "Feature", "properties": { "density": 0.35 }, "geometry": { "type": "Polygon", "coordinates": [ [ [ 48.801620559103377, 41.256849472351767 ], [ 48.802142582569914, 41.265837435245182 ], [ 48.790230311807477, 41.266230786696539 ], [ 48.789709914295003, 41.257242700175212 ], [ 48.801620559103377, 41.256849472351767 ] ] ] } },
{ "type": "Feature", "properties": { "density": 0.35 }, "geometry": { "type": "Polygon", "coordinates": [ [ [ 48.82375062704979, 41.634327072356918 ], [ 48.82428269200409, 41.643314212582695 ], [ 48.81230146475275, 41.643712786853889 ], [ 48.811771056858248, 41.634725521578275 ], [ 48.82375062704979, 41.634327072356918 ] ] ] } },
{ "type": "Feature", "properties": { "density": 0.35 }, "geometry": { "type": "Polygon", "coordinates": [ [ [ 48.676273617948212, 38.748098119212145 ], [ 48.676735552144407, 38.757091266924597 ], [ 48.665250001587196, 38.757452480592619 ], [ 48.664789502508619, 38.74845921749808 ], [ 48.676273617948212, 38.748098119212145 ] ] ] } },
{ "type": "Feature", "properties": { "density": 0.35 }, "geometry": { "type": "Polygon", "coordinates": [ [ [ 48.692095717243468, 39.053854728057829 ], [ 48.692564722226031, 39.062847243945221 ], [ 48.681029996071189, 39.063212397670824 ], [ 48.680562448069871, 39.054219765422992 ], [ 48.692095717243468, 39.053854728057829 ] ] ] } },
{ "type": "Feature", "properties": { "density": 0.35 }, "geometry": { "type": "Polygon", "coordinates": [ [ [ 48.826693666989236, 41.481145115628841 ], [ 48.827223285315085, 41.490132464779741 ], [ 48.815270366187605, 41.490530156946612 ], [ 48.81474239212509, 41.481542682938183 ], [ 48.826693666989236, 41.481145115628841 ] ] ] } },
{ "type": "Feature", "properties": { "density": 0.35 }, "geometry": { "type": "Polygon", "coordinates": [ [ [ 48.684981651989283, 38.693777314290195 ], [ 48.685443781679474, 38.702770457501934 ], [ 48.673967037970563, 38.703132102915731 ], [ 48.673506339477143, 38.694138844134677 ], [ 48.684981651989283, 38.693777314290195 ] ] ] } },
{ "type": "Feature", "properties": { "density": 0.35 }, "geometry": { "type": "Polygon", "coordinates": [ [ [ 48.685443781679474, 38.702770457501934 ], [ 48.685906117706807, 38.711763582182684 ], [ 48.674427942165075, 38.712125343194302 ], [ 48.673967037970563, 38.703132102915731 ], [ 48.685443781679474, 38.702770457501934 ] ] ] } },
{ "type": "Feature", "properties": { "density": 0.35 }, "geometry": { "type": "Polygon", "coordinates": [ [ [ 48.685906117706807, 38.711763582182684 ], [ 48.686368660171233, 38.720756688328869 ], [ 48.674889052160339, 38.721118564966794 ], [ 48.674427942165075, 38.712125343194302 ], [ 48.685906117706807, 38.711763582182684 ] ] ] } },
{ "type": "Feature", "properties": { "density": 0.35 }, "geometry": { "type": "Polygon", "coordinates": [ [ [ 48.686368660171233, 38.720756688328869 ], [ 48.686831409172797, 38.729749775936874 ], [ 48.675350368056073, 38.730111768229655 ], [ 48.674889052160339, 38.721118564966794 ], [ 48.686368660171233, 38.720756688328869 ] ] ] } },
{ "type": "Feature", "properties": { "density": 0.35 }, "geometry": { "type": "Polygon", "coordinates": [ [ [ 48.686831409172797, 38.729749775936874 ], [ 48.687294364811571, 38.738742845003124 ], [ 48.675811889952072, 38.739104952979297 ], [ 48.675350368056073, 38.730111768229655 ], [ 48.686831409172797, 38.729749775936874 ] ] ] } },
{ "type": "Feature", "properties": { "density": 0.35 }, "geometry": { "type": "Polygon", "coordinates": [ [ [ 48.700810418095351, 38.999533766087204 ], [ 48.701279619758935, 39.008526277227205 ], [ 48.689753834905055, 39.008891869058239 ], [ 48.689286086236244, 38.999899241370954 ], [ 48.700810418095351, 38.999533766087204 ] ] ] } },
{ "type": "Feature", "properties": { "density": 0.35 }, "geometry": { "type": "Polygon", "coordinates": [ [ [ 48.701279619758935, 39.008526277227205 ], [ 48.7017490311991, 39.017518769713817 ], [ 48.690221792703902, 39.017884478121196 ], [ 48.689753834905055, 39.008891869058239 ], [ 48.701279619758935, 39.008526277227205 ] ] ] } },
{ "type": "Feature", "properties": { "density": 0.35 }, "geometry": { "type": "Polygon", "coordinates": [ [ [ 48.702218652518283, 39.026511243543425 ], [ 48.702688483819017, 39.035503698712425 ], [ 48.691158336100308, 39.035869640359742 ], [ 48.690689959734911, 39.026877068556232 ], [ 48.702218652518283, 39.026511243543425 ] ] ] } },
{ "type": "Feature", "properties": { "density": 0.35 }, "geometry": { "type": "Polygon", "coordinates": [ [ [ 48.714978138814004, 39.26930097139968 ], [ 48.715453678645169, 39.278292921366464 ], [ 48.703884001892433, 39.27866202320277 ], [ 48.70340993458931, 39.269669955809682 ], [ 48.714978138814004, 39.26930097139968 ] ] ] } },
{ "type": "Feature", "properties": { "density": 0.35 }, "geometry": { "type": "Polygon", "coordinates": [ [ [ 48.715929431359108, 39.287284852571425 ], [ 48.716405397060534, 39.29627676501093 ], [ 48.704832773283322, 39.296646101788525 ], [ 48.704358281422309, 39.287654071863578 ], [ 48.715929431359108, 39.287284852571425 ] ] ] } },
{ "type": "Feature", "properties": { "density": 0.35 }, "geometry": { "type": "Polygon", "coordinates": [ [ [ 48.686310583134592, 38.495563372727297 ], [ 48.686769615732764, 38.504556807409578 ], [ 48.675324416121434, 38.50491703254766 ], [ 48.674866800705558, 38.495923482562759 ], [ 48.686310583134592, 38.495563372727297 ] ] ] } },
{ "type": "Feature", "properties": { "density": 0.35 }, "geometry": { "type": "Polygon", "coordinates": [ [ [ 48.727977807745489, 39.295906280867506 ], [ 48.728455460931393, 39.304898056659049 ], [ 48.716881575854231, 39.305268658681321 ], [ 48.716405397060534, 39.29627676501093 ], [ 48.727977807745489, 39.295906280867506 ] ] ] } },
{ "type": "Feature", "properties": { "density": 0.35 }, "geometry": { "type": "Polygon", "coordinates": [ [ [ 48.739983536693224, 39.520695026550541 ], [ 48.740466567987475, 39.529686331188188 ], [ 48.728855608774111, 39.530059889881372 ], [ 48.728374068391361, 39.521068466617024 ], [ 48.739983536693224, 39.520695026550541 ] ] ] } },
{ "type": "Feature", "properties": { "density": 0.35 }, "geometry": { "type": "Polygon", "coordinates": [ [ [ 48.732864684758908, 39.169649468402838 ], [ 48.733340820122812, 39.178641389218797 ], [ 48.721787729291655, 39.179011486213604 ], [ 48.721313059052633, 39.170019447570304 ], [ 48.732864684758908, 39.169649468402838 ] ] ] } },
{ "type": "Feature", "properties": { "density": 0.35 }, "geometry": { "type": "Polygon", "coordinates": [ [ [ 48.737277663880754, 39.034399052897598 ], [ 48.737752071396812, 39.043391137244257 ], [ 48.726221100598814, 39.043760607012786 ], [ 48.725748148356608, 39.034768404918907 ], [ 48.737277663880754, 39.034399052897598 ] ] ] } },
{ "type": "Feature", "properties": { "density": 0.35 }, "geometry": { "type": "Polygon", "coordinates": [ [ [ 48.760290315234769, 39.465997881660137 ], [ 48.760775023259221, 39.474989061593654 ], [ 48.749173431948996, 39.475364218105831 ], [ 48.748690210639339, 39.466372918995056 ], [ 48.760290315234769, 39.465997881660137 ] ] ] } },
{ "type": "Feature", "properties": { "density": 0.35 }, "geometry": { "type": "Polygon", "coordinates": [ [ [ 48.761259948476784, 39.483980222595143 ], [ 48.761745090994857, 39.492971364660931 ], [ 48.750140524266094, 39.493346759618284 ], [ 48.749656869788893, 39.484355498314798 ], [ 48.761259948476784, 39.483980222595143 ] ] ] } },
{ "type": "Feature", "properties": { "density": 0.35 }, "geometry": { "type": "Polygon", "coordinates": [ [ [ 48.762230450920896, 39.501962487787296 ], [ 48.762716028362455, 39.510953591970591 ], [ 48.751108483561062, 39.511329225494123 ], [ 48.750624395487755, 39.502338002012614 ], [ 48.762230450920896, 39.501962487787296 ] ] ] } },
{ "type": "Feature", "properties": { "density": 0.35 }, "geometry": { "type": "Polygon", "coordinates": [ [ [ 48.78034259535135, 39.834620695315763 ], [ 48.780836297196075, 39.843611096007059 ], [ 48.769173176092394, 39.843991165006386 ], [ 48.768680988408953, 39.83500064388442 ], [ 48.78034259535135, 39.834620695315763 ] ] ] } },
{ "type": "Feature", "properties": { "density": 0.35 }, "geometry": { "type": "Polygon", "coordinates": [ [ [ 48.790757030623091, 40.023415097325419 ], [ 48.791255410702512, 40.032405096479721 ], [ 48.779560335452757, 40.032787701699533 ], [ 48.779063483809018, 40.02379758146089 ], [ 48.790757030623091, 40.023415097325419 ] ] ] } },
{ "type": "Feature", "properties": { "density": 0.35 }, "geometry": { "type": "Polygon", "coordinates": [ [ [ 48.807459561983407, 40.112929349099964 ], [ 48.807961722327704, 40.121919034698621 ], [ 48.796251550205639, 40.122304033512648 ], [ 48.795750925033659, 40.113314226143373 ], [ 48.807459561983407, 40.112929349099964 ] ] ] } },
{ "type": "Feature", "properties": { "density": 0.35 }, "geometry": { "type": "Polygon", "coordinates": [ [ [ 48.817545803972038, 40.292719402976196 ], [ 48.818052502330424, 40.301708703249034 ], [ 48.80631148208446, 40.302096144137678 ], [ 48.805806332699014, 40.293106721458571 ], [ 48.817545803972038, 40.292719402976196 ] ] ] } },
{ "type": "Feature", "properties": { "density": 0.35 }, "geometry": { "type": "Polygon", "coordinates": [ [ [ 48.836932832013289, 40.427166526637713 ], [ 48.837444523378615, 40.436155413664864 ], [ 48.825680414947726, 40.43654588853942 ], [ 48.825170282880237, 40.427556878248815 ], [ 48.836932832013289, 40.427166526637713 ] ] ] } },
{ "type": "Feature", "properties": { "density": 0.35 }, "geometry": { "type": "Polygon", "coordinates": [ [ [ 48.845663018546816, 40.579974965839199 ], [ 48.84617864507333, 40.588963522639958 ], [ 48.834387921375992, 40.589356097959666 ], [ 48.833873866074775, 40.580367417342778 ], [ 48.845663018546816, 40.579974965839199 ] ] ] } },
{ "type": "Feature", "properties": { "density": 0.35 }, "geometry": { "type": "Polygon", "coordinates": [ [ [ 48.819818339369554, 39.914383478866988 ], [ 48.820318600268926, 39.923373343321728 ], [ 48.808642491255, 39.923758015968971 ], [ 48.808143750281367, 39.91476802969418 ], [ 48.819818339369554, 39.914383478866988 ] ] ] } },
{ "type": "Feature", "properties": { "density": 0.35 }, "geometry": { "type": "Polygon", "coordinates": [ [ [ 48.848182131298394, 40.417786198615126 ], [ 48.848695150721888, 40.426774981426654 ], [ 48.836932832013289, 40.427166526637713 ], [ 48.836421371072447, 40.418177620219659 ], [ 48.848182131298394, 40.417786198615126 ] ] ] } },
{ "type": "Feature", "properties": { "density": 0.35 }, "geometry": { "type": "Polygon", "coordinates": [ [ [ 48.875693418668448, 40.894164832695587 ], [ 48.876218851132194, 40.903152580795762 ], [ 48.864372924714083, 40.903550724044784 ], [ 48.863849088235114, 40.894562850592415 ], [ 48.875693418668448, 40.894164832695587 ] ] ] } },
{ "type": "Feature", "properties": { "density": 0.35 }, "geometry": { "type": "Polygon", "coordinates": [ [ [ 48.850719768269862, 40.255594402333003 ], [ 48.851230193276287, 40.264583410713634 ], [ 48.839496049772762, 40.264973922741888 ], [ 48.838987170622566, 40.255984790961747 ], [ 48.850719768269862, 40.255594402333003 ] ] ] } },
{ "type": "Feature", "properties": { "density": 0.35 }, "geometry": { "type": "Polygon", "coordinates": [ [ [ 48.879660584668429, 40.758948909515375 ], [ 48.880184055022269, 40.767936826320685 ], [ 48.868362228900637, 40.768334300657045 ], [ 48.867840343695264, 40.759346258620063 ], [ 48.879660584668429, 40.758948909515375 ] ] ] } },
{ "type": "Feature", "properties": { "density": 0.35 }, "geometry": { "type": "Polygon", "coordinates": [ [ [ 48.898655285950831, 41.082501537524948 ], [ 48.899187341691537, 41.091488746212569 ], [ 48.887307973369907, 41.091890751199465 ], [ 48.88677752863024, 41.082903416070046 ], [ 48.898655285950831, 41.082501537524948 ] ] ] } },
{ "type": "Feature", "properties": { "density": 0.35 }, "geometry": { "type": "Polygon", "coordinates": [ [ [ 48.906661458411669, 41.217307593169863 ], [ 48.907197138623673, 41.226294505319942 ], [ 48.895293518089801, 41.226698411023136 ], [ 48.89475945979143, 41.217711371919393 ], [ 48.906661458411669, 41.217307593169863 ] ] ] } },
{ "type": "Feature", "properties": { "density": 0.35 }, "geometry": { "type": "Polygon", "coordinates": [ [ [ 48.929897830788995, 41.405620898047083 ], [ 48.930440269986441, 41.414607265500422 ], [ 48.918502665235614, 41.415015080535959 ], [ 48.917961863243441, 41.406028585018305 ], [ 48.929897830788995, 41.405620898047083 ] ] ] } },
{ "type": "Feature", "properties": { "density": 0.35 }, "geometry": { "type": "Polygon", "coordinates": [ [ [ 48.775504732335591, 38.447679571323889 ], [ 48.775974051242891, 38.456672164262883 ], [ 48.764537583175112, 38.457040722321352 ], [ 48.76406967751366, 38.448048011377246 ], [ 48.775504732335591, 38.447679571323889 ] ] ] } },
{ "type": "Feature", "properties": { "density": 0.35 }, "geometry": { "type": "Polygon", "coordinates": [ [ [ 48.917070598316563, 40.991823481873304 ], [ 48.917603460451581, 41.000810634414087 ], [ 48.905740649345802, 41.001213811813528 ], [ 48.905209390736303, 40.992226532406413 ], [ 48.917070598316563, 40.991823481873304 ] ] ] } },
{ "type": "Feature", "properties": { "density": 0.35 }, "geometry": { "type": "Polygon", "coordinates": [ [ [ 48.927236304312359, 41.162575995533814 ], [ 48.927773766066373, 41.171562771756911 ], [ 48.915880350558929, 41.171968366096721 ], [ 48.915344506093177, 41.162981462358125 ], [ 48.927236304312359, 41.162575995533814 ] ] ] } },
{ "type": "Feature", "properties": { "density": 0.35 }, "geometry": { "type": "Polygon", "coordinates": [ [ [ 48.799247105677701, 38.681108263765871 ], [ 48.799723329201171, 38.69010025042251 ], [ 48.788250107657738, 38.690473009414937 ], [ 48.787775313683497, 38.681480903640804 ], [ 48.799247105677701, 38.681108263765871 ] ] ] } },
{ "type": "Feature", "properties": { "density": 0.35 }, "geometry": { "type": "Polygon", "coordinates": [ [ [ 48.806892250705069, 38.824977790135357 ], [ 48.807371888071934, 38.833969475269811 ], [ 48.795875707172542, 38.834344144144254 ], [ 48.795397509551641, 38.825352339420775 ], [ 48.806892250705069, 38.824977790135357 ] ] ] } },
{ "type": "Feature", "properties": { "density": 0.35 }, "geometry": { "type": "Polygon", "coordinates": [ [ [ 48.954860701393379, 41.422774019837895 ], [ 48.955406909755432, 41.431760090024483 ], [ 48.943466521686673, 41.432170633327672 ], [ 48.9429219517503, 41.423184434234116 ], [ 48.954860701393379, 41.422774019837895 ] ] ] } },
{ "type": "Feature", "properties": { "density": 0.35 }, "geometry": { "type": "Polygon", "coordinates": [ [ [ 48.799791280808918, 38.473916363582767 ], [ 48.800264057912244, 38.482908663189399 ], [ 48.788823766201588, 38.483279804241697 ], [ 48.788352404024707, 38.474287385832376 ], [ 48.799791280808918, 38.473916363582767 ] ] ] } },
{ "type": "Feature", "properties": { "density": 0.35 }, "geometry": { "type": "Polygon", "coordinates": [ [ [ 48.801210244835453, 38.500893206119997 ], [ 48.801683654858479, 38.509885449436446 ], [ 48.790239114599352, 38.510256947071149 ], [ 48.789767121387641, 38.501264584864821 ], [ 48.801210244835453, 38.500893206119997 ] ] ] } },
{ "type": "Feature", "properties": { "density": 0.35 }, "geometry": { "type": "Polygon", "coordinates": [ [ [ 48.803579407733409, 38.545854234955272 ], [ 48.804053874657164, 38.554846384379395 ], [ 48.792602240902092, 38.555218476900244 ], [ 48.792129193937107, 38.546226208440594 ], [ 48.803579407733409, 38.545854234955272 ] ] ] } },
{ "type": "Feature", "properties": { "density": 0.35 }, "geometry": { "type": "Polygon", "coordinates": [ [ [ 48.804053874657164, 38.554846384379395 ], [ 48.804528553266913, 38.563838515013749 ], [ 48.793075498922668, 38.564210726599306 ], [ 48.792602240902092, 38.555218476900244 ], [ 48.804053874657164, 38.554846384379395 ] ] ] } },
{ "type": "Feature", "properties": { "density": 0.35 }, "geometry": { "type": "Polygon", "coordinates": [ [ [ 48.83242563822148, 39.085349813291991 ], [ 48.832912989612097, 39.094340828641236 ], [ 48.821374993763484, 39.094720117300092 ], [ 48.820889100695524, 39.08572898113453 ], [ 48.83242563822148, 39.085349813291991 ] ] ] } },
{ "type": "Feature", "properties": { "density": 0.35 }, "geometry": { "type": "Polygon", "coordinates": [ [ [ 48.840249473853724, 39.229203774728667 ], [ 48.840740325221944, 39.238194485351869 ], [ 48.829178907754049, 39.238575711191586 ], [ 48.828689525127807, 39.229584879266696 ], [ 48.840249473853724, 39.229203774728667 ] ] ] } },
{ "type": "Feature", "properties": { "density": 0.35 }, "geometry": { "type": "Polygon", "coordinates": [ [ [ 48.827953176928069, 38.788259338983728 ], [ 48.82843483241615, 38.79725085957201 ], [ 48.816944834964282, 38.797627303942114 ], [ 48.816464616457829, 38.788635663166062 ], [ 48.827953176928069, 38.788259338983728 ] ] ] } },
{ "type": "Feature", "properties": { "density": 0.35 }, "geometry": { "type": "Polygon", "coordinates": [ [ [ 48.833747262916049, 38.896156336392515 ], [ 48.834231506607814, 38.905147629672697 ], [ 48.822724215483809, 38.905525518619442 ], [ 48.822241416456244, 38.896534104793659 ], [ 48.833747262916049, 38.896156336392515 ] ] ] } },
{ "type": "Feature", "properties": { "density": 0.35 }, "geometry": { "type": "Polygon", "coordinates": [ [ [ 48.834231506607814, 38.905147629672697 ], [ 48.834715966665698, 38.91413890398583 ], [ 48.823207230235298, 38.914516913508088 ], [ 48.822724215483809, 38.905525518619442 ], [ 48.834231506607814, 38.905147629672697 ] ] ] } },
{ "type": "Feature", "properties": { "density": 0.35 }, "geometry": { "type": "Polygon", "coordinates": [ [ [ 48.837141516137031, 38.959094990912142 ], [ 48.837627276606753, 38.968086151342888 ], [ 48.82610985483398, 38.968464884947728 ], [ 48.825625543530471, 38.959473603761531 ], [ 48.837141516137031, 38.959094990912142 ] ] ] } },
{ "type": "Feature", "properties": { "density": 0.35 }, "geometry": { "type": "Polygon", "coordinates": [ [ [ 48.83859944896772, 38.986068415219378 ], [ 48.839085861070814, 38.995059518657506 ], [ 48.827564087931776, 38.995438614709073 ], [ 48.827079126929007, 38.986447390425283 ], [ 48.83859944896772, 38.986068415219378 ] ] ] } },
{ "type": "Feature", "properties": { "density": 0.35 }, "geometry": { "type": "Polygon", "coordinates": [ [ [ 48.86717405885959, 39.507520881188626 ], [ 48.867673259330395, 39.516510876005754 ], [ 48.856066207986487, 39.516897033180506 ], [ 48.855568496567074, 39.507906915742709 ], [ 48.86717405885959, 39.507520881188626 ] ] ] } },
{ "type": "Feature", "properties": { "density": 0.35 }, "geometry": { "type": "Polygon", "coordinates": [ [ [ 48.862381797407785, 39.210457142101056 ], [ 48.862875144322672, 39.219447647298757 ], [ 48.851317103230805, 39.219830918009976 ], [ 48.850825223535381, 39.210840290846171 ], [ 48.862381797407785, 39.210457142101056 ] ] ] } },
{ "type": "Feature", "properties": { "density": 0.35 }, "geometry": { "type": "Polygon", "coordinates": [ [ [ 48.864850740591898, 39.255409476738201 ], [ 48.865345192354155, 39.26439988624098 ], [ 48.853779805362024, 39.264783767242456 ], [ 48.853286824087938, 39.25579323562026 ], [ 48.864850740591898, 39.255409476738201 ] ] ] } },
{ "type": "Feature", "properties": { "density": 0.35 }, "geometry": { "type": "Polygon", "coordinates": [ [ [ 48.873784819499917, 39.417233914614307 ], [ 48.874283271285933, 39.426223978818108 ], [ 48.862691303244439, 39.426610063239266 ], [ 48.86219433378001, 39.417619876360391 ], [ 48.873784819499917, 39.417233914614307 ] ] ] } },
{ "type": "Feature", "properties": { "density": 0.35 }, "geometry": { "type": "Polygon", "coordinates": [ [ [ 48.887826226648556, 39.668948434530151 ], [ 48.888330971801018, 39.677937959114594 ], [ 48.876697229422625, 39.678327491106621 ], [ 48.876193985207436, 39.669337842971125 ], [ 48.887826226648556, 39.668948434530151 ] ] ] } },
{ "type": "Feature", "properties": { "density": 0.35 }, "geometry": { "type": "Polygon", "coordinates": [ [ [ 48.910765486154588, 40.073457850639009 ], [ 48.911280531090178, 40.082446501597445 ], [ 48.899578548476015, 40.08284162632129 ], [ 48.899065034938445, 40.073852850373733 ], [ 48.910765486154588, 40.073457850639009 ] ] ] } },
{ "type": "Feature", "properties": { "density": 0.35 }, "geometry": { "type": "Polygon", "coordinates": [ [ [ 48.912827055532276, 40.109412337434939 ], [ 48.913343027279396, 40.118400910355092 ], [ 48.901634912223365, 40.118796535359486 ], [ 48.901120474614878, 40.109807837320531 ], [ 48.912827055532276, 40.109412337434939 ] ] ] } },
{ "type": "Feature", "properties": { "density": 0.35 }, "geometry": { "type": "Polygon", "coordinates": [ [ [ 48.913206909994365, 39.911264875449156 ], [ 48.913719326227415, 39.920253752026198 ], [ 48.902045033805273, 39.920647804071329 ], [ 48.901534136589895, 39.911658802715145 ], [ 48.913206909994365, 39.911264875449156 ] ] ] } },
{ "type": "Feature", "properties": { "density": 0.35 }, "geometry": { "type": "Polygon", "coordinates": [ [ [ 48.945416289525269, 40.468538265267298 ], [ 48.945943194606308, 40.477525927539517 ], [ 48.934173384547059, 40.477927779418252 ], [ 48.933648041193379, 40.4689399903381 ], [ 48.945416289525269, 40.468538265267298 ] ] ] } },
{ "type": "Feature", "properties": { "density": 0.35 }, "geometry": { "type": "Polygon", "coordinates": [ [ [ 48.945943194606308, 40.477525927539517 ], [ 48.946470337115102, 40.486513570101579 ], [ 48.934698964628744, 40.486915548821592 ], [ 48.934173384547059, 40.477927779418252 ], [ 48.945943194606308, 40.477525927539517 ] ] ] } },
{ "type": "Feature", "properties": { "density": 0.35 }, "geometry": { "type": "Polygon", "coordinates": [ [ [ 48.946997717172174, 40.495501192949554 ], [ 48.947525334898117, 40.504488796079436 ], [ 48.935750835456822, 40.504891028582051 ], [ 48.935224781558581, 40.495903298544178 ], [ 48.946997717172174, 40.495501192949554 ] ] ] } },
{ "type": "Feature", "properties": { "density": 0.35 }, "geometry": { "type": "Polygon", "coordinates": [ [ [ 48.947525334898117, 40.504488796079436 ], [ 48.948053190413617, 40.513476379487251 ], [ 48.936277126443812, 40.51387873893124 ], [ 48.935750835456822, 40.504891028582051 ], [ 48.947525334898117, 40.504488796079436 ] ] ] } },
{ "type": "Feature", "properties": { "density": 0.35 }, "geometry": { "type": "Polygon", "coordinates": [ [ [ 48.951754847286686, 40.576388910790151 ], [ 48.952284609474312, 40.585376336278252 ], [ 48.94049600400475, 40.585779712457587 ], [ 48.939967811964863, 40.576792159760295 ], [ 48.951754847286686, 40.576388910790151 ] ] ] } },
{ "type": "Feature", "properties": { "density": 0.35 }, "geometry": { "type": "Polygon", "coordinates": [ [ [ 48.952814610541758, 40.594363742008461 ], [ 48.953344850610613, 40.603351127976815 ], [ 48.941553102733259, 40.603754758675265 ], [ 48.941024434220466, 40.59476724543056 ], [ 48.952814610541758, 40.594363742008461 ] ] ] } },
{ "type": "Feature", "properties": { "density": 0.35 }, "geometry": { "type": "Polygon", "coordinates": [ [ [ 48.953344850610613, 40.603351127976815 ], [ 48.953875329802564, 40.612338494179312 ], [ 48.942082009664439, 40.612742252187694 ], [ 48.941553102733259, 40.603754758675265 ], [ 48.953344850610613, 40.603351127976815 ] ] ] } },
{ "type": "Feature", "properties": { "density": 0.35 }, "geometry": { "type": "Polygon", "coordinates": [ [ [ 48.969933469815466, 40.683830730153382 ], [ 48.970467685102506, 40.692817790292374 ], [ 48.95866042319205, 40.693223899880159 ], [ 48.958127786401519, 40.684236711749868 ], [ 48.969933469815466, 40.683830730153382 ] ] ] } },
{ "type": "Feature", "properties": { "density": 0.35 }, "geometry": { "type": "Polygon", "coordinates": [ [ [ 48.98877524160585, 40.998366004074043 ], [ 48.989317967567359, 41.007352367428197 ], [ 48.977455009562803, 41.007762978212988 ], [ 48.976913887098256, 40.998776485668998 ], [ 48.98877524160585, 40.998366004074043 ] ] ] } },
{ "type": "Feature", "properties": { "density": 0.35 }, "geometry": { "type": "Polygon", "coordinates": [ [ [ 48.999548430060784, 40.979981777769908 ], [ 49.000092267501586, 40.988968051571661 ], [ 48.988232760932938, 40.989379620743108 ], [ 48.987690525422501, 40.980393217439413 ], [ 48.999548430060784, 40.979981777769908 ] ] ] } },
{ "type": "Feature", "properties": { "density": 0.35 }, "geometry": { "type": "Polygon", "coordinates": [ [ [ 49.001180680157127, 41.00694053914885 ], [ 49.00172525562494, 41.01592675291613 ], [ 48.989860938943671, 41.016338710801485 ], [ 48.989317967567359, 41.007352367428197 ], [ 49.001180680157127, 41.00694053914885 ] ] ] } },
{ "type": "Feature", "properties": { "density": 0.35 }, "geometry": { "type": "Polygon", "coordinates": [ [ [ 49.002270077354979, 41.024912946663783 ], [ 49.002815145474024, 41.033899120387744 ], [ 48.990947618446043, 41.034311337589308 ], [ 48.9904041558611, 41.025325034189876 ], [ 49.002270077354979, 41.024912946663783 ] ] ] } },
{ "type": "Feature", "properties": { "density": 0.35 }, "geometry": { "type": "Polygon", "coordinates": [ [ [ 48.914668602601786, 39.109634189807679 ], [ 48.915166827032678, 39.118624291620662 ], [ 48.90362599382582, 39.119011919935133 ], [ 48.903129228910743, 39.110021694684036 ], [ 48.914668602601786, 39.109634189807679 ] ] ] } },
{ "type": "Feature", "properties": { "density": 0.35 }, "geometry": { "type": "Polygon", "coordinates": [ [ [ 48.956588094134723, 39.648609977290207 ], [ 48.957101382084815, 39.657598791884219 ], [ 48.9454720078894, 39.657995044813312 ], [ 48.944960218859912, 39.64900610452937 ], [ 48.956588094134723, 39.648609977290207 ] ] ] } },
{ "type": "Feature", "properties": { "density": 0.35 }, "geometry": { "type": "Polygon", "coordinates": [ [ [ 49.026251393715469, 40.636850393644487 ], [ 49.026792278539936, 40.645836908149725 ], [ 49.014994111295714, 40.646248388974591 ], [ 49.014454800816225, 40.637261744760231 ], [ 49.026251393715469, 40.636850393644487 ] ] ] } },
{ "type": "Feature", "properties": { "density": 0.35 }, "geometry": { "type": "Polygon", "coordinates": [ [ [ 49.050282781210392, 41.032238066648226 ], [ 49.050834519595789, 41.041223697685481 ], [ 49.038966377215452, 41.041640919950929 ], [ 49.038416244575949, 41.032655157676338 ], [ 49.050282781210392, 41.032238066648226 ] ] ] } },
{ "type": "Feature", "properties": { "density": 0.35 }, "geometry": { "type": "Polygon", "coordinates": [ [ [ 48.979112874371431, 39.431686311724434 ], [ 48.979625120581986, 39.440675216434869 ], [ 48.968032221080598, 39.441071918364607 ], [ 48.967521457508539, 39.432082887634373 ], [ 48.979112874371431, 39.431686311724434 ] ] ] } },
{ "type": "Feature", "properties": { "density": 0.35 }, "geometry": { "type": "Polygon", "coordinates": [ [ [ 48.992506137179689, 39.665391482501171 ], [ 48.99302438566896, 39.674379878603744 ], [ 48.981392704828629, 39.674779868297634 ], [ 48.980875956252952, 39.665791345339947 ], [ 48.992506137179689, 39.665391482501171 ] ] ] } },
{ "type": "Feature", "properties": { "density": 0.35 }, "geometry": { "type": "Polygon", "coordinates": [ [ [ 49.047670166022677, 40.600078870424305 ], [ 49.048213218887199, 40.609065204573845 ], [ 49.036421832441846, 40.609478567588759 ], [ 49.035880350853979, 40.600492103113304 ], [ 49.047670166022677, 40.600078870424305 ] ] ] } },
{ "type": "Feature", "properties": { "density": 0.35 }, "geometry": { "type": "Polygon", "coordinates": [ [ [ 49.067106866630482, 40.725469457550979 ], [ 49.067654940269009, 40.734455379541735 ], [ 49.055841728471151, 40.734871776329449 ], [ 49.055295235876258, 40.725885723150995 ], [ 49.067106866630482, 40.725469457550979 ] ] ] } },
{ "type": "Feature", "properties": { "density": 0.35 }, "geometry": { "type": "Polygon", "coordinates": [ [ [ 49.091457782205289, 41.12083092155094 ], [ 49.092016859857857, 41.129815953613921 ], [ 49.080133374894196, 41.13023815739821 ], [ 49.079575909833125, 41.121252992597078 ], [ 49.091457782205289, 41.12083092155094 ] ] ] } },
{ "type": "Feature", "properties": { "density": 0.35 }, "geometry": { "type": "Polygon", "coordinates": [ [ [ 49.038950058276697, 39.861916659811364 ], [ 49.039477989890102, 39.870904238487455 ], [ 49.027813848074899, 39.87131053617582 ], [ 49.027287430812912, 39.862322828821014 ], [ 49.038950058276697, 39.861916659811364 ] ] ] } },
{ "type": "Feature", "properties": { "density": 0.35 }, "geometry": { "type": "Polygon", "coordinates": [ [ [ 49.039477989890102, 39.870904238487455 ], [ 49.040006158496453, 39.879891797358951 ], [ 49.028340501653986, 39.880298223759091 ], [ 49.027813848074899, 39.87131053617582 ], [ 49.039477989890102, 39.870904238487455 ] ] ] } },
{ "type": "Feature", "properties": { "density": 0.35 }, "geometry": { "type": "Polygon", "coordinates": [ [ [ 49.055426674768427, 40.140522371052711 ], [ 49.055962008591933, 40.149509333863278 ], [ 49.044250584993378, 40.149919637094442 ], [ 49.043716786629147, 40.140932544570724 ], [ 49.055426674768427, 40.140522371052711 ] ] ] } },
{ "type": "Feature", "properties": { "density": 0.35 }, "geometry": { "type": "Polygon", "coordinates": [ [ [ 49.064560167905221, 40.293298025124024 ], [ 49.065099610206005, 40.302284648508731 ], [ 49.053361978514232, 40.302697162032779 ], [ 49.052824083386682, 40.293710408359651 ], [ 49.064560167905221, 40.293298025124024 ] ] ] } },
{ "type": "Feature", "properties": { "density": 0.35 }, "geometry": { "type": "Polygon", "coordinates": [ [ [ 49.065099610206005, 40.302284648508731 ], [ 49.065639295280398, 40.311271251889728 ], [ 49.053900115723245, 40.311683895736209 ], [ 49.053361978514232, 40.302697162032779 ], [ 49.065099610206005, 40.302284648508731 ] ] ] } },
{ "type": "Feature", "properties": { "density": 0.35 }, "geometry": { "type": "Polygon", "coordinates": [ [ [ 49.132752524194011, 41.20940277323735 ], [ 49.133318996489898, 41.218387200314567 ], [ 49.121420110769506, 41.218814411473247 ], [ 49.120855257938473, 41.209829850149191 ], [ 49.132752524194011, 41.20940277323735 ] ] ] } },
{ "type": "Feature", "properties": { "density": 0.35 }, "geometry": { "type": "Polygon", "coordinates": [ [ [ 49.036547080619613, 39.420697868472381 ], [ 49.037066505699826, 39.429686157284202 ], [ 49.025476242031772, 39.430088491263184 ], [ 49.024958298361156, 39.421100074641409 ], [ 49.036547080619613, 39.420697868472381 ] ] ] } },
{ "type": "Feature", "properties": { "density": 0.35 }, "geometry": { "type": "Polygon", "coordinates": [ [ [ 49.046456046443623, 39.591471988649502 ], [ 49.046979910985428, 39.600459903061342 ], [ 49.03536137483637, 39.600864671593627 ], [ 49.034839004292486, 39.591876628754321 ], [ 49.046456046443623, 39.591471988649502 ] ] ] } },
{ "type": "Feature", "properties": { "density": 0.35 }, "geometry": { "type": "Polygon", "coordinates": [ [ [ 49.114543511564719, 40.534674901774849 ], [ 49.115094249261126, 40.543660587693466 ], [ 49.10331532157609, 40.544080224054547 ], [ 49.102766149486932, 40.535094405793984 ], [ 49.114543511564719, 40.534674901774849 ] ] ] } },
{ "type": "Feature", "properties": { "density": 0.35 }, "geometry": { "type": "Polygon", "coordinates": [ [ [ 49.132849608401671, 40.831191837084624 ], [ 49.133408604519637, 40.840176853452462 ], [ 49.121577616251443, 40.840600876773536 ], [ 49.121020209070721, 40.831615726902712 ], [ 49.132849608401671, 40.831191837084624 ] ] ] } },
{ "type": "Feature", "properties": { "density": 0.35 }, "geometry": { "type": "Polygon", "coordinates": [ [ [ 49.144077641204618, 41.010888290693664 ], [ 49.144641710693051, 41.019872898996702 ], [ 49.132778793457319, 41.020299599868217 ], [ 49.132216327236058, 41.011314857347458 ], [ 49.144077641204618, 41.010888290693664 ] ] ] } },
{ "type": "Feature", "properties": { "density": 0.35 }, "geometry": { "type": "Polygon", "coordinates": [ [ [ 49.107475379247063, 40.030616525069213 ], [ 49.108015468494003, 40.039603074639551 ], [ 49.096323628311055, 40.040017705511389 ], [ 49.09578506571107, 40.031031024777576 ], [ 49.107475379247063, 40.030616525069213 ] ] ] } },
{ "type": "Feature", "properties": { "density": 0.35 }, "geometry": { "type": "Polygon", "coordinates": [ [ [ 49.102414771366774, 39.553482153635834 ], [ 49.102945152758025, 39.562469500023795 ], [ 49.091333766998922, 39.5628795387628 ], [ 49.090804876362448, 39.553892062249943 ], [ 49.102414771366774, 39.553482153635834 ] ] ] } },
{ "type": "Feature", "properties": { "density": 0.35 }, "geometry": { "type": "Polygon", "coordinates": [ [ [ 49.091472333674446, 38.968455727779784 ], [ 49.091990411117187, 38.977444101172594 ], [ 49.080475018912992, 38.977848015573521 ], [ 49.079958389522503, 38.968859513445587 ], [ 49.091472333674446, 38.968455727779784 ] ] ] } },
{ "type": "Feature", "properties": { "density": 0.35 }, "geometry": { "type": "Polygon", "coordinates": [ [ [ 49.115016605244413, 39.372912981915107 ], [ 49.115545212547794, 39.381900465279976 ], [ 49.103963987469378, 39.382310206192024 ], [ 49.103436857475323, 39.373322592632348 ], [ 49.115016605244413, 39.372912981915107 ] ] ] } },
{ "type": "Feature", "properties": { "density": 0.35 }, "geometry": { "type": "Polygon", "coordinates": [ [ [ 49.199226353082409, 40.567643739088609 ], [ 49.199789059760924, 40.576628406192462 ], [ 49.188005618464501, 40.577056961844605 ], [ 49.187444479307935, 40.568072159625842 ], [ 49.199226353082409, 40.567643739088609 ] ] ] } },
{ "type": "Feature", "properties": { "density": 0.35 }, "geometry": { "type": "Polygon", "coordinates": [ [ [ 49.113978786663331, 38.958656624522867 ], [ 49.114499527211549, 38.967644759112325 ], [ 49.102986046451761, 38.968050809645824 ], [ 49.102466753087086, 38.959062545634261 ], [ 49.113978786663331, 38.958656624522867 ] ] ] } },
{ "type": "Feature", "properties": { "density": 0.35 }, "geometry": { "type": "Polygon", "coordinates": [ [ [ 49.219339535676916, 40.134656009233161 ], [ 49.219896353069913, 40.1436411170369 ], [ 49.208188361723963, 40.144067947609599 ], [ 49.2076330780652, 40.135082704890799 ], [ 49.219339535676916, 40.134656009233161 ] ] ] } },
{ "type": "Feature", "properties": { "density": 0.35 }, "geometry": { "type": "Polygon", "coordinates": [ [ [ 49.219896353069913, 40.1436411170369 ], [ 49.22045342076462, 40.152626204426184 ], [ 49.208743894999394, 40.153053169948969 ], [ 49.208188361723963, 40.144067947609599 ], [ 49.219896353069913, 40.1436411170369 ] ] ] } },
{ "type": "Feature", "properties": { "density": 0.35 }, "geometry": { "type": "Polygon", "coordinates": [ [ [ 49.189619611941538, 39.262173237451279 ], [ 49.190155671382762, 39.27116004023253 ], [ 49.178593791230789, 39.271576232707602 ], [ 49.178059200419071, 39.262589297587546 ], [ 49.189619611941538, 39.262173237451279 ] ] ] } },
{ "type": "Feature", "properties": { "density": 0.35 }, "geometry": { "type": "Polygon", "coordinates": [ [ [ 49.209069690657834, 39.585685471116697 ], [ 49.209614458806605, 39.594671549126289 ], [ 49.197999270603631, 39.595092528107052 ], [ 49.197455994794382, 39.586106316548687 ], [ 49.209069690657834, 39.585685471116697 ] ] ] } },
{ "type": "Feature", "properties": { "density": 0.35 }, "geometry": { "type": "Polygon", "coordinates": [ [ [ 49.216170753099291, 39.702502907300911 ], [ 49.216718704350718, 39.711488722186544 ], [ 49.205084055139096, 39.711911440399909 ], [ 49.204537604892096, 39.702925491522336 ], [ 49.216170753099291, 39.702502907300911 ] ] ] } },
{ "type": "Feature", "properties": { "density": 0.35 }, "geometry": { "type": "Polygon", "coordinates": [ [ [ 49.29611209423944, 40.789197797719488 ], [ 49.296692273460842, 40.798180988684912 ], [ 49.284871228234081, 40.79862138574871 ], [ 49.284292633265004, 40.789638056122882 ], [ 49.29611209423944, 40.789197797719488 ] ] ] } },
{ "type": "Feature", "properties": { "density": 0.35 }, "geometry": { "type": "Polygon", "coordinates": [ [ [ 49.215437109467132, 39.306270169395141 ], [ 49.215977312673843, 39.315256605754449 ], [ 49.204408561065563, 39.315675752480388 ], [ 49.203869829519938, 39.306689182890302 ], [ 49.215437109467132, 39.306270169395141 ] ] ] } },
{ "type": "Feature", "properties": { "density": 0.35 }, "geometry": { "type": "Polygon", "coordinates": [ [ [ 49.29548562543215, 40.411012500595483 ], [ 49.296058034836385, 40.419996287819743 ], [ 49.284303434443885, 40.42043327513381 ], [ 49.283732579522471, 40.411449350028718 ], [ 49.29548562543215, 40.411012500595483 ] ] ] } },
{ "type": "Feature", "properties": { "density": 0.35 }, "geometry": { "type": "Polygon", "coordinates": [ [ [ 49.324424388550071, 40.860176374700352 ], [ 49.325009845976354, 40.869159119673832 ], [ 49.313176627735267, 40.869603047544196 ], [ 49.312592759983588, 40.860620162856996 ], [ 49.324424388550071, 40.860176374700352 ] ] ] } },
{ "type": "Feature", "properties": { "density": 0.35 }, "geometry": { "type": "Polygon", "coordinates": [ [ [ 49.329970221440249, 40.580818363826985 ], [ 49.330550685123789, 40.589801478084084 ], [ 49.318766938211674, 40.590243488504356 ], [ 49.318188042014896, 40.581260234924521 ], [ 49.329970221440249, 40.580818363826985 ] ] ] } },
{ "type": "Feature", "properties": { "density": 0.35 }, "geometry": { "type": "Polygon", "coordinates": [ [ [ 49.335786647357899, 40.670648565659711 ], [ 49.336369733284712, 40.679631470778546 ], [ 49.324570272854892, 40.680074876450341 ], [ 49.323988761447424, 40.671091831640432 ], [ 49.335786647357899, 40.670648565659711 ] ] ] } },
{ "type": "Feature", "properties": { "density": 0.35 }, "geometry": { "type": "Polygon", "coordinates": [ [ [ 49.326872926394067, 39.608367500037126 ], [ 49.327433363908895, 39.617352160770771 ], [ 49.315816169527523, 39.617785121824554 ], [ 49.315257225120625, 39.608800323783669 ], [ 49.326872926394067, 39.608367500037126 ] ] ] } },
{ "type": "Feature", "properties": { "density": 0.35 }, "geometry": { "type": "Polygon", "coordinates": [ [ [ 49.348917229633081, 39.958753982254358 ], [ 49.349487554708574, 39.967737837235958 ], [ 49.337811607455038, 39.968176180731781 ], [ 49.337242801652017, 39.959192187064893 ], [ 49.348917229633081, 39.958753982254358 ] ] ] } },
{ "type": "Feature", "properties": { "density": 0.35 }, "geometry": { "type": "Polygon", "coordinates": [ [ [ 49.403598523299593, 40.442957271321866 ], [ 49.404185973847625, 40.451939716514673 ], [ 49.392427497855884, 40.452387986794193 ], [ 49.39184160338376, 40.44340540020729 ], [ 49.403598523299593, 40.442957271321866 ] ] ] } },
{ "type": "Feature", "properties": { "density": 0.35 }, "geometry": { "type": "Polygon", "coordinates": [ [ [ 49.42670633132046, 40.793256969098678 ], [ 49.427304198080577, 40.80223858858146 ], [ 49.415484489001145, 40.802692402374518 ], [ 49.414888205710369, 40.793710640035037 ], [ 49.42670633132046, 40.793256969098678 ] ] ] } },
{ "type": "Feature", "properties": { "density": 0.35 }, "geometry": { "type": "Polygon", "coordinates": [ [ [ 49.343217482395566, 39.310570376815768 ], [ 49.343774114883104, 39.319555303189134 ], [ 49.332206587268828, 39.319987188329598 ], [ 49.331651425771312, 39.311002124703634 ], [ 49.343217482395566, 39.310570376815768 ] ] ] } },
{ "type": "Feature", "properties": { "density": 0.35 }, "geometry": { "type": "Polygon", "coordinates": [ [ [ 49.413656922788924, 40.055358948744406 ], [ 49.414237703407743, 40.064341874235801 ], [ 49.402546293571689, 40.064787625402367 ], [ 49.401967039047634, 40.055804558981286 ], [ 49.413656922788924, 40.055358948744406 ] ] ] } },
{ "type": "Feature", "properties": { "density": 0.35 }, "geometry": { "type": "Polygon", "coordinates": [ [ [ 49.437684257312476, 40.423641634410792 ], [ 49.438275842491002, 40.432623695547761 ], [ 49.426521272772803, 40.433075256457691 ], [ 49.4259312418775, 40.424093052879122 ], [ 49.437684257312476, 40.423641634410792 ] ] ] } },
{ "type": "Feature", "properties": { "density": 0.35 }, "geometry": { "type": "Polygon", "coordinates": [ [ [ 49.475925625249879, 40.467188180588323 ], [ 49.476523215889493, 40.476169705630817 ], [ 49.464761667428512, 40.476625557592016 ], [ 49.464165634142347, 40.467643888798385 ], [ 49.475925625249879, 40.467188180588323 ] ] ] } },
{ "type": "Feature", "properties": { "density": 0.35 }, "geometry": { "type": "Polygon", "coordinates": [ [ [ 49.526274820508391, 40.339158292496052 ], [ 49.526876394303002, 40.348139393788195 ], [ 49.515137928474964, 40.348599172726061 ], [ 49.51453790164576, 40.33961792634507 ], [ 49.526274820508391, 40.339158292496052 ] ] ] } },
{ "type": "Feature", "properties": { "density": 0.35 }, "geometry": { "type": "Polygon", "coordinates": [ [ [ 49.625677393322107, 40.587341519345728 ], [ 49.626297558448272, 40.596320984804414 ], [ 49.614517432170246, 40.596793222105184 ], [ 49.613898832499373, 40.587813607861861 ], [ 49.625677393322107, 40.587341519345728 ] ] ] } },
{ "type": "Feature", "properties": { "density": 0.35 }, "geometry": { "type": "Polygon", "coordinates": [ [ [ 49.630016706997836, 40.479114733032482 ], [ 49.630635087107983, 40.488094311633809 ], [ 49.618873977925801, 40.488565958478247 ], [ 49.618257154759689, 40.479586231187092 ], [ 49.630016706997836, 40.479114733032482 ] ] ] } },
{ "type": "Feature", "properties": { "density": 0.35 }, "geometry": { "type": "Polygon", "coordinates": [ [ [ 49.733944619323147, 40.447882819296375 ], [ 49.73457615239267, 40.456861109396819 ], [ 49.722822238882699, 40.457343027878402 ], [ 49.722192259393566, 40.448364585844942 ], [ 49.733944619323147, 40.447882819296375 ] ] ] } },
{ "type": "Feature", "properties": { "density": 0.35 }, "geometry": { "type": "Polygon", "coordinates": [ [ [ 49.743167195571509, 40.411487089536244 ], [ 49.743799143790426, 40.420465316112399 ], [ 49.732051724108089, 40.420947816034335 ], [ 49.731421326555456, 40.411969437311463 ], [ 49.743167195571509, 40.411487089536244 ] ] ] } },
{ "type": "Feature", "properties": { "density": 0.35 }, "geometry": { "type": "Polygon", "coordinates": [ [ [ 50.048162223371477, 40.551602333171942 ], [ 50.048838039010221, 40.560576239603321 ], [ 50.037071531342043, 40.561091186162983 ], [ 50.036397274437157, 40.552117117559241 ], [ 50.048162223371477, 40.551602333171942 ] ] ] } },
{ "type": "Feature", "properties": { "density": 0.35 }, "geometry": { "type": "Polygon", "coordinates": [ [ [ 50.060604242449337, 40.560060100030341 ], [ 50.061281921591807, 40.569033820556733 ], [ 50.049514158878061, 40.569550122718042 ], [ 50.048838039010221, 40.560576239603321 ], [ 50.060604242449337, 40.560060100030341 ] ] ] } },
{ "type": "Feature", "properties": { "density": 0.3 }, "geometry": { "type": "Polygon", "coordinates": [ [ [ 48.092583886279471, 40.386452950190048 ], [ 48.092995826512954, 40.395448990870577 ], [ 48.081229553083439, 40.395763420076953 ], [ 48.080819173881729, 40.386767280036757 ], [ 48.092583886279471, 40.386452950190048 ] ] ] } },
{ "type": "Feature", "properties": { "density": 0.3 }, "geometry": { "type": "Polygon", "coordinates": [ [ [ 49.047127357915592, 40.591092516236529 ], [ 49.047670166022677, 40.600078870424305 ], [ 49.035880350853979, 40.600492103113304 ], [ 49.03533911331958, 40.59150561863401 ], [ 49.047127357915592, 40.591092516236529 ] ] ] } },
{ "type": "Feature", "properties": { "density": 0.3 }, "geometry": { "type": "Polygon", "coordinates": [ [ [ 46.357396377008591, 40.212656699475481 ], [ 46.3575761491173, 40.221663629211982 ], [ 46.345826192895345, 40.221800868765825 ], [ 46.345647975582501, 40.212793895565063 ], [ 46.357396377008591, 40.212656699475481 ] ] ] } },
{ "type": "Feature", "properties": { "density": 0.3 }, "geometry": { "type": "Polygon", "coordinates": [ [ [ 46.393200616164087, 39.662656224019671 ], [ 46.393381571213119, 39.671663875189793 ], [ 46.381725507347497, 39.671803161917524 ], [ 46.381546064864224, 39.662795466477931 ], [ 46.393200616164087, 39.662656224019671 ] ] ] } },
{ "type": "Feature", "properties": { "density": 0.3 }, "geometry": { "type": "Polygon", "coordinates": [ [ [ 46.444436064875291, 41.526774954786944 ], [ 46.444636423833536, 41.535779491262396 ], [ 46.43265220622294, 41.535929444680058 ], [ 46.432453507983851, 41.526924861045437 ], [ 46.444436064875291, 41.526774954786944 ] ] ] } },
{ "type": "Feature", "properties": { "density": 0.3 }, "geometry": { "type": "Polygon", "coordinates": [ [ [ 46.582126192355325, 40.777337338596652 ], [ 46.582339937338034, 40.786342477262203 ], [ 46.570492218923761, 40.786504368526145 ], [ 46.570280072740331, 40.77749917876114 ], [ 46.582126192355325, 40.777337338596652 ] ] ] } },
{ "type": "Feature", "properties": { "density": 0.3 }, "geometry": { "type": "Polygon", "coordinates": [ [ [ 46.56354456480333, 38.939669831254314 ], [ 46.563742486257333, 38.948677911098464 ], [ 46.552206638641557, 38.948831928692066 ], [ 46.552010175835115, 38.939823799641466 ], [ 46.56354456480333, 38.939669831254314 ] ] ] } },
{ "type": "Feature", "properties": { "density": 0.3 }, "geometry": { "type": "Polygon", "coordinates": [ [ [ 46.758381914006456, 40.720737617845565 ], [ 46.758618990737197, 40.729742035428544 ], [ 46.746782376025337, 40.729921820674505 ], [ 46.74654689298621, 40.720917346331568 ], [ 46.758381914006456, 40.720737617845565 ] ] ] } },
{ "type": "Feature", "properties": { "density": 0.3 }, "geometry": { "type": "Polygon", "coordinates": [ [ [ 46.783016391927866, 41.197766735996744 ], [ 46.783260859749291, 41.206770286439628 ], [ 46.771338850183646, 41.206954335355505 ], [ 46.771096014664522, 41.197950726951042 ], [ 46.783016391927866, 41.197766735996744 ] ] ] } },
{ "type": "Feature", "properties": { "density": 0.3 }, "geometry": { "type": "Polygon", "coordinates": [ [ [ 46.757010190548826, 39.297329427301271 ], [ 46.757235444512645, 39.30633606924772 ], [ 46.745642238318929, 39.306510529674227 ], [ 46.745418468602821, 39.297503832145445 ], [ 46.757010190548826, 39.297329427301271 ] ] ] } },
{ "type": "Feature", "properties": { "density": 0.3 }, "geometry": { "type": "Polygon", "coordinates": [ [ [ 46.75768625554371, 39.324349307963743 ], [ 46.757911812710702, 39.333355904730368 ], [ 46.746314149783039, 39.333530531988259 ], [ 46.746090078859488, 39.324523879597116 ], [ 46.75768625554371, 39.324349307963743 ] ] ] } },
{ "type": "Feature", "properties": { "density": 0.3 }, "geometry": { "type": "Polygon", "coordinates": [ [ [ 47.360486731703567, 39.656029157204529 ], [ 47.360793193957903, 39.665031824340055 ], [ 47.349144679258245, 39.665268147465731 ], [ 47.348839725737051, 39.656265405257798 ], [ 47.360486731703567, 39.656029157204529 ] ] ] } },
{ "type": "Feature", "properties": { "density": 0.3 }, "geometry": { "type": "Polygon", "coordinates": [ [ [ 47.547961784779268, 40.624936549428341 ], [ 47.548304100947753, 40.633936441448085 ], [ 47.536490535727019, 40.634196683930426 ], [ 47.53614980232841, 40.625196709748465 ], [ 47.547961784779268, 40.624936549428341 ] ] ] } },
{ "type": "Feature", "properties": { "density": 0.3 }, "geometry": { "type": "Polygon", "coordinates": [ [ [ 47.573314253971944, 40.669411076478035 ], [ 47.573660516480032, 40.678410720496061 ], [ 47.56183933745293, 40.67867379202184 ], [ 47.56149466112582, 40.6696740649707 ], [ 47.573314253971944, 40.669411076478035 ] ] ] } },
{ "type": "Feature", "properties": { "density": 0.3 }, "geometry": { "type": "Polygon", "coordinates": [ [ [ 47.644940218875576, 40.685806027601352 ], [ 47.645296318330978, 40.694805132124792 ], [ 47.63347291517178, 40.69507562695248 ], [ 47.633118402841795, 40.68607643706553 ], [ 47.644940218875576, 40.685806027601352 ] ] ] } },
{ "type": "Feature", "properties": { "density": 0.3 }, "geometry": { "type": "Polygon", "coordinates": [ [ [ 47.678704658741083, 40.937225377243109 ], [ 47.679068509036611, 40.946223841541901 ], [ 47.667200701793739, 40.946499175895205 ], [ 47.666838458622486, 40.937500624825375 ], [ 47.678704658741083, 40.937225377243109 ] ] ] } },
{ "type": "Feature", "properties": { "density": 0.3 }, "geometry": { "type": "Polygon", "coordinates": [ [ [ 47.866755465843589, 39.779751896460105 ], [ 47.86712924321472, 39.788750731864496 ], [ 47.855464593766179, 39.78903856815662 ], [ 47.855092332024988, 39.780039641429028 ], [ 47.866755465843589, 39.779751896460105 ] ] ] } },
{ "type": "Feature", "properties": { "density": 0.3 }, "geometry": { "type": "Polygon", "coordinates": [ [ [ 47.985050924526071, 41.145851240397299 ], [ 47.985459337597902, 41.154846993120934 ], [ 47.973557129325947, 41.155155131968058 ], [ 47.973150338623, 41.146159282263795 ], [ 47.985050924526071, 41.145851240397299 ] ] ] } },
{ "type": "Feature", "properties": { "density": 0.3 }, "geometry": { "type": "Polygon", "coordinates": [ [ [ 48.028099873980253, 41.045656670988961 ], [ 48.028512713945808, 41.05465222469573 ], [ 48.016629051974171, 41.054964192559062 ], [ 48.016217825959949, 41.04596854062104 ], [ 48.028099873980253, 41.045656670988961 ] ] ] } },
{ "type": "Feature", "properties": { "density": 0.3 }, "geometry": { "type": "Polygon", "coordinates": [ [ [ 48.034727799982115, 41.189583427554275 ], [ 48.03514364255178, 41.198578700777993 ], [ 48.02323405804821, 41.198892243944456 ], [ 48.022819841128502, 41.189896872064956 ], [ 48.034727799982115, 41.189583427554275 ] ] ] } },
{ "type": "Feature", "properties": { "density": 0.3 }, "geometry": { "type": "Polygon", "coordinates": [ [ [ 48.03514364255178, 41.198578700777993 ], [ 48.0355596736105, 41.207573956449529 ], [ 48.023648462722626, 41.207887598298448 ], [ 48.02323405804821, 41.198892243944456 ], [ 48.03514364255178, 41.198578700777993 ] ] ] } },
{ "type": "Feature", "properties": { "density": 0.3 }, "geometry": { "type": "Polygon", "coordinates": [ [ [ 48.051447529489785, 41.036033888918858 ], [ 48.051863408772491, 41.045029262571539 ], [ 48.03998173516041, 41.04534357828728 ], [ 48.039567468908004, 41.036348105661368 ], [ 48.051447529489785, 41.036033888918858 ] ] ] } },
{ "type": "Feature", "properties": { "density": 0.3 }, "geometry": { "type": "Polygon", "coordinates": [ [ [ 48.0627216855599, 40.765538373407125 ], [ 48.063135143232827, 40.774534075173285 ], [ 48.05130191713581, 40.774847856095342 ], [ 48.050890050640085, 40.76585205538462 ], [ 48.0627216855599, 40.765538373407125 ] ] ] } },
{ "type": "Feature", "properties": { "density": 0.3 }, "geometry": { "type": "Polygon", "coordinates": [ [ [ 48.138387452638007, 40.358196658622816 ], [ 48.138805071121787, 40.367192350980147 ], [ 48.127044224546374, 40.367511258256613 ], [ 48.126628164614957, 40.358515465112049 ], [ 48.138387452638007, 40.358196658622816 ] ] ] } },
{ "type": "Feature", "properties": { "density": 0.3 }, "geometry": { "type": "Polygon", "coordinates": [ [ [ 48.130477190213782, 39.673846738749454 ], [ 48.130883790577755, 39.68284356373654 ], [ 48.119239787588221, 39.683157216438133 ], [ 48.11883469341246, 39.67416029188982 ], [ 48.130477190213782, 39.673846738749454 ] ] ] } },
{ "type": "Feature", "properties": { "density": 0.3 }, "geometry": { "type": "Polygon", "coordinates": [ [ [ 48.37620492269707, 40.87386526906257 ], [ 48.376662395475115, 40.88285802704636 ], [ 48.364813543516405, 40.883204702516572 ], [ 48.364357668629545, 40.874211835312721 ], [ 48.37620492269707, 40.87386526906257 ] ] ] } },
{ "type": "Feature", "properties": { "density": 0.3 }, "geometry": { "type": "Polygon", "coordinates": [ [ [ 48.424490962521361, 41.574888797352244 ], [ 48.424966548025289, 41.583880007088787 ], [ 48.4129910299961, 41.584236537859908 ], [ 48.412517099506857, 41.575245216185827 ], [ 48.424490962521361, 41.574888797352244 ] ] ] } },
{ "type": "Feature", "properties": { "density": 0.3 }, "geometry": { "type": "Polygon", "coordinates": [ [ [ 48.395059701671059, 38.639506472521106 ], [ 48.395484691945434, 38.648502522346895 ], [ 48.384013018492041, 38.648835313923868 ], [ 48.383589457356329, 38.639839157669272 ], [ 48.395059701671059, 38.639506472521106 ] ] ] } },
{ "type": "Feature", "properties": { "density": 0.3 }, "geometry": { "type": "Polygon", "coordinates": [ [ [ 48.704540900093505, 41.016870833418899 ], [ 48.705045336226135, 41.025860172785023 ], [ 48.69317509759415, 41.02624166245856 ], [ 48.692672268600496, 41.01725220303625 ], [ 48.704540900093505, 41.016870833418899 ] ] ] } },
{ "type": "Feature", "properties": { "density": 0.3 }, "geometry": { "type": "Polygon", "coordinates": [ [ [ 48.718151164115987, 39.764580070981211 ], [ 48.718635551741194, 39.773571221441173 ], [ 48.706983431230697, 39.773944493986114 ], [ 48.706500552912495, 39.764953225185437 ], [ 48.718151164115987, 39.764580070981211 ] ] ] } },
{ "type": "Feature", "properties": { "density": 0.3 }, "geometry": { "type": "Polygon", "coordinates": [ [ [ 48.725748148356608, 39.034768404918907 ], [ 48.726221100598814, 39.043760607012786 ], [ 48.714689918318626, 39.044128939691298 ], [ 48.714218421453587, 39.035136620211354 ], [ 48.725748148356608, 39.034768404918907 ] ] ] } },
{ "type": "Feature", "properties": { "density": 0.3 }, "geometry": { "type": "Polygon", "coordinates": [ [ [ 48.879476686218638, 41.362309552326664 ], [ 48.880011362352391, 41.371296528556002 ], [ 48.868080962058379, 41.37169876949244 ], [ 48.86754791994997, 41.362711666916113 ], [ 48.879476686218638, 41.362309552326664 ] ] ] } },
{ "type": "Feature", "properties": { "density": 0.3 }, "geometry": { "type": "Polygon", "coordinates": [ [ [ 48.869098120824361, 40.984440702962949 ], [ 48.869624330160327, 40.993428380310831 ], [ 48.857762166426127, 40.993826561477853 ], [ 48.857237560386643, 40.984838758823862 ], [ 48.869098120824361, 40.984440702962949 ] ] ] } },
{ "type": "Feature", "properties": { "density": 0.3 }, "geometry": { "type": "Polygon", "coordinates": [ [ [ 48.900110943396442, 41.30758087301264 ], [ 48.900647426358184, 41.316567714279543 ], [ 48.888727303291084, 41.316971660226884 ], [ 48.888192449690813, 41.307984692047768 ], [ 48.900110943396442, 41.30758087301264 ] ] ] } },
{ "type": "Feature", "properties": { "density": 0.3 }, "geometry": { "type": "Polygon", "coordinates": [ [ [ 48.77383397791295, 38.853074126008401 ], [ 48.774309933020277, 38.86206611245634 ], [ 48.762808789210403, 38.862437751752452 ], [ 48.762334276080665, 38.853445646704245 ], [ 48.77383397791295, 38.853074126008401 ] ] ] } },
{ "type": "Feature", "properties": { "density": 0.3 }, "geometry": { "type": "Polygon", "coordinates": [ [ [ 48.83731402411761, 39.598578272886556 ], [ 48.83781097921301, 39.607568442955575 ], [ 48.826188330340656, 39.607952349547325 ], [ 48.825692871281476, 39.598962057645366 ], [ 48.83731402411761, 39.598578272886556 ] ] ] } },
{ "type": "Feature", "properties": { "density": 0.3 }, "geometry": { "type": "Polygon", "coordinates": [ [ [ 48.967752323217695, 41.044118657682425 ], [ 48.968293063181257, 41.053105179435967 ], [ 48.95642158694546, 41.053513997664552 ], [ 48.955882454339026, 41.044527347311956 ], [ 48.967752323217695, 41.044118657682425 ] ] ] } },
{ "type": "Feature", "properties": { "density": 0.3 }, "geometry": { "type": "Polygon", "coordinates": [ [ [ 48.95834161913492, 39.882712210742469 ], [ 48.958859412459773, 39.891700643267015 ], [ 48.947190598253314, 39.892099004706658 ], [ 48.946674321451667, 39.883110446021696 ], [ 48.95834161913492, 39.882712210742469 ] ] ] } },
{ "type": "Feature", "properties": { "density": 0.3 }, "geometry": { "type": "Polygon", "coordinates": [ [ [ 49.023656247403764, 40.790031979631387 ], [ 49.024199710297729, 40.799018284040059 ], [ 49.012374425506003, 40.799430766726211 ], [ 49.011832549131874, 40.790444332401677 ], [ 49.023656247403764, 40.790031979631387 ] ] ] } },
{ "type": "Feature", "properties": { "density": 0.3 }, "geometry": { "type": "Polygon", "coordinates": [ [ [ 49.058937861158483, 41.365114918462339 ], [ 49.059497285835114, 41.374099932908074 ], [ 49.047568966671804, 41.37452080295072 ], [ 49.047011174827475, 41.365535656336938 ], [ 49.058937861158483, 41.365114918462339 ] ] ] } },
{ "type": "Feature", "properties": { "density": 0.3 }, "geometry": { "type": "Polygon", "coordinates": [ [ [ 48.999625725929569, 39.989365805068189 ], [ 49.000150890157101, 39.998353620456705 ], [ 48.988464528479824, 39.998757023679694 ], [ 48.987940888570776, 39.989769080628747 ], [ 48.999625725929569, 39.989365805068189 ] ] ] } },
{ "type": "Feature", "properties": { "density": 0.3 }, "geometry": { "type": "Polygon", "coordinates": [ [ [ 49.03536137483637, 39.600864671593627 ], [ 49.035883979528641, 39.609852694719045 ], [ 49.024263714451401, 39.610256432928622 ], [ 49.023742604538938, 39.601268281709231 ], [ 49.03536137483637, 39.600864671593627 ] ] ] } },
{ "type": "Feature", "properties": { "density": 0.29 }, "geometry": { "type": "Polygon", "coordinates": [ [ [ 48.673238135130781, 40.666648386867955 ], [ 48.673732182767743, 40.675638590349529 ], [ 48.661923867152431, 40.676014216721356 ], [ 48.661431398840449, 40.667023894803428 ], [ 48.673238135130781, 40.666648386867955 ] ] ] } },
{ "type": "Feature", "properties": { "density": 0.27 }, "geometry": { "type": "Polygon", "coordinates": [ [ [ 48.05561480730708, 41.125986834872748 ], [ 48.056032573929755, 41.134982032794547 ], [ 48.044134729922106, 41.135297339708487 ], [ 48.043718583624887, 41.126302042546698 ], [ 48.05561480730708, 41.125986834872748 ] ] ] } },
{ "type": "Feature", "properties": { "density": 0.25 }, "geometry": { "type": "Polygon", "coordinates": [ [ [ 46.545154756145465, 40.201293270433936 ], [ 46.545359306972941, 40.210299468339834 ], [ 46.533612285642818, 40.21045573325182 ], [ 46.533409288213818, 40.201449485856941 ], [ 46.545154756145465, 40.201293270433936 ] ] ] } }
]
}
