{"type":"FeatureCollection","features":[{"type":"Feature","properties":{"poi_id":"OSM_accommodation_2940124467","label":"1 saylı Yataqxana","name_az":"1 saylı Yataqxana","thesis_group":"ACCOMMODATION","thesis_subtype":"hostel","icon_id":"accommodation_hotel","name_quality":"NAMED","rayon":"Sumqayıt şəhəri","rayon_id":"AZE_ADM2_54616110B75219613739908","verification_status":"PROVISIONAL","source_role":"MASTER_GIS","display_rank":2537,"lon":49.665569,"lat":40.589582},"geometry":{"type":"Point","coordinates":[49.665569100000006,40.5895816]}},{"type":"Feature","properties":{"poi_id":"OSM_accommodation_2940115565","label":"10 saylı Yataqxana","name_az":"10 saylı Yataqxana","thesis_group":"ACCOMMODATION","thesis_subtype":"hostel","icon_id":"accommodation_hotel","name_quality":"NAMED","rayon":"Sumqayıt şəhəri","rayon_id":"AZE_ADM2_54616110B75219613739908","verification_status":"PROVISIONAL","source_role":"MASTER_GIS","display_rank":2532,"lon":49.662127,"lat":40.590532},"geometry":{"type":"Point","coordinates":[49.6621273,40.5905324]}},{"type":"Feature","properties":{"poi_id":"OSM_accommodation_2947583524","label":"1001 Gecə Otel","name_az":"1001 Gecə Otel","thesis_group":"ACCOMMODATION","thesis_subtype":"hotel","icon_id":"accommodation_hotel","name_quality":"NAMED","rayon":"Bakı şəhəri","rayon_id":"AZE_ADM2_54616110B61947743987915","verification_status":"PROVISIONAL","source_role":"MASTER_GIS","display_rank":2555,"lon":49.796232,"lat":40.305922},"geometry":{"type":"Point","coordinates":[49.796232,40.305922100000004]}},{"type":"Feature","properties":{"poi_id":"OSM_accommodation_3504876533","label":"101 Peşə Liseyinin Yataqxanası","name_az":"101 Peşə Liseyinin Yataqxanası","thesis_group":"ACCOMMODATION","thesis_subtype":"guest_house","icon_id":"accommodation_guesthouse","name_quality":"NAMED","rayon":"Bakı şəhəri","rayon_id":"AZE_ADM2_54616110B61947743987915","verification_status":"PROVISIONAL","source_role":"MASTER_GIS","display_rank":2571,"lon":50.086369,"lat":40.449903},"geometry":{"type":"Point","coordinates":[50.086368500000006,40.4499033]}},{"type":"Feature","properties":{"poi_id":"OSM_accommodation_2940115566","label":"15 saylı Yataqxana","name_az":"15 saylı Yataqxana","thesis_group":"ACCOMMODATION","thesis_subtype":"hostel","icon_id":"accommodation_hotel","name_quality":"NAMED","rayon":"Sumqayıt şəhəri","rayon_id":"AZE_ADM2_54616110B75219613739908","verification_status":"PROVISIONAL","source_role":"MASTER_GIS","display_rank":2533,"lon":49.662932,"lat":40.589438},"geometry":{"type":"Point","coordinates":[49.6629316,40.5894381]}},{"type":"Feature","properties":{"poi_id":"OSM_accommodation_2940124468","label":"15 saylı Yataqxana","name_az":"15 saylı Yataqxana","thesis_group":"ACCOMMODATION","thesis_subtype":"hostel","icon_id":"accommodation_hotel","name_quality":"NAMED","rayon":"Sumqayıt şəhəri","rayon_id":"AZE_ADM2_54616110B75219613739908","verification_status":"PROVISIONAL","source_role":"MASTER_GIS","display_rank":2538,"lon":49.665646,"lat":40.587576},"geometry":{"type":"Point","coordinates":[49.6656458,40.587576000000006]}},{"type":"Feature","properties":{"poi_id":"OSM_accommodation_10049767661","label":"15 saylı Yataqxana","name_az":"15 saylı Yataqxana","thesis_group":"ACCOMMODATION","thesis_subtype":"guest_house","icon_id":"accommodation_guesthouse","name_quality":"NAMED","rayon":"Bakı şəhəri","rayon_id":"AZE_ADM2_54616110B61947743987915","verification_status":"PROVISIONAL","source_role":"MASTER_GIS","display_rank":2763,"lon":49.988156,"lat":40.431559},"geometry":{"type":"Point","coordinates":[49.9881564,40.431558900000006]}},{"type":"Feature","properties":{"poi_id":"OSM_accommodation_2940115567","label":"16 saylı Yataqxana","name_az":"16 saylı Yataqxana","thesis_group":"ACCOMMODATION","thesis_subtype":"hostel","icon_id":"accommodation_hotel","name_quality":"NAMED","rayon":"Sumqayıt şəhəri","rayon_id":"AZE_ADM2_54616110B75219613739908","verification_status":"PROVISIONAL","source_role":"MASTER_GIS","display_rank":2534,"lon":49.663207,"lat":40.589959},"geometry":{"type":"Point","coordinates":[49.663207400000005,40.589958800000005]}},{"type":"Feature","properties":{"poi_id":"OSM_accommodation_2940124469","label":"19 saylı Yataqxana","name_az":"19 saylı Yataqxana","thesis_group":"ACCOMMODATION","thesis_subtype":"hostel","icon_id":"accommodation_hotel","name_quality":"NAMED","rayon":"Sumqayıt şəhəri","rayon_id":"AZE_ADM2_54616110B75219613739908","verification_status":"PROVISIONAL","source_role":"MASTER_GIS","display_rank":2539,"lon":49.665478,"lat":40.587893},"geometry":{"type":"Point","coordinates":[49.665477900000006,40.5878929]}},{"type":"Feature","properties":{"poi_id":"OSM_accommodation_2940124470","label":"2 saylı Yataqxana","name_az":"2 saylı Yataqxana","thesis_group":"ACCOMMODATION","thesis_subtype":"hostel","icon_id":"accommodation_hotel","name_quality":"NAMED","rayon":"Sumqayıt şəhəri","rayon_id":"AZE_ADM2_54616110B75219613739908","verification_status":"PROVISIONAL","source_role":"MASTER_GIS","display_rank":2540,"lon":49.666641,"lat":40.589216},"geometry":{"type":"Point","coordinates":[49.666640900000004,40.5892162]}},{"type":"Feature","properties":{"poi_id":"OSM_accommodation_2628422303","label":"20 saylı Yataqxana","name_az":"20 saylı Yataqxana","thesis_group":"ACCOMMODATION","thesis_subtype":"hostel","icon_id":"accommodation_hotel","name_quality":"NAMED","rayon":"Sumqayıt şəhəri","rayon_id":"AZE_ADM2_54616110B75219613739908","verification_status":"PROVISIONAL","source_role":"MASTER_GIS","display_rank":2528,"lon":49.663706,"lat":40.602375},"geometry":{"type":"Point","coordinates":[49.6637056,40.602375200000004]}},{"type":"Feature","properties":{"poi_id":"OSM_accommodation_2940124471","label":"3 saylı Yataqxana","name_az":"3 saylı Yataqxana","thesis_group":"ACCOMMODATION","thesis_subtype":"hostel","icon_id":"accommodation_hotel","name_quality":"NAMED","rayon":"Sumqayıt şəhəri","rayon_id":"AZE_ADM2_54616110B75219613739908","verification_status":"PROVISIONAL","source_role":"MASTER_GIS","display_rank":2541,"lon":49.666648,"lat":40.588654},"geometry":{"type":"Point","coordinates":[49.6666481,40.5886542]}},{"type":"Feature","properties":{"poi_id":"OSM_accommodation_2940115568","label":"4 saylı Yataqxana","name_az":"4 saylı Yataqxana","thesis_group":"ACCOMMODATION","thesis_subtype":"hostel","icon_id":"accommodation_hotel","name_quality":"NAMED","rayon":"Sumqayıt şəhəri","rayon_id":"AZE_ADM2_54616110B75219613739908","verification_status":"PROVISIONAL","source_role":"MASTER_GIS","display_rank":2535,"lon":49.662517,"lat":40.589984},"geometry":{"type":"Point","coordinates":[49.662516600000004,40.589984300000005]}},{"type":"Feature","properties":{"poi_id":"OSM_accommodation_2940124472","label":"4 saylı Yataqxana","name_az":"4 saylı Yataqxana","thesis_group":"ACCOMMODATION","thesis_subtype":"hostel","icon_id":"accommodation_hotel","name_quality":"NAMED","rayon":"Sumqayıt şəhəri","rayon_id":"AZE_ADM2_54616110B75219613739908","verification_status":"PROVISIONAL","source_role":"MASTER_GIS","display_rank":2542,"lon":49.665766,"lat":40.58874},"geometry":{"type":"Point","coordinates":[49.665765900000004,40.58874]}},{"type":"Feature","properties":{"poi_id":"OSM_accommodation_2940124473","label":"5 saylı Yataqxana","name_az":"5 saylı Yataqxana","thesis_group":"ACCOMMODATION","thesis_subtype":"hostel","icon_id":"accommodation_hotel","name_quality":"NAMED","rayon":"Sumqayıt şəhəri","rayon_id":"AZE_ADM2_54616110B75219613739908","verification_status":"PROVISIONAL","source_role":"MASTER_GIS","display_rank":2543,"lon":49.665219,"lat":40.588267},"geometry":{"type":"Point","coordinates":[49.6652191,40.588266600000004]}},{"type":"Feature","properties":{"poi_id":"OSM_accommodation_2940124474","label":"5 saylı Yataqxana","name_az":"5 saylı Yataqxana","thesis_group":"ACCOMMODATION","thesis_subtype":"hostel","icon_id":"accommodation_hotel","name_quality":"NAMED","rayon":"Sumqayıt şəhəri","rayon_id":"AZE_ADM2_54616110B75219613739908","verification_status":"PROVISIONAL","source_role":"MASTER_GIS","display_rank":2544,"lon":49.665062,"lat":40.58923},"geometry":{"type":"Point","coordinates":[49.6650623,40.58923]}},{"type":"Feature","properties":{"poi_id":"OSM_accommodation_13922358052","label":"5 saylı Yataqxana ATU","name_az":"5 saylı Yataqxana ATU","thesis_group":"ACCOMMODATION","thesis_subtype":"hostel","icon_id":"accommodation_hotel","name_quality":"NAMED","rayon":"Bakı şəhəri","rayon_id":"AZE_ADM2_54616110B61947743987915","verification_status":"PROVISIONAL","source_role":"MASTER_GIS","display_rank":2840,"lon":49.804756,"lat":40.373267},"geometry":{"type":"Point","coordinates":[49.8047563,40.3732671]}},{"type":"Feature","properties":{"poi_id":"OSM_accommodation_4414892699","label":"6 saylı Yataqxana Tibb","name_az":"6 saylı Yataqxana Tibb","thesis_group":"ACCOMMODATION","thesis_subtype":"hostel","icon_id":"accommodation_hotel","name_quality":"NAMED","rayon":"Bakı şəhəri","rayon_id":"AZE_ADM2_54616110B61947743987915","verification_status":"PROVISIONAL","source_role":"MASTER_GIS","display_rank":2608,"lon":49.831178,"lat":40.398476},"geometry":{"type":"Point","coordinates":[49.831177600000004,40.3984764]}},{"type":"Feature","properties":{"poi_id":"OSM_accommodation_2940115569","label":"66 saylı Yataqxana","name_az":"66 saylı Yataqxana","thesis_group":"ACCOMMODATION","thesis_subtype":"hostel","icon_id":"accommodation_hotel","name_quality":"NAMED","rayon":"Sumqayıt şəhəri","rayon_id":"AZE_ADM2_54616110B75219613739908","verification_status":"PROVISIONAL","source_role":"MASTER_GIS","display_rank":2536,"lon":49.66437,"lat":40.590014},"geometry":{"type":"Point","coordinates":[49.6643697,40.590014100000005]}},{"type":"Feature","properties":{"poi_id":"OSM_accommodation_7819908641","label":"7 Yeddi Gözəl Otel","name_az":"7 Yeddi Gözəl Otel","thesis_group":"ACCOMMODATION","thesis_subtype":"hotel","icon_id":"accommodation_hotel","name_quality":"NAMED","rayon":"Qəbələ rayonu","rayon_id":"AZE_ADM2_54616110B33746839775993","verification_status":"PROVISIONAL","source_role":"MASTER_GIS","display_rank":2681,"lon":47.927073,"lat":40.951991},"geometry":{"type":"Point","coordinates":[47.9270732,40.951991]}},{"type":"Feature","properties":{"poi_id":"OSM_accommodation_2940124475","label":"7 saylı Yataqxana","name_az":"7 saylı Yataqxana","thesis_group":"ACCOMMODATION","thesis_subtype":"hostel","icon_id":"accommodation_hotel","name_quality":"NAMED","rayon":"Sumqayıt şəhəri","rayon_id":"AZE_ADM2_54616110B75219613739908","verification_status":"PROVISIONAL","source_role":"MASTER_GIS","display_rank":2545,"lon":49.664053,"lat":40.588045},"geometry":{"type":"Point","coordinates":[49.664052500000004,40.5880452]}},{"type":"Feature","properties":{"poi_id":"OSM_accommodation_2940124476","label":"85 saylı Yataqxana","name_az":"85 saylı Yataqxana","thesis_group":"ACCOMMODATION","thesis_subtype":"hostel","icon_id":"accommodation_hotel","name_quality":"NAMED","rayon":"Sumqayıt şəhəri","rayon_id":"AZE_ADM2_54616110B75219613739908","verification_status":"PROVISIONAL","source_role":"MASTER_GIS","display_rank":2546,"lon":49.664541,"lat":40.588325},"geometry":{"type":"Point","coordinates":[49.664541,40.5883248]}},{"type":"Feature","properties":{"poi_id":"OSM_accommodation_3980982","label":"ASK Plaza","thesis_group":"ACCOMMODATION","thesis_subtype":"hotel","icon_id":"accommodation_hotel","name_quality":"NAMED","rayon":"Bakı şəhəri","rayon_id":"AZE_ADM2_54616110B61947743987915","verification_status":"PROVISIONAL","source_role":"MASTER_GIS","display_rank":5920,"lon":49.823371,"lat":40.390834},"geometry":{"type":"Point","coordinates":[49.82337068914171,40.390833529430296]}},{"type":"Feature","properties":{"poi_id":"OSM_accommodation_2962145614","label":"Abşeron Marina","name_az":"Abşeron Marina","thesis_group":"ACCOMMODATION","thesis_subtype":"motel","icon_id":"accommodation_motel","name_quality":"NAMED","rayon":"Bakı şəhəri","rayon_id":"AZE_ADM2_54616110B61947743987915","verification_status":"PROVISIONAL","source_role":"MASTER_GIS","display_rank":2559,"lon":49.817846,"lat":40.56475},"geometry":{"type":"Point","coordinates":[49.817846200000005,40.5647505]}},{"type":"Feature","properties":{"poi_id":"OSM_accommodation_14014959901","label":"Adilov Teymurun bağı","name_az":"Adilov Teymurun bağı","thesis_group":"ACCOMMODATION","thesis_subtype":"chalet","icon_id":"accommodation_hotel","name_quality":"NAMED","rayon":"Bakı şəhəri","rayon_id":"AZE_ADM2_54616110B61947743987915","verification_status":"PROVISIONAL","source_role":"MASTER_GIS","display_rank":2842,"lon":49.749577,"lat":40.552195},"geometry":{"type":"Point","coordinates":[49.749577200000004,40.552195100000006]}},{"type":"Feature","properties":{"poi_id":"OSM_accommodation_11074157122","label":"Alpin İnn","name_az":"Alpin İnn","thesis_group":"ACCOMMODATION","thesis_subtype":"motel","icon_id":"accommodation_motel","name_quality":"NAMED","rayon":"Qusar rayonu","rayon_id":"AZE_ADM2_54616110B21517829058101","verification_status":"PROVISIONAL","source_role":"MASTER_GIS","display_rank":2785,"lon":48.421632,"lat":41.41149},"geometry":{"type":"Point","coordinates":[48.421632300000006,41.411489700000004]}},{"type":"Feature","properties":{"poi_id":"OSM_accommodation_1893375903","label":"Amadeo Hotel&Apartments","thesis_group":"ACCOMMODATION","thesis_subtype":"hotel","icon_id":"accommodation_hotel","name_quality":"NAMED","rayon":"Bakı şəhəri","rayon_id":"AZE_ADM2_54616110B61947743987915","verification_status":"PROVISIONAL","source_role":"MASTER_GIS","display_rank":5459,"lon":49.834749,"lat":40.373131},"geometry":{"type":"Point","coordinates":[49.8347488,40.373130700000004]}},{"type":"Feature","properties":{"poi_id":"OSM_accommodation_6732843185","label":"Amin Çay Evi","name_az":"Amin Çay Evi","thesis_group":"ACCOMMODATION","thesis_subtype":"hostel","icon_id":"accommodation_hotel","name_quality":"NAMED","rayon":"Qusar rayonu","rayon_id":"AZE_ADM2_54616110B21517829058101","verification_status":"PROVISIONAL","source_role":"MASTER_GIS","display_rank":2663,"lon":48.446803,"lat":41.432436},"geometry":{"type":"Point","coordinates":[48.446802500000004,41.4324364]}},{"type":"Feature","properties":{"poi_id":"OSM_accommodation_5673381723","label":"Ammar Grand Hotel","thesis_group":"ACCOMMODATION","thesis_subtype":"hotel","icon_id":"accommodation_hotel","name_quality":"NAMED","rayon":"Bakı şəhəri","rayon_id":"AZE_ADM2_54616110B61947743987915","verification_status":"PROVISIONAL","source_role":"MASTER_GIS","display_rank":5628,"lon":49.860648,"lat":40.411612},"geometry":{"type":"Point","coordinates":[49.860647900000004,40.411611900000004]}},{"type":"Feature","properties":{"poi_id":"OSM_accommodation_2945564260","label":"Amore İstirahət Mərkəzi Sumqayıt","name_az":"Amore İstirahət Mərkəzi Sumqayıt","thesis_group":"ACCOMMODATION","thesis_subtype":"motel","icon_id":"accommodation_motel","name_quality":"NAMED","rayon":"Abşeron rayonu","rayon_id":"AZE_ADM2_54616110B88432173472444","verification_status":"PROVISIONAL","source_role":"MASTER_GIS","display_rank":2548,"lon":49.731677,"lat":40.573558},"geometry":{"type":"Point","coordinates":[49.7316774,40.5735583]}},{"type":"Feature","properties":{"poi_id":"OSM_accommodation_6034845585","label":"Anar Ev (Göyçay)","name_az":"Anar Ev (Göyçay)","thesis_group":"ACCOMMODATION","thesis_subtype":"chalet","icon_id":"accommodation_hotel","name_quality":"NAMED","rayon":"Göyçay rayonu","rayon_id":"AZE_ADM2_54616110B88730523237575","verification_status":"PROVISIONAL","source_role":"MASTER_GIS","display_rank":2655,"lon":47.741609,"lat":40.635108},"geometry":{"type":"Point","coordinates":[47.7416088,40.6351085]}},{"type":"Feature","properties":{"poi_id":"OSM_accommodation_4784204704","label":"Ancient Lahij Guest House \\ Ərəkit","name_az":"Ancient Lahij Guest House \\ Ərəkit","thesis_group":"ACCOMMODATION","thesis_subtype":"guest_house","icon_id":"accommodation_guesthouse","name_quality":"NAMED","rayon":"İsmayıllı rayonu","rayon_id":"AZE_ADM2_54616110B45290451128830","verification_status":"PROVISIONAL","source_role":"MASTER_GIS","display_rank":2626,"lon":48.393879,"lat":40.850139},"geometry":{"type":"Point","coordinates":[48.3938787,40.8501388]}},{"type":"Feature","properties":{"poi_id":"OSM_accommodation_2947584200","label":"Aqua Park Shikhov","thesis_group":"ACCOMMODATION","thesis_subtype":"motel","icon_id":"accommodation_motel","name_quality":"NAMED","rayon":"Bakı şəhəri","rayon_id":"AZE_ADM2_54616110B61947743987915","verification_status":"PROVISIONAL","source_role":"MASTER_GIS","display_rank":5476,"lon":49.794632,"lat":40.305932},"geometry":{"type":"Point","coordinates":[49.794631900000006,40.3059316]}},{"type":"Feature","properties":{"poi_id":"OSM_accommodation_5832229190","label":"Astara hotel","thesis_group":"ACCOMMODATION","thesis_subtype":"hotel","icon_id":"accommodation_hotel","name_quality":"NAMED","rayon":"Astara rayonu","rayon_id":"AZE_ADM2_54616110B5213879595332","verification_status":"PROVISIONAL","source_role":"MASTER_GIS","display_rank":5635,"lon":48.876021,"lat":38.45178},"geometry":{"type":"Point","coordinates":[48.876021200000004,38.45178]}},{"type":"Feature","properties":{"poi_id":"OSM_accommodation_9780143245","label":"Astoria Otel / Babək","name_az":"Astoria Otel / Babək","thesis_group":"ACCOMMODATION","thesis_subtype":"hotel","icon_id":"accommodation_hotel","name_quality":"NAMED","rayon":"Bakı şəhəri","rayon_id":"AZE_ADM2_54616110B61947743987915","verification_status":"PROVISIONAL","source_role":"MASTER_GIS","display_rank":2727,"lon":49.933977,"lat":40.394689},"geometry":{"type":"Point","coordinates":[49.9339771,40.394688900000006]}},{"type":"Feature","properties":{"poi_id":"OSM_accommodation_6625568186","label":"Avis","thesis_group":"ACCOMMODATION","thesis_subtype":"hotel","icon_id":"accommodation_hotel","name_quality":"NAMED","rayon":"Xocavənd rayonu","rayon_id":"AZE_ADM2_54616110B38461317640181","verification_status":"PROVISIONAL","source_role":"MASTER_GIS","display_rank":5664,"lon":47.113973,"lat":39.793327},"geometry":{"type":"Point","coordinates":[47.1139731,39.7933271]}},{"type":"Feature","properties":{"poi_id":"OSM_accommodation_5642017441","label":"Avtovağzal Otel","name_az":"Avtovağzal Otel","thesis_group":"ACCOMMODATION","thesis_subtype":"hotel","icon_id":"accommodation_hotel","name_quality":"NAMED","rayon":"Gədəbəy rayonu","rayon_id":"AZE_ADM2_54616110B46799199998097","verification_status":"PROVISIONAL","source_role":"MASTER_GIS","display_rank":2641,"lon":45.810061,"lat":40.577369},"geometry":{"type":"Point","coordinates":[45.8100614,40.5773693]}},{"type":"Feature","properties":{"poi_id":"OSM_accommodation_5872905701","label":"Aydınoğullu Motel \\ Aşaği Öysüzlü Tovuz","name_az":"Aydınoğullu Motel \\ Aşaği Öysüzlü Tovuz","thesis_group":"ACCOMMODATION","thesis_subtype":"motel","icon_id":"accommodation_motel","name_quality":"NAMED","rayon":"Tovuz rayonu","rayon_id":"AZE_ADM2_54616110B84187356839814","verification_status":"PROVISIONAL","source_role":"MASTER_GIS","display_rank":2645,"lon":45.611014,"lat":40.970095},"geometry":{"type":"Point","coordinates":[45.6110137,40.970094800000005]}},{"type":"Feature","properties":{"poi_id":"OSM_accommodation_4325151699","label":"Aylin Guest House","thesis_group":"ACCOMMODATION","thesis_subtype":"guest_house","icon_id":"accommodation_guesthouse","name_quality":"NAMED","rayon":"Şəki şəhəri","rayon_id":"AZE_ADM2_54616110B24616396985677","verification_status":"PROVISIONAL","source_role":"MASTER_GIS","display_rank":5563,"lon":47.184899,"lat":41.204132},"geometry":{"type":"Point","coordinates":[47.1848991,41.2041319]}},{"type":"Feature","properties":{"poi_id":"OSM_accommodation_3587359705","label":"Aysberq Xaçmaz","name_az":"Aysberq Xaçmaz","thesis_group":"ACCOMMODATION","thesis_subtype":"motel","icon_id":"accommodation_motel","name_quality":"NAMED","rayon":"Xaçmaz rayonu","rayon_id":"AZE_ADM2_54616110B89497242950609","verification_status":"PROVISIONAL","source_role":"MASTER_GIS","display_rank":2577,"lon":48.794597,"lat":41.447402},"geometry":{"type":"Point","coordinates":[48.794596500000004,41.4474023]}},{"type":"Feature","properties":{"poi_id":"OSM_accommodation_8765681631","label":"Az Qranata Otel \\\\ Ağsu","name_az":"Az Qranata Otel \\\\ Ağsu","thesis_group":"ACCOMMODATION","thesis_subtype":"hotel","icon_id":"accommodation_hotel","name_quality":"NAMED","rayon":"Ağsu rayonu","rayon_id":"AZE_ADM2_54616110B12323901372431","verification_status":"PROVISIONAL","source_role":"MASTER_GIS","display_rank":2714,"lon":48.38866,"lat":40.582047},"geometry":{"type":"Point","coordinates":[48.38866,40.5820473]}},{"type":"Feature","properties":{"poi_id":"OSM_accommodation_14022584838","label":"Azpetrol Balakən Motel","name_az":"Azpetrol Balakən Motel","thesis_group":"ACCOMMODATION","thesis_subtype":"motel","icon_id":"accommodation_motel","name_quality":"NAMED","rayon":"Balakən rayonu","rayon_id":"AZE_ADM2_54616110B63924922129682","verification_status":"PROVISIONAL","source_role":"MASTER_GIS","display_rank":2843,"lon":46.428145,"lat":41.703406},"geometry":{"type":"Point","coordinates":[46.4281449,41.7034061]}},{"type":"Feature","properties":{"poi_id":"OSM_accommodation_13005157819","label":"AzərEnerji Qonaq Evi","name_az":"AzərEnerji Qonaq Evi","thesis_group":"ACCOMMODATION","thesis_subtype":"hotel","icon_id":"accommodation_hotel","name_quality":"NAMED","rayon":"Şirvan şəhəri","rayon_id":"AZE_ADM2_54616110B45272408011177","verification_status":"PROVISIONAL","source_role":"MASTER_GIS","display_rank":2830,"lon":48.93541,"lat":39.957591},"geometry":{"type":"Point","coordinates":[48.935409500000006,39.9575912]}},{"type":"Feature","properties":{"poi_id":"OSM_accommodation_3587342066","label":"Azəri Binə Xocavar","name_az":"Azəri Binə Xocavar","thesis_group":"ACCOMMODATION","thesis_subtype":"guest_house","icon_id":"accommodation_guesthouse","name_quality":"NAMED","rayon":"Masallı rayonu","rayon_id":"AZE_ADM2_54616110B86237771899826","verification_status":"PROVISIONAL","source_role":"MASTER_GIS","display_rank":2576,"lon":48.643296,"lat":39.064741},"geometry":{"type":"Point","coordinates":[48.6432956,39.0647408]}},{"type":"Feature","properties":{"poi_id":"OSM_accommodation_1955660772","label":"Azəri İçəri Şəhər","name_az":"Azəri İçəri Şəhər","thesis_group":"ACCOMMODATION","thesis_subtype":"hotel","icon_id":"accommodation_hotel","name_quality":"NAMED","rayon":"Bakı şəhəri","rayon_id":"AZE_ADM2_54616110B61947743987915","verification_status":"PROVISIONAL","source_role":"MASTER_GIS","display_rank":2522,"lon":49.834901,"lat":40.364853},"geometry":{"type":"Point","coordinates":[49.8349009,40.364852500000005]}},{"type":"Feature","properties":{"poi_id":"OSM_accommodation_9752733123","label":"Azəryol Motel","name_az":"Azəryol Motel","thesis_group":"ACCOMMODATION","thesis_subtype":"motel","icon_id":"accommodation_motel","name_quality":"NAMED","rayon":"Bakı şəhəri","rayon_id":"AZE_ADM2_54616110B61947743987915","verification_status":"PROVISIONAL","source_role":"MASTER_GIS","display_rank":2725,"lon":49.862853,"lat":40.420082},"geometry":{"type":"Point","coordinates":[49.862853,40.420081800000006]}},{"type":"Feature","properties":{"poi_id":"OSM_accommodation_11170224775","label":"Ağ Motel","name_az":"Ağ Motel","thesis_group":"ACCOMMODATION","thesis_subtype":"motel","icon_id":"accommodation_motel","name_quality":"NAMED","rayon":"Bakı şəhəri","rayon_id":"AZE_ADM2_54616110B61947743987915","verification_status":"PROVISIONAL","source_role":"MASTER_GIS","display_rank":2792,"lon":49.756294,"lat":40.431802},"geometry":{"type":"Point","coordinates":[49.756294200000006,40.4318018]}},{"type":"Feature","properties":{"poi_id":"OSM_accommodation_3550552562","label":"Ağ Otel","name_az":"Ağ Otel","thesis_group":"ACCOMMODATION","thesis_subtype":"motel","icon_id":"accommodation_motel","name_quality":"NAMED","rayon":"Abşeron rayonu","rayon_id":"AZE_ADM2_54616110B88432173472444","verification_status":"PROVISIONAL","source_role":"MASTER_GIS","display_rank":2573,"lon":49.759122,"lat":40.455861},"geometry":{"type":"Point","coordinates":[49.759122000000005,40.4558613]}},{"type":"Feature","properties":{"poi_id":"OSM_accommodation_12154737132","label":"Ağalı Hotel","name_az":"Ağalı Hotel","thesis_group":"ACCOMMODATION","thesis_subtype":"hotel","icon_id":"accommodation_hotel","name_quality":"NAMED","rayon":"Zəngilan rayonu","rayon_id":"AZE_ADM2_54616110B64107713492867","verification_status":"PROVISIONAL","source_role":"MASTER_GIS","display_rank":2815,"lon":46.753827,"lat":39.175446},"geometry":{"type":"Point","coordinates":[46.753827,39.175446300000004]}},{"type":"Feature","properties":{"poi_id":"OSM_accommodation_4867371021","label":"Ağcakənd Motel","name_az":"Ağcakənd Motel","thesis_group":"ACCOMMODATION","thesis_subtype":"motel","icon_id":"accommodation_motel","name_quality":"NAMED","rayon":"Goranboy rayonu","rayon_id":"AZE_ADM2_54616110B75141866412524","verification_status":"PROVISIONAL","source_role":"MASTER_GIS","display_rank":2627,"lon":46.547724,"lat":40.408753},"geometry":{"type":"Point","coordinates":[46.5477244,40.4087528]}},{"type":"Feature","properties":{"poi_id":"OSM_accommodation_8579959509","label":"Ağdaş Motel","name_az":"Ağdaş Motel","thesis_group":"ACCOMMODATION","thesis_subtype":"motel","icon_id":"accommodation_motel","name_quality":"NAMED","rayon":"Ağdaş rayonu","rayon_id":"AZE_ADM2_54616110B75800990015815","verification_status":"PROVISIONAL","source_role":"MASTER_GIS","display_rank":2712,"lon":47.494196,"lat":40.64319},"geometry":{"type":"Point","coordinates":[47.494195500000004,40.643189500000005]}},{"type":"Feature","properties":{"poi_id":"OSM_accommodation_9469496967","label":"Ağsaray Delyuks Otel","name_az":"Ağsaray Delyuks Otel","thesis_group":"ACCOMMODATION","thesis_subtype":"hotel","icon_id":"accommodation_hotel","name_quality":"NAMED","rayon":"Mingəçevir şəhəri","rayon_id":"AZE_ADM2_54616110B16521863868797","verification_status":"PROVISIONAL","source_role":"MASTER_GIS","display_rank":2724,"lon":47.035566,"lat":40.768982},"geometry":{"type":"Point","coordinates":[47.035566,40.7689819]}},{"type":"Feature","properties":{"poi_id":"OSM_accommodation_5876041976","label":"Ağstafa Qərb Otel","name_az":"Ağstafa Qərb Otel","thesis_group":"ACCOMMODATION","thesis_subtype":"hotel","icon_id":"accommodation_hotel","name_quality":"NAMED","rayon":"Ağstafa rayonu","rayon_id":"AZE_ADM2_54616110B36354954300290","verification_status":"PROVISIONAL","source_role":"MASTER_GIS","display_rank":2646,"lon":45.444116,"lat":41.113272},"geometry":{"type":"Point","coordinates":[45.4441162,41.113271700000006]}},{"type":"Feature","properties":{"poi_id":"OSM_accommodation_3585809193","label":"Ağsu Rəncbər Otel","name_az":"Ağsu Rəncbər Otel","thesis_group":"ACCOMMODATION","thesis_subtype":"hotel","icon_id":"accommodation_hotel","name_quality":"NAMED","rayon":"Ağsu rayonu","rayon_id":"AZE_ADM2_54616110B12323901372431","verification_status":"PROVISIONAL","source_role":"MASTER_GIS","display_rank":2574,"lon":48.400906,"lat":40.56822},"geometry":{"type":"Point","coordinates":[48.400905900000005,40.5682205]}},{"type":"Feature","properties":{"poi_id":"OSM_accommodation_3585874694","label":"Aşağı Narzan Hotel & Resort","name_az":"Aşağı Narzan Hotel & Resort","thesis_group":"ACCOMMODATION","thesis_subtype":"motel","icon_id":"accommodation_motel","name_quality":"NAMED","rayon":"Gədəbəy rayonu","rayon_id":"AZE_ADM2_54616110B46799199998097","verification_status":"PROVISIONAL","source_role":"MASTER_GIS","display_rank":2575,"lon":45.822729,"lat":40.661006},"geometry":{"type":"Point","coordinates":[45.822729300000006,40.661005800000005]}},{"type":"Feature","properties":{"poi_id":"OSM_accommodation_12505309064","label":"Bakı Plaza","name_az":"Bakı Plaza","thesis_group":"ACCOMMODATION","thesis_subtype":"hotel","icon_id":"accommodation_hotel","name_quality":"NAMED","rayon":"Sumqayıt şəhəri","rayon_id":"AZE_ADM2_54616110B75219613739908","verification_status":"PROVISIONAL","source_role":"MASTER_GIS","display_rank":2822,"lon":49.66447,"lat":40.586027},"geometry":{"type":"Point","coordinates":[49.6644701,40.586026600000004]}},{"type":"Feature","properties":{"poi_id":"OSM_accommodation_10087595068","label":"Bakı Sosial İqtisadi Kolleci Yataqxana","name_az":"Bakı Sosial İqtisadi Kolleci Yataqxana","thesis_group":"ACCOMMODATION","thesis_subtype":"hostel","icon_id":"accommodation_hotel","name_quality":"NAMED","rayon":"Bakı şəhəri","rayon_id":"AZE_ADM2_54616110B61947743987915","verification_status":"PROVISIONAL","source_role":"MASTER_GIS","display_rank":2765,"lon":49.960126,"lat":40.412971},"geometry":{"type":"Point","coordinates":[49.960126,40.4129712]}},{"type":"Feature","properties":{"poi_id":"OSM_accommodation_11004303806","label":"Bayıl Plaza","name_az":"Bayıl Plaza","thesis_group":"ACCOMMODATION","thesis_subtype":"hotel","icon_id":"accommodation_hotel","name_quality":"NAMED","rayon":"Bakı şəhəri","rayon_id":"AZE_ADM2_54616110B61947743987915","verification_status":"PROVISIONAL","source_role":"MASTER_GIS","display_rank":2782,"lon":49.835999,"lat":40.349083},"geometry":{"type":"Point","coordinates":[49.835998700000005,40.349083]}},{"type":"Feature","properties":{"poi_id":"OSM_accommodation_4373510994","label":"Bağ","name_az":"Bağ","thesis_group":"ACCOMMODATION","thesis_subtype":"camp_site","icon_id":"accommodation_camping","name_quality":"NAMED","rayon":"Bakı şəhəri","rayon_id":"AZE_ADM2_54616110B61947743987915","verification_status":"PROVISIONAL","source_role":"MASTER_GIS","display_rank":2603,"lon":50.100717,"lat":40.530754},"geometry":{"type":"Point","coordinates":[50.100717200000005,40.530753600000004]}},{"type":"Feature","properties":{"poi_id":"OSM_accommodation_10152513617","label":"Bağ","name_az":"Bağ","thesis_group":"ACCOMMODATION","thesis_subtype":"guest_house","icon_id":"accommodation_guesthouse","name_quality":"NAMED","rayon":"Bakı şəhəri","rayon_id":"AZE_ADM2_54616110B61947743987915","verification_status":"PROVISIONAL","source_role":"MASTER_GIS","display_rank":2767,"lon":50.022315,"lat":40.5588},"geometry":{"type":"Point","coordinates":[50.022315400000004,40.5587995]}},{"type":"Feature","properties":{"poi_id":"OSM_accommodation_5177333321","label":"Bağçalı Otel \\ Şabran","name_az":"Bağçalı Otel \\ Şabran","thesis_group":"ACCOMMODATION","thesis_subtype":"hotel","icon_id":"accommodation_hotel","name_quality":"NAMED","rayon":"Şabran rayonu","rayon_id":"AZE_ADM2_54616110B33183266084070","verification_status":"PROVISIONAL","source_role":"MASTER_GIS","display_rank":2633,"lon":48.881717,"lat":41.299208},"geometry":{"type":"Point","coordinates":[48.881716600000004,41.2992081]}},{"type":"Feature","properties":{"poi_id":"OSM_accommodation_10249255185","label":"Bağçasaray Motel","name_az":"Bağçasaray Motel","thesis_group":"ACCOMMODATION","thesis_subtype":"motel","icon_id":"accommodation_motel","name_quality":"NAMED","rayon":"Abşeron rayonu","rayon_id":"AZE_ADM2_54616110B88432173472444","verification_status":"PROVISIONAL","source_role":"MASTER_GIS","display_rank":2771,"lon":49.853995,"lat":40.487565},"geometry":{"type":"Point","coordinates":[49.853995000000005,40.487564500000005]}},{"type":"Feature","properties":{"poi_id":"OSM_accommodation_11196537411","label":"Black Mount Qaradağ Otel","name_az":"Black Mount Qaradağ Otel","thesis_group":"ACCOMMODATION","thesis_subtype":"hotel","icon_id":"accommodation_hotel","name_quality":"NAMED","rayon":"Bakı şəhəri","rayon_id":"AZE_ADM2_54616110B61947743987915","verification_status":"PROVISIONAL","source_role":"MASTER_GIS","display_rank":2793,"lon":49.78081,"lat":40.341145},"geometry":{"type":"Point","coordinates":[49.780809600000005,40.341145100000006]}},{"type":"Feature","properties":{"poi_id":"OSM_accommodation_3602660564","label":"Borçalı Motel","name_az":"Borçalı Motel","thesis_group":"ACCOMMODATION","thesis_subtype":"motel","icon_id":"accommodation_motel","name_quality":"NAMED","rayon":"Xaçmaz rayonu","rayon_id":"AZE_ADM2_54616110B89497242950609","verification_status":"PROVISIONAL","source_role":"MASTER_GIS","display_rank":2581,"lon":48.673096,"lat":41.778792},"geometry":{"type":"Point","coordinates":[48.6730961,41.778792100000004]}},{"type":"Feature","properties":{"poi_id":"OSM_accommodation_3602661620","label":"Böyük Qala Otel","name_az":"Böyük Qala Otel","thesis_group":"ACCOMMODATION","thesis_subtype":"hotel","icon_id":"accommodation_hotel","name_quality":"NAMED","rayon":"Bakı şəhəri","rayon_id":"AZE_ADM2_54616110B61947743987915","verification_status":"PROVISIONAL","source_role":"MASTER_GIS","display_rank":2582,"lon":49.835428,"lat":40.366685},"geometry":{"type":"Point","coordinates":[49.8354281,40.3666849]}},{"type":"Feature","properties":{"poi_id":"OSM_accommodation_3602653062","label":"Bərdə Otel","name_az":"Bərdə Otel","thesis_group":"ACCOMMODATION","thesis_subtype":"hotel","icon_id":"accommodation_hotel","name_quality":"NAMED","rayon":"Bərdə rayonu","rayon_id":"AZE_ADM2_54616110B76249555634218","verification_status":"PROVISIONAL","source_role":"MASTER_GIS","display_rank":2580,"lon":47.124484,"lat":40.384547},"geometry":{"type":"Point","coordinates":[47.124484,40.3845472]}},{"type":"Feature","properties":{"poi_id":"OSM_accommodation_6473001685","label":"Canal Hostel","thesis_group":"ACCOMMODATION","thesis_subtype":"hostel","icon_id":"accommodation_hotel","name_quality":"NAMED","rayon":"Şəki şəhəri","rayon_id":"AZE_ADM2_54616110B24616396985677","verification_status":"PROVISIONAL","source_role":"MASTER_GIS","display_rank":5661,"lon":47.182449,"lat":41.203543},"geometry":{"type":"Point","coordinates":[47.1824493,41.203543200000006]}},{"type":"Feature","properties":{"poi_id":"OSM_accommodation_9895970207","label":"Carisma Hotel - Karizma / Bayıl","name_az":"Carisma Hotel - Karizma / Bayıl","thesis_group":"ACCOMMODATION","thesis_subtype":"hotel","icon_id":"accommodation_hotel","name_quality":"NAMED","rayon":"Bakı şəhəri","rayon_id":"AZE_ADM2_54616110B61947743987915","verification_status":"PROVISIONAL","source_role":"MASTER_GIS","display_rank":2746,"lon":49.830916,"lat":40.33581},"geometry":{"type":"Point","coordinates":[49.8309159,40.3358101]}},{"type":"Feature","properties":{"poi_id":"OSM_accommodation_7141819085","label":"Caspian Sport Hotel","thesis_group":"ACCOMMODATION","thesis_subtype":"hotel","icon_id":"accommodation_hotel","name_quality":"NAMED","rayon":"Bakı şəhəri","rayon_id":"AZE_ADM2_54616110B61947743987915","verification_status":"PROVISIONAL","source_role":"MASTER_GIS","display_rank":5675,"lon":49.909967,"lat":40.418498},"geometry":{"type":"Point","coordinates":[49.909967,40.4184981]}},{"type":"Feature","properties":{"poi_id":"OSM_accommodation_5896842585","label":"Cavid Motel","name_az":"Cavid Motel","thesis_group":"ACCOMMODATION","thesis_subtype":"motel","icon_id":"accommodation_motel","name_quality":"NAMED","rayon":"Bakı şəhəri","rayon_id":"AZE_ADM2_54616110B61947743987915","verification_status":"PROVISIONAL","source_role":"MASTER_GIS","display_rank":2649,"lon":49.841534,"lat":40.464089},"geometry":{"type":"Point","coordinates":[49.841533500000004,40.464088600000004]}},{"type":"Feature","properties":{"poi_id":"OSM_accommodation_7820490017","label":"Chenot Palace Qəbələ","name_az":"Chenot Palace Qəbələ","thesis_group":"ACCOMMODATION","thesis_subtype":"hotel","icon_id":"accommodation_hotel","name_quality":"NAMED","rayon":"Qəbələ rayonu","rayon_id":"AZE_ADM2_54616110B33746839775993","verification_status":"PROVISIONAL","source_role":"MASTER_GIS","display_rank":2682,"lon":47.89236,"lat":40.958078},"geometry":{"type":"Point","coordinates":[47.892360100000005,40.9580781]}},{"type":"Feature","properties":{"poi_id":"OSM_accommodation_4834855223","label":"Cinema Boutique Hotel. Real location","thesis_group":"ACCOMMODATION","thesis_subtype":"hotel","icon_id":"accommodation_hotel","name_quality":"NAMED","rayon":"Gəncə şəhəri","rayon_id":"AZE_ADM2_54616110B84154267491992","verification_status":"PROVISIONAL","source_role":"MASTER_GIS","display_rank":5605,"lon":46.360457,"lat":40.673317},"geometry":{"type":"Point","coordinates":[46.360457000000004,40.6733167]}},{"type":"Feature","properties":{"poi_id":"OSM_accommodation_9395237696","label":"Continental Hotel","thesis_group":"ACCOMMODATION","thesis_subtype":"hotel","icon_id":"accommodation_hotel","name_quality":"NAMED","rayon":"Bakı şəhəri","rayon_id":"AZE_ADM2_54616110B61947743987915","verification_status":"PROVISIONAL","source_role":"MASTER_GIS","display_rank":5731,"lon":49.856931,"lat":40.417546},"geometry":{"type":"Point","coordinates":[49.85693070000001,40.417545600000004]}},{"type":"Feature","properties":{"poi_id":"OSM_accommodation_2947541633","label":"Crescent Beach \\ Kresent Biç Şıxov","name_az":"Crescent Beach \\ Kresent Biç Şıxov","thesis_group":"ACCOMMODATION","thesis_subtype":"hotel","icon_id":"accommodation_hotel","name_quality":"NAMED","rayon":"Bakı şəhəri","rayon_id":"AZE_ADM2_54616110B61947743987915","verification_status":"PROVISIONAL","source_role":"MASTER_GIS","display_rank":2554,"lon":49.801316,"lat":40.305809},"geometry":{"type":"Point","coordinates":[49.8013163,40.3058087]}},{"type":"Feature","properties":{"poi_id":"OSM_accommodation_2948280681","label":"Cumeyra Bilgəh Beach Hotel","name_az":"Cumeyra Bilgəh Beach Hotel","thesis_group":"ACCOMMODATION","thesis_subtype":"hotel","icon_id":"accommodation_hotel","name_quality":"NAMED","rayon":"Bakı şəhəri","rayon_id":"AZE_ADM2_54616110B61947743987915","verification_status":"PROVISIONAL","source_role":"MASTER_GIS","display_rank":2557,"lon":50.064398,"lat":40.577238},"geometry":{"type":"Point","coordinates":[50.0643979,40.577238400000006]}},{"type":"Feature","properties":{"poi_id":"OSM_accommodation_4930912021","label":"Cümşüd kend \\ Yemişanlı","name_az":"Cümşüd kend \\ Yemişanlı","thesis_group":"ACCOMMODATION","thesis_subtype":"guest_house","icon_id":"accommodation_guesthouse","name_quality":"NAMED","rayon":"Qəbələ rayonu","rayon_id":"AZE_ADM2_54616110B33746839775993","verification_status":"PROVISIONAL","source_role":"MASTER_GIS","display_rank":2629,"lon":47.709883,"lat":40.965264},"geometry":{"type":"Point","coordinates":[47.7098833,40.9652637]}},{"type":"Feature","properties":{"poi_id":"OSM_accommodation_3602692015","label":"Cəlilabad Otel","name_az":"Cəlilabad Otel","thesis_group":"ACCOMMODATION","thesis_subtype":"hotel","icon_id":"accommodation_hotel","name_quality":"NAMED","rayon":"Cəlilabad rayonu","rayon_id":"AZE_ADM2_54616110B78302808254353","verification_status":"PROVISIONAL","source_role":"MASTER_GIS","display_rank":2583,"lon":48.504095,"lat":39.209177},"geometry":{"type":"Point","coordinates":[48.5040947,39.209177000000004]}},{"type":"Feature","properties":{"poi_id":"OSM_accommodation_2786049207","label":"Cənnət Bağı Otel","name_az":"Cənnət Bağı Otel","thesis_group":"ACCOMMODATION","thesis_subtype":"hotel","icon_id":"accommodation_hotel","name_quality":"NAMED","rayon":"Quba rayonu","rayon_id":"AZE_ADM2_54616110B77048085748362","verification_status":"PROVISIONAL","source_role":"MASTER_GIS","display_rank":2531,"lon":48.539454,"lat":41.308904},"geometry":{"type":"Point","coordinates":[48.5394535,41.3089035]}},{"type":"Feature","properties":{"poi_id":"OSM_accommodation_5939154788","label":"Cənnət Bağı \\ Altıağac","name_az":"Cənnət Bağı \\ Altıağac","thesis_group":"ACCOMMODATION","thesis_subtype":"hotel","icon_id":"accommodation_hotel","name_quality":"NAMED","rayon":"Xızı rayonu","rayon_id":"AZE_ADM2_54616110B97026515433008","verification_status":"PROVISIONAL","source_role":"MASTER_GIS","display_rank":2652,"lon":48.916433,"lat":40.853606},"geometry":{"type":"Point","coordinates":[48.9164328,40.853606]}},{"type":"Feature","properties":{"poi_id":"OSM_accommodation_11246954043","label":"Cənnət Bağı İstirahət","name_az":"Cənnət Bağı İstirahət","thesis_group":"ACCOMMODATION","thesis_subtype":"hotel","icon_id":"accommodation_hotel","name_quality":"NAMED","rayon":"Şamaxı rayonu","rayon_id":"AZE_ADM2_54616110B16651088424667","verification_status":"PROVISIONAL","source_role":"MASTER_GIS","display_rank":2799,"lon":48.598253,"lat":40.785168},"geometry":{"type":"Point","coordinates":[48.5982531,40.785167900000005]}},{"type":"Feature","properties":{"poi_id":"OSM_accommodation_9845319552","label":"DTX İstirahət Mərkəzi","name_az":"DTX İstirahət Mərkəzi","thesis_group":"ACCOMMODATION","thesis_subtype":"hotel","icon_id":"accommodation_hotel","name_quality":"NAMED","rayon":"Bakı şəhəri","rayon_id":"AZE_ADM2_54616110B61947743987915","verification_status":"PROVISIONAL","source_role":"MASTER_GIS","display_rank":2734,"lon":50.067256,"lat":40.572102},"geometry":{"type":"Point","coordinates":[50.0672561,40.5721016]}},{"type":"Feature","properties":{"poi_id":"OSM_accommodation_2638747757","label":"Dalğa Otel","name_az":"Dalğa Otel","thesis_group":"ACCOMMODATION","thesis_subtype":"hotel","icon_id":"accommodation_hotel","name_quality":"NAMED","rayon":"Sumqayıt şəhəri","rayon_id":"AZE_ADM2_54616110B75219613739908","verification_status":"PROVISIONAL","source_role":"MASTER_GIS","display_rank":2529,"lon":49.671882,"lat":40.60288},"geometry":{"type":"Point","coordinates":[49.6718825,40.602879800000004]}},{"type":"Feature","properties":{"poi_id":"OSM_accommodation_10000659973","label":"Damcılı Motel \\ Qazaxbəyli","name_az":"Damcılı Motel \\ Qazaxbəyli","thesis_group":"ACCOMMODATION","thesis_subtype":"motel","icon_id":"accommodation_motel","name_quality":"NAMED","rayon":"Qazax rayonu","rayon_id":"AZE_ADM2_54616110B43488292017990","verification_status":"PROVISIONAL","source_role":"MASTER_GIS","display_rank":2762,"lon":45.304122,"lat":41.184714},"geometry":{"type":"Point","coordinates":[45.3041215,41.184714]}},{"type":"Feature","properties":{"poi_id":"OSM_accommodation_9845319571","label":"Daxili İşlər Nazirliyinin İstirahət Mərkəzi","name_az":"Daxili İşlər Nazirliyinin İstirahət Mərkəzi","thesis_group":"ACCOMMODATION","thesis_subtype":"hotel","icon_id":"accommodation_hotel","name_quality":"NAMED","rayon":"Bakı şəhəri","rayon_id":"AZE_ADM2_54616110B61947743987915","verification_status":"PROVISIONAL","source_role":"MASTER_GIS","display_rank":2735,"lon":50.080748,"lat":40.56171},"geometry":{"type":"Point","coordinates":[50.0807476,40.5617102]}},{"type":"Feature","properties":{"poi_id":"OSM_accommodation_9757954721","label":"Dağlar Motel","name_az":"Dağlar Motel","thesis_group":"ACCOMMODATION","thesis_subtype":"motel","icon_id":"accommodation_motel","name_quality":"NAMED","rayon":"Bakı şəhəri","rayon_id":"AZE_ADM2_54616110B61947743987915","verification_status":"PROVISIONAL","source_role":"MASTER_GIS","display_rank":2726,"lon":49.874832,"lat":40.429062},"geometry":{"type":"Point","coordinates":[49.8748317,40.4290619]}},{"type":"Feature","properties":{"poi_id":"OSM_accommodation_13846858691","label":"Delux Saray Otel Ağsu","name_az":"Delux Saray Otel Ağsu","thesis_group":"ACCOMMODATION","thesis_subtype":"hotel","icon_id":"accommodation_hotel","name_quality":"NAMED","rayon":"Ağsu rayonu","rayon_id":"AZE_ADM2_54616110B12323901372431","verification_status":"PROVISIONAL","source_role":"MASTER_GIS","display_rank":2838,"lon":48.379806,"lat":40.574679},"geometry":{"type":"Point","coordinates":[48.379806,40.5746788]}},{"type":"Feature","properties":{"poi_id":"OSM_accommodation_4915489021","label":"Deluxe Hotel Bakı, Əhməd Rəcəbli küç.","name_az":"Deluxe Hotel Bakı, Əhməd Rəcəbli küç.","thesis_group":"ACCOMMODATION","thesis_subtype":"hotel","icon_id":"accommodation_hotel","name_quality":"NAMED","rayon":"Bakı şəhəri","rayon_id":"AZE_ADM2_54616110B61947743987915","verification_status":"PROVISIONAL","source_role":"MASTER_GIS","display_rank":2628,"lon":49.863331,"lat":40.408268},"geometry":{"type":"Point","coordinates":[49.863330700000006,40.408267800000004]}},{"type":"Feature","properties":{"poi_id":"OSM_accommodation_9845310164","label":"Diplomat Otel / Bilgəh","name_az":"Diplomat Otel / Bilgəh","thesis_group":"ACCOMMODATION","thesis_subtype":"hotel","icon_id":"accommodation_hotel","name_quality":"NAMED","rayon":"Bakı şəhəri","rayon_id":"AZE_ADM2_54616110B61947743987915","verification_status":"PROVISIONAL","source_role":"MASTER_GIS","display_rank":2733,"lon":50.077846,"lat":40.563786},"geometry":{"type":"Point","coordinates":[50.0778455,40.5637855]}},{"type":"Feature","properties":{"poi_id":"OSM_accommodation_9906550631","label":"Dubai İnternational Hotel","name_az":"Dubai İnternational Hotel","thesis_group":"ACCOMMODATION","thesis_subtype":"hotel","icon_id":"accommodation_hotel","name_quality":"NAMED","rayon":"Bakı şəhəri","rayon_id":"AZE_ADM2_54616110B61947743987915","verification_status":"PROVISIONAL","source_role":"MASTER_GIS","display_rank":2751,"lon":49.807,"lat":40.354195},"geometry":{"type":"Point","coordinates":[49.807,40.3541952]}},{"type":"Feature","properties":{"poi_id":"OSM_accommodation_4483965589","label":"Dəniz Vağzalı Bakı","name_az":"Dəniz Vağzalı Bakı","thesis_group":"ACCOMMODATION","thesis_subtype":"hotel","icon_id":"accommodation_hotel","name_quality":"NAMED","rayon":"Bakı şəhəri","rayon_id":"AZE_ADM2_54616110B61947743987915","verification_status":"PROVISIONAL","source_role":"MASTER_GIS","display_rank":2616,"lon":49.856648,"lat":40.373002},"geometry":{"type":"Point","coordinates":[49.856647900000006,40.3730021]}},{"type":"Feature","properties":{"poi_id":"OSM_accommodation_8814742770","label":"Dəniz otel","name_az":"Dəniz otel","thesis_group":"ACCOMMODATION","thesis_subtype":"hotel","icon_id":"accommodation_hotel","name_quality":"NAMED","rayon":"Lənkəran rayonu","rayon_id":"AZE_ADM2_54616110B2076465815790","verification_status":"PROVISIONAL","source_role":"MASTER_GIS","display_rank":2717,"lon":48.856181,"lat":38.761933},"geometry":{"type":"Point","coordinates":[48.8561807,38.7619326]}},{"type":"Feature","properties":{"poi_id":"OSM_accommodation_9851463794","label":"Dəyirman Otel","name_az":"Dəyirman Otel","thesis_group":"ACCOMMODATION","thesis_subtype":"hotel","icon_id":"accommodation_hotel","name_quality":"NAMED","rayon":"Bakı şəhəri","rayon_id":"AZE_ADM2_54616110B61947743987915","verification_status":"PROVISIONAL","source_role":"MASTER_GIS","display_rank":2742,"lon":49.760153,"lat":40.572655},"geometry":{"type":"Point","coordinates":[49.760152600000005,40.5726548]}},{"type":"Feature","properties":{"poi_id":"OSM_accommodation_4352858792","label":"ELAY Ailəvi istirahət mərkəzi","name_az":"ELAY Ailəvi istirahət mərkəzi","thesis_group":"ACCOMMODATION","thesis_subtype":"hostel","icon_id":"accommodation_hotel","name_quality":"NAMED","rayon":"Xaçmaz rayonu","rayon_id":"AZE_ADM2_54616110B89497242950609","verification_status":"PROVISIONAL","source_role":"MASTER_GIS","display_rank":2602,"lon":48.635173,"lat":41.81456},"geometry":{"type":"Point","coordinates":[48.63517280000001,41.81456]}},{"type":"Feature","properties":{"poi_id":"OSM_accommodation_10064083617","label":"Ecomama","thesis_group":"ACCOMMODATION","thesis_subtype":"guest_house","icon_id":"accommodation_guesthouse","name_quality":"NAMED","rayon":"Quba rayonu","rayon_id":"AZE_ADM2_54616110B77048085748362","verification_status":"PROVISIONAL","source_role":"MASTER_GIS","display_rank":5782,"lon":48.128844,"lat":41.177575},"geometry":{"type":"Point","coordinates":[48.1288441,41.1775754]}},{"type":"Feature","properties":{"poi_id":"OSM_accommodation_12476259079","label":"Elba Xoşbulaq İstirahət Mərkəzi","name_az":"Elba Xoşbulaq İstirahət Mərkəzi","thesis_group":"ACCOMMODATION","thesis_subtype":"chalet","icon_id":"accommodation_hotel","name_quality":"NAMED","rayon":"Daşkəsən rayonu","rayon_id":"AZE_ADM2_54616110B88384638285498","verification_status":"PROVISIONAL","source_role":"MASTER_GIS","display_rank":2821,"lon":46.0502,"lat":40.448878},"geometry":{"type":"Point","coordinates":[46.050200200000006,40.448878]}},{"type":"Feature","properties":{"poi_id":"OSM_accommodation_7935580468","label":"Elizium Motel Restoran \\\\ Oğuz","name_az":"Elizium Motel Restoran \\\\ Oğuz","thesis_group":"ACCOMMODATION","thesis_subtype":"hotel","icon_id":"accommodation_hotel","name_quality":"NAMED","rayon":"Oğuz rayonu","rayon_id":"AZE_ADM2_54616110B99657283459996","verification_status":"PROVISIONAL","source_role":"MASTER_GIS","display_rank":2687,"lon":47.420777,"lat":41.052953},"geometry":{"type":"Point","coordinates":[47.420776800000006,41.052952600000005]}},{"type":"Feature","properties":{"poi_id":"OSM_accommodation_2945564258","label":"Flaqman İstirahət Mərkəzi Sumqayıt","name_az":"Flaqman İstirahət Mərkəzi Sumqayıt","thesis_group":"ACCOMMODATION","thesis_subtype":"motel","icon_id":"accommodation_motel","name_quality":"NAMED","rayon":"Abşeron rayonu","rayon_id":"AZE_ADM2_54616110B88432173472444","verification_status":"PROVISIONAL","source_role":"MASTER_GIS","display_rank":2547,"lon":49.724109,"lat":40.574353},"geometry":{"type":"Point","coordinates":[49.7241092,40.5743534]}},{"type":"Feature","properties":{"poi_id":"OSM_accommodation_2962170994","label":"Freqat Otel və Restoran","name_az":"Freqat Otel və Restoran","thesis_group":"ACCOMMODATION","thesis_subtype":"hotel","icon_id":"accommodation_hotel","name_quality":"NAMED","rayon":"Bakı şəhəri","rayon_id":"AZE_ADM2_54616110B61947743987915","verification_status":"PROVISIONAL","source_role":"MASTER_GIS","display_rank":2560,"lon":49.770902,"lat":40.573149},"geometry":{"type":"Point","coordinates":[49.770902400000004,40.5731489]}},{"type":"Feature","properties":{"poi_id":"OSM_accommodation_8364975066","label":"Fədək Motel \\ Pirsaat","name_az":"Fədək Motel \\ Pirsaat","thesis_group":"ACCOMMODATION","thesis_subtype":"motel","icon_id":"accommodation_motel","name_quality":"NAMED","rayon":"Hacıqabul rayonu","rayon_id":"AZE_ADM2_54616110B48173541517146","verification_status":"PROVISIONAL","source_role":"MASTER_GIS","display_rank":2704,"lon":49.063547,"lat":40.041567},"geometry":{"type":"Point","coordinates":[49.0635467,40.0415669]}},{"type":"Feature","properties":{"poi_id":"OSM_accommodation_4406730295","label":"Ganja hostel","thesis_group":"ACCOMMODATION","thesis_subtype":"hostel","icon_id":"accommodation_hotel","name_quality":"NAMED","rayon":"Gəncə şəhəri","rayon_id":"AZE_ADM2_54616110B84154267491992","verification_status":"PROVISIONAL","source_role":"MASTER_GIS","display_rank":5574,"lon":46.366152,"lat":40.670866},"geometry":{"type":"Point","coordinates":[46.3661523,40.670866200000006]}},{"type":"Feature","properties":{"poi_id":"OSM_accommodation_6442592157","label":"Gilan Otel \\ Zarağan","name_az":"Gilan Otel \\ Zarağan","thesis_group":"ACCOMMODATION","thesis_subtype":"hotel","icon_id":"accommodation_hotel","name_quality":"NAMED","rayon":"Qəbələ rayonu","rayon_id":"AZE_ADM2_54616110B33746839775993","verification_status":"PROVISIONAL","source_role":"MASTER_GIS","display_rank":2660,"lon":47.822624,"lat":40.947918},"geometry":{"type":"Point","coordinates":[47.822624000000005,40.947917700000005]}},{"type":"Feature","properties":{"poi_id":"OSM_accommodation_3914336495","label":"Gömrük Oteli","name_az":"Gömrük Oteli","thesis_group":"ACCOMMODATION","thesis_subtype":"motel","icon_id":"accommodation_motel","name_quality":"NAMED","rayon":"Astara rayonu","rayon_id":"AZE_ADM2_54616110B5213879595332","verification_status":"PROVISIONAL","source_role":"MASTER_GIS","display_rank":2592,"lon":48.874164,"lat":38.446065},"geometry":{"type":"Point","coordinates":[48.874164400000005,38.446065100000006]}},{"type":"Feature","properties":{"poi_id":"OSM_accommodation_11198381934","label":"Görüş Motel","name_az":"Görüş Motel","thesis_group":"ACCOMMODATION","thesis_subtype":"motel","icon_id":"accommodation_motel","name_quality":"NAMED","rayon":"Bakı şəhəri","rayon_id":"AZE_ADM2_54616110B61947743987915","verification_status":"PROVISIONAL","source_role":"MASTER_GIS","display_rank":2794,"lon":49.75307,"lat":40.298795},"geometry":{"type":"Point","coordinates":[49.7530702,40.2987946]}},{"type":"Feature","properties":{"poi_id":"OSM_accommodation_12566286735","label":"Göygöl Ailə Kottecləri","name_az":"Göygöl Ailə Kottecləri","thesis_group":"ACCOMMODATION","thesis_subtype":"hotel","icon_id":"accommodation_hotel","name_quality":"NAMED","rayon":"Göygöl rayonu","rayon_id":"AZE_ADM2_54616110B13615645655589","verification_status":"PROVISIONAL","source_role":"MASTER_GIS","display_rank":2823,"lon":46.328965,"lat":40.418846},"geometry":{"type":"Point","coordinates":[46.3289648,40.4188464]}},{"type":"Feature","properties":{"poi_id":"OSM_accommodation_12566286745","label":"Göygöl Otel","name_az":"Göygöl Otel","thesis_group":"ACCOMMODATION","thesis_subtype":"hotel","icon_id":"accommodation_hotel","name_quality":"NAMED","rayon":"Göygöl rayonu","rayon_id":"AZE_ADM2_54616110B13615645655589","verification_status":"PROVISIONAL","source_role":"MASTER_GIS","display_rank":2825,"lon":46.329713,"lat":40.416272},"geometry":{"type":"Point","coordinates":[46.3297132,40.416272400000004]}},{"type":"Feature","properties":{"poi_id":"OSM_accommodation_4045215856","label":"Göyçay Çinar Otel","name_az":"Göyçay Çinar Otel","thesis_group":"ACCOMMODATION","thesis_subtype":"hotel","icon_id":"accommodation_hotel","name_quality":"NAMED","rayon":"Göyçay rayonu","rayon_id":"AZE_ADM2_54616110B88730523237575","verification_status":"PROVISIONAL","source_role":"MASTER_GIS","display_rank":2595,"lon":47.738772,"lat":40.65085},"geometry":{"type":"Point","coordinates":[47.7387717,40.650850000000005]}},{"type":"Feature","properties":{"poi_id":"OSM_accommodation_12133735722","label":"Göyəzən Motel \\ qazax","name_az":"Göyəzən Motel \\ qazax","thesis_group":"ACCOMMODATION","thesis_subtype":"motel","icon_id":"accommodation_motel","name_quality":"NAMED","rayon":"Ağstafa rayonu","rayon_id":"AZE_ADM2_54616110B36354954300290","verification_status":"PROVISIONAL","source_role":"MASTER_GIS","display_rank":2814,"lon":45.378277,"lat":41.095678},"geometry":{"type":"Point","coordinates":[45.3782773,41.0956776]}},{"type":"Feature","properties":{"poi_id":"OSM_accommodation_12059867940","label":"Gülül Otel","name_az":"Gülül Otel","thesis_group":"ACCOMMODATION","thesis_subtype":"motel","icon_id":"accommodation_motel","name_quality":"NAMED","rayon":"Ağstafa rayonu","rayon_id":"AZE_ADM2_54616110B36354954300290","verification_status":"PROVISIONAL","source_role":"MASTER_GIS","display_rank":2809,"lon":45.447544,"lat":41.11466},"geometry":{"type":"Point","coordinates":[45.4475441,41.114660400000005]}},{"type":"Feature","properties":{"poi_id":"OSM_accommodation_2945652883","label":"Günəbaxan","name_az":"Günəbaxan","thesis_group":"ACCOMMODATION","thesis_subtype":"motel","icon_id":"accommodation_motel","name_quality":"NAMED","rayon":"Bakı şəhəri","rayon_id":"AZE_ADM2_54616110B61947743987915","verification_status":"PROVISIONAL","source_role":"MASTER_GIS","display_rank":2550,"lon":49.756009,"lat":40.572976},"geometry":{"type":"Point","coordinates":[49.7560091,40.5729765]}},{"type":"Feature","properties":{"poi_id":"OSM_accommodation_4712577389","label":"Günəş Motel","name_az":"Günəş Motel","thesis_group":"ACCOMMODATION","thesis_subtype":"motel","icon_id":"accommodation_motel","name_quality":"NAMED","rayon":"Bakı şəhəri","rayon_id":"AZE_ADM2_54616110B61947743987915","verification_status":"PROVISIONAL","source_role":"MASTER_GIS","display_rank":2624,"lon":49.967111,"lat":40.394253},"geometry":{"type":"Point","coordinates":[49.967111100000004,40.3942532]}},{"type":"Feature","properties":{"poi_id":"OSM_accommodation_8170873266","label":"Günəş Palace Zaqatala","name_az":"Günəş Palace Zaqatala","thesis_group":"ACCOMMODATION","thesis_subtype":"motel","icon_id":"accommodation_motel","name_quality":"NAMED","rayon":"Zaqatala rayonu","rayon_id":"AZE_ADM2_54616110B4759617374649","verification_status":"PROVISIONAL","source_role":"MASTER_GIS","display_rank":2701,"lon":46.609937,"lat":41.632296},"geometry":{"type":"Point","coordinates":[46.6099374,41.632295500000005]}},{"type":"Feature","properties":{"poi_id":"OSM_accommodation_7995443078","label":"Gələrsən-Görәrsәn","name_az":"Gələrsən-Görәrsәn","thesis_group":"ACCOMMODATION","thesis_subtype":"motel","icon_id":"accommodation_motel","name_quality":"NAMED","rayon":"Şəki rayonu","rayon_id":"AZE_ADM2_54616110B25010354244926","verification_status":"PROVISIONAL","source_role":"MASTER_GIS","display_rank":2697,"lon":47.226553,"lat":41.261953},"geometry":{"type":"Point","coordinates":[47.226552700000006,41.2619528]}},{"type":"Feature","properties":{"poi_id":"OSM_accommodation_9851463778","label":"Gəmi İstirahət Mərkəzi","name_az":"Gəmi İstirahət Mərkəzi","thesis_group":"ACCOMMODATION","thesis_subtype":"motel","icon_id":"accommodation_motel","name_quality":"NAMED","rayon":"Bakı şəhəri","rayon_id":"AZE_ADM2_54616110B61947743987915","verification_status":"PROVISIONAL","source_role":"MASTER_GIS","display_rank":2741,"lon":49.760334,"lat":40.574055},"geometry":{"type":"Point","coordinates":[49.7603336,40.574055400000006]}},{"type":"Feature","properties":{"poi_id":"OSM_accommodation_3914306019","label":"Heydər Baba","name_az":"Heydər Baba","thesis_group":"ACCOMMODATION","thesis_subtype":"hotel","icon_id":"accommodation_hotel","name_quality":"NAMED","rayon":"Astara rayonu","rayon_id":"AZE_ADM2_54616110B5213879595332","verification_status":"PROVISIONAL","source_role":"MASTER_GIS","display_rank":2591,"lon":48.875451,"lat":38.450817},"geometry":{"type":"Point","coordinates":[48.8754514,38.4508172]}},{"type":"Feature","properties":{"poi_id":"OSM_accommodation_12725309001","label":"Hill Chalet Hotel Gabala","thesis_group":"ACCOMMODATION","thesis_subtype":"hotel","icon_id":"accommodation_hotel","name_quality":"NAMED","rayon":"Qəbələ rayonu","rayon_id":"AZE_ADM2_54616110B33746839775993","verification_status":"PROVISIONAL","source_role":"MASTER_GIS","display_rank":5885,"lon":47.858834,"lat":41.000587},"geometry":{"type":"Point","coordinates":[47.8588339,41.000586500000004]}},{"type":"Feature","properties":{"poi_id":"OSM_accommodation_11208491093","label":"Homebridge Hotel \\ Houmbric Şıxov","name_az":"Homebridge Hotel \\ Houmbric Şıxov","thesis_group":"ACCOMMODATION","thesis_subtype":"hotel","icon_id":"accommodation_hotel","name_quality":"NAMED","rayon":"Bakı şəhəri","rayon_id":"AZE_ADM2_54616110B61947743987915","verification_status":"PROVISIONAL","source_role":"MASTER_GIS","display_rank":2795,"lon":49.773578,"lat":40.304864},"geometry":{"type":"Point","coordinates":[49.773578300000004,40.3048638]}},{"type":"Feature","properties":{"poi_id":"OSM_accommodation_3585894593","label":"Hotel Astoria","thesis_group":"ACCOMMODATION","thesis_subtype":"hotel","icon_id":"accommodation_hotel","name_quality":"NAMED","rayon":"Bakı şəhəri","rayon_id":"AZE_ADM2_54616110B61947743987915","verification_status":"PROVISIONAL","source_role":"MASTER_GIS","display_rank":5523,"lon":49.933973,"lat":40.39556},"geometry":{"type":"Point","coordinates":[49.933973400000006,40.3955597]}},{"type":"Feature","properties":{"poi_id":"OSM_accommodation_4970973221","label":"Həsənovlar Qonaq Evi","name_az":"Həsənovlar Qonaq Evi","thesis_group":"ACCOMMODATION","thesis_subtype":"guest_house","icon_id":"accommodation_guesthouse","name_quality":"NAMED","rayon":"Bakı şəhəri","rayon_id":"AZE_ADM2_54616110B61947743987915","verification_status":"PROVISIONAL","source_role":"MASTER_GIS","display_rank":2630,"lon":50.106704,"lat":40.49297},"geometry":{"type":"Point","coordinates":[50.106704300000004,40.4929702]}},{"type":"Feature","properties":{"poi_id":"OSM_accommodation_4440388482","label":"Icheri Sheher Hotel","thesis_group":"ACCOMMODATION","thesis_subtype":"hotel","icon_id":"accommodation_hotel","name_quality":"NAMED","rayon":"Bakı şəhəri","rayon_id":"AZE_ADM2_54616110B61947743987915","verification_status":"PROVISIONAL","source_role":"MASTER_GIS","display_rank":5576,"lon":49.832306,"lat":40.365588},"geometry":{"type":"Point","coordinates":[49.832305600000005,40.3655884]}},{"type":"Feature","properties":{"poi_id":"OSM_accommodation_10913681077","label":"Jalə İstirahət Mərkəzi","name_az":"Jalə İstirahət Mərkəzi","thesis_group":"ACCOMMODATION","thesis_subtype":"hotel","icon_id":"accommodation_hotel","name_quality":"NAMED","rayon":"Xaçmaz rayonu","rayon_id":"AZE_ADM2_54616110B89497242950609","verification_status":"PROVISIONAL","source_role":"MASTER_GIS","display_rank":2779,"lon":48.772713,"lat":41.677502},"geometry":{"type":"Point","coordinates":[48.7727133,41.6775025]}},{"type":"Feature","properties":{"poi_id":"OSM_accommodation_9871079180","label":"Joyy Hotel Spa","thesis_group":"ACCOMMODATION","thesis_subtype":"hotel","icon_id":"accommodation_hotel","name_quality":"NAMED","rayon":"Bakı şəhəri","rayon_id":"AZE_ADM2_54616110B61947743987915","verification_status":"PROVISIONAL","source_role":"MASTER_GIS","display_rank":5762,"lon":49.932617,"lat":40.405212},"geometry":{"type":"Point","coordinates":[49.9326172,40.4052124]}},{"type":"Feature","properties":{"poi_id":"OSM_accommodation_6458676387","label":"Karat Inn","thesis_group":"ACCOMMODATION","thesis_subtype":"hotel","icon_id":"accommodation_hotel","name_quality":"NAMED","rayon":"Bakı şəhəri","rayon_id":"AZE_ADM2_54616110B61947743987915","verification_status":"PROVISIONAL","source_role":"MASTER_GIS","display_rank":5659,"lon":49.842426,"lat":40.379521},"geometry":{"type":"Point","coordinates":[49.842425600000006,40.3795208]}},{"type":"Feature","properties":{"poi_id":"OSM_accommodation_811392066","label":"Karvan Motel","thesis_group":"ACCOMMODATION","thesis_subtype":"hotel","icon_id":"accommodation_hotel","name_quality":"NAMED","rayon":"Qəbələ rayonu","rayon_id":"AZE_ADM2_54616110B33746839775993","verification_status":"PROVISIONAL","source_role":"MASTER_GIS","display_rank":5448,"lon":47.85167,"lat":40.977501},"geometry":{"type":"Point","coordinates":[47.8516698,40.977501000000004]}},{"type":"Feature","properties":{"poi_id":"OSM_accommodation_2773551979","label":"Karvansaray","name_az":"Karvansaray","thesis_group":"ACCOMMODATION","thesis_subtype":"guest_house","icon_id":"accommodation_guesthouse","name_quality":"NAMED","rayon":"Sumqayıt şəhəri","rayon_id":"AZE_ADM2_54616110B75219613739908","verification_status":"PROVISIONAL","source_role":"MASTER_GIS","display_rank":2530,"lon":49.66122,"lat":40.595498},"geometry":{"type":"Point","coordinates":[49.6612202,40.5954977]}},{"type":"Feature","properties":{"poi_id":"OSM_accommodation_5791245356","label":"Kempinq","name_az":"Kempinq","thesis_group":"ACCOMMODATION","thesis_subtype":"camp_site","icon_id":"accommodation_camping","name_quality":"NAMED","rayon":"Şəki rayonu","rayon_id":"AZE_ADM2_54616110B25010354244926","verification_status":"PROVISIONAL","source_role":"MASTER_GIS","display_rank":2644,"lon":47.189742,"lat":41.24305},"geometry":{"type":"Point","coordinates":[47.189741600000005,41.2430499]}},{"type":"Feature","properties":{"poi_id":"OSM_accommodation_2945652881","label":"Keçmiş Azərbaycan Sanatoriyası","name_az":"Keçmiş Azərbaycan Sanatoriyası","thesis_group":"ACCOMMODATION","thesis_subtype":"hostel","icon_id":"accommodation_hotel","name_quality":"NAMED","rayon":"Bakı şəhəri","rayon_id":"AZE_ADM2_54616110B61947743987915","verification_status":"PROVISIONAL","source_role":"MASTER_GIS","display_rank":2549,"lon":49.754205,"lat":40.572018},"geometry":{"type":"Point","coordinates":[49.7542052,40.5720181]}},{"type":"Feature","properties":{"poi_id":"OSM_accommodation_5907518385","label":"Kirayə","name_az":"Kirayə","thesis_group":"ACCOMMODATION","thesis_subtype":"guest_house","icon_id":"accommodation_guesthouse","name_quality":"NAMED","rayon":"Bakı şəhəri","rayon_id":"AZE_ADM2_54616110B61947743987915","verification_status":"PROVISIONAL","source_role":"MASTER_GIS","display_rank":2650,"lon":49.838094,"lat":40.420009},"geometry":{"type":"Point","coordinates":[49.8380943,40.4200089]}},{"type":"Feature","properties":{"poi_id":"OSM_accommodation_4453807690","label":"Kirayə Ev","name_az":"Kirayə Ev","thesis_group":"ACCOMMODATION","thesis_subtype":"guest_house","icon_id":"accommodation_guesthouse","name_quality":"NAMED","rayon":"Şəki şəhəri","rayon_id":"AZE_ADM2_54616110B24616396985677","verification_status":"PROVISIONAL","source_role":"MASTER_GIS","display_rank":2613,"lon":47.184267,"lat":41.204876},"geometry":{"type":"Point","coordinates":[47.1842668,41.204875900000005]}},{"type":"Feature","properties":{"poi_id":"OSM_accommodation_8450645152","label":"Kirayə Ev","name_az":"Kirayə Ev","thesis_group":"ACCOMMODATION","thesis_subtype":"guest_house","icon_id":"accommodation_guesthouse","name_quality":"NAMED","rayon":"Qəbələ rayonu","rayon_id":"AZE_ADM2_54616110B33746839775993","verification_status":"PROVISIONAL","source_role":"MASTER_GIS","display_rank":2707,"lon":47.947225,"lat":40.940437},"geometry":{"type":"Point","coordinates":[47.9472247,40.940437100000004]}},{"type":"Feature","properties":{"poi_id":"OSM_accommodation_4405275389","label":"Kirayə Mənzil İraq","name_az":"Kirayə Mənzil İraq","thesis_group":"ACCOMMODATION","thesis_subtype":"motel","icon_id":"accommodation_motel","name_quality":"NAMED","rayon":"Bakı şəhəri","rayon_id":"AZE_ADM2_54616110B61947743987915","verification_status":"PROVISIONAL","source_role":"MASTER_GIS","display_rank":2607,"lon":49.846565,"lat":40.391031},"geometry":{"type":"Point","coordinates":[49.8465654,40.3910308]}},{"type":"Feature","properties":{"poi_id":"OSM_accommodation_5457461522","label":"Kirayə koteclər","name_az":"Kirayə koteclər","thesis_group":"ACCOMMODATION","thesis_subtype":"guest_house","icon_id":"accommodation_guesthouse","name_quality":"NAMED","rayon":"Bakı şəhəri","rayon_id":"AZE_ADM2_54616110B61947743987915","verification_status":"PROVISIONAL","source_role":"MASTER_GIS","display_rank":2639,"lon":50.142039,"lat":40.480648},"geometry":{"type":"Point","coordinates":[50.1420389,40.4806481]}},{"type":"Feature","properties":{"poi_id":"OSM_accommodation_5091682724","label":"Kish Guesthouse","thesis_group":"ACCOMMODATION","thesis_subtype":"guest_house","icon_id":"accommodation_guesthouse","name_quality":"NAMED","rayon":"Şəki rayonu","rayon_id":"AZE_ADM2_54616110B25010354244926","verification_status":"PROVISIONAL","source_role":"MASTER_GIS","display_rank":5610,"lon":47.193753,"lat":41.249517},"geometry":{"type":"Point","coordinates":[47.1937531,41.2495172]}},{"type":"Feature","properties":{"poi_id":"OSM_accommodation_12356597935","label":"Kiçik Qafqaz Motel \\ Maarif","name_az":"Kiçik Qafqaz Motel \\ Maarif","thesis_group":"ACCOMMODATION","thesis_subtype":"motel","icon_id":"accommodation_motel","name_quality":"NAMED","rayon":"Gədəbəy rayonu","rayon_id":"AZE_ADM2_54616110B46799199998097","verification_status":"PROVISIONAL","source_role":"MASTER_GIS","display_rank":2817,"lon":45.814631,"lat":40.633106},"geometry":{"type":"Point","coordinates":[45.8146311,40.6331063]}},{"type":"Feature","properties":{"poi_id":"OSM_accommodation_11990096769","label":"Knyazlı Otel \\ Poladlı","name_az":"Knyazlı Otel \\ Poladlı","thesis_group":"ACCOMMODATION","thesis_subtype":"hotel","icon_id":"accommodation_hotel","name_quality":"NAMED","rayon":"Gədəbəy rayonu","rayon_id":"AZE_ADM2_54616110B46799199998097","verification_status":"PROVISIONAL","source_role":"MASTER_GIS","display_rank":2808,"lon":45.654091,"lat":40.568358},"geometry":{"type":"Point","coordinates":[45.6540906,40.5683583]}},{"type":"Feature","properties":{"poi_id":"OSM_accommodation_1826412956","label":"Komfort İnn Otel","name_az":"Komfort İnn Otel","thesis_group":"ACCOMMODATION","thesis_subtype":"hotel","icon_id":"accommodation_hotel","name_quality":"NAMED","rayon":"Bakı şəhəri","rayon_id":"AZE_ADM2_54616110B61947743987915","verification_status":"PROVISIONAL","source_role":"MASTER_GIS","display_rank":2519,"lon":49.799472,"lat":40.415867},"geometry":{"type":"Point","coordinates":[49.799472200000004,40.4158671]}},{"type":"Feature","properties":{"poi_id":"OSM_accommodation_12652984774","label":"Koroğlu Hostel","name_az":"Koroğlu Hostel","thesis_group":"ACCOMMODATION","thesis_subtype":"hostel","icon_id":"accommodation_hotel","name_quality":"NAMED","rayon":"Göygöl rayonu","rayon_id":"AZE_ADM2_54616110B13615645655589","verification_status":"PROVISIONAL","source_role":"MASTER_GIS","display_rank":2826,"lon":46.318402,"lat":40.58958},"geometry":{"type":"Point","coordinates":[46.3184023,40.589580000000005]}},{"type":"Feature","properties":{"poi_id":"OSM_accommodation_6387455006","label":"Kür Otel","name_az":"Kür Otel","thesis_group":"ACCOMMODATION","thesis_subtype":"hotel","icon_id":"accommodation_hotel","name_quality":"NAMED","rayon":"Neftçala rayonu","rayon_id":"AZE_ADM2_54616110B40961788089107","verification_status":"PROVISIONAL","source_role":"MASTER_GIS","display_rank":2658,"lon":48.984471,"lat":39.599727},"geometry":{"type":"Point","coordinates":[48.984471400000004,39.599726600000004]}},{"type":"Feature","properties":{"poi_id":"OSM_accommodation_7895902157","label":"Kür Otel","name_az":"Kür Otel","thesis_group":"ACCOMMODATION","thesis_subtype":"hotel","icon_id":"accommodation_hotel","name_quality":"NAMED","rayon":"Mingəçevir şəhəri","rayon_id":"AZE_ADM2_54616110B16521863868797","verification_status":"PROVISIONAL","source_role":"MASTER_GIS","display_rank":2685,"lon":47.038472,"lat":40.761991},"geometry":{"type":"Point","coordinates":[47.038471900000005,40.7619911]}},{"type":"Feature","properties":{"poi_id":"OSM_accommodation_12962180058","label":"Kür Otel","name_az":"Kür Otel","thesis_group":"ACCOMMODATION","thesis_subtype":"hotel","icon_id":"accommodation_hotel","name_quality":"NAMED","rayon":"Şirvan şəhəri","rayon_id":"AZE_ADM2_54616110B45272408011177","verification_status":"PROVISIONAL","source_role":"MASTER_GIS","display_rank":2829,"lon":48.945069,"lat":39.953854},"geometry":{"type":"Point","coordinates":[48.9450694,39.9538543]}},{"type":"Feature","properties":{"poi_id":"OSM_accommodation_9466818903","label":"Kür Qonaq Evi","name_az":"Kür Qonaq Evi","thesis_group":"ACCOMMODATION","thesis_subtype":"hotel","icon_id":"accommodation_hotel","name_quality":"NAMED","rayon":"Mingəçevir şəhəri","rayon_id":"AZE_ADM2_54616110B16521863868797","verification_status":"PROVISIONAL","source_role":"MASTER_GIS","display_rank":2722,"lon":47.053521,"lat":40.772882},"geometry":{"type":"Point","coordinates":[47.0535207,40.772882]}},{"type":"Feature","properties":{"poi_id":"OSM_accommodation_1378912983","label":"Kürmük Motel \\Qax","name_az":"Kürmük Motel \\Qax","thesis_group":"ACCOMMODATION","thesis_subtype":"hotel","icon_id":"accommodation_hotel","name_quality":"NAMED","rayon":"Qax rayonu","rayon_id":"AZE_ADM2_54616110B49356278605879","verification_status":"PROVISIONAL","source_role":"MASTER_GIS","display_rank":2512,"lon":46.928456,"lat":41.420337},"geometry":{"type":"Point","coordinates":[46.9284558,41.420336500000005]}},{"type":"Feature","properties":{"poi_id":"OSM_accommodation_5981655096","label":"Kürmük Otel","name_az":"Kürmük Otel","thesis_group":"ACCOMMODATION","thesis_subtype":"hotel","icon_id":"accommodation_hotel","name_quality":"NAMED","rayon":"Qax rayonu","rayon_id":"AZE_ADM2_54616110B49356278605879","verification_status":"PROVISIONAL","source_role":"MASTER_GIS","display_rank":2653,"lon":46.910035,"lat":41.423761},"geometry":{"type":"Point","coordinates":[46.9100346,41.4237611]}},{"type":"Feature","properties":{"poi_id":"OSM_accommodation_6711578051","label":"Kəpəz Naftalan Sanatoriyası","name_az":"Kəpəz Naftalan Sanatoriyası","thesis_group":"ACCOMMODATION","thesis_subtype":"hotel","icon_id":"accommodation_hotel","name_quality":"NAMED","rayon":"Goranboy rayonu","rayon_id":"AZE_ADM2_54616110B75141866412524","verification_status":"PROVISIONAL","source_role":"MASTER_GIS","display_rank":2662,"lon":46.820403,"lat":40.50654},"geometry":{"type":"Point","coordinates":[46.8204031,40.5065399]}},{"type":"Feature","properties":{"poi_id":"OSM_accommodation_9866687776","label":"Kəpəz Otel / Keşlə","name_az":"Kəpəz Otel / Keşlə","thesis_group":"ACCOMMODATION","thesis_subtype":"motel","icon_id":"accommodation_motel","name_quality":"NAMED","rayon":"Bakı şəhəri","rayon_id":"AZE_ADM2_54616110B61947743987915","verification_status":"PROVISIONAL","source_role":"MASTER_GIS","display_rank":2744,"lon":49.907557,"lat":40.399569},"geometry":{"type":"Point","coordinates":[49.9075574,40.399568900000006]}},{"type":"Feature","properties":{"poi_id":"OSM_accommodation_12566286744","label":"Kəpəz İNN Suite","name_az":"Kəpəz İNN Suite","thesis_group":"ACCOMMODATION","thesis_subtype":"hotel","icon_id":"accommodation_hotel","name_quality":"NAMED","rayon":"Göygöl rayonu","rayon_id":"AZE_ADM2_54616110B13615645655589","verification_status":"PROVISIONAL","source_role":"MASTER_GIS","display_rank":2824,"lon":46.32706,"lat":40.415604},"geometry":{"type":"Point","coordinates":[46.3270605,40.415603600000004]}},{"type":"Feature","properties":{"poi_id":"OSM_accommodation_12413403553","label":"Kərimli Motel \\ Bayan","name_az":"Kərimli Motel \\ Bayan","thesis_group":"ACCOMMODATION","thesis_subtype":"motel","icon_id":"accommodation_motel","name_quality":"NAMED","rayon":"Daşkəsən rayonu","rayon_id":"AZE_ADM2_54616110B88384638285498","verification_status":"PROVISIONAL","source_role":"MASTER_GIS","display_rank":2819,"lon":46.137489,"lat":40.548304},"geometry":{"type":"Point","coordinates":[46.137488600000005,40.5483039]}},{"type":"Feature","properties":{"poi_id":"OSM_accommodation_8557948988","label":"Lahıc Forest İstirahət \\ Qaraqaya","name_az":"Lahıc Forest İstirahət \\ Qaraqaya","thesis_group":"ACCOMMODATION","thesis_subtype":"motel","icon_id":"accommodation_motel","name_quality":"NAMED","rayon":"İsmayıllı rayonu","rayon_id":"AZE_ADM2_54616110B45290451128830","verification_status":"PROVISIONAL","source_role":"MASTER_GIS","display_rank":2710,"lon":48.29967,"lat":40.771442},"geometry":{"type":"Point","coordinates":[48.2996696,40.771441800000005]}},{"type":"Feature","properties":{"poi_id":"OSM_accommodation_6771578085","label":"Lahıc Hostel \\ Ərəkit","name_az":"Lahıc Hostel \\ Ərəkit","thesis_group":"ACCOMMODATION","thesis_subtype":"guest_house","icon_id":"accommodation_guesthouse","name_quality":"NAMED","rayon":"İsmayıllı rayonu","rayon_id":"AZE_ADM2_54616110B45290451128830","verification_status":"PROVISIONAL","source_role":"MASTER_GIS","display_rank":2666,"lon":48.391108,"lat":40.8509},"geometry":{"type":"Point","coordinates":[48.391107500000004,40.8508998]}},{"type":"Feature","properties":{"poi_id":"OSM_accommodation_6741998387","label":"Landmark Otelinin Villası \\\\ Nardaran","name_az":"Landmark Otelinin Villası \\\\ Nardaran","thesis_group":"ACCOMMODATION","thesis_subtype":"guest_house","icon_id":"accommodation_guesthouse","name_quality":"NAMED","rayon":"Bakı şəhəri","rayon_id":"AZE_ADM2_54616110B61947743987915","verification_status":"PROVISIONAL","source_role":"MASTER_GIS","display_rank":2665,"lon":49.984126,"lat":40.582111},"geometry":{"type":"Point","coordinates":[49.9841265,40.5821112]}},{"type":"Feature","properties":{"poi_id":"OSM_accommodation_10270043239","label":"Life Hotel Binəqədi","name_az":"Life Hotel Binəqədi","thesis_group":"ACCOMMODATION","thesis_subtype":"hotel","icon_id":"accommodation_hotel","name_quality":"NAMED","rayon":"Bakı şəhəri","rayon_id":"AZE_ADM2_54616110B61947743987915","verification_status":"PROVISIONAL","source_role":"MASTER_GIS","display_rank":2772,"lon":49.799609,"lat":40.462864},"geometry":{"type":"Point","coordinates":[49.799609200000006,40.4628643]}},{"type":"Feature","properties":{"poi_id":"OSM_accommodation_4025902191","label":"Luxe Otel Lənkəran","name_az":"Luxe Otel Lənkəran","thesis_group":"ACCOMMODATION","thesis_subtype":"hotel","icon_id":"accommodation_hotel","name_quality":"NAMED","rayon":"Lənkəran şəhəri","rayon_id":"AZE_ADM2_54616110B92317303093203","verification_status":"PROVISIONAL","source_role":"MASTER_GIS","display_rank":2594,"lon":48.853498,"lat":38.758462},"geometry":{"type":"Point","coordinates":[48.8534985,38.7584625]}},{"type":"Feature","properties":{"poi_id":"OSM_accommodation_6121210798","label":"Ləzzət","name_az":"Ləzzət","thesis_group":"ACCOMMODATION","thesis_subtype":"motel","icon_id":"accommodation_motel","name_quality":"NAMED","rayon":"Gədəbəy rayonu","rayon_id":"AZE_ADM2_54616110B46799199998097","verification_status":"PROVISIONAL","source_role":"MASTER_GIS","display_rank":2656,"lon":45.811491,"lat":40.593631},"geometry":{"type":"Point","coordinates":[45.8114907,40.593631300000006]}},{"type":"Feature","properties":{"poi_id":"OSM_accommodation_4374752490","label":"Ləzzət Restoran Car","name_az":"Ləzzət Restoran Car","thesis_group":"ACCOMMODATION","thesis_subtype":"motel","icon_id":"accommodation_motel","name_quality":"NAMED","rayon":"Zaqatala rayonu","rayon_id":"AZE_ADM2_54616110B4759617374649","verification_status":"PROVISIONAL","source_role":"MASTER_GIS","display_rank":2604,"lon":46.682559,"lat":41.66085},"geometry":{"type":"Point","coordinates":[46.6825586,41.6608503]}},{"type":"Feature","properties":{"poi_id":"OSM_accommodation_9959207117","label":"MF Otel İlisu","name_az":"MF Otel İlisu","thesis_group":"ACCOMMODATION","thesis_subtype":"hotel","icon_id":"accommodation_hotel","name_quality":"NAMED","rayon":"Qax rayonu","rayon_id":"AZE_ADM2_54616110B49356278605879","verification_status":"PROVISIONAL","source_role":"MASTER_GIS","display_rank":2759,"lon":47.024851,"lat":41.457548},"geometry":{"type":"Point","coordinates":[47.0248507,41.4575477]}},{"type":"Feature","properties":{"poi_id":"OSM_accommodation_11288732869","label":"Macara Otel","name_az":"Macara Otel","thesis_group":"ACCOMMODATION","thesis_subtype":"hotel","icon_id":"accommodation_hotel","name_quality":"NAMED","rayon":"Şəki şəhəri","rayon_id":"AZE_ADM2_54616110B24616396985677","verification_status":"PROVISIONAL","source_role":"MASTER_GIS","display_rank":2801,"lon":47.174396,"lat":41.204247},"geometry":{"type":"Point","coordinates":[47.174396300000005,41.2042468]}},{"type":"Feature","properties":{"poi_id":"OSM_accommodation_11246954042","label":"Magic Life İstirahət","name_az":"Magic Life İstirahət","thesis_group":"ACCOMMODATION","thesis_subtype":"motel","icon_id":"accommodation_motel","name_quality":"NAMED","rayon":"Şamaxı rayonu","rayon_id":"AZE_ADM2_54616110B16651088424667","verification_status":"PROVISIONAL","source_role":"MASTER_GIS","display_rank":2798,"lon":48.595641,"lat":40.789356},"geometry":{"type":"Point","coordinates":[48.5956406,40.7893555]}},{"type":"Feature","properties":{"poi_id":"OSM_accommodation_9851340579","label":"Mariana Trench Hotel \\ Mariana Trenç Otel","name_az":"Mariana Trench Hotel \\ Mariana Trenç Otel","thesis_group":"ACCOMMODATION","thesis_subtype":"hotel","icon_id":"accommodation_hotel","name_quality":"NAMED","rayon":"Bakı şəhəri","rayon_id":"AZE_ADM2_54616110B61947743987915","verification_status":"PROVISIONAL","source_role":"MASTER_GIS","display_rank":2740,"lon":49.73905,"lat":40.572883},"geometry":{"type":"Point","coordinates":[49.7390503,40.5728829]}},{"type":"Feature","properties":{"poi_id":"OSM_accommodation_10158953919","label":"Mavi Dağa Hostel","name_az":"Mavi Dağa Hostel","thesis_group":"ACCOMMODATION","thesis_subtype":"motel","icon_id":"accommodation_motel","name_quality":"NAMED","rayon":"Bakı şəhəri","rayon_id":"AZE_ADM2_54616110B61947743987915","verification_status":"PROVISIONAL","source_role":"MASTER_GIS","display_rank":2768,"lon":49.739278,"lat":40.286319},"geometry":{"type":"Point","coordinates":[49.7392782,40.286319400000004]}},{"type":"Feature","properties":{"poi_id":"OSM_accommodation_1642766649","label":"Maşınqayırma Texnikumun Yataqxanası","name_az":"Maşınqayırma Texnikumun Yataqxanası","thesis_group":"ACCOMMODATION","thesis_subtype":"hostel","icon_id":"accommodation_hotel","name_quality":"NAMED","rayon":"Bakı şəhəri","rayon_id":"AZE_ADM2_54616110B61947743987915","verification_status":"PROVISIONAL","source_role":"MASTER_GIS","display_rank":2516,"lon":49.961617,"lat":40.411887},"geometry":{"type":"Point","coordinates":[49.9616173,40.411887]}},{"type":"Feature","properties":{"poi_id":"OSM_accommodation_10215536893","label":"Maşınqayırma Zavodunun Yataqxanası","name_az":"Maşınqayırma Zavodunun Yataqxanası","thesis_group":"ACCOMMODATION","thesis_subtype":"hostel","icon_id":"accommodation_hotel","name_quality":"NAMED","rayon":"Bakı şəhəri","rayon_id":"AZE_ADM2_54616110B61947743987915","verification_status":"PROVISIONAL","source_role":"MASTER_GIS","display_rank":2769,"lon":49.947224,"lat":40.472338},"geometry":{"type":"Point","coordinates":[49.947223900000004,40.4723376]}},{"type":"Feature","properties":{"poi_id":"OSM_accommodation_7908911710","label":"Meh İstirahət Mərkəzi","name_az":"Meh İstirahət Mərkəzi","thesis_group":"ACCOMMODATION","thesis_subtype":"hotel","icon_id":"accommodation_hotel","name_quality":"NAMED","rayon":"Gədəbəy rayonu","rayon_id":"AZE_ADM2_54616110B46799199998097","verification_status":"PROVISIONAL","source_role":"MASTER_GIS","display_rank":2686,"lon":45.819899,"lat":40.664384},"geometry":{"type":"Point","coordinates":[45.8198987,40.6643844]}},{"type":"Feature","properties":{"poi_id":"OSM_accommodation_13682666040","label":"Meysəri Palace","name_az":"Meysəri Palace","thesis_group":"ACCOMMODATION","thesis_subtype":"motel","icon_id":"accommodation_motel","name_quality":"NAMED","rayon":"Şamaxı rayonu","rayon_id":"AZE_ADM2_54616110B16651088424667","verification_status":"PROVISIONAL","source_role":"MASTER_GIS","display_rank":2831,"lon":48.59107,"lat":40.674434},"geometry":{"type":"Point","coordinates":[48.591070200000004,40.6744338]}},{"type":"Feature","properties":{"poi_id":"OSM_accommodation_10939915505","label":"Mir Hotel (Deniz Guest House) \\ Ərəkit","name_az":"Mir Hotel (Deniz Guest House) \\ Ərəkit","thesis_group":"ACCOMMODATION","thesis_subtype":"guest_house","icon_id":"accommodation_guesthouse","name_quality":"NAMED","rayon":"İsmayıllı rayonu","rayon_id":"AZE_ADM2_54616110B45290451128830","verification_status":"PROVISIONAL","source_role":"MASTER_GIS","display_rank":2780,"lon":48.394695,"lat":40.850873},"geometry":{"type":"Point","coordinates":[48.3946953,40.850872700000004]}},{"type":"Feature","properties":{"poi_id":"OSM_accommodation_9837319069","label":"Miracle Hotel və Restoran","name_az":"Miracle Hotel və Restoran","thesis_group":"ACCOMMODATION","thesis_subtype":"hotel","icon_id":"accommodation_hotel","name_quality":"NAMED","rayon":"Bakı şəhəri","rayon_id":"AZE_ADM2_54616110B61947743987915","verification_status":"PROVISIONAL","source_role":"MASTER_GIS","display_rank":2730,"lon":49.859362,"lat":40.569697},"geometry":{"type":"Point","coordinates":[49.859362100000006,40.5696974]}},{"type":"Feature","properties":{"poi_id":"OSM_accommodation_4385807595","label":"Moon group iş sexi","name_az":"Moon group iş sexi","thesis_group":"ACCOMMODATION","thesis_subtype":"guest_house","icon_id":"accommodation_guesthouse","name_quality":"NAMED","rayon":"Bakı şəhəri","rayon_id":"AZE_ADM2_54616110B61947743987915","verification_status":"PROVISIONAL","source_role":"MASTER_GIS","display_rank":2605,"lon":49.817617,"lat":40.413391},"geometry":{"type":"Point","coordinates":[49.8176171,40.413391000000004]}},{"type":"Feature","properties":{"poi_id":"OSM_accommodation_4664146790","label":"Motel Avtovağzal","name_az":"Motel Avtovağzal","thesis_group":"ACCOMMODATION","thesis_subtype":"motel","icon_id":"accommodation_motel","name_quality":"NAMED","rayon":"Yevlax rayonu","rayon_id":"AZE_ADM2_54616110B52362464060400","verification_status":"PROVISIONAL","source_role":"MASTER_GIS","display_rank":2621,"lon":47.085023,"lat":40.756406},"geometry":{"type":"Point","coordinates":[47.0850226,40.7564064]}},{"type":"Feature","properties":{"poi_id":"OSM_accommodation_9847051784","label":"Motel Bilgəh / Cumeyra","name_az":"Motel Bilgəh / Cumeyra","thesis_group":"ACCOMMODATION","thesis_subtype":"motel","icon_id":"accommodation_motel","name_quality":"NAMED","rayon":"Bakı şəhəri","rayon_id":"AZE_ADM2_54616110B61947743987915","verification_status":"PROVISIONAL","source_role":"MASTER_GIS","display_rank":2738,"lon":50.060673,"lat":40.57554},"geometry":{"type":"Point","coordinates":[50.060672600000004,40.5755396]}},{"type":"Feature","properties":{"poi_id":"OSM_accommodation_10000489128","label":"Motel Qırmızı Körpü","name_az":"Motel Qırmızı Körpü","thesis_group":"ACCOMMODATION","thesis_subtype":"motel","icon_id":"accommodation_motel","name_quality":"NAMED","rayon":"Qazax rayonu","rayon_id":"AZE_ADM2_54616110B43488292017990","verification_status":"PROVISIONAL","source_role":"MASTER_GIS","display_rank":2761,"lon":45.078405,"lat":41.326567},"geometry":{"type":"Point","coordinates":[45.078405100000005,41.3265666]}},{"type":"Feature","properties":{"poi_id":"OSM_accommodation_8796472708","label":"Motel \\ Qasbinə","name_az":"Motel \\ Qasbinə","thesis_group":"ACCOMMODATION","thesis_subtype":"motel","icon_id":"accommodation_motel","name_quality":"NAMED","rayon":"Balakən rayonu","rayon_id":"AZE_ADM2_54616110B63924922129682","verification_status":"PROVISIONAL","source_role":"MASTER_GIS","display_rank":2716,"lon":46.424753,"lat":41.711694},"geometry":{"type":"Point","coordinates":[46.424753200000005,41.711693600000004]}},{"type":"Feature","properties":{"poi_id":"OSM_accommodation_9812871104","label":"Mugham Old City Hotel","thesis_group":"ACCOMMODATION","thesis_subtype":"hotel","icon_id":"accommodation_hotel","name_quality":"NAMED","rayon":"Bakı şəhəri","rayon_id":"AZE_ADM2_54616110B61947743987915","verification_status":"PROVISIONAL","source_role":"MASTER_GIS","display_rank":5750,"lon":49.836862,"lat":40.365613},"geometry":{"type":"Point","coordinates":[49.8368624,40.365613]}},{"type":"Feature","properties":{"poi_id":"OSM_accommodation_7571399915","label":"Mustafa müəllimin evi","name_az":"Mustafa müəllimin evi","thesis_group":"ACCOMMODATION","thesis_subtype":"guest_house","icon_id":"accommodation_guesthouse","name_quality":"NAMED","rayon":"Abşeron rayonu","rayon_id":"AZE_ADM2_54616110B88432173472444","verification_status":"PROVISIONAL","source_role":"MASTER_GIS","display_rank":2670,"lon":49.714902,"lat":40.403632},"geometry":{"type":"Point","coordinates":[49.714902300000006,40.4036315]}},{"type":"Feature","properties":{"poi_id":"OSM_accommodation_12068851059","label":"Mədinə Otel","name_az":"Mədinə Otel","thesis_group":"ACCOMMODATION","thesis_subtype":"guest_house","icon_id":"accommodation_guesthouse","name_quality":"NAMED","rayon":"Ağstafa rayonu","rayon_id":"AZE_ADM2_54616110B36354954300290","verification_status":"PROVISIONAL","source_role":"MASTER_GIS","display_rank":2810,"lon":45.435367,"lat":41.110966},"geometry":{"type":"Point","coordinates":[45.435366800000004,41.1109663]}},{"type":"Feature","properties":{"poi_id":"OSM_accommodation_3042960126","label":"Mədəni-Maarif Texnikumunun yataqxanası","name_az":"Mədəni-Maarif Texnikumunun yataqxanası","thesis_group":"ACCOMMODATION","thesis_subtype":"motel","icon_id":"accommodation_motel","name_quality":"NAMED","rayon":"Bakı şəhəri","rayon_id":"AZE_ADM2_54616110B61947743987915","verification_status":"PROVISIONAL","source_role":"MASTER_GIS","display_rank":2566,"lon":49.845844,"lat":40.420406},"geometry":{"type":"Point","coordinates":[49.845843800000004,40.4204062]}},{"type":"Feature","properties":{"poi_id":"OSM_accommodation_6008070090","label":"Məkan Motel","name_az":"Məkan Motel","thesis_group":"ACCOMMODATION","thesis_subtype":"guest_house","icon_id":"accommodation_guesthouse","name_quality":"NAMED","rayon":"Şəki şəhəri","rayon_id":"AZE_ADM2_54616110B24616396985677","verification_status":"PROVISIONAL","source_role":"MASTER_GIS","display_rank":2654,"lon":47.180306,"lat":41.228755},"geometry":{"type":"Point","coordinates":[47.180305600000004,41.2287551]}},{"type":"Feature","properties":{"poi_id":"OSM_accommodation_4469429990","label":"Məktəbdən kənar Təhsil","name_az":"Məktəbdən kənar Təhsil","thesis_group":"ACCOMMODATION","thesis_subtype":"camp_site","icon_id":"accommodation_camping","name_quality":"NAMED","rayon":"Sumqayıt şəhəri","rayon_id":"AZE_ADM2_54616110B75219613739908","verification_status":"PROVISIONAL","source_role":"MASTER_GIS","display_rank":2614,"lon":49.686999,"lat":40.579643},"geometry":{"type":"Point","coordinates":[49.686999,40.579642500000006]}},{"type":"Feature","properties":{"poi_id":"OSM_accommodation_9896126922","label":"Naberejnaya Hotel / Bayıl","name_az":"Naberejnaya Hotel / Bayıl","thesis_group":"ACCOMMODATION","thesis_subtype":"hotel","icon_id":"accommodation_hotel","name_quality":"NAMED","rayon":"Bakı şəhəri","rayon_id":"AZE_ADM2_54616110B61947743987915","verification_status":"PROVISIONAL","source_role":"MASTER_GIS","display_rank":2748,"lon":49.832584,"lat":40.338326},"geometry":{"type":"Point","coordinates":[49.8325843,40.3383258]}},{"type":"Feature","properties":{"poi_id":"OSM_accommodation_6863184356","label":"Naftalan Otel;Naftalan Diaqnostika və Müalicə Mərkəzi","name_az":"Naftalan Otel;Naftalan Diaqnostika və Müalicə Mərkəzi","thesis_group":"ACCOMMODATION","thesis_subtype":"hotel","icon_id":"accommodation_hotel","name_quality":"NAMED","rayon":"Goranboy rayonu","rayon_id":"AZE_ADM2_54616110B75141866412524","verification_status":"PROVISIONAL","source_role":"MASTER_GIS","display_rank":2667,"lon":46.820504,"lat":40.498526},"geometry":{"type":"Point","coordinates":[46.820503800000004,40.4985262]}},{"type":"Feature","properties":{"poi_id":"OSM_accommodation_5781988939","label":"Narzan İstirahət Mərkəzi","name_az":"Narzan İstirahət Mərkəzi","thesis_group":"ACCOMMODATION","thesis_subtype":"motel","icon_id":"accommodation_motel","name_quality":"NAMED","rayon":"Gədəbəy rayonu","rayon_id":"AZE_ADM2_54616110B46799199998097","verification_status":"PROVISIONAL","source_role":"MASTER_GIS","display_rank":2643,"lon":45.781411,"lat":40.650886},"geometry":{"type":"Point","coordinates":[45.7814106,40.6508862]}},{"type":"Feature","properties":{"poi_id":"OSM_accommodation_7995441146","label":"Narın Qala Şəki","name_az":"Narın Qala Şəki","thesis_group":"ACCOMMODATION","thesis_subtype":"motel","icon_id":"accommodation_motel","name_quality":"NAMED","rayon":"Şəki rayonu","rayon_id":"AZE_ADM2_54616110B25010354244926","verification_status":"PROVISIONAL","source_role":"MASTER_GIS","display_rank":2696,"lon":47.218692,"lat":41.25726},"geometry":{"type":"Point","coordinates":[47.2186925,41.2572599]}},{"type":"Feature","properties":{"poi_id":"OSM_accommodation_1798205997","label":"Nazlı Bulaq Hotel","name_az":"Nazlı Bulaq Hotel","thesis_group":"ACCOMMODATION","thesis_subtype":"hotel","icon_id":"accommodation_hotel","name_quality":"NAMED","rayon":"Quba rayonu","rayon_id":"AZE_ADM2_54616110B77048085748362","verification_status":"PROVISIONAL","source_role":"MASTER_GIS","display_rank":2518,"lon":48.316081,"lat":41.246465},"geometry":{"type":"Point","coordinates":[48.3160807,41.2464652]}},{"type":"Feature","properties":{"poi_id":"OSM_accommodation_9902680721","label":"Neft Qaz Çıxarma Yataqxanası","name_az":"Neft Qaz Çıxarma Yataqxanası","thesis_group":"ACCOMMODATION","thesis_subtype":"guest_house","icon_id":"accommodation_guesthouse","name_quality":"NAMED","rayon":"Bakı şəhəri","rayon_id":"AZE_ADM2_54616110B61947743987915","verification_status":"PROVISIONAL","source_role":"MASTER_GIS","display_rank":2750,"lon":49.809493,"lat":40.341462},"geometry":{"type":"Point","coordinates":[49.809493100000005,40.341462]}},{"type":"Feature","properties":{"poi_id":"OSM_accommodation_3605172838","label":"New City - Nyu Siti \\ Yeni Bakı YK Masazır","name_az":"New City - Nyu Siti \\ Yeni Bakı YK Masazır","thesis_group":"ACCOMMODATION","thesis_subtype":"hotel","icon_id":"accommodation_hotel","name_quality":"NAMED","rayon":"Abşeron rayonu","rayon_id":"AZE_ADM2_54616110B88432173472444","verification_status":"PROVISIONAL","source_role":"MASTER_GIS","display_rank":2585,"lon":49.754278,"lat":40.489652},"geometry":{"type":"Point","coordinates":[49.7542777,40.489651800000004]}},{"type":"Feature","properties":{"poi_id":"OSM_accommodation_12133715883","label":"Nur Əsma Motel","name_az":"Nur Əsma Motel","thesis_group":"ACCOMMODATION","thesis_subtype":"motel","icon_id":"accommodation_motel","name_quality":"NAMED","rayon":"Qazax rayonu","rayon_id":"AZE_ADM2_54616110B43488292017990","verification_status":"PROVISIONAL","source_role":"MASTER_GIS","display_rank":2813,"lon":45.338837,"lat":41.083935},"geometry":{"type":"Point","coordinates":[45.3388368,41.083934500000005]}},{"type":"Feature","properties":{"poi_id":"OSM_accommodation_5876041984","label":"Nəsiboğlu Otel Ağstafa","name_az":"Nəsiboğlu Otel Ağstafa","thesis_group":"ACCOMMODATION","thesis_subtype":"hotel","icon_id":"accommodation_hotel","name_quality":"NAMED","rayon":"Ağstafa rayonu","rayon_id":"AZE_ADM2_54616110B36354954300290","verification_status":"PROVISIONAL","source_role":"MASTER_GIS","display_rank":2647,"lon":45.450518,"lat":41.114331},"geometry":{"type":"Point","coordinates":[45.450518,41.1143311]}},{"type":"Feature","properties":{"poi_id":"OSM_accommodation_7943057414","label":"Old Oğuz hostel","name_az":"Old Oğuz hostel","thesis_group":"ACCOMMODATION","thesis_subtype":"hostel","icon_id":"accommodation_hotel","name_quality":"NAMED","rayon":"Oğuz rayonu","rayon_id":"AZE_ADM2_54616110B99657283459996","verification_status":"PROVISIONAL","source_role":"MASTER_GIS","display_rank":2689,"lon":47.466283,"lat":41.074494},"geometry":{"type":"Point","coordinates":[47.466283100000005,41.0744945]}},{"type":"Feature","properties":{"poi_id":"OSM_accommodation_5071551125","label":"Oscar Hotel","thesis_group":"ACCOMMODATION","thesis_subtype":"hotel","icon_id":"accommodation_hotel","name_quality":"NAMED","rayon":"Quba rayonu","rayon_id":"AZE_ADM2_54616110B77048085748362","verification_status":"PROVISIONAL","source_role":"MASTER_GIS","display_rank":5609,"lon":48.526757,"lat":41.362115},"geometry":{"type":"Point","coordinates":[48.526757,41.3621149]}},{"type":"Feature","properties":{"poi_id":"OSM_accommodation_5183626922","label":"Osmanlı Motel","name_az":"Osmanlı Motel","thesis_group":"ACCOMMODATION","thesis_subtype":"motel","icon_id":"accommodation_motel","name_quality":"NAMED","rayon":"Mingəçevir şəhəri","rayon_id":"AZE_ADM2_54616110B16521863868797","verification_status":"PROVISIONAL","source_role":"MASTER_GIS","display_rank":2635,"lon":47.040106,"lat":40.771679},"geometry":{"type":"Point","coordinates":[47.040105700000005,40.771678800000004]}},{"type":"Feature","properties":{"poi_id":"OSM_accommodation_7787725705","label":"Otel Avtovağzal","name_az":"Otel Avtovağzal","thesis_group":"ACCOMMODATION","thesis_subtype":"motel","icon_id":"accommodation_motel","name_quality":"NAMED","rayon":"Şamaxı rayonu","rayon_id":"AZE_ADM2_54616110B16651088424667","verification_status":"PROVISIONAL","source_role":"MASTER_GIS","display_rank":2675,"lon":48.654636,"lat":40.622103},"geometry":{"type":"Point","coordinates":[48.6546359,40.622102500000004]}},{"type":"Feature","properties":{"poi_id":"OSM_accommodation_8765779193","label":"Otel Ağsu","name_az":"Otel Ağsu","thesis_group":"ACCOMMODATION","thesis_subtype":"hotel","icon_id":"accommodation_hotel","name_quality":"NAMED","rayon":"Ağsu rayonu","rayon_id":"AZE_ADM2_54616110B12323901372431","verification_status":"PROVISIONAL","source_role":"MASTER_GIS","display_rank":2715,"lon":48.398635,"lat":40.567832},"geometry":{"type":"Point","coordinates":[48.3986351,40.567832100000004]}},{"type":"Feature","properties":{"poi_id":"OSM_accommodation_12426866128","label":"Otel Daşkəsən","name_az":"Otel Daşkəsən","thesis_group":"ACCOMMODATION","thesis_subtype":"hotel","icon_id":"accommodation_hotel","name_quality":"NAMED","rayon":"Daşkəsən rayonu","rayon_id":"AZE_ADM2_54616110B88384638285498","verification_status":"PROVISIONAL","source_role":"MASTER_GIS","display_rank":2820,"lon":46.083617,"lat":40.520997},"geometry":{"type":"Point","coordinates":[46.083616500000005,40.520997]}},{"type":"Feature","properties":{"poi_id":"OSM_accommodation_5615047239","label":"Otel \\ Poladlı","name_az":"Otel \\ Poladlı","thesis_group":"ACCOMMODATION","thesis_subtype":"hotel","icon_id":"accommodation_hotel","name_quality":"NAMED","rayon":"Gədəbəy rayonu","rayon_id":"AZE_ADM2_54616110B46799199998097","verification_status":"PROVISIONAL","source_role":"MASTER_GIS","display_rank":2640,"lon":45.65462,"lat":40.569492},"geometry":{"type":"Point","coordinates":[45.6546199,40.5694923]}},{"type":"Feature","properties":{"poi_id":"OSM_accommodation_7774166033","label":"Otel \\ Ərəkit","name_az":"Otel \\ Ərəkit","thesis_group":"ACCOMMODATION","thesis_subtype":"hotel","icon_id":"accommodation_hotel","name_quality":"NAMED","rayon":"İsmayıllı rayonu","rayon_id":"AZE_ADM2_54616110B45290451128830","verification_status":"PROVISIONAL","source_role":"MASTER_GIS","display_rank":2674,"lon":48.38855,"lat":40.851248},"geometry":{"type":"Point","coordinates":[48.38855,40.851248000000005]}},{"type":"Feature","properties":{"poi_id":"OSM_accommodation_4084801877","label":"Otel Şafran","name_az":"Otel Şafran","thesis_group":"ACCOMMODATION","thesis_subtype":"hotel","icon_id":"accommodation_hotel","name_quality":"NAMED","rayon":"Bakı şəhəri","rayon_id":"AZE_ADM2_54616110B61947743987915","verification_status":"PROVISIONAL","source_role":"MASTER_GIS","display_rank":2596,"lon":49.84095,"lat":40.403299},"geometry":{"type":"Point","coordinates":[49.84095000000001,40.403299100000005]}},{"type":"Feature","properties":{"poi_id":"OSM_accommodation_4570163992","label":"Oğuz Otel","name_az":"Oğuz Otel","thesis_group":"ACCOMMODATION","thesis_subtype":"motel","icon_id":"accommodation_motel","name_quality":"NAMED","rayon":"Oğuz rayonu","rayon_id":"AZE_ADM2_54616110B99657283459996","verification_status":"PROVISIONAL","source_role":"MASTER_GIS","display_rank":2620,"lon":47.465601,"lat":41.070451},"geometry":{"type":"Point","coordinates":[47.4656012,41.0704514]}},{"type":"Feature","properties":{"poi_id":"OSM_accommodation_4441356396","label":"PIK Palace Şahdağ","name_az":"PIK Palace Şahdağ","thesis_group":"ACCOMMODATION","thesis_subtype":"hotel","icon_id":"accommodation_hotel","name_quality":"NAMED","rayon":"Qusar rayonu","rayon_id":"AZE_ADM2_54616110B21517829058101","verification_status":"PROVISIONAL","source_role":"MASTER_GIS","display_rank":2612,"lon":48.135081,"lat":41.319164},"geometry":{"type":"Point","coordinates":[48.135081,41.3191641]}},{"type":"Feature","properties":{"poi_id":"OSM_accommodation_9845310163","label":"Parlament Otel / Bilgəh","name_az":"Parlament Otel / Bilgəh","thesis_group":"ACCOMMODATION","thesis_subtype":"hotel","icon_id":"accommodation_hotel","name_quality":"NAMED","rayon":"Bakı şəhəri","rayon_id":"AZE_ADM2_54616110B61947743987915","verification_status":"PROVISIONAL","source_role":"MASTER_GIS","display_rank":2732,"lon":50.07659,"lat":40.564628},"geometry":{"type":"Point","coordinates":[50.076590200000005,40.5646281]}},{"type":"Feature","properties":{"poi_id":"OSM_accommodation_12377012659","label":"Plankənd Motel","name_az":"Plankənd Motel","thesis_group":"ACCOMMODATION","thesis_subtype":"motel","icon_id":"accommodation_motel","name_quality":"NAMED","rayon":"Gədəbəy rayonu","rayon_id":"AZE_ADM2_54616110B46799199998097","verification_status":"PROVISIONAL","source_role":"MASTER_GIS","display_rank":2818,"lon":45.753568,"lat":40.49905},"geometry":{"type":"Point","coordinates":[45.753568,40.4990504]}},{"type":"Feature","properties":{"poi_id":"OSM_accommodation_4107001889","label":"Premier Expo Hotel, Ağa Neymətulla küç.","name_az":"Premier Expo Hotel, Ağa Neymətulla küç.","thesis_group":"ACCOMMODATION","thesis_subtype":"hotel","icon_id":"accommodation_hotel","name_quality":"NAMED","rayon":"Bakı şəhəri","rayon_id":"AZE_ADM2_54616110B61947743987915","verification_status":"PROVISIONAL","source_role":"MASTER_GIS","display_rank":2597,"lon":49.877897,"lat":40.397675},"geometry":{"type":"Point","coordinates":[49.8778973,40.3976746]}},{"type":"Feature","properties":{"poi_id":"OSM_accommodation_9845310162","label":"Premyer Otel / Bilgəh","name_az":"Premyer Otel / Bilgəh","thesis_group":"ACCOMMODATION","thesis_subtype":"hotel","icon_id":"accommodation_hotel","name_quality":"NAMED","rayon":"Bakı şəhəri","rayon_id":"AZE_ADM2_54616110B61947743987915","verification_status":"PROVISIONAL","source_role":"MASTER_GIS","display_rank":2731,"lon":50.07486,"lat":40.566248},"geometry":{"type":"Point","coordinates":[50.0748602,40.5662479]}},{"type":"Feature","properties":{"poi_id":"OSM_accommodation_3610528012","label":"Qafqaz Bakı Sport otel","name_az":"Qafqaz Bakı Sport otel","thesis_group":"ACCOMMODATION","thesis_subtype":"hotel","icon_id":"accommodation_hotel","name_quality":"NAMED","rayon":"Bakı şəhəri","rayon_id":"AZE_ADM2_54616110B61947743987915","verification_status":"PROVISIONAL","source_role":"MASTER_GIS","display_rank":2586,"lon":49.880619,"lat":40.380625},"geometry":{"type":"Point","coordinates":[49.880619300000006,40.3806254]}},{"type":"Feature","properties":{"poi_id":"OSM_accommodation_3029488781","label":"Qafqaz Park \\ Heydər Əliyev Mərkəzi","name_az":"Qafqaz Park \\ Heydər Əliyev Mərkəzi","thesis_group":"ACCOMMODATION","thesis_subtype":"hotel","icon_id":"accommodation_hotel","name_quality":"NAMED","rayon":"Bakı şəhəri","rayon_id":"AZE_ADM2_54616110B61947743987915","verification_status":"PROVISIONAL","source_role":"MASTER_GIS","display_rank":2563,"lon":49.864235,"lat":40.392483},"geometry":{"type":"Point","coordinates":[49.8642349,40.392482900000005]}},{"type":"Feature","properties":{"poi_id":"OSM_accommodation_3111225863","label":"Qafqaz Riverside Hotel Tufan Dağ Xizək","name_az":"Qafqaz Riverside Hotel Tufan Dağ Xizək","thesis_group":"ACCOMMODATION","thesis_subtype":"hotel","icon_id":"accommodation_hotel","name_quality":"NAMED","rayon":"Qəbələ rayonu","rayon_id":"AZE_ADM2_54616110B33746839775993","verification_status":"PROVISIONAL","source_role":"MASTER_GIS","display_rank":2567,"lon":47.882607,"lat":41.005422},"geometry":{"type":"Point","coordinates":[47.882607300000004,41.0054217]}},{"type":"Feature","properties":{"poi_id":"OSM_accommodation_11782365169","label":"Qala Hostel Ganja","thesis_group":"ACCOMMODATION","thesis_subtype":"hostel","icon_id":"accommodation_hotel","name_quality":"NAMED","rayon":"Gəncə şəhəri","rayon_id":"AZE_ADM2_54616110B84154267491992","verification_status":"PROVISIONAL","source_role":"MASTER_GIS","display_rank":5863,"lon":46.36638,"lat":40.679371},"geometry":{"type":"Point","coordinates":[46.366380400000004,40.679370500000005]}},{"type":"Feature","properties":{"poi_id":"OSM_accommodation_10981309680","label":"Qarabağ Otel","name_az":"Qarabağ Otel","thesis_group":"ACCOMMODATION","thesis_subtype":"hotel","icon_id":"accommodation_hotel","name_quality":"NAMED","rayon":"Ağcabədi rayonu","rayon_id":"AZE_ADM2_54616110B84161876100413","verification_status":"PROVISIONAL","source_role":"MASTER_GIS","display_rank":2781,"lon":47.45197,"lat":40.032472},"geometry":{"type":"Point","coordinates":[47.451969500000004,40.0324716]}},{"type":"Feature","properties":{"poi_id":"OSM_accommodation_4678591090","label":"Qarabağ Resort Otel","name_az":"Qarabağ Resort Otel","thesis_group":"ACCOMMODATION","thesis_subtype":"hotel","icon_id":"accommodation_hotel","name_quality":"NAMED","rayon":"Goranboy rayonu","rayon_id":"AZE_ADM2_54616110B75141866412524","verification_status":"PROVISIONAL","source_role":"MASTER_GIS","display_rank":2623,"lon":46.822018,"lat":40.50313},"geometry":{"type":"Point","coordinates":[46.822017800000005,40.5031296]}},{"type":"Feature","properties":{"poi_id":"OSM_accommodation_13838922301","label":"Qarqar yaylağı","name_az":"Qarqar yaylağı","thesis_group":"ACCOMMODATION","thesis_subtype":"camp_site","icon_id":"accommodation_camping","name_quality":"NAMED","rayon":"Quba rayonu","rayon_id":"AZE_ADM2_54616110B77048085748362","verification_status":"PROVISIONAL","source_role":"MASTER_GIS","display_rank":2837,"lon":48.122537,"lat":41.076583},"geometry":{"type":"Point","coordinates":[48.122537,41.0765832]}},{"type":"Feature","properties":{"poi_id":"OSM_accommodation_2945652889","label":"Qaçqın Yataqxanası","name_az":"Qaçqın Yataqxanası","thesis_group":"ACCOMMODATION","thesis_subtype":"hostel","icon_id":"accommodation_hotel","name_quality":"NAMED","rayon":"Bakı şəhəri","rayon_id":"AZE_ADM2_54616110B61947743987915","verification_status":"PROVISIONAL","source_role":"MASTER_GIS","display_rank":2551,"lon":49.752457,"lat":40.572455},"geometry":{"type":"Point","coordinates":[49.7524571,40.572455000000005]}},{"type":"Feature","properties":{"poi_id":"OSM_accommodation_12826480843","label":"Qaşaltı Rixos Naftalan","name_az":"Qaşaltı Rixos Naftalan","thesis_group":"ACCOMMODATION","thesis_subtype":"hotel","icon_id":"accommodation_hotel","name_quality":"NAMED","rayon":"Goranboy rayonu","rayon_id":"AZE_ADM2_54616110B75141866412524","verification_status":"PROVISIONAL","source_role":"MASTER_GIS","display_rank":2827,"lon":46.814584,"lat":40.496434},"geometry":{"type":"Point","coordinates":[46.814584100000005,40.4964336]}},{"type":"Feature","properties":{"poi_id":"OSM_accommodation_4974026028","label":"Qonaq Evi","name_az":"Qonaq Evi","thesis_group":"ACCOMMODATION","thesis_subtype":"guest_house","icon_id":"accommodation_guesthouse","name_quality":"NAMED","rayon":"Qax rayonu","rayon_id":"AZE_ADM2_54616110B49356278605879","verification_status":"PROVISIONAL","source_role":"MASTER_GIS","display_rank":2631,"lon":47.038952,"lat":41.384493},"geometry":{"type":"Point","coordinates":[47.038952200000004,41.3844927]}},{"type":"Feature","properties":{"poi_id":"OSM_accommodation_9920311117","label":"Qonaq Evi Bilgəh","name_az":"Qonaq Evi Bilgəh","thesis_group":"ACCOMMODATION","thesis_subtype":"guest_house","icon_id":"accommodation_guesthouse","name_quality":"NAMED","rayon":"Bakı şəhəri","rayon_id":"AZE_ADM2_54616110B61947743987915","verification_status":"PROVISIONAL","source_role":"MASTER_GIS","display_rank":2754,"lon":50.041345,"lat":40.584043},"geometry":{"type":"Point","coordinates":[50.0413446,40.5840432]}},{"type":"Feature","properties":{"poi_id":"OSM_accommodation_7791117487","label":"Qonaq Evi \\ Kristal Abşeron Xırdalan","name_az":"Qonaq Evi \\ Kristal Abşeron Xırdalan","thesis_group":"ACCOMMODATION","thesis_subtype":"guest_house","icon_id":"accommodation_guesthouse","name_quality":"NAMED","rayon":"Bakı şəhəri","rayon_id":"AZE_ADM2_54616110B61947743987915","verification_status":"PROVISIONAL","source_role":"MASTER_GIS","display_rank":2677,"lon":49.749446,"lat":40.44686},"geometry":{"type":"Point","coordinates":[49.749445900000005,40.4468595]}},{"type":"Feature","properties":{"poi_id":"OSM_accommodation_5021888222","label":"Qonaq Evi \\ Yenikənd Quba","name_az":"Qonaq Evi \\ Yenikənd Quba","thesis_group":"ACCOMMODATION","thesis_subtype":"guest_house","icon_id":"accommodation_guesthouse","name_quality":"NAMED","rayon":"Quba rayonu","rayon_id":"AZE_ADM2_54616110B77048085748362","verification_status":"PROVISIONAL","source_role":"MASTER_GIS","display_rank":2632,"lon":48.427693,"lat":41.278234},"geometry":{"type":"Point","coordinates":[48.4276927,41.278234100000006]}},{"type":"Feature","properties":{"poi_id":"OSM_accommodation_7985800278","label":"Qonaq Evi Şah İsmayıl","name_az":"Qonaq Evi Şah İsmayıl","thesis_group":"ACCOMMODATION","thesis_subtype":"hotel","icon_id":"accommodation_hotel","name_quality":"NAMED","rayon":"Şəki şəhəri","rayon_id":"AZE_ADM2_54616110B24616396985677","verification_status":"PROVISIONAL","source_role":"MASTER_GIS","display_rank":2694,"lon":47.175561,"lat":41.200369},"geometry":{"type":"Point","coordinates":[47.1755611,41.200368600000004]}},{"type":"Feature","properties":{"poi_id":"OSM_accommodation_7801391985","label":"Qoruq çimərlik","name_az":"Qoruq çimərlik","thesis_group":"ACCOMMODATION","thesis_subtype":"camp_site","icon_id":"accommodation_camping","name_quality":"NAMED","rayon":"Qax rayonu","rayon_id":"AZE_ADM2_54616110B49356278605879","verification_status":"PROVISIONAL","source_role":"MASTER_GIS","display_rank":2678,"lon":46.691798,"lat":41.392544},"geometry":{"type":"Point","coordinates":[46.6917978,41.3925435]}},{"type":"Feature","properties":{"poi_id":"OSM_accommodation_3298027368","label":"Qrand Naxçıvan Oteli","name_az":"Qrand Naxçıvan Oteli","thesis_group":"ACCOMMODATION","thesis_subtype":"hotel","icon_id":"accommodation_hotel","name_quality":"NAMED","rayon":"Naxçıvan şəhəri","rayon_id":"AZE_ADM2_54616110B79262118902245","verification_status":"PROVISIONAL","source_role":"MASTER_GIS","display_rank":2568,"lon":45.416205,"lat":39.199512},"geometry":{"type":"Point","coordinates":[45.4162046,39.199511900000005]}},{"type":"Feature","properties":{"poi_id":"OSM_accommodation_7601352885","label":"Qrinland Otel Xalxal \\\\ Oğuz","name_az":"Qrinland Otel Xalxal \\\\ Oğuz","thesis_group":"ACCOMMODATION","thesis_subtype":"hotel","icon_id":"accommodation_hotel","name_quality":"NAMED","rayon":"Oğuz rayonu","rayon_id":"AZE_ADM2_54616110B99657283459996","verification_status":"PROVISIONAL","source_role":"MASTER_GIS","display_rank":2671,"lon":47.548109,"lat":41.095962},"geometry":{"type":"Point","coordinates":[47.5481094,41.095962]}},{"type":"Feature","properties":{"poi_id":"OSM_accommodation_7891201408","label":"Qubek Otel Balakən","name_az":"Qubek Otel Balakən","thesis_group":"ACCOMMODATION","thesis_subtype":"hotel","icon_id":"accommodation_hotel","name_quality":"NAMED","rayon":"Balakən rayonu","rayon_id":"AZE_ADM2_54616110B63924922129682","verification_status":"PROVISIONAL","source_role":"MASTER_GIS","display_rank":2684,"lon":46.418682,"lat":41.720091},"geometry":{"type":"Point","coordinates":[46.418682000000004,41.720090600000006]}},{"type":"Feature","properties":{"poi_id":"OSM_accommodation_10000462299","label":"Qırmızı Körpü Motel","name_az":"Qırmızı Körpü Motel","thesis_group":"ACCOMMODATION","thesis_subtype":"motel","icon_id":"accommodation_motel","name_quality":"NAMED","rayon":"Qazax rayonu","rayon_id":"AZE_ADM2_54616110B43488292017990","verification_status":"PROVISIONAL","source_role":"MASTER_GIS","display_rank":2760,"lon":45.077584,"lat":41.328538},"geometry":{"type":"Point","coordinates":[45.0775845,41.3285378]}},{"type":"Feature","properties":{"poi_id":"OSM_accommodation_3034051297","label":"Qız Qalası Otel","name_az":"Qız Qalası Otel","thesis_group":"ACCOMMODATION","thesis_subtype":"hotel","icon_id":"accommodation_hotel","name_quality":"NAMED","rayon":"Bakı şəhəri","rayon_id":"AZE_ADM2_54616110B61947743987915","verification_status":"PROVISIONAL","source_role":"MASTER_GIS","display_rank":2564,"lon":49.8343,"lat":40.36516},"geometry":{"type":"Point","coordinates":[49.834300000000006,40.3651604]}},{"type":"Feature","properties":{"poi_id":"OSM_accommodation_9216847231","label":"Qızıl Otel","name_az":"Qızıl Otel","thesis_group":"ACCOMMODATION","thesis_subtype":"hotel","icon_id":"accommodation_hotel","name_quality":"NAMED","rayon":"Ağdaş rayonu","rayon_id":"AZE_ADM2_54616110B75800990015815","verification_status":"PROVISIONAL","source_role":"MASTER_GIS","display_rank":2720,"lon":47.474603,"lat":40.645671},"geometry":{"type":"Point","coordinates":[47.4746034,40.645671400000005]}},{"type":"Feature","properties":{"poi_id":"OSM_accommodation_3755459952","label":"Qızıl Tac","name_az":"Qızıl Tac","thesis_group":"ACCOMMODATION","thesis_subtype":"hotel","icon_id":"accommodation_hotel","name_quality":"NAMED","rayon":"Lənkəran şəhəri","rayon_id":"AZE_ADM2_54616110B92317303093203","verification_status":"PROVISIONAL","source_role":"MASTER_GIS","display_rank":2589,"lon":48.852657,"lat":38.75312},"geometry":{"type":"Point","coordinates":[48.852656800000005,38.753119600000005]}},{"type":"Feature","properties":{"poi_id":"OSM_accommodation_6185842754","label":"Qızılgazma motel","name_az":"Qızılgazma motel","thesis_group":"ACCOMMODATION","thesis_subtype":"motel","icon_id":"accommodation_motel","name_quality":"NAMED","rayon":"Xızı rayonu","rayon_id":"AZE_ADM2_54616110B97026515433008","verification_status":"PROVISIONAL","source_role":"MASTER_GIS","display_rank":2657,"lon":48.991134,"lat":40.88101},"geometry":{"type":"Point","coordinates":[48.9911344,40.88101]}},{"type":"Feature","properties":{"poi_id":"OSM_accommodation_7829903395","label":"Qəbələ City Otel","name_az":"Qəbələ City Otel","thesis_group":"ACCOMMODATION","thesis_subtype":"hotel","icon_id":"accommodation_hotel","name_quality":"NAMED","rayon":"Qəbələ rayonu","rayon_id":"AZE_ADM2_54616110B33746839775993","verification_status":"PROVISIONAL","source_role":"MASTER_GIS","display_rank":2683,"lon":47.843182,"lat":40.976265},"geometry":{"type":"Point","coordinates":[47.8431818,40.9762653]}},{"type":"Feature","properties":{"poi_id":"OSM_accommodation_811391214","label":"Qəbələ Otel","name_az":"Qəbələ Otel","thesis_group":"ACCOMMODATION","thesis_subtype":"hotel","icon_id":"accommodation_hotel","name_quality":"NAMED","rayon":"Qəbələ rayonu","rayon_id":"AZE_ADM2_54616110B33746839775993","verification_status":"PROVISIONAL","source_role":"MASTER_GIS","display_rank":2511,"lon":47.850163,"lat":40.980274},"geometry":{"type":"Point","coordinates":[47.8501634,40.980274400000006]}},{"type":"Feature","properties":{"poi_id":"OSM_accommodation_12068851067","label":"Qərb Motel","name_az":"Qərb Motel","thesis_group":"ACCOMMODATION","thesis_subtype":"motel","icon_id":"accommodation_motel","name_quality":"NAMED","rayon":"Ağstafa rayonu","rayon_id":"AZE_ADM2_54616110B36354954300290","verification_status":"PROVISIONAL","source_role":"MASTER_GIS","display_rank":2811,"lon":45.435411,"lat":41.11444},"geometry":{"type":"Point","coordinates":[45.435411,41.1144401]}},{"type":"Feature","properties":{"poi_id":"OSM_accommodation_8815683556","label":"Rasimin Bağı","name_az":"Rasimin Bağı","thesis_group":"ACCOMMODATION","thesis_subtype":"chalet","icon_id":"accommodation_hotel","name_quality":"NAMED","rayon":"Abşeron rayonu","rayon_id":"AZE_ADM2_54616110B88432173472444","verification_status":"PROVISIONAL","source_role":"MASTER_GIS","display_rank":2718,"lon":49.73198,"lat":40.562622},"geometry":{"type":"Point","coordinates":[49.73198,40.562622000000005]}},{"type":"Feature","properties":{"poi_id":"OSM_accommodation_6469067987","label":"Rauf Homestay","thesis_group":"ACCOMMODATION","thesis_subtype":"guest_house","icon_id":"accommodation_guesthouse","name_quality":"NAMED","rayon":"Quba rayonu","rayon_id":"AZE_ADM2_54616110B77048085748362","verification_status":"PROVISIONAL","source_role":"MASTER_GIS","display_rank":5660,"lon":48.12799,"lat":41.177084},"geometry":{"type":"Point","coordinates":[48.127990200000006,41.1770839]}},{"type":"Feature","properties":{"poi_id":"OSM_accommodation_9895970208","label":"Renessans Hotel / Bayıl","name_az":"Renessans Hotel / Bayıl","thesis_group":"ACCOMMODATION","thesis_subtype":"hotel","icon_id":"accommodation_hotel","name_quality":"NAMED","rayon":"Bakı şəhəri","rayon_id":"AZE_ADM2_54616110B61947743987915","verification_status":"PROVISIONAL","source_role":"MASTER_GIS","display_rank":2747,"lon":49.830402,"lat":40.335948},"geometry":{"type":"Point","coordinates":[49.8304023,40.3359481]}},{"type":"Feature","properties":{"poi_id":"OSM_accommodation_10558959109","label":"Reqsl İnn Otel","name_az":"Reqsl İnn Otel","thesis_group":"ACCOMMODATION","thesis_subtype":"hotel","icon_id":"accommodation_hotel","name_quality":"NAMED","rayon":"Bakı şəhəri","rayon_id":"AZE_ADM2_54616110B61947743987915","verification_status":"PROVISIONAL","source_role":"MASTER_GIS","display_rank":2773,"lon":49.810447,"lat":40.34932},"geometry":{"type":"Point","coordinates":[49.8104468,40.3493204]}},{"type":"Feature","properties":{"poi_id":"OSM_accommodation_9896126923","label":"Restart Hotel / Bayıl","name_az":"Restart Hotel / Bayıl","thesis_group":"ACCOMMODATION","thesis_subtype":"hotel","icon_id":"accommodation_hotel","name_quality":"NAMED","rayon":"Bakı şəhəri","rayon_id":"AZE_ADM2_54616110B61947743987915","verification_status":"PROVISIONAL","source_role":"MASTER_GIS","display_rank":2749,"lon":49.833243,"lat":40.338402},"geometry":{"type":"Point","coordinates":[49.8332427,40.3384015]}},{"type":"Feature","properties":{"poi_id":"OSM_accommodation_9847051655","label":"Retro Qonaq Evi \\\\ Bilgəh","name_az":"Retro Qonaq Evi \\\\ Bilgəh","thesis_group":"ACCOMMODATION","thesis_subtype":"motel","icon_id":"accommodation_motel","name_quality":"NAMED","rayon":"Bakı şəhəri","rayon_id":"AZE_ADM2_54616110B61947743987915","verification_status":"PROVISIONAL","source_role":"MASTER_GIS","display_rank":2737,"lon":50.06404,"lat":40.586704},"geometry":{"type":"Point","coordinates":[50.0640401,40.5867039]}},{"type":"Feature","properties":{"poi_id":"OSM_accommodation_13764459374","label":"Ruh Açarı","name_az":"Ruh Açarı","thesis_group":"ACCOMMODATION","thesis_subtype":"guest_house","icon_id":"accommodation_guesthouse","name_quality":"NAMED","rayon":"Şəki rayonu","rayon_id":"AZE_ADM2_54616110B25010354244926","verification_status":"PROVISIONAL","source_role":"MASTER_GIS","display_rank":2835,"lon":47.193907,"lat":41.248865},"geometry":{"type":"Point","coordinates":[47.1939068,41.248864700000006]}},{"type":"Feature","properties":{"poi_id":"OSM_accommodation_4418022294","label":"Rövşən ev","name_az":"Rövşən ev","thesis_group":"ACCOMMODATION","thesis_subtype":"guest_house","icon_id":"accommodation_guesthouse","name_quality":"NAMED","rayon":"Bakı şəhəri","rayon_id":"AZE_ADM2_54616110B61947743987915","verification_status":"PROVISIONAL","source_role":"MASTER_GIS","display_rank":2609,"lon":49.723595,"lat":40.44994},"geometry":{"type":"Point","coordinates":[49.723594500000004,40.4499402]}},{"type":"Feature","properties":{"poi_id":"OSM_accommodation_8000732285","label":"Rəsul Qonaq Evi / Hənifə","name_az":"Rəsul Qonaq Evi / Hənifə","thesis_group":"ACCOMMODATION","thesis_subtype":"guest_house","icon_id":"accommodation_guesthouse","name_quality":"NAMED","rayon":"Balakən rayonu","rayon_id":"AZE_ADM2_54616110B63924922129682","verification_status":"PROVISIONAL","source_role":"MASTER_GIS","display_rank":2699,"lon":46.379679,"lat":41.68794},"geometry":{"type":"Point","coordinates":[46.3796787,41.6879402]}},{"type":"Feature","properties":{"poi_id":"OSM_accommodation_3587359708","label":"Rəşad","name_az":"Rəşad","thesis_group":"ACCOMMODATION","thesis_subtype":"guest_house","icon_id":"accommodation_guesthouse","name_quality":"NAMED","rayon":"Xaçmaz rayonu","rayon_id":"AZE_ADM2_54616110B89497242950609","verification_status":"PROVISIONAL","source_role":"MASTER_GIS","display_rank":2578,"lon":48.790117,"lat":41.450824},"geometry":{"type":"Point","coordinates":[48.7901169,41.450824100000006]}},{"type":"Feature","properties":{"poi_id":"OSM_accommodation_2947705972","label":"SOCAR Şıx","name_az":"SOCAR Şıx","thesis_group":"ACCOMMODATION","thesis_subtype":"motel","icon_id":"accommodation_motel","name_quality":"NAMED","rayon":"Bakı şəhəri","rayon_id":"AZE_ADM2_54616110B61947743987915","verification_status":"PROVISIONAL","source_role":"MASTER_GIS","display_rank":2556,"lon":49.777378,"lat":40.30593},"geometry":{"type":"Point","coordinates":[49.777377900000005,40.3059304]}},{"type":"Feature","properties":{"poi_id":"OSM_accommodation_8603632374","label":"Sadiq Çingizoğlu Motel","name_az":"Sadiq Çingizoğlu Motel","thesis_group":"ACCOMMODATION","thesis_subtype":"motel","icon_id":"accommodation_motel","name_quality":"NAMED","rayon":"Göyçay rayonu","rayon_id":"AZE_ADM2_54616110B88730523237575","verification_status":"PROVISIONAL","source_role":"MASTER_GIS","display_rank":2713,"lon":47.751905,"lat":40.635414},"geometry":{"type":"Point","coordinates":[47.7519049,40.6354136]}},{"type":"Feature","properties":{"poi_id":"OSM_accommodation_10739770590","label":"Sahil Turist Bazası","name_az":"Sahil Turist Bazası","thesis_group":"ACCOMMODATION","thesis_subtype":"motel","icon_id":"accommodation_motel","name_quality":"NAMED","rayon":"Bakı şəhəri","rayon_id":"AZE_ADM2_54616110B61947743987915","verification_status":"PROVISIONAL","source_role":"MASTER_GIS","display_rank":2777,"lon":50.154791,"lat":40.505383},"geometry":{"type":"Point","coordinates":[50.15479130000001,40.5053831]}},{"type":"Feature","properties":{"poi_id":"OSM_accommodation_4418671200","label":"Sakit Göl","name_az":"Sakit Göl","thesis_group":"ACCOMMODATION","thesis_subtype":"hotel","icon_id":"accommodation_hotel","name_quality":"NAMED","rayon":"Ağsu rayonu","rayon_id":"AZE_ADM2_54616110B12323901372431","verification_status":"PROVISIONAL","source_role":"MASTER_GIS","display_rank":2610,"lon":48.474664,"lat":40.647471},"geometry":{"type":"Point","coordinates":[48.4746644,40.647471]}},{"type":"Feature","properties":{"poi_id":"OSM_accommodation_4237580793","label":"Sakit Göl Otel","name_az":"Sakit Göl Otel","thesis_group":"ACCOMMODATION","thesis_subtype":"hotel","icon_id":"accommodation_hotel","name_quality":"NAMED","rayon":"Ağsu rayonu","rayon_id":"AZE_ADM2_54616110B12323901372431","verification_status":"PROVISIONAL","source_role":"MASTER_GIS","display_rank":2598,"lon":48.468328,"lat":40.647904},"geometry":{"type":"Point","coordinates":[48.468327800000004,40.647904100000005]}},{"type":"Feature","properties":{"poi_id":"OSM_accommodation_5267578821","label":"Samur","thesis_group":"ACCOMMODATION","thesis_subtype":"hotel","icon_id":"accommodation_hotel","name_quality":"NAMED","rayon":"Qusar rayonu","rayon_id":"AZE_ADM2_54616110B21517829058101","verification_status":"PROVISIONAL","source_role":"MASTER_GIS","display_rank":5618,"lon":48.402548,"lat":41.643081},"geometry":{"type":"Point","coordinates":[48.4025485,41.643081200000005]}},{"type":"Feature","properties":{"poi_id":"OSM_accommodation_8462238878","label":"Sanatoriya Yengicə","name_az":"Sanatoriya Yengicə","thesis_group":"ACCOMMODATION","thesis_subtype":"hotel","icon_id":"accommodation_hotel","name_quality":"NAMED","rayon":"Qəbələ rayonu","rayon_id":"AZE_ADM2_54616110B33746839775993","verification_status":"PROVISIONAL","source_role":"MASTER_GIS","display_rank":2708,"lon":47.85703,"lat":40.878386},"geometry":{"type":"Point","coordinates":[47.85703,40.8783855]}},{"type":"Feature","properties":{"poi_id":"OSM_accommodation_10647220727","label":"Sapfir Zağulba Otel","name_az":"Sapfir Zağulba Otel","thesis_group":"ACCOMMODATION","thesis_subtype":"hotel","icon_id":"accommodation_hotel","name_quality":"NAMED","rayon":"Bakı şəhəri","rayon_id":"AZE_ADM2_54616110B61947743987915","verification_status":"PROVISIONAL","source_role":"MASTER_GIS","display_rank":2774,"lon":50.100269,"lat":40.527842},"geometry":{"type":"Point","coordinates":[50.1002687,40.5278423]}},{"type":"Feature","properties":{"poi_id":"OSM_accommodation_8339326994","label":"Shahnazar Adventure Campsite","thesis_group":"ACCOMMODATION","thesis_subtype":"camp_site","icon_id":"accommodation_camping","name_quality":"NAMED","rayon":"Qubadlı rayonu","rayon_id":"AZE_ADM2_54616110B66639423042347","verification_status":"PROVISIONAL","source_role":"MASTER_GIS","display_rank":5701,"lon":46.42989,"lat":39.481571},"geometry":{"type":"Point","coordinates":[46.42989,39.4815709]}},{"type":"Feature","properties":{"poi_id":"OSM_accommodation_2626892544","label":"Sintezkauçuk Yataqxanası","name_az":"Sintezkauçuk Yataqxanası","thesis_group":"ACCOMMODATION","thesis_subtype":"hostel","icon_id":"accommodation_hotel","name_quality":"NAMED","rayon":"Sumqayıt şəhəri","rayon_id":"AZE_ADM2_54616110B75219613739908","verification_status":"PROVISIONAL","source_role":"MASTER_GIS","display_rank":2525,"lon":49.663896,"lat":40.601595},"geometry":{"type":"Point","coordinates":[49.663896300000005,40.6015947]}},{"type":"Feature","properties":{"poi_id":"OSM_accommodation_9851190106","label":"Su Səsi Motel Sumqayıt","name_az":"Su Səsi Motel Sumqayıt","thesis_group":"ACCOMMODATION","thesis_subtype":"motel","icon_id":"accommodation_motel","name_quality":"NAMED","rayon":"Abşeron rayonu","rayon_id":"AZE_ADM2_54616110B88432173472444","verification_status":"PROVISIONAL","source_role":"MASTER_GIS","display_rank":2739,"lon":49.719787,"lat":40.575037},"geometry":{"type":"Point","coordinates":[49.7197867,40.5750374]}},{"type":"Feature","properties":{"poi_id":"OSM_accommodation_3026683084","label":"Sumqayıt Mehmanxanası","name_az":"Sumqayıt Mehmanxanası","thesis_group":"ACCOMMODATION","thesis_subtype":"guest_house","icon_id":"accommodation_guesthouse","name_quality":"NAMED","rayon":"Sumqayıt şəhəri","rayon_id":"AZE_ADM2_54616110B75219613739908","verification_status":"PROVISIONAL","source_role":"MASTER_GIS","display_rank":2562,"lon":49.675784,"lat":40.596119},"geometry":{"type":"Point","coordinates":[49.6757836,40.5961194]}},{"type":"Feature","properties":{"poi_id":"OSM_accommodation_11584822539","label":"Sumqayıt Plaza","name_az":"Sumqayıt Plaza","thesis_group":"ACCOMMODATION","thesis_subtype":"hotel","icon_id":"accommodation_hotel","name_quality":"NAMED","rayon":"Sumqayıt şəhəri","rayon_id":"AZE_ADM2_54616110B75219613739908","verification_status":"PROVISIONAL","source_role":"MASTER_GIS","display_rank":2807,"lon":49.666078,"lat":40.585726},"geometry":{"type":"Point","coordinates":[49.6660781,40.5857261]}},{"type":"Feature","properties":{"poi_id":"OSM_accommodation_2945652890","label":"Sunset Novxanı \\ Sanset","name_az":"Sunset Novxanı \\ Sanset","thesis_group":"ACCOMMODATION","thesis_subtype":"hotel","icon_id":"accommodation_hotel","name_quality":"NAMED","rayon":"Bakı şəhəri","rayon_id":"AZE_ADM2_54616110B61947743987915","verification_status":"PROVISIONAL","source_role":"MASTER_GIS","display_rank":2552,"lon":49.76216,"lat":40.573785},"geometry":{"type":"Point","coordinates":[49.762160300000005,40.5737846]}},{"type":"Feature","properties":{"poi_id":"OSM_accommodation_10243018956","label":"Sülh Plaza Sumqayıt","name_az":"Sülh Plaza Sumqayıt","thesis_group":"ACCOMMODATION","thesis_subtype":"hotel","icon_id":"accommodation_hotel","name_quality":"NAMED","rayon":"Sumqayıt şəhəri","rayon_id":"AZE_ADM2_54616110B75219613739908","verification_status":"PROVISIONAL","source_role":"MASTER_GIS","display_rank":2770,"lon":49.66497,"lat":40.585258},"geometry":{"type":"Point","coordinates":[49.6649703,40.5852577]}},{"type":"Feature","properties":{"poi_id":"OSM_accommodation_5442661331","label":"Səbail İnn Hotel","name_az":"Səbail İnn Hotel","thesis_group":"ACCOMMODATION","thesis_subtype":"hotel","icon_id":"accommodation_hotel","name_quality":"NAMED","rayon":"Bakı şəhəri","rayon_id":"AZE_ADM2_54616110B61947743987915","verification_status":"PROVISIONAL","source_role":"MASTER_GIS","display_rank":2638,"lon":49.809984,"lat":40.345945},"geometry":{"type":"Point","coordinates":[49.809983700000004,40.345945400000005]}},{"type":"Feature","properties":{"poi_id":"OSM_accommodation_13857339648","label":"Sədəf","name_az":"Sədəf","thesis_group":"ACCOMMODATION","thesis_subtype":"hotel","icon_id":"accommodation_hotel","name_quality":"NAMED","rayon":"Xocalı rayonu","rayon_id":"AZE_ADM2_54616110B87325868620163","verification_status":"PROVISIONAL","source_role":"MASTER_GIS","display_rank":2839,"lon":46.754149,"lat":39.825345},"geometry":{"type":"Point","coordinates":[46.7541487,39.8253447]}},{"type":"Feature","properties":{"poi_id":"OSM_accommodation_5431900321","label":"Səhayət kempinq istirahət zonası","name_az":"Səhayət kempinq istirahət zonası","thesis_group":"ACCOMMODATION","thesis_subtype":"camp_site","icon_id":"accommodation_camping","name_quality":"NAMED","rayon":"Şamaxı rayonu","rayon_id":"AZE_ADM2_54616110B16651088424667","verification_status":"PROVISIONAL","source_role":"MASTER_GIS","display_rank":2637,"lon":48.560336,"lat":40.789354},"geometry":{"type":"Point","coordinates":[48.5603363,40.7893544]}},{"type":"Feature","properties":{"poi_id":"OSM_accommodation_9951543882","label":"Səma Motel","name_az":"Səma Motel","thesis_group":"ACCOMMODATION","thesis_subtype":"motel","icon_id":"accommodation_motel","name_quality":"NAMED","rayon":"Şəki şəhəri","rayon_id":"AZE_ADM2_54616110B24616396985677","verification_status":"PROVISIONAL","source_role":"MASTER_GIS","display_rank":2757,"lon":47.164055,"lat":41.193353},"geometry":{"type":"Point","coordinates":[47.164054500000006,41.193353200000004]}},{"type":"Feature","properties":{"poi_id":"OSM_accommodation_4569458490","label":"Səma Otel","name_az":"Səma Otel","thesis_group":"ACCOMMODATION","thesis_subtype":"hotel","icon_id":"accommodation_hotel","name_quality":"NAMED","rayon":"Oğuz rayonu","rayon_id":"AZE_ADM2_54616110B99657283459996","verification_status":"PROVISIONAL","source_role":"MASTER_GIS","display_rank":2619,"lon":47.462192,"lat":41.059731},"geometry":{"type":"Point","coordinates":[47.462192200000004,41.059731]}},{"type":"Feature","properties":{"poi_id":"OSM_accommodation_9469496937","label":"Səməni Motel","name_az":"Səməni Motel","thesis_group":"ACCOMMODATION","thesis_subtype":"motel","icon_id":"accommodation_motel","name_quality":"NAMED","rayon":"Mingəçevir şəhəri","rayon_id":"AZE_ADM2_54616110B16521863868797","verification_status":"PROVISIONAL","source_role":"MASTER_GIS","display_rank":2723,"lon":47.035322,"lat":40.763316},"geometry":{"type":"Point","coordinates":[47.0353219,40.763316200000006]}},{"type":"Feature","properties":{"poi_id":"OSM_accommodation_13823935501","label":"Səngər yaylağı","name_az":"Səngər yaylağı","thesis_group":"ACCOMMODATION","thesis_subtype":"camp_site","icon_id":"accommodation_camping","name_quality":"NAMED","rayon":"İsmayıllı rayonu","rayon_id":"AZE_ADM2_54616110B45290451128830","verification_status":"PROVISIONAL","source_role":"MASTER_GIS","display_rank":2836,"lon":48.058792,"lat":41.014562},"geometry":{"type":"Point","coordinates":[48.0587919,41.0145621]}},{"type":"Feature","properties":{"poi_id":"OSM_accommodation_10059405919","label":"Sərhəd Qoşunları Yataqxanası","name_az":"Sərhəd Qoşunları Yataqxanası","thesis_group":"ACCOMMODATION","thesis_subtype":"hotel","icon_id":"accommodation_hotel","name_quality":"NAMED","rayon":"Bakı şəhəri","rayon_id":"AZE_ADM2_54616110B61947743987915","verification_status":"PROVISIONAL","source_role":"MASTER_GIS","display_rank":2764,"lon":49.955354,"lat":40.42868},"geometry":{"type":"Point","coordinates":[49.9553543,40.4286801]}},{"type":"Feature","properties":{"poi_id":"OSM_accommodation_11492547506","label":"Sərxan Otel","name_az":"Sərxan Otel","thesis_group":"ACCOMMODATION","thesis_subtype":"hotel","icon_id":"accommodation_hotel","name_quality":"NAMED","rayon":"Şəmkir rayonu","rayon_id":"AZE_ADM2_54616110B57585842497805","verification_status":"PROVISIONAL","source_role":"MASTER_GIS","display_rank":2806,"lon":46.028244,"lat":40.840817},"geometry":{"type":"Point","coordinates":[46.0282436,40.8408169]}},{"type":"Feature","properties":{"poi_id":"OSM_accommodation_5871104185","label":"TERRAS","thesis_group":"ACCOMMODATION","thesis_subtype":"hotel","icon_id":"accommodation_hotel","name_quality":"NAMED","rayon":"Quba rayonu","rayon_id":"AZE_ADM2_54616110B77048085748362","verification_status":"PROVISIONAL","source_role":"MASTER_GIS","display_rank":5637,"lon":48.484158,"lat":41.35742},"geometry":{"type":"Point","coordinates":[48.484157700000004,41.357419900000004]}},{"type":"Feature","properties":{"poi_id":"OSM_accommodation_8171550251","label":"Tala Çay Otel","name_az":"Tala Çay Otel","thesis_group":"ACCOMMODATION","thesis_subtype":"hotel","icon_id":"accommodation_hotel","name_quality":"NAMED","rayon":"Zaqatala rayonu","rayon_id":"AZE_ADM2_54616110B4759617374649","verification_status":"PROVISIONAL","source_role":"MASTER_GIS","display_rank":2702,"lon":46.653906,"lat":41.625877},"geometry":{"type":"Point","coordinates":[46.653906400000004,41.6258769]}},{"type":"Feature","properties":{"poi_id":"OSM_accommodation_9957571413","label":"Taleh Kirayə Ev","name_az":"Taleh Kirayə Ev","thesis_group":"ACCOMMODATION","thesis_subtype":"guest_house","icon_id":"accommodation_guesthouse","name_quality":"NAMED","rayon":"Qax rayonu","rayon_id":"AZE_ADM2_54616110B49356278605879","verification_status":"PROVISIONAL","source_role":"MASTER_GIS","display_rank":2758,"lon":47.064762,"lat":41.46793},"geometry":{"type":"Point","coordinates":[47.0647618,41.467930300000006]}},{"type":"Feature","properties":{"poi_id":"OSM_accommodation_9845866818","label":"Talıstan Palace","name_az":"Talıstan Palace","thesis_group":"ACCOMMODATION","thesis_subtype":"hotel","icon_id":"accommodation_hotel","name_quality":"NAMED","rayon":"İsmayıllı rayonu","rayon_id":"AZE_ADM2_54616110B45290451128830","verification_status":"PROVISIONAL","source_role":"MASTER_GIS","display_rank":2736,"lon":48.208809,"lat":40.804754},"geometry":{"type":"Point","coordinates":[48.208809,40.804754200000005]}},{"type":"Feature","properties":{"poi_id":"OSM_accommodation_7803926571","label":"Talıstan otel","name_az":"Talıstan otel","thesis_group":"ACCOMMODATION","thesis_subtype":"hotel","icon_id":"accommodation_hotel","name_quality":"NAMED","rayon":"İsmayıllı rayonu","rayon_id":"AZE_ADM2_54616110B45290451128830","verification_status":"PROVISIONAL","source_role":"MASTER_GIS","display_rank":2680,"lon":48.167332,"lat":40.795712},"geometry":{"type":"Point","coordinates":[48.1673321,40.7957115]}},{"type":"Feature","properties":{"poi_id":"OSM_accommodation_6734213785","label":"Tikinti materialları dəmir","name_az":"Tikinti materialları dəmir","thesis_group":"ACCOMMODATION","thesis_subtype":"hotel","icon_id":"accommodation_hotel","name_quality":"NAMED","rayon":"Bakı şəhəri","rayon_id":"AZE_ADM2_54616110B61947743987915","verification_status":"PROVISIONAL","source_role":"MASTER_GIS","display_rank":2664,"lon":49.892595,"lat":40.430569},"geometry":{"type":"Point","coordinates":[49.8925951,40.4305686]}},{"type":"Feature","properties":{"poi_id":"OSM_accommodation_3298027369","label":"Toğrul Oteli","name_az":"Toğrul Oteli","thesis_group":"ACCOMMODATION","thesis_subtype":"hotel","icon_id":"accommodation_hotel","name_quality":"NAMED","rayon":"Naxçıvan şəhəri","rayon_id":"AZE_ADM2_54616110B79262118902245","verification_status":"PROVISIONAL","source_role":"MASTER_GIS","display_rank":2569,"lon":45.423738,"lat":39.192851},"geometry":{"type":"Point","coordinates":[45.423738,39.192851000000005]}},{"type":"Feature","properties":{"poi_id":"OSM_accommodation_4478364290","label":"Tufan Dağ Xizək - Durca","name_az":"Tufan Dağ Xizək - Durca","thesis_group":"ACCOMMODATION","thesis_subtype":"hotel","icon_id":"accommodation_hotel","name_quality":"NAMED","rayon":"Qəbələ rayonu","rayon_id":"AZE_ADM2_54616110B33746839775993","verification_status":"PROVISIONAL","source_role":"MASTER_GIS","display_rank":2615,"lon":47.888232,"lat":41.033035},"geometry":{"type":"Point","coordinates":[47.8882325,41.0330353]}},{"type":"Feature","properties":{"poi_id":"OSM_accommodation_8450645145","label":"Turab Kirayə Ev","name_az":"Turab Kirayə Ev","thesis_group":"ACCOMMODATION","thesis_subtype":"guest_house","icon_id":"accommodation_guesthouse","name_quality":"NAMED","rayon":"Qəbələ rayonu","rayon_id":"AZE_ADM2_54616110B33746839775993","verification_status":"PROVISIONAL","source_role":"MASTER_GIS","display_rank":2706,"lon":47.942737,"lat":40.941434},"geometry":{"type":"Point","coordinates":[47.942737300000005,40.9414339]}},{"type":"Feature","properties":{"poi_id":"OSM_accommodation_10096288397","label":"Türkan Sahili Motel","name_az":"Türkan Sahili Motel","thesis_group":"ACCOMMODATION","thesis_subtype":"motel","icon_id":"accommodation_motel","name_quality":"NAMED","rayon":"Bakı şəhəri","rayon_id":"AZE_ADM2_54616110B61947743987915","verification_status":"PROVISIONAL","source_role":"MASTER_GIS","display_rank":2766,"lon":50.134472,"lat":40.367633},"geometry":{"type":"Point","coordinates":[50.134472200000005,40.3676331]}},{"type":"Feature","properties":{"poi_id":"OSM_accommodation_11236612624","label":"Türkan V Otel","name_az":"Türkan V Otel","thesis_group":"ACCOMMODATION","thesis_subtype":"hotel","icon_id":"accommodation_hotel","name_quality":"NAMED","rayon":"Yevlax şəhəri","rayon_id":"AZE_ADM2_54616110B78344971255813","verification_status":"PROVISIONAL","source_role":"MASTER_GIS","display_rank":2797,"lon":47.167885,"lat":40.596802},"geometry":{"type":"Point","coordinates":[47.1678847,40.5968022]}},{"type":"Feature","properties":{"poi_id":"OSM_accommodation_12950347500","label":"Təbəssüm Motel","name_az":"Təbəssüm Motel","thesis_group":"ACCOMMODATION","thesis_subtype":"motel","icon_id":"accommodation_motel","name_quality":"NAMED","rayon":"Hacıqabul rayonu","rayon_id":"AZE_ADM2_54616110B48173541517146","verification_status":"PROVISIONAL","source_role":"MASTER_GIS","display_rank":2828,"lon":48.959599,"lat":39.965464},"geometry":{"type":"Point","coordinates":[48.959599000000004,39.965464100000005]}},{"type":"Feature","properties":{"poi_id":"OSM_accommodation_11146935990","label":"Tələbə Yataqxanası","name_az":"Tələbə Yataqxanası","thesis_group":"ACCOMMODATION","thesis_subtype":"hostel","icon_id":"accommodation_hotel","name_quality":"NAMED","rayon":"Bakı şəhəri","rayon_id":"AZE_ADM2_54616110B61947743987915","verification_status":"PROVISIONAL","source_role":"MASTER_GIS","display_rank":2791,"lon":49.668103,"lat":40.47007},"geometry":{"type":"Point","coordinates":[49.668103200000004,40.4700697]}},{"type":"Feature","properties":{"poi_id":"OSM_accommodation_4341144093","label":"Ulduz Istirahet Merkezi (XDMX)","thesis_group":"ACCOMMODATION","thesis_subtype":"hotel","icon_id":"accommodation_hotel","name_quality":"NAMED","rayon":"Xaçmaz rayonu","rayon_id":"AZE_ADM2_54616110B89497242950609","verification_status":"PROVISIONAL","source_role":"MASTER_GIS","display_rank":5568,"lon":48.735756,"lat":41.710303},"geometry":{"type":"Point","coordinates":[48.735756,41.710303]}},{"type":"Feature","properties":{"poi_id":"OSM_accommodation_9949942425","label":"Ulu Dağ Hotel","name_az":"Ulu Dağ Hotel","thesis_group":"ACCOMMODATION","thesis_subtype":"hotel","icon_id":"accommodation_hotel","name_quality":"NAMED","rayon":"Qax rayonu","rayon_id":"AZE_ADM2_54616110B49356278605879","verification_status":"PROVISIONAL","source_role":"MASTER_GIS","display_rank":2755,"lon":47.070875,"lat":41.463847},"geometry":{"type":"Point","coordinates":[47.0708746,41.463846600000004]}},{"type":"Feature","properties":{"poi_id":"OSM_accommodation_5301889921","label":"Universitet yataqxanası","name_az":"Universitet yataqxanası","thesis_group":"ACCOMMODATION","thesis_subtype":"hostel","icon_id":"accommodation_hotel","name_quality":"NAMED","rayon":"Şəmkir rayonu","rayon_id":"AZE_ADM2_54616110B57585842497805","verification_status":"PROVISIONAL","source_role":"MASTER_GIS","display_rank":2636,"lon":46.038115,"lat":40.862259},"geometry":{"type":"Point","coordinates":[46.0381146,40.862258700000005]}},{"type":"Feature","properties":{"poi_id":"OSM_accommodation_6451267885","label":"Uğur Otel Restoran","name_az":"Uğur Otel Restoran","thesis_group":"ACCOMMODATION","thesis_subtype":"motel","icon_id":"accommodation_motel","name_quality":"NAMED","rayon":"Xaçmaz rayonu","rayon_id":"AZE_ADM2_54616110B89497242950609","verification_status":"PROVISIONAL","source_role":"MASTER_GIS","display_rank":2661,"lon":48.702808,"lat":41.755933},"geometry":{"type":"Point","coordinates":[48.702808000000005,41.755932800000004]}},{"type":"Feature","properties":{"poi_id":"OSM_accommodation_7955930891","label":"Uğur motel","name_az":"Uğur motel","thesis_group":"ACCOMMODATION","thesis_subtype":"motel","icon_id":"accommodation_motel","name_quality":"NAMED","rayon":"Kürdəmir rayonu","rayon_id":"AZE_ADM2_54616110B82810927503709","verification_status":"PROVISIONAL","source_role":"MASTER_GIS","display_rank":2690,"lon":48.215379,"lat":40.317545},"geometry":{"type":"Point","coordinates":[48.2153786,40.3175447]}},{"type":"Feature","properties":{"poi_id":"OSM_accommodation_9341703609","label":"Vağzal Otel Mehmanxana","name_az":"Vağzal Otel Mehmanxana","thesis_group":"ACCOMMODATION","thesis_subtype":"hotel","icon_id":"accommodation_hotel","name_quality":"NAMED","rayon":"Yevlax şəhəri","rayon_id":"AZE_ADM2_54616110B78344971255813","verification_status":"PROVISIONAL","source_role":"MASTER_GIS","display_rank":2721,"lon":47.150378,"lat":40.619138},"geometry":{"type":"Point","coordinates":[47.1503779,40.6191382]}},{"type":"Feature","properties":{"poi_id":"OSM_accommodation_1182746361","label":"Visitor Center","thesis_group":"ACCOMMODATION","thesis_subtype":"hostel","icon_id":"accommodation_hotel","name_quality":"NAMED","rayon":"Samux rayonu","rayon_id":"AZE_ADM2_54616110B65018719015844","verification_status":"PROVISIONAL","source_role":"MASTER_GIS","display_rank":5449,"lon":46.646205,"lat":41.11175},"geometry":{"type":"Point","coordinates":[46.6462048,41.11175]}},{"type":"Feature","properties":{"poi_id":"OSM_accommodation_None","label":"VİP motel","name_az":"VİP motel","thesis_group":"ACCOMMODATION","thesis_subtype":"motel","icon_id":"accommodation_motel","name_quality":"NAMED","rayon":"Babək rayonu","rayon_id":"AZE_ADM2_54616110B53070579367508","verification_status":"PROVISIONAL","source_role":"MASTER_GIS","display_rank":2844,"lon":45.447896,"lat":39.189414},"geometry":{"type":"Point","coordinates":[45.447895900000006,39.1894139]}},{"type":"Feature","properties":{"poi_id":"OSM_accommodation_8450645143","label":"Vəndam Qonaq Evi","name_az":"Vəndam Qonaq Evi","thesis_group":"ACCOMMODATION","thesis_subtype":"guest_house","icon_id":"accommodation_guesthouse","name_quality":"NAMED","rayon":"Qəbələ rayonu","rayon_id":"AZE_ADM2_54616110B33746839775993","verification_status":"PROVISIONAL","source_role":"MASTER_GIS","display_rank":2705,"lon":47.93888,"lat":40.942477},"geometry":{"type":"Point","coordinates":[47.9388803,40.9424773]}},{"type":"Feature","properties":{"poi_id":"OSM_accommodation_5178049426","label":"Vətən Motel","name_az":"Vətən Motel","thesis_group":"ACCOMMODATION","thesis_subtype":"motel","icon_id":"accommodation_motel","name_quality":"NAMED","rayon":"Mingəçevir şəhəri","rayon_id":"AZE_ADM2_54616110B16521863868797","verification_status":"PROVISIONAL","source_role":"MASTER_GIS","display_rank":2634,"lon":47.011596,"lat":40.766808},"geometry":{"type":"Point","coordinates":[47.011596000000004,40.7668083]}},{"type":"Feature","properties":{"poi_id":"OSM_accommodation_11225511609","label":"Wyndham Garden Baku \\ Koroğlu Dairəsi","name_az":"Wyndham Garden Baku \\ Koroğlu Dairəsi","thesis_group":"ACCOMMODATION","thesis_subtype":"hotel","icon_id":"accommodation_hotel","name_quality":"NAMED","rayon":"Bakı şəhəri","rayon_id":"AZE_ADM2_54616110B61947743987915","verification_status":"PROVISIONAL","source_role":"MASTER_GIS","display_rank":2796,"lon":49.923327,"lat":40.413118},"geometry":{"type":"Point","coordinates":[49.923327400000005,40.4131182]}},{"type":"Feature","properties":{"poi_id":"OSM_accommodation_11077588564","label":"Xarı Bülbül Otel","name_az":"Xarı Bülbül Otel","thesis_group":"ACCOMMODATION","thesis_subtype":"hotel","icon_id":"accommodation_hotel","name_quality":"NAMED","rayon":"Qusar rayonu","rayon_id":"AZE_ADM2_54616110B21517829058101","verification_status":"PROVISIONAL","source_role":"MASTER_GIS","display_rank":2789,"lon":48.403621,"lat":41.411478},"geometry":{"type":"Point","coordinates":[48.403621300000005,41.411477700000006]}},{"type":"Feature","properties":{"poi_id":"OSM_accommodation_7722167005","label":"Xaçmaz Otel","name_az":"Xaçmaz Otel","thesis_group":"ACCOMMODATION","thesis_subtype":"hotel","icon_id":"accommodation_hotel","name_quality":"NAMED","rayon":"Xaçmaz rayonu","rayon_id":"AZE_ADM2_54616110B89497242950609","verification_status":"PROVISIONAL","source_role":"MASTER_GIS","display_rank":2672,"lon":48.803724,"lat":41.466717},"geometry":{"type":"Point","coordinates":[48.8037238,41.4667168]}},{"type":"Feature","properties":{"poi_id":"OSM_accommodation_11488870298","label":"Xocaland Ailəvi Restoranı","name_az":"Xocaland Ailəvi Restoranı","thesis_group":"ACCOMMODATION","thesis_subtype":"hotel","icon_id":"accommodation_hotel","name_quality":"NAMED","rayon":"Xocalı rayonu","rayon_id":"AZE_ADM2_54616110B87325868620163","verification_status":"PROVISIONAL","source_role":"MASTER_GIS","display_rank":2805,"lon":46.806962,"lat":39.910071},"geometry":{"type":"Point","coordinates":[46.8069618,39.910070600000005]}},{"type":"Feature","properties":{"poi_id":"OSM_accommodation_11007285816","label":"Xınalıq ELNUR GUEST HOUSE","name_az":"Xınalıq ELNUR GUEST HOUSE","thesis_group":"ACCOMMODATION","thesis_subtype":"guest_house","icon_id":"accommodation_guesthouse","name_quality":"NAMED","rayon":"Quba rayonu","rayon_id":"AZE_ADM2_54616110B77048085748362","verification_status":"PROVISIONAL","source_role":"MASTER_GIS","display_rank":2783,"lon":48.122609,"lat":41.181711},"geometry":{"type":"Point","coordinates":[48.1226094,41.181711]}},{"type":"Feature","properties":{"poi_id":"OSM_accommodation_4509930690","label":"Xırdalan","name_az":"Xırdalan","thesis_group":"ACCOMMODATION","thesis_subtype":"guest_house","icon_id":"accommodation_guesthouse","name_quality":"NAMED","rayon":"Abşeron rayonu","rayon_id":"AZE_ADM2_54616110B88432173472444","verification_status":"PROVISIONAL","source_role":"MASTER_GIS","display_rank":2618,"lon":49.739065,"lat":40.457947},"geometry":{"type":"Point","coordinates":[49.739064500000005,40.4579469]}},{"type":"Feature","properties":{"poi_id":"OSM_accommodation_1393047798","label":"Xəzər Otel","name_az":"Xəzər Otel","thesis_group":"ACCOMMODATION","thesis_subtype":"hotel","icon_id":"accommodation_hotel","name_quality":"NAMED","rayon":"Lənkəran şəhəri","rayon_id":"AZE_ADM2_54616110B92317303093203","verification_status":"PROVISIONAL","source_role":"MASTER_GIS","display_rank":2515,"lon":48.855417,"lat":38.756272},"geometry":{"type":"Point","coordinates":[48.8554169,38.756272100000004]}},{"type":"Feature","properties":{"poi_id":"OSM_accommodation_5921122687","label":"Xəzər Sanatoriyası","name_az":"Xəzər Sanatoriyası","thesis_group":"ACCOMMODATION","thesis_subtype":"hostel","icon_id":"accommodation_hotel","name_quality":"NAMED","rayon":"Bakı şəhəri","rayon_id":"AZE_ADM2_54616110B61947743987915","verification_status":"PROVISIONAL","source_role":"MASTER_GIS","display_rank":2651,"lon":50.121454,"lat":40.520203},"geometry":{"type":"Point","coordinates":[50.1214535,40.5202034]}},{"type":"Feature","properties":{"poi_id":"OSM_accommodation_9917858543","label":"Xəzər Universiteti Qonaq Evi","name_az":"Xəzər Universiteti Qonaq Evi","thesis_group":"ACCOMMODATION","thesis_subtype":"guest_house","icon_id":"accommodation_guesthouse","name_quality":"NAMED","rayon":"Bakı şəhəri","rayon_id":"AZE_ADM2_54616110B61947743987915","verification_status":"PROVISIONAL","source_role":"MASTER_GIS","display_rank":2752,"lon":49.933915,"lat":40.408317},"geometry":{"type":"Point","coordinates":[49.933915400000004,40.4083168]}},{"type":"Feature","properties":{"poi_id":"OSM_accommodation_1858694522","label":"Xəzər motel","name_az":"Xəzər motel","thesis_group":"ACCOMMODATION","thesis_subtype":"motel","icon_id":"accommodation_motel","name_quality":"NAMED","rayon":"Xaçmaz rayonu","rayon_id":"AZE_ADM2_54616110B89497242950609","verification_status":"PROVISIONAL","source_role":"MASTER_GIS","display_rank":2520,"lon":48.787071,"lat":41.458652},"geometry":{"type":"Point","coordinates":[48.7870708,41.4586525]}},{"type":"Feature","properties":{"poi_id":"OSM_accommodation_7041747285","label":"Xəzər palace","name_az":"Xəzər palace","thesis_group":"ACCOMMODATION","thesis_subtype":"hotel","icon_id":"accommodation_hotel","name_quality":"NAMED","rayon":"Lənkəran rayonu","rayon_id":"AZE_ADM2_54616110B2076465815790","verification_status":"PROVISIONAL","source_role":"MASTER_GIS","display_rank":2668,"lon":48.867626,"lat":38.710636},"geometry":{"type":"Point","coordinates":[48.867625800000006,38.710635700000005]}},{"type":"Feature","properties":{"poi_id":"OSM_accommodation_2627329220","label":"Yataqxana","name_az":"Yataqxana","thesis_group":"ACCOMMODATION","thesis_subtype":"hostel","icon_id":"accommodation_hotel","name_quality":"NAMED","rayon":"Sumqayıt şəhəri","rayon_id":"AZE_ADM2_54616110B75219613739908","verification_status":"PROVISIONAL","source_role":"MASTER_GIS","display_rank":2527,"lon":49.661906,"lat":40.60132},"geometry":{"type":"Point","coordinates":[49.661905600000004,40.601320400000006]}},{"type":"Feature","properties":{"poi_id":"OSM_accommodation_11483372819","label":"Yaşıl Meşə İstirahət Yeri","name_az":"Yaşıl Meşə İstirahət Yeri","thesis_group":"ACCOMMODATION","thesis_subtype":"hotel","icon_id":"accommodation_hotel","name_quality":"NAMED","rayon":"Şəmkir rayonu","rayon_id":"AZE_ADM2_54616110B57585842497805","verification_status":"PROVISIONAL","source_role":"MASTER_GIS","display_rank":2804,"lon":45.96096,"lat":40.792123},"geometry":{"type":"Point","coordinates":[45.960960400000005,40.7921233]}},{"type":"Feature","properties":{"poi_id":"OSM_accommodation_8576466431","label":"Yaşıl motel","name_az":"Yaşıl motel","thesis_group":"ACCOMMODATION","thesis_subtype":"motel","icon_id":"accommodation_motel","name_quality":"NAMED","rayon":"Ağsu rayonu","rayon_id":"AZE_ADM2_54616110B12323901372431","verification_status":"PROVISIONAL","source_role":"MASTER_GIS","display_rank":2711,"lon":48.442784,"lat":40.613252},"geometry":{"type":"Point","coordinates":[48.442784200000006,40.613252]}},{"type":"Feature","properties":{"poi_id":"OSM_accommodation_9950053068","label":"Yurd Hotel İlisu","name_az":"Yurd Hotel İlisu","thesis_group":"ACCOMMODATION","thesis_subtype":"hotel","icon_id":"accommodation_hotel","name_quality":"NAMED","rayon":"Qax rayonu","rayon_id":"AZE_ADM2_54616110B49356278605879","verification_status":"PROVISIONAL","source_role":"MASTER_GIS","display_rank":2756,"lon":47.015753,"lat":41.455883},"geometry":{"type":"Point","coordinates":[47.015752500000005,41.4558826]}},{"type":"Feature","properties":{"poi_id":"OSM_accommodation_9920053642","label":"Zamzam Otel / Bayıl","name_az":"Zamzam Otel / Bayıl","thesis_group":"ACCOMMODATION","thesis_subtype":"motel","icon_id":"accommodation_motel","name_quality":"NAMED","rayon":"Bakı şəhəri","rayon_id":"AZE_ADM2_54616110B61947743987915","verification_status":"PROVISIONAL","source_role":"MASTER_GIS","display_rank":2753,"lon":49.834718,"lat":40.349761},"geometry":{"type":"Point","coordinates":[49.834718,40.3497606]}},{"type":"Feature","properties":{"poi_id":"OSM_accommodation_3678139457","label":"Zeytə Motel","name_az":"Zeytə Motel","thesis_group":"ACCOMMODATION","thesis_subtype":"motel","icon_id":"accommodation_motel","name_quality":"NAMED","rayon":"Bakı şəhəri","rayon_id":"AZE_ADM2_54616110B61947743987915","verification_status":"PROVISIONAL","source_role":"MASTER_GIS","display_rank":2588,"lon":49.741864,"lat":40.315878},"geometry":{"type":"Point","coordinates":[49.7418641,40.3158776]}},{"type":"Feature","properties":{"poi_id":"OSM_accommodation_11077592858","label":"Zəm Zəm Otel","name_az":"Zəm Zəm Otel","thesis_group":"ACCOMMODATION","thesis_subtype":"motel","icon_id":"accommodation_motel","name_quality":"NAMED","rayon":"Qusar rayonu","rayon_id":"AZE_ADM2_54616110B21517829058101","verification_status":"PROVISIONAL","source_role":"MASTER_GIS","display_rank":2790,"lon":48.398458,"lat":41.409541},"geometry":{"type":"Point","coordinates":[48.398458100000006,41.409540500000006]}},{"type":"Feature","properties":{"poi_id":"OSM_accommodation_6013614412","label":"\\","thesis_group":"ACCOMMODATION","thesis_subtype":"hostel","icon_id":"accommodation_hotel","name_quality":"NAMED","rayon":"Xocalı rayonu","rayon_id":"AZE_ADM2_54616110B87325868620163","verification_status":"PROVISIONAL","source_role":"MASTER_GIS","display_rank":5643,"lon":46.767978,"lat":39.819417},"geometry":{"type":"Point","coordinates":[46.7679776,39.819417300000005]}},{"type":"Feature","properties":{"poi_id":"OSM_accommodation_6059905514","label":"\\","thesis_group":"ACCOMMODATION","thesis_subtype":"motel","icon_id":"accommodation_motel","name_quality":"NAMED","rayon":"Kəlbəcər rayonu","rayon_id":"AZE_ADM2_54616110B37358032697149","verification_status":"PROVISIONAL","source_role":"MASTER_GIS","display_rank":5644,"lon":46.412518,"lat":40.125955},"geometry":{"type":"Point","coordinates":[46.4125178,40.1259553]}},{"type":"Feature","properties":{"poi_id":"OSM_accommodation_2993819563","label":"Çahargah Hotel - SantaFe Otel","name_az":"Çahargah Hotel - SantaFe Otel","thesis_group":"ACCOMMODATION","thesis_subtype":"motel","icon_id":"accommodation_motel","name_quality":"NAMED","rayon":"Bakı şəhəri","rayon_id":"AZE_ADM2_54616110B61947743987915","verification_status":"PROVISIONAL","source_role":"MASTER_GIS","display_rank":2561,"lon":50.137901,"lat":40.367855},"geometry":{"type":"Point","coordinates":[50.1379013,40.3678548]}},{"type":"Feature","properties":{"poi_id":"OSM_accommodation_10698026587","label":"Çahargah Motel","name_az":"Çahargah Motel","thesis_group":"ACCOMMODATION","thesis_subtype":"motel","icon_id":"accommodation_motel","name_quality":"NAMED","rayon":"Bakı şəhəri","rayon_id":"AZE_ADM2_54616110B61947743987915","verification_status":"PROVISIONAL","source_role":"MASTER_GIS","display_rank":2775,"lon":50.121925,"lat":40.462979},"geometry":{"type":"Point","coordinates":[50.1219249,40.4629786]}},{"type":"Feature","properties":{"poi_id":"OSM_accommodation_3629046023","label":"Çinar Otel Spa Naftalan","name_az":"Çinar Otel Spa Naftalan","thesis_group":"ACCOMMODATION","thesis_subtype":"hotel","icon_id":"accommodation_hotel","name_quality":"NAMED","rayon":"Goranboy rayonu","rayon_id":"AZE_ADM2_54616110B75141866412524","verification_status":"PROVISIONAL","source_role":"MASTER_GIS","display_rank":2587,"lon":46.820493,"lat":40.500417},"geometry":{"type":"Point","coordinates":[46.8204933,40.5004172]}},{"type":"Feature","properties":{"poi_id":"OSM_accommodation_4773296621","label":"Çinar Plaza Chinar","name_az":"Çinar Plaza Chinar","thesis_group":"ACCOMMODATION","thesis_subtype":"hotel","icon_id":"accommodation_hotel","name_quality":"NAMED","rayon":"Bakı şəhəri","rayon_id":"AZE_ADM2_54616110B61947743987915","verification_status":"PROVISIONAL","source_role":"MASTER_GIS","display_rank":2625,"lon":49.903727,"lat":40.414384},"geometry":{"type":"Point","coordinates":[49.9037267,40.4143837]}},{"type":"Feature","properties":{"poi_id":"OSM_accommodation_7074567393","label":"Çıraq Hotel","name_az":"Çıraq Hotel","thesis_group":"ACCOMMODATION","thesis_subtype":"hotel","icon_id":"accommodation_hotel","name_quality":"NAMED","rayon":"Kürdəmir rayonu","rayon_id":"AZE_ADM2_54616110B82810927503709","verification_status":"PROVISIONAL","source_role":"MASTER_GIS","display_rank":2669,"lon":48.171244,"lat":40.315997},"geometry":{"type":"Point","coordinates":[48.1712441,40.315996500000004]}},{"type":"Feature","properties":{"poi_id":"OSM_accommodation_3602693012","label":"Çənlibel Motel Lerik","name_az":"Çənlibel Motel Lerik","thesis_group":"ACCOMMODATION","thesis_subtype":"motel","icon_id":"accommodation_motel","name_quality":"NAMED","rayon":"Lerik rayonu","rayon_id":"AZE_ADM2_54616110B59366301344355","verification_status":"PROVISIONAL","source_role":"MASTER_GIS","display_rank":2584,"lon":48.633917,"lat":38.735625},"geometry":{"type":"Point","coordinates":[48.633917100000005,38.7356251]}},{"type":"Feature","properties":{"poi_id":"OSM_accommodation_12335576793","label":"Özbinatest","name_az":"Özbinatest","thesis_group":"ACCOMMODATION","thesis_subtype":"hotel","icon_id":"accommodation_hotel","name_quality":"NAMED","rayon":"Qəbələ rayonu","rayon_id":"AZE_ADM2_54616110B33746839775993","verification_status":"PROVISIONAL","source_role":"MASTER_GIS","display_rank":2816,"lon":47.851534,"lat":40.97788},"geometry":{"type":"Point","coordinates":[47.8515345,40.9778802]}},{"type":"Feature","properties":{"poi_id":"OSM_accommodation_11077524988","label":"Ümid Motel","name_az":"Ümid Motel","thesis_group":"ACCOMMODATION","thesis_subtype":"motel","icon_id":"accommodation_motel","name_quality":"NAMED","rayon":"Qusar rayonu","rayon_id":"AZE_ADM2_54616110B21517829058101","verification_status":"PROVISIONAL","source_role":"MASTER_GIS","display_rank":2787,"lon":48.430004,"lat":41.421163},"geometry":{"type":"Point","coordinates":[48.430003500000005,41.421162800000005]}},{"type":"Feature","properties":{"poi_id":"OSM_accommodation_3550442575","label":"Üç Ulduz Otel","name_az":"Üç Ulduz Otel","thesis_group":"ACCOMMODATION","thesis_subtype":"hotel","icon_id":"accommodation_hotel","name_quality":"NAMED","rayon":"Daşkəsən rayonu","rayon_id":"AZE_ADM2_54616110B88384638285498","verification_status":"PROVISIONAL","source_role":"MASTER_GIS","display_rank":2572,"lon":46.079764,"lat":40.524453},"geometry":{"type":"Point","coordinates":[46.079763500000006,40.524453400000006]}},{"type":"Feature","properties":{"poi_id":"OSM_accommodation_5884550285","label":"Üç qardaş \\ Dalğalı Nabran","name_az":"Üç qardaş \\ Dalğalı Nabran","thesis_group":"ACCOMMODATION","thesis_subtype":"motel","icon_id":"accommodation_motel","name_quality":"NAMED","rayon":"Xaçmaz rayonu","rayon_id":"AZE_ADM2_54616110B89497242950609","verification_status":"PROVISIONAL","source_role":"MASTER_GIS","display_rank":2648,"lon":48.704581,"lat":41.753373},"geometry":{"type":"Point","coordinates":[48.7045809,41.7533727]}},{"type":"Feature","properties":{"poi_id":"OSM_accommodation_8195072874","label":"İbis Balakən","name_az":"İbis Balakən","thesis_group":"ACCOMMODATION","thesis_subtype":"hotel","icon_id":"accommodation_hotel","name_quality":"NAMED","rayon":"Balakən rayonu","rayon_id":"AZE_ADM2_54616110B63924922129682","verification_status":"PROVISIONAL","source_role":"MASTER_GIS","display_rank":2703,"lon":46.421595,"lat":41.712867},"geometry":{"type":"Point","coordinates":[46.4215949,41.7128669]}},{"type":"Feature","properties":{"poi_id":"OSM_accommodation_11062165186","label":"İlham Villa Avaran","name_az":"İlham Villa Avaran","thesis_group":"ACCOMMODATION","thesis_subtype":"guest_house","icon_id":"accommodation_guesthouse","name_quality":"NAMED","rayon":"Qusar rayonu","rayon_id":"AZE_ADM2_54616110B21517829058101","verification_status":"PROVISIONAL","source_role":"MASTER_GIS","display_rank":2784,"lon":48.404037,"lat":41.421064},"geometry":{"type":"Point","coordinates":[48.404037100000004,41.4210642]}},{"type":"Feature","properties":{"poi_id":"OSM_accommodation_11077524970","label":"İlk İnn Hotel","name_az":"İlk İnn Hotel","thesis_group":"ACCOMMODATION","thesis_subtype":"hotel","icon_id":"accommodation_hotel","name_quality":"NAMED","rayon":"Qusar rayonu","rayon_id":"AZE_ADM2_54616110B21517829058101","verification_status":"PROVISIONAL","source_role":"MASTER_GIS","display_rank":2786,"lon":48.425578,"lat":41.422223},"geometry":{"type":"Point","coordinates":[48.4255779,41.422222700000006]}},{"type":"Feature","properties":{"poi_id":"OSM_accommodation_4678358092","label":"İlqar Hostel","name_az":"İlqar Hostel","thesis_group":"ACCOMMODATION","thesis_subtype":"guest_house","icon_id":"accommodation_guesthouse","name_quality":"NAMED","rayon":"Şəki şəhəri","rayon_id":"AZE_ADM2_54616110B24616396985677","verification_status":"PROVISIONAL","source_role":"MASTER_GIS","display_rank":2622,"lon":47.198168,"lat":41.199425},"geometry":{"type":"Point","coordinates":[47.1981679,41.1994251]}},{"type":"Feature","properties":{"poi_id":"OSM_accommodation_1378912984","label":"İmprotex Motel","name_az":"İmprotex Motel","thesis_group":"ACCOMMODATION","thesis_subtype":"motel","icon_id":"accommodation_motel","name_quality":"NAMED","rayon":"Qax rayonu","rayon_id":"AZE_ADM2_54616110B49356278605879","verification_status":"PROVISIONAL","source_role":"MASTER_GIS","display_rank":2513,"lon":46.915516,"lat":41.418736},"geometry":{"type":"Point","coordinates":[46.9155159,41.418736200000005]}},{"type":"Feature","properties":{"poi_id":"OSM_accommodation_3593918152","label":"İrəvan Hotel","name_az":"İrəvan Hotel","thesis_group":"ACCOMMODATION","thesis_subtype":"hotel","icon_id":"accommodation_hotel","name_quality":"NAMED","rayon":"Xocalı rayonu","rayon_id":"AZE_ADM2_54616110B87325868620163","verification_status":"PROVISIONAL","source_role":"MASTER_GIS","display_rank":2579,"lon":46.751345,"lat":39.821882},"geometry":{"type":"Point","coordinates":[46.7513446,39.8218818]}},{"type":"Feature","properties":{"poi_id":"OSM_accommodation_368186525","label":"İsimsiz kayıt","thesis_group":"ACCOMMODATION","thesis_subtype":"hotel","icon_id":"accommodation_hotel","name_quality":"MISSING","rayon":"Abşeron rayonu","rayon_id":"AZE_ADM2_54616110B88432173472444","verification_status":"PROVISIONAL","source_role":"MASTER_GIS","display_rank":5447,"lon":49.73441,"lat":40.47665},"geometry":{"type":"Point","coordinates":[49.7344099,40.4766496]}},{"type":"Feature","properties":{"poi_id":"OSM_accommodation_1386077239","label":"İsimsiz kayıt","thesis_group":"ACCOMMODATION","thesis_subtype":"hotel","icon_id":"accommodation_hotel","name_quality":"MISSING","rayon":"Şəki şəhəri","rayon_id":"AZE_ADM2_54616110B24616396985677","verification_status":"PROVISIONAL","source_role":"MASTER_GIS","display_rank":5450,"lon":47.194078,"lat":41.201022},"geometry":{"type":"Point","coordinates":[47.1940784,41.2010218]}},{"type":"Feature","properties":{"poi_id":"OSM_accommodation_1393047776","label":"İsimsiz kayıt","thesis_group":"ACCOMMODATION","thesis_subtype":"hotel","icon_id":"accommodation_hotel","name_quality":"MISSING","rayon":"Lənkəran şəhəri","rayon_id":"AZE_ADM2_54616110B92317303093203","verification_status":"PROVISIONAL","source_role":"MASTER_GIS","display_rank":5451,"lon":48.852274,"lat":38.757937},"geometry":{"type":"Point","coordinates":[48.852274200000004,38.7579366]}},{"type":"Feature","properties":{"poi_id":"OSM_accommodation_1760943277","label":"İsimsiz kayıt","thesis_group":"ACCOMMODATION","thesis_subtype":"hotel","icon_id":"accommodation_hotel","name_quality":"MISSING","rayon":"Bakı şəhəri","rayon_id":"AZE_ADM2_54616110B61947743987915","verification_status":"PROVISIONAL","source_role":"MASTER_GIS","display_rank":5452,"lon":49.803862,"lat":40.355199},"geometry":{"type":"Point","coordinates":[49.8038621,40.355199400000004]}},{"type":"Feature","properties":{"poi_id":"OSM_accommodation_1798020123","label":"İsimsiz kayıt","thesis_group":"ACCOMMODATION","thesis_subtype":"hotel","icon_id":"accommodation_hotel","name_quality":"MISSING","rayon":"Qusar rayonu","rayon_id":"AZE_ADM2_54616110B21517829058101","verification_status":"PROVISIONAL","source_role":"MASTER_GIS","display_rank":5453,"lon":48.385774,"lat":41.404326},"geometry":{"type":"Point","coordinates":[48.3857737,41.404326100000006]}},{"type":"Feature","properties":{"poi_id":"OSM_accommodation_1798194218","label":"İsimsiz kayıt","thesis_group":"ACCOMMODATION","thesis_subtype":"hostel","icon_id":"accommodation_hotel","name_quality":"MISSING","rayon":"Qusar rayonu","rayon_id":"AZE_ADM2_54616110B21517829058101","verification_status":"PROVISIONAL","source_role":"MASTER_GIS","display_rank":5454,"lon":48.112995,"lat":41.28562},"geometry":{"type":"Point","coordinates":[48.1129946,41.2856195]}},{"type":"Feature","properties":{"poi_id":"OSM_accommodation_1857136404","label":"İsimsiz kayıt","thesis_group":"ACCOMMODATION","thesis_subtype":"hotel","icon_id":"accommodation_hotel","name_quality":"MISSING","rayon":"Bakı şəhəri","rayon_id":"AZE_ADM2_54616110B61947743987915","verification_status":"PROVISIONAL","source_role":"MASTER_GIS","display_rank":5455,"lon":49.831616,"lat":40.400234},"geometry":{"type":"Point","coordinates":[49.831615600000006,40.4002339]}},{"type":"Feature","properties":{"poi_id":"OSM_accommodation_1872462828","label":"İsimsiz kayıt","thesis_group":"ACCOMMODATION","thesis_subtype":"hotel","icon_id":"accommodation_hotel","name_quality":"MISSING","rayon":"Bakı şəhəri","rayon_id":"AZE_ADM2_54616110B61947743987915","verification_status":"PROVISIONAL","source_role":"MASTER_GIS","display_rank":5456,"lon":49.83546,"lat":40.373169},"geometry":{"type":"Point","coordinates":[49.835460000000005,40.3731688]}},{"type":"Feature","properties":{"poi_id":"OSM_accommodation_1872462867","label":"İsimsiz kayıt","thesis_group":"ACCOMMODATION","thesis_subtype":"hostel","icon_id":"accommodation_hotel","name_quality":"MISSING","rayon":"Bakı şəhəri","rayon_id":"AZE_ADM2_54616110B61947743987915","verification_status":"PROVISIONAL","source_role":"MASTER_GIS","display_rank":5457,"lon":49.836111,"lat":40.373589},"geometry":{"type":"Point","coordinates":[49.836111,40.3735889]}},{"type":"Feature","properties":{"poi_id":"OSM_accommodation_1889702966","label":"İsimsiz kayıt","thesis_group":"ACCOMMODATION","thesis_subtype":"hotel","icon_id":"accommodation_hotel","name_quality":"MISSING","rayon":"Bakı şəhəri","rayon_id":"AZE_ADM2_54616110B61947743987915","verification_status":"PROVISIONAL","source_role":"MASTER_GIS","display_rank":5458,"lon":49.840386,"lat":40.375227},"geometry":{"type":"Point","coordinates":[49.8403864,40.375227]}},{"type":"Feature","properties":{"poi_id":"OSM_accommodation_1912457595","label":"İsimsiz kayıt","thesis_group":"ACCOMMODATION","thesis_subtype":"camp_site","icon_id":"accommodation_camping","name_quality":"MISSING","rayon":"Qusar rayonu","rayon_id":"AZE_ADM2_54616110B21517829058101","verification_status":"PROVISIONAL","source_role":"MASTER_GIS","display_rank":5460,"lon":47.886344,"lat":41.196008},"geometry":{"type":"Point","coordinates":[47.8863442,41.1960077]}},{"type":"Feature","properties":{"poi_id":"OSM_accommodation_1915049338","label":"İsimsiz kayıt","thesis_group":"ACCOMMODATION","thesis_subtype":"hotel","icon_id":"accommodation_hotel","name_quality":"MISSING","rayon":"Xaçmaz rayonu","rayon_id":"AZE_ADM2_54616110B89497242950609","verification_status":"PROVISIONAL","source_role":"MASTER_GIS","display_rank":5461,"lon":48.646869,"lat":41.804857},"geometry":{"type":"Point","coordinates":[48.646869,41.8048573]}},{"type":"Feature","properties":{"poi_id":"OSM_accommodation_1976790417","label":"İsimsiz kayıt","thesis_group":"ACCOMMODATION","thesis_subtype":"hotel","icon_id":"accommodation_hotel","name_quality":"MISSING","rayon":"Bakı şəhəri","rayon_id":"AZE_ADM2_54616110B61947743987915","verification_status":"PROVISIONAL","source_role":"MASTER_GIS","display_rank":5462,"lon":49.840742,"lat":40.379216},"geometry":{"type":"Point","coordinates":[49.8407423,40.379216400000004]}},{"type":"Feature","properties":{"poi_id":"OSM_accommodation_2035130624","label":"İsimsiz kayıt","thesis_group":"ACCOMMODATION","thesis_subtype":"hotel","icon_id":"accommodation_hotel","name_quality":"MISSING","rayon":"Bakı şəhəri","rayon_id":"AZE_ADM2_54616110B61947743987915","verification_status":"PROVISIONAL","source_role":"MASTER_GIS","display_rank":5463,"lon":49.860403,"lat":40.390366},"geometry":{"type":"Point","coordinates":[49.860403100000006,40.3903661]}},{"type":"Feature","properties":{"poi_id":"OSM_accommodation_2035130639","label":"İsimsiz kayıt","thesis_group":"ACCOMMODATION","thesis_subtype":"hotel","icon_id":"accommodation_hotel","name_quality":"MISSING","rayon":"Bakı şəhəri","rayon_id":"AZE_ADM2_54616110B61947743987915","verification_status":"PROVISIONAL","source_role":"MASTER_GIS","display_rank":5464,"lon":49.850118,"lat":40.390125},"geometry":{"type":"Point","coordinates":[49.850118300000005,40.3901249]}},{"type":"Feature","properties":{"poi_id":"OSM_accommodation_2133695430","label":"İsimsiz kayıt","thesis_group":"ACCOMMODATION","thesis_subtype":"motel","icon_id":"accommodation_motel","name_quality":"MISSING","rayon":"Bakı şəhəri","rayon_id":"AZE_ADM2_54616110B61947743987915","verification_status":"PROVISIONAL","source_role":"MASTER_GIS","display_rank":5465,"lon":49.835401,"lat":40.347524},"geometry":{"type":"Point","coordinates":[49.8354009,40.3475243]}},{"type":"Feature","properties":{"poi_id":"OSM_accommodation_2228805566","label":"İsimsiz kayıt","thesis_group":"ACCOMMODATION","thesis_subtype":"hotel","icon_id":"accommodation_hotel","name_quality":"MISSING","rayon":"Bakı şəhəri","rayon_id":"AZE_ADM2_54616110B61947743987915","verification_status":"PROVISIONAL","source_role":"MASTER_GIS","display_rank":5466,"lon":49.867192,"lat":40.380093},"geometry":{"type":"Point","coordinates":[49.8671918,40.380092600000005]}},{"type":"Feature","properties":{"poi_id":"OSM_accommodation_2778881421","label":"İsimsiz kayıt","thesis_group":"ACCOMMODATION","thesis_subtype":"hotel","icon_id":"accommodation_hotel","name_quality":"MISSING","rayon":"Bakı şəhəri","rayon_id":"AZE_ADM2_54616110B61947743987915","verification_status":"PROVISIONAL","source_role":"MASTER_GIS","display_rank":5467,"lon":49.807175,"lat":40.354213},"geometry":{"type":"Point","coordinates":[49.8071746,40.3542129]}},{"type":"Feature","properties":{"poi_id":"OSM_accommodation_2943396261","label":"İsimsiz kayıt","thesis_group":"ACCOMMODATION","thesis_subtype":"hotel","icon_id":"accommodation_hotel","name_quality":"MISSING","rayon":"Bakı şəhəri","rayon_id":"AZE_ADM2_54616110B61947743987915","verification_status":"PROVISIONAL","source_role":"MASTER_GIS","display_rank":5468,"lon":49.859476,"lat":40.398771},"geometry":{"type":"Point","coordinates":[49.859476,40.398770500000005]}},{"type":"Feature","properties":{"poi_id":"OSM_accommodation_2945616588","label":"İsimsiz kayıt","thesis_group":"ACCOMMODATION","thesis_subtype":"hotel","icon_id":"accommodation_hotel","name_quality":"MISSING","rayon":"Bakı şəhəri","rayon_id":"AZE_ADM2_54616110B61947743987915","verification_status":"PROVISIONAL","source_role":"MASTER_GIS","display_rank":5469,"lon":49.7776,"lat":40.574923},"geometry":{"type":"Point","coordinates":[49.7775995,40.574923000000005]}},{"type":"Feature","properties":{"poi_id":"OSM_accommodation_2945652882","label":"İsimsiz kayıt","thesis_group":"ACCOMMODATION","thesis_subtype":"hotel","icon_id":"accommodation_hotel","name_quality":"MISSING","rayon":"Bakı şəhəri","rayon_id":"AZE_ADM2_54616110B61947743987915","verification_status":"PROVISIONAL","source_role":"MASTER_GIS","display_rank":5470,"lon":49.749773,"lat":40.573531},"geometry":{"type":"Point","coordinates":[49.7497727,40.573530500000004]}},{"type":"Feature","properties":{"poi_id":"OSM_accommodation_2945652885","label":"İsimsiz kayıt","thesis_group":"ACCOMMODATION","thesis_subtype":"hotel","icon_id":"accommodation_hotel","name_quality":"MISSING","rayon":"Bakı şəhəri","rayon_id":"AZE_ADM2_54616110B61947743987915","verification_status":"PROVISIONAL","source_role":"MASTER_GIS","display_rank":5471,"lon":49.748207,"lat":40.573349},"geometry":{"type":"Point","coordinates":[49.7482069,40.573349400000005]}},{"type":"Feature","properties":{"poi_id":"OSM_accommodation_2945652886","label":"İsimsiz kayıt","thesis_group":"ACCOMMODATION","thesis_subtype":"hotel","icon_id":"accommodation_hotel","name_quality":"MISSING","rayon":"Bakı şəhəri","rayon_id":"AZE_ADM2_54616110B61947743987915","verification_status":"PROVISIONAL","source_role":"MASTER_GIS","display_rank":5472,"lon":49.764927,"lat":40.574194},"geometry":{"type":"Point","coordinates":[49.764926900000006,40.5741937]}},{"type":"Feature","properties":{"poi_id":"OSM_accommodation_2945652891","label":"İsimsiz kayıt","thesis_group":"ACCOMMODATION","thesis_subtype":"motel","icon_id":"accommodation_motel","name_quality":"MISSING","rayon":"Bakı şəhəri","rayon_id":"AZE_ADM2_54616110B61947743987915","verification_status":"PROVISIONAL","source_role":"MASTER_GIS","display_rank":5473,"lon":49.766014,"lat":40.573845},"geometry":{"type":"Point","coordinates":[49.7660135,40.5738452]}},{"type":"Feature","properties":{"poi_id":"OSM_accommodation_2947508593","label":"İsimsiz kayıt","thesis_group":"ACCOMMODATION","thesis_subtype":"hotel","icon_id":"accommodation_hotel","name_quality":"MISSING","rayon":"Bakı şəhəri","rayon_id":"AZE_ADM2_54616110B61947743987915","verification_status":"PROVISIONAL","source_role":"MASTER_GIS","display_rank":5474,"lon":49.810889,"lat":40.308064},"geometry":{"type":"Point","coordinates":[49.810889200000005,40.308064300000005]}},{"type":"Feature","properties":{"poi_id":"OSM_accommodation_2947527212","label":"İsimsiz kayıt","thesis_group":"ACCOMMODATION","thesis_subtype":"hotel","icon_id":"accommodation_hotel","name_quality":"MISSING","rayon":"Bakı şəhəri","rayon_id":"AZE_ADM2_54616110B61947743987915","verification_status":"PROVISIONAL","source_role":"MASTER_GIS","display_rank":5475,"lon":49.802617,"lat":40.306212},"geometry":{"type":"Point","coordinates":[49.8026173,40.3062125]}},{"type":"Feature","properties":{"poi_id":"OSM_accommodation_2947587443","label":"İsimsiz kayıt","thesis_group":"ACCOMMODATION","thesis_subtype":"motel","icon_id":"accommodation_motel","name_quality":"MISSING","rayon":"Bakı şəhəri","rayon_id":"AZE_ADM2_54616110B61947743987915","verification_status":"PROVISIONAL","source_role":"MASTER_GIS","display_rank":5477,"lon":49.792557,"lat":40.306436},"geometry":{"type":"Point","coordinates":[49.7925574,40.3064355]}},{"type":"Feature","properties":{"poi_id":"OSM_accommodation_2947594479","label":"İsimsiz kayıt","thesis_group":"ACCOMMODATION","thesis_subtype":"hotel","icon_id":"accommodation_hotel","name_quality":"MISSING","rayon":"Bakı şəhəri","rayon_id":"AZE_ADM2_54616110B61947743987915","verification_status":"PROVISIONAL","source_role":"MASTER_GIS","display_rank":5478,"lon":49.787017,"lat":40.305696},"geometry":{"type":"Point","coordinates":[49.7870168,40.3056962]}},{"type":"Feature","properties":{"poi_id":"OSM_accommodation_2947705967","label":"İsimsiz kayıt","thesis_group":"ACCOMMODATION","thesis_subtype":"motel","icon_id":"accommodation_motel","name_quality":"MISSING","rayon":"Bakı şəhəri","rayon_id":"AZE_ADM2_54616110B61947743987915","verification_status":"PROVISIONAL","source_role":"MASTER_GIS","display_rank":5479,"lon":49.790849,"lat":40.304981},"geometry":{"type":"Point","coordinates":[49.7908489,40.304980900000004]}},{"type":"Feature","properties":{"poi_id":"OSM_accommodation_2947709382","label":"İsimsiz kayıt","thesis_group":"ACCOMMODATION","thesis_subtype":"hotel","icon_id":"accommodation_hotel","name_quality":"MISSING","rayon":"Bakı şəhəri","rayon_id":"AZE_ADM2_54616110B61947743987915","verification_status":"PROVISIONAL","source_role":"MASTER_GIS","display_rank":5480,"lon":49.792455,"lat":40.30522},"geometry":{"type":"Point","coordinates":[49.792454600000006,40.305220000000006]}},{"type":"Feature","properties":{"poi_id":"OSM_accommodation_2948361644","label":"İsimsiz kayıt","thesis_group":"ACCOMMODATION","thesis_subtype":"hotel","icon_id":"accommodation_hotel","name_quality":"MISSING","rayon":"Bakı şəhəri","rayon_id":"AZE_ADM2_54616110B61947743987915","verification_status":"PROVISIONAL","source_role":"MASTER_GIS","display_rank":5481,"lon":50.157964,"lat":40.513722},"geometry":{"type":"Point","coordinates":[50.1579636,40.5137215]}},{"type":"Feature","properties":{"poi_id":"OSM_accommodation_2948410676","label":"İsimsiz kayıt","thesis_group":"ACCOMMODATION","thesis_subtype":"motel","icon_id":"accommodation_motel","name_quality":"MISSING","rayon":"Bakı şəhəri","rayon_id":"AZE_ADM2_54616110B61947743987915","verification_status":"PROVISIONAL","source_role":"MASTER_GIS","display_rank":5482,"lon":50.225293,"lat":40.500293},"geometry":{"type":"Point","coordinates":[50.2252931,40.500292900000005]}},{"type":"Feature","properties":{"poi_id":"OSM_accommodation_2955430804","label":"İsimsiz kayıt","thesis_group":"ACCOMMODATION","thesis_subtype":"camp_site","icon_id":"accommodation_camping","name_quality":"MISSING","rayon":"Qusar rayonu","rayon_id":"AZE_ADM2_54616110B21517829058101","verification_status":"PROVISIONAL","source_role":"MASTER_GIS","display_rank":5483,"lon":47.8827,"lat":41.274702},"geometry":{"type":"Point","coordinates":[47.8826995,41.2747015]}},{"type":"Feature","properties":{"poi_id":"OSM_accommodation_3031346908","label":"İsimsiz kayıt","thesis_group":"ACCOMMODATION","thesis_subtype":"hotel","icon_id":"accommodation_hotel","name_quality":"MISSING","rayon":"Bakı şəhəri","rayon_id":"AZE_ADM2_54616110B61947743987915","verification_status":"PROVISIONAL","source_role":"MASTER_GIS","display_rank":5484,"lon":49.830159,"lat":40.362981},"geometry":{"type":"Point","coordinates":[49.830158700000005,40.3629813]}},{"type":"Feature","properties":{"poi_id":"OSM_accommodation_3034051283","label":"İsimsiz kayıt","thesis_group":"ACCOMMODATION","thesis_subtype":"guest_house","icon_id":"accommodation_guesthouse","name_quality":"MISSING","rayon":"Bakı şəhəri","rayon_id":"AZE_ADM2_54616110B61947743987915","verification_status":"PROVISIONAL","source_role":"MASTER_GIS","display_rank":5485,"lon":49.834866,"lat":40.366969},"geometry":{"type":"Point","coordinates":[49.834866000000005,40.3669689]}},{"type":"Feature","properties":{"poi_id":"OSM_accommodation_3034051284","label":"İsimsiz kayıt","thesis_group":"ACCOMMODATION","thesis_subtype":"hotel","icon_id":"accommodation_hotel","name_quality":"MISSING","rayon":"Bakı şəhəri","rayon_id":"AZE_ADM2_54616110B61947743987915","verification_status":"PROVISIONAL","source_role":"MASTER_GIS","display_rank":5486,"lon":49.834972,"lat":40.367282},"geometry":{"type":"Point","coordinates":[49.834972300000004,40.3672825]}},{"type":"Feature","properties":{"poi_id":"OSM_accommodation_3034051285","label":"İsimsiz kayıt","thesis_group":"ACCOMMODATION","thesis_subtype":"hotel","icon_id":"accommodation_hotel","name_quality":"MISSING","rayon":"Bakı şəhəri","rayon_id":"AZE_ADM2_54616110B61947743987915","verification_status":"PROVISIONAL","source_role":"MASTER_GIS","display_rank":5487,"lon":49.83407,"lat":40.365044},"geometry":{"type":"Point","coordinates":[49.834069500000005,40.3650444]}},{"type":"Feature","properties":{"poi_id":"OSM_accommodation_3034051288","label":"İsimsiz kayıt","thesis_group":"ACCOMMODATION","thesis_subtype":"hotel","icon_id":"accommodation_hotel","name_quality":"MISSING","rayon":"Bakı şəhəri","rayon_id":"AZE_ADM2_54616110B61947743987915","verification_status":"PROVISIONAL","source_role":"MASTER_GIS","display_rank":5488,"lon":49.837263,"lat":40.368527},"geometry":{"type":"Point","coordinates":[49.837262900000006,40.3685271]}},{"type":"Feature","properties":{"poi_id":"OSM_accommodation_3034051290","label":"İsimsiz kayıt","thesis_group":"ACCOMMODATION","thesis_subtype":"hotel","icon_id":"accommodation_hotel","name_quality":"MISSING","rayon":"Bakı şəhəri","rayon_id":"AZE_ADM2_54616110B61947743987915","verification_status":"PROVISIONAL","source_role":"MASTER_GIS","display_rank":5489,"lon":49.834122,"lat":40.365951},"geometry":{"type":"Point","coordinates":[49.834121700000004,40.365950500000004]}},{"type":"Feature","properties":{"poi_id":"OSM_accommodation_3034051291","label":"İsimsiz kayıt","thesis_group":"ACCOMMODATION","thesis_subtype":"hotel","icon_id":"accommodation_hotel","name_quality":"MISSING","rayon":"Bakı şəhəri","rayon_id":"AZE_ADM2_54616110B61947743987915","verification_status":"PROVISIONAL","source_role":"MASTER_GIS","display_rank":5490,"lon":49.834046,"lat":40.367836},"geometry":{"type":"Point","coordinates":[49.8340459,40.3678357]}},{"type":"Feature","properties":{"poi_id":"OSM_accommodation_3034051292","label":"İsimsiz kayıt","thesis_group":"ACCOMMODATION","thesis_subtype":"hotel","icon_id":"accommodation_hotel","name_quality":"MISSING","rayon":"Bakı şəhəri","rayon_id":"AZE_ADM2_54616110B61947743987915","verification_status":"PROVISIONAL","source_role":"MASTER_GIS","display_rank":5491,"lon":49.834568,"lat":40.365286},"geometry":{"type":"Point","coordinates":[49.834568100000006,40.3652858]}},{"type":"Feature","properties":{"poi_id":"OSM_accommodation_3034051294","label":"İsimsiz kayıt","thesis_group":"ACCOMMODATION","thesis_subtype":"hotel","icon_id":"accommodation_hotel","name_quality":"MISSING","rayon":"Bakı şəhəri","rayon_id":"AZE_ADM2_54616110B61947743987915","verification_status":"PROVISIONAL","source_role":"MASTER_GIS","display_rank":5492,"lon":49.835337,"lat":40.36706},"geometry":{"type":"Point","coordinates":[49.8353368,40.3670598]}},{"type":"Feature","properties":{"poi_id":"OSM_accommodation_3037852552","label":"İsimsiz kayıt","thesis_group":"ACCOMMODATION","thesis_subtype":"motel","icon_id":"accommodation_motel","name_quality":"MISSING","rayon":"Bakı şəhəri","rayon_id":"AZE_ADM2_54616110B61947743987915","verification_status":"PROVISIONAL","source_role":"MASTER_GIS","display_rank":5493,"lon":49.849831,"lat":40.427293},"geometry":{"type":"Point","coordinates":[49.84983080000001,40.427292800000004]}},{"type":"Feature","properties":{"poi_id":"OSM_accommodation_3037852553","label":"İsimsiz kayıt","thesis_group":"ACCOMMODATION","thesis_subtype":"motel","icon_id":"accommodation_motel","name_quality":"MISSING","rayon":"Bakı şəhəri","rayon_id":"AZE_ADM2_54616110B61947743987915","verification_status":"PROVISIONAL","source_role":"MASTER_GIS","display_rank":5494,"lon":49.849779,"lat":40.427738},"geometry":{"type":"Point","coordinates":[49.8497786,40.4277382]}},{"type":"Feature","properties":{"poi_id":"OSM_accommodation_3118961806","label":"İsimsiz kayıt","thesis_group":"ACCOMMODATION","thesis_subtype":"hotel","icon_id":"accommodation_hotel","name_quality":"MISSING","rayon":"Bakı şəhəri","rayon_id":"AZE_ADM2_54616110B61947743987915","verification_status":"PROVISIONAL","source_role":"MASTER_GIS","display_rank":5495,"lon":49.876988,"lat":40.428673},"geometry":{"type":"Point","coordinates":[49.87698820000001,40.428673]}},{"type":"Feature","properties":{"poi_id":"OSM_accommodation_3244260534","label":"İsimsiz kayıt","thesis_group":"ACCOMMODATION","thesis_subtype":"motel","icon_id":"accommodation_motel","name_quality":"MISSING","rayon":"Bakı şəhəri","rayon_id":"AZE_ADM2_54616110B61947743987915","verification_status":"PROVISIONAL","source_role":"MASTER_GIS","display_rank":5496,"lon":49.780184,"lat":40.549817},"geometry":{"type":"Point","coordinates":[49.7801844,40.5498166]}},{"type":"Feature","properties":{"poi_id":"OSM_accommodation_3244260537","label":"İsimsiz kayıt","thesis_group":"ACCOMMODATION","thesis_subtype":"motel","icon_id":"accommodation_motel","name_quality":"MISSING","rayon":"Bakı şəhəri","rayon_id":"AZE_ADM2_54616110B61947743987915","verification_status":"PROVISIONAL","source_role":"MASTER_GIS","display_rank":5497,"lon":49.781398,"lat":40.55043},"geometry":{"type":"Point","coordinates":[49.781398200000005,40.5504304]}},{"type":"Feature","properties":{"poi_id":"OSM_accommodation_3298027371","label":"İsimsiz kayıt","thesis_group":"ACCOMMODATION","thesis_subtype":"hotel","icon_id":"accommodation_hotel","name_quality":"MISSING","rayon":"Naxçıvan şəhəri","rayon_id":"AZE_ADM2_54616110B79262118902245","verification_status":"PROVISIONAL","source_role":"MASTER_GIS","display_rank":5498,"lon":45.423282,"lat":39.198572},"geometry":{"type":"Point","coordinates":[45.423281900000006,39.1985718]}},{"type":"Feature","properties":{"poi_id":"OSM_accommodation_3363389159","label":"İsimsiz kayıt","thesis_group":"ACCOMMODATION","thesis_subtype":"hotel","icon_id":"accommodation_hotel","name_quality":"MISSING","rayon":"Zaqatala rayonu","rayon_id":"AZE_ADM2_54616110B4759617374649","verification_status":"PROVISIONAL","source_role":"MASTER_GIS","display_rank":5499,"lon":46.639914,"lat":41.631359},"geometry":{"type":"Point","coordinates":[46.6399142,41.631359]}},{"type":"Feature","properties":{"poi_id":"OSM_accommodation_3397913679","label":"İsimsiz kayıt","thesis_group":"ACCOMMODATION","thesis_subtype":"hotel","icon_id":"accommodation_hotel","name_quality":"MISSING","rayon":"Biləsuvar rayonu","rayon_id":"AZE_ADM2_54616110B16304773097912","verification_status":"PROVISIONAL","source_role":"MASTER_GIS","display_rank":5500,"lon":48.547348,"lat":39.44295},"geometry":{"type":"Point","coordinates":[48.547347800000004,39.4429498]}},{"type":"Feature","properties":{"poi_id":"OSM_accommodation_3409542405","label":"İsimsiz kayıt","thesis_group":"ACCOMMODATION","thesis_subtype":"hotel","icon_id":"accommodation_hotel","name_quality":"MISSING","rayon":"Bakı şəhəri","rayon_id":"AZE_ADM2_54616110B61947743987915","verification_status":"PROVISIONAL","source_role":"MASTER_GIS","display_rank":5501,"lon":49.818288,"lat":40.377987},"geometry":{"type":"Point","coordinates":[49.818287500000004,40.3779874]}},{"type":"Feature","properties":{"poi_id":"OSM_accommodation_3409542407","label":"İsimsiz kayıt","thesis_group":"ACCOMMODATION","thesis_subtype":"hotel","icon_id":"accommodation_hotel","name_quality":"MISSING","rayon":"Bakı şəhəri","rayon_id":"AZE_ADM2_54616110B61947743987915","verification_status":"PROVISIONAL","source_role":"MASTER_GIS","display_rank":5502,"lon":49.819546,"lat":40.378439},"geometry":{"type":"Point","coordinates":[49.8195459,40.3784389]}},{"type":"Feature","properties":{"poi_id":"OSM_accommodation_3409596053","label":"İsimsiz kayıt","thesis_group":"ACCOMMODATION","thesis_subtype":"hotel","icon_id":"accommodation_hotel","name_quality":"MISSING","rayon":"Bakı şəhəri","rayon_id":"AZE_ADM2_54616110B61947743987915","verification_status":"PROVISIONAL","source_role":"MASTER_GIS","display_rank":5503,"lon":49.838538,"lat":40.346689},"geometry":{"type":"Point","coordinates":[49.8385383,40.3466894]}},{"type":"Feature","properties":{"poi_id":"OSM_accommodation_3409596054","label":"İsimsiz kayıt","thesis_group":"ACCOMMODATION","thesis_subtype":"hotel","icon_id":"accommodation_hotel","name_quality":"MISSING","rayon":"Bakı şəhəri","rayon_id":"AZE_ADM2_54616110B61947743987915","verification_status":"PROVISIONAL","source_role":"MASTER_GIS","display_rank":5504,"lon":49.836795,"lat":40.347629},"geometry":{"type":"Point","coordinates":[49.836795200000005,40.3476286]}},{"type":"Feature","properties":{"poi_id":"OSM_accommodation_3409596055","label":"İsimsiz kayıt","thesis_group":"ACCOMMODATION","thesis_subtype":"motel","icon_id":"accommodation_motel","name_quality":"MISSING","rayon":"Bakı şəhəri","rayon_id":"AZE_ADM2_54616110B61947743987915","verification_status":"PROVISIONAL","source_role":"MASTER_GIS","display_rank":5505,"lon":49.833325,"lat":40.348189},"geometry":{"type":"Point","coordinates":[49.833325,40.3481893]}},{"type":"Feature","properties":{"poi_id":"OSM_accommodation_3409596057","label":"İsimsiz kayıt","thesis_group":"ACCOMMODATION","thesis_subtype":"motel","icon_id":"accommodation_motel","name_quality":"MISSING","rayon":"Bakı şəhəri","rayon_id":"AZE_ADM2_54616110B61947743987915","verification_status":"PROVISIONAL","source_role":"MASTER_GIS","display_rank":5506,"lon":49.836322,"lat":40.344586},"geometry":{"type":"Point","coordinates":[49.836321600000005,40.3445857]}},{"type":"Feature","properties":{"poi_id":"OSM_accommodation_3423674493","label":"İsimsiz kayıt","thesis_group":"ACCOMMODATION","thesis_subtype":"hotel","icon_id":"accommodation_hotel","name_quality":"MISSING","rayon":"Bakı şəhəri","rayon_id":"AZE_ADM2_54616110B61947743987915","verification_status":"PROVISIONAL","source_role":"MASTER_GIS","display_rank":5507,"lon":49.836345,"lat":40.366571},"geometry":{"type":"Point","coordinates":[49.836345300000005,40.366571400000005]}},{"type":"Feature","properties":{"poi_id":"OSM_accommodation_3521471820","label":"İsimsiz kayıt","thesis_group":"ACCOMMODATION","thesis_subtype":"hotel","icon_id":"accommodation_hotel","name_quality":"MISSING","rayon":"Bakı şəhəri","rayon_id":"AZE_ADM2_54616110B61947743987915","verification_status":"PROVISIONAL","source_role":"MASTER_GIS","display_rank":5508,"lon":49.842894,"lat":40.379667},"geometry":{"type":"Point","coordinates":[49.8428942,40.379667100000006]}},{"type":"Feature","properties":{"poi_id":"OSM_accommodation_3537386603","label":"İsimsiz kayıt","thesis_group":"ACCOMMODATION","thesis_subtype":"motel","icon_id":"accommodation_motel","name_quality":"MISSING","rayon":"Bakı şəhəri","rayon_id":"AZE_ADM2_54616110B61947743987915","verification_status":"PROVISIONAL","source_role":"MASTER_GIS","display_rank":5509,"lon":49.938784,"lat":40.427155},"geometry":{"type":"Point","coordinates":[49.9387844,40.427155]}},{"type":"Feature","properties":{"poi_id":"OSM_accommodation_3549087354","label":"İsimsiz kayıt","thesis_group":"ACCOMMODATION","thesis_subtype":"hotel","icon_id":"accommodation_hotel","name_quality":"MISSING","rayon":"Bakı şəhəri","rayon_id":"AZE_ADM2_54616110B61947743987915","verification_status":"PROVISIONAL","source_role":"MASTER_GIS","display_rank":5510,"lon":49.831151,"lat":40.375965},"geometry":{"type":"Point","coordinates":[49.8311508,40.3759646]}},{"type":"Feature","properties":{"poi_id":"OSM_accommodation_3550417768","label":"İsimsiz kayıt","thesis_group":"ACCOMMODATION","thesis_subtype":"motel","icon_id":"accommodation_motel","name_quality":"MISSING","rayon":"İsmayıllı rayonu","rayon_id":"AZE_ADM2_54616110B45290451128830","verification_status":"PROVISIONAL","source_role":"MASTER_GIS","display_rank":5511,"lon":48.303195,"lat":40.776566},"geometry":{"type":"Point","coordinates":[48.303195300000006,40.776565600000005]}},{"type":"Feature","properties":{"poi_id":"OSM_accommodation_3550436052","label":"İsimsiz kayıt","thesis_group":"ACCOMMODATION","thesis_subtype":"hotel","icon_id":"accommodation_hotel","name_quality":"MISSING","rayon":"Bakı şəhəri","rayon_id":"AZE_ADM2_54616110B61947743987915","verification_status":"PROVISIONAL","source_role":"MASTER_GIS","display_rank":5512,"lon":49.850779,"lat":40.374554},"geometry":{"type":"Point","coordinates":[49.850779200000005,40.3745537]}},{"type":"Feature","properties":{"poi_id":"OSM_accommodation_3550463612","label":"İsimsiz kayıt","thesis_group":"ACCOMMODATION","thesis_subtype":"hotel","icon_id":"accommodation_hotel","name_quality":"MISSING","rayon":"Bakı şəhəri","rayon_id":"AZE_ADM2_54616110B61947743987915","verification_status":"PROVISIONAL","source_role":"MASTER_GIS","display_rank":5513,"lon":49.842957,"lat":40.406403},"geometry":{"type":"Point","coordinates":[49.8429567,40.4064032]}},{"type":"Feature","properties":{"poi_id":"OSM_accommodation_3550499098","label":"İsimsiz kayıt","thesis_group":"ACCOMMODATION","thesis_subtype":"motel","icon_id":"accommodation_motel","name_quality":"MISSING","rayon":"Şəki rayonu","rayon_id":"AZE_ADM2_54616110B25010354244926","verification_status":"PROVISIONAL","source_role":"MASTER_GIS","display_rank":5514,"lon":47.155682,"lat":41.163795},"geometry":{"type":"Point","coordinates":[47.1556818,41.163794700000004]}},{"type":"Feature","properties":{"poi_id":"OSM_accommodation_3585811993","label":"İsimsiz kayıt","thesis_group":"ACCOMMODATION","thesis_subtype":"hotel","icon_id":"accommodation_hotel","name_quality":"MISSING","rayon":"Bakı şəhəri","rayon_id":"AZE_ADM2_54616110B61947743987915","verification_status":"PROVISIONAL","source_role":"MASTER_GIS","display_rank":5515,"lon":49.847668,"lat":40.401735},"geometry":{"type":"Point","coordinates":[49.8476676,40.4017349]}},{"type":"Feature","properties":{"poi_id":"OSM_accommodation_3585824793","label":"İsimsiz kayıt","thesis_group":"ACCOMMODATION","thesis_subtype":"hotel","icon_id":"accommodation_hotel","name_quality":"MISSING","rayon":"Bakı şəhəri","rayon_id":"AZE_ADM2_54616110B61947743987915","verification_status":"PROVISIONAL","source_role":"MASTER_GIS","display_rank":5516,"lon":49.829506,"lat":40.38169},"geometry":{"type":"Point","coordinates":[49.829505600000005,40.3816903]}},{"type":"Feature","properties":{"poi_id":"OSM_accommodation_3585829731","label":"İsimsiz kayıt","thesis_group":"ACCOMMODATION","thesis_subtype":"hotel","icon_id":"accommodation_hotel","name_quality":"MISSING","rayon":"Bakı şəhəri","rayon_id":"AZE_ADM2_54616110B61947743987915","verification_status":"PROVISIONAL","source_role":"MASTER_GIS","display_rank":5517,"lon":49.843827,"lat":40.408239},"geometry":{"type":"Point","coordinates":[49.8438268,40.4082391]}},{"type":"Feature","properties":{"poi_id":"OSM_accommodation_3585836493","label":"İsimsiz kayıt","thesis_group":"ACCOMMODATION","thesis_subtype":"hotel","icon_id":"accommodation_hotel","name_quality":"MISSING","rayon":"Bakı şəhəri","rayon_id":"AZE_ADM2_54616110B61947743987915","verification_status":"PROVISIONAL","source_role":"MASTER_GIS","display_rank":5518,"lon":49.844911,"lat":40.404124},"geometry":{"type":"Point","coordinates":[49.844911200000006,40.4041239]}},{"type":"Feature","properties":{"poi_id":"OSM_accommodation_3585842293","label":"İsimsiz kayıt","thesis_group":"ACCOMMODATION","thesis_subtype":"hotel","icon_id":"accommodation_hotel","name_quality":"MISSING","rayon":"Yevlax şəhəri","rayon_id":"AZE_ADM2_54616110B78344971255813","verification_status":"PROVISIONAL","source_role":"MASTER_GIS","display_rank":5519,"lon":47.144303,"lat":40.601013},"geometry":{"type":"Point","coordinates":[47.144302700000004,40.6010134]}},{"type":"Feature","properties":{"poi_id":"OSM_accommodation_3585845493","label":"İsimsiz kayıt","thesis_group":"ACCOMMODATION","thesis_subtype":"hotel","icon_id":"accommodation_hotel","name_quality":"MISSING","rayon":"Culfa rayonu","rayon_id":"AZE_ADM2_54616110B53393721771174","verification_status":"PROVISIONAL","source_role":"MASTER_GIS","display_rank":5520,"lon":45.625732,"lat":38.955439},"geometry":{"type":"Point","coordinates":[45.625732400000004,38.9554393]}},{"type":"Feature","properties":{"poi_id":"OSM_accommodation_3585864193","label":"İsimsiz kayıt","thesis_group":"ACCOMMODATION","thesis_subtype":"motel","icon_id":"accommodation_motel","name_quality":"MISSING","rayon":"Bakı şəhəri","rayon_id":"AZE_ADM2_54616110B61947743987915","verification_status":"PROVISIONAL","source_role":"MASTER_GIS","display_rank":5521,"lon":49.89707,"lat":40.4287},"geometry":{"type":"Point","coordinates":[49.8970697,40.4286996]}},{"type":"Feature","properties":{"poi_id":"OSM_accommodation_3585889193","label":"İsimsiz kayıt","thesis_group":"ACCOMMODATION","thesis_subtype":"hotel","icon_id":"accommodation_hotel","name_quality":"MISSING","rayon":"Bakı şəhəri","rayon_id":"AZE_ADM2_54616110B61947743987915","verification_status":"PROVISIONAL","source_role":"MASTER_GIS","display_rank":5522,"lon":49.85182,"lat":40.379441},"geometry":{"type":"Point","coordinates":[49.8518203,40.379441400000005]}},{"type":"Feature","properties":{"poi_id":"OSM_accommodation_3587325174","label":"İsimsiz kayıt","thesis_group":"ACCOMMODATION","thesis_subtype":"guest_house","icon_id":"accommodation_guesthouse","name_quality":"MISSING","rayon":"Bakı şəhəri","rayon_id":"AZE_ADM2_54616110B61947743987915","verification_status":"PROVISIONAL","source_role":"MASTER_GIS","display_rank":5524,"lon":49.840585,"lat":40.372794},"geometry":{"type":"Point","coordinates":[49.8405849,40.3727937]}},{"type":"Feature","properties":{"poi_id":"OSM_accommodation_3587329728","label":"İsimsiz kayıt","thesis_group":"ACCOMMODATION","thesis_subtype":"guest_house","icon_id":"accommodation_guesthouse","name_quality":"MISSING","rayon":"Bakı şəhəri","rayon_id":"AZE_ADM2_54616110B61947743987915","verification_status":"PROVISIONAL","source_role":"MASTER_GIS","display_rank":5525,"lon":49.847554,"lat":40.386394},"geometry":{"type":"Point","coordinates":[49.847553600000005,40.3863944]}},{"type":"Feature","properties":{"poi_id":"OSM_accommodation_3587359706","label":"İsimsiz kayıt","thesis_group":"ACCOMMODATION","thesis_subtype":"motel","icon_id":"accommodation_motel","name_quality":"MISSING","rayon":"Xaçmaz rayonu","rayon_id":"AZE_ADM2_54616110B89497242950609","verification_status":"PROVISIONAL","source_role":"MASTER_GIS","display_rank":5526,"lon":48.79383,"lat":41.448934},"geometry":{"type":"Point","coordinates":[48.7938295,41.4489339]}},{"type":"Feature","properties":{"poi_id":"OSM_accommodation_3587359707","label":"İsimsiz kayıt","thesis_group":"ACCOMMODATION","thesis_subtype":"guest_house","icon_id":"accommodation_guesthouse","name_quality":"MISSING","rayon":"Xaçmaz rayonu","rayon_id":"AZE_ADM2_54616110B89497242950609","verification_status":"PROVISIONAL","source_role":"MASTER_GIS","display_rank":5527,"lon":48.791292,"lat":41.449718},"geometry":{"type":"Point","coordinates":[48.7912923,41.449718100000005]}},{"type":"Feature","properties":{"poi_id":"OSM_accommodation_3587361001","label":"İsimsiz kayıt","thesis_group":"ACCOMMODATION","thesis_subtype":"guest_house","icon_id":"accommodation_guesthouse","name_quality":"MISSING","rayon":"Bakı şəhəri","rayon_id":"AZE_ADM2_54616110B61947743987915","verification_status":"PROVISIONAL","source_role":"MASTER_GIS","display_rank":5528,"lon":49.835343,"lat":40.370938},"geometry":{"type":"Point","coordinates":[49.835343,40.370937700000006]}},{"type":"Feature","properties":{"poi_id":"OSM_accommodation_3602651943","label":"İsimsiz kayıt","thesis_group":"ACCOMMODATION","thesis_subtype":"hotel","icon_id":"accommodation_hotel","name_quality":"MISSING","rayon":"Bakı şəhəri","rayon_id":"AZE_ADM2_54616110B61947743987915","verification_status":"PROVISIONAL","source_role":"MASTER_GIS","display_rank":5529,"lon":49.835956,"lat":40.367643},"geometry":{"type":"Point","coordinates":[49.835956200000005,40.3676432]}},{"type":"Feature","properties":{"poi_id":"OSM_accommodation_3602653731","label":"İsimsiz kayıt","thesis_group":"ACCOMMODATION","thesis_subtype":"hotel","icon_id":"accommodation_hotel","name_quality":"MISSING","rayon":"Bakı şəhəri","rayon_id":"AZE_ADM2_54616110B61947743987915","verification_status":"PROVISIONAL","source_role":"MASTER_GIS","display_rank":5530,"lon":49.838442,"lat":40.370486},"geometry":{"type":"Point","coordinates":[49.8384421,40.370485800000004]}},{"type":"Feature","properties":{"poi_id":"OSM_accommodation_3602653732","label":"İsimsiz kayıt","thesis_group":"ACCOMMODATION","thesis_subtype":"motel","icon_id":"accommodation_motel","name_quality":"MISSING","rayon":"Xaçmaz rayonu","rayon_id":"AZE_ADM2_54616110B89497242950609","verification_status":"PROVISIONAL","source_role":"MASTER_GIS","display_rank":5531,"lon":48.72799,"lat":41.72879},"geometry":{"type":"Point","coordinates":[48.7279904,41.7287897]}},{"type":"Feature","properties":{"poi_id":"OSM_accommodation_3602660565","label":"İsimsiz kayıt","thesis_group":"ACCOMMODATION","thesis_subtype":"motel","icon_id":"accommodation_motel","name_quality":"MISSING","rayon":"Xaçmaz rayonu","rayon_id":"AZE_ADM2_54616110B89497242950609","verification_status":"PROVISIONAL","source_role":"MASTER_GIS","display_rank":5532,"lon":48.675705,"lat":41.777403},"geometry":{"type":"Point","coordinates":[48.6757052,41.7774032]}},{"type":"Feature","properties":{"poi_id":"OSM_accommodation_3602661820","label":"İsimsiz kayıt","thesis_group":"ACCOMMODATION","thesis_subtype":"hotel","icon_id":"accommodation_hotel","name_quality":"MISSING","rayon":"Bakı şəhəri","rayon_id":"AZE_ADM2_54616110B61947743987915","verification_status":"PROVISIONAL","source_role":"MASTER_GIS","display_rank":5533,"lon":49.872646,"lat":40.377853},"geometry":{"type":"Point","coordinates":[49.872645500000004,40.3778534]}},{"type":"Feature","properties":{"poi_id":"OSM_accommodation_3602665410","label":"İsimsiz kayıt","thesis_group":"ACCOMMODATION","thesis_subtype":"hotel","icon_id":"accommodation_hotel","name_quality":"MISSING","rayon":"Bakı şəhəri","rayon_id":"AZE_ADM2_54616110B61947743987915","verification_status":"PROVISIONAL","source_role":"MASTER_GIS","display_rank":5534,"lon":49.837517,"lat":40.369376},"geometry":{"type":"Point","coordinates":[49.8375174,40.369376]}},{"type":"Feature","properties":{"poi_id":"OSM_accommodation_3602667502","label":"İsimsiz kayıt","thesis_group":"ACCOMMODATION","thesis_subtype":"motel","icon_id":"accommodation_motel","name_quality":"MISSING","rayon":"Xaçmaz rayonu","rayon_id":"AZE_ADM2_54616110B89497242950609","verification_status":"PROVISIONAL","source_role":"MASTER_GIS","display_rank":5535,"lon":48.654008,"lat":41.798064},"geometry":{"type":"Point","coordinates":[48.6540078,41.7980637]}},{"type":"Feature","properties":{"poi_id":"OSM_accommodation_3602668110","label":"İsimsiz kayıt","thesis_group":"ACCOMMODATION","thesis_subtype":"hotel","icon_id":"accommodation_hotel","name_quality":"MISSING","rayon":"Bakı şəhəri","rayon_id":"AZE_ADM2_54616110B61947743987915","verification_status":"PROVISIONAL","source_role":"MASTER_GIS","display_rank":5536,"lon":49.855826,"lat":40.374925},"geometry":{"type":"Point","coordinates":[49.855826,40.374925100000006]}},{"type":"Feature","properties":{"poi_id":"OSM_accommodation_3602672773","label":"İsimsiz kayıt","thesis_group":"ACCOMMODATION","thesis_subtype":"motel","icon_id":"accommodation_motel","name_quality":"MISSING","rayon":"Qusar rayonu","rayon_id":"AZE_ADM2_54616110B21517829058101","verification_status":"PROVISIONAL","source_role":"MASTER_GIS","display_rank":5537,"lon":48.369416,"lat":41.398235},"geometry":{"type":"Point","coordinates":[48.3694159,41.398235]}},{"type":"Feature","properties":{"poi_id":"OSM_accommodation_3602675506","label":"İsimsiz kayıt","thesis_group":"ACCOMMODATION","thesis_subtype":"guest_house","icon_id":"accommodation_guesthouse","name_quality":"MISSING","rayon":"Bakı şəhəri","rayon_id":"AZE_ADM2_54616110B61947743987915","verification_status":"PROVISIONAL","source_role":"MASTER_GIS","display_rank":5538,"lon":49.886557,"lat":40.427442},"geometry":{"type":"Point","coordinates":[49.8865574,40.4274417]}},{"type":"Feature","properties":{"poi_id":"OSM_accommodation_3602685971","label":"İsimsiz kayıt","thesis_group":"ACCOMMODATION","thesis_subtype":"guest_house","icon_id":"accommodation_guesthouse","name_quality":"MISSING","rayon":"Bakı şəhəri","rayon_id":"AZE_ADM2_54616110B61947743987915","verification_status":"PROVISIONAL","source_role":"MASTER_GIS","display_rank":5539,"lon":49.856737,"lat":40.375861},"geometry":{"type":"Point","coordinates":[49.8567374,40.375861300000004]}},{"type":"Feature","properties":{"poi_id":"OSM_accommodation_3678126806","label":"İsimsiz kayıt","thesis_group":"ACCOMMODATION","thesis_subtype":"hostel","icon_id":"accommodation_hotel","name_quality":"MISSING","rayon":"Bakı şəhəri","rayon_id":"AZE_ADM2_54616110B61947743987915","verification_status":"PROVISIONAL","source_role":"MASTER_GIS","display_rank":5540,"lon":49.734008,"lat":40.320829},"geometry":{"type":"Point","coordinates":[49.734008,40.320828500000005]}},{"type":"Feature","properties":{"poi_id":"OSM_accommodation_3678139444","label":"İsimsiz kayıt","thesis_group":"ACCOMMODATION","thesis_subtype":"hotel","icon_id":"accommodation_hotel","name_quality":"MISSING","rayon":"Bakı şəhəri","rayon_id":"AZE_ADM2_54616110B61947743987915","verification_status":"PROVISIONAL","source_role":"MASTER_GIS","display_rank":5541,"lon":49.826772,"lat":40.359437},"geometry":{"type":"Point","coordinates":[49.8267722,40.359436800000005]}},{"type":"Feature","properties":{"poi_id":"OSM_accommodation_3678139455","label":"İsimsiz kayıt","thesis_group":"ACCOMMODATION","thesis_subtype":"hotel","icon_id":"accommodation_hotel","name_quality":"MISSING","rayon":"Bakı şəhəri","rayon_id":"AZE_ADM2_54616110B61947743987915","verification_status":"PROVISIONAL","source_role":"MASTER_GIS","display_rank":5542,"lon":49.822029,"lat":40.370695},"geometry":{"type":"Point","coordinates":[49.822029300000004,40.3706952]}},{"type":"Feature","properties":{"poi_id":"OSM_accommodation_3710217289","label":"İsimsiz kayıt","thesis_group":"ACCOMMODATION","thesis_subtype":"guest_house","icon_id":"accommodation_guesthouse","name_quality":"MISSING","rayon":"Lerik rayonu","rayon_id":"AZE_ADM2_54616110B59366301344355","verification_status":"PROVISIONAL","source_role":"MASTER_GIS","display_rank":5543,"lon":48.419471,"lat":38.775603},"geometry":{"type":"Point","coordinates":[48.4194709,38.7756026]}},{"type":"Feature","properties":{"poi_id":"OSM_accommodation_3714663962","label":"İsimsiz kayıt","thesis_group":"ACCOMMODATION","thesis_subtype":"hotel","icon_id":"accommodation_hotel","name_quality":"MISSING","rayon":"Xocalı rayonu","rayon_id":"AZE_ADM2_54616110B87325868620163","verification_status":"PROVISIONAL","source_role":"MASTER_GIS","display_rank":5544,"lon":46.727602,"lat":39.954747},"geometry":{"type":"Point","coordinates":[46.7276018,39.9547468]}},{"type":"Feature","properties":{"poi_id":"OSM_accommodation_3910202964","label":"İsimsiz kayıt","thesis_group":"ACCOMMODATION","thesis_subtype":"hotel","icon_id":"accommodation_hotel","name_quality":"MISSING","rayon":"Bakı şəhəri","rayon_id":"AZE_ADM2_54616110B61947743987915","verification_status":"PROVISIONAL","source_role":"MASTER_GIS","display_rank":5545,"lon":50.098432,"lat":40.531884},"geometry":{"type":"Point","coordinates":[50.0984325,40.5318837]}},{"type":"Feature","properties":{"poi_id":"OSM_accommodation_3914336496","label":"İsimsiz kayıt","thesis_group":"ACCOMMODATION","thesis_subtype":"motel","icon_id":"accommodation_motel","name_quality":"MISSING","rayon":"Astara rayonu","rayon_id":"AZE_ADM2_54616110B5213879595332","verification_status":"PROVISIONAL","source_role":"MASTER_GIS","display_rank":5546,"lon":48.87397,"lat":38.450373},"geometry":{"type":"Point","coordinates":[48.873970400000005,38.450372800000004]}},{"type":"Feature","properties":{"poi_id":"OSM_accommodation_4041254294","label":"İsimsiz kayıt","thesis_group":"ACCOMMODATION","thesis_subtype":"hotel","icon_id":"accommodation_hotel","name_quality":"MISSING","rayon":"İsmayıllı rayonu","rayon_id":"AZE_ADM2_54616110B45290451128830","verification_status":"PROVISIONAL","source_role":"MASTER_GIS","display_rank":5547,"lon":48.145169,"lat":40.784707},"geometry":{"type":"Point","coordinates":[48.145169100000004,40.784707000000004]}},{"type":"Feature","properties":{"poi_id":"OSM_accommodation_4106980989","label":"İsimsiz kayıt","thesis_group":"ACCOMMODATION","thesis_subtype":"hotel","icon_id":"accommodation_hotel","name_quality":"MISSING","rayon":"Bakı şəhəri","rayon_id":"AZE_ADM2_54616110B61947743987915","verification_status":"PROVISIONAL","source_role":"MASTER_GIS","display_rank":5548,"lon":49.842641,"lat":40.405102},"geometry":{"type":"Point","coordinates":[49.842641,40.4051015]}},{"type":"Feature","properties":{"poi_id":"OSM_accommodation_4207712592","label":"İsimsiz kayıt","thesis_group":"ACCOMMODATION","thesis_subtype":"hotel","icon_id":"accommodation_hotel","name_quality":"MISSING","rayon":"Bakı şəhəri","rayon_id":"AZE_ADM2_54616110B61947743987915","verification_status":"PROVISIONAL","source_role":"MASTER_GIS","display_rank":5549,"lon":49.858438,"lat":40.375739},"geometry":{"type":"Point","coordinates":[49.8584381,40.3757394]}},{"type":"Feature","properties":{"poi_id":"OSM_accommodation_4208415992","label":"İsimsiz kayıt","thesis_group":"ACCOMMODATION","thesis_subtype":"hotel","icon_id":"accommodation_hotel","name_quality":"MISSING","rayon":"Bakı şəhəri","rayon_id":"AZE_ADM2_54616110B61947743987915","verification_status":"PROVISIONAL","source_role":"MASTER_GIS","display_rank":5550,"lon":49.836198,"lat":40.368031},"geometry":{"type":"Point","coordinates":[49.836198100000004,40.3680314]}},{"type":"Feature","properties":{"poi_id":"OSM_accommodation_4212336689","label":"İsimsiz kayıt","thesis_group":"ACCOMMODATION","thesis_subtype":"hotel","icon_id":"accommodation_hotel","name_quality":"MISSING","rayon":"Qobustan rayonu","rayon_id":"AZE_ADM2_54616110B43271825035432","verification_status":"PROVISIONAL","source_role":"MASTER_GIS","display_rank":5551,"lon":48.84858,"lat":40.522431},"geometry":{"type":"Point","coordinates":[48.848579900000004,40.5224313]}},{"type":"Feature","properties":{"poi_id":"OSM_accommodation_4245584790","label":"İsimsiz kayıt","thesis_group":"ACCOMMODATION","thesis_subtype":"hotel","icon_id":"accommodation_hotel","name_quality":"MISSING","rayon":"Bakı şəhəri","rayon_id":"AZE_ADM2_54616110B61947743987915","verification_status":"PROVISIONAL","source_role":"MASTER_GIS","display_rank":5552,"lon":49.833342,"lat":40.371284},"geometry":{"type":"Point","coordinates":[49.833341600000004,40.371284]}},{"type":"Feature","properties":{"poi_id":"OSM_accommodation_4258647091","label":"İsimsiz kayıt","thesis_group":"ACCOMMODATION","thesis_subtype":"hotel","icon_id":"accommodation_hotel","name_quality":"MISSING","rayon":"Yevlax şəhəri","rayon_id":"AZE_ADM2_54616110B78344971255813","verification_status":"PROVISIONAL","source_role":"MASTER_GIS","display_rank":5553,"lon":47.168352,"lat":40.60004},"geometry":{"type":"Point","coordinates":[47.1683522,40.6000396]}},{"type":"Feature","properties":{"poi_id":"OSM_accommodation_4272035808","label":"İsimsiz kayıt","thesis_group":"ACCOMMODATION","thesis_subtype":"camp_site","icon_id":"accommodation_camping","name_quality":"MISSING","rayon":"Xocalı rayonu","rayon_id":"AZE_ADM2_54616110B87325868620163","verification_status":"PROVISIONAL","source_role":"MASTER_GIS","display_rank":5554,"lon":46.766959,"lat":39.760346},"geometry":{"type":"Point","coordinates":[46.766958800000005,39.7603458]}},{"type":"Feature","properties":{"poi_id":"OSM_accommodation_4287394689","label":"İsimsiz kayıt","thesis_group":"ACCOMMODATION","thesis_subtype":"camp_site","icon_id":"accommodation_camping","name_quality":"MISSING","rayon":"Bakı şəhəri","rayon_id":"AZE_ADM2_54616110B61947743987915","verification_status":"PROVISIONAL","source_role":"MASTER_GIS","display_rank":5555,"lon":50.25921,"lat":40.457874},"geometry":{"type":"Point","coordinates":[50.2592099,40.4578739]}},{"type":"Feature","properties":{"poi_id":"OSM_accommodation_4303016236","label":"İsimsiz kayıt","thesis_group":"ACCOMMODATION","thesis_subtype":"camp_site","icon_id":"accommodation_camping","name_quality":"MISSING","rayon":"Lənkəran rayonu","rayon_id":"AZE_ADM2_54616110B2076465815790","verification_status":"PROVISIONAL","source_role":"MASTER_GIS","display_rank":5556,"lon":48.775625,"lat":38.658565},"geometry":{"type":"Point","coordinates":[48.775625100000006,38.6585647]}},{"type":"Feature","properties":{"poi_id":"OSM_accommodation_4303054193","label":"İsimsiz kayıt","thesis_group":"ACCOMMODATION","thesis_subtype":"hotel","icon_id":"accommodation_hotel","name_quality":"MISSING","rayon":"Bakı şəhəri","rayon_id":"AZE_ADM2_54616110B61947743987915","verification_status":"PROVISIONAL","source_role":"MASTER_GIS","display_rank":5557,"lon":49.8383,"lat":40.372256},"geometry":{"type":"Point","coordinates":[49.838299500000005,40.3722556]}},{"type":"Feature","properties":{"poi_id":"OSM_accommodation_4316198790","label":"İsimsiz kayıt","thesis_group":"ACCOMMODATION","thesis_subtype":"hotel","icon_id":"accommodation_hotel","name_quality":"MISSING","rayon":"Bakı şəhəri","rayon_id":"AZE_ADM2_54616110B61947743987915","verification_status":"PROVISIONAL","source_role":"MASTER_GIS","display_rank":5558,"lon":49.842871,"lat":40.406343},"geometry":{"type":"Point","coordinates":[49.8428708,40.4063433]}},{"type":"Feature","properties":{"poi_id":"OSM_accommodation_4316867997","label":"İsimsiz kayıt","thesis_group":"ACCOMMODATION","thesis_subtype":"guest_house","icon_id":"accommodation_guesthouse","name_quality":"MISSING","rayon":"Bakı şəhəri","rayon_id":"AZE_ADM2_54616110B61947743987915","verification_status":"PROVISIONAL","source_role":"MASTER_GIS","display_rank":5559,"lon":50.064586,"lat":40.5417},"geometry":{"type":"Point","coordinates":[50.0645862,40.5416997]}},{"type":"Feature","properties":{"poi_id":"OSM_accommodation_4317417393","label":"İsimsiz kayıt","thesis_group":"ACCOMMODATION","thesis_subtype":"guest_house","icon_id":"accommodation_guesthouse","name_quality":"MISSING","rayon":"Bakı şəhəri","rayon_id":"AZE_ADM2_54616110B61947743987915","verification_status":"PROVISIONAL","source_role":"MASTER_GIS","display_rank":5560,"lon":50.064631,"lat":40.541751},"geometry":{"type":"Point","coordinates":[50.0646308,40.5417507]}},{"type":"Feature","properties":{"poi_id":"OSM_accommodation_4319126294","label":"İsimsiz kayıt","thesis_group":"ACCOMMODATION","thesis_subtype":"hotel","icon_id":"accommodation_hotel","name_quality":"MISSING","rayon":"Lənkəran şəhəri","rayon_id":"AZE_ADM2_54616110B92317303093203","verification_status":"PROVISIONAL","source_role":"MASTER_GIS","display_rank":5561,"lon":48.862062,"lat":38.743123},"geometry":{"type":"Point","coordinates":[48.862062,38.7431226]}},{"type":"Feature","properties":{"poi_id":"OSM_accommodation_4319472898","label":"İsimsiz kayıt","thesis_group":"ACCOMMODATION","thesis_subtype":"guest_house","icon_id":"accommodation_guesthouse","name_quality":"MISSING","rayon":"Şəki rayonu","rayon_id":"AZE_ADM2_54616110B25010354244926","verification_status":"PROVISIONAL","source_role":"MASTER_GIS","display_rank":5562,"lon":47.153895,"lat":41.177292},"geometry":{"type":"Point","coordinates":[47.1538947,41.177292200000004]}},{"type":"Feature","properties":{"poi_id":"OSM_accommodation_4325688790","label":"İsimsiz kayıt","thesis_group":"ACCOMMODATION","thesis_subtype":"guest_house","icon_id":"accommodation_guesthouse","name_quality":"MISSING","rayon":"Zaqatala rayonu","rayon_id":"AZE_ADM2_54616110B4759617374649","verification_status":"PROVISIONAL","source_role":"MASTER_GIS","display_rank":5564,"lon":46.564446,"lat":41.657515},"geometry":{"type":"Point","coordinates":[46.564445500000005,41.6575147]}},{"type":"Feature","properties":{"poi_id":"OSM_accommodation_4332119789","label":"İsimsiz kayıt","thesis_group":"ACCOMMODATION","thesis_subtype":"hostel","icon_id":"accommodation_hotel","name_quality":"MISSING","rayon":"Bakı şəhəri","rayon_id":"AZE_ADM2_54616110B61947743987915","verification_status":"PROVISIONAL","source_role":"MASTER_GIS","display_rank":5565,"lon":49.836521,"lat":40.367449},"geometry":{"type":"Point","coordinates":[49.8365206,40.367448800000005]}},{"type":"Feature","properties":{"poi_id":"OSM_accommodation_4335470990","label":"İsimsiz kayıt","thesis_group":"ACCOMMODATION","thesis_subtype":"hostel","icon_id":"accommodation_hotel","name_quality":"MISSING","rayon":"Bakı şəhəri","rayon_id":"AZE_ADM2_54616110B61947743987915","verification_status":"PROVISIONAL","source_role":"MASTER_GIS","display_rank":5566,"lon":49.832632,"lat":40.36586},"geometry":{"type":"Point","coordinates":[49.832631500000005,40.3658603]}},{"type":"Feature","properties":{"poi_id":"OSM_accommodation_4335882490","label":"İsimsiz kayıt","thesis_group":"ACCOMMODATION","thesis_subtype":"hotel","icon_id":"accommodation_hotel","name_quality":"MISSING","rayon":"Bakı şəhəri","rayon_id":"AZE_ADM2_54616110B61947743987915","verification_status":"PROVISIONAL","source_role":"MASTER_GIS","display_rank":5567,"lon":49.985143,"lat":40.591373},"geometry":{"type":"Point","coordinates":[49.985143300000004,40.5913726]}},{"type":"Feature","properties":{"poi_id":"OSM_accommodation_4353165989","label":"İsimsiz kayıt","thesis_group":"ACCOMMODATION","thesis_subtype":"hotel","icon_id":"accommodation_hotel","name_quality":"MISSING","rayon":"Bakı şəhəri","rayon_id":"AZE_ADM2_54616110B61947743987915","verification_status":"PROVISIONAL","source_role":"MASTER_GIS","display_rank":5569,"lon":49.856109,"lat":40.387674},"geometry":{"type":"Point","coordinates":[49.8561093,40.387673500000005]}},{"type":"Feature","properties":{"poi_id":"OSM_accommodation_4370076903","label":"İsimsiz kayıt","thesis_group":"ACCOMMODATION","thesis_subtype":"motel","icon_id":"accommodation_motel","name_quality":"MISSING","rayon":"Bakı şəhəri","rayon_id":"AZE_ADM2_54616110B61947743987915","verification_status":"PROVISIONAL","source_role":"MASTER_GIS","display_rank":5570,"lon":49.845151,"lat":40.38524},"geometry":{"type":"Point","coordinates":[49.845151,40.3852403]}},{"type":"Feature","properties":{"poi_id":"OSM_accommodation_4374746691","label":"İsimsiz kayıt","thesis_group":"ACCOMMODATION","thesis_subtype":"hotel","icon_id":"accommodation_hotel","name_quality":"MISSING","rayon":"Oğuz rayonu","rayon_id":"AZE_ADM2_54616110B99657283459996","verification_status":"PROVISIONAL","source_role":"MASTER_GIS","display_rank":5571,"lon":47.467729,"lat":41.085279},"geometry":{"type":"Point","coordinates":[47.4677291,41.0852791]}},{"type":"Feature","properties":{"poi_id":"OSM_accommodation_4379537731","label":"İsimsiz kayıt","thesis_group":"ACCOMMODATION","thesis_subtype":"guest_house","icon_id":"accommodation_guesthouse","name_quality":"MISSING","rayon":"Şəki şəhəri","rayon_id":"AZE_ADM2_54616110B24616396985677","verification_status":"PROVISIONAL","source_role":"MASTER_GIS","display_rank":5572,"lon":47.196596,"lat":41.19925},"geometry":{"type":"Point","coordinates":[47.1965957,41.1992503]}},{"type":"Feature","properties":{"poi_id":"OSM_accommodation_4382074890","label":"İsimsiz kayıt","thesis_group":"ACCOMMODATION","thesis_subtype":"guest_house","icon_id":"accommodation_guesthouse","name_quality":"MISSING","rayon":"Bakı şəhəri","rayon_id":"AZE_ADM2_54616110B61947743987915","verification_status":"PROVISIONAL","source_role":"MASTER_GIS","display_rank":5573,"lon":49.726928,"lat":40.450474},"geometry":{"type":"Point","coordinates":[49.7269275,40.4504741]}},{"type":"Feature","properties":{"poi_id":"OSM_accommodation_4423321090","label":"İsimsiz kayıt","thesis_group":"ACCOMMODATION","thesis_subtype":"hotel","icon_id":"accommodation_hotel","name_quality":"MISSING","rayon":"Bakı şəhəri","rayon_id":"AZE_ADM2_54616110B61947743987915","verification_status":"PROVISIONAL","source_role":"MASTER_GIS","display_rank":5575,"lon":49.862156,"lat":40.408967},"geometry":{"type":"Point","coordinates":[49.8621556,40.4089673]}},{"type":"Feature","properties":{"poi_id":"OSM_accommodation_4440388483","label":"İsimsiz kayıt","thesis_group":"ACCOMMODATION","thesis_subtype":"hostel","icon_id":"accommodation_hotel","name_quality":"MISSING","rayon":"Bakı şəhəri","rayon_id":"AZE_ADM2_54616110B61947743987915","verification_status":"PROVISIONAL","source_role":"MASTER_GIS","display_rank":5577,"lon":49.832473,"lat":40.3655},"geometry":{"type":"Point","coordinates":[49.8324732,40.365499500000006]}},{"type":"Feature","properties":{"poi_id":"OSM_accommodation_4441355886","label":"İsimsiz kayıt","thesis_group":"ACCOMMODATION","thesis_subtype":"hotel","icon_id":"accommodation_hotel","name_quality":"MISSING","rayon":"Qusar rayonu","rayon_id":"AZE_ADM2_54616110B21517829058101","verification_status":"PROVISIONAL","source_role":"MASTER_GIS","display_rank":5578,"lon":48.148618,"lat":41.321774},"geometry":{"type":"Point","coordinates":[48.1486183,41.3217735]}},{"type":"Feature","properties":{"poi_id":"OSM_accommodation_4441356397","label":"İsimsiz kayıt","thesis_group":"ACCOMMODATION","thesis_subtype":"hotel","icon_id":"accommodation_hotel","name_quality":"MISSING","rayon":"Qusar rayonu","rayon_id":"AZE_ADM2_54616110B21517829058101","verification_status":"PROVISIONAL","source_role":"MASTER_GIS","display_rank":5579,"lon":48.134625,"lat":41.319661},"geometry":{"type":"Point","coordinates":[48.134625,41.3196609]}},{"type":"Feature","properties":{"poi_id":"OSM_accommodation_4473972889","label":"İsimsiz kayıt","thesis_group":"ACCOMMODATION","thesis_subtype":"hotel","icon_id":"accommodation_hotel","name_quality":"MISSING","rayon":"Bakı şəhəri","rayon_id":"AZE_ADM2_54616110B61947743987915","verification_status":"PROVISIONAL","source_role":"MASTER_GIS","display_rank":5580,"lon":49.834346,"lat":40.423373},"geometry":{"type":"Point","coordinates":[49.8343457,40.4233734]}},{"type":"Feature","properties":{"poi_id":"OSM_accommodation_4561490989","label":"İsimsiz kayıt","thesis_group":"ACCOMMODATION","thesis_subtype":"guest_house","icon_id":"accommodation_guesthouse","name_quality":"MISSING","rayon":"Bakı şəhəri","rayon_id":"AZE_ADM2_54616110B61947743987915","verification_status":"PROVISIONAL","source_role":"MASTER_GIS","display_rank":5581,"lon":49.749287,"lat":40.448685},"geometry":{"type":"Point","coordinates":[49.749286600000005,40.4486847]}},{"type":"Feature","properties":{"poi_id":"OSM_accommodation_4564507496","label":"İsimsiz kayıt","thesis_group":"ACCOMMODATION","thesis_subtype":"hotel","icon_id":"accommodation_hotel","name_quality":"MISSING","rayon":"Bakı şəhəri","rayon_id":"AZE_ADM2_54616110B61947743987915","verification_status":"PROVISIONAL","source_role":"MASTER_GIS","display_rank":5582,"lon":49.850466,"lat":40.374448},"geometry":{"type":"Point","coordinates":[49.8504657,40.3744479]}},{"type":"Feature","properties":{"poi_id":"OSM_accommodation_4564559989","label":"İsimsiz kayıt","thesis_group":"ACCOMMODATION","thesis_subtype":"guest_house","icon_id":"accommodation_guesthouse","name_quality":"MISSING","rayon":"Bakı şəhəri","rayon_id":"AZE_ADM2_54616110B61947743987915","verification_status":"PROVISIONAL","source_role":"MASTER_GIS","display_rank":5583,"lon":49.859925,"lat":40.376507},"geometry":{"type":"Point","coordinates":[49.859925200000006,40.376507000000004]}},{"type":"Feature","properties":{"poi_id":"OSM_accommodation_4570164490","label":"İsimsiz kayıt","thesis_group":"ACCOMMODATION","thesis_subtype":"hotel","icon_id":"accommodation_hotel","name_quality":"MISSING","rayon":"Oğuz rayonu","rayon_id":"AZE_ADM2_54616110B99657283459996","verification_status":"PROVISIONAL","source_role":"MASTER_GIS","display_rank":5584,"lon":47.462176,"lat":41.059254},"geometry":{"type":"Point","coordinates":[47.4621761,41.0592545]}},{"type":"Feature","properties":{"poi_id":"OSM_accommodation_4586831490","label":"İsimsiz kayıt","thesis_group":"ACCOMMODATION","thesis_subtype":"guest_house","icon_id":"accommodation_guesthouse","name_quality":"MISSING","rayon":"Abşeron rayonu","rayon_id":"AZE_ADM2_54616110B88432173472444","verification_status":"PROVISIONAL","source_role":"MASTER_GIS","display_rank":5585,"lon":49.755688,"lat":40.504625},"geometry":{"type":"Point","coordinates":[49.7556877,40.5046248]}},{"type":"Feature","properties":{"poi_id":"OSM_accommodation_4632530502","label":"İsimsiz kayıt","thesis_group":"ACCOMMODATION","thesis_subtype":"hotel","icon_id":"accommodation_hotel","name_quality":"MISSING","rayon":"Zaqatala rayonu","rayon_id":"AZE_ADM2_54616110B4759617374649","verification_status":"PROVISIONAL","source_role":"MASTER_GIS","display_rank":5586,"lon":46.63876,"lat":41.63079},"geometry":{"type":"Point","coordinates":[46.638760500000004,41.6307905]}},{"type":"Feature","properties":{"poi_id":"OSM_accommodation_4683024671","label":"İsimsiz kayıt","thesis_group":"ACCOMMODATION","thesis_subtype":"hostel","icon_id":"accommodation_hotel","name_quality":"MISSING","rayon":"Bakı şəhəri","rayon_id":"AZE_ADM2_54616110B61947743987915","verification_status":"PROVISIONAL","source_role":"MASTER_GIS","display_rank":5587,"lon":49.835336,"lat":40.348005},"geometry":{"type":"Point","coordinates":[49.8353356,40.348004800000005]}},{"type":"Feature","properties":{"poi_id":"OSM_accommodation_4686325491","label":"İsimsiz kayıt","thesis_group":"ACCOMMODATION","thesis_subtype":"motel","icon_id":"accommodation_motel","name_quality":"MISSING","rayon":"Abşeron rayonu","rayon_id":"AZE_ADM2_54616110B88432173472444","verification_status":"PROVISIONAL","source_role":"MASTER_GIS","display_rank":5588,"lon":49.695152,"lat":40.542445},"geometry":{"type":"Point","coordinates":[49.695151900000006,40.5424452]}},{"type":"Feature","properties":{"poi_id":"OSM_accommodation_4689330592","label":"İsimsiz kayıt","thesis_group":"ACCOMMODATION","thesis_subtype":"hotel","icon_id":"accommodation_hotel","name_quality":"MISSING","rayon":"Qusar rayonu","rayon_id":"AZE_ADM2_54616110B21517829058101","verification_status":"PROVISIONAL","source_role":"MASTER_GIS","display_rank":5589,"lon":48.398543,"lat":41.405891},"geometry":{"type":"Point","coordinates":[48.3985427,41.4058912]}},{"type":"Feature","properties":{"poi_id":"OSM_accommodation_4703800789","label":"İsimsiz kayıt","thesis_group":"ACCOMMODATION","thesis_subtype":"guest_house","icon_id":"accommodation_guesthouse","name_quality":"MISSING","rayon":"Bakı şəhəri","rayon_id":"AZE_ADM2_54616110B61947743987915","verification_status":"PROVISIONAL","source_role":"MASTER_GIS","display_rank":5590,"lon":49.718188,"lat":40.327548},"geometry":{"type":"Point","coordinates":[49.7181884,40.3275479]}},{"type":"Feature","properties":{"poi_id":"OSM_accommodation_4711166294","label":"İsimsiz kayıt","thesis_group":"ACCOMMODATION","thesis_subtype":"guest_house","icon_id":"accommodation_guesthouse","name_quality":"MISSING","rayon":"Bakı şəhəri","rayon_id":"AZE_ADM2_54616110B61947743987915","verification_status":"PROVISIONAL","source_role":"MASTER_GIS","display_rank":5591,"lon":49.834543,"lat":40.544977},"geometry":{"type":"Point","coordinates":[49.834542500000005,40.544976600000005]}},{"type":"Feature","properties":{"poi_id":"OSM_accommodation_4715173391","label":"İsimsiz kayıt","thesis_group":"ACCOMMODATION","thesis_subtype":"guest_house","icon_id":"accommodation_guesthouse","name_quality":"MISSING","rayon":"Bakı şəhəri","rayon_id":"AZE_ADM2_54616110B61947743987915","verification_status":"PROVISIONAL","source_role":"MASTER_GIS","display_rank":5592,"lon":49.871268,"lat":40.397376},"geometry":{"type":"Point","coordinates":[49.8712681,40.397376300000005]}},{"type":"Feature","properties":{"poi_id":"OSM_accommodation_4718575490","label":"İsimsiz kayıt","thesis_group":"ACCOMMODATION","thesis_subtype":"guest_house","icon_id":"accommodation_guesthouse","name_quality":"MISSING","rayon":"Bakı şəhəri","rayon_id":"AZE_ADM2_54616110B61947743987915","verification_status":"PROVISIONAL","source_role":"MASTER_GIS","display_rank":5593,"lon":49.835882,"lat":40.344786},"geometry":{"type":"Point","coordinates":[49.8358823,40.3447862]}},{"type":"Feature","properties":{"poi_id":"OSM_accommodation_4727975591","label":"İsimsiz kayıt","thesis_group":"ACCOMMODATION","thesis_subtype":"hostel","icon_id":"accommodation_hotel","name_quality":"MISSING","rayon":"Yevlax şəhəri","rayon_id":"AZE_ADM2_54616110B78344971255813","verification_status":"PROVISIONAL","source_role":"MASTER_GIS","display_rank":5594,"lon":47.133616,"lat":40.618042},"geometry":{"type":"Point","coordinates":[47.1336159,40.618042100000004]}},{"type":"Feature","properties":{"poi_id":"OSM_accommodation_4737495722","label":"İsimsiz kayıt","thesis_group":"ACCOMMODATION","thesis_subtype":"guest_house","icon_id":"accommodation_guesthouse","name_quality":"MISSING","rayon":"Bakı şəhəri","rayon_id":"AZE_ADM2_54616110B61947743987915","verification_status":"PROVISIONAL","source_role":"MASTER_GIS","display_rank":5595,"lon":50.112712,"lat":40.494193},"geometry":{"type":"Point","coordinates":[50.1127119,40.4941934]}},{"type":"Feature","properties":{"poi_id":"OSM_accommodation_4747526322","label":"İsimsiz kayıt","thesis_group":"ACCOMMODATION","thesis_subtype":"camp_site","icon_id":"accommodation_camping","name_quality":"MISSING","rayon":"Babək rayonu","rayon_id":"AZE_ADM2_54616110B53070579367508","verification_status":"PROVISIONAL","source_role":"MASTER_GIS","display_rank":5596,"lon":45.393551,"lat":39.085541},"geometry":{"type":"Point","coordinates":[45.393551200000005,39.0855411]}},{"type":"Feature","properties":{"poi_id":"OSM_accommodation_4770739553","label":"İsimsiz kayıt","thesis_group":"ACCOMMODATION","thesis_subtype":"hotel","icon_id":"accommodation_hotel","name_quality":"MISSING","rayon":"Bakı şəhəri","rayon_id":"AZE_ADM2_54616110B61947743987915","verification_status":"PROVISIONAL","source_role":"MASTER_GIS","display_rank":5597,"lon":49.838084,"lat":40.370194},"geometry":{"type":"Point","coordinates":[49.838084,40.3701941]}},{"type":"Feature","properties":{"poi_id":"OSM_accommodation_4782346921","label":"İsimsiz kayıt","thesis_group":"ACCOMMODATION","thesis_subtype":"hotel","icon_id":"accommodation_hotel","name_quality":"MISSING","rayon":"Bakı şəhəri","rayon_id":"AZE_ADM2_54616110B61947743987915","verification_status":"PROVISIONAL","source_role":"MASTER_GIS","display_rank":5598,"lon":49.775829,"lat":40.306136},"geometry":{"type":"Point","coordinates":[49.775829200000004,40.306136300000006]}},{"type":"Feature","properties":{"poi_id":"OSM_accommodation_4782725522","label":"İsimsiz kayıt","thesis_group":"ACCOMMODATION","thesis_subtype":"guest_house","icon_id":"accommodation_guesthouse","name_quality":"MISSING","rayon":"Bakı şəhəri","rayon_id":"AZE_ADM2_54616110B61947743987915","verification_status":"PROVISIONAL","source_role":"MASTER_GIS","display_rank":5599,"lon":49.840852,"lat":40.381488},"geometry":{"type":"Point","coordinates":[49.8408522,40.3814879]}},{"type":"Feature","properties":{"poi_id":"OSM_accommodation_4784209603","label":"İsimsiz kayıt","thesis_group":"ACCOMMODATION","thesis_subtype":"guest_house","icon_id":"accommodation_guesthouse","name_quality":"MISSING","rayon":"Sumqayıt şəhəri","rayon_id":"AZE_ADM2_54616110B75219613739908","verification_status":"PROVISIONAL","source_role":"MASTER_GIS","display_rank":5600,"lon":49.668224,"lat":40.567664},"geometry":{"type":"Point","coordinates":[49.668224,40.567664400000005]}},{"type":"Feature","properties":{"poi_id":"OSM_accommodation_4786119297","label":"İsimsiz kayıt","thesis_group":"ACCOMMODATION","thesis_subtype":"hostel","icon_id":"accommodation_hotel","name_quality":"MISSING","rayon":"Gəncə şəhəri","rayon_id":"AZE_ADM2_54616110B84154267491992","verification_status":"PROVISIONAL","source_role":"MASTER_GIS","display_rank":5601,"lon":46.360135,"lat":40.675553},"geometry":{"type":"Point","coordinates":[46.3601347,40.6755526]}},{"type":"Feature","properties":{"poi_id":"OSM_accommodation_4786379196","label":"İsimsiz kayıt","thesis_group":"ACCOMMODATION","thesis_subtype":"hostel","icon_id":"accommodation_hotel","name_quality":"MISSING","rayon":"Gəncə şəhəri","rayon_id":"AZE_ADM2_54616110B84154267491992","verification_status":"PROVISIONAL","source_role":"MASTER_GIS","display_rank":5602,"lon":46.37071,"lat":40.675409},"geometry":{"type":"Point","coordinates":[46.3707099,40.6754088]}},{"type":"Feature","properties":{"poi_id":"OSM_accommodation_4786465243","label":"İsimsiz kayıt","thesis_group":"ACCOMMODATION","thesis_subtype":"guest_house","icon_id":"accommodation_guesthouse","name_quality":"MISSING","rayon":"Bakı şəhəri","rayon_id":"AZE_ADM2_54616110B61947743987915","verification_status":"PROVISIONAL","source_role":"MASTER_GIS","display_rank":5603,"lon":49.839661,"lat":40.372916},"geometry":{"type":"Point","coordinates":[49.8396613,40.372916000000004]}},{"type":"Feature","properties":{"poi_id":"OSM_accommodation_4808013523","label":"İsimsiz kayıt","thesis_group":"ACCOMMODATION","thesis_subtype":"guest_house","icon_id":"accommodation_guesthouse","name_quality":"MISSING","rayon":"Bakı şəhəri","rayon_id":"AZE_ADM2_54616110B61947743987915","verification_status":"PROVISIONAL","source_role":"MASTER_GIS","display_rank":5604,"lon":49.845414,"lat":40.427439},"geometry":{"type":"Point","coordinates":[49.8454136,40.4274392]}},{"type":"Feature","properties":{"poi_id":"OSM_accommodation_4936931321","label":"İsimsiz kayıt","thesis_group":"ACCOMMODATION","thesis_subtype":"hostel","icon_id":"accommodation_hotel","name_quality":"MISSING","rayon":"Kürdəmir rayonu","rayon_id":"AZE_ADM2_54616110B82810927503709","verification_status":"PROVISIONAL","source_role":"MASTER_GIS","display_rank":5606,"lon":48.149689,"lat":40.346397},"geometry":{"type":"Point","coordinates":[48.149689,40.3463974]}},{"type":"Feature","properties":{"poi_id":"OSM_accommodation_4991778420","label":"İsimsiz kayıt","thesis_group":"ACCOMMODATION","thesis_subtype":"hotel","icon_id":"accommodation_hotel","name_quality":"MISSING","rayon":"Astara rayonu","rayon_id":"AZE_ADM2_54616110B5213879595332","verification_status":"PROVISIONAL","source_role":"MASTER_GIS","display_rank":5607,"lon":48.842692,"lat":38.443578},"geometry":{"type":"Point","coordinates":[48.842691900000005,38.443577700000006]}},{"type":"Feature","properties":{"poi_id":"OSM_accommodation_5023706525","label":"İsimsiz kayıt","thesis_group":"ACCOMMODATION","thesis_subtype":"guest_house","icon_id":"accommodation_guesthouse","name_quality":"MISSING","rayon":"Bakı şəhəri","rayon_id":"AZE_ADM2_54616110B61947743987915","verification_status":"PROVISIONAL","source_role":"MASTER_GIS","display_rank":5608,"lon":49.855345,"lat":40.551957},"geometry":{"type":"Point","coordinates":[49.8553446,40.551957200000004]}},{"type":"Feature","properties":{"poi_id":"OSM_accommodation_5099937421","label":"İsimsiz kayıt","thesis_group":"ACCOMMODATION","thesis_subtype":"hotel","icon_id":"accommodation_hotel","name_quality":"MISSING","rayon":"Bakı şəhəri","rayon_id":"AZE_ADM2_54616110B61947743987915","verification_status":"PROVISIONAL","source_role":"MASTER_GIS","display_rank":5611,"lon":49.837605,"lat":40.375808},"geometry":{"type":"Point","coordinates":[49.837605,40.3758081]}},{"type":"Feature","properties":{"poi_id":"OSM_accommodation_5108432021","label":"İsimsiz kayıt","thesis_group":"ACCOMMODATION","thesis_subtype":"hotel","icon_id":"accommodation_hotel","name_quality":"MISSING","rayon":"Bakı şəhəri","rayon_id":"AZE_ADM2_54616110B61947743987915","verification_status":"PROVISIONAL","source_role":"MASTER_GIS","display_rank":5612,"lon":49.83498,"lat":40.350243},"geometry":{"type":"Point","coordinates":[49.8349805,40.350243]}},{"type":"Feature","properties":{"poi_id":"OSM_accommodation_5154128929","label":"İsimsiz kayıt","thesis_group":"ACCOMMODATION","thesis_subtype":"hostel","icon_id":"accommodation_hotel","name_quality":"MISSING","rayon":"Bakı şəhəri","rayon_id":"AZE_ADM2_54616110B61947743987915","verification_status":"PROVISIONAL","source_role":"MASTER_GIS","display_rank":5613,"lon":49.843473,"lat":40.370732},"geometry":{"type":"Point","coordinates":[49.843472600000005,40.3707318]}},{"type":"Feature","properties":{"poi_id":"OSM_accommodation_5162104021","label":"İsimsiz kayıt","thesis_group":"ACCOMMODATION","thesis_subtype":"guest_house","icon_id":"accommodation_guesthouse","name_quality":"MISSING","rayon":"Bakı şəhəri","rayon_id":"AZE_ADM2_54616110B61947743987915","verification_status":"PROVISIONAL","source_role":"MASTER_GIS","display_rank":5614,"lon":49.848862,"lat":40.415219},"geometry":{"type":"Point","coordinates":[49.848861600000006,40.4152186]}},{"type":"Feature","properties":{"poi_id":"OSM_accommodation_5202245123","label":"İsimsiz kayıt","thesis_group":"ACCOMMODATION","thesis_subtype":"hotel","icon_id":"accommodation_hotel","name_quality":"MISSING","rayon":"Bakı şəhəri","rayon_id":"AZE_ADM2_54616110B61947743987915","verification_status":"PROVISIONAL","source_role":"MASTER_GIS","display_rank":5615,"lon":50.042641,"lat":40.58694},"geometry":{"type":"Point","coordinates":[50.042641100000004,40.586939900000004]}},{"type":"Feature","properties":{"poi_id":"OSM_accommodation_5265964258","label":"İsimsiz kayıt","thesis_group":"ACCOMMODATION","thesis_subtype":"hostel","icon_id":"accommodation_hotel","name_quality":"MISSING","rayon":"Bakı şəhəri","rayon_id":"AZE_ADM2_54616110B61947743987915","verification_status":"PROVISIONAL","source_role":"MASTER_GIS","display_rank":5616,"lon":49.838067,"lat":40.373176},"geometry":{"type":"Point","coordinates":[49.838066600000005,40.3731762]}},{"type":"Feature","properties":{"poi_id":"OSM_accommodation_5267578721","label":"İsimsiz kayıt","thesis_group":"ACCOMMODATION","thesis_subtype":"hotel","icon_id":"accommodation_hotel","name_quality":"MISSING","rayon":"Qusar rayonu","rayon_id":"AZE_ADM2_54616110B21517829058101","verification_status":"PROVISIONAL","source_role":"MASTER_GIS","display_rank":5617,"lon":48.426323,"lat":41.634035},"geometry":{"type":"Point","coordinates":[48.426322500000005,41.6340346]}},{"type":"Feature","properties":{"poi_id":"OSM_accommodation_5313354121","label":"İsimsiz kayıt","thesis_group":"ACCOMMODATION","thesis_subtype":"hotel","icon_id":"accommodation_hotel","name_quality":"MISSING","rayon":"Bakı şəhəri","rayon_id":"AZE_ADM2_54616110B61947743987915","verification_status":"PROVISIONAL","source_role":"MASTER_GIS","display_rank":5619,"lon":49.868879,"lat":40.40707},"geometry":{"type":"Point","coordinates":[49.8688791,40.407069500000006]}},{"type":"Feature","properties":{"poi_id":"OSM_accommodation_5318860922","label":"İsimsiz kayıt","thesis_group":"ACCOMMODATION","thesis_subtype":"motel","icon_id":"accommodation_motel","name_quality":"MISSING","rayon":"Balakən rayonu","rayon_id":"AZE_ADM2_54616110B63924922129682","verification_status":"PROVISIONAL","source_role":"MASTER_GIS","display_rank":5620,"lon":46.450173,"lat":41.727927},"geometry":{"type":"Point","coordinates":[46.4501731,41.727927]}},{"type":"Feature","properties":{"poi_id":"OSM_accommodation_5336110408","label":"İsimsiz kayıt","thesis_group":"ACCOMMODATION","thesis_subtype":"hotel","icon_id":"accommodation_hotel","name_quality":"MISSING","rayon":"Bakı şəhəri","rayon_id":"AZE_ADM2_54616110B61947743987915","verification_status":"PROVISIONAL","source_role":"MASTER_GIS","display_rank":5621,"lon":49.826227,"lat":40.365688},"geometry":{"type":"Point","coordinates":[49.8262274,40.3656876]}},{"type":"Feature","properties":{"poi_id":"OSM_accommodation_5348437321","label":"İsimsiz kayıt","thesis_group":"ACCOMMODATION","thesis_subtype":"hotel","icon_id":"accommodation_hotel","name_quality":"MISSING","rayon":"Şəki rayonu","rayon_id":"AZE_ADM2_54616110B25010354244926","verification_status":"PROVISIONAL","source_role":"MASTER_GIS","display_rank":5622,"lon":47.202423,"lat":41.245124},"geometry":{"type":"Point","coordinates":[47.2024228,41.245124000000004]}},{"type":"Feature","properties":{"poi_id":"OSM_accommodation_5406619121","label":"İsimsiz kayıt","thesis_group":"ACCOMMODATION","thesis_subtype":"hotel","icon_id":"accommodation_hotel","name_quality":"MISSING","rayon":"Qəbələ rayonu","rayon_id":"AZE_ADM2_54616110B33746839775993","verification_status":"PROVISIONAL","source_role":"MASTER_GIS","display_rank":5623,"lon":47.880209,"lat":41.004226},"geometry":{"type":"Point","coordinates":[47.880208700000004,41.004226100000004]}},{"type":"Feature","properties":{"poi_id":"OSM_accommodation_5422301423","label":"İsimsiz kayıt","thesis_group":"ACCOMMODATION","thesis_subtype":"hotel","icon_id":"accommodation_hotel","name_quality":"MISSING","rayon":"Qazax rayonu","rayon_id":"AZE_ADM2_54616110B43488292017990","verification_status":"PROVISIONAL","source_role":"MASTER_GIS","display_rank":5624,"lon":45.32235,"lat":41.142008},"geometry":{"type":"Point","coordinates":[45.3223496,41.1420085]}},{"type":"Feature","properties":{"poi_id":"OSM_accommodation_5581020815","label":"İsimsiz kayıt","thesis_group":"ACCOMMODATION","thesis_subtype":"hostel","icon_id":"accommodation_hotel","name_quality":"MISSING","rayon":"Bakı şəhəri","rayon_id":"AZE_ADM2_54616110B61947743987915","verification_status":"PROVISIONAL","source_role":"MASTER_GIS","display_rank":5625,"lon":49.845021,"lat":40.376346},"geometry":{"type":"Point","coordinates":[49.845020700000006,40.3763457]}},{"type":"Feature","properties":{"poi_id":"OSM_accommodation_5602447265","label":"İsimsiz kayıt","thesis_group":"ACCOMMODATION","thesis_subtype":"hostel","icon_id":"accommodation_hotel","name_quality":"MISSING","rayon":"Bakı şəhəri","rayon_id":"AZE_ADM2_54616110B61947743987915","verification_status":"PROVISIONAL","source_role":"MASTER_GIS","display_rank":5626,"lon":49.834798,"lat":40.364993},"geometry":{"type":"Point","coordinates":[49.834797800000004,40.3649932]}},{"type":"Feature","properties":{"poi_id":"OSM_accommodation_5666662521","label":"İsimsiz kayıt","thesis_group":"ACCOMMODATION","thesis_subtype":"hotel","icon_id":"accommodation_hotel","name_quality":"MISSING","rayon":"Xaçmaz rayonu","rayon_id":"AZE_ADM2_54616110B89497242950609","verification_status":"PROVISIONAL","source_role":"MASTER_GIS","display_rank":5627,"lon":48.736639,"lat":41.710532},"geometry":{"type":"Point","coordinates":[48.7366388,41.710531800000005]}},{"type":"Feature","properties":{"poi_id":"OSM_accommodation_5730579321","label":"İsimsiz kayıt","thesis_group":"ACCOMMODATION","thesis_subtype":"camp_site","icon_id":"accommodation_camping","name_quality":"MISSING","rayon":"Abşeron rayonu","rayon_id":"AZE_ADM2_54616110B88432173472444","verification_status":"PROVISIONAL","source_role":"MASTER_GIS","display_rank":5629,"lon":49.735265,"lat":40.455433},"geometry":{"type":"Point","coordinates":[49.735264900000004,40.4554326]}},{"type":"Feature","properties":{"poi_id":"OSM_accommodation_5745778521","label":"İsimsiz kayıt","thesis_group":"ACCOMMODATION","thesis_subtype":"guest_house","icon_id":"accommodation_guesthouse","name_quality":"MISSING","rayon":"Bakı şəhəri","rayon_id":"AZE_ADM2_54616110B61947743987915","verification_status":"PROVISIONAL","source_role":"MASTER_GIS","display_rank":5630,"lon":50.081118,"lat":40.464658},"geometry":{"type":"Point","coordinates":[50.0811177,40.464657900000006]}},{"type":"Feature","properties":{"poi_id":"OSM_accommodation_5787140107","label":"İsimsiz kayıt","thesis_group":"ACCOMMODATION","thesis_subtype":"hostel","icon_id":"accommodation_hotel","name_quality":"MISSING","rayon":"Bakı şəhəri","rayon_id":"AZE_ADM2_54616110B61947743987915","verification_status":"PROVISIONAL","source_role":"MASTER_GIS","display_rank":5631,"lon":49.835811,"lat":40.367467},"geometry":{"type":"Point","coordinates":[49.835810900000006,40.3674673]}},{"type":"Feature","properties":{"poi_id":"OSM_accommodation_5798102654","label":"İsimsiz kayıt","thesis_group":"ACCOMMODATION","thesis_subtype":"camp_site","icon_id":"accommodation_camping","name_quality":"MISSING","rayon":"Zəngilan rayonu","rayon_id":"AZE_ADM2_54616110B64107713492867","verification_status":"PROVISIONAL","source_role":"MASTER_GIS","display_rank":5632,"lon":46.522362,"lat":39.055172},"geometry":{"type":"Point","coordinates":[46.522362400000006,39.0551717]}},{"type":"Feature","properties":{"poi_id":"OSM_accommodation_5804347653","label":"İsimsiz kayıt","thesis_group":"ACCOMMODATION","thesis_subtype":"hostel","icon_id":"accommodation_hotel","name_quality":"MISSING","rayon":"Şəki şəhəri","rayon_id":"AZE_ADM2_54616110B24616396985677","verification_status":"PROVISIONAL","source_role":"MASTER_GIS","display_rank":5633,"lon":47.177314,"lat":41.199539},"geometry":{"type":"Point","coordinates":[47.177313700000006,41.199538600000004]}},{"type":"Feature","properties":{"poi_id":"OSM_accommodation_5812360354","label":"İsimsiz kayıt","thesis_group":"ACCOMMODATION","thesis_subtype":"motel","icon_id":"accommodation_motel","name_quality":"MISSING","rayon":"Zaqatala rayonu","rayon_id":"AZE_ADM2_54616110B4759617374649","verification_status":"PROVISIONAL","source_role":"MASTER_GIS","display_rank":5634,"lon":46.654267,"lat":41.632555},"geometry":{"type":"Point","coordinates":[46.6542667,41.6325548]}},{"type":"Feature","properties":{"poi_id":"OSM_accommodation_5856095695","label":"İsimsiz kayıt","thesis_group":"ACCOMMODATION","thesis_subtype":"hotel","icon_id":"accommodation_hotel","name_quality":"MISSING","rayon":"Qazax rayonu","rayon_id":"AZE_ADM2_54616110B43488292017990","verification_status":"PROVISIONAL","source_role":"MASTER_GIS","display_rank":5636,"lon":45.342994,"lat":41.107155},"geometry":{"type":"Point","coordinates":[45.3429944,41.1071552]}},{"type":"Feature","properties":{"poi_id":"OSM_accommodation_5876048385","label":"İsimsiz kayıt","thesis_group":"ACCOMMODATION","thesis_subtype":"hotel","icon_id":"accommodation_hotel","name_quality":"MISSING","rayon":"Ağstafa rayonu","rayon_id":"AZE_ADM2_54616110B36354954300290","verification_status":"PROVISIONAL","source_role":"MASTER_GIS","display_rank":5638,"lon":45.450851,"lat":41.113473},"geometry":{"type":"Point","coordinates":[45.4508506,41.113473400000004]}},{"type":"Feature","properties":{"poi_id":"OSM_accommodation_5916473793","label":"İsimsiz kayıt","thesis_group":"ACCOMMODATION","thesis_subtype":"hostel","icon_id":"accommodation_hotel","name_quality":"MISSING","rayon":"Bakı şəhəri","rayon_id":"AZE_ADM2_54616110B61947743987915","verification_status":"PROVISIONAL","source_role":"MASTER_GIS","display_rank":5639,"lon":49.848828,"lat":40.373846},"geometry":{"type":"Point","coordinates":[49.848827500000006,40.3738459]}},{"type":"Feature","properties":{"poi_id":"OSM_accommodation_5956061185","label":"İsimsiz kayıt","thesis_group":"ACCOMMODATION","thesis_subtype":"camp_site","icon_id":"accommodation_camping","name_quality":"MISSING","rayon":"Ağsu rayonu","rayon_id":"AZE_ADM2_54616110B12323901372431","verification_status":"PROVISIONAL","source_role":"MASTER_GIS","display_rank":5640,"lon":48.512258,"lat":40.677805},"geometry":{"type":"Point","coordinates":[48.512257500000004,40.677804800000004]}},{"type":"Feature","properties":{"poi_id":"OSM_accommodation_5980769189","label":"İsimsiz kayıt","thesis_group":"ACCOMMODATION","thesis_subtype":"hotel","icon_id":"accommodation_hotel","name_quality":"MISSING","rayon":"Bakı şəhəri","rayon_id":"AZE_ADM2_54616110B61947743987915","verification_status":"PROVISIONAL","source_role":"MASTER_GIS","display_rank":5641,"lon":49.829703,"lat":40.359991},"geometry":{"type":"Point","coordinates":[49.829703,40.359991400000006]}},{"type":"Feature","properties":{"poi_id":"OSM_accommodation_6006890149","label":"İsimsiz kayıt","thesis_group":"ACCOMMODATION","thesis_subtype":"camp_site","icon_id":"accommodation_camping","name_quality":"MISSING","rayon":"Masallı rayonu","rayon_id":"AZE_ADM2_54616110B86237771899826","verification_status":"PROVISIONAL","source_role":"MASTER_GIS","display_rank":5642,"lon":48.769839,"lat":38.945384},"geometry":{"type":"Point","coordinates":[48.7698386,38.945384000000004]}},{"type":"Feature","properties":{"poi_id":"OSM_accommodation_6089476486","label":"İsimsiz kayıt","thesis_group":"ACCOMMODATION","thesis_subtype":"guest_house","icon_id":"accommodation_guesthouse","name_quality":"MISSING","rayon":"Balakən rayonu","rayon_id":"AZE_ADM2_54616110B63924922129682","verification_status":"PROVISIONAL","source_role":"MASTER_GIS","display_rank":5645,"lon":46.263519,"lat":41.702378},"geometry":{"type":"Point","coordinates":[46.263518700000006,41.702378200000005]}},{"type":"Feature","properties":{"poi_id":"OSM_accommodation_6149375869","label":"İsimsiz kayıt","thesis_group":"ACCOMMODATION","thesis_subtype":"hotel","icon_id":"accommodation_hotel","name_quality":"MISSING","rayon":"Bakı şəhəri","rayon_id":"AZE_ADM2_54616110B61947743987915","verification_status":"PROVISIONAL","source_role":"MASTER_GIS","display_rank":5646,"lon":49.835174,"lat":40.367223},"geometry":{"type":"Point","coordinates":[49.835173600000005,40.3672228]}},{"type":"Feature","properties":{"poi_id":"OSM_accommodation_6254207186","label":"İsimsiz kayıt","thesis_group":"ACCOMMODATION","thesis_subtype":"guest_house","icon_id":"accommodation_guesthouse","name_quality":"MISSING","rayon":"Bakı şəhəri","rayon_id":"AZE_ADM2_54616110B61947743987915","verification_status":"PROVISIONAL","source_role":"MASTER_GIS","display_rank":5647,"lon":50.105188,"lat":40.50435},"geometry":{"type":"Point","coordinates":[50.10518810000001,40.504349700000006]}},{"type":"Feature","properties":{"poi_id":"OSM_accommodation_6270275343","label":"İsimsiz kayıt","thesis_group":"ACCOMMODATION","thesis_subtype":"hotel","icon_id":"accommodation_hotel","name_quality":"MISSING","rayon":"Bakı şəhəri","rayon_id":"AZE_ADM2_54616110B61947743987915","verification_status":"PROVISIONAL","source_role":"MASTER_GIS","display_rank":5648,"lon":49.835622,"lat":40.372411},"geometry":{"type":"Point","coordinates":[49.8356222,40.3724112]}},{"type":"Feature","properties":{"poi_id":"OSM_accommodation_6280220485","label":"İsimsiz kayıt","thesis_group":"ACCOMMODATION","thesis_subtype":"hotel","icon_id":"accommodation_hotel","name_quality":"MISSING","rayon":"Bakı şəhəri","rayon_id":"AZE_ADM2_54616110B61947743987915","verification_status":"PROVISIONAL","source_role":"MASTER_GIS","display_rank":5649,"lon":49.799229,"lat":40.421127},"geometry":{"type":"Point","coordinates":[49.7992288,40.4211267]}},{"type":"Feature","properties":{"poi_id":"OSM_accommodation_6320271772","label":"İsimsiz kayıt","thesis_group":"ACCOMMODATION","thesis_subtype":"hotel","icon_id":"accommodation_hotel","name_quality":"MISSING","rayon":"Bakı şəhəri","rayon_id":"AZE_ADM2_54616110B61947743987915","verification_status":"PROVISIONAL","source_role":"MASTER_GIS","display_rank":5650,"lon":49.838675,"lat":40.370051},"geometry":{"type":"Point","coordinates":[49.838675300000006,40.3700506]}},{"type":"Feature","properties":{"poi_id":"OSM_accommodation_6320271773","label":"İsimsiz kayıt","thesis_group":"ACCOMMODATION","thesis_subtype":"hotel","icon_id":"accommodation_hotel","name_quality":"MISSING","rayon":"Bakı şəhəri","rayon_id":"AZE_ADM2_54616110B61947743987915","verification_status":"PROVISIONAL","source_role":"MASTER_GIS","display_rank":5651,"lon":49.835722,"lat":40.371251},"geometry":{"type":"Point","coordinates":[49.83572160000001,40.371251400000006]}},{"type":"Feature","properties":{"poi_id":"OSM_accommodation_6320271774","label":"İsimsiz kayıt","thesis_group":"ACCOMMODATION","thesis_subtype":"hotel","icon_id":"accommodation_hotel","name_quality":"MISSING","rayon":"Bakı şəhəri","rayon_id":"AZE_ADM2_54616110B61947743987915","verification_status":"PROVISIONAL","source_role":"MASTER_GIS","display_rank":5652,"lon":49.843403,"lat":40.371731},"geometry":{"type":"Point","coordinates":[49.843403,40.371730500000005]}},{"type":"Feature","properties":{"poi_id":"OSM_accommodation_6387454957","label":"İsimsiz kayıt","thesis_group":"ACCOMMODATION","thesis_subtype":"hotel","icon_id":"accommodation_hotel","name_quality":"MISSING","rayon":"Masallı rayonu","rayon_id":"AZE_ADM2_54616110B86237771899826","verification_status":"PROVISIONAL","source_role":"MASTER_GIS","display_rank":5653,"lon":48.680513,"lat":39.020848},"geometry":{"type":"Point","coordinates":[48.6805127,39.0208481]}},{"type":"Feature","properties":{"poi_id":"OSM_accommodation_6387454958","label":"İsimsiz kayıt","thesis_group":"ACCOMMODATION","thesis_subtype":"hotel","icon_id":"accommodation_hotel","name_quality":"MISSING","rayon":"Masallı rayonu","rayon_id":"AZE_ADM2_54616110B86237771899826","verification_status":"PROVISIONAL","source_role":"MASTER_GIS","display_rank":5654,"lon":48.683807,"lat":39.020024},"geometry":{"type":"Point","coordinates":[48.683807200000004,39.020023800000004]}},{"type":"Feature","properties":{"poi_id":"OSM_accommodation_6434248072","label":"İsimsiz kayıt","thesis_group":"ACCOMMODATION","thesis_subtype":"hotel","icon_id":"accommodation_hotel","name_quality":"MISSING","rayon":"Bakı şəhəri","rayon_id":"AZE_ADM2_54616110B61947743987915","verification_status":"PROVISIONAL","source_role":"MASTER_GIS","display_rank":5655,"lon":49.836325,"lat":40.366316},"geometry":{"type":"Point","coordinates":[49.836324600000005,40.366316000000005]}},{"type":"Feature","properties":{"poi_id":"OSM_accommodation_6434248486","label":"İsimsiz kayıt","thesis_group":"ACCOMMODATION","thesis_subtype":"hotel","icon_id":"accommodation_hotel","name_quality":"MISSING","rayon":"Bakı şəhəri","rayon_id":"AZE_ADM2_54616110B61947743987915","verification_status":"PROVISIONAL","source_role":"MASTER_GIS","display_rank":5656,"lon":49.838847,"lat":40.372062},"geometry":{"type":"Point","coordinates":[49.838847300000005,40.3720615]}},{"type":"Feature","properties":{"poi_id":"OSM_accommodation_6434248487","label":"İsimsiz kayıt","thesis_group":"ACCOMMODATION","thesis_subtype":"hotel","icon_id":"accommodation_hotel","name_quality":"MISSING","rayon":"Bakı şəhəri","rayon_id":"AZE_ADM2_54616110B61947743987915","verification_status":"PROVISIONAL","source_role":"MASTER_GIS","display_rank":5657,"lon":49.838786,"lat":40.372044},"geometry":{"type":"Point","coordinates":[49.8387855,40.372044100000004]}},{"type":"Feature","properties":{"poi_id":"OSM_accommodation_6455522285","label":"İsimsiz kayıt","thesis_group":"ACCOMMODATION","thesis_subtype":"hotel","icon_id":"accommodation_hotel","name_quality":"MISSING","rayon":"Bakı şəhəri","rayon_id":"AZE_ADM2_54616110B61947743987915","verification_status":"PROVISIONAL","source_role":"MASTER_GIS","display_rank":5658,"lon":49.85543,"lat":40.4192},"geometry":{"type":"Point","coordinates":[49.8554297,40.419199600000006]}},{"type":"Feature","properties":{"poi_id":"OSM_accommodation_6570744460","label":"İsimsiz kayıt","thesis_group":"ACCOMMODATION","thesis_subtype":"camp_site","icon_id":"accommodation_camping","name_quality":"MISSING","rayon":"Salyan rayonu","rayon_id":"AZE_ADM2_54616110B55207089168458","verification_status":"PROVISIONAL","source_role":"MASTER_GIS","display_rank":5662,"lon":49.182439,"lat":39.670723},"geometry":{"type":"Point","coordinates":[49.182439200000005,39.670723100000004]}},{"type":"Feature","properties":{"poi_id":"OSM_accommodation_6600762485","label":"İsimsiz kayıt","thesis_group":"ACCOMMODATION","thesis_subtype":"motel","icon_id":"accommodation_motel","name_quality":"MISSING","rayon":"Göygöl rayonu","rayon_id":"AZE_ADM2_54616110B13615645655589","verification_status":"PROVISIONAL","source_role":"MASTER_GIS","display_rank":5663,"lon":46.281498,"lat":40.70148},"geometry":{"type":"Point","coordinates":[46.2814975,40.701480200000006]}},{"type":"Feature","properties":{"poi_id":"OSM_accommodation_6631454792","label":"İsimsiz kayıt","thesis_group":"ACCOMMODATION","thesis_subtype":"camp_site","icon_id":"accommodation_camping","name_quality":"MISSING","rayon":"İsmayıllı rayonu","rayon_id":"AZE_ADM2_54616110B45290451128830","verification_status":"PROVISIONAL","source_role":"MASTER_GIS","display_rank":5665,"lon":48.374616,"lat":40.840155},"geometry":{"type":"Point","coordinates":[48.374616100000004,40.840154500000004]}},{"type":"Feature","properties":{"poi_id":"OSM_accommodation_6660801386","label":"İsimsiz kayıt","thesis_group":"ACCOMMODATION","thesis_subtype":"guest_house","icon_id":"accommodation_guesthouse","name_quality":"MISSING","rayon":"Quba rayonu","rayon_id":"AZE_ADM2_54616110B77048085748362","verification_status":"PROVISIONAL","source_role":"MASTER_GIS","display_rank":5666,"lon":48.518597,"lat":41.365308},"geometry":{"type":"Point","coordinates":[48.518596800000005,41.3653082]}},{"type":"Feature","properties":{"poi_id":"OSM_accommodation_6717821154","label":"İsimsiz kayıt","thesis_group":"ACCOMMODATION","thesis_subtype":"hostel","icon_id":"accommodation_hotel","name_quality":"MISSING","rayon":"Bakı şəhəri","rayon_id":"AZE_ADM2_54616110B61947743987915","verification_status":"PROVISIONAL","source_role":"MASTER_GIS","display_rank":5667,"lon":49.848522,"lat":40.377595},"geometry":{"type":"Point","coordinates":[49.8485224,40.377594900000005]}},{"type":"Feature","properties":{"poi_id":"OSM_accommodation_6717821155","label":"İsimsiz kayıt","thesis_group":"ACCOMMODATION","thesis_subtype":"hostel","icon_id":"accommodation_hotel","name_quality":"MISSING","rayon":"Bakı şəhəri","rayon_id":"AZE_ADM2_54616110B61947743987915","verification_status":"PROVISIONAL","source_role":"MASTER_GIS","display_rank":5668,"lon":49.840818,"lat":40.373493},"geometry":{"type":"Point","coordinates":[49.8408175,40.3734933]}},{"type":"Feature","properties":{"poi_id":"OSM_accommodation_6738567586","label":"İsimsiz kayıt","thesis_group":"ACCOMMODATION","thesis_subtype":"hostel","icon_id":"accommodation_hotel","name_quality":"MISSING","rayon":"Qəbələ rayonu","rayon_id":"AZE_ADM2_54616110B33746839775993","verification_status":"PROVISIONAL","source_role":"MASTER_GIS","display_rank":5669,"lon":47.844419,"lat":40.963922},"geometry":{"type":"Point","coordinates":[47.8444191,40.963922200000006]}},{"type":"Feature","properties":{"poi_id":"OSM_accommodation_6742127985","label":"İsimsiz kayıt","thesis_group":"ACCOMMODATION","thesis_subtype":"guest_house","icon_id":"accommodation_guesthouse","name_quality":"MISSING","rayon":"Bakı şəhəri","rayon_id":"AZE_ADM2_54616110B61947743987915","verification_status":"PROVISIONAL","source_role":"MASTER_GIS","display_rank":5670,"lon":49.977796,"lat":40.58832},"geometry":{"type":"Point","coordinates":[49.9777963,40.5883203]}},{"type":"Feature","properties":{"poi_id":"OSM_accommodation_6781070040","label":"İsimsiz kayıt","thesis_group":"ACCOMMODATION","thesis_subtype":"hostel","icon_id":"accommodation_hotel","name_quality":"MISSING","rayon":"Bakı şəhəri","rayon_id":"AZE_ADM2_54616110B61947743987915","verification_status":"PROVISIONAL","source_role":"MASTER_GIS","display_rank":5671,"lon":49.848345,"lat":40.411627},"geometry":{"type":"Point","coordinates":[49.848344700000006,40.4116268]}},{"type":"Feature","properties":{"poi_id":"OSM_accommodation_6917826777","label":"İsimsiz kayıt","thesis_group":"ACCOMMODATION","thesis_subtype":"camp_site","icon_id":"accommodation_camping","name_quality":"MISSING","rayon":"Culfa rayonu","rayon_id":"AZE_ADM2_54616110B53393721771174","verification_status":"PROVISIONAL","source_role":"MASTER_GIS","display_rank":5672,"lon":45.578738,"lat":38.977533},"geometry":{"type":"Point","coordinates":[45.5787375,38.9775329]}},{"type":"Feature","properties":{"poi_id":"OSM_accommodation_7041772485","label":"İsimsiz kayıt","thesis_group":"ACCOMMODATION","thesis_subtype":"hostel","icon_id":"accommodation_hotel","name_quality":"MISSING","rayon":"Qəbələ rayonu","rayon_id":"AZE_ADM2_54616110B33746839775993","verification_status":"PROVISIONAL","source_role":"MASTER_GIS","display_rank":5673,"lon":47.941641,"lat":40.946407},"geometry":{"type":"Point","coordinates":[47.94164120000001,40.9464069]}},{"type":"Feature","properties":{"poi_id":"OSM_accommodation_7074567391","label":"İsimsiz kayıt","thesis_group":"ACCOMMODATION","thesis_subtype":"hotel","icon_id":"accommodation_hotel","name_quality":"MISSING","rayon":"Kürdəmir rayonu","rayon_id":"AZE_ADM2_54616110B82810927503709","verification_status":"PROVISIONAL","source_role":"MASTER_GIS","display_rank":5674,"lon":48.260303,"lat":40.30281},"geometry":{"type":"Point","coordinates":[48.260302800000005,40.3028101]}},{"type":"Feature","properties":{"poi_id":"OSM_accommodation_7242934385","label":"İsimsiz kayıt","thesis_group":"ACCOMMODATION","thesis_subtype":"guest_house","icon_id":"accommodation_guesthouse","name_quality":"MISSING","rayon":"Quba rayonu","rayon_id":"AZE_ADM2_54616110B77048085748362","verification_status":"PROVISIONAL","source_role":"MASTER_GIS","display_rank":5676,"lon":48.384723,"lat":41.320435},"geometry":{"type":"Point","coordinates":[48.3847226,41.320435200000006]}},{"type":"Feature","properties":{"poi_id":"OSM_accommodation_7474540229","label":"İsimsiz kayıt","thesis_group":"ACCOMMODATION","thesis_subtype":"hotel","icon_id":"accommodation_hotel","name_quality":"MISSING","rayon":"Ağcabədi rayonu","rayon_id":"AZE_ADM2_54616110B84161876100413","verification_status":"PROVISIONAL","source_role":"MASTER_GIS","display_rank":5677,"lon":47.454658,"lat":40.038811},"geometry":{"type":"Point","coordinates":[47.4546584,40.038811200000005]}},{"type":"Feature","properties":{"poi_id":"OSM_accommodation_7474643490","label":"İsimsiz kayıt","thesis_group":"ACCOMMODATION","thesis_subtype":"hotel","icon_id":"accommodation_hotel","name_quality":"MISSING","rayon":"Ağcabədi rayonu","rayon_id":"AZE_ADM2_54616110B84161876100413","verification_status":"PROVISIONAL","source_role":"MASTER_GIS","display_rank":5678,"lon":47.440039,"lat":40.035718},"geometry":{"type":"Point","coordinates":[47.4400391,40.035717500000004]}},{"type":"Feature","properties":{"poi_id":"OSM_accommodation_7536468874","label":"İsimsiz kayıt","thesis_group":"ACCOMMODATION","thesis_subtype":"guest_house","icon_id":"accommodation_guesthouse","name_quality":"MISSING","rayon":"İsmayıllı rayonu","rayon_id":"AZE_ADM2_54616110B45290451128830","verification_status":"PROVISIONAL","source_role":"MASTER_GIS","display_rank":5679,"lon":48.02375,"lat":40.750665},"geometry":{"type":"Point","coordinates":[48.023749900000006,40.7506652]}},{"type":"Feature","properties":{"poi_id":"OSM_accommodation_7658895988","label":"İsimsiz kayıt","thesis_group":"ACCOMMODATION","thesis_subtype":"guest_house","icon_id":"accommodation_guesthouse","name_quality":"MISSING","rayon":"Xocalı rayonu","rayon_id":"AZE_ADM2_54616110B87325868620163","verification_status":"PROVISIONAL","source_role":"MASTER_GIS","display_rank":5680,"lon":46.664543,"lat":39.923548},"geometry":{"type":"Point","coordinates":[46.664543300000005,39.923548000000004]}},{"type":"Feature","properties":{"poi_id":"OSM_accommodation_7677748685","label":"İsimsiz kayıt","thesis_group":"ACCOMMODATION","thesis_subtype":"guest_house","icon_id":"accommodation_guesthouse","name_quality":"MISSING","rayon":"Bakı şəhəri","rayon_id":"AZE_ADM2_54616110B61947743987915","verification_status":"PROVISIONAL","source_role":"MASTER_GIS","display_rank":5681,"lon":49.993445,"lat":40.548878},"geometry":{"type":"Point","coordinates":[49.993445,40.5488781]}},{"type":"Feature","properties":{"poi_id":"OSM_accommodation_7691298975","label":"İsimsiz kayıt","thesis_group":"ACCOMMODATION","thesis_subtype":"motel","icon_id":"accommodation_motel","name_quality":"MISSING","rayon":"Xaçmaz rayonu","rayon_id":"AZE_ADM2_54616110B89497242950609","verification_status":"PROVISIONAL","source_role":"MASTER_GIS","display_rank":5682,"lon":48.626921,"lat":41.694944},"geometry":{"type":"Point","coordinates":[48.626920600000005,41.694944400000004]}},{"type":"Feature","properties":{"poi_id":"OSM_accommodation_7728366885","label":"İsimsiz kayıt","thesis_group":"ACCOMMODATION","thesis_subtype":"motel","icon_id":"accommodation_motel","name_quality":"MISSING","rayon":"Xaçmaz rayonu","rayon_id":"AZE_ADM2_54616110B89497242950609","verification_status":"PROVISIONAL","source_role":"MASTER_GIS","display_rank":5683,"lon":48.806071,"lat":41.434919},"geometry":{"type":"Point","coordinates":[48.80607070000001,41.4349186]}},{"type":"Feature","properties":{"poi_id":"OSM_accommodation_7740284804","label":"İsimsiz kayıt","thesis_group":"ACCOMMODATION","thesis_subtype":"camp_site","icon_id":"accommodation_camping","name_quality":"MISSING","rayon":"Xocalı rayonu","rayon_id":"AZE_ADM2_54616110B87325868620163","verification_status":"PROVISIONAL","source_role":"MASTER_GIS","display_rank":5684,"lon":46.765795,"lat":39.76096},"geometry":{"type":"Point","coordinates":[46.7657948,39.7609605]}},{"type":"Feature","properties":{"poi_id":"OSM_accommodation_7787828052","label":"İsimsiz kayıt","thesis_group":"ACCOMMODATION","thesis_subtype":"motel","icon_id":"accommodation_motel","name_quality":"MISSING","rayon":"Şamaxı rayonu","rayon_id":"AZE_ADM2_54616110B16651088424667","verification_status":"PROVISIONAL","source_role":"MASTER_GIS","display_rank":5685,"lon":48.640045,"lat":40.651824},"geometry":{"type":"Point","coordinates":[48.640044700000004,40.6518244]}},{"type":"Feature","properties":{"poi_id":"OSM_accommodation_7820230168","label":"İsimsiz kayıt","thesis_group":"ACCOMMODATION","thesis_subtype":"hotel","icon_id":"accommodation_hotel","name_quality":"MISSING","rayon":"Qəbələ rayonu","rayon_id":"AZE_ADM2_54616110B33746839775993","verification_status":"PROVISIONAL","source_role":"MASTER_GIS","display_rank":5686,"lon":47.916049,"lat":40.957337},"geometry":{"type":"Point","coordinates":[47.916049400000006,40.9573368]}},{"type":"Feature","properties":{"poi_id":"OSM_accommodation_7824327174","label":"İsimsiz kayıt","thesis_group":"ACCOMMODATION","thesis_subtype":"hotel","icon_id":"accommodation_hotel","name_quality":"MISSING","rayon":"Qəbələ rayonu","rayon_id":"AZE_ADM2_54616110B33746839775993","verification_status":"PROVISIONAL","source_role":"MASTER_GIS","display_rank":5687,"lon":47.829191,"lat":40.97986},"geometry":{"type":"Point","coordinates":[47.829191400000006,40.979859600000005]}},{"type":"Feature","properties":{"poi_id":"OSM_accommodation_7825647090","label":"İsimsiz kayıt","thesis_group":"ACCOMMODATION","thesis_subtype":"hotel","icon_id":"accommodation_hotel","name_quality":"MISSING","rayon":"Qəbələ rayonu","rayon_id":"AZE_ADM2_54616110B33746839775993","verification_status":"PROVISIONAL","source_role":"MASTER_GIS","display_rank":5688,"lon":47.839488,"lat":40.983887},"geometry":{"type":"Point","coordinates":[47.839488300000006,40.983887]}},{"type":"Feature","properties":{"poi_id":"OSM_accommodation_7829454638","label":"İsimsiz kayıt","thesis_group":"ACCOMMODATION","thesis_subtype":"hotel","icon_id":"accommodation_hotel","name_quality":"MISSING","rayon":"Qəbələ rayonu","rayon_id":"AZE_ADM2_54616110B33746839775993","verification_status":"PROVISIONAL","source_role":"MASTER_GIS","display_rank":5689,"lon":47.888079,"lat":41.015648},"geometry":{"type":"Point","coordinates":[47.8880793,41.0156482]}},{"type":"Feature","properties":{"poi_id":"OSM_accommodation_7829816686","label":"İsimsiz kayıt","thesis_group":"ACCOMMODATION","thesis_subtype":"hotel","icon_id":"accommodation_hotel","name_quality":"MISSING","rayon":"Qəbələ rayonu","rayon_id":"AZE_ADM2_54616110B33746839775993","verification_status":"PROVISIONAL","source_role":"MASTER_GIS","display_rank":5690,"lon":47.851265,"lat":40.978321},"geometry":{"type":"Point","coordinates":[47.8512646,40.978320700000005]}},{"type":"Feature","properties":{"poi_id":"OSM_accommodation_7835788794","label":"İsimsiz kayıt","thesis_group":"ACCOMMODATION","thesis_subtype":"motel","icon_id":"accommodation_motel","name_quality":"MISSING","rayon":"Qəbələ rayonu","rayon_id":"AZE_ADM2_54616110B33746839775993","verification_status":"PROVISIONAL","source_role":"MASTER_GIS","display_rank":5691,"lon":47.770336,"lat":41.00816},"geometry":{"type":"Point","coordinates":[47.770335700000004,41.0081597]}},{"type":"Feature","properties":{"poi_id":"OSM_accommodation_7861919844","label":"İsimsiz kayıt","thesis_group":"ACCOMMODATION","thesis_subtype":"motel","icon_id":"accommodation_motel","name_quality":"MISSING","rayon":"Siyəzən rayonu","rayon_id":"AZE_ADM2_54616110B9592293002412","verification_status":"PROVISIONAL","source_role":"MASTER_GIS","display_rank":5692,"lon":49.291832,"lat":40.933961},"geometry":{"type":"Point","coordinates":[49.2918321,40.9339613]}},{"type":"Feature","properties":{"poi_id":"OSM_accommodation_7969677702","label":"İsimsiz kayıt","thesis_group":"ACCOMMODATION","thesis_subtype":"motel","icon_id":"accommodation_motel","name_quality":"MISSING","rayon":"Şəki rayonu","rayon_id":"AZE_ADM2_54616110B25010354244926","verification_status":"PROVISIONAL","source_role":"MASTER_GIS","display_rank":5693,"lon":47.159468,"lat":41.159626},"geometry":{"type":"Point","coordinates":[47.1594679,41.159626100000004]}},{"type":"Feature","properties":{"poi_id":"OSM_accommodation_7982559841","label":"İsimsiz kayıt","thesis_group":"ACCOMMODATION","thesis_subtype":"hotel","icon_id":"accommodation_hotel","name_quality":"MISSING","rayon":"Şəki şəhəri","rayon_id":"AZE_ADM2_54616110B24616396985677","verification_status":"PROVISIONAL","source_role":"MASTER_GIS","display_rank":5694,"lon":47.177856,"lat":41.204361},"geometry":{"type":"Point","coordinates":[47.1778558,41.2043613]}},{"type":"Feature","properties":{"poi_id":"OSM_accommodation_7985817429","label":"İsimsiz kayıt","thesis_group":"ACCOMMODATION","thesis_subtype":"motel","icon_id":"accommodation_motel","name_quality":"MISSING","rayon":"Şəki şəhəri","rayon_id":"AZE_ADM2_54616110B24616396985677","verification_status":"PROVISIONAL","source_role":"MASTER_GIS","display_rank":5695,"lon":47.163998,"lat":41.202476},"geometry":{"type":"Point","coordinates":[47.1639982,41.2024764]}},{"type":"Feature","properties":{"poi_id":"OSM_accommodation_7993178553","label":"İsimsiz kayıt","thesis_group":"ACCOMMODATION","thesis_subtype":"hotel","icon_id":"accommodation_hotel","name_quality":"MISSING","rayon":"Şəki rayonu","rayon_id":"AZE_ADM2_54616110B25010354244926","verification_status":"PROVISIONAL","source_role":"MASTER_GIS","display_rank":5696,"lon":47.205701,"lat":41.246567},"geometry":{"type":"Point","coordinates":[47.2057012,41.2465672]}},{"type":"Feature","properties":{"poi_id":"OSM_accommodation_7995783085","label":"İsimsiz kayıt","thesis_group":"ACCOMMODATION","thesis_subtype":"motel","icon_id":"accommodation_motel","name_quality":"MISSING","rayon":"Şəki şəhəri","rayon_id":"AZE_ADM2_54616110B24616396985677","verification_status":"PROVISIONAL","source_role":"MASTER_GIS","display_rank":5697,"lon":47.179996,"lat":41.230496},"geometry":{"type":"Point","coordinates":[47.179996200000005,41.230496200000005]}},{"type":"Feature","properties":{"poi_id":"OSM_accommodation_8044677516","label":"İsimsiz kayıt","thesis_group":"ACCOMMODATION","thesis_subtype":"motel","icon_id":"accommodation_motel","name_quality":"MISSING","rayon":"Qax rayonu","rayon_id":"AZE_ADM2_54616110B49356278605879","verification_status":"PROVISIONAL","source_role":"MASTER_GIS","display_rank":5698,"lon":46.992511,"lat":41.453212},"geometry":{"type":"Point","coordinates":[46.9925111,41.453212]}},{"type":"Feature","properties":{"poi_id":"OSM_accommodation_8063466098","label":"İsimsiz kayıt","thesis_group":"ACCOMMODATION","thesis_subtype":"hotel","icon_id":"accommodation_hotel","name_quality":"MISSING","rayon":"Qax rayonu","rayon_id":"AZE_ADM2_54616110B49356278605879","verification_status":"PROVISIONAL","source_role":"MASTER_GIS","display_rank":5699,"lon":46.911775,"lat":41.422539},"geometry":{"type":"Point","coordinates":[46.9117753,41.422539400000005]}},{"type":"Feature","properties":{"poi_id":"OSM_accommodation_8165463636","label":"İsimsiz kayıt","thesis_group":"ACCOMMODATION","thesis_subtype":"motel","icon_id":"accommodation_motel","name_quality":"MISSING","rayon":"Zaqatala rayonu","rayon_id":"AZE_ADM2_54616110B4759617374649","verification_status":"PROVISIONAL","source_role":"MASTER_GIS","display_rank":5700,"lon":46.650393,"lat":41.640513},"geometry":{"type":"Point","coordinates":[46.650392700000005,41.6405133]}},{"type":"Feature","properties":{"poi_id":"OSM_accommodation_8369492232","label":"İsimsiz kayıt","thesis_group":"ACCOMMODATION","thesis_subtype":"hotel","icon_id":"accommodation_hotel","name_quality":"MISSING","rayon":"Kürdəmir rayonu","rayon_id":"AZE_ADM2_54616110B82810927503709","verification_status":"PROVISIONAL","source_role":"MASTER_GIS","display_rank":5702,"lon":48.189581,"lat":40.322177},"geometry":{"type":"Point","coordinates":[48.189581100000005,40.322176600000006]}},{"type":"Feature","properties":{"poi_id":"OSM_accommodation_8373275962","label":"İsimsiz kayıt","thesis_group":"ACCOMMODATION","thesis_subtype":"motel","icon_id":"accommodation_motel","name_quality":"MISSING","rayon":"İmişli rayonu","rayon_id":"AZE_ADM2_54616110B47039748407948","verification_status":"PROVISIONAL","source_role":"MASTER_GIS","display_rank":5703,"lon":48.067594,"lat":39.788043},"geometry":{"type":"Point","coordinates":[48.0675942,39.7880429]}},{"type":"Feature","properties":{"poi_id":"OSM_accommodation_8375196401","label":"İsimsiz kayıt","thesis_group":"ACCOMMODATION","thesis_subtype":"motel","icon_id":"accommodation_motel","name_quality":"MISSING","rayon":"İmişli rayonu","rayon_id":"AZE_ADM2_54616110B47039748407948","verification_status":"PROVISIONAL","source_role":"MASTER_GIS","display_rank":5704,"lon":47.948029,"lat":39.735943},"geometry":{"type":"Point","coordinates":[47.9480293,39.735943400000004]}},{"type":"Feature","properties":{"poi_id":"OSM_accommodation_8418731331","label":"İsimsiz kayıt","thesis_group":"ACCOMMODATION","thesis_subtype":"hotel","icon_id":"accommodation_hotel","name_quality":"MISSING","rayon":"Bakı şəhəri","rayon_id":"AZE_ADM2_54616110B61947743987915","verification_status":"PROVISIONAL","source_role":"MASTER_GIS","display_rank":5705,"lon":49.829442,"lat":40.381927},"geometry":{"type":"Point","coordinates":[49.829442300000004,40.3819268]}},{"type":"Feature","properties":{"poi_id":"OSM_accommodation_8450645153","label":"İsimsiz kayıt","thesis_group":"ACCOMMODATION","thesis_subtype":"guest_house","icon_id":"accommodation_guesthouse","name_quality":"MISSING","rayon":"Qəbələ rayonu","rayon_id":"AZE_ADM2_54616110B33746839775993","verification_status":"PROVISIONAL","source_role":"MASTER_GIS","display_rank":5706,"lon":47.948357,"lat":40.940476},"geometry":{"type":"Point","coordinates":[47.948356600000004,40.9404756]}},{"type":"Feature","properties":{"poi_id":"OSM_accommodation_8450645156","label":"İsimsiz kayıt","thesis_group":"ACCOMMODATION","thesis_subtype":"guest_house","icon_id":"accommodation_guesthouse","name_quality":"MISSING","rayon":"Qəbələ rayonu","rayon_id":"AZE_ADM2_54616110B33746839775993","verification_status":"PROVISIONAL","source_role":"MASTER_GIS","display_rank":5707,"lon":47.948735,"lat":40.940494},"geometry":{"type":"Point","coordinates":[47.948734800000004,40.940493800000006]}},{"type":"Feature","properties":{"poi_id":"OSM_accommodation_8450676755","label":"İsimsiz kayıt","thesis_group":"ACCOMMODATION","thesis_subtype":"hotel","icon_id":"accommodation_hotel","name_quality":"MISSING","rayon":"Qəbələ rayonu","rayon_id":"AZE_ADM2_54616110B33746839775993","verification_status":"PROVISIONAL","source_role":"MASTER_GIS","display_rank":5708,"lon":47.935528,"lat":40.954779},"geometry":{"type":"Point","coordinates":[47.9355276,40.9547794]}},{"type":"Feature","properties":{"poi_id":"OSM_accommodation_8497339817","label":"İsimsiz kayıt","thesis_group":"ACCOMMODATION","thesis_subtype":"guest_house","icon_id":"accommodation_guesthouse","name_quality":"MISSING","rayon":"Yevlax rayonu","rayon_id":"AZE_ADM2_54616110B52362464060400","verification_status":"PROVISIONAL","source_role":"MASTER_GIS","display_rank":5709,"lon":47.134382,"lat":40.604953},"geometry":{"type":"Point","coordinates":[47.1343824,40.604952600000004]}},{"type":"Feature","properties":{"poi_id":"OSM_accommodation_8497716899","label":"İsimsiz kayıt","thesis_group":"ACCOMMODATION","thesis_subtype":"hostel","icon_id":"accommodation_hotel","name_quality":"MISSING","rayon":"Bakı şəhəri","rayon_id":"AZE_ADM2_54616110B61947743987915","verification_status":"PROVISIONAL","source_role":"MASTER_GIS","display_rank":5710,"lon":49.826166,"lat":40.367384},"geometry":{"type":"Point","coordinates":[49.826165700000004,40.367383800000006]}},{"type":"Feature","properties":{"poi_id":"OSM_accommodation_8511853810","label":"İsimsiz kayıt","thesis_group":"ACCOMMODATION","thesis_subtype":"motel","icon_id":"accommodation_motel","name_quality":"MISSING","rayon":"Qobustan rayonu","rayon_id":"AZE_ADM2_54616110B43271825035432","verification_status":"PROVISIONAL","source_role":"MASTER_GIS","display_rank":5711,"lon":48.801374,"lat":40.52523},"geometry":{"type":"Point","coordinates":[48.801374100000004,40.5252296]}},{"type":"Feature","properties":{"poi_id":"OSM_accommodation_8518721598","label":"İsimsiz kayıt","thesis_group":"ACCOMMODATION","thesis_subtype":"hotel","icon_id":"accommodation_hotel","name_quality":"MISSING","rayon":"Ucar rayonu","rayon_id":"AZE_ADM2_54616110B8701125158325","verification_status":"PROVISIONAL","source_role":"MASTER_GIS","display_rank":5712,"lon":47.535397,"lat":40.503176},"geometry":{"type":"Point","coordinates":[47.535397,40.5031764]}},{"type":"Feature","properties":{"poi_id":"OSM_accommodation_8529625434","label":"İsimsiz kayıt","thesis_group":"ACCOMMODATION","thesis_subtype":"motel","icon_id":"accommodation_motel","name_quality":"MISSING","rayon":"Goranboy rayonu","rayon_id":"AZE_ADM2_54616110B75141866412524","verification_status":"PROVISIONAL","source_role":"MASTER_GIS","display_rank":5713,"lon":46.845722,"lat":40.646274},"geometry":{"type":"Point","coordinates":[46.8457219,40.6462738]}},{"type":"Feature","properties":{"poi_id":"OSM_accommodation_8576434181","label":"İsimsiz kayıt","thesis_group":"ACCOMMODATION","thesis_subtype":"motel","icon_id":"accommodation_motel","name_quality":"MISSING","rayon":"Ağsu rayonu","rayon_id":"AZE_ADM2_54616110B12323901372431","verification_status":"PROVISIONAL","source_role":"MASTER_GIS","display_rank":5714,"lon":48.485522,"lat":40.648118},"geometry":{"type":"Point","coordinates":[48.4855225,40.6481176]}},{"type":"Feature","properties":{"poi_id":"OSM_accommodation_8578173717","label":"İsimsiz kayıt","thesis_group":"ACCOMMODATION","thesis_subtype":"hotel","icon_id":"accommodation_hotel","name_quality":"MISSING","rayon":"Bakı şəhəri","rayon_id":"AZE_ADM2_54616110B61947743987915","verification_status":"PROVISIONAL","source_role":"MASTER_GIS","display_rank":5715,"lon":49.887277,"lat":40.390272},"geometry":{"type":"Point","coordinates":[49.8872772,40.390271600000005]}},{"type":"Feature","properties":{"poi_id":"OSM_accommodation_8579949807","label":"İsimsiz kayıt","thesis_group":"ACCOMMODATION","thesis_subtype":"hotel","icon_id":"accommodation_hotel","name_quality":"MISSING","rayon":"Ağdaş rayonu","rayon_id":"AZE_ADM2_54616110B75800990015815","verification_status":"PROVISIONAL","source_role":"MASTER_GIS","display_rank":5716,"lon":47.498054,"lat":40.643767},"geometry":{"type":"Point","coordinates":[47.4980539,40.643766500000005]}},{"type":"Feature","properties":{"poi_id":"OSM_accommodation_8666038717","label":"İsimsiz kayıt","thesis_group":"ACCOMMODATION","thesis_subtype":"guest_house","icon_id":"accommodation_guesthouse","name_quality":"MISSING","rayon":"Abşeron rayonu","rayon_id":"AZE_ADM2_54616110B88432173472444","verification_status":"PROVISIONAL","source_role":"MASTER_GIS","display_rank":5717,"lon":49.721863,"lat":40.457374},"geometry":{"type":"Point","coordinates":[49.7218627,40.4573735]}},{"type":"Feature","properties":{"poi_id":"OSM_accommodation_8786858557","label":"İsimsiz kayıt","thesis_group":"ACCOMMODATION","thesis_subtype":"motel","icon_id":"accommodation_motel","name_quality":"MISSING","rayon":"Şamaxı rayonu","rayon_id":"AZE_ADM2_54616110B16651088424667","verification_status":"PROVISIONAL","source_role":"MASTER_GIS","display_rank":5718,"lon":48.616658,"lat":40.63452},"geometry":{"type":"Point","coordinates":[48.6166585,40.63452]}},{"type":"Feature","properties":{"poi_id":"OSM_accommodation_8825170436","label":"İsimsiz kayıt","thesis_group":"ACCOMMODATION","thesis_subtype":"hotel","icon_id":"accommodation_hotel","name_quality":"MISSING","rayon":"Bakı şəhəri","rayon_id":"AZE_ADM2_54616110B61947743987915","verification_status":"PROVISIONAL","source_role":"MASTER_GIS","display_rank":5719,"lon":49.863037,"lat":40.386176},"geometry":{"type":"Point","coordinates":[49.863036900000004,40.3861763]}},{"type":"Feature","properties":{"poi_id":"OSM_accommodation_8905339681","label":"İsimsiz kayıt","thesis_group":"ACCOMMODATION","thesis_subtype":"motel","icon_id":"accommodation_motel","name_quality":"MISSING","rayon":"Kürdəmir rayonu","rayon_id":"AZE_ADM2_54616110B82810927503709","verification_status":"PROVISIONAL","source_role":"MASTER_GIS","display_rank":5720,"lon":48.151063,"lat":40.336524},"geometry":{"type":"Point","coordinates":[48.1510632,40.3365236]}},{"type":"Feature","properties":{"poi_id":"OSM_accommodation_8933063750","label":"İsimsiz kayıt","thesis_group":"ACCOMMODATION","thesis_subtype":"hotel","icon_id":"accommodation_hotel","name_quality":"MISSING","rayon":"Bakı şəhəri","rayon_id":"AZE_ADM2_54616110B61947743987915","verification_status":"PROVISIONAL","source_role":"MASTER_GIS","display_rank":5721,"lon":49.808071,"lat":40.338228},"geometry":{"type":"Point","coordinates":[49.8080712,40.338227800000006]}},{"type":"Feature","properties":{"poi_id":"OSM_accommodation_9162884796","label":"İsimsiz kayıt","thesis_group":"ACCOMMODATION","thesis_subtype":"hotel","icon_id":"accommodation_hotel","name_quality":"MISSING","rayon":"Ucar rayonu","rayon_id":"AZE_ADM2_54616110B8701125158325","verification_status":"PROVISIONAL","source_role":"MASTER_GIS","display_rank":5722,"lon":47.65102,"lat":40.509694},"geometry":{"type":"Point","coordinates":[47.651020300000006,40.509694200000006]}},{"type":"Feature","properties":{"poi_id":"OSM_accommodation_9371514775","label":"İsimsiz kayıt","thesis_group":"ACCOMMODATION","thesis_subtype":"guest_house","icon_id":"accommodation_guesthouse","name_quality":"MISSING","rayon":"Quba rayonu","rayon_id":"AZE_ADM2_54616110B77048085748362","verification_status":"PROVISIONAL","source_role":"MASTER_GIS","display_rank":5723,"lon":48.309074,"lat":41.238693},"geometry":{"type":"Point","coordinates":[48.309073600000005,41.238693100000006]}},{"type":"Feature","properties":{"poi_id":"OSM_accommodation_9371514776","label":"İsimsiz kayıt","thesis_group":"ACCOMMODATION","thesis_subtype":"hotel","icon_id":"accommodation_hotel","name_quality":"MISSING","rayon":"Quba rayonu","rayon_id":"AZE_ADM2_54616110B77048085748362","verification_status":"PROVISIONAL","source_role":"MASTER_GIS","display_rank":5724,"lon":48.305077,"lat":41.237748},"geometry":{"type":"Point","coordinates":[48.3050768,41.237748100000005]}},{"type":"Feature","properties":{"poi_id":"OSM_accommodation_9371514777","label":"İsimsiz kayıt","thesis_group":"ACCOMMODATION","thesis_subtype":"guest_house","icon_id":"accommodation_guesthouse","name_quality":"MISSING","rayon":"Quba rayonu","rayon_id":"AZE_ADM2_54616110B77048085748362","verification_status":"PROVISIONAL","source_role":"MASTER_GIS","display_rank":5725,"lon":48.304032,"lat":41.239065},"geometry":{"type":"Point","coordinates":[48.304031800000004,41.2390653]}},{"type":"Feature","properties":{"poi_id":"OSM_accommodation_9371514778","label":"İsimsiz kayıt","thesis_group":"ACCOMMODATION","thesis_subtype":"guest_house","icon_id":"accommodation_guesthouse","name_quality":"MISSING","rayon":"Quba rayonu","rayon_id":"AZE_ADM2_54616110B77048085748362","verification_status":"PROVISIONAL","source_role":"MASTER_GIS","display_rank":5726,"lon":48.240306,"lat":41.214108},"geometry":{"type":"Point","coordinates":[48.2403059,41.214108]}},{"type":"Feature","properties":{"poi_id":"OSM_accommodation_9371514780","label":"İsimsiz kayıt","thesis_group":"ACCOMMODATION","thesis_subtype":"guest_house","icon_id":"accommodation_guesthouse","name_quality":"MISSING","rayon":"Quba rayonu","rayon_id":"AZE_ADM2_54616110B77048085748362","verification_status":"PROVISIONAL","source_role":"MASTER_GIS","display_rank":5727,"lon":48.2407,"lat":41.213042},"geometry":{"type":"Point","coordinates":[48.2406999,41.2130419]}},{"type":"Feature","properties":{"poi_id":"OSM_accommodation_9395235330","label":"İsimsiz kayıt","thesis_group":"ACCOMMODATION","thesis_subtype":"hotel","icon_id":"accommodation_hotel","name_quality":"MISSING","rayon":"Bakı şəhəri","rayon_id":"AZE_ADM2_54616110B61947743987915","verification_status":"PROVISIONAL","source_role":"MASTER_GIS","display_rank":5728,"lon":49.856764,"lat":40.414102},"geometry":{"type":"Point","coordinates":[49.8567644,40.4141016]}},{"type":"Feature","properties":{"poi_id":"OSM_accommodation_9395235331","label":"İsimsiz kayıt","thesis_group":"ACCOMMODATION","thesis_subtype":"hotel","icon_id":"accommodation_hotel","name_quality":"MISSING","rayon":"Bakı şəhəri","rayon_id":"AZE_ADM2_54616110B61947743987915","verification_status":"PROVISIONAL","source_role":"MASTER_GIS","display_rank":5729,"lon":49.856086,"lat":40.414378},"geometry":{"type":"Point","coordinates":[49.8560858,40.4143783]}},{"type":"Feature","properties":{"poi_id":"OSM_accommodation_9395237681","label":"İsimsiz kayıt","thesis_group":"ACCOMMODATION","thesis_subtype":"motel","icon_id":"accommodation_motel","name_quality":"MISSING","rayon":"Bakı şəhəri","rayon_id":"AZE_ADM2_54616110B61947743987915","verification_status":"PROVISIONAL","source_role":"MASTER_GIS","display_rank":5730,"lon":49.856453,"lat":40.414958},"geometry":{"type":"Point","coordinates":[49.856453200000004,40.4149583]}},{"type":"Feature","properties":{"poi_id":"OSM_accommodation_9450853864","label":"İsimsiz kayıt","thesis_group":"ACCOMMODATION","thesis_subtype":"motel","icon_id":"accommodation_motel","name_quality":"MISSING","rayon":"Mingəçevir şəhəri","rayon_id":"AZE_ADM2_54616110B16521863868797","verification_status":"PROVISIONAL","source_role":"MASTER_GIS","display_rank":5732,"lon":47.055079,"lat":40.762047},"geometry":{"type":"Point","coordinates":[47.055079000000006,40.762046500000004]}},{"type":"Feature","properties":{"poi_id":"OSM_accommodation_9463800964","label":"İsimsiz kayıt","thesis_group":"ACCOMMODATION","thesis_subtype":"hotel","icon_id":"accommodation_hotel","name_quality":"MISSING","rayon":"Mingəçevir şəhəri","rayon_id":"AZE_ADM2_54616110B16521863868797","verification_status":"PROVISIONAL","source_role":"MASTER_GIS","display_rank":5733,"lon":47.038213,"lat":40.765817},"geometry":{"type":"Point","coordinates":[47.0382133,40.765817000000006]}},{"type":"Feature","properties":{"poi_id":"OSM_accommodation_9466966143","label":"İsimsiz kayıt","thesis_group":"ACCOMMODATION","thesis_subtype":"motel","icon_id":"accommodation_motel","name_quality":"MISSING","rayon":"Mingəçevir şəhəri","rayon_id":"AZE_ADM2_54616110B16521863868797","verification_status":"PROVISIONAL","source_role":"MASTER_GIS","display_rank":5734,"lon":47.05218,"lat":40.76156},"geometry":{"type":"Point","coordinates":[47.0521796,40.7615599]}},{"type":"Feature","properties":{"poi_id":"OSM_accommodation_9622369930","label":"İsimsiz kayıt","thesis_group":"ACCOMMODATION","thesis_subtype":"motel","icon_id":"accommodation_motel","name_quality":"MISSING","rayon":"Samux rayonu","rayon_id":"AZE_ADM2_54616110B65018719015844","verification_status":"PROVISIONAL","source_role":"MASTER_GIS","display_rank":5735,"lon":46.304176,"lat":40.929771},"geometry":{"type":"Point","coordinates":[46.304175900000004,40.929770700000006]}},{"type":"Feature","properties":{"poi_id":"OSM_accommodation_9725161876","label":"İsimsiz kayıt","thesis_group":"ACCOMMODATION","thesis_subtype":"motel","icon_id":"accommodation_motel","name_quality":"MISSING","rayon":"Bakı şəhəri","rayon_id":"AZE_ADM2_54616110B61947743987915","verification_status":"PROVISIONAL","source_role":"MASTER_GIS","display_rank":5736,"lon":49.823965,"lat":40.408618},"geometry":{"type":"Point","coordinates":[49.823965,40.408618100000005]}},{"type":"Feature","properties":{"poi_id":"OSM_accommodation_9746943425","label":"İsimsiz kayıt","thesis_group":"ACCOMMODATION","thesis_subtype":"hotel","icon_id":"accommodation_hotel","name_quality":"MISSING","rayon":"Bakı şəhəri","rayon_id":"AZE_ADM2_54616110B61947743987915","verification_status":"PROVISIONAL","source_role":"MASTER_GIS","display_rank":5737,"lon":49.853709,"lat":40.420053},"geometry":{"type":"Point","coordinates":[49.853709300000006,40.420053200000005]}},{"type":"Feature","properties":{"poi_id":"OSM_accommodation_9746943443","label":"İsimsiz kayıt","thesis_group":"ACCOMMODATION","thesis_subtype":"hotel","icon_id":"accommodation_hotel","name_quality":"MISSING","rayon":"Bakı şəhəri","rayon_id":"AZE_ADM2_54616110B61947743987915","verification_status":"PROVISIONAL","source_role":"MASTER_GIS","display_rank":5738,"lon":49.853803,"lat":40.419771},"geometry":{"type":"Point","coordinates":[49.8538032,40.4197714]}},{"type":"Feature","properties":{"poi_id":"OSM_accommodation_9746943447","label":"İsimsiz kayıt","thesis_group":"ACCOMMODATION","thesis_subtype":"guest_house","icon_id":"accommodation_guesthouse","name_quality":"MISSING","rayon":"Bakı şəhəri","rayon_id":"AZE_ADM2_54616110B61947743987915","verification_status":"PROVISIONAL","source_role":"MASTER_GIS","display_rank":5739,"lon":49.852044,"lat":40.42097},"geometry":{"type":"Point","coordinates":[49.8520437,40.420970100000005]}},{"type":"Feature","properties":{"poi_id":"OSM_accommodation_9752733170","label":"İsimsiz kayıt","thesis_group":"ACCOMMODATION","thesis_subtype":"motel","icon_id":"accommodation_motel","name_quality":"MISSING","rayon":"Bakı şəhəri","rayon_id":"AZE_ADM2_54616110B61947743987915","verification_status":"PROVISIONAL","source_role":"MASTER_GIS","display_rank":5740,"lon":49.869694,"lat":40.421541},"geometry":{"type":"Point","coordinates":[49.869694,40.4215408]}},{"type":"Feature","properties":{"poi_id":"OSM_accommodation_9757995210","label":"İsimsiz kayıt","thesis_group":"ACCOMMODATION","thesis_subtype":"motel","icon_id":"accommodation_motel","name_quality":"MISSING","rayon":"Bakı şəhəri","rayon_id":"AZE_ADM2_54616110B61947743987915","verification_status":"PROVISIONAL","source_role":"MASTER_GIS","display_rank":5741,"lon":49.892298,"lat":40.431122},"geometry":{"type":"Point","coordinates":[49.8922983,40.431122]}},{"type":"Feature","properties":{"poi_id":"OSM_accommodation_9765268377","label":"İsimsiz kayıt","thesis_group":"ACCOMMODATION","thesis_subtype":"motel","icon_id":"accommodation_motel","name_quality":"MISSING","rayon":"Bakı şəhəri","rayon_id":"AZE_ADM2_54616110B61947743987915","verification_status":"PROVISIONAL","source_role":"MASTER_GIS","display_rank":5742,"lon":49.897974,"lat":40.411521},"geometry":{"type":"Point","coordinates":[49.8979738,40.4115212]}},{"type":"Feature","properties":{"poi_id":"OSM_accommodation_9768026937","label":"İsimsiz kayıt","thesis_group":"ACCOMMODATION","thesis_subtype":"hotel","icon_id":"accommodation_hotel","name_quality":"MISSING","rayon":"Bakı şəhəri","rayon_id":"AZE_ADM2_54616110B61947743987915","verification_status":"PROVISIONAL","source_role":"MASTER_GIS","display_rank":5743,"lon":49.886623,"lat":40.406971},"geometry":{"type":"Point","coordinates":[49.8866226,40.406971000000006]}},{"type":"Feature","properties":{"poi_id":"OSM_accommodation_9773493971","label":"İsimsiz kayıt","thesis_group":"ACCOMMODATION","thesis_subtype":"hotel","icon_id":"accommodation_hotel","name_quality":"MISSING","rayon":"Bakı şəhəri","rayon_id":"AZE_ADM2_54616110B61947743987915","verification_status":"PROVISIONAL","source_role":"MASTER_GIS","display_rank":5744,"lon":49.871244,"lat":40.388701},"geometry":{"type":"Point","coordinates":[49.8712443,40.3887013]}},{"type":"Feature","properties":{"poi_id":"OSM_accommodation_9786623863","label":"İsimsiz kayıt","thesis_group":"ACCOMMODATION","thesis_subtype":"motel","icon_id":"accommodation_motel","name_quality":"MISSING","rayon":"Bakı şəhəri","rayon_id":"AZE_ADM2_54616110B61947743987915","verification_status":"PROVISIONAL","source_role":"MASTER_GIS","display_rank":5745,"lon":49.966888,"lat":40.394397},"geometry":{"type":"Point","coordinates":[49.9668878,40.3943968]}},{"type":"Feature","properties":{"poi_id":"OSM_accommodation_9793507886","label":"İsimsiz kayıt","thesis_group":"ACCOMMODATION","thesis_subtype":"motel","icon_id":"accommodation_motel","name_quality":"MISSING","rayon":"Bakı şəhəri","rayon_id":"AZE_ADM2_54616110B61947743987915","verification_status":"PROVISIONAL","source_role":"MASTER_GIS","display_rank":5746,"lon":49.816612,"lat":40.388385},"geometry":{"type":"Point","coordinates":[49.8166117,40.3883846]}},{"type":"Feature","properties":{"poi_id":"OSM_accommodation_9811487820","label":"İsimsiz kayıt","thesis_group":"ACCOMMODATION","thesis_subtype":"hotel","icon_id":"accommodation_hotel","name_quality":"MISSING","rayon":"Bakı şəhəri","rayon_id":"AZE_ADM2_54616110B61947743987915","verification_status":"PROVISIONAL","source_role":"MASTER_GIS","display_rank":5747,"lon":49.856341,"lat":40.375609},"geometry":{"type":"Point","coordinates":[49.856340700000004,40.3756092]}},{"type":"Feature","properties":{"poi_id":"OSM_accommodation_9812799747","label":"İsimsiz kayıt","thesis_group":"ACCOMMODATION","thesis_subtype":"hotel","icon_id":"accommodation_hotel","name_quality":"MISSING","rayon":"Bakı şəhəri","rayon_id":"AZE_ADM2_54616110B61947743987915","verification_status":"PROVISIONAL","source_role":"MASTER_GIS","display_rank":5748,"lon":49.848463,"lat":40.371959},"geometry":{"type":"Point","coordinates":[49.8484629,40.3719593]}},{"type":"Feature","properties":{"poi_id":"OSM_accommodation_9812838469","label":"İsimsiz kayıt","thesis_group":"ACCOMMODATION","thesis_subtype":"hotel","icon_id":"accommodation_hotel","name_quality":"MISSING","rayon":"Bakı şəhəri","rayon_id":"AZE_ADM2_54616110B61947743987915","verification_status":"PROVISIONAL","source_role":"MASTER_GIS","display_rank":5749,"lon":49.839775,"lat":40.368596},"geometry":{"type":"Point","coordinates":[49.83977530000001,40.3685957]}},{"type":"Feature","properties":{"poi_id":"OSM_accommodation_9812873899","label":"İsimsiz kayıt","thesis_group":"ACCOMMODATION","thesis_subtype":"motel","icon_id":"accommodation_motel","name_quality":"MISSING","rayon":"Bakı şəhəri","rayon_id":"AZE_ADM2_54616110B61947743987915","verification_status":"PROVISIONAL","source_role":"MASTER_GIS","display_rank":5751,"lon":49.837984,"lat":40.366553},"geometry":{"type":"Point","coordinates":[49.8379835,40.366553100000004]}},{"type":"Feature","properties":{"poi_id":"OSM_accommodation_9813890817","label":"İsimsiz kayıt","thesis_group":"ACCOMMODATION","thesis_subtype":"hotel","icon_id":"accommodation_hotel","name_quality":"MISSING","rayon":"Bakı şəhəri","rayon_id":"AZE_ADM2_54616110B61947743987915","verification_status":"PROVISIONAL","source_role":"MASTER_GIS","display_rank":5752,"lon":49.832905,"lat":40.365526},"geometry":{"type":"Point","coordinates":[49.832904500000005,40.3655264]}},{"type":"Feature","properties":{"poi_id":"OSM_accommodation_9815536144","label":"İsimsiz kayıt","thesis_group":"ACCOMMODATION","thesis_subtype":"hotel","icon_id":"accommodation_hotel","name_quality":"MISSING","rayon":"Bakı şəhəri","rayon_id":"AZE_ADM2_54616110B61947743987915","verification_status":"PROVISIONAL","source_role":"MASTER_GIS","display_rank":5753,"lon":49.838802,"lat":40.377965},"geometry":{"type":"Point","coordinates":[49.838801600000004,40.3779647]}},{"type":"Feature","properties":{"poi_id":"OSM_accommodation_9818015617","label":"İsimsiz kayıt","thesis_group":"ACCOMMODATION","thesis_subtype":"motel","icon_id":"accommodation_motel","name_quality":"MISSING","rayon":"Bakı şəhəri","rayon_id":"AZE_ADM2_54616110B61947743987915","verification_status":"PROVISIONAL","source_role":"MASTER_GIS","display_rank":5754,"lon":49.833936,"lat":40.374604},"geometry":{"type":"Point","coordinates":[49.8339361,40.3746035]}},{"type":"Feature","properties":{"poi_id":"OSM_accommodation_9823340876","label":"İsimsiz kayıt","thesis_group":"ACCOMMODATION","thesis_subtype":"hotel","icon_id":"accommodation_hotel","name_quality":"MISSING","rayon":"Bakı şəhəri","rayon_id":"AZE_ADM2_54616110B61947743987915","verification_status":"PROVISIONAL","source_role":"MASTER_GIS","display_rank":5755,"lon":49.836912,"lat":40.369439},"geometry":{"type":"Point","coordinates":[49.836912000000005,40.3694386]}},{"type":"Feature","properties":{"poi_id":"OSM_accommodation_9834378060","label":"İsimsiz kayıt","thesis_group":"ACCOMMODATION","thesis_subtype":"hotel","icon_id":"accommodation_hotel","name_quality":"MISSING","rayon":"Bakı şəhəri","rayon_id":"AZE_ADM2_54616110B61947743987915","verification_status":"PROVISIONAL","source_role":"MASTER_GIS","display_rank":5756,"lon":50.123647,"lat":40.521521},"geometry":{"type":"Point","coordinates":[50.1236468,40.521521]}},{"type":"Feature","properties":{"poi_id":"OSM_accommodation_9851340419","label":"İsimsiz kayıt","thesis_group":"ACCOMMODATION","thesis_subtype":"motel","icon_id":"accommodation_motel","name_quality":"MISSING","rayon":"Bakı şəhəri","rayon_id":"AZE_ADM2_54616110B61947743987915","verification_status":"PROVISIONAL","source_role":"MASTER_GIS","display_rank":5757,"lon":49.756994,"lat":40.573566},"geometry":{"type":"Point","coordinates":[49.7569942,40.5735663]}},{"type":"Feature","properties":{"poi_id":"OSM_accommodation_9851554041","label":"İsimsiz kayıt","thesis_group":"ACCOMMODATION","thesis_subtype":"hotel","icon_id":"accommodation_hotel","name_quality":"MISSING","rayon":"Bakı şəhəri","rayon_id":"AZE_ADM2_54616110B61947743987915","verification_status":"PROVISIONAL","source_role":"MASTER_GIS","display_rank":5758,"lon":49.774925,"lat":40.57344},"geometry":{"type":"Point","coordinates":[49.7749248,40.5734401]}},{"type":"Feature","properties":{"poi_id":"OSM_accommodation_9856536607","label":"İsimsiz kayıt","thesis_group":"ACCOMMODATION","thesis_subtype":"hotel","icon_id":"accommodation_hotel","name_quality":"MISSING","rayon":"Bakı şəhəri","rayon_id":"AZE_ADM2_54616110B61947743987915","verification_status":"PROVISIONAL","source_role":"MASTER_GIS","display_rank":5759,"lon":49.992569,"lat":40.588696},"geometry":{"type":"Point","coordinates":[49.992568600000006,40.5886961]}},{"type":"Feature","properties":{"poi_id":"OSM_accommodation_9856669333","label":"İsimsiz kayıt","thesis_group":"ACCOMMODATION","thesis_subtype":"hotel","icon_id":"accommodation_hotel","name_quality":"MISSING","rayon":"Bakı şəhəri","rayon_id":"AZE_ADM2_54616110B61947743987915","verification_status":"PROVISIONAL","source_role":"MASTER_GIS","display_rank":5760,"lon":49.98753,"lat":40.591641},"geometry":{"type":"Point","coordinates":[49.9875301,40.591641200000005]}},{"type":"Feature","properties":{"poi_id":"OSM_accommodation_9864331971","label":"İsimsiz kayıt","thesis_group":"ACCOMMODATION","thesis_subtype":"hotel","icon_id":"accommodation_hotel","name_quality":"MISSING","rayon":"Bakı şəhəri","rayon_id":"AZE_ADM2_54616110B61947743987915","verification_status":"PROVISIONAL","source_role":"MASTER_GIS","display_rank":5761,"lon":49.873102,"lat":40.394276},"geometry":{"type":"Point","coordinates":[49.87310170000001,40.3942762]}},{"type":"Feature","properties":{"poi_id":"OSM_accommodation_9885980803","label":"İsimsiz kayıt","thesis_group":"ACCOMMODATION","thesis_subtype":"hotel","icon_id":"accommodation_hotel","name_quality":"MISSING","rayon":"Bakı şəhəri","rayon_id":"AZE_ADM2_54616110B61947743987915","verification_status":"PROVISIONAL","source_role":"MASTER_GIS","display_rank":5763,"lon":49.823712,"lat":40.305349},"geometry":{"type":"Point","coordinates":[49.8237115,40.3053486]}},{"type":"Feature","properties":{"poi_id":"OSM_accommodation_9893966209","label":"İsimsiz kayıt","thesis_group":"ACCOMMODATION","thesis_subtype":"guest_house","icon_id":"accommodation_guesthouse","name_quality":"MISSING","rayon":"Bakı şəhəri","rayon_id":"AZE_ADM2_54616110B61947743987915","verification_status":"PROVISIONAL","source_role":"MASTER_GIS","display_rank":5764,"lon":49.930758,"lat":40.423303},"geometry":{"type":"Point","coordinates":[49.9307585,40.423303000000004]}},{"type":"Feature","properties":{"poi_id":"OSM_accommodation_9900576811","label":"İsimsiz kayıt","thesis_group":"ACCOMMODATION","thesis_subtype":"guest_house","icon_id":"accommodation_guesthouse","name_quality":"MISSING","rayon":"Bakı şəhəri","rayon_id":"AZE_ADM2_54616110B61947743987915","verification_status":"PROVISIONAL","source_role":"MASTER_GIS","display_rank":5765,"lon":49.831876,"lat":40.341787},"geometry":{"type":"Point","coordinates":[49.8318762,40.341787000000004]}},{"type":"Feature","properties":{"poi_id":"OSM_accommodation_9900576812","label":"İsimsiz kayıt","thesis_group":"ACCOMMODATION","thesis_subtype":"guest_house","icon_id":"accommodation_guesthouse","name_quality":"MISSING","rayon":"Bakı şəhəri","rayon_id":"AZE_ADM2_54616110B61947743987915","verification_status":"PROVISIONAL","source_role":"MASTER_GIS","display_rank":5766,"lon":49.832088,"lat":40.341564},"geometry":{"type":"Point","coordinates":[49.8320881,40.3415642]}},{"type":"Feature","properties":{"poi_id":"OSM_accommodation_9902643316","label":"İsimsiz kayıt","thesis_group":"ACCOMMODATION","thesis_subtype":"hotel","icon_id":"accommodation_hotel","name_quality":"MISSING","rayon":"Bakı şəhəri","rayon_id":"AZE_ADM2_54616110B61947743987915","verification_status":"PROVISIONAL","source_role":"MASTER_GIS","display_rank":5767,"lon":49.810117,"lat":40.341165},"geometry":{"type":"Point","coordinates":[49.8101167,40.341164500000005]}},{"type":"Feature","properties":{"poi_id":"OSM_accommodation_9904901634","label":"İsimsiz kayıt","thesis_group":"ACCOMMODATION","thesis_subtype":"hotel","icon_id":"accommodation_hotel","name_quality":"MISSING","rayon":"Bakı şəhəri","rayon_id":"AZE_ADM2_54616110B61947743987915","verification_status":"PROVISIONAL","source_role":"MASTER_GIS","display_rank":5768,"lon":49.809631,"lat":40.335235},"geometry":{"type":"Point","coordinates":[49.80963130000001,40.335234500000006]}},{"type":"Feature","properties":{"poi_id":"OSM_accommodation_9904901635","label":"İsimsiz kayıt","thesis_group":"ACCOMMODATION","thesis_subtype":"hotel","icon_id":"accommodation_hotel","name_quality":"MISSING","rayon":"Bakı şəhəri","rayon_id":"AZE_ADM2_54616110B61947743987915","verification_status":"PROVISIONAL","source_role":"MASTER_GIS","display_rank":5769,"lon":49.810327,"lat":40.334392},"geometry":{"type":"Point","coordinates":[49.810327300000004,40.3343921]}},{"type":"Feature","properties":{"poi_id":"OSM_accommodation_9913353972","label":"İsimsiz kayıt","thesis_group":"ACCOMMODATION","thesis_subtype":"hotel","icon_id":"accommodation_hotel","name_quality":"MISSING","rayon":"Bakı şəhəri","rayon_id":"AZE_ADM2_54616110B61947743987915","verification_status":"PROVISIONAL","source_role":"MASTER_GIS","display_rank":5770,"lon":49.834955,"lat":40.348566},"geometry":{"type":"Point","coordinates":[49.834955300000004,40.3485658]}},{"type":"Feature","properties":{"poi_id":"OSM_accommodation_9917769730","label":"İsimsiz kayıt","thesis_group":"ACCOMMODATION","thesis_subtype":"hotel","icon_id":"accommodation_hotel","name_quality":"MISSING","rayon":"Bakı şəhəri","rayon_id":"AZE_ADM2_54616110B61947743987915","verification_status":"PROVISIONAL","source_role":"MASTER_GIS","display_rank":5771,"lon":49.924064,"lat":40.41512},"geometry":{"type":"Point","coordinates":[49.924063700000005,40.415119600000004]}},{"type":"Feature","properties":{"poi_id":"OSM_accommodation_9918013084","label":"İsimsiz kayıt","thesis_group":"ACCOMMODATION","thesis_subtype":"hotel","icon_id":"accommodation_hotel","name_quality":"MISSING","rayon":"Bakı şəhəri","rayon_id":"AZE_ADM2_54616110B61947743987915","verification_status":"PROVISIONAL","source_role":"MASTER_GIS","display_rank":5772,"lon":49.825562,"lat":40.397179},"geometry":{"type":"Point","coordinates":[49.8255622,40.397179]}},{"type":"Feature","properties":{"poi_id":"OSM_accommodation_9918026589","label":"İsimsiz kayıt","thesis_group":"ACCOMMODATION","thesis_subtype":"motel","icon_id":"accommodation_motel","name_quality":"MISSING","rayon":"Bakı şəhəri","rayon_id":"AZE_ADM2_54616110B61947743987915","verification_status":"PROVISIONAL","source_role":"MASTER_GIS","display_rank":5773,"lon":49.829446,"lat":40.388084},"geometry":{"type":"Point","coordinates":[49.829446100000006,40.3880843]}},{"type":"Feature","properties":{"poi_id":"OSM_accommodation_9919926208","label":"İsimsiz kayıt","thesis_group":"ACCOMMODATION","thesis_subtype":"motel","icon_id":"accommodation_motel","name_quality":"MISSING","rayon":"Bakı şəhəri","rayon_id":"AZE_ADM2_54616110B61947743987915","verification_status":"PROVISIONAL","source_role":"MASTER_GIS","display_rank":5774,"lon":49.838883,"lat":40.341733},"geometry":{"type":"Point","coordinates":[49.8388834,40.341732900000004]}},{"type":"Feature","properties":{"poi_id":"OSM_accommodation_9919992375","label":"İsimsiz kayıt","thesis_group":"ACCOMMODATION","thesis_subtype":"hotel","icon_id":"accommodation_hotel","name_quality":"MISSING","rayon":"Bakı şəhəri","rayon_id":"AZE_ADM2_54616110B61947743987915","verification_status":"PROVISIONAL","source_role":"MASTER_GIS","display_rank":5775,"lon":49.834097,"lat":40.358678},"geometry":{"type":"Point","coordinates":[49.834097,40.3586776]}},{"type":"Feature","properties":{"poi_id":"OSM_accommodation_9927789318","label":"İsimsiz kayıt","thesis_group":"ACCOMMODATION","thesis_subtype":"guest_house","icon_id":"accommodation_guesthouse","name_quality":"MISSING","rayon":"Bakı şəhəri","rayon_id":"AZE_ADM2_54616110B61947743987915","verification_status":"PROVISIONAL","source_role":"MASTER_GIS","display_rank":5776,"lon":49.932366,"lat":40.424844},"geometry":{"type":"Point","coordinates":[49.932366200000004,40.424844]}},{"type":"Feature","properties":{"poi_id":"OSM_accommodation_9930407478","label":"İsimsiz kayıt","thesis_group":"ACCOMMODATION","thesis_subtype":"hotel","icon_id":"accommodation_hotel","name_quality":"MISSING","rayon":"Bakı şəhəri","rayon_id":"AZE_ADM2_54616110B61947743987915","verification_status":"PROVISIONAL","source_role":"MASTER_GIS","display_rank":5777,"lon":50.096654,"lat":40.400519},"geometry":{"type":"Point","coordinates":[50.096654400000006,40.4005187]}},{"type":"Feature","properties":{"poi_id":"OSM_accommodation_9954965917","label":"İsimsiz kayıt","thesis_group":"ACCOMMODATION","thesis_subtype":"guest_house","icon_id":"accommodation_guesthouse","name_quality":"MISSING","rayon":"Qax rayonu","rayon_id":"AZE_ADM2_54616110B49356278605879","verification_status":"PROVISIONAL","source_role":"MASTER_GIS","display_rank":5778,"lon":46.926701,"lat":41.465705},"geometry":{"type":"Point","coordinates":[46.926700600000004,41.465704800000005]}},{"type":"Feature","properties":{"poi_id":"OSM_accommodation_9965365376","label":"İsimsiz kayıt","thesis_group":"ACCOMMODATION","thesis_subtype":"hotel","icon_id":"accommodation_hotel","name_quality":"MISSING","rayon":"Bakı şəhəri","rayon_id":"AZE_ADM2_54616110B61947743987915","verification_status":"PROVISIONAL","source_role":"MASTER_GIS","display_rank":5779,"lon":49.819797,"lat":40.376091},"geometry":{"type":"Point","coordinates":[49.819797,40.376091200000005]}},{"type":"Feature","properties":{"poi_id":"OSM_accommodation_9993613221","label":"İsimsiz kayıt","thesis_group":"ACCOMMODATION","thesis_subtype":"motel","icon_id":"accommodation_motel","name_quality":"MISSING","rayon":"Bakı şəhəri","rayon_id":"AZE_ADM2_54616110B61947743987915","verification_status":"PROVISIONAL","source_role":"MASTER_GIS","display_rank":5780,"lon":50.14059,"lat":40.367194},"geometry":{"type":"Point","coordinates":[50.1405904,40.3671938]}},{"type":"Feature","properties":{"poi_id":"OSM_accommodation_10000660090","label":"İsimsiz kayıt","thesis_group":"ACCOMMODATION","thesis_subtype":"motel","icon_id":"accommodation_motel","name_quality":"MISSING","rayon":"Qazax rayonu","rayon_id":"AZE_ADM2_54616110B43488292017990","verification_status":"PROVISIONAL","source_role":"MASTER_GIS","display_rank":5781,"lon":45.34344,"lat":41.108787},"geometry":{"type":"Point","coordinates":[45.343439800000006,41.1087872]}},{"type":"Feature","properties":{"poi_id":"OSM_accommodation_10078367410","label":"İsimsiz kayıt","thesis_group":"ACCOMMODATION","thesis_subtype":"motel","icon_id":"accommodation_motel","name_quality":"MISSING","rayon":"Bakı şəhəri","rayon_id":"AZE_ADM2_54616110B61947743987915","verification_status":"PROVISIONAL","source_role":"MASTER_GIS","display_rank":5783,"lon":49.962628,"lat":40.429926},"geometry":{"type":"Point","coordinates":[49.9626284,40.4299255]}},{"type":"Feature","properties":{"poi_id":"OSM_accommodation_10087595075","label":"İsimsiz kayıt","thesis_group":"ACCOMMODATION","thesis_subtype":"motel","icon_id":"accommodation_motel","name_quality":"MISSING","rayon":"Bakı şəhəri","rayon_id":"AZE_ADM2_54616110B61947743987915","verification_status":"PROVISIONAL","source_role":"MASTER_GIS","display_rank":5784,"lon":49.963656,"lat":40.410061},"geometry":{"type":"Point","coordinates":[49.963655800000005,40.410061000000006]}},{"type":"Feature","properties":{"poi_id":"OSM_accommodation_10096021285","label":"İsimsiz kayıt","thesis_group":"ACCOMMODATION","thesis_subtype":"hostel","icon_id":"accommodation_hotel","name_quality":"MISSING","rayon":"Bakı şəhəri","rayon_id":"AZE_ADM2_54616110B61947743987915","verification_status":"PROVISIONAL","source_role":"MASTER_GIS","display_rank":5785,"lon":50.330431,"lat":40.46303},"geometry":{"type":"Point","coordinates":[50.330430500000006,40.463029600000006]}},{"type":"Feature","properties":{"poi_id":"OSM_accommodation_10112875117","label":"İsimsiz kayıt","thesis_group":"ACCOMMODATION","thesis_subtype":"hostel","icon_id":"accommodation_hotel","name_quality":"MISSING","rayon":"Bakı şəhəri","rayon_id":"AZE_ADM2_54616110B61947743987915","verification_status":"PROVISIONAL","source_role":"MASTER_GIS","display_rank":5786,"lon":49.852848,"lat":40.377673},"geometry":{"type":"Point","coordinates":[49.852847800000006,40.377672600000004]}},{"type":"Feature","properties":{"poi_id":"OSM_accommodation_10181909169","label":"İsimsiz kayıt","thesis_group":"ACCOMMODATION","thesis_subtype":"hotel","icon_id":"accommodation_hotel","name_quality":"MISSING","rayon":"Bakı şəhəri","rayon_id":"AZE_ADM2_54616110B61947743987915","verification_status":"PROVISIONAL","source_role":"MASTER_GIS","display_rank":5787,"lon":49.840108,"lat":40.342609},"geometry":{"type":"Point","coordinates":[49.8401079,40.3426089]}},{"type":"Feature","properties":{"poi_id":"OSM_accommodation_10247658938","label":"İsimsiz kayıt","thesis_group":"ACCOMMODATION","thesis_subtype":"motel","icon_id":"accommodation_motel","name_quality":"MISSING","rayon":"Abşeron rayonu","rayon_id":"AZE_ADM2_54616110B88432173472444","verification_status":"PROVISIONAL","source_role":"MASTER_GIS","display_rank":5788,"lon":49.823282,"lat":40.50081},"geometry":{"type":"Point","coordinates":[49.823282400000004,40.5008095]}},{"type":"Feature","properties":{"poi_id":"OSM_accommodation_10247659015","label":"İsimsiz kayıt","thesis_group":"ACCOMMODATION","thesis_subtype":"motel","icon_id":"accommodation_motel","name_quality":"MISSING","rayon":"Abşeron rayonu","rayon_id":"AZE_ADM2_54616110B88432173472444","verification_status":"PROVISIONAL","source_role":"MASTER_GIS","display_rank":5789,"lon":49.829268,"lat":40.491187},"geometry":{"type":"Point","coordinates":[49.8292677,40.4911873]}},{"type":"Feature","properties":{"poi_id":"OSM_accommodation_10295645632","label":"İsimsiz kayıt","thesis_group":"ACCOMMODATION","thesis_subtype":"hotel","icon_id":"accommodation_hotel","name_quality":"MISSING","rayon":"Bakı şəhəri","rayon_id":"AZE_ADM2_54616110B61947743987915","verification_status":"PROVISIONAL","source_role":"MASTER_GIS","display_rank":5790,"lon":49.836562,"lat":40.440971},"geometry":{"type":"Point","coordinates":[49.836562,40.4409712]}},{"type":"Feature","properties":{"poi_id":"OSM_accommodation_10309432237","label":"İsimsiz kayıt","thesis_group":"ACCOMMODATION","thesis_subtype":"hostel","icon_id":"accommodation_hotel","name_quality":"MISSING","rayon":"Bakı şəhəri","rayon_id":"AZE_ADM2_54616110B61947743987915","verification_status":"PROVISIONAL","source_role":"MASTER_GIS","display_rank":5791,"lon":49.772186,"lat":40.445735},"geometry":{"type":"Point","coordinates":[49.7721863,40.4457346]}},{"type":"Feature","properties":{"poi_id":"OSM_accommodation_10309432980","label":"İsimsiz kayıt","thesis_group":"ACCOMMODATION","thesis_subtype":"hotel","icon_id":"accommodation_hotel","name_quality":"MISSING","rayon":"Bakı şəhəri","rayon_id":"AZE_ADM2_54616110B61947743987915","verification_status":"PROVISIONAL","source_role":"MASTER_GIS","display_rank":5792,"lon":49.79672,"lat":40.466034},"geometry":{"type":"Point","coordinates":[49.796720400000005,40.4660335]}},{"type":"Feature","properties":{"poi_id":"OSM_accommodation_10540422152","label":"İsimsiz kayıt","thesis_group":"ACCOMMODATION","thesis_subtype":"motel","icon_id":"accommodation_motel","name_quality":"MISSING","rayon":"Abşeron rayonu","rayon_id":"AZE_ADM2_54616110B88432173472444","verification_status":"PROVISIONAL","source_role":"MASTER_GIS","display_rank":5793,"lon":49.754445,"lat":40.470677},"geometry":{"type":"Point","coordinates":[49.7544448,40.470676700000006]}},{"type":"Feature","properties":{"poi_id":"OSM_accommodation_10635584905","label":"İsimsiz kayıt","thesis_group":"ACCOMMODATION","thesis_subtype":"hotel","icon_id":"accommodation_hotel","name_quality":"MISSING","rayon":"İsmayıllı rayonu","rayon_id":"AZE_ADM2_54616110B45290451128830","verification_status":"PROVISIONAL","source_role":"MASTER_GIS","display_rank":5794,"lon":48.041778,"lat":40.978956},"geometry":{"type":"Point","coordinates":[48.041778400000005,40.9789563]}},{"type":"Feature","properties":{"poi_id":"OSM_accommodation_10655856517","label":"İsimsiz kayıt","thesis_group":"ACCOMMODATION","thesis_subtype":"hotel","icon_id":"accommodation_hotel","name_quality":"MISSING","rayon":"Bakı şəhəri","rayon_id":"AZE_ADM2_54616110B61947743987915","verification_status":"PROVISIONAL","source_role":"MASTER_GIS","display_rank":5795,"lon":50.09918,"lat":40.532461},"geometry":{"type":"Point","coordinates":[50.0991797,40.532460900000004]}},{"type":"Feature","properties":{"poi_id":"OSM_accommodation_10719932812","label":"İsimsiz kayıt","thesis_group":"ACCOMMODATION","thesis_subtype":"motel","icon_id":"accommodation_motel","name_quality":"MISSING","rayon":"Bakı şəhəri","rayon_id":"AZE_ADM2_54616110B61947743987915","verification_status":"PROVISIONAL","source_role":"MASTER_GIS","display_rank":5796,"lon":50.179718,"lat":40.507528},"geometry":{"type":"Point","coordinates":[50.179718400000006,40.5075285]}},{"type":"Feature","properties":{"poi_id":"OSM_accommodation_10722275527","label":"İsimsiz kayıt","thesis_group":"ACCOMMODATION","thesis_subtype":"motel","icon_id":"accommodation_motel","name_quality":"MISSING","rayon":"Bakı şəhəri","rayon_id":"AZE_ADM2_54616110B61947743987915","verification_status":"PROVISIONAL","source_role":"MASTER_GIS","display_rank":5797,"lon":50.173916,"lat":40.485894},"geometry":{"type":"Point","coordinates":[50.1739155,40.485893700000005]}},{"type":"Feature","properties":{"poi_id":"OSM_accommodation_10726529796","label":"İsimsiz kayıt","thesis_group":"ACCOMMODATION","thesis_subtype":"hostel","icon_id":"accommodation_hotel","name_quality":"MISSING","rayon":"Bakı şəhəri","rayon_id":"AZE_ADM2_54616110B61947743987915","verification_status":"PROVISIONAL","source_role":"MASTER_GIS","display_rank":5798,"lon":50.197595,"lat":40.495797},"geometry":{"type":"Point","coordinates":[50.197595400000004,40.495797200000005]}},{"type":"Feature","properties":{"poi_id":"OSM_accommodation_10737884628","label":"İsimsiz kayıt","thesis_group":"ACCOMMODATION","thesis_subtype":"hotel","icon_id":"accommodation_hotel","name_quality":"MISSING","rayon":"Bakı şəhəri","rayon_id":"AZE_ADM2_54616110B61947743987915","verification_status":"PROVISIONAL","source_role":"MASTER_GIS","display_rank":5799,"lon":50.173826,"lat":40.465132},"geometry":{"type":"Point","coordinates":[50.1738256,40.465131500000005]}},{"type":"Feature","properties":{"poi_id":"OSM_accommodation_10739770579","label":"İsimsiz kayıt","thesis_group":"ACCOMMODATION","thesis_subtype":"hotel","icon_id":"accommodation_hotel","name_quality":"MISSING","rayon":"Bakı şəhəri","rayon_id":"AZE_ADM2_54616110B61947743987915","verification_status":"PROVISIONAL","source_role":"MASTER_GIS","display_rank":5800,"lon":50.154166,"lat":40.504372},"geometry":{"type":"Point","coordinates":[50.1541664,40.5043725]}},{"type":"Feature","properties":{"poi_id":"OSM_accommodation_10778432726","label":"İsimsiz kayıt","thesis_group":"ACCOMMODATION","thesis_subtype":"hostel","icon_id":"accommodation_hotel","name_quality":"MISSING","rayon":"Bakı şəhəri","rayon_id":"AZE_ADM2_54616110B61947743987915","verification_status":"PROVISIONAL","source_role":"MASTER_GIS","display_rank":5801,"lon":50.090937,"lat":40.449212},"geometry":{"type":"Point","coordinates":[50.0909373,40.4492117]}},{"type":"Feature","properties":{"poi_id":"OSM_accommodation_10794665506","label":"İsimsiz kayıt","thesis_group":"ACCOMMODATION","thesis_subtype":"guest_house","icon_id":"accommodation_guesthouse","name_quality":"MISSING","rayon":"Bakı şəhəri","rayon_id":"AZE_ADM2_54616110B61947743987915","verification_status":"PROVISIONAL","source_role":"MASTER_GIS","display_rank":5802,"lon":49.932418,"lat":40.447002},"geometry":{"type":"Point","coordinates":[49.9324175,40.447001500000006]}},{"type":"Feature","properties":{"poi_id":"OSM_accommodation_10802785478","label":"İsimsiz kayıt","thesis_group":"ACCOMMODATION","thesis_subtype":"motel","icon_id":"accommodation_motel","name_quality":"MISSING","rayon":"Bakı şəhəri","rayon_id":"AZE_ADM2_54616110B61947743987915","verification_status":"PROVISIONAL","source_role":"MASTER_GIS","display_rank":5803,"lon":49.939591,"lat":40.440394},"geometry":{"type":"Point","coordinates":[49.939591,40.4403935]}},{"type":"Feature","properties":{"poi_id":"OSM_accommodation_10825051755","label":"İsimsiz kayıt","thesis_group":"ACCOMMODATION","thesis_subtype":"motel","icon_id":"accommodation_motel","name_quality":"MISSING","rayon":"Bakı şəhəri","rayon_id":"AZE_ADM2_54616110B61947743987915","verification_status":"PROVISIONAL","source_role":"MASTER_GIS","display_rank":5804,"lon":49.95308,"lat":40.432278},"geometry":{"type":"Point","coordinates":[49.953079800000005,40.432277500000005]}},{"type":"Feature","properties":{"poi_id":"OSM_accommodation_10827737996","label":"İsimsiz kayıt","thesis_group":"ACCOMMODATION","thesis_subtype":"hotel","icon_id":"accommodation_hotel","name_quality":"MISSING","rayon":"Bakı şəhəri","rayon_id":"AZE_ADM2_54616110B61947743987915","verification_status":"PROVISIONAL","source_role":"MASTER_GIS","display_rank":5805,"lon":49.936879,"lat":40.426912},"geometry":{"type":"Point","coordinates":[49.9368793,40.4269119]}},{"type":"Feature","properties":{"poi_id":"OSM_accommodation_10881211069","label":"İsimsiz kayıt","thesis_group":"ACCOMMODATION","thesis_subtype":"hotel","icon_id":"accommodation_hotel","name_quality":"MISSING","rayon":"Xaçmaz rayonu","rayon_id":"AZE_ADM2_54616110B89497242950609","verification_status":"PROVISIONAL","source_role":"MASTER_GIS","display_rank":5806,"lon":48.6737,"lat":41.76541},"geometry":{"type":"Point","coordinates":[48.6736997,41.765410200000005]}},{"type":"Feature","properties":{"poi_id":"OSM_accommodation_10882796671","label":"İsimsiz kayıt","thesis_group":"ACCOMMODATION","thesis_subtype":"hotel","icon_id":"accommodation_hotel","name_quality":"MISSING","rayon":"Xaçmaz rayonu","rayon_id":"AZE_ADM2_54616110B89497242950609","verification_status":"PROVISIONAL","source_role":"MASTER_GIS","display_rank":5807,"lon":48.648125,"lat":41.805758},"geometry":{"type":"Point","coordinates":[48.6481252,41.8057578]}},{"type":"Feature","properties":{"poi_id":"OSM_accommodation_10913681018","label":"İsimsiz kayıt","thesis_group":"ACCOMMODATION","thesis_subtype":"hotel","icon_id":"accommodation_hotel","name_quality":"MISSING","rayon":"Xaçmaz rayonu","rayon_id":"AZE_ADM2_54616110B89497242950609","verification_status":"PROVISIONAL","source_role":"MASTER_GIS","display_rank":5808,"lon":48.782139,"lat":41.662541},"geometry":{"type":"Point","coordinates":[48.782138700000004,41.6625414]}},{"type":"Feature","properties":{"poi_id":"OSM_accommodation_10951820463","label":"İsimsiz kayıt","thesis_group":"ACCOMMODATION","thesis_subtype":"motel","icon_id":"accommodation_motel","name_quality":"MISSING","rayon":"Abşeron rayonu","rayon_id":"AZE_ADM2_54616110B88432173472444","verification_status":"PROVISIONAL","source_role":"MASTER_GIS","display_rank":5809,"lon":49.72252,"lat":40.469245},"geometry":{"type":"Point","coordinates":[49.7225198,40.469245300000004]}},{"type":"Feature","properties":{"poi_id":"OSM_accommodation_10951968882","label":"İsimsiz kayıt","thesis_group":"ACCOMMODATION","thesis_subtype":"hotel","icon_id":"accommodation_hotel","name_quality":"MISSING","rayon":"Abşeron rayonu","rayon_id":"AZE_ADM2_54616110B88432173472444","verification_status":"PROVISIONAL","source_role":"MASTER_GIS","display_rank":5810,"lon":49.725158,"lat":40.460715},"geometry":{"type":"Point","coordinates":[49.725157800000005,40.460715400000005]}},{"type":"Feature","properties":{"poi_id":"OSM_accommodation_10976478333","label":"İsimsiz kayıt","thesis_group":"ACCOMMODATION","thesis_subtype":"hotel","icon_id":"accommodation_hotel","name_quality":"MISSING","rayon":"Qəbələ rayonu","rayon_id":"AZE_ADM2_54616110B33746839775993","verification_status":"PROVISIONAL","source_role":"MASTER_GIS","display_rank":5811,"lon":47.876826,"lat":40.955137},"geometry":{"type":"Point","coordinates":[47.876825800000006,40.9551366]}},{"type":"Feature","properties":{"poi_id":"OSM_accommodation_10977357443","label":"İsimsiz kayıt","thesis_group":"ACCOMMODATION","thesis_subtype":"guest_house","icon_id":"accommodation_guesthouse","name_quality":"MISSING","rayon":"Abşeron rayonu","rayon_id":"AZE_ADM2_54616110B88432173472444","verification_status":"PROVISIONAL","source_role":"MASTER_GIS","display_rank":5812,"lon":49.741628,"lat":40.460264},"geometry":{"type":"Point","coordinates":[49.741627900000005,40.4602644]}},{"type":"Feature","properties":{"poi_id":"OSM_accommodation_10977449866","label":"İsimsiz kayıt","thesis_group":"ACCOMMODATION","thesis_subtype":"guest_house","icon_id":"accommodation_guesthouse","name_quality":"MISSING","rayon":"Abşeron rayonu","rayon_id":"AZE_ADM2_54616110B88432173472444","verification_status":"PROVISIONAL","source_role":"MASTER_GIS","display_rank":5813,"lon":49.741797,"lat":40.459303},"geometry":{"type":"Point","coordinates":[49.7417968,40.4593032]}},{"type":"Feature","properties":{"poi_id":"OSM_accommodation_10998007502","label":"İsimsiz kayıt","thesis_group":"ACCOMMODATION","thesis_subtype":"guest_house","icon_id":"accommodation_guesthouse","name_quality":"MISSING","rayon":"Bakı şəhəri","rayon_id":"AZE_ADM2_54616110B61947743987915","verification_status":"PROVISIONAL","source_role":"MASTER_GIS","display_rank":5814,"lon":49.810251,"lat":40.34594},"geometry":{"type":"Point","coordinates":[49.810250800000006,40.3459401]}},{"type":"Feature","properties":{"poi_id":"OSM_accommodation_11007285613","label":"İsimsiz kayıt","thesis_group":"ACCOMMODATION","thesis_subtype":"guest_house","icon_id":"accommodation_guesthouse","name_quality":"MISSING","rayon":"Quba rayonu","rayon_id":"AZE_ADM2_54616110B77048085748362","verification_status":"PROVISIONAL","source_role":"MASTER_GIS","display_rank":5815,"lon":48.127974,"lat":41.18137},"geometry":{"type":"Point","coordinates":[48.127974200000004,41.181369600000004]}},{"type":"Feature","properties":{"poi_id":"OSM_accommodation_11007285636","label":"İsimsiz kayıt","thesis_group":"ACCOMMODATION","thesis_subtype":"guest_house","icon_id":"accommodation_guesthouse","name_quality":"MISSING","rayon":"Quba rayonu","rayon_id":"AZE_ADM2_54616110B77048085748362","verification_status":"PROVISIONAL","source_role":"MASTER_GIS","display_rank":5816,"lon":48.122561,"lat":41.180672},"geometry":{"type":"Point","coordinates":[48.122561000000005,41.180672400000006]}},{"type":"Feature","properties":{"poi_id":"OSM_accommodation_11007285803","label":"İsimsiz kayıt","thesis_group":"ACCOMMODATION","thesis_subtype":"guest_house","icon_id":"accommodation_guesthouse","name_quality":"MISSING","rayon":"Quba rayonu","rayon_id":"AZE_ADM2_54616110B77048085748362","verification_status":"PROVISIONAL","source_role":"MASTER_GIS","display_rank":5817,"lon":48.128078,"lat":41.177703},"geometry":{"type":"Point","coordinates":[48.128077600000005,41.1777031]}},{"type":"Feature","properties":{"poi_id":"OSM_accommodation_11007285813","label":"İsimsiz kayıt","thesis_group":"ACCOMMODATION","thesis_subtype":"guest_house","icon_id":"accommodation_guesthouse","name_quality":"MISSING","rayon":"Quba rayonu","rayon_id":"AZE_ADM2_54616110B77048085748362","verification_status":"PROVISIONAL","source_role":"MASTER_GIS","display_rank":5818,"lon":48.127529,"lat":41.177328},"geometry":{"type":"Point","coordinates":[48.127529100000004,41.1773283]}},{"type":"Feature","properties":{"poi_id":"OSM_accommodation_11007285814","label":"İsimsiz kayıt","thesis_group":"ACCOMMODATION","thesis_subtype":"guest_house","icon_id":"accommodation_guesthouse","name_quality":"MISSING","rayon":"Quba rayonu","rayon_id":"AZE_ADM2_54616110B77048085748362","verification_status":"PROVISIONAL","source_role":"MASTER_GIS","display_rank":5819,"lon":48.125503,"lat":41.180543},"geometry":{"type":"Point","coordinates":[48.1255034,41.180542700000004]}},{"type":"Feature","properties":{"poi_id":"OSM_accommodation_11007285815","label":"İsimsiz kayıt","thesis_group":"ACCOMMODATION","thesis_subtype":"guest_house","icon_id":"accommodation_guesthouse","name_quality":"MISSING","rayon":"Quba rayonu","rayon_id":"AZE_ADM2_54616110B77048085748362","verification_status":"PROVISIONAL","source_role":"MASTER_GIS","display_rank":5820,"lon":48.12375,"lat":41.180564},"geometry":{"type":"Point","coordinates":[48.123749700000005,41.1805637]}},{"type":"Feature","properties":{"poi_id":"OSM_accommodation_11007285882","label":"İsimsiz kayıt","thesis_group":"ACCOMMODATION","thesis_subtype":"guest_house","icon_id":"accommodation_guesthouse","name_quality":"MISSING","rayon":"Quba rayonu","rayon_id":"AZE_ADM2_54616110B77048085748362","verification_status":"PROVISIONAL","source_role":"MASTER_GIS","display_rank":5821,"lon":48.128487,"lat":41.182243},"geometry":{"type":"Point","coordinates":[48.1284867,41.182242900000006]}},{"type":"Feature","properties":{"poi_id":"OSM_accommodation_11011713135","label":"İsimsiz kayıt","thesis_group":"ACCOMMODATION","thesis_subtype":"guest_house","icon_id":"accommodation_guesthouse","name_quality":"MISSING","rayon":"Xaçmaz rayonu","rayon_id":"AZE_ADM2_54616110B89497242950609","verification_status":"PROVISIONAL","source_role":"MASTER_GIS","display_rank":5822,"lon":48.779935,"lat":41.668789},"geometry":{"type":"Point","coordinates":[48.779934600000004,41.6687888]}},{"type":"Feature","properties":{"poi_id":"OSM_accommodation_11011713136","label":"İsimsiz kayıt","thesis_group":"ACCOMMODATION","thesis_subtype":"guest_house","icon_id":"accommodation_guesthouse","name_quality":"MISSING","rayon":"Xaçmaz rayonu","rayon_id":"AZE_ADM2_54616110B89497242950609","verification_status":"PROVISIONAL","source_role":"MASTER_GIS","display_rank":5823,"lon":48.778946,"lat":41.6687},"geometry":{"type":"Point","coordinates":[48.7789464,41.6686995]}},{"type":"Feature","properties":{"poi_id":"OSM_accommodation_11011713137","label":"İsimsiz kayıt","thesis_group":"ACCOMMODATION","thesis_subtype":"guest_house","icon_id":"accommodation_guesthouse","name_quality":"MISSING","rayon":"Xaçmaz rayonu","rayon_id":"AZE_ADM2_54616110B89497242950609","verification_status":"PROVISIONAL","source_role":"MASTER_GIS","display_rank":5824,"lon":48.780171,"lat":41.668542},"geometry":{"type":"Point","coordinates":[48.780170500000004,41.668541600000005]}},{"type":"Feature","properties":{"poi_id":"OSM_accommodation_11026181186","label":"İsimsiz kayıt","thesis_group":"ACCOMMODATION","thesis_subtype":"guest_house","icon_id":"accommodation_guesthouse","name_quality":"MISSING","rayon":"Bakı şəhəri","rayon_id":"AZE_ADM2_54616110B61947743987915","verification_status":"PROVISIONAL","source_role":"MASTER_GIS","display_rank":5825,"lon":49.955914,"lat":40.362182},"geometry":{"type":"Point","coordinates":[49.9559136,40.3621817]}},{"type":"Feature","properties":{"poi_id":"OSM_accommodation_11053543184","label":"İsimsiz kayıt","thesis_group":"ACCOMMODATION","thesis_subtype":"hotel","icon_id":"accommodation_hotel","name_quality":"MISSING","rayon":"Şəki şəhəri","rayon_id":"AZE_ADM2_54616110B24616396985677","verification_status":"PROVISIONAL","source_role":"MASTER_GIS","display_rank":5826,"lon":47.186763,"lat":41.200558},"geometry":{"type":"Point","coordinates":[47.186762800000004,41.2005585]}},{"type":"Feature","properties":{"poi_id":"OSM_accommodation_11062094293","label":"İsimsiz kayıt","thesis_group":"ACCOMMODATION","thesis_subtype":"chalet","icon_id":"accommodation_hotel","name_quality":"MISSING","rayon":"Bakı şəhəri","rayon_id":"AZE_ADM2_54616110B61947743987915","verification_status":"PROVISIONAL","source_role":"MASTER_GIS","display_rank":5827,"lon":49.826643,"lat":40.54354},"geometry":{"type":"Point","coordinates":[49.826643100000005,40.543539700000004]}},{"type":"Feature","properties":{"poi_id":"OSM_accommodation_11074102903","label":"İsimsiz kayıt","thesis_group":"ACCOMMODATION","thesis_subtype":"motel","icon_id":"accommodation_motel","name_quality":"MISSING","rayon":"Qusar rayonu","rayon_id":"AZE_ADM2_54616110B21517829058101","verification_status":"PROVISIONAL","source_role":"MASTER_GIS","display_rank":5828,"lon":48.395006,"lat":41.408299},"geometry":{"type":"Point","coordinates":[48.3950061,41.4082993]}},{"type":"Feature","properties":{"poi_id":"OSM_accommodation_11074141096","label":"İsimsiz kayıt","thesis_group":"ACCOMMODATION","thesis_subtype":"motel","icon_id":"accommodation_motel","name_quality":"MISSING","rayon":"Qusar rayonu","rayon_id":"AZE_ADM2_54616110B21517829058101","verification_status":"PROVISIONAL","source_role":"MASTER_GIS","display_rank":5829,"lon":48.404005,"lat":41.41158},"geometry":{"type":"Point","coordinates":[48.404004900000004,41.411580300000004]}},{"type":"Feature","properties":{"poi_id":"OSM_accommodation_11076187251","label":"İsimsiz kayıt","thesis_group":"ACCOMMODATION","thesis_subtype":"hotel","icon_id":"accommodation_hotel","name_quality":"MISSING","rayon":"Qusar rayonu","rayon_id":"AZE_ADM2_54616110B21517829058101","verification_status":"PROVISIONAL","source_role":"MASTER_GIS","display_rank":5830,"lon":48.443948,"lat":41.432576},"geometry":{"type":"Point","coordinates":[48.4439483,41.4325759]}},{"type":"Feature","properties":{"poi_id":"OSM_accommodation_11077588591","label":"İsimsiz kayıt","thesis_group":"ACCOMMODATION","thesis_subtype":"motel","icon_id":"accommodation_motel","name_quality":"MISSING","rayon":"Qusar rayonu","rayon_id":"AZE_ADM2_54616110B21517829058101","verification_status":"PROVISIONAL","source_role":"MASTER_GIS","display_rank":5831,"lon":48.406633,"lat":41.412419},"geometry":{"type":"Point","coordinates":[48.406633400000004,41.4124191]}},{"type":"Feature","properties":{"poi_id":"OSM_accommodation_11077592832","label":"İsimsiz kayıt","thesis_group":"ACCOMMODATION","thesis_subtype":"hotel","icon_id":"accommodation_hotel","name_quality":"MISSING","rayon":"Qusar rayonu","rayon_id":"AZE_ADM2_54616110B21517829058101","verification_status":"PROVISIONAL","source_role":"MASTER_GIS","display_rank":5832,"lon":48.382534,"lat":41.403195},"geometry":{"type":"Point","coordinates":[48.382533800000004,41.4031954]}},{"type":"Feature","properties":{"poi_id":"OSM_accommodation_11077592835","label":"İsimsiz kayıt","thesis_group":"ACCOMMODATION","thesis_subtype":"hotel","icon_id":"accommodation_hotel","name_quality":"MISSING","rayon":"Qusar rayonu","rayon_id":"AZE_ADM2_54616110B21517829058101","verification_status":"PROVISIONAL","source_role":"MASTER_GIS","display_rank":5833,"lon":48.385385,"lat":41.403735},"geometry":{"type":"Point","coordinates":[48.38538500000001,41.4037346]}},{"type":"Feature","properties":{"poi_id":"OSM_accommodation_11077592841","label":"İsimsiz kayıt","thesis_group":"ACCOMMODATION","thesis_subtype":"motel","icon_id":"accommodation_motel","name_quality":"MISSING","rayon":"Qusar rayonu","rayon_id":"AZE_ADM2_54616110B21517829058101","verification_status":"PROVISIONAL","source_role":"MASTER_GIS","display_rank":5834,"lon":48.393056,"lat":41.408229},"geometry":{"type":"Point","coordinates":[48.3930561,41.408228900000005]}},{"type":"Feature","properties":{"poi_id":"OSM_accommodation_11079147670","label":"İsimsiz kayıt","thesis_group":"ACCOMMODATION","thesis_subtype":"hotel","icon_id":"accommodation_hotel","name_quality":"MISSING","rayon":"Bakı şəhəri","rayon_id":"AZE_ADM2_54616110B61947743987915","verification_status":"PROVISIONAL","source_role":"MASTER_GIS","display_rank":5835,"lon":49.81285,"lat":40.379903},"geometry":{"type":"Point","coordinates":[49.8128499,40.3799027]}},{"type":"Feature","properties":{"poi_id":"OSM_accommodation_11086803033","label":"İsimsiz kayıt","thesis_group":"ACCOMMODATION","thesis_subtype":"motel","icon_id":"accommodation_motel","name_quality":"MISSING","rayon":"Quba rayonu","rayon_id":"AZE_ADM2_54616110B77048085748362","verification_status":"PROVISIONAL","source_role":"MASTER_GIS","display_rank":5836,"lon":48.549713,"lat":41.363648},"geometry":{"type":"Point","coordinates":[48.54971320000001,41.3636484]}},{"type":"Feature","properties":{"poi_id":"OSM_accommodation_11086803287","label":"İsimsiz kayıt","thesis_group":"ACCOMMODATION","thesis_subtype":"hotel","icon_id":"accommodation_hotel","name_quality":"MISSING","rayon":"Quba rayonu","rayon_id":"AZE_ADM2_54616110B77048085748362","verification_status":"PROVISIONAL","source_role":"MASTER_GIS","display_rank":5837,"lon":48.565434,"lat":41.362171},"geometry":{"type":"Point","coordinates":[48.565433600000006,41.3621708]}},{"type":"Feature","properties":{"poi_id":"OSM_accommodation_11132145005","label":"İsimsiz kayıt","thesis_group":"ACCOMMODATION","thesis_subtype":"guest_house","icon_id":"accommodation_guesthouse","name_quality":"MISSING","rayon":"İsmayıllı rayonu","rayon_id":"AZE_ADM2_54616110B45290451128830","verification_status":"PROVISIONAL","source_role":"MASTER_GIS","display_rank":5838,"lon":48.239987,"lat":40.77456},"geometry":{"type":"Point","coordinates":[48.2399872,40.77456]}},{"type":"Feature","properties":{"poi_id":"OSM_accommodation_11172695839","label":"İsimsiz kayıt","thesis_group":"ACCOMMODATION","thesis_subtype":"hostel","icon_id":"accommodation_hotel","name_quality":"MISSING","rayon":"Bakı şəhəri","rayon_id":"AZE_ADM2_54616110B61947743987915","verification_status":"PROVISIONAL","source_role":"MASTER_GIS","display_rank":5839,"lon":49.778433,"lat":40.422789},"geometry":{"type":"Point","coordinates":[49.7784331,40.4227894]}},{"type":"Feature","properties":{"poi_id":"OSM_accommodation_11183117694","label":"İsimsiz kayıt","thesis_group":"ACCOMMODATION","thesis_subtype":"hotel","icon_id":"accommodation_hotel","name_quality":"MISSING","rayon":"Qəbələ rayonu","rayon_id":"AZE_ADM2_54616110B33746839775993","verification_status":"PROVISIONAL","source_role":"MASTER_GIS","display_rank":5840,"lon":47.868062,"lat":40.996846},"geometry":{"type":"Point","coordinates":[47.868062,40.9968464]}},{"type":"Feature","properties":{"poi_id":"OSM_accommodation_11196207100","label":"İsimsiz kayıt","thesis_group":"ACCOMMODATION","thesis_subtype":"hotel","icon_id":"accommodation_hotel","name_quality":"MISSING","rayon":"Bakı şəhəri","rayon_id":"AZE_ADM2_54616110B61947743987915","verification_status":"PROVISIONAL","source_role":"MASTER_GIS","display_rank":5841,"lon":49.776218,"lat":40.318905},"geometry":{"type":"Point","coordinates":[49.7762176,40.3189046]}},{"type":"Feature","properties":{"poi_id":"OSM_accommodation_11196207101","label":"İsimsiz kayıt","thesis_group":"ACCOMMODATION","thesis_subtype":"motel","icon_id":"accommodation_motel","name_quality":"MISSING","rayon":"Bakı şəhəri","rayon_id":"AZE_ADM2_54616110B61947743987915","verification_status":"PROVISIONAL","source_role":"MASTER_GIS","display_rank":5842,"lon":49.773678,"lat":40.319821},"geometry":{"type":"Point","coordinates":[49.773677600000006,40.3198208]}},{"type":"Feature","properties":{"poi_id":"OSM_accommodation_11196207110","label":"İsimsiz kayıt","thesis_group":"ACCOMMODATION","thesis_subtype":"motel","icon_id":"accommodation_motel","name_quality":"MISSING","rayon":"Bakı şəhəri","rayon_id":"AZE_ADM2_54616110B61947743987915","verification_status":"PROVISIONAL","source_role":"MASTER_GIS","display_rank":5843,"lon":49.773061,"lat":40.324218},"geometry":{"type":"Point","coordinates":[49.7730607,40.3242175]}},{"type":"Feature","properties":{"poi_id":"OSM_accommodation_11196207115","label":"İsimsiz kayıt","thesis_group":"ACCOMMODATION","thesis_subtype":"hotel","icon_id":"accommodation_hotel","name_quality":"MISSING","rayon":"Bakı şəhəri","rayon_id":"AZE_ADM2_54616110B61947743987915","verification_status":"PROVISIONAL","source_role":"MASTER_GIS","display_rank":5844,"lon":49.773735,"lat":40.32554},"geometry":{"type":"Point","coordinates":[49.773735300000006,40.3255405]}},{"type":"Feature","properties":{"poi_id":"OSM_accommodation_11198381935","label":"İsimsiz kayıt","thesis_group":"ACCOMMODATION","thesis_subtype":"motel","icon_id":"accommodation_motel","name_quality":"MISSING","rayon":"Bakı şəhəri","rayon_id":"AZE_ADM2_54616110B61947743987915","verification_status":"PROVISIONAL","source_role":"MASTER_GIS","display_rank":5845,"lon":49.750423,"lat":40.299721},"geometry":{"type":"Point","coordinates":[49.7504228,40.2997212]}},{"type":"Feature","properties":{"poi_id":"OSM_accommodation_11198457341","label":"İsimsiz kayıt","thesis_group":"ACCOMMODATION","thesis_subtype":"hostel","icon_id":"accommodation_hotel","name_quality":"MISSING","rayon":"Bakı şəhəri","rayon_id":"AZE_ADM2_54616110B61947743987915","verification_status":"PROVISIONAL","source_role":"MASTER_GIS","display_rank":5846,"lon":49.776628,"lat":40.308239},"geometry":{"type":"Point","coordinates":[49.776628,40.308238800000005]}},{"type":"Feature","properties":{"poi_id":"OSM_accommodation_11200742143","label":"İsimsiz kayıt","thesis_group":"ACCOMMODATION","thesis_subtype":"motel","icon_id":"accommodation_motel","name_quality":"MISSING","rayon":"Bakı şəhəri","rayon_id":"AZE_ADM2_54616110B61947743987915","verification_status":"PROVISIONAL","source_role":"MASTER_GIS","display_rank":5847,"lon":49.728655,"lat":40.285267},"geometry":{"type":"Point","coordinates":[49.7286554,40.2852672]}},{"type":"Feature","properties":{"poi_id":"OSM_accommodation_11208646371","label":"İsimsiz kayıt","thesis_group":"ACCOMMODATION","thesis_subtype":"hotel","icon_id":"accommodation_hotel","name_quality":"MISSING","rayon":"Bakı şəhəri","rayon_id":"AZE_ADM2_54616110B61947743987915","verification_status":"PROVISIONAL","source_role":"MASTER_GIS","display_rank":5848,"lon":49.793534,"lat":40.305541},"geometry":{"type":"Point","coordinates":[49.793534,40.305540900000004]}},{"type":"Feature","properties":{"poi_id":"OSM_accommodation_11221007751","label":"İsimsiz kayıt","thesis_group":"ACCOMMODATION","thesis_subtype":"hotel","icon_id":"accommodation_hotel","name_quality":"MISSING","rayon":"Bakı şəhəri","rayon_id":"AZE_ADM2_54616110B61947743987915","verification_status":"PROVISIONAL","source_role":"MASTER_GIS","display_rank":5849,"lon":49.643851,"lat":40.258313},"geometry":{"type":"Point","coordinates":[49.6438507,40.2583129]}},{"type":"Feature","properties":{"poi_id":"OSM_accommodation_11225440593","label":"İsimsiz kayıt","thesis_group":"ACCOMMODATION","thesis_subtype":"hotel","icon_id":"accommodation_hotel","name_quality":"MISSING","rayon":"Bakı şəhəri","rayon_id":"AZE_ADM2_54616110B61947743987915","verification_status":"PROVISIONAL","source_role":"MASTER_GIS","display_rank":5850,"lon":49.954299,"lat":40.38052},"geometry":{"type":"Point","coordinates":[49.954298900000005,40.3805198]}},{"type":"Feature","properties":{"poi_id":"OSM_accommodation_11229605788","label":"İsimsiz kayıt","thesis_group":"ACCOMMODATION","thesis_subtype":"hotel","icon_id":"accommodation_hotel","name_quality":"MISSING","rayon":"İsmayıllı rayonu","rayon_id":"AZE_ADM2_54616110B45290451128830","verification_status":"PROVISIONAL","source_role":"MASTER_GIS","display_rank":5851,"lon":48.406051,"lat":40.725807},"geometry":{"type":"Point","coordinates":[48.4060514,40.7258074]}},{"type":"Feature","properties":{"poi_id":"OSM_accommodation_11242276998","label":"İsimsiz kayıt","thesis_group":"ACCOMMODATION","thesis_subtype":"hotel","icon_id":"accommodation_hotel","name_quality":"MISSING","rayon":"Ağcabədi rayonu","rayon_id":"AZE_ADM2_54616110B84161876100413","verification_status":"PROVISIONAL","source_role":"MASTER_GIS","display_rank":5852,"lon":47.473941,"lat":40.064217},"geometry":{"type":"Point","coordinates":[47.4739408,40.064216800000004]}},{"type":"Feature","properties":{"poi_id":"OSM_accommodation_11251439750","label":"İsimsiz kayıt","thesis_group":"ACCOMMODATION","thesis_subtype":"hotel","icon_id":"accommodation_hotel","name_quality":"MISSING","rayon":"Şamaxı rayonu","rayon_id":"AZE_ADM2_54616110B16651088424667","verification_status":"PROVISIONAL","source_role":"MASTER_GIS","display_rank":5853,"lon":48.63462,"lat":40.70998},"geometry":{"type":"Point","coordinates":[48.634619900000004,40.7099801]}},{"type":"Feature","properties":{"poi_id":"OSM_accommodation_11265043324","label":"İsimsiz kayıt","thesis_group":"ACCOMMODATION","thesis_subtype":"motel","icon_id":"accommodation_motel","name_quality":"MISSING","rayon":"Qusar rayonu","rayon_id":"AZE_ADM2_54616110B21517829058101","verification_status":"PROVISIONAL","source_role":"MASTER_GIS","display_rank":5854,"lon":48.479064,"lat":41.704695},"geometry":{"type":"Point","coordinates":[48.479063800000006,41.7046952]}},{"type":"Feature","properties":{"poi_id":"OSM_accommodation_11266858272","label":"İsimsiz kayıt","thesis_group":"ACCOMMODATION","thesis_subtype":"camp_site","icon_id":"accommodation_camping","name_quality":"MISSING","rayon":"Bakı şəhəri","rayon_id":"AZE_ADM2_54616110B61947743987915","verification_status":"PROVISIONAL","source_role":"MASTER_GIS","display_rank":5855,"lon":49.855682,"lat":40.387882},"geometry":{"type":"Point","coordinates":[49.8556819,40.387882100000006]}},{"type":"Feature","properties":{"poi_id":"OSM_accommodation_11291753733","label":"İsimsiz kayıt","thesis_group":"ACCOMMODATION","thesis_subtype":"hotel","icon_id":"accommodation_hotel","name_quality":"MISSING","rayon":"Bakı şəhəri","rayon_id":"AZE_ADM2_54616110B61947743987915","verification_status":"PROVISIONAL","source_role":"MASTER_GIS","display_rank":5856,"lon":49.879284,"lat":40.416611},"geometry":{"type":"Point","coordinates":[49.879283900000004,40.4166114]}},{"type":"Feature","properties":{"poi_id":"OSM_accommodation_11374371613","label":"İsimsiz kayıt","thesis_group":"ACCOMMODATION","thesis_subtype":"hostel","icon_id":"accommodation_hotel","name_quality":"MISSING","rayon":"Sumqayıt şəhəri","rayon_id":"AZE_ADM2_54616110B75219613739908","verification_status":"PROVISIONAL","source_role":"MASTER_GIS","display_rank":5857,"lon":49.562655,"lat":40.619782},"geometry":{"type":"Point","coordinates":[49.562654800000004,40.6197815]}},{"type":"Feature","properties":{"poi_id":"OSM_accommodation_11420339927","label":"İsimsiz kayıt","thesis_group":"ACCOMMODATION","thesis_subtype":"hotel","icon_id":"accommodation_hotel","name_quality":"MISSING","rayon":"Gəncə şəhəri","rayon_id":"AZE_ADM2_54616110B84154267491992","verification_status":"PROVISIONAL","source_role":"MASTER_GIS","display_rank":5858,"lon":46.36345,"lat":40.681113},"geometry":{"type":"Point","coordinates":[46.363449800000005,40.6811134]}},{"type":"Feature","properties":{"poi_id":"OSM_accommodation_11457509931","label":"İsimsiz kayıt","thesis_group":"ACCOMMODATION","thesis_subtype":"hotel","icon_id":"accommodation_hotel","name_quality":"MISSING","rayon":"Şəmkir rayonu","rayon_id":"AZE_ADM2_54616110B57585842497805","verification_status":"PROVISIONAL","source_role":"MASTER_GIS","display_rank":5859,"lon":46.025091,"lat":40.856663},"geometry":{"type":"Point","coordinates":[46.0250907,40.8566628]}},{"type":"Feature","properties":{"poi_id":"OSM_accommodation_11492076379","label":"İsimsiz kayıt","thesis_group":"ACCOMMODATION","thesis_subtype":"hotel","icon_id":"accommodation_hotel","name_quality":"MISSING","rayon":"Şəmkir rayonu","rayon_id":"AZE_ADM2_54616110B57585842497805","verification_status":"PROVISIONAL","source_role":"MASTER_GIS","display_rank":5860,"lon":46.0467,"lat":40.844981},"geometry":{"type":"Point","coordinates":[46.0466999,40.8449806]}},{"type":"Feature","properties":{"poi_id":"OSM_accommodation_11492457350","label":"İsimsiz kayıt","thesis_group":"ACCOMMODATION","thesis_subtype":"hotel","icon_id":"accommodation_hotel","name_quality":"MISSING","rayon":"Şəmkir rayonu","rayon_id":"AZE_ADM2_54616110B57585842497805","verification_status":"PROVISIONAL","source_role":"MASTER_GIS","display_rank":5861,"lon":46.03688,"lat":40.842298},"geometry":{"type":"Point","coordinates":[46.0368803,40.8422982]}},{"type":"Feature","properties":{"poi_id":"OSM_accommodation_11624413027","label":"İsimsiz kayıt","thesis_group":"ACCOMMODATION","thesis_subtype":"hotel","icon_id":"accommodation_hotel","name_quality":"MISSING","rayon":"Tovuz rayonu","rayon_id":"AZE_ADM2_54616110B84187356839814","verification_status":"PROVISIONAL","source_role":"MASTER_GIS","display_rank":5862,"lon":45.643365,"lat":40.988908},"geometry":{"type":"Point","coordinates":[45.6433654,40.988908300000006]}},{"type":"Feature","properties":{"poi_id":"OSM_accommodation_11813733586","label":"İsimsiz kayıt","thesis_group":"ACCOMMODATION","thesis_subtype":"hostel","icon_id":"accommodation_hotel","name_quality":"MISSING","rayon":"Şəki şəhəri","rayon_id":"AZE_ADM2_54616110B24616396985677","verification_status":"PROVISIONAL","source_role":"MASTER_GIS","display_rank":5864,"lon":47.179364,"lat":41.203952},"geometry":{"type":"Point","coordinates":[47.1793635,41.2039525]}},{"type":"Feature","properties":{"poi_id":"OSM_accommodation_11877360562","label":"İsimsiz kayıt","thesis_group":"ACCOMMODATION","thesis_subtype":"hostel","icon_id":"accommodation_hotel","name_quality":"MISSING","rayon":"Bakı şəhəri","rayon_id":"AZE_ADM2_54616110B61947743987915","verification_status":"PROVISIONAL","source_role":"MASTER_GIS","display_rank":5865,"lon":49.829594,"lat":40.380012},"geometry":{"type":"Point","coordinates":[49.8295941,40.3800122]}},{"type":"Feature","properties":{"poi_id":"OSM_accommodation_11879112863","label":"İsimsiz kayıt","thesis_group":"ACCOMMODATION","thesis_subtype":"hotel","icon_id":"accommodation_hotel","name_quality":"MISSING","rayon":"Bakı şəhəri","rayon_id":"AZE_ADM2_54616110B61947743987915","verification_status":"PROVISIONAL","source_role":"MASTER_GIS","display_rank":5866,"lon":49.835543,"lat":40.365783},"geometry":{"type":"Point","coordinates":[49.835542800000006,40.3657829]}},{"type":"Feature","properties":{"poi_id":"OSM_accommodation_11879170175","label":"İsimsiz kayıt","thesis_group":"ACCOMMODATION","thesis_subtype":"hotel","icon_id":"accommodation_hotel","name_quality":"MISSING","rayon":"Bakı şəhəri","rayon_id":"AZE_ADM2_54616110B61947743987915","verification_status":"PROVISIONAL","source_role":"MASTER_GIS","display_rank":5867,"lon":49.832398,"lat":40.365121},"geometry":{"type":"Point","coordinates":[49.8323978,40.365121300000006]}},{"type":"Feature","properties":{"poi_id":"OSM_accommodation_11881148531","label":"İsimsiz kayıt","thesis_group":"ACCOMMODATION","thesis_subtype":"hotel","icon_id":"accommodation_hotel","name_quality":"MISSING","rayon":"Bakı şəhəri","rayon_id":"AZE_ADM2_54616110B61947743987915","verification_status":"PROVISIONAL","source_role":"MASTER_GIS","display_rank":5868,"lon":49.838412,"lat":40.382069},"geometry":{"type":"Point","coordinates":[49.838412000000005,40.382069200000004]}},{"type":"Feature","properties":{"poi_id":"OSM_accommodation_11883518314","label":"İsimsiz kayıt","thesis_group":"ACCOMMODATION","thesis_subtype":"hostel","icon_id":"accommodation_hotel","name_quality":"MISSING","rayon":"Bakı şəhəri","rayon_id":"AZE_ADM2_54616110B61947743987915","verification_status":"PROVISIONAL","source_role":"MASTER_GIS","display_rank":5869,"lon":49.841216,"lat":40.377091},"geometry":{"type":"Point","coordinates":[49.841216300000006,40.3770906]}},{"type":"Feature","properties":{"poi_id":"OSM_accommodation_11883518361","label":"İsimsiz kayıt","thesis_group":"ACCOMMODATION","thesis_subtype":"hotel","icon_id":"accommodation_hotel","name_quality":"MISSING","rayon":"Bakı şəhəri","rayon_id":"AZE_ADM2_54616110B61947743987915","verification_status":"PROVISIONAL","source_role":"MASTER_GIS","display_rank":5870,"lon":49.834245,"lat":40.375096},"geometry":{"type":"Point","coordinates":[49.834244700000006,40.3750955]}},{"type":"Feature","properties":{"poi_id":"OSM_accommodation_11950777888","label":"İsimsiz kayıt","thesis_group":"ACCOMMODATION","thesis_subtype":"hotel","icon_id":"accommodation_hotel","name_quality":"MISSING","rayon":"Ağstafa rayonu","rayon_id":"AZE_ADM2_54616110B36354954300290","verification_status":"PROVISIONAL","source_role":"MASTER_GIS","display_rank":5871,"lon":45.473745,"lat":41.106825},"geometry":{"type":"Point","coordinates":[45.4737452,41.106825400000005]}},{"type":"Feature","properties":{"poi_id":"OSM_accommodation_11985892623","label":"İsimsiz kayıt","thesis_group":"ACCOMMODATION","thesis_subtype":"motel","icon_id":"accommodation_motel","name_quality":"MISSING","rayon":"Qusar rayonu","rayon_id":"AZE_ADM2_54616110B21517829058101","verification_status":"PROVISIONAL","source_role":"MASTER_GIS","display_rank":5872,"lon":48.429491,"lat":41.632896},"geometry":{"type":"Point","coordinates":[48.4294912,41.632895600000005]}},{"type":"Feature","properties":{"poi_id":"OSM_accommodation_12083549745","label":"İsimsiz kayıt","thesis_group":"ACCOMMODATION","thesis_subtype":"guest_house","icon_id":"accommodation_guesthouse","name_quality":"MISSING","rayon":"Şəki rayonu","rayon_id":"AZE_ADM2_54616110B25010354244926","verification_status":"PROVISIONAL","source_role":"MASTER_GIS","display_rank":5873,"lon":47.162095,"lat":41.155328},"geometry":{"type":"Point","coordinates":[47.1620951,41.1553278]}},{"type":"Feature","properties":{"poi_id":"OSM_accommodation_12103959507","label":"İsimsiz kayıt","thesis_group":"ACCOMMODATION","thesis_subtype":"guest_house","icon_id":"accommodation_guesthouse","name_quality":"MISSING","rayon":"Qəbələ rayonu","rayon_id":"AZE_ADM2_54616110B33746839775993","verification_status":"PROVISIONAL","source_role":"MASTER_GIS","display_rank":5874,"lon":47.83357,"lat":40.941291},"geometry":{"type":"Point","coordinates":[47.833570200000004,40.9412907]}},{"type":"Feature","properties":{"poi_id":"OSM_accommodation_12128540027","label":"İsimsiz kayıt","thesis_group":"ACCOMMODATION","thesis_subtype":"hotel","icon_id":"accommodation_hotel","name_quality":"MISSING","rayon":"Qazax rayonu","rayon_id":"AZE_ADM2_54616110B43488292017990","verification_status":"PROVISIONAL","source_role":"MASTER_GIS","display_rank":5875,"lon":45.343119,"lat":41.086506},"geometry":{"type":"Point","coordinates":[45.3431189,41.0865061]}},{"type":"Feature","properties":{"poi_id":"OSM_accommodation_12137209395","label":"İsimsiz kayıt","thesis_group":"ACCOMMODATION","thesis_subtype":"hotel","icon_id":"accommodation_hotel","name_quality":"MISSING","rayon":"İsmayıllı rayonu","rayon_id":"AZE_ADM2_54616110B45290451128830","verification_status":"PROVISIONAL","source_role":"MASTER_GIS","display_rank":5876,"lon":48.137625,"lat":40.801395},"geometry":{"type":"Point","coordinates":[48.1376253,40.8013946]}},{"type":"Feature","properties":{"poi_id":"OSM_accommodation_12151253101","label":"İsimsiz kayıt","thesis_group":"ACCOMMODATION","thesis_subtype":"guest_house","icon_id":"accommodation_guesthouse","name_quality":"MISSING","rayon":"Naxçıvan şəhəri","rayon_id":"AZE_ADM2_54616110B79262118902245","verification_status":"PROVISIONAL","source_role":"MASTER_GIS","display_rank":5877,"lon":45.401385,"lat":39.217552},"geometry":{"type":"Point","coordinates":[45.4013847,39.217552000000005]}},{"type":"Feature","properties":{"poi_id":"OSM_accommodation_12187563329","label":"İsimsiz kayıt","thesis_group":"ACCOMMODATION","thesis_subtype":"hotel","icon_id":"accommodation_hotel","name_quality":"MISSING","rayon":"Xocalı rayonu","rayon_id":"AZE_ADM2_54616110B87325868620163","verification_status":"PROVISIONAL","source_role":"MASTER_GIS","display_rank":5878,"lon":46.758646,"lat":39.820597},"geometry":{"type":"Point","coordinates":[46.7586457,39.8205972]}},{"type":"Feature","properties":{"poi_id":"OSM_accommodation_12250643801","label":"İsimsiz kayıt","thesis_group":"ACCOMMODATION","thesis_subtype":"hostel","icon_id":"accommodation_hotel","name_quality":"MISSING","rayon":"Bakı şəhəri","rayon_id":"AZE_ADM2_54616110B61947743987915","verification_status":"PROVISIONAL","source_role":"MASTER_GIS","display_rank":5879,"lon":49.834904,"lat":40.372732},"geometry":{"type":"Point","coordinates":[49.8349045,40.372732400000004]}},{"type":"Feature","properties":{"poi_id":"OSM_accommodation_12293987001","label":"İsimsiz kayıt","thesis_group":"ACCOMMODATION","thesis_subtype":"hotel","icon_id":"accommodation_hotel","name_quality":"MISSING","rayon":"Bakı şəhəri","rayon_id":"AZE_ADM2_54616110B61947743987915","verification_status":"PROVISIONAL","source_role":"MASTER_GIS","display_rank":5880,"lon":49.842687,"lat":40.379709},"geometry":{"type":"Point","coordinates":[49.8426866,40.3797094]}},{"type":"Feature","properties":{"poi_id":"OSM_accommodation_12334632876","label":"İsimsiz kayıt","thesis_group":"ACCOMMODATION","thesis_subtype":"hostel","icon_id":"accommodation_hotel","name_quality":"MISSING","rayon":"Gədəbəy rayonu","rayon_id":"AZE_ADM2_54616110B46799199998097","verification_status":"PROVISIONAL","source_role":"MASTER_GIS","display_rank":5881,"lon":45.810655,"lat":40.570633},"geometry":{"type":"Point","coordinates":[45.8106548,40.5706326]}},{"type":"Feature","properties":{"poi_id":"OSM_accommodation_12426932810","label":"İsimsiz kayıt","thesis_group":"ACCOMMODATION","thesis_subtype":"hotel","icon_id":"accommodation_hotel","name_quality":"MISSING","rayon":"Daşkəsən rayonu","rayon_id":"AZE_ADM2_54616110B88384638285498","verification_status":"PROVISIONAL","source_role":"MASTER_GIS","display_rank":5882,"lon":46.08063,"lat":40.525191},"geometry":{"type":"Point","coordinates":[46.080629800000004,40.525190900000005]}},{"type":"Feature","properties":{"poi_id":"OSM_accommodation_12492425501","label":"İsimsiz kayıt","thesis_group":"ACCOMMODATION","thesis_subtype":"hotel","icon_id":"accommodation_hotel","name_quality":"MISSING","rayon":"Bakı şəhəri","rayon_id":"AZE_ADM2_54616110B61947743987915","verification_status":"PROVISIONAL","source_role":"MASTER_GIS","display_rank":5883,"lon":49.856251,"lat":40.419757},"geometry":{"type":"Point","coordinates":[49.856250900000006,40.4197568]}},{"type":"Feature","properties":{"poi_id":"OSM_accommodation_12633486994","label":"İsimsiz kayıt","thesis_group":"ACCOMMODATION","thesis_subtype":"hotel","icon_id":"accommodation_hotel","name_quality":"MISSING","rayon":"Bakı şəhəri","rayon_id":"AZE_ADM2_54616110B61947743987915","verification_status":"PROVISIONAL","source_role":"MASTER_GIS","display_rank":5884,"lon":49.834566,"lat":40.367194},"geometry":{"type":"Point","coordinates":[49.8345664,40.367194500000004]}},{"type":"Feature","properties":{"poi_id":"OSM_accommodation_12810143092","label":"İsimsiz kayıt","thesis_group":"ACCOMMODATION","thesis_subtype":"hotel","icon_id":"accommodation_hotel","name_quality":"MISSING","rayon":"Goranboy rayonu","rayon_id":"AZE_ADM2_54616110B75141866412524","verification_status":"PROVISIONAL","source_role":"MASTER_GIS","display_rank":5886,"lon":46.825744,"lat":40.507428},"geometry":{"type":"Point","coordinates":[46.8257435,40.507427500000006]}},{"type":"Feature","properties":{"poi_id":"OSM_accommodation_12815446707","label":"İsimsiz kayıt","thesis_group":"ACCOMMODATION","thesis_subtype":"hostel","icon_id":"accommodation_hotel","name_quality":"MISSING","rayon":"Goranboy rayonu","rayon_id":"AZE_ADM2_54616110B75141866412524","verification_status":"PROVISIONAL","source_role":"MASTER_GIS","display_rank":5887,"lon":46.826853,"lat":40.511528},"geometry":{"type":"Point","coordinates":[46.8268526,40.5115275]}},{"type":"Feature","properties":{"poi_id":"OSM_accommodation_12817829941","label":"İsimsiz kayıt","thesis_group":"ACCOMMODATION","thesis_subtype":"hotel","icon_id":"accommodation_hotel","name_quality":"MISSING","rayon":"Goranboy rayonu","rayon_id":"AZE_ADM2_54616110B75141866412524","verification_status":"PROVISIONAL","source_role":"MASTER_GIS","display_rank":5888,"lon":46.824841,"lat":40.50325},"geometry":{"type":"Point","coordinates":[46.824840900000005,40.5032498]}},{"type":"Feature","properties":{"poi_id":"OSM_accommodation_12826442005","label":"İsimsiz kayıt","thesis_group":"ACCOMMODATION","thesis_subtype":"hotel","icon_id":"accommodation_hotel","name_quality":"MISSING","rayon":"Goranboy rayonu","rayon_id":"AZE_ADM2_54616110B75141866412524","verification_status":"PROVISIONAL","source_role":"MASTER_GIS","display_rank":5889,"lon":46.819314,"lat":40.498522},"geometry":{"type":"Point","coordinates":[46.8193143,40.4985219]}},{"type":"Feature","properties":{"poi_id":"OSM_accommodation_12887519125","label":"İsimsiz kayıt","thesis_group":"ACCOMMODATION","thesis_subtype":"hotel","icon_id":"accommodation_hotel","name_quality":"MISSING","rayon":"Goranboy rayonu","rayon_id":"AZE_ADM2_54616110B75141866412524","verification_status":"PROVISIONAL","source_role":"MASTER_GIS","display_rank":5890,"lon":46.791885,"lat":40.609218},"geometry":{"type":"Point","coordinates":[46.7918846,40.6092183]}},{"type":"Feature","properties":{"poi_id":"OSM_accommodation_12903243001","label":"İsimsiz kayıt","thesis_group":"ACCOMMODATION","thesis_subtype":"hotel","icon_id":"accommodation_hotel","name_quality":"MISSING","rayon":"Bakı şəhəri","rayon_id":"AZE_ADM2_54616110B61947743987915","verification_status":"PROVISIONAL","source_role":"MASTER_GIS","display_rank":5891,"lon":49.83491,"lat":40.364904},"geometry":{"type":"Point","coordinates":[49.834909700000004,40.3649039]}},{"type":"Feature","properties":{"poi_id":"OSM_accommodation_12920464001","label":"İsimsiz kayıt","thesis_group":"ACCOMMODATION","thesis_subtype":"hotel","icon_id":"accommodation_hotel","name_quality":"MISSING","rayon":"Bakı şəhəri","rayon_id":"AZE_ADM2_54616110B61947743987915","verification_status":"PROVISIONAL","source_role":"MASTER_GIS","display_rank":5892,"lon":49.860869,"lat":40.386261},"geometry":{"type":"Point","coordinates":[49.860868800000006,40.3862613]}},{"type":"Feature","properties":{"poi_id":"OSM_accommodation_13062346701","label":"İsimsiz kayıt","thesis_group":"ACCOMMODATION","thesis_subtype":"hotel","icon_id":"accommodation_hotel","name_quality":"MISSING","rayon":"Ağsu rayonu","rayon_id":"AZE_ADM2_54616110B12323901372431","verification_status":"PROVISIONAL","source_role":"MASTER_GIS","display_rank":5893,"lon":48.525902,"lat":40.71136},"geometry":{"type":"Point","coordinates":[48.5259019,40.7113596]}},{"type":"Feature","properties":{"poi_id":"OSM_accommodation_13081866601","label":"İsimsiz kayıt","thesis_group":"ACCOMMODATION","thesis_subtype":"hostel","icon_id":"accommodation_hotel","name_quality":"MISSING","rayon":"Naxçıvan şəhəri","rayon_id":"AZE_ADM2_54616110B79262118902245","verification_status":"PROVISIONAL","source_role":"MASTER_GIS","display_rank":5894,"lon":45.410546,"lat":39.204253},"geometry":{"type":"Point","coordinates":[45.4105464,39.2042531]}},{"type":"Feature","properties":{"poi_id":"OSM_accommodation_13118842320","label":"İsimsiz kayıt","thesis_group":"ACCOMMODATION","thesis_subtype":"camp_site","icon_id":"accommodation_camping","name_quality":"MISSING","rayon":"Şəki rayonu","rayon_id":"AZE_ADM2_54616110B25010354244926","verification_status":"PROVISIONAL","source_role":"MASTER_GIS","display_rank":5895,"lon":47.307423,"lat":41.232262},"geometry":{"type":"Point","coordinates":[47.3074231,41.2322617]}},{"type":"Feature","properties":{"poi_id":"OSM_accommodation_13157959601","label":"İsimsiz kayıt","thesis_group":"ACCOMMODATION","thesis_subtype":"hotel","icon_id":"accommodation_hotel","name_quality":"MISSING","rayon":"Bakı şəhəri","rayon_id":"AZE_ADM2_54616110B61947743987915","verification_status":"PROVISIONAL","source_role":"MASTER_GIS","display_rank":5896,"lon":49.857988,"lat":40.380351},"geometry":{"type":"Point","coordinates":[49.8579884,40.3803513]}},{"type":"Feature","properties":{"poi_id":"OSM_accommodation_13159808042","label":"İsimsiz kayıt","thesis_group":"ACCOMMODATION","thesis_subtype":"hotel","icon_id":"accommodation_hotel","name_quality":"MISSING","rayon":"Şəki şəhəri","rayon_id":"AZE_ADM2_54616110B24616396985677","verification_status":"PROVISIONAL","source_role":"MASTER_GIS","display_rank":5897,"lon":47.187679,"lat":41.198256},"geometry":{"type":"Point","coordinates":[47.1876794,41.1982555]}},{"type":"Feature","properties":{"poi_id":"OSM_accommodation_13202451901","label":"İsimsiz kayıt","thesis_group":"ACCOMMODATION","thesis_subtype":"hotel","icon_id":"accommodation_hotel","name_quality":"MISSING","rayon":"Bakı şəhəri","rayon_id":"AZE_ADM2_54616110B61947743987915","verification_status":"PROVISIONAL","source_role":"MASTER_GIS","display_rank":5898,"lon":49.835767,"lat":40.365903},"geometry":{"type":"Point","coordinates":[49.8357673,40.365903]}},{"type":"Feature","properties":{"poi_id":"OSM_accommodation_13319880301","label":"İsimsiz kayıt","thesis_group":"ACCOMMODATION","thesis_subtype":"hotel","icon_id":"accommodation_hotel","name_quality":"MISSING","rayon":"Lənkəran rayonu","rayon_id":"AZE_ADM2_54616110B2076465815790","verification_status":"PROVISIONAL","source_role":"MASTER_GIS","display_rank":5899,"lon":48.84174,"lat":38.767512},"geometry":{"type":"Point","coordinates":[48.841740200000004,38.767511500000005]}},{"type":"Feature","properties":{"poi_id":"OSM_accommodation_13448756383","label":"İsimsiz kayıt","thesis_group":"ACCOMMODATION","thesis_subtype":"motel","icon_id":"accommodation_motel","name_quality":"MISSING","rayon":"Salyan rayonu","rayon_id":"AZE_ADM2_54616110B55207089168458","verification_status":"PROVISIONAL","source_role":"MASTER_GIS","display_rank":5900,"lon":48.963114,"lat":39.602741},"geometry":{"type":"Point","coordinates":[48.963114000000004,39.602741300000005]}},{"type":"Feature","properties":{"poi_id":"OSM_accommodation_13596457137","label":"İsimsiz kayıt","thesis_group":"ACCOMMODATION","thesis_subtype":"guest_house","icon_id":"accommodation_guesthouse","name_quality":"MISSING","rayon":"Salyan rayonu","rayon_id":"AZE_ADM2_54616110B55207089168458","verification_status":"PROVISIONAL","source_role":"MASTER_GIS","display_rank":5901,"lon":48.983284,"lat":39.58842},"geometry":{"type":"Point","coordinates":[48.9832842,39.588420400000004]}},{"type":"Feature","properties":{"poi_id":"OSM_accommodation_13602383601","label":"İsimsiz kayıt","thesis_group":"ACCOMMODATION","thesis_subtype":"hostel","icon_id":"accommodation_hotel","name_quality":"MISSING","rayon":"Bakı şəhəri","rayon_id":"AZE_ADM2_54616110B61947743987915","verification_status":"PROVISIONAL","source_role":"MASTER_GIS","display_rank":5902,"lon":49.830129,"lat":40.366776},"geometry":{"type":"Point","coordinates":[49.830129400000004,40.3667765]}},{"type":"Feature","properties":{"poi_id":"OSM_accommodation_13608078922","label":"İsimsiz kayıt","thesis_group":"ACCOMMODATION","thesis_subtype":"hostel","icon_id":"accommodation_hotel","name_quality":"MISSING","rayon":"Bakı şəhəri","rayon_id":"AZE_ADM2_54616110B61947743987915","verification_status":"PROVISIONAL","source_role":"MASTER_GIS","display_rank":5903,"lon":49.853807,"lat":40.378062},"geometry":{"type":"Point","coordinates":[49.8538069,40.3780617]}},{"type":"Feature","properties":{"poi_id":"OSM_accommodation_13611064802","label":"İsimsiz kayıt","thesis_group":"ACCOMMODATION","thesis_subtype":"camp_site","icon_id":"accommodation_camping","name_quality":"MISSING","rayon":"Qusar rayonu","rayon_id":"AZE_ADM2_54616110B21517829058101","verification_status":"PROVISIONAL","source_role":"MASTER_GIS","display_rank":5904,"lon":47.922195,"lat":41.212546},"geometry":{"type":"Point","coordinates":[47.922195,41.212546]}},{"type":"Feature","properties":{"poi_id":"OSM_accommodation_13706476600","label":"İsimsiz kayıt","thesis_group":"ACCOMMODATION","thesis_subtype":"motel","icon_id":"accommodation_motel","name_quality":"MISSING","rayon":"Şamaxı rayonu","rayon_id":"AZE_ADM2_54616110B16651088424667","verification_status":"PROVISIONAL","source_role":"MASTER_GIS","display_rank":5905,"lon":48.648309,"lat":40.633425},"geometry":{"type":"Point","coordinates":[48.648308500000006,40.6334249]}},{"type":"Feature","properties":{"poi_id":"OSM_accommodation_13711785406","label":"İsimsiz kayıt","thesis_group":"ACCOMMODATION","thesis_subtype":"hotel","icon_id":"accommodation_hotel","name_quality":"MISSING","rayon":"Bakı şəhəri","rayon_id":"AZE_ADM2_54616110B61947743987915","verification_status":"PROVISIONAL","source_role":"MASTER_GIS","display_rank":5906,"lon":49.833295,"lat":40.365281},"geometry":{"type":"Point","coordinates":[49.833294800000004,40.3652807]}},{"type":"Feature","properties":{"poi_id":"OSM_accommodation_13727064801","label":"İsimsiz kayıt","thesis_group":"ACCOMMODATION","thesis_subtype":"hotel","icon_id":"accommodation_hotel","name_quality":"MISSING","rayon":"Bakı şəhəri","rayon_id":"AZE_ADM2_54616110B61947743987915","verification_status":"PROVISIONAL","source_role":"MASTER_GIS","display_rank":5907,"lon":49.836806,"lat":40.402631},"geometry":{"type":"Point","coordinates":[49.8368059,40.402630900000005]}},{"type":"Feature","properties":{"poi_id":"OSM_accommodation_13743225396","label":"İsimsiz kayıt","thesis_group":"ACCOMMODATION","thesis_subtype":"motel","icon_id":"accommodation_motel","name_quality":"MISSING","rayon":"İsmayıllı rayonu","rayon_id":"AZE_ADM2_54616110B45290451128830","verification_status":"PROVISIONAL","source_role":"MASTER_GIS","display_rank":5908,"lon":48.146035,"lat":40.850668},"geometry":{"type":"Point","coordinates":[48.1460354,40.850667800000004]}},{"type":"Feature","properties":{"poi_id":"OSM_accommodation_13904639301","label":"İsimsiz kayıt","thesis_group":"ACCOMMODATION","thesis_subtype":"guest_house","icon_id":"accommodation_guesthouse","name_quality":"MISSING","rayon":"Gəncə şəhəri","rayon_id":"AZE_ADM2_54616110B84154267491992","verification_status":"PROVISIONAL","source_role":"MASTER_GIS","display_rank":5909,"lon":46.346654,"lat":40.680886},"geometry":{"type":"Point","coordinates":[46.346653700000005,40.6808862]}},{"type":"Feature","properties":{"poi_id":"OSM_accommodation_13914600401","label":"İsimsiz kayıt","thesis_group":"ACCOMMODATION","thesis_subtype":"guest_house","icon_id":"accommodation_guesthouse","name_quality":"MISSING","rayon":"Gəncə şəhəri","rayon_id":"AZE_ADM2_54616110B84154267491992","verification_status":"PROVISIONAL","source_role":"MASTER_GIS","display_rank":5910,"lon":46.34639,"lat":40.68056},"geometry":{"type":"Point","coordinates":[46.3463897,40.6805601]}},{"type":"Feature","properties":{"poi_id":"OSM_accommodation_13932014716","label":"İsimsiz kayıt","thesis_group":"ACCOMMODATION","thesis_subtype":"hotel","icon_id":"accommodation_hotel","name_quality":"MISSING","rayon":"Şəki rayonu","rayon_id":"AZE_ADM2_54616110B25010354244926","verification_status":"PROVISIONAL","source_role":"MASTER_GIS","display_rank":5911,"lon":47.159055,"lat":41.185814},"geometry":{"type":"Point","coordinates":[47.1590549,41.1858142]}},{"type":"Feature","properties":{"poi_id":"OSM_accommodation_13977736601","label":"İsimsiz kayıt","thesis_group":"ACCOMMODATION","thesis_subtype":"camp_site","icon_id":"accommodation_camping","name_quality":"MISSING","rayon":"Qəbələ rayonu","rayon_id":"AZE_ADM2_54616110B33746839775993","verification_status":"PROVISIONAL","source_role":"MASTER_GIS","display_rank":5912,"lon":47.804709,"lat":41.138478},"geometry":{"type":"Point","coordinates":[47.804708700000006,41.138477900000005]}},{"type":"Feature","properties":{"poi_id":"OSM_accommodation_13977760801","label":"İsimsiz kayıt","thesis_group":"ACCOMMODATION","thesis_subtype":"camp_site","icon_id":"accommodation_camping","name_quality":"MISSING","rayon":"İsmayıllı rayonu","rayon_id":"AZE_ADM2_54616110B45290451128830","verification_status":"PROVISIONAL","source_role":"MASTER_GIS","display_rank":5913,"lon":48.156743,"lat":40.878827},"geometry":{"type":"Point","coordinates":[48.1567431,40.8788272]}},{"type":"Feature","properties":{"poi_id":"OSM_accommodation_13981244501","label":"İsimsiz kayıt","thesis_group":"ACCOMMODATION","thesis_subtype":"camp_site","icon_id":"accommodation_camping","name_quality":"MISSING","rayon":"Quba rayonu","rayon_id":"AZE_ADM2_54616110B77048085748362","verification_status":"PROVISIONAL","source_role":"MASTER_GIS","display_rank":5914,"lon":48.096174,"lat":41.219881},"geometry":{"type":"Point","coordinates":[48.096174500000004,41.2198809]}},{"type":"Feature","properties":{"poi_id":"OSM_accommodation_13995737603","label":"İsimsiz kayıt","thesis_group":"ACCOMMODATION","thesis_subtype":"camp_site","icon_id":"accommodation_camping","name_quality":"MISSING","rayon":"İsmayıllı rayonu","rayon_id":"AZE_ADM2_54616110B45290451128830","verification_status":"PROVISIONAL","source_role":"MASTER_GIS","display_rank":5915,"lon":48.118384,"lat":40.956369},"geometry":{"type":"Point","coordinates":[48.118384000000006,40.956369]}},{"type":"Feature","properties":{"poi_id":"OSM_accommodation_14019278201","label":"İsimsiz kayıt","thesis_group":"ACCOMMODATION","thesis_subtype":"camp_site","icon_id":"accommodation_camping","name_quality":"MISSING","rayon":"İsmayıllı rayonu","rayon_id":"AZE_ADM2_54616110B45290451128830","verification_status":"PROVISIONAL","source_role":"MASTER_GIS","display_rank":5916,"lon":48.113024,"lat":40.956033},"geometry":{"type":"Point","coordinates":[48.1130245,40.9560332]}},{"type":"Feature","properties":{"poi_id":"OSM_accommodation_14041072001","label":"İsimsiz kayıt","thesis_group":"ACCOMMODATION","thesis_subtype":"hotel","icon_id":"accommodation_hotel","name_quality":"MISSING","rayon":"Bakı şəhəri","rayon_id":"AZE_ADM2_54616110B61947743987915","verification_status":"PROVISIONAL","source_role":"MASTER_GIS","display_rank":5917,"lon":49.839301,"lat":40.375058},"geometry":{"type":"Point","coordinates":[49.8393013,40.3750584]}},{"type":"Feature","properties":{"poi_id":"OSM_accommodation_14050689801","label":"İsimsiz kayıt","thesis_group":"ACCOMMODATION","thesis_subtype":"hotel","icon_id":"accommodation_hotel","name_quality":"MISSING","rayon":"Bakı şəhəri","rayon_id":"AZE_ADM2_54616110B61947743987915","verification_status":"PROVISIONAL","source_role":"MASTER_GIS","display_rank":5918,"lon":49.835132,"lat":40.373969},"geometry":{"type":"Point","coordinates":[49.835132,40.373969300000006]}},{"type":"Feature","properties":{"poi_id":"OSM_accommodation_14060082301","label":"İsimsiz kayıt","thesis_group":"ACCOMMODATION","thesis_subtype":"hotel","icon_id":"accommodation_hotel","name_quality":"MISSING","rayon":"Gəncə şəhəri","rayon_id":"AZE_ADM2_54616110B84154267491992","verification_status":"PROVISIONAL","source_role":"MASTER_GIS","display_rank":5919,"lon":46.361431,"lat":40.680774},"geometry":{"type":"Point","coordinates":[46.361431100000004,40.6807742]}},{"type":"Feature","properties":{"poi_id":"OSM_accommodation_21106568","label":"İsimsiz kayıt","thesis_group":"ACCOMMODATION","thesis_subtype":"hotel","icon_id":"accommodation_hotel","name_quality":"MISSING","rayon":"Xaçmaz rayonu","rayon_id":"AZE_ADM2_54616110B89497242950609","verification_status":"PROVISIONAL","source_role":"MASTER_GIS","display_rank":5921,"lon":48.578626,"lat":41.846368},"geometry":{"type":"Point","coordinates":[48.57862550311475,41.84636845452056]}},{"type":"Feature","properties":{"poi_id":"OSM_accommodation_21118922","label":"İsimsiz kayıt","thesis_group":"ACCOMMODATION","thesis_subtype":"hotel","icon_id":"accommodation_hotel","name_quality":"MISSING","rayon":"Xaçmaz rayonu","rayon_id":"AZE_ADM2_54616110B89497242950609","verification_status":"PROVISIONAL","source_role":"MASTER_GIS","display_rank":5922,"lon":48.584046,"lat":41.847367},"geometry":{"type":"Point","coordinates":[48.58404635136192,41.84736740703254]}},{"type":"Feature","properties":{"poi_id":"OSM_accommodation_13743225214","label":"İsmayıllı Castle Resort","name_az":"İsmayıllı Castle Resort","thesis_group":"ACCOMMODATION","thesis_subtype":"hotel","icon_id":"accommodation_hotel","name_quality":"NAMED","rayon":"İsmayıllı rayonu","rayon_id":"AZE_ADM2_54616110B45290451128830","verification_status":"PROVISIONAL","source_role":"MASTER_GIS","display_rank":2834,"lon":48.131753,"lat":40.848152},"geometry":{"type":"Point","coordinates":[48.131752600000006,40.848151900000005]}},{"type":"Feature","properties":{"poi_id":"OSM_accommodation_13931716912","label":"İssam Hotel Spa","name_az":"İssam Hotel Spa","thesis_group":"ACCOMMODATION","thesis_subtype":"hotel","icon_id":"accommodation_hotel","name_quality":"NAMED","rayon":"Şəki şəhəri","rayon_id":"AZE_ADM2_54616110B24616396985677","verification_status":"PROVISIONAL","source_role":"MASTER_GIS","display_rank":2841,"lon":47.174877,"lat":41.20386},"geometry":{"type":"Point","coordinates":[47.174877200000005,41.203859800000004]}},{"type":"Feature","properties":{"poi_id":"OSM_accommodation_2048638423","label":"Şah Otel","name_az":"Şah Otel","thesis_group":"ACCOMMODATION","thesis_subtype":"hotel","icon_id":"accommodation_hotel","name_quality":"NAMED","rayon":"Bakı şəhəri","rayon_id":"AZE_ADM2_54616110B61947743987915","verification_status":"PROVISIONAL","source_role":"MASTER_GIS","display_rank":2523,"lon":49.771945,"lat":40.320089},"geometry":{"type":"Point","coordinates":[49.7719448,40.320088600000005]}},{"type":"Feature","properties":{"poi_id":"OSM_accommodation_8529625448","label":"Şah Otel","name_az":"Şah Otel","thesis_group":"ACCOMMODATION","thesis_subtype":"motel","icon_id":"accommodation_motel","name_quality":"NAMED","rayon":"Goranboy rayonu","rayon_id":"AZE_ADM2_54616110B75141866412524","verification_status":"PROVISIONAL","source_role":"MASTER_GIS","display_rank":2709,"lon":46.840848,"lat":40.646516},"geometry":{"type":"Point","coordinates":[46.840848300000005,40.646516000000005]}},{"type":"Feature","properties":{"poi_id":"OSM_accommodation_8905573422","label":"Şah Otel","name_az":"Şah Otel","thesis_group":"ACCOMMODATION","thesis_subtype":"hotel","icon_id":"accommodation_hotel","name_quality":"NAMED","rayon":"Kürdəmir rayonu","rayon_id":"AZE_ADM2_54616110B82810927503709","verification_status":"PROVISIONAL","source_role":"MASTER_GIS","display_rank":2719,"lon":48.156324,"lat":40.335006},"geometry":{"type":"Point","coordinates":[48.1563243,40.3350055]}},{"type":"Feature","properties":{"poi_id":"OSM_accommodation_7982559831","label":"Şah Palace Otel","name_az":"Şah Palace Otel","thesis_group":"ACCOMMODATION","thesis_subtype":"hotel","icon_id":"accommodation_hotel","name_quality":"NAMED","rayon":"Şəki şəhəri","rayon_id":"AZE_ADM2_54616110B24616396985677","verification_status":"PROVISIONAL","source_role":"MASTER_GIS","display_rank":2692,"lon":47.178178,"lat":41.203069},"geometry":{"type":"Point","coordinates":[47.178177700000006,41.2030687]}},{"type":"Feature","properties":{"poi_id":"OSM_accommodation_11077544736","label":"Şahdağ 444 Motel","name_az":"Şahdağ 444 Motel","thesis_group":"ACCOMMODATION","thesis_subtype":"motel","icon_id":"accommodation_motel","name_quality":"NAMED","rayon":"Qusar rayonu","rayon_id":"AZE_ADM2_54616110B21517829058101","verification_status":"PROVISIONAL","source_role":"MASTER_GIS","display_rank":2788,"lon":48.434484,"lat":41.426309},"geometry":{"type":"Point","coordinates":[48.4344842,41.426308500000005]}},{"type":"Feature","properties":{"poi_id":"OSM_accommodation_4441356395","label":"Şahdağ Spa Otel","name_az":"Şahdağ Spa Otel","thesis_group":"ACCOMMODATION","thesis_subtype":"hotel","icon_id":"accommodation_hotel","name_quality":"NAMED","rayon":"Qusar rayonu","rayon_id":"AZE_ADM2_54616110B21517829058101","verification_status":"PROVISIONAL","source_role":"MASTER_GIS","display_rank":2611,"lon":48.136612,"lat":41.319633},"geometry":{"type":"Point","coordinates":[48.136612400000004,41.319632500000004]}},{"type":"Feature","properties":{"poi_id":"OSM_accommodation_10763899879","label":"Şam Bağı Turist Bazası","name_az":"Şam Bağı Turist Bazası","thesis_group":"ACCOMMODATION","thesis_subtype":"motel","icon_id":"accommodation_motel","name_quality":"NAMED","rayon":"Bakı şəhəri","rayon_id":"AZE_ADM2_54616110B61947743987915","verification_status":"PROVISIONAL","source_role":"MASTER_GIS","display_rank":2778,"lon":50.096439,"lat":40.43405},"geometry":{"type":"Point","coordinates":[50.096438500000005,40.4340496]}},{"type":"Feature","properties":{"poi_id":"OSM_accommodation_7995629656","label":"Şam Bağı Şəki","name_az":"Şam Bağı Şəki","thesis_group":"ACCOMMODATION","thesis_subtype":"motel","icon_id":"accommodation_motel","name_quality":"NAMED","rayon":"Şəki rayonu","rayon_id":"AZE_ADM2_54616110B25010354244926","verification_status":"PROVISIONAL","source_role":"MASTER_GIS","display_rank":2698,"lon":47.207721,"lat":41.26188},"geometry":{"type":"Point","coordinates":[47.207720900000005,41.2618802]}},{"type":"Feature","properties":{"poi_id":"OSM_accommodation_4309853789","label":"Şamaxı Goy Qurshagi Otel \\ Dədəgünəş","name_az":"Şamaxı Goy Qurshagi Otel \\ Dədəgünəş","thesis_group":"ACCOMMODATION","thesis_subtype":"hotel","icon_id":"accommodation_hotel","name_quality":"NAMED","rayon":"Şamaxı rayonu","rayon_id":"AZE_ADM2_54616110B16651088424667","verification_status":"PROVISIONAL","source_role":"MASTER_GIS","display_rank":2600,"lon":48.580935,"lat":40.717693},"geometry":{"type":"Point","coordinates":[48.5809348,40.7176926]}},{"type":"Feature","properties":{"poi_id":"OSM_accommodation_3376936739","label":"Şamaxı Otel Restoran","name_az":"Şamaxı Otel Restoran","thesis_group":"ACCOMMODATION","thesis_subtype":"motel","icon_id":"accommodation_motel","name_quality":"NAMED","rayon":"Şamaxı rayonu","rayon_id":"AZE_ADM2_54616110B16651088424667","verification_status":"PROVISIONAL","source_role":"MASTER_GIS","display_rank":2570,"lon":48.614966,"lat":40.634963},"geometry":{"type":"Point","coordinates":[48.614965500000004,40.6349626]}},{"type":"Feature","properties":{"poi_id":"OSM_accommodation_13697893404","label":"Şamil qalası kamp yeri","name_az":"Şamil qalası kamp yeri","thesis_group":"ACCOMMODATION","thesis_subtype":"camp_site","icon_id":"accommodation_camping","name_quality":"NAMED","rayon":"Xızı rayonu","rayon_id":"AZE_ADM2_54616110B97026515433008","verification_status":"PROVISIONAL","source_role":"MASTER_GIS","display_rank":2832,"lon":48.945799,"lat":40.871943},"geometry":{"type":"Point","coordinates":[48.945799400000006,40.8719431]}},{"type":"Feature","properties":{"poi_id":"OSM_accommodation_6438278945","label":"Şamlı Abbasov Müşfiqin evi","name_az":"Şamlı Abbasov Müşfiqin evi","thesis_group":"ACCOMMODATION","thesis_subtype":"guest_house","icon_id":"accommodation_guesthouse","name_quality":"NAMED","rayon":"Qəbələ rayonu","rayon_id":"AZE_ADM2_54616110B33746839775993","verification_status":"PROVISIONAL","source_role":"MASTER_GIS","display_rank":2659,"lon":47.719099,"lat":40.84929},"geometry":{"type":"Point","coordinates":[47.719099,40.8492897]}},{"type":"Feature","properties":{"poi_id":"OSM_accommodation_1753956133","label":"Şeraton Aeroport","name_az":"Şeraton Aeroport","thesis_group":"ACCOMMODATION","thesis_subtype":"hotel","icon_id":"accommodation_hotel","name_quality":"NAMED","rayon":"Bakı şəhəri","rayon_id":"AZE_ADM2_54616110B61947743987915","verification_status":"PROVISIONAL","source_role":"MASTER_GIS","display_rank":2517,"lon":50.053611,"lat":40.460911},"geometry":{"type":"Point","coordinates":[50.0536107,40.4609114]}},{"type":"Feature","properties":{"poi_id":"OSM_accommodation_9813186295","label":"Şeraton İnturist Otel","name_az":"Şeraton İnturist Otel","thesis_group":"ACCOMMODATION","thesis_subtype":"hotel","icon_id":"accommodation_hotel","name_quality":"NAMED","rayon":"Bakı şəhəri","rayon_id":"AZE_ADM2_54616110B61947743987915","verification_status":"PROVISIONAL","source_role":"MASTER_GIS","display_rank":2728,"lon":49.833593,"lat":40.353974},"geometry":{"type":"Point","coordinates":[49.833592800000005,40.3539735]}},{"type":"Feature","properties":{"poi_id":"OSM_accommodation_7803926493","label":"Şeraton İsmayıllı","name_az":"Şeraton İsmayıllı","thesis_group":"ACCOMMODATION","thesis_subtype":"hotel","icon_id":"accommodation_hotel","name_quality":"NAMED","rayon":"İsmayıllı rayonu","rayon_id":"AZE_ADM2_54616110B45290451128830","verification_status":"PROVISIONAL","source_role":"MASTER_GIS","display_rank":2679,"lon":48.186609,"lat":40.787248},"geometry":{"type":"Point","coordinates":[48.186609100000005,40.7872476]}},{"type":"Feature","properties":{"poi_id":"OSM_accommodation_8044677515","label":"Şimşək Qonaq \\ Ağçay","name_az":"Şimşək Qonaq \\ Ağçay","thesis_group":"ACCOMMODATION","thesis_subtype":"guest_house","icon_id":"accommodation_guesthouse","name_quality":"NAMED","rayon":"Qax rayonu","rayon_id":"AZE_ADM2_54616110B49356278605879","verification_status":"PROVISIONAL","source_role":"MASTER_GIS","display_rank":2700,"lon":46.992028,"lat":41.452218},"geometry":{"type":"Point","coordinates":[46.9920284,41.4522179]}},{"type":"Feature","properties":{"poi_id":"OSM_accommodation_3914302018","label":"Şindan Otel Astara","name_az":"Şindan Otel Astara","thesis_group":"ACCOMMODATION","thesis_subtype":"hotel","icon_id":"accommodation_hotel","name_quality":"NAMED","rayon":"Astara rayonu","rayon_id":"AZE_ADM2_54616110B5213879595332","verification_status":"PROVISIONAL","source_role":"MASTER_GIS","display_rank":2590,"lon":48.874929,"lat":38.448996},"geometry":{"type":"Point","coordinates":[48.874929300000005,38.4489955]}},{"type":"Feature","properties":{"poi_id":"OSM_accommodation_1955323429","label":"Şirvan Bağları İstirahət","name_az":"Şirvan Bağları İstirahət","thesis_group":"ACCOMMODATION","thesis_subtype":"camp_site","icon_id":"accommodation_camping","name_quality":"NAMED","rayon":"İsmayıllı rayonu","rayon_id":"AZE_ADM2_54616110B45290451128830","verification_status":"PROVISIONAL","source_role":"MASTER_GIS","display_rank":2521,"lon":48.377053,"lat":40.842293},"geometry":{"type":"Point","coordinates":[48.3770533,40.842292900000004]}},{"type":"Feature","properties":{"poi_id":"OSM_accommodation_7787827617","label":"Şirvan Grand Otel","name_az":"Şirvan Grand Otel","thesis_group":"ACCOMMODATION","thesis_subtype":"hotel","icon_id":"accommodation_hotel","name_quality":"NAMED","rayon":"Şamaxı rayonu","rayon_id":"AZE_ADM2_54616110B16651088424667","verification_status":"PROVISIONAL","source_role":"MASTER_GIS","display_rank":2676,"lon":48.637169,"lat":40.636304},"geometry":{"type":"Point","coordinates":[48.637169300000004,40.636304100000004]}},{"type":"Feature","properties":{"poi_id":"OSM_accommodation_11251558081","label":"Şirvan Motel","name_az":"Şirvan Motel","thesis_group":"ACCOMMODATION","thesis_subtype":"motel","icon_id":"accommodation_motel","name_quality":"NAMED","rayon":"Şamaxı rayonu","rayon_id":"AZE_ADM2_54616110B16651088424667","verification_status":"PROVISIONAL","source_role":"MASTER_GIS","display_rank":2800,"lon":48.748193,"lat":40.565335},"geometry":{"type":"Point","coordinates":[48.7481926,40.565335100000006]}},{"type":"Feature","properties":{"poi_id":"OSM_accommodation_3034051299","label":"Şirvan Otel","name_az":"Şirvan Otel","thesis_group":"ACCOMMODATION","thesis_subtype":"hotel","icon_id":"accommodation_hotel","name_quality":"NAMED","rayon":"Bakı şəhəri","rayon_id":"AZE_ADM2_54616110B61947743987915","verification_status":"PROVISIONAL","source_role":"MASTER_GIS","display_rank":2565,"lon":49.836651,"lat":40.367608},"geometry":{"type":"Point","coordinates":[49.836650600000006,40.367608100000005]}},{"type":"Feature","properties":{"poi_id":"OSM_accommodation_11343238130","label":"Şirvan Otel Restoran","name_az":"Şirvan Otel Restoran","thesis_group":"ACCOMMODATION","thesis_subtype":"motel","icon_id":"accommodation_motel","name_quality":"NAMED","rayon":"Bakı şəhəri","rayon_id":"AZE_ADM2_54616110B61947743987915","verification_status":"PROVISIONAL","source_role":"MASTER_GIS","display_rank":2802,"lon":49.334895,"lat":39.947658},"geometry":{"type":"Point","coordinates":[49.334895,39.947658100000005]}},{"type":"Feature","properties":{"poi_id":"OSM_accommodation_7737940977","label":"Şirvanbəy Karvansarası","name_az":"Şirvanbəy Karvansarası","thesis_group":"ACCOMMODATION","thesis_subtype":"guest_house","icon_id":"accommodation_guesthouse","name_quality":"NAMED","rayon":"Şamaxı rayonu","rayon_id":"AZE_ADM2_54616110B16651088424667","verification_status":"PROVISIONAL","source_role":"MASTER_GIS","display_rank":2673,"lon":48.702068,"lat":40.593721},"geometry":{"type":"Point","coordinates":[48.702068000000004,40.593720700000006]}},{"type":"Feature","properties":{"poi_id":"OSM_accommodation_13714715146","label":"Şirvanşah Motel","name_az":"Şirvanşah Motel","thesis_group":"ACCOMMODATION","thesis_subtype":"motel","icon_id":"accommodation_motel","name_quality":"NAMED","rayon":"Şamaxı rayonu","rayon_id":"AZE_ADM2_54616110B16651088424667","verification_status":"PROVISIONAL","source_role":"MASTER_GIS","display_rank":2833,"lon":48.657771,"lat":40.619134},"geometry":{"type":"Point","coordinates":[48.6577713,40.619134100000004]}},{"type":"Feature","properties":{"poi_id":"OSM_accommodation_10722275532","label":"Şüvəlan Kottec House","name_az":"Şüvəlan Kottec House","thesis_group":"ACCOMMODATION","thesis_subtype":"motel","icon_id":"accommodation_motel","name_quality":"NAMED","rayon":"Bakı şəhəri","rayon_id":"AZE_ADM2_54616110B61947743987915","verification_status":"PROVISIONAL","source_role":"MASTER_GIS","display_rank":2776,"lon":50.174693,"lat":40.48573},"geometry":{"type":"Point","coordinates":[50.1746933,40.4857305]}},{"type":"Feature","properties":{"poi_id":"OSM_accommodation_2948835390","label":"Şüvəlan Motel","name_az":"Şüvəlan Motel","thesis_group":"ACCOMMODATION","thesis_subtype":"motel","icon_id":"accommodation_motel","name_quality":"NAMED","rayon":"Bakı şəhəri","rayon_id":"AZE_ADM2_54616110B61947743987915","verification_status":"PROVISIONAL","source_role":"MASTER_GIS","display_rank":2558,"lon":50.180834,"lat":40.507472},"geometry":{"type":"Point","coordinates":[50.180834000000004,40.5074722]}},{"type":"Feature","properties":{"poi_id":"OSM_accommodation_2627329216","label":"Şüşə zavodunun Yataqxanası","name_az":"Şüşə zavodunun Yataqxanası","thesis_group":"ACCOMMODATION","thesis_subtype":"hostel","icon_id":"accommodation_hotel","name_quality":"NAMED","rayon":"Sumqayıt şəhəri","rayon_id":"AZE_ADM2_54616110B75219613739908","verification_status":"PROVISIONAL","source_role":"MASTER_GIS","display_rank":2526,"lon":49.66302,"lat":40.601928},"geometry":{"type":"Point","coordinates":[49.6630204,40.6019279]}},{"type":"Feature","properties":{"poi_id":"OSM_accommodation_9885982838","label":"Şıx Oteli","name_az":"Şıx Oteli","thesis_group":"ACCOMMODATION","thesis_subtype":"guest_house","icon_id":"accommodation_guesthouse","name_quality":"NAMED","rayon":"Bakı şəhəri","rayon_id":"AZE_ADM2_54616110B61947743987915","verification_status":"PROVISIONAL","source_role":"MASTER_GIS","display_rank":2745,"lon":49.825519,"lat":40.305232},"geometry":{"type":"Point","coordinates":[49.8255193,40.305232000000004]}},{"type":"Feature","properties":{"poi_id":"OSM_accommodation_2947466963","label":"Şıxovo Sanatoriyası","name_az":"Şıxovo Sanatoriyası","thesis_group":"ACCOMMODATION","thesis_subtype":"guest_house","icon_id":"accommodation_guesthouse","name_quality":"NAMED","rayon":"Bakı şəhəri","rayon_id":"AZE_ADM2_54616110B61947743987915","verification_status":"PROVISIONAL","source_role":"MASTER_GIS","display_rank":2553,"lon":49.825059,"lat":40.305222},"geometry":{"type":"Point","coordinates":[49.8250588,40.3052221]}},{"type":"Feature","properties":{"poi_id":"OSM_accommodation_4323020304","label":"Şəfa Bulağı","name_az":"Şəfa Bulağı","thesis_group":"ACCOMMODATION","thesis_subtype":"hotel","icon_id":"accommodation_hotel","name_quality":"NAMED","rayon":"Xızı rayonu","rayon_id":"AZE_ADM2_54616110B97026515433008","verification_status":"PROVISIONAL","source_role":"MASTER_GIS","display_rank":2601,"lon":48.944898,"lat":40.826488},"geometry":{"type":"Point","coordinates":[48.944897700000006,40.8264877]}},{"type":"Feature","properties":{"poi_id":"OSM_accommodation_4499609114","label":"Şəki HII Motel","name_az":"Şəki HII Motel","thesis_group":"ACCOMMODATION","thesis_subtype":"hotel","icon_id":"accommodation_hotel","name_quality":"NAMED","rayon":"Şəki rayonu","rayon_id":"AZE_ADM2_54616110B25010354244926","verification_status":"PROVISIONAL","source_role":"MASTER_GIS","display_rank":2617,"lon":47.165918,"lat":41.15998},"geometry":{"type":"Point","coordinates":[47.1659183,41.1599803]}},{"type":"Feature","properties":{"poi_id":"OSM_accommodation_2523807113","label":"Şəki Otel","name_az":"Şəki Otel","thesis_group":"ACCOMMODATION","thesis_subtype":"hotel","icon_id":"accommodation_hotel","name_quality":"NAMED","rayon":"Şəki şəhəri","rayon_id":"AZE_ADM2_54616110B24616396985677","verification_status":"PROVISIONAL","source_role":"MASTER_GIS","display_rank":2524,"lon":47.180075,"lat":41.20254},"geometry":{"type":"Point","coordinates":[47.1800748,41.2025401]}},{"type":"Feature","properties":{"poi_id":"OSM_accommodation_9834586869","label":"Şəki Oteli","name_az":"Şəki Oteli","thesis_group":"ACCOMMODATION","thesis_subtype":"hotel","icon_id":"accommodation_hotel","name_quality":"NAMED","rayon":"Bakı şəhəri","rayon_id":"AZE_ADM2_54616110B61947743987915","verification_status":"PROVISIONAL","source_role":"MASTER_GIS","display_rank":2729,"lon":50.126363,"lat":40.515446},"geometry":{"type":"Point","coordinates":[50.1263626,40.5154458]}},{"type":"Feature","properties":{"poi_id":"OSM_accommodation_7982613735","label":"Şəki Palace Otel","name_az":"Şəki Palace Otel","thesis_group":"ACCOMMODATION","thesis_subtype":"hotel","icon_id":"accommodation_hotel","name_quality":"NAMED","rayon":"Şəki şəhəri","rayon_id":"AZE_ADM2_54616110B24616396985677","verification_status":"PROVISIONAL","source_role":"MASTER_GIS","display_rank":2693,"lon":47.194604,"lat":41.200559},"geometry":{"type":"Point","coordinates":[47.1946035,41.2005593]}},{"type":"Feature","properties":{"poi_id":"OSM_accommodation_7993253884","label":"Şəki Park Otel","name_az":"Şəki Park Otel","thesis_group":"ACCOMMODATION","thesis_subtype":"hotel","icon_id":"accommodation_hotel","name_quality":"NAMED","rayon":"Şəki rayonu","rayon_id":"AZE_ADM2_54616110B25010354244926","verification_status":"PROVISIONAL","source_role":"MASTER_GIS","display_rank":2695,"lon":47.210804,"lat":41.253986},"geometry":{"type":"Point","coordinates":[47.2108037,41.2539864]}},{"type":"Feature","properties":{"poi_id":"OSM_accommodation_7964742352","label":"Şəki Qonaq Evi","name_az":"Şəki Qonaq Evi","thesis_group":"ACCOMMODATION","thesis_subtype":"motel","icon_id":"accommodation_motel","name_quality":"NAMED","rayon":"Şəki rayonu","rayon_id":"AZE_ADM2_54616110B25010354244926","verification_status":"PROVISIONAL","source_role":"MASTER_GIS","display_rank":2691,"lon":47.19162,"lat":41.153885},"geometry":{"type":"Point","coordinates":[47.1916196,41.153884700000006]}},{"type":"Feature","properties":{"poi_id":"OSM_accommodation_1386077243","label":"Şəki Saray Otel","name_az":"Şəki Saray Otel","thesis_group":"ACCOMMODATION","thesis_subtype":"hotel","icon_id":"accommodation_hotel","name_quality":"NAMED","rayon":"Şəki şəhəri","rayon_id":"AZE_ADM2_54616110B24616396985677","verification_status":"PROVISIONAL","source_role":"MASTER_GIS","display_rank":2514,"lon":47.178549,"lat":41.2029},"geometry":{"type":"Point","coordinates":[47.1785494,41.2029003]}},{"type":"Feature","properties":{"poi_id":"OSM_accommodation_9861449917","label":"Şəkili Mübarız","name_az":"Şəkili Mübarız","thesis_group":"ACCOMMODATION","thesis_subtype":"guest_house","icon_id":"accommodation_guesthouse","name_quality":"NAMED","rayon":"Bakı şəhəri","rayon_id":"AZE_ADM2_54616110B61947743987915","verification_status":"PROVISIONAL","source_role":"MASTER_GIS","display_rank":2743,"lon":50.022903,"lat":40.478821},"geometry":{"type":"Point","coordinates":[50.0229031,40.4788207]}},{"type":"Feature","properties":{"poi_id":"OSM_accommodation_11466718117","label":"Şəmkir Olimpiya Hotel","name_az":"Şəmkir Olimpiya Hotel","thesis_group":"ACCOMMODATION","thesis_subtype":"hotel","icon_id":"accommodation_hotel","name_quality":"NAMED","rayon":"Şəmkir rayonu","rayon_id":"AZE_ADM2_54616110B57585842497805","verification_status":"PROVISIONAL","source_role":"MASTER_GIS","display_rank":2803,"lon":46.03515,"lat":40.853403},"geometry":{"type":"Point","coordinates":[46.035150300000005,40.8534026]}},{"type":"Feature","properties":{"poi_id":"OSM_accommodation_7939858722","label":"Şəms Otel","name_az":"Şəms Otel","thesis_group":"ACCOMMODATION","thesis_subtype":"hotel","icon_id":"accommodation_hotel","name_quality":"NAMED","rayon":"Oğuz rayonu","rayon_id":"AZE_ADM2_54616110B99657283459996","verification_status":"PROVISIONAL","source_role":"MASTER_GIS","display_rank":2688,"lon":47.462217,"lat":41.060007},"geometry":{"type":"Point","coordinates":[47.4622169,41.0600073]}},{"type":"Feature","properties":{"poi_id":"OSM_accommodation_4386026006","label":"Şəms Otel - Shams Hotel","name_az":"Şəms Otel - Shams Hotel","thesis_group":"ACCOMMODATION","thesis_subtype":"hotel","icon_id":"accommodation_hotel","name_quality":"NAMED","rayon":"Bakı şəhəri","rayon_id":"AZE_ADM2_54616110B61947743987915","verification_status":"PROVISIONAL","source_role":"MASTER_GIS","display_rank":2606,"lon":49.964995,"lat":40.429853},"geometry":{"type":"Point","coordinates":[49.964994600000004,40.429852700000005]}},{"type":"Feature","properties":{"poi_id":"OSM_accommodation_4296698591","label":"Şəmsi Apartaman","name_az":"Şəmsi Apartaman","thesis_group":"ACCOMMODATION","thesis_subtype":"hotel","icon_id":"accommodation_hotel","name_quality":"NAMED","rayon":"Bakı şəhəri","rayon_id":"AZE_ADM2_54616110B61947743987915","verification_status":"PROVISIONAL","source_role":"MASTER_GIS","display_rank":2599,"lon":49.876734,"lat":40.381837},"geometry":{"type":"Point","coordinates":[49.8767336,40.3818368]}},{"type":"Feature","properties":{"poi_id":"OSM_accommodation_5699081924","label":"Şərədil Palas","name_az":"Şərədil Palas","thesis_group":"ACCOMMODATION","thesis_subtype":"hotel","icon_id":"accommodation_hotel","name_quality":"NAMED","rayon":"Ağsu rayonu","rayon_id":"AZE_ADM2_54616110B12323901372431","verification_status":"PROVISIONAL","source_role":"MASTER_GIS","display_rank":2642,"lon":48.469012,"lat":40.6257},"geometry":{"type":"Point","coordinates":[48.4690116,40.6257004]}},{"type":"Feature","properties":{"poi_id":"OSM_accommodation_12104733154","label":"Əsildar müəllim","name_az":"Əsildar müəllim","thesis_group":"ACCOMMODATION","thesis_subtype":"guest_house","icon_id":"accommodation_guesthouse","name_quality":"NAMED","rayon":"Zaqatala rayonu","rayon_id":"AZE_ADM2_54616110B4759617374649","verification_status":"PROVISIONAL","source_role":"MASTER_GIS","display_rank":2812,"lon":46.684906,"lat":41.66937},"geometry":{"type":"Point","coordinates":[46.684906100000006,41.6693705]}},{"type":"Feature","properties":{"poi_id":"OSM_accommodation_3956600987","label":"Əyriçay Otel","name_az":"Əyriçay Otel","thesis_group":"ACCOMMODATION","thesis_subtype":"motel","icon_id":"accommodation_motel","name_quality":"NAMED","rayon":"Şəki rayonu","rayon_id":"AZE_ADM2_54616110B25010354244926","verification_status":"PROVISIONAL","source_role":"MASTER_GIS","display_rank":2593,"lon":46.910852,"lat":41.243526},"geometry":{"type":"Point","coordinates":[46.910851900000004,41.243526200000005]}}]}