{"type":"FeatureCollection","features":[{"type":"Feature","properties":{"coastal_distance_km":217.333,"nearest_rail_station_km":3.791,"landcover_class":"built_up","poi_id":"OSM_cultural_11083609919","nearest_bus_terminal_km":1.517,"nearest_river_distance_m":772.9,"access_mode_status":"ROUTABLE_ROAD","thesis_subtype":"ARCHITECTURAL_MONUMENT","terrain_context":"URBAN","rayon_id":"AZE_ADM2_54616110B84154267491992","slope_deg":1.281,"inside_protected_area":false,"elevation_zone":"200_500_M","osm_route_status":"OK","label":"20 Yanvar abidəsi","osm_route_distance_km":4.352,"verification_status":"OSM_ONLY","nearest_airport_km":8.41,"source_role":"PHASE3C_VALIDATION","nearest_river":"Gəncəçay","elevation_m":379.1,"nearest_protected_area":"Türyançay Qoruğu","osm_drive_time_min":3.7,"name_az":"20 Yanvar abidəsi","display_rank":811,"source_primary":"OSM Geofabrik Azerbaijan snapshot","rayon":"Gəncə şəhəri","thesis_group":"HISTORICAL_CULTURAL","icon_id":"cultural_monument"},"geometry":{"type":"Point","coordinates":[46.3887422,40.6843827]}},{"type":"Feature","properties":{"coastal_distance_km":1.056,"nearest_rail_station_km":133.575,"landcover_class":"tree_cover","poi_id":"OSM_natural_7688280180","nearest_bus_terminal_km":17.395,"nearest_river_distance_m":17110.7,"access_mode_status":"GRAPH_DISCONNECTED","thesis_subtype":"CLIMATIC_HEALTH","terrain_context":"FOREST","rayon_id":"AZE_ADM2_54616110B89497242950609","slope_deg":0.329,"inside_protected_area":false,"elevation_zone":"BELOW_SEA_LEVEL","osm_route_status":"UNREACHABLE","label":"4-cü fontan","verification_status":"OSM_ONLY","nearest_airport_km":132.907,"source_role":"PHASE3C_VALIDATION","nearest_river":"Самур","elevation_m":-5.33,"nearest_protected_area":"Türyançay Qoruğu","name_az":"4-cü fontan","display_rank":590,"source_primary":"OSM Geofabrik Azerbaijan snapshot","rayon":"Xaçmaz rayonu","thesis_group":"NATURAL_RESOURCES","icon_id":"natural_climatic"},"geometry":{"type":"Point","coordinates":[48.662411600000006,41.7784728]}},{"type":"Feature","properties":{"coastal_distance_km":106.974,"nearest_rail_station_km":33.985,"landcover_class":"grassland","poi_id":"OSM_natural_13958038501","nearest_bus_terminal_km":44.295,"nearest_river_distance_m":3378.7,"access_mode_status":"ROUTABLE_ROAD","thesis_subtype":"LANDSCAPE_SCENERY","terrain_context":"HIGH_MOUNTAIN","rayon_id":"AZE_ADM2_54616110B99657283459996","slope_deg":23.174,"inside_protected_area":false,"elevation_zone":"2000_3000_M","osm_route_status":"OK","label":"Adon dağı 2656 metr","osm_route_distance_km":48.714,"verification_status":"OSM_ONLY","nearest_airport_km":34.983,"source_role":"PHASE3C_VALIDATION","elevation_m":2586.91,"nearest_protected_area":"Türyançay Qoruğu","osm_drive_time_min":59.1,"name_az":"Adon dağı 2656 metr","display_rank":337,"source_primary":"OSM Geofabrik Azerbaijan snapshot","rayon":"Oğuz rayonu","thesis_group":"NATURAL_RESOURCES","icon_id":"natural_viewpoint"},"geometry":{"type":"Point","coordinates":[47.6857489,41.1283964]}},{"type":"Feature","properties":{"coastal_distance_km":242.212,"nearest_rail_station_km":25.693,"landcover_class":"built_up","poi_id":"OSM_cultural_12413432611","nearest_bus_terminal_km":15.199,"nearest_river_distance_m":203.0,"access_mode_status":"GRAPH_DISCONNECTED","thesis_subtype":"MOSQUE_RELIGIOUS","terrain_context":"URBAN","rayon_id":"AZE_ADM2_54616110B88384638285498","slope_deg":7.4,"inside_protected_area":false,"elevation_zone":"500_1000_M","osm_route_status":"UNREACHABLE","label":"Alban Kilsəsi \\ Bayan","verification_status":"OSM_ONLY","nearest_airport_km":24.81,"source_role":"PHASE3C_VALIDATION","elevation_m":946.87,"nearest_protected_area":"Türyançay Qoruğu","name_az":"Alban Kilsəsi \\ Bayan","display_rank":998,"source_primary":"OSM Geofabrik Azerbaijan snapshot","rayon":"Daşkəsən rayonu","thesis_group":"HISTORICAL_CULTURAL","icon_id":"cultural_mosque"},"geometry":{"type":"Point","coordinates":[46.148589,40.5535936]}},{"type":"Feature","properties":{"coastal_distance_km":221.355,"nearest_rail_station_km":32.008,"landcover_class":"grassland","poi_id":"OSM_cultural_12247092696","nearest_bus_terminal_km":26.358,"nearest_river_distance_m":4653.8,"access_mode_status":"ROUTABLE_ROAD","thesis_subtype":"CASTLE_PALACE_FORTRESS","terrain_context":"FOOTHILL","rayon_id":"AZE_ADM2_54616110B79809370995070","slope_deg":9.132,"inside_protected_area":false,"elevation_zone":"500_1000_M","osm_route_status":"OK","label":"Alban abidəsi","osm_route_distance_km":23.591,"verification_status":"OSM_ONLY","nearest_airport_km":54.285,"source_role":"PHASE3C_VALIDATION","elevation_m":705.06,"nearest_protected_area":"Türyançay Qoruğu","osm_drive_time_min":30.6,"name_az":"Alban abidəsi","display_rank":982,"source_primary":"OSM Geofabrik Azerbaijan snapshot","rayon":"Tərtər rayonu","thesis_group":"HISTORICAL_CULTURAL","icon_id":"cultural_castle"},"geometry":{"type":"Point","coordinates":[46.7350945,40.366321500000005]}},{"type":"Feature","properties":{"coastal_distance_km":150.339,"nearest_rail_station_km":4.759,"landcover_class":"built_up","poi_id":"OSM_natural_11049926605","nearest_bus_terminal_km":1.825,"nearest_river_distance_m":688.3,"access_mode_status":"ROUTABLE_ROAD","thesis_subtype":"CLIMATIC_HEALTH","terrain_context":"URBAN","rayon_id":"AZE_ADM2_54616110B63924922129682","slope_deg":1.361,"inside_protected_area":false,"elevation_zone":"200_500_M","osm_route_status":"OK","label":"Alqayev Harun bulağı","osm_route_distance_km":5.042,"verification_status":"OSM_ONLY","nearest_airport_km":27.208,"source_role":"PHASE3C_VALIDATION","nearest_river":"Balakən çay","elevation_m":379.56,"nearest_protected_area":"Türyançay Qoruğu","osm_drive_time_min":7.4,"name_az":"Alqayev Harun bulağı","display_rank":22,"source_primary":"OSM Geofabrik Azerbaijan snapshot","rayon":"Balakən rayonu","thesis_group":"NATURAL_RESOURCES","icon_id":"natural_climatic"},"geometry":{"type":"Point","coordinates":[46.414454500000005,41.720861400000004]}},{"type":"Feature","properties":{"coastal_distance_km":199.921,"nearest_rail_station_km":7.996,"landcover_class":"built_up","poi_id":"OSM_cultural_11158720366","nearest_bus_terminal_km":0.571,"nearest_river_distance_m":861.7,"access_mode_status":"ROUTABLE_ROAD","thesis_subtype":"ARCHITECTURAL_MONUMENT","terrain_context":"URBAN","rayon_id":"AZE_ADM2_54616110B75141866412524","slope_deg":0.664,"inside_protected_area":false,"elevation_zone":"0_200_M","osm_route_status":"OK","label":"Ana Fəryadı abidəsi","osm_route_distance_km":14.148,"verification_status":"OSM_ONLY","nearest_airport_km":42.146,"source_role":"PHASE3C_VALIDATION","elevation_m":162.11,"nearest_protected_area":"Türyançay Qoruğu","osm_drive_time_min":15.1,"name_az":"Ana Fəryadı abidəsi","display_rank":831,"source_primary":"OSM Geofabrik Azerbaijan snapshot","rayon":"Goranboy rayonu","thesis_group":"HISTORICAL_CULTURAL","icon_id":"cultural_monument"},"geometry":{"type":"Point","coordinates":[46.783418100000006,40.6033198]}},{"type":"Feature","properties":{"coastal_distance_km":171.942,"nearest_rail_station_km":19.509,"landcover_class":"tree_cover","poi_id":"OSM_food_beverage_4417937990","nearest_bus_terminal_km":4.748,"nearest_river_distance_m":300.5,"access_mode_status":"ROUTABLE_ROAD","thesis_subtype":"RESTAURANT","terrain_context":"LAKE_SHORE","rayon_id":"AZE_ADM2_54616110B16521863868797","slope_deg":1.659,"inside_protected_area":false,"elevation_zone":"0_200_M","osm_route_status":"OK","label":"Ana Kür Şadlıq Sarayı","osm_route_distance_km":1.043,"verification_status":"OSM_ONLY","nearest_airport_km":58.327,"source_role":"PHASE3C_VALIDATION","nearest_river":"Kür","elevation_m":28.86,"nearest_protected_area":"Türyançay Qoruğu","osm_drive_time_min":1.1,"name_az":"Ana Kür Şadlıq Sarayı","display_rank":4103,"source_primary":"OSM Geofabrik Azerbaijan snapshot","rayon":"Mingəçevir şəhəri","thesis_group":"FOOD_BEVERAGE","icon_id":"food_restaurant"},"geometry":{"type":"Point","coordinates":[47.032972300000004,40.7719341]}},{"type":"Feature","properties":{"coastal_distance_km":87.739,"nearest_rail_station_km":89.557,"landcover_class":"cropland","poi_id":"OSM_cultural_12234747501","nearest_bus_terminal_km":82.059,"nearest_river_distance_m":1118.9,"access_mode_status":"ROUTABLE_ROAD","thesis_subtype":"ARCHITECTURAL_MONUMENT","terrain_context":"LOWLAND","rayon_id":"AZE_ADM2_54616110B939777630101","slope_deg":0.11,"inside_protected_area":false,"elevation_zone":"BELOW_SEA_LEVEL","osm_route_status":"OK","label":"Anam","osm_route_distance_km":20.557,"verification_status":"OSM_ONLY","nearest_airport_km":106.087,"source_role":"PHASE3C_VALIDATION","elevation_m":-10.62,"nearest_protected_area":"پارک جنگلی آزاد","osm_drive_time_min":30.8,"display_rank":2071,"source_primary":"OSM Geofabrik Azerbaijan snapshot","rayon":"Saatlı rayonu","thesis_group":"HISTORICAL_CULTURAL","icon_id":"cultural_monument"},"geometry":{"type":"Point","coordinates":[48.364716,39.9173625]}},{"type":"Feature","properties":{"coastal_distance_km":304.182,"nearest_rail_station_km":168.566,"poi_id":"OSM_natural_3747334","nearest_bus_terminal_km":67.488,"nearest_river_distance_m":708.2,"access_mode_status":"LOCAL_4X4_OR_TRAIL_REVIEW","thesis_subtype":"COASTAL_WATER","terrain_context":"LAKE_SHORE","rayon_id":"AZE_ADM2_54616110B53070579367508","slope_deg":0.0,"inside_protected_area":false,"elevation_zone":"0_200_M","osm_route_status":"UNREACHABLE","label":"Araz su anbarı - مخزن ارس","verification_status":"OSM_ONLY","nearest_airport_km":12.56,"source_role":"PHASE3C_VALIDATION","nearest_river":"آراز چایی - Araz","elevation_m":0.0,"nearest_protected_area":"Սև լիճ արգելավայր","name_az":"Araz su anbarı - مخزن ارس","display_rank":442,"source_primary":"OSM Geofabrik Azerbaijan snapshot","rayon":"Babək rayonu","thesis_group":"NATURAL_RESOURCES","icon_id":"natural_waterfall"},"geometry":{"type":"Point","coordinates":[45.31577528686087,39.16749648206822]}},{"type":"Feature","properties":{"coastal_distance_km":281.218,"nearest_rail_station_km":145.987,"landcover_class":"grassland","poi_id":"OSM_natural_2982634159","nearest_bus_terminal_km":50.952,"nearest_river_distance_m":2552.2,"access_mode_status":"ROUTABLE_ROAD","thesis_subtype":"LANDSCAPE_SCENERY","terrain_context":"MOUNTAIN","rayon_id":"AZE_ADM2_54616110B53393721771174","slope_deg":14.489,"inside_protected_area":false,"elevation_zone":"1000_2000_M","osm_route_status":"OK","label":"Ashabu Kəhf ziyarətgahı","osm_route_distance_km":37.149,"verification_status":"OSM_ONLY","nearest_airport_km":11.743,"source_role":"PHASE3C_VALIDATION","nearest_river":"su kanalı","elevation_m":1273.53,"nearest_protected_area":"Սև լիճ արգելավայր","osm_drive_time_min":45.6,"name_az":"Ashabu Kəhf ziyarətgahı","display_rank":431,"source_primary":"OSM Geofabrik Azerbaijan snapshot","rayon":"Culfa rayonu","thesis_group":"NATURAL_RESOURCES","icon_id":"natural_viewpoint"},"geometry":{"type":"Point","coordinates":[45.58854,39.218937100000005]}},{"type":"Feature","properties":{"coastal_distance_km":106.119,"nearest_rail_station_km":82.1,"landcover_class":"shrubland","poi_id":"OSM_cultural_8375251241","nearest_bus_terminal_km":97.786,"nearest_river_distance_m":81.0,"access_mode_status":"ROUTABLE_ROAD","thesis_subtype":"ARCHITECTURAL_MONUMENT","terrain_context":"RIVER_VALLEY","rayon_id":"AZE_ADM2_54616110B20470092766685","slope_deg":0.122,"inside_protected_area":false,"elevation_zone":"0_200_M","osm_route_status":"OK","label":"Azərbaycan Əsgəri abidəsi","osm_route_distance_km":25.978,"verification_status":"OSM_ONLY","nearest_airport_km":60.984,"source_role":"PHASE3C_VALIDATION","nearest_river":"Yuxarı Qarabağ Kanalı","elevation_m":18.28,"nearest_protected_area":"پارک جنگلی آزاد","osm_drive_time_min":22.3,"name_az":"Azərbaycan Əsgəri abidəsi","display_rank":1892,"source_primary":"OSM Geofabrik Azerbaijan snapshot","rayon":"Beyləqan rayonu","thesis_group":"HISTORICAL_CULTURAL","icon_id":"cultural_monument"},"geometry":{"type":"Point","coordinates":[47.874865400000004,39.7664417]}},{"type":"Feature","properties":{"coastal_distance_km":21.362,"nearest_rail_station_km":177.613,"landcover_class":"tree_cover","poi_id":"OSM_accommodation_3587342066","nearest_bus_terminal_km":142.026,"nearest_river_distance_m":2855.5,"access_mode_status":"ROUTABLE_ROAD","thesis_subtype":"GUESTHOUSE","terrain_context":"FOREST","rayon_id":"AZE_ADM2_54616110B86237771899826","slope_deg":0.155,"inside_protected_area":false,"elevation_zone":"0_200_M","osm_route_status":"OK","label":"Azəri Binə Xocavar","osm_route_distance_km":6.739,"verification_status":"OSM_ONLY","nearest_airport_km":37.59,"source_role":"PHASE3C_VALIDATION","nearest_river":"Viləşçay","elevation_m":1.76,"nearest_protected_area":"Qızıl Ağac Dövlət Təbiət Qoruqu","osm_drive_time_min":5.3,"name_az":"Azəri Binə Xocavar","display_rank":2241,"source_primary":"OSM Geofabrik Azerbaijan snapshot","rayon":"Masallı rayonu","thesis_group":"ACCOMMODATION","icon_id":"accommodation_guesthouse"},"geometry":{"type":"Point","coordinates":[48.6432956,39.0647408]}},{"type":"Feature","properties":{"coastal_distance_km":136.866,"nearest_rail_station_km":55.796,"poi_id":"OSM_natural_12609000","nearest_bus_terminal_km":70.632,"nearest_river_distance_m":4214.9,"access_mode_status":"ROUTABLE_ROAD","thesis_subtype":"COASTAL_WATER","terrain_context":"LAKE_SHORE","rayon_id":"AZE_ADM2_54616110B84161876100413","slope_deg":0.0,"inside_protected_area":false,"elevation_zone":"0_200_M","osm_route_status":"OK","label":"Ağ Göl","osm_route_distance_km":20.971,"verification_status":"OSM_ONLY","nearest_airport_km":60.828,"source_role":"PHASE3C_VALIDATION","elevation_m":0.0,"nearest_protected_area":"Ağ Göl Milli Parkı","osm_drive_time_min":23.9,"name_az":"Ağ Göl","display_rank":184,"source_primary":"OSM Geofabrik Azerbaijan snapshot","rayon":"Ağcabədi rayonu","thesis_group":"NATURAL_RESOURCES","icon_id":"natural_waterfall"},"geometry":{"type":"Point","coordinates":[47.66377481492439,40.00668537059672]}},{"type":"Feature","properties":{"coastal_distance_km":247.232,"nearest_rail_station_km":7.99,"landcover_class":"grassland","poi_id":"OSM_natural_11964433155","nearest_bus_terminal_km":16.615,"nearest_river_distance_m":900.4,"access_mode_status":"ROUTABLE_ROAD","thesis_subtype":"LANDSCAPE_SCENERY","terrain_context":"FOOTHILL","rayon_id":"AZE_ADM2_54616110B36354954300290","slope_deg":2.712,"inside_protected_area":false,"elevation_zone":"200_500_M","osm_route_status":"OK","label":"Ağ Təpə Ağstafa","osm_route_distance_km":19.596,"verification_status":"OSM_ONLY","nearest_airport_km":81.133,"source_role":"PHASE3C_VALIDATION","elevation_m":293.07,"nearest_protected_area":"Türyançay Qoruğu","osm_drive_time_min":23.0,"name_az":"Ağ Təpə Ağstafa","display_rank":44,"source_primary":"OSM Geofabrik Azerbaijan snapshot","rayon":"Ağstafa rayonu","thesis_group":"NATURAL_RESOURCES","icon_id":"natural_viewpoint"},"geometry":{"type":"Point","coordinates":[45.528786800000006,41.157299800000004]}},{"type":"Feature","properties":{"coastal_distance_km":188.18,"nearest_rail_station_km":2.572,"landcover_class":"shrubland","poi_id":"OSM_cultural_10700276683","nearest_bus_terminal_km":68.806,"nearest_river_distance_m":1286.0,"access_mode_status":"ROUTABLE_ROAD","thesis_subtype":"MOSQUE_RELIGIOUS","terrain_context":"FOOTHILL","rayon_id":"AZE_ADM2_54616110B71765796178707","slope_deg":0.729,"inside_protected_area":false,"elevation_zone":"200_500_M","osm_route_status":"OK","label":"Ağdam Cümə Məscidi","osm_route_distance_km":15.641,"verification_status":"OSM_ONLY","nearest_airport_km":50.161,"source_role":"PHASE3C_VALIDATION","elevation_m":367.53,"nearest_protected_area":"Ağ Göl Milli Parkı","osm_drive_time_min":17.2,"name_az":"Ağdam Cümə Məscidi","display_rank":757,"source_primary":"OSM Geofabrik Azerbaijan snapshot","rayon":"Ağdam rayonu","thesis_group":"HISTORICAL_CULTURAL","icon_id":"cultural_mosque"},"geometry":{"type":"Point","coordinates":[46.9316242,39.993265300000004]}},{"type":"Feature","properties":{"coastal_distance_km":3.173,"nearest_rail_station_km":94.025,"landcover_class":"herbaceous_wetland","poi_id":"OSM_natural_11827412","nearest_bus_terminal_km":45.833,"nearest_river_distance_m":1155.0,"access_mode_status":"ROUTABLE_ROAD","thesis_subtype":"COASTAL_WATER","terrain_context":"LAKE_SHORE","rayon_id":"AZE_ADM2_54616110B33183266084070","slope_deg":0.093,"inside_protected_area":false,"elevation_zone":"BELOW_SEA_LEVEL","osm_route_status":"UNREACHABLE","label":"Ağzıbirçala gölü","verification_status":"OSM_ONLY","nearest_airport_km":120.767,"source_role":"PHASE3C_VALIDATION","elevation_m":-24.55,"name_az":"Ağzıbirçala gölü","display_rank":30,"source_primary":"OSM Geofabrik Azerbaijan snapshot","rayon":"Şabran rayonu","thesis_group":"NATURAL_RESOURCES","icon_id":"natural_waterfall"},"geometry":{"type":"Point","coordinates":[49.08753117632859,41.27798199328115]}},{"type":"Feature","properties":{"coastal_distance_km":21.438,"nearest_rail_station_km":221.258,"landcover_class":"tree_cover","poi_id":"OSM_natural_13780426901","nearest_bus_terminal_km":201.204,"nearest_river_distance_m":2998.1,"access_mode_status":"TRAIL_HIKING_ACCESS","thesis_subtype":"LANDSCAPE_SCENERY","terrain_context":"FOREST","rayon_id":"AZE_ADM2_54616110B5213879595332","slope_deg":21.744,"inside_protected_area":false,"elevation_zone":"500_1000_M","osm_route_status":"UNREACHABLE","label":"Ballıqaya","verification_status":"OSM_ONLY","nearest_airport_km":34.006,"source_role":"PHASE3C_VALIDATION","elevation_m":667.82,"nearest_protected_area":"Qızıl Ağac Dövlət Təbiət Qoruqu","name_az":"Ballıqaya","display_rank":322,"source_primary":"OSM Geofabrik Azerbaijan snapshot","rayon":"Astara rayonu","thesis_group":"NATURAL_RESOURCES","icon_id":"natural_viewpoint"},"geometry":{"type":"Point","coordinates":[48.630597900000005,38.481450300000006]}},{"type":"Feature","properties":{"coastal_distance_km":199.824,"nearest_rail_station_km":121.11,"poi_id":"OSM_natural_10555164045","nearest_bus_terminal_km":42.768,"nearest_river_distance_m":8247.7,"access_mode_status":"ROUTABLE_ROAD","thesis_subtype":"LANDSCAPE_SCENERY","terrain_context":"LOWLAND","rayon_id":"AZE_ADM2_54616110B64107713492867","slope_deg":0.0,"inside_protected_area":false,"elevation_zone":"0_200_M","osm_route_status":"OK","label":"Bartaz","osm_route_distance_km":42.97,"verification_status":"OSM_ONLY","nearest_airport_km":25.999,"source_role":"PHASE3C_VALIDATION","nearest_river":"Aras","elevation_m":0.0,"nearest_protected_area":"Սև լիճ արգելավայր","osm_drive_time_min":39.9,"name_az":"Bartaz","display_rank":17,"source_primary":"OSM Geofabrik Azerbaijan snapshot","rayon":"Zəngilan rayonu","thesis_group":"NATURAL_RESOURCES","icon_id":"natural_viewpoint"},"geometry":{"type":"Point","coordinates":[46.5079286,38.961486]}},{"type":"Feature","properties":{"coastal_distance_km":268.518,"nearest_rail_station_km":113.731,"landcover_class":"tree_cover","poi_id":"OSM_food_beverage_10012960343","nearest_bus_terminal_km":72.092,"nearest_river_distance_m":7358.0,"access_mode_status":"ROUTABLE_ROAD","thesis_subtype":"RESTAURANT","terrain_context":"FOREST","rayon_id":"AZE_ADM2_54616110B68105682916253","slope_deg":8.044,"inside_protected_area":false,"elevation_zone":"1000_2000_M","osm_route_status":"OK","label":"Batabat restoranı","osm_route_distance_km":19.141,"verification_status":"OSM_ONLY","nearest_airport_km":46.92,"source_role":"PHASE3C_VALIDATION","elevation_m":1986.11,"nearest_protected_area":"Սև լիճ արգելավայր","osm_drive_time_min":14.4,"name_az":"Batabat restoranı","display_rank":2465,"source_primary":"OSM Geofabrik Azerbaijan snapshot","rayon":"Şahbuz rayonu","thesis_group":"FOOD_BEVERAGE","icon_id":"food_restaurant"},"geometry":{"type":"Point","coordinates":[45.779537600000005,39.528372000000005]}},{"type":"Feature","properties":{"coastal_distance_km":90.619,"nearest_rail_station_km":46.327,"landcover_class":"bare_or_sparse_vegetation","poi_id":"OSM_natural_1912476552","nearest_bus_terminal_km":54.136,"nearest_river_distance_m":4079.4,"access_mode_status":"NO_ROUTABLE_ACCESS","official_status":"official Azerbaijan.travel regional/destination content matched","thesis_subtype":"LANDSCAPE_SCENERY","terrain_context":"LOWLAND","rayon_id":"AZE_ADM2_54616110B21517829058101","semantic_source_url":"https://azerbaijan.travel/trip-to-gusar;https://azerbaijan.travel/storage/pages/231/9654583b-e287-43be-93dc-4442fc8cbbe4.pdf","slope_deg":84.252,"inside_protected_area":false,"elevation_zone":"0_200_M","osm_route_status":"UNREACHABLE","label":"Bazardüzü","verification_status":"CROSS_VERIFIED","nearest_airport_km":46.544,"source_role":"PHASE3C_VALIDATION","nearest_river":"Bumçay","elevation_m":0.0,"nearest_protected_area":"Türyançay Qoruğu","source_secondary":"https://azerbaijan.travel/trip-to-gusar;https://azerbaijan.travel/storage/pages/231/9654583b-e287-43be-93dc-4442fc8cbbe4.pdf","name_az":"Bazardüzü","official_evidence_source":"official Azerbaijan.travel regional/destination content matched","display_rank":1,"source_primary":"OSM Geofabrik Azerbaijan snapshot","rayon":"Qusar rayonu","thesis_group":"NATURAL_RESOURCES","icon_id":"natural_viewpoint"},"geometry":{"type":"Point","coordinates":[47.8581573,41.2207625]}},{"type":"Feature","properties":{"coastal_distance_km":279.944,"nearest_rail_station_km":21.298,"landcover_class":"grassland","poi_id":"OSM_cultural_11762069660","nearest_bus_terminal_km":22.657,"nearest_river_distance_m":3274.4,"access_mode_status":"ROUTABLE_ROAD","thesis_subtype":"ARCHITECTURAL_MONUMENT","terrain_context":"MOUNTAIN","rayon_id":"AZE_ADM2_54616110B43488292017990","slope_deg":6.193,"inside_protected_area":false,"elevation_zone":"500_1000_M","osm_route_status":"UNREACHABLE","label":"Bağanis Ayrım Tarixi Abidə","verification_status":"OSM_ONLY","nearest_airport_km":111.538,"source_role":"PHASE3C_VALIDATION","nearest_river":"Əskipara","elevation_m":908.1,"nearest_protected_area":"Türyançay Qoruğu","name_az":"Bağanis Ayrım Tarixi Abidə","display_rank":907,"source_primary":"OSM Geofabrik Azerbaijan snapshot","rayon":"Qazax rayonu","thesis_group":"HISTORICAL_CULTURAL","icon_id":"cultural_monument"},"geometry":{"type":"Point","coordinates":[45.0827242,41.101097700000004]}},{"type":"Feature","properties":{"coastal_distance_km":150.876,"nearest_rail_station_km":3.053,"landcover_class":"built_up","poi_id":"OSM_cultural_14022586335","nearest_bus_terminal_km":0.55,"nearest_river_distance_m":1422.3,"access_mode_status":"ROUTABLE_ROAD","thesis_subtype":"ARCHITECTURAL_MONUMENT","terrain_context":"URBAN","rayon_id":"AZE_ADM2_54616110B63924922129682","slope_deg":1.213,"inside_protected_area":false,"elevation_zone":"200_500_M","osm_route_status":"OK","label":"Biqben Balakən","osm_route_distance_km":7.4,"verification_status":"OSM_ONLY","nearest_airport_km":25.005,"source_role":"PHASE3C_VALIDATION","nearest_river":"Balakən çay","elevation_m":329.04,"nearest_protected_area":"Türyançay Qoruğu","osm_drive_time_min":8.9,"name_az":"Biqben Balakən","display_rank":1182,"source_primary":"OSM Geofabrik Azerbaijan snapshot","rayon":"Balakən rayonu","thesis_group":"HISTORICAL_CULTURAL","icon_id":"cultural_monument"},"geometry":{"type":"Point","coordinates":[46.4284922,41.702379300000004]}},{"type":"Feature","properties":{"coastal_distance_km":193.727,"nearest_rail_station_km":23.927,"landcover_class":"grassland","poi_id":"OSM_cultural_1342664801","nearest_bus_terminal_km":84.877,"nearest_river_distance_m":486.6,"access_mode_status":"ROUTABLE_ROAD","thesis_subtype":"OTHER_CULTURAL","terrain_context":"RIVER_VALLEY","rayon_id":"AZE_ADM2_54616110B15657888815271","slope_deg":3.358,"inside_protected_area":false,"elevation_zone":"500_1000_M","osm_route_status":"OK","label":"Biz və Bizim Dağlar Abidəsi","osm_route_distance_km":4.322,"verification_status":"OSM_ONLY","nearest_airport_km":35.336,"source_role":"PHASE3C_VALIDATION","nearest_river":"Qarqarçay","elevation_m":717.15,"nearest_protected_area":"Սև լիճ արգելավայր","osm_drive_time_min":5.0,"name_az":"Biz və Bizim Dağlar Abidəsi","display_rank":1123,"source_primary":"OSM Geofabrik Azerbaijan snapshot","rayon":"Xankəndi şəhəri","thesis_group":"HISTORICAL_CULTURAL","icon_id":"cultural_historic"},"geometry":{"type":"Point","coordinates":[46.769963600000004,39.837145500000005]}},{"type":"Feature","properties":{"coastal_distance_km":171.902,"nearest_rail_station_km":30.405,"poi_id":"OSM_natural_10081554153","nearest_bus_terminal_km":45.47,"nearest_river_distance_m":52.5,"access_mode_status":"GRAPH_DISCONNECTED","thesis_subtype":"LANDSCAPE_SCENERY","terrain_context":"LAKE_SHORE","rayon_id":"AZE_ADM2_54616110B65018719015844","slope_deg":0.0,"inside_protected_area":false,"elevation_zone":"0_200_M","osm_route_status":"UNREACHABLE","label":"Border Alazani River","verification_status":"OSM_ONLY","nearest_airport_km":49.39,"source_role":"PHASE3C_VALIDATION","nearest_river":"ალაზანი - Qanıx","elevation_m":0.0,"nearest_protected_area":"Türyançay Qoruğu","display_rank":2007,"source_primary":"OSM Geofabrik Azerbaijan snapshot","rayon":"Samux rayonu","thesis_group":"NATURAL_RESOURCES","icon_id":"natural_viewpoint"},"geometry":{"type":"Point","coordinates":[46.6397823,41.1077803]}},{"type":"Feature","properties":{"coastal_distance_km":186.221,"nearest_rail_station_km":25.152,"landcover_class":"tree_cover","poi_id":"OSM_natural_12064946834","nearest_bus_terminal_km":90.493,"nearest_river_distance_m":1426.5,"access_mode_status":"ROUTABLE_ROAD","thesis_subtype":"LANDSCAPE_SCENERY","terrain_context":"FOREST","rayon_id":"AZE_ADM2_54616110B87325868620163","slope_deg":19.383,"inside_protected_area":false,"elevation_zone":"1000_2000_M","osm_route_status":"OK","label":"Bovurxan Dağı","osm_route_distance_km":22.14,"verification_status":"OSM_ONLY","nearest_airport_km":37.956,"source_role":"PHASE3C_VALIDATION","nearest_river":"Xançay","elevation_m":1363.58,"nearest_protected_area":"Սև լիճ արգելավայր","osm_drive_time_min":20.0,"name_az":"Bovurxan Dağı","display_rank":48,"source_primary":"OSM Geofabrik Azerbaijan snapshot","rayon":"Xocalı rayonu","thesis_group":"NATURAL_RESOURCES","icon_id":"natural_viewpoint"},"geometry":{"type":"Point","coordinates":[46.8397706,39.787966600000004]}},{"type":"Feature","properties":{"coastal_distance_km":261.309,"nearest_rail_station_km":38.024,"landcover_class":"tree_cover","poi_id":"OSM_natural_11934446142","nearest_bus_terminal_km":4.932,"nearest_river_distance_m":1833.3,"access_mode_status":"GRAPH_DISCONNECTED","thesis_subtype":"CLIMATIC_HEALTH","terrain_context":"FOREST","rayon_id":"AZE_ADM2_54616110B46799199998097","slope_deg":11.195,"inside_protected_area":false,"elevation_zone":"1000_2000_M","osm_route_status":"UNREACHABLE","label":"Bulaq","verification_status":"OSM_ONLY","nearest_airport_km":43.717,"source_role":"PHASE3C_VALIDATION","nearest_river":"Gədəbəyçay","elevation_m":1724.89,"nearest_protected_area":"Սև լիճ արգելավայր","name_az":"Bulaq","display_rank":37,"source_primary":"OSM Geofabrik Azerbaijan snapshot","rayon":"Gədəbəy rayonu","thesis_group":"NATURAL_RESOURCES","icon_id":"natural_climatic"},"geometry":{"type":"Point","coordinates":[45.8593654,40.5533025]}},{"type":"Feature","properties":{"coastal_distance_km":1.446,"nearest_rail_station_km":200.346,"landcover_class":"built_up","poi_id":"OSM_cultural_10050568200","nearest_bus_terminal_km":166.603,"nearest_river_distance_m":728.7,"access_mode_status":"ROUTABLE_ROAD","thesis_subtype":"MOSQUE_RELIGIOUS","terrain_context":"URBAN","rayon_id":"AZE_ADM2_54616110B92317303093203","slope_deg":0.196,"inside_protected_area":false,"elevation_zone":"BELOW_SEA_LEVEL","osm_route_status":"OK","label":"Böyük Bazar məscidi","osm_route_distance_km":1.254,"verification_status":"OSM_ONLY","nearest_airport_km":3.062,"source_role":"PHASE3C_VALIDATION","nearest_river":"Lənkəran","elevation_m":-16.41,"nearest_protected_area":"Qızıl Ağac Dövlət Təbiət Qoruqu","osm_drive_time_min":1.4,"name_az":"Böyük Bazar məscidi","display_rank":700,"source_primary":"OSM Geofabrik Azerbaijan snapshot","rayon":"Lənkəran şəhəri","thesis_group":"HISTORICAL_CULTURAL","icon_id":"cultural_mosque"},"geometry":{"type":"Point","coordinates":[48.8470419,38.751577100000006]}},{"type":"Feature","properties":{"coastal_distance_km":190.027,"nearest_rail_station_km":2.103,"landcover_class":"built_up","poi_id":"OSM_accommodation_3602653062","nearest_bus_terminal_km":38.048,"nearest_river_distance_m":994.5,"access_mode_status":"ROUTABLE_ROAD","thesis_subtype":"HOTEL_RESORT","terrain_context":"URBAN","rayon_id":"AZE_ADM2_54616110B76249555634218","slope_deg":0.208,"inside_protected_area":false,"elevation_zone":"0_200_M","osm_route_status":"OK","label":"Bərdə Otel","osm_route_distance_km":14.287,"verification_status":"OSM_ONLY","nearest_airport_km":69.542,"source_role":"PHASE3C_VALIDATION","nearest_river":"Tərtər çayı","elevation_m":82.78,"nearest_protected_area":"Türyançay Qoruğu","osm_drive_time_min":15.6,"name_az":"Bərdə Otel","display_rank":2245,"source_primary":"OSM Geofabrik Azerbaijan snapshot","rayon":"Bərdə rayonu","thesis_group":"ACCOMMODATION","icon_id":"accommodation_resort"},"geometry":{"type":"Point","coordinates":[47.124484,40.3845472]}},{"type":"Feature","properties":{"coastal_distance_km":8.881,"nearest_rail_station_km":53.589,"landcover_class":"grassland","poi_id":"OSM_natural_12145758961","nearest_bus_terminal_km":50.609,"nearest_river_distance_m":5041.9,"access_mode_status":"ROUTABLE_ROAD","thesis_subtype":"LANDSCAPE_SCENERY","terrain_context":"MOUNTAIN","rayon_id":"AZE_ADM2_54616110B9592293002412","slope_deg":15.932,"inside_protected_area":false,"elevation_zone":"500_1000_M","osm_route_status":"OK","label":"Bəybeyim Dağı","osm_route_distance_km":33.045,"verification_status":"OSM_ONLY","nearest_airport_km":84.036,"source_role":"PHASE3C_VALIDATION","nearest_river":"Taxtakörpü-Ceyranbatan kanalı","elevation_m":855.91,"osm_drive_time_min":40.2,"name_az":"Bəybeyim Dağı","display_rank":123,"source_primary":"OSM Geofabrik Azerbaijan snapshot","rayon":"Siyəzən rayonu","thesis_group":"NATURAL_RESOURCES","icon_id":"natural_viewpoint"},"geometry":{"type":"Point","coordinates":[49.222210700000005,40.894114300000005]}},{"type":"Feature","properties":{"coastal_distance_km":239.151,"nearest_rail_station_km":27.509,"landcover_class":"grassland","poi_id":"OSM_natural_6701029614","nearest_bus_terminal_km":13.385,"nearest_river_distance_m":4362.7,"access_mode_status":"ROUTABLE_ROAD","official_status":"official Azerbaijan.travel regional/destination content matched","thesis_subtype":"LANDSCAPE_SCENERY","terrain_context":"HIGH_MOUNTAIN","rayon_id":"AZE_ADM2_54616110B13615645655589","semantic_source_url":"https://azerbaijan.travel/regional-maps","slope_deg":5.326,"inside_protected_area":false,"elevation_zone":"2000_3000_M","osm_route_status":"OK","label":"Cavad Xan yüksəkliyi \\ Göygöl rayonu","osm_route_distance_km":19.138,"verification_status":"OFFICIAL_VERIFIED","nearest_airport_km":29.338,"source_role":"PHASE3C_VALIDATION","nearest_river":"Kürəkçay","elevation_m":2061.64,"nearest_protected_area":"Türyançay Qoruğu","osm_drive_time_min":21.4,"source_secondary":"https://azerbaijan.travel/regional-maps","name_az":"Cavad Xan yüksəkliyi \\ Göygöl rayonu","official_evidence_source":"official Azerbaijan.travel regional/destination content matched","display_rank":8,"source_primary":"OSM Geofabrik Azerbaijan snapshot","rayon":"Göygöl rayonu","thesis_group":"NATURAL_RESOURCES","icon_id":"natural_viewpoint"},"geometry":{"type":"Point","coordinates":[46.292945800000005,40.4730908]}},{"type":"Feature","properties":{"coastal_distance_km":41.965,"nearest_rail_station_km":89.066,"landcover_class":"built_up","poi_id":"OSM_cultural_11077516114","nearest_bus_terminal_km":3.204,"nearest_river_distance_m":407.2,"access_mode_status":"GRAPH_DISCONNECTED","thesis_subtype":"ARCHITECTURAL_MONUMENT","terrain_context":"URBAN","rayon_id":"AZE_ADM2_54616110B21517829058101","slope_deg":4.217,"inside_protected_area":false,"elevation_zone":"500_1000_M","osm_route_status":"UNREACHABLE","label":"Ceyran Abidəsi","verification_status":"OSM_ONLY","nearest_airport_km":88.195,"source_role":"PHASE3C_VALIDATION","nearest_river":"Qusarçay","elevation_m":710.58,"nearest_protected_area":"Türyançay Qoruğu","name_az":"Ceyran Abidəsi","display_rank":808,"source_primary":"OSM Geofabrik Azerbaijan snapshot","rayon":"Qusar rayonu","thesis_group":"HISTORICAL_CULTURAL","icon_id":"cultural_monument"},"geometry":{"type":"Point","coordinates":[48.4105548,41.4140515]}},{"type":"Feature","properties":{"coastal_distance_km":200.972,"nearest_rail_station_km":48.163,"landcover_class":"grassland","poi_id":"OSM_cultural_4937557524","nearest_bus_terminal_km":97.534,"nearest_river_distance_m":1811.3,"access_mode_status":"ROUTABLE_ROAD","thesis_subtype":"MOSQUE_RELIGIOUS","terrain_context":"MOUNTAIN","rayon_id":"AZE_ADM2_54616110B49912296290484","slope_deg":15.771,"inside_protected_area":false,"elevation_zone":"1000_2000_M","osm_route_status":"OK","label":"Church of Saint Pantaleon","osm_route_distance_km":17.825,"verification_status":"OSM_ONLY","nearest_airport_km":33.026,"source_role":"PHASE3C_VALIDATION","nearest_river":"Yağlıdərə çayı","elevation_m":1651.46,"nearest_protected_area":"Սև լիճ արգելավայր","osm_drive_time_min":19.9,"display_rank":2084,"source_primary":"OSM Geofabrik Azerbaijan snapshot","rayon":"Şuşa rayonu","thesis_group":"HISTORICAL_CULTURAL","icon_id":"cultural_mosque"},"geometry":{"type":"Point","coordinates":[46.6082574,39.656624900000004]}},{"type":"Feature","properties":{"coastal_distance_km":193.289,"nearest_rail_station_km":24.049,"landcover_class":"tree_cover","poi_id":"OSM_natural_9581116","nearest_bus_terminal_km":85.318,"nearest_river_distance_m":231.1,"access_mode_status":"ROUTABLE_ROAD","thesis_subtype":"NATURAL_LIFE_ECOTOURISM","terrain_context":"FOREST","rayon_id":"AZE_ADM2_54616110B15657888815271","slope_deg":7.5,"inside_protected_area":false,"elevation_zone":"500_1000_M","osm_route_status":"OK","label":"Cüdür meşə","osm_route_distance_km":4.897,"verification_status":"OSM_ONLY","nearest_airport_km":35.704,"source_role":"PHASE3C_VALIDATION","nearest_river":"Qarqarçay","elevation_m":730.03,"nearest_protected_area":"Սև լիճ արգելավայր","osm_drive_time_min":5.7,"name_az":"Cüdür meşə","display_rank":670,"source_primary":"OSM Geofabrik Azerbaijan snapshot","rayon":"Xankəndi şəhəri","thesis_group":"NATURAL_RESOURCES","icon_id":"natural_protected"},"geometry":{"type":"Point","coordinates":[46.773480777806654,39.83316626929199]}},{"type":"Feature","properties":{"coastal_distance_km":38.751,"nearest_rail_station_km":91.24,"landcover_class":"built_up","poi_id":"OSM_cultural_5933384088","nearest_bus_terminal_km":3.46,"nearest_river_distance_m":2206.6,"access_mode_status":"GRAPH_DISCONNECTED","official_status":"official Azerbaijan.travel regional/destination content matched","thesis_subtype":"OTHER_CULTURAL","terrain_context":"LAKE_SHORE","heritage_source_url":"https://azerbaijan.travel/storage/pages/231/9654583b-e287-43be-93dc-4442fc8cbbe4.pdf","rayon_id":"AZE_ADM2_54616110B77048085748362","semantic_source_url":"https://azerbaijan.travel/storage/pages/231/9654583b-e287-43be-93dc-4442fc8cbbe4.pdf","slope_deg":3.138,"inside_protected_area":false,"elevation_zone":"500_1000_M","osm_route_status":"UNREACHABLE","label":"Cümə Məscidi","verification_status":"OFFICIAL_VERIFIED","nearest_airport_km":90.119,"source_role":"PHASE3C_VALIDATION","elevation_m":599.22,"nearest_protected_area":"Türyançay Qoruğu","source_secondary":"https://azerbaijan.travel/storage/pages/231/9654583b-e287-43be-93dc-4442fc8cbbe4.pdf","name_az":"Cümə Məscidi","official_evidence_source":"official Azerbaijan.travel regional/destination content matched","display_rank":13,"source_primary":"OSM Geofabrik Azerbaijan snapshot","rayon":"Quba rayonu","thesis_group":"HISTORICAL_CULTURAL","icon_id":"cultural_historic"},"geometry":{"type":"Point","coordinates":[48.51212030000001,41.363195000000005]}},{"type":"Feature","properties":{"coastal_distance_km":31.298,"nearest_rail_station_km":158.561,"landcover_class":"built_up","poi_id":"OSM_accommodation_3602692015","nearest_bus_terminal_km":135.336,"nearest_river_distance_m":1353.4,"access_mode_status":"ROUTABLE_ROAD","thesis_subtype":"HOTEL_RESORT","terrain_context":"LAKE_SHORE","rayon_id":"AZE_ADM2_54616110B78302808254353","slope_deg":0.775,"inside_protected_area":false,"elevation_zone":"0_200_M","osm_route_status":"OK","label":"Cəlilabad Otel","osm_route_distance_km":7.183,"verification_status":"OSM_ONLY","nearest_airport_km":57.254,"source_role":"PHASE3C_VALIDATION","elevation_m":34.93,"nearest_protected_area":"Qızıl Ağac Dövlət Təbiət Qoruqu","osm_drive_time_min":7.6,"name_az":"Cəlilabad Otel","display_rank":2248,"source_primary":"OSM Geofabrik Azerbaijan snapshot","rayon":"Cəlilabad rayonu","thesis_group":"ACCOMMODATION","icon_id":"accommodation_resort"},"geometry":{"type":"Point","coordinates":[48.5040947,39.209177000000004]}},{"type":"Feature","properties":{"coastal_distance_km":162.129,"nearest_rail_station_km":18.074,"landcover_class":"built_up","poi_id":"OSM_cultural_12442276698","nearest_bus_terminal_km":10.738,"nearest_river_distance_m":582.6,"access_mode_status":"ROUTABLE_ROAD","thesis_subtype":"MOSQUE_RELIGIOUS","terrain_context":"URBAN","rayon_id":"AZE_ADM2_54616110B52362464060400","slope_deg":1.453,"inside_protected_area":false,"elevation_zone":"0_200_M","osm_route_status":"OK","label":"Düzyol Məscidi \\ Ərəbbəsrə","osm_route_distance_km":37.764,"verification_status":"OSM_ONLY","nearest_airport_km":43.43,"source_role":"PHASE3C_VALIDATION","nearest_river":"Əlicançay","elevation_m":74.0,"nearest_protected_area":"Türyançay Qoruğu","osm_drive_time_min":43.2,"name_az":"Düzyol Məscidi \\ Ərəbbəsrə","display_rank":1006,"source_primary":"OSM Geofabrik Azerbaijan snapshot","rayon":"Yevlax rayonu","thesis_group":"HISTORICAL_CULTURAL","icon_id":"cultural_mosque"},"geometry":{"type":"Point","coordinates":[47.209644000000004,40.7763635]}},{"type":"Feature","properties":{"coastal_distance_km":0.083,"nearest_rail_station_km":198.968,"landcover_class":"built_up","poi_id":"OSM_accommodation_8814742770","nearest_bus_terminal_km":165.261,"nearest_river_distance_m":1264.2,"access_mode_status":"GRAPH_DISCONNECTED","thesis_subtype":"HOTEL_RESORT","terrain_context":"COASTAL","rayon_id":"AZE_ADM2_54616110B2076465815790","slope_deg":4.092,"inside_protected_area":false,"elevation_zone":"BELOW_SEA_LEVEL","osm_route_status":"UNREACHABLE","label":"Dəniz otel","verification_status":"OSM_ONLY","nearest_airport_km":3.986,"source_role":"PHASE3C_VALIDATION","nearest_river":"Lənkəran","elevation_m":-22.09,"nearest_protected_area":"Qızıl Ağac Dövlət Təbiət Qoruqu","name_az":"Dəniz otel","display_rank":2382,"source_primary":"OSM Geofabrik Azerbaijan snapshot","rayon":"Lənkəran rayonu","thesis_group":"ACCOMMODATION","icon_id":"accommodation_resort"},"geometry":{"type":"Point","coordinates":[48.8561807,38.7619326]}},{"type":"Feature","properties":{"coastal_distance_km":106.013,"nearest_rail_station_km":82.301,"landcover_class":"cropland","poi_id":"OSM_food_beverage_8375249203","nearest_bus_terminal_km":97.627,"nearest_river_distance_m":391.4,"access_mode_status":"ROUTABLE_ROAD","thesis_subtype":"RESTAURANT","terrain_context":"RIVER_VALLEY","rayon_id":"AZE_ADM2_54616110B20470092766685","slope_deg":0.145,"inside_protected_area":false,"elevation_zone":"0_200_M","osm_route_status":"OK","label":"Emil Şadlıq Sarayı","osm_route_distance_km":26.283,"verification_status":"OSM_ONLY","nearest_airport_km":61.306,"source_role":"PHASE3C_VALIDATION","nearest_river":"Yuxarı Qarabağ Kanalı","elevation_m":17.98,"nearest_protected_area":"پارک جنگلی آزاد","osm_drive_time_min":22.5,"name_az":"Emil Şadlıq Sarayı","display_rank":4687,"source_primary":"OSM Geofabrik Azerbaijan snapshot","rayon":"Beyləqan rayonu","thesis_group":"FOOD_BEVERAGE","icon_id":"food_restaurant"},"geometry":{"type":"Point","coordinates":[47.8780693,39.768189]}},{"type":"Feature","properties":{"coastal_distance_km":40.195,"nearest_rail_station_km":87.965,"landcover_class":"built_up","poi_id":"OSM_natural_12999815471","nearest_bus_terminal_km":51.438,"nearest_river_distance_m":1019.1,"access_mode_status":"ROUTABLE_ROAD","thesis_subtype":"CLIMATIC_HEALTH","terrain_context":"URBAN","rayon_id":"AZE_ADM2_54616110B45272408011177","slope_deg":0.09,"inside_protected_area":false,"elevation_zone":"0_200_M","osm_route_status":"OK","label":"Filtrli Su Satışı","osm_route_distance_km":3.912,"verification_status":"OSM_ONLY","nearest_airport_km":110.027,"source_role":"PHASE3C_VALIDATION","nearest_river":"Bash Shirvan Canal","elevation_m":1.32,"osm_drive_time_min":4.1,"name_az":"Filtrli Su Satışı","display_rank":305,"source_primary":"OSM Geofabrik Azerbaijan snapshot","rayon":"Şirvan şəhəri","thesis_group":"NATURAL_RESOURCES","icon_id":"natural_climatic"},"geometry":{"type":"Point","coordinates":[48.9414901,39.9516245]}},{"type":"Feature","properties":{"coastal_distance_km":47.423,"nearest_rail_station_km":58.763,"landcover_class":"cropland","poi_id":"OSM_natural_2827483540","nearest_bus_terminal_km":38.193,"nearest_river_distance_m":8467.4,"access_mode_status":"ROUTABLE_ROAD","thesis_subtype":"LANDSCAPE_SCENERY","terrain_context":"MOUNTAIN","rayon_id":"AZE_ADM2_54616110B43271825035432","slope_deg":2.811,"inside_protected_area":false,"elevation_zone":"500_1000_M","osm_route_status":"UNREACHABLE","label":"Gicəki dağı","verification_status":"OSM_ONLY","nearest_airport_km":87.524,"source_role":"PHASE3C_VALIDATION","nearest_river":"Ceyrankeçməz","elevation_m":997.48,"name_az":"Gicəki dağı","display_rank":424,"source_primary":"OSM Geofabrik Azerbaijan snapshot","rayon":"Qobustan rayonu","thesis_group":"NATURAL_RESOURCES","icon_id":"natural_viewpoint"},"geometry":{"type":"Point","coordinates":[49.0147582,40.4158891]}},{"type":"Feature","properties":{"coastal_distance_km":51.786,"nearest_rail_station_km":178.037,"landcover_class":"grassland","poi_id":"OSM_natural_13823677247","nearest_bus_terminal_km":191.309,"nearest_river_distance_m":6441.2,"access_mode_status":"ROUTABLE_ROAD","thesis_subtype":"LANDSCAPE_SCENERY","terrain_context":"HIGH_MOUNTAIN","rayon_id":"AZE_ADM2_54616110B59366301344355","slope_deg":6.442,"inside_protected_area":false,"elevation_zone":"2000_3000_M","osm_route_status":"UNREACHABLE","label":"Gömürgöy","verification_status":"OSM_ONLY","nearest_airport_km":49.495,"source_role":"PHASE3C_VALIDATION","elevation_m":2467.06,"nearest_protected_area":"Qızıl Ağac Dövlət Təbiət Qoruqu","name_az":"Gömürgöy","display_rank":324,"source_primary":"OSM Geofabrik Azerbaijan snapshot","rayon":"Lerik rayonu","thesis_group":"NATURAL_RESOURCES","icon_id":"natural_viewpoint"},"geometry":{"type":"Point","coordinates":[48.242947,38.736047]}},{"type":"Feature","properties":{"coastal_distance_km":130.614,"nearest_rail_station_km":15.351,"landcover_class":"built_up","poi_id":"OSM_accommodation_4045215856","nearest_bus_terminal_km":1.21,"nearest_river_distance_m":1508.9,"access_mode_status":"ROUTABLE_ROAD","thesis_subtype":"HOTEL_RESORT","terrain_context":"URBAN","rayon_id":"AZE_ADM2_54616110B88730523237575","slope_deg":1.378,"inside_protected_area":false,"elevation_zone":"0_200_M","osm_route_status":"OK","label":"Göyçay Çinar Otel","osm_route_distance_km":19.934,"verification_status":"OSM_ONLY","nearest_airport_km":18.236,"source_role":"PHASE3C_VALIDATION","nearest_river":"Göyçay","elevation_m":113.16,"nearest_protected_area":"Türyançay Qoruğu","osm_drive_time_min":20.0,"name_az":"Göyçay Çinar Otel","display_rank":2260,"source_primary":"OSM Geofabrik Azerbaijan snapshot","rayon":"Göyçay rayonu","thesis_group":"ACCOMMODATION","icon_id":"accommodation_resort"},"geometry":{"type":"Point","coordinates":[47.7387717,40.650850000000005]}},{"type":"Feature","properties":{"coastal_distance_km":208.869,"nearest_rail_station_km":76.596,"landcover_class":"grassland","poi_id":"OSM_cultural_3759468411","nearest_bus_terminal_km":68.843,"nearest_river_distance_m":1871.5,"access_mode_status":"ROUTABLE_ROAD","thesis_subtype":"ARCHAEOLOGICAL_SITE","terrain_context":"MOUNTAIN","rayon_id":"AZE_ADM2_54616110B66639423042347","slope_deg":6.49,"inside_protected_area":false,"elevation_zone":"500_1000_M","osm_route_status":"OK","label":"Gürcülü kümbəzi","osm_route_distance_km":27.431,"verification_status":"OSM_ONLY","nearest_airport_km":42.34,"source_role":"PHASE3C_VALIDATION","nearest_river":"Bazarçay","elevation_m":950.45,"nearest_protected_area":"Սև լիճ արգելավայր","osm_drive_time_min":37.0,"name_az":"Gürcülü kümbəzi","display_rank":1357,"source_primary":"OSM Geofabrik Azerbaijan snapshot","rayon":"Qubadlı rayonu","thesis_group":"HISTORICAL_CULTURAL","icon_id":"cultural_archaeology"},"geometry":{"type":"Point","coordinates":[46.461688900000006,39.4224576]}},{"type":"Feature","properties":{"coastal_distance_km":203.794,"nearest_rail_station_km":18.444,"landcover_class":"grassland","poi_id":"OSM_natural_12139856301","nearest_bus_terminal_km":63.517,"nearest_river_distance_m":258.3,"access_mode_status":"ROUTABLE_ROAD","thesis_subtype":"LANDSCAPE_SCENERY","terrain_context":"RIVER_VALLEY","rayon_id":"AZE_ADM2_54616110B71765796178707","slope_deg":6.899,"inside_protected_area":false,"elevation_zone":"500_1000_M","osm_route_status":"OK","label":"Güzxran təpəsi","osm_route_distance_km":37.057,"verification_status":"OSM_ONLY","nearest_airport_km":36.913,"source_role":"PHASE3C_VALIDATION","nearest_river":"Xaçınçay","elevation_m":616.55,"nearest_protected_area":"Սև լիճ արգելավայր","osm_drive_time_min":45.1,"name_az":"Güzxran təpəsi","display_rank":112,"source_primary":"OSM Geofabrik Azerbaijan snapshot","rayon":"Ağdam rayonu","thesis_group":"NATURAL_RESOURCES","icon_id":"natural_viewpoint"},"geometry":{"type":"Point","coordinates":[46.750761100000005,40.0298527]}},{"type":"Feature","properties":{"coastal_distance_km":262.8,"nearest_rail_station_km":37.161,"landcover_class":"built_up","poi_id":"OSM_cultural_12323738037","nearest_bus_terminal_km":0.443,"nearest_river_distance_m":492.8,"access_mode_status":"ROUTABLE_ROAD","thesis_subtype":"OTHER_CULTURAL","terrain_context":"URBAN","rayon_id":"AZE_ADM2_54616110B46799199998097","slope_deg":4.544,"inside_protected_area":false,"elevation_zone":"1000_2000_M","osm_route_status":"OK","label":"Gədəbəy abidəsi - giriş","osm_route_distance_km":14.107,"verification_status":"OSM_ONLY","nearest_airport_km":46.205,"source_role":"PHASE3C_VALIDATION","nearest_river":"Miesu","elevation_m":1467.05,"nearest_protected_area":"Սև լիճ արգելավայր","osm_drive_time_min":14.2,"name_az":"Gədəbəy abidəsi - giriş","display_rank":987,"source_primary":"OSM Geofabrik Azerbaijan snapshot","rayon":"Gədəbəy rayonu","thesis_group":"HISTORICAL_CULTURAL","icon_id":"cultural_historic"},"geometry":{"type":"Point","coordinates":[45.8099319,40.5811731]}},{"type":"Feature","properties":{"coastal_distance_km":229.008,"nearest_rail_station_km":11.184,"landcover_class":"built_up","poi_id":"OSM_cultural_11398951805","nearest_bus_terminal_km":27.479,"nearest_river_distance_m":165.6,"access_mode_status":"ROUTABLE_ROAD","thesis_subtype":"MOSQUE_RELIGIOUS","terrain_context":"LAKE_SHORE","rayon_id":"AZE_ADM2_54616110B57585842497805","slope_deg":3.147,"inside_protected_area":false,"elevation_zone":"200_500_M","osm_route_status":"OK","label":"Hacı Xədicə xanım Məscidi","osm_route_distance_km":10.041,"verification_status":"OSM_ONLY","nearest_airport_km":18.25,"source_role":"PHASE3C_VALIDATION","nearest_river":"Şəmkirçay","elevation_m":403.1,"nearest_protected_area":"Türyançay Qoruğu","osm_drive_time_min":10.1,"name_az":"Hacı Xədicə xanım Məscidi","display_rank":873,"source_primary":"OSM Geofabrik Azerbaijan snapshot","rayon":"Şəmkir rayonu","thesis_group":"HISTORICAL_CULTURAL","icon_id":"cultural_mosque"},"geometry":{"type":"Point","coordinates":[46.1099759,40.7846023]}},{"type":"Feature","properties":{"coastal_distance_km":154.602,"nearest_rail_station_km":46.884,"landcover_class":"tree_cover","poi_id":"OSM_cultural_11533590575","nearest_bus_terminal_km":115.939,"nearest_river_distance_m":605.4,"access_mode_status":"ROUTABLE_ROAD","thesis_subtype":"MOSQUE_RELIGIOUS","terrain_context":"FOREST","rayon_id":"AZE_ADM2_54616110B29637726057754","slope_deg":0.845,"inside_protected_area":false,"elevation_zone":"200_500_M","osm_route_status":"OK","label":"Hacı Ələkbər Məscidi","osm_route_distance_km":55.363,"verification_status":"OSM_ONLY","nearest_airport_km":4.745,"source_role":"PHASE3C_VALIDATION","nearest_river":"Çərəkən","elevation_m":408.0,"nearest_protected_area":"پارک جنگلی آزاد","osm_drive_time_min":42.7,"name_az":"Hacı Ələkbər Məscidi","display_rank":893,"source_primary":"OSM Geofabrik Azerbaijan snapshot","rayon":"Füzuli rayonu","thesis_group":"HISTORICAL_CULTURAL","icon_id":"cultural_mosque"},"geometry":{"type":"Point","coordinates":[47.1465833,39.596653700000005]}},{"type":"Feature","properties":{"coastal_distance_km":160.137,"nearest_rail_station_km":19.714,"landcover_class":"cropland","poi_id":"OSM_cultural_12444913631","nearest_bus_terminal_km":21.713,"nearest_river_distance_m":119.8,"access_mode_status":"ROUTABLE_ROAD","thesis_subtype":"MOSQUE_RELIGIOUS","terrain_context":"RIVER_VALLEY","rayon_id":"AZE_ADM2_54616110B75800990015815","slope_deg":0.512,"inside_protected_area":false,"elevation_zone":"0_200_M","osm_route_status":"OK","label":"Hacılar Məscidi","osm_route_distance_km":28.514,"verification_status":"OSM_ONLY","nearest_airport_km":33.875,"source_role":"PHASE3C_VALIDATION","elevation_m":29.18,"nearest_protected_area":"Türyançay Qoruğu","osm_drive_time_min":23.8,"name_az":"Hacılar Məscidi","display_rank":1017,"source_primary":"OSM Geofabrik Azerbaijan snapshot","rayon":"Ağdaş rayonu","thesis_group":"HISTORICAL_CULTURAL","icon_id":"cultural_mosque"},"geometry":{"type":"Point","coordinates":[47.3387535,40.723748300000004]}},{"type":"Feature","properties":{"coastal_distance_km":199.815,"nearest_rail_station_km":7.892,"landcover_class":"built_up","poi_id":"OSM_natural_12884137950","nearest_bus_terminal_km":0.656,"nearest_river_distance_m":799.6,"access_mode_status":"ROUTABLE_ROAD","thesis_subtype":"CLIMATIC_HEALTH","terrain_context":"URBAN","rayon_id":"AZE_ADM2_54616110B75141866412524","slope_deg":0.662,"inside_protected_area":false,"elevation_zone":"0_200_M","osm_route_status":"OK","label":"Heydər Bulağı","osm_route_distance_km":14.06,"verification_status":"OSM_ONLY","nearest_airport_km":42.156,"source_role":"PHASE3C_VALIDATION","elevation_m":158.7,"nearest_protected_area":"Türyançay Qoruğu","osm_drive_time_min":15.0,"name_az":"Heydər Bulağı","display_rank":304,"source_primary":"OSM Geofabrik Azerbaijan snapshot","rayon":"Goranboy rayonu","thesis_group":"NATURAL_RESOURCES","icon_id":"natural_climatic"},"geometry":{"type":"Point","coordinates":[46.7839882,40.6042202]}},{"type":"Feature","properties":{"coastal_distance_km":36.045,"nearest_rail_station_km":184.432,"landcover_class":"built_up","poi_id":"OSM_cultural_3628284513","nearest_bus_terminal_km":179.611,"nearest_river_distance_m":5086.9,"access_mode_status":"ROUTABLE_ROAD","thesis_subtype":"ARCHITECTURAL_MONUMENT","terrain_context":"URBAN","rayon_id":"AZE_ADM2_54616110B59366301344355","slope_deg":9.655,"inside_protected_area":false,"elevation_zone":"1000_2000_M","osm_route_status":"OK","label":"Heydər Əliyev","osm_route_distance_km":7.322,"verification_status":"OSM_ONLY","nearest_airport_km":34.399,"source_role":"PHASE3C_VALIDATION","elevation_m":1103.87,"nearest_protected_area":"Qızıl Ağac Dövlət Təbiət Qoruqu","osm_drive_time_min":11.0,"name_az":"Heydər Əliyev","display_rank":1339,"source_primary":"OSM Geofabrik Azerbaijan snapshot","rayon":"Lerik rayonu","thesis_group":"HISTORICAL_CULTURAL","icon_id":"cultural_monument"},"geometry":{"type":"Point","coordinates":[48.417160900000006,38.775806700000004]}},{"type":"Feature","properties":{"coastal_distance_km":5.79,"nearest_rail_station_km":74.554,"landcover_class":"built_up","poi_id":"OSM_cultural_11251839988","nearest_bus_terminal_km":57.057,"nearest_river_distance_m":821.0,"access_mode_status":"ROUTABLE_ROAD","thesis_subtype":"MUSEUM","terrain_context":"URBAN","rayon_id":"AZE_ADM2_54616110B9592293002412","slope_deg":2.722,"inside_protected_area":false,"elevation_zone":"0_200_M","osm_route_status":"OK","label":"Heydər Əliyev Mərkəzi","osm_route_distance_km":9.142,"verification_status":"OSM_ONLY","nearest_airport_km":103.543,"source_role":"PHASE3C_VALIDATION","nearest_river":"Samur-Abşeron kanalı","elevation_m":61.45,"osm_drive_time_min":11.1,"name_az":"Heydər Əliyev Mərkəzi","display_rank":847,"source_primary":"OSM Geofabrik Azerbaijan snapshot","rayon":"Siyəzən rayonu","thesis_group":"HISTORICAL_CULTURAL","icon_id":"cultural_museum"},"geometry":{"type":"Point","coordinates":[49.1124165,41.0748059]}},{"type":"Feature","properties":{"coastal_distance_km":293.276,"nearest_rail_station_km":160.287,"landcover_class":"built_up","poi_id":"OSM_cultural_3298027363","nearest_bus_terminal_km":57.303,"nearest_river_distance_m":733.0,"access_mode_status":"ROUTABLE_ROAD","thesis_subtype":"ARCHITECTURAL_MONUMENT","terrain_context":"URBAN","rayon_id":"AZE_ADM2_54616110B53070579367508","slope_deg":0.481,"inside_protected_area":false,"elevation_zone":"500_1000_M","osm_route_status":"OK","label":"Heydər Əliyev abidəsi","osm_route_distance_km":15.095,"verification_status":"OSM_ONLY","nearest_airport_km":3.606,"source_role":"PHASE3C_VALIDATION","nearest_river":"Naxçıvan çayı","elevation_m":825.7,"nearest_protected_area":"Սև լիճ արգելավայր","osm_drive_time_min":15.0,"name_az":"Heydər Əliyev abidəsi","display_rank":1289,"source_primary":"OSM Geofabrik Azerbaijan snapshot","rayon":"Babək rayonu","thesis_group":"HISTORICAL_CULTURAL","icon_id":"cultural_monument"},"geometry":{"type":"Point","coordinates":[45.441345000000005,39.157310900000006]}},{"type":"Feature","properties":{"coastal_distance_km":13.345,"nearest_rail_station_km":92.079,"landcover_class":"built_up","poi_id":"OSM_cultural_7598446811","nearest_bus_terminal_km":40.63,"nearest_river_distance_m":262.9,"access_mode_status":"ROUTABLE_ROAD","thesis_subtype":"ARCHITECTURAL_MONUMENT","terrain_context":"URBAN","rayon_id":"AZE_ADM2_54616110B33183266084070","slope_deg":2.395,"inside_protected_area":false,"elevation_zone":"0_200_M","osm_route_status":"UNREACHABLE","label":"Heydər Əliyev heykəli","verification_status":"OSM_ONLY","nearest_airport_km":114.438,"source_role":"PHASE3C_VALIDATION","nearest_river":"Samur-Abşeron kanalı","elevation_m":58.58,"name_az":"Heydər Əliyev heykəli","display_rank":1548,"source_primary":"OSM Geofabrik Azerbaijan snapshot","rayon":"Şabran rayonu","thesis_group":"HISTORICAL_CULTURAL","icon_id":"cultural_monument"},"geometry":{"type":"Point","coordinates":[48.9838153,41.1992111]}},{"type":"Feature","properties":{"coastal_distance_km":270.969,"nearest_rail_station_km":54.417,"landcover_class":"grassland","poi_id":"OSM_natural_11863196031","nearest_bus_terminal_km":22.203,"nearest_river_distance_m":2923.2,"access_mode_status":"NO_ROUTABLE_ACCESS","thesis_subtype":"LANDSCAPE_SCENERY","terrain_context":"HIGH_MOUNTAIN","rayon_id":"AZE_ADM2_54616110B88384638285498","slope_deg":6.493,"inside_protected_area":false,"elevation_zone":"2000_3000_M","osm_route_status":"UNREACHABLE","label":"Həsənnənə","verification_status":"OSM_ONLY","nearest_airport_km":53.111,"source_role":"PHASE3C_VALIDATION","nearest_river":"Şəmkirçay","elevation_m":2617.42,"nearest_protected_area":"Սև լիճ արգելավայր","name_az":"Həsənnənə","display_rank":34,"source_primary":"OSM Geofabrik Azerbaijan snapshot","rayon":"Daşkəsən rayonu","thesis_group":"NATURAL_RESOURCES","icon_id":"natural_viewpoint"},"geometry":{"type":"Point","coordinates":[45.8894241,40.386597900000005]}},{"type":"Feature","properties":{"coastal_distance_km":234.28,"nearest_rail_station_km":78.65,"landcover_class":"grassland","poi_id":"OSM_natural_11836974103","nearest_bus_terminal_km":78.739,"nearest_river_distance_m":11998.1,"access_mode_status":"ROUTABLE_ROAD","thesis_subtype":"LANDSCAPE_SCENERY","terrain_context":"ALPINE","rayon_id":"AZE_ADM2_54616110B46945931752574","slope_deg":82.418,"inside_protected_area":false,"elevation_zone":"OVER_3000_M","osm_route_status":"OK","label":"Kiçik İşıqlı","osm_route_distance_km":38.603,"verification_status":"OSM_ONLY","nearest_airport_km":34.46,"source_role":"PHASE3C_VALIDATION","elevation_m":3399.7,"nearest_protected_area":"Սև լիճ արգելավայր","osm_drive_time_min":57.2,"name_az":"Kiçik İşıqlı","display_rank":33,"source_primary":"OSM Geofabrik Azerbaijan snapshot","rayon":"Laçın rayonu","thesis_group":"NATURAL_RESOURCES","icon_id":"natural_viewpoint"},"geometry":{"type":"Point","coordinates":[46.1966364,39.6022897]}},{"type":"Feature","properties":{"coastal_distance_km":333.988,"nearest_rail_station_km":141.413,"landcover_class":"cropland","poi_id":"OSM_natural_2468915883","nearest_bus_terminal_km":107.915,"nearest_river_distance_m":10494.7,"access_mode_status":"GRAPH_DISCONNECTED","thesis_subtype":"LANDSCAPE_SCENERY","terrain_context":"LOWLAND","rayon_id":"AZE_ADM2_54616110B53436270368491","slope_deg":77.665,"inside_protected_area":false,"elevation_zone":"0_200_M","osm_route_status":"UNREACHABLE","label":"Kömürlüdağ","verification_status":"OSM_ONLY","nearest_airport_km":75.663,"source_role":"PHASE3C_VALIDATION","nearest_river":"Arpaçay","elevation_m":0.0,"nearest_protected_area":"Սև լիճ արգելավայր","name_az":"Kömürlüdağ","display_rank":419,"source_primary":"OSM Geofabrik Azerbaijan snapshot","rayon":"Şərur rayonu","thesis_group":"NATURAL_RESOURCES","icon_id":"natural_viewpoint"},"geometry":{"type":"Point","coordinates":[45.0600515,39.7939882]}},{"type":"Feature","properties":{"coastal_distance_km":286.852,"nearest_rail_station_km":128.784,"landcover_class":"grassland","poi_id":"OSM_natural_2750845729","nearest_bus_terminal_km":82.046,"nearest_river_distance_m":14063.7,"access_mode_status":"ROUTABLE_ROAD","thesis_subtype":"LANDSCAPE_SCENERY","terrain_context":"ALPINE","rayon_id":"AZE_ADM2_54616110B68105682916253","slope_deg":84.878,"inside_protected_area":false,"elevation_zone":"OVER_3000_M","osm_route_status":"OK","label":"Küküdağ","osm_route_distance_km":27.041,"verification_status":"OSM_ONLY","nearest_airport_km":42.203,"source_role":"PHASE3C_VALIDATION","nearest_river":"Naxçıvançay","elevation_m":3060.14,"nearest_protected_area":"Սև լիճ արգելավայր","osm_drive_time_min":36.4,"name_az":"Küküdağ","display_rank":421,"source_primary":"OSM Geofabrik Azerbaijan snapshot","rayon":"Şahbuz rayonu","thesis_group":"NATURAL_RESOURCES","icon_id":"natural_viewpoint"},"geometry":{"type":"Point","coordinates":[45.569182100000006,39.5571154]}},{"type":"Feature","properties":{"coastal_distance_km":36.772,"nearest_rail_station_km":100.467,"landcover_class":"shrubland","poi_id":"OSM_natural_12734129","nearest_bus_terminal_km":62.297,"nearest_river_distance_m":305.9,"access_mode_status":"ROUTABLE_ROAD","thesis_subtype":"COASTAL_WATER","terrain_context":"LAKE_SHORE","rayon_id":"AZE_ADM2_54616110B21396185337631","slope_deg":0.404,"inside_protected_area":false,"elevation_zone":"BELOW_SEA_LEVEL","osm_route_status":"OK","label":"Kür","osm_route_distance_km":39.705,"verification_status":"OSM_ONLY","nearest_airport_km":115.417,"source_role":"PHASE3C_VALIDATION","nearest_river":"Kür","elevation_m":-20.34,"osm_drive_time_min":33.0,"name_az":"Kür","display_rank":271,"source_primary":"OSM Geofabrik Azerbaijan snapshot","rayon":"Sabirabad rayonu","thesis_group":"NATURAL_RESOURCES","icon_id":"natural_waterfall"},"geometry":{"type":"Point","coordinates":[48.940560445207296,39.78750730747523]}},{"type":"Feature","properties":{"coastal_distance_km":150.183,"nearest_rail_station_km":36.078,"landcover_class":"tree_cover","poi_id":"OSM_natural_12732387","nearest_bus_terminal_km":51.049,"nearest_river_distance_m":180.1,"access_mode_status":"ROUTABLE_ROAD","thesis_subtype":"COASTAL_WATER","terrain_context":"LAKE_SHORE","rayon_id":"AZE_ADM2_54616110B34042895235078","slope_deg":0.724,"inside_protected_area":false,"elevation_zone":"BELOW_SEA_LEVEL","osm_route_status":"OK","label":"Kür","osm_route_distance_km":37.833,"verification_status":"OSM_ONLY","nearest_airport_km":70.185,"source_role":"PHASE3C_VALIDATION","elevation_m":-3.67,"nearest_protected_area":"Ağ Göl Milli Parkı","osm_drive_time_min":38.5,"name_az":"Kür","display_rank":269,"source_primary":"OSM Geofabrik Azerbaijan snapshot","rayon":"Zərdab rayonu","thesis_group":"NATURAL_RESOURCES","icon_id":"natural_waterfall"},"geometry":{"type":"Point","coordinates":[47.66037939987993,40.1842516400216]}},{"type":"Feature","properties":{"coastal_distance_km":117.264,"nearest_rail_station_km":52.224,"landcover_class":"shrubland","poi_id":"OSM_natural_12734170","nearest_bus_terminal_km":60.632,"nearest_river_distance_m":257.5,"access_mode_status":"ROUTABLE_ROAD","thesis_subtype":"COASTAL_WATER","terrain_context":"LAKE_SHORE","rayon_id":"AZE_ADM2_54616110B47039748407948","slope_deg":1.99,"inside_protected_area":false,"elevation_zone":"BELOW_SEA_LEVEL","osm_route_status":"OK","label":"Kür","osm_route_distance_km":40.662,"verification_status":"OSM_ONLY","nearest_airport_km":78.848,"source_role":"PHASE3C_VALIDATION","nearest_river":"Kür","elevation_m":-9.28,"nearest_protected_area":"Ağ Göl Milli Parkı","osm_drive_time_min":37.9,"name_az":"Kür","display_rank":274,"source_primary":"OSM Geofabrik Azerbaijan snapshot","rayon":"İmişli rayonu","thesis_group":"NATURAL_RESOURCES","icon_id":"natural_waterfall"},"geometry":{"type":"Point","coordinates":[48.04462528008222,40.14866727019381]}},{"type":"Feature","properties":{"coastal_distance_km":173.457,"nearest_rail_station_km":15.958,"landcover_class":"shrubland","poi_id":"OSM_natural_5185508","nearest_bus_terminal_km":3.297,"nearest_river_distance_m":356.2,"access_mode_status":"ROUTABLE_ROAD","thesis_subtype":"COASTAL_WATER","terrain_context":"LAKE_SHORE","rayon_id":"AZE_ADM2_54616110B52362464060400","slope_deg":2.245,"inside_protected_area":false,"elevation_zone":"0_200_M","osm_route_status":"OK","label":"Kür","osm_route_distance_km":19.672,"verification_status":"OSM_ONLY","nearest_airport_km":57.225,"source_role":"PHASE3C_VALIDATION","nearest_river":"Kür","elevation_m":0.0,"nearest_protected_area":"Türyançay Qoruğu","osm_drive_time_min":29.5,"name_az":"Kür","display_rank":475,"source_primary":"OSM Geofabrik Azerbaijan snapshot","rayon":"Yevlax rayonu","thesis_group":"NATURAL_RESOURCES","icon_id":"natural_waterfall"},"geometry":{"type":"Point","coordinates":[47.05053272686737,40.742656655822294]}},{"type":"Feature","properties":{"coastal_distance_km":40.126,"nearest_rail_station_km":98.642,"landcover_class":"built_up","poi_id":"OSM_natural_12734152","nearest_bus_terminal_km":60.821,"nearest_river_distance_m":61.6,"access_mode_status":"ROUTABLE_ROAD","thesis_subtype":"COASTAL_WATER","terrain_context":"URBAN","rayon_id":"AZE_ADM2_54616110B55207089168458","slope_deg":0.039,"inside_protected_area":false,"elevation_zone":"BELOW_SEA_LEVEL","osm_route_status":"UNREACHABLE","label":"Kür","verification_status":"OSM_ONLY","nearest_airport_km":119.475,"source_role":"PHASE3C_VALIDATION","elevation_m":-17.91,"name_az":"Kür","display_rank":272,"source_primary":"OSM Geofabrik Azerbaijan snapshot","rayon":"Salyan rayonu","thesis_group":"NATURAL_RESOURCES","icon_id":"natural_waterfall"},"geometry":{"type":"Point","coordinates":[48.91824232367691,39.82726147936442]}},{"type":"Feature","properties":{"coastal_distance_km":170.971,"nearest_rail_station_km":18.456,"landcover_class":"shrubland","poi_id":"OSM_natural_12738983","nearest_bus_terminal_km":41.516,"nearest_river_distance_m":93.5,"access_mode_status":"ROUTABLE_ROAD","thesis_subtype":"COASTAL_WATER","terrain_context":"LAKE_SHORE","rayon_id":"AZE_ADM2_54616110B75800990015815","slope_deg":1.2,"inside_protected_area":false,"elevation_zone":"0_200_M","osm_route_status":"OK","label":"Kür","osm_route_distance_km":64.383,"verification_status":"OSM_ONLY","nearest_airport_km":55.557,"source_role":"PHASE3C_VALIDATION","nearest_river":"Kür","elevation_m":4.57,"nearest_protected_area":"Türyançay Qoruğu","osm_drive_time_min":59.8,"name_az":"Kür","display_rank":298,"source_primary":"OSM Geofabrik Azerbaijan snapshot","rayon":"Ağdaş rayonu","thesis_group":"NATURAL_RESOURCES","icon_id":"natural_waterfall"},"geometry":{"type":"Point","coordinates":[47.365786188039024,40.39421293971044]}},{"type":"Feature","properties":{"coastal_distance_km":176.984,"nearest_rail_station_km":2.804,"landcover_class":"cropland","poi_id":"OSM_natural_12738981","nearest_bus_terminal_km":18.294,"nearest_river_distance_m":222.5,"access_mode_status":"ROUTABLE_ROAD","thesis_subtype":"COASTAL_WATER","terrain_context":"LAKE_SHORE","rayon_id":"AZE_ADM2_54616110B78344971255813","slope_deg":2.504,"inside_protected_area":false,"elevation_zone":"0_200_M","osm_route_status":"OK","label":"Kür","osm_route_distance_km":2.2,"verification_status":"OSM_ONLY","nearest_airport_km":51.405,"source_role":"PHASE3C_VALIDATION","nearest_river":"Kür","elevation_m":11.87,"nearest_protected_area":"Türyançay Qoruğu","osm_drive_time_min":2.3,"name_az":"Kür","display_rank":297,"source_primary":"OSM Geofabrik Azerbaijan snapshot","rayon":"Yevlax şəhəri","thesis_group":"NATURAL_RESOURCES","icon_id":"natural_waterfall"},"geometry":{"type":"Point","coordinates":[47.17783005657651,40.60730553780282]}},{"type":"Feature","properties":{"coastal_distance_km":26.432,"nearest_rail_station_km":113.923,"landcover_class":"built_up","poi_id":"OSM_accommodation_6387455006","nearest_bus_terminal_km":75.982,"nearest_river_distance_m":291.4,"access_mode_status":"ROUTABLE_ROAD","thesis_subtype":"HOTEL_RESORT","terrain_context":"URBAN","rayon_id":"AZE_ADM2_54616110B40961788089107","slope_deg":0.032,"inside_protected_area":false,"elevation_zone":"BELOW_SEA_LEVEL","osm_route_status":"OK","label":"Kür Otel","osm_route_distance_km":56.764,"verification_status":"OSM_ONLY","nearest_airport_km":95.208,"source_role":"PHASE3C_VALIDATION","nearest_river":"Kür","elevation_m":-18.64,"osm_drive_time_min":57.7,"name_az":"Kür Otel","display_rank":2322,"source_primary":"OSM Geofabrik Azerbaijan snapshot","rayon":"Neftçala rayonu","thesis_group":"ACCOMMODATION","icon_id":"accommodation_resort"},"geometry":{"type":"Point","coordinates":[48.984471400000004,39.599726600000004]}},{"type":"Feature","properties":{"coastal_distance_km":82.037,"nearest_rail_station_km":76.523,"landcover_class":"cropland","poi_id":"OSM_cultural_12512461394","nearest_bus_terminal_km":45.718,"nearest_river_distance_m":16.4,"access_mode_status":"ROUTABLE_ROAD","thesis_subtype":"ARCHITECTURAL_MONUMENT","terrain_context":"RIVER_VALLEY","rayon_id":"AZE_ADM2_54616110B82810927503709","slope_deg":0.133,"inside_protected_area":false,"elevation_zone":"BELOW_SEA_LEVEL","osm_route_status":"OK","label":"Kürdəmir Rayonu giriş yazısı","osm_route_distance_km":36.769,"verification_status":"OSM_ONLY","nearest_airport_km":90.783,"source_role":"PHASE3C_VALIDATION","elevation_m":-10.31,"osm_drive_time_min":29.0,"name_az":"Kürdəmir Rayonu giriş yazısı","display_rank":1042,"source_primary":"OSM Geofabrik Azerbaijan snapshot","rayon":"Kürdəmir rayonu","thesis_group":"HISTORICAL_CULTURAL","icon_id":"cultural_monument"},"geometry":{"type":"Point","coordinates":[48.47582370000001,40.233817300000005]}},{"type":"Feature","properties":{"coastal_distance_km":0.3,"nearest_rail_station_km":222.931,"landcover_class":"built_up","poi_id":"OSM_cultural_11411660270","nearest_bus_terminal_km":190.432,"nearest_river_distance_m":747.6,"access_mode_status":"ROUTABLE_ROAD","thesis_subtype":"MOSQUE_RELIGIOUS","terrain_context":"COASTAL","rayon_id":"AZE_ADM2_54616110B5213879595332","slope_deg":0.125,"inside_protected_area":false,"elevation_zone":"BELOW_SEA_LEVEL","osm_route_status":"OK","label":"Kələdəhnə Məscidi","osm_route_distance_km":23.389,"verification_status":"OSM_ONLY","nearest_airport_km":26.35,"source_role":"PHASE3C_VALIDATION","elevation_m":-24.39,"nearest_protected_area":"Qızıl Ağac Dövlət Təbiət Qoruqu","osm_drive_time_min":33.3,"name_az":"Kələdəhnə Məscidi","display_rank":874,"source_primary":"OSM Geofabrik Azerbaijan snapshot","rayon":"Astara rayonu","thesis_group":"HISTORICAL_CULTURAL","icon_id":"cultural_mosque"},"geometry":{"type":"Point","coordinates":[48.874484100000004,38.5205172]}},{"type":"Feature","properties":{"coastal_distance_km":130.465,"nearest_rail_station_km":24.842,"landcover_class":"built_up","poi_id":"OSM_cultural_10837440946","nearest_bus_terminal_km":36.346,"nearest_river_distance_m":105.9,"access_mode_status":"ROUTABLE_ROAD","thesis_subtype":"MOSQUE_RELIGIOUS","terrain_context":"URBAN","rayon_id":"AZE_ADM2_54616110B99657283459996","slope_deg":0.615,"inside_protected_area":false,"elevation_zone":"200_500_M","osm_route_status":"OK","label":"Kərimli kənd Məscidi","osm_route_distance_km":16.244,"verification_status":"OSM_ONLY","nearest_airport_km":27.122,"source_role":"PHASE3C_VALIDATION","elevation_m":409.06,"nearest_protected_area":"Türyançay Qoruğu","osm_drive_time_min":21.4,"name_az":"Kərimli kənd Məscidi","display_rank":787,"source_primary":"OSM Geofabrik Azerbaijan snapshot","rayon":"Oğuz rayonu","thesis_group":"HISTORICAL_CULTURAL","icon_id":"cultural_mosque"},"geometry":{"type":"Point","coordinates":[47.4824059,40.9778164]}},{"type":"Feature","properties":{"coastal_distance_km":205.954,"nearest_rail_station_km":53.407,"landcover_class":"tree_cover","poi_id":"OSM_cultural_10702671044","nearest_bus_terminal_km":92.882,"nearest_river_distance_m":1162.8,"access_mode_status":"ROUTABLE_ROAD","thesis_subtype":"ARCHITECTURAL_MONUMENT","terrain_context":"FOREST","rayon_id":"AZE_ADM2_54616110B46945931752574","slope_deg":7.89,"inside_protected_area":false,"elevation_zone":"1000_2000_M","osm_route_status":"OK","label":"Laçın Dəmir Yumruq Abdidəsi","osm_route_distance_km":31.367,"verification_status":"OSM_ONLY","nearest_airport_km":31.556,"source_role":"PHASE3C_VALIDATION","nearest_river":"Həkəri","elevation_m":1062.02,"nearest_protected_area":"Սև լիճ արգելավայր","osm_drive_time_min":45.2,"name_az":"Laçın Dəmir Yumruq Abdidəsi","display_rank":758,"source_primary":"OSM Geofabrik Azerbaijan snapshot","rayon":"Laçın rayonu","thesis_group":"HISTORICAL_CULTURAL","icon_id":"cultural_monument"},"geometry":{"type":"Point","coordinates":[46.542728600000004,39.6377706]}},{"type":"Feature","properties":{"coastal_distance_km":243.56,"nearest_rail_station_km":58.687,"landcover_class":"grassland","poi_id":"OSM_natural_11450080443","nearest_bus_terminal_km":51.211,"nearest_river_distance_m":1516.9,"access_mode_status":"ROUTABLE_ROAD","thesis_subtype":"LANDSCAPE_SCENERY","terrain_context":"MOUNTAIN","rayon_id":"AZE_ADM2_54616110B37358032697149","slope_deg":37.173,"inside_protected_area":false,"elevation_zone":"1000_2000_M","osm_route_status":"UNREACHABLE","label":"Laçın qaya","verification_status":"OSM_ONLY","nearest_airport_km":27.822,"source_role":"PHASE3C_VALIDATION","nearest_river":"Tərtər çayı","elevation_m":1731.82,"nearest_protected_area":"Սև լիճ արգելավայր","name_az":"Laçın qaya","display_rank":28,"source_primary":"OSM Geofabrik Azerbaijan snapshot","rayon":"Kəlbəcər rayonu","thesis_group":"NATURAL_RESOURCES","icon_id":"natural_viewpoint"},"geometry":{"type":"Point","coordinates":[46.297259200000006,40.1308859]}},{"type":"Feature","properties":{"coastal_distance_km":139.776,"nearest_rail_station_km":70.177,"landcover_class":"grassland","poi_id":"OSM_natural_4134973557","nearest_bus_terminal_km":121.447,"nearest_river_distance_m":799.7,"access_mode_status":"ROUTABLE_ROAD","thesis_subtype":"LANDSCAPE_SCENERY","terrain_context":"FOOTHILL","rayon_id":"AZE_ADM2_54616110B29637726057754","slope_deg":5.937,"inside_protected_area":false,"elevation_zone":"200_500_M","osm_route_status":"OK","label":"Lələ Təpə","osm_route_distance_km":38.396,"verification_status":"OSM_ONLY","nearest_airport_km":21.096,"source_role":"PHASE3C_VALIDATION","elevation_m":237.47,"nearest_protected_area":"پارک جنگلی آزاد","osm_drive_time_min":24.9,"name_az":"Lələ Təpə","display_rank":448,"source_primary":"OSM Geofabrik Azerbaijan snapshot","rayon":"Füzuli rayonu","thesis_group":"NATURAL_RESOURCES","icon_id":"natural_viewpoint"},"geometry":{"type":"Point","coordinates":[47.26844800000001,39.408128500000004]}},{"type":"Feature","properties":{"coastal_distance_km":349.029,"nearest_rail_station_km":152.095,"poi_id":"OSM_cultural_14107469785","nearest_bus_terminal_km":121.871,"nearest_river_distance_m":2295.0,"access_mode_status":"ROUTABLE_ROAD","thesis_subtype":"ARCHITECTURAL_MONUMENT","terrain_context":"LOWLAND","rayon_id":"AZE_ADM2_54616110B79964383852369","slope_deg":0.0,"inside_protected_area":false,"elevation_zone":"0_200_M","osm_route_status":"UNREACHABLE","label":"Memorial to the officers of the Russian Mi-24 helicopter crew","verification_status":"OSM_ONLY","nearest_airport_km":80.266,"source_role":"PHASE3C_VALIDATION","elevation_m":0.0,"nearest_protected_area":"Սև լիճ արգելավայր","display_rank":2074,"source_primary":"OSM Geofabrik Azerbaijan snapshot","rayon":"Sədərək rayonu","thesis_group":"HISTORICAL_CULTURAL","icon_id":"cultural_monument"},"geometry":{"type":"Point","coordinates":[44.872172600000006,39.748569200000006]}},{"type":"Feature","properties":{"coastal_distance_km":33.462,"nearest_rail_station_km":157.848,"landcover_class":"built_up","poi_id":"OSM_cultural_13116203501","nearest_bus_terminal_km":138.249,"nearest_river_distance_m":3207.5,"access_mode_status":"ROUTABLE_ROAD","thesis_subtype":"ARCHAEOLOGICAL_SITE","terrain_context":"URBAN","rayon_id":"AZE_ADM2_54616110B78302808254353","slope_deg":1.445,"inside_protected_area":false,"elevation_zone":"0_200_M","osm_route_status":"OK","label":"Mir Məhəmməd Ağanın Ziyarətgahı","osm_route_distance_km":7.655,"verification_status":"OSM_ONLY","nearest_airport_km":56.616,"source_role":"PHASE3C_VALIDATION","elevation_m":54.72,"nearest_protected_area":"Qızıl Ağac Dövlət Təbiət Qoruqu","osm_drive_time_min":9.2,"name_az":"Mir Məhəmməd Ağanın Ziyarətgahı","display_rank":1105,"source_primary":"OSM Geofabrik Azerbaijan snapshot","rayon":"Cəlilabad rayonu","thesis_group":"HISTORICAL_CULTURAL","icon_id":"cultural_archaeology"},"geometry":{"type":"Point","coordinates":[48.4784975,39.1914055]}},{"type":"Feature","properties":{"coastal_distance_km":128.519,"nearest_rail_station_km":22.002,"landcover_class":"shrubland","poi_id":"OSM_food_beverage_13877904288","nearest_bus_terminal_km":25.631,"nearest_river_distance_m":1428.0,"access_mode_status":"ROUTABLE_ROAD","thesis_subtype":"CAFE_TEAHOUSE","terrain_context":"LOWLAND","rayon_id":"AZE_ADM2_54616110B8701125158325","slope_deg":0.477,"inside_protected_area":false,"elevation_zone":"BELOW_SEA_LEVEL","osm_route_status":"OK","label":"Müsüslü Kafe","osm_route_distance_km":29.453,"verification_status":"OSM_ONLY","nearest_airport_km":43.583,"source_role":"PHASE3C_VALIDATION","elevation_m":-2.39,"nearest_protected_area":"Türyançay Qoruğu","osm_drive_time_min":33.9,"name_az":"Müsüslü Kafe","display_rank":3670,"source_primary":"OSM Geofabrik Azerbaijan snapshot","rayon":"Ucar rayonu","thesis_group":"FOOD_BEVERAGE","icon_id":"food_cafe"},"geometry":{"type":"Point","coordinates":[47.895328000000006,40.445028300000004]}},{"type":"Feature","properties":{"coastal_distance_km":222.457,"nearest_rail_station_km":20.957,"landcover_class":"built_up","poi_id":"OSM_cultural_11547451306","nearest_bus_terminal_km":14.156,"nearest_river_distance_m":873.2,"access_mode_status":"ROUTABLE_ROAD","thesis_subtype":"MOSQUE_RELIGIOUS","terrain_context":"URBAN","rayon_id":"AZE_ADM2_54616110B13615645655589","slope_deg":1.967,"inside_protected_area":false,"elevation_zone":"500_1000_M","osm_route_status":"OK","label":"Məscid \\ Birgəz qəsəbəsi","osm_route_distance_km":29.108,"verification_status":"OSM_ONLY","nearest_airport_km":25.215,"source_role":"PHASE3C_VALIDATION","nearest_river":"Kürəkçay","elevation_m":732.97,"nearest_protected_area":"Türyançay Qoruğu","osm_drive_time_min":35.6,"name_az":"Məscid \\ Birgəz qəsəbəsi","display_rank":894,"source_primary":"OSM Geofabrik Azerbaijan snapshot","rayon":"Göygöl rayonu","thesis_group":"HISTORICAL_CULTURAL","icon_id":"cultural_mosque"},"geometry":{"type":"Point","coordinates":[46.4765225,40.544971000000004]}},{"type":"Feature","properties":{"coastal_distance_km":17.225,"nearest_rail_station_km":66.887,"landcover_class":"built_up","poi_id":"OSM_cultural_11343316225","nearest_bus_terminal_km":28.667,"nearest_river_distance_m":740.8,"access_mode_status":"ROUTABLE_ROAD","thesis_subtype":"MOSQUE_RELIGIOUS","terrain_context":"URBAN","rayon_id":"AZE_ADM2_54616110B48173541517146","slope_deg":0.086,"inside_protected_area":false,"elevation_zone":"0_200_M","osm_route_status":"UNREACHABLE","label":"Məscid \\ Qızılburun","verification_status":"OSM_ONLY","nearest_airport_km":87.235,"source_role":"PHASE3C_VALIDATION","nearest_river":"Pirsaat kanalı","elevation_m":16.02,"name_az":"Məscid \\ Qızılburun","display_rank":864,"source_primary":"OSM Geofabrik Azerbaijan snapshot","rayon":"Hacıqabul rayonu","thesis_group":"HISTORICAL_CULTURAL","icon_id":"cultural_mosque"},"geometry":{"type":"Point","coordinates":[49.2228779,39.9984352]}},{"type":"Feature","properties":{"coastal_distance_km":17.335,"nearest_rail_station_km":180.671,"landcover_class":"built_up","poi_id":"OSM_cultural_1493277391","nearest_bus_terminal_km":144.04,"nearest_river_distance_m":859.4,"access_mode_status":"ROUTABLE_ROAD","thesis_subtype":"ARCHITECTURAL_MONUMENT","terrain_context":"LAKE_SHORE","rayon_id":"AZE_ADM2_54616110B86237771899826","slope_deg":0.336,"inside_protected_area":false,"elevation_zone":"0_200_M","osm_route_status":"OK","label":"Nizami Gəncəvi heykəli","osm_route_distance_km":3.796,"verification_status":"OSM_ONLY","nearest_airport_km":33.388,"source_role":"PHASE3C_VALIDATION","nearest_river":"Viləşçay","elevation_m":1.85,"nearest_protected_area":"Qızıl Ağac Dövlət Təbiət Qoruqu","osm_drive_time_min":3.3,"name_az":"Nizami Gəncəvi heykəli","display_rank":1204,"source_primary":"OSM Geofabrik Azerbaijan snapshot","rayon":"Masallı rayonu","thesis_group":"HISTORICAL_CULTURAL","icon_id":"cultural_monument"},"geometry":{"type":"Point","coordinates":[48.670082300000004,39.0323936]}},{"type":"Feature","properties":{"coastal_distance_km":214.451,"nearest_rail_station_km":6.402,"landcover_class":"grassland","poi_id":"OSM_cultural_2313008264","nearest_bus_terminal_km":2.227,"nearest_river_distance_m":2819.1,"access_mode_status":"ROUTABLE_ROAD","thesis_subtype":"ARCHITECTURAL_MONUMENT","terrain_context":"LAKE_SHORE","rayon_id":"AZE_ADM2_54616110B65018719015844","slope_deg":1.261,"inside_protected_area":false,"elevation_zone":"200_500_M","osm_route_status":"UNREACHABLE","label":"Nizami Gəncəvinin məğbərəsi","verification_status":"OSM_ONLY","nearest_airport_km":11.329,"source_role":"PHASE3C_VALIDATION","nearest_river":"Gəncəçay","elevation_m":328.27,"nearest_protected_area":"Türyançay Qoruğu","name_az":"Nizami Gəncəvinin məğbərəsi","display_rank":1242,"source_primary":"OSM Geofabrik Azerbaijan snapshot","rayon":"Samux rayonu","thesis_group":"HISTORICAL_CULTURAL","icon_id":"cultural_monument"},"geometry":{"type":"Point","coordinates":[46.4327288,40.685510400000005]}},{"type":"Feature","properties":{"coastal_distance_km":186.783,"nearest_rail_station_km":37.277,"landcover_class":"tree_cover","poi_id":"OSM_natural_12147753524","nearest_bus_terminal_km":101.697,"nearest_river_distance_m":2488.7,"access_mode_status":"ROUTABLE_ROAD","thesis_subtype":"LANDSCAPE_SCENERY","terrain_context":"FOREST","rayon_id":"AZE_ADM2_54616110B49912296290484","slope_deg":10.173,"inside_protected_area":false,"elevation_zone":"1000_2000_M","osm_route_status":"OK","label":"Nəbi","osm_route_distance_km":41.582,"verification_status":"OSM_ONLY","nearest_airport_km":36.874,"source_role":"PHASE3C_VALIDATION","nearest_river":"Quruçay","elevation_m":1565.33,"nearest_protected_area":"Սև լիճ արգելավայր","osm_drive_time_min":41.8,"name_az":"Nəbi","display_rank":131,"source_primary":"OSM Geofabrik Azerbaijan snapshot","rayon":"Şuşa rayonu","thesis_group":"NATURAL_RESOURCES","icon_id":"natural_viewpoint"},"geometry":{"type":"Point","coordinates":[46.7896343,39.6856864]}},{"type":"Feature","properties":{"coastal_distance_km":277.277,"nearest_rail_station_km":17.37,"landcover_class":"tree_cover","poi_id":"OSM_natural_11973647126","nearest_bus_terminal_km":18.699,"nearest_river_distance_m":3723.0,"access_mode_status":"ROUTABLE_ROAD","thesis_subtype":"LANDSCAPE_SCENERY","terrain_context":"FOREST","rayon_id":"AZE_ADM2_54616110B43488292017990","slope_deg":11.724,"inside_protected_area":false,"elevation_zone":"1000_2000_M","osm_route_status":"OK","label":"Odundağ","osm_route_distance_km":21.112,"verification_status":"OSM_ONLY","nearest_airport_km":107.628,"source_role":"PHASE3C_VALIDATION","nearest_river":"Əskipara","elevation_m":1207.9,"nearest_protected_area":"Türyançay Qoruğu","osm_drive_time_min":31.7,"name_az":"Odundağ","display_rank":47,"source_primary":"OSM Geofabrik Azerbaijan snapshot","rayon":"Qazax rayonu","thesis_group":"NATURAL_RESOURCES","icon_id":"natural_viewpoint"},"geometry":{"type":"Point","coordinates":[45.1295681,41.0951352]}},{"type":"Feature","properties":{"coastal_distance_km":171.572,"nearest_rail_station_km":19.188,"landcover_class":"built_up","poi_id":"OSM_accommodation_5183626922","nearest_bus_terminal_km":4.182,"nearest_river_distance_m":287.6,"access_mode_status":"ROUTABLE_ROAD","thesis_subtype":"MOTEL","terrain_context":"LAKE_SHORE","rayon_id":"AZE_ADM2_54616110B16521863868797","slope_deg":4.63,"inside_protected_area":false,"elevation_zone":"0_200_M","osm_route_status":"OK","label":"Osmanlı Motel","osm_route_distance_km":1.828,"verification_status":"OSM_ONLY","nearest_airport_km":57.729,"source_role":"PHASE3C_VALIDATION","nearest_river":"Kür","elevation_m":26.28,"nearest_protected_area":"Türyançay Qoruğu","osm_drive_time_min":1.8,"name_az":"Osmanlı Motel","display_rank":2299,"source_primary":"OSM Geofabrik Azerbaijan snapshot","rayon":"Mingəçevir şəhəri","thesis_group":"ACCOMMODATION","icon_id":"accommodation_motel"},"geometry":{"type":"Point","coordinates":[47.040105700000005,40.771678800000004]}},{"type":"Feature","properties":{"coastal_distance_km":190.429,"nearest_rail_station_km":33.148,"landcover_class":"tree_cover","poi_id":"OSM_natural_12187284566","nearest_bus_terminal_km":96.026,"nearest_river_distance_m":1018.8,"access_mode_status":"ROUTABLE_ROAD","thesis_subtype":"LANDSCAPE_SCENERY","terrain_context":"FOREST","rayon_id":"AZE_ADM2_54616110B73470411147872","slope_deg":13.975,"inside_protected_area":false,"elevation_zone":"1000_2000_M","osm_route_status":"OK","label":"Pənahabad dağı","osm_route_distance_km":3.765,"verification_status":"OSM_ONLY","nearest_airport_km":38.291,"source_role":"PHASE3C_VALIDATION","nearest_river":"Daşaltı çayı","elevation_m":1485.93,"nearest_protected_area":"Սև լիճ արգելավայր","osm_drive_time_min":5.3,"name_az":"Pənahabad dağı","display_rank":162,"source_primary":"OSM Geofabrik Azerbaijan snapshot","rayon":"Şuşa şəhəri","thesis_group":"NATURAL_RESOURCES","icon_id":"natural_viewpoint"},"geometry":{"type":"Point","coordinates":[46.7653229,39.736766700000004]}},{"type":"Feature","properties":{"coastal_distance_km":140.325,"nearest_rail_station_km":20.655,"landcover_class":"built_up","poi_id":"OSM_cultural_11757894772","nearest_bus_terminal_km":3.918,"nearest_river_distance_m":356.1,"access_mode_status":"GRAPH_DISCONNECTED","thesis_subtype":"ARCHITECTURAL_MONUMENT","terrain_context":"URBAN","rayon_id":"AZE_ADM2_54616110B4759617374649","slope_deg":3.688,"inside_protected_area":false,"elevation_zone":"500_1000_M","osm_route_status":"UNREACHABLE","label":"Qala Düzü Abidəsi","verification_status":"OSM_ONLY","nearest_airport_km":8.309,"source_role":"PHASE3C_VALIDATION","nearest_river":"Tatraçay","elevation_m":535.44,"nearest_protected_area":"Türyançay Qoruğu","name_az":"Qala Düzü Abidəsi","display_rank":905,"source_primary":"OSM Geofabrik Azerbaijan snapshot","rayon":"Zaqatala rayonu","thesis_group":"HISTORICAL_CULTURAL","icon_id":"cultural_monument"},"geometry":{"type":"Point","coordinates":[46.6532154,41.6369635]}},{"type":"Feature","properties":{"coastal_distance_km":219.128,"nearest_rail_station_km":3.877,"landcover_class":"built_up","poi_id":"OSM_accommodation_11782365169","nearest_bus_terminal_km":3.423,"nearest_river_distance_m":212.3,"access_mode_status":"ROUTABLE_ROAD","thesis_subtype":"HOSTEL","terrain_context":"LAKE_SHORE","rayon_id":"AZE_ADM2_54616110B84154267491992","slope_deg":1.301,"inside_protected_area":false,"elevation_zone":"200_500_M","osm_route_status":"OK","label":"Qala Hostel Ganja","osm_route_distance_km":2.401,"verification_status":"OSM_ONLY","nearest_airport_km":7.621,"source_role":"PHASE3C_VALIDATION","nearest_river":"Gəncəçay","elevation_m":408.73,"nearest_protected_area":"Türyançay Qoruğu","osm_drive_time_min":2.6,"display_rank":2427,"source_primary":"OSM Geofabrik Azerbaijan snapshot","rayon":"Gəncə şəhəri","thesis_group":"ACCOMMODATION","icon_id":"accommodation_hotel"},"geometry":{"type":"Point","coordinates":[46.366380400000004,40.679370500000005]}},{"type":"Feature","properties":{"coastal_distance_km":243.66,"nearest_rail_station_km":58.747,"landcover_class":"grassland","poi_id":"OSM_cultural_12731774404","nearest_bus_terminal_km":50.956,"nearest_river_distance_m":1264.6,"access_mode_status":"ROUTABLE_ROAD","thesis_subtype":"CASTLE_PALACE_FORTRESS","terrain_context":"MOUNTAIN","rayon_id":"AZE_ADM2_54616110B37358032697149","slope_deg":30.819,"inside_protected_area":false,"elevation_zone":"1000_2000_M","osm_route_status":"UNREACHABLE","label":"Qanlıqala","verification_status":"OSM_ONLY","nearest_airport_km":28.071,"source_role":"PHASE3C_VALIDATION","nearest_river":"Tərtər çayı","elevation_m":1776.58,"nearest_protected_area":"Սև լիճ արգելավայր","name_az":"Qanlıqala","display_rank":1065,"source_primary":"OSM Geofabrik Azerbaijan snapshot","rayon":"Kəlbəcər rayonu","thesis_group":"HISTORICAL_CULTURAL","icon_id":"cultural_castle"},"geometry":{"type":"Point","coordinates":[46.2973367,40.1331865]}},{"type":"Feature","properties":{"coastal_distance_km":244.945,"nearest_rail_station_km":124.017,"landcover_class":"bare_or_sparse_vegetation","poi_id":"OSM_natural_1894382733","nearest_bus_terminal_km":28.088,"nearest_river_distance_m":6964.1,"access_mode_status":"ROUTABLE_ROAD","thesis_subtype":"LANDSCAPE_SCENERY","terrain_context":"ALPINE","rayon_id":"AZE_ADM2_54616110B24607032839399","slope_deg":7.852,"inside_protected_area":false,"elevation_zone":"OVER_3000_M","osm_route_status":"OK","label":"Qapıcıq - Կապուտջուղ","osm_route_distance_km":69.099,"verification_status":"OSM_ONLY","nearest_airport_km":47.086,"source_role":"PHASE3C_VALIDATION","nearest_river":"Ողջի","elevation_m":3813.02,"nearest_protected_area":"Սև լիճ արգելավայր","osm_drive_time_min":100.7,"name_az":"Qapıcıq - Կապուտջուղ","display_rank":393,"source_primary":"OSM Geofabrik Azerbaijan snapshot","rayon":"Ordubad rayonu","thesis_group":"NATURAL_RESOURCES","icon_id":"natural_viewpoint"},"geometry":{"type":"Point","coordinates":[46.002775500000006,39.1591727]}},{"type":"Feature","properties":{"coastal_distance_km":101.243,"nearest_rail_station_km":46.776,"landcover_class":"shrubland","poi_id":"OSM_cultural_11244490968","nearest_bus_terminal_km":28.469,"nearest_river_distance_m":370.1,"access_mode_status":"ROUTABLE_ROAD","thesis_subtype":"MOSQUE_RELIGIOUS","terrain_context":"RIVER_VALLEY","rayon_id":"AZE_ADM2_54616110B12323901372431","slope_deg":0.662,"inside_protected_area":false,"elevation_zone":"0_200_M","osm_route_status":"UNREACHABLE","label":"Qasımbəyli Məscidi","verification_status":"OSM_ONLY","nearest_airport_km":51.16,"source_role":"PHASE3C_VALIDATION","nearest_river":"Girdimançay","elevation_m":65.89,"nearest_protected_area":"Türyançay Qoruğu","name_az":"Qasımbəyli Məscidi","display_rank":845,"source_primary":"OSM Geofabrik Azerbaijan snapshot","rayon":"Ağsu rayonu","thesis_group":"HISTORICAL_CULTURAL","icon_id":"cultural_mosque"},"geometry":{"type":"Point","coordinates":[48.200867800000005,40.533152]}},{"type":"Feature","properties":{"coastal_distance_km":9.486,"nearest_rail_station_km":43.704,"landcover_class":"bare_or_sparse_vegetation","poi_id":"OSM_cultural_3597718893","nearest_bus_terminal_km":9.403,"nearest_river_distance_m":156.3,"access_mode_status":"ROUTABLE_ROAD","official_status":"official Azerbaijan.travel regional/destination content matched","thesis_subtype":"ARCHAEOLOGICAL_SITE","terrain_context":"RIVER_VALLEY","heritage_source_url":"https://whc.unesco.org/en/statesparties/az","rayon_id":"AZE_ADM2_54616110B88432173472444","semantic_source_url":"https://azerbaijan.travel/heritage-sites","slope_deg":1.221,"inside_protected_area":false,"elevation_zone":"0_200_M","osm_route_status":"OK","label":"Qaval Daşı \\ Qobustan 2","osm_route_distance_km":29.581,"verification_status":"OFFICIAL_VERIFIED","nearest_airport_km":65.849,"source_role":"PHASE3C_VALIDATION","elevation_m":47.79,"osm_drive_time_min":44.0,"source_secondary":"https://azerbaijan.travel/heritage-sites","name_az":"Qaval Daşı \\ Qobustan 2","official_evidence_source":"official Azerbaijan.travel regional/destination content matched","display_rank":11,"source_primary":"OSM Geofabrik Azerbaijan snapshot","rayon":"Abşeron rayonu","thesis_group":"HISTORICAL_CULTURAL","icon_id":"cultural_archaeology"},"geometry":{"type":"Point","coordinates":[49.3631255,40.1857032]}},{"type":"Feature","properties":{"coastal_distance_km":4.73,"nearest_rail_station_km":48.662,"landcover_class":"grassland","poi_id":"OSM_cultural_244398416","nearest_bus_terminal_km":10.367,"nearest_river_distance_m":3240.1,"access_mode_status":"ROUTABLE_ROAD","official_status":"official Azerbaijan.travel regional/destination content matched","thesis_subtype":"OTHER_CULTURAL","terrain_context":"LOWLAND","heritage_source_url":"https://whc.unesco.org/en/statesparties/az","rayon_id":"AZE_ADM2_54616110B61947743987915","semantic_source_url":"https://azerbaijan.travel/heritage-sites","slope_deg":11.331,"inside_protected_area":true,"elevation_zone":"0_200_M","osm_route_status":"OK","label":"Qobustan Dövlət Qoruğu","osm_route_distance_km":50.838,"verification_status":"OFFICIAL_VERIFIED","nearest_airport_km":69.07,"source_role":"PHASE3C_VALIDATION","elevation_m":122.48,"nearest_protected_area":"Qobustan Dövlət Qoruğu","osm_drive_time_min":38.7,"source_secondary":"https://azerbaijan.travel/heritage-sites","name_az":"Qobustan Dövlət Qoruğu","official_evidence_source":"official Azerbaijan.travel regional/destination content matched","display_rank":10,"source_primary":"OSM Geofabrik Azerbaijan snapshot","rayon":"Bakı şəhəri","thesis_group":"HISTORICAL_CULTURAL","icon_id":"cultural_historic"},"geometry":{"type":"Point","coordinates":[49.378801200000005,40.1117402]}},{"type":"Feature","properties":{"coastal_distance_km":52.741,"nearest_rail_station_km":63.765,"landcover_class":"built_up","poi_id":"OSM_cultural_7668072238","nearest_bus_terminal_km":25.29,"nearest_river_distance_m":7019.0,"access_mode_status":"ROUTABLE_ROAD","official_status":"official Azerbaijan.travel regional/destination content matched","thesis_subtype":"MOSQUE_RELIGIOUS","terrain_context":"LAKE_SHORE","heritage_source_url":"https://azerbaijan.travel/heritage-sites","rayon_id":"AZE_ADM2_54616110B43271825035432","semantic_source_url":"https://azerbaijan.travel/heritage-sites","slope_deg":4.254,"inside_protected_area":false,"elevation_zone":"500_1000_M","osm_route_status":"OK","label":"Qobustan Mərəzə Cümə məscidi","osm_route_distance_km":1.447,"verification_status":"OFFICIAL_VERIFIED","nearest_airport_km":94.768,"source_role":"PHASE3C_VALIDATION","nearest_river":"Ceyrankeçməz","elevation_m":777.56,"osm_drive_time_min":1.7,"source_secondary":"https://azerbaijan.travel/heritage-sites","name_az":"Qobustan Mərəzə Cümə məscidi","official_evidence_source":"official Azerbaijan.travel regional/destination content matched","display_rank":14,"source_primary":"OSM Geofabrik Azerbaijan snapshot","rayon":"Qobustan rayonu","thesis_group":"HISTORICAL_CULTURAL","icon_id":"cultural_mosque"},"geometry":{"type":"Point","coordinates":[48.929353000000006,40.5335739]}},{"type":"Feature","properties":{"coastal_distance_km":295.825,"nearest_rail_station_km":159.379,"landcover_class":"built_up","poi_id":"OSM_accommodation_3298027368","nearest_bus_terminal_km":61.544,"nearest_river_distance_m":1440.5,"access_mode_status":"ROUTABLE_ROAD","thesis_subtype":"HOTEL_RESORT","terrain_context":"URBAN","rayon_id":"AZE_ADM2_54616110B79262118902245","slope_deg":0.666,"inside_protected_area":false,"elevation_zone":"500_1000_M","osm_route_status":"OK","label":"Qrand Naxçıvan Oteli","osm_route_distance_km":2.253,"verification_status":"OSM_ONLY","nearest_airport_km":3.963,"source_role":"PHASE3C_VALIDATION","nearest_river":"Naxçıvan çayı","elevation_m":874.7,"nearest_protected_area":"Սև լիճ արգելավայր","osm_drive_time_min":1.6,"name_az":"Qrand Naxçıvan Oteli","display_rank":2233,"source_primary":"OSM Geofabrik Azerbaijan snapshot","rayon":"Naxçıvan şəhəri","thesis_group":"ACCOMMODATION","icon_id":"accommodation_resort"},"geometry":{"type":"Point","coordinates":[45.4162046,39.199511900000005]}},{"type":"Feature","properties":{"coastal_distance_km":158.972,"nearest_rail_station_km":92.181,"poi_id":"OSM_natural_17359550","nearest_bus_terminal_km":90.131,"nearest_river_distance_m":283.7,"access_mode_status":"ROUTABLE_ROAD","thesis_subtype":"COASTAL_WATER","terrain_context":"LAKE_SHORE","rayon_id":"AZE_ADM2_54616110B25171122868047","slope_deg":0.0,"inside_protected_area":false,"elevation_zone":"0_200_M","osm_route_status":"OK","label":"Qız Qalası su anbarı - سد قیز قلعه‌سی","osm_route_distance_km":46.282,"verification_status":"OSM_ONLY","nearest_airport_km":23.778,"source_role":"PHASE3C_VALIDATION","nearest_river":"آراز - ارس","elevation_m":0.0,"nearest_protected_area":"پارک جنگلی آزاد","osm_drive_time_min":53.3,"name_az":"Qız Qalası su anbarı - سد قیز قلعه‌سی","display_rank":391,"source_primary":"OSM Geofabrik Azerbaijan snapshot","rayon":"Cəbrayıl rayonu","thesis_group":"NATURAL_RESOURCES","icon_id":"natural_waterfall"},"geometry":{"type":"Point","coordinates":[47.006753105832765,39.16457309523894]}},{"type":"Feature","properties":{"coastal_distance_km":66.027,"nearest_rail_station_km":79.982,"landcover_class":"grassland","poi_id":"OSM_cultural_13062145580","nearest_bus_terminal_km":4.192,"nearest_river_distance_m":2184.5,"access_mode_status":"ROUTABLE_ROAD","thesis_subtype":"MOSQUE_RELIGIOUS","terrain_context":"LAKE_SHORE","rayon_id":"AZE_ADM2_54616110B16651088424667","slope_deg":4.814,"inside_protected_area":false,"elevation_zone":"500_1000_M","osm_route_status":"UNREACHABLE","label":"Qədim Məscid","verification_status":"OSM_ONLY","nearest_airport_km":77.535,"source_role":"PHASE3C_VALIDATION","elevation_m":694.16,"name_az":"Qədim Məscid","display_rank":1102,"source_primary":"OSM Geofabrik Azerbaijan snapshot","rayon":"Şamaxı rayonu","thesis_group":"HISTORICAL_CULTURAL","icon_id":"cultural_mosque"},"geometry":{"type":"Point","coordinates":[48.610312300000004,40.639740800000006]}},{"type":"Feature","properties":{"coastal_distance_km":75.437,"nearest_rail_station_km":59.057,"landcover_class":"built_up","poi_id":"OSM_cultural_10961258489","nearest_bus_terminal_km":18.804,"nearest_river_distance_m":110.0,"access_mode_status":"ROUTABLE_ROAD","thesis_subtype":"ARCHAEOLOGICAL_SITE","terrain_context":"URBAN","rayon_id":"AZE_ADM2_54616110B45290451128830","slope_deg":11.229,"inside_protected_area":false,"elevation_zone":"1000_2000_M","osm_route_status":"UNREACHABLE","label":"Qədim Xarabalıq","verification_status":"OSM_ONLY","nearest_airport_km":56.67,"source_role":"PHASE3C_VALIDATION","elevation_m":1112.03,"nearest_protected_area":"Türyançay Qoruğu","name_az":"Qədim Xarabalıq","display_rank":797,"source_primary":"OSM Geofabrik Azerbaijan snapshot","rayon":"İsmayıllı rayonu","thesis_group":"HISTORICAL_CULTURAL","icon_id":"cultural_archaeology"},"geometry":{"type":"Point","coordinates":[48.3888703,40.7569822]}},{"type":"Feature","properties":{"coastal_distance_km":88.478,"nearest_rail_station_km":40.739,"landcover_class":"grassland","poi_id":"OSM_natural_13778873101","nearest_bus_terminal_km":22.654,"nearest_river_distance_m":3677.0,"access_mode_status":"TRAIL_HIKING_ACCESS","thesis_subtype":"LANDSCAPE_SCENERY","terrain_context":"HIGH_MOUNTAIN","rayon_id":"AZE_ADM2_54616110B45290451128830","slope_deg":6.73,"inside_protected_area":false,"elevation_zone":"2000_3000_M","osm_route_status":"UNREACHABLE","label":"Qəmçə dağı","verification_status":"OSM_ONLY","nearest_airport_km":39.135,"source_role":"PHASE3C_VALIDATION","nearest_river":"Göyçay çayı","elevation_m":2089.49,"nearest_protected_area":"Türyançay Qoruğu","name_az":"Qəmçə dağı","display_rank":320,"source_primary":"OSM Geofabrik Azerbaijan snapshot","rayon":"İsmayıllı rayonu","thesis_group":"NATURAL_RESOURCES","icon_id":"natural_viewpoint"},"geometry":{"type":"Point","coordinates":[48.124931100000005,40.9895439]}},{"type":"Feature","properties":{"coastal_distance_km":1.151,"nearest_rail_station_km":198.727,"landcover_class":"built_up","poi_id":"OSM_cultural_6323450485","nearest_bus_terminal_km":164.774,"nearest_river_distance_m":635.2,"access_mode_status":"GRAPH_DISCONNECTED","thesis_subtype":"ARCHAEOLOGICAL_SITE","terrain_context":"URBAN","rayon_id":"AZE_ADM2_54616110B2076465815790","slope_deg":0.271,"inside_protected_area":false,"elevation_zone":"BELOW_SEA_LEVEL","osm_route_status":"UNREACHABLE","label":"Rövşən Lənkəranski","verification_status":"OSM_ONLY","nearest_airport_km":2.943,"source_role":"PHASE3C_VALIDATION","elevation_m":-20.87,"nearest_protected_area":"Qızıl Ağac Dövlət Təbiət Qoruqu","name_az":"Rövşən Lənkəranski","display_rank":1519,"source_primary":"OSM Geofabrik Azerbaijan snapshot","rayon":"Lənkəran rayonu","thesis_group":"HISTORICAL_CULTURAL","icon_id":"cultural_archaeology"},"geometry":{"type":"Point","coordinates":[48.834722500000005,38.7723032]}},{"type":"Feature","properties":{"coastal_distance_km":153.411,"nearest_rail_station_km":38.482,"landcover_class":"built_up","poi_id":"OSM_cultural_12309653424","nearest_bus_terminal_km":69.76,"nearest_river_distance_m":744.6,"access_mode_status":"ROUTABLE_ROAD","thesis_subtype":"ARCHITECTURAL_MONUMENT","terrain_context":"URBAN","rayon_id":"AZE_ADM2_54616110B84161876100413","slope_deg":0.279,"inside_protected_area":false,"elevation_zone":"0_200_M","osm_route_status":"OK","label":"Saat Abidəsi","osm_route_distance_km":4.048,"verification_status":"OSM_ONLY","nearest_airport_km":55.404,"source_role":"PHASE3C_VALIDATION","elevation_m":15.88,"nearest_protected_area":"Ağ Göl Milli Parkı","osm_drive_time_min":3.1,"name_az":"Saat Abidəsi","display_rank":985,"source_primary":"OSM Geofabrik Azerbaijan snapshot","rayon":"Ağcabədi rayonu","thesis_group":"HISTORICAL_CULTURAL","icon_id":"cultural_monument"},"geometry":{"type":"Point","coordinates":[47.4585547,40.048751800000005]}},{"type":"Feature","properties":{"coastal_distance_km":75.235,"nearest_rail_station_km":68.39,"poi_id":"OSM_natural_6816160","nearest_bus_terminal_km":15.789,"nearest_river_distance_m":2371.6,"access_mode_status":"ROUTABLE_ROAD","thesis_subtype":"COASTAL_WATER","terrain_context":"LAKE_SHORE","rayon_id":"AZE_ADM2_54616110B12323901372431","slope_deg":66.441,"inside_protected_area":false,"elevation_zone":"0_200_M","osm_route_status":"OK","label":"Sakit Göl","osm_route_distance_km":24.093,"verification_status":"OSM_ONLY","nearest_airport_km":65.935,"source_role":"PHASE3C_VALIDATION","nearest_river":"Ağsu çayı","elevation_m":0.0,"nearest_protected_area":"Türyançay Qoruğu","osm_drive_time_min":18.6,"name_az":"Sakit Göl","display_rank":584,"source_primary":"OSM Geofabrik Azerbaijan snapshot","rayon":"Ağsu rayonu","thesis_group":"NATURAL_RESOURCES","icon_id":"natural_waterfall"},"geometry":{"type":"Point","coordinates":[48.47033794623404,40.64643891238733]}},{"type":"Feature","properties":{"coastal_distance_km":190.155,"nearest_rail_station_km":10.461,"landcover_class":"built_up","poi_id":"OSM_cultural_4484203394","nearest_bus_terminal_km":30.261,"nearest_river_distance_m":3068.5,"access_mode_status":"ROUTABLE_ROAD","thesis_subtype":"MOSQUE_RELIGIOUS","terrain_context":"URBAN","rayon_id":"AZE_ADM2_54616110B76249555634218","slope_deg":0.315,"inside_protected_area":false,"elevation_zone":"0_200_M","osm_route_status":"OK","label":"Seyid Yusif Ağa-nın Qəbri","osm_route_distance_km":22.98,"verification_status":"OSM_ONLY","nearest_airport_km":66.952,"source_role":"PHASE3C_VALIDATION","nearest_river":"Yuxarı Qarabağ Kanalı","elevation_m":74.7,"nearest_protected_area":"Türyançay Qoruğu","osm_drive_time_min":27.2,"name_az":"Seyid Yusif Ağa-nın Qəbri","display_rank":1395,"source_primary":"OSM Geofabrik Azerbaijan snapshot","rayon":"Bərdə rayonu","thesis_group":"HISTORICAL_CULTURAL","icon_id":"cultural_mosque"},"geometry":{"type":"Point","coordinates":[47.082027800000006,40.459611100000004]}},{"type":"Feature","properties":{"coastal_distance_km":2.139,"nearest_rail_station_km":3.014,"landcover_class":"built_up","poi_id":"OSM_accommodation_10243018956","nearest_bus_terminal_km":0.139,"nearest_river_distance_m":3530.4,"access_mode_status":"ROUTABLE_ROAD","thesis_subtype":"HOTEL_RESORT","terrain_context":"LAKE_SHORE","rayon_id":"AZE_ADM2_54616110B75219613739908","slope_deg":0.268,"inside_protected_area":false,"elevation_zone":"BELOW_SEA_LEVEL","osm_route_status":"OK","label":"Sülh Plaza Sumqayıt","osm_route_distance_km":4.897,"verification_status":"OSM_ONLY","nearest_airport_km":34.644,"source_role":"PHASE3C_VALIDATION","elevation_m":-10.35,"osm_drive_time_min":3.8,"name_az":"Sülh Plaza Sumqayıt","display_rank":2103,"source_primary":"OSM Geofabrik Azerbaijan snapshot","rayon":"Sumqayıt şəhəri","thesis_group":"ACCOMMODATION","icon_id":"accommodation_resort"},"geometry":{"type":"Point","coordinates":[49.6649703,40.5852577]}},{"type":"Feature","properties":{"coastal_distance_km":143.54,"nearest_rail_station_km":0.207,"landcover_class":"built_up","poi_id":"OSM_cultural_9162681486","nearest_bus_terminal_km":16.109,"nearest_river_distance_m":705.5,"access_mode_status":"ROUTABLE_ROAD","thesis_subtype":"MUSEUM","terrain_context":"LAKE_SHORE","rayon_id":"AZE_ADM2_54616110B8701125158325","slope_deg":0.136,"inside_protected_area":false,"elevation_zone":"0_200_M","osm_route_status":"OK","label":"Tarix Diyarşünaslıq Muzeyi","osm_route_distance_km":35.369,"verification_status":"OSM_ONLY","nearest_airport_km":34.364,"source_role":"PHASE3C_VALIDATION","elevation_m":16.03,"nearest_protected_area":"Türyançay Qoruğu","osm_drive_time_min":39.5,"name_az":"Tarix Diyarşünaslıq Muzeyi","display_rank":1936,"source_primary":"OSM Geofabrik Azerbaijan snapshot","rayon":"Ucar rayonu","thesis_group":"HISTORICAL_CULTURAL","icon_id":"cultural_museum"},"geometry":{"type":"Point","coordinates":[47.652087800000004,40.5096861]}},{"type":"Feature","properties":{"coastal_distance_km":162.835,"nearest_rail_station_km":55.062,"landcover_class":"tree_cover","poi_id":"OSM_natural_12714379544","nearest_bus_terminal_km":108.495,"nearest_river_distance_m":1598.5,"access_mode_status":"ROUTABLE_ROAD","thesis_subtype":"LANDSCAPE_SCENERY","terrain_context":"FOREST","rayon_id":"AZE_ADM2_54616110B38461317640181","slope_deg":2.957,"inside_protected_area":false,"elevation_zone":"1000_2000_M","osm_route_status":"OK","label":"Tağ dağ","osm_route_distance_km":40.495,"verification_status":"OSM_ONLY","nearest_airport_km":18.732,"source_role":"PHASE3C_VALIDATION","nearest_river":"Dolağan çayı","elevation_m":1293.82,"nearest_protected_area":"پارک جنگلی آزاد","osm_drive_time_min":34.6,"name_az":"Tağ dağ","display_rank":218,"source_primary":"OSM Geofabrik Azerbaijan snapshot","rayon":"Xocavənd rayonu","thesis_group":"NATURAL_RESOURCES","icon_id":"natural_viewpoint"},"geometry":{"type":"Point","coordinates":[47.0176566,39.5000638]}},{"type":"Feature","properties":{"coastal_distance_km":213.278,"nearest_rail_station_km":26.406,"landcover_class":"tree_cover","poi_id":"OSM_natural_12245012003","nearest_bus_terminal_km":44.314,"nearest_river_distance_m":1251.9,"access_mode_status":"ROUTABLE_ROAD","thesis_subtype":"LANDSCAPE_SCENERY","terrain_context":"FOREST","rayon_id":"AZE_ADM2_54616110B79809370995070","slope_deg":3.946,"inside_protected_area":false,"elevation_zone":"500_1000_M","osm_route_status":"OK","label":"Tağ dağı","osm_route_distance_km":19.634,"verification_status":"OSM_ONLY","nearest_airport_km":48.237,"source_role":"PHASE3C_VALIDATION","nearest_river":"Farfar çayı","elevation_m":998.7,"nearest_protected_area":"Ağ Göl Milli Parkı","osm_drive_time_min":23.2,"name_az":"Tağ dağı","display_rank":172,"source_primary":"OSM Geofabrik Azerbaijan snapshot","rayon":"Tərtər rayonu","thesis_group":"NATURAL_RESOURCES","icon_id":"natural_viewpoint"},"geometry":{"type":"Point","coordinates":[46.747103,40.2030979]}},{"type":"Feature","properties":{"coastal_distance_km":184.55,"nearest_rail_station_km":55.882,"landcover_class":"grassland","poi_id":"OSM_natural_8007022939","nearest_bus_terminal_km":93.211,"nearest_river_distance_m":2871.2,"access_mode_status":"ROUTABLE_ROAD","thesis_subtype":"LANDSCAPE_SCENERY","terrain_context":"MOUNTAIN","rayon_id":"AZE_ADM2_54616110B66639423042347","slope_deg":13.718,"inside_protected_area":false,"elevation_zone":"1000_2000_M","osm_route_status":"OK","label":"Topağac","osm_route_distance_km":43.019,"verification_status":"OSM_ONLY","nearest_airport_km":38.519,"source_role":"PHASE3C_VALIDATION","nearest_river":"Kiçik Həkəri","elevation_m":1956.91,"nearest_protected_area":"Սև լիճ արգելավայր","osm_drive_time_min":61.7,"name_az":"Topağac","display_rank":626,"source_primary":"OSM Geofabrik Azerbaijan snapshot","rayon":"Qubadlı rayonu","thesis_group":"NATURAL_RESOURCES","icon_id":"natural_viewpoint"},"geometry":{"type":"Point","coordinates":[46.7641615,39.5144563]}},{"type":"Feature","properties":{"coastal_distance_km":251.387,"nearest_rail_station_km":2.343,"landcover_class":"tree_cover","poi_id":"OSM_cultural_10164838","nearest_bus_terminal_km":1.745,"nearest_river_distance_m":246.7,"access_mode_status":"ROUTABLE_ROAD","thesis_subtype":"ARCHITECTURAL_MONUMENT","terrain_context":"LAKE_SHORE","rayon_id":"AZE_ADM2_54616110B84187356839814","slope_deg":6.851,"inside_protected_area":false,"elevation_zone":"200_500_M","osm_route_status":"UNREACHABLE","label":"Tovuz Qalası","verification_status":"OSM_ONLY","nearest_airport_km":63.206,"source_role":"PHASE3C_VALIDATION","nearest_river":"Tovuzçay","elevation_m":387.3,"nearest_protected_area":"Türyançay Qoruğu","name_az":"Tovuz Qalası","display_rank":715,"source_primary":"OSM Geofabrik Azerbaijan snapshot","rayon":"Tovuz rayonu","thesis_group":"HISTORICAL_CULTURAL","icon_id":"cultural_monument"},"geometry":{"type":"Point","coordinates":[45.64246191418697,40.98556013076503]}},{"type":"Feature","properties":{"coastal_distance_km":251.777,"nearest_rail_station_km":6.545,"landcover_class":"grassland","poi_id":"OSM_cultural_11709244584","nearest_bus_terminal_km":6.938,"nearest_river_distance_m":392.9,"access_mode_status":"ROUTABLE_ROAD","thesis_subtype":"ARCHITECTURAL_MONUMENT","terrain_context":"RIVER_VALLEY","rayon_id":"AZE_ADM2_54616110B36354954300290","slope_deg":2.832,"inside_protected_area":false,"elevation_zone":"200_500_M","osm_route_status":"OK","label":"Tovuz yazısı","osm_route_distance_km":34.965,"verification_status":"OSM_ONLY","nearest_airport_km":71.051,"source_role":"PHASE3C_VALIDATION","elevation_m":383.01,"nearest_protected_area":"Türyançay Qoruğu","osm_drive_time_min":27.4,"name_az":"Tovuz yazısı","display_rank":904,"source_primary":"OSM Geofabrik Azerbaijan snapshot","rayon":"Ağstafa rayonu","thesis_group":"HISTORICAL_CULTURAL","icon_id":"cultural_monument"},"geometry":{"type":"Point","coordinates":[45.577943600000005,41.045058700000006]}},{"type":"Feature","properties":{"coastal_distance_km":102.575,"nearest_rail_station_km":28.517,"landcover_class":"tree_cover","poi_id":"OSM_accommodation_4478364290","nearest_bus_terminal_km":36.076,"nearest_river_distance_m":77.1,"access_mode_status":"ROUTABLE_ROAD","official_status":"official Azerbaijan.travel regional/destination content matched","thesis_subtype":"HOTEL_RESORT","terrain_context":"LAKE_SHORE","rayon_id":"AZE_ADM2_54616110B33746839775993","semantic_source_url":"https://azerbaijan.travel/trip-to-gabala","slope_deg":15.985,"inside_protected_area":false,"elevation_zone":"1000_2000_M","osm_route_status":"OK","label":"Tufan Dağ Xizək - Durca","osm_route_distance_km":13.578,"verification_status":"OFFICIAL_VERIFIED","nearest_airport_km":28.021,"source_role":"PHASE3C_VALIDATION","elevation_m":1257.68,"nearest_protected_area":"Türyançay Qoruğu","osm_drive_time_min":16.2,"source_secondary":"https://azerbaijan.travel/trip-to-gabala","name_az":"Tufan Dağ Xizək - Durca","official_evidence_source":"official Azerbaijan.travel regional/destination content matched","display_rank":15,"source_primary":"OSM Geofabrik Azerbaijan snapshot","rayon":"Qəbələ rayonu","thesis_group":"ACCOMMODATION","icon_id":"accommodation_resort"},"geometry":{"type":"Point","coordinates":[47.8882325,41.0330353]}},{"type":"Feature","properties":{"coastal_distance_km":38.734,"nearest_rail_station_km":85.796,"landcover_class":"built_up","poi_id":"OSM_accommodation_12950347500","nearest_bus_terminal_km":49.348,"nearest_river_distance_m":2859.0,"access_mode_status":"ROUTABLE_ROAD","thesis_subtype":"MOTEL","terrain_context":"URBAN","rayon_id":"AZE_ADM2_54616110B48173541517146","slope_deg":0.727,"inside_protected_area":false,"elevation_zone":"0_200_M","osm_route_status":"OK","label":"Təbəssüm Motel","osm_route_distance_km":21.182,"verification_status":"OSM_ONLY","nearest_airport_km":107.903,"source_role":"PHASE3C_VALIDATION","nearest_river":"Bash Shirvan Canal","elevation_m":8.5,"osm_drive_time_min":25.4,"name_az":"Təbəssüm Motel","display_rank":2161,"source_primary":"OSM Geofabrik Azerbaijan snapshot","rayon":"Hacıqabul rayonu","thesis_group":"ACCOMMODATION","icon_id":"accommodation_motel"},"geometry":{"type":"Point","coordinates":[48.959599000000004,39.965464100000005]}},{"type":"Feature","properties":{"coastal_distance_km":128.785,"nearest_rail_station_km":17.599,"landcover_class":"tree_cover","poi_id":"OSM_natural_13913155801","nearest_bus_terminal_km":29.746,"nearest_river_distance_m":2633.0,"access_mode_status":"TRAIL_HIKING_ACCESS","thesis_subtype":"LANDSCAPE_SCENERY","terrain_context":"FOREST","rayon_id":"AZE_ADM2_54616110B49356278605879","slope_deg":14.791,"inside_protected_area":false,"elevation_zone":"1000_2000_M","osm_route_status":"UNREACHABLE","label":"Ulubaş dağı 1970m","verification_status":"OSM_ONLY","nearest_airport_km":27.283,"source_role":"PHASE3C_VALIDATION","elevation_m":1899.38,"nearest_protected_area":"Türyançay Qoruğu","name_az":"Ulubaş dağı 1970m","display_rank":330,"source_primary":"OSM Geofabrik Azerbaijan snapshot","rayon":"Qax rayonu","thesis_group":"NATURAL_RESOURCES","icon_id":"natural_viewpoint"},"geometry":{"type":"Point","coordinates":[46.9617622,41.4617802]}},{"type":"Feature","properties":{"coastal_distance_km":64.486,"nearest_rail_station_km":80.475,"landcover_class":"grassland","poi_id":"OSM_natural_13711995070","nearest_bus_terminal_km":4.381,"nearest_river_distance_m":2810.6,"access_mode_status":"ROUTABLE_ROAD","thesis_subtype":"CLIMATIC_HEALTH","terrain_context":"LAKE_SHORE","rayon_id":"AZE_ADM2_54616110B16651088424667","slope_deg":9.722,"inside_protected_area":false,"elevation_zone":"500_1000_M","osm_route_status":"UNREACHABLE","label":"Valeh Bulağı","verification_status":"OSM_ONLY","nearest_airport_km":78.034,"source_role":"PHASE3C_VALIDATION","elevation_m":753.07,"name_az":"Valeh Bulağı","display_rank":318,"source_primary":"OSM Geofabrik Azerbaijan snapshot","rayon":"Şamaxı rayonu","thesis_group":"NATURAL_RESOURCES","icon_id":"natural_climatic"},"geometry":{"type":"Point","coordinates":[48.620563700000005,40.6522507]}},{"type":"Feature","properties":{"coastal_distance_km":251.788,"nearest_rail_station_km":1.294,"landcover_class":"tree_cover","poi_id":"OSM_natural_11833691826","nearest_bus_terminal_km":0.654,"nearest_river_distance_m":1356.2,"access_mode_status":"ROUTABLE_ROAD","thesis_subtype":"CLIMATIC_HEALTH","terrain_context":"FOREST","rayon_id":"AZE_ADM2_54616110B84187356839814","slope_deg":0.857,"inside_protected_area":false,"elevation_zone":"200_500_M","osm_route_status":"UNREACHABLE","label":"Vüqar Bulağı","verification_status":"OSM_ONLY","nearest_airport_km":64.306,"source_role":"PHASE3C_VALIDATION","nearest_river":"Tovuzçay","elevation_m":418.12,"nearest_protected_area":"Türyançay Qoruğu","name_az":"Vüqar Bulağı","display_rank":32,"source_primary":"OSM Geofabrik Azerbaijan snapshot","rayon":"Tovuz rayonu","thesis_group":"NATURAL_RESOURCES","icon_id":"natural_climatic"},"geometry":{"type":"Point","coordinates":[45.6321377,40.992126400000004]}},{"type":"Feature","properties":{"coastal_distance_km":12.741,"nearest_rail_station_km":117.116,"landcover_class":"built_up","poi_id":"OSM_cultural_1667124954","nearest_bus_terminal_km":19.912,"nearest_river_distance_m":3131.8,"access_mode_status":"GRAPH_DISCONNECTED","thesis_subtype":"MUSEUM","terrain_context":"URBAN","rayon_id":"AZE_ADM2_54616110B89497242950609","slope_deg":0.815,"inside_protected_area":false,"elevation_zone":"0_200_M","osm_route_status":"UNREACHABLE","label":"Xalça Muzeyi","verification_status":"OSM_ONLY","nearest_airport_km":115.856,"source_role":"PHASE3C_VALIDATION","nearest_river":"Xanarx kanalı","elevation_m":47.36,"nearest_protected_area":"Türyançay Qoruğu","name_az":"Xalça Muzeyi","display_rank":1208,"source_primary":"OSM Geofabrik Azerbaijan snapshot","rayon":"Xaçmaz rayonu","thesis_group":"HISTORICAL_CULTURAL","icon_id":"cultural_museum"},"geometry":{"type":"Point","coordinates":[48.8004431,41.4652942]}},{"type":"Feature","properties":{"coastal_distance_km":124.015,"nearest_rail_station_km":19.823,"landcover_class":"grassland","poi_id":"OSM_cultural_11222943762","nearest_bus_terminal_km":6.229,"nearest_river_distance_m":2845.4,"access_mode_status":"GRAPH_DISCONNECTED","thesis_subtype":"OTHER_CULTURAL","terrain_context":"HIGH_MOUNTAIN","rayon_id":"AZE_ADM2_54616110B25010354244926","slope_deg":13.669,"inside_protected_area":false,"elevation_zone":"2000_3000_M","osm_route_status":"UNREACHABLE","label":"Xan Yaylağı","verification_status":"OSM_ONLY","nearest_airport_km":59.949,"source_role":"PHASE3C_VALIDATION","nearest_river":"Kişçay","elevation_m":2033.78,"nearest_protected_area":"Türyançay Qoruğu","name_az":"Xan Yaylağı","display_rank":841,"source_primary":"OSM Geofabrik Azerbaijan snapshot","rayon":"Şəki rayonu","thesis_group":"HISTORICAL_CULTURAL","icon_id":"cultural_historic"},"geometry":{"type":"Point","coordinates":[47.229970800000004,41.231526]}},{"type":"Feature","properties":{"coastal_distance_km":6.774,"nearest_rail_station_km":74.512,"landcover_class":"built_up","poi_id":"OSM_cultural_13041858620","nearest_bus_terminal_km":38.498,"nearest_river_distance_m":2755.6,"access_mode_status":"ROUTABLE_ROAD","thesis_subtype":"MOSQUE_RELIGIOUS","terrain_context":"URBAN","rayon_id":"AZE_ADM2_54616110B55207089168458","slope_deg":0.078,"inside_protected_area":false,"elevation_zone":"BELOW_SEA_LEVEL","osm_route_status":"UNREACHABLE","label":"Xıdırlı kənd Məscidi","verification_status":"OSM_ONLY","nearest_airport_km":92.55,"source_role":"PHASE3C_VALIDATION","elevation_m":-18.31,"name_az":"Xıdırlı kənd Məscidi","display_rank":1100,"source_primary":"OSM Geofabrik Azerbaijan snapshot","rayon":"Salyan rayonu","thesis_group":"HISTORICAL_CULTURAL","icon_id":"cultural_mosque"},"geometry":{"type":"Point","coordinates":[49.324816600000005,39.8440396]}},{"type":"Feature","properties":{"coastal_distance_km":81.498,"nearest_rail_station_km":48.62,"landcover_class":"bare_or_sparse_vegetation","poi_id":"OSM_natural_4462238246","nearest_bus_terminal_km":38.037,"nearest_river_distance_m":13434.3,"access_mode_status":"TRAIL_HIKING_ACCESS","official_status":"official Azerbaijan.travel regional/destination content matched","thesis_subtype":"LANDSCAPE_SCENERY","terrain_context":"ALPINE","rayon_id":"AZE_ADM2_54616110B77048085748362","semantic_source_url":"https://azerbaijan.travel/trip-to-guba;https://azerbaijan.travel/storage/pages/231/9654583b-e287-43be-93dc-4442fc8cbbe4.pdf","slope_deg":11.187,"inside_protected_area":false,"elevation_zone":"OVER_3000_M","osm_route_status":"UNREACHABLE","label":"Xınalıq zirvəsi","verification_status":"CROSS_VERIFIED","nearest_airport_km":47.637,"source_role":"PHASE3C_VALIDATION","elevation_m":3645.53,"nearest_protected_area":"Türyançay Qoruğu","source_secondary":"https://azerbaijan.travel/trip-to-guba;https://azerbaijan.travel/storage/pages/231/9654583b-e287-43be-93dc-4442fc8cbbe4.pdf","name_az":"Xınalıq zirvəsi","official_evidence_source":"official Azerbaijan.travel regional/destination content matched","display_rank":2,"source_primary":"OSM Geofabrik Azerbaijan snapshot","rayon":"Quba rayonu","thesis_group":"NATURAL_RESOURCES","icon_id":"natural_viewpoint"},"geometry":{"type":"Point","coordinates":[48.108502,41.127764]}},{"type":"Feature","properties":{"coastal_distance_km":0.561,"nearest_rail_station_km":199.565,"landcover_class":"built_up","poi_id":"OSM_accommodation_1393047798","nearest_bus_terminal_km":165.878,"nearest_river_distance_m":714.8,"access_mode_status":"ROUTABLE_ROAD","thesis_subtype":"HOTEL_RESORT","terrain_context":"COASTAL","rayon_id":"AZE_ADM2_54616110B92317303093203","slope_deg":0.278,"inside_protected_area":false,"elevation_zone":"BELOW_SEA_LEVEL","osm_route_status":"OK","label":"Xəzər Otel","osm_route_distance_km":2.294,"verification_status":"OSM_ONLY","nearest_airport_km":3.808,"source_role":"PHASE3C_VALIDATION","nearest_river":"Lənkəran","elevation_m":-17.99,"nearest_protected_area":"Qızıl Ağac Dövlət Təbiət Qoruqu","osm_drive_time_min":2.6,"name_az":"Xəzər Otel","display_rank":2177,"source_primary":"OSM Geofabrik Azerbaijan snapshot","rayon":"Lənkəran şəhəri","thesis_group":"ACCOMMODATION","icon_id":"accommodation_resort"},"geometry":{"type":"Point","coordinates":[48.8554169,38.756272100000004]}},{"type":"Feature","properties":{"coastal_distance_km":179.957,"nearest_rail_station_km":2.37,"landcover_class":"built_up","poi_id":"OSM_cultural_2131953087","nearest_bus_terminal_km":18.135,"nearest_river_distance_m":594.6,"access_mode_status":"ROUTABLE_ROAD","thesis_subtype":"ARCHITECTURAL_MONUMENT","terrain_context":"URBAN","rayon_id":"AZE_ADM2_54616110B78344971255813","slope_deg":0.269,"inside_protected_area":false,"elevation_zone":"0_200_M","osm_route_status":"OK","label":"Yevlax Abidəsi","osm_route_distance_km":3.293,"verification_status":"OSM_ONLY","nearest_airport_km":54.343,"source_role":"PHASE3C_VALIDATION","elevation_m":15.36,"nearest_protected_area":"Türyançay Qoruğu","osm_drive_time_min":2.0,"name_az":"Yevlax Abidəsi","display_rank":1237,"source_primary":"OSM Geofabrik Azerbaijan snapshot","rayon":"Yevlax şəhəri","thesis_group":"HISTORICAL_CULTURAL","icon_id":"cultural_monument"},"geometry":{"type":"Point","coordinates":[47.144329400000004,40.599217100000004]}},{"type":"Feature","properties":{"coastal_distance_km":187.704,"nearest_rail_station_km":104.631,"landcover_class":"tree_cover","poi_id":"OSM_cultural_10096218228","nearest_bus_terminal_km":58.625,"nearest_river_distance_m":745.9,"access_mode_status":"ROUTABLE_ROAD","thesis_subtype":"MOSQUE_RELIGIOUS","terrain_context":"FOREST","rayon_id":"AZE_ADM2_54616110B64107713492867","slope_deg":3.996,"inside_protected_area":false,"elevation_zone":"200_500_M","osm_route_status":"OK","label":"Zəngilan məscidi","osm_route_distance_km":1.298,"verification_status":"OSM_ONLY","nearest_airport_km":7.798,"source_role":"PHASE3C_VALIDATION","nearest_river":"Oxçuçay","elevation_m":428.15,"nearest_protected_area":"Սև լիճ արգելավայր","osm_drive_time_min":1.9,"name_az":"Zəngilan məscidi","display_rank":705,"source_primary":"OSM Geofabrik Azerbaijan snapshot","rayon":"Zəngilan rayonu","thesis_group":"HISTORICAL_CULTURAL","icon_id":"cultural_mosque"},"geometry":{"type":"Point","coordinates":[46.6582342,39.0814553]}},{"type":"Feature","properties":{"coastal_distance_km":134.783,"nearest_rail_station_km":18.544,"landcover_class":"tree_cover","poi_id":"OSM_natural_13958035401","nearest_bus_terminal_km":14.233,"nearest_river_distance_m":2454.3,"access_mode_status":"TRAIL_HIKING_ACCESS","thesis_subtype":"LANDSCAPE_SCENERY","terrain_context":"FOREST","rayon_id":"AZE_ADM2_54616110B4759617374649","slope_deg":8.992,"inside_protected_area":false,"elevation_zone":"1000_2000_M","osm_route_status":"UNREACHABLE","label":"Çadıbaş dağı 1453.5 metr","verification_status":"OSM_ONLY","nearest_airport_km":12.744,"source_role":"PHASE3C_VALIDATION","nearest_river":"Qaraçay","elevation_m":1431.79,"nearest_protected_area":"Türyançay Qoruğu","name_az":"Çadıbaş dağı 1453.5 metr","display_rank":336,"source_primary":"OSM Geofabrik Azerbaijan snapshot","rayon":"Zaqatala rayonu","thesis_group":"NATURAL_RESOURCES","icon_id":"natural_viewpoint"},"geometry":{"type":"Point","coordinates":[46.815997100000004,41.5534787]}},{"type":"Feature","properties":{"coastal_distance_km":116.715,"nearest_rail_station_km":22.533,"landcover_class":"bare_or_sparse_vegetation","poi_id":"OSM_natural_11413103430","nearest_bus_terminal_km":16.355,"nearest_river_distance_m":7429.1,"access_mode_status":"ROUTABLE_ROAD","thesis_subtype":"LANDSCAPE_SCENERY","terrain_context":"ALPINE","rayon_id":"AZE_ADM2_54616110B25010354244926","slope_deg":1.949,"inside_protected_area":false,"elevation_zone":"OVER_3000_M","osm_route_status":"OK","label":"Çaxıldağ","osm_route_distance_km":51.307,"verification_status":"OSM_ONLY","nearest_airport_km":52.926,"source_role":"PHASE3C_VALIDATION","nearest_river":"Şinçay","elevation_m":3419.57,"nearest_protected_area":"Türyançay Qoruğu","osm_drive_time_min":48.7,"name_az":"Çaxıldağ","display_rank":27,"source_primary":"OSM Geofabrik Azerbaijan snapshot","rayon":"Şəki rayonu","thesis_group":"NATURAL_RESOURCES","icon_id":"natural_viewpoint"},"geometry":{"type":"Point","coordinates":[47.225418100000006,41.3423103]}},{"type":"Feature","properties":{"coastal_distance_km":124.374,"nearest_rail_station_km":7.652,"landcover_class":"tree_cover","poi_id":"OSM_cultural_6005243587","nearest_bus_terminal_km":27.898,"nearest_river_distance_m":238.8,"access_mode_status":"ROUTABLE_ROAD","official_status":"official Azerbaijan.travel regional/destination content matched","thesis_subtype":"MUSEUM","terrain_context":"LAKE_SHORE","heritage_source_url":"https://whc.unesco.org/en/tentativelists/action%3Dlisttentative%26order%3Dstates%26state%3Daz","rayon_id":"AZE_ADM2_54616110B33746839775993","semantic_source_url":"https://azerbaijan.travel/trip-to-gabala;https://azerbaijan.travel/regional-maps","slope_deg":3.171,"inside_protected_area":false,"elevation_zone":"200_500_M","osm_route_status":"OK","label":"Çuxur Qəbələ muzeyi","osm_route_distance_km":12.68,"verification_status":"CROSS_VERIFIED","nearest_airport_km":8.567,"source_role":"PHASE3C_VALIDATION","elevation_m":383.18,"nearest_protected_area":"Türyançay Qoruğu","osm_drive_time_min":12.1,"source_secondary":"https://azerbaijan.travel/trip-to-gabala;https://azerbaijan.travel/regional-maps","name_az":"Çuxur Qəbələ muzeyi","official_evidence_source":"official Azerbaijan.travel regional/destination content matched","display_rank":4,"source_primary":"OSM Geofabrik Azerbaijan snapshot","rayon":"Qəbələ rayonu","thesis_group":"HISTORICAL_CULTURAL","icon_id":"cultural_museum"},"geometry":{"type":"Point","coordinates":[47.7060692,40.8907827]}},{"type":"Feature","properties":{"coastal_distance_km":192.318,"nearest_rail_station_km":31.109,"landcover_class":"tree_cover","poi_id":"OSM_cultural_10702671061","nearest_bus_terminal_km":92.989,"nearest_river_distance_m":1069.2,"access_mode_status":"ROUTABLE_ROAD","thesis_subtype":"MOSQUE_RELIGIOUS","terrain_context":"FOREST","rayon_id":"AZE_ADM2_54616110B87325868620163","slope_deg":7.47,"inside_protected_area":false,"elevation_zone":"1000_2000_M","osm_route_status":"OK","label":"Çöl Qala Məscidi","osm_route_distance_km":19.531,"verification_status":"OSM_ONLY","nearest_airport_km":36.15,"source_role":"PHASE3C_VALIDATION","nearest_river":"Qarqarçay","elevation_m":1297.72,"nearest_protected_area":"Սև լիճ արգելավայր","osm_drive_time_min":16.2,"name_az":"Çöl Qala Məscidi","display_rank":761,"source_primary":"OSM Geofabrik Azerbaijan snapshot","rayon":"Xocalı rayonu","thesis_group":"HISTORICAL_CULTURAL","icon_id":"cultural_mosque"},"geometry":{"type":"Point","coordinates":[46.7537414,39.7642602]}},{"type":"Feature","properties":{"coastal_distance_km":109.319,"nearest_rail_station_km":49.179,"landcover_class":"cropland","poi_id":"OSM_accommodation_7074567393","nearest_bus_terminal_km":51.677,"nearest_river_distance_m":3117.1,"access_mode_status":"ROUTABLE_ROAD","thesis_subtype":"HOTEL_RESORT","terrain_context":"LAKE_SHORE","rayon_id":"AZE_ADM2_54616110B82810927503709","slope_deg":0.088,"inside_protected_area":false,"elevation_zone":"0_200_M","osm_route_status":"OK","label":"Çıraq Hotel","osm_route_distance_km":21.409,"verification_status":"OSM_ONLY","nearest_airport_km":67.186,"source_role":"PHASE3C_VALIDATION","elevation_m":1.82,"nearest_protected_area":"Ağ Göl Milli Parkı","osm_drive_time_min":20.7,"name_az":"Çıraq Hotel","display_rank":2333,"source_primary":"OSM Geofabrik Azerbaijan snapshot","rayon":"Kürdəmir rayonu","thesis_group":"ACCOMMODATION","icon_id":"accommodation_resort"},"geometry":{"type":"Point","coordinates":[48.1712441,40.315996500000004]}},{"type":"Feature","properties":{"coastal_distance_km":146.431,"nearest_rail_station_km":33.612,"landcover_class":"built_up","poi_id":"OSM_cultural_14156337102","nearest_bus_terminal_km":47.905,"nearest_river_distance_m":84.8,"access_mode_status":"ROUTABLE_ROAD","thesis_subtype":"ARCHITECTURAL_MONUMENT","terrain_context":"LAKE_SHORE","rayon_id":"AZE_ADM2_54616110B34042895235078","slope_deg":0.519,"inside_protected_area":false,"elevation_zone":"BELOW_SEA_LEVEL","osm_route_status":"OK","label":"İkinci Dünya müharibəsi memorialı","osm_route_distance_km":9.024,"verification_status":"OSM_ONLY","nearest_airport_km":67.192,"source_role":"PHASE3C_VALIDATION","elevation_m":-3.23,"nearest_protected_area":"Ağ Göl Milli Parkı","osm_drive_time_min":9.9,"name_az":"İkinci Dünya müharibəsi memorialı","display_rank":1200,"source_primary":"OSM Geofabrik Azerbaijan snapshot","rayon":"Zərdab rayonu","thesis_group":"HISTORICAL_CULTURAL","icon_id":"cultural_monument"},"geometry":{"type":"Point","coordinates":[47.70721,40.2095685]}},{"type":"Feature","properties":{"coastal_distance_km":1.065,"nearest_rail_station_km":5.484,"landcover_class":"built_up","poi_id":"OSM_cultural_10110102981","nearest_bus_terminal_km":2.337,"nearest_river_distance_m":1292.4,"access_mode_status":"ROUTABLE_ROAD","thesis_subtype":"MOSQUE_RELIGIOUS","terrain_context":"LAKE_SHORE","rayon_id":"AZE_ADM2_54616110B75219613739908","slope_deg":0.458,"inside_protected_area":false,"elevation_zone":"BELOW_SEA_LEVEL","osm_route_status":"UNREACHABLE","label":"İmam Sadıq Məscidi \\ Kottec","verification_status":"OSM_ONLY","nearest_airport_km":36.551,"source_role":"PHASE3C_VALIDATION","elevation_m":-16.12,"name_az":"İmam Sadıq Məscidi \\ Kottec","display_rank":708,"source_primary":"OSM Geofabrik Azerbaijan snapshot","rayon":"Sumqayıt şəhəri","thesis_group":"HISTORICAL_CULTURAL","icon_id":"cultural_mosque"},"geometry":{"type":"Point","coordinates":[49.6515405,40.6050042]}},{"type":"Feature","properties":{"coastal_distance_km":133.339,"nearest_rail_station_km":12.082,"landcover_class":"built_up","poi_id":"OSM_cultural_12074822896","nearest_bus_terminal_km":30.576,"nearest_river_distance_m":774.5,"access_mode_status":"ROUTABLE_ROAD","thesis_subtype":"ARCHITECTURAL_MONUMENT","terrain_context":"LAKE_SHORE","rayon_id":"AZE_ADM2_54616110B49356278605879","slope_deg":2.159,"inside_protected_area":false,"elevation_zone":"500_1000_M","osm_route_status":"UNREACHABLE","label":"İçəri Bazar Arxa Darvaza","verification_status":"OSM_ONLY","nearest_airport_km":27.464,"source_role":"PHASE3C_VALIDATION","nearest_river":"Kürmükçay","elevation_m":622.64,"nearest_protected_area":"Türyançay Qoruğu","name_az":"İçəri Bazar Arxa Darvaza","display_rank":939,"source_primary":"OSM Geofabrik Azerbaijan snapshot","rayon":"Qax rayonu","thesis_group":"HISTORICAL_CULTURAL","icon_id":"cultural_monument"},"geometry":{"type":"Point","coordinates":[46.930519800000006,41.417952]}},{"type":"Feature","properties":{"coastal_distance_km":44.773,"nearest_rail_station_km":91.66,"landcover_class":"shrubland","poi_id":"OSM_cultural_12986448165","nearest_bus_terminal_km":55.568,"nearest_river_distance_m":179.3,"access_mode_status":"ROUTABLE_ROAD","thesis_subtype":"MOSQUE_RELIGIOUS","terrain_context":"LAKE_SHORE","rayon_id":"AZE_ADM2_54616110B21396185337631","slope_deg":3.667,"inside_protected_area":false,"elevation_zone":"0_200_M","osm_route_status":"OK","label":"Şirvan Məscidi \\ Dadaşbəyli","osm_route_distance_km":21.365,"verification_status":"OSM_ONLY","nearest_airport_km":114.017,"source_role":"PHASE3C_VALIDATION","nearest_river":"Kür","elevation_m":0.0,"osm_drive_time_min":17.9,"name_az":"Şirvan Məscidi \\ Dadaşbəyli","display_rank":1095,"source_primary":"OSM Geofabrik Azerbaijan snapshot","rayon":"Sabirabad rayonu","thesis_group":"HISTORICAL_CULTURAL","icon_id":"cultural_mosque"},"geometry":{"type":"Point","coordinates":[48.887835100000004,39.950409300000004]}},{"type":"Feature","properties":{"coastal_distance_km":41.136,"nearest_rail_station_km":89.187,"landcover_class":"built_up","poi_id":"OSM_cultural_12945356767","nearest_bus_terminal_km":52.643,"nearest_river_distance_m":400.2,"access_mode_status":"ROUTABLE_ROAD","thesis_subtype":"MOSQUE_RELIGIOUS","terrain_context":"URBAN","rayon_id":"AZE_ADM2_54616110B45272408011177","slope_deg":0.554,"inside_protected_area":false,"elevation_zone":"BELOW_SEA_LEVEL","osm_route_status":"OK","label":"Şirvan şəhər Məscidi","osm_route_distance_km":4.514,"verification_status":"OSM_ONLY","nearest_airport_km":111.241,"source_role":"PHASE3C_VALIDATION","nearest_river":"Bash Shirvan Canal","elevation_m":-11.53,"osm_drive_time_min":4.5,"name_az":"Şirvan şəhər Məscidi","display_rank":1090,"source_primary":"OSM Geofabrik Azerbaijan snapshot","rayon":"Şirvan şəhəri","thesis_group":"HISTORICAL_CULTURAL","icon_id":"cultural_mosque"},"geometry":{"type":"Point","coordinates":[48.9302355,39.9448389]}},{"type":"Feature","properties":{"coastal_distance_km":2.545,"nearest_rail_station_km":33.536,"landcover_class":"built_up","poi_id":"OSM_cultural_11390440784","nearest_bus_terminal_km":30.4,"nearest_river_distance_m":386.0,"access_mode_status":"ROUTABLE_ROAD","thesis_subtype":"MOSQUE_RELIGIOUS","terrain_context":"URBAN","rayon_id":"AZE_ADM2_54616110B97026515433008","slope_deg":0.401,"inside_protected_area":false,"elevation_zone":"BELOW_SEA_LEVEL","osm_route_status":"OK","label":"Şorabad Cümə Məscidi","osm_route_distance_km":25.365,"verification_status":"OSM_ONLY","nearest_airport_km":62.197,"source_role":"PHASE3C_VALIDATION","elevation_m":-19.32,"osm_drive_time_min":38.0,"name_az":"Şorabad Cümə Məscidi","display_rank":870,"source_primary":"OSM Geofabrik Azerbaijan snapshot","rayon":"Xızı rayonu","thesis_group":"HISTORICAL_CULTURAL","icon_id":"cultural_mosque"},"geometry":{"type":"Point","coordinates":[49.466380900000004,40.814948]}},{"type":"Feature","properties":{"coastal_distance_km":9.904,"nearest_rail_station_km":4.416,"landcover_class":"built_up","poi_id":"OSM_natural_10540422117","nearest_bus_terminal_km":8.172,"nearest_river_distance_m":6786.5,"access_mode_status":"ROUTABLE_ROAD","thesis_subtype":"CLIMATIC_HEALTH","terrain_context":"URBAN","rayon_id":"AZE_ADM2_54616110B88432173472444","slope_deg":1.559,"inside_protected_area":false,"elevation_zone":"0_200_M","osm_route_status":"OK","label":"Şəhid Bulağı","osm_route_distance_km":79.339,"verification_status":"OSM_ONLY","nearest_airport_km":24.357,"source_role":"PHASE3C_VALIDATION","elevation_m":60.39,"osm_drive_time_min":71.5,"name_az":"Şəhid Bulağı","display_rank":16,"source_primary":"OSM Geofabrik Azerbaijan snapshot","rayon":"Abşeron rayonu","thesis_group":"NATURAL_RESOURCES","icon_id":"natural_climatic"},"geometry":{"type":"Point","coordinates":[49.7577506,40.4852654]}},{"type":"Feature","properties":{"coastal_distance_km":2.338,"nearest_rail_station_km":33.739,"landcover_class":"built_up","poi_id":"OSM_natural_11390440775","nearest_bus_terminal_km":30.603,"nearest_river_distance_m":499.3,"access_mode_status":"ROUTABLE_ROAD","thesis_subtype":"CLIMATIC_HEALTH","terrain_context":"URBAN","rayon_id":"AZE_ADM2_54616110B97026515433008","slope_deg":0.238,"inside_protected_area":false,"elevation_zone":"BELOW_SEA_LEVEL","osm_route_status":"OK","label":"Şəhid Bulağı \\ Şorabad","osm_route_distance_km":25.554,"verification_status":"OSM_ONLY","nearest_airport_km":62.37,"source_role":"PHASE3C_VALIDATION","elevation_m":-19.63,"osm_drive_time_min":38.3,"name_az":"Şəhid Bulağı \\ Şorabad","display_rank":26,"source_primary":"OSM Geofabrik Azerbaijan snapshot","rayon":"Xızı rayonu","thesis_group":"NATURAL_RESOURCES","icon_id":"natural_climatic"},"geometry":{"type":"Point","coordinates":[49.465658100000006,40.816773000000005]}},{"type":"Feature","properties":{"coastal_distance_km":129.992,"nearest_rail_station_km":14.68,"landcover_class":"built_up","poi_id":"OSM_natural_5867037485","nearest_bus_terminal_km":0.877,"nearest_river_distance_m":238.3,"access_mode_status":"ROUTABLE_ROAD","thesis_subtype":"CLIMATIC_HEALTH","terrain_context":"URBAN","rayon_id":"AZE_ADM2_54616110B24616396985677","slope_deg":2.978,"inside_protected_area":false,"elevation_zone":"500_1000_M","osm_route_status":"OK","label":"Şəhid Etibar Nəsibov bulağı","osm_route_distance_km":2.211,"verification_status":"OSM_ONLY","nearest_airport_km":58.986,"source_role":"PHASE3C_VALIDATION","elevation_m":577.96,"nearest_protected_area":"Türyançay Qoruğu","osm_drive_time_min":2.9,"name_az":"Şəhid Etibar Nəsibov bulağı","display_rank":560,"source_primary":"OSM Geofabrik Azerbaijan snapshot","rayon":"Şəki şəhəri","thesis_group":"NATURAL_RESOURCES","icon_id":"natural_climatic"},"geometry":{"type":"Point","coordinates":[47.175297300000004,41.1969979]}},{"type":"Feature","properties":{"coastal_distance_km":129.073,"nearest_rail_station_km":16.624,"landcover_class":"tree_cover","poi_id":"OSM_cultural_12076042071","nearest_bus_terminal_km":3.424,"nearest_river_distance_m":1382.9,"access_mode_status":"ROUTABLE_ROAD","thesis_subtype":"ARCHITECTURAL_MONUMENT","terrain_context":"FOREST","rayon_id":"AZE_ADM2_54616110B88730523237575","slope_deg":0.551,"inside_protected_area":false,"elevation_zone":"0_200_M","osm_route_status":"OK","label":"Şəhidlik Abidəsi","osm_route_distance_km":18.548,"verification_status":"OSM_ONLY","nearest_airport_km":21.24,"source_role":"PHASE3C_VALIDATION","nearest_river":"Göyçay","elevation_m":81.1,"nearest_protected_area":"Türyançay Qoruğu","osm_drive_time_min":20.2,"name_az":"Şəhidlik Abidəsi","display_rank":941,"source_primary":"OSM Geofabrik Azerbaijan snapshot","rayon":"Göyçay rayonu","thesis_group":"HISTORICAL_CULTURAL","icon_id":"cultural_monument"},"geometry":{"type":"Point","coordinates":[47.7707673,40.626961300000005]}},{"type":"Feature","properties":{"coastal_distance_km":1.687,"nearest_rail_station_km":26.541,"landcover_class":"grassland","poi_id":"OSM_natural_10744206299","nearest_bus_terminal_km":37.118,"nearest_river_distance_m":4081.6,"access_mode_status":"ROUTABLE_ROAD","thesis_subtype":"CLIMATIC_HEALTH","terrain_context":"LOWLAND","rayon_id":"AZE_ADM2_54616110B61947743987915","slope_deg":1.066,"inside_protected_area":false,"elevation_zone":"0_200_M","osm_route_status":"OK","label":"Şəhidlər Bulağı \\ Qoşaqışlaq Zirə","osm_route_distance_km":58.013,"verification_status":"OSM_ONLY","nearest_airport_km":19.473,"source_role":"PHASE3C_VALIDATION","nearest_river":"Samur-Abşeron kanalı","elevation_m":9.72,"nearest_protected_area":"Şah Dili Qoruğu","osm_drive_time_min":39.2,"name_az":"Şəhidlər Bulağı \\ Qoşaqışlaq Zirə","display_rank":20,"source_primary":"OSM Geofabrik Azerbaijan snapshot","rayon":"Bakı şəhəri","thesis_group":"NATURAL_RESOURCES","icon_id":"natural_climatic"},"geometry":{"type":"Point","coordinates":[50.266721200000006,40.4255051]}},{"type":"Feature","properties":{"coastal_distance_km":296.521,"nearest_rail_station_km":159.797,"landcover_class":"built_up","poi_id":"OSM_cultural_13395930989","nearest_bus_terminal_km":62.254,"nearest_river_distance_m":2131.1,"access_mode_status":"ROUTABLE_ROAD","thesis_subtype":"ARCHITECTURAL_MONUMENT","terrain_context":"URBAN","rayon_id":"AZE_ADM2_54616110B79262118902245","slope_deg":2.459,"inside_protected_area":false,"elevation_zone":"500_1000_M","osm_route_status":"OK","label":"Şəhidlər Xiyabanı","osm_route_distance_km":1.633,"verification_status":"OSM_ONLY","nearest_airport_km":4.685,"source_role":"PHASE3C_VALIDATION","elevation_m":878.06,"nearest_protected_area":"Սև լիճ արգելավայր","osm_drive_time_min":1.3,"name_az":"Şəhidlər Xiyabanı","display_rank":1121,"source_primary":"OSM Geofabrik Azerbaijan snapshot","rayon":"Naxçıvan şəhəri","thesis_group":"HISTORICAL_CULTURAL","icon_id":"cultural_monument"},"geometry":{"type":"Point","coordinates":[45.4083806,39.2018125]}},{"type":"Feature","properties":{"coastal_distance_km":173.903,"nearest_rail_station_km":34.609,"landcover_class":"shrubland","poi_id":"OSM_cultural_3655658474","nearest_bus_terminal_km":103.029,"nearest_river_distance_m":586.9,"access_mode_status":"ROUTABLE_ROAD","thesis_subtype":"ARCHITECTURAL_MONUMENT","terrain_context":"FOOTHILL","rayon_id":"AZE_ADM2_54616110B38461317640181","slope_deg":7.264,"inside_protected_area":false,"elevation_zone":"500_1000_M","osm_route_status":"OK","label":"Şəhidlərin Xatirə Kompleksi","osm_route_distance_km":6.91,"verification_status":"OSM_ONLY","nearest_airport_km":24.226,"source_role":"PHASE3C_VALIDATION","nearest_river":"Qaradağlı","elevation_m":689.04,"nearest_protected_area":"Սև լիճ արգելավայր","osm_drive_time_min":5.2,"name_az":"Şəhidlərin Xatirə Kompleksi","display_rank":1348,"source_primary":"OSM Geofabrik Azerbaijan snapshot","rayon":"Xocavənd rayonu","thesis_group":"HISTORICAL_CULTURAL","icon_id":"cultural_monument"},"geometry":{"type":"Point","coordinates":[46.945296000000006,39.682661100000004]}},{"type":"Feature","properties":{"coastal_distance_km":128.626,"nearest_rail_station_km":15.629,"landcover_class":"built_up","poi_id":"OSM_cultural_5088734123","nearest_bus_terminal_km":1.959,"nearest_river_distance_m":294.0,"access_mode_status":"ROUTABLE_ROAD","official_status":"official Azerbaijan.travel regional/destination content matched","thesis_subtype":"CASTLE_PALACE_FORTRESS","terrain_context":"URBAN","heritage_source_url":"https://azerbaijan.travel/storage/pages/235/2f3b9f69-4a57-49a6-b2d2-4a4dcbd7a4a9.pdf","rayon_id":"AZE_ADM2_54616110B24616396985677","semantic_source_url":"https://azerbaijan.travel/storage/pages/235/2f3b9f69-4a57-49a6-b2d2-4a4dcbd7a4a9.pdf","slope_deg":5.547,"inside_protected_area":false,"elevation_zone":"500_1000_M","osm_route_status":"OK","label":"Şəkixanovlar Ev Muzeyi","osm_route_distance_km":0.928,"verification_status":"OFFICIAL_VERIFIED","nearest_airport_km":59.478,"source_role":"PHASE3C_VALIDATION","elevation_m":682.55,"nearest_protected_area":"Türyançay Qoruğu","osm_drive_time_min":1.4,"source_secondary":"https://azerbaijan.travel/storage/pages/235/2f3b9f69-4a57-49a6-b2d2-4a4dcbd7a4a9.pdf","name_az":"Şəkixanovlar Ev Muzeyi","official_evidence_source":"official Azerbaijan.travel regional/destination content matched","display_rank":12,"source_primary":"OSM Geofabrik Azerbaijan snapshot","rayon":"Şəki şəhəri","thesis_group":"HISTORICAL_CULTURAL","icon_id":"cultural_castle"},"geometry":{"type":"Point","coordinates":[47.190308800000004,41.202646]}},{"type":"Feature","properties":{"coastal_distance_km":220.531,"nearest_rail_station_km":11.121,"poi_id":"OSM_natural_109340","nearest_bus_terminal_km":38.178,"nearest_river_distance_m":594.4,"access_mode_status":"LOCAL_4X4_OR_TRAIL_REVIEW","thesis_subtype":"COASTAL_WATER","terrain_context":"LAKE_SHORE","rayon_id":"AZE_ADM2_54616110B57585842497805","slope_deg":0.0,"inside_protected_area":false,"elevation_zone":"0_200_M","osm_route_status":"UNREACHABLE","label":"Şəmkir su anbarı","verification_status":"OSM_ONLY","nearest_airport_km":32.324,"source_role":"PHASE3C_VALIDATION","nearest_river":"Kür","elevation_m":0.0,"nearest_protected_area":"Türyançay Qoruğu","name_az":"Şəmkir su anbarı","display_rank":21,"source_primary":"OSM Geofabrik Azerbaijan snapshot","rayon":"Şəmkir rayonu","thesis_group":"NATURAL_RESOURCES","icon_id":"natural_waterfall"},"geometry":{"type":"Point","coordinates":[46.07649830177731,40.96350353371681]}},{"type":"Feature","properties":{"coastal_distance_km":344.804,"nearest_rail_station_km":152.565,"poi_id":"OSM_natural_8099633893","nearest_bus_terminal_km":121.073,"nearest_river_distance_m":3537.1,"access_mode_status":"ROUTABLE_ROAD","thesis_subtype":"LANDSCAPE_SCENERY","terrain_context":"LOWLAND","rayon_id":"AZE_ADM2_54616110B79964383852369","slope_deg":77.057,"inside_protected_area":false,"elevation_zone":"0_200_M","osm_route_status":"OK","label":"Əjdəkan","osm_route_distance_km":9.15,"verification_status":"OSM_ONLY","nearest_airport_km":76.075,"source_role":"PHASE3C_VALIDATION","elevation_m":0.0,"nearest_protected_area":"Սև լիճ արգելավայր","osm_drive_time_min":13.7,"name_az":"Əjdəkan","display_rank":636,"source_primary":"OSM Geofabrik Azerbaijan snapshot","rayon":"Sədərək rayonu","thesis_group":"NATURAL_RESOURCES","icon_id":"natural_viewpoint"},"geometry":{"type":"Point","coordinates":[44.918074600000004,39.728544500000005]}},{"type":"Feature","properties":{"coastal_distance_km":26.182,"nearest_rail_station_km":114.222,"landcover_class":"built_up","poi_id":"OSM_cultural_13456545330","nearest_bus_terminal_km":76.328,"nearest_river_distance_m":481.9,"access_mode_status":"ROUTABLE_ROAD","thesis_subtype":"ARCHITECTURAL_MONUMENT","terrain_context":"URBAN","rayon_id":"AZE_ADM2_54616110B40961788089107","slope_deg":0.198,"inside_protected_area":false,"elevation_zone":"BELOW_SEA_LEVEL","osm_route_status":"OK","label":"Əlibəy Hüseynzadə hekəli","osm_route_distance_km":56.309,"verification_status":"OSM_ONLY","nearest_airport_km":94.747,"source_role":"PHASE3C_VALIDATION","nearest_river":"Kür","elevation_m":-18.69,"osm_drive_time_min":57.0,"name_az":"Əlibəy Hüseynzadə hekəli","display_rank":1124,"source_primary":"OSM Geofabrik Azerbaijan snapshot","rayon":"Neftçala rayonu","thesis_group":"HISTORICAL_CULTURAL","icon_id":"cultural_monument"},"geometry":{"type":"Point","coordinates":[48.985768,39.5953631]}},{"type":"Feature","properties":{"coastal_distance_km":271.782,"nearest_rail_station_km":140.466,"landcover_class":"grassland","poi_id":"OSM_cultural_2061899075","nearest_bus_terminal_km":42.513,"nearest_river_distance_m":920.1,"access_mode_status":"ROUTABLE_ROAD","thesis_subtype":"OTHER_CULTURAL","terrain_context":"MOUNTAIN","rayon_id":"AZE_ADM2_54616110B53393721771174","slope_deg":26.042,"inside_protected_area":false,"elevation_zone":"1000_2000_M","osm_route_status":"OK","label":"Əlincə qalası","osm_route_distance_km":10.593,"verification_status":"OSM_ONLY","nearest_airport_km":20.406,"source_role":"PHASE3C_VALIDATION","nearest_river":"Əlincəçay","elevation_m":1596.84,"nearest_protected_area":"Սև լիճ արգելավայր","osm_drive_time_min":15.9,"name_az":"Əlincə qalası","display_rank":1232,"source_primary":"OSM Geofabrik Azerbaijan snapshot","rayon":"Culfa rayonu","thesis_group":"HISTORICAL_CULTURAL","icon_id":"cultural_historic"},"geometry":{"type":"Point","coordinates":[45.695069600000004,39.193801300000004]}}]}
