{"type":"FeatureCollection","features":[{"type":"Feature","properties":{"poi_id":"OSM_cultural_6267427195","label":"1-ci Neft Buruğu Abidəsi","name_az":"1-ci Neft Buruğu Abidəsi","thesis_group":"HISTORICAL_CULTURAL","thesis_subtype":"monument","icon_id":"cultural_monument","name_quality":"NAMED","rayon":"Bakı şəhəri","rayon_id":"AZE_ADM2_54616110B61947743987915","verification_status":"PROVISIONAL","source_role":"MASTER_GIS","display_rank":335,"lon":50.330024,"lat":40.477474},"geometry":{"type":"Point","coordinates":[50.330024200000004,40.4774736]}},{"type":"Feature","properties":{"poi_id":"OSM_cultural_10028236499","label":"14 İyul Abidəsi","name_az":"14 İyul Abidəsi","thesis_group":"HISTORICAL_CULTURAL","thesis_subtype":"monument","icon_id":"cultural_monument","name_quality":"NAMED","rayon":"Bakı şəhəri","rayon_id":"AZE_ADM2_54616110B61947743987915","verification_status":"PROVISIONAL","source_role":"MASTER_GIS","display_rank":860,"lon":50.031728,"lat":40.434303},"geometry":{"type":"Point","coordinates":[50.0317276,40.434302800000005]}},{"type":"Feature","properties":{"poi_id":"OSM_cultural_3299666770","label":"15 əsr Qalası","name_az":"15 əsr Qalası","thesis_group":"HISTORICAL_CULTURAL","thesis_subtype":"museum","icon_id":"cultural_museum","name_quality":"NAMED","rayon":"Naxçıvan şəhəri","rayon_id":"AZE_ADM2_54616110B79262118902245","verification_status":"PROVISIONAL","source_role":"MASTER_GIS","display_rank":103,"lon":45.413476,"lat":39.195258},"geometry":{"type":"Point","coordinates":[45.4134764,39.1952583]}},{"type":"Feature","properties":{"poi_id":"OSM_cultural_7726569296","label":"1918 Soyqırım Muzeyi","name_az":"1918 Soyqırım Muzeyi","thesis_group":"HISTORICAL_CULTURAL","thesis_subtype":"museum","icon_id":"cultural_museum","name_quality":"NAMED","rayon":"Xaçmaz rayonu","rayon_id":"AZE_ADM2_54616110B89497242950609","verification_status":"PROVISIONAL","source_role":"MASTER_GIS","display_rank":485,"lon":48.79949,"lat":41.441126},"geometry":{"type":"Point","coordinates":[48.799489900000005,41.4411259]}},{"type":"Feature","properties":{"poi_id":"OSM_cultural_3231730122","label":"1918 il Qətliamı Abidəsi","name_az":"1918 il Qətliamı Abidəsi","thesis_group":"HISTORICAL_CULTURAL","thesis_subtype":"monument","icon_id":"cultural_monument","name_quality":"NAMED","rayon":"Bakı şəhəri","rayon_id":"AZE_ADM2_54616110B61947743987915","verification_status":"PROVISIONAL","source_role":"MASTER_GIS","display_rank":91,"lon":50.139222,"lat":40.491943},"geometry":{"type":"Point","coordinates":[50.1392217,40.491943400000004]}},{"type":"Feature","properties":{"poi_id":"OSM_cultural_11374371616","label":"1941 - 1945 Abidəsi","name_az":"1941 - 1945 Abidəsi","thesis_group":"HISTORICAL_CULTURAL","thesis_subtype":"monument","icon_id":"cultural_monument","name_quality":"NAMED","rayon":"Sumqayıt şəhəri","rayon_id":"AZE_ADM2_54616110B75219613739908","verification_status":"PROVISIONAL","source_role":"MASTER_GIS","display_rank":1044,"lon":49.55773,"lat":40.618444},"geometry":{"type":"Point","coordinates":[49.5577303,40.6184439]}},{"type":"Feature","properties":{"poi_id":"OSM_cultural_3643779744","label":"1941-1945 Abidə","name_az":"1941-1945 Abidə","thesis_group":"HISTORICAL_CULTURAL","thesis_subtype":"monument","icon_id":"cultural_monument","name_quality":"NAMED","rayon":"Abşeron rayonu","rayon_id":"AZE_ADM2_54616110B88432173472444","verification_status":"PROVISIONAL","source_role":"MASTER_GIS","display_rank":158,"lon":49.779119,"lat":40.528182},"geometry":{"type":"Point","coordinates":[49.779119200000004,40.528182400000006]}},{"type":"Feature","properties":{"poi_id":"OSM_cultural_4308357489","label":"1941-1945 Abidə","name_az":"1941-1945 Abidə","thesis_group":"HISTORICAL_CULTURAL","thesis_subtype":"monument","icon_id":"cultural_monument","name_quality":"NAMED","rayon":"Şəki şəhəri","rayon_id":"AZE_ADM2_54616110B24616396985677","verification_status":"PROVISIONAL","source_role":"MASTER_GIS","display_rank":190,"lon":47.185713,"lat":41.198334},"geometry":{"type":"Point","coordinates":[47.185712800000005,41.198333600000005]}},{"type":"Feature","properties":{"poi_id":"OSM_cultural_5526875224","label":"1941-1945 Abidə","name_az":"1941-1945 Abidə","thesis_group":"HISTORICAL_CULTURAL","thesis_subtype":"memorial","icon_id":"cultural_historic","name_quality":"NAMED","rayon":"Bakı şəhəri","rayon_id":"AZE_ADM2_54616110B61947743987915","verification_status":"PROVISIONAL","source_role":"MASTER_GIS","display_rank":273,"lon":50.086043,"lat":40.367741},"geometry":{"type":"Point","coordinates":[50.0860427,40.3677411]}},{"type":"Feature","properties":{"poi_id":"OSM_cultural_11284544981","label":"1941-1945 Abidə","name_az":"1941-1945 Abidə","thesis_group":"HISTORICAL_CULTURAL","thesis_subtype":"monument","icon_id":"cultural_monument","name_quality":"NAMED","rayon":"Bakı şəhəri","rayon_id":"AZE_ADM2_54616110B61947743987915","verification_status":"PROVISIONAL","source_role":"MASTER_GIS","display_rank":1027,"lon":49.727326,"lat":40.320471},"geometry":{"type":"Point","coordinates":[49.7273263,40.320471100000006]}},{"type":"Feature","properties":{"poi_id":"OSM_cultural_12140737589","label":"1941-1945 Abidə","name_az":"1941-1945 Abidə","thesis_group":"HISTORICAL_CULTURAL","thesis_subtype":"monument","icon_id":"cultural_monument","name_quality":"NAMED","rayon":"Qazax rayonu","rayon_id":"AZE_ADM2_54616110B43488292017990","verification_status":"PROVISIONAL","source_role":"MASTER_GIS","display_rank":1148,"lon":45.265177,"lat":41.136454},"geometry":{"type":"Point","coordinates":[45.265176600000004,41.136453700000004]}},{"type":"Feature","properties":{"poi_id":"OSM_cultural_2912530948","label":"1941-1945 Abidəsi","name_az":"1941-1945 Abidəsi","thesis_group":"HISTORICAL_CULTURAL","thesis_subtype":"memorial","icon_id":"cultural_historic","name_quality":"NAMED","rayon":"Bakı şəhəri","rayon_id":"AZE_ADM2_54616110B61947743987915","verification_status":"PROVISIONAL","source_role":"MASTER_GIS","display_rank":58,"lon":50.285608,"lat":40.372971},"geometry":{"type":"Point","coordinates":[50.285608200000006,40.3729707]}},{"type":"Feature","properties":{"poi_id":"OSM_cultural_2974405663","label":"1941-1945 Abidəsi","name_az":"1941-1945 Abidəsi","thesis_group":"HISTORICAL_CULTURAL","thesis_subtype":"monument","icon_id":"cultural_monument","name_quality":"NAMED","rayon":"Cəlilabad rayonu","rayon_id":"AZE_ADM2_54616110B78302808254353","verification_status":"PROVISIONAL","source_role":"MASTER_GIS","display_rank":69,"lon":48.498111,"lat":39.208899},"geometry":{"type":"Point","coordinates":[48.498111400000006,39.208898600000005]}},{"type":"Feature","properties":{"poi_id":"OSM_cultural_5642110323","label":"1941-1945 Abidəsi","name_az":"1941-1945 Abidəsi","thesis_group":"HISTORICAL_CULTURAL","thesis_subtype":"monument","icon_id":"cultural_monument","name_quality":"NAMED","rayon":"Gədəbəy rayonu","rayon_id":"AZE_ADM2_54616110B46799199998097","verification_status":"PROVISIONAL","source_role":"MASTER_GIS","display_rank":277,"lon":45.812395,"lat":40.595518},"geometry":{"type":"Point","coordinates":[45.8123951,40.5955176]}},{"type":"Feature","properties":{"poi_id":"OSM_cultural_13603707794","label":"1941-1945 Abidəsi","name_az":"1941-1945 Abidəsi","thesis_group":"HISTORICAL_CULTURAL","thesis_subtype":"memorial","icon_id":"cultural_historic","name_quality":"NAMED","rayon":"Salyan rayonu","rayon_id":"AZE_ADM2_54616110B55207089168458","verification_status":"PROVISIONAL","source_role":"MASTER_GIS","display_rank":1330,"lon":48.974786,"lat":39.588622},"geometry":{"type":"Point","coordinates":[48.974785700000005,39.5886219]}},{"type":"Feature","properties":{"poi_id":"OSM_cultural_13513161535","label":"1941-1945 Abidəsi \\ Kür Qaraqaşlı","name_az":"1941-1945 Abidəsi \\ Kür Qaraqaşlı","thesis_group":"HISTORICAL_CULTURAL","thesis_subtype":"monument","icon_id":"cultural_monument","name_quality":"NAMED","rayon":"Salyan rayonu","rayon_id":"AZE_ADM2_54616110B55207089168458","verification_status":"PROVISIONAL","source_role":"MASTER_GIS","display_rank":1311,"lon":48.991095,"lat":39.550029},"geometry":{"type":"Point","coordinates":[48.991094800000006,39.550029200000004]}},{"type":"Feature","properties":{"poi_id":"OSM_cultural_13456604028","label":"1941-1945 Dairəsi","name_az":"1941-1945 Dairəsi","thesis_group":"HISTORICAL_CULTURAL","thesis_subtype":"monument","icon_id":"cultural_monument","name_quality":"NAMED","rayon":"Salyan rayonu","rayon_id":"AZE_ADM2_54616110B55207089168458","verification_status":"PROVISIONAL","source_role":"MASTER_GIS","display_rank":1310,"lon":48.974213,"lat":39.58848},"geometry":{"type":"Point","coordinates":[48.974213000000006,39.5884803]}},{"type":"Feature","properties":{"poi_id":"OSM_cultural_11170224792","label":"1941-1945 Xocasən","name_az":"1941-1945 Xocasən","thesis_group":"HISTORICAL_CULTURAL","thesis_subtype":"monument","icon_id":"cultural_monument","name_quality":"NAMED","rayon":"Bakı şəhəri","rayon_id":"AZE_ADM2_54616110B61947743987915","verification_status":"PROVISIONAL","source_role":"MASTER_GIS","display_rank":1007,"lon":49.772405,"lat":40.412681},"geometry":{"type":"Point","coordinates":[49.772404900000005,40.4126812]}},{"type":"Feature","properties":{"poi_id":"OSM_cultural_12010269069","label":"1941-1945 \\ Aşağı Salahlı","name_az":"1941-1945 \\ Aşağı Salahlı","thesis_group":"HISTORICAL_CULTURAL","thesis_subtype":"monument","icon_id":"cultural_monument","name_quality":"NAMED","rayon":"Qazax rayonu","rayon_id":"AZE_ADM2_54616110B43488292017990","verification_status":"PROVISIONAL","source_role":"MASTER_GIS","display_rank":1107,"lon":45.336074,"lat":41.20837},"geometry":{"type":"Point","coordinates":[45.336074100000005,41.2083699]}},{"type":"Feature","properties":{"poi_id":"OSM_cultural_3553938397","label":"1941-1945 \\ Giləzi","name_az":"1941-1945 \\ Giləzi","thesis_group":"HISTORICAL_CULTURAL","thesis_subtype":"monument","icon_id":"cultural_monument","name_quality":"NAMED","rayon":"Xızı rayonu","rayon_id":"AZE_ADM2_54616110B97026515433008","verification_status":"PROVISIONAL","source_role":"MASTER_GIS","display_rank":146,"lon":49.343756,"lat":40.871091},"geometry":{"type":"Point","coordinates":[49.3437555,40.8710907]}},{"type":"Feature","properties":{"poi_id":"OSM_cultural_9834556181","label":"1941-1954 Abidəsi","name_az":"1941-1954 Abidəsi","thesis_group":"HISTORICAL_CULTURAL","thesis_subtype":"monument","icon_id":"cultural_monument","name_quality":"NAMED","rayon":"Bakı şəhəri","rayon_id":"AZE_ADM2_54616110B61947743987915","verification_status":"PROVISIONAL","source_role":"MASTER_GIS","display_rank":831,"lon":50.113012,"lat":40.518493},"geometry":{"type":"Point","coordinates":[50.113011900000004,40.5184931]}},{"type":"Feature","properties":{"poi_id":"OSM_cultural_8312865116","label":"2-ci fabrikin binası 19-cu əsr","name_az":"2-ci fabrikin binası 19-cu əsr","thesis_group":"HISTORICAL_CULTURAL","thesis_subtype":"manor","icon_id":"cultural_historic","name_quality":"NAMED","rayon":"Şəki şəhəri","rayon_id":"AZE_ADM2_54616110B24616396985677","verification_status":"PROVISIONAL","source_role":"MASTER_GIS","display_rank":715,"lon":47.172758,"lat":41.189781},"geometry":{"type":"Point","coordinates":[47.172758300000005,41.189780600000006]}},{"type":"Feature","properties":{"poi_id":"OSM_cultural_10288192670","label":"20 Yanvar Abidəsi","name_az":"20 Yanvar Abidəsi","thesis_group":"HISTORICAL_CULTURAL","thesis_subtype":"monument","icon_id":"cultural_monument","name_quality":"NAMED","rayon":"Bakı şəhəri","rayon_id":"AZE_ADM2_54616110B61947743987915","verification_status":"PROVISIONAL","source_role":"MASTER_GIS","display_rank":894,"lon":49.805855,"lat":40.437215},"geometry":{"type":"Point","coordinates":[49.805854700000005,40.437215]}},{"type":"Feature","properties":{"poi_id":"OSM_cultural_13005118693","label":"20 Yanvar Abidəsi","name_az":"20 Yanvar Abidəsi","thesis_group":"HISTORICAL_CULTURAL","thesis_subtype":"monument","icon_id":"cultural_monument","name_quality":"NAMED","rayon":"Şirvan şəhəri","rayon_id":"AZE_ADM2_54616110B45272408011177","verification_status":"PROVISIONAL","source_role":"MASTER_GIS","display_rank":1280,"lon":48.9373,"lat":39.957279},"geometry":{"type":"Point","coordinates":[48.9373001,39.9572787]}},{"type":"Feature","properties":{"poi_id":"OSM_cultural_11083609919","label":"20 Yanvar abidəsi","name_az":"20 Yanvar abidəsi","thesis_group":"HISTORICAL_CULTURAL","thesis_subtype":"memorial","icon_id":"cultural_historic","name_quality":"NAMED","rayon":"Gəncə şəhəri","rayon_id":"AZE_ADM2_54616110B84154267491992","verification_status":"PROVISIONAL","source_role":"MASTER_GIS","display_rank":984,"lon":46.388742,"lat":40.684383},"geometry":{"type":"Point","coordinates":[46.3887422,40.6843827]}},{"type":"Feature","properties":{"poi_id":"OSM_cultural_1930089757","label":"20 Yanvar Şəhidləri abidəsi","name_az":"20 Yanvar Şəhidləri abidəsi","thesis_group":"HISTORICAL_CULTURAL","thesis_subtype":"monument","icon_id":"cultural_monument","name_quality":"NAMED","rayon":"Bakı şəhəri","rayon_id":"AZE_ADM2_54616110B61947743987915","verification_status":"PROVISIONAL","source_role":"MASTER_GIS","display_rank":25,"lon":49.807025,"lat":40.40379},"geometry":{"type":"Point","coordinates":[49.8070254,40.4037901]}},{"type":"Feature","properties":{"poi_id":"OSM_cultural_11879933155","label":"7 Şəhid Qəbirstanlığı","name_az":"7 Şəhid Qəbirstanlığı","thesis_group":"HISTORICAL_CULTURAL","thesis_subtype":"place_of_worship","icon_id":"cultural_historic","name_quality":"NAMED","rayon":"Tovuz rayonu","rayon_id":"AZE_ADM2_54616110B84187356839814","verification_status":"PROVISIONAL","source_role":"MASTER_GIS","display_rank":1099,"lon":45.691295,"lat":40.949364},"geometry":{"type":"Point","coordinates":[45.691295100000005,40.9493645]}},{"type":"Feature","properties":{"poi_id":"OSM_cultural_6328986885","label":"8 Qapı Ziyarətgahı","name_az":"8 Qapı Ziyarətgahı","thesis_group":"HISTORICAL_CULTURAL","thesis_subtype":"monument","icon_id":"cultural_monument","name_quality":"NAMED","rayon":"Bakı şəhəri","rayon_id":"AZE_ADM2_54616110B61947743987915","verification_status":"PROVISIONAL","source_role":"MASTER_GIS","display_rank":340,"lon":49.993727,"lat":40.535572},"geometry":{"type":"Point","coordinates":[49.9937267,40.5355715]}},{"type":"Feature","properties":{"poi_id":"OSM_cultural_10951959988","label":"AAAF Park Məscidi","name_az":"AAAF Park Məscidi","thesis_group":"HISTORICAL_CULTURAL","thesis_subtype":"place_of_worship","icon_id":"cultural_historic","name_quality":"NAMED","rayon":"Abşeron rayonu","rayon_id":"AZE_ADM2_54616110B88432173472444","verification_status":"PROVISIONAL","source_role":"MASTER_GIS","display_rank":968,"lon":49.722922,"lat":40.457577},"geometry":{"type":"Point","coordinates":[49.722922100000005,40.457576700000004]}},{"type":"Feature","properties":{"poi_id":"OSM_cultural_5986103490","label":"AMEA Arxeologiya və Etnoqrafiya mueyi","name_az":"AMEA Arxeologiya və Etnoqrafiya mueyi","thesis_group":"HISTORICAL_CULTURAL","thesis_subtype":"museum","icon_id":"cultural_museum","name_quality":"NAMED","rayon":"Bakı şəhəri","rayon_id":"AZE_ADM2_54616110B61947743987915","verification_status":"PROVISIONAL","source_role":"MASTER_GIS","display_rank":316,"lon":49.836611,"lat":40.367711},"geometry":{"type":"Point","coordinates":[49.8366108,40.367711]}},{"type":"Feature","properties":{"poi_id":"OSM_cultural_13706420396","label":"Abbas Səhhət heykəli","name_az":"Abbas Səhhət heykəli","thesis_group":"HISTORICAL_CULTURAL","thesis_subtype":"memorial","icon_id":"cultural_historic","name_quality":"NAMED","rayon":"Şamaxı rayonu","rayon_id":"AZE_ADM2_54616110B16651088424667","verification_status":"PROVISIONAL","source_role":"MASTER_GIS","display_rank":1342,"lon":48.643287,"lat":40.646441},"geometry":{"type":"Point","coordinates":[48.643287400000006,40.6464407]}},{"type":"Feature","properties":{"poi_id":"OSM_cultural_13854439943","label":"Abbas kənd Məscidi","name_az":"Abbas kənd Məscidi","thesis_group":"HISTORICAL_CULTURAL","thesis_subtype":"place_of_worship","icon_id":"cultural_historic","name_quality":"NAMED","rayon":"Şəki rayonu","rayon_id":"AZE_ADM2_54616110B25010354244926","verification_status":"PROVISIONAL","source_role":"MASTER_GIS","display_rank":1347,"lon":46.98453,"lat":41.302116},"geometry":{"type":"Point","coordinates":[46.9845302,41.3021157]}},{"type":"Feature","properties":{"poi_id":"OSM_cultural_11423561506","label":"Abbaslı kənd Məscidi","name_az":"Abbaslı kənd Məscidi","thesis_group":"HISTORICAL_CULTURAL","thesis_subtype":"place_of_worship","icon_id":"cultural_historic","name_quality":"NAMED","rayon":"Şəmkir rayonu","rayon_id":"AZE_ADM2_54616110B57585842497805","verification_status":"PROVISIONAL","source_role":"MASTER_GIS","display_rank":1053,"lon":46.147146,"lat":40.758087},"geometry":{"type":"Point","coordinates":[46.147145900000005,40.7580868]}},{"type":"Feature","properties":{"poi_id":"OSM_cultural_3532696462","label":"Abbasqulu Bakıxanov heykəli","name_az":"Abbasqulu Bakıxanov heykəli","thesis_group":"HISTORICAL_CULTURAL","thesis_subtype":"memorial","icon_id":"cultural_historic","name_quality":"NAMED","rayon":"Bakı şəhəri","rayon_id":"AZE_ADM2_54616110B61947743987915","verification_status":"PROVISIONAL","source_role":"MASTER_GIS","display_rank":139,"lon":49.954854,"lat":40.431252},"geometry":{"type":"Point","coordinates":[49.954854100000006,40.4312521]}},{"type":"Feature","properties":{"poi_id":"OSM_cultural_7691861044","label":"Abdal Məscidi","name_az":"Abdal Məscidi","thesis_group":"HISTORICAL_CULTURAL","thesis_subtype":"place_of_worship","icon_id":"cultural_historic","name_quality":"NAMED","rayon":"Qusar rayonu","rayon_id":"AZE_ADM2_54616110B21517829058101","verification_status":"PROVISIONAL","source_role":"MASTER_GIS","display_rank":412,"lon":48.472653,"lat":41.640187},"geometry":{"type":"Point","coordinates":[48.472653300000005,41.6401866]}},{"type":"Feature","properties":{"poi_id":"OSM_cultural_3279861171","label":"Abidə","name_az":"Abidə","thesis_group":"HISTORICAL_CULTURAL","thesis_subtype":"monument","icon_id":"cultural_monument","name_quality":"NAMED","rayon":"İsmayıllı rayonu","rayon_id":"AZE_ADM2_54616110B45290451128830","verification_status":"PROVISIONAL","source_role":"MASTER_GIS","display_rank":94,"lon":48.166571,"lat":40.795209},"geometry":{"type":"Point","coordinates":[48.1665707,40.795208900000006]}},{"type":"Feature","properties":{"poi_id":"OSM_cultural_6961357086","label":"Abidə","name_az":"Abidə","thesis_group":"HISTORICAL_CULTURAL","thesis_subtype":"monument","icon_id":"cultural_monument","name_quality":"NAMED","rayon":"Bakı şəhəri","rayon_id":"AZE_ADM2_54616110B61947743987915","verification_status":"PROVISIONAL","source_role":"MASTER_GIS","display_rank":356,"lon":50.344856,"lat":40.440237},"geometry":{"type":"Point","coordinates":[50.3448555,40.440237200000006]}},{"type":"Feature","properties":{"poi_id":"OSM_cultural_7770376585","label":"Abidə","name_az":"Abidə","thesis_group":"HISTORICAL_CULTURAL","thesis_subtype":"memorial","icon_id":"cultural_historic","name_quality":"NAMED","rayon":"Xocalı rayonu","rayon_id":"AZE_ADM2_54616110B87325868620163","verification_status":"PROVISIONAL","source_role":"MASTER_GIS","display_rank":523,"lon":46.75105,"lat":39.812814},"geometry":{"type":"Point","coordinates":[46.7510501,39.812814100000004]}},{"type":"Feature","properties":{"poi_id":"OSM_cultural_8108987450","label":"Abidə","name_az":"Abidə","thesis_group":"HISTORICAL_CULTURAL","thesis_subtype":"monument","icon_id":"cultural_monument","name_quality":"NAMED","rayon":"Zaqatala rayonu","rayon_id":"AZE_ADM2_54616110B4759617374649","verification_status":"PROVISIONAL","source_role":"MASTER_GIS","display_rank":655,"lon":46.656154,"lat":41.592525},"geometry":{"type":"Point","coordinates":[46.6561541,41.5925251]}},{"type":"Feature","properties":{"poi_id":"OSM_cultural_8951222586","label":"Abidə","name_az":"Abidə","thesis_group":"HISTORICAL_CULTURAL","thesis_subtype":"memorial","icon_id":"cultural_historic","name_quality":"NAMED","rayon":"Göygöl rayonu","rayon_id":"AZE_ADM2_54616110B13615645655589","verification_status":"PROVISIONAL","source_role":"MASTER_GIS","display_rank":764,"lon":46.304278,"lat":40.712952},"geometry":{"type":"Point","coordinates":[46.3042778,40.7129515]}},{"type":"Feature","properties":{"poi_id":"OSM_cultural_9205628253","label":"Abidə","name_az":"Abidə","thesis_group":"HISTORICAL_CULTURAL","thesis_subtype":"monument","icon_id":"cultural_monument","name_quality":"NAMED","rayon":"Ağdaş rayonu","rayon_id":"AZE_ADM2_54616110B75800990015815","verification_status":"PROVISIONAL","source_role":"MASTER_GIS","display_rank":776,"lon":47.496875,"lat":40.647476},"geometry":{"type":"Point","coordinates":[47.496875100000004,40.6474765]}},{"type":"Feature","properties":{"poi_id":"OSM_cultural_9214862704","label":"Abidə","name_az":"Abidə","thesis_group":"HISTORICAL_CULTURAL","thesis_subtype":"monument","icon_id":"cultural_monument","name_quality":"NAMED","rayon":"Ağdaş rayonu","rayon_id":"AZE_ADM2_54616110B75800990015815","verification_status":"PROVISIONAL","source_role":"MASTER_GIS","display_rank":777,"lon":47.465142,"lat":40.630346},"geometry":{"type":"Point","coordinates":[47.465141900000006,40.630346100000004]}},{"type":"Feature","properties":{"poi_id":"OSM_cultural_9445592161","label":"Abidə","name_az":"Abidə","thesis_group":"HISTORICAL_CULTURAL","thesis_subtype":"monument","icon_id":"cultural_monument","name_quality":"NAMED","rayon":"Yevlax rayonu","rayon_id":"AZE_ADM2_54616110B52362464060400","verification_status":"PROVISIONAL","source_role":"MASTER_GIS","display_rank":795,"lon":47.086949,"lat":40.755563},"geometry":{"type":"Point","coordinates":[47.086949000000004,40.7555634]}},{"type":"Feature","properties":{"poi_id":"OSM_cultural_9445647035","label":"Abidə","name_az":"Abidə","thesis_group":"HISTORICAL_CULTURAL","thesis_subtype":"memorial","icon_id":"cultural_historic","name_quality":"NAMED","rayon":"Yevlax rayonu","rayon_id":"AZE_ADM2_54616110B52362464060400","verification_status":"PROVISIONAL","source_role":"MASTER_GIS","display_rank":796,"lon":47.071176,"lat":40.759812},"geometry":{"type":"Point","coordinates":[47.071175600000004,40.7598117]}},{"type":"Feature","properties":{"poi_id":"OSM_cultural_9453708618","label":"Abidə","name_az":"Abidə","thesis_group":"HISTORICAL_CULTURAL","thesis_subtype":"monument","icon_id":"cultural_monument","name_quality":"NAMED","rayon":"Mingəçevir şəhəri","rayon_id":"AZE_ADM2_54616110B16521863868797","verification_status":"PROVISIONAL","source_role":"MASTER_GIS","display_rank":799,"lon":47.048736,"lat":40.761506},"geometry":{"type":"Point","coordinates":[47.0487356,40.761506100000005]}},{"type":"Feature","properties":{"poi_id":"OSM_cultural_9563224319","label":"Abidə","name_az":"Abidə","thesis_group":"HISTORICAL_CULTURAL","thesis_subtype":"monument","icon_id":"cultural_monument","name_quality":"NAMED","rayon":"Samux rayonu","rayon_id":"AZE_ADM2_54616110B65018719015844","verification_status":"PROVISIONAL","source_role":"MASTER_GIS","display_rank":802,"lon":46.429491,"lat":40.753428},"geometry":{"type":"Point","coordinates":[46.4294913,40.753428]}},{"type":"Feature","properties":{"poi_id":"OSM_cultural_9646706707","label":"Abidə","name_az":"Abidə","thesis_group":"HISTORICAL_CULTURAL","thesis_subtype":"monument","icon_id":"cultural_monument","name_quality":"NAMED","rayon":"Şəmkir rayonu","rayon_id":"AZE_ADM2_54616110B57585842497805","verification_status":"PROVISIONAL","source_role":"MASTER_GIS","display_rank":810,"lon":46.182414,"lat":40.907618},"geometry":{"type":"Point","coordinates":[46.182414300000005,40.907618]}},{"type":"Feature","properties":{"poi_id":"OSM_cultural_9858787427","label":"Abidə","name_az":"Abidə","thesis_group":"HISTORICAL_CULTURAL","thesis_subtype":"memorial","icon_id":"cultural_historic","name_quality":"NAMED","rayon":"Balakən rayonu","rayon_id":"AZE_ADM2_54616110B63924922129682","verification_status":"PROVISIONAL","source_role":"MASTER_GIS","display_rank":833,"lon":46.407862,"lat":41.726064},"geometry":{"type":"Point","coordinates":[46.407862,41.726064300000004]}},{"type":"Feature","properties":{"poi_id":"OSM_cultural_10565440841","label":"Abidə","name_az":"Abidə","thesis_group":"HISTORICAL_CULTURAL","thesis_subtype":"monument","icon_id":"cultural_monument","name_quality":"NAMED","rayon":"Bakı şəhəri","rayon_id":"AZE_ADM2_54616110B61947743987915","verification_status":"PROVISIONAL","source_role":"MASTER_GIS","display_rank":901,"lon":49.991835,"lat":40.536245},"geometry":{"type":"Point","coordinates":[49.9918351,40.536245400000006]}},{"type":"Feature","properties":{"poi_id":"OSM_cultural_11093847523","label":"Abidə","name_az":"Abidə","thesis_group":"HISTORICAL_CULTURAL","thesis_subtype":"monument","icon_id":"cultural_monument","name_quality":"NAMED","rayon":"Abşeron rayonu","rayon_id":"AZE_ADM2_54616110B88432173472444","verification_status":"PROVISIONAL","source_role":"MASTER_GIS","display_rank":992,"lon":49.845439,"lat":40.528022},"geometry":{"type":"Point","coordinates":[49.845439400000004,40.5280222]}},{"type":"Feature","properties":{"poi_id":"OSM_cultural_11253876841","label":"Abidə","name_az":"Abidə","thesis_group":"HISTORICAL_CULTURAL","thesis_subtype":"monument","icon_id":"cultural_monument","name_quality":"NAMED","rayon":"Xaçmaz rayonu","rayon_id":"AZE_ADM2_54616110B89497242950609","verification_status":"PROVISIONAL","source_role":"MASTER_GIS","display_rank":1023,"lon":48.801324,"lat":41.438444},"geometry":{"type":"Point","coordinates":[48.8013245,41.4384436]}},{"type":"Feature","properties":{"poi_id":"OSM_cultural_11802898755","label":"Abidə","name_az":"Abidə","thesis_group":"HISTORICAL_CULTURAL","thesis_subtype":"monument","icon_id":"cultural_monument","name_quality":"NAMED","rayon":"Tovuz rayonu","rayon_id":"AZE_ADM2_54616110B84187356839814","verification_status":"PROVISIONAL","source_role":"MASTER_GIS","display_rank":1087,"lon":45.637788,"lat":40.982985},"geometry":{"type":"Point","coordinates":[45.637787700000004,40.982985]}},{"type":"Feature","properties":{"poi_id":"OSM_cultural_11964413193","label":"Abidə","name_az":"Abidə","thesis_group":"HISTORICAL_CULTURAL","thesis_subtype":"monument","icon_id":"cultural_monument","name_quality":"NAMED","rayon":"Ağstafa rayonu","rayon_id":"AZE_ADM2_54616110B36354954300290","verification_status":"PROVISIONAL","source_role":"MASTER_GIS","display_rank":1101,"lon":45.478129,"lat":41.171582},"geometry":{"type":"Point","coordinates":[45.478129200000005,41.171581800000006]}},{"type":"Feature","properties":{"poi_id":"OSM_cultural_11985762513","label":"Abidə","name_az":"Abidə","thesis_group":"HISTORICAL_CULTURAL","thesis_subtype":"monument","icon_id":"cultural_monument","name_quality":"NAMED","rayon":"Ağstafa rayonu","rayon_id":"AZE_ADM2_54616110B36354954300290","verification_status":"PROVISIONAL","source_role":"MASTER_GIS","display_rank":1103,"lon":45.39826,"lat":41.209397},"geometry":{"type":"Point","coordinates":[45.398259800000005,41.209397]}},{"type":"Feature","properties":{"poi_id":"OSM_cultural_12466109256","label":"Abidə","name_az":"Abidə","thesis_group":"HISTORICAL_CULTURAL","thesis_subtype":"monument","icon_id":"cultural_monument","name_quality":"NAMED","rayon":"Şəmkir rayonu","rayon_id":"AZE_ADM2_54616110B57585842497805","verification_status":"PROVISIONAL","source_role":"MASTER_GIS","display_rank":1216,"lon":45.940421,"lat":40.84626},"geometry":{"type":"Point","coordinates":[45.940421400000005,40.8462599]}},{"type":"Feature","properties":{"poi_id":"OSM_cultural_12810143490","label":"Abidə","name_az":"Abidə","thesis_group":"HISTORICAL_CULTURAL","thesis_subtype":"attraction","icon_id":"cultural_historic","name_quality":"NAMED","rayon":"Goranboy rayonu","rayon_id":"AZE_ADM2_54616110B75141866412524","verification_status":"PROVISIONAL","source_role":"MASTER_GIS","display_rank":1256,"lon":46.843293,"lat":40.522817},"geometry":{"type":"Point","coordinates":[46.843293200000005,40.5228167]}},{"type":"Feature","properties":{"poi_id":"OSM_cultural_12887518972","label":"Abidə","name_az":"Abidə","thesis_group":"HISTORICAL_CULTURAL","thesis_subtype":"monument","icon_id":"cultural_monument","name_quality":"NAMED","rayon":"Goranboy rayonu","rayon_id":"AZE_ADM2_54616110B75141866412524","verification_status":"PROVISIONAL","source_role":"MASTER_GIS","display_rank":1268,"lon":46.799986,"lat":40.613308},"geometry":{"type":"Point","coordinates":[46.799986200000006,40.613308]}},{"type":"Feature","properties":{"poi_id":"OSM_cultural_13699733653","label":"Abidə","name_az":"Abidə","thesis_group":"HISTORICAL_CULTURAL","thesis_subtype":"monument","icon_id":"cultural_monument","name_quality":"NAMED","rayon":"Şamaxı rayonu","rayon_id":"AZE_ADM2_54616110B16651088424667","verification_status":"PROVISIONAL","source_role":"MASTER_GIS","display_rank":1341,"lon":48.6535,"lat":40.623645},"geometry":{"type":"Point","coordinates":[48.653499800000006,40.6236448]}},{"type":"Feature","properties":{"poi_id":"OSM_cultural_14059994548","label":"Abidə Xol Qaraqaşlı","name_az":"Abidə Xol Qaraqaşlı","thesis_group":"HISTORICAL_CULTURAL","thesis_subtype":"monument","icon_id":"cultural_monument","name_quality":"NAMED","rayon":"Neftçala rayonu","rayon_id":"AZE_ADM2_54616110B40961788089107","verification_status":"PROVISIONAL","source_role":"MASTER_GIS","display_rank":1381,"lon":48.855612,"lat":39.314713},"geometry":{"type":"Point","coordinates":[48.855612400000005,39.3147127]}},{"type":"Feature","properties":{"poi_id":"OSM_cultural_13711994986","label":"Abidə \\ Böyük Xınıslı","name_az":"Abidə \\ Böyük Xınıslı","thesis_group":"HISTORICAL_CULTURAL","thesis_subtype":"monument","icon_id":"cultural_monument","name_quality":"NAMED","rayon":"Şamaxı rayonu","rayon_id":"AZE_ADM2_54616110B16651088424667","verification_status":"PROVISIONAL","source_role":"MASTER_GIS","display_rank":1344,"lon":48.613901,"lat":40.654051},"geometry":{"type":"Point","coordinates":[48.6139011,40.654050500000004]}},{"type":"Feature","properties":{"poi_id":"OSM_cultural_11186362720","label":"Abidə \\ Şubanı","name_az":"Abidə \\ Şubanı","thesis_group":"HISTORICAL_CULTURAL","thesis_subtype":"monument","icon_id":"cultural_monument","name_quality":"NAMED","rayon":"Bakı şəhəri","rayon_id":"AZE_ADM2_54616110B61947743987915","verification_status":"PROVISIONAL","source_role":"MASTER_GIS","display_rank":1010,"lon":49.763128,"lat":40.360505},"geometry":{"type":"Point","coordinates":[49.7631285,40.3605047]}},{"type":"Feature","properties":{"poi_id":"OSM_cultural_8228436917","label":"Abidə Üçyol","name_az":"Abidə Üçyol","thesis_group":"HISTORICAL_CULTURAL","thesis_subtype":"monument","icon_id":"cultural_monument","name_quality":"NAMED","rayon":"Bakı şəhəri","rayon_id":"AZE_ADM2_54616110B61947743987915","verification_status":"PROVISIONAL","source_role":"MASTER_GIS","display_rank":707,"lon":49.998047,"lat":40.411845},"geometry":{"type":"Point","coordinates":[49.9980472,40.411845400000004]}},{"type":"Feature","properties":{"poi_id":"OSM_cultural_6010368787","label":"Absal məhəllə Məscidi","name_az":"Absal məhəllə Məscidi","thesis_group":"HISTORICAL_CULTURAL","thesis_subtype":"place_of_worship","icon_id":"cultural_historic","name_quality":"NAMED","rayon":"Qəbələ rayonu","rayon_id":"AZE_ADM2_54616110B33746839775993","verification_status":"PROVISIONAL","source_role":"MASTER_GIS","display_rank":328,"lon":47.677427,"lat":40.945236},"geometry":{"type":"Point","coordinates":[47.677427,40.9452365]}},{"type":"Feature","properties":{"poi_id":"OSM_cultural_7876229475","label":"Adil Məscid","name_az":"Adil Məscid","thesis_group":"HISTORICAL_CULTURAL","thesis_subtype":"place_of_worship","icon_id":"cultural_historic","name_quality":"NAMED","rayon":"Oğuz rayonu","rayon_id":"AZE_ADM2_54616110B99657283459996","verification_status":"PROVISIONAL","source_role":"MASTER_GIS","display_rank":606,"lon":47.591336,"lat":40.94034},"geometry":{"type":"Point","coordinates":[47.5913358,40.940339800000004]}},{"type":"Feature","properties":{"poi_id":"OSM_cultural_8912271632","label":"Adəm Məscidi","name_az":"Adəm Məscidi","thesis_group":"HISTORICAL_CULTURAL","thesis_subtype":"place_of_worship","icon_id":"cultural_historic","name_quality":"NAMED","rayon":"Kürdəmir rayonu","rayon_id":"AZE_ADM2_54616110B82810927503709","verification_status":"PROVISIONAL","source_role":"MASTER_GIS","display_rank":763,"lon":48.287149,"lat":40.326307},"geometry":{"type":"Point","coordinates":[48.2871491,40.3263073]}},{"type":"Feature","properties":{"poi_id":"OSM_cultural_7734797673","label":"Alaş Məbədi 17-ci əsr","name_az":"Alaş Məbədi 17-ci əsr","thesis_group":"HISTORICAL_CULTURAL","thesis_subtype":"ruins","icon_id":"cultural_historic","name_quality":"NAMED","rayon":"Şamaxı rayonu","rayon_id":"AZE_ADM2_54616110B16651088424667","verification_status":"PROVISIONAL","source_role":"MASTER_GIS","display_rank":502,"lon":48.637451,"lat":40.606774},"geometry":{"type":"Point","coordinates":[48.637451000000006,40.6067738]}},{"type":"Feature","properties":{"poi_id":"OSM_cultural_12142706020","label":"Alban Abidəsi","name_az":"Alban Abidəsi","thesis_group":"HISTORICAL_CULTURAL","thesis_subtype":"fort","icon_id":"cultural_historic","name_quality":"NAMED","rayon":"Xocalı rayonu","rayon_id":"AZE_ADM2_54616110B87325868620163","verification_status":"PROVISIONAL","source_role":"MASTER_GIS","display_rank":1149,"lon":46.813514,"lat":39.715972},"geometry":{"type":"Point","coordinates":[46.8135137,39.715971800000005]}},{"type":"Feature","properties":{"poi_id":"OSM_cultural_4927240023","label":"Alban Kilsəsi","name_az":"Alban Kilsəsi","thesis_group":"HISTORICAL_CULTURAL","thesis_subtype":"place_of_worship","icon_id":"cultural_historic","name_quality":"NAMED","rayon":"Xocalı rayonu","rayon_id":"AZE_ADM2_54616110B87325868620163","verification_status":"PROVISIONAL","source_role":"MASTER_GIS","display_rank":243,"lon":46.705011,"lat":39.929592},"geometry":{"type":"Point","coordinates":[46.705011400000004,39.9295916]}},{"type":"Feature","properties":{"poi_id":"OSM_cultural_5998669987","label":"Alban Kilsəsi","name_az":"Alban Kilsəsi","thesis_group":"HISTORICAL_CULTURAL","thesis_subtype":"attraction","icon_id":"cultural_historic","name_quality":"NAMED","rayon":"Xaçmaz rayonu","rayon_id":"AZE_ADM2_54616110B89497242950609","verification_status":"PROVISIONAL","source_role":"MASTER_GIS","display_rank":321,"lon":48.791585,"lat":41.472579},"geometry":{"type":"Point","coordinates":[48.791584500000006,41.4725787]}},{"type":"Feature","properties":{"poi_id":"OSM_cultural_12413432611","label":"Alban Kilsəsi \\ Bayan","name_az":"Alban Kilsəsi \\ Bayan","thesis_group":"HISTORICAL_CULTURAL","thesis_subtype":"place_of_worship","icon_id":"cultural_historic","name_quality":"NAMED","rayon":"Daşkəsən rayonu","rayon_id":"AZE_ADM2_54616110B88384638285498","verification_status":"PROVISIONAL","source_role":"MASTER_GIS","display_rank":1179,"lon":46.148589,"lat":40.553594},"geometry":{"type":"Point","coordinates":[46.148589,40.5535936]}},{"type":"Feature","properties":{"poi_id":"OSM_cultural_5648031808","label":"Alban Kilsəsi \\ Daşbulaq","name_az":"Alban Kilsəsi \\ Daşbulaq","thesis_group":"HISTORICAL_CULTURAL","thesis_subtype":"attraction","icon_id":"cultural_historic","name_quality":"NAMED","rayon":"Şəmkir rayonu","rayon_id":"AZE_ADM2_54616110B57585842497805","verification_status":"PROVISIONAL","source_role":"MASTER_GIS","display_rank":278,"lon":45.827058,"lat":40.778768},"geometry":{"type":"Point","coordinates":[45.8270582,40.778767800000004]}},{"type":"Feature","properties":{"poi_id":"OSM_cultural_8554942381","label":"Alban Kilsəsi \\ Tubukənd İsmayıllı","name_az":"Alban Kilsəsi \\ Tubukənd İsmayıllı","thesis_group":"HISTORICAL_CULTURAL","thesis_subtype":"attraction","icon_id":"cultural_historic","name_quality":"NAMED","rayon":"İsmayıllı rayonu","rayon_id":"AZE_ADM2_54616110B45290451128830","verification_status":"PROVISIONAL","source_role":"MASTER_GIS","display_rank":743,"lon":48.189269,"lat":40.706902},"geometry":{"type":"Point","coordinates":[48.189268600000005,40.706901800000004]}},{"type":"Feature","properties":{"poi_id":"OSM_cultural_5416659605","label":"Alban Kilsəsi \\ Zəylik","name_az":"Alban Kilsəsi \\ Zəylik","thesis_group":"HISTORICAL_CULTURAL","thesis_subtype":"attraction","icon_id":"cultural_historic","name_quality":"NAMED","rayon":"Daşkəsən rayonu","rayon_id":"AZE_ADM2_54616110B88384638285498","verification_status":"PROVISIONAL","source_role":"MASTER_GIS","display_rank":269,"lon":46.011286,"lat":40.551437},"geometry":{"type":"Point","coordinates":[46.0112855,40.551436700000004]}},{"type":"Feature","properties":{"poi_id":"OSM_cultural_12168906512","label":"Alban Məbədi \\ Tatlı","name_az":"Alban Məbədi \\ Tatlı","thesis_group":"HISTORICAL_CULTURAL","thesis_subtype":"place_of_worship","icon_id":"cultural_historic","name_quality":"NAMED","rayon":"Ağstafa rayonu","rayon_id":"AZE_ADM2_54616110B36354954300290","verification_status":"PROVISIONAL","source_role":"MASTER_GIS","display_rank":1158,"lon":45.457174,"lat":41.036846},"geometry":{"type":"Point","coordinates":[45.4571745,41.0368462]}},{"type":"Feature","properties":{"poi_id":"OSM_cultural_12247092696","label":"Alban abidəsi","name_az":"Alban abidəsi","thesis_group":"HISTORICAL_CULTURAL","thesis_subtype":"fort","icon_id":"cultural_historic","name_quality":"NAMED","rayon":"Tərtər rayonu","rayon_id":"AZE_ADM2_54616110B79809370995070","verification_status":"PROVISIONAL","source_role":"MASTER_GIS","display_rank":1162,"lon":46.735094,"lat":40.366322},"geometry":{"type":"Point","coordinates":[46.7350945,40.366321500000005]}},{"type":"Feature","properties":{"poi_id":"OSM_cultural_5983292435","label":"Alban kilisəsi","name_az":"Alban kilisəsi","thesis_group":"HISTORICAL_CULTURAL","thesis_subtype":"place_of_worship","icon_id":"cultural_historic","name_quality":"NAMED","rayon":"Qax rayonu","rayon_id":"AZE_ADM2_54616110B49356278605879","verification_status":"PROVISIONAL","source_role":"MASTER_GIS","display_rank":315,"lon":46.917546,"lat":41.420569},"geometry":{"type":"Point","coordinates":[46.9175461,41.4205686]}},{"type":"Feature","properties":{"poi_id":"OSM_cultural_7310749565","label":"Alban kilsəsi","name_az":"Alban kilsəsi","thesis_group":"HISTORICAL_CULTURAL","thesis_subtype":"ruins","icon_id":"cultural_historic","name_quality":"NAMED","rayon":"Bakı şəhəri","rayon_id":"AZE_ADM2_54616110B61947743987915","verification_status":"PROVISIONAL","source_role":"MASTER_GIS","display_rank":363,"lon":50.107965,"lat":40.521425},"geometry":{"type":"Point","coordinates":[50.1079651,40.5214251]}},{"type":"Feature","properties":{"poi_id":"OSM_cultural_7964810543","label":"Alban kilsəsi","name_az":"Alban kilsəsi","thesis_group":"HISTORICAL_CULTURAL","thesis_subtype":"church","icon_id":"cultural_historic","name_quality":"NAMED","rayon":"Şəki rayonu","rayon_id":"AZE_ADM2_54616110B25010354244926","verification_status":"PROVISIONAL","source_role":"MASTER_GIS","display_rank":621,"lon":47.262196,"lat":41.169052},"geometry":{"type":"Point","coordinates":[47.2621965,41.1690519]}},{"type":"Feature","properties":{"poi_id":"OSM_cultural_8312438441","label":"Alban kilsəsi Daşbulaq","name_az":"Alban kilsəsi Daşbulaq","thesis_group":"HISTORICAL_CULTURAL","thesis_subtype":"monastery","icon_id":"cultural_historic","name_quality":"NAMED","rayon":"Şəki rayonu","rayon_id":"AZE_ADM2_54616110B25010354244926","verification_status":"PROVISIONAL","source_role":"MASTER_GIS","display_rank":712,"lon":47.03757,"lat":41.079741},"geometry":{"type":"Point","coordinates":[47.037569600000005,41.0797414]}},{"type":"Feature","properties":{"poi_id":"OSM_cultural_12417393410","label":"Alban kilsəsi \\ Quşçu Daşkəsən","name_az":"Alban kilsəsi \\ Quşçu Daşkəsən","thesis_group":"HISTORICAL_CULTURAL","thesis_subtype":"church","icon_id":"cultural_historic","name_quality":"NAMED","rayon":"Daşkəsən rayonu","rayon_id":"AZE_ADM2_54616110B88384638285498","verification_status":"PROVISIONAL","source_role":"MASTER_GIS","display_rank":1180,"lon":46.08935,"lat":40.569323},"geometry":{"type":"Point","coordinates":[46.0893497,40.569322500000006]}},{"type":"Feature","properties":{"poi_id":"OSM_cultural_8066762606","label":"Alban məbədi 5-ci əsr","name_az":"Alban məbədi 5-ci əsr","thesis_group":"HISTORICAL_CULTURAL","thesis_subtype":"church","icon_id":"cultural_historic","name_quality":"NAMED","rayon":"Qax rayonu","rayon_id":"AZE_ADM2_54616110B49356278605879","verification_status":"PROVISIONAL","source_role":"MASTER_GIS","display_rank":641,"lon":46.847784,"lat":41.479659},"geometry":{"type":"Point","coordinates":[46.8477845,41.4796592]}},{"type":"Feature","properties":{"poi_id":"OSM_cultural_8312827200","label":"Albanlar hamamı 19-cu əsr","name_az":"Albanlar hamamı 19-cu əsr","thesis_group":"HISTORICAL_CULTURAL","thesis_subtype":"attraction","icon_id":"cultural_historic","name_quality":"NAMED","rayon":"Şəki şəhəri","rayon_id":"AZE_ADM2_54616110B24616396985677","verification_status":"PROVISIONAL","source_role":"MASTER_GIS","display_rank":714,"lon":47.189517,"lat":41.20049},"geometry":{"type":"Point","coordinates":[47.1895168,41.200489600000004]}},{"type":"Feature","properties":{"poi_id":"OSM_cultural_2280792275","label":"Albert Aqarunov abidə","name_az":"Albert Aqarunov abidə","thesis_group":"HISTORICAL_CULTURAL","thesis_subtype":"memorial","icon_id":"cultural_historic","name_quality":"NAMED","rayon":"Bakı şəhəri","rayon_id":"AZE_ADM2_54616110B61947743987915","verification_status":"PROVISIONAL","source_role":"MASTER_GIS","display_rank":44,"lon":49.991625,"lat":40.426061},"geometry":{"type":"Point","coordinates":[49.9916253,40.4260613]}},{"type":"Feature","properties":{"poi_id":"OSM_cultural_7966045451","label":"Albert Aqarunov heykəli","name_az":"Albert Aqarunov heykəli","thesis_group":"HISTORICAL_CULTURAL","thesis_subtype":"memorial","icon_id":"cultural_historic","name_quality":"NAMED","rayon":"Bakı şəhəri","rayon_id":"AZE_ADM2_54616110B61947743987915","verification_status":"PROVISIONAL","source_role":"MASTER_GIS","display_rank":622,"lon":49.86153,"lat":40.405679},"geometry":{"type":"Point","coordinates":[49.86153040000001,40.4056792]}},{"type":"Feature","properties":{"poi_id":"OSM_cultural_4820676827","label":"Aleksandr Nevski kilsəsi","name_az":"Aleksandr Nevski kilsəsi","thesis_group":"HISTORICAL_CULTURAL","thesis_subtype":"attraction","icon_id":"cultural_historic","name_quality":"NAMED","rayon":"Gəncə şəhəri","rayon_id":"AZE_ADM2_54616110B84154267491992","verification_status":"PROVISIONAL","source_role":"MASTER_GIS","display_rank":233,"lon":46.356458,"lat":40.679281},"geometry":{"type":"Point","coordinates":[46.356458100000005,40.679280500000004]}},{"type":"Feature","properties":{"poi_id":"OSM_cultural_9586385283","label":"Alman Kilsəsi \\ Qarayeri","name_az":"Alman Kilsəsi \\ Qarayeri","thesis_group":"HISTORICAL_CULTURAL","thesis_subtype":"place_of_worship","icon_id":"cultural_historic","name_quality":"NAMED","rayon":"Göygöl rayonu","rayon_id":"AZE_ADM2_54616110B13615645655589","verification_status":"PROVISIONAL","source_role":"MASTER_GIS","display_rank":807,"lon":46.313337,"lat":40.787992},"geometry":{"type":"Point","coordinates":[46.3133369,40.7879918]}},{"type":"Feature","properties":{"poi_id":"OSM_cultural_11474460756","label":"Alman Lüteran Kilsəsi","name_az":"Alman Lüteran Kilsəsi","thesis_group":"HISTORICAL_CULTURAL","thesis_subtype":"place_of_worship","icon_id":"cultural_historic","name_quality":"NAMED","rayon":"Şəmkir rayonu","rayon_id":"AZE_ADM2_54616110B57585842497805","verification_status":"PROVISIONAL","source_role":"MASTER_GIS","display_rank":1056,"lon":46.0234,"lat":40.833507},"geometry":{"type":"Point","coordinates":[46.023399600000005,40.8335074]}},{"type":"Feature","properties":{"poi_id":"OSM_cultural_12644171432","label":"Alman Qəbirstanlığı","name_az":"Alman Qəbirstanlığı","thesis_group":"HISTORICAL_CULTURAL","thesis_subtype":"place_of_worship","icon_id":"cultural_historic","name_quality":"NAMED","rayon":"Göygöl rayonu","rayon_id":"AZE_ADM2_54616110B13615645655589","verification_status":"PROVISIONAL","source_role":"MASTER_GIS","display_rank":1236,"lon":46.306707,"lat":40.576338},"geometry":{"type":"Point","coordinates":[46.306706500000004,40.576337800000005]}},{"type":"Feature","properties":{"poi_id":"OSM_cultural_5760338521","label":"Alman İrs Mərkəzi","name_az":"Alman İrs Mərkəzi","thesis_group":"HISTORICAL_CULTURAL","thesis_subtype":"museum","icon_id":"cultural_museum","name_quality":"NAMED","rayon":"Şəmkir rayonu","rayon_id":"AZE_ADM2_54616110B57585842497805","verification_status":"PROVISIONAL","source_role":"MASTER_GIS","display_rank":281,"lon":46.021005,"lat":40.831987},"geometry":{"type":"Point","coordinates":[46.021005300000006,40.8319868]}},{"type":"Feature","properties":{"poi_id":"OSM_cultural_10726518488","label":"Almas İldırım \\Heykəli","name_az":"Almas İldırım \\Heykəli","thesis_group":"HISTORICAL_CULTURAL","thesis_subtype":"memorial","icon_id":"cultural_historic","name_quality":"NAMED","rayon":"Bakı şəhəri","rayon_id":"AZE_ADM2_54616110B61947743987915","verification_status":"PROVISIONAL","source_role":"MASTER_GIS","display_rank":940,"lon":50.1856,"lat":40.485624},"geometry":{"type":"Point","coordinates":[50.1856005,40.485624400000006]}},{"type":"Feature","properties":{"poi_id":"OSM_cultural_3461410573","label":"Alov abidəsi","name_az":"Alov abidəsi","thesis_group":"HISTORICAL_CULTURAL","thesis_subtype":"memorial","icon_id":"cultural_historic","name_quality":"NAMED","rayon":"Yevlax şəhəri","rayon_id":"AZE_ADM2_54616110B78344971255813","verification_status":"PROVISIONAL","source_role":"MASTER_GIS","display_rank":126,"lon":47.16599,"lat":40.596199},"geometry":{"type":"Point","coordinates":[47.1659896,40.5961991]}},{"type":"Feature","properties":{"poi_id":"OSM_cultural_9358995646","label":"Alxan Məscidi \\ Hacıselli","name_az":"Alxan Məscidi \\ Hacıselli","thesis_group":"HISTORICAL_CULTURAL","thesis_subtype":"place_of_worship","icon_id":"cultural_historic","name_quality":"NAMED","rayon":"Yevlax rayonu","rayon_id":"AZE_ADM2_54616110B52362464060400","verification_status":"PROVISIONAL","source_role":"MASTER_GIS","display_rank":789,"lon":47.120788,"lat":40.712181},"geometry":{"type":"Point","coordinates":[47.1207878,40.712181]}},{"type":"Feature","properties":{"poi_id":"OSM_cultural_8078354140","label":"Amin Məscidi \\ Güllük","name_az":"Amin Məscidi \\ Güllük","thesis_group":"HISTORICAL_CULTURAL","thesis_subtype":"place_of_worship","icon_id":"cultural_historic","name_quality":"NAMED","rayon":"Qax rayonu","rayon_id":"AZE_ADM2_54616110B49356278605879","verification_status":"PROVISIONAL","source_role":"MASTER_GIS","display_rank":648,"lon":46.767002,"lat":41.499108},"geometry":{"type":"Point","coordinates":[46.7670017,41.4991081]}},{"type":"Feature","properties":{"poi_id":"OSM_cultural_7948826266","label":"Amiranə Məscidi","name_az":"Amiranə Məscidi","thesis_group":"HISTORICAL_CULTURAL","thesis_subtype":"place_of_worship","icon_id":"cultural_historic","name_quality":"NAMED","rayon":"Şəki rayonu","rayon_id":"AZE_ADM2_54616110B25010354244926","verification_status":"PROVISIONAL","source_role":"MASTER_GIS","display_rank":619,"lon":47.320323,"lat":41.160006},"geometry":{"type":"Point","coordinates":[47.320322700000006,41.1600058]}},{"type":"Feature","properties":{"poi_id":"OSM_cultural_3190272106","label":"Ana Abidəsi","name_az":"Ana Abidəsi","thesis_group":"HISTORICAL_CULTURAL","thesis_subtype":"monument","icon_id":"cultural_monument","name_quality":"NAMED","rayon":"Qəbələ rayonu","rayon_id":"AZE_ADM2_54616110B33746839775993","verification_status":"PROVISIONAL","source_role":"MASTER_GIS","display_rank":88,"lon":47.85575,"lat":40.973593},"geometry":{"type":"Point","coordinates":[47.855750300000004,40.973593]}},{"type":"Feature","properties":{"poi_id":"OSM_cultural_3339412653","label":"Ana Abidəsi","name_az":"Ana Abidəsi","thesis_group":"HISTORICAL_CULTURAL","thesis_subtype":"monument","icon_id":"cultural_monument","name_quality":"NAMED","rayon":"Abşeron rayonu","rayon_id":"AZE_ADM2_54616110B88432173472444","verification_status":"PROVISIONAL","source_role":"MASTER_GIS","display_rank":108,"lon":49.753335,"lat":40.450756},"geometry":{"type":"Point","coordinates":[49.7533352,40.450755900000004]}},{"type":"Feature","properties":{"poi_id":"OSM_cultural_11294049707","label":"Ana Abidəsi","name_az":"Ana Abidəsi","thesis_group":"HISTORICAL_CULTURAL","thesis_subtype":"monument","icon_id":"cultural_monument","name_quality":"NAMED","rayon":"Bakı şəhəri","rayon_id":"AZE_ADM2_54616110B61947743987915","verification_status":"PROVISIONAL","source_role":"MASTER_GIS","display_rank":1029,"lon":49.584986,"lat":40.226352},"geometry":{"type":"Point","coordinates":[49.5849862,40.2263518]}},{"type":"Feature","properties":{"poi_id":"OSM_cultural_3463834069","label":"Ana Dili Abidəsi","name_az":"Ana Dili Abidəsi","thesis_group":"HISTORICAL_CULTURAL","thesis_subtype":"memorial","icon_id":"cultural_historic","name_quality":"NAMED","rayon":"Mingəçevir şəhəri","rayon_id":"AZE_ADM2_54616110B16521863868797","verification_status":"PROVISIONAL","source_role":"MASTER_GIS","display_rank":129,"lon":47.050019,"lat":40.770872},"geometry":{"type":"Point","coordinates":[47.050019400000004,40.770872000000004]}},{"type":"Feature","properties":{"poi_id":"OSM_cultural_11158720366","label":"Ana Fəryadı abidəsi","name_az":"Ana Fəryadı abidəsi","thesis_group":"HISTORICAL_CULTURAL","thesis_subtype":"monument","icon_id":"cultural_monument","name_quality":"NAMED","rayon":"Goranboy rayonu","rayon_id":"AZE_ADM2_54616110B75141866412524","verification_status":"PROVISIONAL","source_role":"MASTER_GIS","display_rank":1005,"lon":46.783418,"lat":40.60332},"geometry":{"type":"Point","coordinates":[46.783418100000006,40.6033198]}},{"type":"Feature","properties":{"poi_id":"OSM_cultural_8089156686","label":"Ana Məscid","name_az":"Ana Məscid","thesis_group":"HISTORICAL_CULTURAL","thesis_subtype":"place_of_worship","icon_id":"cultural_historic","name_quality":"NAMED","rayon":"Zaqatala rayonu","rayon_id":"AZE_ADM2_54616110B4759617374649","verification_status":"PROVISIONAL","source_role":"MASTER_GIS","display_rank":653,"lon":46.714495,"lat":41.55241},"geometry":{"type":"Point","coordinates":[46.714494800000004,41.55241]}},{"type":"Feature","properties":{"poi_id":"OSM_cultural_7691298943","label":"Ana Yurd Məscidi","name_az":"Ana Yurd Məscidi","thesis_group":"HISTORICAL_CULTURAL","thesis_subtype":"place_of_worship","icon_id":"cultural_historic","name_quality":"NAMED","rayon":"Xaçmaz rayonu","rayon_id":"AZE_ADM2_54616110B89497242950609","verification_status":"PROVISIONAL","source_role":"MASTER_GIS","display_rank":391,"lon":48.632089,"lat":41.687427},"geometry":{"type":"Point","coordinates":[48.6320892,41.687427400000004]}},{"type":"Feature","properties":{"poi_id":"OSM_cultural_7703174403","label":"Ana Yurd Məscidi","name_az":"Ana Yurd Məscidi","thesis_group":"HISTORICAL_CULTURAL","thesis_subtype":"place_of_worship","icon_id":"cultural_historic","name_quality":"NAMED","rayon":"Qusar rayonu","rayon_id":"AZE_ADM2_54616110B21517829058101","verification_status":"PROVISIONAL","source_role":"MASTER_GIS","display_rank":458,"lon":48.194441,"lat":41.34135},"geometry":{"type":"Point","coordinates":[48.1944412,41.3413497]}},{"type":"Feature","properties":{"poi_id":"OSM_cultural_4379089389","label":"Ana heykəli 1941-1945","name_az":"Ana heykəli 1941-1945","thesis_group":"HISTORICAL_CULTURAL","thesis_subtype":"monument","icon_id":"cultural_monument","name_quality":"NAMED","rayon":"Balakən rayonu","rayon_id":"AZE_ADM2_54616110B63924922129682","verification_status":"PROVISIONAL","source_role":"MASTER_GIS","display_rank":197,"lon":46.517118,"lat":41.649142},"geometry":{"type":"Point","coordinates":[46.517117500000005,41.6491422]}},{"type":"Feature","properties":{"poi_id":"OSM_cultural_3296015209","label":"Ana və uşaq heykəli","name_az":"Ana və uşaq heykəli","thesis_group":"HISTORICAL_CULTURAL","thesis_subtype":"monument","icon_id":"cultural_monument","name_quality":"NAMED","rayon":"Bakı şəhəri","rayon_id":"AZE_ADM2_54616110B61947743987915","verification_status":"PROVISIONAL","source_role":"MASTER_GIS","display_rank":96,"lon":49.97829,"lat":40.384411},"geometry":{"type":"Point","coordinates":[49.9782902,40.384411300000004]}},{"type":"Feature","properties":{"poi_id":"OSM_cultural_12234747501","label":"Anam","thesis_group":"HISTORICAL_CULTURAL","thesis_subtype":"monument","icon_id":"cultural_monument","name_quality":"NAMED","rayon":"Saatlı rayonu","rayon_id":"AZE_ADM2_54616110B939777630101","verification_status":"PROVISIONAL","source_role":"MASTER_GIS","display_rank":2194,"lon":48.364716,"lat":39.917362},"geometry":{"type":"Point","coordinates":[48.364716,39.9173625]}},{"type":"Feature","properties":{"poi_id":"OSM_cultural_12442278775","label":"Aran Məscidi","name_az":"Aran Məscidi","thesis_group":"HISTORICAL_CULTURAL","thesis_subtype":"place_of_worship","icon_id":"cultural_historic","name_quality":"NAMED","rayon":"Şəki rayonu","rayon_id":"AZE_ADM2_54616110B25010354244926","verification_status":"PROVISIONAL","source_role":"MASTER_GIS","display_rank":1194,"lon":47.155366,"lat":40.925568},"geometry":{"type":"Point","coordinates":[47.1553655,40.9255677]}},{"type":"Feature","properties":{"poi_id":"OSM_cultural_9370965925","label":"Aranyurd Məscidi \\ Yaldili","name_az":"Aranyurd Məscidi \\ Yaldili","thesis_group":"HISTORICAL_CULTURAL","thesis_subtype":"place_of_worship","icon_id":"cultural_historic","name_quality":"NAMED","rayon":"Yevlax rayonu","rayon_id":"AZE_ADM2_54616110B52362464060400","verification_status":"PROVISIONAL","source_role":"MASTER_GIS","display_rank":791,"lon":46.992905,"lat":40.630258},"geometry":{"type":"Point","coordinates":[46.992905400000005,40.6302576]}},{"type":"Feature","properties":{"poi_id":"OSM_cultural_14022594720","label":"Araz Zahid Məscidi","name_az":"Araz Zahid Məscidi","thesis_group":"HISTORICAL_CULTURAL","thesis_subtype":"place_of_worship","icon_id":"cultural_historic","name_quality":"NAMED","rayon":"Balakən rayonu","rayon_id":"AZE_ADM2_54616110B63924922129682","verification_status":"PROVISIONAL","source_role":"MASTER_GIS","display_rank":1368,"lon":46.384146,"lat":41.698031},"geometry":{"type":"Point","coordinates":[46.3841459,41.6980306]}},{"type":"Feature","properties":{"poi_id":"OSM_cultural_7703153680","label":"Arslan Məscidi","name_az":"Arslan Məscidi","thesis_group":"HISTORICAL_CULTURAL","thesis_subtype":"place_of_worship","icon_id":"cultural_historic","name_quality":"NAMED","rayon":"Qusar rayonu","rayon_id":"AZE_ADM2_54616110B21517829058101","verification_status":"PROVISIONAL","source_role":"MASTER_GIS","display_rank":455,"lon":48.112344,"lat":41.297654},"geometry":{"type":"Point","coordinates":[48.1123441,41.297654400000006]}},{"type":"Feature","properties":{"poi_id":"OSM_cultural_8576466430","label":"Asmayıl Qalası","name_az":"Asmayıl Qalası","thesis_group":"HISTORICAL_CULTURAL","thesis_subtype":"fort","icon_id":"cultural_historic","name_quality":"NAMED","rayon":"Ağsu rayonu","rayon_id":"AZE_ADM2_54616110B12323901372431","verification_status":"PROVISIONAL","source_role":"MASTER_GIS","display_rank":746,"lon":48.433067,"lat":40.609383},"geometry":{"type":"Point","coordinates":[48.433066600000004,40.609383300000005]}},{"type":"Feature","properties":{"poi_id":"OSM_cultural_5302347924","label":"At Heykəli","name_az":"At Heykəli","thesis_group":"HISTORICAL_CULTURAL","thesis_subtype":"monument","icon_id":"cultural_monument","name_quality":"NAMED","rayon":"Bakı şəhəri","rayon_id":"AZE_ADM2_54616110B61947743987915","verification_status":"PROVISIONAL","source_role":"MASTER_GIS","display_rank":260,"lon":49.74919,"lat":40.448136},"geometry":{"type":"Point","coordinates":[49.749189900000005,40.4481362]}},{"type":"Feature","properties":{"poi_id":"OSM_cultural_11074066804","label":"At Heykəli \\ Qaçquç","name_az":"At Heykəli \\ Qaçquç","thesis_group":"HISTORICAL_CULTURAL","thesis_subtype":"monument","icon_id":"cultural_monument","name_quality":"NAMED","rayon":"Qusar rayonu","rayon_id":"AZE_ADM2_54616110B21517829058101","verification_status":"PROVISIONAL","source_role":"MASTER_GIS","display_rank":980,"lon":48.447077,"lat":41.4244},"geometry":{"type":"Point","coordinates":[48.4470771,41.424399900000004]}},{"type":"Feature","properties":{"poi_id":"OSM_cultural_7770323349","label":"Ata Yurd Məscidi","name_az":"Ata Yurd Məscidi","thesis_group":"HISTORICAL_CULTURAL","thesis_subtype":"place_of_worship","icon_id":"cultural_historic","name_quality":"NAMED","rayon":"Ağsu rayonu","rayon_id":"AZE_ADM2_54616110B12323901372431","verification_status":"PROVISIONAL","source_role":"MASTER_GIS","display_rank":521,"lon":48.513814,"lat":40.650698},"geometry":{"type":"Point","coordinates":[48.5138145,40.650698000000006]}},{"type":"Feature","properties":{"poi_id":"OSM_cultural_7707481063","label":"Ata Yurdu Məscidi","name_az":"Ata Yurdu Məscidi","thesis_group":"HISTORICAL_CULTURAL","thesis_subtype":"place_of_worship","icon_id":"cultural_historic","name_quality":"NAMED","rayon":"Quba rayonu","rayon_id":"AZE_ADM2_54616110B77048085748362","verification_status":"PROVISIONAL","source_role":"MASTER_GIS","display_rank":469,"lon":48.509515,"lat":41.177556},"geometry":{"type":"Point","coordinates":[48.509514900000006,41.1775557]}},{"type":"Feature","properties":{"poi_id":"OSM_cultural_4025621767","label":"Atatürk heykəli","name_az":"Atatürk heykəli","thesis_group":"HISTORICAL_CULTURAL","thesis_subtype":"memorial","icon_id":"cultural_historic","name_quality":"NAMED","rayon":"Bakı şəhəri","rayon_id":"AZE_ADM2_54616110B61947743987915","verification_status":"PROVISIONAL","source_role":"MASTER_GIS","display_rank":180,"lon":49.836794,"lat":40.38947},"geometry":{"type":"Point","coordinates":[49.8367943,40.389470200000005]}},{"type":"Feature","properties":{"poi_id":"OSM_cultural_7705823335","label":"Avşar Məscidi","name_az":"Avşar Məscidi","thesis_group":"HISTORICAL_CULTURAL","thesis_subtype":"place_of_worship","icon_id":"cultural_historic","name_quality":"NAMED","rayon":"Quba rayonu","rayon_id":"AZE_ADM2_54616110B77048085748362","verification_status":"PROVISIONAL","source_role":"MASTER_GIS","display_rank":460,"lon":48.235195,"lat":41.176676},"geometry":{"type":"Point","coordinates":[48.2351947,41.1766755]}},{"type":"Feature","properties":{"poi_id":"OSM_cultural_10624156783","label":"Axund Cavad Türbəsi","name_az":"Axund Cavad Türbəsi","thesis_group":"HISTORICAL_CULTURAL","thesis_subtype":"place_of_worship","icon_id":"cultural_historic","name_quality":"NAMED","rayon":"Bakı şəhəri","rayon_id":"AZE_ADM2_54616110B61947743987915","verification_status":"PROVISIONAL","source_role":"MASTER_GIS","display_rank":923,"lon":50.112316,"lat":40.51627},"geometry":{"type":"Point","coordinates":[50.112315900000006,40.516270000000006]}},{"type":"Feature","properties":{"poi_id":"OSM_cultural_7993080900","label":"Axundov abidəsi","name_az":"Axundov abidəsi","thesis_group":"HISTORICAL_CULTURAL","thesis_subtype":"memorial","icon_id":"cultural_historic","name_quality":"NAMED","rayon":"Şəki şəhəri","rayon_id":"AZE_ADM2_54616110B24616396985677","verification_status":"PROVISIONAL","source_role":"MASTER_GIS","display_rank":629,"lon":47.166764,"lat":41.204816},"geometry":{"type":"Point","coordinates":[47.1667635,41.204816300000005]}},{"type":"Feature","properties":{"poi_id":"OSM_cultural_5867003585","label":"Axundov heykəli","name_az":"Axundov heykəli","thesis_group":"HISTORICAL_CULTURAL","thesis_subtype":"monument","icon_id":"cultural_monument","name_quality":"NAMED","rayon":"Şəki şəhəri","rayon_id":"AZE_ADM2_54616110B24616396985677","verification_status":"PROVISIONAL","source_role":"MASTER_GIS","display_rank":297,"lon":47.178332,"lat":41.20357},"geometry":{"type":"Point","coordinates":[47.1783319,41.2035695]}},{"type":"Feature","properties":{"poi_id":"OSM_cultural_3120160599","label":"Ayna Sultanova heykəli","name_az":"Ayna Sultanova heykəli","thesis_group":"HISTORICAL_CULTURAL","thesis_subtype":"memorial","icon_id":"cultural_historic","name_quality":"NAMED","rayon":"Bakı şəhəri","rayon_id":"AZE_ADM2_54616110B61947743987915","verification_status":"PROVISIONAL","source_role":"MASTER_GIS","display_rank":86,"lon":49.846164,"lat":40.413544},"geometry":{"type":"Point","coordinates":[49.8461641,40.4135435]}},{"type":"Feature","properties":{"poi_id":"OSM_cultural_4540883889","label":"Azad Qadın heykəli","name_az":"Azad Qadın heykəli","thesis_group":"HISTORICAL_CULTURAL","thesis_subtype":"monument","icon_id":"cultural_monument","name_quality":"NAMED","rayon":"Bakı şəhəri","rayon_id":"AZE_ADM2_54616110B61947743987915","verification_status":"PROVISIONAL","source_role":"MASTER_GIS","display_rank":215,"lon":49.831262,"lat":40.378878},"geometry":{"type":"Point","coordinates":[49.831262,40.378878]}},{"type":"Feature","properties":{"poi_id":"OSM_cultural_14022874569","label":"Azadkənd Məscidi","name_az":"Azadkənd Məscidi","thesis_group":"HISTORICAL_CULTURAL","thesis_subtype":"place_of_worship","icon_id":"cultural_historic","name_quality":"NAMED","rayon":"Sabirabad rayonu","rayon_id":"AZE_ADM2_54616110B21396185337631","verification_status":"PROVISIONAL","source_role":"MASTER_GIS","display_rank":1369,"lon":48.908512,"lat":39.811239},"geometry":{"type":"Point","coordinates":[48.908512300000005,39.811239300000004]}},{"type":"Feature","properties":{"poi_id":"OSM_cultural_7768105702","label":"Azadlıq Məscidi","name_az":"Azadlıq Məscidi","thesis_group":"HISTORICAL_CULTURAL","thesis_subtype":"place_of_worship","icon_id":"cultural_historic","name_quality":"NAMED","rayon":"Şamaxı rayonu","rayon_id":"AZE_ADM2_54616110B16651088424667","verification_status":"PROVISIONAL","source_role":"MASTER_GIS","display_rank":517,"lon":48.542455,"lat":40.645954},"geometry":{"type":"Point","coordinates":[48.542455100000005,40.6459543]}},{"type":"Feature","properties":{"poi_id":"OSM_cultural_5456870836","label":"Azıx mağarası","name_az":"Azıx mağarası","thesis_group":"HISTORICAL_CULTURAL","thesis_subtype":"attraction","icon_id":"cultural_historic","name_quality":"NAMED","rayon":"Xocavənd rayonu","rayon_id":"AZE_ADM2_54616110B38461317640181","verification_status":"PROVISIONAL","source_role":"MASTER_GIS","display_rank":272,"lon":46.988466,"lat":39.618681},"geometry":{"type":"Point","coordinates":[46.988465700000006,39.618680700000006]}},{"type":"Feature","properties":{"poi_id":"OSM_cultural_4731184925","label":"Azərbaycan Dövlət Filarmoniyasının kamera və orqan musiqisi zalı","name_az":"Azərbaycan Dövlət Filarmoniyasının kamera və orqan musiqisi zalı","thesis_group":"HISTORICAL_CULTURAL","thesis_subtype":"place_of_worship","icon_id":"cultural_historic","name_quality":"NAMED","rayon":"Bakı şəhəri","rayon_id":"AZE_ADM2_54616110B61947743987915","verification_status":"PROVISIONAL","source_role":"MASTER_GIS","display_rank":229,"lon":49.847651,"lat":40.377155},"geometry":{"type":"Point","coordinates":[49.8476511,40.3771548]}},{"type":"Feature","properties":{"poi_id":"OSM_cultural_3031326886","label":"Azərbaycan Milli İncəsənət Müzeyi","name_az":"Azərbaycan Milli İncəsənət Müzeyi","thesis_group":"HISTORICAL_CULTURAL","thesis_subtype":"museum","icon_id":"cultural_museum","name_quality":"NAMED","rayon":"Bakı şəhəri","rayon_id":"AZE_ADM2_54616110B61947743987915","verification_status":"PROVISIONAL","source_role":"MASTER_GIS","display_rank":76,"lon":49.831844,"lat":40.363272},"geometry":{"type":"Point","coordinates":[49.831844200000006,40.3632725]}},{"type":"Feature","properties":{"poi_id":"OSM_cultural_8375251241","label":"Azərbaycan Əsgəri abidəsi","name_az":"Azərbaycan Əsgəri abidəsi","thesis_group":"HISTORICAL_CULTURAL","thesis_subtype":"monument","icon_id":"cultural_monument","name_quality":"NAMED","rayon":"Beyləqan rayonu","rayon_id":"AZE_ADM2_54616110B20470092766685","verification_status":"PROVISIONAL","source_role":"MASTER_GIS","display_rank":724,"lon":47.874865,"lat":39.766442},"geometry":{"type":"Point","coordinates":[47.874865400000004,39.7664417]}},{"type":"Feature","properties":{"poi_id":"OSM_cultural_8443709666","label":"Ağ Günbəz Qaraqoyunlu","name_az":"Ağ Günbəz Qaraqoyunlu","thesis_group":"HISTORICAL_CULTURAL","thesis_subtype":"tomb","icon_id":"cultural_historic","name_quality":"NAMED","rayon":"Ağsu rayonu","rayon_id":"AZE_ADM2_54616110B12323901372431","verification_status":"PROVISIONAL","source_role":"MASTER_GIS","display_rank":732,"lon":48.295745,"lat":40.553335},"geometry":{"type":"Point","coordinates":[48.2957453,40.5533353]}},{"type":"Feature","properties":{"poi_id":"OSM_cultural_7967100243","label":"Ağ Minarələr Məscidi","name_az":"Ağ Minarələr Məscidi","thesis_group":"HISTORICAL_CULTURAL","thesis_subtype":"place_of_worship","icon_id":"cultural_historic","name_quality":"NAMED","rayon":"Şəki rayonu","rayon_id":"AZE_ADM2_54616110B25010354244926","verification_status":"PROVISIONAL","source_role":"MASTER_GIS","display_rank":623,"lon":47.151389,"lat":41.131084},"geometry":{"type":"Point","coordinates":[47.1513891,41.1310841]}},{"type":"Feature","properties":{"poi_id":"OSM_cultural_7692669980","label":"Ağ Məscid","name_az":"Ağ Məscid","thesis_group":"HISTORICAL_CULTURAL","thesis_subtype":"place_of_worship","icon_id":"cultural_historic","name_quality":"NAMED","rayon":"Qusar rayonu","rayon_id":"AZE_ADM2_54616110B21517829058101","verification_status":"PROVISIONAL","source_role":"MASTER_GIS","display_rank":421,"lon":48.474118,"lat":41.461774},"geometry":{"type":"Point","coordinates":[48.4741178,41.4617743]}},{"type":"Feature","properties":{"poi_id":"OSM_cultural_7707480840","label":"Ağ Məscid","name_az":"Ağ Məscid","thesis_group":"HISTORICAL_CULTURAL","thesis_subtype":"place_of_worship","icon_id":"cultural_historic","name_quality":"NAMED","rayon":"Quba rayonu","rayon_id":"AZE_ADM2_54616110B77048085748362","verification_status":"PROVISIONAL","source_role":"MASTER_GIS","display_rank":468,"lon":48.588581,"lat":41.166169},"geometry":{"type":"Point","coordinates":[48.588581100000006,41.166168600000006]}},{"type":"Feature","properties":{"poi_id":"OSM_cultural_7876230987","label":"Ağ Məscid","name_az":"Ağ Məscid","thesis_group":"HISTORICAL_CULTURAL","thesis_subtype":"place_of_worship","icon_id":"cultural_historic","name_quality":"NAMED","rayon":"Oğuz rayonu","rayon_id":"AZE_ADM2_54616110B99657283459996","verification_status":"PROVISIONAL","source_role":"MASTER_GIS","display_rank":607,"lon":47.594334,"lat":40.92242},"geometry":{"type":"Point","coordinates":[47.5943345,40.9224204]}},{"type":"Feature","properties":{"poi_id":"OSM_cultural_7750466772","label":"Ağ Məscid \\ Bağırlı","name_az":"Ağ Məscid \\ Bağırlı","thesis_group":"HISTORICAL_CULTURAL","thesis_subtype":"place_of_worship","icon_id":"cultural_historic","name_quality":"NAMED","rayon":"Şamaxı rayonu","rayon_id":"AZE_ADM2_54616110B16651088424667","verification_status":"PROVISIONAL","source_role":"MASTER_GIS","display_rank":515,"lon":48.593481,"lat":40.452287},"geometry":{"type":"Point","coordinates":[48.5934814,40.4522873]}},{"type":"Feature","properties":{"poi_id":"OSM_cultural_7687760087","label":"Ağ məscid","name_az":"Ağ məscid","thesis_group":"HISTORICAL_CULTURAL","thesis_subtype":"place_of_worship","icon_id":"cultural_historic","name_quality":"NAMED","rayon":"Quba rayonu","rayon_id":"AZE_ADM2_54616110B77048085748362","verification_status":"PROVISIONAL","source_role":"MASTER_GIS","display_rank":380,"lon":48.593699,"lat":41.407474},"geometry":{"type":"Point","coordinates":[48.593698700000004,41.4074745]}},{"type":"Feature","properties":{"poi_id":"OSM_cultural_7692017112","label":"Ağ məscid","name_az":"Ağ məscid","thesis_group":"HISTORICAL_CULTURAL","thesis_subtype":"place_of_worship","icon_id":"cultural_historic","name_quality":"NAMED","rayon":"Qusar rayonu","rayon_id":"AZE_ADM2_54616110B21517829058101","verification_status":"PROVISIONAL","source_role":"MASTER_GIS","display_rank":415,"lon":48.433316,"lat":41.584915},"geometry":{"type":"Point","coordinates":[48.433316000000005,41.5849149]}},{"type":"Feature","properties":{"poi_id":"OSM_cultural_10571460396","label":"Ağa Məscidi","name_az":"Ağa Məscidi","thesis_group":"HISTORICAL_CULTURAL","thesis_subtype":"place_of_worship","icon_id":"cultural_historic","name_quality":"NAMED","rayon":"Bakı şəhəri","rayon_id":"AZE_ADM2_54616110B61947743987915","verification_status":"PROVISIONAL","source_role":"MASTER_GIS","display_rank":906,"lon":50.004993,"lat":40.559011},"geometry":{"type":"Point","coordinates":[50.0049926,40.5590112]}},{"type":"Feature","properties":{"poi_id":"OSM_cultural_8076214494","label":"Ağabalabəy Məscidi","name_az":"Ağabalabəy Məscidi","thesis_group":"HISTORICAL_CULTURAL","thesis_subtype":"place_of_worship","icon_id":"cultural_historic","name_quality":"NAMED","rayon":"Bakı şəhəri","rayon_id":"AZE_ADM2_54616110B61947743987915","verification_status":"PROVISIONAL","source_role":"MASTER_GIS","display_rank":647,"lon":49.977761,"lat":40.43196},"geometry":{"type":"Point","coordinates":[49.9777612,40.4319603]}},{"type":"Feature","properties":{"poi_id":"OSM_cultural_8215057658","label":"Ağbaba Məscidi \\ Uzunqazmalar","name_az":"Ağbaba Məscidi \\ Uzunqazmalar","thesis_group":"HISTORICAL_CULTURAL","thesis_subtype":"place_of_worship","icon_id":"cultural_historic","name_quality":"NAMED","rayon":"Zaqatala rayonu","rayon_id":"AZE_ADM2_54616110B4759617374649","verification_status":"PROVISIONAL","source_role":"MASTER_GIS","display_rank":700,"lon":46.42568,"lat":41.513558},"geometry":{"type":"Point","coordinates":[46.425679900000006,41.5135584]}},{"type":"Feature","properties":{"poi_id":"OSM_cultural_12309772350","label":"Ağcabədi Tarix Diyarşünaslıq Muzeyi","name_az":"Ağcabədi Tarix Diyarşünaslıq Muzeyi","thesis_group":"HISTORICAL_CULTURAL","thesis_subtype":"museum","icon_id":"cultural_museum","name_quality":"NAMED","rayon":"Ağcabədi rayonu","rayon_id":"AZE_ADM2_54616110B84161876100413","verification_status":"PROVISIONAL","source_role":"MASTER_GIS","display_rank":1166,"lon":47.449652,"lat":40.05012},"geometry":{"type":"Point","coordinates":[47.4496521,40.05012]}},{"type":"Feature","properties":{"poi_id":"OSM_cultural_10700276683","label":"Ağdam Cümə Məscidi","name_az":"Ağdam Cümə Məscidi","thesis_group":"HISTORICAL_CULTURAL","thesis_subtype":"place_of_worship","icon_id":"cultural_historic","name_quality":"NAMED","rayon":"Ağdam rayonu","rayon_id":"AZE_ADM2_54616110B71765796178707","verification_status":"PROVISIONAL","source_role":"MASTER_GIS","display_rank":929,"lon":46.931624,"lat":39.993265},"geometry":{"type":"Point","coordinates":[46.9316242,39.993265300000004]}},{"type":"Feature","properties":{"poi_id":"OSM_cultural_9216913029","label":"Ağdaş Məscidi","name_az":"Ağdaş Məscidi","thesis_group":"HISTORICAL_CULTURAL","thesis_subtype":"place_of_worship","icon_id":"cultural_historic","name_quality":"NAMED","rayon":"Ağdaş rayonu","rayon_id":"AZE_ADM2_54616110B75800990015815","verification_status":"PROVISIONAL","source_role":"MASTER_GIS","display_rank":781,"lon":47.471889,"lat":40.653628},"geometry":{"type":"Point","coordinates":[47.471889000000004,40.6536283]}},{"type":"Feature","properties":{"poi_id":"OSM_cultural_8584270347","label":"Ağpan Məscidi","name_az":"Ağpan Məscidi","thesis_group":"HISTORICAL_CULTURAL","thesis_subtype":"place_of_worship","icon_id":"cultural_historic","name_quality":"NAMED","rayon":"Göyçay rayonu","rayon_id":"AZE_ADM2_54616110B88730523237575","verification_status":"PROVISIONAL","source_role":"MASTER_GIS","display_rank":747,"lon":48.014272,"lat":40.615256},"geometry":{"type":"Point","coordinates":[48.014271900000004,40.6152555]}},{"type":"Feature","properties":{"poi_id":"OSM_cultural_7777733290","label":"Ağqoyunlu Məscidi \\ Diyallı","name_az":"Ağqoyunlu Məscidi \\ Diyallı","thesis_group":"HISTORICAL_CULTURAL","thesis_subtype":"place_of_worship","icon_id":"cultural_historic","name_quality":"NAMED","rayon":"İsmayıllı rayonu","rayon_id":"AZE_ADM2_54616110B45290451128830","verification_status":"PROVISIONAL","source_role":"MASTER_GIS","display_rank":541,"lon":48.2313,"lat":40.769346},"geometry":{"type":"Point","coordinates":[48.231300100000006,40.7693455]}},{"type":"Feature","properties":{"poi_id":"OSM_cultural_12059878826","label":"Ağstafa Tarix Diyarşunaslıq Muzeyi","name_az":"Ağstafa Tarix Diyarşunaslıq Muzeyi","thesis_group":"HISTORICAL_CULTURAL","thesis_subtype":"museum","icon_id":"cultural_museum","name_quality":"NAMED","rayon":"Ağstafa rayonu","rayon_id":"AZE_ADM2_54616110B36354954300290","verification_status":"PROVISIONAL","source_role":"MASTER_GIS","display_rank":1114,"lon":45.441731,"lat":41.112884},"geometry":{"type":"Point","coordinates":[45.441730500000006,41.1128845]}},{"type":"Feature","properties":{"poi_id":"OSM_cultural_10702671062","label":"Aşağı Gövhər Ağa Məscidi","name_az":"Aşağı Gövhər Ağa Məscidi","thesis_group":"HISTORICAL_CULTURAL","thesis_subtype":"place_of_worship","icon_id":"cultural_historic","name_quality":"NAMED","rayon":"Xocalı rayonu","rayon_id":"AZE_ADM2_54616110B87325868620163","verification_status":"PROVISIONAL","source_role":"MASTER_GIS","display_rank":934,"lon":46.753748,"lat":39.761729},"geometry":{"type":"Point","coordinates":[46.753748400000006,39.761729200000005]}},{"type":"Feature","properties":{"poi_id":"OSM_cultural_7976541515","label":"Aşağı Karvansaray","name_az":"Aşağı Karvansaray","thesis_group":"HISTORICAL_CULTURAL","thesis_subtype":"attraction","icon_id":"cultural_historic","name_quality":"NAMED","rayon":"Şəki şəhəri","rayon_id":"AZE_ADM2_54616110B24616396985677","verification_status":"PROVISIONAL","source_role":"MASTER_GIS","display_rank":626,"lon":47.191754,"lat":41.200653},"geometry":{"type":"Point","coordinates":[47.1917537,41.200653100000004]}},{"type":"Feature","properties":{"poi_id":"OSM_cultural_13953629375","label":"Aşağı Məhlə Sinaqoqu","name_az":"Aşağı Məhlə Sinaqoqu","thesis_group":"HISTORICAL_CULTURAL","thesis_subtype":"place_of_worship","icon_id":"cultural_historic","name_quality":"NAMED","rayon":"Oğuz rayonu","rayon_id":"AZE_ADM2_54616110B99657283459996","verification_status":"PROVISIONAL","source_role":"MASTER_GIS","display_rank":1356,"lon":47.457082,"lat":41.065601},"geometry":{"type":"Point","coordinates":[47.457081800000005,41.0656011]}},{"type":"Feature","properties":{"poi_id":"OSM_cultural_7726584085","label":"Aşağı Məscid","name_az":"Aşağı Məscid","thesis_group":"HISTORICAL_CULTURAL","thesis_subtype":"place_of_worship","icon_id":"cultural_historic","name_quality":"NAMED","rayon":"Xaçmaz rayonu","rayon_id":"AZE_ADM2_54616110B89497242950609","verification_status":"PROVISIONAL","source_role":"MASTER_GIS","display_rank":486,"lon":48.810011,"lat":41.43966},"geometry":{"type":"Point","coordinates":[48.8100108,41.439660100000005]}},{"type":"Feature","properties":{"poi_id":"OSM_cultural_11119134634","label":"Aşağı Məscid","name_az":"Aşağı Məscid","thesis_group":"HISTORICAL_CULTURAL","thesis_subtype":"place_of_worship","icon_id":"cultural_historic","name_quality":"NAMED","rayon":"Bakı şəhəri","rayon_id":"AZE_ADM2_54616110B61947743987915","verification_status":"PROVISIONAL","source_role":"MASTER_GIS","display_rank":994,"lon":49.921899,"lat":40.54444},"geometry":{"type":"Point","coordinates":[49.921899100000005,40.5444395]}},{"type":"Feature","properties":{"poi_id":"OSM_cultural_13391525390","label":"Aşağı Noxudlu kənd Məscidi","name_az":"Aşağı Noxudlu kənd Məscidi","thesis_group":"HISTORICAL_CULTURAL","thesis_subtype":"place_of_worship","icon_id":"cultural_historic","name_quality":"NAMED","rayon":"Salyan rayonu","rayon_id":"AZE_ADM2_54616110B55207089168458","verification_status":"PROVISIONAL","source_role":"MASTER_GIS","display_rank":1305,"lon":48.95334,"lat":39.64554},"geometry":{"type":"Point","coordinates":[48.953340000000004,39.6455396]}},{"type":"Feature","properties":{"poi_id":"OSM_cultural_11423561518","label":"Aşağı Seyfəli Məscidi","name_az":"Aşağı Seyfəli Məscidi","thesis_group":"HISTORICAL_CULTURAL","thesis_subtype":"place_of_worship","icon_id":"cultural_historic","name_quality":"NAMED","rayon":"Şəmkir rayonu","rayon_id":"AZE_ADM2_54616110B57585842497805","verification_status":"PROVISIONAL","source_role":"MASTER_GIS","display_rank":1054,"lon":46.119138,"lat":40.766018},"geometry":{"type":"Point","coordinates":[46.1191383,40.766018100000004]}},{"type":"Feature","properties":{"poi_id":"OSM_cultural_13534887705","label":"Aşağı Surra giriş","name_az":"Aşağı Surra giriş","thesis_group":"HISTORICAL_CULTURAL","thesis_subtype":"monument","icon_id":"cultural_monument","name_quality":"NAMED","rayon":"Neftçala rayonu","rayon_id":"AZE_ADM2_54616110B40961788089107","verification_status":"PROVISIONAL","source_role":"MASTER_GIS","display_rank":1317,"lon":48.997925,"lat":39.502767},"geometry":{"type":"Point","coordinates":[48.9979251,39.502766900000005]}},{"type":"Feature","properties":{"poi_id":"OSM_cultural_7774166036","label":"Aşağı Ərəkit Məscidi","name_az":"Aşağı Ərəkit Məscidi","thesis_group":"HISTORICAL_CULTURAL","thesis_subtype":"place_of_worship","icon_id":"cultural_historic","name_quality":"NAMED","rayon":"İsmayıllı rayonu","rayon_id":"AZE_ADM2_54616110B45290451128830","verification_status":"PROVISIONAL","source_role":"MASTER_GIS","display_rank":531,"lon":48.389223,"lat":40.851388},"geometry":{"type":"Point","coordinates":[48.3892232,40.851388]}},{"type":"Feature","properties":{"poi_id":"OSM_cultural_4554548091","label":"Aşıq Hüseyn Bozalqanlının Ev Müzeyi","name_az":"Aşıq Hüseyn Bozalqanlının Ev Müzeyi","thesis_group":"HISTORICAL_CULTURAL","thesis_subtype":"museum","icon_id":"cultural_museum","name_quality":"NAMED","rayon":"Tovuz rayonu","rayon_id":"AZE_ADM2_54616110B84187356839814","verification_status":"PROVISIONAL","source_role":"MASTER_GIS","display_rank":216,"lon":45.633362,"lat":40.993598},"geometry":{"type":"Point","coordinates":[45.6333615,40.9935978]}},{"type":"Feature","properties":{"poi_id":"OSM_cultural_11802898756","label":"Aşıq Sənəti Muzeyi","name_az":"Aşıq Sənəti Muzeyi","thesis_group":"HISTORICAL_CULTURAL","thesis_subtype":"museum","icon_id":"cultural_museum","name_quality":"NAMED","rayon":"Tovuz rayonu","rayon_id":"AZE_ADM2_54616110B84187356839814","verification_status":"PROVISIONAL","source_role":"MASTER_GIS","display_rank":1088,"lon":45.638076,"lat":40.985337},"geometry":{"type":"Point","coordinates":[45.638076100000006,40.985336700000005]}},{"type":"Feature","properties":{"poi_id":"OSM_cultural_11504126290","label":"Aşıq Teymur Abidəsi","name_az":"Aşıq Teymur Abidəsi","thesis_group":"HISTORICAL_CULTURAL","thesis_subtype":"memorial","icon_id":"cultural_historic","name_quality":"NAMED","rayon":"Şəmkir rayonu","rayon_id":"AZE_ADM2_54616110B57585842497805","verification_status":"PROVISIONAL","source_role":"MASTER_GIS","display_rank":1064,"lon":46.021467,"lat":40.830156},"geometry":{"type":"Point","coordinates":[46.021467,40.8301558]}},{"type":"Feature","properties":{"poi_id":"OSM_cultural_4232849815","label":"Aşıq Teymur heykəli","name_az":"Aşıq Teymur heykəli","thesis_group":"HISTORICAL_CULTURAL","thesis_subtype":"memorial","icon_id":"cultural_historic","name_quality":"NAMED","rayon":"Şəmkir rayonu","rayon_id":"AZE_ADM2_54616110B57585842497805","verification_status":"PROVISIONAL","source_role":"MASTER_GIS","display_rank":185,"lon":46.038378,"lat":40.840469},"geometry":{"type":"Point","coordinates":[46.038378300000005,40.8404694]}},{"type":"Feature","properties":{"poi_id":"OSM_cultural_3298027776","label":"BABƏKİN ABIDƏSI . ПАМЯТНИК БАБЕКА","name_az":"BABƏKİN ABIDƏSI . ПАМЯТНИК БАБЕКА","thesis_group":"HISTORICAL_CULTURAL","thesis_subtype":"monument","icon_id":"cultural_monument","name_quality":"NAMED","rayon":"Naxçıvan şəhəri","rayon_id":"AZE_ADM2_54616110B79262118902245","verification_status":"PROVISIONAL","source_role":"MASTER_GIS","display_rank":99,"lon":45.40438,"lat":39.189368},"geometry":{"type":"Point","coordinates":[45.4043797,39.189367700000005]}},{"type":"Feature","properties":{"poi_id":"OSM_cultural_12164109460","label":"Baba Dərviş Türbəsi \\ Xanlıqlar","name_az":"Baba Dərviş Türbəsi \\ Xanlıqlar","thesis_group":"HISTORICAL_CULTURAL","thesis_subtype":"place_of_worship","icon_id":"cultural_historic","name_quality":"NAMED","rayon":"Qazax rayonu","rayon_id":"AZE_ADM2_54616110B43488292017990","verification_status":"PROVISIONAL","source_role":"MASTER_GIS","display_rank":1154,"lon":45.293482,"lat":41.073985},"geometry":{"type":"Point","coordinates":[45.2934823,41.073985300000004]}},{"type":"Feature","properties":{"poi_id":"OSM_cultural_7774166029","label":"Badüvan Məscidi","name_az":"Badüvan Məscidi","thesis_group":"HISTORICAL_CULTURAL","thesis_subtype":"place_of_worship","icon_id":"cultural_historic","name_quality":"NAMED","rayon":"İsmayıllı rayonu","rayon_id":"AZE_ADM2_54616110B45290451128830","verification_status":"PROVISIONAL","source_role":"MASTER_GIS","display_rank":528,"lon":48.384304,"lat":40.847876},"geometry":{"type":"Point","coordinates":[48.384304,40.847876]}},{"type":"Feature","properties":{"poi_id":"OSM_cultural_10877059722","label":"Baghanis Church","thesis_group":"HISTORICAL_CULTURAL","thesis_subtype":"ruins","icon_id":"cultural_historic","name_quality":"NAMED","rayon":"Qazax rayonu","rayon_id":"AZE_ADM2_54616110B43488292017990","verification_status":"PROVISIONAL","source_role":"MASTER_GIS","display_rank":2189,"lon":45.056816,"lat":41.111678},"geometry":{"type":"Point","coordinates":[45.056815900000004,41.111677500000006]}},{"type":"Feature","properties":{"poi_id":"OSM_cultural_12869233713","label":"Bakı Britaniya Hərbi Abidəsi","name_az":"Bakı Britaniya Hərbi Abidəsi","thesis_group":"HISTORICAL_CULTURAL","thesis_subtype":"memorial","icon_id":"cultural_historic","name_quality":"NAMED","rayon":"Bakı şəhəri","rayon_id":"AZE_ADM2_54616110B61947743987915","verification_status":"PROVISIONAL","source_role":"MASTER_GIS","display_rank":1266,"lon":49.828641,"lat":40.357312},"geometry":{"type":"Point","coordinates":[49.828640500000006,40.357312300000004]}},{"type":"Feature","properties":{"poi_id":"OSM_cultural_12465678551","label":"Bakı Dəniz Limanı","name_az":"Bakı Dəniz Limanı","thesis_group":"HISTORICAL_CULTURAL","thesis_subtype":"memorial","icon_id":"cultural_historic","name_quality":"NAMED","rayon":"Bakı şəhəri","rayon_id":"AZE_ADM2_54616110B61947743987915","verification_status":"PROVISIONAL","source_role":"MASTER_GIS","display_rank":1215,"lon":49.423673,"lat":39.981349},"geometry":{"type":"Point","coordinates":[49.423673400000006,39.9813489]}},{"type":"Feature","properties":{"poi_id":"OSM_cultural_11879170178","label":"Bakı Fotoqrafiya Evi","name_az":"Bakı Fotoqrafiya Evi","thesis_group":"HISTORICAL_CULTURAL","thesis_subtype":"museum","icon_id":"cultural_museum","name_quality":"NAMED","rayon":"Bakı şəhəri","rayon_id":"AZE_ADM2_54616110B61947743987915","verification_status":"PROVISIONAL","source_role":"MASTER_GIS","display_rank":1098,"lon":49.836556,"lat":40.36764},"geometry":{"type":"Point","coordinates":[49.836556300000005,40.3676395]}},{"type":"Feature","properties":{"poi_id":"OSM_cultural_9919992462","label":"Bakı Türk Şəhidliyi","name_az":"Bakı Türk Şəhidliyi","thesis_group":"HISTORICAL_CULTURAL","thesis_subtype":"monument","icon_id":"cultural_monument","name_quality":"NAMED","rayon":"Bakı şəhəri","rayon_id":"AZE_ADM2_54616110B61947743987915","verification_status":"PROVISIONAL","source_role":"MASTER_GIS","display_rank":839,"lon":49.827996,"lat":40.357889},"geometry":{"type":"Point","coordinates":[49.8279964,40.3578886]}},{"type":"Feature","properties":{"poi_id":"OSM_cultural_3547796698","label":"Bakıxanov heykəli","name_az":"Bakıxanov heykəli","thesis_group":"HISTORICAL_CULTURAL","thesis_subtype":"memorial","icon_id":"cultural_historic","name_quality":"NAMED","rayon":"Bakı şəhəri","rayon_id":"AZE_ADM2_54616110B61947743987915","verification_status":"PROVISIONAL","source_role":"MASTER_GIS","display_rank":140,"lon":49.98642,"lat":40.428485},"geometry":{"type":"Point","coordinates":[49.986420100000004,40.428485300000006]}},{"type":"Feature","properties":{"poi_id":"OSM_cultural_10000416376","label":"Balaverdi Məscidi","name_az":"Balaverdi Məscidi","thesis_group":"HISTORICAL_CULTURAL","thesis_subtype":"place_of_worship","icon_id":"cultural_historic","name_quality":"NAMED","rayon":"Bakı şəhəri","rayon_id":"AZE_ADM2_54616110B61947743987915","verification_status":"PROVISIONAL","source_role":"MASTER_GIS","display_rank":850,"lon":50.169865,"lat":40.438868},"geometry":{"type":"Point","coordinates":[50.169865300000005,40.4388676]}},{"type":"Feature","properties":{"poi_id":"OSM_cultural_13903727301","label":"Baptist Church","thesis_group":"HISTORICAL_CULTURAL","thesis_subtype":"place_of_worship","icon_id":"cultural_historic","name_quality":"NAMED","rayon":"Bakı şəhəri","rayon_id":"AZE_ADM2_54616110B61947743987915","verification_status":"PROVISIONAL","source_role":"MASTER_GIS","display_rank":2211,"lon":49.843978,"lat":40.404571},"geometry":{"type":"Point","coordinates":[49.8439777,40.4045709]}},{"type":"Feature","properties":{"poi_id":"OSM_cultural_11334724600","label":"Bayram Hoca Məscidi","name_az":"Bayram Hoca Məscidi","thesis_group":"HISTORICAL_CULTURAL","thesis_subtype":"place_of_worship","icon_id":"cultural_historic","name_quality":"NAMED","rayon":"Bakı şəhəri","rayon_id":"AZE_ADM2_54616110B61947743987915","verification_status":"PROVISIONAL","source_role":"MASTER_GIS","display_rank":1039,"lon":49.426526,"lat":40.038813},"geometry":{"type":"Point","coordinates":[49.426526,40.0388132]}},{"type":"Feature","properties":{"poi_id":"OSM_cultural_10000416305","label":"Bayraməli Hamamı","name_az":"Bayraməli Hamamı","thesis_group":"HISTORICAL_CULTURAL","thesis_subtype":"archaeological_site","icon_id":"cultural_archaeology","name_quality":"NAMED","rayon":"Bakı şəhəri","rayon_id":"AZE_ADM2_54616110B61947743987915","verification_status":"PROVISIONAL","source_role":"MASTER_GIS","display_rank":848,"lon":50.162799,"lat":40.440133},"geometry":{"type":"Point","coordinates":[50.1627991,40.4401333]}},{"type":"Feature","properties":{"poi_id":"OSM_cultural_11757894870","label":"Bayraq Dairəsi","name_az":"Bayraq Dairəsi","thesis_group":"HISTORICAL_CULTURAL","thesis_subtype":"attraction","icon_id":"cultural_historic","name_quality":"NAMED","rayon":"Zaqatala rayonu","rayon_id":"AZE_ADM2_54616110B4759617374649","verification_status":"PROVISIONAL","source_role":"MASTER_GIS","display_rank":1084,"lon":46.638815,"lat":41.630004},"geometry":{"type":"Point","coordinates":[46.6388151,41.6300035]}},{"type":"Feature","properties":{"poi_id":"OSM_cultural_6597580485","label":"Bayraq Muzeyi Göygöl","name_az":"Bayraq Muzeyi Göygöl","thesis_group":"HISTORICAL_CULTURAL","thesis_subtype":"museum","icon_id":"cultural_museum","name_quality":"NAMED","rayon":"Göygöl rayonu","rayon_id":"AZE_ADM2_54616110B13615645655589","verification_status":"PROVISIONAL","source_role":"MASTER_GIS","display_rank":346,"lon":46.329532,"lat":40.5784},"geometry":{"type":"Point","coordinates":[46.3295316,40.5783998]}},{"type":"Feature","properties":{"poi_id":"OSM_cultural_12710601223","label":"Bayraq Muzeyi \\ Suçqayıt","name_az":"Bayraq Muzeyi \\ Suçqayıt","thesis_group":"HISTORICAL_CULTURAL","thesis_subtype":"museum","icon_id":"cultural_museum","name_quality":"NAMED","rayon":"Sumqayıt şəhəri","rayon_id":"AZE_ADM2_54616110B75219613739908","verification_status":"PROVISIONAL","source_role":"MASTER_GIS","display_rank":1247,"lon":49.687702,"lat":40.588317},"geometry":{"type":"Point","coordinates":[49.6877021,40.588317100000005]}},{"type":"Feature","properties":{"poi_id":"OSM_cultural_9925349670","label":"Bayıl Qəsri (XIII əsr)","name_az":"Bayıl Qəsri (XIII əsr)","thesis_group":"HISTORICAL_CULTURAL","thesis_subtype":"ruins","icon_id":"cultural_historic","name_quality":"NAMED","rayon":"Bakı şəhəri","rayon_id":"AZE_ADM2_54616110B61947743987915","verification_status":"PROVISIONAL","source_role":"MASTER_GIS","display_rank":840,"lon":49.840829,"lat":40.353302},"geometry":{"type":"Point","coordinates":[49.840829400000004,40.353302]}},{"type":"Feature","properties":{"poi_id":"OSM_cultural_1641744191","label":"Bazar Məscidi","name_az":"Bazar Məscidi","thesis_group":"HISTORICAL_CULTURAL","thesis_subtype":"place_of_worship","icon_id":"cultural_historic","name_quality":"NAMED","rayon":"Bakı şəhəri","rayon_id":"AZE_ADM2_54616110B61947743987915","verification_status":"PROVISIONAL","source_role":"MASTER_GIS","display_rank":9,"lon":49.967956,"lat":40.412013},"geometry":{"type":"Point","coordinates":[49.9679561,40.412012600000004]}},{"type":"Feature","properties":{"poi_id":"OSM_cultural_8082178797","label":"Bazar kənd məscidi","name_az":"Bazar kənd məscidi","thesis_group":"HISTORICAL_CULTURAL","thesis_subtype":"place_of_worship","icon_id":"cultural_historic","name_quality":"NAMED","rayon":"Zaqatala rayonu","rayon_id":"AZE_ADM2_54616110B4759617374649","verification_status":"PROVISIONAL","source_role":"MASTER_GIS","display_rank":652,"lon":46.66704,"lat":41.540357},"geometry":{"type":"Point","coordinates":[46.667039900000006,41.540357400000005]}},{"type":"Feature","properties":{"poi_id":"OSM_cultural_7803926560","label":"Bazarməhlə Məscidi","name_az":"Bazarməhlə Məscidi","thesis_group":"HISTORICAL_CULTURAL","thesis_subtype":"place_of_worship","icon_id":"cultural_historic","name_quality":"NAMED","rayon":"İsmayıllı rayonu","rayon_id":"AZE_ADM2_54616110B45290451128830","verification_status":"PROVISIONAL","source_role":"MASTER_GIS","display_rank":561,"lon":48.151987,"lat":40.793101},"geometry":{"type":"Point","coordinates":[48.1519872,40.7931011]}},{"type":"Feature","properties":{"poi_id":"OSM_cultural_11762069660","label":"Bağanis Ayrım Tarixi Abidə","name_az":"Bağanis Ayrım Tarixi Abidə","thesis_group":"HISTORICAL_CULTURAL","thesis_subtype":"memorial","icon_id":"cultural_historic","name_quality":"NAMED","rayon":"Qazax rayonu","rayon_id":"AZE_ADM2_54616110B43488292017990","verification_status":"PROVISIONAL","source_role":"MASTER_GIS","display_rank":1085,"lon":45.082724,"lat":41.101098},"geometry":{"type":"Point","coordinates":[45.0827242,41.101097700000004]}},{"type":"Feature","properties":{"poi_id":"OSM_cultural_10606591438","label":"Baği Hamamı","name_az":"Baği Hamamı","thesis_group":"HISTORICAL_CULTURAL","thesis_subtype":"ruins","icon_id":"cultural_historic","name_quality":"NAMED","rayon":"Bakı şəhəri","rayon_id":"AZE_ADM2_54616110B61947743987915","verification_status":"PROVISIONAL","source_role":"MASTER_GIS","display_rank":921,"lon":50.032387,"lat":40.568593},"geometry":{"type":"Point","coordinates":[50.032387400000005,40.5685931]}},{"type":"Feature","properties":{"poi_id":"OSM_cultural_7693131681","label":"Baş Məscid","name_az":"Baş Məscid","thesis_group":"HISTORICAL_CULTURAL","thesis_subtype":"place_of_worship","icon_id":"cultural_historic","name_quality":"NAMED","rayon":"Qusar rayonu","rayon_id":"AZE_ADM2_54616110B21517829058101","verification_status":"PROVISIONAL","source_role":"MASTER_GIS","display_rank":432,"lon":48.429768,"lat":41.430848},"geometry":{"type":"Point","coordinates":[48.429767500000004,41.4308485]}},{"type":"Feature","properties":{"poi_id":"OSM_cultural_7726521982","label":"Baş Məscid","name_az":"Baş Məscid","thesis_group":"HISTORICAL_CULTURAL","thesis_subtype":"place_of_worship","icon_id":"cultural_historic","name_quality":"NAMED","rayon":"Xaçmaz rayonu","rayon_id":"AZE_ADM2_54616110B89497242950609","verification_status":"PROVISIONAL","source_role":"MASTER_GIS","display_rank":482,"lon":48.794636,"lat":41.458283},"geometry":{"type":"Point","coordinates":[48.7946364,41.4582828]}},{"type":"Feature","properties":{"poi_id":"OSM_cultural_7803926514","label":"Baş Məscid","name_az":"Baş Məscid","thesis_group":"HISTORICAL_CULTURAL","thesis_subtype":"place_of_worship","icon_id":"cultural_historic","name_quality":"NAMED","rayon":"İsmayıllı rayonu","rayon_id":"AZE_ADM2_54616110B45290451128830","verification_status":"PROVISIONAL","source_role":"MASTER_GIS","display_rank":554,"lon":48.15948,"lat":40.780271},"geometry":{"type":"Point","coordinates":[48.1594799,40.7802713]}},{"type":"Feature","properties":{"poi_id":"OSM_cultural_12486629072","label":"Bertuban monastırı","name_az":"Bertuban monastırı","thesis_group":"HISTORICAL_CULTURAL","thesis_subtype":"monument","icon_id":"cultural_monument","name_quality":"NAMED","rayon":"Ağstafa rayonu","rayon_id":"AZE_ADM2_54616110B36354954300290","verification_status":"PROVISIONAL","source_role":"MASTER_GIS","display_rank":1221,"lon":45.399906,"lat":41.40206},"geometry":{"type":"Point","coordinates":[45.3999065,41.4020603]}},{"type":"Feature","properties":{"poi_id":"OSM_cultural_4881295921","label":"Beyqurd qalası","name_az":"Beyqurd qalası","thesis_group":"HISTORICAL_CULTURAL","thesis_subtype":"attraction","icon_id":"cultural_historic","name_quality":"NAMED","rayon":"Ağsu rayonu","rayon_id":"AZE_ADM2_54616110B12323901372431","verification_status":"PROVISIONAL","source_role":"MASTER_GIS","display_rank":238,"lon":48.553839,"lat":40.750869},"geometry":{"type":"Point","coordinates":[48.553839100000005,40.750869300000005]}},{"type":"Feature","properties":{"poi_id":"OSM_cultural_1976808808","label":"Beşbarmaq","name_az":"Beşbarmaq","thesis_group":"HISTORICAL_CULTURAL","thesis_subtype":"place_of_worship","icon_id":"cultural_historic","name_quality":"NAMED","rayon":"Siyəzən rayonu","rayon_id":"AZE_ADM2_54616110B9592293002412","verification_status":"PROVISIONAL","source_role":"MASTER_GIS","display_rank":29,"lon":49.232727,"lat":40.95737},"geometry":{"type":"Point","coordinates":[49.2327273,40.957370000000004]}},{"type":"Feature","properties":{"poi_id":"OSM_cultural_3553938293","label":"Beşbarmaq Piri","name_az":"Beşbarmaq Piri","thesis_group":"HISTORICAL_CULTURAL","thesis_subtype":"place_of_worship","icon_id":"cultural_historic","name_quality":"NAMED","rayon":"Siyəzən rayonu","rayon_id":"AZE_ADM2_54616110B9592293002412","verification_status":"PROVISIONAL","source_role":"MASTER_GIS","display_rank":144,"lon":49.242415,"lat":40.971875},"geometry":{"type":"Point","coordinates":[49.242414800000006,40.9718746]}},{"type":"Feature","properties":{"poi_id":"OSM_cultural_2947442051","label":"Bibi Heybət Məscidi","name_az":"Bibi Heybət Məscidi","thesis_group":"HISTORICAL_CULTURAL","thesis_subtype":"place_of_worship","icon_id":"cultural_historic","name_quality":"NAMED","rayon":"Bakı şəhəri","rayon_id":"AZE_ADM2_54616110B61947743987915","verification_status":"PROVISIONAL","source_role":"MASTER_GIS","display_rank":63,"lon":49.8203,"lat":40.308664},"geometry":{"type":"Point","coordinates":[49.820299500000004,40.308664400000005]}},{"type":"Feature","properties":{"poi_id":"OSM_cultural_7691734659","label":"Bikəxanım Məscidi","name_az":"Bikəxanım Məscidi","thesis_group":"HISTORICAL_CULTURAL","thesis_subtype":"place_of_worship","icon_id":"cultural_historic","name_quality":"NAMED","rayon":"Xaçmaz rayonu","rayon_id":"AZE_ADM2_54616110B89497242950609","verification_status":"PROVISIONAL","source_role":"MASTER_GIS","display_rank":408,"lon":48.572204,"lat":41.744266},"geometry":{"type":"Point","coordinates":[48.5722035,41.7442663]}},{"type":"Feature","properties":{"poi_id":"OSM_cultural_7696030886","label":"Bikəxanım Məscidi","name_az":"Bikəxanım Məscidi","thesis_group":"HISTORICAL_CULTURAL","thesis_subtype":"place_of_worship","icon_id":"cultural_historic","name_quality":"NAMED","rayon":"Qusar rayonu","rayon_id":"AZE_ADM2_54616110B21517829058101","verification_status":"PROVISIONAL","source_role":"MASTER_GIS","display_rank":447,"lon":48.130975,"lat":41.49463},"geometry":{"type":"Point","coordinates":[48.130974800000004,41.4946302]}},{"type":"Feature","properties":{"poi_id":"OSM_cultural_7876229474","label":"Binyət Məscidi","name_az":"Binyət Məscidi","thesis_group":"HISTORICAL_CULTURAL","thesis_subtype":"place_of_worship","icon_id":"cultural_historic","name_quality":"NAMED","rayon":"Oğuz rayonu","rayon_id":"AZE_ADM2_54616110B99657283459996","verification_status":"PROVISIONAL","source_role":"MASTER_GIS","display_rank":605,"lon":47.610122,"lat":40.943229},"geometry":{"type":"Point","coordinates":[47.610122000000004,40.943229]}},{"type":"Feature","properties":{"poi_id":"OSM_cultural_3412723760","label":"Binəqədi Məscidi","name_az":"Binəqədi Məscidi","thesis_group":"HISTORICAL_CULTURAL","thesis_subtype":"place_of_worship","icon_id":"cultural_historic","name_quality":"NAMED","rayon":"Bakı şəhəri","rayon_id":"AZE_ADM2_54616110B61947743987915","verification_status":"PROVISIONAL","source_role":"MASTER_GIS","display_rank":120,"lon":49.822156,"lat":40.475475},"geometry":{"type":"Point","coordinates":[49.8221563,40.475475200000005]}},{"type":"Feature","properties":{"poi_id":"OSM_cultural_11134153705","label":"Bio Garden \\\\ Şəki","thesis_group":"HISTORICAL_CULTURAL","thesis_subtype":"museum","icon_id":"cultural_museum","name_quality":"NAMED","rayon":"Şəki rayonu","rayon_id":"AZE_ADM2_54616110B25010354244926","verification_status":"PROVISIONAL","source_role":"MASTER_GIS","display_rank":2192,"lon":47.196106,"lat":41.138861},"geometry":{"type":"Point","coordinates":[47.196106300000004,41.1388607]}},{"type":"Feature","properties":{"poi_id":"OSM_cultural_14022586335","label":"Biqben Balakən","name_az":"Biqben Balakən","thesis_group":"HISTORICAL_CULTURAL","thesis_subtype":"monument","icon_id":"cultural_monument","name_quality":"NAMED","rayon":"Balakən rayonu","rayon_id":"AZE_ADM2_54616110B63924922129682","verification_status":"PROVISIONAL","source_role":"MASTER_GIS","display_rank":1367,"lon":46.428492,"lat":41.702379},"geometry":{"type":"Point","coordinates":[46.4284922,41.702379300000004]}},{"type":"Feature","properties":{"poi_id":"OSM_cultural_7703077534","label":"Birlik Məscidi","name_az":"Birlik Məscidi","thesis_group":"HISTORICAL_CULTURAL","thesis_subtype":"place_of_worship","icon_id":"cultural_historic","name_quality":"NAMED","rayon":"Qusar rayonu","rayon_id":"AZE_ADM2_54616110B21517829058101","verification_status":"PROVISIONAL","source_role":"MASTER_GIS","display_rank":454,"lon":48.308424,"lat":41.366257},"geometry":{"type":"Point","coordinates":[48.308424300000006,41.3662573]}},{"type":"Feature","properties":{"poi_id":"OSM_cultural_1342664801","label":"Biz və Bizim Dağlar Abidəsi","name_az":"Biz və Bizim Dağlar Abidəsi","thesis_group":"HISTORICAL_CULTURAL","thesis_subtype":"attraction","icon_id":"cultural_historic","name_quality":"NAMED","rayon":"Xankəndi şəhəri","rayon_id":"AZE_ADM2_54616110B15657888815271","verification_status":"PROVISIONAL","source_role":"MASTER_GIS","display_rank":3,"lon":46.769964,"lat":39.837146},"geometry":{"type":"Point","coordinates":[46.769963600000004,39.837145500000005]}},{"type":"Feature","properties":{"poi_id":"OSM_cultural_7816091181","label":"Bunud Ümmət Məscidi","name_az":"Bunud Ümmət Məscidi","thesis_group":"HISTORICAL_CULTURAL","thesis_subtype":"place_of_worship","icon_id":"cultural_historic","name_quality":"NAMED","rayon":"Qəbələ rayonu","rayon_id":"AZE_ADM2_54616110B33746839775993","verification_status":"PROVISIONAL","source_role":"MASTER_GIS","display_rank":574,"lon":47.989316,"lat":40.91775},"geometry":{"type":"Point","coordinates":[47.9893165,40.9177497]}},{"type":"Feature","properties":{"poi_id":"OSM_cultural_3980140","label":"Buxara karvansarası","name_az":"Buxara karvansarası","thesis_group":"HISTORICAL_CULTURAL","thesis_subtype":"attraction","icon_id":"cultural_historic","name_quality":"NAMED","rayon":"Bakı şəhəri","rayon_id":"AZE_ADM2_54616110B61947743987915","verification_status":"PROVISIONAL","source_role":"MASTER_GIS","display_rank":1388,"lon":49.837009,"lat":40.366746},"geometry":{"type":"Point","coordinates":[49.83700930977486,40.36674624824377]}},{"type":"Feature","properties":{"poi_id":"OSM_cultural_10050568200","label":"Böyük Bazar məscidi","name_az":"Böyük Bazar məscidi","thesis_group":"HISTORICAL_CULTURAL","thesis_subtype":"place_of_worship","icon_id":"cultural_historic","name_quality":"NAMED","rayon":"Lənkəran şəhəri","rayon_id":"AZE_ADM2_54616110B92317303093203","verification_status":"PROVISIONAL","source_role":"MASTER_GIS","display_rank":869,"lon":48.847042,"lat":38.751577},"geometry":{"type":"Point","coordinates":[48.8470419,38.751577100000006]}},{"type":"Feature","properties":{"poi_id":"OSM_cultural_12042468071","label":"Böyük Kəsik Məscidi","name_az":"Böyük Kəsik Məscidi","thesis_group":"HISTORICAL_CULTURAL","thesis_subtype":"place_of_worship","icon_id":"cultural_historic","name_quality":"NAMED","rayon":"Ağstafa rayonu","rayon_id":"AZE_ADM2_54616110B36354954300290","verification_status":"PROVISIONAL","source_role":"MASTER_GIS","display_rank":1109,"lon":45.184413,"lat":41.390697},"geometry":{"type":"Point","coordinates":[45.1844126,41.390696500000004]}},{"type":"Feature","properties":{"poi_id":"OSM_cultural_8222781738","label":"Böyük Məscid \\ Danaçı","name_az":"Böyük Məscid \\ Danaçı","thesis_group":"HISTORICAL_CULTURAL","thesis_subtype":"place_of_worship","icon_id":"cultural_historic","name_quality":"NAMED","rayon":"Zaqatala rayonu","rayon_id":"AZE_ADM2_54616110B4759617374649","verification_status":"PROVISIONAL","source_role":"MASTER_GIS","display_rank":703,"lon":46.414393,"lat":41.546541},"geometry":{"type":"Point","coordinates":[46.414393200000006,41.5465406]}},{"type":"Feature","properties":{"poi_id":"OSM_cultural_7688400584","label":"Böyük məscid","name_az":"Böyük məscid","thesis_group":"HISTORICAL_CULTURAL","thesis_subtype":"place_of_worship","icon_id":"cultural_historic","name_quality":"NAMED","rayon":"Xaçmaz rayonu","rayon_id":"AZE_ADM2_54616110B89497242950609","verification_status":"PROVISIONAL","source_role":"MASTER_GIS","display_rank":386,"lon":48.689903,"lat":41.761328},"geometry":{"type":"Point","coordinates":[48.6899029,41.761327800000004]}},{"type":"Feature","properties":{"poi_id":"OSM_cultural_12453648904","label":"Bəhmətli Məscidi","name_az":"Bəhmətli Məscidi","thesis_group":"HISTORICAL_CULTURAL","thesis_subtype":"place_of_worship","icon_id":"cultural_historic","name_quality":"NAMED","rayon":"Zaqatala rayonu","rayon_id":"AZE_ADM2_54616110B4759617374649","verification_status":"PROVISIONAL","source_role":"MASTER_GIS","display_rank":1212,"lon":46.639455,"lat":41.458641},"geometry":{"type":"Point","coordinates":[46.6394547,41.4586406]}},{"type":"Feature","properties":{"poi_id":"OSM_cultural_3648179395","label":"Bəhram Gur","name_az":"Bəhram Gur","thesis_group":"HISTORICAL_CULTURAL","thesis_subtype":"monument","icon_id":"cultural_monument","name_quality":"NAMED","rayon":"Bakı şəhəri","rayon_id":"AZE_ADM2_54616110B61947743987915","verification_status":"PROVISIONAL","source_role":"MASTER_GIS","display_rank":159,"lon":49.833662,"lat":40.360437},"geometry":{"type":"Point","coordinates":[49.833661600000006,40.3604368]}},{"type":"Feature","properties":{"poi_id":"OSM_cultural_9383810474","label":"Bərdə türbəsi","name_az":"Bərdə türbəsi","thesis_group":"HISTORICAL_CULTURAL","thesis_subtype":"tomb","icon_id":"cultural_historic","name_quality":"NAMED","rayon":"Bərdə rayonu","rayon_id":"AZE_ADM2_54616110B76249555634218","verification_status":"PROVISIONAL","source_role":"MASTER_GIS","display_rank":792,"lon":47.127762,"lat":40.383102},"geometry":{"type":"Point","coordinates":[47.1277618,40.383102]}},{"type":"Feature","properties":{"poi_id":"OSM_cultural_13246422885","label":"Bərgüzar Məscidi \\ Xələc","name_az":"Bərgüzar Məscidi \\ Xələc","thesis_group":"HISTORICAL_CULTURAL","thesis_subtype":"place_of_worship","icon_id":"cultural_historic","name_quality":"NAMED","rayon":"Salyan rayonu","rayon_id":"AZE_ADM2_54616110B55207089168458","verification_status":"PROVISIONAL","source_role":"MASTER_GIS","display_rank":1297,"lon":49.047967,"lat":39.742854},"geometry":{"type":"Point","coordinates":[49.047967,39.7428539]}},{"type":"Feature","properties":{"poi_id":"OSM_cultural_7777751564","label":"Bərəkət Məscidi \\ Sədiyan","name_az":"Bərəkət Məscidi \\ Sədiyan","thesis_group":"HISTORICAL_CULTURAL","thesis_subtype":"place_of_worship","icon_id":"cultural_historic","name_quality":"NAMED","rayon":"İsmayıllı rayonu","rayon_id":"AZE_ADM2_54616110B45290451128830","verification_status":"PROVISIONAL","source_role":"MASTER_GIS","display_rank":543,"lon":48.250853,"lat":40.779428},"geometry":{"type":"Point","coordinates":[48.250853400000004,40.7794284]}},{"type":"Feature","properties":{"poi_id":"OSM_cultural_4427993609","label":"Bəylər Məscidi \\ İçəri Şəhər","name_az":"Bəylər Məscidi \\ İçəri Şəhər","thesis_group":"HISTORICAL_CULTURAL","thesis_subtype":"place_of_worship","icon_id":"cultural_historic","name_quality":"NAMED","rayon":"Bakı şəhəri","rayon_id":"AZE_ADM2_54616110B61947743987915","verification_status":"PROVISIONAL","source_role":"MASTER_GIS","display_rank":204,"lon":49.834492,"lat":40.36616},"geometry":{"type":"Point","coordinates":[49.8344918,40.3661595]}},{"type":"Feature","properties":{"poi_id":"OSM_cultural_7774166027","label":"Bəylərbəyi Sarayı","name_az":"Bəylərbəyi Sarayı","thesis_group":"HISTORICAL_CULTURAL","thesis_subtype":"castle","icon_id":"cultural_castle","name_quality":"NAMED","rayon":"İsmayıllı rayonu","rayon_id":"AZE_ADM2_54616110B45290451128830","verification_status":"PROVISIONAL","source_role":"MASTER_GIS","display_rank":526,"lon":48.382223,"lat":40.846249},"geometry":{"type":"Point","coordinates":[48.382222600000006,40.846248800000005]}},{"type":"Feature","properties":{"poi_id":"OSM_cultural_7707481206","label":"Cahan Məscidi","name_az":"Cahan Məscidi","thesis_group":"HISTORICAL_CULTURAL","thesis_subtype":"place_of_worship","icon_id":"cultural_historic","name_quality":"NAMED","rayon":"Quba rayonu","rayon_id":"AZE_ADM2_54616110B77048085748362","verification_status":"PROVISIONAL","source_role":"MASTER_GIS","display_rank":472,"lon":48.299085,"lat":41.123215},"geometry":{"type":"Point","coordinates":[48.299084900000004,41.123214700000005]}},{"type":"Feature","properties":{"poi_id":"OSM_cultural_7692642700","label":"Camaat Məscidi","name_az":"Camaat Məscidi","thesis_group":"HISTORICAL_CULTURAL","thesis_subtype":"place_of_worship","icon_id":"cultural_historic","name_quality":"NAMED","rayon":"Qusar rayonu","rayon_id":"AZE_ADM2_54616110B21517829058101","verification_status":"PROVISIONAL","source_role":"MASTER_GIS","display_rank":419,"lon":48.423451,"lat":41.516087},"geometry":{"type":"Point","coordinates":[48.423450900000006,41.516087000000006]}},{"type":"Feature","properties":{"poi_id":"OSM_cultural_7705828172","label":"Camaat Məscidi","name_az":"Camaat Məscidi","thesis_group":"HISTORICAL_CULTURAL","thesis_subtype":"place_of_worship","icon_id":"cultural_historic","name_quality":"NAMED","rayon":"Quba rayonu","rayon_id":"AZE_ADM2_54616110B77048085748362","verification_status":"PROVISIONAL","source_role":"MASTER_GIS","display_rank":462,"lon":48.235487,"lat":41.193006},"geometry":{"type":"Point","coordinates":[48.235487000000006,41.193006000000004]}},{"type":"Feature","properties":{"poi_id":"OSM_cultural_8551617629","label":"Camaat Məscidi","name_az":"Camaat Məscidi","thesis_group":"HISTORICAL_CULTURAL","thesis_subtype":"place_of_worship","icon_id":"cultural_historic","name_quality":"NAMED","rayon":"İsmayıllı rayonu","rayon_id":"AZE_ADM2_54616110B45290451128830","verification_status":"PROVISIONAL","source_role":"MASTER_GIS","display_rank":742,"lon":48.10939,"lat":40.67977},"geometry":{"type":"Point","coordinates":[48.1093897,40.6797695]}},{"type":"Feature","properties":{"poi_id":"OSM_cultural_8078561393","label":"Camaat Məscidi \\ Gözbarax","name_az":"Camaat Məscidi \\ Gözbarax","thesis_group":"HISTORICAL_CULTURAL","thesis_subtype":"place_of_worship","icon_id":"cultural_historic","name_quality":"NAMED","rayon":"Zaqatala rayonu","rayon_id":"AZE_ADM2_54616110B4759617374649","verification_status":"PROVISIONAL","source_role":"MASTER_GIS","display_rank":649,"lon":46.741894,"lat":41.517688},"geometry":{"type":"Point","coordinates":[46.741893600000004,41.5176876]}},{"type":"Feature","properties":{"poi_id":"OSM_cultural_2984129340","label":"Came Məscidi","name_az":"Came Məscidi","thesis_group":"HISTORICAL_CULTURAL","thesis_subtype":"place_of_worship","icon_id":"cultural_historic","name_quality":"NAMED","rayon":"Naxçıvan şəhəri","rayon_id":"AZE_ADM2_54616110B79262118902245","verification_status":"PROVISIONAL","source_role":"MASTER_GIS","display_rank":73,"lon":45.407476,"lat":39.207852},"geometry":{"type":"Point","coordinates":[45.407476100000004,39.207852]}},{"type":"Feature","properties":{"poi_id":"OSM_cultural_12104753836","label":"Car Kənd Məscidi","name_az":"Car Kənd Məscidi","thesis_group":"HISTORICAL_CULTURAL","thesis_subtype":"place_of_worship","icon_id":"cultural_historic","name_quality":"NAMED","rayon":"Zaqatala rayonu","rayon_id":"AZE_ADM2_54616110B4759617374649","verification_status":"PROVISIONAL","source_role":"MASTER_GIS","display_rank":1132,"lon":46.657112,"lat":41.643601},"geometry":{"type":"Point","coordinates":[46.657112000000005,41.6436012]}},{"type":"Feature","properties":{"poi_id":"OSM_cultural_11245223062","label":"Cavaşir Qalası","name_az":"Cavaşir Qalası","thesis_group":"HISTORICAL_CULTURAL","thesis_subtype":"attraction","icon_id":"cultural_historic","name_quality":"NAMED","rayon":"İsmayıllı rayonu","rayon_id":"AZE_ADM2_54616110B45290451128830","verification_status":"PROVISIONAL","source_role":"MASTER_GIS","display_rank":1021,"lon":48.210402,"lat":40.811819},"geometry":{"type":"Point","coordinates":[48.210401700000006,40.811818800000005]}},{"type":"Feature","properties":{"poi_id":"OSM_cultural_5858446374","label":"Caylı kənd Məscidi","name_az":"Caylı kənd Məscidi","thesis_group":"HISTORICAL_CULTURAL","thesis_subtype":"place_of_worship","icon_id":"cultural_historic","name_quality":"NAMED","rayon":"Qazax rayonu","rayon_id":"AZE_ADM2_54616110B43488292017990","verification_status":"PROVISIONAL","source_role":"MASTER_GIS","display_rank":290,"lon":45.31155,"lat":41.123854},"geometry":{"type":"Point","coordinates":[45.311550000000004,41.123854300000005]}},{"type":"Feature","properties":{"poi_id":"OSM_cultural_11077516114","label":"Ceyran Abidəsi","name_az":"Ceyran Abidəsi","thesis_group":"HISTORICAL_CULTURAL","thesis_subtype":"monument","icon_id":"cultural_monument","name_quality":"NAMED","rayon":"Qusar rayonu","rayon_id":"AZE_ADM2_54616110B21517829058101","verification_status":"PROVISIONAL","source_role":"MASTER_GIS","display_rank":981,"lon":48.410555,"lat":41.414052},"geometry":{"type":"Point","coordinates":[48.4105548,41.4140515]}},{"type":"Feature","properties":{"poi_id":"OSM_cultural_3683430313","label":"Church","thesis_group":"HISTORICAL_CULTURAL","thesis_subtype":"place_of_worship","icon_id":"cultural_historic","name_quality":"NAMED","rayon":"Xocavənd rayonu","rayon_id":"AZE_ADM2_54616110B38461317640181","verification_status":"PROVISIONAL","source_role":"MASTER_GIS","display_rank":2081,"lon":47.026131,"lat":39.519698},"geometry":{"type":"Point","coordinates":[47.026130800000004,39.5196976]}},{"type":"Feature","properties":{"poi_id":"OSM_cultural_4937557524","label":"Church of Saint Pantaleon","thesis_group":"HISTORICAL_CULTURAL","thesis_subtype":"place_of_worship","icon_id":"cultural_historic","name_quality":"NAMED","rayon":"Şuşa rayonu","rayon_id":"AZE_ADM2_54616110B49912296290484","verification_status":"PROVISIONAL","source_role":"MASTER_GIS","display_rank":2106,"lon":46.608257,"lat":39.656625},"geometry":{"type":"Point","coordinates":[46.6082574,39.656624900000004]}},{"type":"Feature","properties":{"poi_id":"OSM_cultural_5978900130","label":"Cingöz Qala Car","name_az":"Cingöz Qala Car","thesis_group":"HISTORICAL_CULTURAL","thesis_subtype":"castle","icon_id":"cultural_castle","name_quality":"NAMED","rayon":"Zaqatala rayonu","rayon_id":"AZE_ADM2_54616110B4759617374649","verification_status":"PROVISIONAL","source_role":"MASTER_GIS","display_rank":313,"lon":46.683434,"lat":41.67192},"geometry":{"type":"Point","coordinates":[46.6834335,41.671920300000004]}},{"type":"Feature","properties":{"poi_id":"OSM_cultural_4234003697","label":"Corat Abidə","name_az":"Corat Abidə","thesis_group":"HISTORICAL_CULTURAL","thesis_subtype":"monument","icon_id":"cultural_monument","name_quality":"NAMED","rayon":"Sumqayıt şəhəri","rayon_id":"AZE_ADM2_54616110B75219613739908","verification_status":"PROVISIONAL","source_role":"MASTER_GIS","display_rank":186,"lon":49.708094,"lat":40.576106},"geometry":{"type":"Point","coordinates":[49.708093600000005,40.5761057]}},{"type":"Feature","properties":{"poi_id":"OSM_cultural_4898994960","label":"Corat Məscidi","name_az":"Corat Məscidi","thesis_group":"HISTORICAL_CULTURAL","thesis_subtype":"place_of_worship","icon_id":"cultural_historic","name_quality":"NAMED","rayon":"Abşeron rayonu","rayon_id":"AZE_ADM2_54616110B88432173472444","verification_status":"PROVISIONAL","source_role":"MASTER_GIS","display_rank":239,"lon":49.707827,"lat":40.571845},"geometry":{"type":"Point","coordinates":[49.707826700000005,40.5718448]}},{"type":"Feature","properties":{"poi_id":"OSM_cultural_4271007489","label":"Corce Enesku","name_az":"Corce Enesku","thesis_group":"HISTORICAL_CULTURAL","thesis_subtype":"memorial","icon_id":"cultural_historic","name_quality":"NAMED","rayon":"Bakı şəhəri","rayon_id":"AZE_ADM2_54616110B61947743987915","verification_status":"PROVISIONAL","source_role":"MASTER_GIS","display_rank":187,"lon":49.837487,"lat":40.417481},"geometry":{"type":"Point","coordinates":[49.837487200000005,40.4174811]}},{"type":"Feature","properties":{"poi_id":"OSM_cultural_8391147885","label":"Cümşüd Məscidi","name_az":"Cümşüd Məscidi","thesis_group":"HISTORICAL_CULTURAL","thesis_subtype":"place_of_worship","icon_id":"cultural_historic","name_quality":"NAMED","rayon":"Ağdam rayonu","rayon_id":"AZE_ADM2_54616110B71765796178707","verification_status":"PROVISIONAL","source_role":"MASTER_GIS","display_rank":731,"lon":47.052535,"lat":40.065987},"geometry":{"type":"Point","coordinates":[47.052535000000006,40.0659872]}},{"type":"Feature","properties":{"poi_id":"OSM_cultural_3374799261","label":"Cümə Məscidi","name_az":"Cümə Məscidi","thesis_group":"HISTORICAL_CULTURAL","thesis_subtype":"place_of_worship","icon_id":"cultural_historic","name_quality":"NAMED","rayon":"Bakı şəhəri","rayon_id":"AZE_ADM2_54616110B61947743987915","verification_status":"PROVISIONAL","source_role":"MASTER_GIS","display_rank":110,"lon":49.954464,"lat":40.486579},"geometry":{"type":"Point","coordinates":[49.954464400000006,40.4865793]}},{"type":"Feature","properties":{"poi_id":"OSM_cultural_3388042056","label":"Cümə Məscidi","name_az":"Cümə Məscidi","thesis_group":"HISTORICAL_CULTURAL","thesis_subtype":"place_of_worship","icon_id":"cultural_historic","name_quality":"NAMED","rayon":"Bakı şəhəri","rayon_id":"AZE_ADM2_54616110B61947743987915","verification_status":"PROVISIONAL","source_role":"MASTER_GIS","display_rank":111,"lon":49.736362,"lat":40.43019},"geometry":{"type":"Point","coordinates":[49.7363616,40.430189600000006]}},{"type":"Feature","properties":{"poi_id":"OSM_cultural_5933384088","label":"Cümə Məscidi","name_az":"Cümə Məscidi","thesis_group":"HISTORICAL_CULTURAL","thesis_subtype":"attraction","icon_id":"cultural_historic","name_quality":"NAMED","rayon":"Quba rayonu","rayon_id":"AZE_ADM2_54616110B77048085748362","verification_status":"PROVISIONAL","source_role":"MASTER_GIS","display_rank":304,"lon":48.51212,"lat":41.363195},"geometry":{"type":"Point","coordinates":[48.51212030000001,41.363195000000005]}},{"type":"Feature","properties":{"poi_id":"OSM_cultural_5978441805","label":"Cümə Məscidi","name_az":"Cümə Məscidi","thesis_group":"HISTORICAL_CULTURAL","thesis_subtype":"place_of_worship","icon_id":"cultural_historic","name_quality":"NAMED","rayon":"Qax rayonu","rayon_id":"AZE_ADM2_54616110B49356278605879","verification_status":"PROVISIONAL","source_role":"MASTER_GIS","display_rank":309,"lon":46.924002,"lat":41.415098},"geometry":{"type":"Point","coordinates":[46.924002,41.4150985]}},{"type":"Feature","properties":{"poi_id":"OSM_cultural_7691662045","label":"Cümə Məscidi","name_az":"Cümə Məscidi","thesis_group":"HISTORICAL_CULTURAL","thesis_subtype":"place_of_worship","icon_id":"cultural_historic","name_quality":"NAMED","rayon":"Qusar rayonu","rayon_id":"AZE_ADM2_54616110B21517829058101","verification_status":"PROVISIONAL","source_role":"MASTER_GIS","display_rank":403,"lon":48.500685,"lat":41.674122},"geometry":{"type":"Point","coordinates":[48.500685100000005,41.6741219]}},{"type":"Feature","properties":{"poi_id":"OSM_cultural_7692382941","label":"Cümə Məscidi","name_az":"Cümə Məscidi","thesis_group":"HISTORICAL_CULTURAL","thesis_subtype":"place_of_worship","icon_id":"cultural_historic","name_quality":"NAMED","rayon":"Qusar rayonu","rayon_id":"AZE_ADM2_54616110B21517829058101","verification_status":"PROVISIONAL","source_role":"MASTER_GIS","display_rank":417,"lon":48.435872,"lat":41.554389},"geometry":{"type":"Point","coordinates":[48.435872200000006,41.5543891]}},{"type":"Feature","properties":{"poi_id":"OSM_cultural_7693109242","label":"Cümə Məscidi","name_az":"Cümə Məscidi","thesis_group":"HISTORICAL_CULTURAL","thesis_subtype":"place_of_worship","icon_id":"cultural_historic","name_quality":"NAMED","rayon":"Qusar rayonu","rayon_id":"AZE_ADM2_54616110B21517829058101","verification_status":"PROVISIONAL","source_role":"MASTER_GIS","display_rank":429,"lon":48.3668,"lat":41.395743},"geometry":{"type":"Point","coordinates":[48.366799900000004,41.395743]}},{"type":"Feature","properties":{"poi_id":"OSM_cultural_7707481212","label":"Cümə Məscidi","name_az":"Cümə Məscidi","thesis_group":"HISTORICAL_CULTURAL","thesis_subtype":"place_of_worship","icon_id":"cultural_historic","name_quality":"NAMED","rayon":"Quba rayonu","rayon_id":"AZE_ADM2_54616110B77048085748362","verification_status":"PROVISIONAL","source_role":"MASTER_GIS","display_rank":474,"lon":48.370979,"lat":41.183021},"geometry":{"type":"Point","coordinates":[48.3709788,41.183020500000005]}},{"type":"Feature","properties":{"poi_id":"OSM_cultural_7710892372","label":"Cümə Məscidi","name_az":"Cümə Məscidi","thesis_group":"HISTORICAL_CULTURAL","thesis_subtype":"place_of_worship","icon_id":"cultural_historic","name_quality":"NAMED","rayon":"Siyəzən rayonu","rayon_id":"AZE_ADM2_54616110B9592293002412","verification_status":"PROVISIONAL","source_role":"MASTER_GIS","display_rank":477,"lon":49.039924,"lat":41.064782},"geometry":{"type":"Point","coordinates":[49.039924400000004,41.0647821]}},{"type":"Feature","properties":{"poi_id":"OSM_cultural_7740555338","label":"Cümə Məscidi","name_az":"Cümə Məscidi","thesis_group":"HISTORICAL_CULTURAL","thesis_subtype":"place_of_worship","icon_id":"cultural_historic","name_quality":"NAMED","rayon":"Qobustan rayonu","rayon_id":"AZE_ADM2_54616110B43271825035432","verification_status":"PROVISIONAL","source_role":"MASTER_GIS","display_rank":510,"lon":48.761364,"lat":40.490728},"geometry":{"type":"Point","coordinates":[48.7613636,40.4907283]}},{"type":"Feature","properties":{"poi_id":"OSM_cultural_7815953638","label":"Cümə Məscidi","name_az":"Cümə Məscidi","thesis_group":"HISTORICAL_CULTURAL","thesis_subtype":"place_of_worship","icon_id":"cultural_historic","name_quality":"NAMED","rayon":"Bakı şəhəri","rayon_id":"AZE_ADM2_54616110B61947743987915","verification_status":"PROVISIONAL","source_role":"MASTER_GIS","display_rank":570,"lon":49.91944,"lat":40.462386},"geometry":{"type":"Point","coordinates":[49.919439600000004,40.4623861]}},{"type":"Feature","properties":{"poi_id":"OSM_cultural_7820115643","label":"Cümə Məscidi","name_az":"Cümə Məscidi","thesis_group":"HISTORICAL_CULTURAL","thesis_subtype":"place_of_worship","icon_id":"cultural_historic","name_quality":"NAMED","rayon":"Qəbələ rayonu","rayon_id":"AZE_ADM2_54616110B33746839775993","verification_status":"PROVISIONAL","source_role":"MASTER_GIS","display_rank":576,"lon":47.933822,"lat":40.944785},"geometry":{"type":"Point","coordinates":[47.9338217,40.944785]}},{"type":"Feature","properties":{"poi_id":"OSM_cultural_7844514405","label":"Cümə Məscidi","name_az":"Cümə Məscidi","thesis_group":"HISTORICAL_CULTURAL","thesis_subtype":"place_of_worship","icon_id":"cultural_historic","name_quality":"NAMED","rayon":"Qəbələ rayonu","rayon_id":"AZE_ADM2_54616110B33746839775993","verification_status":"PROVISIONAL","source_role":"MASTER_GIS","display_rank":592,"lon":47.754446,"lat":41.019129},"geometry":{"type":"Point","coordinates":[47.754446300000005,41.0191291]}},{"type":"Feature","properties":{"poi_id":"OSM_cultural_8119232018","label":"Cümə Məscidi","name_az":"Cümə Məscidi","thesis_group":"HISTORICAL_CULTURAL","thesis_subtype":"place_of_worship","icon_id":"cultural_historic","name_quality":"NAMED","rayon":"Zaqatala rayonu","rayon_id":"AZE_ADM2_54616110B4759617374649","verification_status":"PROVISIONAL","source_role":"MASTER_GIS","display_rank":656,"lon":46.653743,"lat":41.616032},"geometry":{"type":"Point","coordinates":[46.6537428,41.6160319]}},{"type":"Feature","properties":{"poi_id":"OSM_cultural_8199354714","label":"Cümə Məscidi","name_az":"Cümə Məscidi","thesis_group":"HISTORICAL_CULTURAL","thesis_subtype":"place_of_worship","icon_id":"cultural_historic","name_quality":"NAMED","rayon":"Balakən rayonu","rayon_id":"AZE_ADM2_54616110B63924922129682","verification_status":"PROVISIONAL","source_role":"MASTER_GIS","display_rank":694,"lon":46.264211,"lat":41.704046},"geometry":{"type":"Point","coordinates":[46.2642109,41.7040464]}},{"type":"Feature","properties":{"poi_id":"OSM_cultural_8243438157","label":"Cümə Məscidi","name_az":"Cümə Məscidi","thesis_group":"HISTORICAL_CULTURAL","thesis_subtype":"place_of_worship","icon_id":"cultural_historic","name_quality":"NAMED","rayon":"Zaqatala rayonu","rayon_id":"AZE_ADM2_54616110B4759617374649","verification_status":"PROVISIONAL","source_role":"MASTER_GIS","display_rank":710,"lon":46.61664,"lat":41.41546},"geometry":{"type":"Point","coordinates":[46.6166398,41.4154605]}},{"type":"Feature","properties":{"poi_id":"OSM_cultural_9834588724","label":"Cümə Məscidi","name_az":"Cümə Məscidi","thesis_group":"HISTORICAL_CULTURAL","thesis_subtype":"place_of_worship","icon_id":"cultural_historic","name_quality":"NAMED","rayon":"Bakı şəhəri","rayon_id":"AZE_ADM2_54616110B61947743987915","verification_status":"PROVISIONAL","source_role":"MASTER_GIS","display_rank":832,"lon":50.113342,"lat":40.517161},"geometry":{"type":"Point","coordinates":[50.11334170000001,40.517160700000005]}},{"type":"Feature","properties":{"poi_id":"OSM_cultural_10172240658","label":"Cümə Məscidi","name_az":"Cümə Məscidi","thesis_group":"HISTORICAL_CULTURAL","thesis_subtype":"place_of_worship","icon_id":"cultural_historic","name_quality":"NAMED","rayon":"Abşeron rayonu","rayon_id":"AZE_ADM2_54616110B88432173472444","verification_status":"PROVISIONAL","source_role":"MASTER_GIS","display_rank":885,"lon":49.902166,"lat":40.503721},"geometry":{"type":"Point","coordinates":[49.9021661,40.503720900000005]}},{"type":"Feature","properties":{"poi_id":"OSM_cultural_10555050783","label":"Cümə Məscidi","name_az":"Cümə Məscidi","thesis_group":"HISTORICAL_CULTURAL","thesis_subtype":"place_of_worship","icon_id":"cultural_historic","name_quality":"NAMED","rayon":"Bakı şəhəri","rayon_id":"AZE_ADM2_54616110B61947743987915","verification_status":"PROVISIONAL","source_role":"MASTER_GIS","display_rank":898,"lon":50.000674,"lat":40.533868},"geometry":{"type":"Point","coordinates":[50.0006743,40.5338675]}},{"type":"Feature","properties":{"poi_id":"OSM_cultural_10571460359","label":"Cümə Məscidi","name_az":"Cümə Məscidi","thesis_group":"HISTORICAL_CULTURAL","thesis_subtype":"place_of_worship","icon_id":"cultural_historic","name_quality":"NAMED","rayon":"Bakı şəhəri","rayon_id":"AZE_ADM2_54616110B61947743987915","verification_status":"PROVISIONAL","source_role":"MASTER_GIS","display_rank":905,"lon":50.005918,"lat":40.557115},"geometry":{"type":"Point","coordinates":[50.005918,40.557115]}},{"type":"Feature","properties":{"poi_id":"OSM_cultural_10606575764","label":"Cümə Məscidi","name_az":"Cümə Məscidi","thesis_group":"HISTORICAL_CULTURAL","thesis_subtype":"place_of_worship","icon_id":"cultural_historic","name_quality":"NAMED","rayon":"Bakı şəhəri","rayon_id":"AZE_ADM2_54616110B61947743987915","verification_status":"PROVISIONAL","source_role":"MASTER_GIS","display_rank":920,"lon":50.039344,"lat":40.570941},"geometry":{"type":"Point","coordinates":[50.0393437,40.5709413]}},{"type":"Feature","properties":{"poi_id":"OSM_cultural_11295970561","label":"Cümə Məscidi","name_az":"Cümə Məscidi","thesis_group":"HISTORICAL_CULTURAL","thesis_subtype":"place_of_worship","icon_id":"cultural_historic","name_quality":"NAMED","rayon":"Bakı şəhəri","rayon_id":"AZE_ADM2_54616110B61947743987915","verification_status":"PROVISIONAL","source_role":"MASTER_GIS","display_rank":1031,"lon":49.574196,"lat":40.224764},"geometry":{"type":"Point","coordinates":[49.574196300000004,40.2247641]}},{"type":"Feature","properties":{"poi_id":"OSM_cultural_12117503407","label":"Cümə Məscidi","name_az":"Cümə Məscidi","thesis_group":"HISTORICAL_CULTURAL","thesis_subtype":"place_of_worship","icon_id":"cultural_historic","name_quality":"NAMED","rayon":"Ağstafa rayonu","rayon_id":"AZE_ADM2_54616110B36354954300290","verification_status":"PROVISIONAL","source_role":"MASTER_GIS","display_rank":1135,"lon":45.38989,"lat":41.102583},"geometry":{"type":"Point","coordinates":[45.3898899,41.102583200000005]}},{"type":"Feature","properties":{"poi_id":"OSM_cultural_12426866080","label":"Cümə Məscidi","name_az":"Cümə Məscidi","thesis_group":"HISTORICAL_CULTURAL","thesis_subtype":"place_of_worship","icon_id":"cultural_historic","name_quality":"NAMED","rayon":"Daşkəsən rayonu","rayon_id":"AZE_ADM2_54616110B88384638285498","verification_status":"PROVISIONAL","source_role":"MASTER_GIS","display_rank":1181,"lon":46.081201,"lat":40.522716},"geometry":{"type":"Point","coordinates":[46.0812011,40.5227158]}},{"type":"Feature","properties":{"poi_id":"OSM_cultural_12806712429","label":"Cümə Məscidi","name_az":"Cümə Məscidi","thesis_group":"HISTORICAL_CULTURAL","thesis_subtype":"place_of_worship","icon_id":"cultural_historic","name_quality":"NAMED","rayon":"Goranboy rayonu","rayon_id":"AZE_ADM2_54616110B75141866412524","verification_status":"PROVISIONAL","source_role":"MASTER_GIS","display_rank":1254,"lon":46.813617,"lat":40.509584},"geometry":{"type":"Point","coordinates":[46.8136172,40.509584100000005]}},{"type":"Feature","properties":{"poi_id":"OSM_cultural_13917365479","label":"Cümə Məscidi","name_az":"Cümə Məscidi","thesis_group":"HISTORICAL_CULTURAL","thesis_subtype":"place_of_worship","icon_id":"cultural_historic","name_quality":"NAMED","rayon":"Ağdaş rayonu","rayon_id":"AZE_ADM2_54616110B75800990015815","verification_status":"PROVISIONAL","source_role":"MASTER_GIS","display_rank":1351,"lon":47.474641,"lat":40.674741},"geometry":{"type":"Point","coordinates":[47.474640900000004,40.674741000000004]}},{"type":"Feature","properties":{"poi_id":"OSM_cultural_13943401989","label":"Cümə Məscidi","name_az":"Cümə Məscidi","thesis_group":"HISTORICAL_CULTURAL","thesis_subtype":"place_of_worship","icon_id":"cultural_historic","name_quality":"NAMED","rayon":"İsmayıllı rayonu","rayon_id":"AZE_ADM2_54616110B45290451128830","verification_status":"PROVISIONAL","source_role":"MASTER_GIS","display_rank":1354,"lon":48.161592,"lat":40.78107},"geometry":{"type":"Point","coordinates":[48.1615922,40.7810695]}},{"type":"Feature","properties":{"poi_id":"OSM_cultural_10087645480","label":"Cümə Məscidi Qaraçuxur","name_az":"Cümə Məscidi Qaraçuxur","thesis_group":"HISTORICAL_CULTURAL","thesis_subtype":"place_of_worship","icon_id":"cultural_historic","name_quality":"NAMED","rayon":"Bakı şəhəri","rayon_id":"AZE_ADM2_54616110B61947743987915","verification_status":"PROVISIONAL","source_role":"MASTER_GIS","display_rank":873,"lon":49.973454,"lat":40.402496},"geometry":{"type":"Point","coordinates":[49.9734539,40.402495900000005]}},{"type":"Feature","properties":{"poi_id":"OSM_cultural_5854031742","label":"Cümə Məscidi Qazax","name_az":"Cümə Məscidi Qazax","thesis_group":"HISTORICAL_CULTURAL","thesis_subtype":"place_of_worship","icon_id":"cultural_historic","name_quality":"NAMED","rayon":"Ağstafa rayonu","rayon_id":"AZE_ADM2_54616110B36354954300290","verification_status":"PROVISIONAL","source_role":"MASTER_GIS","display_rank":289,"lon":45.360712,"lat":41.093129},"geometry":{"type":"Point","coordinates":[45.3607121,41.0931292]}},{"type":"Feature","properties":{"poi_id":"OSM_cultural_8174421664","label":"Cümə Məscidi \\ Göyəm","name_az":"Cümə Məscidi \\ Göyəm","thesis_group":"HISTORICAL_CULTURAL","thesis_subtype":"place_of_worship","icon_id":"cultural_historic","name_quality":"NAMED","rayon":"Zaqatala rayonu","rayon_id":"AZE_ADM2_54616110B4759617374649","verification_status":"PROVISIONAL","source_role":"MASTER_GIS","display_rank":675,"lon":46.597642,"lat":41.619278},"geometry":{"type":"Point","coordinates":[46.597641700000004,41.619278200000004]}},{"type":"Feature","properties":{"poi_id":"OSM_cultural_7767510742","label":"Cümə Məscidi \\ Qaravəlli","name_az":"Cümə Məscidi \\ Qaravəlli","thesis_group":"HISTORICAL_CULTURAL","thesis_subtype":"place_of_worship","icon_id":"cultural_historic","name_quality":"NAMED","rayon":"Şamaxı rayonu","rayon_id":"AZE_ADM2_54616110B16651088424667","verification_status":"PROVISIONAL","source_role":"MASTER_GIS","display_rank":516,"lon":48.54919,"lat":40.634184},"geometry":{"type":"Point","coordinates":[48.549190200000005,40.634184100000006]}},{"type":"Feature","properties":{"poi_id":"OSM_cultural_12450087577","label":"Cümə Məscidi \\ Qaysarlı","name_az":"Cümə Məscidi \\ Qaysarlı","thesis_group":"HISTORICAL_CULTURAL","thesis_subtype":"place_of_worship","icon_id":"cultural_historic","name_quality":"NAMED","rayon":"Qax rayonu","rayon_id":"AZE_ADM2_54616110B49356278605879","verification_status":"PROVISIONAL","source_role":"MASTER_GIS","display_rank":1205,"lon":46.841428,"lat":41.29792},"geometry":{"type":"Point","coordinates":[46.841427700000004,41.2979204]}},{"type":"Feature","properties":{"poi_id":"OSM_cultural_7997920138","label":"Cümə Məscidi \\ Qoxmuq","name_az":"Cümə Məscidi \\ Qoxmuq","thesis_group":"HISTORICAL_CULTURAL","thesis_subtype":"place_of_worship","icon_id":"cultural_historic","name_quality":"NAMED","rayon":"Şəki rayonu","rayon_id":"AZE_ADM2_54616110B25010354244926","verification_status":"PROVISIONAL","source_role":"MASTER_GIS","display_rank":634,"lon":47.138313,"lat":41.213564},"geometry":{"type":"Point","coordinates":[47.1383134,41.2135637]}},{"type":"Feature","properties":{"poi_id":"OSM_cultural_12451614086","label":"Cümə Məscidi \\ Yeni Suvagil","name_az":"Cümə Məscidi \\ Yeni Suvagil","thesis_group":"HISTORICAL_CULTURAL","thesis_subtype":"place_of_worship","icon_id":"cultural_historic","name_quality":"NAMED","rayon":"Zaqatala rayonu","rayon_id":"AZE_ADM2_54616110B4759617374649","verification_status":"PROVISIONAL","source_role":"MASTER_GIS","display_rank":1209,"lon":46.710683,"lat":41.48034},"geometry":{"type":"Point","coordinates":[46.7106834,41.4803404]}},{"type":"Feature","properties":{"poi_id":"OSM_cultural_8126653301","label":"Cümə Məscidi \\ Zilban","name_az":"Cümə Məscidi \\ Zilban","thesis_group":"HISTORICAL_CULTURAL","thesis_subtype":"place_of_worship","icon_id":"cultural_historic","name_quality":"NAMED","rayon":"Zaqatala rayonu","rayon_id":"AZE_ADM2_54616110B4759617374649","verification_status":"PROVISIONAL","source_role":"MASTER_GIS","display_rank":657,"lon":46.662695,"lat":41.642204},"geometry":{"type":"Point","coordinates":[46.662694900000005,41.6422037]}},{"type":"Feature","properties":{"poi_id":"OSM_cultural_10684025626","label":"Cümə Məscidi \\ Şüvələn","name_az":"Cümə Məscidi \\ Şüvələn","thesis_group":"HISTORICAL_CULTURAL","thesis_subtype":"place_of_worship","icon_id":"cultural_historic","name_quality":"NAMED","rayon":"Bakı şəhəri","rayon_id":"AZE_ADM2_54616110B61947743987915","verification_status":"PROVISIONAL","source_role":"MASTER_GIS","display_rank":928,"lon":50.17202,"lat":40.489406},"geometry":{"type":"Point","coordinates":[50.1720205,40.489405500000004]}},{"type":"Feature","properties":{"poi_id":"OSM_cultural_7364561491","label":"Cümə məscidi","name_az":"Cümə məscidi","thesis_group":"HISTORICAL_CULTURAL","thesis_subtype":"place_of_worship","icon_id":"cultural_historic","name_quality":"NAMED","rayon":"Cəlilabad rayonu","rayon_id":"AZE_ADM2_54616110B78302808254353","verification_status":"PROVISIONAL","source_role":"MASTER_GIS","display_rank":364,"lon":48.492869,"lat":39.207541},"geometry":{"type":"Point","coordinates":[48.4928693,39.2075407]}},{"type":"Feature","properties":{"poi_id":"OSM_cultural_5960624192","label":"Cümə məscidi Ağcabədi","name_az":"Cümə məscidi Ağcabədi","thesis_group":"HISTORICAL_CULTURAL","thesis_subtype":"place_of_worship","icon_id":"cultural_historic","name_quality":"NAMED","rayon":"Ağcabədi rayonu","rayon_id":"AZE_ADM2_54616110B84161876100413","verification_status":"PROVISIONAL","source_role":"MASTER_GIS","display_rank":306,"lon":47.4623,"lat":40.049237},"geometry":{"type":"Point","coordinates":[47.462299900000005,40.0492373]}},{"type":"Feature","properties":{"poi_id":"OSM_cultural_8170741013","label":"Cümə məscidi Tala çay","name_az":"Cümə məscidi Tala çay","thesis_group":"HISTORICAL_CULTURAL","thesis_subtype":"place_of_worship","icon_id":"cultural_historic","name_quality":"NAMED","rayon":"Zaqatala rayonu","rayon_id":"AZE_ADM2_54616110B4759617374649","verification_status":"PROVISIONAL","source_role":"MASTER_GIS","display_rank":667,"lon":46.649838,"lat":41.627465},"geometry":{"type":"Point","coordinates":[46.649837500000004,41.627464800000006]}},{"type":"Feature","properties":{"poi_id":"OSM_cultural_7997650058","label":"Cümə məscidi \\ Oxud","name_az":"Cümə məscidi \\ Oxud","thesis_group":"HISTORICAL_CULTURAL","thesis_subtype":"place_of_worship","icon_id":"cultural_historic","name_quality":"NAMED","rayon":"Şəki rayonu","rayon_id":"AZE_ADM2_54616110B25010354244926","verification_status":"PROVISIONAL","source_role":"MASTER_GIS","display_rank":631,"lon":47.156379,"lat":41.237342},"geometry":{"type":"Point","coordinates":[47.156379400000006,41.2373422]}},{"type":"Feature","properties":{"poi_id":"OSM_cultural_7695907898","label":"Cüməxan Məscidi","name_az":"Cüməxan Məscidi","thesis_group":"HISTORICAL_CULTURAL","thesis_subtype":"place_of_worship","icon_id":"cultural_historic","name_quality":"NAMED","rayon":"Qusar rayonu","rayon_id":"AZE_ADM2_54616110B21517829058101","verification_status":"PROVISIONAL","source_role":"MASTER_GIS","display_rank":442,"lon":48.278014,"lat":41.534624},"geometry":{"type":"Point","coordinates":[48.2780135,41.5346235]}},{"type":"Feature","properties":{"poi_id":"OSM_cultural_1908775935","label":"Cəfər Cabbarlı heykəli","name_az":"Cəfər Cabbarlı heykəli","thesis_group":"HISTORICAL_CULTURAL","thesis_subtype":"monument","icon_id":"cultural_monument","name_quality":"NAMED","rayon":"Bakı şəhəri","rayon_id":"AZE_ADM2_54616110B61947743987915","verification_status":"PROVISIONAL","source_role":"MASTER_GIS","display_rank":23,"lon":49.847927,"lat":40.379326},"geometry":{"type":"Point","coordinates":[49.847926900000004,40.3793256]}},{"type":"Feature","properties":{"poi_id":"OSM_cultural_3409580836","label":"Cəfər Cabbarlı heykəli","name_az":"Cəfər Cabbarlı heykəli","thesis_group":"HISTORICAL_CULTURAL","thesis_subtype":"memorial","icon_id":"cultural_historic","name_quality":"NAMED","rayon":"Bakı şəhəri","rayon_id":"AZE_ADM2_54616110B61947743987915","verification_status":"PROVISIONAL","source_role":"MASTER_GIS","display_rank":118,"lon":49.804682,"lat":40.407058},"geometry":{"type":"Point","coordinates":[49.8046823,40.4070575]}},{"type":"Feature","properties":{"poi_id":"OSM_cultural_3660367774","label":"Cəfər Cabbarlı heykəli \\ Xızı","name_az":"Cəfər Cabbarlı heykəli \\ Xızı","thesis_group":"HISTORICAL_CULTURAL","thesis_subtype":"memorial","icon_id":"cultural_historic","name_quality":"NAMED","rayon":"Xızı rayonu","rayon_id":"AZE_ADM2_54616110B97026515433008","verification_status":"PROVISIONAL","source_role":"MASTER_GIS","display_rank":165,"lon":49.082746,"lat":40.905004},"geometry":{"type":"Point","coordinates":[49.082746400000005,40.9050037]}},{"type":"Feature","properties":{"poi_id":"OSM_cultural_2974404246","label":"Cəlil Məmmədquluzadə heykəli","name_az":"Cəlil Məmmədquluzadə heykəli","thesis_group":"HISTORICAL_CULTURAL","thesis_subtype":"memorial","icon_id":"cultural_historic","name_quality":"NAMED","rayon":"Cəlilabad rayonu","rayon_id":"AZE_ADM2_54616110B78302808254353","verification_status":"PROVISIONAL","source_role":"MASTER_GIS","display_rank":67,"lon":48.505664,"lat":39.209605},"geometry":{"type":"Point","coordinates":[48.5056638,39.2096047]}},{"type":"Feature","properties":{"poi_id":"OSM_cultural_4272430991","label":"Cəlil Məmmədquluzadə heykəli","name_az":"Cəlil Məmmədquluzadə heykəli","thesis_group":"HISTORICAL_CULTURAL","thesis_subtype":"monument","icon_id":"cultural_monument","name_quality":"NAMED","rayon":"Sumqayıt şəhəri","rayon_id":"AZE_ADM2_54616110B75219613739908","verification_status":"PROVISIONAL","source_role":"MASTER_GIS","display_rank":189,"lon":49.687799,"lat":40.581666},"geometry":{"type":"Point","coordinates":[49.6877986,40.581666000000006]}},{"type":"Feature","properties":{"poi_id":"OSM_cultural_13515314511","label":"Cəngan Məscidi","name_az":"Cəngan Məscidi","thesis_group":"HISTORICAL_CULTURAL","thesis_subtype":"place_of_worship","icon_id":"cultural_historic","name_quality":"NAMED","rayon":"Salyan rayonu","rayon_id":"AZE_ADM2_54616110B55207089168458","verification_status":"PROVISIONAL","source_role":"MASTER_GIS","display_rank":1313,"lon":49.012633,"lat":39.570245},"geometry":{"type":"Point","coordinates":[49.012633,39.5702447]}},{"type":"Feature","properties":{"poi_id":"OSM_cultural_7691675344","label":"Cənnət Qapısı Məscidi","name_az":"Cənnət Qapısı Məscidi","thesis_group":"HISTORICAL_CULTURAL","thesis_subtype":"place_of_worship","icon_id":"cultural_historic","name_quality":"NAMED","rayon":"Qusar rayonu","rayon_id":"AZE_ADM2_54616110B21517829058101","verification_status":"PROVISIONAL","source_role":"MASTER_GIS","display_rank":406,"lon":48.541814,"lat":41.708812},"geometry":{"type":"Point","coordinates":[48.5418141,41.708812200000004]}},{"type":"Feature","properties":{"poi_id":"OSM_cultural_12438585677","label":"Cənnət Savabı Məscidi \\ Bılıx","name_az":"Cənnət Savabı Məscidi \\ Bılıx","thesis_group":"HISTORICAL_CULTURAL","thesis_subtype":"place_of_worship","icon_id":"cultural_historic","name_quality":"NAMED","rayon":"Qəbələ rayonu","rayon_id":"AZE_ADM2_54616110B33746839775993","verification_status":"PROVISIONAL","source_role":"MASTER_GIS","display_rank":1184,"lon":47.847465,"lat":40.820965},"geometry":{"type":"Point","coordinates":[47.8474653,40.8209646]}},{"type":"Feature","properties":{"poi_id":"OSM_cultural_7945522004","label":"Cəvahirlər Məscidi","name_az":"Cəvahirlər Məscidi","thesis_group":"HISTORICAL_CULTURAL","thesis_subtype":"place_of_worship","icon_id":"cultural_historic","name_quality":"NAMED","rayon":"Şəki rayonu","rayon_id":"AZE_ADM2_54616110B25010354244926","verification_status":"PROVISIONAL","source_role":"MASTER_GIS","display_rank":618,"lon":47.310812,"lat":41.125649},"geometry":{"type":"Point","coordinates":[47.3108116,41.1256493]}},{"type":"Feature","properties":{"poi_id":"OSM_cultural_6096285399","label":"Dah və görkəmli xadimlərin heykəlləri","name_az":"Dah və görkəmli xadimlərin heykəlləri","thesis_group":"HISTORICAL_CULTURAL","thesis_subtype":"monument","icon_id":"cultural_monument","name_quality":"NAMED","rayon":"Xocalı rayonu","rayon_id":"AZE_ADM2_54616110B87325868620163","verification_status":"PROVISIONAL","source_role":"MASTER_GIS","display_rank":332,"lon":46.751316,"lat":39.763759},"geometry":{"type":"Point","coordinates":[46.7513164,39.7637589]}},{"type":"Feature","properties":{"poi_id":"OSM_cultural_4436204190","label":"David Gareja Lavra","thesis_group":"HISTORICAL_CULTURAL","thesis_subtype":"place_of_worship","icon_id":"cultural_historic","name_quality":"NAMED","rayon":"Ağstafa rayonu","rayon_id":"AZE_ADM2_54616110B36354954300290","verification_status":"PROVISIONAL","source_role":"MASTER_GIS","display_rank":2095,"lon":45.37667,"lat":41.447473},"geometry":{"type":"Point","coordinates":[45.3766702,41.447473200000005]}},{"type":"Feature","properties":{"poi_id":"OSM_cultural_7997920131","label":"Dağ Karvansara","name_az":"Dağ Karvansara","thesis_group":"HISTORICAL_CULTURAL","thesis_subtype":"manor","icon_id":"cultural_historic","name_quality":"NAMED","rayon":"Şəki rayonu","rayon_id":"AZE_ADM2_54616110B25010354244926","verification_status":"PROVISIONAL","source_role":"MASTER_GIS","display_rank":633,"lon":47.135717,"lat":41.212318},"geometry":{"type":"Point","coordinates":[47.135717,41.2123178]}},{"type":"Feature","properties":{"poi_id":"OSM_cultural_7696112455","label":"Dağ Məscid","name_az":"Dağ Məscid","thesis_group":"HISTORICAL_CULTURAL","thesis_subtype":"place_of_worship","icon_id":"cultural_historic","name_quality":"NAMED","rayon":"Qusar rayonu","rayon_id":"AZE_ADM2_54616110B21517829058101","verification_status":"PROVISIONAL","source_role":"MASTER_GIS","display_rank":452,"lon":48.18677,"lat":41.457921},"geometry":{"type":"Point","coordinates":[48.186770100000004,41.457921000000006]}},{"type":"Feature","properties":{"poi_id":"OSM_cultural_7705878973","label":"Dağ Məscid","name_az":"Dağ Məscid","thesis_group":"HISTORICAL_CULTURAL","thesis_subtype":"place_of_worship","icon_id":"cultural_historic","name_quality":"NAMED","rayon":"Quba rayonu","rayon_id":"AZE_ADM2_54616110B77048085748362","verification_status":"PROVISIONAL","source_role":"MASTER_GIS","display_rank":465,"lon":48.12838,"lat":41.178401},"geometry":{"type":"Point","coordinates":[48.1283797,41.1784006]}},{"type":"Feature","properties":{"poi_id":"OSM_cultural_8225183035","label":"Dağ Məscidi \\ Məzimçay","name_az":"Dağ Məscidi \\ Məzimçay","thesis_group":"HISTORICAL_CULTURAL","thesis_subtype":"place_of_worship","icon_id":"cultural_historic","name_quality":"NAMED","rayon":"Balakən rayonu","rayon_id":"AZE_ADM2_54616110B63924922129682","verification_status":"PROVISIONAL","source_role":"MASTER_GIS","display_rank":704,"lon":46.341796,"lat":41.80443},"geometry":{"type":"Point","coordinates":[46.3417965,41.80443]}},{"type":"Feature","properties":{"poi_id":"OSM_cultural_9815536147","label":"Dağ Yəhudiləri Sinaqoqu","name_az":"Dağ Yəhudiləri Sinaqoqu","thesis_group":"HISTORICAL_CULTURAL","thesis_subtype":"place_of_worship","icon_id":"cultural_historic","name_quality":"NAMED","rayon":"Bakı şəhəri","rayon_id":"AZE_ADM2_54616110B61947743987915","verification_status":"PROVISIONAL","source_role":"MASTER_GIS","display_rank":826,"lon":49.835999,"lat":40.377178},"geometry":{"type":"Point","coordinates":[49.835998700000005,40.3771781]}},{"type":"Feature","properties":{"poi_id":"OSM_cultural_5995679786","label":"Dağ yəhudilərin muzeyi","name_az":"Dağ yəhudilərin muzeyi","thesis_group":"HISTORICAL_CULTURAL","thesis_subtype":"museum","icon_id":"cultural_museum","name_quality":"NAMED","rayon":"Quba rayonu","rayon_id":"AZE_ADM2_54616110B77048085748362","verification_status":"PROVISIONAL","source_role":"MASTER_GIS","display_rank":318,"lon":48.509716,"lat":41.367437},"geometry":{"type":"Point","coordinates":[48.509715500000006,41.3674368]}},{"type":"Feature","properties":{"poi_id":"OSM_cultural_12087847822","label":"Dağıdılmış hamam","name_az":"Dağıdılmış hamam","thesis_group":"HISTORICAL_CULTURAL","thesis_subtype":"ruins","icon_id":"cultural_historic","name_quality":"NAMED","rayon":"Xocalı rayonu","rayon_id":"AZE_ADM2_54616110B87325868620163","verification_status":"PROVISIONAL","source_role":"MASTER_GIS","display_rank":1126,"lon":46.711444,"lat":39.990076},"geometry":{"type":"Point","coordinates":[46.711444,39.990076300000005]}},{"type":"Feature","properties":{"poi_id":"OSM_cultural_12128388859","label":"Dağıdılmış kilsə","name_az":"Dağıdılmış kilsə","thesis_group":"HISTORICAL_CULTURAL","thesis_subtype":"ruins","icon_id":"cultural_historic","name_quality":"NAMED","rayon":"Xocalı rayonu","rayon_id":"AZE_ADM2_54616110B87325868620163","verification_status":"PROVISIONAL","source_role":"MASTER_GIS","display_rank":1141,"lon":46.891985,"lat":39.734158},"geometry":{"type":"Point","coordinates":[46.8919854,39.734158300000004]}},{"type":"Feature","properties":{"poi_id":"OSM_cultural_12084767316","label":"Dağıdılmış köhnə məscid","name_az":"Dağıdılmış köhnə məscid","thesis_group":"HISTORICAL_CULTURAL","thesis_subtype":"place_of_worship","icon_id":"cultural_historic","name_quality":"NAMED","rayon":"Xocalı rayonu","rayon_id":"AZE_ADM2_54616110B87325868620163","verification_status":"PROVISIONAL","source_role":"MASTER_GIS","display_rank":1124,"lon":46.692587,"lat":39.990207},"geometry":{"type":"Point","coordinates":[46.6925873,39.9902073]}},{"type":"Feature","properties":{"poi_id":"OSM_cultural_12111190302","label":"Dağıdılmış məscid","name_az":"Dağıdılmış məscid","thesis_group":"HISTORICAL_CULTURAL","thesis_subtype":"place_of_worship","icon_id":"cultural_historic","name_quality":"NAMED","rayon":"Xocalı rayonu","rayon_id":"AZE_ADM2_54616110B87325868620163","verification_status":"PROVISIONAL","source_role":"MASTER_GIS","display_rank":1133,"lon":46.718229,"lat":39.973842},"geometry":{"type":"Point","coordinates":[46.718228800000006,39.973841900000004]}},{"type":"Feature","properties":{"poi_id":"OSM_cultural_5860908956","label":"Daş Salahlı Məscidi","name_az":"Daş Salahlı Məscidi","thesis_group":"HISTORICAL_CULTURAL","thesis_subtype":"place_of_worship","icon_id":"cultural_historic","name_quality":"NAMED","rayon":"Qazax rayonu","rayon_id":"AZE_ADM2_54616110B43488292017990","verification_status":"PROVISIONAL","source_role":"MASTER_GIS","display_rank":293,"lon":45.258803,"lat":41.137378},"geometry":{"type":"Point","coordinates":[45.2588026,41.1373782]}},{"type":"Feature","properties":{"poi_id":"OSM_cultural_7693109243","label":"Dilbərxanım Məscidi","name_az":"Dilbərxanım Məscidi","thesis_group":"HISTORICAL_CULTURAL","thesis_subtype":"place_of_worship","icon_id":"cultural_historic","name_quality":"NAMED","rayon":"Qusar rayonu","rayon_id":"AZE_ADM2_54616110B21517829058101","verification_status":"PROVISIONAL","source_role":"MASTER_GIS","display_rank":430,"lon":48.33382,"lat":41.395576},"geometry":{"type":"Point","coordinates":[48.333819500000004,41.395576000000005]}},{"type":"Feature","properties":{"poi_id":"OSM_cultural_12113257125","label":"Diliboz At abidəsi","name_az":"Diliboz At abidəsi","thesis_group":"HISTORICAL_CULTURAL","thesis_subtype":"monument","icon_id":"cultural_monument","name_quality":"NAMED","rayon":"Ağstafa rayonu","rayon_id":"AZE_ADM2_54616110B36354954300290","verification_status":"PROVISIONAL","source_role":"MASTER_GIS","display_rank":1134,"lon":45.382472,"lat":41.097787},"geometry":{"type":"Point","coordinates":[45.3824723,41.0977868]}},{"type":"Feature","properties":{"poi_id":"OSM_cultural_7649645295","label":"Dilman Məscidi","name_az":"Dilman Məscidi","thesis_group":"HISTORICAL_CULTURAL","thesis_subtype":"place_of_worship","icon_id":"cultural_historic","name_quality":"NAMED","rayon":"Ağsu rayonu","rayon_id":"AZE_ADM2_54616110B12323901372431","verification_status":"PROVISIONAL","source_role":"MASTER_GIS","display_rank":372,"lon":48.502555,"lat":40.726108},"geometry":{"type":"Point","coordinates":[48.5025546,40.7261083]}},{"type":"Feature","properties":{"poi_id":"OSM_cultural_5978729722","label":"Div Qalasi (Daxma) (XI-XII əsr)","name_az":"Div Qalasi (Daxma) (XI-XII əsr)","thesis_group":"HISTORICAL_CULTURAL","thesis_subtype":"ruins","icon_id":"cultural_historic","name_quality":"NAMED","rayon":"Quba rayonu","rayon_id":"AZE_ADM2_54616110B77048085748362","verification_status":"PROVISIONAL","source_role":"MASTER_GIS","display_rank":310,"lon":48.393823,"lat":41.159236},"geometry":{"type":"Point","coordinates":[48.3938232,41.159236]}},{"type":"Feature","properties":{"poi_id":"OSM_cultural_12078923263","label":"Diyarşünaslıq Evi \\ Əzizbəyli","name_az":"Diyarşünaslıq Evi \\ Əzizbəyli","thesis_group":"HISTORICAL_CULTURAL","thesis_subtype":"museum","icon_id":"cultural_museum","name_quality":"NAMED","rayon":"Ağstafa rayonu","rayon_id":"AZE_ADM2_54616110B36354954300290","verification_status":"PROVISIONAL","source_role":"MASTER_GIS","display_rank":1122,"lon":45.363221,"lat":41.112256},"geometry":{"type":"Point","coordinates":[45.3632207,41.112255600000005]}},{"type":"Feature","properties":{"poi_id":"OSM_cultural_5998675886","label":"Diyarşünaslıq Muzeyi","name_az":"Diyarşünaslıq Muzeyi","thesis_group":"HISTORICAL_CULTURAL","thesis_subtype":"museum","icon_id":"cultural_museum","name_quality":"NAMED","rayon":"Xaçmaz rayonu","rayon_id":"AZE_ADM2_54616110B89497242950609","verification_status":"PROVISIONAL","source_role":"MASTER_GIS","display_rank":322,"lon":48.805603,"lat":41.465732},"geometry":{"type":"Point","coordinates":[48.8056028,41.465732]}},{"type":"Feature","properties":{"poi_id":"OSM_cultural_8608153078","label":"Diyarşünaslıq Muzeyi","name_az":"Diyarşünaslıq Muzeyi","thesis_group":"HISTORICAL_CULTURAL","thesis_subtype":"museum","icon_id":"cultural_museum","name_quality":"NAMED","rayon":"Göyçay rayonu","rayon_id":"AZE_ADM2_54616110B88730523237575","verification_status":"PROVISIONAL","source_role":"MASTER_GIS","display_rank":748,"lon":47.743213,"lat":40.651335},"geometry":{"type":"Point","coordinates":[47.7432132,40.6513349]}},{"type":"Feature","properties":{"poi_id":"OSM_cultural_8765710298","label":"Diyarşünaslıq Muzeyi","name_az":"Diyarşünaslıq Muzeyi","thesis_group":"HISTORICAL_CULTURAL","thesis_subtype":"museum","icon_id":"cultural_museum","name_quality":"NAMED","rayon":"Ağsu rayonu","rayon_id":"AZE_ADM2_54616110B12323901372431","verification_status":"PROVISIONAL","source_role":"MASTER_GIS","display_rank":755,"lon":48.398252,"lat":40.567489},"geometry":{"type":"Point","coordinates":[48.3982515,40.5674888]}},{"type":"Feature","properties":{"poi_id":"OSM_cultural_10172240657","label":"Diyarşünaslıq Muzeyi","name_az":"Diyarşünaslıq Muzeyi","thesis_group":"HISTORICAL_CULTURAL","thesis_subtype":"museum","icon_id":"cultural_museum","name_quality":"NAMED","rayon":"Abşeron rayonu","rayon_id":"AZE_ADM2_54616110B88432173472444","verification_status":"PROVISIONAL","source_role":"MASTER_GIS","display_rank":884,"lon":49.902698,"lat":40.503773},"geometry":{"type":"Point","coordinates":[49.9026985,40.5037729]}},{"type":"Feature","properties":{"poi_id":"OSM_cultural_10249613224","label":"Diyarşünaslıq Muzeyi","name_az":"Diyarşünaslıq Muzeyi","thesis_group":"HISTORICAL_CULTURAL","thesis_subtype":"museum","icon_id":"cultural_museum","name_quality":"NAMED","rayon":"Abşeron rayonu","rayon_id":"AZE_ADM2_54616110B88432173472444","verification_status":"PROVISIONAL","source_role":"MASTER_GIS","display_rank":892,"lon":49.874282,"lat":40.493081},"geometry":{"type":"Point","coordinates":[49.8742819,40.4930813]}},{"type":"Feature","properties":{"poi_id":"OSM_cultural_12010235768","label":"Diyarşünaslıq Muzeyi \\ Aşağı Salahlı","name_az":"Diyarşünaslıq Muzeyi \\ Aşağı Salahlı","thesis_group":"HISTORICAL_CULTURAL","thesis_subtype":"museum","icon_id":"cultural_museum","name_quality":"NAMED","rayon":"Qazax rayonu","rayon_id":"AZE_ADM2_54616110B43488292017990","verification_status":"PROVISIONAL","source_role":"MASTER_GIS","display_rank":1106,"lon":45.33597,"lat":41.208123},"geometry":{"type":"Point","coordinates":[45.335969500000004,41.208122700000004]}},{"type":"Feature","properties":{"poi_id":"OSM_cultural_8185029851","label":"Dördbucaqlı Qala (7 əsr.) Katex","name_az":"Dördbucaqlı Qala (7 əsr.) Katex","thesis_group":"HISTORICAL_CULTURAL","thesis_subtype":"fort","icon_id":"cultural_historic","name_quality":"NAMED","rayon":"Zaqatala rayonu","rayon_id":"AZE_ADM2_54616110B4759617374649","verification_status":"PROVISIONAL","source_role":"MASTER_GIS","display_rank":679,"lon":46.562388,"lat":41.660629},"geometry":{"type":"Point","coordinates":[46.5623881,41.660629300000004]}},{"type":"Feature","properties":{"poi_id":"OSM_cultural_14052074235","label":"Dördlər kənd İmam Bağır Məscidi","name_az":"Dördlər kənd İmam Bağır Məscidi","thesis_group":"HISTORICAL_CULTURAL","thesis_subtype":"place_of_worship","icon_id":"cultural_historic","name_quality":"NAMED","rayon":"Neftçala rayonu","rayon_id":"AZE_ADM2_54616110B40961788089107","verification_status":"PROVISIONAL","source_role":"MASTER_GIS","display_rank":1373,"lon":48.804011,"lat":39.322652},"geometry":{"type":"Point","coordinates":[48.804010700000006,39.3226518]}},{"type":"Feature","properties":{"poi_id":"OSM_cultural_7884193411","label":"Dördminarəli Məscid \\ Padar Oğuz","name_az":"Dördminarəli Məscid \\ Padar Oğuz","thesis_group":"HISTORICAL_CULTURAL","thesis_subtype":"place_of_worship","icon_id":"cultural_historic","name_quality":"NAMED","rayon":"Oğuz rayonu","rayon_id":"AZE_ADM2_54616110B99657283459996","verification_status":"PROVISIONAL","source_role":"MASTER_GIS","display_rank":612,"lon":47.515936,"lat":40.960758},"geometry":{"type":"Point","coordinates":[47.515936200000006,40.960757900000004]}},{"type":"Feature","properties":{"poi_id":"OSM_cultural_9812789072","label":"Dövlət Teatr Muzeyi","name_az":"Dövlət Teatr Muzeyi","thesis_group":"HISTORICAL_CULTURAL","thesis_subtype":"museum","icon_id":"cultural_museum","name_quality":"NAMED","rayon":"Bakı şəhəri","rayon_id":"AZE_ADM2_54616110B61947743987915","verification_status":"PROVISIONAL","source_role":"MASTER_GIS","display_rank":824,"lon":49.842464,"lat":40.369534},"geometry":{"type":"Point","coordinates":[49.8424642,40.369533700000005]}},{"type":"Feature","properties":{"poi_id":"OSM_cultural_9812789069","label":"Dövlət Xalçaçılıq Muzeyi","name_az":"Dövlət Xalçaçılıq Muzeyi","thesis_group":"HISTORICAL_CULTURAL","thesis_subtype":"museum","icon_id":"cultural_museum","name_quality":"NAMED","rayon":"Bakı şəhəri","rayon_id":"AZE_ADM2_54616110B61947743987915","verification_status":"PROVISIONAL","source_role":"MASTER_GIS","display_rank":822,"lon":49.842688,"lat":40.369642},"geometry":{"type":"Point","coordinates":[49.842688200000005,40.369642000000006]}},{"type":"Feature","properties":{"poi_id":"OSM_cultural_9812789071","label":"Dövlət İstiqlal Muzeyi","name_az":"Dövlət İstiqlal Muzeyi","thesis_group":"HISTORICAL_CULTURAL","thesis_subtype":"museum","icon_id":"cultural_museum","name_quality":"NAMED","rayon":"Bakı şəhəri","rayon_id":"AZE_ADM2_54616110B61947743987915","verification_status":"PROVISIONAL","source_role":"MASTER_GIS","display_rank":823,"lon":49.842797,"lat":40.369692},"geometry":{"type":"Point","coordinates":[49.8427968,40.369692]}},{"type":"Feature","properties":{"poi_id":"OSM_cultural_7830682500","label":"Dünya Ana Məscidi","name_az":"Dünya Ana Məscidi","thesis_group":"HISTORICAL_CULTURAL","thesis_subtype":"place_of_worship","icon_id":"cultural_historic","name_quality":"NAMED","rayon":"Qəbələ rayonu","rayon_id":"AZE_ADM2_54616110B33746839775993","verification_status":"PROVISIONAL","source_role":"MASTER_GIS","display_rank":589,"lon":47.885212,"lat":41.044416},"geometry":{"type":"Point","coordinates":[47.885212,41.0444164]}},{"type":"Feature","properties":{"poi_id":"OSM_cultural_6478213807","label":"Dünya Müharibəsi Abidəsi","name_az":"Dünya Müharibəsi Abidəsi","thesis_group":"HISTORICAL_CULTURAL","thesis_subtype":"memorial","icon_id":"cultural_historic","name_quality":"NAMED","rayon":"Xocalı rayonu","rayon_id":"AZE_ADM2_54616110B87325868620163","verification_status":"PROVISIONAL","source_role":"MASTER_GIS","display_rank":342,"lon":46.744752,"lat":39.850519},"geometry":{"type":"Point","coordinates":[46.7447521,39.8505191]}},{"type":"Feature","properties":{"poi_id":"OSM_cultural_12119091924","label":"Dünya Müharibəsi Abidəsi","name_az":"Dünya Müharibəsi Abidəsi","thesis_group":"HISTORICAL_CULTURAL","thesis_subtype":"memorial","icon_id":"cultural_historic","name_quality":"NAMED","rayon":"Xocalı rayonu","rayon_id":"AZE_ADM2_54616110B87325868620163","verification_status":"PROVISIONAL","source_role":"MASTER_GIS","display_rank":1137,"lon":46.82166,"lat":39.961555},"geometry":{"type":"Point","coordinates":[46.821659700000005,39.9615547]}},{"type":"Feature","properties":{"poi_id":"OSM_cultural_7687479787","label":"Dünya məscədi","name_az":"Dünya məscədi","thesis_group":"HISTORICAL_CULTURAL","thesis_subtype":"place_of_worship","icon_id":"cultural_historic","name_quality":"NAMED","rayon":"Quba rayonu","rayon_id":"AZE_ADM2_54616110B77048085748362","verification_status":"PROVISIONAL","source_role":"MASTER_GIS","display_rank":377,"lon":48.688016,"lat":41.402787},"geometry":{"type":"Point","coordinates":[48.6880159,41.402787000000004]}},{"type":"Feature","properties":{"poi_id":"OSM_cultural_11569157863","label":"Düz Qırıqlı Məscidi","name_az":"Düz Qırıqlı Məscidi","thesis_group":"HISTORICAL_CULTURAL","thesis_subtype":"place_of_worship","icon_id":"cultural_historic","name_quality":"NAMED","rayon":"Tovuz rayonu","rayon_id":"AZE_ADM2_54616110B84187356839814","verification_status":"PROVISIONAL","source_role":"MASTER_GIS","display_rank":1073,"lon":45.797997,"lat":40.948022},"geometry":{"type":"Point","coordinates":[45.7979974,40.9480224]}},{"type":"Feature","properties":{"poi_id":"OSM_cultural_12442276698","label":"Düzyol Məscidi \\ Ərəbbəsrə","name_az":"Düzyol Məscidi \\ Ərəbbəsrə","thesis_group":"HISTORICAL_CULTURAL","thesis_subtype":"place_of_worship","icon_id":"cultural_historic","name_quality":"NAMED","rayon":"Yevlax rayonu","rayon_id":"AZE_ADM2_54616110B52362464060400","verification_status":"PROVISIONAL","source_role":"MASTER_GIS","display_rank":1187,"lon":47.209644,"lat":40.776364},"geometry":{"type":"Point","coordinates":[47.209644000000004,40.7763635]}},{"type":"Feature","properties":{"poi_id":"OSM_cultural_11767197049","label":"Dədə Qorqud Abidəsi","name_az":"Dədə Qorqud Abidəsi","thesis_group":"HISTORICAL_CULTURAL","thesis_subtype":"monument","icon_id":"cultural_monument","name_quality":"NAMED","rayon":"Zaqatala rayonu","rayon_id":"AZE_ADM2_54616110B4759617374649","verification_status":"PROVISIONAL","source_role":"MASTER_GIS","display_rank":1086,"lon":46.653281,"lat":41.636256},"geometry":{"type":"Point","coordinates":[46.653281400000004,41.6362557]}},{"type":"Feature","properties":{"poi_id":"OSM_cultural_12086073110","label":"Dədə Qorqud abidəsi","name_az":"Dədə Qorqud abidəsi","thesis_group":"HISTORICAL_CULTURAL","thesis_subtype":"monument","icon_id":"cultural_monument","name_quality":"NAMED","rayon":"Ağstafa rayonu","rayon_id":"AZE_ADM2_54616110B36354954300290","verification_status":"PROVISIONAL","source_role":"MASTER_GIS","display_rank":1125,"lon":45.380678,"lat":41.097749},"geometry":{"type":"Point","coordinates":[45.3806779,41.097749400000005]}},{"type":"Feature","properties":{"poi_id":"OSM_cultural_4345129589","label":"Dədə Qorqud abidəsi. Памятник Деде Горгуду","name_az":"Dədə Qorqud abidəsi. Памятник Деде Горгуду","thesis_group":"HISTORICAL_CULTURAL","thesis_subtype":"monument","icon_id":"cultural_monument","name_quality":"NAMED","rayon":"Naxçıvan şəhəri","rayon_id":"AZE_ADM2_54616110B79262118902245","verification_status":"PROVISIONAL","source_role":"MASTER_GIS","display_rank":196,"lon":45.409538,"lat":39.209177},"geometry":{"type":"Point","coordinates":[45.409538100000006,39.2091769]}},{"type":"Feature","properties":{"poi_id":"OSM_cultural_3926691487","label":"Dədə Qorqud parkı","name_az":"Dədə Qorqud parkı","thesis_group":"HISTORICAL_CULTURAL","thesis_subtype":"memorial","icon_id":"cultural_historic","name_quality":"NAMED","rayon":"Bakı şəhəri","rayon_id":"AZE_ADM2_54616110B61947743987915","verification_status":"PROVISIONAL","source_role":"MASTER_GIS","display_rank":177,"lon":49.84673,"lat":40.392737},"geometry":{"type":"Point","coordinates":[49.846729700000004,40.3927374]}},{"type":"Feature","properties":{"poi_id":"OSM_cultural_3289870862","label":"Dədə Qorqut","name_az":"Dədə Qorqut","thesis_group":"HISTORICAL_CULTURAL","thesis_subtype":"memorial","icon_id":"cultural_historic","name_quality":"NAMED","rayon":"Quba rayonu","rayon_id":"AZE_ADM2_54616110B77048085748362","verification_status":"PROVISIONAL","source_role":"MASTER_GIS","display_rank":95,"lon":48.512498,"lat":41.361457},"geometry":{"type":"Point","coordinates":[48.512498400000005,41.361456700000005]}},{"type":"Feature","properties":{"poi_id":"OSM_cultural_11574519068","label":"Dəlikdaş \\ Köhnəqala","name_az":"Dəlikdaş \\ Köhnəqala","thesis_group":"HISTORICAL_CULTURAL","thesis_subtype":"attraction","icon_id":"cultural_historic","name_quality":"NAMED","rayon":"Tovuz rayonu","rayon_id":"AZE_ADM2_54616110B84187356839814","verification_status":"PROVISIONAL","source_role":"MASTER_GIS","display_rank":1074,"lon":45.743366,"lat":40.873673},"geometry":{"type":"Point","coordinates":[45.743366200000004,40.8736726]}},{"type":"Feature","properties":{"poi_id":"OSM_cultural_8376284459","label":"Dərə Yataq arxeologiya","name_az":"Dərə Yataq arxeologiya","thesis_group":"HISTORICAL_CULTURAL","thesis_subtype":"archaeological_site","icon_id":"cultural_archaeology","name_quality":"NAMED","rayon":"Şəmkir rayonu","rayon_id":"AZE_ADM2_54616110B57585842497805","verification_status":"PROVISIONAL","source_role":"MASTER_GIS","display_rank":725,"lon":46.254658,"lat":40.901658},"geometry":{"type":"Point","coordinates":[46.254658400000004,40.9016583]}},{"type":"Feature","properties":{"poi_id":"OSM_cultural_12527538694","label":"Dəstəfur Alban Xristian Bazilikası","name_az":"Dəstəfur Alban Xristian Bazilikası","thesis_group":"HISTORICAL_CULTURAL","thesis_subtype":"attraction","icon_id":"cultural_historic","name_quality":"NAMED","rayon":"Daşkəsən rayonu","rayon_id":"AZE_ADM2_54616110B88384638285498","verification_status":"PROVISIONAL","source_role":"MASTER_GIS","display_rank":1226,"lon":46.171283,"lat":40.450323},"geometry":{"type":"Point","coordinates":[46.171283100000004,40.450323100000006]}},{"type":"Feature","properties":{"poi_id":"OSM_cultural_7598446990","label":"Dəvə heykəli","name_az":"Dəvə heykəli","thesis_group":"HISTORICAL_CULTURAL","thesis_subtype":"monument","icon_id":"cultural_monument","name_quality":"NAMED","rayon":"Şabran rayonu","rayon_id":"AZE_ADM2_54616110B33183266084070","verification_status":"PROVISIONAL","source_role":"MASTER_GIS","display_rank":370,"lon":48.981216,"lat":41.202066},"geometry":{"type":"Point","coordinates":[48.981216200000006,41.202065700000006]}},{"type":"Feature","properties":{"poi_id":"OSM_cultural_7149822012","label":"Dəyirman dairəsi","name_az":"Dəyirman dairəsi","thesis_group":"HISTORICAL_CULTURAL","thesis_subtype":"monument","icon_id":"cultural_monument","name_quality":"NAMED","rayon":"Gəncə şəhəri","rayon_id":"AZE_ADM2_54616110B84154267491992","verification_status":"PROVISIONAL","source_role":"MASTER_GIS","display_rank":360,"lon":46.373298,"lat":40.697492},"geometry":{"type":"Point","coordinates":[46.3732977,40.6974922]}},{"type":"Feature","properties":{"poi_id":"OSM_cultural_10749284986","label":"EL Hamamı","name_az":"EL Hamamı","thesis_group":"HISTORICAL_CULTURAL","thesis_subtype":"ruins","icon_id":"cultural_historic","name_quality":"NAMED","rayon":"Bakı şəhəri","rayon_id":"AZE_ADM2_54616110B61947743987915","verification_status":"PROVISIONAL","source_role":"MASTER_GIS","display_rank":950,"lon":50.295638,"lat":40.364942},"geometry":{"type":"Point","coordinates":[50.295638100000005,40.3649417]}},{"type":"Feature","properties":{"poi_id":"OSM_cultural_7705823336","label":"El Məscidi","name_az":"El Məscidi","thesis_group":"HISTORICAL_CULTURAL","thesis_subtype":"place_of_worship","icon_id":"cultural_historic","name_quality":"NAMED","rayon":"Quba rayonu","rayon_id":"AZE_ADM2_54616110B77048085748362","verification_status":"PROVISIONAL","source_role":"MASTER_GIS","display_rank":461,"lon":48.209564,"lat":41.143671},"geometry":{"type":"Point","coordinates":[48.2095635,41.143671100000006]}},{"type":"Feature","properties":{"poi_id":"OSM_cultural_7737952994","label":"El Məscidi","name_az":"El Məscidi","thesis_group":"HISTORICAL_CULTURAL","thesis_subtype":"place_of_worship","icon_id":"cultural_historic","name_quality":"NAMED","rayon":"Şamaxı rayonu","rayon_id":"AZE_ADM2_54616110B16651088424667","verification_status":"PROVISIONAL","source_role":"MASTER_GIS","display_rank":506,"lon":48.621508,"lat":40.571923},"geometry":{"type":"Point","coordinates":[48.621507900000005,40.5719233]}},{"type":"Feature","properties":{"poi_id":"OSM_cultural_12492174501","label":"Elçin Abbasov İnteraktiv Elm Muzeyi","name_az":"Elçin Abbasov İnteraktiv Elm Muzeyi","thesis_group":"HISTORICAL_CULTURAL","thesis_subtype":"museum","icon_id":"cultural_museum","name_quality":"NAMED","rayon":"Bakı şəhəri","rayon_id":"AZE_ADM2_54616110B61947743987915","verification_status":"PROVISIONAL","source_role":"MASTER_GIS","display_rank":1222,"lon":49.81321,"lat":40.40007},"geometry":{"type":"Point","coordinates":[49.8132102,40.400070400000004]}},{"type":"Feature","properties":{"poi_id":"OSM_cultural_5404003684","label":"Erməni kilsəsi","name_az":"Erməni kilsəsi","thesis_group":"HISTORICAL_CULTURAL","thesis_subtype":"place_of_worship","icon_id":"cultural_historic","name_quality":"NAMED","rayon":"Xocavənd rayonu","rayon_id":"AZE_ADM2_54616110B38461317640181","verification_status":"PROVISIONAL","source_role":"MASTER_GIS","display_rank":263,"lon":47.004125,"lat":39.488004},"geometry":{"type":"Point","coordinates":[47.0041254,39.4880044]}},{"type":"Feature","properties":{"poi_id":"OSM_cultural_7768105706","label":"Erməni kilsəsi","name_az":"Erməni kilsəsi","thesis_group":"HISTORICAL_CULTURAL","thesis_subtype":"place_of_worship","icon_id":"cultural_historic","name_quality":"NAMED","rayon":"Şamaxı rayonu","rayon_id":"AZE_ADM2_54616110B16651088424667","verification_status":"PROVISIONAL","source_role":"MASTER_GIS","display_rank":519,"lon":48.561695,"lat":40.610668},"geometry":{"type":"Point","coordinates":[48.5616946,40.610668100000005]}},{"type":"Feature","properties":{"poi_id":"OSM_cultural_7692688588","label":"Etiqad Məscidi","name_az":"Etiqad Məscidi","thesis_group":"HISTORICAL_CULTURAL","thesis_subtype":"place_of_worship","icon_id":"cultural_historic","name_quality":"NAMED","rayon":"Qusar rayonu","rayon_id":"AZE_ADM2_54616110B21517829058101","verification_status":"PROVISIONAL","source_role":"MASTER_GIS","display_rank":423,"lon":48.418792,"lat":41.459678},"geometry":{"type":"Point","coordinates":[48.4187919,41.4596778]}},{"type":"Feature","properties":{"poi_id":"OSM_cultural_7806984354","label":"Etiqad Məscidi \\ Ruşan","name_az":"Etiqad Məscidi \\ Ruşan","thesis_group":"HISTORICAL_CULTURAL","thesis_subtype":"place_of_worship","icon_id":"cultural_historic","name_quality":"NAMED","rayon":"İsmayıllı rayonu","rayon_id":"AZE_ADM2_54616110B45290451128830","verification_status":"PROVISIONAL","source_role":"MASTER_GIS","display_rank":563,"lon":47.995405,"lat":40.803118},"geometry":{"type":"Point","coordinates":[47.995405100000006,40.8031184]}},{"type":"Feature","properties":{"poi_id":"OSM_cultural_12117503417","label":"Eyyub Ağa Məscidi","name_az":"Eyyub Ağa Məscidi","thesis_group":"HISTORICAL_CULTURAL","thesis_subtype":"place_of_worship","icon_id":"cultural_historic","name_quality":"NAMED","rayon":"Ağstafa rayonu","rayon_id":"AZE_ADM2_54616110B36354954300290","verification_status":"PROVISIONAL","source_role":"MASTER_GIS","display_rank":1136,"lon":45.396067,"lat":41.097113},"geometry":{"type":"Point","coordinates":[45.3960671,41.097112700000004]}},{"type":"Feature","properties":{"poi_id":"OSM_cultural_7687550412","label":"Fatimei Zəhrəxanım məscidi","name_az":"Fatimei Zəhrəxanım məscidi","thesis_group":"HISTORICAL_CULTURAL","thesis_subtype":"place_of_worship","icon_id":"cultural_historic","name_quality":"NAMED","rayon":"Quba rayonu","rayon_id":"AZE_ADM2_54616110B77048085748362","verification_status":"PROVISIONAL","source_role":"MASTER_GIS","display_rank":379,"lon":48.703186,"lat":41.399047},"geometry":{"type":"Point","coordinates":[48.7031865,41.3990468]}},{"type":"Feature","properties":{"poi_id":"OSM_cultural_7859159789","label":"Fatimə Zəhraxanım Məscidi","name_az":"Fatimə Zəhraxanım Məscidi","thesis_group":"HISTORICAL_CULTURAL","thesis_subtype":"place_of_worship","icon_id":"cultural_historic","name_quality":"NAMED","rayon":"Qəbələ rayonu","rayon_id":"AZE_ADM2_54616110B33746839775993","verification_status":"PROVISIONAL","source_role":"MASTER_GIS","display_rank":599,"lon":47.742317,"lat":41.033326},"geometry":{"type":"Point","coordinates":[47.7423173,41.0333258]}},{"type":"Feature","properties":{"poi_id":"OSM_cultural_10249583766","label":"Fatmai Məscidi","name_az":"Fatmai Məscidi","thesis_group":"HISTORICAL_CULTURAL","thesis_subtype":"place_of_worship","icon_id":"cultural_historic","name_quality":"NAMED","rayon":"Abşeron rayonu","rayon_id":"AZE_ADM2_54616110B88432173472444","verification_status":"PROVISIONAL","source_role":"MASTER_GIS","display_rank":891,"lon":49.853377,"lat":40.509511},"geometry":{"type":"Point","coordinates":[49.853376700000005,40.5095107]}},{"type":"Feature","properties":{"poi_id":"OSM_cultural_11660435002","label":"Fatmei Zəhra Məscidi \\ Əlimərdanlı","name_az":"Fatmei Zəhra Məscidi \\ Əlimərdanlı","thesis_group":"HISTORICAL_CULTURAL","thesis_subtype":"place_of_worship","icon_id":"cultural_historic","name_quality":"NAMED","rayon":"Tovuz rayonu","rayon_id":"AZE_ADM2_54616110B84187356839814","verification_status":"PROVISIONAL","source_role":"MASTER_GIS","display_rank":1081,"lon":45.671673,"lat":41.0384},"geometry":{"type":"Point","coordinates":[45.6716734,41.0384]}},{"type":"Feature","properties":{"poi_id":"OSM_cultural_9834429035","label":"Fatmei-Zəhra Məscidi","name_az":"Fatmei-Zəhra Məscidi","thesis_group":"HISTORICAL_CULTURAL","thesis_subtype":"place_of_worship","icon_id":"cultural_historic","name_quality":"NAMED","rayon":"Bakı şəhəri","rayon_id":"AZE_ADM2_54616110B61947743987915","verification_status":"PROVISIONAL","source_role":"MASTER_GIS","display_rank":828,"lon":50.124082,"lat":40.5184},"geometry":{"type":"Point","coordinates":[50.124082,40.5184003]}},{"type":"Feature","properties":{"poi_id":"OSM_cultural_11295970560","label":"Fatmeyi Zəhra Məscidi","name_az":"Fatmeyi Zəhra Məscidi","thesis_group":"HISTORICAL_CULTURAL","thesis_subtype":"place_of_worship","icon_id":"cultural_historic","name_quality":"NAMED","rayon":"Bakı şəhəri","rayon_id":"AZE_ADM2_54616110B61947743987915","verification_status":"PROVISIONAL","source_role":"MASTER_GIS","display_rank":1030,"lon":49.574604,"lat":40.224946},"geometry":{"type":"Point","coordinates":[49.574604,40.2249464]}},{"type":"Feature","properties":{"poi_id":"OSM_cultural_12442278707","label":"Fazil Məscidi","name_az":"Fazil Məscidi","thesis_group":"HISTORICAL_CULTURAL","thesis_subtype":"place_of_worship","icon_id":"cultural_historic","name_quality":"NAMED","rayon":"Şəki rayonu","rayon_id":"AZE_ADM2_54616110B25010354244926","verification_status":"PROVISIONAL","source_role":"MASTER_GIS","display_rank":1190,"lon":47.232177,"lat":41.034107},"geometry":{"type":"Point","coordinates":[47.232177300000004,41.0341068]}},{"type":"Feature","properties":{"poi_id":"OSM_cultural_2101927512","label":"Fikrət Əmirov heykəli","name_az":"Fikrət Əmirov heykəli","thesis_group":"HISTORICAL_CULTURAL","thesis_subtype":"memorial","icon_id":"cultural_historic","name_quality":"NAMED","rayon":"Bakı şəhəri","rayon_id":"AZE_ADM2_54616110B61947743987915","verification_status":"PROVISIONAL","source_role":"MASTER_GIS","display_rank":39,"lon":49.851863,"lat":40.375231},"geometry":{"type":"Point","coordinates":[49.851863200000004,40.3752306]}},{"type":"Feature","properties":{"poi_id":"OSM_cultural_8199384852","label":"Firuzə Məscidi \\ Göyrüclük","name_az":"Firuzə Məscidi \\ Göyrüclük","thesis_group":"HISTORICAL_CULTURAL","thesis_subtype":"place_of_worship","icon_id":"cultural_historic","name_quality":"NAMED","rayon":"Balakən rayonu","rayon_id":"AZE_ADM2_54616110B63924922129682","verification_status":"PROVISIONAL","source_role":"MASTER_GIS","display_rank":698,"lon":46.290084,"lat":41.729391},"geometry":{"type":"Point","coordinates":[46.2900835,41.7293913]}},{"type":"Feature","properties":{"poi_id":"OSM_cultural_8075467866","label":"Fıstıqlı Məscidi","name_az":"Fıstıqlı Məscidi","thesis_group":"HISTORICAL_CULTURAL","thesis_subtype":"place_of_worship","icon_id":"cultural_historic","name_quality":"NAMED","rayon":"Qax rayonu","rayon_id":"AZE_ADM2_54616110B49356278605879","verification_status":"PROVISIONAL","source_role":"MASTER_GIS","display_rank":646,"lon":46.803406,"lat":41.443422},"geometry":{"type":"Point","coordinates":[46.803406,41.4434221]}},{"type":"Feature","properties":{"poi_id":"OSM_cultural_7702729991","label":"Fələk Məscidi","name_az":"Fələk Məscidi","thesis_group":"HISTORICAL_CULTURAL","thesis_subtype":"place_of_worship","icon_id":"cultural_historic","name_quality":"NAMED","rayon":"Qusar rayonu","rayon_id":"AZE_ADM2_54616110B21517829058101","verification_status":"PROVISIONAL","source_role":"MASTER_GIS","display_rank":453,"lon":48.224624,"lat":41.337892},"geometry":{"type":"Point","coordinates":[48.2246241,41.337892000000004]}},{"type":"Feature","properties":{"poi_id":"OSM_cultural_5995681487","label":"General Əbilov","name_az":"General Əbilov","thesis_group":"HISTORICAL_CULTURAL","thesis_subtype":"memorial","icon_id":"cultural_historic","name_quality":"NAMED","rayon":"Qusar rayonu","rayon_id":"AZE_ADM2_54616110B21517829058101","verification_status":"PROVISIONAL","source_role":"MASTER_GIS","display_rank":319,"lon":48.432786,"lat":41.428573},"geometry":{"type":"Point","coordinates":[48.432785700000004,41.428573]}},{"type":"Feature","properties":{"poi_id":"OSM_cultural_11077588658","label":"General Əbilov Heykəli","name_az":"General Əbilov Heykəli","thesis_group":"HISTORICAL_CULTURAL","thesis_subtype":"memorial","icon_id":"cultural_historic","name_quality":"NAMED","rayon":"Qusar rayonu","rayon_id":"AZE_ADM2_54616110B21517829058101","verification_status":"PROVISIONAL","source_role":"MASTER_GIS","display_rank":982,"lon":48.422275,"lat":41.421322},"geometry":{"type":"Point","coordinates":[48.4222747,41.4213217]}},{"type":"Feature","properties":{"poi_id":"OSM_cultural_8312891017","label":"Gilehli Minarə 18-ci əsr","name_az":"Gilehli Minarə 18-ci əsr","thesis_group":"HISTORICAL_CULTURAL","thesis_subtype":"place_of_worship","icon_id":"cultural_historic","name_quality":"NAMED","rayon":"Şəki şəhəri","rayon_id":"AZE_ADM2_54616110B24616396985677","verification_status":"PROVISIONAL","source_role":"MASTER_GIS","display_rank":718,"lon":47.204441,"lat":41.203686},"geometry":{"type":"Point","coordinates":[47.204440500000004,41.2036862]}},{"type":"Feature","properties":{"poi_id":"OSM_cultural_11093525634","label":"Goradil Məscidi","name_az":"Goradil Məscidi","thesis_group":"HISTORICAL_CULTURAL","thesis_subtype":"place_of_worship","icon_id":"cultural_historic","name_quality":"NAMED","rayon":"Bakı şəhəri","rayon_id":"AZE_ADM2_54616110B61947743987915","verification_status":"PROVISIONAL","source_role":"MASTER_GIS","display_rank":987,"lon":49.829286,"lat":40.547622},"geometry":{"type":"Point","coordinates":[49.8292865,40.547622100000005]}},{"type":"Feature","properties":{"poi_id":"OSM_cultural_12887519026","label":"Goranboy Diyarşünaslıq Muzeyi","name_az":"Goranboy Diyarşünaslıq Muzeyi","thesis_group":"HISTORICAL_CULTURAL","thesis_subtype":"museum","icon_id":"cultural_museum","name_quality":"NAMED","rayon":"Goranboy rayonu","rayon_id":"AZE_ADM2_54616110B75141866412524","verification_status":"PROVISIONAL","source_role":"MASTER_GIS","display_rank":1269,"lon":46.790463,"lat":40.608559},"geometry":{"type":"Point","coordinates":[46.790463,40.6085586]}},{"type":"Feature","properties":{"poi_id":"OSM_cultural_12884087206","label":"Goranboy Məscidi","name_az":"Goranboy Məscidi","thesis_group":"HISTORICAL_CULTURAL","thesis_subtype":"place_of_worship","icon_id":"cultural_historic","name_quality":"NAMED","rayon":"Goranboy rayonu","rayon_id":"AZE_ADM2_54616110B75141866412524","verification_status":"PROVISIONAL","source_role":"MASTER_GIS","display_rank":1267,"lon":46.782843,"lat":40.598484},"geometry":{"type":"Point","coordinates":[46.782842900000006,40.598484400000004]}},{"type":"Feature","properties":{"poi_id":"OSM_cultural_7774166035","label":"Gurbulaq Karvansara 15-ci əsr \\ Ərəkit","name_az":"Gurbulaq Karvansara 15-ci əsr \\ Ərəkit","thesis_group":"HISTORICAL_CULTURAL","thesis_subtype":"museum","icon_id":"cultural_museum","name_quality":"NAMED","rayon":"İsmayıllı rayonu","rayon_id":"AZE_ADM2_54616110B45290451128830","verification_status":"PROVISIONAL","source_role":"MASTER_GIS","display_rank":530,"lon":48.388934,"lat":40.851479},"geometry":{"type":"Point","coordinates":[48.3889336,40.8514793]}},{"type":"Feature","properties":{"poi_id":"OSM_cultural_6210152086","label":"Gövhər Bikə Məscidi","name_az":"Gövhər Bikə Məscidi","thesis_group":"HISTORICAL_CULTURAL","thesis_subtype":"place_of_worship","icon_id":"cultural_historic","name_quality":"NAMED","rayon":"Bakı şəhəri","rayon_id":"AZE_ADM2_54616110B61947743987915","verification_status":"PROVISIONAL","source_role":"MASTER_GIS","display_rank":333,"lon":50.006907,"lat":40.531913},"geometry":{"type":"Point","coordinates":[50.0069073,40.5319128]}},{"type":"Feature","properties":{"poi_id":"OSM_cultural_2022855416","label":"Göy Məscid","name_az":"Göy Məscid","thesis_group":"HISTORICAL_CULTURAL","thesis_subtype":"place_of_worship","icon_id":"cultural_historic","name_quality":"NAMED","rayon":"Bakı şəhəri","rayon_id":"AZE_ADM2_54616110B61947743987915","verification_status":"PROVISIONAL","source_role":"MASTER_GIS","display_rank":32,"lon":49.837764,"lat":40.385868},"geometry":{"type":"Point","coordinates":[49.8377643,40.3858684]}},{"type":"Feature","properties":{"poi_id":"OSM_cultural_7691661992","label":"Göy Məscid","name_az":"Göy Məscid","thesis_group":"HISTORICAL_CULTURAL","thesis_subtype":"place_of_worship","icon_id":"cultural_historic","name_quality":"NAMED","rayon":"Qusar rayonu","rayon_id":"AZE_ADM2_54616110B21517829058101","verification_status":"PROVISIONAL","source_role":"MASTER_GIS","display_rank":401,"lon":48.486856,"lat":41.695265},"geometry":{"type":"Point","coordinates":[48.486855600000005,41.695264800000004]}},{"type":"Feature","properties":{"poi_id":"OSM_cultural_7705915503","label":"Göy Məscid","name_az":"Göy Məscid","thesis_group":"HISTORICAL_CULTURAL","thesis_subtype":"place_of_worship","icon_id":"cultural_historic","name_quality":"NAMED","rayon":"Quba rayonu","rayon_id":"AZE_ADM2_54616110B77048085748362","verification_status":"PROVISIONAL","source_role":"MASTER_GIS","display_rank":467,"lon":48.190085,"lat":41.19805},"geometry":{"type":"Point","coordinates":[48.1900853,41.198049700000006]}},{"type":"Feature","properties":{"poi_id":"OSM_cultural_7775458904","label":"Göy Məscid","name_az":"Göy Məscid","thesis_group":"HISTORICAL_CULTURAL","thesis_subtype":"place_of_worship","icon_id":"cultural_historic","name_quality":"NAMED","rayon":"Ağsu rayonu","rayon_id":"AZE_ADM2_54616110B12323901372431","verification_status":"PROVISIONAL","source_role":"MASTER_GIS","display_rank":536,"lon":48.386396,"lat":40.620392},"geometry":{"type":"Point","coordinates":[48.3863962,40.620392300000006]}},{"type":"Feature","properties":{"poi_id":"OSM_cultural_7876229473","label":"Göy Məscid","name_az":"Göy Məscid","thesis_group":"HISTORICAL_CULTURAL","thesis_subtype":"place_of_worship","icon_id":"cultural_historic","name_quality":"NAMED","rayon":"Oğuz rayonu","rayon_id":"AZE_ADM2_54616110B99657283459996","verification_status":"PROVISIONAL","source_role":"MASTER_GIS","display_rank":604,"lon":47.638811,"lat":40.969801},"geometry":{"type":"Point","coordinates":[47.6388109,40.969801100000005]}},{"type":"Feature","properties":{"poi_id":"OSM_cultural_7687881933","label":"Göy məscid","name_az":"Göy məscid","thesis_group":"HISTORICAL_CULTURAL","thesis_subtype":"place_of_worship","icon_id":"cultural_historic","name_quality":"NAMED","rayon":"Quba rayonu","rayon_id":"AZE_ADM2_54616110B77048085748362","verification_status":"PROVISIONAL","source_role":"MASTER_GIS","display_rank":382,"lon":48.560482,"lat":41.42457},"geometry":{"type":"Point","coordinates":[48.560482300000004,41.4245698]}},{"type":"Feature","properties":{"poi_id":"OSM_cultural_12164416644","label":"Göycəli Məscid","name_az":"Göycəli Məscid","thesis_group":"HISTORICAL_CULTURAL","thesis_subtype":"place_of_worship","icon_id":"cultural_historic","name_quality":"NAMED","rayon":"Ağstafa rayonu","rayon_id":"AZE_ADM2_54616110B36354954300290","verification_status":"PROVISIONAL","source_role":"MASTER_GIS","display_rank":1156,"lon":45.470222,"lat":41.038619},"geometry":{"type":"Point","coordinates":[45.4702221,41.038618500000005]}},{"type":"Feature","properties":{"poi_id":"OSM_cultural_12652984769","label":"Göygöl Diyarşünaslıq Muzeyi","name_az":"Göygöl Diyarşünaslıq Muzeyi","thesis_group":"HISTORICAL_CULTURAL","thesis_subtype":"museum","icon_id":"cultural_museum","name_quality":"NAMED","rayon":"Göygöl rayonu","rayon_id":"AZE_ADM2_54616110B13615645655589","verification_status":"PROVISIONAL","source_role":"MASTER_GIS","display_rank":1240,"lon":46.319443,"lat":40.587644},"geometry":{"type":"Point","coordinates":[46.319443,40.5876439]}},{"type":"Feature","properties":{"poi_id":"OSM_cultural_8538244113","label":"Göygöl şəhəri - Giriş","name_az":"Göygöl şəhəri - Giriş","thesis_group":"HISTORICAL_CULTURAL","thesis_subtype":"monument","icon_id":"cultural_monument","name_quality":"NAMED","rayon":"Göygöl rayonu","rayon_id":"AZE_ADM2_54616110B13615645655589","verification_status":"PROVISIONAL","source_role":"MASTER_GIS","display_rank":738,"lon":46.330478,"lat":40.603014},"geometry":{"type":"Point","coordinates":[46.3304776,40.603013600000004]}},{"type":"Feature","properties":{"poi_id":"OSM_cultural_11616435371","label":"Göytəpə Arxeoıoji Kompleks","name_az":"Göytəpə Arxeoıoji Kompleks","thesis_group":"HISTORICAL_CULTURAL","thesis_subtype":"attraction","icon_id":"cultural_historic","name_quality":"NAMED","rayon":"Tovuz rayonu","rayon_id":"AZE_ADM2_54616110B84187356839814","verification_status":"PROVISIONAL","source_role":"MASTER_GIS","display_rank":1079,"lon":45.705134,"lat":40.970081},"geometry":{"type":"Point","coordinates":[45.705134,40.9700806]}},{"type":"Feature","properties":{"poi_id":"OSM_cultural_3461535714","label":"Göyərçin","name_az":"Göyərçin","thesis_group":"HISTORICAL_CULTURAL","thesis_subtype":"memorial","icon_id":"cultural_historic","name_quality":"NAMED","rayon":"Mingəçevir şəhəri","rayon_id":"AZE_ADM2_54616110B16521863868797","verification_status":"PROVISIONAL","source_role":"MASTER_GIS","display_rank":128,"lon":47.067483,"lat":40.761799},"geometry":{"type":"Point","coordinates":[47.067483300000006,40.761799]}},{"type":"Feature","properties":{"poi_id":"OSM_cultural_7707481207","label":"Gözəl Həyat Məscidi","name_az":"Gözəl Həyat Məscidi","thesis_group":"HISTORICAL_CULTURAL","thesis_subtype":"place_of_worship","icon_id":"cultural_historic","name_quality":"NAMED","rayon":"Quba rayonu","rayon_id":"AZE_ADM2_54616110B77048085748362","verification_status":"PROVISIONAL","source_role":"MASTER_GIS","display_rank":473,"lon":48.351887,"lat":41.139286},"geometry":{"type":"Point","coordinates":[48.351886900000004,41.1392858]}},{"type":"Feature","properties":{"poi_id":"OSM_cultural_7775317085","label":"Gözəl Həyat Məscidi","name_az":"Gözəl Həyat Məscidi","thesis_group":"HISTORICAL_CULTURAL","thesis_subtype":"place_of_worship","icon_id":"cultural_historic","name_quality":"NAMED","rayon":"Ağsu rayonu","rayon_id":"AZE_ADM2_54616110B12323901372431","verification_status":"PROVISIONAL","source_role":"MASTER_GIS","display_rank":533,"lon":48.397836,"lat":40.692949},"geometry":{"type":"Point","coordinates":[48.3978358,40.6929491]}},{"type":"Feature","properties":{"poi_id":"OSM_cultural_7688131097","label":"Gözəl Kainat məscidi","name_az":"Gözəl Kainat məscidi","thesis_group":"HISTORICAL_CULTURAL","thesis_subtype":"place_of_worship","icon_id":"cultural_historic","name_quality":"NAMED","rayon":"Şamaxı rayonu","rayon_id":"AZE_ADM2_54616110B16651088424667","verification_status":"PROVISIONAL","source_role":"MASTER_GIS","display_rank":384,"lon":48.5737,"lat":40.79469},"geometry":{"type":"Point","coordinates":[48.573700200000005,40.79469]}},{"type":"Feature","properties":{"poi_id":"OSM_cultural_6775564312","label":"Gülüstan Qalası","name_az":"Gülüstan Qalası","thesis_group":"HISTORICAL_CULTURAL","thesis_subtype":"attraction","icon_id":"cultural_historic","name_quality":"NAMED","rayon":"Şamaxı rayonu","rayon_id":"AZE_ADM2_54616110B16651088424667","verification_status":"PROVISIONAL","source_role":"MASTER_GIS","display_rank":351,"lon":48.617126,"lat":40.659483},"geometry":{"type":"Point","coordinates":[48.617125800000004,40.6594829]}},{"type":"Feature","properties":{"poi_id":"OSM_cultural_3759468411","label":"Gürcülü kümbəzi","name_az":"Gürcülü kümbəzi","thesis_group":"HISTORICAL_CULTURAL","thesis_subtype":"tomb","icon_id":"cultural_historic","name_quality":"NAMED","rayon":"Qubadlı rayonu","rayon_id":"AZE_ADM2_54616110B66639423042347","verification_status":"PROVISIONAL","source_role":"MASTER_GIS","display_rank":171,"lon":46.461689,"lat":39.422458},"geometry":{"type":"Point","coordinates":[46.461688900000006,39.4224576]}},{"type":"Feature","properties":{"poi_id":"OSM_cultural_13233229023","label":"Gürgan giriş abidə","name_az":"Gürgan giriş abidə","thesis_group":"HISTORICAL_CULTURAL","thesis_subtype":"monument","icon_id":"cultural_monument","name_quality":"NAMED","rayon":"Bakı şəhəri","rayon_id":"AZE_ADM2_54616110B61947743987915","verification_status":"PROVISIONAL","source_role":"MASTER_GIS","display_rank":1295,"lon":50.334333,"lat":40.399268},"geometry":{"type":"Point","coordinates":[50.334333,40.3992676]}},{"type":"Feature","properties":{"poi_id":"OSM_cultural_9680972842","label":"GƏNCƏ","name_az":"GƏNCƏ","thesis_group":"HISTORICAL_CULTURAL","thesis_subtype":"monument","icon_id":"cultural_monument","name_quality":"NAMED","rayon":"Göygöl rayonu","rayon_id":"AZE_ADM2_54616110B13615645655589","verification_status":"PROVISIONAL","source_role":"MASTER_GIS","display_rank":812,"lon":46.257865,"lat":40.725582},"geometry":{"type":"Point","coordinates":[46.2578648,40.7255818]}},{"type":"Feature","properties":{"poi_id":"OSM_cultural_12331401427","label":"Gədəbəy Məscidi","name_az":"Gədəbəy Məscidi","thesis_group":"HISTORICAL_CULTURAL","thesis_subtype":"place_of_worship","icon_id":"cultural_historic","name_quality":"NAMED","rayon":"Gədəbəy rayonu","rayon_id":"AZE_ADM2_54616110B46799199998097","verification_status":"PROVISIONAL","source_role":"MASTER_GIS","display_rank":1170,"lon":45.811557,"lat":40.575433},"geometry":{"type":"Point","coordinates":[45.811557300000004,40.5754326]}},{"type":"Feature","properties":{"poi_id":"OSM_cultural_5605104028","label":"Gədəbəy Tarix Diyarşünaslıq Muzeyi","name_az":"Gədəbəy Tarix Diyarşünaslıq Muzeyi","thesis_group":"HISTORICAL_CULTURAL","thesis_subtype":"museum","icon_id":"cultural_museum","name_quality":"NAMED","rayon":"Gədəbəy rayonu","rayon_id":"AZE_ADM2_54616110B46799199998097","verification_status":"PROVISIONAL","source_role":"MASTER_GIS","display_rank":276,"lon":45.808579,"lat":40.576014},"geometry":{"type":"Point","coordinates":[45.808578700000005,40.5760135]}},{"type":"Feature","properties":{"poi_id":"OSM_cultural_12323738037","label":"Gədəbəy abidəsi - giriş","name_az":"Gədəbəy abidəsi - giriş","thesis_group":"HISTORICAL_CULTURAL","thesis_subtype":"attraction","icon_id":"cultural_historic","name_quality":"NAMED","rayon":"Gədəbəy rayonu","rayon_id":"AZE_ADM2_54616110B46799199998097","verification_status":"PROVISIONAL","source_role":"MASTER_GIS","display_rank":1167,"lon":45.809932,"lat":40.581173},"geometry":{"type":"Point","coordinates":[45.8099319,40.5811731]}},{"type":"Feature","properties":{"poi_id":"OSM_cultural_3303228179","label":"Gələrsən-Görәrsәn","name_az":"Gələrsən-Görәrsәn","thesis_group":"HISTORICAL_CULTURAL","thesis_subtype":"attraction","icon_id":"cultural_historic","name_quality":"NAMED","rayon":"Şəki rayonu","rayon_id":"AZE_ADM2_54616110B25010354244926","verification_status":"PROVISIONAL","source_role":"MASTER_GIS","display_rank":105,"lon":47.228633,"lat":41.263497},"geometry":{"type":"Point","coordinates":[47.228633300000006,41.2634966]}},{"type":"Feature","properties":{"poi_id":"OSM_cultural_7873447143","label":"Gənclər Məscidi","name_az":"Gənclər Məscidi","thesis_group":"HISTORICAL_CULTURAL","thesis_subtype":"place_of_worship","icon_id":"cultural_historic","name_quality":"NAMED","rayon":"Oğuz rayonu","rayon_id":"AZE_ADM2_54616110B99657283459996","verification_status":"PROVISIONAL","source_role":"MASTER_GIS","display_rank":601,"lon":47.633104,"lat":40.925356},"geometry":{"type":"Point","coordinates":[47.6331045,40.925356]}},{"type":"Feature","properties":{"poi_id":"OSM_cultural_4574490496","label":"Gəncə Darvazaları","name_az":"Gəncə Darvazaları","thesis_group":"HISTORICAL_CULTURAL","thesis_subtype":"monument","icon_id":"cultural_monument","name_quality":"NAMED","rayon":"Samux rayonu","rayon_id":"AZE_ADM2_54616110B65018719015844","verification_status":"PROVISIONAL","source_role":"MASTER_GIS","display_rank":221,"lon":46.480094,"lat":40.68935},"geometry":{"type":"Point","coordinates":[46.4800941,40.6893503]}},{"type":"Feature","properties":{"poi_id":"OSM_cultural_1986989155","label":"Gəncəsər monastırı","name_az":"Gəncəsər monastırı","thesis_group":"HISTORICAL_CULTURAL","thesis_subtype":"attraction","icon_id":"cultural_historic","name_quality":"NAMED","rayon":"Kəlbəcər rayonu","rayon_id":"AZE_ADM2_54616110B37358032697149","verification_status":"PROVISIONAL","source_role":"MASTER_GIS","display_rank":30,"lon":46.530734,"lat":40.05745},"geometry":{"type":"Point","coordinates":[46.530734300000006,40.057449600000005]}},{"type":"Feature","properties":{"poi_id":"OSM_cultural_8931310062","label":"Gәmiçilik Muzeyi","thesis_group":"HISTORICAL_CULTURAL","thesis_subtype":"museum","icon_id":"cultural_museum","name_quality":"NAMED","rayon":"Bakı şəhəri","rayon_id":"AZE_ADM2_54616110B61947743987915","verification_status":"PROVISIONAL","source_role":"MASTER_GIS","display_rank":2176,"lon":49.842003,"lat":40.337373},"geometry":{"type":"Point","coordinates":[49.8420034,40.3373731]}},{"type":"Feature","properties":{"poi_id":"OSM_cultural_3755614407","label":"HEYDƏR ƏLİYEV","name_az":"HEYDƏR ƏLİYEV","thesis_group":"HISTORICAL_CULTURAL","thesis_subtype":"memorial","icon_id":"cultural_historic","name_quality":"NAMED","rayon":"Bakı şəhəri","rayon_id":"AZE_ADM2_54616110B61947743987915","verification_status":"PROVISIONAL","source_role":"MASTER_GIS","display_rank":169,"lon":49.81999,"lat":40.361751},"geometry":{"type":"Point","coordinates":[49.8199905,40.361751000000005]}},{"type":"Feature","properties":{"poi_id":"OSM_cultural_11310573633","label":"Hacı Abbas Baba Ziyarətgahı \\ Sənqəçal","name_az":"Hacı Abbas Baba Ziyarətgahı \\ Sənqəçal","thesis_group":"HISTORICAL_CULTURAL","thesis_subtype":"place_of_worship","icon_id":"cultural_historic","name_quality":"NAMED","rayon":"Abşeron rayonu","rayon_id":"AZE_ADM2_54616110B88432173472444","verification_status":"PROVISIONAL","source_role":"MASTER_GIS","display_rank":1035,"lon":49.42229,"lat":40.224517},"geometry":{"type":"Point","coordinates":[49.422289500000005,40.2245173]}},{"type":"Feature","properties":{"poi_id":"OSM_cultural_10557442076","label":"Hacı Aydəmir Məscidi","name_az":"Hacı Aydəmir Məscidi","thesis_group":"HISTORICAL_CULTURAL","thesis_subtype":"place_of_worship","icon_id":"cultural_historic","name_quality":"NAMED","rayon":"Bakı şəhəri","rayon_id":"AZE_ADM2_54616110B61947743987915","verification_status":"PROVISIONAL","source_role":"MASTER_GIS","display_rank":900,"lon":50.006535,"lat":40.536338},"geometry":{"type":"Point","coordinates":[50.006534900000005,40.5363382]}},{"type":"Feature","properties":{"poi_id":"OSM_cultural_6270967124","label":"Hacı Bəxşi Məscidi","name_az":"Hacı Bəxşi Məscidi","thesis_group":"HISTORICAL_CULTURAL","thesis_subtype":"place_of_worship","icon_id":"cultural_historic","name_quality":"NAMED","rayon":"Bakı şəhəri","rayon_id":"AZE_ADM2_54616110B61947743987915","verification_status":"PROVISIONAL","source_role":"MASTER_GIS","display_rank":336,"lon":50.007967,"lat":40.559308},"geometry":{"type":"Point","coordinates":[50.007966700000004,40.5593085]}},{"type":"Feature","properties":{"poi_id":"OSM_cultural_7774047093","label":"Hacı Cahanbəxşə Məscidi \\ Əhən","name_az":"Hacı Cahanbəxşə Məscidi \\ Əhən","thesis_group":"HISTORICAL_CULTURAL","thesis_subtype":"place_of_worship","icon_id":"cultural_historic","name_quality":"NAMED","rayon":"İsmayıllı rayonu","rayon_id":"AZE_ADM2_54616110B45290451128830","verification_status":"PROVISIONAL","source_role":"MASTER_GIS","display_rank":525,"lon":48.417042,"lat":40.852736},"geometry":{"type":"Point","coordinates":[48.4170418,40.8527362]}},{"type":"Feature","properties":{"poi_id":"OSM_cultural_5933384087","label":"Hacı Cəfər Məscidi","name_az":"Hacı Cəfər Məscidi","thesis_group":"HISTORICAL_CULTURAL","thesis_subtype":"attraction","icon_id":"cultural_historic","name_quality":"NAMED","rayon":"Quba rayonu","rayon_id":"AZE_ADM2_54616110B77048085748362","verification_status":"PROVISIONAL","source_role":"MASTER_GIS","display_rank":303,"lon":48.509673,"lat":41.362835},"geometry":{"type":"Point","coordinates":[48.5096732,41.362835000000004]}},{"type":"Feature","properties":{"poi_id":"OSM_cultural_11093742345","label":"Hacı Heybət Məscidi","name_az":"Hacı Heybət Məscidi","thesis_group":"HISTORICAL_CULTURAL","thesis_subtype":"place_of_worship","icon_id":"cultural_historic","name_quality":"NAMED","rayon":"Abşeron rayonu","rayon_id":"AZE_ADM2_54616110B88432173472444","verification_status":"PROVISIONAL","source_role":"MASTER_GIS","display_rank":990,"lon":49.843717,"lat":40.528441},"geometry":{"type":"Point","coordinates":[49.8437168,40.528440700000004]}},{"type":"Feature","properties":{"poi_id":"OSM_cultural_11049741010","label":"Hacı Məhəmməd Həsən Məscidi","name_az":"Hacı Məhəmməd Həsən Məscidi","thesis_group":"HISTORICAL_CULTURAL","thesis_subtype":"place_of_worship","icon_id":"cultural_historic","name_quality":"NAMED","rayon":"Bakı şəhəri","rayon_id":"AZE_ADM2_54616110B61947743987915","verification_status":"PROVISIONAL","source_role":"MASTER_GIS","display_rank":978,"lon":49.737786,"lat":40.431692},"geometry":{"type":"Point","coordinates":[49.7377856,40.4316916]}},{"type":"Feature","properties":{"poi_id":"OSM_cultural_10742298074","label":"Hacı Məhəmməd Məscidi","name_az":"Hacı Məhəmməd Məscidi","thesis_group":"HISTORICAL_CULTURAL","thesis_subtype":"place_of_worship","icon_id":"cultural_historic","name_quality":"NAMED","rayon":"Bakı şəhəri","rayon_id":"AZE_ADM2_54616110B61947743987915","verification_status":"PROVISIONAL","source_role":"MASTER_GIS","display_rank":947,"lon":50.149635,"lat":40.509489},"geometry":{"type":"Point","coordinates":[50.1496348,40.509489300000006]}},{"type":"Feature","properties":{"poi_id":"OSM_cultural_9216764952","label":"Hacı Məmməsağa Məscidi","name_az":"Hacı Məmməsağa Məscidi","thesis_group":"HISTORICAL_CULTURAL","thesis_subtype":"place_of_worship","icon_id":"cultural_historic","name_quality":"NAMED","rayon":"Ağdaş rayonu","rayon_id":"AZE_ADM2_54616110B75800990015815","verification_status":"PROVISIONAL","source_role":"MASTER_GIS","display_rank":779,"lon":47.47353,"lat":40.642191},"geometry":{"type":"Point","coordinates":[47.4735305,40.6421912]}},{"type":"Feature","properties":{"poi_id":"OSM_cultural_7707481172","label":"Hacı Məscidi","name_az":"Hacı Məscidi","thesis_group":"HISTORICAL_CULTURAL","thesis_subtype":"place_of_worship","icon_id":"cultural_historic","name_quality":"NAMED","rayon":"Quba rayonu","rayon_id":"AZE_ADM2_54616110B77048085748362","verification_status":"PROVISIONAL","source_role":"MASTER_GIS","display_rank":470,"lon":48.431747,"lat":41.095382},"geometry":{"type":"Point","coordinates":[48.431747,41.0953815]}},{"type":"Feature","properties":{"poi_id":"OSM_cultural_9216764957","label":"Hacı Osman Məscidi","name_az":"Hacı Osman Məscidi","thesis_group":"HISTORICAL_CULTURAL","thesis_subtype":"place_of_worship","icon_id":"cultural_historic","name_quality":"NAMED","rayon":"Ağdaş rayonu","rayon_id":"AZE_ADM2_54616110B75800990015815","verification_status":"PROVISIONAL","source_role":"MASTER_GIS","display_rank":780,"lon":47.472911,"lat":40.642322},"geometry":{"type":"Point","coordinates":[47.4729109,40.6423215]}},{"type":"Feature","properties":{"poi_id":"OSM_cultural_10571460144","label":"Hacı Qulaməli Məscidi","name_az":"Hacı Qulaməli Məscidi","thesis_group":"HISTORICAL_CULTURAL","thesis_subtype":"place_of_worship","icon_id":"cultural_historic","name_quality":"NAMED","rayon":"Bakı şəhəri","rayon_id":"AZE_ADM2_54616110B61947743987915","verification_status":"PROVISIONAL","source_role":"MASTER_GIS","display_rank":904,"lon":50.008819,"lat":40.557855},"geometry":{"type":"Point","coordinates":[50.0088188,40.5578547]}},{"type":"Feature","properties":{"poi_id":"OSM_cultural_3828385998","label":"Hacı Sultan Əli Məscidi","name_az":"Hacı Sultan Əli Məscidi","thesis_group":"HISTORICAL_CULTURAL","thesis_subtype":"place_of_worship","icon_id":"cultural_historic","name_quality":"NAMED","rayon":"Bakı şəhəri","rayon_id":"AZE_ADM2_54616110B61947743987915","verification_status":"PROVISIONAL","source_role":"MASTER_GIS","display_rank":174,"lon":49.82945,"lat":40.378876},"geometry":{"type":"Point","coordinates":[49.829450300000005,40.3788756]}},{"type":"Feature","properties":{"poi_id":"OSM_cultural_10865931644","label":"Hacı Səfərəli Məscidi","name_az":"Hacı Səfərəli Məscidi","thesis_group":"HISTORICAL_CULTURAL","thesis_subtype":"place_of_worship","icon_id":"cultural_historic","name_quality":"NAMED","rayon":"Abşeron rayonu","rayon_id":"AZE_ADM2_54616110B88432173472444","verification_status":"PROVISIONAL","source_role":"MASTER_GIS","display_rank":960,"lon":49.778518,"lat":40.527972},"geometry":{"type":"Point","coordinates":[49.7785177,40.5279718]}},{"type":"Feature","properties":{"poi_id":"OSM_cultural_3508845876","label":"Hacı Səlim Məscidi","name_az":"Hacı Səlim Məscidi","thesis_group":"HISTORICAL_CULTURAL","thesis_subtype":"place_of_worship","icon_id":"cultural_historic","name_quality":"NAMED","rayon":"Bakı şəhəri","rayon_id":"AZE_ADM2_54616110B61947743987915","verification_status":"PROVISIONAL","source_role":"MASTER_GIS","display_rank":135,"lon":50.076146,"lat":40.454634},"geometry":{"type":"Point","coordinates":[50.0761455,40.4546344]}},{"type":"Feature","properties":{"poi_id":"OSM_cultural_12449977813","label":"Hacı Tapdıq Məscidi \\ Oncallı","name_az":"Hacı Tapdıq Məscidi \\ Oncallı","thesis_group":"HISTORICAL_CULTURAL","thesis_subtype":"place_of_worship","icon_id":"cultural_historic","name_quality":"NAMED","rayon":"Qax rayonu","rayon_id":"AZE_ADM2_54616110B49356278605879","verification_status":"PROVISIONAL","source_role":"MASTER_GIS","display_rank":1201,"lon":46.861539,"lat":41.280965},"geometry":{"type":"Point","coordinates":[46.861538900000006,41.280965]}},{"type":"Feature","properties":{"poi_id":"OSM_cultural_13590698283","label":"Hacı Tağı Məscidi","name_az":"Hacı Tağı Məscidi","thesis_group":"HISTORICAL_CULTURAL","thesis_subtype":"place_of_worship","icon_id":"cultural_historic","name_quality":"NAMED","rayon":"Salyan rayonu","rayon_id":"AZE_ADM2_54616110B55207089168458","verification_status":"PROVISIONAL","source_role":"MASTER_GIS","display_rank":1324,"lon":48.977839,"lat":39.593675},"geometry":{"type":"Point","coordinates":[48.97783930000001,39.593674500000006]}},{"type":"Feature","properties":{"poi_id":"OSM_cultural_11398951805","label":"Hacı Xədicə xanım Məscidi","name_az":"Hacı Xədicə xanım Məscidi","thesis_group":"HISTORICAL_CULTURAL","thesis_subtype":"place_of_worship","icon_id":"cultural_historic","name_quality":"NAMED","rayon":"Şəmkir rayonu","rayon_id":"AZE_ADM2_54616110B57585842497805","verification_status":"PROVISIONAL","source_role":"MASTER_GIS","display_rank":1049,"lon":46.109976,"lat":40.784602},"geometry":{"type":"Point","coordinates":[46.1099759,40.7846023]}},{"type":"Feature","properties":{"poi_id":"OSM_cultural_7234711170","label":"Hacı Yədulla Məscidi","name_az":"Hacı Yədulla Məscidi","thesis_group":"HISTORICAL_CULTURAL","thesis_subtype":"place_of_worship","icon_id":"cultural_historic","name_quality":"NAMED","rayon":"Hacıqabul rayonu","rayon_id":"AZE_ADM2_54616110B48173541517146","verification_status":"PROVISIONAL","source_role":"MASTER_GIS","display_rank":361,"lon":48.934907,"lat":40.035642},"geometry":{"type":"Point","coordinates":[48.934907300000006,40.035641600000005]}},{"type":"Feature","properties":{"poi_id":"OSM_cultural_4618962459","label":"Hacı Zeynal Abdin Tağıyevin ev muzeyi","name_az":"Hacı Zeynal Abdin Tağıyevin ev muzeyi","thesis_group":"HISTORICAL_CULTURAL","thesis_subtype":"museum","icon_id":"cultural_museum","name_quality":"NAMED","rayon":"Bakı şəhəri","rayon_id":"AZE_ADM2_54616110B61947743987915","verification_status":"PROVISIONAL","source_role":"MASTER_GIS","display_rank":224,"lon":49.839969,"lat":40.369439},"geometry":{"type":"Point","coordinates":[49.8399693,40.369438900000006]}},{"type":"Feature","properties":{"poi_id":"OSM_cultural_9433255983","label":"Hacı Zeynalabdin Tağıyev","name_az":"Hacı Zeynalabdin Tağıyev","thesis_group":"HISTORICAL_CULTURAL","thesis_subtype":"memorial","icon_id":"cultural_historic","name_quality":"NAMED","rayon":"Bakı şəhəri","rayon_id":"AZE_ADM2_54616110B61947743987915","verification_status":"PROVISIONAL","source_role":"MASTER_GIS","display_rank":794,"lon":49.831152,"lat":40.36593},"geometry":{"type":"Point","coordinates":[49.83115230000001,40.3659295]}},{"type":"Feature","properties":{"poi_id":"OSM_cultural_5418913122","label":"Hacı Zeynalabdin Tağıyev Məğbərəsi","name_az":"Hacı Zeynalabdin Tağıyev Məğbərəsi","thesis_group":"HISTORICAL_CULTURAL","thesis_subtype":"memorial","icon_id":"cultural_historic","name_quality":"NAMED","rayon":"Bakı şəhəri","rayon_id":"AZE_ADM2_54616110B61947743987915","verification_status":"PROVISIONAL","source_role":"MASTER_GIS","display_rank":271,"lon":50.153775,"lat":40.493501},"geometry":{"type":"Point","coordinates":[50.153774600000006,40.4935008]}},{"type":"Feature","properties":{"poi_id":"OSM_cultural_7726624653","label":"Hacı Zeynalabdin Tağıyevin heykəli","name_az":"Hacı Zeynalabdin Tağıyevin heykəli","thesis_group":"HISTORICAL_CULTURAL","thesis_subtype":"memorial","icon_id":"cultural_historic","name_quality":"NAMED","rayon":"Xaçmaz rayonu","rayon_id":"AZE_ADM2_54616110B89497242950609","verification_status":"PROVISIONAL","source_role":"MASTER_GIS","display_rank":488,"lon":48.803415,"lat":41.467089},"geometry":{"type":"Point","coordinates":[48.803415300000005,41.467088700000005]}},{"type":"Feature","properties":{"poi_id":"OSM_cultural_7728301684","label":"Hacı Zeynalabdin məscidi","name_az":"Hacı Zeynalabdin məscidi","thesis_group":"HISTORICAL_CULTURAL","thesis_subtype":"place_of_worship","icon_id":"cultural_historic","name_quality":"NAMED","rayon":"Xaçmaz rayonu","rayon_id":"AZE_ADM2_54616110B89497242950609","verification_status":"PROVISIONAL","source_role":"MASTER_GIS","display_rank":490,"lon":48.815796,"lat":41.470572},"geometry":{"type":"Point","coordinates":[48.8157964,41.4705717]}},{"type":"Feature","properties":{"poi_id":"OSM_cultural_7691861443","label":"Hacı Zeynalabidin Məscidi","name_az":"Hacı Zeynalabidin Məscidi","thesis_group":"HISTORICAL_CULTURAL","thesis_subtype":"place_of_worship","icon_id":"cultural_historic","name_quality":"NAMED","rayon":"Qusar rayonu","rayon_id":"AZE_ADM2_54616110B21517829058101","verification_status":"PROVISIONAL","source_role":"MASTER_GIS","display_rank":413,"lon":48.439584,"lat":41.640435},"geometry":{"type":"Point","coordinates":[48.4395844,41.640435200000006]}},{"type":"Feature","properties":{"poi_id":"OSM_cultural_10229105552","label":"Hacı Şəhla Məscidi","name_az":"Hacı Şəhla Məscidi","thesis_group":"HISTORICAL_CULTURAL","thesis_subtype":"place_of_worship","icon_id":"cultural_historic","name_quality":"NAMED","rayon":"Bakı şəhəri","rayon_id":"AZE_ADM2_54616110B61947743987915","verification_status":"PROVISIONAL","source_role":"MASTER_GIS","display_rank":887,"lon":49.920134,"lat":40.463718},"geometry":{"type":"Point","coordinates":[49.9201336,40.463717900000006]}},{"type":"Feature","properties":{"poi_id":"OSM_cultural_10229105593","label":"Hacı Şəhla Məscidi","name_az":"Hacı Şəhla Məscidi","thesis_group":"HISTORICAL_CULTURAL","thesis_subtype":"place_of_worship","icon_id":"cultural_historic","name_quality":"NAMED","rayon":"Bakı şəhəri","rayon_id":"AZE_ADM2_54616110B61947743987915","verification_status":"PROVISIONAL","source_role":"MASTER_GIS","display_rank":889,"lon":49.922788,"lat":40.46047},"geometry":{"type":"Point","coordinates":[49.9227883,40.4604695]}},{"type":"Feature","properties":{"poi_id":"OSM_cultural_11533590575","label":"Hacı Ələkbər Məscidi","name_az":"Hacı Ələkbər Məscidi","thesis_group":"HISTORICAL_CULTURAL","thesis_subtype":"place_of_worship","icon_id":"cultural_historic","name_quality":"NAMED","rayon":"Füzuli rayonu","rayon_id":"AZE_ADM2_54616110B29637726057754","verification_status":"PROVISIONAL","source_role":"MASTER_GIS","display_rank":1070,"lon":47.146583,"lat":39.596654},"geometry":{"type":"Point","coordinates":[47.1465833,39.596653700000005]}},{"type":"Feature","properties":{"poi_id":"OSM_cultural_10577646119","label":"Hacı Əziz Məscidi","name_az":"Hacı Əziz Məscidi","thesis_group":"HISTORICAL_CULTURAL","thesis_subtype":"place_of_worship","icon_id":"cultural_historic","name_quality":"NAMED","rayon":"Bakı şəhəri","rayon_id":"AZE_ADM2_54616110B61947743987915","verification_status":"PROVISIONAL","source_role":"MASTER_GIS","display_rank":914,"lon":50.004134,"lat":40.535117},"geometry":{"type":"Point","coordinates":[50.004134300000004,40.5351171]}},{"type":"Feature","properties":{"poi_id":"OSM_cultural_12444913631","label":"Hacılar Məscidi","name_az":"Hacılar Məscidi","thesis_group":"HISTORICAL_CULTURAL","thesis_subtype":"place_of_worship","icon_id":"cultural_historic","name_quality":"NAMED","rayon":"Ağdaş rayonu","rayon_id":"AZE_ADM2_54616110B75800990015815","verification_status":"PROVISIONAL","source_role":"MASTER_GIS","display_rank":1198,"lon":47.338754,"lat":40.723748},"geometry":{"type":"Point","coordinates":[47.3387535,40.723748300000004]}},{"type":"Feature","properties":{"poi_id":"OSM_cultural_7770323350","label":"Hacılar Məscidi \\ Muğanlı","name_az":"Hacılar Məscidi \\ Muğanlı","thesis_group":"HISTORICAL_CULTURAL","thesis_subtype":"place_of_worship","icon_id":"cultural_historic","name_quality":"NAMED","rayon":"Ağsu rayonu","rayon_id":"AZE_ADM2_54616110B12323901372431","verification_status":"PROVISIONAL","source_role":"MASTER_GIS","display_rank":522,"lon":48.526914,"lat":40.664612},"geometry":{"type":"Point","coordinates":[48.5269144,40.6646117]}},{"type":"Feature","properties":{"poi_id":"OSM_cultural_4723375792","label":"Hacınskinin Evi","name_az":"Hacınskinin Evi","thesis_group":"HISTORICAL_CULTURAL","thesis_subtype":"historic_house","icon_id":"cultural_historic","name_quality":"NAMED","rayon":"Bakı şəhəri","rayon_id":"AZE_ADM2_54616110B61947743987915","verification_status":"PROVISIONAL","source_role":"MASTER_GIS","display_rank":228,"lon":49.837838,"lat":40.366274},"geometry":{"type":"Point","coordinates":[49.8378377,40.366274000000004]}},{"type":"Feature","properties":{"poi_id":"OSM_cultural_10555050898","label":"Hacıseyid Muxtar Məscidi","name_az":"Hacıseyid Muxtar Məscidi","thesis_group":"HISTORICAL_CULTURAL","thesis_subtype":"place_of_worship","icon_id":"cultural_historic","name_quality":"NAMED","rayon":"Bakı şəhəri","rayon_id":"AZE_ADM2_54616110B61947743987915","verification_status":"PROVISIONAL","source_role":"MASTER_GIS","display_rank":899,"lon":49.993511,"lat":40.53603},"geometry":{"type":"Point","coordinates":[49.9935114,40.5360303]}},{"type":"Feature","properties":{"poi_id":"OSM_cultural_7956255838","label":"Halallıq Məscidi","name_az":"Halallıq Məscidi","thesis_group":"HISTORICAL_CULTURAL","thesis_subtype":"place_of_worship","icon_id":"cultural_historic","name_quality":"NAMED","rayon":"Şəki rayonu","rayon_id":"AZE_ADM2_54616110B25010354244926","verification_status":"PROVISIONAL","source_role":"MASTER_GIS","display_rank":620,"lon":47.251183,"lat":41.113449},"geometry":{"type":"Point","coordinates":[47.2511834,41.1134489]}},{"type":"Feature","properties":{"poi_id":"OSM_cultural_12731776700","label":"Handu qalası","name_az":"Handu qalası","thesis_group":"HISTORICAL_CULTURAL","thesis_subtype":"castle","icon_id":"cultural_castle","name_quality":"NAMED","rayon":"Xocalı rayonu","rayon_id":"AZE_ADM2_54616110B87325868620163","verification_status":"PROVISIONAL","source_role":"MASTER_GIS","display_rank":1250,"lon":46.666684,"lat":39.945298},"geometry":{"type":"Point","coordinates":[46.6666845,39.9452985]}},{"type":"Feature","properties":{"poi_id":"OSM_cultural_5183063713","label":"Havaptuk","thesis_group":"HISTORICAL_CULTURAL","thesis_subtype":"place_of_worship","icon_id":"cultural_historic","name_quality":"NAMED","rayon":"Kəlbəcər rayonu","rayon_id":"AZE_ADM2_54616110B37358032697149","verification_status":"PROVISIONAL","source_role":"MASTER_GIS","display_rank":2114,"lon":46.503142,"lat":40.047292},"geometry":{"type":"Point","coordinates":[46.503142100000005,40.0472917]}},{"type":"Feature","properties":{"poi_id":"OSM_cultural_5554721569","label":"Haçaqaya Ziyarətgahı","name_az":"Haçaqaya Ziyarətgahı","thesis_group":"HISTORICAL_CULTURAL","thesis_subtype":"place_of_worship","icon_id":"cultural_historic","name_quality":"NAMED","rayon":"Tovuz rayonu","rayon_id":"AZE_ADM2_54616110B84187356839814","verification_status":"PROVISIONAL","source_role":"MASTER_GIS","display_rank":275,"lon":45.69178,"lat":40.681845},"geometry":{"type":"Point","coordinates":[45.6917799,40.681845200000005]}},{"type":"Feature","properties":{"poi_id":"OSM_cultural_6297515586","label":"Heydər Mərasim Evi","name_az":"Heydər Mərasim Evi","thesis_group":"HISTORICAL_CULTURAL","thesis_subtype":"place_of_worship","icon_id":"cultural_historic","name_quality":"NAMED","rayon":"Bakı şəhəri","rayon_id":"AZE_ADM2_54616110B61947743987915","verification_status":"PROVISIONAL","source_role":"MASTER_GIS","display_rank":337,"lon":49.825279,"lat":40.430035},"geometry":{"type":"Point","coordinates":[49.825279300000005,40.430035000000004]}},{"type":"Feature","properties":{"poi_id":"OSM_cultural_3440414690","label":"Heydər Məscidi","name_az":"Heydər Məscidi","thesis_group":"HISTORICAL_CULTURAL","thesis_subtype":"place_of_worship","icon_id":"cultural_historic","name_quality":"NAMED","rayon":"Bakı şəhəri","rayon_id":"AZE_ADM2_54616110B61947743987915","verification_status":"PROVISIONAL","source_role":"MASTER_GIS","display_rank":122,"lon":50.032987,"lat":40.431421},"geometry":{"type":"Point","coordinates":[50.0329866,40.431421]}},{"type":"Feature","properties":{"poi_id":"OSM_cultural_7667673303","label":"Heydər Məscidi","name_az":"Heydər Məscidi","thesis_group":"HISTORICAL_CULTURAL","thesis_subtype":"place_of_worship","icon_id":"cultural_historic","name_quality":"NAMED","rayon":"Qobustan rayonu","rayon_id":"AZE_ADM2_54616110B43271825035432","verification_status":"PROVISIONAL","source_role":"MASTER_GIS","display_rank":373,"lon":48.933988,"lat":40.523663},"geometry":{"type":"Point","coordinates":[48.933987900000005,40.523662800000004]}},{"type":"Feature","properties":{"poi_id":"OSM_cultural_10739857597","label":"Heydər Məscidi","name_az":"Heydər Məscidi","thesis_group":"HISTORICAL_CULTURAL","thesis_subtype":"place_of_worship","icon_id":"cultural_historic","name_quality":"NAMED","rayon":"Bakı şəhəri","rayon_id":"AZE_ADM2_54616110B61947743987915","verification_status":"PROVISIONAL","source_role":"MASTER_GIS","display_rank":946,"lon":50.141849,"lat":40.491161},"geometry":{"type":"Point","coordinates":[50.141849,40.4911613]}},{"type":"Feature","properties":{"poi_id":"OSM_cultural_12644213786","label":"Heydər Məscidi","name_az":"Heydər Məscidi","thesis_group":"HISTORICAL_CULTURAL","thesis_subtype":"place_of_worship","icon_id":"cultural_historic","name_quality":"NAMED","rayon":"Göygöl rayonu","rayon_id":"AZE_ADM2_54616110B13615645655589","verification_status":"PROVISIONAL","source_role":"MASTER_GIS","display_rank":1239,"lon":46.318989,"lat":40.581611},"geometry":{"type":"Point","coordinates":[46.3189891,40.5816114]}},{"type":"Feature","properties":{"poi_id":"OSM_cultural_12766646790","label":"Heydər Məscidi","name_az":"Heydər Məscidi","thesis_group":"HISTORICAL_CULTURAL","thesis_subtype":"place_of_worship","icon_id":"cultural_historic","name_quality":"NAMED","rayon":"Bakı şəhəri","rayon_id":"AZE_ADM2_54616110B61947743987915","verification_status":"PROVISIONAL","source_role":"MASTER_GIS","display_rank":1251,"lon":49.824244,"lat":40.429137},"geometry":{"type":"Point","coordinates":[49.8242442,40.429137100000005]}},{"type":"Feature","properties":{"poi_id":"OSM_cultural_9335634838","label":"Heydər Əliev Mərkəzi","name_az":"Heydər Əliev Mərkəzi","thesis_group":"HISTORICAL_CULTURAL","thesis_subtype":"museum","icon_id":"cultural_museum","name_quality":"NAMED","rayon":"Yevlax şəhəri","rayon_id":"AZE_ADM2_54616110B78344971255813","verification_status":"PROVISIONAL","source_role":"MASTER_GIS","display_rank":788,"lon":47.150336,"lat":40.615541},"geometry":{"type":"Point","coordinates":[47.1503364,40.6155406]}},{"type":"Feature","properties":{"poi_id":"OSM_cultural_5262327080","label":"Heydər Əliyen Abidəsi","name_az":"Heydər Əliyen Abidəsi","thesis_group":"HISTORICAL_CULTURAL","thesis_subtype":"memorial","icon_id":"cultural_historic","name_quality":"NAMED","rayon":"Şəmkir rayonu","rayon_id":"AZE_ADM2_54616110B57585842497805","verification_status":"PROVISIONAL","source_role":"MASTER_GIS","display_rank":258,"lon":46.026448,"lat":40.842202},"geometry":{"type":"Point","coordinates":[46.0264479,40.842201800000005]}},{"type":"Feature","properties":{"poi_id":"OSM_cultural_2887739367","label":"Heydər Əliyev","name_az":"Heydər Əliyev","thesis_group":"HISTORICAL_CULTURAL","thesis_subtype":"memorial","icon_id":"cultural_historic","name_quality":"NAMED","rayon":"Xızı rayonu","rayon_id":"AZE_ADM2_54616110B97026515433008","verification_status":"PROVISIONAL","source_role":"MASTER_GIS","display_rank":54,"lon":49.070301,"lat":40.912694},"geometry":{"type":"Point","coordinates":[49.0703011,40.9126941]}},{"type":"Feature","properties":{"poi_id":"OSM_cultural_3034495926","label":"Heydər Əliyev","name_az":"Heydər Əliyev","thesis_group":"HISTORICAL_CULTURAL","thesis_subtype":"memorial","icon_id":"cultural_historic","name_quality":"NAMED","rayon":"Bakı şəhəri","rayon_id":"AZE_ADM2_54616110B61947743987915","verification_status":"PROVISIONAL","source_role":"MASTER_GIS","display_rank":79,"lon":49.844021,"lat":40.378353},"geometry":{"type":"Point","coordinates":[49.844021000000005,40.3783534]}},{"type":"Feature","properties":{"poi_id":"OSM_cultural_3628284513","label":"Heydər Əliyev","name_az":"Heydər Əliyev","thesis_group":"HISTORICAL_CULTURAL","thesis_subtype":"memorial","icon_id":"cultural_historic","name_quality":"NAMED","rayon":"Lerik rayonu","rayon_id":"AZE_ADM2_54616110B59366301344355","verification_status":"PROVISIONAL","source_role":"MASTER_GIS","display_rank":150,"lon":48.417161,"lat":38.775807},"geometry":{"type":"Point","coordinates":[48.417160900000006,38.775806700000004]}},{"type":"Feature","properties":{"poi_id":"OSM_cultural_3636557823","label":"Heydər Əliyev","name_az":"Heydər Əliyev","thesis_group":"HISTORICAL_CULTURAL","thesis_subtype":"memorial","icon_id":"cultural_historic","name_quality":"NAMED","rayon":"Bakı şəhəri","rayon_id":"AZE_ADM2_54616110B61947743987915","verification_status":"PROVISIONAL","source_role":"MASTER_GIS","display_rank":154,"lon":49.803636,"lat":40.338254},"geometry":{"type":"Point","coordinates":[49.8036357,40.3382535]}},{"type":"Feature","properties":{"poi_id":"OSM_cultural_5978356171","label":"Heydər Əliyev Abidəsi","name_az":"Heydər Əliyev Abidəsi","thesis_group":"HISTORICAL_CULTURAL","thesis_subtype":"memorial","icon_id":"cultural_historic","name_quality":"NAMED","rayon":"Qax rayonu","rayon_id":"AZE_ADM2_54616110B49356278605879","verification_status":"PROVISIONAL","source_role":"MASTER_GIS","display_rank":307,"lon":46.920067,"lat":41.419575},"geometry":{"type":"Point","coordinates":[46.920067200000005,41.4195754]}},{"type":"Feature","properties":{"poi_id":"OSM_cultural_11065816882","label":"Heydər Əliyev Abidəsi","name_az":"Heydər Əliyev Abidəsi","thesis_group":"HISTORICAL_CULTURAL","thesis_subtype":"memorial","icon_id":"cultural_historic","name_quality":"NAMED","rayon":"Qusar rayonu","rayon_id":"AZE_ADM2_54616110B21517829058101","verification_status":"PROVISIONAL","source_role":"MASTER_GIS","display_rank":979,"lon":48.437549,"lat":41.437565},"geometry":{"type":"Point","coordinates":[48.4375486,41.437564900000005]}},{"type":"Feature","properties":{"poi_id":"OSM_cultural_11624351570","label":"Heydər Əliyev Abidəsi","name_az":"Heydər Əliyev Abidəsi","thesis_group":"HISTORICAL_CULTURAL","thesis_subtype":"memorial","icon_id":"cultural_historic","name_quality":"NAMED","rayon":"Tovuz rayonu","rayon_id":"AZE_ADM2_54616110B84187356839814","verification_status":"PROVISIONAL","source_role":"MASTER_GIS","display_rank":1080,"lon":45.643875,"lat":40.986825},"geometry":{"type":"Point","coordinates":[45.643875,40.9868249]}},{"type":"Feature","properties":{"poi_id":"OSM_cultural_12059813865","label":"Heydər Əliyev Abidəsi","name_az":"Heydər Əliyev Abidəsi","thesis_group":"HISTORICAL_CULTURAL","thesis_subtype":"monument","icon_id":"cultural_monument","name_quality":"NAMED","rayon":"Ağstafa rayonu","rayon_id":"AZE_ADM2_54616110B36354954300290","verification_status":"PROVISIONAL","source_role":"MASTER_GIS","display_rank":1112,"lon":45.437226,"lat":41.112642},"geometry":{"type":"Point","coordinates":[45.4372259,41.1126416]}},{"type":"Feature","properties":{"poi_id":"OSM_cultural_12331308838","label":"Heydər Əliyev Abidəsi","name_az":"Heydər Əliyev Abidəsi","thesis_group":"HISTORICAL_CULTURAL","thesis_subtype":"monument","icon_id":"cultural_monument","name_quality":"NAMED","rayon":"Gədəbəy rayonu","rayon_id":"AZE_ADM2_54616110B46799199998097","verification_status":"PROVISIONAL","source_role":"MASTER_GIS","display_rank":1168,"lon":45.808418,"lat":40.578866},"geometry":{"type":"Point","coordinates":[45.8084178,40.5788663]}},{"type":"Feature","properties":{"poi_id":"OSM_cultural_2386937487","label":"Heydər Əliyev Heykəli","name_az":"Heydər Əliyev Heykəli","thesis_group":"HISTORICAL_CULTURAL","thesis_subtype":"memorial","icon_id":"cultural_historic","name_quality":"NAMED","rayon":"Gəncə şəhəri","rayon_id":"AZE_ADM2_54616110B84154267491992","verification_status":"PROVISIONAL","source_role":"MASTER_GIS","display_rank":48,"lon":46.360009,"lat":40.6803},"geometry":{"type":"Point","coordinates":[46.3600088,40.680299600000005]}},{"type":"Feature","properties":{"poi_id":"OSM_cultural_3460945560","label":"Heydər Əliyev Heykəli","name_az":"Heydər Əliyev Heykəli","thesis_group":"HISTORICAL_CULTURAL","thesis_subtype":"memorial","icon_id":"cultural_historic","name_quality":"NAMED","rayon":"Qusar rayonu","rayon_id":"AZE_ADM2_54616110B21517829058101","verification_status":"PROVISIONAL","source_role":"MASTER_GIS","display_rank":124,"lon":48.423186,"lat":41.639532},"geometry":{"type":"Point","coordinates":[48.423185700000005,41.639531500000004]}},{"type":"Feature","properties":{"poi_id":"OSM_cultural_9978200262","label":"Heydər Əliyev Heykəli","name_az":"Heydər Əliyev Heykəli","thesis_group":"HISTORICAL_CULTURAL","thesis_subtype":"memorial","icon_id":"cultural_historic","name_quality":"NAMED","rayon":"Bakı şəhəri","rayon_id":"AZE_ADM2_54616110B61947743987915","verification_status":"PROVISIONAL","source_role":"MASTER_GIS","display_rank":844,"lon":50.328198,"lat":40.466897},"geometry":{"type":"Point","coordinates":[50.3281975,40.466896600000005]}},{"type":"Feature","properties":{"poi_id":"OSM_cultural_11234455816","label":"Heydər Əliyev Heykəli","name_az":"Heydər Əliyev Heykəli","thesis_group":"HISTORICAL_CULTURAL","thesis_subtype":"monument","icon_id":"cultural_monument","name_quality":"NAMED","rayon":"Goranboy rayonu","rayon_id":"AZE_ADM2_54616110B75141866412524","verification_status":"PROVISIONAL","source_role":"MASTER_GIS","display_rank":1018,"lon":46.788803,"lat":40.609159},"geometry":{"type":"Point","coordinates":[46.788802700000005,40.6091593]}},{"type":"Feature","properties":{"poi_id":"OSM_cultural_3517082447","label":"Heydər Əliyev Muzeyi","name_az":"Heydər Əliyev Muzeyi","thesis_group":"HISTORICAL_CULTURAL","thesis_subtype":"museum","icon_id":"cultural_museum","name_quality":"NAMED","rayon":"Bakı şəhəri","rayon_id":"AZE_ADM2_54616110B61947743987915","verification_status":"PROVISIONAL","source_role":"MASTER_GIS","display_rank":136,"lon":49.995614,"lat":40.42494},"geometry":{"type":"Point","coordinates":[49.9956144,40.424939900000005]}},{"type":"Feature","properties":{"poi_id":"OSM_cultural_3628467835","label":"Heydər Əliyev Muzeyi","name_az":"Heydər Əliyev Muzeyi","thesis_group":"HISTORICAL_CULTURAL","thesis_subtype":"museum","icon_id":"cultural_museum","name_quality":"NAMED","rayon":"Lerik rayonu","rayon_id":"AZE_ADM2_54616110B59366301344355","verification_status":"PROVISIONAL","source_role":"MASTER_GIS","display_rank":151,"lon":48.415691,"lat":38.775068},"geometry":{"type":"Point","coordinates":[48.415690600000005,38.7750683]}},{"type":"Feature","properties":{"poi_id":"OSM_cultural_4311052592","label":"Heydər Əliyev Muzeyi","name_az":"Heydər Əliyev Muzeyi","thesis_group":"HISTORICAL_CULTURAL","thesis_subtype":"museum","icon_id":"cultural_museum","name_quality":"NAMED","rayon":"Qusar rayonu","rayon_id":"AZE_ADM2_54616110B21517829058101","verification_status":"PROVISIONAL","source_role":"MASTER_GIS","display_rank":192,"lon":48.437224,"lat":41.437013},"geometry":{"type":"Point","coordinates":[48.437224400000005,41.437012800000005]}},{"type":"Feature","properties":{"poi_id":"OSM_cultural_5853487124","label":"Heydər Əliyev Muzeyi","name_az":"Heydər Əliyev Muzeyi","thesis_group":"HISTORICAL_CULTURAL","thesis_subtype":"museum","icon_id":"cultural_museum","name_quality":"NAMED","rayon":"Qazax rayonu","rayon_id":"AZE_ADM2_54616110B43488292017990","verification_status":"PROVISIONAL","source_role":"MASTER_GIS","display_rank":287,"lon":45.347964,"lat":41.090311},"geometry":{"type":"Point","coordinates":[45.347963500000006,41.0903113]}},{"type":"Feature","properties":{"poi_id":"OSM_cultural_7472489342","label":"Heydər Əliyev Muzeyi","name_az":"Heydər Əliyev Muzeyi","thesis_group":"HISTORICAL_CULTURAL","thesis_subtype":"museum","icon_id":"cultural_museum","name_quality":"NAMED","rayon":"Ağcabədi rayonu","rayon_id":"AZE_ADM2_54616110B84161876100413","verification_status":"PROVISIONAL","source_role":"MASTER_GIS","display_rank":365,"lon":47.455563,"lat":40.039238},"geometry":{"type":"Point","coordinates":[47.455562900000004,40.039238100000006]}},{"type":"Feature","properties":{"poi_id":"OSM_cultural_7829903389","label":"Heydər Əliyev Muzeyi","name_az":"Heydər Əliyev Muzeyi","thesis_group":"HISTORICAL_CULTURAL","thesis_subtype":"museum","icon_id":"cultural_museum","name_quality":"NAMED","rayon":"Qəbələ rayonu","rayon_id":"AZE_ADM2_54616110B33746839775993","verification_status":"PROVISIONAL","source_role":"MASTER_GIS","display_rank":584,"lon":47.844922,"lat":40.975694},"geometry":{"type":"Point","coordinates":[47.8449225,40.9756942]}},{"type":"Feature","properties":{"poi_id":"OSM_cultural_8165357320","label":"Heydər Əliyev Muzeyi","name_az":"Heydər Əliyev Muzeyi","thesis_group":"HISTORICAL_CULTURAL","thesis_subtype":"museum","icon_id":"cultural_museum","name_quality":"NAMED","rayon":"Zaqatala rayonu","rayon_id":"AZE_ADM2_54616110B4759617374649","verification_status":"PROVISIONAL","source_role":"MASTER_GIS","display_rank":661,"lon":46.655685,"lat":41.638755},"geometry":{"type":"Point","coordinates":[46.6556847,41.6387554]}},{"type":"Feature","properties":{"poi_id":"OSM_cultural_8608333903","label":"Heydər Əliyev Muzeyi","name_az":"Heydər Əliyev Muzeyi","thesis_group":"HISTORICAL_CULTURAL","thesis_subtype":"museum","icon_id":"cultural_museum","name_quality":"NAMED","rayon":"Göyçay rayonu","rayon_id":"AZE_ADM2_54616110B88730523237575","verification_status":"PROVISIONAL","source_role":"MASTER_GIS","display_rank":750,"lon":47.74372,"lat":40.649394},"geometry":{"type":"Point","coordinates":[47.743720100000004,40.6493936]}},{"type":"Feature","properties":{"poi_id":"OSM_cultural_8910551231","label":"Heydər Əliyev Muzeyi","name_az":"Heydər Əliyev Muzeyi","thesis_group":"HISTORICAL_CULTURAL","thesis_subtype":"museum","icon_id":"cultural_museum","name_quality":"NAMED","rayon":"Kürdəmir rayonu","rayon_id":"AZE_ADM2_54616110B82810927503709","verification_status":"PROVISIONAL","source_role":"MASTER_GIS","display_rank":761,"lon":48.156764,"lat":40.333028},"geometry":{"type":"Point","coordinates":[48.156764200000005,40.3330284]}},{"type":"Feature","properties":{"poi_id":"OSM_cultural_9091994924","label":"Heydər Əliyev Muzeyi","name_az":"Heydər Əliyev Muzeyi","thesis_group":"HISTORICAL_CULTURAL","thesis_subtype":"museum","icon_id":"cultural_museum","name_quality":"NAMED","rayon":"Hacıqabul rayonu","rayon_id":"AZE_ADM2_54616110B48173541517146","verification_status":"PROVISIONAL","source_role":"MASTER_GIS","display_rank":768,"lon":48.935545,"lat":40.028597},"geometry":{"type":"Point","coordinates":[48.935544900000004,40.0285972]}},{"type":"Feature","properties":{"poi_id":"OSM_cultural_9467035001","label":"Heydər Əliyev Muzeyi","name_az":"Heydər Əliyev Muzeyi","thesis_group":"HISTORICAL_CULTURAL","thesis_subtype":"museum","icon_id":"cultural_museum","name_quality":"NAMED","rayon":"Mingəçevir şəhəri","rayon_id":"AZE_ADM2_54616110B16521863868797","verification_status":"PROVISIONAL","source_role":"MASTER_GIS","display_rank":800,"lon":47.045795,"lat":40.772744},"geometry":{"type":"Point","coordinates":[47.0457946,40.7727439]}},{"type":"Feature","properties":{"poi_id":"OSM_cultural_9566863978","label":"Heydər Əliyev Muzeyi","name_az":"Heydər Əliyev Muzeyi","thesis_group":"HISTORICAL_CULTURAL","thesis_subtype":"museum","icon_id":"cultural_museum","name_quality":"NAMED","rayon":"Samux rayonu","rayon_id":"AZE_ADM2_54616110B65018719015844","verification_status":"PROVISIONAL","source_role":"MASTER_GIS","display_rank":805,"lon":46.407079,"lat":40.766817},"geometry":{"type":"Point","coordinates":[46.4070788,40.766816500000004]}},{"type":"Feature","properties":{"poi_id":"OSM_cultural_9950119165","label":"Heydər Əliyev Muzeyi","name_az":"Heydər Əliyev Muzeyi","thesis_group":"HISTORICAL_CULTURAL","thesis_subtype":"museum","icon_id":"cultural_museum","name_quality":"NAMED","rayon":"Qax rayonu","rayon_id":"AZE_ADM2_54616110B49356278605879","verification_status":"PROVISIONAL","source_role":"MASTER_GIS","display_rank":843,"lon":46.927205,"lat":41.419407},"geometry":{"type":"Point","coordinates":[46.927204700000004,41.419406900000006]}},{"type":"Feature","properties":{"poi_id":"OSM_cultural_11282147764","label":"Heydər Əliyev Muzeyi","name_az":"Heydər Əliyev Muzeyi","thesis_group":"HISTORICAL_CULTURAL","thesis_subtype":"museum","icon_id":"cultural_museum","name_quality":"NAMED","rayon":"Bakı şəhəri","rayon_id":"AZE_ADM2_54616110B61947743987915","verification_status":"PROVISIONAL","source_role":"MASTER_GIS","display_rank":1026,"lon":49.728123,"lat":40.325264},"geometry":{"type":"Point","coordinates":[49.7281229,40.3252645]}},{"type":"Feature","properties":{"poi_id":"OSM_cultural_11822929294","label":"Heydər Əliyev Muzeyi","name_az":"Heydər Əliyev Muzeyi","thesis_group":"HISTORICAL_CULTURAL","thesis_subtype":"museum","icon_id":"cultural_museum","name_quality":"NAMED","rayon":"Tovuz rayonu","rayon_id":"AZE_ADM2_54616110B84187356839814","verification_status":"PROVISIONAL","source_role":"MASTER_GIS","display_rank":1090,"lon":45.616997,"lat":40.99206},"geometry":{"type":"Point","coordinates":[45.6169966,40.9920595]}},{"type":"Feature","properties":{"poi_id":"OSM_cultural_12057930640","label":"Heydər Əliyev Muzeyi","name_az":"Heydər Əliyev Muzeyi","thesis_group":"HISTORICAL_CULTURAL","thesis_subtype":"museum","icon_id":"cultural_museum","name_quality":"NAMED","rayon":"Ağstafa rayonu","rayon_id":"AZE_ADM2_54616110B36354954300290","verification_status":"PROVISIONAL","source_role":"MASTER_GIS","display_rank":1111,"lon":45.434572,"lat":41.110513},"geometry":{"type":"Point","coordinates":[45.434571500000004,41.1105126]}},{"type":"Feature","properties":{"poi_id":"OSM_cultural_12644171500","label":"Heydər Əliyev Muzeyi","name_az":"Heydər Əliyev Muzeyi","thesis_group":"HISTORICAL_CULTURAL","thesis_subtype":"museum","icon_id":"cultural_museum","name_quality":"NAMED","rayon":"Göygöl rayonu","rayon_id":"AZE_ADM2_54616110B13615645655589","verification_status":"PROVISIONAL","source_role":"MASTER_GIS","display_rank":1238,"lon":46.328689,"lat":40.58127},"geometry":{"type":"Point","coordinates":[46.3286887,40.5812704]}},{"type":"Feature","properties":{"poi_id":"OSM_cultural_4395498492","label":"Heydər Əliyev Müzeyi","name_az":"Heydər Əliyev Müzeyi","thesis_group":"HISTORICAL_CULTURAL","thesis_subtype":"museum","icon_id":"cultural_museum","name_quality":"NAMED","rayon":"Daşkəsən rayonu","rayon_id":"AZE_ADM2_54616110B88384638285498","verification_status":"PROVISIONAL","source_role":"MASTER_GIS","display_rank":199,"lon":46.08025,"lat":40.524343},"geometry":{"type":"Point","coordinates":[46.080249900000005,40.524342700000005]}},{"type":"Feature","properties":{"poi_id":"OSM_cultural_3409542404","label":"Heydər Əliyev Məktəb Muzeyi","name_az":"Heydər Əliyev Məktəb Muzeyi","thesis_group":"HISTORICAL_CULTURAL","thesis_subtype":"museum","icon_id":"cultural_museum","name_quality":"NAMED","rayon":"Bakı şəhəri","rayon_id":"AZE_ADM2_54616110B61947743987915","verification_status":"PROVISIONAL","source_role":"MASTER_GIS","display_rank":117,"lon":49.808581,"lat":40.37869},"geometry":{"type":"Point","coordinates":[49.808581200000006,40.3786903]}},{"type":"Feature","properties":{"poi_id":"OSM_cultural_4426775299","label":"Heydər Əliyev Mərkəzi","name_az":"Heydər Əliyev Mərkəzi","thesis_group":"HISTORICAL_CULTURAL","thesis_subtype":"museum","icon_id":"cultural_museum","name_quality":"NAMED","rayon":"Sumqayıt şəhəri","rayon_id":"AZE_ADM2_54616110B75219613739908","verification_status":"PROVISIONAL","source_role":"MASTER_GIS","display_rank":202,"lon":49.687462,"lat":40.576372},"geometry":{"type":"Point","coordinates":[49.6874623,40.5763722]}},{"type":"Feature","properties":{"poi_id":"OSM_cultural_4819936622","label":"Heydər Əliyev Mərkəzi","name_az":"Heydər Əliyev Mərkəzi","thesis_group":"HISTORICAL_CULTURAL","thesis_subtype":"museum","icon_id":"cultural_museum","name_quality":"NAMED","rayon":"Şirvan şəhəri","rayon_id":"AZE_ADM2_54616110B45272408011177","verification_status":"PROVISIONAL","source_role":"MASTER_GIS","display_rank":232,"lon":48.945133,"lat":39.954328},"geometry":{"type":"Point","coordinates":[48.9451326,39.9543284]}},{"type":"Feature","properties":{"poi_id":"OSM_cultural_6597547086","label":"Heydər Əliyev Mərkəzi","name_az":"Heydər Əliyev Mərkəzi","thesis_group":"HISTORICAL_CULTURAL","thesis_subtype":"museum","icon_id":"cultural_museum","name_quality":"NAMED","rayon":"Göygöl rayonu","rayon_id":"AZE_ADM2_54616110B13615645655589","verification_status":"PROVISIONAL","source_role":"MASTER_GIS","display_rank":345,"lon":46.315456,"lat":40.591756},"geometry":{"type":"Point","coordinates":[46.3154559,40.591756000000004]}},{"type":"Feature","properties":{"poi_id":"OSM_cultural_8048321318","label":"Heydər Əliyev Mərkəzi","name_az":"Heydər Əliyev Mərkəzi","thesis_group":"HISTORICAL_CULTURAL","thesis_subtype":"museum","icon_id":"cultural_museum","name_quality":"NAMED","rayon":"Qax rayonu","rayon_id":"AZE_ADM2_54616110B49356278605879","verification_status":"PROVISIONAL","source_role":"MASTER_GIS","display_rank":639,"lon":46.929211,"lat":41.419747},"geometry":{"type":"Point","coordinates":[46.929211,41.419746800000006]}},{"type":"Feature","properties":{"poi_id":"OSM_cultural_8765779167","label":"Heydər Əliyev Mərkəzi","name_az":"Heydər Əliyev Mərkəzi","thesis_group":"HISTORICAL_CULTURAL","thesis_subtype":"museum","icon_id":"cultural_museum","name_quality":"NAMED","rayon":"Ağsu rayonu","rayon_id":"AZE_ADM2_54616110B12323901372431","verification_status":"PROVISIONAL","source_role":"MASTER_GIS","display_rank":756,"lon":48.399752,"lat":40.568346},"geometry":{"type":"Point","coordinates":[48.3997522,40.5683456]}},{"type":"Feature","properties":{"poi_id":"OSM_cultural_9162723384","label":"Heydər Əliyev Mərkəzi","name_az":"Heydər Əliyev Mərkəzi","thesis_group":"HISTORICAL_CULTURAL","thesis_subtype":"museum","icon_id":"cultural_museum","name_quality":"NAMED","rayon":"Ucar rayonu","rayon_id":"AZE_ADM2_54616110B8701125158325","verification_status":"PROVISIONAL","source_role":"MASTER_GIS","display_rank":772,"lon":47.647896,"lat":40.526537},"geometry":{"type":"Point","coordinates":[47.647895500000004,40.526536500000006]}},{"type":"Feature","properties":{"poi_id":"OSM_cultural_9450911206","label":"Heydər Əliyev Mərkəzi","name_az":"Heydər Əliyev Mərkəzi","thesis_group":"HISTORICAL_CULTURAL","thesis_subtype":"museum","icon_id":"cultural_museum","name_quality":"NAMED","rayon":"Mingəçevir şəhəri","rayon_id":"AZE_ADM2_54616110B16521863868797","verification_status":"PROVISIONAL","source_role":"MASTER_GIS","display_rank":798,"lon":47.052029,"lat":40.765394},"geometry":{"type":"Point","coordinates":[47.0520294,40.765394400000005]}},{"type":"Feature","properties":{"poi_id":"OSM_cultural_11086803141","label":"Heydər Əliyev Mərkəzi","name_az":"Heydər Əliyev Mərkəzi","thesis_group":"HISTORICAL_CULTURAL","thesis_subtype":"museum","icon_id":"cultural_museum","name_quality":"NAMED","rayon":"Quba rayonu","rayon_id":"AZE_ADM2_54616110B77048085748362","verification_status":"PROVISIONAL","source_role":"MASTER_GIS","display_rank":985,"lon":48.553557,"lat":41.36536},"geometry":{"type":"Point","coordinates":[48.5535568,41.365359500000004]}},{"type":"Feature","properties":{"poi_id":"OSM_cultural_11234455829","label":"Heydər Əliyev Mərkəzi","name_az":"Heydər Əliyev Mərkəzi","thesis_group":"HISTORICAL_CULTURAL","thesis_subtype":"museum","icon_id":"cultural_museum","name_quality":"NAMED","rayon":"Goranboy rayonu","rayon_id":"AZE_ADM2_54616110B75141866412524","verification_status":"PROVISIONAL","source_role":"MASTER_GIS","display_rank":1019,"lon":46.78836,"lat":40.609125},"geometry":{"type":"Point","coordinates":[46.7883602,40.6091246]}},{"type":"Feature","properties":{"poi_id":"OSM_cultural_11251839988","label":"Heydər Əliyev Mərkəzi","name_az":"Heydər Əliyev Mərkəzi","thesis_group":"HISTORICAL_CULTURAL","thesis_subtype":"museum","icon_id":"cultural_museum","name_quality":"NAMED","rayon":"Siyəzən rayonu","rayon_id":"AZE_ADM2_54616110B9592293002412","verification_status":"PROVISIONAL","source_role":"MASTER_GIS","display_rank":1022,"lon":49.112416,"lat":41.074806},"geometry":{"type":"Point","coordinates":[49.1124165,41.0748059]}},{"type":"Feature","properties":{"poi_id":"OSM_cultural_11492076466","label":"Heydər Əliyev Mərkəzi","name_az":"Heydər Əliyev Mərkəzi","thesis_group":"HISTORICAL_CULTURAL","thesis_subtype":"museum","icon_id":"cultural_museum","name_quality":"NAMED","rayon":"Şəmkir rayonu","rayon_id":"AZE_ADM2_54616110B57585842497805","verification_status":"PROVISIONAL","source_role":"MASTER_GIS","display_rank":1059,"lon":46.029442,"lat":40.845267},"geometry":{"type":"Point","coordinates":[46.0294425,40.8452667]}},{"type":"Feature","properties":{"poi_id":"OSM_cultural_12331308956","label":"Heydər Əliyev Mərkəzi","name_az":"Heydər Əliyev Mərkəzi","thesis_group":"HISTORICAL_CULTURAL","thesis_subtype":"museum","icon_id":"cultural_museum","name_quality":"NAMED","rayon":"Gədəbəy rayonu","rayon_id":"AZE_ADM2_54616110B46799199998097","verification_status":"PROVISIONAL","source_role":"MASTER_GIS","display_rank":1169,"lon":45.807698,"lat":40.580139},"geometry":{"type":"Point","coordinates":[45.807697600000004,40.580138500000004]}},{"type":"Feature","properties":{"poi_id":"OSM_cultural_12812432201","label":"Heydər Əliyev Mərkəzi","name_az":"Heydər Əliyev Mərkəzi","thesis_group":"HISTORICAL_CULTURAL","thesis_subtype":"museum","icon_id":"cultural_museum","name_quality":"NAMED","rayon":"Goranboy rayonu","rayon_id":"AZE_ADM2_54616110B75141866412524","verification_status":"PROVISIONAL","source_role":"MASTER_GIS","display_rank":1259,"lon":46.823807,"lat":40.503352},"geometry":{"type":"Point","coordinates":[46.8238069,40.503351800000004]}},{"type":"Feature","properties":{"poi_id":"OSM_cultural_9566890614","label":"Heydər Əliyev Mərkəzi Samux","name_az":"Heydər Əliyev Mərkəzi Samux","thesis_group":"HISTORICAL_CULTURAL","thesis_subtype":"museum","icon_id":"cultural_museum","name_quality":"NAMED","rayon":"Samux rayonu","rayon_id":"AZE_ADM2_54616110B65018719015844","verification_status":"PROVISIONAL","source_role":"MASTER_GIS","display_rank":806,"lon":46.398265,"lat":40.753962},"geometry":{"type":"Point","coordinates":[46.3982651,40.753962300000005]}},{"type":"Feature","properties":{"poi_id":"OSM_cultural_10040387960","label":"Heydər Əliyev abidə","name_az":"Heydər Əliyev abidə","thesis_group":"HISTORICAL_CULTURAL","thesis_subtype":"monument","icon_id":"cultural_monument","name_quality":"NAMED","rayon":"Bakı şəhəri","rayon_id":"AZE_ADM2_54616110B61947743987915","verification_status":"PROVISIONAL","source_role":"MASTER_GIS","display_rank":865,"lon":49.996584,"lat":40.424245},"geometry":{"type":"Point","coordinates":[49.996583900000005,40.4242453]}},{"type":"Feature","properties":{"poi_id":"OSM_cultural_3298027363","label":"Heydər Əliyev abidəsi","name_az":"Heydər Əliyev abidəsi","thesis_group":"HISTORICAL_CULTURAL","thesis_subtype":"memorial","icon_id":"cultural_historic","name_quality":"NAMED","rayon":"Babək rayonu","rayon_id":"AZE_ADM2_54616110B53070579367508","verification_status":"PROVISIONAL","source_role":"MASTER_GIS","display_rank":97,"lon":45.441345,"lat":39.157311},"geometry":{"type":"Point","coordinates":[45.441345000000005,39.157310900000006]}},{"type":"Feature","properties":{"poi_id":"OSM_cultural_3640300350","label":"Heydər Əliyev abidəsi","name_az":"Heydər Əliyev abidəsi","thesis_group":"HISTORICAL_CULTURAL","thesis_subtype":"memorial","icon_id":"cultural_historic","name_quality":"NAMED","rayon":"Bakı şəhəri","rayon_id":"AZE_ADM2_54616110B61947743987915","verification_status":"PROVISIONAL","source_role":"MASTER_GIS","display_rank":156,"lon":49.615525,"lat":40.443059},"geometry":{"type":"Point","coordinates":[49.61552450000001,40.4430594]}},{"type":"Feature","properties":{"poi_id":"OSM_cultural_3659111164","label":"Heydər Əliyev abidəsi","name_az":"Heydər Əliyev abidəsi","thesis_group":"HISTORICAL_CULTURAL","thesis_subtype":"memorial","icon_id":"cultural_historic","name_quality":"NAMED","rayon":"Bakı şəhəri","rayon_id":"AZE_ADM2_54616110B61947743987915","verification_status":"PROVISIONAL","source_role":"MASTER_GIS","display_rank":163,"lon":49.72771,"lat":40.323897},"geometry":{"type":"Point","coordinates":[49.7277105,40.323896600000005]}},{"type":"Feature","properties":{"poi_id":"OSM_cultural_5214761623","label":"Heydər Əliyev abidəsi","name_az":"Heydər Əliyev abidəsi","thesis_group":"HISTORICAL_CULTURAL","thesis_subtype":"memorial","icon_id":"cultural_historic","name_quality":"NAMED","rayon":"Balakən rayonu","rayon_id":"AZE_ADM2_54616110B63924922129682","verification_status":"PROVISIONAL","source_role":"MASTER_GIS","display_rank":257,"lon":46.270763,"lat":41.710091},"geometry":{"type":"Point","coordinates":[46.270763,41.7100913]}},{"type":"Feature","properties":{"poi_id":"OSM_cultural_7787827631","label":"Heydər Əliyev abidəsi","name_az":"Heydər Əliyev abidəsi","thesis_group":"HISTORICAL_CULTURAL","thesis_subtype":"memorial","icon_id":"cultural_historic","name_quality":"NAMED","rayon":"Şamaxı rayonu","rayon_id":"AZE_ADM2_54616110B16651088424667","verification_status":"PROVISIONAL","source_role":"MASTER_GIS","display_rank":546,"lon":48.636459,"lat":40.634324},"geometry":{"type":"Point","coordinates":[48.636458600000005,40.6343236]}},{"type":"Feature","properties":{"poi_id":"OSM_cultural_7985800237","label":"Heydər Əliyev abidəsi","name_az":"Heydər Əliyev abidəsi","thesis_group":"HISTORICAL_CULTURAL","thesis_subtype":"memorial","icon_id":"cultural_historic","name_quality":"NAMED","rayon":"Şəki şəhəri","rayon_id":"AZE_ADM2_54616110B24616396985677","verification_status":"PROVISIONAL","source_role":"MASTER_GIS","display_rank":627,"lon":47.181595,"lat":41.203748},"geometry":{"type":"Point","coordinates":[47.181594800000006,41.2037478]}},{"type":"Feature","properties":{"poi_id":"OSM_cultural_11200740827","label":"Heydər Əliyev abidəsi","name_az":"Heydər Əliyev abidəsi","thesis_group":"HISTORICAL_CULTURAL","thesis_subtype":"monument","icon_id":"cultural_monument","name_quality":"NAMED","rayon":"Bakı şəhəri","rayon_id":"AZE_ADM2_54616110B61947743987915","verification_status":"PROVISIONAL","source_role":"MASTER_GIS","display_rank":1012,"lon":49.729548,"lat":40.280402},"geometry":{"type":"Point","coordinates":[49.7295485,40.2804025]}},{"type":"Feature","properties":{"poi_id":"OSM_cultural_12644171448","label":"Heydər Əliyev abidəsi","name_az":"Heydər Əliyev abidəsi","thesis_group":"HISTORICAL_CULTURAL","thesis_subtype":"monument","icon_id":"cultural_monument","name_quality":"NAMED","rayon":"Göygöl rayonu","rayon_id":"AZE_ADM2_54616110B13615645655589","verification_status":"PROVISIONAL","source_role":"MASTER_GIS","display_rank":1237,"lon":46.317888,"lat":40.587886},"geometry":{"type":"Point","coordinates":[46.317887500000005,40.587886100000006]}},{"type":"Feature","properties":{"poi_id":"OSM_cultural_12962088116","label":"Heydər Əliyev abidəsi","name_az":"Heydər Əliyev abidəsi","thesis_group":"HISTORICAL_CULTURAL","thesis_subtype":"monument","icon_id":"cultural_monument","name_quality":"NAMED","rayon":"Şirvan şəhəri","rayon_id":"AZE_ADM2_54616110B45272408011177","verification_status":"PROVISIONAL","source_role":"MASTER_GIS","display_rank":1275,"lon":48.945676,"lat":39.954885},"geometry":{"type":"Point","coordinates":[48.9456756,39.954884500000006]}},{"type":"Feature","properties":{"poi_id":"OSM_cultural_13456549309","label":"Heydər Əliyev abidəsi","name_az":"Heydər Əliyev abidəsi","thesis_group":"HISTORICAL_CULTURAL","thesis_subtype":"monument","icon_id":"cultural_monument","name_quality":"NAMED","rayon":"Salyan rayonu","rayon_id":"AZE_ADM2_54616110B55207089168458","verification_status":"PROVISIONAL","source_role":"MASTER_GIS","display_rank":1309,"lon":48.982832,"lat":39.599026},"geometry":{"type":"Point","coordinates":[48.982832300000005,39.5990265]}},{"type":"Feature","properties":{"poi_id":"OSM_cultural_12346187735","label":"Heydər Əliyev büstü","name_az":"Heydər Əliyev büstü","thesis_group":"HISTORICAL_CULTURAL","thesis_subtype":"memorial","icon_id":"cultural_historic","name_quality":"NAMED","rayon":"Qax rayonu","rayon_id":"AZE_ADM2_54616110B49356278605879","verification_status":"PROVISIONAL","source_role":"MASTER_GIS","display_rank":1175,"lon":46.926585,"lat":41.421833},"geometry":{"type":"Point","coordinates":[46.926585100000004,41.4218326]}},{"type":"Feature","properties":{"poi_id":"OSM_cultural_2912534778","label":"Heydər Əliyev heykəli","name_az":"Heydər Əliyev heykəli","thesis_group":"HISTORICAL_CULTURAL","thesis_subtype":"memorial","icon_id":"cultural_historic","name_quality":"NAMED","rayon":"Bakı şəhəri","rayon_id":"AZE_ADM2_54616110B61947743987915","verification_status":"PROVISIONAL","source_role":"MASTER_GIS","display_rank":59,"lon":50.282662,"lat":40.367052},"geometry":{"type":"Point","coordinates":[50.2826615,40.3670515]}},{"type":"Feature","properties":{"poi_id":"OSM_cultural_2941473429","label":"Heydər Əliyev heykəli","name_az":"Heydər Əliyev heykəli","thesis_group":"HISTORICAL_CULTURAL","thesis_subtype":"monument","icon_id":"cultural_monument","name_quality":"NAMED","rayon":"Balakən rayonu","rayon_id":"AZE_ADM2_54616110B63924922129682","verification_status":"PROVISIONAL","source_role":"MASTER_GIS","display_rank":62,"lon":46.424183,"lat":41.724355},"geometry":{"type":"Point","coordinates":[46.424182900000005,41.7243547]}},{"type":"Feature","properties":{"poi_id":"OSM_cultural_2974404247","label":"Heydər Əliyev heykəli","name_az":"Heydər Əliyev heykəli","thesis_group":"HISTORICAL_CULTURAL","thesis_subtype":"memorial","icon_id":"cultural_historic","name_quality":"NAMED","rayon":"Cəlilabad rayonu","rayon_id":"AZE_ADM2_54616110B78302808254353","verification_status":"PROVISIONAL","source_role":"MASTER_GIS","display_rank":68,"lon":48.505808,"lat":39.210627},"geometry":{"type":"Point","coordinates":[48.5058078,39.210626600000005]}},{"type":"Feature","properties":{"poi_id":"OSM_cultural_3231671857","label":"Heydər Əliyev heykəli","name_az":"Heydər Əliyev heykəli","thesis_group":"HISTORICAL_CULTURAL","thesis_subtype":"memorial","icon_id":"cultural_historic","name_quality":"NAMED","rayon":"Bakı şəhəri","rayon_id":"AZE_ADM2_54616110B61947743987915","verification_status":"PROVISIONAL","source_role":"MASTER_GIS","display_rank":90,"lon":50.162145,"lat":40.484058},"geometry":{"type":"Point","coordinates":[50.162145200000005,40.484058100000006]}},{"type":"Feature","properties":{"poi_id":"OSM_cultural_3476109649","label":"Heydər Əliyev heykəli","name_az":"Heydər Əliyev heykəli","thesis_group":"HISTORICAL_CULTURAL","thesis_subtype":"memorial","icon_id":"cultural_historic","name_quality":"NAMED","rayon":"Daşkəsən rayonu","rayon_id":"AZE_ADM2_54616110B88384638285498","verification_status":"PROVISIONAL","source_role":"MASTER_GIS","display_rank":132,"lon":46.080271,"lat":40.52488},"geometry":{"type":"Point","coordinates":[46.080271100000004,40.5248799]}},{"type":"Feature","properties":{"poi_id":"OSM_cultural_4109036190","label":"Heydər Əliyev heykəli","name_az":"Heydər Əliyev heykəli","thesis_group":"HISTORICAL_CULTURAL","thesis_subtype":"memorial","icon_id":"cultural_historic","name_quality":"NAMED","rayon":"Yevlax şəhəri","rayon_id":"AZE_ADM2_54616110B78344971255813","verification_status":"PROVISIONAL","source_role":"MASTER_GIS","display_rank":184,"lon":47.146844,"lat":40.61187},"geometry":{"type":"Point","coordinates":[47.146844300000005,40.6118697]}},{"type":"Feature","properties":{"poi_id":"OSM_cultural_4686512990","label":"Heydər Əliyev heykəli","name_az":"Heydər Əliyev heykəli","thesis_group":"HISTORICAL_CULTURAL","thesis_subtype":"memorial","icon_id":"cultural_historic","name_quality":"NAMED","rayon":"Sumqayıt şəhəri","rayon_id":"AZE_ADM2_54616110B75219613739908","verification_status":"PROVISIONAL","source_role":"MASTER_GIS","display_rank":226,"lon":49.686843,"lat":40.576722},"geometry":{"type":"Point","coordinates":[49.6868427,40.5767224]}},{"type":"Feature","properties":{"poi_id":"OSM_cultural_7598446811","label":"Heydər Əliyev heykəli","name_az":"Heydər Əliyev heykəli","thesis_group":"HISTORICAL_CULTURAL","thesis_subtype":"memorial","icon_id":"cultural_historic","name_quality":"NAMED","rayon":"Şabran rayonu","rayon_id":"AZE_ADM2_54616110B33183266084070","verification_status":"PROVISIONAL","source_role":"MASTER_GIS","display_rank":369,"lon":48.983815,"lat":41.199211},"geometry":{"type":"Point","coordinates":[48.9838153,41.1992111]}},{"type":"Feature","properties":{"poi_id":"OSM_cultural_7801123970","label":"Heydər Əliyev heykəli","name_az":"Heydər Əliyev heykəli","thesis_group":"HISTORICAL_CULTURAL","thesis_subtype":"memorial","icon_id":"cultural_historic","name_quality":"NAMED","rayon":"İsmayıllı rayonu","rayon_id":"AZE_ADM2_54616110B45290451128830","verification_status":"PROVISIONAL","source_role":"MASTER_GIS","display_rank":551,"lon":48.149609,"lat":40.787472},"geometry":{"type":"Point","coordinates":[48.1496094,40.7874719]}},{"type":"Feature","properties":{"poi_id":"OSM_cultural_7997938199","label":"Heydər Əliyev heykəli","name_az":"Heydər Əliyev heykəli","thesis_group":"HISTORICAL_CULTURAL","thesis_subtype":"memorial","icon_id":"cultural_historic","name_quality":"NAMED","rayon":"Şəki şəhəri","rayon_id":"AZE_ADM2_54616110B24616396985677","verification_status":"PROVISIONAL","source_role":"MASTER_GIS","display_rank":635,"lon":47.159716,"lat":41.210403},"geometry":{"type":"Point","coordinates":[47.159716100000004,41.210402800000004]}},{"type":"Feature","properties":{"poi_id":"OSM_cultural_8130714395","label":"Heydər Əliyev heykəli","name_az":"Heydər Əliyev heykəli","thesis_group":"HISTORICAL_CULTURAL","thesis_subtype":"memorial","icon_id":"cultural_historic","name_quality":"NAMED","rayon":"Zaqatala rayonu","rayon_id":"AZE_ADM2_54616110B4759617374649","verification_status":"PROVISIONAL","source_role":"MASTER_GIS","display_rank":658,"lon":46.655195,"lat":41.639362},"geometry":{"type":"Point","coordinates":[46.6551952,41.6393618]}},{"type":"Feature","properties":{"poi_id":"OSM_cultural_8608153116","label":"Heydər Əliyev heykəli","name_az":"Heydər Əliyev heykəli","thesis_group":"HISTORICAL_CULTURAL","thesis_subtype":"memorial","icon_id":"cultural_historic","name_quality":"NAMED","rayon":"Göyçay rayonu","rayon_id":"AZE_ADM2_54616110B88730523237575","verification_status":"PROVISIONAL","source_role":"MASTER_GIS","display_rank":749,"lon":47.740748,"lat":40.650015},"geometry":{"type":"Point","coordinates":[47.740748200000006,40.6500153]}},{"type":"Feature","properties":{"poi_id":"OSM_cultural_8765779178","label":"Heydər Əliyev heykəli","name_az":"Heydər Əliyev heykəli","thesis_group":"HISTORICAL_CULTURAL","thesis_subtype":"memorial","icon_id":"cultural_historic","name_quality":"NAMED","rayon":"Ağsu rayonu","rayon_id":"AZE_ADM2_54616110B12323901372431","verification_status":"PROVISIONAL","source_role":"MASTER_GIS","display_rank":757,"lon":48.399426,"lat":40.567422},"geometry":{"type":"Point","coordinates":[48.3994263,40.5674216]}},{"type":"Feature","properties":{"poi_id":"OSM_cultural_9080870149","label":"Heydər Əliyev heykəli","name_az":"Heydər Əliyev heykəli","thesis_group":"HISTORICAL_CULTURAL","thesis_subtype":"memorial","icon_id":"cultural_historic","name_quality":"NAMED","rayon":"Hacıqabul rayonu","rayon_id":"AZE_ADM2_54616110B48173541517146","verification_status":"PROVISIONAL","source_role":"MASTER_GIS","display_rank":767,"lon":48.954172,"lat":40.034305},"geometry":{"type":"Point","coordinates":[48.9541722,40.034304600000006]}},{"type":"Feature","properties":{"poi_id":"OSM_cultural_10061973578","label":"Heydər Əliyev heykəli","name_az":"Heydər Əliyev heykəli","thesis_group":"HISTORICAL_CULTURAL","thesis_subtype":"memorial","icon_id":"cultural_historic","name_quality":"NAMED","rayon":"Bakı şəhəri","rayon_id":"AZE_ADM2_54616110B61947743987915","verification_status":"PROVISIONAL","source_role":"MASTER_GIS","display_rank":871,"lon":49.96478,"lat":40.418991},"geometry":{"type":"Point","coordinates":[49.9647796,40.4189908]}},{"type":"Feature","properties":{"poi_id":"OSM_cultural_10966099177","label":"Heydər Əliyev heykəli","name_az":"Heydər Əliyev heykəli","thesis_group":"HISTORICAL_CULTURAL","thesis_subtype":"memorial","icon_id":"cultural_historic","name_quality":"NAMED","rayon":"Abşeron rayonu","rayon_id":"AZE_ADM2_54616110B88432173472444","verification_status":"PROVISIONAL","source_role":"MASTER_GIS","display_rank":970,"lon":49.747098,"lat":40.452918},"geometry":{"type":"Point","coordinates":[49.7470982,40.4529183]}},{"type":"Feature","properties":{"poi_id":"OSM_cultural_11331667555","label":"Heydər Əliyev heykəli","name_az":"Heydər Əliyev heykəli","thesis_group":"HISTORICAL_CULTURAL","thesis_subtype":"monument","icon_id":"cultural_monument","name_quality":"NAMED","rayon":"Bakı şəhəri","rayon_id":"AZE_ADM2_54616110B61947743987915","verification_status":"PROVISIONAL","source_role":"MASTER_GIS","display_rank":1036,"lon":49.409524,"lat":39.949017},"geometry":{"type":"Point","coordinates":[49.409523500000006,39.9490173]}},{"type":"Feature","properties":{"poi_id":"OSM_cultural_12634117947","label":"Heydər Əliyev heykəli","name_az":"Heydər Əliyev heykəli","thesis_group":"HISTORICAL_CULTURAL","thesis_subtype":"monument","icon_id":"cultural_monument","name_quality":"NAMED","rayon":"Göygöl rayonu","rayon_id":"AZE_ADM2_54616110B13615645655589","verification_status":"PROVISIONAL","source_role":"MASTER_GIS","display_rank":1235,"lon":46.315872,"lat":40.591668},"geometry":{"type":"Point","coordinates":[46.3158716,40.5916676]}},{"type":"Feature","properties":{"poi_id":"OSM_cultural_11086803219","label":"Heydər Əliyev heyləli","name_az":"Heydər Əliyev heyləli","thesis_group":"HISTORICAL_CULTURAL","thesis_subtype":"memorial","icon_id":"cultural_historic","name_quality":"NAMED","rayon":"Quba rayonu","rayon_id":"AZE_ADM2_54616110B77048085748362","verification_status":"PROVISIONAL","source_role":"MASTER_GIS","display_rank":986,"lon":48.553649,"lat":41.364695},"geometry":{"type":"Point","coordinates":[48.5536492,41.3646947]}},{"type":"Feature","properties":{"poi_id":"OSM_cultural_2981182927","label":"Heydər Əliyev muzeyi","name_az":"Heydər Əliyev muzeyi","thesis_group":"HISTORICAL_CULTURAL","thesis_subtype":"museum","icon_id":"cultural_museum","name_quality":"NAMED","rayon":"Naxçıvan şəhəri","rayon_id":"AZE_ADM2_54616110B79262118902245","verification_status":"PROVISIONAL","source_role":"MASTER_GIS","display_rank":70,"lon":45.406715,"lat":39.215298},"geometry":{"type":"Point","coordinates":[45.4067147,39.2152984]}},{"type":"Feature","properties":{"poi_id":"OSM_cultural_7787827640","label":"Heydər Əliyev muzeyi","name_az":"Heydər Əliyev muzeyi","thesis_group":"HISTORICAL_CULTURAL","thesis_subtype":"museum","icon_id":"cultural_museum","name_quality":"NAMED","rayon":"Şamaxı rayonu","rayon_id":"AZE_ADM2_54616110B16651088424667","verification_status":"PROVISIONAL","source_role":"MASTER_GIS","display_rank":547,"lon":48.637751,"lat":40.63503},"geometry":{"type":"Point","coordinates":[48.637751400000006,40.635029800000005]}},{"type":"Feature","properties":{"poi_id":"OSM_cultural_7803926546","label":"Heydər Əliyev muzeyi","name_az":"Heydər Əliyev muzeyi","thesis_group":"HISTORICAL_CULTURAL","thesis_subtype":"museum","icon_id":"cultural_museum","name_quality":"NAMED","rayon":"İsmayıllı rayonu","rayon_id":"AZE_ADM2_54616110B45290451128830","verification_status":"PROVISIONAL","source_role":"MASTER_GIS","display_rank":560,"lon":48.149141,"lat":40.788011},"geometry":{"type":"Point","coordinates":[48.149141400000005,40.788011100000006]}},{"type":"Feature","properties":{"poi_id":"OSM_cultural_3614297881","label":"Heydər Əliyevin büstü","name_az":"Heydər Əliyevin büstü","thesis_group":"HISTORICAL_CULTURAL","thesis_subtype":"memorial","icon_id":"cultural_historic","name_quality":"NAMED","rayon":"Ağcabədi rayonu","rayon_id":"AZE_ADM2_54616110B84161876100413","verification_status":"PROVISIONAL","source_role":"MASTER_GIS","display_rank":149,"lon":47.430523,"lat":40.055607},"geometry":{"type":"Point","coordinates":[47.430522800000006,40.0556071]}},{"type":"Feature","properties":{"poi_id":"OSM_cultural_5866357249","label":"Hovsana xoş gəlmisiniz","name_az":"Hovsana xoş gəlmisiniz","thesis_group":"HISTORICAL_CULTURAL","thesis_subtype":"memorial","icon_id":"cultural_historic","name_quality":"NAMED","rayon":"Bakı şəhəri","rayon_id":"AZE_ADM2_54616110B61947743987915","verification_status":"PROVISIONAL","source_role":"MASTER_GIS","display_rank":296,"lon":50.050494,"lat":40.3593},"geometry":{"type":"Point","coordinates":[50.0504941,40.3592999]}},{"type":"Feature","properties":{"poi_id":"OSM_cultural_11049723453","label":"Hökməli Muzeyi","name_az":"Hökməli Muzeyi","thesis_group":"HISTORICAL_CULTURAL","thesis_subtype":"museum","icon_id":"cultural_museum","name_quality":"NAMED","rayon":"Bakı şəhəri","rayon_id":"AZE_ADM2_54616110B61947743987915","verification_status":"PROVISIONAL","source_role":"MASTER_GIS","display_rank":977,"lon":49.741,"lat":40.43051},"geometry":{"type":"Point","coordinates":[49.7410002,40.4305095]}},{"type":"Feature","properties":{"poi_id":"OSM_cultural_5995668088","label":"Hündür Kümbəzli Hamam","name_az":"Hündür Kümbəzli Hamam","thesis_group":"HISTORICAL_CULTURAL","thesis_subtype":"attraction","icon_id":"cultural_historic","name_quality":"NAMED","rayon":"Quba rayonu","rayon_id":"AZE_ADM2_54616110B77048085748362","verification_status":"PROVISIONAL","source_role":"MASTER_GIS","display_rank":317,"lon":48.507465,"lat":41.362367},"geometry":{"type":"Point","coordinates":[48.5074648,41.362366900000005]}},{"type":"Feature","properties":{"poi_id":"OSM_cultural_5875321552","label":"Hüseyn Arifin Ev Müzeyi \\\\ Ağstafa","name_az":"Hüseyn Arifin Ev Müzeyi \\\\ Ağstafa","thesis_group":"HISTORICAL_CULTURAL","thesis_subtype":"museum","icon_id":"cultural_museum","name_quality":"NAMED","rayon":"Ağstafa rayonu","rayon_id":"AZE_ADM2_54616110B36354954300290","verification_status":"PROVISIONAL","source_role":"MASTER_GIS","display_rank":299,"lon":45.444903,"lat":41.108818},"geometry":{"type":"Point","coordinates":[45.444902500000005,41.1088182]}},{"type":"Feature","properties":{"poi_id":"OSM_cultural_2293989429","label":"Hüseyn Cavid","name_az":"Hüseyn Cavid","thesis_group":"HISTORICAL_CULTURAL","thesis_subtype":"memorial","icon_id":"cultural_historic","name_quality":"NAMED","rayon":"Bakı şəhəri","rayon_id":"AZE_ADM2_54616110B61947743987915","verification_status":"PROVISIONAL","source_role":"MASTER_GIS","display_rank":46,"lon":49.816911,"lat":40.37345},"geometry":{"type":"Point","coordinates":[49.8169106,40.373449900000004]}},{"type":"Feature","properties":{"poi_id":"OSM_cultural_6525173288","label":"Hüseyniyyə məscidi","name_az":"Hüseyniyyə məscidi","thesis_group":"HISTORICAL_CULTURAL","thesis_subtype":"place_of_worship","icon_id":"cultural_historic","name_quality":"NAMED","rayon":"Gəncə şəhəri","rayon_id":"AZE_ADM2_54616110B84154267491992","verification_status":"PROVISIONAL","source_role":"MASTER_GIS","display_rank":343,"lon":46.356739,"lat":40.681183},"geometry":{"type":"Point","coordinates":[46.356739100000006,40.6811834]}},{"type":"Feature","properties":{"poi_id":"OSM_cultural_11139663595","label":"Hüsniyyə Məscidi","name_az":"Hüsniyyə Məscidi","thesis_group":"HISTORICAL_CULTURAL","thesis_subtype":"place_of_worship","icon_id":"cultural_historic","name_quality":"NAMED","rayon":"Sumqayıt şəhəri","rayon_id":"AZE_ADM2_54616110B75219613739908","verification_status":"PROVISIONAL","source_role":"MASTER_GIS","display_rank":1000,"lon":49.660003,"lat":40.540643},"geometry":{"type":"Point","coordinates":[49.6600029,40.540643200000005]}},{"type":"Feature","properties":{"poi_id":"OSM_cultural_7881820788","label":"Həmrəylik Məscidi","name_az":"Həmrəylik Məscidi","thesis_group":"HISTORICAL_CULTURAL","thesis_subtype":"place_of_worship","icon_id":"cultural_historic","name_quality":"NAMED","rayon":"Qəbələ rayonu","rayon_id":"AZE_ADM2_54616110B33746839775993","verification_status":"PROVISIONAL","source_role":"MASTER_GIS","display_rank":610,"lon":47.732227,"lat":40.884673},"geometry":{"type":"Point","coordinates":[47.73222680000001,40.884673]}},{"type":"Feature","properties":{"poi_id":"OSM_cultural_14067098872","label":"Həmzə Babaşovun heykəli","name_az":"Həmzə Babaşovun heykəli","thesis_group":"HISTORICAL_CULTURAL","thesis_subtype":"monument","icon_id":"cultural_monument","name_quality":"NAMED","rayon":"Bakı şəhəri","rayon_id":"AZE_ADM2_54616110B61947743987915","verification_status":"PROVISIONAL","source_role":"MASTER_GIS","display_rank":1383,"lon":49.82159,"lat":40.427083},"geometry":{"type":"Point","coordinates":[49.821589900000006,40.4270833]}},{"type":"Feature","properties":{"poi_id":"OSM_cultural_10876462609","label":"Həmzə Məscidi","name_az":"Həmzə Məscidi","thesis_group":"HISTORICAL_CULTURAL","thesis_subtype":"place_of_worship","icon_id":"cultural_historic","name_quality":"NAMED","rayon":"Abşeron rayonu","rayon_id":"AZE_ADM2_54616110B88432173472444","verification_status":"PROVISIONAL","source_role":"MASTER_GIS","display_rank":962,"lon":49.784165,"lat":40.534373},"geometry":{"type":"Point","coordinates":[49.784165,40.534373]}},{"type":"Feature","properties":{"poi_id":"OSM_cultural_5834968820","label":"Həmşi Vəng Alban Kilsəsi","name_az":"Həmşi Vəng Alban Kilsəsi","thesis_group":"HISTORICAL_CULTURAL","thesis_subtype":"attraction","icon_id":"cultural_historic","name_quality":"NAMED","rayon":"Gədəbəy rayonu","rayon_id":"AZE_ADM2_54616110B46799199998097","verification_status":"PROVISIONAL","source_role":"MASTER_GIS","display_rank":283,"lon":45.652264,"lat":40.584105},"geometry":{"type":"Point","coordinates":[45.6522645,40.584104700000005]}},{"type":"Feature","properties":{"poi_id":"OSM_cultural_3476099381","label":"Hərbi Təyyarə Abidəsi","name_az":"Hərbi Təyyarə Abidəsi","thesis_group":"HISTORICAL_CULTURAL","thesis_subtype":"attraction","icon_id":"cultural_historic","name_quality":"NAMED","rayon":"Daşkəsən rayonu","rayon_id":"AZE_ADM2_54616110B88384638285498","verification_status":"PROVISIONAL","source_role":"MASTER_GIS","display_rank":131,"lon":46.085933,"lat":40.517724},"geometry":{"type":"Point","coordinates":[46.085932500000006,40.517724]}},{"type":"Feature","properties":{"poi_id":"OSM_cultural_3506579261","label":"Hərbi təyyarə SU-15","name_az":"Hərbi təyyarə SU-15","thesis_group":"HISTORICAL_CULTURAL","thesis_subtype":"memorial","icon_id":"cultural_historic","name_quality":"NAMED","rayon":"Şamaxı rayonu","rayon_id":"AZE_ADM2_54616110B16651088424667","verification_status":"PROVISIONAL","source_role":"MASTER_GIS","display_rank":134,"lon":48.658342,"lat":40.62186},"geometry":{"type":"Point","coordinates":[48.658342100000006,40.6218601]}},{"type":"Feature","properties":{"poi_id":"OSM_cultural_7881944313","label":"Həvvaxanım Məscidi \\ Dəymədərə","name_az":"Həvvaxanım Məscidi \\ Dəymədərə","thesis_group":"HISTORICAL_CULTURAL","thesis_subtype":"place_of_worship","icon_id":"cultural_historic","name_quality":"NAMED","rayon":"Oğuz rayonu","rayon_id":"AZE_ADM2_54616110B99657283459996","verification_status":"PROVISIONAL","source_role":"MASTER_GIS","display_rank":611,"lon":47.552634,"lat":40.949364},"geometry":{"type":"Point","coordinates":[47.5526342,40.949363500000004]}},{"type":"Feature","properties":{"poi_id":"OSM_cultural_4564069590","label":"Həyat Sözü Bakı","name_az":"Həyat Sözü Bakı","thesis_group":"HISTORICAL_CULTURAL","thesis_subtype":"place_of_worship","icon_id":"cultural_historic","name_quality":"NAMED","rayon":"Bakı şəhəri","rayon_id":"AZE_ADM2_54616110B61947743987915","verification_status":"PROVISIONAL","source_role":"MASTER_GIS","display_rank":217,"lon":49.966144,"lat":40.392197},"geometry":{"type":"Point","coordinates":[49.966143900000006,40.392196600000005]}},{"type":"Feature","properties":{"poi_id":"OSM_cultural_3553883397","label":"Həzi Aslanov","name_az":"Həzi Aslanov","thesis_group":"HISTORICAL_CULTURAL","thesis_subtype":"memorial","icon_id":"cultural_historic","name_quality":"NAMED","rayon":"Bakı şəhəri","rayon_id":"AZE_ADM2_54616110B61947743987915","verification_status":"PROVISIONAL","source_role":"MASTER_GIS","display_rank":141,"lon":49.92944,"lat":40.375049},"geometry":{"type":"Point","coordinates":[49.9294401,40.3750486]}},{"type":"Feature","properties":{"poi_id":"OSM_cultural_12965497946","label":"Həzi Aslanov Qəbirüstü Abidəsi","name_az":"Həzi Aslanov Qəbirüstü Abidəsi","thesis_group":"HISTORICAL_CULTURAL","thesis_subtype":"memorial","icon_id":"cultural_historic","name_quality":"NAMED","rayon":"Bakı şəhəri","rayon_id":"AZE_ADM2_54616110B61947743987915","verification_status":"PROVISIONAL","source_role":"MASTER_GIS","display_rank":1278,"lon":49.828126,"lat":40.358282},"geometry":{"type":"Point","coordinates":[49.828126100000006,40.3582823]}},{"type":"Feature","properties":{"poi_id":"OSM_cultural_1809771164","label":"Həzi Aslanov heykəli","name_az":"Həzi Aslanov heykəli","thesis_group":"HISTORICAL_CULTURAL","thesis_subtype":"memorial","icon_id":"cultural_historic","name_quality":"NAMED","rayon":"Bakı şəhəri","rayon_id":"AZE_ADM2_54616110B61947743987915","verification_status":"PROVISIONAL","source_role":"MASTER_GIS","display_rank":15,"lon":49.824424,"lat":40.361397},"geometry":{"type":"Point","coordinates":[49.824424400000005,40.3613967]}},{"type":"Feature","properties":{"poi_id":"OSM_cultural_4025837974","label":"Həzi Aslanov heykəli","name_az":"Həzi Aslanov heykəli","thesis_group":"HISTORICAL_CULTURAL","thesis_subtype":"memorial","icon_id":"cultural_historic","name_quality":"NAMED","rayon":"Lənkəran şəhəri","rayon_id":"AZE_ADM2_54616110B92317303093203","verification_status":"PROVISIONAL","source_role":"MASTER_GIS","display_rank":182,"lon":48.855666,"lat":38.758899},"geometry":{"type":"Point","coordinates":[48.855666400000004,38.758899]}},{"type":"Feature","properties":{"poi_id":"OSM_cultural_7816091180","label":"Həzrə Məscidi","name_az":"Həzrə Məscidi","thesis_group":"HISTORICAL_CULTURAL","thesis_subtype":"place_of_worship","icon_id":"cultural_historic","name_quality":"NAMED","rayon":"Qəbələ rayonu","rayon_id":"AZE_ADM2_54616110B33746839775993","verification_status":"PROVISIONAL","source_role":"MASTER_GIS","display_rank":573,"lon":47.964207,"lat":40.910708},"geometry":{"type":"Point","coordinates":[47.9642071,40.9107083]}},{"type":"Feature","properties":{"poi_id":"OSM_cultural_10575246866","label":"Həzrət Hüseyn Məscidi","name_az":"Həzrət Hüseyn Məscidi","thesis_group":"HISTORICAL_CULTURAL","thesis_subtype":"place_of_worship","icon_id":"cultural_historic","name_quality":"NAMED","rayon":"Bakı şəhəri","rayon_id":"AZE_ADM2_54616110B61947743987915","verification_status":"PROVISIONAL","source_role":"MASTER_GIS","display_rank":911,"lon":50.007588,"lat":40.560793},"geometry":{"type":"Point","coordinates":[50.0075877,40.5607932]}},{"type":"Feature","properties":{"poi_id":"OSM_cultural_14127208963","label":"Həzrət Əbülfəz Məscidi","name_az":"Həzrət Əbülfəz Məscidi","thesis_group":"HISTORICAL_CULTURAL","thesis_subtype":"place_of_worship","icon_id":"cultural_historic","name_quality":"NAMED","rayon":"Neftçala rayonu","rayon_id":"AZE_ADM2_54616110B40961788089107","verification_status":"PROVISIONAL","source_role":"MASTER_GIS","display_rank":1386,"lon":48.918094,"lat":39.255427},"geometry":{"type":"Point","coordinates":[48.9180945,39.255427100000006]}},{"type":"Feature","properties":{"poi_id":"OSM_cultural_4826369721","label":"Həzrət Əli məscidi \\ Qoşabulaq","name_az":"Həzrət Əli məscidi \\ Qoşabulaq","thesis_group":"HISTORICAL_CULTURAL","thesis_subtype":"place_of_worship","icon_id":"cultural_historic","name_quality":"NAMED","rayon":"Gədəbəy rayonu","rayon_id":"AZE_ADM2_54616110B46799199998097","verification_status":"PROVISIONAL","source_role":"MASTER_GIS","display_rank":234,"lon":45.759735,"lat":40.761448},"geometry":{"type":"Point","coordinates":[45.759735000000006,40.7614485]}},{"type":"Feature","properties":{"poi_id":"OSM_cultural_7691533340","label":"Həzrəti Abbas Məscidi","name_az":"Həzrəti Abbas Məscidi","thesis_group":"HISTORICAL_CULTURAL","thesis_subtype":"place_of_worship","icon_id":"cultural_historic","name_quality":"NAMED","rayon":"Xaçmaz rayonu","rayon_id":"AZE_ADM2_54616110B89497242950609","verification_status":"PROVISIONAL","source_role":"MASTER_GIS","display_rank":399,"lon":48.57623,"lat":41.639293},"geometry":{"type":"Point","coordinates":[48.576229500000004,41.639292600000005]}},{"type":"Feature","properties":{"poi_id":"OSM_cultural_7693160123","label":"Həzrəti Abbas Məscidi","name_az":"Həzrəti Abbas Məscidi","thesis_group":"HISTORICAL_CULTURAL","thesis_subtype":"place_of_worship","icon_id":"cultural_historic","name_quality":"NAMED","rayon":"Qusar rayonu","rayon_id":"AZE_ADM2_54616110B21517829058101","verification_status":"PROVISIONAL","source_role":"MASTER_GIS","display_rank":434,"lon":48.34961,"lat":41.433889},"geometry":{"type":"Point","coordinates":[48.3496097,41.4338891]}},{"type":"Feature","properties":{"poi_id":"OSM_cultural_7820693299","label":"Həzrəti Abbas Məscidi","name_az":"Həzrəti Abbas Məscidi","thesis_group":"HISTORICAL_CULTURAL","thesis_subtype":"place_of_worship","icon_id":"cultural_historic","name_quality":"NAMED","rayon":"Qəbələ rayonu","rayon_id":"AZE_ADM2_54616110B33746839775993","verification_status":"PROVISIONAL","source_role":"MASTER_GIS","display_rank":578,"lon":47.898792,"lat":40.940546},"geometry":{"type":"Point","coordinates":[47.898792,40.9405465]}},{"type":"Feature","properties":{"poi_id":"OSM_cultural_7859159786","label":"Həzrəti Fatmaxanım Məscidi","name_az":"Həzrəti Fatmaxanım Məscidi","thesis_group":"HISTORICAL_CULTURAL","thesis_subtype":"place_of_worship","icon_id":"cultural_historic","name_quality":"NAMED","rayon":"Qəbələ rayonu","rayon_id":"AZE_ADM2_54616110B33746839775993","verification_status":"PROVISIONAL","source_role":"MASTER_GIS","display_rank":597,"lon":47.697385,"lat":40.986333},"geometry":{"type":"Point","coordinates":[47.697385000000004,40.9863329]}},{"type":"Feature","properties":{"poi_id":"OSM_cultural_7820693300","label":"Həzrəti Süleyman Məscidi \\ Əzəmli","name_az":"Həzrəti Süleyman Məscidi \\ Əzəmli","thesis_group":"HISTORICAL_CULTURAL","thesis_subtype":"place_of_worship","icon_id":"cultural_historic","name_quality":"NAMED","rayon":"Qəbələ rayonu","rayon_id":"AZE_ADM2_54616110B33746839775993","verification_status":"PROVISIONAL","source_role":"MASTER_GIS","display_rank":579,"lon":47.920617,"lat":40.959954},"geometry":{"type":"Point","coordinates":[47.9206172,40.9599538]}},{"type":"Feature","properties":{"poi_id":"OSM_cultural_7806984384","label":"Həzrəti Yunis Məscidi \\ Qalıncaq","name_az":"Həzrəti Yunis Məscidi \\ Qalıncaq","thesis_group":"HISTORICAL_CULTURAL","thesis_subtype":"place_of_worship","icon_id":"cultural_historic","name_quality":"NAMED","rayon":"İsmayıllı rayonu","rayon_id":"AZE_ADM2_54616110B45290451128830","verification_status":"PROVISIONAL","source_role":"MASTER_GIS","display_rank":564,"lon":48.085768,"lat":40.816821},"geometry":{"type":"Point","coordinates":[48.0857675,40.8168207]}},{"type":"Feature","properties":{"poi_id":"OSM_cultural_10128992443","label":"Həzrəti Zeynəb Məscidi","name_az":"Həzrəti Zeynəb Məscidi","thesis_group":"HISTORICAL_CULTURAL","thesis_subtype":"place_of_worship","icon_id":"cultural_historic","name_quality":"NAMED","rayon":"Bakı şəhəri","rayon_id":"AZE_ADM2_54616110B61947743987915","verification_status":"PROVISIONAL","source_role":"MASTER_GIS","display_rank":882,"lon":50.013993,"lat":40.467516},"geometry":{"type":"Point","coordinates":[50.013992800000004,40.4675159]}},{"type":"Feature","properties":{"poi_id":"OSM_cultural_8075296943","label":"Həzrəti İsa Məscidi 1750-ci il \\ Qum","name_az":"Həzrəti İsa Məscidi 1750-ci il \\ Qum","thesis_group":"HISTORICAL_CULTURAL","thesis_subtype":"place_of_worship","icon_id":"cultural_historic","name_quality":"NAMED","rayon":"Qax rayonu","rayon_id":"AZE_ADM2_54616110B49356278605879","verification_status":"PROVISIONAL","source_role":"MASTER_GIS","display_rank":644,"lon":46.912112,"lat":41.458216},"geometry":{"type":"Point","coordinates":[46.912111900000006,41.458216400000005]}},{"type":"Feature","properties":{"poi_id":"OSM_cultural_7803926520","label":"Həzrəti İsmayıl Məscidi","name_az":"Həzrəti İsmayıl Məscidi","thesis_group":"HISTORICAL_CULTURAL","thesis_subtype":"place_of_worship","icon_id":"cultural_historic","name_quality":"NAMED","rayon":"İsmayıllı rayonu","rayon_id":"AZE_ADM2_54616110B45290451128830","verification_status":"PROVISIONAL","source_role":"MASTER_GIS","display_rank":556,"lon":48.13594,"lat":40.791646},"geometry":{"type":"Point","coordinates":[48.135939500000006,40.7916461]}},{"type":"Feature","properties":{"poi_id":"OSM_cultural_7997674694","label":"Həzrəti İsmayıl Məscidi \\ Oxud","name_az":"Həzrəti İsmayıl Məscidi \\ Oxud","thesis_group":"HISTORICAL_CULTURAL","thesis_subtype":"place_of_worship","icon_id":"cultural_historic","name_quality":"NAMED","rayon":"Şəki rayonu","rayon_id":"AZE_ADM2_54616110B25010354244926","verification_status":"PROVISIONAL","source_role":"MASTER_GIS","display_rank":632,"lon":47.161915,"lat":41.238266},"geometry":{"type":"Point","coordinates":[47.161915400000005,41.238266]}},{"type":"Feature","properties":{"poi_id":"OSM_cultural_7741926484","label":"Həzrəti Əli Məscidi \\ Bədəlli","name_az":"Həzrəti Əli Məscidi \\ Bədəlli","thesis_group":"HISTORICAL_CULTURAL","thesis_subtype":"place_of_worship","icon_id":"cultural_historic","name_quality":"NAMED","rayon":"Qobustan rayonu","rayon_id":"AZE_ADM2_54616110B43271825035432","verification_status":"PROVISIONAL","source_role":"MASTER_GIS","display_rank":514,"lon":48.809352,"lat":40.507006},"geometry":{"type":"Point","coordinates":[48.809352000000004,40.5070059]}},{"type":"Feature","properties":{"poi_id":"OSM_cultural_7695946231","label":"Həzrəxanım Məscidi","name_az":"Həzrəxanım Məscidi","thesis_group":"HISTORICAL_CULTURAL","thesis_subtype":"place_of_worship","icon_id":"cultural_historic","name_quality":"NAMED","rayon":"Qusar rayonu","rayon_id":"AZE_ADM2_54616110B21517829058101","verification_status":"PROVISIONAL","source_role":"MASTER_GIS","display_rank":446,"lon":48.192169,"lat":41.491508},"geometry":{"type":"Point","coordinates":[48.192169400000004,41.491508100000004]}},{"type":"Feature","properties":{"poi_id":"OSM_cultural_12164205958","label":"II Dünya Müharibəsi","name_az":"II Dünya Müharibəsi","thesis_group":"HISTORICAL_CULTURAL","thesis_subtype":"memorial","icon_id":"cultural_historic","name_quality":"NAMED","rayon":"Xocalı rayonu","rayon_id":"AZE_ADM2_54616110B87325868620163","verification_status":"PROVISIONAL","source_role":"MASTER_GIS","display_rank":1155,"lon":46.874825,"lat":39.907305},"geometry":{"type":"Point","coordinates":[46.8748251,39.907305400000006]}},{"type":"Feature","properties":{"poi_id":"OSM_cultural_4492469417","label":"II Dünya Müharibəsi Abidəsi","name_az":"II Dünya Müharibəsi Abidəsi","thesis_group":"HISTORICAL_CULTURAL","thesis_subtype":"monument","icon_id":"cultural_monument","name_quality":"NAMED","rayon":"Xocalı rayonu","rayon_id":"AZE_ADM2_54616110B87325868620163","verification_status":"PROVISIONAL","source_role":"MASTER_GIS","display_rank":212,"lon":46.729589,"lat":39.872921},"geometry":{"type":"Point","coordinates":[46.7295893,39.8729211]}},{"type":"Feature","properties":{"poi_id":"OSM_cultural_7521031660","label":"II Dünya Müharibəsi Abidəsi","name_az":"II Dünya Müharibəsi Abidəsi","thesis_group":"HISTORICAL_CULTURAL","thesis_subtype":"memorial","icon_id":"cultural_historic","name_quality":"NAMED","rayon":"Tərtər rayonu","rayon_id":"AZE_ADM2_54616110B79809370995070","verification_status":"PROVISIONAL","source_role":"MASTER_GIS","display_rank":366,"lon":46.81583,"lat":40.21458},"geometry":{"type":"Point","coordinates":[46.8158301,40.2145795]}},{"type":"Feature","properties":{"poi_id":"OSM_cultural_12087866900","label":"II Dünya Müharibəsi Abidəsi","name_az":"II Dünya Müharibəsi Abidəsi","thesis_group":"HISTORICAL_CULTURAL","thesis_subtype":"monument","icon_id":"cultural_monument","name_quality":"NAMED","rayon":"Xocalı rayonu","rayon_id":"AZE_ADM2_54616110B87325868620163","verification_status":"PROVISIONAL","source_role":"MASTER_GIS","display_rank":1127,"lon":46.715991,"lat":39.988393},"geometry":{"type":"Point","coordinates":[46.715990700000006,39.9883928]}},{"type":"Feature","properties":{"poi_id":"OSM_cultural_4326810338","label":"II Dünya Müharibəsi Heykəli","name_az":"II Dünya Müharibəsi Heykəli","thesis_group":"HISTORICAL_CULTURAL","thesis_subtype":"monument","icon_id":"cultural_monument","name_quality":"NAMED","rayon":"Xocalı rayonu","rayon_id":"AZE_ADM2_54616110B87325868620163","verification_status":"PROVISIONAL","source_role":"MASTER_GIS","display_rank":194,"lon":46.709052,"lat":39.92735},"geometry":{"type":"Point","coordinates":[46.7090522,39.9273505]}},{"type":"Feature","properties":{"poi_id":"OSM_cultural_12188624253","label":"II Dünya Müharibəsi Memorialı","name_az":"II Dünya Müharibəsi Memorialı","thesis_group":"HISTORICAL_CULTURAL","thesis_subtype":"memorial","icon_id":"cultural_historic","name_quality":"NAMED","rayon":"Xocalı rayonu","rayon_id":"AZE_ADM2_54616110B87325868620163","verification_status":"PROVISIONAL","source_role":"MASTER_GIS","display_rank":1161,"lon":46.852534,"lat":39.767566},"geometry":{"type":"Point","coordinates":[46.8525343,39.767565600000005]}},{"type":"Feature","properties":{"poi_id":"OSM_cultural_4321137474","label":"II Dünya Müharibəsi abidəsi","name_az":"II Dünya Müharibəsi abidəsi","thesis_group":"HISTORICAL_CULTURAL","thesis_subtype":"monument","icon_id":"cultural_monument","name_quality":"NAMED","rayon":"Xocalı rayonu","rayon_id":"AZE_ADM2_54616110B87325868620163","verification_status":"PROVISIONAL","source_role":"MASTER_GIS","display_rank":193,"lon":46.665807,"lat":39.921712},"geometry":{"type":"Point","coordinates":[46.665806700000005,39.9217122]}},{"type":"Feature","properties":{"poi_id":"OSM_cultural_12186847656","label":"II Dünya Müharibəsi heykəli","name_az":"II Dünya Müharibəsi heykəli","thesis_group":"HISTORICAL_CULTURAL","thesis_subtype":"memorial","icon_id":"cultural_historic","name_quality":"NAMED","rayon":"Xocalı rayonu","rayon_id":"AZE_ADM2_54616110B87325868620163","verification_status":"PROVISIONAL","source_role":"MASTER_GIS","display_rank":1160,"lon":46.822874,"lat":39.802986},"geometry":{"type":"Point","coordinates":[46.8228742,39.8029862]}},{"type":"Feature","properties":{"poi_id":"OSM_cultural_12084767179","label":"II Dünya Savaşı Abidəsi","name_az":"II Dünya Savaşı Abidəsi","thesis_group":"HISTORICAL_CULTURAL","thesis_subtype":"monument","icon_id":"cultural_monument","name_quality":"NAMED","rayon":"Xocalı rayonu","rayon_id":"AZE_ADM2_54616110B87325868620163","verification_status":"PROVISIONAL","source_role":"MASTER_GIS","display_rank":1123,"lon":46.696298,"lat":39.986703},"geometry":{"type":"Point","coordinates":[46.6962984,39.986702900000004]}},{"type":"Feature","properties":{"poi_id":"OSM_cultural_12138663541","label":"II Qarabağ Savaşı Abidəsi","name_az":"II Qarabağ Savaşı Abidəsi","thesis_group":"HISTORICAL_CULTURAL","thesis_subtype":"memorial","icon_id":"cultural_historic","name_quality":"NAMED","rayon":"Xocalı rayonu","rayon_id":"AZE_ADM2_54616110B87325868620163","verification_status":"PROVISIONAL","source_role":"MASTER_GIS","display_rank":1147,"lon":46.729576,"lat":39.87274},"geometry":{"type":"Point","coordinates":[46.729575600000004,39.872739700000004]}},{"type":"Feature","properties":{"poi_id":"OSM_cultural_11135739110","label":"Jan Klod Vandam hekəl","name_az":"Jan Klod Vandam hekəl","thesis_group":"HISTORICAL_CULTURAL","thesis_subtype":"artwork","icon_id":"cultural_historic","name_quality":"NAMED","rayon":"Qəbələ rayonu","rayon_id":"AZE_ADM2_54616110B33746839775993","verification_status":"PROVISIONAL","source_role":"MASTER_GIS","display_rank":996,"lon":47.983384,"lat":40.928721},"geometry":{"type":"Point","coordinates":[47.9833836,40.928721200000005]}},{"type":"Feature","properties":{"poi_id":"OSM_cultural_7803926487","label":"Karvanlar Məscidi 13-cü əsr","name_az":"Karvanlar Məscidi 13-cü əsr","thesis_group":"HISTORICAL_CULTURAL","thesis_subtype":"place_of_worship","icon_id":"cultural_historic","name_quality":"NAMED","rayon":"İsmayıllı rayonu","rayon_id":"AZE_ADM2_54616110B45290451128830","verification_status":"PROVISIONAL","source_role":"MASTER_GIS","display_rank":552,"lon":48.198296,"lat":40.799967},"geometry":{"type":"Point","coordinates":[48.1982956,40.799967300000006]}},{"type":"Feature","properties":{"poi_id":"OSM_cultural_7692005867","label":"Karvansaray Məscidi","name_az":"Karvansaray Məscidi","thesis_group":"HISTORICAL_CULTURAL","thesis_subtype":"place_of_worship","icon_id":"cultural_historic","name_quality":"NAMED","rayon":"Qusar rayonu","rayon_id":"AZE_ADM2_54616110B21517829058101","verification_status":"PROVISIONAL","source_role":"MASTER_GIS","display_rank":414,"lon":48.433595,"lat":41.62893},"geometry":{"type":"Point","coordinates":[48.433595000000004,41.6289304]}},{"type":"Feature","properties":{"poi_id":"OSM_cultural_5978849706","label":"Katex müdafiə Qalası (14-17 əsr.)","name_az":"Katex müdafiə Qalası (14-17 əsr.)","thesis_group":"HISTORICAL_CULTURAL","thesis_subtype":"fort","icon_id":"cultural_historic","name_quality":"NAMED","rayon":"Balakən rayonu","rayon_id":"AZE_ADM2_54616110B63924922129682","verification_status":"PROVISIONAL","source_role":"MASTER_GIS","display_rank":312,"lon":46.554484,"lat":41.655924},"geometry":{"type":"Point","coordinates":[46.554484,41.655924000000006]}},{"type":"Feature","properties":{"poi_id":"OSM_cultural_10568814693","label":"Keçəllər Məscidi","name_az":"Keçəllər Məscidi","thesis_group":"HISTORICAL_CULTURAL","thesis_subtype":"place_of_worship","icon_id":"cultural_historic","name_quality":"NAMED","rayon":"Bakı şəhəri","rayon_id":"AZE_ADM2_54616110B61947743987915","verification_status":"PROVISIONAL","source_role":"MASTER_GIS","display_rank":902,"lon":50.000774,"lat":40.532499},"geometry":{"type":"Point","coordinates":[50.0007736,40.532498600000004]}},{"type":"Feature","properties":{"poi_id":"OSM_cultural_5178928626","label":"Keşikçidağ Gürcü monastır kompleksi","name_az":"Keşikçidağ Gürcü monastır kompleksi","thesis_group":"HISTORICAL_CULTURAL","thesis_subtype":"place_of_worship","icon_id":"cultural_historic","name_quality":"NAMED","rayon":"Ağstafa rayonu","rayon_id":"AZE_ADM2_54616110B36354954300290","verification_status":"PROVISIONAL","source_role":"MASTER_GIS","display_rank":255,"lon":45.376958,"lat":41.441455},"geometry":{"type":"Point","coordinates":[45.376957700000006,41.4414552]}},{"type":"Feature","properties":{"poi_id":"OSM_cultural_6466650085","label":"Khaje Nazar caravanserai","thesis_group":"HISTORICAL_CULTURAL","thesis_subtype":"attraction","icon_id":"cultural_historic","name_quality":"NAMED","rayon":"Culfa rayonu","rayon_id":"AZE_ADM2_54616110B53393721771174","verification_status":"PROVISIONAL","source_role":"MASTER_GIS","display_rank":2137,"lon":45.577037,"lat":38.977446},"geometry":{"type":"Point","coordinates":[45.577036500000006,38.9774462]}},{"type":"Feature","properties":{"poi_id":"OSM_cultural_8170823220","label":"Kilsə","name_az":"Kilsə","thesis_group":"HISTORICAL_CULTURAL","thesis_subtype":"monastery","icon_id":"cultural_historic","name_quality":"NAMED","rayon":"Zaqatala rayonu","rayon_id":"AZE_ADM2_54616110B4759617374649","verification_status":"PROVISIONAL","source_role":"MASTER_GIS","display_rank":670,"lon":46.649864,"lat":41.636979},"geometry":{"type":"Point","coordinates":[46.649864300000004,41.6369793]}},{"type":"Feature","properties":{"poi_id":"OSM_cultural_7695946212","label":"Kiçik Məscid","name_az":"Kiçik Məscid","thesis_group":"HISTORICAL_CULTURAL","thesis_subtype":"place_of_worship","icon_id":"cultural_historic","name_quality":"NAMED","rayon":"Qusar rayonu","rayon_id":"AZE_ADM2_54616110B21517829058101","verification_status":"PROVISIONAL","source_role":"MASTER_GIS","display_rank":445,"lon":48.174775,"lat":41.476486},"geometry":{"type":"Point","coordinates":[48.174775200000006,41.4764861]}},{"type":"Feature","properties":{"poi_id":"OSM_cultural_10579959344","label":"Kiçik Məscid","name_az":"Kiçik Məscid","thesis_group":"HISTORICAL_CULTURAL","thesis_subtype":"place_of_worship","icon_id":"cultural_historic","name_quality":"NAMED","rayon":"Bakı şəhəri","rayon_id":"AZE_ADM2_54616110B61947743987915","verification_status":"PROVISIONAL","source_role":"MASTER_GIS","display_rank":915,"lon":50.004358,"lat":40.55622},"geometry":{"type":"Point","coordinates":[50.0043583,40.5562204]}},{"type":"Feature","properties":{"poi_id":"OSM_cultural_7792167594","label":"Kiçik Məscid \\ Şəbiyan","name_az":"Kiçik Məscid \\ Şəbiyan","thesis_group":"HISTORICAL_CULTURAL","thesis_subtype":"place_of_worship","icon_id":"cultural_historic","name_quality":"NAMED","rayon":"İsmayıllı rayonu","rayon_id":"AZE_ADM2_54616110B45290451128830","verification_status":"PROVISIONAL","source_role":"MASTER_GIS","display_rank":550,"lon":48.285808,"lat":40.687956},"geometry":{"type":"Point","coordinates":[48.285808,40.6879562]}},{"type":"Feature","properties":{"poi_id":"OSM_cultural_13928127816","label":"Kiş Məscidi","name_az":"Kiş Məscidi","thesis_group":"HISTORICAL_CULTURAL","thesis_subtype":"place_of_worship","icon_id":"cultural_historic","name_quality":"NAMED","rayon":"Şəki rayonu","rayon_id":"AZE_ADM2_54616110B25010354244926","verification_status":"PROVISIONAL","source_role":"MASTER_GIS","display_rank":1352,"lon":47.191277,"lat":41.251377},"geometry":{"type":"Point","coordinates":[47.191276900000005,41.2513771]}},{"type":"Feature","properties":{"poi_id":"OSM_cultural_13246438355","label":"Kolanı kənd Məscidi","name_az":"Kolanı kənd Məscidi","thesis_group":"HISTORICAL_CULTURAL","thesis_subtype":"place_of_worship","icon_id":"cultural_historic","name_quality":"NAMED","rayon":"Salyan rayonu","rayon_id":"AZE_ADM2_54616110B55207089168458","verification_status":"PROVISIONAL","source_role":"MASTER_GIS","display_rank":1298,"lon":49.028182,"lat":39.757151},"geometry":{"type":"Point","coordinates":[49.028181700000005,39.7571511]}},{"type":"Feature","properties":{"poi_id":"OSM_cultural_5918520728","label":"Koroğlu Abidəsi \\ Qaradağ Gədəbəy","name_az":"Koroğlu Abidəsi \\ Qaradağ Gədəbəy","thesis_group":"HISTORICAL_CULTURAL","thesis_subtype":"attraction","icon_id":"cultural_historic","name_quality":"NAMED","rayon":"Gədəbəy rayonu","rayon_id":"AZE_ADM2_54616110B46799199998097","verification_status":"PROVISIONAL","source_role":"MASTER_GIS","display_rank":302,"lon":45.812016,"lat":40.613736},"geometry":{"type":"Point","coordinates":[45.812015900000006,40.613736100000004]}},{"type":"Feature","properties":{"poi_id":"OSM_cultural_8776939692","label":"Koroğlu Heykəli","name_az":"Koroğlu Heykəli","thesis_group":"HISTORICAL_CULTURAL","thesis_subtype":"memorial","icon_id":"cultural_historic","name_quality":"NAMED","rayon":"Şəmkir rayonu","rayon_id":"AZE_ADM2_54616110B57585842497805","verification_status":"PROVISIONAL","source_role":"MASTER_GIS","display_rank":758,"lon":46.107247,"lat":40.810287},"geometry":{"type":"Point","coordinates":[46.107246800000006,40.8102868]}},{"type":"Feature","properties":{"poi_id":"OSM_cultural_9712293965","label":"Koroğlu Rəhimov heykəli","name_az":"Koroğlu Rəhimov heykəli","thesis_group":"HISTORICAL_CULTURAL","thesis_subtype":"memorial","icon_id":"cultural_historic","name_quality":"NAMED","rayon":"Bakı şəhəri","rayon_id":"AZE_ADM2_54616110B61947743987915","verification_status":"PROVISIONAL","source_role":"MASTER_GIS","display_rank":816,"lon":49.858024,"lat":40.402269},"geometry":{"type":"Point","coordinates":[49.858023700000004,40.4022692]}},{"type":"Feature","properties":{"poi_id":"OSM_cultural_3298027364","label":"Koroğlu abidəsi","name_az":"Koroğlu abidəsi","thesis_group":"HISTORICAL_CULTURAL","thesis_subtype":"memorial","icon_id":"cultural_historic","name_quality":"NAMED","rayon":"Naxçıvan şəhəri","rayon_id":"AZE_ADM2_54616110B79262118902245","verification_status":"PROVISIONAL","source_role":"MASTER_GIS","display_rank":98,"lon":45.427621,"lat":39.196624},"geometry":{"type":"Point","coordinates":[45.4276214,39.1966235]}},{"type":"Feature","properties":{"poi_id":"OSM_cultural_7787635792","label":"Koroğlu abidəsi","name_az":"Koroğlu abidəsi","thesis_group":"HISTORICAL_CULTURAL","thesis_subtype":"memorial","icon_id":"cultural_historic","name_quality":"NAMED","rayon":"Şamaxı rayonu","rayon_id":"AZE_ADM2_54616110B16651088424667","verification_status":"PROVISIONAL","source_role":"MASTER_GIS","display_rank":545,"lon":48.647621,"lat":40.621046},"geometry":{"type":"Point","coordinates":[48.6476206,40.621045900000006]}},{"type":"Feature","properties":{"poi_id":"OSM_cultural_4023158894","label":"Koroğlu heykəli","name_az":"Koroğlu heykəli","thesis_group":"HISTORICAL_CULTURAL","thesis_subtype":"memorial","icon_id":"cultural_historic","name_quality":"NAMED","rayon":"Bakı şəhəri","rayon_id":"AZE_ADM2_54616110B61947743987915","verification_status":"PROVISIONAL","source_role":"MASTER_GIS","display_rank":179,"lon":49.842515,"lat":40.391769},"geometry":{"type":"Point","coordinates":[49.842515000000006,40.391769200000006]}},{"type":"Feature","properties":{"poi_id":"OSM_cultural_7726569295","label":"Koroğlu heykəli","name_az":"Koroğlu heykəli","thesis_group":"HISTORICAL_CULTURAL","thesis_subtype":"memorial","icon_id":"cultural_historic","name_quality":"NAMED","rayon":"Xaçmaz rayonu","rayon_id":"AZE_ADM2_54616110B89497242950609","verification_status":"PROVISIONAL","source_role":"MASTER_GIS","display_rank":484,"lon":48.800119,"lat":41.441198},"geometry":{"type":"Point","coordinates":[48.8001189,41.4411983]}},{"type":"Feature","properties":{"poi_id":"OSM_cultural_4572832295","label":"Kp 355 girişi","name_az":"Kp 355 girişi","thesis_group":"HISTORICAL_CULTURAL","thesis_subtype":"monument","icon_id":"cultural_monument","name_quality":"NAMED","rayon":"Tovuz rayonu","rayon_id":"AZE_ADM2_54616110B84187356839814","verification_status":"PROVISIONAL","source_role":"MASTER_GIS","display_rank":220,"lon":45.676098,"lat":40.974513},"geometry":{"type":"Point","coordinates":[45.676097500000004,40.974513300000005]}},{"type":"Feature","properties":{"poi_id":"OSM_cultural_9893978533","label":"Krişna Dini İcması ISKCON","name_az":"Krişna Dini İcması ISKCON","thesis_group":"HISTORICAL_CULTURAL","thesis_subtype":"place_of_worship","icon_id":"cultural_historic","name_quality":"NAMED","rayon":"Bakı şəhəri","rayon_id":"AZE_ADM2_54616110B61947743987915","verification_status":"PROVISIONAL","source_role":"MASTER_GIS","display_rank":837,"lon":49.929432,"lat":40.422622},"geometry":{"type":"Point","coordinates":[49.9294321,40.422622000000004]}},{"type":"Feature","properties":{"poi_id":"OSM_cultural_12710573008","label":"Köhnə Alban Kilsəsi \\ Zurnabad","name_az":"Köhnə Alban Kilsəsi \\ Zurnabad","thesis_group":"HISTORICAL_CULTURAL","thesis_subtype":"place_of_worship","icon_id":"cultural_historic","name_quality":"NAMED","rayon":"Göygöl rayonu","rayon_id":"AZE_ADM2_54616110B13615645655589","verification_status":"PROVISIONAL","source_role":"MASTER_GIS","display_rank":1246,"lon":46.240302,"lat":40.498351},"geometry":{"type":"Point","coordinates":[46.2403017,40.498350800000004]}},{"type":"Feature","properties":{"poi_id":"OSM_cultural_3772085403","label":"Köhnə Gürcü Kilsəsi","name_az":"Köhnə Gürcü Kilsəsi","thesis_group":"HISTORICAL_CULTURAL","thesis_subtype":"place_of_worship","icon_id":"cultural_historic","name_quality":"NAMED","rayon":"Zaqatala rayonu","rayon_id":"AZE_ADM2_54616110B4759617374649","verification_status":"PROVISIONAL","source_role":"MASTER_GIS","display_rank":172,"lon":46.652428,"lat":41.636428},"geometry":{"type":"Point","coordinates":[46.652427900000006,41.636427600000005]}},{"type":"Feature","properties":{"poi_id":"OSM_cultural_9183963298","label":"Köhnə Hamam","name_az":"Köhnə Hamam","thesis_group":"HISTORICAL_CULTURAL","thesis_subtype":"ruins","icon_id":"cultural_historic","name_quality":"NAMED","rayon":"Ağdaş rayonu","rayon_id":"AZE_ADM2_54616110B75800990015815","verification_status":"PROVISIONAL","source_role":"MASTER_GIS","display_rank":774,"lon":47.427506,"lat":40.557751},"geometry":{"type":"Point","coordinates":[47.427506400000006,40.5577508]}},{"type":"Feature","properties":{"poi_id":"OSM_cultural_10728443925","label":"Köhnə Hamam","name_az":"Köhnə Hamam","thesis_group":"HISTORICAL_CULTURAL","thesis_subtype":"ruins","icon_id":"cultural_historic","name_quality":"NAMED","rayon":"Bakı şəhəri","rayon_id":"AZE_ADM2_54616110B61947743987915","verification_status":"PROVISIONAL","source_role":"MASTER_GIS","display_rank":943,"lon":50.12888,"lat":40.494766},"geometry":{"type":"Point","coordinates":[50.1288798,40.4947661]}},{"type":"Feature","properties":{"poi_id":"OSM_cultural_10119614875","label":"Köhnə Karvansara","name_az":"Köhnə Karvansara","thesis_group":"HISTORICAL_CULTURAL","thesis_subtype":"archaeological_site","icon_id":"cultural_archaeology","name_quality":"NAMED","rayon":"Bakı şəhəri","rayon_id":"AZE_ADM2_54616110B61947743987915","verification_status":"PROVISIONAL","source_role":"MASTER_GIS","display_rank":880,"lon":49.981773,"lat":40.45695},"geometry":{"type":"Point","coordinates":[49.9817727,40.4569501]}},{"type":"Feature","properties":{"poi_id":"OSM_cultural_12442279283","label":"Köhnə Məscid \\ Küdürlü","name_az":"Köhnə Məscid \\ Küdürlü","thesis_group":"HISTORICAL_CULTURAL","thesis_subtype":"place_of_worship","icon_id":"cultural_historic","name_quality":"NAMED","rayon":"Şəki rayonu","rayon_id":"AZE_ADM2_54616110B25010354244926","verification_status":"PROVISIONAL","source_role":"MASTER_GIS","display_rank":1196,"lon":47.130538,"lat":41.081236},"geometry":{"type":"Point","coordinates":[47.130537600000004,41.081235500000005]}},{"type":"Feature","properties":{"poi_id":"OSM_cultural_7726610794","label":"Köhnəbazar Məscidi","name_az":"Köhnəbazar Məscidi","thesis_group":"HISTORICAL_CULTURAL","thesis_subtype":"place_of_worship","icon_id":"cultural_historic","name_quality":"NAMED","rayon":"Xaçmaz rayonu","rayon_id":"AZE_ADM2_54616110B89497242950609","verification_status":"PROVISIONAL","source_role":"MASTER_GIS","display_rank":487,"lon":48.805188,"lat":41.454727},"geometry":{"type":"Point","coordinates":[48.8051882,41.4547267]}},{"type":"Feature","properties":{"poi_id":"OSM_cultural_1346817396","label":"Köhnəbinə xarabalıqları","name_az":"Köhnəbinə xarabalıqları","thesis_group":"HISTORICAL_CULTURAL","thesis_subtype":"ruins","icon_id":"cultural_historic","name_quality":"NAMED","rayon":"Xocalı rayonu","rayon_id":"AZE_ADM2_54616110B87325868620163","verification_status":"PROVISIONAL","source_role":"MASTER_GIS","display_rank":4,"lon":46.77356,"lat":39.975817},"geometry":{"type":"Point","coordinates":[46.7735597,39.975817400000004]}},{"type":"Feature","properties":{"poi_id":"OSM_cultural_7696102713","label":"Köhnəqala Məscidi","name_az":"Köhnəqala Məscidi","thesis_group":"HISTORICAL_CULTURAL","thesis_subtype":"place_of_worship","icon_id":"cultural_historic","name_quality":"NAMED","rayon":"Qusar rayonu","rayon_id":"AZE_ADM2_54616110B21517829058101","verification_status":"PROVISIONAL","source_role":"MASTER_GIS","display_rank":451,"lon":48.226885,"lat":41.454486},"geometry":{"type":"Point","coordinates":[48.226885200000005,41.454485500000004]}},{"type":"Feature","properties":{"poi_id":"OSM_cultural_5978441804","label":"Kübə Məscidi","name_az":"Kübə Məscidi","thesis_group":"HISTORICAL_CULTURAL","thesis_subtype":"place_of_worship","icon_id":"cultural_historic","name_quality":"NAMED","rayon":"Qax rayonu","rayon_id":"AZE_ADM2_54616110B49356278605879","verification_status":"PROVISIONAL","source_role":"MASTER_GIS","display_rank":308,"lon":46.909671,"lat":41.417161},"geometry":{"type":"Point","coordinates":[46.909670500000004,41.417161]}},{"type":"Feature","properties":{"poi_id":"OSM_cultural_11990879394","label":"Küləş Ocağı","name_az":"Küləş Ocağı","thesis_group":"HISTORICAL_CULTURAL","thesis_subtype":"place_of_worship","icon_id":"cultural_historic","name_quality":"NAMED","rayon":"Qazax rayonu","rayon_id":"AZE_ADM2_54616110B43488292017990","verification_status":"PROVISIONAL","source_role":"MASTER_GIS","display_rank":1104,"lon":45.358023,"lat":41.228941},"geometry":{"type":"Point","coordinates":[45.358022600000005,41.228940900000005]}},{"type":"Feature","properties":{"poi_id":"OSM_cultural_7775412416","label":"Kümbəz Məscid","name_az":"Kümbəz Məscid","thesis_group":"HISTORICAL_CULTURAL","thesis_subtype":"place_of_worship","icon_id":"cultural_historic","name_quality":"NAMED","rayon":"Ağsu rayonu","rayon_id":"AZE_ADM2_54616110B12323901372431","verification_status":"PROVISIONAL","source_role":"MASTER_GIS","display_rank":535,"lon":48.408347,"lat":40.649078},"geometry":{"type":"Point","coordinates":[48.408347400000004,40.649078100000004]}},{"type":"Feature","properties":{"poi_id":"OSM_cultural_12512461394","label":"Kürdəmir Rayonu giriş yazısı","name_az":"Kürdəmir Rayonu giriş yazısı","thesis_group":"HISTORICAL_CULTURAL","thesis_subtype":"monument","icon_id":"cultural_monument","name_quality":"NAMED","rayon":"Kürdəmir rayonu","rayon_id":"AZE_ADM2_54616110B82810927503709","verification_status":"PROVISIONAL","source_role":"MASTER_GIS","display_rank":1224,"lon":48.475824,"lat":40.233817},"geometry":{"type":"Point","coordinates":[48.47582370000001,40.233817300000005]}},{"type":"Feature","properties":{"poi_id":"OSM_cultural_3739151492","label":"Kürmük Gürcü kilsəsi","name_az":"Kürmük Gürcü kilsəsi","thesis_group":"HISTORICAL_CULTURAL","thesis_subtype":"place_of_worship","icon_id":"cultural_historic","name_quality":"NAMED","rayon":"Qax rayonu","rayon_id":"AZE_ADM2_54616110B49356278605879","verification_status":"PROVISIONAL","source_role":"MASTER_GIS","display_rank":167,"lon":46.921432,"lat":41.388988},"geometry":{"type":"Point","coordinates":[46.9214319,41.3889885]}},{"type":"Feature","properties":{"poi_id":"OSM_cultural_8910635386","label":"Kəhkəşan Məscidi","name_az":"Kəhkəşan Məscidi","thesis_group":"HISTORICAL_CULTURAL","thesis_subtype":"place_of_worship","icon_id":"cultural_historic","name_quality":"NAMED","rayon":"Kürdəmir rayonu","rayon_id":"AZE_ADM2_54616110B82810927503709","verification_status":"PROVISIONAL","source_role":"MASTER_GIS","display_rank":762,"lon":48.155906,"lat":40.331497},"geometry":{"type":"Point","coordinates":[48.1559059,40.331496900000005]}},{"type":"Feature","properties":{"poi_id":"OSM_cultural_6881204385","label":"Kəhriz Su Sistemi (Arxeoloji)","name_az":"Kəhriz Su Sistemi (Arxeoloji)","thesis_group":"HISTORICAL_CULTURAL","thesis_subtype":"attraction","icon_id":"cultural_historic","name_quality":"NAMED","rayon":"Bakı şəhəri","rayon_id":"AZE_ADM2_54616110B61947743987915","verification_status":"PROVISIONAL","source_role":"MASTER_GIS","display_rank":354,"lon":49.837371,"lat":40.367259},"geometry":{"type":"Point","coordinates":[49.8373708,40.3672593]}},{"type":"Feature","properties":{"poi_id":"OSM_cultural_11411660270","label":"Kələdəhnə Məscidi","name_az":"Kələdəhnə Məscidi","thesis_group":"HISTORICAL_CULTURAL","thesis_subtype":"place_of_worship","icon_id":"cultural_historic","name_quality":"NAMED","rayon":"Astara rayonu","rayon_id":"AZE_ADM2_54616110B5213879595332","verification_status":"PROVISIONAL","source_role":"MASTER_GIS","display_rank":1050,"lon":48.874484,"lat":38.520517},"geometry":{"type":"Point","coordinates":[48.874484100000004,38.5205172]}},{"type":"Feature","properties":{"poi_id":"OSM_cultural_10000416344","label":"Kəmbərə Məscidi","name_az":"Kəmbərə Məscidi","thesis_group":"HISTORICAL_CULTURAL","thesis_subtype":"place_of_worship","icon_id":"cultural_historic","name_quality":"NAMED","rayon":"Bakı şəhəri","rayon_id":"AZE_ADM2_54616110B61947743987915","verification_status":"PROVISIONAL","source_role":"MASTER_GIS","display_rank":849,"lon":50.169204,"lat":40.437486},"geometry":{"type":"Point","coordinates":[50.1692042,40.4374855]}},{"type":"Feature","properties":{"poi_id":"OSM_cultural_8777591613","label":"Kənd Məscidi","name_az":"Kənd Məscidi","thesis_group":"HISTORICAL_CULTURAL","thesis_subtype":"place_of_worship","icon_id":"cultural_historic","name_quality":"NAMED","rayon":"Ağsu rayonu","rayon_id":"AZE_ADM2_54616110B12323901372431","verification_status":"PROVISIONAL","source_role":"MASTER_GIS","display_rank":759,"lon":48.36766,"lat":40.579458},"geometry":{"type":"Point","coordinates":[48.3676596,40.579458100000004]}},{"type":"Feature","properties":{"poi_id":"OSM_cultural_8170724459","label":"Kənd məscidi","name_az":"Kənd məscidi","thesis_group":"HISTORICAL_CULTURAL","thesis_subtype":"place_of_worship","icon_id":"cultural_historic","name_quality":"NAMED","rayon":"Zaqatala rayonu","rayon_id":"AZE_ADM2_54616110B4759617374649","verification_status":"PROVISIONAL","source_role":"MASTER_GIS","display_rank":665,"lon":46.630056,"lat":41.628329},"geometry":{"type":"Point","coordinates":[46.630056200000006,41.6283289]}},{"type":"Feature","properties":{"poi_id":"OSM_cultural_8234916054","label":"Kənd məscidi","name_az":"Kənd məscidi","thesis_group":"HISTORICAL_CULTURAL","thesis_subtype":"place_of_worship","icon_id":"cultural_historic","name_quality":"NAMED","rayon":"Zaqatala rayonu","rayon_id":"AZE_ADM2_54616110B4759617374649","verification_status":"PROVISIONAL","source_role":"MASTER_GIS","display_rank":708,"lon":46.486129,"lat":41.468258},"geometry":{"type":"Point","coordinates":[46.486128900000004,41.4682584]}},{"type":"Feature","properties":{"poi_id":"OSM_cultural_1891501515","label":"Kərbəla Abdulla məscidi","name_az":"Kərbəla Abdulla məscidi","thesis_group":"HISTORICAL_CULTURAL","thesis_subtype":"place_of_worship","icon_id":"cultural_historic","name_quality":"NAMED","rayon":"Bakı şəhəri","rayon_id":"AZE_ADM2_54616110B61947743987915","verification_status":"PROVISIONAL","source_role":"MASTER_GIS","display_rank":20,"lon":49.836618,"lat":40.375441},"geometry":{"type":"Point","coordinates":[49.836618400000006,40.375441300000006]}},{"type":"Feature","properties":{"poi_id":"OSM_cultural_10837440946","label":"Kərimli kənd Məscidi","name_az":"Kərimli kənd Məscidi","thesis_group":"HISTORICAL_CULTURAL","thesis_subtype":"place_of_worship","icon_id":"cultural_historic","name_quality":"NAMED","rayon":"Oğuz rayonu","rayon_id":"AZE_ADM2_54616110B99657283459996","verification_status":"PROVISIONAL","source_role":"MASTER_GIS","display_rank":959,"lon":47.482406,"lat":40.977816},"geometry":{"type":"Point","coordinates":[47.4824059,40.9778164]}},{"type":"Feature","properties":{"poi_id":"OSM_cultural_10702671044","label":"Laçın Dəmir Yumruq Abdidəsi","name_az":"Laçın Dəmir Yumruq Abdidəsi","thesis_group":"HISTORICAL_CULTURAL","thesis_subtype":"memorial","icon_id":"cultural_historic","name_quality":"NAMED","rayon":"Laçın rayonu","rayon_id":"AZE_ADM2_54616110B46945931752574","verification_status":"PROVISIONAL","source_role":"MASTER_GIS","display_rank":930,"lon":46.542729,"lat":39.637771},"geometry":{"type":"Point","coordinates":[46.542728600000004,39.6377706]}},{"type":"Feature","properties":{"poi_id":"OSM_cultural_12151281795","label":"Laçın şəhər məscidi","name_az":"Laçın şəhər məscidi","thesis_group":"HISTORICAL_CULTURAL","thesis_subtype":"place_of_worship","icon_id":"cultural_historic","name_quality":"NAMED","rayon":"Laçın rayonu","rayon_id":"AZE_ADM2_54616110B46945931752574","verification_status":"PROVISIONAL","source_role":"MASTER_GIS","display_rank":1152,"lon":46.542145,"lat":39.63402},"geometry":{"type":"Point","coordinates":[46.542145100000006,39.6340196]}},{"type":"Feature","properties":{"poi_id":"OSM_cultural_3660806911","label":"Lesya Ukrainka Abidəsi","name_az":"Lesya Ukrainka Abidəsi","thesis_group":"HISTORICAL_CULTURAL","thesis_subtype":"memorial","icon_id":"cultural_historic","name_quality":"NAMED","rayon":"Bakı şəhəri","rayon_id":"AZE_ADM2_54616110B61947743987915","verification_status":"PROVISIONAL","source_role":"MASTER_GIS","display_rank":166,"lon":49.738001,"lat":40.321456},"geometry":{"type":"Point","coordinates":[49.738001100000005,40.3214562]}},{"type":"Feature","properties":{"poi_id":"OSM_cultural_10589709581","label":"Leyla Xanım Ziyarətgahı","name_az":"Leyla Xanım Ziyarətgahı","thesis_group":"HISTORICAL_CULTURAL","thesis_subtype":"place_of_worship","icon_id":"cultural_historic","name_quality":"NAMED","rayon":"Bakı şəhəri","rayon_id":"AZE_ADM2_54616110B61947743987915","verification_status":"PROVISIONAL","source_role":"MASTER_GIS","display_rank":918,"lon":50.05812,"lat":40.585333},"geometry":{"type":"Point","coordinates":[50.0581205,40.585333000000006]}},{"type":"Feature","properties":{"poi_id":"OSM_cultural_11275597325","label":"Lökbatan Cümə Məscidi","name_az":"Lökbatan Cümə Məscidi","thesis_group":"HISTORICAL_CULTURAL","thesis_subtype":"place_of_worship","icon_id":"cultural_historic","name_quality":"NAMED","rayon":"Bakı şəhəri","rayon_id":"AZE_ADM2_54616110B61947743987915","verification_status":"PROVISIONAL","source_role":"MASTER_GIS","display_rank":1025,"lon":49.736745,"lat":40.331718},"geometry":{"type":"Point","coordinates":[49.736744900000005,40.3317178]}},{"type":"Feature","properties":{"poi_id":"OSM_cultural_10300809709","label":"Lənkəran sinaqoqu","name_az":"Lənkəran sinaqoqu","thesis_group":"HISTORICAL_CULTURAL","thesis_subtype":"place_of_worship","icon_id":"cultural_historic","name_quality":"NAMED","rayon":"Lənkəran şəhəri","rayon_id":"AZE_ADM2_54616110B92317303093203","verification_status":"PROVISIONAL","source_role":"MASTER_GIS","display_rank":895,"lon":48.855349,"lat":38.757259},"geometry":{"type":"Point","coordinates":[48.8553489,38.757258900000004]}},{"type":"Feature","properties":{"poi_id":"OSM_cultural_4486947290","label":"Lətif Kərimov","name_az":"Lətif Kərimov","thesis_group":"HISTORICAL_CULTURAL","thesis_subtype":"memorial","icon_id":"cultural_historic","name_quality":"NAMED","rayon":"Bakı şəhəri","rayon_id":"AZE_ADM2_54616110B61947743987915","verification_status":"PROVISIONAL","source_role":"MASTER_GIS","display_rank":211,"lon":49.822079,"lat":40.360874},"geometry":{"type":"Point","coordinates":[49.8220794,40.3608738]}},{"type":"Feature","properties":{"poi_id":"OSM_cultural_13665433573","label":"Ləzgi məhlə meçidi","name_az":"Ləzgi məhlə meçidi","thesis_group":"HISTORICAL_CULTURAL","thesis_subtype":"place_of_worship","icon_id":"cultural_historic","name_quality":"NAMED","rayon":"Qəbələ rayonu","rayon_id":"AZE_ADM2_54616110B33746839775993","verification_status":"PROVISIONAL","source_role":"MASTER_GIS","display_rank":1338,"lon":47.769362,"lat":40.891695},"geometry":{"type":"Point","coordinates":[47.769361800000006,40.891695000000006]}},{"type":"Feature","properties":{"poi_id":"OSM_cultural_3931669123","label":"M. Məmmədyarov heykəli","name_az":"M. Məmmədyarov heykəli","thesis_group":"HISTORICAL_CULTURAL","thesis_subtype":"memorial","icon_id":"cultural_historic","name_quality":"NAMED","rayon":"Bakı şəhəri","rayon_id":"AZE_ADM2_54616110B61947743987915","verification_status":"PROVISIONAL","source_role":"MASTER_GIS","display_rank":178,"lon":49.994626,"lat":40.523914},"geometry":{"type":"Point","coordinates":[49.994626200000006,40.523913900000004]}},{"type":"Feature","properties":{"poi_id":"OSM_cultural_516433976","label":"Machi","thesis_group":"HISTORICAL_CULTURAL","thesis_subtype":"castle","icon_id":"cultural_castle","name_quality":"NAMED","rayon":"Balakən rayonu","rayon_id":"AZE_ADM2_54616110B63924922129682","verification_status":"PROVISIONAL","source_role":"MASTER_GIS","display_rank":2058,"lon":46.353831,"lat":41.821407},"geometry":{"type":"Point","coordinates":[46.3538313,41.821406800000005]}},{"type":"Feature","properties":{"poi_id":"OSM_cultural_6972022060","label":"Maksim Qorki abidəsi","name_az":"Maksim Qorki abidəsi","thesis_group":"HISTORICAL_CULTURAL","thesis_subtype":"monument","icon_id":"cultural_monument","name_quality":"NAMED","rayon":"Xocalı rayonu","rayon_id":"AZE_ADM2_54616110B87325868620163","verification_status":"PROVISIONAL","source_role":"MASTER_GIS","display_rank":357,"lon":46.74867,"lat":39.815403},"geometry":{"type":"Point","coordinates":[46.748669500000005,39.815402500000005]}},{"type":"Feature","properties":{"poi_id":"OSM_cultural_3401357689","label":"Maral abidəsi","name_az":"Maral abidəsi","thesis_group":"HISTORICAL_CULTURAL","thesis_subtype":"monument","icon_id":"cultural_monument","name_quality":"NAMED","rayon":"Bakı şəhəri","rayon_id":"AZE_ADM2_54616110B61947743987915","verification_status":"PROVISIONAL","source_role":"MASTER_GIS","display_rank":112,"lon":50.056096,"lat":40.360581},"geometry":{"type":"Point","coordinates":[50.0560957,40.360581100000005]}},{"type":"Feature","properties":{"poi_id":"OSM_cultural_13615523691","label":"Marışlı Məscidi","name_az":"Marışlı Məscidi","thesis_group":"HISTORICAL_CULTURAL","thesis_subtype":"place_of_worship","icon_id":"cultural_historic","name_quality":"NAMED","rayon":"Salyan rayonu","rayon_id":"AZE_ADM2_54616110B55207089168458","verification_status":"PROVISIONAL","source_role":"MASTER_GIS","display_rank":1332,"lon":48.925653,"lat":39.565143},"geometry":{"type":"Point","coordinates":[48.925653200000006,39.5651433]}},{"type":"Feature","properties":{"poi_id":"OSM_cultural_10536771988","label":"Masazır Cümə Məscidi","name_az":"Masazır Cümə Məscidi","thesis_group":"HISTORICAL_CULTURAL","thesis_subtype":"place_of_worship","icon_id":"cultural_historic","name_quality":"NAMED","rayon":"Abşeron rayonu","rayon_id":"AZE_ADM2_54616110B88432173472444","verification_status":"PROVISIONAL","source_role":"MASTER_GIS","display_rank":897,"lon":49.762031,"lat":40.484087},"geometry":{"type":"Point","coordinates":[49.762031400000005,40.484087300000006]}},{"type":"Feature","properties":{"poi_id":"OSM_cultural_8188099772","label":"Matalal \\ Mazıx","name_az":"Matalal \\ Mazıx","thesis_group":"HISTORICAL_CULTURAL","thesis_subtype":"ruins","icon_id":"cultural_historic","name_quality":"NAMED","rayon":"Zaqatala rayonu","rayon_id":"AZE_ADM2_54616110B4759617374649","verification_status":"PROVISIONAL","source_role":"MASTER_GIS","display_rank":682,"lon":46.575645,"lat":41.668328},"geometry":{"type":"Point","coordinates":[46.5756449,41.668327700000006]}},{"type":"Feature","properties":{"poi_id":"OSM_cultural_2283152419","label":"Mausoleum of Katava Hoja","thesis_group":"HISTORICAL_CULTURAL","thesis_subtype":"tomb","icon_id":"cultural_historic","name_quality":"NAMED","rayon":"Ağdam rayonu","rayon_id":"AZE_ADM2_54616110B71765796178707","verification_status":"PROVISIONAL","source_role":"MASTER_GIS","display_rank":2062,"lon":46.816957,"lat":40.032993},"geometry":{"type":"Point","coordinates":[46.8169574,40.0329929]}},{"type":"Feature","properties":{"poi_id":"OSM_cultural_7777732595","label":"Maşallah Məscid \\ Güyüm","name_az":"Maşallah Məscid \\ Güyüm","thesis_group":"HISTORICAL_CULTURAL","thesis_subtype":"place_of_worship","icon_id":"cultural_historic","name_quality":"NAMED","rayon":"İsmayıllı rayonu","rayon_id":"AZE_ADM2_54616110B45290451128830","verification_status":"PROVISIONAL","source_role":"MASTER_GIS","display_rank":540,"lon":48.224721,"lat":40.782834},"geometry":{"type":"Point","coordinates":[48.224720700000006,40.782834400000006]}},{"type":"Feature","properties":{"poi_id":"OSM_cultural_6004604204","label":"Mehdi Hüseynzadənin Heykəli","name_az":"Mehdi Hüseynzadənin Heykəli","thesis_group":"HISTORICAL_CULTURAL","thesis_subtype":"memorial","icon_id":"cultural_historic","name_quality":"NAMED","rayon":"Bakı şəhəri","rayon_id":"AZE_ADM2_54616110B61947743987915","verification_status":"PROVISIONAL","source_role":"MASTER_GIS","display_rank":323,"lon":49.826639,"lat":40.387246},"geometry":{"type":"Point","coordinates":[49.826638800000005,40.3872457]}},{"type":"Feature","properties":{"poi_id":"OSM_cultural_7293799535","label":"Mehdiabad Məscidi","name_az":"Mehdiabad Məscidi","thesis_group":"HISTORICAL_CULTURAL","thesis_subtype":"place_of_worship","icon_id":"cultural_historic","name_quality":"NAMED","rayon":"Abşeron rayonu","rayon_id":"AZE_ADM2_54616110B88432173472444","verification_status":"PROVISIONAL","source_role":"MASTER_GIS","display_rank":362,"lon":49.853283,"lat":40.495861},"geometry":{"type":"Point","coordinates":[49.8532828,40.4958606]}},{"type":"Feature","properties":{"poi_id":"OSM_cultural_3750506604","label":"Mehti Hüseyinzadənin abidəsi","name_az":"Mehti Hüseyinzadənin abidəsi","thesis_group":"HISTORICAL_CULTURAL","thesis_subtype":"monument","icon_id":"cultural_monument","name_quality":"NAMED","rayon":"Abşeron rayonu","rayon_id":"AZE_ADM2_54616110B88432173472444","verification_status":"PROVISIONAL","source_role":"MASTER_GIS","display_rank":168,"lon":49.787507,"lat":40.525766},"geometry":{"type":"Point","coordinates":[49.7875066,40.525765500000006]}},{"type":"Feature","properties":{"poi_id":"OSM_cultural_10131092668","label":"Memorial Kompleksi \\ Dərnəgül","name_az":"Memorial Kompleksi \\ Dərnəgül","thesis_group":"HISTORICAL_CULTURAL","thesis_subtype":"memorial","icon_id":"cultural_historic","name_quality":"NAMED","rayon":"Bakı şəhəri","rayon_id":"AZE_ADM2_54616110B61947743987915","verification_status":"PROVISIONAL","source_role":"MASTER_GIS","display_rank":883,"lon":49.856643,"lat":40.425898},"geometry":{"type":"Point","coordinates":[49.8566433,40.4258976]}},{"type":"Feature","properties":{"poi_id":"OSM_cultural_14107469785","label":"Memorial to the officers of the Russian Mi-24 helicopter crew","thesis_group":"HISTORICAL_CULTURAL","thesis_subtype":"memorial","icon_id":"cultural_historic","name_quality":"NAMED","rayon":"Sədərək rayonu","rayon_id":"AZE_ADM2_54616110B79964383852369","verification_status":"PROVISIONAL","source_role":"MASTER_GIS","display_rank":2212,"lon":44.872173,"lat":39.748569},"geometry":{"type":"Point","coordinates":[44.872172600000006,39.748569200000006]}},{"type":"Feature","properties":{"poi_id":"OSM_cultural_7821076018","label":"Meydan Məscidi","name_az":"Meydan Məscidi","thesis_group":"HISTORICAL_CULTURAL","thesis_subtype":"place_of_worship","icon_id":"cultural_historic","name_quality":"NAMED","rayon":"Qəbələ rayonu","rayon_id":"AZE_ADM2_54616110B33746839775993","verification_status":"PROVISIONAL","source_role":"MASTER_GIS","display_rank":580,"lon":47.874046,"lat":40.91937},"geometry":{"type":"Point","coordinates":[47.874046,40.9193702]}},{"type":"Feature","properties":{"poi_id":"OSM_cultural_12128388858","label":"Meşə məbədi","name_az":"Meşə məbədi","thesis_group":"HISTORICAL_CULTURAL","thesis_subtype":"castle","icon_id":"cultural_castle","name_quality":"NAMED","rayon":"Xocalı rayonu","rayon_id":"AZE_ADM2_54616110B87325868620163","verification_status":"PROVISIONAL","source_role":"MASTER_GIS","display_rank":1140,"lon":46.89534,"lat":39.73684},"geometry":{"type":"Point","coordinates":[46.895340000000004,39.7368396]}},{"type":"Feature","properties":{"poi_id":"OSM_cultural_8078675737","label":"Meşəli Məscidi","name_az":"Meşəli Məscidi","thesis_group":"HISTORICAL_CULTURAL","thesis_subtype":"place_of_worship","icon_id":"cultural_historic","name_quality":"NAMED","rayon":"Zaqatala rayonu","rayon_id":"AZE_ADM2_54616110B4759617374649","verification_status":"PROVISIONAL","source_role":"MASTER_GIS","display_rank":650,"lon":46.769662,"lat":41.543072},"geometry":{"type":"Point","coordinates":[46.7696625,41.543071700000006]}},{"type":"Feature","properties":{"poi_id":"OSM_cultural_6856546488","label":"Mig 17 - Təyyarə Abidəsi","name_az":"Mig 17 - Təyyarə Abidəsi","thesis_group":"HISTORICAL_CULTURAL","thesis_subtype":"memorial","icon_id":"cultural_historic","name_quality":"NAMED","rayon":"Ağstafa rayonu","rayon_id":"AZE_ADM2_54616110B36354954300290","verification_status":"PROVISIONAL","source_role":"MASTER_GIS","display_rank":353,"lon":45.381278,"lat":41.084638},"geometry":{"type":"Point","coordinates":[45.3812784,41.0846381]}},{"type":"Feature","properties":{"poi_id":"OSM_cultural_4536324994","label":"Mikayıl Müşfiq","name_az":"Mikayıl Müşfiq","thesis_group":"HISTORICAL_CULTURAL","thesis_subtype":"memorial","icon_id":"cultural_historic","name_quality":"NAMED","rayon":"Bakı şəhəri","rayon_id":"AZE_ADM2_54616110B61947743987915","verification_status":"PROVISIONAL","source_role":"MASTER_GIS","display_rank":214,"lon":49.822809,"lat":40.38213},"geometry":{"type":"Point","coordinates":[49.822808800000004,40.382130000000004]}},{"type":"Feature","properties":{"poi_id":"OSM_cultural_1825115672","label":"Mikayıl Müşfiq - Xatirə müzeyi \\ Xızı","name_az":"Mikayıl Müşfiq - Xatirə müzeyi \\ Xızı","thesis_group":"HISTORICAL_CULTURAL","thesis_subtype":"museum","icon_id":"cultural_museum","name_quality":"NAMED","rayon":"Xızı rayonu","rayon_id":"AZE_ADM2_54616110B97026515433008","verification_status":"PROVISIONAL","source_role":"MASTER_GIS","display_rank":16,"lon":49.188217,"lat":40.877904},"geometry":{"type":"Point","coordinates":[49.188216700000005,40.8779035]}},{"type":"Feature","properties":{"poi_id":"OSM_cultural_11144641436","label":"Mikayıl Müşfiq Abidəsi","name_az":"Mikayıl Müşfiq Abidəsi","thesis_group":"HISTORICAL_CULTURAL","thesis_subtype":"memorial","icon_id":"cultural_historic","name_quality":"NAMED","rayon":"Bakı şəhəri","rayon_id":"AZE_ADM2_54616110B61947743987915","verification_status":"PROVISIONAL","source_role":"MASTER_GIS","display_rank":1002,"lon":49.626499,"lat":40.466014},"geometry":{"type":"Point","coordinates":[49.6264994,40.4660141]}},{"type":"Feature","properties":{"poi_id":"OSM_cultural_11374371632","label":"Mikayıl Müşfiq heykəli","name_az":"Mikayıl Müşfiq heykəli","thesis_group":"HISTORICAL_CULTURAL","thesis_subtype":"memorial","icon_id":"cultural_historic","name_quality":"NAMED","rayon":"Sumqayıt şəhəri","rayon_id":"AZE_ADM2_54616110B75219613739908","verification_status":"PROVISIONAL","source_role":"MASTER_GIS","display_rank":1045,"lon":49.559962,"lat":40.620502},"geometry":{"type":"Point","coordinates":[49.559961900000005,40.620502300000005]}},{"type":"Feature","properties":{"poi_id":"OSM_cultural_4618962458","label":"Milli Azərbaycan Tarixi Muzeyi","name_az":"Milli Azərbaycan Tarixi Muzeyi","thesis_group":"HISTORICAL_CULTURAL","thesis_subtype":"museum","icon_id":"cultural_museum","name_quality":"NAMED","rayon":"Bakı şəhəri","rayon_id":"AZE_ADM2_54616110B61947743987915","verification_status":"PROVISIONAL","source_role":"MASTER_GIS","display_rank":223,"lon":49.840071,"lat":40.369348},"geometry":{"type":"Point","coordinates":[49.840071300000005,40.3693478]}},{"type":"Feature","properties":{"poi_id":"OSM_cultural_13515026459","label":"Milli Qəhraman Abidəsi \\ Cəngan","name_az":"Milli Qəhraman Abidəsi \\ Cəngan","thesis_group":"HISTORICAL_CULTURAL","thesis_subtype":"monument","icon_id":"cultural_monument","name_quality":"NAMED","rayon":"Salyan rayonu","rayon_id":"AZE_ADM2_54616110B55207089168458","verification_status":"PROVISIONAL","source_role":"MASTER_GIS","display_rank":1312,"lon":49.009518,"lat":39.569097},"geometry":{"type":"Point","coordinates":[49.0095176,39.5690972]}},{"type":"Feature","properties":{"poi_id":"OSM_cultural_8225279866","label":"Milliyyət Məscidi \\ Salban","name_az":"Milliyyət Məscidi \\ Salban","thesis_group":"HISTORICAL_CULTURAL","thesis_subtype":"place_of_worship","icon_id":"cultural_historic","name_quality":"NAMED","rayon":"Balakən rayonu","rayon_id":"AZE_ADM2_54616110B63924922129682","verification_status":"PROVISIONAL","source_role":"MASTER_GIS","display_rank":705,"lon":46.453076,"lat":41.727966},"geometry":{"type":"Point","coordinates":[46.453076,41.727966]}},{"type":"Feature","properties":{"poi_id":"OSM_cultural_8312902256","label":"Minarə 1880 il","name_az":"Minarə 1880 il","thesis_group":"HISTORICAL_CULTURAL","thesis_subtype":"place_of_worship","icon_id":"cultural_historic","name_quality":"NAMED","rayon":"Şəki şəhəri","rayon_id":"AZE_ADM2_54616110B24616396985677","verification_status":"PROVISIONAL","source_role":"MASTER_GIS","display_rank":719,"lon":47.204651,"lat":41.204837},"geometry":{"type":"Point","coordinates":[47.2046511,41.204836500000006]}},{"type":"Feature","properties":{"poi_id":"OSM_cultural_8549509356","label":"Mingəçevir Kilsə Kompleksi","name_az":"Mingəçevir Kilsə Kompleksi","thesis_group":"HISTORICAL_CULTURAL","thesis_subtype":"place_of_worship","icon_id":"cultural_historic","name_quality":"NAMED","rayon":"Mingəçevir şəhəri","rayon_id":"AZE_ADM2_54616110B16521863868797","verification_status":"PROVISIONAL","source_role":"MASTER_GIS","display_rank":740,"lon":47.036557,"lat":40.783761},"geometry":{"type":"Point","coordinates":[47.036556700000006,40.783760900000004]}},{"type":"Feature","properties":{"poi_id":"OSM_cultural_4427698089","label":"Miniatür kitab muzeyi","name_az":"Miniatür kitab muzeyi","thesis_group":"HISTORICAL_CULTURAL","thesis_subtype":"museum","icon_id":"cultural_museum","name_quality":"NAMED","rayon":"Bakı şəhəri","rayon_id":"AZE_ADM2_54616110B61947743987915","verification_status":"PROVISIONAL","source_role":"MASTER_GIS","display_rank":203,"lon":49.832614,"lat":40.366373},"geometry":{"type":"Point","coordinates":[49.8326143,40.366373100000004]}},{"type":"Feature","properties":{"poi_id":"OSM_cultural_10002852580","label":"Mir Mövsüm Ağa Gənclər Mərkəzi","name_az":"Mir Mövsüm Ağa Gənclər Mərkəzi","thesis_group":"HISTORICAL_CULTURAL","thesis_subtype":"place_of_worship","icon_id":"cultural_historic","name_quality":"NAMED","rayon":"Bakı şəhəri","rayon_id":"AZE_ADM2_54616110B61947743987915","verification_status":"PROVISIONAL","source_role":"MASTER_GIS","display_rank":854,"lon":50.073204,"lat":40.360737},"geometry":{"type":"Point","coordinates":[50.0732039,40.360736700000004]}},{"type":"Feature","properties":{"poi_id":"OSM_cultural_10737772541","label":"Mir Mövsüm Ağa Məscidi","name_az":"Mir Mövsüm Ağa Məscidi","thesis_group":"HISTORICAL_CULTURAL","thesis_subtype":"place_of_worship","icon_id":"cultural_historic","name_quality":"NAMED","rayon":"Bakı şəhəri","rayon_id":"AZE_ADM2_54616110B61947743987915","verification_status":"PROVISIONAL","source_role":"MASTER_GIS","display_rank":944,"lon":50.20389,"lat":40.487644},"geometry":{"type":"Point","coordinates":[50.2038905,40.487644]}},{"type":"Feature","properties":{"poi_id":"OSM_cultural_10000054296","label":"Mir Mövsüm Ağa Ziyarətgahı","name_az":"Mir Mövsüm Ağa Ziyarətgahı","thesis_group":"HISTORICAL_CULTURAL","thesis_subtype":"place_of_worship","icon_id":"cultural_historic","name_quality":"NAMED","rayon":"Bakı şəhəri","rayon_id":"AZE_ADM2_54616110B61947743987915","verification_status":"PROVISIONAL","source_role":"MASTER_GIS","display_rank":846,"lon":50.204573,"lat":40.488084},"geometry":{"type":"Point","coordinates":[50.204572500000005,40.4880842]}},{"type":"Feature","properties":{"poi_id":"OSM_cultural_13116203501","label":"Mir Məhəmməd Ağanın Ziyarətgahı","name_az":"Mir Məhəmməd Ağanın Ziyarətgahı","thesis_group":"HISTORICAL_CULTURAL","thesis_subtype":"tomb","icon_id":"cultural_historic","name_quality":"NAMED","rayon":"Cəlilabad rayonu","rayon_id":"AZE_ADM2_54616110B78302808254353","verification_status":"PROVISIONAL","source_role":"MASTER_GIS","display_rank":1289,"lon":48.478498,"lat":39.191406},"geometry":{"type":"Point","coordinates":[48.4784975,39.1914055]}},{"type":"Feature","properties":{"poi_id":"OSM_cultural_6325168785","label":"Mirakhmad khan house","thesis_group":"HISTORICAL_CULTURAL","thesis_subtype":"museum","icon_id":"cultural_museum","name_quality":"NAMED","rayon":"Lənkəran şəhəri","rayon_id":"AZE_ADM2_54616110B92317303093203","verification_status":"PROVISIONAL","source_role":"MASTER_GIS","display_rank":2134,"lon":48.8563,"lat":38.754163},"geometry":{"type":"Point","coordinates":[48.8563004,38.754162900000004]}},{"type":"Feature","properties":{"poi_id":"OSM_cultural_13590729911","label":"Mirbağır Ağa Piri","name_az":"Mirbağır Ağa Piri","thesis_group":"HISTORICAL_CULTURAL","thesis_subtype":"place_of_worship","icon_id":"cultural_historic","name_quality":"NAMED","rayon":"Neftçala rayonu","rayon_id":"AZE_ADM2_54616110B40961788089107","verification_status":"PROVISIONAL","source_role":"MASTER_GIS","display_rank":1329,"lon":48.990804,"lat":39.60232},"geometry":{"type":"Point","coordinates":[48.9908038,39.6023197]}},{"type":"Feature","properties":{"poi_id":"OSM_cultural_12837555001","label":"Mirzə Adıgözəl Türbəsi \\ Rəhimli","name_az":"Mirzə Adıgözəl Türbəsi \\ Rəhimli","thesis_group":"HISTORICAL_CULTURAL","thesis_subtype":"place_of_worship","icon_id":"cultural_historic","name_quality":"NAMED","rayon":"Goranboy rayonu","rayon_id":"AZE_ADM2_54616110B75141866412524","verification_status":"PROVISIONAL","source_role":"MASTER_GIS","display_rank":1262,"lon":46.743543,"lat":40.580231},"geometry":{"type":"Point","coordinates":[46.743543100000004,40.5802312]}},{"type":"Feature","properties":{"poi_id":"OSM_cultural_3036632817","label":"Mirzə Fətəli Axundovun heykəli","name_az":"Mirzə Fətəli Axundovun heykəli","thesis_group":"HISTORICAL_CULTURAL","thesis_subtype":"memorial","icon_id":"cultural_historic","name_quality":"NAMED","rayon":"Bakı şəhəri","rayon_id":"AZE_ADM2_54616110B61947743987915","verification_status":"PROVISIONAL","source_role":"MASTER_GIS","display_rank":82,"lon":49.8298,"lat":40.368138},"geometry":{"type":"Point","coordinates":[49.8298002,40.368138200000004]}},{"type":"Feature","properties":{"poi_id":"OSM_cultural_3034135291","label":"Mirzə Ələkbər Sabir Tahirzadə","name_az":"Mirzə Ələkbər Sabir Tahirzadə","thesis_group":"HISTORICAL_CULTURAL","thesis_subtype":"memorial","icon_id":"cultural_historic","name_quality":"NAMED","rayon":"Bakı şəhəri","rayon_id":"AZE_ADM2_54616110B61947743987915","verification_status":"PROVISIONAL","source_role":"MASTER_GIS","display_rank":78,"lon":49.834464,"lat":40.368705},"geometry":{"type":"Point","coordinates":[49.834464000000004,40.3687047]}},{"type":"Feature","properties":{"poi_id":"OSM_cultural_7784240431","label":"Mirzə Ələkbər Sabir abidəsi","name_az":"Mirzə Ələkbər Sabir abidəsi","thesis_group":"HISTORICAL_CULTURAL","thesis_subtype":"memorial","icon_id":"cultural_historic","name_quality":"NAMED","rayon":"Şamaxı rayonu","rayon_id":"AZE_ADM2_54616110B16651088424667","verification_status":"PROVISIONAL","source_role":"MASTER_GIS","display_rank":544,"lon":48.632846,"lat":40.632307},"geometry":{"type":"Point","coordinates":[48.6328456,40.6323074]}},{"type":"Feature","properties":{"poi_id":"OSM_cultural_7815974777","label":"Mirzə Ələkbər Sabir heykəli","name_az":"Mirzə Ələkbər Sabir heykəli","thesis_group":"HISTORICAL_CULTURAL","thesis_subtype":"memorial","icon_id":"cultural_historic","name_quality":"NAMED","rayon":"Bakı şəhəri","rayon_id":"AZE_ADM2_54616110B61947743987915","verification_status":"PROVISIONAL","source_role":"MASTER_GIS","display_rank":571,"lon":49.921629,"lat":40.45899},"geometry":{"type":"Point","coordinates":[49.921629,40.4589896]}},{"type":"Feature","properties":{"poi_id":"OSM_cultural_3326770910","label":"Mirəsədulla Mirqasımov heykəli","name_az":"Mirəsədulla Mirqasımov heykəli","thesis_group":"HISTORICAL_CULTURAL","thesis_subtype":"memorial","icon_id":"cultural_historic","name_quality":"NAMED","rayon":"Bakı şəhəri","rayon_id":"AZE_ADM2_54616110B61947743987915","verification_status":"PROVISIONAL","source_role":"MASTER_GIS","display_rank":107,"lon":49.756893,"lat":40.448983},"geometry":{"type":"Point","coordinates":[49.756892500000006,40.4489833]}},{"type":"Feature","properties":{"poi_id":"OSM_cultural_13590729709","label":"Mirəşrəf Ağa Məscidi","name_az":"Mirəşrəf Ağa Məscidi","thesis_group":"HISTORICAL_CULTURAL","thesis_subtype":"place_of_worship","icon_id":"cultural_historic","name_quality":"NAMED","rayon":"Salyan rayonu","rayon_id":"AZE_ADM2_54616110B55207089168458","verification_status":"PROVISIONAL","source_role":"MASTER_GIS","display_rank":1325,"lon":48.979215,"lat":39.595444},"geometry":{"type":"Point","coordinates":[48.9792153,39.595443700000004]}},{"type":"Feature","properties":{"poi_id":"OSM_cultural_7943216936","label":"Miyanə Məscid","name_az":"Miyanə Məscid","thesis_group":"HISTORICAL_CULTURAL","thesis_subtype":"place_of_worship","icon_id":"cultural_historic","name_quality":"NAMED","rayon":"Oğuz rayonu","rayon_id":"AZE_ADM2_54616110B99657283459996","verification_status":"PROVISIONAL","source_role":"MASTER_GIS","display_rank":616,"lon":47.370569,"lat":41.078282},"geometry":{"type":"Point","coordinates":[47.370568500000005,41.078281600000004]}},{"type":"Feature","properties":{"poi_id":"OSM_cultural_5858976189","label":"Molla Panah Vaqif Heykəli","name_az":"Molla Panah Vaqif Heykəli","thesis_group":"HISTORICAL_CULTURAL","thesis_subtype":"monument","icon_id":"cultural_monument","name_quality":"NAMED","rayon":"Qazax rayonu","rayon_id":"AZE_ADM2_54616110B43488292017990","verification_status":"PROVISIONAL","source_role":"MASTER_GIS","display_rank":292,"lon":45.266096,"lat":41.239126},"geometry":{"type":"Point","coordinates":[45.266096000000005,41.2391262]}},{"type":"Feature","properties":{"poi_id":"OSM_cultural_10702671066","label":"Molla Pənah Vaqifin Büstü","name_az":"Molla Pənah Vaqifin Büstü","thesis_group":"HISTORICAL_CULTURAL","thesis_subtype":"memorial","icon_id":"cultural_historic","name_quality":"NAMED","rayon":"Xocalı rayonu","rayon_id":"AZE_ADM2_54616110B87325868620163","verification_status":"PROVISIONAL","source_role":"MASTER_GIS","display_rank":936,"lon":46.752284,"lat":39.759488},"geometry":{"type":"Point","coordinates":[46.7522837,39.7594876]}},{"type":"Feature","properties":{"poi_id":"OSM_cultural_9719038478","label":"Molokan İcması Bakı","name_az":"Molokan İcması Bakı","thesis_group":"HISTORICAL_CULTURAL","thesis_subtype":"place_of_worship","icon_id":"cultural_historic","name_quality":"NAMED","rayon":"Bakı şəhəri","rayon_id":"AZE_ADM2_54616110B61947743987915","verification_status":"PROVISIONAL","source_role":"MASTER_GIS","display_rank":817,"lon":49.861336,"lat":40.39786},"geometry":{"type":"Point","coordinates":[49.861336200000004,40.397860200000004]}},{"type":"Feature","properties":{"poi_id":"OSM_cultural_5145360224","label":"Monastır","name_az":"Monastır","thesis_group":"HISTORICAL_CULTURAL","thesis_subtype":"attraction","icon_id":"cultural_historic","name_quality":"NAMED","rayon":"Kəlbəcər rayonu","rayon_id":"AZE_ADM2_54616110B37358032697149","verification_status":"PROVISIONAL","source_role":"MASTER_GIS","display_rank":252,"lon":46.344058,"lat":40.137665},"geometry":{"type":"Point","coordinates":[46.3440585,40.1376654]}},{"type":"Feature","properties":{"poi_id":"OSM_cultural_12453648925","label":"Mosul Məscidi","name_az":"Mosul Məscidi","thesis_group":"HISTORICAL_CULTURAL","thesis_subtype":"place_of_worship","icon_id":"cultural_historic","name_quality":"NAMED","rayon":"Zaqatala rayonu","rayon_id":"AZE_ADM2_54616110B4759617374649","verification_status":"PROVISIONAL","source_role":"MASTER_GIS","display_rank":1213,"lon":46.57529,"lat":41.442827},"geometry":{"type":"Point","coordinates":[46.575289500000004,41.4428269]}},{"type":"Feature","properties":{"poi_id":"OSM_cultural_7943354585","label":"Mukhas Castle 14th cen.","thesis_group":"HISTORICAL_CULTURAL","thesis_subtype":"castle","icon_id":"cultural_castle","name_quality":"NAMED","rayon":"Oğuz rayonu","rayon_id":"AZE_ADM2_54616110B99657283459996","verification_status":"PROVISIONAL","source_role":"MASTER_GIS","display_rank":2158,"lon":47.40217,"lat":41.12768},"geometry":{"type":"Point","coordinates":[47.4021703,41.1276798]}},{"type":"Feature","properties":{"poi_id":"OSM_cultural_6755517420","label":"Murovdağ Şəhidlərinin Xatirəsinə","name_az":"Murovdağ Şəhidlərinin Xatirəsinə","thesis_group":"HISTORICAL_CULTURAL","thesis_subtype":"memorial","icon_id":"cultural_historic","name_quality":"NAMED","rayon":"Göygöl rayonu","rayon_id":"AZE_ADM2_54616110B13615645655589","verification_status":"PROVISIONAL","source_role":"MASTER_GIS","display_rank":350,"lon":46.334178,"lat":40.450665},"geometry":{"type":"Point","coordinates":[46.3341779,40.4506652]}},{"type":"Feature","properties":{"poi_id":"OSM_cultural_10040373102","label":"Murtuza Muxtarov heykəli","name_az":"Murtuza Muxtarov heykəli","thesis_group":"HISTORICAL_CULTURAL","thesis_subtype":"memorial","icon_id":"cultural_historic","name_quality":"NAMED","rayon":"Bakı şəhəri","rayon_id":"AZE_ADM2_54616110B61947743987915","verification_status":"PROVISIONAL","source_role":"MASTER_GIS","display_rank":864,"lon":49.992637,"lat":40.422554},"geometry":{"type":"Point","coordinates":[49.992637,40.4225536]}},{"type":"Feature","properties":{"poi_id":"OSM_cultural_7692642745","label":"Musa Peyğəmbər Məscidi","name_az":"Musa Peyğəmbər Məscidi","thesis_group":"HISTORICAL_CULTURAL","thesis_subtype":"place_of_worship","icon_id":"cultural_historic","name_quality":"NAMED","rayon":"Qusar rayonu","rayon_id":"AZE_ADM2_54616110B21517829058101","verification_status":"PROVISIONAL","source_role":"MASTER_GIS","display_rank":420,"lon":48.430669,"lat":41.531186},"geometry":{"type":"Point","coordinates":[48.430668700000005,41.5311861]}},{"type":"Feature","properties":{"poi_id":"OSM_cultural_4356471292","label":"Museum of Modern Art","thesis_group":"HISTORICAL_CULTURAL","thesis_subtype":"museum","icon_id":"cultural_museum","name_quality":"NAMED","rayon":"Bakı şəhəri","rayon_id":"AZE_ADM2_54616110B61947743987915","verification_status":"PROVISIONAL","source_role":"MASTER_GIS","display_rank":2092,"lon":49.864607,"lat":40.378095},"geometry":{"type":"Point","coordinates":[49.864606800000004,40.3780948]}},{"type":"Feature","properties":{"poi_id":"OSM_cultural_9812774518","label":"Musiqi Mədəniyyət Muzeyi","name_az":"Musiqi Mədəniyyət Muzeyi","thesis_group":"HISTORICAL_CULTURAL","thesis_subtype":"museum","icon_id":"cultural_museum","name_quality":"NAMED","rayon":"Bakı şəhəri","rayon_id":"AZE_ADM2_54616110B61947743987915","verification_status":"PROVISIONAL","source_role":"MASTER_GIS","display_rank":821,"lon":49.847409,"lat":40.372707},"geometry":{"type":"Point","coordinates":[49.847408800000004,40.3727072]}},{"type":"Feature","properties":{"poi_id":"OSM_cultural_7693131673","label":"Mustafa Kazdal Məscidi","name_az":"Mustafa Kazdal Məscidi","thesis_group":"HISTORICAL_CULTURAL","thesis_subtype":"place_of_worship","icon_id":"cultural_historic","name_quality":"NAMED","rayon":"Qusar rayonu","rayon_id":"AZE_ADM2_54616110B21517829058101","verification_status":"PROVISIONAL","source_role":"MASTER_GIS","display_rank":431,"lon":48.415187,"lat":41.418781},"geometry":{"type":"Point","coordinates":[48.415187,41.4187813]}},{"type":"Feature","properties":{"poi_id":"OSM_cultural_9367028017","label":"Mustafa Kemal Atatürk","name_az":"Mustafa Kemal Atatürk","thesis_group":"HISTORICAL_CULTURAL","thesis_subtype":"monument","icon_id":"cultural_monument","name_quality":"NAMED","rayon":"Naxçıvan şəhəri","rayon_id":"AZE_ADM2_54616110B79262118902245","verification_status":"PROVISIONAL","source_role":"MASTER_GIS","display_rank":790,"lon":45.407058,"lat":39.212645},"geometry":{"type":"Point","coordinates":[45.407057800000004,39.212644600000004]}},{"type":"Feature","properties":{"poi_id":"OSM_cultural_7943354609","label":"Muxas Məscidi","name_az":"Muxas Məscidi","thesis_group":"HISTORICAL_CULTURAL","thesis_subtype":"place_of_worship","icon_id":"cultural_historic","name_quality":"NAMED","rayon":"Oğuz rayonu","rayon_id":"AZE_ADM2_54616110B99657283459996","verification_status":"PROVISIONAL","source_role":"MASTER_GIS","display_rank":617,"lon":47.385251,"lat":41.105602},"geometry":{"type":"Point","coordinates":[47.3852509,41.1056016]}},{"type":"Feature","properties":{"poi_id":"OSM_cultural_6570765239","label":"Muzey Gəncə Darvazaları","name_az":"Muzey Gəncə Darvazaları","thesis_group":"HISTORICAL_CULTURAL","thesis_subtype":"museum","icon_id":"cultural_museum","name_quality":"NAMED","rayon":"Samux rayonu","rayon_id":"AZE_ADM2_54616110B65018719015844","verification_status":"PROVISIONAL","source_role":"MASTER_GIS","display_rank":344,"lon":46.480897,"lat":40.689643},"geometry":{"type":"Point","coordinates":[46.4808971,40.6896429]}},{"type":"Feature","properties":{"poi_id":"OSM_cultural_None","label":"Muzey Mərkəzi","name_az":"Muzey Mərkəzi","thesis_group":"HISTORICAL_CULTURAL","thesis_subtype":"museum","icon_id":"cultural_museum","name_quality":"NAMED","rayon":"Bakı şəhəri","rayon_id":"AZE_ADM2_54616110B61947743987915","verification_status":"PROVISIONAL","source_role":"MASTER_GIS","display_rank":1390,"lon":49.842563,"lat":40.369745},"geometry":{"type":"Point","coordinates":[49.84256255,40.36974490000001]}},{"type":"Feature","properties":{"poi_id":"OSM_cultural_12076060986","label":"Muğam Muzeyi","name_az":"Muğam Muzeyi","thesis_group":"HISTORICAL_CULTURAL","thesis_subtype":"museum","icon_id":"cultural_museum","name_quality":"NAMED","rayon":"Xocalı rayonu","rayon_id":"AZE_ADM2_54616110B87325868620163","verification_status":"PROVISIONAL","source_role":"MASTER_GIS","display_rank":1121,"lon":46.754151,"lat":39.818131},"geometry":{"type":"Point","coordinates":[46.754151,39.818131300000005]}},{"type":"Feature","properties":{"poi_id":"OSM_cultural_2981229419","label":"Möminə Xatun məqbərəsi","name_az":"Möminə Xatun məqbərəsi","thesis_group":"HISTORICAL_CULTURAL","thesis_subtype":"monument","icon_id":"cultural_monument","name_quality":"NAMED","rayon":"Naxçıvan şəhəri","rayon_id":"AZE_ADM2_54616110B79262118902245","verification_status":"PROVISIONAL","source_role":"MASTER_GIS","display_rank":71,"lon":45.406514,"lat":39.204884},"geometry":{"type":"Point","coordinates":[45.4065139,39.2048842]}},{"type":"Feature","properties":{"poi_id":"OSM_cultural_7775288301","label":"Mömünəxatın Məscidi","name_az":"Mömünəxatın Məscidi","thesis_group":"HISTORICAL_CULTURAL","thesis_subtype":"place_of_worship","icon_id":"cultural_historic","name_quality":"NAMED","rayon":"Ağsu rayonu","rayon_id":"AZE_ADM2_54616110B12323901372431","verification_status":"PROVISIONAL","source_role":"MASTER_GIS","display_rank":532,"lon":48.390763,"lat":40.674324},"geometry":{"type":"Point","coordinates":[48.390762800000005,40.674324000000006]}},{"type":"Feature","properties":{"poi_id":"OSM_cultural_9634225504","label":"Mübarizlər Məscidi","name_az":"Mübarizlər Məscidi","thesis_group":"HISTORICAL_CULTURAL","thesis_subtype":"place_of_worship","icon_id":"cultural_historic","name_quality":"NAMED","rayon":"Samux rayonu","rayon_id":"AZE_ADM2_54616110B65018719015844","verification_status":"PROVISIONAL","source_role":"MASTER_GIS","display_rank":809,"lon":46.244953,"lat":41.173431},"geometry":{"type":"Point","coordinates":[46.244952700000006,41.1734312]}},{"type":"Feature","properties":{"poi_id":"OSM_cultural_7691450143","label":"Mübarək Məscid","name_az":"Mübarək Məscid","thesis_group":"HISTORICAL_CULTURAL","thesis_subtype":"place_of_worship","icon_id":"cultural_historic","name_quality":"NAMED","rayon":"Xaçmaz rayonu","rayon_id":"AZE_ADM2_54616110B89497242950609","verification_status":"PROVISIONAL","source_role":"MASTER_GIS","display_rank":395,"lon":48.613778,"lat":41.658255},"geometry":{"type":"Point","coordinates":[48.6137778,41.6582547]}},{"type":"Feature","properties":{"poi_id":"OSM_cultural_1470829538","label":"Müqəddəs Georgi Gürcü kilsəsi \\ Qax İngiiloy","name_az":"Müqəddəs Georgi Gürcü kilsəsi \\ Qax İngiiloy","thesis_group":"HISTORICAL_CULTURAL","thesis_subtype":"place_of_worship","icon_id":"cultural_historic","name_quality":"NAMED","rayon":"Qax rayonu","rayon_id":"AZE_ADM2_54616110B49356278605879","verification_status":"PROVISIONAL","source_role":"MASTER_GIS","display_rank":6,"lon":46.943584,"lat":41.425629},"geometry":{"type":"Point","coordinates":[46.9435835,41.4256289]}},{"type":"Feature","properties":{"poi_id":"OSM_cultural_2279169160","label":"Müqəddəs Hambardzum Kilsəsi","name_az":"Müqəddəs Hambardzum Kilsəsi","thesis_group":"HISTORICAL_CULTURAL","thesis_subtype":"place_of_worship","icon_id":"cultural_historic","name_quality":"NAMED","rayon":"Laçın rayonu","rayon_id":"AZE_ADM2_54616110B46945931752574","verification_status":"PROVISIONAL","source_role":"MASTER_GIS","display_rank":43,"lon":46.540548,"lat":39.632555},"geometry":{"type":"Point","coordinates":[46.540548400000006,39.6325553]}},{"type":"Feature","properties":{"poi_id":"OSM_cultural_3812557465","label":"Müqəddəs Mürdaşıyan Zənənlər Başkilsəsi","name_az":"Müqəddəs Mürdaşıyan Zənənlər Başkilsəsi","thesis_group":"HISTORICAL_CULTURAL","thesis_subtype":"attraction","icon_id":"cultural_historic","name_quality":"NAMED","rayon":"Bakı şəhəri","rayon_id":"AZE_ADM2_54616110B61947743987915","verification_status":"PROVISIONAL","source_role":"MASTER_GIS","display_rank":173,"lon":49.821061,"lat":40.38973},"geometry":{"type":"Point","coordinates":[49.8210612,40.389730400000005]}},{"type":"Feature","properties":{"poi_id":"OSM_cultural_8859255025","label":"Müqəddəs Məryəm Ananın Miladı kilsəsi","name_az":"Müqəddəs Məryəm Ananın Miladı kilsəsi","thesis_group":"HISTORICAL_CULTURAL","thesis_subtype":"place_of_worship","icon_id":"cultural_historic","name_quality":"NAMED","rayon":"Bakı şəhəri","rayon_id":"AZE_ADM2_54616110B61947743987915","verification_status":"PROVISIONAL","source_role":"MASTER_GIS","display_rank":760,"lon":49.847235,"lat":40.381838},"geometry":{"type":"Point","coordinates":[49.8472353,40.381837700000005]}},{"type":"Feature","properties":{"poi_id":"OSM_cultural_2779930608","label":"Müqəddəs Qriqori kilsəsi","name_az":"Müqəddəs Qriqori kilsəsi","thesis_group":"HISTORICAL_CULTURAL","thesis_subtype":"attraction","icon_id":"cultural_historic","name_quality":"NAMED","rayon":"Bakı şəhəri","rayon_id":"AZE_ADM2_54616110B61947743987915","verification_status":"PROVISIONAL","source_role":"MASTER_GIS","display_rank":51,"lon":49.836439,"lat":40.371664},"geometry":{"type":"Point","coordinates":[49.8364391,40.3716638]}},{"type":"Feature","properties":{"poi_id":"OSM_cultural_6010363187","label":"Müqəddəs Tanrı Anasının Kilsəsi Bulun","name_az":"Müqəddəs Tanrı Anasının Kilsəsi Bulun","thesis_group":"HISTORICAL_CULTURAL","thesis_subtype":"place_of_worship","icon_id":"cultural_historic","name_quality":"NAMED","rayon":"Qəbələ rayonu","rayon_id":"AZE_ADM2_54616110B33746839775993","verification_status":"PROVISIONAL","source_role":"MASTER_GIS","display_rank":325,"lon":47.664074,"lat":40.939638},"geometry":{"type":"Point","coordinates":[47.6640736,40.939638200000005]}},{"type":"Feature","properties":{"poi_id":"OSM_cultural_8536792884","label":"Müqəddəs Yelisey Kilsəsi Silin","name_az":"Müqəddəs Yelisey Kilsəsi Silin","thesis_group":"HISTORICAL_CULTURAL","thesis_subtype":"place_of_worship","icon_id":"cultural_historic","name_quality":"NAMED","rayon":"Qəbələ rayonu","rayon_id":"AZE_ADM2_54616110B33746839775993","verification_status":"PROVISIONAL","source_role":"MASTER_GIS","display_rank":736,"lon":47.65457,"lat":40.92029},"geometry":{"type":"Point","coordinates":[47.6545695,40.9202899]}},{"type":"Feature","properties":{"poi_id":"OSM_cultural_3303227547","label":"Müqəddəs Yelisey kilsəsi","name_az":"Müqəddəs Yelisey kilsəsi","thesis_group":"HISTORICAL_CULTURAL","thesis_subtype":"attraction","icon_id":"cultural_historic","name_quality":"NAMED","rayon":"Şəki rayonu","rayon_id":"AZE_ADM2_54616110B25010354244926","verification_status":"PROVISIONAL","source_role":"MASTER_GIS","display_rank":104,"lon":47.1932,"lat":41.248997},"geometry":{"type":"Point","coordinates":[47.1931996,41.2489968]}},{"type":"Feature","properties":{"poi_id":"OSM_cultural_5380746638","label":"Müqəddəs Yelisey kilsəsi Jotari","name_az":"Müqəddəs Yelisey kilsəsi Jotari","thesis_group":"HISTORICAL_CULTURAL","thesis_subtype":"attraction","icon_id":"cultural_historic","name_quality":"NAMED","rayon":"Qəbələ rayonu","rayon_id":"AZE_ADM2_54616110B33746839775993","verification_status":"PROVISIONAL","source_role":"MASTER_GIS","display_rank":262,"lon":47.657978,"lat":40.92895},"geometry":{"type":"Point","coordinates":[47.657978,40.9289499]}},{"type":"Feature","properties":{"poi_id":"OSM_cultural_12652984770","label":"Müqəddəs İohann kilsəsi","name_az":"Müqəddəs İohann kilsəsi","thesis_group":"HISTORICAL_CULTURAL","thesis_subtype":"place_of_worship","icon_id":"cultural_historic","name_quality":"NAMED","rayon":"Göygöl rayonu","rayon_id":"AZE_ADM2_54616110B13615645655589","verification_status":"PROVISIONAL","source_role":"MASTER_GIS","display_rank":1241,"lon":46.318986,"lat":40.587586},"geometry":{"type":"Point","coordinates":[46.318985700000006,40.5875859]}},{"type":"Feature","properties":{"poi_id":"OSM_cultural_14052112809","label":"Mürsəlqulu kənd xanım Zeynəb Məscidi","name_az":"Mürsəlqulu kənd xanım Zeynəb Məscidi","thesis_group":"HISTORICAL_CULTURAL","thesis_subtype":"place_of_worship","icon_id":"cultural_historic","name_quality":"NAMED","rayon":"Neftçala rayonu","rayon_id":"AZE_ADM2_54616110B40961788089107","verification_status":"PROVISIONAL","source_role":"MASTER_GIS","display_rank":1374,"lon":48.812849,"lat":39.318558},"geometry":{"type":"Point","coordinates":[48.8128486,39.3185579]}},{"type":"Feature","properties":{"poi_id":"OSM_cultural_12089301227","label":"Müseyib Allahverdiyev heykəli","name_az":"Müseyib Allahverdiyev heykəli","thesis_group":"HISTORICAL_CULTURAL","thesis_subtype":"memorial","icon_id":"cultural_historic","name_quality":"NAMED","rayon":"Qazax rayonu","rayon_id":"AZE_ADM2_54616110B43488292017990","verification_status":"PROVISIONAL","source_role":"MASTER_GIS","display_rank":1129,"lon":45.352062,"lat":41.090453},"geometry":{"type":"Point","coordinates":[45.352061500000005,41.0904529]}},{"type":"Feature","properties":{"poi_id":"OSM_cultural_11136815605","label":"Müslüm Maqomayev heykəli","name_az":"Müslüm Maqomayev heykəli","thesis_group":"HISTORICAL_CULTURAL","thesis_subtype":"memorial","icon_id":"cultural_historic","name_quality":"NAMED","rayon":"Bakı şəhəri","rayon_id":"AZE_ADM2_54616110B61947743987915","verification_status":"PROVISIONAL","source_role":"MASTER_GIS","display_rank":997,"lon":49.840304,"lat":40.366766},"geometry":{"type":"Point","coordinates":[49.840303600000006,40.3667658]}},{"type":"Feature","properties":{"poi_id":"OSM_cultural_4486706494","label":"Müslüm Maqomayev qəbri","name_az":"Müslüm Maqomayev qəbri","thesis_group":"HISTORICAL_CULTURAL","thesis_subtype":"attraction","icon_id":"cultural_historic","name_quality":"NAMED","rayon":"Bakı şəhəri","rayon_id":"AZE_ADM2_54616110B61947743987915","verification_status":"PROVISIONAL","source_role":"MASTER_GIS","display_rank":210,"lon":49.820896,"lat":40.361975},"geometry":{"type":"Point","coordinates":[49.8208963,40.3619746]}},{"type":"Feature","properties":{"poi_id":"OSM_cultural_8194864080","label":"Müstəqillik Məscidi","name_az":"Müstəqillik Məscidi","thesis_group":"HISTORICAL_CULTURAL","thesis_subtype":"place_of_worship","icon_id":"cultural_historic","name_quality":"NAMED","rayon":"Balakən rayonu","rayon_id":"AZE_ADM2_54616110B63924922129682","verification_status":"PROVISIONAL","source_role":"MASTER_GIS","display_rank":686,"lon":46.417676,"lat":41.653631},"geometry":{"type":"Point","coordinates":[46.4176762,41.6536314]}},{"type":"Feature","properties":{"poi_id":"OSM_cultural_9450879975","label":"Mədrəsə","name_az":"Mədrəsə","thesis_group":"HISTORICAL_CULTURAL","thesis_subtype":"place_of_worship","icon_id":"cultural_historic","name_quality":"NAMED","rayon":"Mingəçevir şəhəri","rayon_id":"AZE_ADM2_54616110B16521863868797","verification_status":"PROVISIONAL","source_role":"MASTER_GIS","display_rank":797,"lon":47.052692,"lat":40.761133},"geometry":{"type":"Point","coordinates":[47.052691900000006,40.761133300000004]}},{"type":"Feature","properties":{"poi_id":"OSM_cultural_7707481213","label":"Mədrəsə Məscid","name_az":"Mədrəsə Məscid","thesis_group":"HISTORICAL_CULTURAL","thesis_subtype":"place_of_worship","icon_id":"cultural_historic","name_quality":"NAMED","rayon":"Quba rayonu","rayon_id":"AZE_ADM2_54616110B77048085748362","verification_status":"PROVISIONAL","source_role":"MASTER_GIS","display_rank":475,"lon":48.329729,"lat":41.182094},"geometry":{"type":"Point","coordinates":[48.3297291,41.182093900000005]}},{"type":"Feature","properties":{"poi_id":"OSM_cultural_9036273619","label":"Məhşər Məscidi \\ Qarabağlı Ağsu","name_az":"Məhşər Məscidi \\ Qarabağlı Ağsu","thesis_group":"HISTORICAL_CULTURAL","thesis_subtype":"place_of_worship","icon_id":"cultural_historic","name_quality":"NAMED","rayon":"Ağsu rayonu","rayon_id":"AZE_ADM2_54616110B12323901372431","verification_status":"PROVISIONAL","source_role":"MASTER_GIS","display_rank":765,"lon":48.388306,"lat":40.501706},"geometry":{"type":"Point","coordinates":[48.388305900000006,40.501706000000006]}},{"type":"Feature","properties":{"poi_id":"OSM_cultural_8194864090","label":"Məhəbbət Məscidi","name_az":"Məhəbbət Məscidi","thesis_group":"HISTORICAL_CULTURAL","thesis_subtype":"place_of_worship","icon_id":"cultural_historic","name_quality":"NAMED","rayon":"Balakən rayonu","rayon_id":"AZE_ADM2_54616110B63924922129682","verification_status":"PROVISIONAL","source_role":"MASTER_GIS","display_rank":693,"lon":46.367868,"lat":41.63392},"geometry":{"type":"Point","coordinates":[46.367867600000004,41.6339203]}},{"type":"Feature","properties":{"poi_id":"OSM_cultural_10751497669","label":"Məhəllə Məscidi","name_az":"Məhəllə Məscidi","thesis_group":"HISTORICAL_CULTURAL","thesis_subtype":"place_of_worship","icon_id":"cultural_historic","name_quality":"NAMED","rayon":"Bakı şəhəri","rayon_id":"AZE_ADM2_54616110B61947743987915","verification_status":"PROVISIONAL","source_role":"MASTER_GIS","display_rank":953,"lon":50.164152,"lat":40.441139},"geometry":{"type":"Point","coordinates":[50.164152200000004,40.4411386]}},{"type":"Feature","properties":{"poi_id":"OSM_cultural_7993282088","label":"Məhəllə məscidi","name_az":"Məhəllə məscidi","thesis_group":"HISTORICAL_CULTURAL","thesis_subtype":"place_of_worship","icon_id":"cultural_historic","name_quality":"NAMED","rayon":"Şəki şəhəri","rayon_id":"AZE_ADM2_54616110B24616396985677","verification_status":"PROVISIONAL","source_role":"MASTER_GIS","display_rank":630,"lon":47.179526,"lat":41.23029},"geometry":{"type":"Point","coordinates":[47.179525500000004,41.2302905]}},{"type":"Feature","properties":{"poi_id":"OSM_cultural_2081894222","label":"Məhəmməd Fizulinin heykəli","name_az":"Məhəmməd Fizulinin heykəli","thesis_group":"HISTORICAL_CULTURAL","thesis_subtype":"memorial","icon_id":"cultural_historic","name_quality":"NAMED","rayon":"Gəncə şəhəri","rayon_id":"AZE_ADM2_54616110B84154267491992","verification_status":"PROVISIONAL","source_role":"MASTER_GIS","display_rank":38,"lon":46.3855,"lat":40.687556},"geometry":{"type":"Point","coordinates":[46.385500300000004,40.6875565]}},{"type":"Feature","properties":{"poi_id":"OSM_cultural_3034550354","label":"Məhəmməd Füzuli heykəli","name_az":"Məhəmməd Füzuli heykəli","thesis_group":"HISTORICAL_CULTURAL","thesis_subtype":"memorial","icon_id":"cultural_historic","name_quality":"NAMED","rayon":"Bakı şəhəri","rayon_id":"AZE_ADM2_54616110B61947743987915","verification_status":"PROVISIONAL","source_role":"MASTER_GIS","display_rank":80,"lon":49.831977,"lat":40.375451},"geometry":{"type":"Point","coordinates":[49.831977,40.3754507]}},{"type":"Feature","properties":{"poi_id":"OSM_cultural_5004580825","label":"Məhəmməd Məscidi","name_az":"Məhəmməd Məscidi","thesis_group":"HISTORICAL_CULTURAL","thesis_subtype":"place_of_worship","icon_id":"cultural_historic","name_quality":"NAMED","rayon":"Bakı şəhəri","rayon_id":"AZE_ADM2_54616110B61947743987915","verification_status":"PROVISIONAL","source_role":"MASTER_GIS","display_rank":246,"lon":49.83467,"lat":40.365388},"geometry":{"type":"Point","coordinates":[49.834670200000005,40.3653885]}},{"type":"Feature","properties":{"poi_id":"OSM_cultural_7691306170","label":"Məhəmməd Peyğəmbər Məscidi","name_az":"Məhəmməd Peyğəmbər Məscidi","thesis_group":"HISTORICAL_CULTURAL","thesis_subtype":"place_of_worship","icon_id":"cultural_historic","name_quality":"NAMED","rayon":"Xaçmaz rayonu","rayon_id":"AZE_ADM2_54616110B89497242950609","verification_status":"PROVISIONAL","source_role":"MASTER_GIS","display_rank":393,"lon":48.671494,"lat":41.677173},"geometry":{"type":"Point","coordinates":[48.671493500000004,41.677173100000005]}},{"type":"Feature","properties":{"poi_id":"OSM_cultural_7691577143","label":"Məhəmməd Peyğəmbər Məscidi","name_az":"Məhəmməd Peyğəmbər Məscidi","thesis_group":"HISTORICAL_CULTURAL","thesis_subtype":"place_of_worship","icon_id":"cultural_historic","name_quality":"NAMED","rayon":"Qusar rayonu","rayon_id":"AZE_ADM2_54616110B21517829058101","verification_status":"PROVISIONAL","source_role":"MASTER_GIS","display_rank":400,"lon":48.502072,"lat":41.662723},"geometry":{"type":"Point","coordinates":[48.5020718,41.6627233]}},{"type":"Feature","properties":{"poi_id":"OSM_cultural_10038012803","label":"Məhəmməd Sadiq İmamzadə Məscidi","name_az":"Məhəmməd Sadiq İmamzadə Məscidi","thesis_group":"HISTORICAL_CULTURAL","thesis_subtype":"place_of_worship","icon_id":"cultural_historic","name_quality":"NAMED","rayon":"Bakı şəhəri","rayon_id":"AZE_ADM2_54616110B61947743987915","verification_status":"PROVISIONAL","source_role":"MASTER_GIS","display_rank":861,"lon":49.973776,"lat":40.432553},"geometry":{"type":"Point","coordinates":[49.973775700000004,40.4325531]}},{"type":"Feature","properties":{"poi_id":"OSM_cultural_8194864084","label":"Məhərrəmlik Məscidi","name_az":"Məhərrəmlik Məscidi","thesis_group":"HISTORICAL_CULTURAL","thesis_subtype":"place_of_worship","icon_id":"cultural_historic","name_quality":"NAMED","rayon":"Balakən rayonu","rayon_id":"AZE_ADM2_54616110B63924922129682","verification_status":"PROVISIONAL","source_role":"MASTER_GIS","display_rank":688,"lon":46.448007,"lat":41.664164},"geometry":{"type":"Point","coordinates":[46.4480066,41.664164]}},{"type":"Feature","properties":{"poi_id":"OSM_cultural_3643779148","label":"Məmmədəmin Rəsulzadə Abidəsi","name_az":"Məmmədəmin Rəsulzadə Abidəsi","thesis_group":"HISTORICAL_CULTURAL","thesis_subtype":"memorial","icon_id":"cultural_historic","name_quality":"NAMED","rayon":"Abşeron rayonu","rayon_id":"AZE_ADM2_54616110B88432173472444","verification_status":"PROVISIONAL","source_role":"MASTER_GIS","display_rank":157,"lon":49.78015,"lat":40.533562},"geometry":{"type":"Point","coordinates":[49.7801495,40.533561500000005]}},{"type":"Feature","properties":{"poi_id":"OSM_cultural_11557795002","label":"Mərdanxan Məscidi","name_az":"Mərdanxan Məscidi","thesis_group":"HISTORICAL_CULTURAL","thesis_subtype":"place_of_worship","icon_id":"cultural_historic","name_quality":"NAMED","rayon":"Şəmkir rayonu","rayon_id":"AZE_ADM2_54616110B57585842497805","verification_status":"PROVISIONAL","source_role":"MASTER_GIS","display_rank":1072,"lon":45.8649,"lat":40.921202},"geometry":{"type":"Point","coordinates":[45.8648998,40.921202400000006]}},{"type":"Feature","properties":{"poi_id":"OSM_cultural_10739776696","label":"Mərdəkan Dairəvi Qalası","name_az":"Mərdəkan Dairəvi Qalası","thesis_group":"HISTORICAL_CULTURAL","thesis_subtype":"castle","icon_id":"cultural_castle","name_quality":"NAMED","rayon":"Bakı şəhəri","rayon_id":"AZE_ADM2_54616110B61947743987915","verification_status":"PROVISIONAL","source_role":"MASTER_GIS","display_rank":945,"lon":50.147105,"lat":40.495727},"geometry":{"type":"Point","coordinates":[50.1471048,40.4957271]}},{"type":"Feature","properties":{"poi_id":"OSM_cultural_10705337409","label":"Mərdəkan Dördbucaq Qalası","name_az":"Mərdəkan Dördbucaq Qalası","thesis_group":"HISTORICAL_CULTURAL","thesis_subtype":"castle","icon_id":"cultural_castle","name_quality":"NAMED","rayon":"Bakı şəhəri","rayon_id":"AZE_ADM2_54616110B61947743987915","verification_status":"PROVISIONAL","source_role":"MASTER_GIS","display_rank":938,"lon":50.140782,"lat":40.49213},"geometry":{"type":"Point","coordinates":[50.140782300000005,40.492130100000004]}},{"type":"Feature","properties":{"poi_id":"OSM_cultural_13953910665","label":"Mərzəndiyə kənd Məscidi","name_az":"Mərzəndiyə kənd Məscidi","thesis_group":"HISTORICAL_CULTURAL","thesis_subtype":"place_of_worship","icon_id":"cultural_historic","name_quality":"NAMED","rayon":"Şamaxı rayonu","rayon_id":"AZE_ADM2_54616110B16651088424667","verification_status":"PROVISIONAL","source_role":"MASTER_GIS","display_rank":1358,"lon":48.732662,"lat":40.588149},"geometry":{"type":"Point","coordinates":[48.7326625,40.5881491]}},{"type":"Feature","properties":{"poi_id":"OSM_cultural_1654238127","label":"Məscid","name_az":"Məscid","thesis_group":"HISTORICAL_CULTURAL","thesis_subtype":"place_of_worship","icon_id":"cultural_historic","name_quality":"NAMED","rayon":"Bakı şəhəri","rayon_id":"AZE_ADM2_54616110B61947743987915","verification_status":"PROVISIONAL","source_role":"MASTER_GIS","display_rank":11,"lon":49.81134,"lat":40.347354},"geometry":{"type":"Point","coordinates":[49.8113405,40.347354200000005]}},{"type":"Feature","properties":{"poi_id":"OSM_cultural_2973191542","label":"Məscid","name_az":"Məscid","thesis_group":"HISTORICAL_CULTURAL","thesis_subtype":"place_of_worship","icon_id":"cultural_historic","name_quality":"NAMED","rayon":"Bakı şəhəri","rayon_id":"AZE_ADM2_54616110B61947743987915","verification_status":"PROVISIONAL","source_role":"MASTER_GIS","display_rank":65,"lon":50.213145,"lat":40.357701},"geometry":{"type":"Point","coordinates":[50.213144500000006,40.3577012]}},{"type":"Feature","properties":{"poi_id":"OSM_cultural_3088069224","label":"Məscid","name_az":"Məscid","thesis_group":"HISTORICAL_CULTURAL","thesis_subtype":"place_of_worship","icon_id":"cultural_historic","name_quality":"NAMED","rayon":"Abşeron rayonu","rayon_id":"AZE_ADM2_54616110B88432173472444","verification_status":"PROVISIONAL","source_role":"MASTER_GIS","display_rank":84,"lon":49.773025,"lat":40.535637},"geometry":{"type":"Point","coordinates":[49.773025000000004,40.535637]}},{"type":"Feature","properties":{"poi_id":"OSM_cultural_3299666761","label":"Məscid","name_az":"Məscid","thesis_group":"HISTORICAL_CULTURAL","thesis_subtype":"place_of_worship","icon_id":"cultural_historic","name_quality":"NAMED","rayon":"Babək rayonu","rayon_id":"AZE_ADM2_54616110B53070579367508","verification_status":"PROVISIONAL","source_role":"MASTER_GIS","display_rank":100,"lon":45.444713,"lat":39.159504},"geometry":{"type":"Point","coordinates":[45.4447132,39.1595036]}},{"type":"Feature","properties":{"poi_id":"OSM_cultural_3408623213","label":"Məscid","name_az":"Məscid","thesis_group":"HISTORICAL_CULTURAL","thesis_subtype":"place_of_worship","icon_id":"cultural_historic","name_quality":"NAMED","rayon":"Bakı şəhəri","rayon_id":"AZE_ADM2_54616110B61947743987915","verification_status":"PROVISIONAL","source_role":"MASTER_GIS","display_rank":115,"lon":50.022446,"lat":40.384568},"geometry":{"type":"Point","coordinates":[50.0224461,40.384568]}},{"type":"Feature","properties":{"poi_id":"OSM_cultural_3637038411","label":"Məscid","name_az":"Məscid","thesis_group":"HISTORICAL_CULTURAL","thesis_subtype":"place_of_worship","icon_id":"cultural_historic","name_quality":"NAMED","rayon":"Yardımlı rayonu","rayon_id":"AZE_ADM2_54616110B63590673188827","verification_status":"PROVISIONAL","source_role":"MASTER_GIS","display_rank":155,"lon":48.12409,"lat":38.921266},"geometry":{"type":"Point","coordinates":[48.1240905,38.921266100000004]}},{"type":"Feature","properties":{"poi_id":"OSM_cultural_3649019048","label":"Məscid","name_az":"Məscid","thesis_group":"HISTORICAL_CULTURAL","thesis_subtype":"place_of_worship","icon_id":"cultural_historic","name_quality":"NAMED","rayon":"Yardımlı rayonu","rayon_id":"AZE_ADM2_54616110B63590673188827","verification_status":"PROVISIONAL","source_role":"MASTER_GIS","display_rank":160,"lon":48.339011,"lat":38.982063},"geometry":{"type":"Point","coordinates":[48.339010800000004,38.9820634]}},{"type":"Feature","properties":{"poi_id":"OSM_cultural_3656277199","label":"Məscid","name_az":"Məscid","thesis_group":"HISTORICAL_CULTURAL","thesis_subtype":"place_of_worship","icon_id":"cultural_historic","name_quality":"NAMED","rayon":"Bakı şəhəri","rayon_id":"AZE_ADM2_54616110B61947743987915","verification_status":"PROVISIONAL","source_role":"MASTER_GIS","display_rank":162,"lon":49.63221,"lat":40.463928},"geometry":{"type":"Point","coordinates":[49.63220990000001,40.4639277]}},{"type":"Feature","properties":{"poi_id":"OSM_cultural_3914390198","label":"Məscid","name_az":"Məscid","thesis_group":"HISTORICAL_CULTURAL","thesis_subtype":"place_of_worship","icon_id":"cultural_historic","name_quality":"NAMED","rayon":"Astara rayonu","rayon_id":"AZE_ADM2_54616110B5213879595332","verification_status":"PROVISIONAL","source_role":"MASTER_GIS","display_rank":176,"lon":48.873562,"lat":38.49768},"geometry":{"type":"Point","coordinates":[48.8735617,38.4976805]}},{"type":"Feature","properties":{"poi_id":"OSM_cultural_6693351871","label":"Məscid","name_az":"Məscid","thesis_group":"HISTORICAL_CULTURAL","thesis_subtype":"place_of_worship","icon_id":"cultural_historic","name_quality":"NAMED","rayon":"Salyan rayonu","rayon_id":"AZE_ADM2_54616110B55207089168458","verification_status":"PROVISIONAL","source_role":"MASTER_GIS","display_rank":348,"lon":48.903731,"lat":39.595462},"geometry":{"type":"Point","coordinates":[48.903731300000004,39.595462100000006]}},{"type":"Feature","properties":{"poi_id":"OSM_cultural_6693351872","label":"Məscid","name_az":"Məscid","thesis_group":"HISTORICAL_CULTURAL","thesis_subtype":"place_of_worship","icon_id":"cultural_historic","name_quality":"NAMED","rayon":"Salyan rayonu","rayon_id":"AZE_ADM2_54616110B55207089168458","verification_status":"PROVISIONAL","source_role":"MASTER_GIS","display_rank":349,"lon":48.904008,"lat":39.594572},"geometry":{"type":"Point","coordinates":[48.9040085,39.594572]}},{"type":"Feature","properties":{"poi_id":"OSM_cultural_7669794183","label":"Məscid","name_az":"Məscid","thesis_group":"HISTORICAL_CULTURAL","thesis_subtype":"place_of_worship","icon_id":"cultural_historic","name_quality":"NAMED","rayon":"Qobustan rayonu","rayon_id":"AZE_ADM2_54616110B43271825035432","verification_status":"PROVISIONAL","source_role":"MASTER_GIS","display_rank":375,"lon":48.882685,"lat":40.567742},"geometry":{"type":"Point","coordinates":[48.882685300000006,40.567741500000004]}},{"type":"Feature","properties":{"poi_id":"OSM_cultural_7688198595","label":"Məscid","name_az":"Məscid","thesis_group":"HISTORICAL_CULTURAL","thesis_subtype":"place_of_worship","icon_id":"cultural_historic","name_quality":"NAMED","rayon":"Xaçmaz rayonu","rayon_id":"AZE_ADM2_54616110B89497242950609","verification_status":"PROVISIONAL","source_role":"MASTER_GIS","display_rank":385,"lon":48.633178,"lat":41.816411},"geometry":{"type":"Point","coordinates":[48.6331782,41.816411200000005]}},{"type":"Feature","properties":{"poi_id":"OSM_cultural_7705878979","label":"Məscid","name_az":"Məscid","thesis_group":"HISTORICAL_CULTURAL","thesis_subtype":"place_of_worship","icon_id":"cultural_historic","name_quality":"NAMED","rayon":"Quba rayonu","rayon_id":"AZE_ADM2_54616110B77048085748362","verification_status":"PROVISIONAL","source_role":"MASTER_GIS","display_rank":466,"lon":48.125208,"lat":41.178628},"geometry":{"type":"Point","coordinates":[48.125208,41.1786277]}},{"type":"Feature","properties":{"poi_id":"OSM_cultural_7731771479","label":"Məscid","name_az":"Məscid","thesis_group":"HISTORICAL_CULTURAL","thesis_subtype":"place_of_worship","icon_id":"cultural_historic","name_quality":"NAMED","rayon":"Xaçmaz rayonu","rayon_id":"AZE_ADM2_54616110B89497242950609","verification_status":"PROVISIONAL","source_role":"MASTER_GIS","display_rank":500,"lon":48.720823,"lat":41.470792},"geometry":{"type":"Point","coordinates":[48.7208234,41.4707917]}},{"type":"Feature","properties":{"poi_id":"OSM_cultural_7734797674","label":"Məscid","name_az":"Məscid","thesis_group":"HISTORICAL_CULTURAL","thesis_subtype":"place_of_worship","icon_id":"cultural_historic","name_quality":"NAMED","rayon":"Şamaxı rayonu","rayon_id":"AZE_ADM2_54616110B16651088424667","verification_status":"PROVISIONAL","source_role":"MASTER_GIS","display_rank":503,"lon":48.641659,"lat":40.609161},"geometry":{"type":"Point","coordinates":[48.6416593,40.609161300000004]}},{"type":"Feature","properties":{"poi_id":"OSM_cultural_7833570409","label":"Məscid","name_az":"Məscid","thesis_group":"HISTORICAL_CULTURAL","thesis_subtype":"place_of_worship","icon_id":"cultural_historic","name_quality":"NAMED","rayon":"Qəbələ rayonu","rayon_id":"AZE_ADM2_54616110B33746839775993","verification_status":"PROVISIONAL","source_role":"MASTER_GIS","display_rank":590,"lon":47.802483,"lat":40.999477},"geometry":{"type":"Point","coordinates":[47.802483300000006,40.999477000000006]}},{"type":"Feature","properties":{"poi_id":"OSM_cultural_7835784927","label":"Məscid","name_az":"Məscid","thesis_group":"HISTORICAL_CULTURAL","thesis_subtype":"place_of_worship","icon_id":"cultural_historic","name_quality":"NAMED","rayon":"Qəbələ rayonu","rayon_id":"AZE_ADM2_54616110B33746839775993","verification_status":"PROVISIONAL","source_role":"MASTER_GIS","display_rank":591,"lon":47.774474,"lat":41.007688},"geometry":{"type":"Point","coordinates":[47.7744743,41.0076881]}},{"type":"Feature","properties":{"poi_id":"OSM_cultural_8361779900","label":"Məscid","name_az":"Məscid","thesis_group":"HISTORICAL_CULTURAL","thesis_subtype":"place_of_worship","icon_id":"cultural_historic","name_quality":"NAMED","rayon":"Bakı şəhəri","rayon_id":"AZE_ADM2_54616110B61947743987915","verification_status":"PROVISIONAL","source_role":"MASTER_GIS","display_rank":721,"lon":49.407728,"lat":39.966014},"geometry":{"type":"Point","coordinates":[49.4077277,39.966014]}},{"type":"Feature","properties":{"poi_id":"OSM_cultural_8369390091","label":"Məscid","name_az":"Məscid","thesis_group":"HISTORICAL_CULTURAL","thesis_subtype":"place_of_worship","icon_id":"cultural_historic","name_quality":"NAMED","rayon":"Kürdəmir rayonu","rayon_id":"AZE_ADM2_54616110B82810927503709","verification_status":"PROVISIONAL","source_role":"MASTER_GIS","display_rank":723,"lon":48.250296,"lat":40.304968},"geometry":{"type":"Point","coordinates":[48.2502955,40.3049681]}},{"type":"Feature","properties":{"poi_id":"OSM_cultural_8546460840","label":"Məscid","name_az":"Məscid","thesis_group":"HISTORICAL_CULTURAL","thesis_subtype":"place_of_worship","icon_id":"cultural_historic","name_quality":"NAMED","rayon":"İsmayıllı rayonu","rayon_id":"AZE_ADM2_54616110B45290451128830","verification_status":"PROVISIONAL","source_role":"MASTER_GIS","display_rank":739,"lon":48.020414,"lat":40.66678},"geometry":{"type":"Point","coordinates":[48.0204141,40.6667805]}},{"type":"Feature","properties":{"poi_id":"OSM_cultural_8674171149","label":"Məscid","name_az":"Məscid","thesis_group":"HISTORICAL_CULTURAL","thesis_subtype":"place_of_worship","icon_id":"cultural_historic","name_quality":"NAMED","rayon":"Göyçay rayonu","rayon_id":"AZE_ADM2_54616110B88730523237575","verification_status":"PROVISIONAL","source_role":"MASTER_GIS","display_rank":752,"lon":47.687541,"lat":40.564237},"geometry":{"type":"Point","coordinates":[47.687541200000005,40.564236900000004]}},{"type":"Feature","properties":{"poi_id":"OSM_cultural_9122970861","label":"Məscid","name_az":"Məscid","thesis_group":"HISTORICAL_CULTURAL","thesis_subtype":"place_of_worship","icon_id":"cultural_historic","name_quality":"NAMED","rayon":"Ucar rayonu","rayon_id":"AZE_ADM2_54616110B8701125158325","verification_status":"PROVISIONAL","source_role":"MASTER_GIS","display_rank":770,"lon":47.518557,"lat":40.521517},"geometry":{"type":"Point","coordinates":[47.518556700000005,40.5215169]}},{"type":"Feature","properties":{"poi_id":"OSM_cultural_9194011736","label":"Məscid","name_az":"Məscid","thesis_group":"HISTORICAL_CULTURAL","thesis_subtype":"place_of_worship","icon_id":"cultural_historic","name_quality":"NAMED","rayon":"Ağdaş rayonu","rayon_id":"AZE_ADM2_54616110B75800990015815","verification_status":"PROVISIONAL","source_role":"MASTER_GIS","display_rank":775,"lon":47.426366,"lat":40.55911},"geometry":{"type":"Point","coordinates":[47.4263665,40.559110000000004]}},{"type":"Feature","properties":{"poi_id":"OSM_cultural_9238650158","label":"Məscid","name_az":"Məscid","thesis_group":"HISTORICAL_CULTURAL","thesis_subtype":"place_of_worship","icon_id":"cultural_historic","name_quality":"NAMED","rayon":"Ağdaş rayonu","rayon_id":"AZE_ADM2_54616110B75800990015815","verification_status":"PROVISIONAL","source_role":"MASTER_GIS","display_rank":784,"lon":47.459312,"lat":40.608752},"geometry":{"type":"Point","coordinates":[47.459312100000005,40.608752]}},{"type":"Feature","properties":{"poi_id":"OSM_cultural_9281293918","label":"Məscid","name_az":"Məscid","thesis_group":"HISTORICAL_CULTURAL","thesis_subtype":"place_of_worship","icon_id":"cultural_historic","name_quality":"NAMED","rayon":"Ağdaş rayonu","rayon_id":"AZE_ADM2_54616110B75800990015815","verification_status":"PROVISIONAL","source_role":"MASTER_GIS","display_rank":786,"lon":47.40452,"lat":40.734911},"geometry":{"type":"Point","coordinates":[47.404519900000004,40.7349112]}},{"type":"Feature","properties":{"poi_id":"OSM_cultural_9693324915","label":"Məscid","name_az":"Məscid","thesis_group":"HISTORICAL_CULTURAL","thesis_subtype":"place_of_worship","icon_id":"cultural_historic","name_quality":"NAMED","rayon":"Şəmkir rayonu","rayon_id":"AZE_ADM2_54616110B57585842497805","verification_status":"PROVISIONAL","source_role":"MASTER_GIS","display_rank":814,"lon":46.237994,"lat":40.77818},"geometry":{"type":"Point","coordinates":[46.237993700000004,40.7781803]}},{"type":"Feature","properties":{"poi_id":"OSM_cultural_9880524621","label":"Məscid","name_az":"Məscid","thesis_group":"HISTORICAL_CULTURAL","thesis_subtype":"place_of_worship","icon_id":"cultural_historic","name_quality":"NAMED","rayon":"Balakən rayonu","rayon_id":"AZE_ADM2_54616110B63924922129682","verification_status":"PROVISIONAL","source_role":"MASTER_GIS","display_rank":834,"lon":46.412253,"lat":41.717662},"geometry":{"type":"Point","coordinates":[46.4122527,41.7176622]}},{"type":"Feature","properties":{"poi_id":"OSM_cultural_9902643261","label":"Məscid","name_az":"Məscid","thesis_group":"HISTORICAL_CULTURAL","thesis_subtype":"place_of_worship","icon_id":"cultural_historic","name_quality":"NAMED","rayon":"Bakı şəhəri","rayon_id":"AZE_ADM2_54616110B61947743987915","verification_status":"PROVISIONAL","source_role":"MASTER_GIS","display_rank":838,"lon":49.812944,"lat":40.35065},"geometry":{"type":"Point","coordinates":[49.812943800000006,40.3506498]}},{"type":"Feature","properties":{"poi_id":"OSM_cultural_10040408192","label":"Məscid","name_az":"Məscid","thesis_group":"HISTORICAL_CULTURAL","thesis_subtype":"place_of_worship","icon_id":"cultural_historic","name_quality":"NAMED","rayon":"Bakı şəhəri","rayon_id":"AZE_ADM2_54616110B61947743987915","verification_status":"PROVISIONAL","source_role":"MASTER_GIS","display_rank":866,"lon":49.991442,"lat":40.423254},"geometry":{"type":"Point","coordinates":[49.9914422,40.423254]}},{"type":"Feature","properties":{"poi_id":"OSM_cultural_10302993969","label":"Məscid","name_az":"Məscid","thesis_group":"HISTORICAL_CULTURAL","thesis_subtype":"place_of_worship","icon_id":"cultural_historic","name_quality":"NAMED","rayon":"Bakı şəhəri","rayon_id":"AZE_ADM2_54616110B61947743987915","verification_status":"PROVISIONAL","source_role":"MASTER_GIS","display_rank":896,"lon":49.830807,"lat":40.44188},"geometry":{"type":"Point","coordinates":[49.830807300000004,40.4418796]}},{"type":"Feature","properties":{"poi_id":"OSM_cultural_10571312169","label":"Məscid","name_az":"Məscid","thesis_group":"HISTORICAL_CULTURAL","thesis_subtype":"place_of_worship","icon_id":"cultural_historic","name_quality":"NAMED","rayon":"Bakı şəhəri","rayon_id":"AZE_ADM2_54616110B61947743987915","verification_status":"PROVISIONAL","source_role":"MASTER_GIS","display_rank":903,"lon":49.995925,"lat":40.533441},"geometry":{"type":"Point","coordinates":[49.995925400000004,40.5334414]}},{"type":"Feature","properties":{"poi_id":"OSM_cultural_10575246756","label":"Məscid","name_az":"Məscid","thesis_group":"HISTORICAL_CULTURAL","thesis_subtype":"place_of_worship","icon_id":"cultural_historic","name_quality":"NAMED","rayon":"Bakı şəhəri","rayon_id":"AZE_ADM2_54616110B61947743987915","verification_status":"PROVISIONAL","source_role":"MASTER_GIS","display_rank":907,"lon":50.031411,"lat":40.54675},"geometry":{"type":"Point","coordinates":[50.031411000000006,40.5467498]}},{"type":"Feature","properties":{"poi_id":"OSM_cultural_10579963037","label":"Məscid","name_az":"Məscid","thesis_group":"HISTORICAL_CULTURAL","thesis_subtype":"place_of_worship","icon_id":"cultural_historic","name_quality":"NAMED","rayon":"Bakı şəhəri","rayon_id":"AZE_ADM2_54616110B61947743987915","verification_status":"PROVISIONAL","source_role":"MASTER_GIS","display_rank":917,"lon":49.988417,"lat":40.576405},"geometry":{"type":"Point","coordinates":[49.9884166,40.576405400000006]}},{"type":"Feature","properties":{"poi_id":"OSM_cultural_11033322675","label":"Məscid","name_az":"Məscid","thesis_group":"HISTORICAL_CULTURAL","thesis_subtype":"place_of_worship","icon_id":"cultural_historic","name_quality":"NAMED","rayon":"Abşeron rayonu","rayon_id":"AZE_ADM2_54616110B88432173472444","verification_status":"PROVISIONAL","source_role":"MASTER_GIS","display_rank":976,"lon":49.733923,"lat":40.429056},"geometry":{"type":"Point","coordinates":[49.7339232,40.4290558]}},{"type":"Feature","properties":{"poi_id":"OSM_cultural_11137181351","label":"Məscid","name_az":"Məscid","thesis_group":"HISTORICAL_CULTURAL","thesis_subtype":"place_of_worship","icon_id":"cultural_historic","name_quality":"NAMED","rayon":"Sumqayıt şəhəri","rayon_id":"AZE_ADM2_54616110B75219613739908","verification_status":"PROVISIONAL","source_role":"MASTER_GIS","display_rank":999,"lon":49.630044,"lat":40.546359},"geometry":{"type":"Point","coordinates":[49.630044000000005,40.546358500000004]}},{"type":"Feature","properties":{"poi_id":"OSM_cultural_11182020864","label":"Məscid","name_az":"Məscid","thesis_group":"HISTORICAL_CULTURAL","thesis_subtype":"place_of_worship","icon_id":"cultural_historic","name_quality":"NAMED","rayon":"Abşeron rayonu","rayon_id":"AZE_ADM2_54616110B88432173472444","verification_status":"PROVISIONAL","source_role":"MASTER_GIS","display_rank":1008,"lon":49.689674,"lat":40.395079},"geometry":{"type":"Point","coordinates":[49.689673500000005,40.395079100000004]}},{"type":"Feature","properties":{"poi_id":"OSM_cultural_11307769345","label":"Məscid","name_az":"Məscid","thesis_group":"HISTORICAL_CULTURAL","thesis_subtype":"place_of_worship","icon_id":"cultural_historic","name_quality":"NAMED","rayon":"Bakı şəhəri","rayon_id":"AZE_ADM2_54616110B61947743987915","verification_status":"PROVISIONAL","source_role":"MASTER_GIS","display_rank":1032,"lon":49.461334,"lat":40.166992},"geometry":{"type":"Point","coordinates":[49.461334300000004,40.1669925]}},{"type":"Feature","properties":{"poi_id":"OSM_cultural_11519923854","label":"Məscid","name_az":"Məscid","thesis_group":"HISTORICAL_CULTURAL","thesis_subtype":"place_of_worship","icon_id":"cultural_historic","name_quality":"NAMED","rayon":"Goranboy rayonu","rayon_id":"AZE_ADM2_54616110B75141866412524","verification_status":"PROVISIONAL","source_role":"MASTER_GIS","display_rank":1067,"lon":46.610184,"lat":40.715479},"geometry":{"type":"Point","coordinates":[46.6101837,40.715478600000004]}},{"type":"Feature","properties":{"poi_id":"OSM_cultural_11608498900","label":"Məscid","name_az":"Məscid","thesis_group":"HISTORICAL_CULTURAL","thesis_subtype":"place_of_worship","icon_id":"cultural_historic","name_quality":"NAMED","rayon":"Tovuz rayonu","rayon_id":"AZE_ADM2_54616110B84187356839814","verification_status":"PROVISIONAL","source_role":"MASTER_GIS","display_rank":1078,"lon":45.656286,"lat":40.69564},"geometry":{"type":"Point","coordinates":[45.656285600000004,40.6956396]}},{"type":"Feature","properties":{"poi_id":"OSM_cultural_12134355456","label":"Məscid","name_az":"Məscid","thesis_group":"HISTORICAL_CULTURAL","thesis_subtype":"place_of_worship","icon_id":"cultural_historic","name_quality":"NAMED","rayon":"Qazax rayonu","rayon_id":"AZE_ADM2_54616110B43488292017990","verification_status":"PROVISIONAL","source_role":"MASTER_GIS","display_rank":1145,"lon":45.308868,"lat":41.12744},"geometry":{"type":"Point","coordinates":[45.3088678,41.127439900000006]}},{"type":"Feature","properties":{"poi_id":"OSM_cultural_12184719891","label":"Məscid","name_az":"Məscid","thesis_group":"HISTORICAL_CULTURAL","thesis_subtype":"place_of_worship","icon_id":"cultural_historic","name_quality":"NAMED","rayon":"Gədəbəy rayonu","rayon_id":"AZE_ADM2_54616110B46799199998097","verification_status":"PROVISIONAL","source_role":"MASTER_GIS","display_rank":1159,"lon":45.459425,"lat":40.684714},"geometry":{"type":"Point","coordinates":[45.4594249,40.6847142]}},{"type":"Feature","properties":{"poi_id":"OSM_cultural_12334749007","label":"Məscid","name_az":"Məscid","thesis_group":"HISTORICAL_CULTURAL","thesis_subtype":"place_of_worship","icon_id":"cultural_historic","name_quality":"NAMED","rayon":"Gədəbəy rayonu","rayon_id":"AZE_ADM2_54616110B46799199998097","verification_status":"PROVISIONAL","source_role":"MASTER_GIS","display_rank":1172,"lon":45.816295,"lat":40.566496},"geometry":{"type":"Point","coordinates":[45.8162954,40.5664965]}},{"type":"Feature","properties":{"poi_id":"OSM_cultural_12507590546","label":"Məscid","name_az":"Məscid","thesis_group":"HISTORICAL_CULTURAL","thesis_subtype":"place_of_worship","icon_id":"cultural_historic","name_quality":"NAMED","rayon":"Ağcabədi rayonu","rayon_id":"AZE_ADM2_54616110B84161876100413","verification_status":"PROVISIONAL","source_role":"MASTER_GIS","display_rank":1223,"lon":47.431157,"lat":40.032274},"geometry":{"type":"Point","coordinates":[47.431156900000005,40.0322745]}},{"type":"Feature","properties":{"poi_id":"OSM_cultural_12697340417","label":"Məscid","name_az":"Məscid","thesis_group":"HISTORICAL_CULTURAL","thesis_subtype":"place_of_worship","icon_id":"cultural_historic","name_quality":"NAMED","rayon":"Göygöl rayonu","rayon_id":"AZE_ADM2_54616110B13615645655589","verification_status":"PROVISIONAL","source_role":"MASTER_GIS","display_rank":1243,"lon":46.277429,"lat":40.559868},"geometry":{"type":"Point","coordinates":[46.277428900000004,40.5598681]}},{"type":"Feature","properties":{"poi_id":"OSM_cultural_12708417261","label":"Məscid","name_az":"Məscid","thesis_group":"HISTORICAL_CULTURAL","thesis_subtype":"place_of_worship","icon_id":"cultural_historic","name_quality":"NAMED","rayon":"Göygöl rayonu","rayon_id":"AZE_ADM2_54616110B13615645655589","verification_status":"PROVISIONAL","source_role":"MASTER_GIS","display_rank":1245,"lon":46.213599,"lat":40.523977},"geometry":{"type":"Point","coordinates":[46.213599,40.5239768]}},{"type":"Feature","properties":{"poi_id":"OSM_cultural_13332328668","label":"Məscid","name_az":"Məscid","thesis_group":"HISTORICAL_CULTURAL","thesis_subtype":"place_of_worship","icon_id":"cultural_historic","name_quality":"NAMED","rayon":"Şəki rayonu","rayon_id":"AZE_ADM2_54616110B25010354244926","verification_status":"PROVISIONAL","source_role":"MASTER_GIS","display_rank":1302,"lon":47.337496,"lat":41.162474},"geometry":{"type":"Point","coordinates":[47.337496300000005,41.1624744]}},{"type":"Feature","properties":{"poi_id":"OSM_cultural_13574503587","label":"Məscid","name_az":"Məscid","thesis_group":"HISTORICAL_CULTURAL","thesis_subtype":"place_of_worship","icon_id":"cultural_historic","name_quality":"NAMED","rayon":"Neftçala rayonu","rayon_id":"AZE_ADM2_54616110B40961788089107","verification_status":"PROVISIONAL","source_role":"MASTER_GIS","display_rank":1323,"lon":48.984148,"lat":39.600759},"geometry":{"type":"Point","coordinates":[48.9841479,39.6007594]}},{"type":"Feature","properties":{"poi_id":"OSM_cultural_13650588074","label":"Məscid","name_az":"Məscid","thesis_group":"HISTORICAL_CULTURAL","thesis_subtype":"place_of_worship","icon_id":"cultural_historic","name_quality":"NAMED","rayon":"Salyan rayonu","rayon_id":"AZE_ADM2_54616110B55207089168458","verification_status":"PROVISIONAL","source_role":"MASTER_GIS","display_rank":1336,"lon":48.930804,"lat":39.534431},"geometry":{"type":"Point","coordinates":[48.9308041,39.5344314]}},{"type":"Feature","properties":{"poi_id":"OSM_cultural_14022875903","label":"Məscid","name_az":"Məscid","thesis_group":"HISTORICAL_CULTURAL","thesis_subtype":"place_of_worship","icon_id":"cultural_historic","name_quality":"NAMED","rayon":"Sabirabad rayonu","rayon_id":"AZE_ADM2_54616110B21396185337631","verification_status":"PROVISIONAL","source_role":"MASTER_GIS","display_rank":1370,"lon":48.883892,"lat":39.818467},"geometry":{"type":"Point","coordinates":[48.88389230000001,39.8184667]}},{"type":"Feature","properties":{"poi_id":"OSM_cultural_14054872247","label":"Məscid","name_az":"Məscid","thesis_group":"HISTORICAL_CULTURAL","thesis_subtype":"place_of_worship","icon_id":"cultural_historic","name_quality":"NAMED","rayon":"Neftçala rayonu","rayon_id":"AZE_ADM2_54616110B40961788089107","verification_status":"PROVISIONAL","source_role":"MASTER_GIS","display_rank":1376,"lon":48.832088,"lat":39.310274},"geometry":{"type":"Point","coordinates":[48.8320881,39.310273800000004]}},{"type":"Feature","properties":{"poi_id":"OSM_cultural_12605145055","label":"Məscid / Aeroport","name_az":"Məscid / Aeroport","thesis_group":"HISTORICAL_CULTURAL","thesis_subtype":"place_of_worship","icon_id":"cultural_historic","name_quality":"NAMED","rayon":"Bakı şəhəri","rayon_id":"AZE_ADM2_54616110B61947743987915","verification_status":"PROVISIONAL","source_role":"MASTER_GIS","display_rank":1233,"lon":50.053652,"lat":40.459156},"geometry":{"type":"Point","coordinates":[50.053651900000006,40.459156300000004]}},{"type":"Feature","properties":{"poi_id":"OSM_cultural_8044620040","label":"Məscid Ağçay Qax","name_az":"Məscid Ağçay Qax","thesis_group":"HISTORICAL_CULTURAL","thesis_subtype":"place_of_worship","icon_id":"cultural_historic","name_quality":"NAMED","rayon":"Qax rayonu","rayon_id":"AZE_ADM2_54616110B49356278605879","verification_status":"PROVISIONAL","source_role":"MASTER_GIS","display_rank":637,"lon":46.995592,"lat":41.456448},"geometry":{"type":"Point","coordinates":[46.995591700000006,41.4564475]}},{"type":"Feature","properties":{"poi_id":"OSM_cultural_9233516526","label":"Məscid Aşağı Zeynəddin","name_az":"Məscid Aşağı Zeynəddin","thesis_group":"HISTORICAL_CULTURAL","thesis_subtype":"place_of_worship","icon_id":"cultural_historic","name_quality":"NAMED","rayon":"Ağdaş rayonu","rayon_id":"AZE_ADM2_54616110B75800990015815","verification_status":"PROVISIONAL","source_role":"MASTER_GIS","display_rank":783,"lon":47.440256,"lat":40.654763},"geometry":{"type":"Point","coordinates":[47.4402563,40.6547627]}},{"type":"Feature","properties":{"poi_id":"OSM_cultural_12438585601","label":"Məscid Bayramkoxalı","name_az":"Məscid Bayramkoxalı","thesis_group":"HISTORICAL_CULTURAL","thesis_subtype":"place_of_worship","icon_id":"cultural_historic","name_quality":"NAMED","rayon":"Qəbələ rayonu","rayon_id":"AZE_ADM2_54616110B33746839775993","verification_status":"PROVISIONAL","source_role":"MASTER_GIS","display_rank":1182,"lon":47.774278,"lat":40.786992},"geometry":{"type":"Point","coordinates":[47.7742785,40.7869916]}},{"type":"Feature","properties":{"poi_id":"OSM_cultural_3553938344","label":"Məscid Beşbarmaq","name_az":"Məscid Beşbarmaq","thesis_group":"HISTORICAL_CULTURAL","thesis_subtype":"place_of_worship","icon_id":"cultural_historic","name_quality":"NAMED","rayon":"Siyəzən rayonu","rayon_id":"AZE_ADM2_54616110B9592293002412","verification_status":"PROVISIONAL","source_role":"MASTER_GIS","display_rank":145,"lon":49.232094,"lat":40.955358},"geometry":{"type":"Point","coordinates":[49.232094000000004,40.9553576]}},{"type":"Feature","properties":{"poi_id":"OSM_cultural_13027147525","label":"Məscid Minbaşı","name_az":"Məscid Minbaşı","thesis_group":"HISTORICAL_CULTURAL","thesis_subtype":"place_of_worship","icon_id":"cultural_historic","name_quality":"NAMED","rayon":"Sabirabad rayonu","rayon_id":"AZE_ADM2_54616110B21396185337631","verification_status":"PROVISIONAL","source_role":"MASTER_GIS","display_rank":1283,"lon":48.893002,"lat":39.921542},"geometry":{"type":"Point","coordinates":[48.8930024,39.921541600000005]}},{"type":"Feature","properties":{"poi_id":"OSM_cultural_8608333943","label":"Məscid Mədrəsə","name_az":"Məscid Mədrəsə","thesis_group":"HISTORICAL_CULTURAL","thesis_subtype":"place_of_worship","icon_id":"cultural_historic","name_quality":"NAMED","rayon":"Göyçay rayonu","rayon_id":"AZE_ADM2_54616110B88730523237575","verification_status":"PROVISIONAL","source_role":"MASTER_GIS","display_rank":751,"lon":47.738836,"lat":40.652096},"geometry":{"type":"Point","coordinates":[47.738835800000004,40.652096]}},{"type":"Feature","properties":{"poi_id":"OSM_cultural_5878223987","label":"Məscid Qıraq Kəsəmən","name_az":"Məscid Qıraq Kəsəmən","thesis_group":"HISTORICAL_CULTURAL","thesis_subtype":"place_of_worship","icon_id":"cultural_historic","name_quality":"NAMED","rayon":"Ağstafa rayonu","rayon_id":"AZE_ADM2_54616110B36354954300290","verification_status":"PROVISIONAL","source_role":"MASTER_GIS","display_rank":300,"lon":45.461904,"lat":41.218883},"geometry":{"type":"Point","coordinates":[45.4619038,41.2188826]}},{"type":"Feature","properties":{"poi_id":"OSM_cultural_3401594469","label":"Məscid Qədim Qəbirstanlıq","name_az":"Məscid Qədim Qəbirstanlıq","thesis_group":"HISTORICAL_CULTURAL","thesis_subtype":"place_of_worship","icon_id":"cultural_historic","name_quality":"NAMED","rayon":"Bakı şəhəri","rayon_id":"AZE_ADM2_54616110B61947743987915","verification_status":"PROVISIONAL","source_role":"MASTER_GIS","display_rank":113,"lon":50.086035,"lat":40.376331},"geometry":{"type":"Point","coordinates":[50.0860348,40.376330700000004]}},{"type":"Feature","properties":{"poi_id":"OSM_cultural_12628177119","label":"Məscid Qəmərvan","name_az":"Məscid Qəmərvan","thesis_group":"HISTORICAL_CULTURAL","thesis_subtype":"place_of_worship","icon_id":"cultural_historic","name_quality":"NAMED","rayon":"Qəbələ rayonu","rayon_id":"AZE_ADM2_54616110B33746839775993","verification_status":"PROVISIONAL","source_role":"MASTER_GIS","display_rank":1234,"lon":47.794669,"lat":41.058232},"geometry":{"type":"Point","coordinates":[47.7946687,41.0582316]}},{"type":"Feature","properties":{"poi_id":"OSM_cultural_13041873889","label":"Məscid Xıdırlı","name_az":"Məscid Xıdırlı","thesis_group":"HISTORICAL_CULTURAL","thesis_subtype":"place_of_worship","icon_id":"cultural_historic","name_quality":"NAMED","rayon":"Salyan rayonu","rayon_id":"AZE_ADM2_54616110B55207089168458","verification_status":"PROVISIONAL","source_role":"MASTER_GIS","display_rank":1285,"lon":49.322509,"lat":39.840155},"geometry":{"type":"Point","coordinates":[49.322508600000006,39.840154500000004]}},{"type":"Feature","properties":{"poi_id":"OSM_cultural_11423561505","label":"Məscid \\ Abbaslı","name_az":"Məscid \\ Abbaslı","thesis_group":"HISTORICAL_CULTURAL","thesis_subtype":"place_of_worship","icon_id":"cultural_historic","name_quality":"NAMED","rayon":"Şəmkir rayonu","rayon_id":"AZE_ADM2_54616110B57585842497805","verification_status":"PROVISIONAL","source_role":"MASTER_GIS","display_rank":1052,"lon":46.145652,"lat":40.751835},"geometry":{"type":"Point","coordinates":[46.145651900000004,40.751835]}},{"type":"Feature","properties":{"poi_id":"OSM_cultural_9301167464","label":"Məscid \\ Aşağı Nemətabad","name_az":"Məscid \\ Aşağı Nemətabad","thesis_group":"HISTORICAL_CULTURAL","thesis_subtype":"place_of_worship","icon_id":"cultural_historic","name_quality":"NAMED","rayon":"Ağdaş rayonu","rayon_id":"AZE_ADM2_54616110B75800990015815","verification_status":"PROVISIONAL","source_role":"MASTER_GIS","display_rank":787,"lon":47.303586,"lat":40.683545},"geometry":{"type":"Point","coordinates":[47.303585700000006,40.683544600000005]}},{"type":"Feature","properties":{"poi_id":"OSM_cultural_13538331949","label":"Məscid \\ Bala Surra","name_az":"Məscid \\ Bala Surra","thesis_group":"HISTORICAL_CULTURAL","thesis_subtype":"place_of_worship","icon_id":"cultural_historic","name_quality":"NAMED","rayon":"Neftçala rayonu","rayon_id":"AZE_ADM2_54616110B40961788089107","verification_status":"PROVISIONAL","source_role":"MASTER_GIS","display_rank":1319,"lon":49.01884,"lat":39.517804},"geometry":{"type":"Point","coordinates":[49.0188396,39.5178038]}},{"type":"Feature","properties":{"poi_id":"OSM_cultural_11547451306","label":"Məscid \\ Birgəz qəsəbəsi","name_az":"Məscid \\ Birgəz qəsəbəsi","thesis_group":"HISTORICAL_CULTURAL","thesis_subtype":"place_of_worship","icon_id":"cultural_historic","name_quality":"NAMED","rayon":"Göygöl rayonu","rayon_id":"AZE_ADM2_54616110B13615645655589","verification_status":"PROVISIONAL","source_role":"MASTER_GIS","display_rank":1071,"lon":46.476522,"lat":40.544971},"geometry":{"type":"Point","coordinates":[46.4765225,40.544971000000004]}},{"type":"Feature","properties":{"poi_id":"OSM_cultural_11223204498","label":"Məscid \\ Corat","name_az":"Məscid \\ Corat","thesis_group":"HISTORICAL_CULTURAL","thesis_subtype":"place_of_worship","icon_id":"cultural_historic","name_quality":"NAMED","rayon":"Abşeron rayonu","rayon_id":"AZE_ADM2_54616110B88432173472444","verification_status":"PROVISIONAL","source_role":"MASTER_GIS","display_rank":1017,"lon":49.711808,"lat":40.574287},"geometry":{"type":"Point","coordinates":[49.7118084,40.5742866]}},{"type":"Feature","properties":{"poi_id":"OSM_cultural_12449933463","label":"Məscid \\ Cumakənd","name_az":"Məscid \\ Cumakənd","thesis_group":"HISTORICAL_CULTURAL","thesis_subtype":"place_of_worship","icon_id":"cultural_historic","name_quality":"NAMED","rayon":"Şəki rayonu","rayon_id":"AZE_ADM2_54616110B25010354244926","verification_status":"PROVISIONAL","source_role":"MASTER_GIS","display_rank":1200,"lon":46.936075,"lat":41.21336},"geometry":{"type":"Point","coordinates":[46.9360748,41.2133599]}},{"type":"Feature","properties":{"poi_id":"OSM_cultural_9891975584","label":"Məscid \\ Dəmirçi","name_az":"Məscid \\ Dəmirçi","thesis_group":"HISTORICAL_CULTURAL","thesis_subtype":"place_of_worship","icon_id":"cultural_historic","name_quality":"NAMED","rayon":"Şamaxı rayonu","rayon_id":"AZE_ADM2_54616110B16651088424667","verification_status":"PROVISIONAL","source_role":"MASTER_GIS","display_rank":836,"lon":48.561204,"lat":40.837981},"geometry":{"type":"Point","coordinates":[48.561203600000006,40.8379806]}},{"type":"Feature","properties":{"poi_id":"OSM_cultural_12563675549","label":"Məscid \\ Malay","name_az":"Məscid \\ Malay","thesis_group":"HISTORICAL_CULTURAL","thesis_subtype":"place_of_worship","icon_id":"cultural_historic","name_quality":"NAMED","rayon":"Ağdaş rayonu","rayon_id":"AZE_ADM2_54616110B75800990015815","verification_status":"PROVISIONAL","source_role":"MASTER_GIS","display_rank":1230,"lon":47.372317,"lat":40.603852},"geometry":{"type":"Point","coordinates":[47.372317300000006,40.603851600000006]}},{"type":"Feature","properties":{"poi_id":"OSM_cultural_8188126241","label":"Məscid \\ Mazıx","name_az":"Məscid \\ Mazıx","thesis_group":"HISTORICAL_CULTURAL","thesis_subtype":"place_of_worship","icon_id":"cultural_historic","name_quality":"NAMED","rayon":"Zaqatala rayonu","rayon_id":"AZE_ADM2_54616110B4759617374649","verification_status":"PROVISIONAL","source_role":"MASTER_GIS","display_rank":683,"lon":46.581345,"lat":41.651611},"geometry":{"type":"Point","coordinates":[46.5813446,41.651611300000006]}},{"type":"Feature","properties":{"poi_id":"OSM_cultural_12563675583","label":"Məscid \\ Mürsəl","name_az":"Məscid \\ Mürsəl","thesis_group":"HISTORICAL_CULTURAL","thesis_subtype":"place_of_worship","icon_id":"cultural_historic","name_quality":"NAMED","rayon":"Ağdaş rayonu","rayon_id":"AZE_ADM2_54616110B75800990015815","verification_status":"PROVISIONAL","source_role":"MASTER_GIS","display_rank":1231,"lon":47.394236,"lat":40.63521},"geometry":{"type":"Point","coordinates":[47.3942363,40.63521]}},{"type":"Feature","properties":{"poi_id":"OSM_cultural_11522930106","label":"Məscid \\ Nadirkənd","name_az":"Məscid \\ Nadirkənd","thesis_group":"HISTORICAL_CULTURAL","thesis_subtype":"place_of_worship","icon_id":"cultural_historic","name_quality":"NAMED","rayon":"Goranboy rayonu","rayon_id":"AZE_ADM2_54616110B75141866412524","verification_status":"PROVISIONAL","source_role":"MASTER_GIS","display_rank":1068,"lon":46.627794,"lat":40.654775},"geometry":{"type":"Point","coordinates":[46.627793800000006,40.654775]}},{"type":"Feature","properties":{"poi_id":"OSM_cultural_11343316225","label":"Məscid \\ Qızılburun","name_az":"Məscid \\ Qızılburun","thesis_group":"HISTORICAL_CULTURAL","thesis_subtype":"place_of_worship","icon_id":"cultural_historic","name_quality":"NAMED","rayon":"Hacıqabul rayonu","rayon_id":"AZE_ADM2_54616110B48173541517146","verification_status":"PROVISIONAL","source_role":"MASTER_GIS","display_rank":1040,"lon":49.222878,"lat":39.998435},"geometry":{"type":"Point","coordinates":[49.2228779,39.9984352]}},{"type":"Feature","properties":{"poi_id":"OSM_cultural_13574503470","label":"Məscid \\ Salyan Mərkəz","name_az":"Məscid \\ Salyan Mərkəz","thesis_group":"HISTORICAL_CULTURAL","thesis_subtype":"place_of_worship","icon_id":"cultural_historic","name_quality":"NAMED","rayon":"Neftçala rayonu","rayon_id":"AZE_ADM2_54616110B40961788089107","verification_status":"PROVISIONAL","source_role":"MASTER_GIS","display_rank":1322,"lon":48.984965,"lat":39.59828},"geometry":{"type":"Point","coordinates":[48.984964600000005,39.5982804]}},{"type":"Feature","properties":{"poi_id":"OSM_cultural_3660344662","label":"Məscid \\ Tıxtı","name_az":"Məscid \\ Tıxtı","thesis_group":"HISTORICAL_CULTURAL","thesis_subtype":"place_of_worship","icon_id":"cultural_historic","name_quality":"NAMED","rayon":"Xızı rayonu","rayon_id":"AZE_ADM2_54616110B97026515433008","verification_status":"PROVISIONAL","source_role":"MASTER_GIS","display_rank":164,"lon":49.101244,"lat":40.912024},"geometry":{"type":"Point","coordinates":[49.1012441,40.9120239]}},{"type":"Feature","properties":{"poi_id":"OSM_cultural_13194218361","label":"Məscid \\ Yeni Uluxanlı","name_az":"Məscid \\ Yeni Uluxanlı","thesis_group":"HISTORICAL_CULTURAL","thesis_subtype":"place_of_worship","icon_id":"cultural_historic","name_quality":"NAMED","rayon":"Salyan rayonu","rayon_id":"AZE_ADM2_54616110B55207089168458","verification_status":"PROVISIONAL","source_role":"MASTER_GIS","display_rank":1293,"lon":49.012304,"lat":39.797146},"geometry":{"type":"Point","coordinates":[49.012304400000005,39.797146000000005]}},{"type":"Feature","properties":{"poi_id":"OSM_cultural_12451614021","label":"Məscid \\ Çüdüllü","name_az":"Məscid \\ Çüdüllü","thesis_group":"HISTORICAL_CULTURAL","thesis_subtype":"place_of_worship","icon_id":"cultural_historic","name_quality":"NAMED","rayon":"Qax rayonu","rayon_id":"AZE_ADM2_54616110B49356278605879","verification_status":"PROVISIONAL","source_role":"MASTER_GIS","display_rank":1208,"lon":46.780083,"lat":41.45032},"geometry":{"type":"Point","coordinates":[46.780082900000004,41.450320100000006]}},{"type":"Feature","properties":{"poi_id":"OSM_cultural_12136156511","label":"Məscid \\ Ürkməzli","name_az":"Məscid \\ Ürkməzli","thesis_group":"HISTORICAL_CULTURAL","thesis_subtype":"place_of_worship","icon_id":"cultural_historic","name_quality":"NAMED","rayon":"Qazax rayonu","rayon_id":"AZE_ADM2_54616110B43488292017990","verification_status":"PROVISIONAL","source_role":"MASTER_GIS","display_rank":1146,"lon":45.259127,"lat":41.113058},"geometry":{"type":"Point","coordinates":[45.259126900000005,41.1130579]}},{"type":"Feature","properties":{"poi_id":"OSM_cultural_12451626667","label":"Məscid \\ Əmircan Qax","name_az":"Məscid \\ Əmircan Qax","thesis_group":"HISTORICAL_CULTURAL","thesis_subtype":"place_of_worship","icon_id":"cultural_historic","name_quality":"NAMED","rayon":"Qax rayonu","rayon_id":"AZE_ADM2_54616110B49356278605879","verification_status":"PROVISIONAL","source_role":"MASTER_GIS","display_rank":1211,"lon":46.868108,"lat":41.427062},"geometry":{"type":"Point","coordinates":[46.8681076,41.4270617]}},{"type":"Feature","properties":{"poi_id":"OSM_cultural_11360696614","label":"Məscid \\ Əşya bazarı Sumqayıt","name_az":"Məscid \\ Əşya bazarı Sumqayıt","thesis_group":"HISTORICAL_CULTURAL","thesis_subtype":"place_of_worship","icon_id":"cultural_historic","name_quality":"NAMED","rayon":"Sumqayıt şəhəri","rayon_id":"AZE_ADM2_54616110B75219613739908","verification_status":"PROVISIONAL","source_role":"MASTER_GIS","display_rank":1042,"lon":49.658922,"lat":40.592494},"geometry":{"type":"Point","coordinates":[49.658922000000004,40.592493600000005]}},{"type":"Feature","properties":{"poi_id":"OSM_cultural_12442278754","label":"Məscid Şəkikənd","name_az":"Məscid Şəkikənd","thesis_group":"HISTORICAL_CULTURAL","thesis_subtype":"place_of_worship","icon_id":"cultural_historic","name_quality":"NAMED","rayon":"Şəki rayonu","rayon_id":"AZE_ADM2_54616110B25010354244926","verification_status":"PROVISIONAL","source_role":"MASTER_GIS","display_rank":1193,"lon":47.210052,"lat":40.906268},"geometry":{"type":"Point","coordinates":[47.2100517,40.9062679]}},{"type":"Feature","properties":{"poi_id":"OSM_cultural_12001532314","label":"Məscidi","name_az":"Məscidi","thesis_group":"HISTORICAL_CULTURAL","thesis_subtype":"place_of_worship","icon_id":"cultural_historic","name_quality":"NAMED","rayon":"Ağstafa rayonu","rayon_id":"AZE_ADM2_54616110B36354954300290","verification_status":"PROVISIONAL","source_role":"MASTER_GIS","display_rank":1105,"lon":45.395307,"lat":41.142941},"geometry":{"type":"Point","coordinates":[45.395306600000005,41.1429409]}},{"type":"Feature","properties":{"poi_id":"OSM_cultural_3042960127","label":"Məsçid","name_az":"Məsçid","thesis_group":"HISTORICAL_CULTURAL","thesis_subtype":"place_of_worship","icon_id":"cultural_historic","name_quality":"NAMED","rayon":"Bakı şəhəri","rayon_id":"AZE_ADM2_54616110B61947743987915","verification_status":"PROVISIONAL","source_role":"MASTER_GIS","display_rank":83,"lon":49.844788,"lat":40.424138},"geometry":{"type":"Point","coordinates":[49.844788,40.4241376]}},{"type":"Feature","properties":{"poi_id":"OSM_cultural_10103692969","label":"Məşdi Kazım Məscidi","name_az":"Məşdi Kazım Məscidi","thesis_group":"HISTORICAL_CULTURAL","thesis_subtype":"place_of_worship","icon_id":"cultural_historic","name_quality":"NAMED","rayon":"Bakı şəhəri","rayon_id":"AZE_ADM2_54616110B61947743987915","verification_status":"PROVISIONAL","source_role":"MASTER_GIS","display_rank":876,"lon":50.074172,"lat":40.456663},"geometry":{"type":"Point","coordinates":[50.0741722,40.456663400000004]}},{"type":"Feature","properties":{"poi_id":"OSM_cultural_10624156784","label":"Məşədi Qərib Məscidi","name_az":"Məşədi Qərib Məscidi","thesis_group":"HISTORICAL_CULTURAL","thesis_subtype":"place_of_worship","icon_id":"cultural_historic","name_quality":"NAMED","rayon":"Bakı şəhəri","rayon_id":"AZE_ADM2_54616110B61947743987915","verification_status":"PROVISIONAL","source_role":"MASTER_GIS","display_rank":924,"lon":50.11203,"lat":40.516744},"geometry":{"type":"Point","coordinates":[50.11203020000001,40.516743600000005]}},{"type":"Feature","properties":{"poi_id":"OSM_cultural_10984470703","label":"Məşədi İmam Baxış Hamam","name_az":"Məşədi İmam Baxış Hamam","thesis_group":"HISTORICAL_CULTURAL","thesis_subtype":"ruins","icon_id":"cultural_historic","name_quality":"NAMED","rayon":"Bakı şəhəri","rayon_id":"AZE_ADM2_54616110B61947743987915","verification_status":"PROVISIONAL","source_role":"MASTER_GIS","display_rank":972,"lon":49.758001,"lat":40.444913},"geometry":{"type":"Point","coordinates":[49.758001400000005,40.444913]}},{"type":"Feature","properties":{"poi_id":"OSM_cultural_12385096900","label":"Məşədivəlilər Məscidi","name_az":"Məşədivəlilər Məscidi","thesis_group":"HISTORICAL_CULTURAL","thesis_subtype":"place_of_worship","icon_id":"cultural_historic","name_quality":"NAMED","rayon":"Tovuz rayonu","rayon_id":"AZE_ADM2_54616110B84187356839814","verification_status":"PROVISIONAL","source_role":"MASTER_GIS","display_rank":1178,"lon":45.56113,"lat":40.691182},"geometry":{"type":"Point","coordinates":[45.5611302,40.6911818]}},{"type":"Feature","properties":{"poi_id":"OSM_cultural_12812431232","label":"Naftalan Tarix Diyarşünaslıq Muzeyi","name_az":"Naftalan Tarix Diyarşünaslıq Muzeyi","thesis_group":"HISTORICAL_CULTURAL","thesis_subtype":"museum","icon_id":"cultural_museum","name_quality":"NAMED","rayon":"Goranboy rayonu","rayon_id":"AZE_ADM2_54616110B75141866412524","verification_status":"PROVISIONAL","source_role":"MASTER_GIS","display_rank":1257,"lon":46.826273,"lat":40.501846},"geometry":{"type":"Point","coordinates":[46.8262732,40.5018456]}},{"type":"Feature","properties":{"poi_id":"OSM_cultural_12806797976","label":"Naftalan giriş lövhəsi","name_az":"Naftalan giriş lövhəsi","thesis_group":"HISTORICAL_CULTURAL","thesis_subtype":"attraction","icon_id":"cultural_historic","name_quality":"NAMED","rayon":"Goranboy rayonu","rayon_id":"AZE_ADM2_54616110B75141866412524","verification_status":"PROVISIONAL","source_role":"MASTER_GIS","display_rank":1255,"lon":46.839517,"lat":40.509901},"geometry":{"type":"Point","coordinates":[46.839517300000004,40.5099007]}},{"type":"Feature","properties":{"poi_id":"OSM_cultural_7775523540","label":"Namazxan Məscidi","name_az":"Namazxan Məscidi","thesis_group":"HISTORICAL_CULTURAL","thesis_subtype":"place_of_worship","icon_id":"cultural_historic","name_quality":"NAMED","rayon":"İsmayıllı rayonu","rayon_id":"AZE_ADM2_54616110B45290451128830","verification_status":"PROVISIONAL","source_role":"MASTER_GIS","display_rank":538,"lon":48.329826,"lat":40.834457},"geometry":{"type":"Point","coordinates":[48.3298257,40.8344572]}},{"type":"Feature","properties":{"poi_id":"OSM_cultural_4901432895","label":"Namərdqala","name_az":"Namərdqala","thesis_group":"HISTORICAL_CULTURAL","thesis_subtype":"attraction","icon_id":"cultural_historic","name_quality":"NAMED","rayon":"Gədəbəy rayonu","rayon_id":"AZE_ADM2_54616110B46799199998097","verification_status":"PROVISIONAL","source_role":"MASTER_GIS","display_rank":240,"lon":45.901146,"lat":40.547753},"geometry":{"type":"Point","coordinates":[45.9011463,40.547752800000005]}},{"type":"Feature","properties":{"poi_id":"OSM_cultural_10575246865","label":"Nardaran Piri Ziyarətgahı","name_az":"Nardaran Piri Ziyarətgahı","thesis_group":"HISTORICAL_CULTURAL","thesis_subtype":"place_of_worship","icon_id":"cultural_historic","name_quality":"NAMED","rayon":"Bakı şəhəri","rayon_id":"AZE_ADM2_54616110B61947743987915","verification_status":"PROVISIONAL","source_role":"MASTER_GIS","display_rank":910,"lon":50.008382,"lat":40.562063},"geometry":{"type":"Point","coordinates":[50.0083816,40.562062700000006]}},{"type":"Feature","properties":{"poi_id":"OSM_cultural_11423435317","label":"Natiq Süleymanov büstü","name_az":"Natiq Süleymanov büstü","thesis_group":"HISTORICAL_CULTURAL","thesis_subtype":"memorial","icon_id":"cultural_historic","name_quality":"NAMED","rayon":"Şəmkir rayonu","rayon_id":"AZE_ADM2_54616110B57585842497805","verification_status":"PROVISIONAL","source_role":"MASTER_GIS","display_rank":1051,"lon":46.111338,"lat":40.777128},"geometry":{"type":"Point","coordinates":[46.1113384,40.7771282]}},{"type":"Feature","properties":{"poi_id":"OSM_cultural_5416097518","label":"Naxçıvan Muxtar Respublikası Ədəbiyyat Muzeyi","name_az":"Naxçıvan Muxtar Respublikası Ədəbiyyat Muzeyi","thesis_group":"HISTORICAL_CULTURAL","thesis_subtype":"museum","icon_id":"cultural_museum","name_quality":"NAMED","rayon":"Naxçıvan şəhəri","rayon_id":"AZE_ADM2_54616110B79262118902245","verification_status":"PROVISIONAL","source_role":"MASTER_GIS","display_rank":265,"lon":45.405732,"lat":39.213846},"geometry":{"type":"Point","coordinates":[45.4057315,39.2138456]}},{"type":"Feature","properties":{"poi_id":"OSM_cultural_3595652230","label":"Neftçilər Dairəsi","name_az":"Neftçilər Dairəsi","thesis_group":"HISTORICAL_CULTURAL","thesis_subtype":"monument","icon_id":"cultural_monument","name_quality":"NAMED","rayon":"Bakı şəhəri","rayon_id":"AZE_ADM2_54616110B61947743987915","verification_status":"PROVISIONAL","source_role":"MASTER_GIS","display_rank":147,"lon":49.94337,"lat":40.410134},"geometry":{"type":"Point","coordinates":[49.94337,40.4101342]}},{"type":"Feature","properties":{"poi_id":"OSM_cultural_5178921124","label":"New church in David gareja monastery complex","thesis_group":"HISTORICAL_CULTURAL","thesis_subtype":"place_of_worship","icon_id":"cultural_historic","name_quality":"NAMED","rayon":"Ağstafa rayonu","rayon_id":"AZE_ADM2_54616110B36354954300290","verification_status":"PROVISIONAL","source_role":"MASTER_GIS","display_rank":2111,"lon":45.37245,"lat":41.445431},"geometry":{"type":"Point","coordinates":[45.3724496,41.4454311]}},{"type":"Feature","properties":{"poi_id":"OSM_cultural_4692446892","label":"Nikola Tesla","thesis_group":"HISTORICAL_CULTURAL","thesis_subtype":"monument","icon_id":"cultural_monument","name_quality":"NAMED","rayon":"Bakı şəhəri","rayon_id":"AZE_ADM2_54616110B61947743987915","verification_status":"PROVISIONAL","source_role":"MASTER_GIS","display_rank":2100,"lon":49.847456,"lat":40.380973},"geometry":{"type":"Point","coordinates":[49.8474555,40.3809732]}},{"type":"Feature","properties":{"poi_id":"OSM_cultural_7722167083","label":"Nikolay kilsəsi","name_az":"Nikolay kilsəsi","thesis_group":"HISTORICAL_CULTURAL","thesis_subtype":"place_of_worship","icon_id":"cultural_historic","name_quality":"NAMED","rayon":"Xaçmaz rayonu","rayon_id":"AZE_ADM2_54616110B89497242950609","verification_status":"PROVISIONAL","source_role":"MASTER_GIS","display_rank":479,"lon":48.79109,"lat":41.475071},"geometry":{"type":"Point","coordinates":[48.7910905,41.475071400000004]}},{"type":"Feature","properties":{"poi_id":"OSM_cultural_9823581933","label":"Niyazi abidəsi","name_az":"Niyazi abidəsi","thesis_group":"HISTORICAL_CULTURAL","thesis_subtype":"memorial","icon_id":"cultural_historic","name_quality":"NAMED","rayon":"Bakı şəhəri","rayon_id":"AZE_ADM2_54616110B61947743987915","verification_status":"PROVISIONAL","source_role":"MASTER_GIS","display_rank":827,"lon":49.829462,"lat":40.364964},"geometry":{"type":"Point","coordinates":[49.8294622,40.3649642]}},{"type":"Feature","properties":{"poi_id":"OSM_cultural_1889750062","label":"Niyazinin ev-muzeyi","name_az":"Niyazinin ev-muzeyi","thesis_group":"HISTORICAL_CULTURAL","thesis_subtype":"museum","icon_id":"cultural_museum","name_quality":"NAMED","rayon":"Bakı şəhəri","rayon_id":"AZE_ADM2_54616110B61947743987915","verification_status":"PROVISIONAL","source_role":"MASTER_GIS","display_rank":19,"lon":49.843036,"lat":40.374853},"geometry":{"type":"Point","coordinates":[49.8430356,40.374852600000004]}},{"type":"Feature","properties":{"poi_id":"OSM_cultural_11255971527","label":"Niyazoba Məscidi","name_az":"Niyazoba Məscidi","thesis_group":"HISTORICAL_CULTURAL","thesis_subtype":"place_of_worship","icon_id":"cultural_historic","name_quality":"NAMED","rayon":"Xaçmaz rayonu","rayon_id":"AZE_ADM2_54616110B89497242950609","verification_status":"PROVISIONAL","source_role":"MASTER_GIS","display_rank":1024,"lon":48.906375,"lat":41.519925},"geometry":{"type":"Point","coordinates":[48.90637460000001,41.519924800000005]}},{"type":"Feature","properties":{"poi_id":"OSM_cultural_4346173689","label":"Nizami Ganjavi Statue","thesis_group":"HISTORICAL_CULTURAL","thesis_subtype":"memorial","icon_id":"cultural_historic","name_quality":"NAMED","rayon":"Gəncə şəhəri","rayon_id":"AZE_ADM2_54616110B84154267491992","verification_status":"PROVISIONAL","source_role":"MASTER_GIS","display_rank":2091,"lon":46.368857,"lat":40.679544},"geometry":{"type":"Point","coordinates":[46.3688574,40.6795437]}},{"type":"Feature","properties":{"poi_id":"OSM_cultural_4452302341","label":"Nizami Gəncəvi adına Milli Azərbaycan Ədəbiyyatı muzeyi","name_az":"Nizami Gəncəvi adına Milli Azərbaycan Ədəbiyyatı muzeyi","thesis_group":"HISTORICAL_CULTURAL","thesis_subtype":"museum","icon_id":"cultural_museum","name_quality":"NAMED","rayon":"Bakı şəhəri","rayon_id":"AZE_ADM2_54616110B61947743987915","verification_status":"PROVISIONAL","source_role":"MASTER_GIS","display_rank":207,"lon":49.836352,"lat":40.369891},"geometry":{"type":"Point","coordinates":[49.8363524,40.3698913]}},{"type":"Feature","properties":{"poi_id":"OSM_cultural_1493277391","label":"Nizami Gəncəvi heykəli","name_az":"Nizami Gəncəvi heykəli","thesis_group":"HISTORICAL_CULTURAL","thesis_subtype":"monument","icon_id":"cultural_monument","name_quality":"NAMED","rayon":"Masallı rayonu","rayon_id":"AZE_ADM2_54616110B86237771899826","verification_status":"PROVISIONAL","source_role":"MASTER_GIS","display_rank":8,"lon":48.670082,"lat":39.032394},"geometry":{"type":"Point","coordinates":[48.670082300000004,39.0323936]}},{"type":"Feature","properties":{"poi_id":"OSM_cultural_1863175576","label":"Nizami Gəncəvi heykəli","name_az":"Nizami Gəncəvi heykəli","thesis_group":"HISTORICAL_CULTURAL","thesis_subtype":"memorial","icon_id":"cultural_historic","name_quality":"NAMED","rayon":"Bakı şəhəri","rayon_id":"AZE_ADM2_54616110B61947743987915","verification_status":"PROVISIONAL","source_role":"MASTER_GIS","display_rank":18,"lon":49.835184,"lat":40.369577},"geometry":{"type":"Point","coordinates":[49.835184000000005,40.3695773]}},{"type":"Feature","properties":{"poi_id":"OSM_cultural_10679284530","label":"Nizami Gəncəvi heykəli","name_az":"Nizami Gəncəvi heykəli","thesis_group":"HISTORICAL_CULTURAL","thesis_subtype":"memorial","icon_id":"cultural_historic","name_quality":"NAMED","rayon":"Bakı şəhəri","rayon_id":"AZE_ADM2_54616110B61947743987915","verification_status":"PROVISIONAL","source_role":"MASTER_GIS","display_rank":927,"lon":50.144367,"lat":40.490306},"geometry":{"type":"Point","coordinates":[50.1443674,40.4903058]}},{"type":"Feature","properties":{"poi_id":"OSM_cultural_2313008264","label":"Nizami Gəncəvinin məğbərəsi","name_az":"Nizami Gəncəvinin məğbərəsi","thesis_group":"HISTORICAL_CULTURAL","thesis_subtype":"memorial","icon_id":"cultural_historic","name_quality":"NAMED","rayon":"Samux rayonu","rayon_id":"AZE_ADM2_54616110B65018719015844","verification_status":"PROVISIONAL","source_role":"MASTER_GIS","display_rank":47,"lon":46.432729,"lat":40.68551},"geometry":{"type":"Point","coordinates":[46.4327288,40.685510400000005]}},{"type":"Feature","properties":{"poi_id":"OSM_cultural_7829928881","label":"Nizami heykəli","name_az":"Nizami heykəli","thesis_group":"HISTORICAL_CULTURAL","thesis_subtype":"memorial","icon_id":"cultural_historic","name_quality":"NAMED","rayon":"Qəbələ rayonu","rayon_id":"AZE_ADM2_54616110B33746839775993","verification_status":"PROVISIONAL","source_role":"MASTER_GIS","display_rank":585,"lon":47.850023,"lat":40.982469},"geometry":{"type":"Point","coordinates":[47.850022800000005,40.982468600000004]}},{"type":"Feature","properties":{"poi_id":"OSM_cultural_7939878397","label":"Nizami heykəli","name_az":"Nizami heykəli","thesis_group":"HISTORICAL_CULTURAL","thesis_subtype":"memorial","icon_id":"cultural_historic","name_quality":"NAMED","rayon":"Oğuz rayonu","rayon_id":"AZE_ADM2_54616110B99657283459996","verification_status":"PROVISIONAL","source_role":"MASTER_GIS","display_rank":615,"lon":47.465554,"lat":41.070837},"geometry":{"type":"Point","coordinates":[47.4655536,41.0708366]}},{"type":"Feature","properties":{"poi_id":"OSM_cultural_9216757114","label":"Nizami heykəli","name_az":"Nizami heykəli","thesis_group":"HISTORICAL_CULTURAL","thesis_subtype":"memorial","icon_id":"cultural_historic","name_quality":"NAMED","rayon":"Ağdaş rayonu","rayon_id":"AZE_ADM2_54616110B75800990015815","verification_status":"PROVISIONAL","source_role":"MASTER_GIS","display_rank":778,"lon":47.472264,"lat":40.643033},"geometry":{"type":"Point","coordinates":[47.4722645,40.6430328]}},{"type":"Feature","properties":{"poi_id":"OSM_cultural_11813030290","label":"Nizami heykəli","name_az":"Nizami heykəli","thesis_group":"HISTORICAL_CULTURAL","thesis_subtype":"monument","icon_id":"cultural_monument","name_quality":"NAMED","rayon":"Xaçmaz rayonu","rayon_id":"AZE_ADM2_54616110B89497242950609","verification_status":"PROVISIONAL","source_role":"MASTER_GIS","display_rank":1089,"lon":48.68514,"lat":41.633404},"geometry":{"type":"Point","coordinates":[48.685140100000005,41.6334037]}},{"type":"Feature","properties":{"poi_id":"OSM_cultural_10040279571","label":"Nizaməddin Məscidi","name_az":"Nizaməddin Məscidi","thesis_group":"HISTORICAL_CULTURAL","thesis_subtype":"place_of_worship","icon_id":"cultural_historic","name_quality":"NAMED","rayon":"Bakı şəhəri","rayon_id":"AZE_ADM2_54616110B61947743987915","verification_status":"PROVISIONAL","source_role":"MASTER_GIS","display_rank":863,"lon":49.986791,"lat":40.41999},"geometry":{"type":"Point","coordinates":[49.986791200000006,40.419989900000004]}},{"type":"Feature","properties":{"poi_id":"OSM_cultural_12549534503","label":"Nizani Gəncəvi heykəli","name_az":"Nizani Gəncəvi heykəli","thesis_group":"HISTORICAL_CULTURAL","thesis_subtype":"memorial","icon_id":"cultural_historic","name_quality":"NAMED","rayon":"Göygöl rayonu","rayon_id":"AZE_ADM2_54616110B13615645655589","verification_status":"PROVISIONAL","source_role":"MASTER_GIS","display_rank":1228,"lon":46.325521,"lat":40.514247},"geometry":{"type":"Point","coordinates":[46.3255209,40.5142467]}},{"type":"Feature","properties":{"poi_id":"OSM_cultural_3299666763","label":"Nuh Peyqəmbər Türbəsi","name_az":"Nuh Peyqəmbər Türbəsi","thesis_group":"HISTORICAL_CULTURAL","thesis_subtype":"museum","icon_id":"cultural_museum","name_quality":"NAMED","rayon":"Naxçıvan şəhəri","rayon_id":"AZE_ADM2_54616110B79262118902245","verification_status":"PROVISIONAL","source_role":"MASTER_GIS","display_rank":101,"lon":45.412649,"lat":39.19578},"geometry":{"type":"Point","coordinates":[45.4126491,39.195780400000004]}},{"type":"Feature","properties":{"poi_id":"OSM_cultural_7816087260","label":"Nuraləm Məscidi","name_az":"Nuraləm Məscidi","thesis_group":"HISTORICAL_CULTURAL","thesis_subtype":"place_of_worship","icon_id":"cultural_historic","name_quality":"NAMED","rayon":"İsmayıllı rayonu","rayon_id":"AZE_ADM2_54616110B45290451128830","verification_status":"PROVISIONAL","source_role":"MASTER_GIS","display_rank":572,"lon":47.979677,"lat":40.863051},"geometry":{"type":"Point","coordinates":[47.979676700000006,40.8630508]}},{"type":"Feature","properties":{"poi_id":"OSM_cultural_8194864081","label":"Nurgün Məscidi","name_az":"Nurgün Məscidi","thesis_group":"HISTORICAL_CULTURAL","thesis_subtype":"place_of_worship","icon_id":"cultural_historic","name_quality":"NAMED","rayon":"Balakən rayonu","rayon_id":"AZE_ADM2_54616110B63924922129682","verification_status":"PROVISIONAL","source_role":"MASTER_GIS","display_rank":687,"lon":46.440659,"lat":41.63001},"geometry":{"type":"Point","coordinates":[46.4406587,41.630010000000006]}},{"type":"Feature","properties":{"poi_id":"OSM_cultural_7696030975","label":"Nurlu Məscid","name_az":"Nurlu Məscid","thesis_group":"HISTORICAL_CULTURAL","thesis_subtype":"place_of_worship","icon_id":"cultural_historic","name_quality":"NAMED","rayon":"Qusar rayonu","rayon_id":"AZE_ADM2_54616110B21517829058101","verification_status":"PROVISIONAL","source_role":"MASTER_GIS","display_rank":448,"lon":48.151083,"lat":41.466906},"geometry":{"type":"Point","coordinates":[48.1510833,41.466905700000005]}},{"type":"Feature","properties":{"poi_id":"OSM_cultural_7692631520","label":"Nurlu Sabah Məscidi","name_az":"Nurlu Sabah Məscidi","thesis_group":"HISTORICAL_CULTURAL","thesis_subtype":"place_of_worship","icon_id":"cultural_historic","name_quality":"NAMED","rayon":"Qusar rayonu","rayon_id":"AZE_ADM2_54616110B21517829058101","verification_status":"PROVISIONAL","source_role":"MASTER_GIS","display_rank":418,"lon":48.451161,"lat":41.49452},"geometry":{"type":"Point","coordinates":[48.451160800000004,41.494519700000005]}},{"type":"Feature","properties":{"poi_id":"OSM_cultural_8188403288","label":"Nurqədəm Məscidi \\ Beretbinə","name_az":"Nurqədəm Məscidi \\ Beretbinə","thesis_group":"HISTORICAL_CULTURAL","thesis_subtype":"place_of_worship","icon_id":"cultural_historic","name_quality":"NAMED","rayon":"Balakən rayonu","rayon_id":"AZE_ADM2_54616110B63924922129682","verification_status":"PROVISIONAL","source_role":"MASTER_GIS","display_rank":684,"lon":46.484184,"lat":41.642392},"geometry":{"type":"Point","coordinates":[46.4841843,41.6423915]}},{"type":"Feature","properties":{"poi_id":"OSM_cultural_5007325895","label":"Nərgiztəpə","name_az":"Nərgiztəpə","thesis_group":"HISTORICAL_CULTURAL","thesis_subtype":"archaeological_site","icon_id":"cultural_archaeology","name_quality":"NAMED","rayon":"Xocavənd rayonu","rayon_id":"AZE_ADM2_54616110B38461317640181","verification_status":"PROVISIONAL","source_role":"MASTER_GIS","display_rank":247,"lon":47.196046,"lat":39.858887},"geometry":{"type":"Point","coordinates":[47.1960465,39.858887]}},{"type":"Feature","properties":{"poi_id":"OSM_cultural_3628467839","label":"Nəriman Nərimanov","name_az":"Nəriman Nərimanov","thesis_group":"HISTORICAL_CULTURAL","thesis_subtype":"memorial","icon_id":"cultural_historic","name_quality":"NAMED","rayon":"Lerik rayonu","rayon_id":"AZE_ADM2_54616110B59366301344355","verification_status":"PROVISIONAL","source_role":"MASTER_GIS","display_rank":152,"lon":48.421734,"lat":38.776493},"geometry":{"type":"Point","coordinates":[48.421734400000005,38.776492700000006]}},{"type":"Feature","properties":{"poi_id":"OSM_cultural_2291003426","label":"Nəriman Nərimanov heykəli","name_az":"Nəriman Nərimanov heykəli","thesis_group":"HISTORICAL_CULTURAL","thesis_subtype":"memorial","icon_id":"cultural_historic","name_quality":"NAMED","rayon":"Bakı şəhəri","rayon_id":"AZE_ADM2_54616110B61947743987915","verification_status":"PROVISIONAL","source_role":"MASTER_GIS","display_rank":45,"lon":49.824454,"lat":40.368457},"geometry":{"type":"Point","coordinates":[49.8244544,40.3684573]}},{"type":"Feature","properties":{"poi_id":"OSM_cultural_12897351132","label":"Nərimanlı Məscidi","name_az":"Nərimanlı Məscidi","thesis_group":"HISTORICAL_CULTURAL","thesis_subtype":"place_of_worship","icon_id":"cultural_historic","name_quality":"NAMED","rayon":"Goranboy rayonu","rayon_id":"AZE_ADM2_54616110B75141866412524","verification_status":"PROVISIONAL","source_role":"MASTER_GIS","display_rank":1270,"lon":46.831695,"lat":40.597569},"geometry":{"type":"Point","coordinates":[46.8316953,40.597569]}},{"type":"Feature","properties":{"poi_id":"OSM_cultural_2941471477","label":"Nərimanov heykəli","name_az":"Nərimanov heykəli","thesis_group":"HISTORICAL_CULTURAL","thesis_subtype":"memorial","icon_id":"cultural_historic","name_quality":"NAMED","rayon":"Balakən rayonu","rayon_id":"AZE_ADM2_54616110B63924922129682","verification_status":"PROVISIONAL","source_role":"MASTER_GIS","display_rank":61,"lon":46.412541,"lat":41.725765},"geometry":{"type":"Point","coordinates":[46.4125412,41.725765200000005]}},{"type":"Feature","properties":{"poi_id":"OSM_cultural_1845151385","label":"Nəsimi heykəli","name_az":"Nəsimi heykəli","thesis_group":"HISTORICAL_CULTURAL","thesis_subtype":"memorial","icon_id":"cultural_historic","name_quality":"NAMED","rayon":"Bakı şəhəri","rayon_id":"AZE_ADM2_54616110B61947743987915","verification_status":"PROVISIONAL","source_role":"MASTER_GIS","display_rank":17,"lon":49.842195,"lat":40.373846},"geometry":{"type":"Point","coordinates":[49.8421954,40.3738465]}},{"type":"Feature","properties":{"poi_id":"OSM_cultural_7777750183","label":"Nəsimi heykəli","name_az":"Nəsimi heykəli","thesis_group":"HISTORICAL_CULTURAL","thesis_subtype":"memorial","icon_id":"cultural_historic","name_quality":"NAMED","rayon":"Şamaxı rayonu","rayon_id":"AZE_ADM2_54616110B16651088424667","verification_status":"PROVISIONAL","source_role":"MASTER_GIS","display_rank":542,"lon":48.631319,"lat":40.632559},"geometry":{"type":"Point","coordinates":[48.6313194,40.632558800000005]}},{"type":"Feature","properties":{"poi_id":"OSM_cultural_13706788179","label":"Nəsimi heykəli","name_az":"Nəsimi heykəli","thesis_group":"HISTORICAL_CULTURAL","thesis_subtype":"memorial","icon_id":"cultural_historic","name_quality":"NAMED","rayon":"Qax rayonu","rayon_id":"AZE_ADM2_54616110B49356278605879","verification_status":"PROVISIONAL","source_role":"MASTER_GIS","display_rank":1343,"lon":46.929065,"lat":41.418003},"geometry":{"type":"Point","coordinates":[46.929064800000006,41.418003000000006]}},{"type":"Feature","properties":{"poi_id":"OSM_cultural_8188099763","label":"Nəzakət Məscidi","name_az":"Nəzakət Məscidi","thesis_group":"HISTORICAL_CULTURAL","thesis_subtype":"place_of_worship","icon_id":"cultural_historic","name_quality":"NAMED","rayon":"Balakən rayonu","rayon_id":"AZE_ADM2_54616110B63924922129682","verification_status":"PROVISIONAL","source_role":"MASTER_GIS","display_rank":680,"lon":46.544641,"lat":41.643783},"geometry":{"type":"Point","coordinates":[46.5446413,41.6437826]}},{"type":"Feature","properties":{"poi_id":"OSM_cultural_9885957507","label":"Nəzir Qutusu Bibi Heybət","name_az":"Nəzir Qutusu Bibi Heybət","thesis_group":"HISTORICAL_CULTURAL","thesis_subtype":"place_of_worship","icon_id":"cultural_historic","name_quality":"NAMED","rayon":"Bakı şəhəri","rayon_id":"AZE_ADM2_54616110B61947743987915","verification_status":"PROVISIONAL","source_role":"MASTER_GIS","display_rank":835,"lon":49.820379,"lat":40.309067},"geometry":{"type":"Point","coordinates":[49.8203788,40.3090672]}},{"type":"Feature","properties":{"poi_id":"OSM_cultural_12335164525","label":"Nəzir qutusu \\ Xarxar","name_az":"Nəzir qutusu \\ Xarxar","thesis_group":"HISTORICAL_CULTURAL","thesis_subtype":"attraction","icon_id":"cultural_historic","name_quality":"NAMED","rayon":"Şəmkir rayonu","rayon_id":"AZE_ADM2_54616110B57585842497805","verification_status":"PROVISIONAL","source_role":"MASTER_GIS","display_rank":1173,"lon":45.834274,"lat":40.707372},"geometry":{"type":"Point","coordinates":[45.834274300000004,40.707372]}},{"type":"Feature","properties":{"poi_id":"OSM_cultural_7691533301","label":"Obalar Məscidi","name_az":"Obalar Məscidi","thesis_group":"HISTORICAL_CULTURAL","thesis_subtype":"place_of_worship","icon_id":"cultural_historic","name_quality":"NAMED","rayon":"Xaçmaz rayonu","rayon_id":"AZE_ADM2_54616110B89497242950609","verification_status":"PROVISIONAL","source_role":"MASTER_GIS","display_rank":398,"lon":48.628323,"lat":41.640936},"geometry":{"type":"Point","coordinates":[48.628323400000006,41.6409363]}},{"type":"Feature","properties":{"poi_id":"OSM_cultural_7939851897","label":"Oğua Əmək Muzeyi","name_az":"Oğua Əmək Muzeyi","thesis_group":"HISTORICAL_CULTURAL","thesis_subtype":"museum","icon_id":"cultural_museum","name_quality":"NAMED","rayon":"Oğuz rayonu","rayon_id":"AZE_ADM2_54616110B99657283459996","verification_status":"PROVISIONAL","source_role":"MASTER_GIS","display_rank":614,"lon":47.46244,"lat":41.060977},"geometry":{"type":"Point","coordinates":[47.4624395,41.060977]}},{"type":"Feature","properties":{"poi_id":"OSM_cultural_7875564490","label":"Oğuz Cümə məscidi","name_az":"Oğuz Cümə məscidi","thesis_group":"HISTORICAL_CULTURAL","thesis_subtype":"place_of_worship","icon_id":"cultural_historic","name_quality":"NAMED","rayon":"Oğuz rayonu","rayon_id":"AZE_ADM2_54616110B99657283459996","verification_status":"PROVISIONAL","source_role":"MASTER_GIS","display_rank":603,"lon":47.606718,"lat":41.045163},"geometry":{"type":"Point","coordinates":[47.6067182,41.0451629]}},{"type":"Feature","properties":{"poi_id":"OSM_cultural_7939851711","label":"Oğuz Tarix muzeyi","name_az":"Oğuz Tarix muzeyi","thesis_group":"HISTORICAL_CULTURAL","thesis_subtype":"museum","icon_id":"cultural_museum","name_quality":"NAMED","rayon":"Oğuz rayonu","rayon_id":"AZE_ADM2_54616110B99657283459996","verification_status":"PROVISIONAL","source_role":"MASTER_GIS","display_rank":613,"lon":47.467399,"lat":41.074122},"geometry":{"type":"Point","coordinates":[47.467398900000006,41.0741224]}},{"type":"Feature","properties":{"poi_id":"OSM_cultural_13108699276","label":"Pambıqkənd Məscidi","name_az":"Pambıqkənd Məscidi","thesis_group":"HISTORICAL_CULTURAL","thesis_subtype":"place_of_worship","icon_id":"cultural_historic","name_quality":"NAMED","rayon":"Salyan rayonu","rayon_id":"AZE_ADM2_54616110B55207089168458","verification_status":"PROVISIONAL","source_role":"MASTER_GIS","display_rank":1288,"lon":48.913639,"lat":39.834177},"geometry":{"type":"Point","coordinates":[48.9136393,39.834176500000005]}},{"type":"Feature","properties":{"poi_id":"OSM_cultural_13228066484","label":"Parça Xələc Məscidi","name_az":"Parça Xələc Məscidi","thesis_group":"HISTORICAL_CULTURAL","thesis_subtype":"place_of_worship","icon_id":"cultural_historic","name_quality":"NAMED","rayon":"Salyan rayonu","rayon_id":"AZE_ADM2_54616110B55207089168458","verification_status":"PROVISIONAL","source_role":"MASTER_GIS","display_rank":1294,"lon":48.979745,"lat":39.712152},"geometry":{"type":"Point","coordinates":[48.9797451,39.712152200000006]}},{"type":"Feature","properties":{"poi_id":"OSM_cultural_11506717109","label":"Paşa Məscidi","name_az":"Paşa Məscidi","thesis_group":"HISTORICAL_CULTURAL","thesis_subtype":"place_of_worship","icon_id":"cultural_historic","name_quality":"NAMED","rayon":"Şəmkir rayonu","rayon_id":"AZE_ADM2_54616110B57585842497805","verification_status":"PROVISIONAL","source_role":"MASTER_GIS","display_rank":1065,"lon":45.925541,"lat":40.842768},"geometry":{"type":"Point","coordinates":[45.925540500000004,40.842767900000005]}},{"type":"Feature","properties":{"poi_id":"OSM_cultural_13165731952","label":"Peyk kənd Məscidi","name_az":"Peyk kənd Məscidi","thesis_group":"HISTORICAL_CULTURAL","thesis_subtype":"place_of_worship","icon_id":"cultural_historic","name_quality":"NAMED","rayon":"Salyan rayonu","rayon_id":"AZE_ADM2_54616110B55207089168458","verification_status":"PROVISIONAL","source_role":"MASTER_GIS","display_rank":1292,"lon":49.039849,"lat":39.843143},"geometry":{"type":"Point","coordinates":[49.0398493,39.8431427]}},{"type":"Feature","properties":{"poi_id":"OSM_cultural_11976418702","label":"Peyman Məscidi \\ Poylu","name_az":"Peyman Məscidi \\ Poylu","thesis_group":"HISTORICAL_CULTURAL","thesis_subtype":"place_of_worship","icon_id":"cultural_historic","name_quality":"NAMED","rayon":"Ağstafa rayonu","rayon_id":"AZE_ADM2_54616110B36354954300290","verification_status":"PROVISIONAL","source_role":"MASTER_GIS","display_rank":1102,"lon":45.451975,"lat":41.160207},"geometry":{"type":"Point","coordinates":[45.451975000000004,41.1602067]}},{"type":"Feature","properties":{"poi_id":"OSM_cultural_10728355313","label":"Pir Həsən Məscidi","name_az":"Pir Həsən Məscidi","thesis_group":"HISTORICAL_CULTURAL","thesis_subtype":"place_of_worship","icon_id":"cultural_historic","name_quality":"NAMED","rayon":"Bakı şəhəri","rayon_id":"AZE_ADM2_54616110B61947743987915","verification_status":"PROVISIONAL","source_role":"MASTER_GIS","display_rank":942,"lon":50.154032,"lat":40.493955},"geometry":{"type":"Point","coordinates":[50.154032300000004,40.4939553]}},{"type":"Feature","properties":{"poi_id":"OSM_cultural_4826489221","label":"Pir \\ Nabur Mərəzə","name_az":"Pir \\ Nabur Mərəzə","thesis_group":"HISTORICAL_CULTURAL","thesis_subtype":"place_of_worship","icon_id":"cultural_historic","name_quality":"NAMED","rayon":"Qobustan rayonu","rayon_id":"AZE_ADM2_54616110B43271825035432","verification_status":"PROVISIONAL","source_role":"MASTER_GIS","display_rank":235,"lon":48.929461,"lat":40.663033},"geometry":{"type":"Point","coordinates":[48.929460600000006,40.6630334]}},{"type":"Feature","properties":{"poi_id":"OSM_cultural_2911880626","label":"Pirallahı Məscidi","name_az":"Pirallahı Məscidi","thesis_group":"HISTORICAL_CULTURAL","thesis_subtype":"place_of_worship","icon_id":"cultural_historic","name_quality":"NAMED","rayon":"Bakı şəhəri","rayon_id":"AZE_ADM2_54616110B61947743987915","verification_status":"PROVISIONAL","source_role":"MASTER_GIS","display_rank":56,"lon":50.333142,"lat":40.45853},"geometry":{"type":"Point","coordinates":[50.3331418,40.4585297]}},{"type":"Feature","properties":{"poi_id":"OSM_cultural_12481086009","label":"Pirverdilər Məscidi","name_az":"Pirverdilər Məscidi","thesis_group":"HISTORICAL_CULTURAL","thesis_subtype":"place_of_worship","icon_id":"cultural_historic","name_quality":"NAMED","rayon":"Daşkəsən rayonu","rayon_id":"AZE_ADM2_54616110B88384638285498","verification_status":"PROVISIONAL","source_role":"MASTER_GIS","display_rank":1219,"lon":45.90702,"lat":40.470339},"geometry":{"type":"Point","coordinates":[45.9070198,40.470339]}},{"type":"Feature","properties":{"poi_id":"OSM_cultural_3409506037","label":"Pirvənzəra daşları","name_az":"Pirvənzəra daşları","thesis_group":"HISTORICAL_CULTURAL","thesis_subtype":"boundary_stone","icon_id":"cultural_historic","name_quality":"NAMED","rayon":"Bakı şəhəri","rayon_id":"AZE_ADM2_54616110B61947743987915","verification_status":"PROVISIONAL","source_role":"MASTER_GIS","display_rank":116,"lon":49.830197,"lat":40.357935},"geometry":{"type":"Point","coordinates":[49.830196900000004,40.3579347]}},{"type":"Feature","properties":{"poi_id":"OSM_cultural_14022938110","label":"Poladtuğay Məscidi","name_az":"Poladtuğay Məscidi","thesis_group":"HISTORICAL_CULTURAL","thesis_subtype":"place_of_worship","icon_id":"cultural_historic","name_quality":"NAMED","rayon":"Sabirabad rayonu","rayon_id":"AZE_ADM2_54616110B21396185337631","verification_status":"PROVISIONAL","source_role":"MASTER_GIS","display_rank":1371,"lon":48.903055,"lat":39.840994},"geometry":{"type":"Point","coordinates":[48.903055300000005,39.840993700000006]}},{"type":"Feature","properties":{"poi_id":"OSM_cultural_3036597071","label":"Puşkin heykəli","name_az":"Puşkin heykəli","thesis_group":"HISTORICAL_CULTURAL","thesis_subtype":"memorial","icon_id":"cultural_historic","name_quality":"NAMED","rayon":"Bakı şəhəri","rayon_id":"AZE_ADM2_54616110B61947743987915","verification_status":"PROVISIONAL","source_role":"MASTER_GIS","display_rank":81,"lon":49.854841,"lat":40.375162},"geometry":{"type":"Point","coordinates":[49.854841300000004,40.3751625]}},{"type":"Feature","properties":{"poi_id":"OSM_cultural_12474380684","label":"Qabaqtəpə Kilsəsi","name_az":"Qabaqtəpə Kilsəsi","thesis_group":"HISTORICAL_CULTURAL","thesis_subtype":"place_of_worship","icon_id":"cultural_historic","name_quality":"NAMED","rayon":"Daşkəsən rayonu","rayon_id":"AZE_ADM2_54616110B88384638285498","verification_status":"PROVISIONAL","source_role":"MASTER_GIS","display_rank":1217,"lon":45.905239,"lat":40.480238},"geometry":{"type":"Point","coordinates":[45.9052389,40.4802376]}},{"type":"Feature","properties":{"poi_id":"OSM_cultural_12481041896","label":"Qabaqtəpə Məscidi","name_az":"Qabaqtəpə Məscidi","thesis_group":"HISTORICAL_CULTURAL","thesis_subtype":"place_of_worship","icon_id":"cultural_historic","name_quality":"NAMED","rayon":"Daşkəsən rayonu","rayon_id":"AZE_ADM2_54616110B88384638285498","verification_status":"PROVISIONAL","source_role":"MASTER_GIS","display_rank":1218,"lon":45.90805,"lat":40.478547},"geometry":{"type":"Point","coordinates":[45.9080498,40.4785473]}},{"type":"Feature","properties":{"poi_id":"OSM_cultural_8199392661","label":"Qabaqçöl Sərhədabad Məscidi","name_az":"Qabaqçöl Sərhədabad Məscidi","thesis_group":"HISTORICAL_CULTURAL","thesis_subtype":"place_of_worship","icon_id":"cultural_historic","name_quality":"NAMED","rayon":"Balakən rayonu","rayon_id":"AZE_ADM2_54616110B63924922129682","verification_status":"PROVISIONAL","source_role":"MASTER_GIS","display_rank":699,"lon":46.237351,"lat":41.684381},"geometry":{"type":"Point","coordinates":[46.2373513,41.6843808]}},{"type":"Feature","properties":{"poi_id":"OSM_cultural_12708416843","label":"Qabriel Kilsəsi","name_az":"Qabriel Kilsəsi","thesis_group":"HISTORICAL_CULTURAL","thesis_subtype":"place_of_worship","icon_id":"cultural_historic","name_quality":"NAMED","rayon":"Göygöl rayonu","rayon_id":"AZE_ADM2_54616110B13615645655589","verification_status":"PROVISIONAL","source_role":"MASTER_GIS","display_rank":1244,"lon":46.202847,"lat":40.524999},"geometry":{"type":"Point","coordinates":[46.2028474,40.524999300000005]}},{"type":"Feature","properties":{"poi_id":"OSM_cultural_3409596056","label":"Qafar Məmmədovun heykəli","name_az":"Qafar Məmmədovun heykəli","thesis_group":"HISTORICAL_CULTURAL","thesis_subtype":"memorial","icon_id":"cultural_historic","name_quality":"NAMED","rayon":"Bakı şəhəri","rayon_id":"AZE_ADM2_54616110B61947743987915","verification_status":"PROVISIONAL","source_role":"MASTER_GIS","display_rank":119,"lon":49.840148,"lat":40.344106},"geometry":{"type":"Point","coordinates":[49.840148400000004,40.344106000000004]}},{"type":"Feature","properties":{"poi_id":"OSM_cultural_5375457965","label":"Qafqaz Albaniyası Qəbələ qazıntıları","name_az":"Qafqaz Albaniyası Qəbələ qazıntıları","thesis_group":"HISTORICAL_CULTURAL","thesis_subtype":"attraction","icon_id":"cultural_historic","name_quality":"NAMED","rayon":"Qəbələ rayonu","rayon_id":"AZE_ADM2_54616110B33746839775993","verification_status":"PROVISIONAL","source_role":"MASTER_GIS","display_rank":261,"lon":47.708678,"lat":40.890169},"geometry":{"type":"Point","coordinates":[47.7086783,40.890168700000004]}},{"type":"Feature","properties":{"poi_id":"OSM_cultural_10000416404","label":"Qala Cümə Məscidi","name_az":"Qala Cümə Məscidi","thesis_group":"HISTORICAL_CULTURAL","thesis_subtype":"place_of_worship","icon_id":"cultural_historic","name_quality":"NAMED","rayon":"Bakı şəhəri","rayon_id":"AZE_ADM2_54616110B61947743987915","verification_status":"PROVISIONAL","source_role":"MASTER_GIS","display_rank":853,"lon":50.167081,"lat":40.438799},"geometry":{"type":"Point","coordinates":[50.167081200000005,40.438799200000005]}},{"type":"Feature","properties":{"poi_id":"OSM_cultural_11757894772","label":"Qala Düzü Abidəsi","name_az":"Qala Düzü Abidəsi","thesis_group":"HISTORICAL_CULTURAL","thesis_subtype":"memorial","icon_id":"cultural_historic","name_quality":"NAMED","rayon":"Zaqatala rayonu","rayon_id":"AZE_ADM2_54616110B4759617374649","verification_status":"PROVISIONAL","source_role":"MASTER_GIS","display_rank":1083,"lon":46.653215,"lat":41.636964},"geometry":{"type":"Point","coordinates":[46.6532154,41.6369635]}},{"type":"Feature","properties":{"poi_id":"OSM_cultural_10000416232","label":"Qala Məscidi İcması","name_az":"Qala Məscidi İcması","thesis_group":"HISTORICAL_CULTURAL","thesis_subtype":"place_of_worship","icon_id":"cultural_historic","name_quality":"NAMED","rayon":"Bakı şəhəri","rayon_id":"AZE_ADM2_54616110B61947743987915","verification_status":"PROVISIONAL","source_role":"MASTER_GIS","display_rank":847,"lon":50.165558,"lat":40.439786},"geometry":{"type":"Point","coordinates":[50.1655577,40.4397857]}},{"type":"Feature","properties":{"poi_id":"OSM_cultural_10012169795","label":"Qala Qoruğu","name_az":"Qala Qoruğu","thesis_group":"HISTORICAL_CULTURAL","thesis_subtype":"monument","icon_id":"cultural_monument","name_quality":"NAMED","rayon":"Bakı şəhəri","rayon_id":"AZE_ADM2_54616110B61947743987915","verification_status":"PROVISIONAL","source_role":"MASTER_GIS","display_rank":857,"lon":50.165039,"lat":40.447651},"geometry":{"type":"Point","coordinates":[50.165038700000004,40.447651300000004]}},{"type":"Feature","properties":{"poi_id":"OSM_cultural_10000416403","label":"Qala Tarix və Etnoqrafiya Muzeyi","name_az":"Qala Tarix və Etnoqrafiya Muzeyi","thesis_group":"HISTORICAL_CULTURAL","thesis_subtype":"museum","icon_id":"cultural_museum","name_quality":"NAMED","rayon":"Bakı şəhəri","rayon_id":"AZE_ADM2_54616110B61947743987915","verification_status":"PROVISIONAL","source_role":"MASTER_GIS","display_rank":852,"lon":50.168385,"lat":40.439534},"geometry":{"type":"Point","coordinates":[50.168384800000005,40.4395341]}},{"type":"Feature","properties":{"poi_id":"OSM_cultural_8170800513","label":"Qala Türməsi","name_az":"Qala Türməsi","thesis_group":"HISTORICAL_CULTURAL","thesis_subtype":"fort","icon_id":"cultural_historic","name_quality":"NAMED","rayon":"Zaqatala rayonu","rayon_id":"AZE_ADM2_54616110B4759617374649","verification_status":"PROVISIONAL","source_role":"MASTER_GIS","display_rank":669,"lon":46.648942,"lat":41.638477},"geometry":{"type":"Point","coordinates":[46.6489416,41.6384768]}},{"type":"Feature","properties":{"poi_id":"OSM_cultural_10000416402","label":"Qala Əntiq Əşyalar Muzeyi","name_az":"Qala Əntiq Əşyalar Muzeyi","thesis_group":"HISTORICAL_CULTURAL","thesis_subtype":"museum","icon_id":"cultural_museum","name_quality":"NAMED","rayon":"Bakı şəhəri","rayon_id":"AZE_ADM2_54616110B61947743987915","verification_status":"PROVISIONAL","source_role":"MASTER_GIS","display_rank":851,"lon":50.169923,"lat":40.440096},"geometry":{"type":"Point","coordinates":[50.169923000000004,40.4400965]}},{"type":"Feature","properties":{"poi_id":"OSM_cultural_4901438856","label":"Qalaboynu Qalası \\ Xarxar","name_az":"Qalaboynu Qalası \\ Xarxar","thesis_group":"HISTORICAL_CULTURAL","thesis_subtype":"attraction","icon_id":"cultural_historic","name_quality":"NAMED","rayon":"Şəmkir rayonu","rayon_id":"AZE_ADM2_54616110B57585842497805","verification_status":"PROVISIONAL","source_role":"MASTER_GIS","display_rank":241,"lon":45.819582,"lat":40.7282},"geometry":{"type":"Point","coordinates":[45.8195824,40.728199700000005]}},{"type":"Feature","properties":{"poi_id":"OSM_cultural_8044988105","label":"Qalaqapı Məscidi","name_az":"Qalaqapı Məscidi","thesis_group":"HISTORICAL_CULTURAL","thesis_subtype":"place_of_worship","icon_id":"cultural_historic","name_quality":"NAMED","rayon":"Qax rayonu","rayon_id":"AZE_ADM2_54616110B49356278605879","verification_status":"PROVISIONAL","source_role":"MASTER_GIS","display_rank":638,"lon":46.969924,"lat":41.433786},"geometry":{"type":"Point","coordinates":[46.9699243,41.433786500000004]}},{"type":"Feature","properties":{"poi_id":"OSM_cultural_13519842371","label":"Qamət Abbasov Abidəsi","name_az":"Qamət Abbasov Abidəsi","thesis_group":"HISTORICAL_CULTURAL","thesis_subtype":"monument","icon_id":"cultural_monument","name_quality":"NAMED","rayon":"Bakı şəhəri","rayon_id":"AZE_ADM2_54616110B61947743987915","verification_status":"PROVISIONAL","source_role":"MASTER_GIS","display_rank":1314,"lon":49.809274,"lat":40.439826},"geometry":{"type":"Point","coordinates":[49.8092745,40.439826100000005]}},{"type":"Feature","properties":{"poi_id":"OSM_cultural_12731774404","label":"Qanlıqala","name_az":"Qanlıqala","thesis_group":"HISTORICAL_CULTURAL","thesis_subtype":"castle","icon_id":"cultural_castle","name_quality":"NAMED","rayon":"Kəlbəcər rayonu","rayon_id":"AZE_ADM2_54616110B37358032697149","verification_status":"PROVISIONAL","source_role":"MASTER_GIS","display_rank":1249,"lon":46.297337,"lat":40.133186},"geometry":{"type":"Point","coordinates":[46.2973367,40.1331865]}},{"type":"Feature","properties":{"poi_id":"OSM_cultural_12150308239","label":"Qarabağ Müharibəsi Abidəsi","name_az":"Qarabağ Müharibəsi Abidəsi","thesis_group":"HISTORICAL_CULTURAL","thesis_subtype":"monument","icon_id":"cultural_monument","name_quality":"NAMED","rayon":"Xocalı rayonu","rayon_id":"AZE_ADM2_54616110B87325868620163","verification_status":"PROVISIONAL","source_role":"MASTER_GIS","display_rank":1151,"lon":46.89508,"lat":39.896551},"geometry":{"type":"Point","coordinates":[46.8950801,39.8965508]}},{"type":"Feature","properties":{"poi_id":"OSM_cultural_12146911492","label":"Qarabağ abidəsi","name_az":"Qarabağ abidəsi","thesis_group":"HISTORICAL_CULTURAL","thesis_subtype":"monument","icon_id":"cultural_monument","name_quality":"NAMED","rayon":"Xocalı rayonu","rayon_id":"AZE_ADM2_54616110B87325868620163","verification_status":"PROVISIONAL","source_role":"MASTER_GIS","display_rank":1150,"lon":46.708235,"lat":39.926953},"geometry":{"type":"Point","coordinates":[46.7082351,39.9269526]}},{"type":"Feature","properties":{"poi_id":"OSM_cultural_5032945748","label":"Qarabağ müharibəsində həlak olanların xatirəsinə","name_az":"Qarabağ müharibəsində həlak olanların xatirəsinə","thesis_group":"HISTORICAL_CULTURAL","thesis_subtype":"memorial","icon_id":"cultural_historic","name_quality":"NAMED","rayon":"Xocalı rayonu","rayon_id":"AZE_ADM2_54616110B87325868620163","verification_status":"PROVISIONAL","source_role":"MASTER_GIS","display_rank":248,"lon":46.777202,"lat":39.929388},"geometry":{"type":"Point","coordinates":[46.777202300000006,39.9293879]}},{"type":"Feature","properties":{"poi_id":"OSM_cultural_7521208029","label":"Qarabağ Şəhidləri Abidəsi","name_az":"Qarabağ Şəhidləri Abidəsi","thesis_group":"HISTORICAL_CULTURAL","thesis_subtype":"memorial","icon_id":"cultural_historic","name_quality":"NAMED","rayon":"Tərtər rayonu","rayon_id":"AZE_ADM2_54616110B79809370995070","verification_status":"PROVISIONAL","source_role":"MASTER_GIS","display_rank":367,"lon":46.824554,"lat":40.212431},"geometry":{"type":"Point","coordinates":[46.824553900000005,40.2124309]}},{"type":"Feature","properties":{"poi_id":"OSM_cultural_8376325366","label":"Qaracəmirli Təpə 6","name_az":"Qaracəmirli Təpə 6","thesis_group":"HISTORICAL_CULTURAL","thesis_subtype":"archaeological_site","icon_id":"cultural_archaeology","name_quality":"NAMED","rayon":"Şəmkir rayonu","rayon_id":"AZE_ADM2_54616110B57585842497805","verification_status":"PROVISIONAL","source_role":"MASTER_GIS","display_rank":727,"lon":46.266183,"lat":40.901681},"geometry":{"type":"Point","coordinates":[46.266182500000006,40.901680500000005]}},{"type":"Feature","properties":{"poi_id":"OSM_cultural_9604005883","label":"Qaracəmirli Təpə 6 arxeologiya","name_az":"Qaracəmirli Təpə 6 arxeologiya","thesis_group":"HISTORICAL_CULTURAL","thesis_subtype":"archaeological_site","icon_id":"cultural_archaeology","name_quality":"NAMED","rayon":"Şəmkir rayonu","rayon_id":"AZE_ADM2_54616110B57585842497805","verification_status":"PROVISIONAL","source_role":"MASTER_GIS","display_rank":808,"lon":46.26192,"lat":40.896148},"geometry":{"type":"Point","coordinates":[46.2619203,40.896147500000005]}},{"type":"Feature","properties":{"poi_id":"OSM_cultural_7803926544","label":"Qaraqoyunlu Məscidi 15-ci əsr","name_az":"Qaraqoyunlu Məscidi 15-ci əsr","thesis_group":"HISTORICAL_CULTURAL","thesis_subtype":"place_of_worship","icon_id":"cultural_historic","name_quality":"NAMED","rayon":"İsmayıllı rayonu","rayon_id":"AZE_ADM2_54616110B45290451128830","verification_status":"PROVISIONAL","source_role":"MASTER_GIS","display_rank":559,"lon":48.147147,"lat":40.787432},"geometry":{"type":"Point","coordinates":[48.147146500000005,40.7874319]}},{"type":"Feature","properties":{"poi_id":"OSM_cultural_8194864086","label":"Qaravəllilər Məscidi","name_az":"Qaravəllilər Məscidi","thesis_group":"HISTORICAL_CULTURAL","thesis_subtype":"place_of_worship","icon_id":"cultural_historic","name_quality":"NAMED","rayon":"Balakən rayonu","rayon_id":"AZE_ADM2_54616110B63924922129682","verification_status":"PROVISIONAL","source_role":"MASTER_GIS","display_rank":690,"lon":46.436508,"lat":41.640403},"geometry":{"type":"Point","coordinates":[46.436508,41.6404031]}},{"type":"Feature","properties":{"poi_id":"OSM_cultural_13125427449","label":"Qaraçala Məscidi","name_az":"Qaraçala Məscidi","thesis_group":"HISTORICAL_CULTURAL","thesis_subtype":"place_of_worship","icon_id":"cultural_historic","name_quality":"NAMED","rayon":"Salyan rayonu","rayon_id":"AZE_ADM2_54616110B55207089168458","verification_status":"PROVISIONAL","source_role":"MASTER_GIS","display_rank":1290,"lon":48.942182,"lat":39.81673},"geometry":{"type":"Point","coordinates":[48.942182100000004,39.816729900000006]}},{"type":"Feature","properties":{"poi_id":"OSM_cultural_7731771429","label":"Qardaşlıq Məscidi","name_az":"Qardaşlıq Məscidi","thesis_group":"HISTORICAL_CULTURAL","thesis_subtype":"place_of_worship","icon_id":"cultural_historic","name_quality":"NAMED","rayon":"Xaçmaz rayonu","rayon_id":"AZE_ADM2_54616110B89497242950609","verification_status":"PROVISIONAL","source_role":"MASTER_GIS","display_rank":497,"lon":48.736526,"lat":41.496006},"geometry":{"type":"Point","coordinates":[48.7365264,41.496006300000005]}},{"type":"Feature","properties":{"poi_id":"OSM_cultural_7768105709","label":"Qardaşlıq Məscidi","name_az":"Qardaşlıq Məscidi","thesis_group":"HISTORICAL_CULTURAL","thesis_subtype":"place_of_worship","icon_id":"cultural_historic","name_quality":"NAMED","rayon":"Şamaxı rayonu","rayon_id":"AZE_ADM2_54616110B16651088424667","verification_status":"PROVISIONAL","source_role":"MASTER_GIS","display_rank":520,"lon":48.560906,"lat":40.612238},"geometry":{"type":"Point","coordinates":[48.560906,40.612238000000005]}},{"type":"Feature","properties":{"poi_id":"OSM_cultural_8551323671","label":"Qardaşlıq Məscidi","name_az":"Qardaşlıq Məscidi","thesis_group":"HISTORICAL_CULTURAL","thesis_subtype":"place_of_worship","icon_id":"cultural_historic","name_quality":"NAMED","rayon":"İsmayıllı rayonu","rayon_id":"AZE_ADM2_54616110B45290451128830","verification_status":"PROVISIONAL","source_role":"MASTER_GIS","display_rank":741,"lon":48.110324,"lat":40.723661},"geometry":{"type":"Point","coordinates":[48.1103244,40.723660900000006]}},{"type":"Feature","properties":{"poi_id":"OSM_cultural_7688446705","label":"Qardaşlıq məscidi","name_az":"Qardaşlıq məscidi","thesis_group":"HISTORICAL_CULTURAL","thesis_subtype":"place_of_worship","icon_id":"cultural_historic","name_quality":"NAMED","rayon":"Xaçmaz rayonu","rayon_id":"AZE_ADM2_54616110B89497242950609","verification_status":"PROVISIONAL","source_role":"MASTER_GIS","display_rank":389,"lon":48.708025,"lat":41.750446},"geometry":{"type":"Point","coordinates":[48.7080252,41.7504459]}},{"type":"Feature","properties":{"poi_id":"OSM_cultural_2118824810","label":"Qartal Abidəsi","name_az":"Qartal Abidəsi","thesis_group":"HISTORICAL_CULTURAL","thesis_subtype":"monument","icon_id":"cultural_monument","name_quality":"NAMED","rayon":"Bakı şəhəri","rayon_id":"AZE_ADM2_54616110B61947743987915","verification_status":"PROVISIONAL","source_role":"MASTER_GIS","display_rank":41,"lon":49.974264,"lat":40.385127},"geometry":{"type":"Point","coordinates":[49.9742643,40.3851269]}},{"type":"Feature","properties":{"poi_id":"OSM_cultural_3837784650","label":"Qasım Bəy Məscidi","name_az":"Qasım Bəy Məscidi","thesis_group":"HISTORICAL_CULTURAL","thesis_subtype":"place_of_worship","icon_id":"cultural_historic","name_quality":"NAMED","rayon":"Bakı şəhəri","rayon_id":"AZE_ADM2_54616110B61947743987915","verification_status":"PROVISIONAL","source_role":"MASTER_GIS","display_rank":175,"lon":49.832561,"lat":40.372504},"geometry":{"type":"Point","coordinates":[49.83256110000001,40.372504]}},{"type":"Feature","properties":{"poi_id":"OSM_cultural_11244490968","label":"Qasımbəyli Məscidi","name_az":"Qasımbəyli Məscidi","thesis_group":"HISTORICAL_CULTURAL","thesis_subtype":"place_of_worship","icon_id":"cultural_historic","name_quality":"NAMED","rayon":"Ağsu rayonu","rayon_id":"AZE_ADM2_54616110B12323901372431","verification_status":"PROVISIONAL","source_role":"MASTER_GIS","display_rank":1020,"lon":48.200868,"lat":40.533152},"geometry":{"type":"Point","coordinates":[48.200867800000005,40.533152]}},{"type":"Feature","properties":{"poi_id":"OSM_cultural_4997036121","label":"Qatar Abidəsi","name_az":"Qatar Abidəsi","thesis_group":"HISTORICAL_CULTURAL","thesis_subtype":"memorial","icon_id":"cultural_historic","name_quality":"NAMED","rayon":"Bakı şəhəri","rayon_id":"AZE_ADM2_54616110B61947743987915","verification_status":"PROVISIONAL","source_role":"MASTER_GIS","display_rank":245,"lon":49.841762,"lat":40.339561},"geometry":{"type":"Point","coordinates":[49.8417618,40.339560600000006]}},{"type":"Feature","properties":{"poi_id":"OSM_cultural_3597718893","label":"Qaval Daşı \\ Qobustan 2","name_az":"Qaval Daşı \\ Qobustan 2","thesis_group":"HISTORICAL_CULTURAL","thesis_subtype":"archaeological_site","icon_id":"cultural_archaeology","name_quality":"NAMED","rayon":"Abşeron rayonu","rayon_id":"AZE_ADM2_54616110B88432173472444","verification_status":"PROVISIONAL","source_role":"MASTER_GIS","display_rank":148,"lon":49.363126,"lat":40.185703},"geometry":{"type":"Point","coordinates":[49.3631255,40.1857032]}},{"type":"Feature","properties":{"poi_id":"OSM_cultural_5861153840","label":"Qazax Tarix Diyarşünaslıq Muzeyi","name_az":"Qazax Tarix Diyarşünaslıq Muzeyi","thesis_group":"HISTORICAL_CULTURAL","thesis_subtype":"museum","icon_id":"cultural_museum","name_quality":"NAMED","rayon":"Ağstafa rayonu","rayon_id":"AZE_ADM2_54616110B36354954300290","verification_status":"PROVISIONAL","source_role":"MASTER_GIS","display_rank":294,"lon":45.359395,"lat":41.089684},"geometry":{"type":"Point","coordinates":[45.3593946,41.0896843]}},{"type":"Feature","properties":{"poi_id":"OSM_cultural_6046034499","label":"Qazax Yazısı","name_az":"Qazax Yazısı","thesis_group":"HISTORICAL_CULTURAL","thesis_subtype":"monument","icon_id":"cultural_monument","name_quality":"NAMED","rayon":"Qazax rayonu","rayon_id":"AZE_ADM2_54616110B43488292017990","verification_status":"PROVISIONAL","source_role":"MASTER_GIS","display_rank":329,"lon":45.32672,"lat":41.133957},"geometry":{"type":"Point","coordinates":[45.3267199,41.133957200000005]}},{"type":"Feature","properties":{"poi_id":"OSM_cultural_13975386786","label":"Qaçaqkənd Məscidi","name_az":"Qaçaqkənd Məscidi","thesis_group":"HISTORICAL_CULTURAL","thesis_subtype":"place_of_worship","icon_id":"cultural_historic","name_quality":"NAMED","rayon":"Neftçala rayonu","rayon_id":"AZE_ADM2_54616110B40961788089107","verification_status":"PROVISIONAL","source_role":"MASTER_GIS","display_rank":1362,"lon":48.783201,"lat":39.388166},"geometry":{"type":"Point","coordinates":[48.7832008,39.3881661]}},{"type":"Feature","properties":{"poi_id":"OSM_cultural_13975386764","label":"Qaçaqkənd Şəhid Abidəsi","name_az":"Qaçaqkənd Şəhid Abidəsi","thesis_group":"HISTORICAL_CULTURAL","thesis_subtype":"monument","icon_id":"cultural_monument","name_quality":"NAMED","rayon":"Neftçala rayonu","rayon_id":"AZE_ADM2_54616110B40961788089107","verification_status":"PROVISIONAL","source_role":"MASTER_GIS","display_rank":1361,"lon":48.791687,"lat":39.392667},"geometry":{"type":"Point","coordinates":[48.7916873,39.3926674]}},{"type":"Feature","properties":{"poi_id":"OSM_cultural_9677388665","label":"Qiyaslı məscidi","name_az":"Qiyaslı məscidi","thesis_group":"HISTORICAL_CULTURAL","thesis_subtype":"place_of_worship","icon_id":"cultural_historic","name_quality":"NAMED","rayon":"Ağdam rayonu","rayon_id":"AZE_ADM2_54616110B71765796178707","verification_status":"PROVISIONAL","source_role":"MASTER_GIS","display_rank":811,"lon":46.915999,"lat":40.020896},"geometry":{"type":"Point","coordinates":[46.915998800000004,40.0208959]}},{"type":"Feature","properties":{"poi_id":"OSM_cultural_5836147985","label":"Qlobus Abidəsi","name_az":"Qlobus Abidəsi","thesis_group":"HISTORICAL_CULTURAL","thesis_subtype":"monument","icon_id":"cultural_monument","name_quality":"NAMED","rayon":"Sabirabad rayonu","rayon_id":"AZE_ADM2_54616110B21396185337631","verification_status":"PROVISIONAL","source_role":"MASTER_GIS","display_rank":286,"lon":48.463233,"lat":39.990384},"geometry":{"type":"Point","coordinates":[48.463233,39.990384000000006]}},{"type":"Feature","properties":{"poi_id":"OSM_cultural_11184137858","label":"Qobu Təzə Məscid","name_az":"Qobu Təzə Məscid","thesis_group":"HISTORICAL_CULTURAL","thesis_subtype":"place_of_worship","icon_id":"cultural_historic","name_quality":"NAMED","rayon":"Abşeron rayonu","rayon_id":"AZE_ADM2_54616110B88432173472444","verification_status":"PROVISIONAL","source_role":"MASTER_GIS","display_rank":1009,"lon":49.702234,"lat":40.417989},"geometry":{"type":"Point","coordinates":[49.7022343,40.4179887]}},{"type":"Feature","properties":{"poi_id":"OSM_cultural_244398416","label":"Qobustan Dövlət Qoruğu","name_az":"Qobustan Dövlət Qoruğu","thesis_group":"HISTORICAL_CULTURAL","thesis_subtype":"attraction","icon_id":"cultural_historic","name_quality":"NAMED","rayon":"Bakı şəhəri","rayon_id":"AZE_ADM2_54616110B61947743987915","verification_status":"PROVISIONAL","source_role":"MASTER_GIS","display_rank":1,"lon":49.378801,"lat":40.11174},"geometry":{"type":"Point","coordinates":[49.378801200000005,40.1117402]}},{"type":"Feature","properties":{"poi_id":"OSM_cultural_7668072238","label":"Qobustan Mərəzə Cümə məscidi","name_az":"Qobustan Mərəzə Cümə məscidi","thesis_group":"HISTORICAL_CULTURAL","thesis_subtype":"place_of_worship","icon_id":"cultural_historic","name_quality":"NAMED","rayon":"Qobustan rayonu","rayon_id":"AZE_ADM2_54616110B43271825035432","verification_status":"PROVISIONAL","source_role":"MASTER_GIS","display_rank":374,"lon":48.929353,"lat":40.533574},"geometry":{"type":"Point","coordinates":[48.929353000000006,40.5335739]}},{"type":"Feature","properties":{"poi_id":"OSM_cultural_4827120023","label":"Qoşa Qala Qapısı Bakı","name_az":"Qoşa Qala Qapısı Bakı","thesis_group":"HISTORICAL_CULTURAL","thesis_subtype":"attraction","icon_id":"cultural_historic","name_quality":"NAMED","rayon":"Bakı şəhəri","rayon_id":"AZE_ADM2_54616110B61947743987915","verification_status":"PROVISIONAL","source_role":"MASTER_GIS","display_rank":236,"lon":49.836294,"lat":40.368764},"geometry":{"type":"Point","coordinates":[49.836294300000006,40.3687644]}},{"type":"Feature","properties":{"poi_id":"OSM_cultural_7693174118","label":"Qoşaminarəli Məscid","name_az":"Qoşaminarəli Məscid","thesis_group":"HISTORICAL_CULTURAL","thesis_subtype":"place_of_worship","icon_id":"cultural_historic","name_quality":"NAMED","rayon":"Qusar rayonu","rayon_id":"AZE_ADM2_54616110B21517829058101","verification_status":"PROVISIONAL","source_role":"MASTER_GIS","display_rank":438,"lon":48.342665,"lat":41.466526},"geometry":{"type":"Point","coordinates":[48.3426654,41.4665259]}},{"type":"Feature","properties":{"poi_id":"OSM_cultural_8075296942","label":"Qum Kilsəsi","name_az":"Qum Kilsəsi","thesis_group":"HISTORICAL_CULTURAL","thesis_subtype":"place_of_worship","icon_id":"cultural_historic","name_quality":"NAMED","rayon":"Qax rayonu","rayon_id":"AZE_ADM2_54616110B49356278605879","verification_status":"PROVISIONAL","source_role":"MASTER_GIS","display_rank":643,"lon":46.911219,"lat":41.458564},"geometry":{"type":"Point","coordinates":[46.9112188,41.458564200000005]}},{"type":"Feature","properties":{"poi_id":"OSM_cultural_7815909562","label":"Qum hamamı","name_az":"Qum hamamı","thesis_group":"HISTORICAL_CULTURAL","thesis_subtype":"ruins","icon_id":"cultural_historic","name_quality":"NAMED","rayon":"Bakı şəhəri","rayon_id":"AZE_ADM2_54616110B61947743987915","verification_status":"PROVISIONAL","source_role":"MASTER_GIS","display_rank":569,"lon":49.918102,"lat":40.464003},"geometry":{"type":"Point","coordinates":[49.9181019,40.4640028]}},{"type":"Feature","properties":{"poi_id":"OSM_cultural_7693160124","label":"Qurani Kərim Məscidi \\ Avaran Qusar","name_az":"Qurani Kərim Məscidi \\ Avaran Qusar","thesis_group":"HISTORICAL_CULTURAL","thesis_subtype":"place_of_worship","icon_id":"cultural_historic","name_quality":"NAMED","rayon":"Qusar rayonu","rayon_id":"AZE_ADM2_54616110B21517829058101","verification_status":"PROVISIONAL","source_role":"MASTER_GIS","display_rank":435,"lon":48.394046,"lat":41.422729},"geometry":{"type":"Point","coordinates":[48.3940459,41.4227286]}},{"type":"Feature","properties":{"poi_id":"OSM_cultural_8199384851","label":"Qurani-Şərif Məscidi","name_az":"Qurani-Şərif Məscidi","thesis_group":"HISTORICAL_CULTURAL","thesis_subtype":"place_of_worship","icon_id":"cultural_historic","name_quality":"NAMED","rayon":"Balakən rayonu","rayon_id":"AZE_ADM2_54616110B63924922129682","verification_status":"PROVISIONAL","source_role":"MASTER_GIS","display_rank":697,"lon":46.268253,"lat":41.744022},"geometry":{"type":"Point","coordinates":[46.268253,41.7440222]}},{"type":"Feature","properties":{"poi_id":"OSM_cultural_10119605698","label":"Qurban Məscidi","name_az":"Qurban Məscidi","thesis_group":"HISTORICAL_CULTURAL","thesis_subtype":"place_of_worship","icon_id":"cultural_historic","name_quality":"NAMED","rayon":"Bakı şəhəri","rayon_id":"AZE_ADM2_54616110B61947743987915","verification_status":"PROVISIONAL","source_role":"MASTER_GIS","display_rank":879,"lon":49.982434,"lat":40.457827},"geometry":{"type":"Point","coordinates":[49.982433900000004,40.457826700000005]}},{"type":"Feature","properties":{"poi_id":"OSM_cultural_13650588049","label":"Quyçu kənd Məscidi","name_az":"Quyçu kənd Məscidi","thesis_group":"HISTORICAL_CULTURAL","thesis_subtype":"place_of_worship","icon_id":"cultural_historic","name_quality":"NAMED","rayon":"Salyan rayonu","rayon_id":"AZE_ADM2_54616110B55207089168458","verification_status":"PROVISIONAL","source_role":"MASTER_GIS","display_rank":1335,"lon":48.928114,"lat":39.531844},"geometry":{"type":"Point","coordinates":[48.9281139,39.5318435]}},{"type":"Feature","properties":{"poi_id":"OSM_cultural_8082127145","label":"Qımır kənd məscidi","name_az":"Qımır kənd məscidi","thesis_group":"HISTORICAL_CULTURAL","thesis_subtype":"place_of_worship","icon_id":"cultural_historic","name_quality":"NAMED","rayon":"Zaqatala rayonu","rayon_id":"AZE_ADM2_54616110B4759617374649","verification_status":"PROVISIONAL","source_role":"MASTER_GIS","display_rank":651,"lon":46.677639,"lat":41.528367},"geometry":{"type":"Point","coordinates":[46.6776386,41.5283669]}},{"type":"Feature","properties":{"poi_id":"OSM_cultural_8443722728","label":"Qırmızı Günbəz Qaraqoyunlu","name_az":"Qırmızı Günbəz Qaraqoyunlu","thesis_group":"HISTORICAL_CULTURAL","thesis_subtype":"tomb","icon_id":"cultural_historic","name_quality":"NAMED","rayon":"Ağsu rayonu","rayon_id":"AZE_ADM2_54616110B12323901372431","verification_status":"PROVISIONAL","source_role":"MASTER_GIS","display_rank":733,"lon":48.307075,"lat":40.534222},"geometry":{"type":"Point","coordinates":[48.307075100000006,40.5342215]}},{"type":"Feature","properties":{"poi_id":"OSM_cultural_7820115645","label":"Qırmızı Məscid","name_az":"Qırmızı Məscid","thesis_group":"HISTORICAL_CULTURAL","thesis_subtype":"place_of_worship","icon_id":"cultural_historic","name_quality":"NAMED","rayon":"Qəbələ rayonu","rayon_id":"AZE_ADM2_54616110B33746839775993","verification_status":"PROVISIONAL","source_role":"MASTER_GIS","display_rank":577,"lon":47.952055,"lat":40.951521},"geometry":{"type":"Point","coordinates":[47.952055300000005,40.951521]}},{"type":"Feature","properties":{"poi_id":"OSM_cultural_14042380230","label":"Qırmızıkənd Məscidi","name_az":"Qırmızıkənd Məscidi","thesis_group":"HISTORICAL_CULTURAL","thesis_subtype":"place_of_worship","icon_id":"cultural_historic","name_quality":"NAMED","rayon":"Neftçala rayonu","rayon_id":"AZE_ADM2_54616110B40961788089107","verification_status":"PROVISIONAL","source_role":"MASTER_GIS","display_rank":1372,"lon":48.760114,"lat":39.340544},"geometry":{"type":"Point","coordinates":[48.760113700000005,39.340543700000005]}},{"type":"Feature","properties":{"poi_id":"OSM_cultural_13663082807","label":"Qızılağac Məscidi","name_az":"Qızılağac Məscidi","thesis_group":"HISTORICAL_CULTURAL","thesis_subtype":"place_of_worship","icon_id":"cultural_historic","name_quality":"NAMED","rayon":"Salyan rayonu","rayon_id":"AZE_ADM2_54616110B55207089168458","verification_status":"PROVISIONAL","source_role":"MASTER_GIS","display_rank":1337,"lon":48.916283,"lat":39.513132},"geometry":{"type":"Point","coordinates":[48.916282700000004,39.5131316]}},{"type":"Feature","properties":{"poi_id":"OSM_cultural_12900093796","label":"Qızılhacılı Məscidi","name_az":"Qızılhacılı Məscidi","thesis_group":"HISTORICAL_CULTURAL","thesis_subtype":"place_of_worship","icon_id":"cultural_historic","name_quality":"NAMED","rayon":"Goranboy rayonu","rayon_id":"AZE_ADM2_54616110B75141866412524","verification_status":"PROVISIONAL","source_role":"MASTER_GIS","display_rank":1271,"lon":46.850585,"lat":40.576125},"geometry":{"type":"Point","coordinates":[46.850584700000006,40.5761253]}},{"type":"Feature","properties":{"poi_id":"OSM_cultural_13936860891","label":"Qışlaq Məscidi","name_az":"Qışlaq Məscidi","thesis_group":"HISTORICAL_CULTURAL","thesis_subtype":"place_of_worship","icon_id":"cultural_historic","name_quality":"NAMED","rayon":"Şəki rayonu","rayon_id":"AZE_ADM2_54616110B25010354244926","verification_status":"PROVISIONAL","source_role":"MASTER_GIS","display_rank":1353,"lon":47.17377,"lat":41.174603},"geometry":{"type":"Point","coordinates":[47.173769500000006,41.174603100000006]}},{"type":"Feature","properties":{"poi_id":"OSM_cultural_8312885557","label":"Qışlaq hamamı 19-cu əsr","name_az":"Qışlaq hamamı 19-cu əsr","thesis_group":"HISTORICAL_CULTURAL","thesis_subtype":"manor","icon_id":"cultural_historic","name_quality":"NAMED","rayon":"Şəki şəhəri","rayon_id":"AZE_ADM2_54616110B24616396985677","verification_status":"PROVISIONAL","source_role":"MASTER_GIS","display_rank":717,"lon":47.171129,"lat":41.187328},"geometry":{"type":"Point","coordinates":[47.171128800000005,41.1873282]}},{"type":"Feature","properties":{"poi_id":"OSM_cultural_8312885556","label":"Qışlaq məscidi 19-cu əsr","name_az":"Qışlaq məscidi 19-cu əsr","thesis_group":"HISTORICAL_CULTURAL","thesis_subtype":"place_of_worship","icon_id":"cultural_historic","name_quality":"NAMED","rayon":"Şəki şəhəri","rayon_id":"AZE_ADM2_54616110B24616396985677","verification_status":"PROVISIONAL","source_role":"MASTER_GIS","display_rank":716,"lon":47.170551,"lat":41.187245},"geometry":{"type":"Point","coordinates":[47.1705509,41.1872454]}},{"type":"Feature","properties":{"poi_id":"OSM_cultural_7728355069","label":"Qışlaqlar Məscidi","name_az":"Qışlaqlar Məscidi","thesis_group":"HISTORICAL_CULTURAL","thesis_subtype":"place_of_worship","icon_id":"cultural_historic","name_quality":"NAMED","rayon":"Xaçmaz rayonu","rayon_id":"AZE_ADM2_54616110B89497242950609","verification_status":"PROVISIONAL","source_role":"MASTER_GIS","display_rank":491,"lon":48.81717,"lat":41.420968},"geometry":{"type":"Point","coordinates":[48.8171697,41.420967700000006]}},{"type":"Feature","properties":{"poi_id":"OSM_cultural_7829816699","label":"Qəbələ Cümə Məscidi","name_az":"Qəbələ Cümə Məscidi","thesis_group":"HISTORICAL_CULTURAL","thesis_subtype":"place_of_worship","icon_id":"cultural_historic","name_quality":"NAMED","rayon":"Qəbələ rayonu","rayon_id":"AZE_ADM2_54616110B33746839775993","verification_status":"PROVISIONAL","source_role":"MASTER_GIS","display_rank":582,"lon":47.850209,"lat":40.979702},"geometry":{"type":"Point","coordinates":[47.8502092,40.979701600000006]}},{"type":"Feature","properties":{"poi_id":"OSM_cultural_12438784076","label":"Qəbələ Rayonu","name_az":"Qəbələ Rayonu","thesis_group":"HISTORICAL_CULTURAL","thesis_subtype":"monument","icon_id":"cultural_monument","name_quality":"NAMED","rayon":"İsmayıllı rayonu","rayon_id":"AZE_ADM2_54616110B45290451128830","verification_status":"PROVISIONAL","source_role":"MASTER_GIS","display_rank":1186,"lon":48.039351,"lat":40.905954},"geometry":{"type":"Point","coordinates":[48.039350500000005,40.905953700000005]}},{"type":"Feature","properties":{"poi_id":"OSM_cultural_8536854425","label":"Qədim Alban Kilsəsi","name_az":"Qədim Alban Kilsəsi","thesis_group":"HISTORICAL_CULTURAL","thesis_subtype":"place_of_worship","icon_id":"cultural_historic","name_quality":"NAMED","rayon":"Oğuz rayonu","rayon_id":"AZE_ADM2_54616110B99657283459996","verification_status":"PROVISIONAL","source_role":"MASTER_GIS","display_rank":737,"lon":47.477675,"lat":41.058835},"geometry":{"type":"Point","coordinates":[47.477674500000006,41.058834600000004]}},{"type":"Feature","properties":{"poi_id":"OSM_cultural_5416619041","label":"Qədim Alban Kilsəsi \\ Qarabulaq","name_az":"Qədim Alban Kilsəsi \\ Qarabulaq","thesis_group":"HISTORICAL_CULTURAL","thesis_subtype":"attraction","icon_id":"cultural_historic","name_quality":"NAMED","rayon":"Göygöl rayonu","rayon_id":"AZE_ADM2_54616110B13615645655589","verification_status":"PROVISIONAL","source_role":"MASTER_GIS","display_rank":268,"lon":46.373923,"lat":40.456262},"geometry":{"type":"Point","coordinates":[46.3739226,40.4562619]}},{"type":"Feature","properties":{"poi_id":"OSM_cultural_5416619028","label":"Qədim Alban Kilsəsi \\ Yeni Zod","name_az":"Qədim Alban Kilsəsi \\ Yeni Zod","thesis_group":"HISTORICAL_CULTURAL","thesis_subtype":"attraction","icon_id":"cultural_historic","name_quality":"NAMED","rayon":"Göygöl rayonu","rayon_id":"AZE_ADM2_54616110B13615645655589","verification_status":"PROVISIONAL","source_role":"MASTER_GIS","display_rank":266,"lon":46.337354,"lat":40.490426},"geometry":{"type":"Point","coordinates":[46.3373538,40.4904262]}},{"type":"Feature","properties":{"poi_id":"OSM_cultural_3034051298","label":"Qədim Bazar","name_az":"Qədim Bazar","thesis_group":"HISTORICAL_CULTURAL","thesis_subtype":"archaeological_site","icon_id":"cultural_archaeology","name_quality":"NAMED","rayon":"Bakı şəhəri","rayon_id":"AZE_ADM2_54616110B61947743987915","verification_status":"PROVISIONAL","source_role":"MASTER_GIS","display_rank":77,"lon":49.836644,"lat":40.366333},"geometry":{"type":"Point","coordinates":[49.836644,40.366332500000006]}},{"type":"Feature","properties":{"poi_id":"OSM_cultural_5726200590","label":"Qədim Demir Körpü","name_az":"Qədim Demir Körpü","thesis_group":"HISTORICAL_CULTURAL","thesis_subtype":"attraction","icon_id":"cultural_historic","name_quality":"NAMED","rayon":"Gədəbəy rayonu","rayon_id":"AZE_ADM2_54616110B46799199998097","verification_status":"PROVISIONAL","source_role":"MASTER_GIS","display_rank":279,"lon":45.816659,"lat":40.566068},"geometry":{"type":"Point","coordinates":[45.8166589,40.566067600000004]}},{"type":"Feature","properties":{"poi_id":"OSM_cultural_8066762608","label":"Qədim Ləkit Məscidi","name_az":"Qədim Ləkit Məscidi","thesis_group":"HISTORICAL_CULTURAL","thesis_subtype":"place_of_worship","icon_id":"cultural_historic","name_quality":"NAMED","rayon":"Qax rayonu","rayon_id":"AZE_ADM2_54616110B49356278605879","verification_status":"PROVISIONAL","source_role":"MASTER_GIS","display_rank":642,"lon":46.84824,"lat":41.483564},"geometry":{"type":"Point","coordinates":[46.8482405,41.4835635]}},{"type":"Feature","properties":{"poi_id":"OSM_cultural_13062145580","label":"Qədim Məscid","name_az":"Qədim Məscid","thesis_group":"HISTORICAL_CULTURAL","thesis_subtype":"place_of_worship","icon_id":"cultural_historic","name_quality":"NAMED","rayon":"Şamaxı rayonu","rayon_id":"AZE_ADM2_54616110B16651088424667","verification_status":"PROVISIONAL","source_role":"MASTER_GIS","display_rank":1286,"lon":48.610312,"lat":40.639741},"geometry":{"type":"Point","coordinates":[48.610312300000004,40.639740800000006]}},{"type":"Feature","properties":{"poi_id":"OSM_cultural_7142286150","label":"Qədim Qala İlisu","name_az":"Qədim Qala İlisu","thesis_group":"HISTORICAL_CULTURAL","thesis_subtype":"castle","icon_id":"cultural_castle","name_quality":"NAMED","rayon":"Qax rayonu","rayon_id":"AZE_ADM2_54616110B49356278605879","verification_status":"PROVISIONAL","source_role":"MASTER_GIS","display_rank":359,"lon":47.005001,"lat":41.443447},"geometry":{"type":"Point","coordinates":[47.005001400000005,41.4434471]}},{"type":"Feature","properties":{"poi_id":"OSM_cultural_7881769912","label":"Qədim Qəbələ Darvazası","name_az":"Qədim Qəbələ Darvazası","thesis_group":"HISTORICAL_CULTURAL","thesis_subtype":"attraction","icon_id":"cultural_historic","name_quality":"NAMED","rayon":"Qəbələ rayonu","rayon_id":"AZE_ADM2_54616110B33746839775993","verification_status":"PROVISIONAL","source_role":"MASTER_GIS","display_rank":609,"lon":47.706457,"lat":40.883802},"geometry":{"type":"Point","coordinates":[47.706456700000004,40.8838019]}},{"type":"Feature","properties":{"poi_id":"OSM_cultural_10961258489","label":"Qədim Xarabalıq","name_az":"Qədim Xarabalıq","thesis_group":"HISTORICAL_CULTURAL","thesis_subtype":"ruins","icon_id":"cultural_historic","name_quality":"NAMED","rayon":"İsmayıllı rayonu","rayon_id":"AZE_ADM2_54616110B45290451128830","verification_status":"PROVISIONAL","source_role":"MASTER_GIS","display_rank":969,"lon":48.38887,"lat":40.756982},"geometry":{"type":"Point","coordinates":[48.3888703,40.7569822]}},{"type":"Feature","properties":{"poi_id":"OSM_cultural_8034184362","label":"Qərib Ağa Ziyarətgahı","name_az":"Qərib Ağa Ziyarətgahı","thesis_group":"HISTORICAL_CULTURAL","thesis_subtype":"place_of_worship","icon_id":"cultural_historic","name_quality":"NAMED","rayon":"Bakı şəhəri","rayon_id":"AZE_ADM2_54616110B61947743987915","verification_status":"PROVISIONAL","source_role":"MASTER_GIS","display_rank":636,"lon":50.089035,"lat":40.369406},"geometry":{"type":"Point","coordinates":[50.0890354,40.3694062]}},{"type":"Feature","properties":{"poi_id":"OSM_cultural_4665048094","label":"Qərib Pir Şağan","name_az":"Qərib Pir Şağan","thesis_group":"HISTORICAL_CULTURAL","thesis_subtype":"place_of_worship","icon_id":"cultural_historic","name_quality":"NAMED","rayon":"Bakı şəhəri","rayon_id":"AZE_ADM2_54616110B61947743987915","verification_status":"PROVISIONAL","source_role":"MASTER_GIS","display_rank":225,"lon":50.118817,"lat":40.497768},"geometry":{"type":"Point","coordinates":[50.1188173,40.497768]}},{"type":"Feature","properties":{"poi_id":"OSM_cultural_3520118535","label":"Qəriblər Məscidi","name_az":"Qəriblər Məscidi","thesis_group":"HISTORICAL_CULTURAL","thesis_subtype":"place_of_worship","icon_id":"cultural_historic","name_quality":"NAMED","rayon":"Bakı şəhəri","rayon_id":"AZE_ADM2_54616110B61947743987915","verification_status":"PROVISIONAL","source_role":"MASTER_GIS","display_rank":138,"lon":49.980502,"lat":40.43131},"geometry":{"type":"Point","coordinates":[49.980502300000005,40.4313097]}},{"type":"Feature","properties":{"poi_id":"OSM_cultural_12071936206","label":"Rafiq Əlicanov heykəli","name_az":"Rafiq Əlicanov heykəli","thesis_group":"HISTORICAL_CULTURAL","thesis_subtype":"memorial","icon_id":"cultural_historic","name_quality":"NAMED","rayon":"Ağstafa rayonu","rayon_id":"AZE_ADM2_54616110B36354954300290","verification_status":"PROVISIONAL","source_role":"MASTER_GIS","display_rank":1116,"lon":45.450418,"lat":41.115482},"geometry":{"type":"Point","coordinates":[45.450418000000006,41.115481800000005]}},{"type":"Feature","properties":{"poi_id":"OSM_cultural_10119666141","label":"Ramana Qalası","name_az":"Ramana Qalası","thesis_group":"HISTORICAL_CULTURAL","thesis_subtype":"castle","icon_id":"cultural_castle","name_quality":"NAMED","rayon":"Bakı şəhəri","rayon_id":"AZE_ADM2_54616110B61947743987915","verification_status":"PROVISIONAL","source_role":"MASTER_GIS","display_rank":881,"lon":49.979905,"lat":40.456159},"geometry":{"type":"Point","coordinates":[49.979904600000005,40.4561593]}},{"type":"Feature","properties":{"poi_id":"OSM_cultural_7691298955","label":"Ramazan məscidi","name_az":"Ramazan məscidi","thesis_group":"HISTORICAL_CULTURAL","thesis_subtype":"place_of_worship","icon_id":"cultural_historic","name_quality":"NAMED","rayon":"Xaçmaz rayonu","rayon_id":"AZE_ADM2_54616110B89497242950609","verification_status":"PROVISIONAL","source_role":"MASTER_GIS","display_rank":392,"lon":48.62206,"lat":41.690548},"geometry":{"type":"Point","coordinates":[48.6220604,41.6905481]}},{"type":"Feature","properties":{"poi_id":"OSM_cultural_3553883402","label":"Ramiz Kərimov büst","name_az":"Ramiz Kərimov büst","thesis_group":"HISTORICAL_CULTURAL","thesis_subtype":"memorial","icon_id":"cultural_historic","name_quality":"NAMED","rayon":"Bakı şəhəri","rayon_id":"AZE_ADM2_54616110B61947743987915","verification_status":"PROVISIONAL","source_role":"MASTER_GIS","display_rank":142,"lon":49.936969,"lat":40.407415},"geometry":{"type":"Point","coordinates":[49.9369688,40.4074151]}},{"type":"Feature","properties":{"poi_id":"OSM_cultural_1976790537","label":"Rixard Zorgenin abidəsi","name_az":"Rixard Zorgenin abidəsi","thesis_group":"HISTORICAL_CULTURAL","thesis_subtype":"memorial","icon_id":"cultural_historic","name_quality":"NAMED","rayon":"Bakı şəhəri","rayon_id":"AZE_ADM2_54616110B61947743987915","verification_status":"PROVISIONAL","source_role":"MASTER_GIS","display_rank":27,"lon":49.836608,"lat":40.390454},"geometry":{"type":"Point","coordinates":[49.8366076,40.3904535]}},{"type":"Feature","properties":{"poi_id":"OSM_cultural_8376391611","label":"Rizvan Təpə arxeologiya","name_az":"Rizvan Təpə arxeologiya","thesis_group":"HISTORICAL_CULTURAL","thesis_subtype":"archaeological_site","icon_id":"cultural_archaeology","name_quality":"NAMED","rayon":"Şəmkir rayonu","rayon_id":"AZE_ADM2_54616110B57585842497805","verification_status":"PROVISIONAL","source_role":"MASTER_GIS","display_rank":729,"lon":46.256223,"lat":40.889423},"geometry":{"type":"Point","coordinates":[46.2562233,40.8894226]}},{"type":"Feature","properties":{"poi_id":"OSM_cultural_1976790538","label":"Roma Legionerlərin yazısı \\ İmperator Domisian XII","name_az":"Roma Legionerlərin yazısı \\ İmperator Domisian XII","thesis_group":"HISTORICAL_CULTURAL","thesis_subtype":"archaeological_site","icon_id":"cultural_archaeology","name_quality":"NAMED","rayon":"Bakı şəhəri","rayon_id":"AZE_ADM2_54616110B61947743987915","verification_status":"PROVISIONAL","source_role":"MASTER_GIS","display_rank":28,"lon":49.387322,"lat":40.102366},"geometry":{"type":"Point","coordinates":[49.3873222,40.1023664]}},{"type":"Feature","properties":{"poi_id":"OSM_cultural_7967112810","label":"Ruhanilər Məscidi","name_az":"Ruhanilər Məscidi","thesis_group":"HISTORICAL_CULTURAL","thesis_subtype":"place_of_worship","icon_id":"cultural_historic","name_quality":"NAMED","rayon":"Şəki rayonu","rayon_id":"AZE_ADM2_54616110B25010354244926","verification_status":"PROVISIONAL","source_role":"MASTER_GIS","display_rank":624,"lon":47.161734,"lat":41.150672},"geometry":{"type":"Point","coordinates":[47.1617344,41.1506716]}},{"type":"Feature","properties":{"poi_id":"OSM_cultural_12549861827","label":"Rus Kilsəsi","name_az":"Rus Kilsəsi","thesis_group":"HISTORICAL_CULTURAL","thesis_subtype":"place_of_worship","icon_id":"cultural_historic","name_quality":"NAMED","rayon":"Göygöl rayonu","rayon_id":"AZE_ADM2_54616110B13615645655589","verification_status":"PROVISIONAL","source_role":"MASTER_GIS","display_rank":1229,"lon":46.329678,"lat":40.513431},"geometry":{"type":"Point","coordinates":[46.329678300000005,40.513431100000005]}},{"type":"Feature","properties":{"poi_id":"OSM_cultural_10722297631","label":"Rus Matrosları Abidəsi 1900 il","name_az":"Rus Matrosları Abidəsi 1900 il","thesis_group":"HISTORICAL_CULTURAL","thesis_subtype":"monument","icon_id":"cultural_monument","name_quality":"NAMED","rayon":"Bakı şəhəri","rayon_id":"AZE_ADM2_54616110B61947743987915","verification_status":"PROVISIONAL","source_role":"MASTER_GIS","display_rank":939,"lon":50.230639,"lat":40.49442},"geometry":{"type":"Point","coordinates":[50.2306388,40.4944204]}},{"type":"Feature","properties":{"poi_id":"OSM_cultural_12128487545","label":"Rus Pravoslav Kilsəsi","name_az":"Rus Pravoslav Kilsəsi","thesis_group":"HISTORICAL_CULTURAL","thesis_subtype":"place_of_worship","icon_id":"cultural_historic","name_quality":"NAMED","rayon":"Qazax rayonu","rayon_id":"AZE_ADM2_54616110B43488292017990","verification_status":"PROVISIONAL","source_role":"MASTER_GIS","display_rank":1144,"lon":45.358184,"lat":41.090336},"geometry":{"type":"Point","coordinates":[45.3581835,41.090336]}},{"type":"Feature","properties":{"poi_id":"OSM_cultural_6323450485","label":"Rövşən Lənkəranski","name_az":"Rövşən Lənkəranski","thesis_group":"HISTORICAL_CULTURAL","thesis_subtype":"tomb","icon_id":"cultural_historic","name_quality":"NAMED","rayon":"Lənkəran rayonu","rayon_id":"AZE_ADM2_54616110B2076465815790","verification_status":"PROVISIONAL","source_role":"MASTER_GIS","display_rank":338,"lon":48.834723,"lat":38.772303},"geometry":{"type":"Point","coordinates":[48.834722500000005,38.7723032]}},{"type":"Feature","properties":{"poi_id":"OSM_cultural_4272430990","label":"Röyal abidə","name_az":"Röyal abidə","thesis_group":"HISTORICAL_CULTURAL","thesis_subtype":"monument","icon_id":"cultural_monument","name_quality":"NAMED","rayon":"Sumqayıt şəhəri","rayon_id":"AZE_ADM2_54616110B75219613739908","verification_status":"PROVISIONAL","source_role":"MASTER_GIS","display_rank":188,"lon":49.692426,"lat":40.573254},"geometry":{"type":"Point","coordinates":[49.692425500000006,40.5732544]}},{"type":"Feature","properties":{"poi_id":"OSM_cultural_12376951631","label":"Rüsrəm Əliyev heykəli","name_az":"Rüsrəm Əliyev heykəli","thesis_group":"HISTORICAL_CULTURAL","thesis_subtype":"memorial","icon_id":"cultural_historic","name_quality":"NAMED","rayon":"Gədəbəy rayonu","rayon_id":"AZE_ADM2_54616110B46799199998097","verification_status":"PROVISIONAL","source_role":"MASTER_GIS","display_rank":1177,"lon":45.754876,"lat":40.502489},"geometry":{"type":"Point","coordinates":[45.754875500000004,40.502489100000005]}},{"type":"Feature","properties":{"poi_id":"OSM_cultural_5418695022","label":"Rəhimə Xanım Ziyarətgahı","name_az":"Rəhimə Xanım Ziyarətgahı","thesis_group":"HISTORICAL_CULTURAL","thesis_subtype":"memorial","icon_id":"cultural_historic","name_quality":"NAMED","rayon":"Bakı şəhəri","rayon_id":"AZE_ADM2_54616110B61947743987915","verification_status":"PROVISIONAL","source_role":"MASTER_GIS","display_rank":270,"lon":50.058387,"lat":40.585542},"geometry":{"type":"Point","coordinates":[50.0583874,40.585542000000004]}},{"type":"Feature","properties":{"poi_id":"OSM_cultural_4396755397","label":"Rəngkarlıq Muzeyi","name_az":"Rəngkarlıq Muzeyi","thesis_group":"HISTORICAL_CULTURAL","thesis_subtype":"museum","icon_id":"cultural_museum","name_quality":"NAMED","rayon":"Bakı şəhəri","rayon_id":"AZE_ADM2_54616110B61947743987915","verification_status":"PROVISIONAL","source_role":"MASTER_GIS","display_rank":201,"lon":49.838289,"lat":40.339588},"geometry":{"type":"Point","coordinates":[49.838289200000006,40.3395882]}},{"type":"Feature","properties":{"poi_id":"OSM_cultural_11194749274","label":"Rəsul Allah Məscidi \\ \\ Sədərək Bazarı","name_az":"Rəsul Allah Məscidi \\ \\ Sədərək Bazarı","thesis_group":"HISTORICAL_CULTURAL","thesis_subtype":"place_of_worship","icon_id":"cultural_historic","name_quality":"NAMED","rayon":"Bakı şəhəri","rayon_id":"AZE_ADM2_54616110B61947743987915","verification_status":"PROVISIONAL","source_role":"MASTER_GIS","display_rank":1011,"lon":49.779754,"lat":40.322712},"geometry":{"type":"Point","coordinates":[49.779754100000005,40.3227124]}},{"type":"Feature","properties":{"poi_id":"OSM_cultural_11208804312","label":"Rəsulullah Məscidi","name_az":"Rəsulullah Məscidi","thesis_group":"HISTORICAL_CULTURAL","thesis_subtype":"place_of_worship","icon_id":"cultural_historic","name_quality":"NAMED","rayon":"Abşeron rayonu","rayon_id":"AZE_ADM2_54616110B88432173472444","verification_status":"PROVISIONAL","source_role":"MASTER_GIS","display_rank":1013,"lon":49.684204,"lat":40.374743},"geometry":{"type":"Point","coordinates":[49.6842045,40.3747434]}},{"type":"Feature","properties":{"poi_id":"OSM_cultural_8165456616","label":"Rəsulzadə heykəli","name_az":"Rəsulzadə heykəli","thesis_group":"HISTORICAL_CULTURAL","thesis_subtype":"memorial","icon_id":"cultural_historic","name_quality":"NAMED","rayon":"Zaqatala rayonu","rayon_id":"AZE_ADM2_54616110B4759617374649","verification_status":"PROVISIONAL","source_role":"MASTER_GIS","display_rank":663,"lon":46.650414,"lat":41.63338},"geometry":{"type":"Point","coordinates":[46.6504142,41.63338]}},{"type":"Feature","properties":{"poi_id":"OSM_cultural_10876427713","label":"Rəsulzadənin Ev Muzeyi","name_az":"Rəsulzadənin Ev Muzeyi","thesis_group":"HISTORICAL_CULTURAL","thesis_subtype":"museum","icon_id":"cultural_museum","name_quality":"NAMED","rayon":"Abşeron rayonu","rayon_id":"AZE_ADM2_54616110B88432173472444","verification_status":"PROVISIONAL","source_role":"MASTER_GIS","display_rank":961,"lon":49.7807,"lat":40.52789},"geometry":{"type":"Point","coordinates":[49.780699600000005,40.5278902]}},{"type":"Feature","properties":{"poi_id":"OSM_cultural_4692451990","label":"Rəşid Behbudov","name_az":"Rəşid Behbudov","thesis_group":"HISTORICAL_CULTURAL","thesis_subtype":"memorial","icon_id":"cultural_historic","name_quality":"NAMED","rayon":"Bakı şəhəri","rayon_id":"AZE_ADM2_54616110B61947743987915","verification_status":"PROVISIONAL","source_role":"MASTER_GIS","display_rank":227,"lon":49.846771,"lat":40.374626},"geometry":{"type":"Point","coordinates":[49.846771000000004,40.374626400000004]}},{"type":"Feature","properties":{"poi_id":"OSM_cultural_12087937988","label":"SU 15 dairəsi","name_az":"SU 15 dairəsi","thesis_group":"HISTORICAL_CULTURAL","thesis_subtype":"monument","icon_id":"cultural_monument","name_quality":"NAMED","rayon":"Qazax rayonu","rayon_id":"AZE_ADM2_54616110B43488292017990","verification_status":"PROVISIONAL","source_role":"MASTER_GIS","display_rank":1128,"lon":45.346818,"lat":41.088474},"geometry":{"type":"Point","coordinates":[45.3468177,41.0884741]}},{"type":"Feature","properties":{"poi_id":"OSM_cultural_12309653424","label":"Saat Abidəsi","name_az":"Saat Abidəsi","thesis_group":"HISTORICAL_CULTURAL","thesis_subtype":"monument","icon_id":"cultural_monument","name_quality":"NAMED","rayon":"Ağcabədi rayonu","rayon_id":"AZE_ADM2_54616110B84161876100413","verification_status":"PROVISIONAL","source_role":"MASTER_GIS","display_rank":1165,"lon":47.458555,"lat":40.048752},"geometry":{"type":"Point","coordinates":[47.4585547,40.048751800000005]}},{"type":"Feature","properties":{"poi_id":"OSM_cultural_5801536122","label":"Saat Qülləsi","name_az":"Saat Qülləsi","thesis_group":"HISTORICAL_CULTURAL","thesis_subtype":"attraction","icon_id":"cultural_historic","name_quality":"NAMED","rayon":"Gədəbəy rayonu","rayon_id":"AZE_ADM2_54616110B46799199998097","verification_status":"PROVISIONAL","source_role":"MASTER_GIS","display_rank":282,"lon":45.80769,"lat":40.574584},"geometry":{"type":"Point","coordinates":[45.8076895,40.5745835]}},{"type":"Feature","properties":{"poi_id":"OSM_cultural_10822565544","label":"Sabunçu Məscidi","name_az":"Sabunçu Məscidi","thesis_group":"HISTORICAL_CULTURAL","thesis_subtype":"place_of_worship","icon_id":"cultural_historic","name_quality":"NAMED","rayon":"Bakı şəhəri","rayon_id":"AZE_ADM2_54616110B61947743987915","verification_status":"PROVISIONAL","source_role":"MASTER_GIS","display_rank":958,"lon":49.952231,"lat":40.444373},"geometry":{"type":"Point","coordinates":[49.9522309,40.4443731]}},{"type":"Feature","properties":{"poi_id":"OSM_cultural_10049767632","label":"Sabunçu Saat Abidəsi","name_az":"Sabunçu Saat Abidəsi","thesis_group":"HISTORICAL_CULTURAL","thesis_subtype":"monument","icon_id":"cultural_monument","name_quality":"NAMED","rayon":"Bakı şəhəri","rayon_id":"AZE_ADM2_54616110B61947743987915","verification_status":"PROVISIONAL","source_role":"MASTER_GIS","display_rank":868,"lon":49.962139,"lat":40.439211},"geometry":{"type":"Point","coordinates":[49.962139,40.4392106]}},{"type":"Feature","properties":{"poi_id":"OSM_cultural_7711421076","label":"Sahib Əzzaman Məscidi","name_az":"Sahib Əzzaman Məscidi","thesis_group":"HISTORICAL_CULTURAL","thesis_subtype":"place_of_worship","icon_id":"cultural_historic","name_quality":"NAMED","rayon":"Şabran rayonu","rayon_id":"AZE_ADM2_54616110B33183266084070","verification_status":"PROVISIONAL","source_role":"MASTER_GIS","display_rank":478,"lon":48.943561,"lat":41.090741},"geometry":{"type":"Point","coordinates":[48.943560700000006,41.090741300000005]}},{"type":"Feature","properties":{"poi_id":"OSM_cultural_10004983793","label":"Sahib-əz-Zaman Məscidi","name_az":"Sahib-əz-Zaman Məscidi","thesis_group":"HISTORICAL_CULTURAL","thesis_subtype":"place_of_worship","icon_id":"cultural_historic","name_quality":"NAMED","rayon":"Bakı şəhəri","rayon_id":"AZE_ADM2_54616110B61947743987915","verification_status":"PROVISIONAL","source_role":"MASTER_GIS","display_rank":855,"lon":50.084634,"lat":40.374628},"geometry":{"type":"Point","coordinates":[50.0846341,40.374628]}},{"type":"Feature","properties":{"poi_id":"OSM_cultural_7741328314","label":"Sahibi Əzzaman Məscidi \\ Göylər Dağ","name_az":"Sahibi Əzzaman Məscidi \\ Göylər Dağ","thesis_group":"HISTORICAL_CULTURAL","thesis_subtype":"place_of_worship","icon_id":"cultural_historic","name_quality":"NAMED","rayon":"Şamaxı rayonu","rayon_id":"AZE_ADM2_54616110B16651088424667","verification_status":"PROVISIONAL","source_role":"MASTER_GIS","display_rank":513,"lon":48.681681,"lat":40.49255},"geometry":{"type":"Point","coordinates":[48.6816806,40.4925499]}},{"type":"Feature","properties":{"poi_id":"OSM_cultural_11093803457","label":"Salam Məscidi","name_az":"Salam Məscidi","thesis_group":"HISTORICAL_CULTURAL","thesis_subtype":"place_of_worship","icon_id":"cultural_historic","name_quality":"NAMED","rayon":"Abşeron rayonu","rayon_id":"AZE_ADM2_54616110B88432173472444","verification_status":"PROVISIONAL","source_role":"MASTER_GIS","display_rank":991,"lon":49.844721,"lat":40.529098},"geometry":{"type":"Point","coordinates":[49.8447213,40.5290982]}},{"type":"Feature","properties":{"poi_id":"OSM_cultural_8194864085","label":"Salavat Məscidi \\ Mollaçıbinə","name_az":"Salavat Məscidi \\ Mollaçıbinə","thesis_group":"HISTORICAL_CULTURAL","thesis_subtype":"place_of_worship","icon_id":"cultural_historic","name_quality":"NAMED","rayon":"Balakən rayonu","rayon_id":"AZE_ADM2_54616110B63924922129682","verification_status":"PROVISIONAL","source_role":"MASTER_GIS","display_rank":689,"lon":46.458977,"lat":41.645703},"geometry":{"type":"Point","coordinates":[46.4589769,41.6457028]}},{"type":"Feature","properties":{"poi_id":"OSM_cultural_7830579321","label":"Salehlər Məscidi","name_az":"Salehlər Məscidi","thesis_group":"HISTORICAL_CULTURAL","thesis_subtype":"place_of_worship","icon_id":"cultural_historic","name_quality":"NAMED","rayon":"Qəbələ rayonu","rayon_id":"AZE_ADM2_54616110B33746839775993","verification_status":"PROVISIONAL","source_role":"MASTER_GIS","display_rank":586,"lon":47.843635,"lat":40.98824},"geometry":{"type":"Point","coordinates":[47.8436351,40.9882402]}},{"type":"Feature","properties":{"poi_id":"OSM_cultural_13590729852","label":"Salyan Məscidi","name_az":"Salyan Məscidi","thesis_group":"HISTORICAL_CULTURAL","thesis_subtype":"place_of_worship","icon_id":"cultural_historic","name_quality":"NAMED","rayon":"Neftçala rayonu","rayon_id":"AZE_ADM2_54616110B40961788089107","verification_status":"PROVISIONAL","source_role":"MASTER_GIS","display_rank":1326,"lon":48.988193,"lat":39.593237},"geometry":{"type":"Point","coordinates":[48.988192700000006,39.5932374]}},{"type":"Feature","properties":{"poi_id":"OSM_cultural_3126854002","label":"Samir Xasıyev heykəli","name_az":"Samir Xasıyev heykəli","thesis_group":"HISTORICAL_CULTURAL","thesis_subtype":"memorial","icon_id":"cultural_historic","name_quality":"NAMED","rayon":"Bakı şəhəri","rayon_id":"AZE_ADM2_54616110B61947743987915","verification_status":"PROVISIONAL","source_role":"MASTER_GIS","display_rank":87,"lon":49.876225,"lat":40.390662},"geometry":{"type":"Point","coordinates":[49.876225000000005,40.3906622]}},{"type":"Feature","properties":{"poi_id":"OSM_cultural_9566720759","label":"Samux Dairəsi","name_az":"Samux Dairəsi","thesis_group":"HISTORICAL_CULTURAL","thesis_subtype":"monument","icon_id":"cultural_monument","name_quality":"NAMED","rayon":"Samux rayonu","rayon_id":"AZE_ADM2_54616110B65018719015844","verification_status":"PROVISIONAL","source_role":"MASTER_GIS","display_rank":804,"lon":46.394904,"lat":40.751138},"geometry":{"type":"Point","coordinates":[46.3949043,40.751138000000005]}},{"type":"Feature","properties":{"poi_id":"OSM_cultural_8075334023","label":"Sarablı Məscid 1910-cu il","name_az":"Sarablı Məscid 1910-cu il","thesis_group":"HISTORICAL_CULTURAL","thesis_subtype":"place_of_worship","icon_id":"cultural_historic","name_quality":"NAMED","rayon":"Qax rayonu","rayon_id":"AZE_ADM2_54616110B49356278605879","verification_status":"PROVISIONAL","source_role":"MASTER_GIS","display_rank":645,"lon":46.917313,"lat":41.466827},"geometry":{"type":"Point","coordinates":[46.917312700000004,41.466827300000006]}},{"type":"Feature","properties":{"poi_id":"OSM_cultural_10896876692","label":"Saray Məscidi","name_az":"Saray Məscidi","thesis_group":"HISTORICAL_CULTURAL","thesis_subtype":"place_of_worship","icon_id":"cultural_historic","name_quality":"NAMED","rayon":"Abşeron rayonu","rayon_id":"AZE_ADM2_54616110B88432173472444","verification_status":"PROVISIONAL","source_role":"MASTER_GIS","display_rank":964,"lon":49.716781,"lat":40.533128},"geometry":{"type":"Point","coordinates":[49.7167812,40.533128500000004]}},{"type":"Feature","properties":{"poi_id":"OSM_cultural_2783036024","label":"Saray Qəbirstanlıq Məscidi","name_az":"Saray Qəbirstanlıq Məscidi","thesis_group":"HISTORICAL_CULTURAL","thesis_subtype":"place_of_worship","icon_id":"cultural_historic","name_quality":"NAMED","rayon":"Abşeron rayonu","rayon_id":"AZE_ADM2_54616110B88432173472444","verification_status":"PROVISIONAL","source_role":"MASTER_GIS","display_rank":52,"lon":49.726197,"lat":40.518632},"geometry":{"type":"Point","coordinates":[49.7261972,40.518632000000004]}},{"type":"Feature","properties":{"poi_id":"OSM_cultural_13665481333","label":"Sarvan kənd Məscidi","name_az":"Sarvan kənd Məscidi","thesis_group":"HISTORICAL_CULTURAL","thesis_subtype":"place_of_worship","icon_id":"cultural_historic","name_quality":"NAMED","rayon":"Salyan rayonu","rayon_id":"AZE_ADM2_54616110B55207089168458","verification_status":"PROVISIONAL","source_role":"MASTER_GIS","display_rank":1339,"lon":48.89282,"lat":39.479769},"geometry":{"type":"Point","coordinates":[48.89282,39.479769100000006]}},{"type":"Feature","properties":{"poi_id":"OSM_cultural_7728301640","label":"Sarı Məscid","name_az":"Sarı Məscid","thesis_group":"HISTORICAL_CULTURAL","thesis_subtype":"place_of_worship","icon_id":"cultural_historic","name_quality":"NAMED","rayon":"Xaçmaz rayonu","rayon_id":"AZE_ADM2_54616110B89497242950609","verification_status":"PROVISIONAL","source_role":"MASTER_GIS","display_rank":489,"lon":48.829795,"lat":41.489973},"geometry":{"type":"Point","coordinates":[48.8297948,41.4899731]}},{"type":"Feature","properties":{"poi_id":"OSM_cultural_13246471413","label":"Sarı Pir \\ Abadkənd","name_az":"Sarı Pir \\ Abadkənd","thesis_group":"HISTORICAL_CULTURAL","thesis_subtype":"place_of_worship","icon_id":"cultural_historic","name_quality":"NAMED","rayon":"Salyan rayonu","rayon_id":"AZE_ADM2_54616110B55207089168458","verification_status":"PROVISIONAL","source_role":"MASTER_GIS","display_rank":1299,"lon":49.001148,"lat":39.746936},"geometry":{"type":"Point","coordinates":[49.001147700000004,39.7469363]}},{"type":"Feature","properties":{"poi_id":"OSM_cultural_5978909206","label":"Sarıbaş Qalası","name_az":"Sarıbaş Qalası","thesis_group":"HISTORICAL_CULTURAL","thesis_subtype":"castle","icon_id":"cultural_castle","name_quality":"NAMED","rayon":"Qax rayonu","rayon_id":"AZE_ADM2_54616110B49356278605879","verification_status":"PROVISIONAL","source_role":"MASTER_GIS","display_rank":314,"lon":47.074926,"lat":41.524037},"geometry":{"type":"Point","coordinates":[47.0749262,41.524037]}},{"type":"Feature","properties":{"poi_id":"OSM_cultural_8312902257","label":"Sarıtorpaq məscidi 19-cu əsr","name_az":"Sarıtorpaq məscidi 19-cu əsr","thesis_group":"HISTORICAL_CULTURAL","thesis_subtype":"place_of_worship","icon_id":"cultural_historic","name_quality":"NAMED","rayon":"Şəki şəhəri","rayon_id":"AZE_ADM2_54616110B24616396985677","verification_status":"PROVISIONAL","source_role":"MASTER_GIS","display_rank":720,"lon":47.187763,"lat":41.2039},"geometry":{"type":"Point","coordinates":[47.187762600000006,41.2039002]}},{"type":"Feature","properties":{"poi_id":"OSM_cultural_7693174119","label":"Savab Məscidi","name_az":"Savab Məscidi","thesis_group":"HISTORICAL_CULTURAL","thesis_subtype":"place_of_worship","icon_id":"cultural_historic","name_quality":"NAMED","rayon":"Qusar rayonu","rayon_id":"AZE_ADM2_54616110B21517829058101","verification_status":"PROVISIONAL","source_role":"MASTER_GIS","display_rank":439,"lon":48.339516,"lat":41.473972},"geometry":{"type":"Point","coordinates":[48.3395165,41.473972100000005]}},{"type":"Feature","properties":{"poi_id":"OSM_cultural_4596144489","label":"Sevil Qazıyeva heykəli","name_az":"Sevil Qazıyeva heykəli","thesis_group":"HISTORICAL_CULTURAL","thesis_subtype":"monument","icon_id":"cultural_monument","name_quality":"NAMED","rayon":"Zaqatala rayonu","rayon_id":"AZE_ADM2_54616110B4759617374649","verification_status":"PROVISIONAL","source_role":"MASTER_GIS","display_rank":222,"lon":46.645613,"lat":41.632911},"geometry":{"type":"Point","coordinates":[46.6456127,41.6329106]}},{"type":"Feature","properties":{"poi_id":"OSM_cultural_13590729905","label":"Seyid Ağa Ziyarətgahı","name_az":"Seyid Ağa Ziyarətgahı","thesis_group":"HISTORICAL_CULTURAL","thesis_subtype":"place_of_worship","icon_id":"cultural_historic","name_quality":"NAMED","rayon":"Neftçala rayonu","rayon_id":"AZE_ADM2_54616110B40961788089107","verification_status":"PROVISIONAL","source_role":"MASTER_GIS","display_rank":1328,"lon":48.988845,"lat":39.600743},"geometry":{"type":"Point","coordinates":[48.988844500000006,39.6007429]}},{"type":"Feature","properties":{"poi_id":"OSM_cultural_11585219960","label":"Seyid Cəfər Ev Muzeyi \\ Yanıqlı","name_az":"Seyid Cəfər Ev Muzeyi \\ Yanıqlı","thesis_group":"HISTORICAL_CULTURAL","thesis_subtype":"museum","icon_id":"cultural_museum","name_quality":"NAMED","rayon":"Tovuz rayonu","rayon_id":"AZE_ADM2_54616110B84187356839814","verification_status":"PROVISIONAL","source_role":"MASTER_GIS","display_rank":1076,"lon":45.676839,"lat":40.826118},"geometry":{"type":"Point","coordinates":[45.676839300000005,40.826118]}},{"type":"Feature","properties":{"poi_id":"OSM_cultural_8391147884","label":"Seyid Lazım Ağa Ziyarətgahı","name_az":"Seyid Lazım Ağa Ziyarətgahı","thesis_group":"HISTORICAL_CULTURAL","thesis_subtype":"place_of_worship","icon_id":"cultural_historic","name_quality":"NAMED","rayon":"Ağdam rayonu","rayon_id":"AZE_ADM2_54616110B71765796178707","verification_status":"PROVISIONAL","source_role":"MASTER_GIS","display_rank":730,"lon":47.052247,"lat":40.066078},"geometry":{"type":"Point","coordinates":[47.052246600000004,40.0660785]}},{"type":"Feature","properties":{"poi_id":"OSM_cultural_12542439193","label":"Seyid Mürsəl Məscidi","name_az":"Seyid Mürsəl Məscidi","thesis_group":"HISTORICAL_CULTURAL","thesis_subtype":"place_of_worship","icon_id":"cultural_historic","name_quality":"NAMED","rayon":"Ağcabədi rayonu","rayon_id":"AZE_ADM2_54616110B84161876100413","verification_status":"PROVISIONAL","source_role":"MASTER_GIS","display_rank":1227,"lon":47.458494,"lat":40.029707},"geometry":{"type":"Point","coordinates":[47.458494,40.029707300000005]}},{"type":"Feature","properties":{"poi_id":"OSM_cultural_11153634010","label":"Seyid Mətləb Ağa","name_az":"Seyid Mətləb Ağa","thesis_group":"HISTORICAL_CULTURAL","thesis_subtype":"place_of_worship","icon_id":"cultural_historic","name_quality":"NAMED","rayon":"Bakı şəhəri","rayon_id":"AZE_ADM2_54616110B61947743987915","verification_status":"PROVISIONAL","source_role":"MASTER_GIS","display_rank":1004,"lon":49.721171,"lat":40.437688},"geometry":{"type":"Point","coordinates":[49.7211707,40.437687600000004]}},{"type":"Feature","properties":{"poi_id":"OSM_cultural_4568442292","label":"Seyid Qədir Məscidi","name_az":"Seyid Qədir Məscidi","thesis_group":"HISTORICAL_CULTURAL","thesis_subtype":"place_of_worship","icon_id":"cultural_historic","name_quality":"NAMED","rayon":"Bakı şəhəri","rayon_id":"AZE_ADM2_54616110B61947743987915","verification_status":"PROVISIONAL","source_role":"MASTER_GIS","display_rank":218,"lon":49.887879,"lat":40.557324},"geometry":{"type":"Point","coordinates":[49.8878787,40.557323600000004]}},{"type":"Feature","properties":{"poi_id":"OSM_cultural_4484203394","label":"Seyid Yusif Ağa-nın Qəbri","name_az":"Seyid Yusif Ağa-nın Qəbri","thesis_group":"HISTORICAL_CULTURAL","thesis_subtype":"place_of_worship","icon_id":"cultural_historic","name_quality":"NAMED","rayon":"Bərdə rayonu","rayon_id":"AZE_ADM2_54616110B76249555634218","verification_status":"PROVISIONAL","source_role":"MASTER_GIS","display_rank":209,"lon":47.082028,"lat":40.459611},"geometry":{"type":"Point","coordinates":[47.082027800000006,40.459611100000004]}},{"type":"Feature","properties":{"poi_id":"OSM_cultural_10577646110","label":"Seyid İbad Ağa Ocağı","name_az":"Seyid İbad Ağa Ocağı","thesis_group":"HISTORICAL_CULTURAL","thesis_subtype":"place_of_worship","icon_id":"cultural_historic","name_quality":"NAMED","rayon":"Bakı şəhəri","rayon_id":"AZE_ADM2_54616110B61947743987915","verification_status":"PROVISIONAL","source_role":"MASTER_GIS","display_rank":913,"lon":50.000012,"lat":40.533511},"geometry":{"type":"Point","coordinates":[50.0000118,40.5335107]}},{"type":"Feature","properties":{"poi_id":"OSM_cultural_13717196115","label":"Seyid Əzim Şirvani heykəli","name_az":"Seyid Əzim Şirvani heykəli","thesis_group":"HISTORICAL_CULTURAL","thesis_subtype":"memorial","icon_id":"cultural_historic","name_quality":"NAMED","rayon":"Şamaxı rayonu","rayon_id":"AZE_ADM2_54616110B16651088424667","verification_status":"PROVISIONAL","source_role":"MASTER_GIS","display_rank":1345,"lon":48.642703,"lat":40.628029},"geometry":{"type":"Point","coordinates":[48.6427027,40.6280286]}},{"type":"Feature","properties":{"poi_id":"OSM_cultural_7693011021","label":"Seyidlər Məscidi","name_az":"Seyidlər Məscidi","thesis_group":"HISTORICAL_CULTURAL","thesis_subtype":"place_of_worship","icon_id":"cultural_historic","name_quality":"NAMED","rayon":"Quba rayonu","rayon_id":"AZE_ADM2_54616110B77048085748362","verification_status":"PROVISIONAL","source_role":"MASTER_GIS","display_rank":425,"lon":48.568341,"lat":41.445571},"geometry":{"type":"Point","coordinates":[48.568341100000005,41.445571400000006]}},{"type":"Feature","properties":{"poi_id":"OSM_cultural_12438592954","label":"Seyidqışlaq Məscidi","name_az":"Seyidqışlaq Məscidi","thesis_group":"HISTORICAL_CULTURAL","thesis_subtype":"place_of_worship","icon_id":"cultural_historic","name_quality":"NAMED","rayon":"Qəbələ rayonu","rayon_id":"AZE_ADM2_54616110B33746839775993","verification_status":"PROVISIONAL","source_role":"MASTER_GIS","display_rank":1185,"lon":47.933945,"lat":40.914806},"geometry":{"type":"Point","coordinates":[47.9339451,40.9148058]}},{"type":"Feature","properties":{"poi_id":"OSM_cultural_7737962403","label":"Seyidxanım Məscidi \\ Nüydi","name_az":"Seyidxanım Məscidi \\ Nüydi","thesis_group":"HISTORICAL_CULTURAL","thesis_subtype":"place_of_worship","icon_id":"cultural_historic","name_quality":"NAMED","rayon":"Şamaxı rayonu","rayon_id":"AZE_ADM2_54616110B16651088424667","verification_status":"PROVISIONAL","source_role":"MASTER_GIS","display_rank":508,"lon":48.634299,"lat":40.529295},"geometry":{"type":"Point","coordinates":[48.6342987,40.529295000000005]}},{"type":"Feature","properties":{"poi_id":"OSM_cultural_12451559450","label":"Sirac Yolu Məscidi","name_az":"Sirac Yolu Məscidi","thesis_group":"HISTORICAL_CULTURAL","thesis_subtype":"place_of_worship","icon_id":"cultural_historic","name_quality":"NAMED","rayon":"Zaqatala rayonu","rayon_id":"AZE_ADM2_54616110B4759617374649","verification_status":"PROVISIONAL","source_role":"MASTER_GIS","display_rank":1207,"lon":46.685629,"lat":41.414547},"geometry":{"type":"Point","coordinates":[46.685628900000005,41.4145473]}},{"type":"Feature","properties":{"poi_id":"OSM_cultural_9812811342","label":"Siyasi Repressiya Qurbanları Muzeyi","name_az":"Siyasi Repressiya Qurbanları Muzeyi","thesis_group":"HISTORICAL_CULTURAL","thesis_subtype":"museum","icon_id":"cultural_museum","name_quality":"NAMED","rayon":"Bakı şəhəri","rayon_id":"AZE_ADM2_54616110B61947743987915","verification_status":"PROVISIONAL","source_role":"MASTER_GIS","display_rank":825,"lon":49.847543,"lat":40.371056},"geometry":{"type":"Point","coordinates":[49.8475429,40.371056100000004]}},{"type":"Feature","properties":{"poi_id":"OSM_cultural_12842850775","label":"Soyqırım Abidəsi","name_az":"Soyqırım Abidəsi","thesis_group":"HISTORICAL_CULTURAL","thesis_subtype":"memorial","icon_id":"cultural_historic","name_quality":"NAMED","rayon":"Goranboy rayonu","rayon_id":"AZE_ADM2_54616110B75141866412524","verification_status":"PROVISIONAL","source_role":"MASTER_GIS","display_rank":1264,"lon":46.779726,"lat":40.595209},"geometry":{"type":"Point","coordinates":[46.779726100000005,40.595208500000005]}},{"type":"Feature","properties":{"poi_id":"OSM_cultural_11396855448","label":"Sufi Həmid Piri","name_az":"Sufi Həmid Piri","thesis_group":"HISTORICAL_CULTURAL","thesis_subtype":"place_of_worship","icon_id":"cultural_historic","name_quality":"NAMED","rayon":"Abşeron rayonu","rayon_id":"AZE_ADM2_54616110B88432173472444","verification_status":"PROVISIONAL","source_role":"MASTER_GIS","display_rank":1047,"lon":49.42061,"lat":40.223649},"geometry":{"type":"Point","coordinates":[49.4206104,40.223649]}},{"type":"Feature","properties":{"poi_id":"OSM_cultural_12444913602","label":"Sultanlıq Sarayı Məscidi \\ Yuxarı Salamabad","name_az":"Sultanlıq Sarayı Məscidi \\ Yuxarı Salamabad","thesis_group":"HISTORICAL_CULTURAL","thesis_subtype":"place_of_worship","icon_id":"cultural_historic","name_quality":"NAMED","rayon":"Yevlax rayonu","rayon_id":"AZE_ADM2_54616110B52362464060400","verification_status":"PROVISIONAL","source_role":"MASTER_GIS","display_rank":1197,"lon":47.215118,"lat":40.717058},"geometry":{"type":"Point","coordinates":[47.2151184,40.717058200000004]}},{"type":"Feature","properties":{"poi_id":"OSM_cultural_14106252821","label":"Sumqayıt Təzə Qəbirstanlıq Məscidi","name_az":"Sumqayıt Təzə Qəbirstanlıq Məscidi","thesis_group":"HISTORICAL_CULTURAL","thesis_subtype":"place_of_worship","icon_id":"cultural_historic","name_quality":"NAMED","rayon":"Abşeron rayonu","rayon_id":"AZE_ADM2_54616110B88432173472444","verification_status":"PROVISIONAL","source_role":"MASTER_GIS","display_rank":1384,"lon":49.620513,"lat":40.518103},"geometry":{"type":"Point","coordinates":[49.6205134,40.518103100000005]}},{"type":"Feature","properties":{"poi_id":"OSM_cultural_4927153621","label":"Surb Stepanos Church","thesis_group":"HISTORICAL_CULTURAL","thesis_subtype":"place_of_worship","icon_id":"cultural_historic","name_quality":"NAMED","rayon":"Xocalı rayonu","rayon_id":"AZE_ADM2_54616110B87325868620163","verification_status":"PROVISIONAL","source_role":"MASTER_GIS","display_rank":2105,"lon":46.681276,"lat":39.937226},"geometry":{"type":"Point","coordinates":[46.681276200000006,39.9372263]}},{"type":"Feature","properties":{"poi_id":"OSM_cultural_8132566319","label":"Surp Astvatsatsin Erməni Kilsəsi","name_az":"Surp Astvatsatsin Erməni Kilsəsi","thesis_group":"HISTORICAL_CULTURAL","thesis_subtype":"ruins","icon_id":"cultural_historic","name_quality":"NAMED","rayon":"Bakı şəhəri","rayon_id":"AZE_ADM2_54616110B61947743987915","verification_status":"PROVISIONAL","source_role":"MASTER_GIS","display_rank":659,"lon":49.836939,"lat":40.365799},"geometry":{"type":"Point","coordinates":[49.8369392,40.365799100000004]}},{"type":"Feature","properties":{"poi_id":"OSM_cultural_7693072745","label":"Sübhan Məscidi","name_az":"Sübhan Məscidi","thesis_group":"HISTORICAL_CULTURAL","thesis_subtype":"place_of_worship","icon_id":"cultural_historic","name_quality":"NAMED","rayon":"Quba rayonu","rayon_id":"AZE_ADM2_54616110B77048085748362","verification_status":"PROVISIONAL","source_role":"MASTER_GIS","display_rank":428,"lon":48.491743,"lat":41.440129},"geometry":{"type":"Point","coordinates":[48.4917426,41.4401286]}},{"type":"Feature","properties":{"poi_id":"OSM_cultural_7693160125","label":"Sübhün Mələkləri Məscidi \\ Avaran Qusar","name_az":"Sübhün Mələkləri Məscidi \\ Avaran Qusar","thesis_group":"HISTORICAL_CULTURAL","thesis_subtype":"place_of_worship","icon_id":"cultural_historic","name_quality":"NAMED","rayon":"Qusar rayonu","rayon_id":"AZE_ADM2_54616110B21517829058101","verification_status":"PROVISIONAL","source_role":"MASTER_GIS","display_rank":436,"lon":48.383676,"lat":41.429379},"geometry":{"type":"Point","coordinates":[48.383676400000006,41.429378500000006]}},{"type":"Feature","properties":{"poi_id":"OSM_cultural_7774166028","label":"Səfiyyə məscidi 18-ci əsr","name_az":"Səfiyyə məscidi 18-ci əsr","thesis_group":"HISTORICAL_CULTURAL","thesis_subtype":"place_of_worship","icon_id":"cultural_historic","name_quality":"NAMED","rayon":"İsmayıllı rayonu","rayon_id":"AZE_ADM2_54616110B45290451128830","verification_status":"PROVISIONAL","source_role":"MASTER_GIS","display_rank":527,"lon":48.381912,"lat":40.846805},"geometry":{"type":"Point","coordinates":[48.3819115,40.8468047]}},{"type":"Feature","properties":{"poi_id":"OSM_cultural_10575246860","label":"Səid Yusif Məscidi","name_az":"Səid Yusif Məscidi","thesis_group":"HISTORICAL_CULTURAL","thesis_subtype":"place_of_worship","icon_id":"cultural_historic","name_quality":"NAMED","rayon":"Bakı şəhəri","rayon_id":"AZE_ADM2_54616110B61947743987915","verification_status":"PROVISIONAL","source_role":"MASTER_GIS","display_rank":909,"lon":50.005158,"lat":40.56061},"geometry":{"type":"Point","coordinates":[50.005157600000004,40.5606098]}},{"type":"Feature","properties":{"poi_id":"OSM_cultural_2108605855","label":"Səki giriş","name_az":"Səki giriş","thesis_group":"HISTORICAL_CULTURAL","thesis_subtype":"monument","icon_id":"cultural_monument","name_quality":"NAMED","rayon":"Şəki rayonu","rayon_id":"AZE_ADM2_54616110B25010354244926","verification_status":"PROVISIONAL","source_role":"MASTER_GIS","display_rank":40,"lon":47.14044,"lat":41.064299},"geometry":{"type":"Point","coordinates":[47.140439900000004,41.0642988]}},{"type":"Feature","properties":{"poi_id":"OSM_cultural_7829903379","label":"Səkkizguşəli Məscid","name_az":"Səkkizguşəli Məscid","thesis_group":"HISTORICAL_CULTURAL","thesis_subtype":"place_of_worship","icon_id":"cultural_historic","name_quality":"NAMED","rayon":"Qəbələ rayonu","rayon_id":"AZE_ADM2_54616110B33746839775993","verification_status":"PROVISIONAL","source_role":"MASTER_GIS","display_rank":583,"lon":47.858167,"lat":40.983172},"geometry":{"type":"Point","coordinates":[47.858167300000005,40.9831723]}},{"type":"Feature","properties":{"poi_id":"OSM_cultural_7820115642","label":"Səltənət Məscidi","name_az":"Səltənət Məscidi","thesis_group":"HISTORICAL_CULTURAL","thesis_subtype":"place_of_worship","icon_id":"cultural_historic","name_quality":"NAMED","rayon":"Qəbələ rayonu","rayon_id":"AZE_ADM2_54616110B33746839775993","verification_status":"PROVISIONAL","source_role":"MASTER_GIS","display_rank":575,"lon":47.949974,"lat":40.944518},"geometry":{"type":"Point","coordinates":[47.9499739,40.9445175]}},{"type":"Feature","properties":{"poi_id":"OSM_cultural_7731771428","label":"Səma Məscidi","name_az":"Səma Məscidi","thesis_group":"HISTORICAL_CULTURAL","thesis_subtype":"place_of_worship","icon_id":"cultural_historic","name_quality":"NAMED","rayon":"Xaçmaz rayonu","rayon_id":"AZE_ADM2_54616110B89497242950609","verification_status":"PROVISIONAL","source_role":"MASTER_GIS","display_rank":496,"lon":48.719639,"lat":41.494954},"geometry":{"type":"Point","coordinates":[48.7196392,41.4949536]}},{"type":"Feature","properties":{"poi_id":"OSM_cultural_5858976187","label":"Səməd Vurğun Poeziya Evi","name_az":"Səməd Vurğun Poeziya Evi","thesis_group":"HISTORICAL_CULTURAL","thesis_subtype":"museum","icon_id":"cultural_museum","name_quality":"NAMED","rayon":"Qazax rayonu","rayon_id":"AZE_ADM2_54616110B43488292017990","verification_status":"PROVISIONAL","source_role":"MASTER_GIS","display_rank":291,"lon":45.264269,"lat":41.238867},"geometry":{"type":"Point","coordinates":[45.2642687,41.238867]}},{"type":"Feature","properties":{"poi_id":"OSM_cultural_12331401529","label":"Səməd Vurğun abidəsi","name_az":"Səməd Vurğun abidəsi","thesis_group":"HISTORICAL_CULTURAL","thesis_subtype":"monument","icon_id":"cultural_monument","name_quality":"NAMED","rayon":"Gədəbəy rayonu","rayon_id":"AZE_ADM2_54616110B46799199998097","verification_status":"PROVISIONAL","source_role":"MASTER_GIS","display_rank":1171,"lon":45.8084,"lat":40.575672},"geometry":{"type":"Point","coordinates":[45.808400400000004,40.575671500000006]}},{"type":"Feature","properties":{"poi_id":"OSM_cultural_1472897155","label":"Səməd Vurğun heykəli","name_az":"Səməd Vurğun heykəli","thesis_group":"HISTORICAL_CULTURAL","thesis_subtype":"memorial","icon_id":"cultural_historic","name_quality":"NAMED","rayon":"Bakı şəhəri","rayon_id":"AZE_ADM2_54616110B61947743987915","verification_status":"PROVISIONAL","source_role":"MASTER_GIS","display_rank":7,"lon":49.852653,"lat":40.378612},"geometry":{"type":"Point","coordinates":[49.8526533,40.3786125]}},{"type":"Feature","properties":{"poi_id":"OSM_cultural_5853818460","label":"Səməd Vurğun heykəli","name_az":"Səməd Vurğun heykəli","thesis_group":"HISTORICAL_CULTURAL","thesis_subtype":"monument","icon_id":"cultural_monument","name_quality":"NAMED","rayon":"Ağstafa rayonu","rayon_id":"AZE_ADM2_54616110B36354954300290","verification_status":"PROVISIONAL","source_role":"MASTER_GIS","display_rank":288,"lon":45.362177,"lat":41.090973},"geometry":{"type":"Point","coordinates":[45.362177200000005,41.0909726]}},{"type":"Feature","properties":{"poi_id":"OSM_cultural_12059867896","label":"Səməd Vurğun heykəli","name_az":"Səməd Vurğun heykəli","thesis_group":"HISTORICAL_CULTURAL","thesis_subtype":"memorial","icon_id":"cultural_historic","name_quality":"NAMED","rayon":"Ağstafa rayonu","rayon_id":"AZE_ADM2_54616110B36354954300290","verification_status":"PROVISIONAL","source_role":"MASTER_GIS","display_rank":1113,"lon":45.448635,"lat":41.114695},"geometry":{"type":"Point","coordinates":[45.448635,41.114695000000005]}},{"type":"Feature","properties":{"poi_id":"OSM_cultural_12812431237","label":"Səməd Vurğun heykəli","name_az":"Səməd Vurğun heykəli","thesis_group":"HISTORICAL_CULTURAL","thesis_subtype":"memorial","icon_id":"cultural_historic","name_quality":"NAMED","rayon":"Goranboy rayonu","rayon_id":"AZE_ADM2_54616110B75141866412524","verification_status":"PROVISIONAL","source_role":"MASTER_GIS","display_rank":1258,"lon":46.826806,"lat":40.502178},"geometry":{"type":"Point","coordinates":[46.8268056,40.5021781]}},{"type":"Feature","properties":{"poi_id":"OSM_cultural_13009742865","label":"Səməd Vurğun heykəli","name_az":"Səməd Vurğun heykəli","thesis_group":"HISTORICAL_CULTURAL","thesis_subtype":"memorial","icon_id":"cultural_historic","name_quality":"NAMED","rayon":"Şirvan şəhəri","rayon_id":"AZE_ADM2_54616110B45272408011177","verification_status":"PROVISIONAL","source_role":"MASTER_GIS","display_rank":1282,"lon":48.939767,"lat":39.956705},"geometry":{"type":"Point","coordinates":[48.9397667,39.9567051]}},{"type":"Feature","properties":{"poi_id":"OSM_cultural_5746170050","label":"Səmədağa Ağamalıoğlunun büstü \\ Çanaqçı","name_az":"Səmədağa Ağamalıoğlunun büstü \\ Çanaqçı","thesis_group":"HISTORICAL_CULTURAL","thesis_subtype":"memorial","icon_id":"cultural_historic","name_quality":"NAMED","rayon":"Gədəbəy rayonu","rayon_id":"AZE_ADM2_54616110B46799199998097","verification_status":"PROVISIONAL","source_role":"MASTER_GIS","display_rank":280,"lon":45.762647,"lat":40.688959},"geometry":{"type":"Point","coordinates":[45.7626469,40.6889589]}},{"type":"Feature","properties":{"poi_id":"OSM_cultural_11308384291","label":"Səngəçal Məscidi","name_az":"Səngəçal Məscidi","thesis_group":"HISTORICAL_CULTURAL","thesis_subtype":"place_of_worship","icon_id":"cultural_historic","name_quality":"NAMED","rayon":"Bakı şəhəri","rayon_id":"AZE_ADM2_54616110B61947743987915","verification_status":"PROVISIONAL","source_role":"MASTER_GIS","display_rank":1034,"lon":49.4658,"lat":40.176172},"geometry":{"type":"Point","coordinates":[49.465800200000004,40.176172300000005]}},{"type":"Feature","properties":{"poi_id":"OSM_cultural_7691804638","label":"Sərhəd Məscidi","name_az":"Sərhəd Məscidi","thesis_group":"HISTORICAL_CULTURAL","thesis_subtype":"place_of_worship","icon_id":"cultural_historic","name_quality":"NAMED","rayon":"Qusar rayonu","rayon_id":"AZE_ADM2_54616110B21517829058101","verification_status":"PROVISIONAL","source_role":"MASTER_GIS","display_rank":411,"lon":48.485898,"lat":41.713936},"geometry":{"type":"Point","coordinates":[48.4858981,41.713936100000005]}},{"type":"Feature","properties":{"poi_id":"OSM_cultural_12442278706","label":"Sərkərdələr Məscidi 10-cu əsr \\ Aşağı Küngüt","name_az":"Sərkərdələr Məscidi 10-cu əsr \\ Aşağı Küngüt","thesis_group":"HISTORICAL_CULTURAL","thesis_subtype":"place_of_worship","icon_id":"cultural_historic","name_quality":"NAMED","rayon":"Şəki rayonu","rayon_id":"AZE_ADM2_54616110B25010354244926","verification_status":"PROVISIONAL","source_role":"MASTER_GIS","display_rank":1189,"lon":47.258425,"lat":41.057038},"geometry":{"type":"Point","coordinates":[47.2584254,41.0570383]}},{"type":"Feature","properties":{"poi_id":"OSM_cultural_1666926123","label":"Sərkərli","name_az":"Sərkərli","thesis_group":"HISTORICAL_CULTURAL","thesis_subtype":"archaeological_site","icon_id":"cultural_archaeology","name_quality":"NAMED","rayon":"Xaçmaz rayonu","rayon_id":"AZE_ADM2_54616110B89497242950609","verification_status":"PROVISIONAL","source_role":"MASTER_GIS","display_rank":12,"lon":48.780954,"lat":41.422588},"geometry":{"type":"Point","coordinates":[48.7809545,41.422588100000006]}},{"type":"Feature","properties":{"poi_id":"OSM_cultural_10040160757","label":"Səttar Bəhlulzadə Ev Muzeyi","name_az":"Səttar Bəhlulzadə Ev Muzeyi","thesis_group":"HISTORICAL_CULTURAL","thesis_subtype":"museum","icon_id":"cultural_museum","name_quality":"NAMED","rayon":"Bakı şəhəri","rayon_id":"AZE_ADM2_54616110B61947743987915","verification_status":"PROVISIONAL","source_role":"MASTER_GIS","display_rank":862,"lon":49.988355,"lat":40.423283},"geometry":{"type":"Point","coordinates":[49.988354900000004,40.4232826]}},{"type":"Feature","properties":{"poi_id":"OSM_cultural_3440502606","label":"Səttar Bəhlulzadə heykəli","name_az":"Səttar Bəhlulzadə heykəli","thesis_group":"HISTORICAL_CULTURAL","thesis_subtype":"memorial","icon_id":"cultural_historic","name_quality":"NAMED","rayon":"Bakı şəhəri","rayon_id":"AZE_ADM2_54616110B61947743987915","verification_status":"PROVISIONAL","source_role":"MASTER_GIS","display_rank":123,"lon":50.003005,"lat":40.420264},"geometry":{"type":"Point","coordinates":[50.0030051,40.4202638]}},{"type":"Feature","properties":{"poi_id":"OSM_cultural_5878582862","label":"Tahir İsayevin Ev Muzeyi \\ Birinci Şıxlı","name_az":"Tahir İsayevin Ev Muzeyi \\ Birinci Şıxlı","thesis_group":"HISTORICAL_CULTURAL","thesis_subtype":"museum","icon_id":"cultural_museum","name_quality":"NAMED","rayon":"Qazax rayonu","rayon_id":"AZE_ADM2_54616110B43488292017990","verification_status":"PROVISIONAL","source_role":"MASTER_GIS","display_rank":301,"lon":45.152457,"lat":41.285197},"geometry":{"type":"Point","coordinates":[45.152456900000004,41.285196500000005]}},{"type":"Feature","properties":{"poi_id":"OSM_cultural_12104733208","label":"Taras Şevçenko abidəsi","name_az":"Taras Şevçenko abidəsi","thesis_group":"HISTORICAL_CULTURAL","thesis_subtype":"memorial","icon_id":"cultural_historic","name_quality":"NAMED","rayon":"Zaqatala rayonu","rayon_id":"AZE_ADM2_54616110B4759617374649","verification_status":"PROVISIONAL","source_role":"MASTER_GIS","display_rank":1131,"lon":46.654511,"lat":41.637325},"geometry":{"type":"Point","coordinates":[46.6545113,41.637325100000005]}},{"type":"Feature","properties":{"poi_id":"OSM_cultural_4025673414","label":"Taras Şevçenkonun heykəli","name_az":"Taras Şevçenkonun heykəli","thesis_group":"HISTORICAL_CULTURAL","thesis_subtype":"memorial","icon_id":"cultural_historic","name_quality":"NAMED","rayon":"Bakı şəhəri","rayon_id":"AZE_ADM2_54616110B61947743987915","verification_status":"PROVISIONAL","source_role":"MASTER_GIS","display_rank":181,"lon":49.842356,"lat":40.389626},"geometry":{"type":"Point","coordinates":[49.8423564,40.389626]}},{"type":"Feature","properties":{"poi_id":"OSM_cultural_9162681486","label":"Tarix Diyarşünaslıq Muzeyi","name_az":"Tarix Diyarşünaslıq Muzeyi","thesis_group":"HISTORICAL_CULTURAL","thesis_subtype":"museum","icon_id":"cultural_museum","name_quality":"NAMED","rayon":"Ucar rayonu","rayon_id":"AZE_ADM2_54616110B8701125158325","verification_status":"PROVISIONAL","source_role":"MASTER_GIS","display_rank":771,"lon":47.652088,"lat":40.509686},"geometry":{"type":"Point","coordinates":[47.652087800000004,40.5096861]}},{"type":"Feature","properties":{"poi_id":"OSM_cultural_11093742322","label":"Tarix Diyarşünaslıq Muzeyi","name_az":"Tarix Diyarşünaslıq Muzeyi","thesis_group":"HISTORICAL_CULTURAL","thesis_subtype":"museum","icon_id":"cultural_museum","name_quality":"NAMED","rayon":"Bakı şəhəri","rayon_id":"AZE_ADM2_54616110B61947743987915","verification_status":"PROVISIONAL","source_role":"MASTER_GIS","display_rank":988,"lon":49.845079,"lat":40.529402},"geometry":{"type":"Point","coordinates":[49.8450793,40.5294019]}},{"type":"Feature","properties":{"poi_id":"OSM_cultural_13590729894","label":"Tarix Diyarşünaslıq Muzeyi","name_az":"Tarix Diyarşünaslıq Muzeyi","thesis_group":"HISTORICAL_CULTURAL","thesis_subtype":"museum","icon_id":"cultural_museum","name_quality":"NAMED","rayon":"Neftçala rayonu","rayon_id":"AZE_ADM2_54616110B40961788089107","verification_status":"PROVISIONAL","source_role":"MASTER_GIS","display_rank":1327,"lon":48.986569,"lat":39.596222},"geometry":{"type":"Point","coordinates":[48.986568600000005,39.5962219]}},{"type":"Feature","properties":{"poi_id":"OSM_cultural_9467041231","label":"Tarix Diyarşünastlıq Muzeyi","name_az":"Tarix Diyarşünastlıq Muzeyi","thesis_group":"HISTORICAL_CULTURAL","thesis_subtype":"museum","icon_id":"cultural_museum","name_quality":"NAMED","rayon":"Mingəçevir şəhəri","rayon_id":"AZE_ADM2_54616110B16521863868797","verification_status":"PROVISIONAL","source_role":"MASTER_GIS","display_rank":801,"lon":47.050975,"lat":40.77094},"geometry":{"type":"Point","coordinates":[47.050975300000005,40.770940100000004]}},{"type":"Feature","properties":{"poi_id":"OSM_cultural_5995711086","label":"Tarix Etnoqrafiya Muzeyi \\\\ Qusar","name_az":"Tarix Etnoqrafiya Muzeyi \\\\ Qusar","thesis_group":"HISTORICAL_CULTURAL","thesis_subtype":"museum","icon_id":"cultural_museum","name_quality":"NAMED","rayon":"Qusar rayonu","rayon_id":"AZE_ADM2_54616110B21517829058101","verification_status":"PROVISIONAL","source_role":"MASTER_GIS","display_rank":320,"lon":48.414544,"lat":41.418813},"geometry":{"type":"Point","coordinates":[48.414543900000005,41.4188126]}},{"type":"Feature","properties":{"poi_id":"OSM_cultural_3020379930","label":"Tarix Muzeyi Sumqayıt","name_az":"Tarix Muzeyi Sumqayıt","thesis_group":"HISTORICAL_CULTURAL","thesis_subtype":"museum","icon_id":"cultural_museum","name_quality":"NAMED","rayon":"Sumqayıt şəhəri","rayon_id":"AZE_ADM2_54616110B75219613739908","verification_status":"PROVISIONAL","source_role":"MASTER_GIS","display_rank":74,"lon":49.678081,"lat":40.580665},"geometry":{"type":"Point","coordinates":[49.6780812,40.580665100000004]}},{"type":"Feature","properties":{"poi_id":"OSM_cultural_7774166034","label":"Tarix muzeyi \\ Ərəkit","name_az":"Tarix muzeyi \\ Ərəkit","thesis_group":"HISTORICAL_CULTURAL","thesis_subtype":"museum","icon_id":"cultural_museum","name_quality":"NAMED","rayon":"İsmayıllı rayonu","rayon_id":"AZE_ADM2_54616110B45290451128830","verification_status":"PROVISIONAL","source_role":"MASTER_GIS","display_rank":529,"lon":48.388684,"lat":40.851051},"geometry":{"type":"Point","coordinates":[48.388684100000006,40.8510512]}},{"type":"Feature","properties":{"poi_id":"OSM_cultural_12075988663","label":"Tarix-Diyarşünaslıq Muzeyi","name_az":"Tarix-Diyarşünaslıq Muzeyi","thesis_group":"HISTORICAL_CULTURAL","thesis_subtype":"museum","icon_id":"cultural_museum","name_quality":"NAMED","rayon":"Xocalı rayonu","rayon_id":"AZE_ADM2_54616110B87325868620163","verification_status":"PROVISIONAL","source_role":"MASTER_GIS","display_rank":1118,"lon":46.754388,"lat":39.817364},"geometry":{"type":"Point","coordinates":[46.754388000000006,39.8173635]}},{"type":"Feature","properties":{"poi_id":"OSM_cultural_4308707691","label":"Tarixşünaslıq Muzeyi","name_az":"Tarixşünaslıq Muzeyi","thesis_group":"HISTORICAL_CULTURAL","thesis_subtype":"museum","icon_id":"cultural_museum","name_quality":"NAMED","rayon":"Gəncə şəhəri","rayon_id":"AZE_ADM2_54616110B84154267491992","verification_status":"PROVISIONAL","source_role":"MASTER_GIS","display_rank":191,"lon":46.357846,"lat":40.680134},"geometry":{"type":"Point","coordinates":[46.357846300000006,40.680133700000006]}},{"type":"Feature","properties":{"poi_id":"OSM_cultural_8165456588","label":"Tarıx Muzeyi","name_az":"Tarıx Muzeyi","thesis_group":"HISTORICAL_CULTURAL","thesis_subtype":"museum","icon_id":"cultural_museum","name_quality":"NAMED","rayon":"Zaqatala rayonu","rayon_id":"AZE_ADM2_54616110B4759617374649","verification_status":"PROVISIONAL","source_role":"MASTER_GIS","display_rank":662,"lon":46.650251,"lat":41.633953},"geometry":{"type":"Point","coordinates":[46.6502506,41.6339534]}},{"type":"Feature","properties":{"poi_id":"OSM_cultural_12791893351","label":"Tatarlı Məscidi","name_az":"Tatarlı Məscidi","thesis_group":"HISTORICAL_CULTURAL","thesis_subtype":"place_of_worship","icon_id":"cultural_historic","name_quality":"NAMED","rayon":"Goranboy rayonu","rayon_id":"AZE_ADM2_54616110B75141866412524","verification_status":"PROVISIONAL","source_role":"MASTER_GIS","display_rank":1252,"lon":46.771291,"lat":40.52873},"geometry":{"type":"Point","coordinates":[46.7712906,40.528730200000005]}},{"type":"Feature","properties":{"poi_id":"OSM_cultural_13620463801","label":"The Victory Museum","thesis_group":"HISTORICAL_CULTURAL","thesis_subtype":"museum","icon_id":"cultural_museum","name_quality":"NAMED","rayon":"Bakı şəhəri","rayon_id":"AZE_ADM2_54616110B61947743987915","verification_status":"PROVISIONAL","source_role":"MASTER_GIS","display_rank":2207,"lon":49.865826,"lat":40.375988},"geometry":{"type":"Point","coordinates":[49.8658258,40.3759877]}},{"type":"Feature","properties":{"poi_id":"OSM_cultural_6008070092","label":"Thor Heyerdhal","thesis_group":"HISTORICAL_CULTURAL","thesis_subtype":"memorial","icon_id":"cultural_historic","name_quality":"NAMED","rayon":"Şəki rayonu","rayon_id":"AZE_ADM2_54616110B25010354244926","verification_status":"PROVISIONAL","source_role":"MASTER_GIS","display_rank":2132,"lon":47.193496,"lat":41.249137},"geometry":{"type":"Point","coordinates":[47.1934957,41.2491369]}},{"type":"Feature","properties":{"poi_id":"OSM_cultural_7876232176","label":"Tikanlı Qoruq 5-8-ci əsr","name_az":"Tikanlı Qoruq 5-8-ci əsr","thesis_group":"HISTORICAL_CULTURAL","thesis_subtype":"archaeological_site","icon_id":"cultural_archaeology","name_quality":"NAMED","rayon":"Oğuz rayonu","rayon_id":"AZE_ADM2_54616110B99657283459996","verification_status":"PROVISIONAL","source_role":"MASTER_GIS","display_rank":608,"lon":47.592985,"lat":40.912473},"geometry":{"type":"Point","coordinates":[47.5929853,40.9124728]}},{"type":"Feature","properties":{"poi_id":"OSM_cultural_11876070869","label":"Tofiq Quliyev heykəli","name_az":"Tofiq Quliyev heykəli","thesis_group":"HISTORICAL_CULTURAL","thesis_subtype":"monument","icon_id":"cultural_monument","name_quality":"NAMED","rayon":"Bakı şəhəri","rayon_id":"AZE_ADM2_54616110B61947743987915","verification_status":"PROVISIONAL","source_role":"MASTER_GIS","display_rank":1096,"lon":49.849998,"lat":40.37784},"geometry":{"type":"Point","coordinates":[49.8499975,40.3778397]}},{"type":"Feature","properties":{"poi_id":"OSM_cultural_7807775564","label":"Topçu kənd Məscidi","name_az":"Topçu kənd Məscidi","thesis_group":"HISTORICAL_CULTURAL","thesis_subtype":"place_of_worship","icon_id":"cultural_historic","name_quality":"NAMED","rayon":"İsmayıllı rayonu","rayon_id":"AZE_ADM2_54616110B45290451128830","verification_status":"PROVISIONAL","source_role":"MASTER_GIS","display_rank":567,"lon":48.067846,"lat":40.878437},"geometry":{"type":"Point","coordinates":[48.06784630000001,40.8784372]}},{"type":"Feature","properties":{"poi_id":"OSM_cultural_10164838","label":"Tovuz Qalası","name_az":"Tovuz Qalası","thesis_group":"HISTORICAL_CULTURAL","thesis_subtype":"monument","icon_id":"cultural_monument","name_quality":"NAMED","rayon":"Tovuz rayonu","rayon_id":"AZE_ADM2_54616110B84187356839814","verification_status":"PROVISIONAL","source_role":"MASTER_GIS","display_rank":1389,"lon":45.642462,"lat":40.98556},"geometry":{"type":"Point","coordinates":[45.64246191418697,40.98556013076503]}},{"type":"Feature","properties":{"poi_id":"OSM_cultural_11833691867","label":"Tovuz Rayon Diyarşünaslıq Muzeyi","name_az":"Tovuz Rayon Diyarşünaslıq Muzeyi","thesis_group":"HISTORICAL_CULTURAL","thesis_subtype":"museum","icon_id":"cultural_museum","name_quality":"NAMED","rayon":"Tovuz rayonu","rayon_id":"AZE_ADM2_54616110B84187356839814","verification_status":"PROVISIONAL","source_role":"MASTER_GIS","display_rank":1092,"lon":45.611619,"lat":40.993188},"geometry":{"type":"Point","coordinates":[45.6116188,40.993188200000006]}},{"type":"Feature","properties":{"poi_id":"OSM_cultural_11709244584","label":"Tovuz yazısı","name_az":"Tovuz yazısı","thesis_group":"HISTORICAL_CULTURAL","thesis_subtype":"monument","icon_id":"cultural_monument","name_quality":"NAMED","rayon":"Ağstafa rayonu","rayon_id":"AZE_ADM2_54616110B36354954300290","verification_status":"PROVISIONAL","source_role":"MASTER_GIS","display_rank":1082,"lon":45.577944,"lat":41.045059},"geometry":{"type":"Point","coordinates":[45.577943600000005,41.045058700000006]}},{"type":"Feature","properties":{"poi_id":"OSM_cultural_5871169723","label":"Tovuz Şəhər Hüseyniyyə Məscidi","name_az":"Tovuz Şəhər Hüseyniyyə Məscidi","thesis_group":"HISTORICAL_CULTURAL","thesis_subtype":"place_of_worship","icon_id":"cultural_historic","name_quality":"NAMED","rayon":"Tovuz rayonu","rayon_id":"AZE_ADM2_54616110B84187356839814","verification_status":"PROVISIONAL","source_role":"MASTER_GIS","display_rank":298,"lon":45.625794,"lat":40.993441},"geometry":{"type":"Point","coordinates":[45.6257943,40.9934409]}},{"type":"Feature","properties":{"poi_id":"OSM_cultural_12572081512","label":"Toğanalı Məscidi","name_az":"Toğanalı Məscidi","thesis_group":"HISTORICAL_CULTURAL","thesis_subtype":"place_of_worship","icon_id":"cultural_historic","name_quality":"NAMED","rayon":"Göygöl rayonu","rayon_id":"AZE_ADM2_54616110B13615645655589","verification_status":"PROVISIONAL","source_role":"MASTER_GIS","display_rank":1232,"lon":46.329481,"lat":40.440931},"geometry":{"type":"Point","coordinates":[46.329480700000005,40.440930800000004]}},{"type":"Feature","properties":{"poi_id":"OSM_cultural_10705337408","label":"Tuba Şah Məscidi","name_az":"Tuba Şah Məscidi","thesis_group":"HISTORICAL_CULTURAL","thesis_subtype":"place_of_worship","icon_id":"cultural_historic","name_quality":"NAMED","rayon":"Bakı şəhəri","rayon_id":"AZE_ADM2_54616110B61947743987915","verification_status":"PROVISIONAL","source_role":"MASTER_GIS","display_rank":937,"lon":50.140765,"lat":40.491883},"geometry":{"type":"Point","coordinates":[50.140764700000005,40.4918829]}},{"type":"Feature","properties":{"poi_id":"OSM_cultural_9278668702","label":"Turan Məscidi","name_az":"Turan Məscidi","thesis_group":"HISTORICAL_CULTURAL","thesis_subtype":"place_of_worship","icon_id":"cultural_historic","name_quality":"NAMED","rayon":"Ağdaş rayonu","rayon_id":"AZE_ADM2_54616110B75800990015815","verification_status":"PROVISIONAL","source_role":"MASTER_GIS","display_rank":785,"lon":47.448645,"lat":40.716836},"geometry":{"type":"Point","coordinates":[47.448644900000005,40.7168355]}},{"type":"Feature","properties":{"poi_id":"OSM_cultural_11137181048","label":"Türk Məscidi","name_az":"Türk Məscidi","thesis_group":"HISTORICAL_CULTURAL","thesis_subtype":"place_of_worship","icon_id":"cultural_historic","name_quality":"NAMED","rayon":"Sumqayıt şəhəri","rayon_id":"AZE_ADM2_54616110B75219613739908","verification_status":"PROVISIONAL","source_role":"MASTER_GIS","display_rank":998,"lon":49.657804,"lat":40.545175},"geometry":{"type":"Point","coordinates":[49.6578035,40.545175300000004]}},{"type":"Feature","properties":{"poi_id":"OSM_cultural_7740290590","label":"Türk Əsgərlərinə Abidə","name_az":"Türk Əsgərlərinə Abidə","thesis_group":"HISTORICAL_CULTURAL","thesis_subtype":"monument","icon_id":"cultural_monument","name_quality":"NAMED","rayon":"Qobustan rayonu","rayon_id":"AZE_ADM2_54616110B43271825035432","verification_status":"PROVISIONAL","source_role":"MASTER_GIS","display_rank":509,"lon":48.755916,"lat":40.55804},"geometry":{"type":"Point","coordinates":[48.7559161,40.5580401]}},{"type":"Feature","properties":{"poi_id":"OSM_cultural_9993606340","label":"Türkan Bağlar Məscidi","name_az":"Türkan Bağlar Məscidi","thesis_group":"HISTORICAL_CULTURAL","thesis_subtype":"place_of_worship","icon_id":"cultural_historic","name_quality":"NAMED","rayon":"Bakı şəhəri","rayon_id":"AZE_ADM2_54616110B61947743987915","verification_status":"PROVISIONAL","source_role":"MASTER_GIS","display_rank":845,"lon":50.149678,"lat":40.372916},"geometry":{"type":"Point","coordinates":[50.149677700000005,40.372915600000006]}},{"type":"Feature","properties":{"poi_id":"OSM_cultural_8376382675","label":"Tıspağa Təpə arxeologiya","name_az":"Tıspağa Təpə arxeologiya","thesis_group":"HISTORICAL_CULTURAL","thesis_subtype":"archaeological_site","icon_id":"cultural_archaeology","name_quality":"NAMED","rayon":"Şəmkir rayonu","rayon_id":"AZE_ADM2_54616110B57585842497805","verification_status":"PROVISIONAL","source_role":"MASTER_GIS","display_rank":728,"lon":46.242245,"lat":40.90145},"geometry":{"type":"Point","coordinates":[46.2422448,40.9014497]}},{"type":"Feature","properties":{"poi_id":"OSM_cultural_2035130642","label":"Təhsil Muzeyi","name_az":"Təhsil Muzeyi","thesis_group":"HISTORICAL_CULTURAL","thesis_subtype":"museum","icon_id":"cultural_museum","name_quality":"NAMED","rayon":"Bakı şəhəri","rayon_id":"AZE_ADM2_54616110B61947743987915","verification_status":"PROVISIONAL","source_role":"MASTER_GIS","display_rank":34,"lon":49.861423,"lat":40.392225},"geometry":{"type":"Point","coordinates":[49.8614234,40.3922253]}},{"type":"Feature","properties":{"poi_id":"OSM_cultural_11860713058","label":"Təpəgöz Ləzgi Məscidi","name_az":"Təpəgöz Ləzgi Məscidi","thesis_group":"HISTORICAL_CULTURAL","thesis_subtype":"ruins","icon_id":"cultural_historic","name_quality":"NAMED","rayon":"Tovuz rayonu","rayon_id":"AZE_ADM2_54616110B84187356839814","verification_status":"PROVISIONAL","source_role":"MASTER_GIS","display_rank":1094,"lon":45.593018,"lat":40.949634},"geometry":{"type":"Point","coordinates":[45.5930176,40.9496345]}},{"type":"Feature","properties":{"poi_id":"OSM_cultural_10013846349","label":"Tərəkəmə Məscidi","name_az":"Tərəkəmə Məscidi","thesis_group":"HISTORICAL_CULTURAL","thesis_subtype":"place_of_worship","icon_id":"cultural_historic","name_quality":"NAMED","rayon":"Bakı şəhəri","rayon_id":"AZE_ADM2_54616110B61947743987915","verification_status":"PROVISIONAL","source_role":"MASTER_GIS","display_rank":858,"lon":50.163504,"lat":40.441599},"geometry":{"type":"Point","coordinates":[50.1635045,40.441599000000004]}},{"type":"Feature","properties":{"poi_id":"OSM_cultural_3461409411","label":"Təyyarə Abidəsi","name_az":"Təyyarə Abidəsi","thesis_group":"HISTORICAL_CULTURAL","thesis_subtype":"memorial","icon_id":"cultural_historic","name_quality":"NAMED","rayon":"Yevlax şəhəri","rayon_id":"AZE_ADM2_54616110B78344971255813","verification_status":"PROVISIONAL","source_role":"MASTER_GIS","display_rank":125,"lon":47.166652,"lat":40.596455},"geometry":{"type":"Point","coordinates":[47.1666521,40.5964546]}},{"type":"Feature","properties":{"poi_id":"OSM_cultural_7691506438","label":"Təzə Məscid","name_az":"Təzə Məscid","thesis_group":"HISTORICAL_CULTURAL","thesis_subtype":"place_of_worship","icon_id":"cultural_historic","name_quality":"NAMED","rayon":"Qusar rayonu","rayon_id":"AZE_ADM2_54616110B21517829058101","verification_status":"PROVISIONAL","source_role":"MASTER_GIS","display_rank":396,"lon":48.539046,"lat":41.633267},"geometry":{"type":"Point","coordinates":[48.539046000000006,41.6332667]}},{"type":"Feature","properties":{"poi_id":"OSM_cultural_12442278753","label":"Təzə Məscid \\ Şəkikənd","name_az":"Təzə Məscid \\ Şəkikənd","thesis_group":"HISTORICAL_CULTURAL","thesis_subtype":"place_of_worship","icon_id":"cultural_historic","name_quality":"NAMED","rayon":"Şəki rayonu","rayon_id":"AZE_ADM2_54616110B25010354244926","verification_status":"PROVISIONAL","source_role":"MASTER_GIS","display_rank":1192,"lon":47.218984,"lat":40.908607},"geometry":{"type":"Point","coordinates":[47.2189835,40.908607200000006]}},{"type":"Feature","properties":{"poi_id":"OSM_cultural_11334724571","label":"Təzə Piri Məscidi","name_az":"Təzə Piri Məscidi","thesis_group":"HISTORICAL_CULTURAL","thesis_subtype":"place_of_worship","icon_id":"cultural_historic","name_quality":"NAMED","rayon":"Bakı şəhəri","rayon_id":"AZE_ADM2_54616110B61947743987915","verification_status":"PROVISIONAL","source_role":"MASTER_GIS","display_rank":1038,"lon":49.431621,"lat":40.017081},"geometry":{"type":"Point","coordinates":[49.431620800000005,40.0170814]}},{"type":"Feature","properties":{"poi_id":"OSM_cultural_7726555560","label":"Təzə məscid","name_az":"Təzə məscid","thesis_group":"HISTORICAL_CULTURAL","thesis_subtype":"place_of_worship","icon_id":"cultural_historic","name_quality":"NAMED","rayon":"Xaçmaz rayonu","rayon_id":"AZE_ADM2_54616110B89497242950609","verification_status":"PROVISIONAL","source_role":"MASTER_GIS","display_rank":483,"lon":48.798394,"lat":41.460068},"geometry":{"type":"Point","coordinates":[48.798394200000004,41.460067800000004]}},{"type":"Feature","properties":{"poi_id":"OSM_cultural_12481086039","label":"Təzəkənd Məscidi","name_az":"Təzəkənd Məscidi","thesis_group":"HISTORICAL_CULTURAL","thesis_subtype":"place_of_worship","icon_id":"cultural_historic","name_quality":"NAMED","rayon":"Daşkəsən rayonu","rayon_id":"AZE_ADM2_54616110B88384638285498","verification_status":"PROVISIONAL","source_role":"MASTER_GIS","display_rank":1220,"lon":45.934964,"lat":40.460454},"geometry":{"type":"Point","coordinates":[45.934964400000005,40.4604542]}},{"type":"Feature","properties":{"poi_id":"OSM_cultural_3721978302","label":"Ughtasar Petroglyphs","thesis_group":"HISTORICAL_CULTURAL","thesis_subtype":"attraction","icon_id":"cultural_historic","name_quality":"NAMED","rayon":"Laçın rayonu","rayon_id":"AZE_ADM2_54616110B46945931752574","verification_status":"PROVISIONAL","source_role":"MASTER_GIS","display_rank":2082,"lon":46.051286,"lat":39.686072},"geometry":{"type":"Point","coordinates":[46.0512856,39.6860719]}},{"type":"Feature","properties":{"poi_id":"OSM_cultural_7852587185","label":"Ukrayna dairəsi","name_az":"Ukrayna dairəsi","thesis_group":"HISTORICAL_CULTURAL","thesis_subtype":"monument","icon_id":"cultural_monument","name_quality":"NAMED","rayon":"Bakı şəhəri","rayon_id":"AZE_ADM2_54616110B61947743987915","verification_status":"PROVISIONAL","source_role":"MASTER_GIS","display_rank":594,"lon":49.953936,"lat":40.378892},"geometry":{"type":"Point","coordinates":[49.9539364,40.378892]}},{"type":"Feature","properties":{"poi_id":"OSM_cultural_8715669161","label":"Ulduz Abidəsi \\ Şabran","name_az":"Ulduz Abidəsi \\ Şabran","thesis_group":"HISTORICAL_CULTURAL","thesis_subtype":"monument","icon_id":"cultural_monument","name_quality":"NAMED","rayon":"Şabran rayonu","rayon_id":"AZE_ADM2_54616110B33183266084070","verification_status":"PROVISIONAL","source_role":"MASTER_GIS","display_rank":753,"lon":49.003716,"lat":41.187683},"geometry":{"type":"Point","coordinates":[49.003716000000004,41.187683400000004]}},{"type":"Feature","properties":{"poi_id":"OSM_cultural_11307884857","label":"Umbakı Əzimkənd Məscidi","name_az":"Umbakı Əzimkənd Məscidi","thesis_group":"HISTORICAL_CULTURAL","thesis_subtype":"place_of_worship","icon_id":"cultural_historic","name_quality":"NAMED","rayon":"Bakı şəhəri","rayon_id":"AZE_ADM2_54616110B61947743987915","verification_status":"PROVISIONAL","source_role":"MASTER_GIS","display_rank":1033,"lon":49.42853,"lat":40.190484},"geometry":{"type":"Point","coordinates":[49.428529600000005,40.1904836]}},{"type":"Feature","properties":{"poi_id":"OSM_cultural_3628467842","label":"Uzunömürlülər Muzeyi","name_az":"Uzunömürlülər Muzeyi","thesis_group":"HISTORICAL_CULTURAL","thesis_subtype":"museum","icon_id":"cultural_museum","name_quality":"NAMED","rayon":"Lerik rayonu","rayon_id":"AZE_ADM2_54616110B59366301344355","verification_status":"PROVISIONAL","source_role":"MASTER_GIS","display_rank":153,"lon":48.419621,"lat":38.776516},"geometry":{"type":"Point","coordinates":[48.419621400000004,38.776516300000004]}},{"type":"Feature","properties":{"poi_id":"OSM_cultural_8736709584","label":"Vaqif Türbəsi","name_az":"Vaqif Türbəsi","thesis_group":"HISTORICAL_CULTURAL","thesis_subtype":"tomb","icon_id":"cultural_historic","name_quality":"NAMED","rayon":"Xocalı rayonu","rayon_id":"AZE_ADM2_54616110B87325868620163","verification_status":"PROVISIONAL","source_role":"MASTER_GIS","display_rank":754,"lon":46.758329,"lat":39.75546},"geometry":{"type":"Point","coordinates":[46.758329200000006,39.755459800000004]}},{"type":"Feature","properties":{"poi_id":"OSM_cultural_12125252354","label":"Vaqif və Vidadi heykəli","name_az":"Vaqif və Vidadi heykəli","thesis_group":"HISTORICAL_CULTURAL","thesis_subtype":"memorial","icon_id":"cultural_historic","name_quality":"NAMED","rayon":"Ağstafa rayonu","rayon_id":"AZE_ADM2_54616110B36354954300290","verification_status":"PROVISIONAL","source_role":"MASTER_GIS","display_rank":1139,"lon":45.360789,"lat":41.092366},"geometry":{"type":"Point","coordinates":[45.3607893,41.0923655]}},{"type":"Feature","properties":{"poi_id":"OSM_cultural_5861153842","label":"Vaqif və Vidadin xatirə müzeyi","name_az":"Vaqif və Vidadin xatirə müzeyi","thesis_group":"HISTORICAL_CULTURAL","thesis_subtype":"museum","icon_id":"cultural_museum","name_quality":"NAMED","rayon":"Ağstafa rayonu","rayon_id":"AZE_ADM2_54616110B36354954300290","verification_status":"PROVISIONAL","source_role":"MASTER_GIS","display_rank":295,"lon":45.359011,"lat":41.08961},"geometry":{"type":"Point","coordinates":[45.3590109,41.089610400000005]}},{"type":"Feature","properties":{"poi_id":"OSM_cultural_7803926515","label":"Vaçaqan Karvansarası","name_az":"Vaçaqan Karvansarası","thesis_group":"HISTORICAL_CULTURAL","thesis_subtype":"attraction","icon_id":"cultural_historic","name_quality":"NAMED","rayon":"İsmayıllı rayonu","rayon_id":"AZE_ADM2_54616110B45290451128830","verification_status":"PROVISIONAL","source_role":"MASTER_GIS","display_rank":555,"lon":48.156617,"lat":40.781878},"geometry":{"type":"Point","coordinates":[48.1566167,40.781877800000004]}},{"type":"Feature","properties":{"poi_id":"OSM_cultural_10896876693","label":"Vəli Axundov büstü","name_az":"Vəli Axundov büstü","thesis_group":"HISTORICAL_CULTURAL","thesis_subtype":"memorial","icon_id":"cultural_historic","name_quality":"NAMED","rayon":"Abşeron rayonu","rayon_id":"AZE_ADM2_54616110B88432173472444","verification_status":"PROVISIONAL","source_role":"MASTER_GIS","display_rank":965,"lon":49.716746,"lat":40.533434},"geometry":{"type":"Point","coordinates":[49.716746400000005,40.5334343]}},{"type":"Feature","properties":{"poi_id":"OSM_cultural_3268710867","label":"Vətən Məscidi","name_az":"Vətən Məscidi","thesis_group":"HISTORICAL_CULTURAL","thesis_subtype":"place_of_worship","icon_id":"cultural_historic","name_quality":"NAMED","rayon":"Xaçmaz rayonu","rayon_id":"AZE_ADM2_54616110B89497242950609","verification_status":"PROVISIONAL","source_role":"MASTER_GIS","display_rank":93,"lon":48.840303,"lat":41.479866},"geometry":{"type":"Point","coordinates":[48.8403033,41.479866]}},{"type":"Feature","properties":{"poi_id":"OSM_cultural_3553883404","label":"Vətən Şəhidləri","name_az":"Vətən Şəhidləri","thesis_group":"HISTORICAL_CULTURAL","thesis_subtype":"monument","icon_id":"cultural_monument","name_quality":"NAMED","rayon":"Bakı şəhəri","rayon_id":"AZE_ADM2_54616110B61947743987915","verification_status":"PROVISIONAL","source_role":"MASTER_GIS","display_rank":143,"lon":49.972139,"lat":40.392533},"geometry":{"type":"Point","coordinates":[49.9721391,40.3925326]}},{"type":"Feature","properties":{"poi_id":"OSM_cultural_7875544214","label":"Vəzir Məscidi","name_az":"Vəzir Məscidi","thesis_group":"HISTORICAL_CULTURAL","thesis_subtype":"place_of_worship","icon_id":"cultural_historic","name_quality":"NAMED","rayon":"Oğuz rayonu","rayon_id":"AZE_ADM2_54616110B99657283459996","verification_status":"PROVISIONAL","source_role":"MASTER_GIS","display_rank":602,"lon":47.594538,"lat":41.116132},"geometry":{"type":"Point","coordinates":[47.5945383,41.1161325]}},{"type":"Feature","properties":{"poi_id":"OSM_cultural_7692688589","label":"Xalq Məscidi","name_az":"Xalq Məscidi","thesis_group":"HISTORICAL_CULTURAL","thesis_subtype":"place_of_worship","icon_id":"cultural_historic","name_quality":"NAMED","rayon":"Qusar rayonu","rayon_id":"AZE_ADM2_54616110B21517829058101","verification_status":"PROVISIONAL","source_role":"MASTER_GIS","display_rank":424,"lon":48.391653,"lat":41.471144},"geometry":{"type":"Point","coordinates":[48.3916533,41.4711444]}},{"type":"Feature","properties":{"poi_id":"OSM_cultural_3031326885","label":"Xalq Təhsili Muzeyi","name_az":"Xalq Təhsili Muzeyi","thesis_group":"HISTORICAL_CULTURAL","thesis_subtype":"museum","icon_id":"cultural_museum","name_quality":"NAMED","rayon":"Bakı şəhəri","rayon_id":"AZE_ADM2_54616110B61947743987915","verification_status":"PROVISIONAL","source_role":"MASTER_GIS","display_rank":75,"lon":49.831273,"lat":40.36349},"geometry":{"type":"Point","coordinates":[49.8312734,40.363489900000005]}},{"type":"Feature","properties":{"poi_id":"OSM_cultural_6095747488","label":"Xalq Tətbiqi Sənəti Muzeyi \\ Çənlibel","name_az":"Xalq Tətbiqi Sənəti Muzeyi \\ Çənlibel","thesis_group":"HISTORICAL_CULTURAL","thesis_subtype":"museum","icon_id":"cultural_museum","name_quality":"NAMED","rayon":"Şəmkir rayonu","rayon_id":"AZE_ADM2_54616110B57585842497805","verification_status":"PROVISIONAL","source_role":"MASTER_GIS","display_rank":331,"lon":45.880242,"lat":40.746943},"geometry":{"type":"Point","coordinates":[45.880242200000005,40.746942700000005]}},{"type":"Feature","properties":{"poi_id":"OSM_cultural_1667124954","label":"Xalça Muzeyi","name_az":"Xalça Muzeyi","thesis_group":"HISTORICAL_CULTURAL","thesis_subtype":"museum","icon_id":"cultural_museum","name_quality":"NAMED","rayon":"Xaçmaz rayonu","rayon_id":"AZE_ADM2_54616110B89497242950609","verification_status":"PROVISIONAL","source_role":"MASTER_GIS","display_rank":13,"lon":48.800443,"lat":41.465294},"geometry":{"type":"Point","coordinates":[48.8004431,41.4652942]}},{"type":"Feature","properties":{"poi_id":"OSM_cultural_9791242002","label":"Xalça və Xalq Tətbiqi Sənəti Məktəb Muzeyi","name_az":"Xalça və Xalq Tətbiqi Sənəti Məktəb Muzeyi","thesis_group":"HISTORICAL_CULTURAL","thesis_subtype":"museum","icon_id":"cultural_museum","name_quality":"NAMED","rayon":"Bakı şəhəri","rayon_id":"AZE_ADM2_54616110B61947743987915","verification_status":"PROVISIONAL","source_role":"MASTER_GIS","display_rank":818,"lon":49.814074,"lat":40.386922},"geometry":{"type":"Point","coordinates":[49.8140743,40.3869218]}},{"type":"Feature","properties":{"poi_id":"OSM_cultural_5835742421","label":"Xamşi Alban kilsəsi","name_az":"Xamşi Alban kilsəsi","thesis_group":"HISTORICAL_CULTURAL","thesis_subtype":"attraction","icon_id":"cultural_historic","name_quality":"NAMED","rayon":"Gədəbəy rayonu","rayon_id":"AZE_ADM2_54616110B46799199998097","verification_status":"PROVISIONAL","source_role":"MASTER_GIS","display_rank":285,"lon":45.59051,"lat":40.517874},"geometry":{"type":"Point","coordinates":[45.590509700000005,40.517873800000004]}},{"type":"Feature","properties":{"poi_id":"OSM_cultural_2981269731","label":"Xan Sarayı","name_az":"Xan Sarayı","thesis_group":"HISTORICAL_CULTURAL","thesis_subtype":"museum","icon_id":"cultural_museum","name_quality":"NAMED","rayon":"Naxçıvan şəhəri","rayon_id":"AZE_ADM2_54616110B79262118902245","verification_status":"PROVISIONAL","source_role":"MASTER_GIS","display_rank":72,"lon":45.405347,"lat":39.203982},"geometry":{"type":"Point","coordinates":[45.4053473,39.2039825]}},{"type":"Feature","properties":{"poi_id":"OSM_cultural_11222943762","label":"Xan Yaylağı","name_az":"Xan Yaylağı","thesis_group":"HISTORICAL_CULTURAL","thesis_subtype":"yes","icon_id":"cultural_historic","name_quality":"NAMED","rayon":"Şəki rayonu","rayon_id":"AZE_ADM2_54616110B25010354244926","verification_status":"PROVISIONAL","source_role":"MASTER_GIS","display_rank":1016,"lon":47.229971,"lat":41.231526},"geometry":{"type":"Point","coordinates":[47.229970800000004,41.231526]}},{"type":"Feature","properties":{"poi_id":"OSM_cultural_5200667020","label":"Xanabert qalası","name_az":"Xanabert qalası","thesis_group":"HISTORICAL_CULTURAL","thesis_subtype":"attraction","icon_id":"cultural_historic","name_quality":"NAMED","rayon":"Kəlbəcər rayonu","rayon_id":"AZE_ADM2_54616110B37358032697149","verification_status":"PROVISIONAL","source_role":"MASTER_GIS","display_rank":256,"lon":46.137261,"lat":40.223246},"geometry":{"type":"Point","coordinates":[46.137260700000006,40.223245600000006]}},{"type":"Feature","properties":{"poi_id":"OSM_cultural_10728271696","label":"Xanbaba Hamamı","name_az":"Xanbaba Hamamı","thesis_group":"HISTORICAL_CULTURAL","thesis_subtype":"ruins","icon_id":"cultural_historic","name_quality":"NAMED","rayon":"Bakı şəhəri","rayon_id":"AZE_ADM2_54616110B61947743987915","verification_status":"PROVISIONAL","source_role":"MASTER_GIS","display_rank":941,"lon":50.140026,"lat":40.489726},"geometry":{"type":"Point","coordinates":[50.140025800000004,40.4897258]}},{"type":"Feature","properties":{"poi_id":"OSM_cultural_5171490656","label":"Xankəndi Dövlət Muzeyi","name_az":"Xankəndi Dövlət Muzeyi","thesis_group":"HISTORICAL_CULTURAL","thesis_subtype":"museum","icon_id":"cultural_museum","name_quality":"NAMED","rayon":"Xocalı rayonu","rayon_id":"AZE_ADM2_54616110B87325868620163","verification_status":"PROVISIONAL","source_role":"MASTER_GIS","display_rank":254,"lon":46.751625,"lat":39.816019},"geometry":{"type":"Point","coordinates":[46.7516252,39.816018500000006]}},{"type":"Feature","properties":{"poi_id":"OSM_cultural_8185027289","label":"Xanlıq Məscidi","name_az":"Xanlıq Məscidi","thesis_group":"HISTORICAL_CULTURAL","thesis_subtype":"place_of_worship","icon_id":"cultural_historic","name_quality":"NAMED","rayon":"Balakən rayonu","rayon_id":"AZE_ADM2_54616110B63924922129682","verification_status":"PROVISIONAL","source_role":"MASTER_GIS","display_rank":678,"lon":46.568966,"lat":41.684979},"geometry":{"type":"Point","coordinates":[46.568966200000006,41.6849787]}},{"type":"Feature","properties":{"poi_id":"OSM_cultural_12442278712","label":"Xanlıq Məscidi \\ Qozlubulaq","name_az":"Xanlıq Məscidi \\ Qozlubulaq","thesis_group":"HISTORICAL_CULTURAL","thesis_subtype":"place_of_worship","icon_id":"cultural_historic","name_quality":"NAMED","rayon":"Şəki rayonu","rayon_id":"AZE_ADM2_54616110B25010354244926","verification_status":"PROVISIONAL","source_role":"MASTER_GIS","display_rank":1191,"lon":47.301596,"lat":40.917411},"geometry":{"type":"Point","coordinates":[47.301595500000005,40.917411300000005]}},{"type":"Feature","properties":{"poi_id":"OSM_cultural_7707568003","label":"Xanmirzə Məscidi","name_az":"Xanmirzə Məscidi","thesis_group":"HISTORICAL_CULTURAL","thesis_subtype":"place_of_worship","icon_id":"cultural_historic","name_quality":"NAMED","rayon":"Quba rayonu","rayon_id":"AZE_ADM2_54616110B77048085748362","verification_status":"PROVISIONAL","source_role":"MASTER_GIS","display_rank":476,"lon":48.619802,"lat":41.159675},"geometry":{"type":"Point","coordinates":[48.619802,41.1596746]}},{"type":"Feature","properties":{"poi_id":"OSM_cultural_13975419809","label":"Xanməmmədli kənd Məscidi","name_az":"Xanməmmədli kənd Məscidi","thesis_group":"HISTORICAL_CULTURAL","thesis_subtype":"place_of_worship","icon_id":"cultural_historic","name_quality":"NAMED","rayon":"Neftçala rayonu","rayon_id":"AZE_ADM2_54616110B40961788089107","verification_status":"PROVISIONAL","source_role":"MASTER_GIS","display_rank":1364,"lon":48.79151,"lat":39.396202},"geometry":{"type":"Point","coordinates":[48.791510300000006,39.396201500000004]}},{"type":"Feature","properties":{"poi_id":"OSM_cultural_11004096150","label":"Xanım Zəhra Məscidi","name_az":"Xanım Zəhra Məscidi","thesis_group":"HISTORICAL_CULTURAL","thesis_subtype":"place_of_worship","icon_id":"cultural_historic","name_quality":"NAMED","rayon":"Bakı şəhəri","rayon_id":"AZE_ADM2_54616110B61947743987915","verification_status":"PROVISIONAL","source_role":"MASTER_GIS","display_rank":974,"lon":49.831935,"lat":40.374124},"geometry":{"type":"Point","coordinates":[49.831935200000004,40.374124300000005]}},{"type":"Feature","properties":{"poi_id":"OSM_cultural_5414920921","label":"Xanəgah türbəsi","name_az":"Xanəgah türbəsi","thesis_group":"HISTORICAL_CULTURAL","thesis_subtype":"attraction","icon_id":"cultural_historic","name_quality":"NAMED","rayon":"Culfa rayonu","rayon_id":"AZE_ADM2_54616110B53393721771174","verification_status":"PROVISIONAL","source_role":"MASTER_GIS","display_rank":264,"lon":45.715485,"lat":39.188882},"geometry":{"type":"Point","coordinates":[45.7154846,39.1888821]}},{"type":"Feature","properties":{"poi_id":"OSM_cultural_12695536457","label":"Xarabalıkənd","name_az":"Xarabalıkənd","thesis_group":"HISTORICAL_CULTURAL","thesis_subtype":"archaeological_site","icon_id":"cultural_archaeology","name_quality":"NAMED","rayon":"Xocalı rayonu","rayon_id":"AZE_ADM2_54616110B87325868620163","verification_status":"PROVISIONAL","source_role":"MASTER_GIS","display_rank":1242,"lon":46.764862,"lat":39.760693},"geometry":{"type":"Point","coordinates":[46.7648622,39.760693100000005]}},{"type":"Feature","properties":{"poi_id":"OSM_cultural_12335196907","label":"Xarxar yazı","name_az":"Xarxar yazı","thesis_group":"HISTORICAL_CULTURAL","thesis_subtype":"monument","icon_id":"cultural_monument","name_quality":"NAMED","rayon":"Şəmkir rayonu","rayon_id":"AZE_ADM2_54616110B57585842497805","verification_status":"PROVISIONAL","source_role":"MASTER_GIS","display_rank":1174,"lon":45.838681,"lat":40.71103},"geometry":{"type":"Point","coordinates":[45.8386812,40.7110302]}},{"type":"Feature","properties":{"poi_id":"OSM_cultural_7691374382","label":"Xeyirxahlıq Məscidi","name_az":"Xeyirxahlıq Məscidi","thesis_group":"HISTORICAL_CULTURAL","thesis_subtype":"place_of_worship","icon_id":"cultural_historic","name_quality":"NAMED","rayon":"Xaçmaz rayonu","rayon_id":"AZE_ADM2_54616110B89497242950609","verification_status":"PROVISIONAL","source_role":"MASTER_GIS","display_rank":394,"lon":48.701577,"lat":41.650617},"geometry":{"type":"Point","coordinates":[48.7015772,41.6506172]}},{"type":"Feature","properties":{"poi_id":"OSM_cultural_14057635401","label":"Xeyyam.İlyasoglu","name_az":"Xeyyam.İlyasoglu","thesis_group":"HISTORICAL_CULTURAL","thesis_subtype":"city_gate","icon_id":"cultural_historic","name_quality":"NAMED","rayon":"Laçın rayonu","rayon_id":"AZE_ADM2_54616110B46945931752574","verification_status":"PROVISIONAL","source_role":"MASTER_GIS","display_rank":1378,"lon":46.185049,"lat":39.736514},"geometry":{"type":"Point","coordinates":[46.1850491,39.736513900000006]}},{"type":"Feature","properties":{"poi_id":"OSM_cultural_8170918709","label":"Xocalı Abidəsi / Zaqatala","name_az":"Xocalı Abidəsi / Zaqatala","thesis_group":"HISTORICAL_CULTURAL","thesis_subtype":"monument","icon_id":"cultural_monument","name_quality":"NAMED","rayon":"Zaqatala rayonu","rayon_id":"AZE_ADM2_54616110B4759617374649","verification_status":"PROVISIONAL","source_role":"MASTER_GIS","display_rank":673,"lon":46.622428,"lat":41.63101},"geometry":{"type":"Point","coordinates":[46.622428000000006,41.6310104]}},{"type":"Feature","properties":{"poi_id":"OSM_cultural_12826335937","label":"Xocalı abidəsi","name_az":"Xocalı abidəsi","thesis_group":"HISTORICAL_CULTURAL","thesis_subtype":"monument","icon_id":"cultural_monument","name_quality":"NAMED","rayon":"Goranboy rayonu","rayon_id":"AZE_ADM2_54616110B75141866412524","verification_status":"PROVISIONAL","source_role":"MASTER_GIS","display_rank":1260,"lon":46.818924,"lat":40.505579},"geometry":{"type":"Point","coordinates":[46.8189239,40.5055788]}},{"type":"Feature","properties":{"poi_id":"OSM_cultural_1907901128","label":"Xocalı soyqırımı memorial","name_az":"Xocalı soyqırımı memorial","thesis_group":"HISTORICAL_CULTURAL","thesis_subtype":"monument","icon_id":"cultural_monument","name_quality":"NAMED","rayon":"Bakı şəhəri","rayon_id":"AZE_ADM2_54616110B61947743987915","verification_status":"PROVISIONAL","source_role":"MASTER_GIS","display_rank":21,"lon":49.873933,"lat":40.382993},"geometry":{"type":"Point","coordinates":[49.8739326,40.3829933]}},{"type":"Feature","properties":{"poi_id":"OSM_cultural_11167805445","label":"Xocəsən Məscid","name_az":"Xocəsən Məscid","thesis_group":"HISTORICAL_CULTURAL","thesis_subtype":"place_of_worship","icon_id":"cultural_historic","name_quality":"NAMED","rayon":"Bakı şəhəri","rayon_id":"AZE_ADM2_54616110B61947743987915","verification_status":"PROVISIONAL","source_role":"MASTER_GIS","display_rank":1006,"lon":49.771811,"lat":40.413054},"geometry":{"type":"Point","coordinates":[49.771810800000004,40.4130539]}},{"type":"Feature","properties":{"poi_id":"OSM_cultural_14056914177","label":"Xol Qarabucaq kənd Məscidi","name_az":"Xol Qarabucaq kənd Məscidi","thesis_group":"HISTORICAL_CULTURAL","thesis_subtype":"place_of_worship","icon_id":"cultural_historic","name_quality":"NAMED","rayon":"Neftçala rayonu","rayon_id":"AZE_ADM2_54616110B40961788089107","verification_status":"PROVISIONAL","source_role":"MASTER_GIS","display_rank":1377,"lon":48.820984,"lat":39.308518},"geometry":{"type":"Point","coordinates":[48.8209838,39.3085181]}},{"type":"Feature","properties":{"poi_id":"OSM_cultural_14052112815","label":"Xol Qaraqaşlı Məscidi","name_az":"Xol Qaraqaşlı Məscidi","thesis_group":"HISTORICAL_CULTURAL","thesis_subtype":"place_of_worship","icon_id":"cultural_historic","name_quality":"NAMED","rayon":"Neftçala rayonu","rayon_id":"AZE_ADM2_54616110B40961788089107","verification_status":"PROVISIONAL","source_role":"MASTER_GIS","display_rank":1375,"lon":48.814131,"lat":39.315279},"geometry":{"type":"Point","coordinates":[48.8141307,39.3152792]}},{"type":"Feature","properties":{"poi_id":"OSM_cultural_14059904032","label":"Xol Qaraqaşlı İmam Əli Məscidi","name_az":"Xol Qaraqaşlı İmam Əli Məscidi","thesis_group":"HISTORICAL_CULTURAL","thesis_subtype":"place_of_worship","icon_id":"cultural_historic","name_quality":"NAMED","rayon":"Neftçala rayonu","rayon_id":"AZE_ADM2_54616110B40961788089107","verification_status":"PROVISIONAL","source_role":"MASTER_GIS","display_rank":1379,"lon":48.836868,"lat":39.304344},"geometry":{"type":"Point","coordinates":[48.8368678,39.304344400000005]}},{"type":"Feature","properties":{"poi_id":"OSM_cultural_14059994518","label":"Xol Təzəkənd Məscidi","name_az":"Xol Təzəkənd Məscidi","thesis_group":"HISTORICAL_CULTURAL","thesis_subtype":"place_of_worship","icon_id":"cultural_historic","name_quality":"NAMED","rayon":"Neftçala rayonu","rayon_id":"AZE_ADM2_54616110B40961788089107","verification_status":"PROVISIONAL","source_role":"MASTER_GIS","display_rank":1380,"lon":48.867778,"lat":39.282978},"geometry":{"type":"Point","coordinates":[48.867777600000004,39.2829783]}},{"type":"Feature","properties":{"poi_id":"OSM_cultural_11531796716","label":"Xoylu Diyarşünaslıq Muzeyi","name_az":"Xoylu Diyarşünaslıq Muzeyi","thesis_group":"HISTORICAL_CULTURAL","thesis_subtype":"museum","icon_id":"cultural_museum","name_quality":"NAMED","rayon":"Goranboy rayonu","rayon_id":"AZE_ADM2_54616110B75141866412524","verification_status":"PROVISIONAL","source_role":"MASTER_GIS","display_rank":1069,"lon":46.534106,"lat":40.649875},"geometry":{"type":"Point","coordinates":[46.5341055,40.6498748]}},{"type":"Feature","properties":{"poi_id":"OSM_cultural_2936392653","label":"Xristian Kilsəsi","name_az":"Xristian Kilsəsi","thesis_group":"HISTORICAL_CULTURAL","thesis_subtype":"place_of_worship","icon_id":"cultural_historic","name_quality":"NAMED","rayon":"Sumqayıt şəhəri","rayon_id":"AZE_ADM2_54616110B75219613739908","verification_status":"PROVISIONAL","source_role":"MASTER_GIS","display_rank":60,"lon":49.664292,"lat":40.592171},"geometry":{"type":"Point","coordinates":[49.6642918,40.5921709]}},{"type":"Feature","properties":{"poi_id":"OSM_cultural_925958962","label":"Xudavəng Monastır Kompleksi","name_az":"Xudavəng Monastır Kompleksi","thesis_group":"HISTORICAL_CULTURAL","thesis_subtype":"attraction","icon_id":"cultural_historic","name_quality":"NAMED","rayon":"Kəlbəcər rayonu","rayon_id":"AZE_ADM2_54616110B37358032697149","verification_status":"PROVISIONAL","source_role":"MASTER_GIS","display_rank":2,"lon":46.288405,"lat":40.161554},"geometry":{"type":"Point","coordinates":[46.2884054,40.1615544]}},{"type":"Feature","properties":{"poi_id":"OSM_cultural_12791893389","label":"Xudu Baba Türbəsi","name_az":"Xudu Baba Türbəsi","thesis_group":"HISTORICAL_CULTURAL","thesis_subtype":"tomb","icon_id":"cultural_historic","name_quality":"NAMED","rayon":"Goranboy rayonu","rayon_id":"AZE_ADM2_54616110B75141866412524","verification_status":"PROVISIONAL","source_role":"MASTER_GIS","display_rank":1253,"lon":46.778018,"lat":40.533356},"geometry":{"type":"Point","coordinates":[46.778017600000005,40.5333563]}},{"type":"Feature","properties":{"poi_id":"OSM_cultural_13374704094","label":"Xurşud kənd Məscidi","name_az":"Xurşud kənd Məscidi","thesis_group":"HISTORICAL_CULTURAL","thesis_subtype":"place_of_worship","icon_id":"cultural_historic","name_quality":"NAMED","rayon":"Salyan rayonu","rayon_id":"AZE_ADM2_54616110B55207089168458","verification_status":"PROVISIONAL","source_role":"MASTER_GIS","display_rank":1303,"lon":48.917934,"lat":39.629374},"geometry":{"type":"Point","coordinates":[48.917933600000005,39.6293735]}},{"type":"Feature","properties":{"poi_id":"OSM_cultural_1464993558","label":"Xurşudbanu Natəvan heykəli","name_az":"Xurşudbanu Natəvan heykəli","thesis_group":"HISTORICAL_CULTURAL","thesis_subtype":"memorial","icon_id":"cultural_historic","name_quality":"NAMED","rayon":"Bakı şəhəri","rayon_id":"AZE_ADM2_54616110B61947743987915","verification_status":"PROVISIONAL","source_role":"MASTER_GIS","display_rank":5,"lon":49.837267,"lat":40.36922},"geometry":{"type":"Point","coordinates":[49.837266500000005,40.369220000000006]}},{"type":"Feature","properties":{"poi_id":"OSM_cultural_13041858620","label":"Xıdırlı kənd Məscidi","name_az":"Xıdırlı kənd Məscidi","thesis_group":"HISTORICAL_CULTURAL","thesis_subtype":"place_of_worship","icon_id":"cultural_historic","name_quality":"NAMED","rayon":"Salyan rayonu","rayon_id":"AZE_ADM2_54616110B55207089168458","verification_status":"PROVISIONAL","source_role":"MASTER_GIS","display_rank":1284,"lon":49.324817,"lat":39.84404},"geometry":{"type":"Point","coordinates":[49.324816600000005,39.8440396]}},{"type":"Feature","properties":{"poi_id":"OSM_cultural_7598446996","label":"Xıdırzində məscidi","name_az":"Xıdırzində məscidi","thesis_group":"HISTORICAL_CULTURAL","thesis_subtype":"place_of_worship","icon_id":"cultural_historic","name_quality":"NAMED","rayon":"Şabran rayonu","rayon_id":"AZE_ADM2_54616110B33183266084070","verification_status":"PROVISIONAL","source_role":"MASTER_GIS","display_rank":371,"lon":48.988651,"lat":41.199481},"geometry":{"type":"Point","coordinates":[48.9886513,41.1994806]}},{"type":"Feature","properties":{"poi_id":"OSM_cultural_10940558915","label":"Xırdalan Cümə Məscidi","name_az":"Xırdalan Cümə Məscidi","thesis_group":"HISTORICAL_CULTURAL","thesis_subtype":"place_of_worship","icon_id":"cultural_historic","name_quality":"NAMED","rayon":"Bakı şəhəri","rayon_id":"AZE_ADM2_54616110B61947743987915","verification_status":"PROVISIONAL","source_role":"MASTER_GIS","display_rank":966,"lon":49.756182,"lat":40.447533},"geometry":{"type":"Point","coordinates":[49.756181500000004,40.447532900000006]}},{"type":"Feature","properties":{"poi_id":"OSM_cultural_10119583557","label":"Xəlifə Əli Məscidi","name_az":"Xəlifə Əli Məscidi","thesis_group":"HISTORICAL_CULTURAL","thesis_subtype":"place_of_worship","icon_id":"cultural_historic","name_quality":"NAMED","rayon":"Bakı şəhəri","rayon_id":"AZE_ADM2_54616110B61947743987915","verification_status":"PROVISIONAL","source_role":"MASTER_GIS","display_rank":878,"lon":49.979922,"lat":40.455976},"geometry":{"type":"Point","coordinates":[49.979922,40.4559756]}},{"type":"Feature","properties":{"poi_id":"OSM_cultural_13246322076","label":"Xələc Məscidi","name_az":"Xələc Məscidi","thesis_group":"HISTORICAL_CULTURAL","thesis_subtype":"place_of_worship","icon_id":"cultural_historic","name_quality":"NAMED","rayon":"Salyan rayonu","rayon_id":"AZE_ADM2_54616110B55207089168458","verification_status":"PROVISIONAL","source_role":"MASTER_GIS","display_rank":1296,"lon":49.021782,"lat":39.749498},"geometry":{"type":"Point","coordinates":[49.021782,39.749497600000005]}},{"type":"Feature","properties":{"poi_id":"OSM_cultural_7803926521","label":"Xəndan Məscidi","name_az":"Xəndan Məscidi","thesis_group":"HISTORICAL_CULTURAL","thesis_subtype":"place_of_worship","icon_id":"cultural_historic","name_quality":"NAMED","rayon":"İsmayıllı rayonu","rayon_id":"AZE_ADM2_54616110B45290451128830","verification_status":"PROVISIONAL","source_role":"MASTER_GIS","display_rank":557,"lon":48.134977,"lat":40.787337},"geometry":{"type":"Point","coordinates":[48.1349766,40.7873369]}},{"type":"Feature","properties":{"poi_id":"OSM_cultural_11474688395","label":"Xəqani İbrahimin abidəsi","name_az":"Xəqani İbrahimin abidəsi","thesis_group":"HISTORICAL_CULTURAL","thesis_subtype":"memorial","icon_id":"cultural_historic","name_quality":"NAMED","rayon":"Şəmkir rayonu","rayon_id":"AZE_ADM2_54616110B57585842497805","verification_status":"PROVISIONAL","source_role":"MASTER_GIS","display_rank":1057,"lon":46.022148,"lat":40.836182},"geometry":{"type":"Point","coordinates":[46.022148300000005,40.8361821]}},{"type":"Feature","properties":{"poi_id":"OSM_cultural_14127172293","label":"Xəzər qəsəbə Məscidi","name_az":"Xəzər qəsəbə Məscidi","thesis_group":"HISTORICAL_CULTURAL","thesis_subtype":"place_of_worship","icon_id":"cultural_historic","name_quality":"NAMED","rayon":"Neftçala rayonu","rayon_id":"AZE_ADM2_54616110B40961788089107","verification_status":"PROVISIONAL","source_role":"MASTER_GIS","display_rank":1385,"lon":48.922865,"lat":39.254544},"geometry":{"type":"Point","coordinates":[48.922864800000006,39.2545444]}},{"type":"Feature","properties":{"poi_id":"OSM_cultural_7691662037","label":"Ya Hüseyn Məscidi","name_az":"Ya Hüseyn Məscidi","thesis_group":"HISTORICAL_CULTURAL","thesis_subtype":"place_of_worship","icon_id":"cultural_historic","name_quality":"NAMED","rayon":"Qusar rayonu","rayon_id":"AZE_ADM2_54616110B21517829058101","verification_status":"PROVISIONAL","source_role":"MASTER_GIS","display_rank":402,"lon":48.510684,"lat":41.687243},"geometry":{"type":"Point","coordinates":[48.5106844,41.6872431]}},{"type":"Feature","properties":{"poi_id":"OSM_cultural_12451626582","label":"Ya Mehdi Məscidi \\ Qarabaldır","name_az":"Ya Mehdi Məscidi \\ Qarabaldır","thesis_group":"HISTORICAL_CULTURAL","thesis_subtype":"place_of_worship","icon_id":"cultural_historic","name_quality":"NAMED","rayon":"Qax rayonu","rayon_id":"AZE_ADM2_54616110B49356278605879","verification_status":"PROVISIONAL","source_role":"MASTER_GIS","display_rank":1210,"lon":46.716218,"lat":41.406761},"geometry":{"type":"Point","coordinates":[46.716218100000006,41.4067613]}},{"type":"Feature","properties":{"poi_id":"OSM_cultural_12449977820","label":"Yaddaş Məscidi \\ İbaxlı","name_az":"Yaddaş Məscidi \\ İbaxlı","thesis_group":"HISTORICAL_CULTURAL","thesis_subtype":"place_of_worship","icon_id":"cultural_historic","name_quality":"NAMED","rayon":"Qax rayonu","rayon_id":"AZE_ADM2_54616110B49356278605879","verification_status":"PROVISIONAL","source_role":"MASTER_GIS","display_rank":1202,"lon":46.862801,"lat":41.360114},"geometry":{"type":"Point","coordinates":[46.8628009,41.3601143]}},{"type":"Feature","properties":{"poi_id":"OSM_cultural_6814552142","label":"Yaddaş lövhəsi","name_az":"Yaddaş lövhəsi","thesis_group":"HISTORICAL_CULTURAL","thesis_subtype":"place_of_worship","icon_id":"cultural_historic","name_quality":"NAMED","rayon":"Şamaxı rayonu","rayon_id":"AZE_ADM2_54616110B16651088424667","verification_status":"PROVISIONAL","source_role":"MASTER_GIS","display_rank":352,"lon":48.583756,"lat":40.772722},"geometry":{"type":"Point","coordinates":[48.583756,40.772721700000005]}},{"type":"Feature","properties":{"poi_id":"OSM_cultural_5978836097","label":"Yanardağ Xınalıq","name_az":"Yanardağ Xınalıq","thesis_group":"HISTORICAL_CULTURAL","thesis_subtype":"place_of_worship","icon_id":"cultural_historic","name_quality":"NAMED","rayon":"Quba rayonu","rayon_id":"AZE_ADM2_54616110B77048085748362","verification_status":"PROVISIONAL","source_role":"MASTER_GIS","display_rank":311,"lon":48.099259,"lat":41.209328},"geometry":{"type":"Point","coordinates":[48.0992593,41.2093277]}},{"type":"Feature","properties":{"poi_id":"OSM_cultural_12450087542","label":"Yardıməli Məscidi \\ Cəlayir","name_az":"Yardıməli Məscidi \\ Cəlayir","thesis_group":"HISTORICAL_CULTURAL","thesis_subtype":"place_of_worship","icon_id":"cultural_historic","name_quality":"NAMED","rayon":"Qax rayonu","rayon_id":"AZE_ADM2_54616110B49356278605879","verification_status":"PROVISIONAL","source_role":"MASTER_GIS","display_rank":1204,"lon":46.800004,"lat":41.319904},"geometry":{"type":"Point","coordinates":[46.800003600000004,41.3199036]}},{"type":"Feature","properties":{"poi_id":"OSM_cultural_13374711914","label":"Yaxa Dəllək kənd Məscidi","name_az":"Yaxa Dəllək kənd Məscidi","thesis_group":"HISTORICAL_CULTURAL","thesis_subtype":"place_of_worship","icon_id":"cultural_historic","name_quality":"NAMED","rayon":"Sabirabad rayonu","rayon_id":"AZE_ADM2_54616110B21396185337631","verification_status":"PROVISIONAL","source_role":"MASTER_GIS","display_rank":1304,"lon":48.884,"lat":39.877709},"geometry":{"type":"Point","coordinates":[48.8839996,39.8777094]}},{"type":"Feature","properties":{"poi_id":"OSM_cultural_7703174391","label":"Yaylaqlar Məscidi","name_az":"Yaylaqlar Məscidi","thesis_group":"HISTORICAL_CULTURAL","thesis_subtype":"place_of_worship","icon_id":"cultural_historic","name_quality":"NAMED","rayon":"Qusar rayonu","rayon_id":"AZE_ADM2_54616110B21517829058101","verification_status":"PROVISIONAL","source_role":"MASTER_GIS","display_rank":457,"lon":48.164454,"lat":41.344119},"geometry":{"type":"Point","coordinates":[48.1644541,41.3441186]}},{"type":"Feature","properties":{"poi_id":"OSM_cultural_11079274739","label":"Yaşma Yolüstü Məscid","name_az":"Yaşma Yolüstü Məscid","thesis_group":"HISTORICAL_CULTURAL","thesis_subtype":"place_of_worship","icon_id":"cultural_historic","name_quality":"NAMED","rayon":"Abşeron rayonu","rayon_id":"AZE_ADM2_54616110B88432173472444","verification_status":"PROVISIONAL","source_role":"MASTER_GIS","display_rank":983,"lon":49.525695,"lat":40.654063},"geometry":{"type":"Point","coordinates":[49.5256953,40.654062700000004]}},{"type":"Feature","properties":{"poi_id":"OSM_cultural_7691533297","label":"Yaşıl Məscid","name_az":"Yaşıl Məscid","thesis_group":"HISTORICAL_CULTURAL","thesis_subtype":"place_of_worship","icon_id":"cultural_historic","name_quality":"NAMED","rayon":"Xaçmaz rayonu","rayon_id":"AZE_ADM2_54616110B89497242950609","verification_status":"PROVISIONAL","source_role":"MASTER_GIS","display_rank":397,"lon":48.622731,"lat":41.630757},"geometry":{"type":"Point","coordinates":[48.622731,41.6307568]}},{"type":"Feature","properties":{"poi_id":"OSM_cultural_7691699267","label":"Yaşıl Məscid","name_az":"Yaşıl Məscid","thesis_group":"HISTORICAL_CULTURAL","thesis_subtype":"place_of_worship","icon_id":"cultural_historic","name_quality":"NAMED","rayon":"Xaçmaz rayonu","rayon_id":"AZE_ADM2_54616110B89497242950609","verification_status":"PROVISIONAL","source_role":"MASTER_GIS","display_rank":407,"lon":48.576412,"lat":41.756247},"geometry":{"type":"Point","coordinates":[48.576411900000004,41.7562468]}},{"type":"Feature","properties":{"poi_id":"OSM_cultural_7691778604","label":"Yaşıl Məscid","name_az":"Yaşıl Məscid","thesis_group":"HISTORICAL_CULTURAL","thesis_subtype":"place_of_worship","icon_id":"cultural_historic","name_quality":"NAMED","rayon":"Qusar rayonu","rayon_id":"AZE_ADM2_54616110B21517829058101","verification_status":"PROVISIONAL","source_role":"MASTER_GIS","display_rank":410,"lon":48.465065,"lat":41.678786},"geometry":{"type":"Point","coordinates":[48.4650654,41.6787858]}},{"type":"Feature","properties":{"poi_id":"OSM_cultural_7693013917","label":"Yaşıl Məscid","name_az":"Yaşıl Məscid","thesis_group":"HISTORICAL_CULTURAL","thesis_subtype":"place_of_worship","icon_id":"cultural_historic","name_quality":"NAMED","rayon":"Quba rayonu","rayon_id":"AZE_ADM2_54616110B77048085748362","verification_status":"PROVISIONAL","source_role":"MASTER_GIS","display_rank":426,"lon":48.570187,"lat":41.457318},"geometry":{"type":"Point","coordinates":[48.570186500000005,41.4573179]}},{"type":"Feature","properties":{"poi_id":"OSM_cultural_7696068972","label":"Yaşıl Məscid","name_az":"Yaşıl Məscid","thesis_group":"HISTORICAL_CULTURAL","thesis_subtype":"place_of_worship","icon_id":"cultural_historic","name_quality":"NAMED","rayon":"Qusar rayonu","rayon_id":"AZE_ADM2_54616110B21517829058101","verification_status":"PROVISIONAL","source_role":"MASTER_GIS","display_rank":450,"lon":48.152143,"lat":41.408887},"geometry":{"type":"Point","coordinates":[48.1521428,41.408886700000004]}},{"type":"Feature","properties":{"poi_id":"OSM_cultural_7703174404","label":"Yaşıl Məscid","name_az":"Yaşıl Məscid","thesis_group":"HISTORICAL_CULTURAL","thesis_subtype":"place_of_worship","icon_id":"cultural_historic","name_quality":"NAMED","rayon":"Qusar rayonu","rayon_id":"AZE_ADM2_54616110B21517829058101","verification_status":"PROVISIONAL","source_role":"MASTER_GIS","display_rank":459,"lon":48.219997,"lat":41.33427},"geometry":{"type":"Point","coordinates":[48.2199973,41.3342699]}},{"type":"Feature","properties":{"poi_id":"OSM_cultural_7728401808","label":"Yaşıl Məscid","name_az":"Yaşıl Məscid","thesis_group":"HISTORICAL_CULTURAL","thesis_subtype":"place_of_worship","icon_id":"cultural_historic","name_quality":"NAMED","rayon":"Xaçmaz rayonu","rayon_id":"AZE_ADM2_54616110B89497242950609","verification_status":"PROVISIONAL","source_role":"MASTER_GIS","display_rank":493,"lon":48.836736,"lat":41.444198},"geometry":{"type":"Point","coordinates":[48.8367364,41.4441981]}},{"type":"Feature","properties":{"poi_id":"OSM_cultural_7731771463","label":"Yaşıl Məscid","name_az":"Yaşıl Məscid","thesis_group":"HISTORICAL_CULTURAL","thesis_subtype":"place_of_worship","icon_id":"cultural_historic","name_quality":"NAMED","rayon":"Xaçmaz rayonu","rayon_id":"AZE_ADM2_54616110B89497242950609","verification_status":"PROVISIONAL","source_role":"MASTER_GIS","display_rank":498,"lon":48.751847,"lat":41.48248},"geometry":{"type":"Point","coordinates":[48.751847100000006,41.4824805]}},{"type":"Feature","properties":{"poi_id":"OSM_cultural_7737952040","label":"Yaşıl Məscid","name_az":"Yaşıl Məscid","thesis_group":"HISTORICAL_CULTURAL","thesis_subtype":"place_of_worship","icon_id":"cultural_historic","name_quality":"NAMED","rayon":"Şamaxı rayonu","rayon_id":"AZE_ADM2_54616110B16651088424667","verification_status":"PROVISIONAL","source_role":"MASTER_GIS","display_rank":505,"lon":48.6476,"lat":40.553465},"geometry":{"type":"Point","coordinates":[48.6476004,40.553465200000005]}},{"type":"Feature","properties":{"poi_id":"OSM_cultural_9217004380","label":"Yaşıl Məscid","name_az":"Yaşıl Məscid","thesis_group":"HISTORICAL_CULTURAL","thesis_subtype":"place_of_worship","icon_id":"cultural_historic","name_quality":"NAMED","rayon":"Ağdaş rayonu","rayon_id":"AZE_ADM2_54616110B75800990015815","verification_status":"PROVISIONAL","source_role":"MASTER_GIS","display_rank":782,"lon":47.495833,"lat":40.651093},"geometry":{"type":"Point","coordinates":[47.495833000000005,40.6510928]}},{"type":"Feature","properties":{"poi_id":"OSM_cultural_12450087512","label":"Yaşıl Məscid \\ Dəymədağlı","name_az":"Yaşıl Məscid \\ Dəymədağlı","thesis_group":"HISTORICAL_CULTURAL","thesis_subtype":"place_of_worship","icon_id":"cultural_historic","name_quality":"NAMED","rayon":"Qax rayonu","rayon_id":"AZE_ADM2_54616110B49356278605879","verification_status":"PROVISIONAL","source_role":"MASTER_GIS","display_rank":1203,"lon":46.775716,"lat":41.332229},"geometry":{"type":"Point","coordinates":[46.775716200000005,41.3322287]}},{"type":"Feature","properties":{"poi_id":"OSM_cultural_7807013948","label":"Yaşıl Məscid \\ Göytəpə","name_az":"Yaşıl Məscid \\ Göytəpə","thesis_group":"HISTORICAL_CULTURAL","thesis_subtype":"place_of_worship","icon_id":"cultural_historic","name_quality":"NAMED","rayon":"İsmayıllı rayonu","rayon_id":"AZE_ADM2_54616110B45290451128830","verification_status":"PROVISIONAL","source_role":"MASTER_GIS","display_rank":565,"lon":48.078978,"lat":40.785775},"geometry":{"type":"Point","coordinates":[48.0789775,40.7857752]}},{"type":"Feature","properties":{"poi_id":"OSM_cultural_13538331962","label":"Yaşıl Məscid \\ Pirəbbə","name_az":"Yaşıl Məscid \\ Pirəbbə","thesis_group":"HISTORICAL_CULTURAL","thesis_subtype":"place_of_worship","icon_id":"cultural_historic","name_quality":"NAMED","rayon":"Neftçala rayonu","rayon_id":"AZE_ADM2_54616110B40961788089107","verification_status":"PROVISIONAL","source_role":"MASTER_GIS","display_rank":1320,"lon":49.007914,"lat":39.49907},"geometry":{"type":"Point","coordinates":[49.0079136,39.4990705]}},{"type":"Feature","properties":{"poi_id":"OSM_cultural_8174263135","label":"Yaşıl Məscid \\ Qəbizdərə","name_az":"Yaşıl Məscid \\ Qəbizdərə","thesis_group":"HISTORICAL_CULTURAL","thesis_subtype":"place_of_worship","icon_id":"cultural_historic","name_quality":"NAMED","rayon":"Zaqatala rayonu","rayon_id":"AZE_ADM2_54616110B4759617374649","verification_status":"PROVISIONAL","source_role":"MASTER_GIS","display_rank":674,"lon":46.590126,"lat":41.697458},"geometry":{"type":"Point","coordinates":[46.5901262,41.6974578]}},{"type":"Feature","properties":{"poi_id":"OSM_cultural_7687452692","label":"Yaşıl məscid","name_az":"Yaşıl məscid","thesis_group":"HISTORICAL_CULTURAL","thesis_subtype":"place_of_worship","icon_id":"cultural_historic","name_quality":"NAMED","rayon":"Quba rayonu","rayon_id":"AZE_ADM2_54616110B77048085748362","verification_status":"PROVISIONAL","source_role":"MASTER_GIS","display_rank":376,"lon":48.69592,"lat":41.410128},"geometry":{"type":"Point","coordinates":[48.695920400000006,41.4101279]}},{"type":"Feature","properties":{"poi_id":"OSM_cultural_2800360030","label":"Yeddi Kümbəz Məqbərəsi","name_az":"Yeddi Kümbəz Məqbərəsi","thesis_group":"HISTORICAL_CULTURAL","thesis_subtype":"place_of_worship","icon_id":"cultural_historic","name_quality":"NAMED","rayon":"Şamaxı rayonu","rayon_id":"AZE_ADM2_54616110B16651088424667","verification_status":"PROVISIONAL","source_role":"MASTER_GIS","display_rank":53,"lon":48.635689,"lat":40.620521},"geometry":{"type":"Point","coordinates":[48.635688800000004,40.6205209]}},{"type":"Feature","properties":{"poi_id":"OSM_cultural_4859216937","label":"Yeghishe Arakyal Monastery","thesis_group":"HISTORICAL_CULTURAL","thesis_subtype":"attraction","icon_id":"cultural_historic","name_quality":"NAMED","rayon":"Tərtər rayonu","rayon_id":"AZE_ADM2_54616110B79809370995070","verification_status":"PROVISIONAL","source_role":"MASTER_GIS","display_rank":2104,"lon":46.695071,"lat":40.336201},"geometry":{"type":"Point","coordinates":[46.6950714,40.3362013]}},{"type":"Feature","properties":{"poi_id":"OSM_cultural_8238080233","label":"Yengiyan Kənd Məscidi","name_az":"Yengiyan Kənd Məscidi","thesis_group":"HISTORICAL_CULTURAL","thesis_subtype":"place_of_worship","icon_id":"cultural_historic","name_quality":"NAMED","rayon":"Zaqatala rayonu","rayon_id":"AZE_ADM2_54616110B4759617374649","verification_status":"PROVISIONAL","source_role":"MASTER_GIS","display_rank":709,"lon":46.576981,"lat":41.468218},"geometry":{"type":"Point","coordinates":[46.576980600000006,41.4682182]}},{"type":"Feature","properties":{"poi_id":"OSM_cultural_7691675337","label":"Yeni Məscid","name_az":"Yeni Məscid","thesis_group":"HISTORICAL_CULTURAL","thesis_subtype":"place_of_worship","icon_id":"cultural_historic","name_quality":"NAMED","rayon":"Qusar rayonu","rayon_id":"AZE_ADM2_54616110B21517829058101","verification_status":"PROVISIONAL","source_role":"MASTER_GIS","display_rank":405,"lon":48.545089,"lat":41.722125},"geometry":{"type":"Point","coordinates":[48.545089100000006,41.7221246]}},{"type":"Feature","properties":{"poi_id":"OSM_cultural_12962179726","label":"Yeni Məscid","name_az":"Yeni Məscid","thesis_group":"HISTORICAL_CULTURAL","thesis_subtype":"place_of_worship","icon_id":"cultural_historic","name_quality":"NAMED","rayon":"Hacıqabul rayonu","rayon_id":"AZE_ADM2_54616110B48173541517146","verification_status":"PROVISIONAL","source_role":"MASTER_GIS","display_rank":1276,"lon":48.95332,"lat":39.95872},"geometry":{"type":"Point","coordinates":[48.953319900000004,39.958719900000006]}},{"type":"Feature","properties":{"poi_id":"OSM_cultural_7830579346","label":"Yeni Məscid Qəbələ","name_az":"Yeni Məscid Qəbələ","thesis_group":"HISTORICAL_CULTURAL","thesis_subtype":"place_of_worship","icon_id":"cultural_historic","name_quality":"NAMED","rayon":"Qəbələ rayonu","rayon_id":"AZE_ADM2_54616110B33746839775993","verification_status":"PROVISIONAL","source_role":"MASTER_GIS","display_rank":587,"lon":47.835857,"lat":40.966299},"geometry":{"type":"Point","coordinates":[47.8358567,40.966299400000004]}},{"type":"Feature","properties":{"poi_id":"OSM_cultural_4943746161","label":"Yeni Məscid \\ Nardaran Bağları","name_az":"Yeni Məscid \\ Nardaran Bağları","thesis_group":"HISTORICAL_CULTURAL","thesis_subtype":"place_of_worship","icon_id":"cultural_historic","name_quality":"NAMED","rayon":"Bakı şəhəri","rayon_id":"AZE_ADM2_54616110B61947743987915","verification_status":"PROVISIONAL","source_role":"MASTER_GIS","display_rank":244,"lon":49.994223,"lat":40.587418},"geometry":{"type":"Point","coordinates":[49.9942226,40.5874177]}},{"type":"Feature","properties":{"poi_id":"OSM_cultural_7776320885","label":"Yeni Məscid \\ Yeniyol","name_az":"Yeni Məscid \\ Yeniyol","thesis_group":"HISTORICAL_CULTURAL","thesis_subtype":"place_of_worship","icon_id":"cultural_historic","name_quality":"NAMED","rayon":"İsmayıllı rayonu","rayon_id":"AZE_ADM2_54616110B45290451128830","verification_status":"PROVISIONAL","source_role":"MASTER_GIS","display_rank":539,"lon":48.284966,"lat":40.755894},"geometry":{"type":"Point","coordinates":[48.2849658,40.7558936]}},{"type":"Feature","properties":{"poi_id":"OSM_cultural_5416619040","label":"Yeni Zod Alban Kilsəsi","name_az":"Yeni Zod Alban Kilsəsi","thesis_group":"HISTORICAL_CULTURAL","thesis_subtype":"attraction","icon_id":"cultural_historic","name_quality":"NAMED","rayon":"Göygöl rayonu","rayon_id":"AZE_ADM2_54616110B13615645655589","verification_status":"PROVISIONAL","source_role":"MASTER_GIS","display_rank":267,"lon":46.335998,"lat":40.465228},"geometry":{"type":"Point","coordinates":[46.335998200000006,40.4652279]}},{"type":"Feature","properties":{"poi_id":"OSM_cultural_13426643457","label":"Yenikənd Məscidi","name_az":"Yenikənd Məscidi","thesis_group":"HISTORICAL_CULTURAL","thesis_subtype":"place_of_worship","icon_id":"cultural_historic","name_quality":"NAMED","rayon":"Salyan rayonu","rayon_id":"AZE_ADM2_54616110B55207089168458","verification_status":"PROVISIONAL","source_role":"MASTER_GIS","display_rank":1307,"lon":49.077333,"lat":39.709504},"geometry":{"type":"Point","coordinates":[49.077333200000005,39.7095039]}},{"type":"Feature","properties":{"poi_id":"OSM_cultural_8312827199","label":"Yeraltı hamam 19-cu əsr","name_az":"Yeraltı hamam 19-cu əsr","thesis_group":"HISTORICAL_CULTURAL","thesis_subtype":"manor","icon_id":"cultural_historic","name_quality":"NAMED","rayon":"Şəki şəhəri","rayon_id":"AZE_ADM2_54616110B24616396985677","verification_status":"PROVISIONAL","source_role":"MASTER_GIS","display_rank":713,"lon":47.181167,"lat":41.203016},"geometry":{"type":"Point","coordinates":[47.1811671,41.2030163]}},{"type":"Feature","properties":{"poi_id":"OSM_cultural_2131953087","label":"Yevlax Abidəsi","name_az":"Yevlax Abidəsi","thesis_group":"HISTORICAL_CULTURAL","thesis_subtype":"monument","icon_id":"cultural_monument","name_quality":"NAMED","rayon":"Yevlax şəhəri","rayon_id":"AZE_ADM2_54616110B78344971255813","verification_status":"PROVISIONAL","source_role":"MASTER_GIS","display_rank":42,"lon":47.144329,"lat":40.599217},"geometry":{"type":"Point","coordinates":[47.144329400000004,40.599217100000004]}},{"type":"Feature","properties":{"poi_id":"OSM_cultural_13975496399","label":"Yolüstü Məscid","name_az":"Yolüstü Məscid","thesis_group":"HISTORICAL_CULTURAL","thesis_subtype":"place_of_worship","icon_id":"cultural_historic","name_quality":"NAMED","rayon":"Salyan rayonu","rayon_id":"AZE_ADM2_54616110B55207089168458","verification_status":"PROVISIONAL","source_role":"MASTER_GIS","display_rank":1365,"lon":48.822215,"lat":39.533664},"geometry":{"type":"Point","coordinates":[48.822214900000006,39.533664]}},{"type":"Feature","properties":{"poi_id":"OSM_cultural_8361990785","label":"Yurd Məscidi","name_az":"Yurd Məscidi","thesis_group":"HISTORICAL_CULTURAL","thesis_subtype":"place_of_worship","icon_id":"cultural_historic","name_quality":"NAMED","rayon":"Hacıqabul rayonu","rayon_id":"AZE_ADM2_54616110B48173541517146","verification_status":"PROVISIONAL","source_role":"MASTER_GIS","display_rank":722,"lon":49.210725,"lat":39.978174},"geometry":{"type":"Point","coordinates":[49.2107248,39.9781745]}},{"type":"Feature","properties":{"poi_id":"OSM_cultural_7851404843","label":"Yurd Məscidi \\ Kiçik Pirəli","name_az":"Yurd Məscidi \\ Kiçik Pirəli","thesis_group":"HISTORICAL_CULTURAL","thesis_subtype":"place_of_worship","icon_id":"cultural_historic","name_quality":"NAMED","rayon":"Qəbələ rayonu","rayon_id":"AZE_ADM2_54616110B33746839775993","verification_status":"PROVISIONAL","source_role":"MASTER_GIS","display_rank":593,"lon":47.764703,"lat":40.915564},"geometry":{"type":"Point","coordinates":[47.764703000000004,40.9155638]}},{"type":"Feature","properties":{"poi_id":"OSM_cultural_8176683373","label":"Yurd Məscidi \\ Sumaylı","name_az":"Yurd Məscidi \\ Sumaylı","thesis_group":"HISTORICAL_CULTURAL","thesis_subtype":"place_of_worship","icon_id":"cultural_historic","name_quality":"NAMED","rayon":"Zaqatala rayonu","rayon_id":"AZE_ADM2_54616110B4759617374649","verification_status":"PROVISIONAL","source_role":"MASTER_GIS","display_rank":677,"lon":46.572713,"lat":41.617939},"geometry":{"type":"Point","coordinates":[46.572713300000004,41.617938800000005]}},{"type":"Feature","properties":{"poi_id":"OSM_cultural_6253279390","label":"Yusif Məmmədəliyev","name_az":"Yusif Məmmədəliyev","thesis_group":"HISTORICAL_CULTURAL","thesis_subtype":"memorial","icon_id":"cultural_historic","name_quality":"NAMED","rayon":"Şamaxı rayonu","rayon_id":"AZE_ADM2_54616110B16651088424667","verification_status":"PROVISIONAL","source_role":"MASTER_GIS","display_rank":334,"lon":48.598003,"lat":40.783222},"geometry":{"type":"Point","coordinates":[48.5980032,40.7832225]}},{"type":"Feature","properties":{"poi_id":"OSM_cultural_13603707796","label":"Yusif Qasımov heykəli","name_az":"Yusif Qasımov heykəli","thesis_group":"HISTORICAL_CULTURAL","thesis_subtype":"memorial","icon_id":"cultural_historic","name_quality":"NAMED","rayon":"Salyan rayonu","rayon_id":"AZE_ADM2_54616110B55207089168458","verification_status":"PROVISIONAL","source_role":"MASTER_GIS","display_rank":1331,"lon":48.974646,"lat":39.589024},"geometry":{"type":"Point","coordinates":[48.9746462,39.5890239]}},{"type":"Feature","properties":{"poi_id":"OSM_cultural_4494669091","label":"Yusuf Məmmədəliyev","name_az":"Yusuf Məmmədəliyev","thesis_group":"HISTORICAL_CULTURAL","thesis_subtype":"monument","icon_id":"cultural_monument","name_quality":"NAMED","rayon":"Bakı şəhəri","rayon_id":"AZE_ADM2_54616110B61947743987915","verification_status":"PROVISIONAL","source_role":"MASTER_GIS","display_rank":213,"lon":49.872229,"lat":40.38246},"geometry":{"type":"Point","coordinates":[49.8722287,40.3824601]}},{"type":"Feature","properties":{"poi_id":"OSM_cultural_10702671063","label":"Yuxarı Gövhər Ağa Məscidi","name_az":"Yuxarı Gövhər Ağa Məscidi","thesis_group":"HISTORICAL_CULTURAL","thesis_subtype":"place_of_worship","icon_id":"cultural_historic","name_quality":"NAMED","rayon":"Xocalı rayonu","rayon_id":"AZE_ADM2_54616110B87325868620163","verification_status":"PROVISIONAL","source_role":"MASTER_GIS","display_rank":935,"lon":46.752592,"lat":39.760106},"geometry":{"type":"Point","coordinates":[46.7525921,39.7601062]}},{"type":"Feature","properties":{"poi_id":"OSM_cultural_7976541514","label":"Yuxarı Karvansara","name_az":"Yuxarı Karvansara","thesis_group":"HISTORICAL_CULTURAL","thesis_subtype":"attraction","icon_id":"cultural_historic","name_quality":"NAMED","rayon":"Şəki şəhəri","rayon_id":"AZE_ADM2_54616110B24616396985677","verification_status":"PROVISIONAL","source_role":"MASTER_GIS","display_rank":625,"lon":47.194064,"lat":41.200961},"geometry":{"type":"Point","coordinates":[47.1940644,41.200960900000005]}},{"type":"Feature","properties":{"poi_id":"OSM_cultural_13953629383","label":"Yuxarı Məhlə Sinaqoqu","name_az":"Yuxarı Məhlə Sinaqoqu","thesis_group":"HISTORICAL_CULTURAL","thesis_subtype":"place_of_worship","icon_id":"cultural_historic","name_quality":"NAMED","rayon":"Oğuz rayonu","rayon_id":"AZE_ADM2_54616110B99657283459996","verification_status":"PROVISIONAL","source_role":"MASTER_GIS","display_rank":1357,"lon":47.459354,"lat":41.067439},"geometry":{"type":"Point","coordinates":[47.4593537,41.067439400000005]}},{"type":"Feature","properties":{"poi_id":"OSM_cultural_7728400972","label":"Yuxarı Məscid","name_az":"Yuxarı Məscid","thesis_group":"HISTORICAL_CULTURAL","thesis_subtype":"place_of_worship","icon_id":"cultural_historic","name_quality":"NAMED","rayon":"Xaçmaz rayonu","rayon_id":"AZE_ADM2_54616110B89497242950609","verification_status":"PROVISIONAL","source_role":"MASTER_GIS","display_rank":492,"lon":48.822113,"lat":41.459011},"geometry":{"type":"Point","coordinates":[48.822113,41.459010500000005]}},{"type":"Feature","properties":{"poi_id":"OSM_cultural_10602235695","label":"Yuxarı Məscid","name_az":"Yuxarı Məscid","thesis_group":"HISTORICAL_CULTURAL","thesis_subtype":"place_of_worship","icon_id":"cultural_historic","name_quality":"NAMED","rayon":"Bakı şəhəri","rayon_id":"AZE_ADM2_54616110B61947743987915","verification_status":"PROVISIONAL","source_role":"MASTER_GIS","display_rank":919,"lon":50.036844,"lat":40.567014},"geometry":{"type":"Point","coordinates":[50.0368439,40.5670141]}},{"type":"Feature","properties":{"poi_id":"OSM_cultural_7792161202","label":"Yuxarı Məscid \\ Pirəbülqasım","name_az":"Yuxarı Məscid \\ Pirəbülqasım","thesis_group":"HISTORICAL_CULTURAL","thesis_subtype":"place_of_worship","icon_id":"cultural_historic","name_quality":"NAMED","rayon":"İsmayıllı rayonu","rayon_id":"AZE_ADM2_54616110B45290451128830","verification_status":"PROVISIONAL","source_role":"MASTER_GIS","display_rank":549,"lon":48.349773,"lat":40.694751},"geometry":{"type":"Point","coordinates":[48.3497733,40.6947509]}},{"type":"Feature","properties":{"poi_id":"OSM_cultural_11860774010","label":"Yuxarı Ocaqlı Məscidi \\ Ağdam Tovuz","name_az":"Yuxarı Ocaqlı Məscidi \\ Ağdam Tovuz","thesis_group":"HISTORICAL_CULTURAL","thesis_subtype":"place_of_worship","icon_id":"cultural_historic","name_quality":"NAMED","rayon":"Tovuz rayonu","rayon_id":"AZE_ADM2_54616110B84187356839814","verification_status":"PROVISIONAL","source_role":"MASTER_GIS","display_rank":1095,"lon":45.564015,"lat":40.919261},"geometry":{"type":"Point","coordinates":[45.564014900000004,40.9192607]}},{"type":"Feature","properties":{"poi_id":"OSM_cultural_4788067309","label":"Yuxarı Ərəkit Zəvro Məscidi","name_az":"Yuxarı Ərəkit Zəvro Məscidi","thesis_group":"HISTORICAL_CULTURAL","thesis_subtype":"place_of_worship","icon_id":"cultural_historic","name_quality":"NAMED","rayon":"İsmayıllı rayonu","rayon_id":"AZE_ADM2_54616110B45290451128830","verification_status":"PROVISIONAL","source_role":"MASTER_GIS","display_rank":230,"lon":48.390845,"lat":40.850719},"geometry":{"type":"Point","coordinates":[48.3908446,40.8507186]}},{"type":"Feature","properties":{"poi_id":"OSM_cultural_8170823221","label":"Zabitlər Evi","name_az":"Zabitlər Evi","thesis_group":"HISTORICAL_CULTURAL","thesis_subtype":"manor","icon_id":"cultural_historic","name_quality":"NAMED","rayon":"Zaqatala rayonu","rayon_id":"AZE_ADM2_54616110B4759617374649","verification_status":"PROVISIONAL","source_role":"MASTER_GIS","display_rank":671,"lon":46.648907,"lat":41.637463},"geometry":{"type":"Point","coordinates":[46.648906800000006,41.637462500000005]}},{"type":"Feature","properties":{"poi_id":"OSM_cultural_10702671050","label":"Zabux Məscidi","name_az":"Zabux Məscidi","thesis_group":"HISTORICAL_CULTURAL","thesis_subtype":"place_of_worship","icon_id":"cultural_historic","name_quality":"NAMED","rayon":"Laçın rayonu","rayon_id":"AZE_ADM2_54616110B46945931752574","verification_status":"PROVISIONAL","source_role":"MASTER_GIS","display_rank":932,"lon":46.54271,"lat":39.591332},"geometry":{"type":"Point","coordinates":[46.542709900000006,39.591332400000006]}},{"type":"Feature","properties":{"poi_id":"OSM_cultural_8170741005","label":"Zagatala Mərkəzi Məscidi","name_az":"Zagatala Mərkəzi Məscidi","thesis_group":"HISTORICAL_CULTURAL","thesis_subtype":"place_of_worship","icon_id":"cultural_historic","name_quality":"NAMED","rayon":"Zaqatala rayonu","rayon_id":"AZE_ADM2_54616110B4759617374649","verification_status":"PROVISIONAL","source_role":"MASTER_GIS","display_rank":666,"lon":46.641402,"lat":41.631827},"geometry":{"type":"Point","coordinates":[46.641401900000005,41.631827300000005]}},{"type":"Feature","properties":{"poi_id":"OSM_cultural_8170724453","label":"Zagatala Şöhrət Muzeyi","name_az":"Zagatala Şöhrət Muzeyi","thesis_group":"HISTORICAL_CULTURAL","thesis_subtype":"museum","icon_id":"cultural_museum","name_quality":"NAMED","rayon":"Zaqatala rayonu","rayon_id":"AZE_ADM2_54616110B4759617374649","verification_status":"PROVISIONAL","source_role":"MASTER_GIS","display_rank":664,"lon":46.65229,"lat":41.632642},"geometry":{"type":"Point","coordinates":[46.652290300000004,41.6326423]}},{"type":"Feature","properties":{"poi_id":"OSM_cultural_8215104951","label":"Zeynəbxanım Məscidi","name_az":"Zeynəbxanım Məscidi","thesis_group":"HISTORICAL_CULTURAL","thesis_subtype":"place_of_worship","icon_id":"cultural_historic","name_quality":"NAMED","rayon":"Zaqatala rayonu","rayon_id":"AZE_ADM2_54616110B4759617374649","verification_status":"PROVISIONAL","source_role":"MASTER_GIS","display_rank":701,"lon":46.349242,"lat":41.543425},"geometry":{"type":"Point","coordinates":[46.3492423,41.543425]}},{"type":"Feature","properties":{"poi_id":"OSM_cultural_10749285000","label":"Zirə Cümə Məscidi","name_az":"Zirə Cümə Məscidi","thesis_group":"HISTORICAL_CULTURAL","thesis_subtype":"place_of_worship","icon_id":"cultural_historic","name_quality":"NAMED","rayon":"Bakı şəhəri","rayon_id":"AZE_ADM2_54616110B61947743987915","verification_status":"PROVISIONAL","source_role":"MASTER_GIS","display_rank":951,"lon":50.296641,"lat":40.364298},"geometry":{"type":"Point","coordinates":[50.296641300000005,40.364297900000004]}},{"type":"Feature","properties":{"poi_id":"OSM_cultural_10749284865","label":"Zirə Məscidi","name_az":"Zirə Məscidi","thesis_group":"HISTORICAL_CULTURAL","thesis_subtype":"place_of_worship","icon_id":"cultural_historic","name_quality":"NAMED","rayon":"Bakı şəhəri","rayon_id":"AZE_ADM2_54616110B61947743987915","verification_status":"PROVISIONAL","source_role":"MASTER_GIS","display_rank":949,"lon":50.292701,"lat":40.376865},"geometry":{"type":"Point","coordinates":[50.2927011,40.3768654]}},{"type":"Feature","properties":{"poi_id":"OSM_cultural_10746701725","label":"Zirə Xalça Muzeyi","name_az":"Zirə Xalça Muzeyi","thesis_group":"HISTORICAL_CULTURAL","thesis_subtype":"museum","icon_id":"cultural_museum","name_quality":"NAMED","rayon":"Bakı şəhəri","rayon_id":"AZE_ADM2_54616110B61947743987915","verification_status":"PROVISIONAL","source_role":"MASTER_GIS","display_rank":948,"lon":50.300206,"lat":40.404759},"geometry":{"type":"Point","coordinates":[50.3002059,40.404759000000006]}},{"type":"Feature","properties":{"poi_id":"OSM_cultural_11878621828","label":"Zivərbəy Ənmədbəyov","name_az":"Zivərbəy Ənmədbəyov","thesis_group":"HISTORICAL_CULTURAL","thesis_subtype":"memorial","icon_id":"cultural_historic","name_quality":"NAMED","rayon":"Bakı şəhəri","rayon_id":"AZE_ADM2_54616110B61947743987915","verification_status":"PROVISIONAL","source_role":"MASTER_GIS","display_rank":1097,"lon":49.830102,"lat":40.379435},"geometry":{"type":"Point","coordinates":[49.8301023,40.3794352]}},{"type":"Feature","properties":{"poi_id":"OSM_cultural_4901447600","label":"Ziyadalı Qalası \\ Atabəy","name_az":"Ziyadalı Qalası \\ Atabəy","thesis_group":"HISTORICAL_CULTURAL","thesis_subtype":"attraction","icon_id":"cultural_historic","name_quality":"NAMED","rayon":"Şəmkir rayonu","rayon_id":"AZE_ADM2_54616110B57585842497805","verification_status":"PROVISIONAL","source_role":"MASTER_GIS","display_rank":242,"lon":45.836229,"lat":40.745608},"geometry":{"type":"Point","coordinates":[45.8362287,40.745608100000005]}},{"type":"Feature","properties":{"poi_id":"OSM_cultural_13534713795","label":"Ziyarətgah Məscidi Ərəbqardaşbəyli","name_az":"Ziyarətgah Məscidi Ərəbqardaşbəyli","thesis_group":"HISTORICAL_CULTURAL","thesis_subtype":"place_of_worship","icon_id":"cultural_historic","name_quality":"NAMED","rayon":"Neftçala rayonu","rayon_id":"AZE_ADM2_54616110B40961788089107","verification_status":"PROVISIONAL","source_role":"MASTER_GIS","display_rank":1315,"lon":49.005941,"lat":39.509142},"geometry":{"type":"Point","coordinates":[49.005940900000006,39.5091419]}},{"type":"Feature","properties":{"poi_id":"OSM_cultural_3244263848","label":"Ziyarətgah Tut ağacı","name_az":"Ziyarətgah Tut ağacı","thesis_group":"HISTORICAL_CULTURAL","thesis_subtype":"place_of_worship","icon_id":"cultural_historic","name_quality":"NAMED","rayon":"Abşeron rayonu","rayon_id":"AZE_ADM2_54616110B88432173472444","verification_status":"PROVISIONAL","source_role":"MASTER_GIS","display_rank":92,"lon":49.783057,"lat":40.542049},"geometry":{"type":"Point","coordinates":[49.78305700000001,40.542049000000006]}},{"type":"Feature","properties":{"poi_id":"OSM_cultural_8194864089","label":"Zühur Məscidi","name_az":"Zühur Məscidi","thesis_group":"HISTORICAL_CULTURAL","thesis_subtype":"place_of_worship","icon_id":"cultural_historic","name_quality":"NAMED","rayon":"Balakən rayonu","rayon_id":"AZE_ADM2_54616110B63924922129682","verification_status":"PROVISIONAL","source_role":"MASTER_GIS","display_rank":692,"lon":46.388175,"lat":41.62293},"geometry":{"type":"Point","coordinates":[46.388174600000006,41.6229296]}},{"type":"Feature","properties":{"poi_id":"OSM_cultural_8059987149","label":"Zümrüd Məscidi","name_az":"Zümrüd Məscidi","thesis_group":"HISTORICAL_CULTURAL","thesis_subtype":"place_of_worship","icon_id":"cultural_historic","name_quality":"NAMED","rayon":"Qax rayonu","rayon_id":"AZE_ADM2_54616110B49356278605879","verification_status":"PROVISIONAL","source_role":"MASTER_GIS","display_rank":640,"lon":46.903879,"lat":41.4275},"geometry":{"type":"Point","coordinates":[46.9038789,41.4275001]}},{"type":"Feature","properties":{"poi_id":"OSM_cultural_3755614408","label":"ZƏRİFƏ ƏLİYEVA","name_az":"ZƏRİFƏ ƏLİYEVA","thesis_group":"HISTORICAL_CULTURAL","thesis_subtype":"memorial","icon_id":"cultural_historic","name_quality":"NAMED","rayon":"Bakı şəhəri","rayon_id":"AZE_ADM2_54616110B61947743987915","verification_status":"PROVISIONAL","source_role":"MASTER_GIS","display_rank":170,"lon":49.820086,"lat":40.361841},"geometry":{"type":"Point","coordinates":[49.820086200000006,40.3618414]}},{"type":"Feature","properties":{"poi_id":"OSM_cultural_8170873265","label":"Zəhmət Məscidi \\ Qazangül","name_az":"Zəhmət Məscidi \\ Qazangül","thesis_group":"HISTORICAL_CULTURAL","thesis_subtype":"place_of_worship","icon_id":"cultural_historic","name_quality":"NAMED","rayon":"Zaqatala rayonu","rayon_id":"AZE_ADM2_54616110B4759617374649","verification_status":"PROVISIONAL","source_role":"MASTER_GIS","display_rank":672,"lon":46.608602,"lat":41.632818},"geometry":{"type":"Point","coordinates":[46.6086025,41.632817700000004]}},{"type":"Feature","properties":{"poi_id":"OSM_cultural_7705854285","label":"Zəhmətkeşlər Məscidi","name_az":"Zəhmətkeşlər Məscidi","thesis_group":"HISTORICAL_CULTURAL","thesis_subtype":"place_of_worship","icon_id":"cultural_historic","name_quality":"NAMED","rayon":"Quba rayonu","rayon_id":"AZE_ADM2_54616110B77048085748362","verification_status":"PROVISIONAL","source_role":"MASTER_GIS","display_rank":463,"lon":48.183283,"lat":41.176094},"geometry":{"type":"Point","coordinates":[48.183283200000005,41.1760941]}},{"type":"Feature","properties":{"poi_id":"OSM_cultural_10606591447","label":"Zəhra Xanım Məscidi","name_az":"Zəhra Xanım Məscidi","thesis_group":"HISTORICAL_CULTURAL","thesis_subtype":"place_of_worship","icon_id":"cultural_historic","name_quality":"NAMED","rayon":"Bakı şəhəri","rayon_id":"AZE_ADM2_54616110B61947743987915","verification_status":"PROVISIONAL","source_role":"MASTER_GIS","display_rank":922,"lon":50.035149,"lat":40.570281},"geometry":{"type":"Point","coordinates":[50.0351487,40.570281200000004]}},{"type":"Feature","properties":{"poi_id":"OSM_cultural_10096218228","label":"Zəngilan məscidi","name_az":"Zəngilan məscidi","thesis_group":"HISTORICAL_CULTURAL","thesis_subtype":"place_of_worship","icon_id":"cultural_historic","name_quality":"NAMED","rayon":"Zəngilan rayonu","rayon_id":"AZE_ADM2_54616110B64107713492867","verification_status":"PROVISIONAL","source_role":"MASTER_GIS","display_rank":874,"lon":46.658234,"lat":39.081455},"geometry":{"type":"Point","coordinates":[46.6582342,39.0814553]}},{"type":"Feature","properties":{"poi_id":"OSM_cultural_2027518063","label":"Zərifə Əliyevanın heykəli","name_az":"Zərifə Əliyevanın heykəli","thesis_group":"HISTORICAL_CULTURAL","thesis_subtype":"monument","icon_id":"cultural_monument","name_quality":"NAMED","rayon":"Bakı şəhəri","rayon_id":"AZE_ADM2_54616110B61947743987915","verification_status":"PROVISIONAL","source_role":"MASTER_GIS","display_rank":33,"lon":49.820115,"lat":40.422244},"geometry":{"type":"Point","coordinates":[49.8201149,40.4222435]}},{"type":"Feature","properties":{"poi_id":"OSM_cultural_8554942382","label":"Zərzər Məscid \\ Tubukənd","name_az":"Zərzər Məscid \\ Tubukənd","thesis_group":"HISTORICAL_CULTURAL","thesis_subtype":"place_of_worship","icon_id":"cultural_historic","name_quality":"NAMED","rayon":"İsmayıllı rayonu","rayon_id":"AZE_ADM2_54616110B45290451128830","verification_status":"PROVISIONAL","source_role":"MASTER_GIS","display_rank":744,"lon":48.187025,"lat":40.706224},"geometry":{"type":"Point","coordinates":[48.187024900000004,40.7062237]}},{"type":"Feature","properties":{"poi_id":"OSM_cultural_11577443563","label":"Zəyəm Cırdaxan Məscidi","name_az":"Zəyəm Cırdaxan Məscidi","thesis_group":"HISTORICAL_CULTURAL","thesis_subtype":"place_of_worship","icon_id":"cultural_historic","name_quality":"NAMED","rayon":"Şəmkir rayonu","rayon_id":"AZE_ADM2_54616110B57585842497805","verification_status":"PROVISIONAL","source_role":"MASTER_GIS","display_rank":1075,"lon":45.844343,"lat":40.888479},"geometry":{"type":"Point","coordinates":[45.844343300000006,40.8884792]}},{"type":"Feature","properties":{"poi_id":"OSM_cultural_8155111269","label":"Zəyəm Məscidi","name_az":"Zəyəm Məscidi","thesis_group":"HISTORICAL_CULTURAL","thesis_subtype":"place_of_worship","icon_id":"cultural_historic","name_quality":"NAMED","rayon":"Zaqatala rayonu","rayon_id":"AZE_ADM2_54616110B4759617374649","verification_status":"PROVISIONAL","source_role":"MASTER_GIS","display_rank":660,"lon":46.663082,"lat":41.623802},"geometry":{"type":"Point","coordinates":[46.663082200000005,41.6238018]}},{"type":"Feature","properties":{"poi_id":"OSM_cultural_13125427823","label":"Çadırlı Məscidi","name_az":"Çadırlı Məscidi","thesis_group":"HISTORICAL_CULTURAL","thesis_subtype":"place_of_worship","icon_id":"cultural_historic","name_quality":"NAMED","rayon":"Salyan rayonu","rayon_id":"AZE_ADM2_54616110B55207089168458","verification_status":"PROVISIONAL","source_role":"MASTER_GIS","display_rank":1291,"lon":48.946897,"lat":39.823188},"geometry":{"type":"Point","coordinates":[48.946897400000005,39.823188300000005]}},{"type":"Feature","properties":{"poi_id":"OSM_cultural_12442276700","label":"Çapağan Məscidi","name_az":"Çapağan Məscidi","thesis_group":"HISTORICAL_CULTURAL","thesis_subtype":"place_of_worship","icon_id":"cultural_historic","name_quality":"NAMED","rayon":"Şəki rayonu","rayon_id":"AZE_ADM2_54616110B25010354244926","verification_status":"PROVISIONAL","source_role":"MASTER_GIS","display_rank":1188,"lon":47.21481,"lat":41.071383},"geometry":{"type":"Point","coordinates":[47.21481,41.0713826]}},{"type":"Feature","properties":{"poi_id":"OSM_cultural_5834968821","label":"Çarekvəng monastırı","name_az":"Çarekvəng monastırı","thesis_group":"HISTORICAL_CULTURAL","thesis_subtype":"yes","icon_id":"cultural_historic","name_quality":"NAMED","rayon":"Gədəbəy rayonu","rayon_id":"AZE_ADM2_54616110B46799199998097","verification_status":"PROVISIONAL","source_role":"MASTER_GIS","display_rank":284,"lon":45.885446,"lat":40.53342},"geometry":{"type":"Point","coordinates":[45.885446200000004,40.533420400000004]}},{"type":"Feature","properties":{"poi_id":"OSM_cultural_8199378254","label":"Çayqırağı Məscid","name_az":"Çayqırağı Məscid","thesis_group":"HISTORICAL_CULTURAL","thesis_subtype":"place_of_worship","icon_id":"cultural_historic","name_quality":"NAMED","rayon":"Balakən rayonu","rayon_id":"AZE_ADM2_54616110B63924922129682","verification_status":"PROVISIONAL","source_role":"MASTER_GIS","display_rank":696,"lon":46.293522,"lat":41.716619},"geometry":{"type":"Point","coordinates":[46.293522100000004,41.716619]}},{"type":"Feature","properties":{"poi_id":"OSM_cultural_7722167097","label":"Çayyolu Məscidi","name_az":"Çayyolu Məscidi","thesis_group":"HISTORICAL_CULTURAL","thesis_subtype":"place_of_worship","icon_id":"cultural_historic","name_quality":"NAMED","rayon":"Xaçmaz rayonu","rayon_id":"AZE_ADM2_54616110B89497242950609","verification_status":"PROVISIONAL","source_role":"MASTER_GIS","display_rank":480,"lon":48.790788,"lat":41.474527},"geometry":{"type":"Point","coordinates":[48.7907875,41.4745268]}},{"type":"Feature","properties":{"poi_id":"OSM_cultural_12128487456","label":"Çingiz Ağanın Evi","name_az":"Çingiz Ağanın Evi","thesis_group":"HISTORICAL_CULTURAL","thesis_subtype":"museum","icon_id":"cultural_museum","name_quality":"NAMED","rayon":"Qazax rayonu","rayon_id":"AZE_ADM2_54616110B43488292017990","verification_status":"PROVISIONAL","source_role":"MASTER_GIS","display_rank":1142,"lon":45.358221,"lat":41.092688},"geometry":{"type":"Point","coordinates":[45.3582211,41.0926879]}},{"type":"Feature","properties":{"poi_id":"OSM_cultural_11844204807","label":"Çobankol kənd məscidi","name_az":"Çobankol kənd məscidi","thesis_group":"HISTORICAL_CULTURAL","thesis_subtype":"place_of_worship","icon_id":"cultural_historic","name_quality":"NAMED","rayon":"Zaqatala rayonu","rayon_id":"AZE_ADM2_54616110B4759617374649","verification_status":"PROVISIONAL","source_role":"MASTER_GIS","display_rank":1093,"lon":46.700842,"lat":41.538085},"geometry":{"type":"Point","coordinates":[46.7008421,41.538084600000005]}},{"type":"Feature","properties":{"poi_id":"OSM_cultural_13324823520","label":"Çuxanlı Məscidi","name_az":"Çuxanlı Məscidi","thesis_group":"HISTORICAL_CULTURAL","thesis_subtype":"place_of_worship","icon_id":"cultural_historic","name_quality":"NAMED","rayon":"Salyan rayonu","rayon_id":"AZE_ADM2_54616110B55207089168458","verification_status":"PROVISIONAL","source_role":"MASTER_GIS","display_rank":1301,"lon":48.968846,"lat":39.651097},"geometry":{"type":"Point","coordinates":[48.968845900000005,39.6510972]}},{"type":"Feature","properties":{"poi_id":"OSM_cultural_6005243587","label":"Çuxur Qəbələ muzeyi","name_az":"Çuxur Qəbələ muzeyi","thesis_group":"HISTORICAL_CULTURAL","thesis_subtype":"museum","icon_id":"cultural_museum","name_quality":"NAMED","rayon":"Qəbələ rayonu","rayon_id":"AZE_ADM2_54616110B33746839775993","verification_status":"PROVISIONAL","source_role":"MASTER_GIS","display_rank":324,"lon":47.706069,"lat":40.890783},"geometry":{"type":"Point","coordinates":[47.7060692,40.8907827]}},{"type":"Feature","properties":{"poi_id":"OSM_cultural_10702671061","label":"Çöl Qala Məscidi","name_az":"Çöl Qala Məscidi","thesis_group":"HISTORICAL_CULTURAL","thesis_subtype":"place_of_worship","icon_id":"cultural_historic","name_quality":"NAMED","rayon":"Xocalı rayonu","rayon_id":"AZE_ADM2_54616110B87325868620163","verification_status":"PROVISIONAL","source_role":"MASTER_GIS","display_rank":933,"lon":46.753741,"lat":39.76426},"geometry":{"type":"Point","coordinates":[46.7537414,39.7642602]}},{"type":"Feature","properties":{"poi_id":"OSM_cultural_6328918986","label":"Çıldağ","name_az":"Çıldağ","thesis_group":"HISTORICAL_CULTURAL","thesis_subtype":"monument","icon_id":"cultural_monument","name_quality":"NAMED","rayon":"Bakı şəhəri","rayon_id":"AZE_ADM2_54616110B61947743987915","verification_status":"PROVISIONAL","source_role":"MASTER_GIS","display_rank":339,"lon":50.000257,"lat":40.535335},"geometry":{"type":"Point","coordinates":[50.0002573,40.535335100000005]}},{"type":"Feature","properties":{"poi_id":"OSM_cultural_7696068969","label":"Çəhrayı Məscid","name_az":"Çəhrayı Məscid","thesis_group":"HISTORICAL_CULTURAL","thesis_subtype":"place_of_worship","icon_id":"cultural_historic","name_quality":"NAMED","rayon":"Qusar rayonu","rayon_id":"AZE_ADM2_54616110B21517829058101","verification_status":"PROVISIONAL","source_role":"MASTER_GIS","display_rank":449,"lon":48.176583,"lat":41.431098},"geometry":{"type":"Point","coordinates":[48.176583,41.431097900000005]}},{"type":"Feature","properties":{"poi_id":"OSM_cultural_8089156694","label":"Çəhrayı Məscid","name_az":"Çəhrayı Məscid","thesis_group":"HISTORICAL_CULTURAL","thesis_subtype":"place_of_worship","icon_id":"cultural_historic","name_quality":"NAMED","rayon":"Zaqatala rayonu","rayon_id":"AZE_ADM2_54616110B4759617374649","verification_status":"PROVISIONAL","source_role":"MASTER_GIS","display_rank":654,"lon":46.707706,"lat":41.56925},"geometry":{"type":"Point","coordinates":[46.707706200000004,41.5692504]}},{"type":"Feature","properties":{"poi_id":"OSM_cultural_10016868172","label":"Öküz abidəsi","name_az":"Öküz abidəsi","thesis_group":"HISTORICAL_CULTURAL","thesis_subtype":"monument","icon_id":"cultural_monument","name_quality":"NAMED","rayon":"Bakı şəhəri","rayon_id":"AZE_ADM2_54616110B61947743987915","verification_status":"PROVISIONAL","source_role":"MASTER_GIS","display_rank":859,"lon":49.997688,"lat":40.394447},"geometry":{"type":"Point","coordinates":[49.997687600000006,40.394446800000004]}},{"type":"Feature","properties":{"poi_id":"OSM_cultural_4434691492","label":"Ömər Əfəndi məscidi","name_az":"Ömər Əfəndi məscidi","thesis_group":"HISTORICAL_CULTURAL","thesis_subtype":"attraction","icon_id":"cultural_historic","name_quality":"NAMED","rayon":"Şəki şəhəri","rayon_id":"AZE_ADM2_54616110B24616396985677","verification_status":"PROVISIONAL","source_role":"MASTER_GIS","display_rank":205,"lon":47.187766,"lat":41.200477},"geometry":{"type":"Point","coordinates":[47.187765600000006,41.2004767]}},{"type":"Feature","properties":{"poi_id":"OSM_cultural_5956501488","label":"Ümid Qəsəbə Məscidi","name_az":"Ümid Qəsəbə Məscidi","thesis_group":"HISTORICAL_CULTURAL","thesis_subtype":"place_of_worship","icon_id":"cultural_historic","name_quality":"NAMED","rayon":"Bakı şəhəri","rayon_id":"AZE_ADM2_54616110B61947743987915","verification_status":"PROVISIONAL","source_role":"MASTER_GIS","display_rank":305,"lon":49.508041,"lat":40.19766},"geometry":{"type":"Point","coordinates":[49.5080408,40.1976597]}},{"type":"Feature","properties":{"poi_id":"OSM_cultural_12444913638","label":"Ümmət Məscidi \\ Qobuüstü","name_az":"Ümmət Məscidi \\ Qobuüstü","thesis_group":"HISTORICAL_CULTURAL","thesis_subtype":"place_of_worship","icon_id":"cultural_historic","name_quality":"NAMED","rayon":"Ağdaş rayonu","rayon_id":"AZE_ADM2_54616110B75800990015815","verification_status":"PROVISIONAL","source_role":"MASTER_GIS","display_rank":1199,"lon":47.313887,"lat":40.714944},"geometry":{"type":"Point","coordinates":[47.313886700000005,40.7149439]}},{"type":"Feature","properties":{"poi_id":"OSM_cultural_12442278783","label":"Ümrə Məscidi \\ Dərəcənnət","name_az":"Ümrə Məscidi \\ Dərəcənnət","thesis_group":"HISTORICAL_CULTURAL","thesis_subtype":"place_of_worship","icon_id":"cultural_historic","name_quality":"NAMED","rayon":"Şəki rayonu","rayon_id":"AZE_ADM2_54616110B25010354244926","verification_status":"PROVISIONAL","source_role":"MASTER_GIS","display_rank":1195,"lon":47.163943,"lat":40.957034},"geometry":{"type":"Point","coordinates":[47.163943200000006,40.957033900000006]}},{"type":"Feature","properties":{"poi_id":"OSM_cultural_5268555852","label":"Üzeyir Hacıbəylinin ev-muzeyi","name_az":"Üzeyir Hacıbəylinin ev-muzeyi","thesis_group":"HISTORICAL_CULTURAL","thesis_subtype":"museum","icon_id":"cultural_museum","name_quality":"NAMED","rayon":"Bakı şəhəri","rayon_id":"AZE_ADM2_54616110B61947743987915","verification_status":"PROVISIONAL","source_role":"MASTER_GIS","display_rank":259,"lon":49.830018,"lat":40.377551},"geometry":{"type":"Point","coordinates":[49.830017600000005,40.3775514]}},{"type":"Feature","properties":{"poi_id":"OSM_cultural_2041604165","label":"Üzeyir Hacıbəyovun heykəli","name_az":"Üzeyir Hacıbəyovun heykəli","thesis_group":"HISTORICAL_CULTURAL","thesis_subtype":"memorial","icon_id":"cultural_historic","name_quality":"NAMED","rayon":"Bakı şəhəri","rayon_id":"AZE_ADM2_54616110B61947743987915","verification_status":"PROVISIONAL","source_role":"MASTER_GIS","display_rank":35,"lon":49.844453,"lat":40.377603},"geometry":{"type":"Point","coordinates":[49.8444529,40.377602800000005]}},{"type":"Feature","properties":{"poi_id":"OSM_cultural_8450171317","label":"İbadətxana","name_az":"İbadətxana","thesis_group":"HISTORICAL_CULTURAL","thesis_subtype":"place_of_worship","icon_id":"cultural_historic","name_quality":"NAMED","rayon":"Xocalı rayonu","rayon_id":"AZE_ADM2_54616110B87325868620163","verification_status":"PROVISIONAL","source_role":"MASTER_GIS","display_rank":734,"lon":46.791806,"lat":39.911399},"geometry":{"type":"Point","coordinates":[46.7918065,39.9113987]}},{"type":"Feature","properties":{"poi_id":"OSM_cultural_7705854286","label":"İcra Nümayəndəliyi","name_az":"İcra Nümayəndəliyi","thesis_group":"HISTORICAL_CULTURAL","thesis_subtype":"place_of_worship","icon_id":"cultural_historic","name_quality":"NAMED","rayon":"Quba rayonu","rayon_id":"AZE_ADM2_54616110B77048085748362","verification_status":"PROVISIONAL","source_role":"MASTER_GIS","display_rank":464,"lon":48.18151,"lat":41.17622},"geometry":{"type":"Point","coordinates":[48.18151030000001,41.176220300000004]}},{"type":"Feature","properties":{"poi_id":"OSM_cultural_3517356687","label":"İki Kümbəz Məscidi","name_az":"İki Kümbəz Məscidi","thesis_group":"HISTORICAL_CULTURAL","thesis_subtype":"place_of_worship","icon_id":"cultural_historic","name_quality":"NAMED","rayon":"Bakı şəhəri","rayon_id":"AZE_ADM2_54616110B61947743987915","verification_status":"PROVISIONAL","source_role":"MASTER_GIS","display_rank":137,"lon":49.985397,"lat":40.422002},"geometry":{"type":"Point","coordinates":[49.985397000000006,40.422001800000004]}},{"type":"Feature","properties":{"poi_id":"OSM_cultural_7695903854","label":"İkimərtəbəli Məscid","name_az":"İkimərtəbəli Məscid","thesis_group":"HISTORICAL_CULTURAL","thesis_subtype":"place_of_worship","icon_id":"cultural_historic","name_quality":"NAMED","rayon":"Qusar rayonu","rayon_id":"AZE_ADM2_54616110B21517829058101","verification_status":"PROVISIONAL","source_role":"MASTER_GIS","display_rank":441,"lon":48.286851,"lat":41.494387},"geometry":{"type":"Point","coordinates":[48.2868513,41.494387]}},{"type":"Feature","properties":{"poi_id":"OSM_cultural_2504284794","label":"İkinci Dünya Müharibəsi Abidəsi","name_az":"İkinci Dünya Müharibəsi Abidəsi","thesis_group":"HISTORICAL_CULTURAL","thesis_subtype":"monument","icon_id":"cultural_monument","name_quality":"NAMED","rayon":"Tovuz rayonu","rayon_id":"AZE_ADM2_54616110B84187356839814","verification_status":"PROVISIONAL","source_role":"MASTER_GIS","display_rank":50,"lon":45.820119,"lat":40.926125},"geometry":{"type":"Point","coordinates":[45.8201191,40.926124800000004]}},{"type":"Feature","properties":{"poi_id":"OSM_cultural_14156337102","label":"İkinci Dünya müharibəsi memorialı","name_az":"İkinci Dünya müharibəsi memorialı","thesis_group":"HISTORICAL_CULTURAL","thesis_subtype":"memorial","icon_id":"cultural_historic","name_quality":"NAMED","rayon":"Zərdab rayonu","rayon_id":"AZE_ADM2_54616110B34042895235078","verification_status":"PROVISIONAL","source_role":"MASTER_GIS","display_rank":1387,"lon":47.70721,"lat":40.209568},"geometry":{"type":"Point","coordinates":[47.70721,40.2095685]}},{"type":"Feature","properties":{"poi_id":"OSM_cultural_12307061001","label":"İkinci dünya müharibəsi iştirakçılarına həsr olunmuş abidə","name_az":"İkinci dünya müharibəsi iştirakçılarına həsr olunmuş abidə","thesis_group":"HISTORICAL_CULTURAL","thesis_subtype":"memorial","icon_id":"cultural_historic","name_quality":"NAMED","rayon":"Astara rayonu","rayon_id":"AZE_ADM2_54616110B5213879595332","verification_status":"PROVISIONAL","source_role":"MASTER_GIS","display_rank":1164,"lon":48.773084,"lat":38.49276},"geometry":{"type":"Point","coordinates":[48.7730836,38.4927599]}},{"type":"Feature","properties":{"poi_id":"OSM_cultural_12154282303","label":"İkinci Şıxlı Məscidi","name_az":"İkinci Şıxlı Məscidi","thesis_group":"HISTORICAL_CULTURAL","thesis_subtype":"place_of_worship","icon_id":"cultural_historic","name_quality":"NAMED","rayon":"Qazax rayonu","rayon_id":"AZE_ADM2_54616110B43488292017990","verification_status":"PROVISIONAL","source_role":"MASTER_GIS","display_rank":1153,"lon":45.106843,"lat":41.304544},"geometry":{"type":"Point","coordinates":[45.106843100000006,41.3045437]}},{"type":"Feature","properties":{"poi_id":"OSM_cultural_7775400578","label":"İlahi Məscid","name_az":"İlahi Məscid","thesis_group":"HISTORICAL_CULTURAL","thesis_subtype":"place_of_worship","icon_id":"cultural_historic","name_quality":"NAMED","rayon":"Ağsu rayonu","rayon_id":"AZE_ADM2_54616110B12323901372431","verification_status":"PROVISIONAL","source_role":"MASTER_GIS","display_rank":534,"lon":48.349505,"lat":40.64223},"geometry":{"type":"Point","coordinates":[48.3495051,40.642229900000004]}},{"type":"Feature","properties":{"poi_id":"OSM_cultural_4396460292","label":"İlahiyyət Məscidi","name_az":"İlahiyyət Məscidi","thesis_group":"HISTORICAL_CULTURAL","thesis_subtype":"place_of_worship","icon_id":"cultural_historic","name_quality":"NAMED","rayon":"Bakı şəhəri","rayon_id":"AZE_ADM2_54616110B61947743987915","verification_status":"PROVISIONAL","source_role":"MASTER_GIS","display_rank":200,"lon":49.807819,"lat":40.375624},"geometry":{"type":"Point","coordinates":[49.8078189,40.375624300000005]}},{"type":"Feature","properties":{"poi_id":"OSM_cultural_6597613885","label":"İlan Dağı Abidəsi","name_az":"İlan Dağı Abidəsi","thesis_group":"HISTORICAL_CULTURAL","thesis_subtype":"monument","icon_id":"cultural_monument","name_quality":"NAMED","rayon":"Babək rayonu","rayon_id":"AZE_ADM2_54616110B53070579367508","verification_status":"PROVISIONAL","source_role":"MASTER_GIS","display_rank":347,"lon":45.43938,"lat":39.192282},"geometry":{"type":"Point","coordinates":[45.43938,39.1922817]}},{"type":"Feature","properties":{"poi_id":"OSM_cultural_9949838211","label":"İlisu Ulu Cümə məscidi","name_az":"İlisu Ulu Cümə məscidi","thesis_group":"HISTORICAL_CULTURAL","thesis_subtype":"place_of_worship","icon_id":"cultural_historic","name_quality":"NAMED","rayon":"Qax rayonu","rayon_id":"AZE_ADM2_54616110B49356278605879","verification_status":"PROVISIONAL","source_role":"MASTER_GIS","display_rank":842,"lon":47.053762,"lat":41.467777},"geometry":{"type":"Point","coordinates":[47.0537621,41.467777000000005]}},{"type":"Feature","properties":{"poi_id":"OSM_cultural_8376300592","label":"İlyas Təpə arxeologiya","name_az":"İlyas Təpə arxeologiya","thesis_group":"HISTORICAL_CULTURAL","thesis_subtype":"archaeological_site","icon_id":"cultural_archaeology","name_quality":"NAMED","rayon":"Şəmkir rayonu","rayon_id":"AZE_ADM2_54616110B57585842497805","verification_status":"PROVISIONAL","source_role":"MASTER_GIS","display_rank":726,"lon":46.258147,"lat":40.897763},"geometry":{"type":"Point","coordinates":[46.2581466,40.897762500000006]}},{"type":"Feature","properties":{"poi_id":"OSM_cultural_7687534976","label":"İmam Bağır məscidi","name_az":"İmam Bağır məscidi","thesis_group":"HISTORICAL_CULTURAL","thesis_subtype":"place_of_worship","icon_id":"cultural_historic","name_quality":"NAMED","rayon":"Quba rayonu","rayon_id":"AZE_ADM2_54616110B77048085748362","verification_status":"PROVISIONAL","source_role":"MASTER_GIS","display_rank":378,"lon":48.687946,"lat":41.43157},"geometry":{"type":"Point","coordinates":[48.687946200000006,41.431570400000005]}},{"type":"Feature","properties":{"poi_id":"OSM_cultural_5153040322","label":"İmam Cəfər Sadiq Məscidi","name_az":"İmam Cəfər Sadiq Məscidi","thesis_group":"HISTORICAL_CULTURAL","thesis_subtype":"place_of_worship","icon_id":"cultural_historic","name_quality":"NAMED","rayon":"Bakı şəhəri","rayon_id":"AZE_ADM2_54616110B61947743987915","verification_status":"PROVISIONAL","source_role":"MASTER_GIS","display_rank":253,"lon":50.066036,"lat":40.495695},"geometry":{"type":"Point","coordinates":[50.066036000000004,40.495694900000004]}},{"type":"Feature","properties":{"poi_id":"OSM_cultural_1760944311","label":"İmam Hüseyn Məscidi","name_az":"İmam Hüseyn Məscidi","thesis_group":"HISTORICAL_CULTURAL","thesis_subtype":"place_of_worship","icon_id":"cultural_historic","name_quality":"NAMED","rayon":"Abşeron rayonu","rayon_id":"AZE_ADM2_54616110B88432173472444","verification_status":"PROVISIONAL","source_role":"MASTER_GIS","display_rank":14,"lon":49.715245,"lat":40.409116},"geometry":{"type":"Point","coordinates":[49.71524530000001,40.4091159]}},{"type":"Feature","properties":{"poi_id":"OSM_cultural_2973269299","label":"İmam Hüseyn Məscidi","name_az":"İmam Hüseyn Məscidi","thesis_group":"HISTORICAL_CULTURAL","thesis_subtype":"place_of_worship","icon_id":"cultural_historic","name_quality":"NAMED","rayon":"Bakı şəhəri","rayon_id":"AZE_ADM2_54616110B61947743987915","verification_status":"PROVISIONAL","source_role":"MASTER_GIS","display_rank":66,"lon":50.211429,"lat":40.365867},"geometry":{"type":"Point","coordinates":[50.211429200000005,40.3658671]}},{"type":"Feature","properties":{"poi_id":"OSM_cultural_7737953330","label":"İmam Hüseyn Məscidi","name_az":"İmam Hüseyn Məscidi","thesis_group":"HISTORICAL_CULTURAL","thesis_subtype":"place_of_worship","icon_id":"cultural_historic","name_quality":"NAMED","rayon":"Şamaxı rayonu","rayon_id":"AZE_ADM2_54616110B16651088424667","verification_status":"PROVISIONAL","source_role":"MASTER_GIS","display_rank":507,"lon":48.607083,"lat":40.592008},"geometry":{"type":"Point","coordinates":[48.607083,40.592007800000005]}},{"type":"Feature","properties":{"poi_id":"OSM_cultural_9834556169","label":"İmam Hüseyn Məscidi","name_az":"İmam Hüseyn Məscidi","thesis_group":"HISTORICAL_CULTURAL","thesis_subtype":"place_of_worship","icon_id":"cultural_historic","name_quality":"NAMED","rayon":"Bakı şəhəri","rayon_id":"AZE_ADM2_54616110B61947743987915","verification_status":"PROVISIONAL","source_role":"MASTER_GIS","display_rank":830,"lon":50.110948,"lat":40.520693},"geometry":{"type":"Point","coordinates":[50.110948,40.5206931]}},{"type":"Feature","properties":{"poi_id":"OSM_cultural_11094268043","label":"İmam Hüseyn Məscidi","name_az":"İmam Hüseyn Məscidi","thesis_group":"HISTORICAL_CULTURAL","thesis_subtype":"place_of_worship","icon_id":"cultural_historic","name_quality":"NAMED","rayon":"Bakı şəhəri","rayon_id":"AZE_ADM2_54616110B61947743987915","verification_status":"PROVISIONAL","source_role":"MASTER_GIS","display_rank":993,"lon":50.071413,"lat":40.51774},"geometry":{"type":"Point","coordinates":[50.071412800000004,40.5177397]}},{"type":"Feature","properties":{"poi_id":"OSM_cultural_11120102620","label":"İmam Hüseyn Məscidi","name_az":"İmam Hüseyn Məscidi","thesis_group":"HISTORICAL_CULTURAL","thesis_subtype":"place_of_worship","icon_id":"cultural_historic","name_quality":"NAMED","rayon":"Bakı şəhəri","rayon_id":"AZE_ADM2_54616110B61947743987915","verification_status":"PROVISIONAL","source_role":"MASTER_GIS","display_rank":995,"lon":49.874382,"lat":40.528552},"geometry":{"type":"Point","coordinates":[49.8743824,40.5285518]}},{"type":"Feature","properties":{"poi_id":"OSM_cultural_12451551567","label":"İmam Hüseyn Məscidi","name_az":"İmam Hüseyn Məscidi","thesis_group":"HISTORICAL_CULTURAL","thesis_subtype":"place_of_worship","icon_id":"cultural_historic","name_quality":"NAMED","rayon":"Qax rayonu","rayon_id":"AZE_ADM2_54616110B49356278605879","verification_status":"PROVISIONAL","source_role":"MASTER_GIS","display_rank":1206,"lon":46.760422,"lat":41.427478},"geometry":{"type":"Point","coordinates":[46.7604223,41.427478]}},{"type":"Feature","properties":{"poi_id":"OSM_cultural_8176683372","label":"İmam Hüseyn Məscidi \\ Dardoqqaz","name_az":"İmam Hüseyn Məscidi \\ Dardoqqaz","thesis_group":"HISTORICAL_CULTURAL","thesis_subtype":"place_of_worship","icon_id":"cultural_historic","name_quality":"NAMED","rayon":"Zaqatala rayonu","rayon_id":"AZE_ADM2_54616110B4759617374649","verification_status":"PROVISIONAL","source_role":"MASTER_GIS","display_rank":676,"lon":46.555185,"lat":41.610539},"geometry":{"type":"Point","coordinates":[46.555185,41.6105393]}},{"type":"Feature","properties":{"poi_id":"OSM_cultural_13248505856","label":"İmam Hüseyn Məscidi \\ Gəncəli","name_az":"İmam Hüseyn Məscidi \\ Gəncəli","thesis_group":"HISTORICAL_CULTURAL","thesis_subtype":"place_of_worship","icon_id":"cultural_historic","name_quality":"NAMED","rayon":"Salyan rayonu","rayon_id":"AZE_ADM2_54616110B55207089168458","verification_status":"PROVISIONAL","source_role":"MASTER_GIS","display_rank":1300,"lon":48.946915,"lat":39.703757},"geometry":{"type":"Point","coordinates":[48.9469148,39.703757100000004]}},{"type":"Feature","properties":{"poi_id":"OSM_cultural_11142354341","label":"İmam Hüseyn Məscidi \\ Stansiya Sumqayıt","name_az":"İmam Hüseyn Məscidi \\ Stansiya Sumqayıt","thesis_group":"HISTORICAL_CULTURAL","thesis_subtype":"place_of_worship","icon_id":"cultural_historic","name_quality":"NAMED","rayon":"Sumqayıt şəhəri","rayon_id":"AZE_ADM2_54616110B75219613739908","verification_status":"PROVISIONAL","source_role":"MASTER_GIS","display_rank":1001,"lon":49.608028,"lat":40.556573},"geometry":{"type":"Point","coordinates":[49.6080284,40.5565729]}},{"type":"Feature","properties":{"poi_id":"OSM_cultural_7859159785","label":"İmam Hüseyn Məscidi \\ Yemişanlı","name_az":"İmam Hüseyn Məscidi \\ Yemişanlı","thesis_group":"HISTORICAL_CULTURAL","thesis_subtype":"place_of_worship","icon_id":"cultural_historic","name_quality":"NAMED","rayon":"Qəbələ rayonu","rayon_id":"AZE_ADM2_54616110B33746839775993","verification_status":"PROVISIONAL","source_role":"MASTER_GIS","display_rank":596,"lon":47.715271,"lat":40.96608},"geometry":{"type":"Point","coordinates":[47.715271300000005,40.9660796]}},{"type":"Feature","properties":{"poi_id":"OSM_cultural_2948928826","label":"İmam Hüseyn Məscidic\\ Fatmayı","name_az":"İmam Hüseyn Məscidic\\ Fatmayı","thesis_group":"HISTORICAL_CULTURAL","thesis_subtype":"place_of_worship","icon_id":"cultural_historic","name_quality":"NAMED","rayon":"Bakı şəhəri","rayon_id":"AZE_ADM2_54616110B61947743987915","verification_status":"PROVISIONAL","source_role":"MASTER_GIS","display_rank":64,"lon":49.852107,"lat":40.529888},"geometry":{"type":"Point","coordinates":[49.852107100000005,40.529888400000004]}},{"type":"Feature","properties":{"poi_id":"OSM_cultural_7741328296","label":"İmam Həsən Məscidi","name_az":"İmam Həsən Məscidi","thesis_group":"HISTORICAL_CULTURAL","thesis_subtype":"place_of_worship","icon_id":"cultural_historic","name_quality":"NAMED","rayon":"Ağsu rayonu","rayon_id":"AZE_ADM2_54616110B12323901372431","verification_status":"PROVISIONAL","source_role":"MASTER_GIS","display_rank":512,"lon":48.668058,"lat":40.502583},"geometry":{"type":"Point","coordinates":[48.668057600000004,40.5025829]}},{"type":"Feature","properties":{"poi_id":"OSM_cultural_7803926535","label":"İmam Həsən Məscidi","name_az":"İmam Həsən Məscidi","thesis_group":"HISTORICAL_CULTURAL","thesis_subtype":"place_of_worship","icon_id":"cultural_historic","name_quality":"NAMED","rayon":"İsmayıllı rayonu","rayon_id":"AZE_ADM2_54616110B45290451128830","verification_status":"PROVISIONAL","source_role":"MASTER_GIS","display_rank":558,"lon":48.114047,"lat":40.783462},"geometry":{"type":"Point","coordinates":[48.1140473,40.783462]}},{"type":"Feature","properties":{"poi_id":"OSM_cultural_12453648996","label":"İmam Həsən Məscidi \\ Faldarlı","name_az":"İmam Həsən Məscidi \\ Faldarlı","thesis_group":"HISTORICAL_CULTURAL","thesis_subtype":"place_of_worship","icon_id":"cultural_historic","name_quality":"NAMED","rayon":"Zaqatala rayonu","rayon_id":"AZE_ADM2_54616110B4759617374649","verification_status":"PROVISIONAL","source_role":"MASTER_GIS","display_rank":1214,"lon":46.517937,"lat":41.470866},"geometry":{"type":"Point","coordinates":[46.517937200000006,41.4708661]}},{"type":"Feature","properties":{"poi_id":"OSM_cultural_7688420691","label":"İmam Həsən məscidi","name_az":"İmam Həsən məscidi","thesis_group":"HISTORICAL_CULTURAL","thesis_subtype":"place_of_worship","icon_id":"cultural_historic","name_quality":"NAMED","rayon":"Xaçmaz rayonu","rayon_id":"AZE_ADM2_54616110B89497242950609","verification_status":"PROVISIONAL","source_role":"MASTER_GIS","display_rank":387,"lon":48.669235,"lat":41.762817},"geometry":{"type":"Point","coordinates":[48.6692351,41.7628173]}},{"type":"Feature","properties":{"poi_id":"OSM_cultural_10757521713","label":"İmam Həsən məscidi","name_az":"İmam Həsən məscidi","thesis_group":"HISTORICAL_CULTURAL","thesis_subtype":"place_of_worship","icon_id":"cultural_historic","name_quality":"NAMED","rayon":"Bakı şəhəri","rayon_id":"AZE_ADM2_54616110B61947743987915","verification_status":"PROVISIONAL","source_role":"MASTER_GIS","display_rank":955,"lon":50.102814,"lat":40.423667},"geometry":{"type":"Point","coordinates":[50.1028141,40.4236674]}},{"type":"Feature","properties":{"poi_id":"OSM_cultural_4830764427","label":"İmam Museyi Kazım Məscidi \\ Şağan 2","name_az":"İmam Museyi Kazım Məscidi \\ Şağan 2","thesis_group":"HISTORICAL_CULTURAL","thesis_subtype":"place_of_worship","icon_id":"cultural_historic","name_quality":"NAMED","rayon":"Bakı şəhəri","rayon_id":"AZE_ADM2_54616110B61947743987915","verification_status":"PROVISIONAL","source_role":"MASTER_GIS","display_rank":237,"lon":50.130026,"lat":40.497008},"geometry":{"type":"Point","coordinates":[50.1300262,40.4970076]}},{"type":"Feature","properties":{"poi_id":"OSM_cultural_10065141912","label":"İmam Rza Məscidi","name_az":"İmam Rza Məscidi","thesis_group":"HISTORICAL_CULTURAL","thesis_subtype":"place_of_worship","icon_id":"cultural_historic","name_quality":"NAMED","rayon":"Bakı şəhəri","rayon_id":"AZE_ADM2_54616110B61947743987915","verification_status":"PROVISIONAL","source_role":"MASTER_GIS","display_rank":872,"lon":49.965921,"lat":40.419903},"geometry":{"type":"Point","coordinates":[49.9659209,40.4199031]}},{"type":"Feature","properties":{"poi_id":"OSM_cultural_7695895747","label":"İmam Rza Məscidi \\ Cibir Qusar","name_az":"İmam Rza Məscidi \\ Cibir Qusar","thesis_group":"HISTORICAL_CULTURAL","thesis_subtype":"place_of_worship","icon_id":"cultural_historic","name_quality":"NAMED","rayon":"Qusar rayonu","rayon_id":"AZE_ADM2_54616110B21517829058101","verification_status":"PROVISIONAL","source_role":"MASTER_GIS","display_rank":440,"lon":48.317826,"lat":41.516702},"geometry":{"type":"Point","coordinates":[48.317825500000005,41.516701600000005]}},{"type":"Feature","properties":{"poi_id":"OSM_cultural_11367064182","label":"İmam Rza Məscidi \\ Kimyaçılar Sumqayıt","name_az":"İmam Rza Məscidi \\ Kimyaçılar Sumqayıt","thesis_group":"HISTORICAL_CULTURAL","thesis_subtype":"place_of_worship","icon_id":"cultural_historic","name_quality":"NAMED","rayon":"Sumqayıt şəhəri","rayon_id":"AZE_ADM2_54616110B75219613739908","verification_status":"PROVISIONAL","source_role":"MASTER_GIS","display_rank":1043,"lon":49.637789,"lat":40.606528},"geometry":{"type":"Point","coordinates":[49.6377888,40.6065284]}},{"type":"Feature","properties":{"poi_id":"OSM_cultural_3503039668","label":"İmam Rza məscidi","name_az":"İmam Rza məscidi","thesis_group":"HISTORICAL_CULTURAL","thesis_subtype":"place_of_worship","icon_id":"cultural_historic","name_quality":"NAMED","rayon":"Bakı şəhəri","rayon_id":"AZE_ADM2_54616110B61947743987915","verification_status":"PROVISIONAL","source_role":"MASTER_GIS","display_rank":133,"lon":50.097974,"lat":40.450002},"geometry":{"type":"Point","coordinates":[50.0979742,40.4500017]}},{"type":"Feature","properties":{"poi_id":"OSM_cultural_7687761130","label":"İmam Rza məscidi","name_az":"İmam Rza məscidi","thesis_group":"HISTORICAL_CULTURAL","thesis_subtype":"place_of_worship","icon_id":"cultural_historic","name_quality":"NAMED","rayon":"Quba rayonu","rayon_id":"AZE_ADM2_54616110B77048085748362","verification_status":"PROVISIONAL","source_role":"MASTER_GIS","display_rank":381,"lon":48.635423,"lat":41.42351},"geometry":{"type":"Point","coordinates":[48.635423200000005,41.4235099]}},{"type":"Feature","properties":{"poi_id":"OSM_cultural_10577646094","label":"İmam Sadıq Məscidi","name_az":"İmam Sadıq Məscidi","thesis_group":"HISTORICAL_CULTURAL","thesis_subtype":"place_of_worship","icon_id":"cultural_historic","name_quality":"NAMED","rayon":"Bakı şəhəri","rayon_id":"AZE_ADM2_54616110B61947743987915","verification_status":"PROVISIONAL","source_role":"MASTER_GIS","display_rank":912,"lon":50.003841,"lat":40.534085},"geometry":{"type":"Point","coordinates":[50.003840600000004,40.5340846]}},{"type":"Feature","properties":{"poi_id":"OSM_cultural_10110102981","label":"İmam Sadıq Məscidi \\ Kottec","name_az":"İmam Sadıq Məscidi \\ Kottec","thesis_group":"HISTORICAL_CULTURAL","thesis_subtype":"place_of_worship","icon_id":"cultural_historic","name_quality":"NAMED","rayon":"Sumqayıt şəhəri","rayon_id":"AZE_ADM2_54616110B75219613739908","verification_status":"PROVISIONAL","source_role":"MASTER_GIS","display_rank":877,"lon":49.65154,"lat":40.605004},"geometry":{"type":"Point","coordinates":[49.6515405,40.6050042]}},{"type":"Feature","properties":{"poi_id":"OSM_cultural_7692341057","label":"İmam Zaman Ağa Məscidi","name_az":"İmam Zaman Ağa Məscidi","thesis_group":"HISTORICAL_CULTURAL","thesis_subtype":"place_of_worship","icon_id":"cultural_historic","name_quality":"NAMED","rayon":"Qusar rayonu","rayon_id":"AZE_ADM2_54616110B21517829058101","verification_status":"PROVISIONAL","source_role":"MASTER_GIS","display_rank":416,"lon":48.376915,"lat":41.566766},"geometry":{"type":"Point","coordinates":[48.376914600000006,41.5667661]}},{"type":"Feature","properties":{"poi_id":"OSM_cultural_7693058706","label":"İmam Zaman Ağa Məscidi","name_az":"İmam Zaman Ağa Məscidi","thesis_group":"HISTORICAL_CULTURAL","thesis_subtype":"place_of_worship","icon_id":"cultural_historic","name_quality":"NAMED","rayon":"Qusar rayonu","rayon_id":"AZE_ADM2_54616110B21517829058101","verification_status":"PROVISIONAL","source_role":"MASTER_GIS","display_rank":427,"lon":48.501742,"lat":41.449023},"geometry":{"type":"Point","coordinates":[48.501741900000006,41.4490234]}},{"type":"Feature","properties":{"poi_id":"OSM_cultural_7859329226","label":"İmam Zaman Ağa Məscidi","name_az":"İmam Zaman Ağa Məscidi","thesis_group":"HISTORICAL_CULTURAL","thesis_subtype":"place_of_worship","icon_id":"cultural_historic","name_quality":"NAMED","rayon":"Qəbələ rayonu","rayon_id":"AZE_ADM2_54616110B33746839775993","verification_status":"PROVISIONAL","source_role":"MASTER_GIS","display_rank":600,"lon":47.765953,"lat":40.962141},"geometry":{"type":"Point","coordinates":[47.7659529,40.962141300000006]}},{"type":"Feature","properties":{"poi_id":"OSM_cultural_7768105705","label":"İmam Zaman Ağa Məscidi \\ Kərkənc","name_az":"İmam Zaman Ağa Məscidi \\ Kərkənc","thesis_group":"HISTORICAL_CULTURAL","thesis_subtype":"place_of_worship","icon_id":"cultural_historic","name_quality":"NAMED","rayon":"Şamaxı rayonu","rayon_id":"AZE_ADM2_54616110B16651088424667","verification_status":"PROVISIONAL","source_role":"MASTER_GIS","display_rank":518,"lon":48.559576,"lat":40.583361},"geometry":{"type":"Point","coordinates":[48.5595757,40.583361200000006]}},{"type":"Feature","properties":{"poi_id":"OSM_cultural_7859139731","label":"İmam Zaman Ağa Məscidi \\ Uludaş","name_az":"İmam Zaman Ağa Məscidi \\ Uludaş","thesis_group":"HISTORICAL_CULTURAL","thesis_subtype":"place_of_worship","icon_id":"cultural_historic","name_quality":"NAMED","rayon":"Qəbələ rayonu","rayon_id":"AZE_ADM2_54616110B33746839775993","verification_status":"PROVISIONAL","source_role":"MASTER_GIS","display_rank":595,"lon":47.742663,"lat":40.98233},"geometry":{"type":"Point","coordinates":[47.742663300000004,40.982330000000005]}},{"type":"Feature","properties":{"poi_id":"OSM_cultural_10215403204","label":"İmam Zaman Məscidi","name_az":"İmam Zaman Məscidi","thesis_group":"HISTORICAL_CULTURAL","thesis_subtype":"place_of_worship","icon_id":"cultural_historic","name_quality":"NAMED","rayon":"Bakı şəhəri","rayon_id":"AZE_ADM2_54616110B61947743987915","verification_status":"PROVISIONAL","source_role":"MASTER_GIS","display_rank":886,"lon":49.953241,"lat":40.488752},"geometry":{"type":"Point","coordinates":[49.9532407,40.4887517]}},{"type":"Feature","properties":{"poi_id":"OSM_cultural_7688420692","label":"İmam Zaman Əsgəri məscidi","name_az":"İmam Zaman Əsgəri məscidi","thesis_group":"HISTORICAL_CULTURAL","thesis_subtype":"place_of_worship","icon_id":"cultural_historic","name_quality":"NAMED","rayon":"Xaçmaz rayonu","rayon_id":"AZE_ADM2_54616110B89497242950609","verification_status":"PROVISIONAL","source_role":"MASTER_GIS","display_rank":388,"lon":48.644088,"lat":41.756672},"geometry":{"type":"Point","coordinates":[48.644088100000005,41.756672]}},{"type":"Feature","properties":{"poi_id":"OSM_cultural_3473804020","label":"İmam Ümmət Məscidi","name_az":"İmam Ümmət Məscidi","thesis_group":"HISTORICAL_CULTURAL","thesis_subtype":"place_of_worship","icon_id":"cultural_historic","name_quality":"NAMED","rayon":"Bakı şəhəri","rayon_id":"AZE_ADM2_54616110B61947743987915","verification_status":"PROVISIONAL","source_role":"MASTER_GIS","display_rank":130,"lon":49.974298,"lat":40.437579},"geometry":{"type":"Point","coordinates":[49.974297500000006,40.4375787]}},{"type":"Feature","properties":{"poi_id":"OSM_cultural_8170800510","label":"İmam Şamil heykəli","name_az":"İmam Şamil heykəli","thesis_group":"HISTORICAL_CULTURAL","thesis_subtype":"memorial","icon_id":"cultural_historic","name_quality":"NAMED","rayon":"Zaqatala rayonu","rayon_id":"AZE_ADM2_54616110B4759617374649","verification_status":"PROVISIONAL","source_role":"MASTER_GIS","display_rank":668,"lon":46.658405,"lat":41.645043},"geometry":{"type":"Point","coordinates":[46.6584049,41.6450432]}},{"type":"Feature","properties":{"poi_id":"OSM_cultural_4330437491","label":"İmam Əli Məscidi","name_az":"İmam Əli Məscidi","thesis_group":"HISTORICAL_CULTURAL","thesis_subtype":"place_of_worship","icon_id":"cultural_historic","name_quality":"NAMED","rayon":"Bakı şəhəri","rayon_id":"AZE_ADM2_54616110B61947743987915","verification_status":"PROVISIONAL","source_role":"MASTER_GIS","display_rank":195,"lon":49.825977,"lat":40.4187},"geometry":{"type":"Point","coordinates":[49.825976600000004,40.4187]}},{"type":"Feature","properties":{"poi_id":"OSM_cultural_7570420643","label":"İmam Əli Məscidi","name_az":"İmam Əli Məscidi","thesis_group":"HISTORICAL_CULTURAL","thesis_subtype":"place_of_worship","icon_id":"cultural_historic","name_quality":"NAMED","rayon":"Abşeron rayonu","rayon_id":"AZE_ADM2_54616110B88432173472444","verification_status":"PROVISIONAL","source_role":"MASTER_GIS","display_rank":368,"lon":49.711716,"lat":40.39829},"geometry":{"type":"Point","coordinates":[49.7117159,40.398290200000005]}},{"type":"Feature","properties":{"poi_id":"OSM_cultural_11481001598","label":"İmam Əli Məscidi","name_az":"İmam Əli Məscidi","thesis_group":"HISTORICAL_CULTURAL","thesis_subtype":"place_of_worship","icon_id":"cultural_historic","name_quality":"NAMED","rayon":"Şəmkir rayonu","rayon_id":"AZE_ADM2_54616110B57585842497805","verification_status":"PROVISIONAL","source_role":"MASTER_GIS","display_rank":1058,"lon":46.023492,"lat":40.82918},"geometry":{"type":"Point","coordinates":[46.023492100000006,40.8291796]}},{"type":"Feature","properties":{"poi_id":"OSM_cultural_12059981957","label":"İmam Əli Məscidi","name_az":"İmam Əli Məscidi","thesis_group":"HISTORICAL_CULTURAL","thesis_subtype":"place_of_worship","icon_id":"cultural_historic","name_quality":"NAMED","rayon":"Ağstafa rayonu","rayon_id":"AZE_ADM2_54616110B36354954300290","verification_status":"PROVISIONAL","source_role":"MASTER_GIS","display_rank":1115,"lon":45.447122,"lat":41.111436},"geometry":{"type":"Point","coordinates":[45.4471216,41.111436100000006]}},{"type":"Feature","properties":{"poi_id":"OSM_cultural_4437876890","label":"İmam Əli məscidi","name_az":"İmam Əli məscidi","thesis_group":"HISTORICAL_CULTURAL","thesis_subtype":"place_of_worship","icon_id":"cultural_historic","name_quality":"NAMED","rayon":"Şəki şəhəri","rayon_id":"AZE_ADM2_54616110B24616396985677","verification_status":"PROVISIONAL","source_role":"MASTER_GIS","display_rank":206,"lon":47.193963,"lat":41.201559},"geometry":{"type":"Point","coordinates":[47.193962500000005,41.201559200000005]}},{"type":"Feature","properties":{"poi_id":"OSM_cultural_3405236026","label":"İmama Əli Məscidi \\ Ramana Südçülük","name_az":"İmama Əli Məscidi \\ Ramana Südçülük","thesis_group":"HISTORICAL_CULTURAL","thesis_subtype":"place_of_worship","icon_id":"cultural_historic","name_quality":"NAMED","rayon":"Bakı şəhəri","rayon_id":"AZE_ADM2_54616110B61947743987915","verification_status":"PROVISIONAL","source_role":"MASTER_GIS","display_rank":114,"lon":49.988259,"lat":40.480022},"geometry":{"type":"Point","coordinates":[49.9882586,40.4800216]}},{"type":"Feature","properties":{"poi_id":"OSM_cultural_9383819042","label":"İmamzadə Kompleksi","name_az":"İmamzadə Kompleksi","thesis_group":"HISTORICAL_CULTURAL","thesis_subtype":"place_of_worship","icon_id":"cultural_historic","name_quality":"NAMED","rayon":"Bərdə rayonu","rayon_id":"AZE_ADM2_54616110B76249555634218","verification_status":"PROVISIONAL","source_role":"MASTER_GIS","display_rank":793,"lon":47.12835,"lat":40.379946},"geometry":{"type":"Point","coordinates":[47.1283504,40.3799462]}},{"type":"Feature","properties":{"poi_id":"OSM_cultural_10624156785","label":"İmamzadə Mir Mövsüç Ziya","name_az":"İmamzadə Mir Mövsüç Ziya","thesis_group":"HISTORICAL_CULTURAL","thesis_subtype":"place_of_worship","icon_id":"cultural_historic","name_quality":"NAMED","rayon":"Bakı şəhəri","rayon_id":"AZE_ADM2_54616110B61947743987915","verification_status":"PROVISIONAL","source_role":"MASTER_GIS","display_rank":925,"lon":50.111983,"lat":40.516423},"geometry":{"type":"Point","coordinates":[50.111982600000005,40.516423]}},{"type":"Feature","properties":{"poi_id":"OSM_cultural_2060258913","label":"İmamzadə Məscidi","name_az":"İmamzadə Məscidi","thesis_group":"HISTORICAL_CULTURAL","thesis_subtype":"place_of_worship","icon_id":"cultural_historic","name_quality":"NAMED","rayon":"Şamaxı rayonu","rayon_id":"AZE_ADM2_54616110B16651088424667","verification_status":"PROVISIONAL","source_role":"MASTER_GIS","display_rank":36,"lon":48.646033,"lat":40.628162},"geometry":{"type":"Point","coordinates":[48.6460328,40.6281618]}},{"type":"Feature","properties":{"poi_id":"OSM_cultural_3299666769","label":"İmamzadə Məscidi","name_az":"İmamzadə Məscidi","thesis_group":"HISTORICAL_CULTURAL","thesis_subtype":"place_of_worship","icon_id":"cultural_historic","name_quality":"NAMED","rayon":"Naxçıvan şəhəri","rayon_id":"AZE_ADM2_54616110B79262118902245","verification_status":"PROVISIONAL","source_role":"MASTER_GIS","display_rank":102,"lon":45.413431,"lat":39.198819},"geometry":{"type":"Point","coordinates":[45.4134314,39.1988191]}},{"type":"Feature","properties":{"poi_id":"OSM_cultural_3303251321","label":"İmamzadə Türbəsi Gəncə","name_az":"İmamzadə Türbəsi Gəncə","thesis_group":"HISTORICAL_CULTURAL","thesis_subtype":"place_of_worship","icon_id":"cultural_historic","name_quality":"NAMED","rayon":"Samux rayonu","rayon_id":"AZE_ADM2_54616110B65018719015844","verification_status":"PROVISIONAL","source_role":"MASTER_GIS","display_rank":106,"lon":46.424812,"lat":40.714657},"geometry":{"type":"Point","coordinates":[46.424812200000005,40.714657200000005]}},{"type":"Feature","properties":{"poi_id":"OSM_cultural_8194864087","label":"İmarət Məscidi \\ Püştətala","name_az":"İmarət Məscidi \\ Püştətala","thesis_group":"HISTORICAL_CULTURAL","thesis_subtype":"place_of_worship","icon_id":"cultural_historic","name_quality":"NAMED","rayon":"Balakən rayonu","rayon_id":"AZE_ADM2_54616110B63924922129682","verification_status":"PROVISIONAL","source_role":"MASTER_GIS","display_rank":691,"lon":46.414625,"lat":41.636688},"geometry":{"type":"Point","coordinates":[46.4146252,41.6366877]}},{"type":"Feature","properties":{"poi_id":"OSM_cultural_7775494007","label":"İnamlı Bəndələr Məscidi","name_az":"İnamlı Bəndələr Məscidi","thesis_group":"HISTORICAL_CULTURAL","thesis_subtype":"place_of_worship","icon_id":"cultural_historic","name_quality":"NAMED","rayon":"Ağsu rayonu","rayon_id":"AZE_ADM2_54616110B12323901372431","verification_status":"PROVISIONAL","source_role":"MASTER_GIS","display_rank":537,"lon":48.322117,"lat":40.633614},"geometry":{"type":"Point","coordinates":[48.322117000000006,40.633614200000004]}},{"type":"Feature","properties":{"poi_id":"OSM_cultural_8188099771","label":"İnki Kamilil \\ Mazıx","name_az":"İnki Kamilil \\ Mazıx","thesis_group":"HISTORICAL_CULTURAL","thesis_subtype":"ruins","icon_id":"cultural_historic","name_quality":"NAMED","rayon":"Zaqatala rayonu","rayon_id":"AZE_ADM2_54616110B4759617374649","verification_status":"PROVISIONAL","source_role":"MASTER_GIS","display_rank":681,"lon":46.575361,"lat":41.667632},"geometry":{"type":"Point","coordinates":[46.5753606,41.6676324]}},{"type":"Feature","properties":{"poi_id":"OSM_cultural_11012835538","label":"İnqlab İsmayılov heykəli","name_az":"İnqlab İsmayılov heykəli","thesis_group":"HISTORICAL_CULTURAL","thesis_subtype":"memorial","icon_id":"cultural_historic","name_quality":"NAMED","rayon":"Bakı şəhəri","rayon_id":"AZE_ADM2_54616110B61947743987915","verification_status":"PROVISIONAL","source_role":"MASTER_GIS","display_rank":975,"lon":49.969986,"lat":40.362338},"geometry":{"type":"Point","coordinates":[49.9699858,40.362338]}},{"type":"Feature","properties":{"poi_id":"OSM_cultural_9095245837","label":"İnsaf Məscidi","name_az":"İnsaf Məscidi","thesis_group":"HISTORICAL_CULTURAL","thesis_subtype":"place_of_worship","icon_id":"cultural_historic","name_quality":"NAMED","rayon":"Ağdaş rayonu","rayon_id":"AZE_ADM2_54616110B75800990015815","verification_status":"PROVISIONAL","source_role":"MASTER_GIS","display_rank":769,"lon":47.543874,"lat":40.7028},"geometry":{"type":"Point","coordinates":[47.543874100000004,40.702799600000006]}},{"type":"Feature","properties":{"poi_id":"OSM_cultural_13863469279","label":"İnçə kənd Məscidi","name_az":"İnçə kənd Məscidi","thesis_group":"HISTORICAL_CULTURAL","thesis_subtype":"place_of_worship","icon_id":"cultural_historic","name_quality":"NAMED","rayon":"Şəki rayonu","rayon_id":"AZE_ADM2_54616110B25010354244926","verification_status":"PROVISIONAL","source_role":"MASTER_GIS","display_rank":1349,"lon":47.110645,"lat":41.253623},"geometry":{"type":"Point","coordinates":[47.110645000000005,41.2536233]}},{"type":"Feature","properties":{"poi_id":"OSM_cultural_8199354715","label":"İrfan Məscid","name_az":"İrfan Məscid","thesis_group":"HISTORICAL_CULTURAL","thesis_subtype":"place_of_worship","icon_id":"cultural_historic","name_quality":"NAMED","rayon":"Balakən rayonu","rayon_id":"AZE_ADM2_54616110B63924922129682","verification_status":"PROVISIONAL","source_role":"MASTER_GIS","display_rank":695,"lon":46.280087,"lat":41.700354},"geometry":{"type":"Point","coordinates":[46.2800869,41.7003537]}},{"type":"Feature","properties":{"poi_id":"OSM_cultural_11514492231","label":"İrmaşlı Məscidi","name_az":"İrmaşlı Məscidi","thesis_group":"HISTORICAL_CULTURAL","thesis_subtype":"place_of_worship","icon_id":"cultural_historic","name_quality":"NAMED","rayon":"Şəmkir rayonu","rayon_id":"AZE_ADM2_54616110B57585842497805","verification_status":"PROVISIONAL","source_role":"MASTER_GIS","display_rank":1066,"lon":45.903296,"lat":40.849123},"geometry":{"type":"Point","coordinates":[45.9032956,40.8491228]}},{"type":"Feature","properties":{"poi_id":"OSM_cultural_5052577823","label":"İsaqbağı kənd cümə məscidi","name_az":"İsaqbağı kənd cümə məscidi","thesis_group":"HISTORICAL_CULTURAL","thesis_subtype":"place_of_worship","icon_id":"cultural_historic","name_quality":"NAMED","rayon":"Zərdab rayonu","rayon_id":"AZE_ADM2_54616110B34042895235078","verification_status":"PROVISIONAL","source_role":"MASTER_GIS","display_rank":249,"lon":47.756465,"lat":40.180204},"geometry":{"type":"Point","coordinates":[47.7564654,40.180204100000005]}},{"type":"Feature","properties":{"poi_id":"OSM_cultural_1646858771","label":"İsimsiz kayıt","thesis_group":"HISTORICAL_CULTURAL","thesis_subtype":"place_of_worship","icon_id":"cultural_historic","name_quality":"MISSING","rayon":"İmişli rayonu","rayon_id":"AZE_ADM2_54616110B47039748407948","verification_status":"PROVISIONAL","source_role":"MASTER_GIS","display_rank":2059,"lon":48.222781,"lat":39.911236},"geometry":{"type":"Point","coordinates":[48.2227814,39.911236200000005]}},{"type":"Feature","properties":{"poi_id":"OSM_cultural_1956130234","label":"İsimsiz kayıt","thesis_group":"HISTORICAL_CULTURAL","thesis_subtype":"place_of_worship","icon_id":"cultural_historic","name_quality":"MISSING","rayon":"Şuşa şəhəri","rayon_id":"AZE_ADM2_54616110B73470411147872","verification_status":"PROVISIONAL","source_role":"MASTER_GIS","display_rank":2060,"lon":46.749584,"lat":39.744484},"geometry":{"type":"Point","coordinates":[46.749583900000005,39.7444835]}},{"type":"Feature","properties":{"poi_id":"OSM_cultural_2268482747","label":"İsimsiz kayıt","thesis_group":"HISTORICAL_CULTURAL","thesis_subtype":"memorial","icon_id":"cultural_historic","name_quality":"MISSING","rayon":"İsmayıllı rayonu","rayon_id":"AZE_ADM2_54616110B45290451128830","verification_status":"PROVISIONAL","source_role":"MASTER_GIS","display_rank":2061,"lon":48.0365,"lat":40.74323},"geometry":{"type":"Point","coordinates":[48.036500200000006,40.7432298]}},{"type":"Feature","properties":{"poi_id":"OSM_cultural_2468449567","label":"İsimsiz kayıt","thesis_group":"HISTORICAL_CULTURAL","thesis_subtype":"place_of_worship","icon_id":"cultural_historic","name_quality":"MISSING","rayon":"Xocavənd rayonu","rayon_id":"AZE_ADM2_54616110B38461317640181","verification_status":"PROVISIONAL","source_role":"MASTER_GIS","display_rank":2063,"lon":46.967374,"lat":39.632952},"geometry":{"type":"Point","coordinates":[46.9673742,39.632952200000005]}},{"type":"Feature","properties":{"poi_id":"OSM_cultural_2506045985","label":"İsimsiz kayıt","thesis_group":"HISTORICAL_CULTURAL","thesis_subtype":"place_of_worship","icon_id":"cultural_historic","name_quality":"MISSING","rayon":"Xocavənd rayonu","rayon_id":"AZE_ADM2_54616110B38461317640181","verification_status":"PROVISIONAL","source_role":"MASTER_GIS","display_rank":2064,"lon":46.82711,"lat":39.53936},"geometry":{"type":"Point","coordinates":[46.8271097,39.539359600000004]}},{"type":"Feature","properties":{"poi_id":"OSM_cultural_2622884881","label":"İsimsiz kayıt","thesis_group":"HISTORICAL_CULTURAL","thesis_subtype":"monument","icon_id":"cultural_monument","name_quality":"MISSING","rayon":"Xocavənd rayonu","rayon_id":"AZE_ADM2_54616110B38461317640181","verification_status":"PROVISIONAL","source_role":"MASTER_GIS","display_rank":2065,"lon":46.982597,"lat":39.617899},"geometry":{"type":"Point","coordinates":[46.9825968,39.6178991]}},{"type":"Feature","properties":{"poi_id":"OSM_cultural_2948919357","label":"İsimsiz kayıt","thesis_group":"HISTORICAL_CULTURAL","thesis_subtype":"monument","icon_id":"cultural_monument","name_quality":"MISSING","rayon":"Göyçay rayonu","rayon_id":"AZE_ADM2_54616110B88730523237575","verification_status":"PROVISIONAL","source_role":"MASTER_GIS","display_rank":2066,"lon":47.748937,"lat":40.649328},"geometry":{"type":"Point","coordinates":[47.7489373,40.6493277]}},{"type":"Feature","properties":{"poi_id":"OSM_cultural_2972799378","label":"İsimsiz kayıt","thesis_group":"HISTORICAL_CULTURAL","thesis_subtype":"memorial","icon_id":"cultural_historic","name_quality":"MISSING","rayon":"Xocavənd rayonu","rayon_id":"AZE_ADM2_54616110B38461317640181","verification_status":"PROVISIONAL","source_role":"MASTER_GIS","display_rank":2067,"lon":47.030324,"lat":39.514809},"geometry":{"type":"Point","coordinates":[47.030324400000005,39.5148091]}},{"type":"Feature","properties":{"poi_id":"OSM_cultural_2973269616","label":"İsimsiz kayıt","thesis_group":"HISTORICAL_CULTURAL","thesis_subtype":"monument","icon_id":"cultural_monument","name_quality":"MISSING","rayon":"Bakı şəhəri","rayon_id":"AZE_ADM2_54616110B61947743987915","verification_status":"PROVISIONAL","source_role":"MASTER_GIS","display_rank":2068,"lon":50.204245,"lat":40.36673},"geometry":{"type":"Point","coordinates":[50.2042446,40.3667302]}},{"type":"Feature","properties":{"poi_id":"OSM_cultural_2981262255","label":"İsimsiz kayıt","thesis_group":"HISTORICAL_CULTURAL","thesis_subtype":"museum","icon_id":"cultural_museum","name_quality":"MISSING","rayon":"Naxçıvan şəhəri","rayon_id":"AZE_ADM2_54616110B79262118902245","verification_status":"PROVISIONAL","source_role":"MASTER_GIS","display_rank":2069,"lon":45.412639,"lat":39.211404},"geometry":{"type":"Point","coordinates":[45.4126393,39.2114044]}},{"type":"Feature","properties":{"poi_id":"OSM_cultural_3020384739","label":"İsimsiz kayıt","thesis_group":"HISTORICAL_CULTURAL","thesis_subtype":"monument","icon_id":"cultural_monument","name_quality":"MISSING","rayon":"Sumqayıt şəhəri","rayon_id":"AZE_ADM2_54616110B75219613739908","verification_status":"PROVISIONAL","source_role":"MASTER_GIS","display_rank":2070,"lon":49.678277,"lat":40.581346},"geometry":{"type":"Point","coordinates":[49.6782771,40.581346]}},{"type":"Feature","properties":{"poi_id":"OSM_cultural_3190349637","label":"İsimsiz kayıt","thesis_group":"HISTORICAL_CULTURAL","thesis_subtype":"monument","icon_id":"cultural_monument","name_quality":"MISSING","rayon":"Bakı şəhəri","rayon_id":"AZE_ADM2_54616110B61947743987915","verification_status":"PROVISIONAL","source_role":"MASTER_GIS","display_rank":2071,"lon":50.044914,"lat":40.56607},"geometry":{"type":"Point","coordinates":[50.0449135,40.5660697]}},{"type":"Feature","properties":{"poi_id":"OSM_cultural_3234346385","label":"İsimsiz kayıt","thesis_group":"HISTORICAL_CULTURAL","thesis_subtype":"monument","icon_id":"cultural_monument","name_quality":"MISSING","rayon":"Bakı şəhəri","rayon_id":"AZE_ADM2_54616110B61947743987915","verification_status":"PROVISIONAL","source_role":"MASTER_GIS","display_rank":2072,"lon":50.17875,"lat":40.485228},"geometry":{"type":"Point","coordinates":[50.1787501,40.4852277]}},{"type":"Feature","properties":{"poi_id":"OSM_cultural_3278078051","label":"İsimsiz kayıt","thesis_group":"HISTORICAL_CULTURAL","thesis_subtype":"attraction","icon_id":"cultural_historic","name_quality":"MISSING","rayon":"Yardımlı rayonu","rayon_id":"AZE_ADM2_54616110B63590673188827","verification_status":"PROVISIONAL","source_role":"MASTER_GIS","display_rank":2073,"lon":48.022998,"lat":38.82688},"geometry":{"type":"Point","coordinates":[48.0229975,38.82688]}},{"type":"Feature","properties":{"poi_id":"OSM_cultural_3442328344","label":"İsimsiz kayıt","thesis_group":"HISTORICAL_CULTURAL","thesis_subtype":"monument","icon_id":"cultural_monument","name_quality":"MISSING","rayon":"Bakı şəhəri","rayon_id":"AZE_ADM2_54616110B61947743987915","verification_status":"PROVISIONAL","source_role":"MASTER_GIS","display_rank":2074,"lon":49.917106,"lat":40.422565},"geometry":{"type":"Point","coordinates":[49.9171065,40.4225651]}},{"type":"Feature","properties":{"poi_id":"OSM_cultural_3461415135","label":"İsimsiz kayıt","thesis_group":"HISTORICAL_CULTURAL","thesis_subtype":"memorial","icon_id":"cultural_historic","name_quality":"MISSING","rayon":"Yevlax şəhəri","rayon_id":"AZE_ADM2_54616110B78344971255813","verification_status":"PROVISIONAL","source_role":"MASTER_GIS","display_rank":2075,"lon":47.165294,"lat":40.596799},"geometry":{"type":"Point","coordinates":[47.165294300000006,40.596798500000006]}},{"type":"Feature","properties":{"poi_id":"OSM_cultural_3628447392","label":"İsimsiz kayıt","thesis_group":"HISTORICAL_CULTURAL","thesis_subtype":"museum","icon_id":"cultural_museum","name_quality":"MISSING","rayon":"Lerik rayonu","rayon_id":"AZE_ADM2_54616110B59366301344355","verification_status":"PROVISIONAL","source_role":"MASTER_GIS","display_rank":2076,"lon":48.418732,"lat":38.775308},"geometry":{"type":"Point","coordinates":[48.4187318,38.7753077]}},{"type":"Feature","properties":{"poi_id":"OSM_cultural_3651014328","label":"İsimsiz kayıt","thesis_group":"HISTORICAL_CULTURAL","thesis_subtype":"monument","icon_id":"cultural_monument","name_quality":"MISSING","rayon":"Xocalı rayonu","rayon_id":"AZE_ADM2_54616110B87325868620163","verification_status":"PROVISIONAL","source_role":"MASTER_GIS","display_rank":2077,"lon":46.845048,"lat":39.954488},"geometry":{"type":"Point","coordinates":[46.8450477,39.9544876]}},{"type":"Feature","properties":{"poi_id":"OSM_cultural_3655588443","label":"İsimsiz kayıt","thesis_group":"HISTORICAL_CULTURAL","thesis_subtype":"monument","icon_id":"cultural_monument","name_quality":"MISSING","rayon":"Xocavənd rayonu","rayon_id":"AZE_ADM2_54616110B38461317640181","verification_status":"PROVISIONAL","source_role":"MASTER_GIS","display_rank":2078,"lon":46.951172,"lat":39.622716},"geometry":{"type":"Point","coordinates":[46.9511722,39.6227157]}},{"type":"Feature","properties":{"poi_id":"OSM_cultural_3666488322","label":"İsimsiz kayıt","thesis_group":"HISTORICAL_CULTURAL","thesis_subtype":"monument","icon_id":"cultural_monument","name_quality":"MISSING","rayon":"Xocavənd rayonu","rayon_id":"AZE_ADM2_54616110B38461317640181","verification_status":"PROVISIONAL","source_role":"MASTER_GIS","display_rank":2079,"lon":47.030826,"lat":39.856265},"geometry":{"type":"Point","coordinates":[47.030825500000006,39.8562651]}},{"type":"Feature","properties":{"poi_id":"OSM_cultural_3668053548","label":"İsimsiz kayıt","thesis_group":"HISTORICAL_CULTURAL","thesis_subtype":"archaeological_site","icon_id":"cultural_archaeology","name_quality":"MISSING","rayon":"Beyləqan rayonu","rayon_id":"AZE_ADM2_54616110B20470092766685","verification_status":"PROVISIONAL","source_role":"MASTER_GIS","display_rank":2080,"lon":47.75819,"lat":39.607859},"geometry":{"type":"Point","coordinates":[47.7581902,39.6078594]}},{"type":"Feature","properties":{"poi_id":"OSM_cultural_3772083368","label":"İsimsiz kayıt","thesis_group":"HISTORICAL_CULTURAL","thesis_subtype":"city_gate","icon_id":"cultural_historic","name_quality":"MISSING","rayon":"Zaqatala rayonu","rayon_id":"AZE_ADM2_54616110B4759617374649","verification_status":"PROVISIONAL","source_role":"MASTER_GIS","display_rank":2083,"lon":46.651851,"lat":41.636746},"geometry":{"type":"Point","coordinates":[46.651851,41.636745600000005]}},{"type":"Feature","properties":{"poi_id":"OSM_cultural_3914336493","label":"İsimsiz kayıt","thesis_group":"HISTORICAL_CULTURAL","thesis_subtype":"museum","icon_id":"cultural_museum","name_quality":"MISSING","rayon":"Astara rayonu","rayon_id":"AZE_ADM2_54616110B5213879595332","verification_status":"PROVISIONAL","source_role":"MASTER_GIS","display_rank":2084,"lon":48.874805,"lat":38.449449},"geometry":{"type":"Point","coordinates":[48.874804600000004,38.4494488]}},{"type":"Feature","properties":{"poi_id":"OSM_cultural_4126303690","label":"İsimsiz kayıt","thesis_group":"HISTORICAL_CULTURAL","thesis_subtype":"monument","icon_id":"cultural_monument","name_quality":"MISSING","rayon":"Yevlax şəhəri","rayon_id":"AZE_ADM2_54616110B78344971255813","verification_status":"PROVISIONAL","source_role":"MASTER_GIS","display_rank":2085,"lon":47.159875,"lat":40.602014},"geometry":{"type":"Point","coordinates":[47.1598752,40.6020136]}},{"type":"Feature","properties":{"poi_id":"OSM_cultural_4149916195","label":"İsimsiz kayıt","thesis_group":"HISTORICAL_CULTURAL","thesis_subtype":"place_of_worship","icon_id":"cultural_historic","name_quality":"MISSING","rayon":"İsmayıllı rayonu","rayon_id":"AZE_ADM2_54616110B45290451128830","verification_status":"PROVISIONAL","source_role":"MASTER_GIS","display_rank":2086,"lon":48.380515,"lat":40.844178},"geometry":{"type":"Point","coordinates":[48.380514500000004,40.8441781]}},{"type":"Feature","properties":{"poi_id":"OSM_cultural_4261986690","label":"İsimsiz kayıt","thesis_group":"HISTORICAL_CULTURAL","thesis_subtype":"place_of_worship","icon_id":"cultural_historic","name_quality":"MISSING","rayon":"Bakı şəhəri","rayon_id":"AZE_ADM2_54616110B61947743987915","verification_status":"PROVISIONAL","source_role":"MASTER_GIS","display_rank":2087,"lon":49.952568,"lat":40.394176},"geometry":{"type":"Point","coordinates":[49.9525677,40.3941755]}},{"type":"Feature","properties":{"poi_id":"OSM_cultural_4317660775","label":"İsimsiz kayıt","thesis_group":"HISTORICAL_CULTURAL","thesis_subtype":"place_of_worship","icon_id":"cultural_historic","name_quality":"MISSING","rayon":"Masallı rayonu","rayon_id":"AZE_ADM2_54616110B86237771899826","verification_status":"PROVISIONAL","source_role":"MASTER_GIS","display_rank":2088,"lon":48.667556,"lat":39.027617},"geometry":{"type":"Point","coordinates":[48.667555500000006,39.0276167]}},{"type":"Feature","properties":{"poi_id":"OSM_cultural_4321280311","label":"İsimsiz kayıt","thesis_group":"HISTORICAL_CULTURAL","thesis_subtype":"monument","icon_id":"cultural_monument","name_quality":"MISSING","rayon":"Zərdab rayonu","rayon_id":"AZE_ADM2_54616110B34042895235078","verification_status":"PROVISIONAL","source_role":"MASTER_GIS","display_rank":2089,"lon":47.707179,"lat":40.211223},"geometry":{"type":"Point","coordinates":[47.7071789,40.2112226]}},{"type":"Feature","properties":{"poi_id":"OSM_cultural_4342688189","label":"İsimsiz kayıt","thesis_group":"HISTORICAL_CULTURAL","thesis_subtype":"place_of_worship","icon_id":"cultural_historic","name_quality":"MISSING","rayon":"Bakı şəhəri","rayon_id":"AZE_ADM2_54616110B61947743987915","verification_status":"PROVISIONAL","source_role":"MASTER_GIS","display_rank":2090,"lon":49.859636,"lat":40.420884},"geometry":{"type":"Point","coordinates":[49.85963580000001,40.420884400000006]}},{"type":"Feature","properties":{"poi_id":"OSM_cultural_4359496193","label":"İsimsiz kayıt","thesis_group":"HISTORICAL_CULTURAL","thesis_subtype":"place_of_worship","icon_id":"cultural_historic","name_quality":"MISSING","rayon":"Xocalı rayonu","rayon_id":"AZE_ADM2_54616110B87325868620163","verification_status":"PROVISIONAL","source_role":"MASTER_GIS","display_rank":2093,"lon":46.854264,"lat":39.786063},"geometry":{"type":"Point","coordinates":[46.8542635,39.786062900000005]}},{"type":"Feature","properties":{"poi_id":"OSM_cultural_4428061589","label":"İsimsiz kayıt","thesis_group":"HISTORICAL_CULTURAL","thesis_subtype":"museum","icon_id":"cultural_museum","name_quality":"MISSING","rayon":"Bakı şəhəri","rayon_id":"AZE_ADM2_54616110B61947743987915","verification_status":"PROVISIONAL","source_role":"MASTER_GIS","display_rank":2094,"lon":49.834716,"lat":40.366599},"geometry":{"type":"Point","coordinates":[49.834715900000006,40.3665989]}},{"type":"Feature","properties":{"poi_id":"OSM_cultural_4486488997","label":"İsimsiz kayıt","thesis_group":"HISTORICAL_CULTURAL","thesis_subtype":"memorial","icon_id":"cultural_historic","name_quality":"MISSING","rayon":"Bakı şəhəri","rayon_id":"AZE_ADM2_54616110B61947743987915","verification_status":"PROVISIONAL","source_role":"MASTER_GIS","display_rank":2096,"lon":49.81587,"lat":40.356795},"geometry":{"type":"Point","coordinates":[49.8158705,40.3567953]}},{"type":"Feature","properties":{"poi_id":"OSM_cultural_4486492895","label":"İsimsiz kayıt","thesis_group":"HISTORICAL_CULTURAL","thesis_subtype":"memorial","icon_id":"cultural_historic","name_quality":"MISSING","rayon":"Bakı şəhəri","rayon_id":"AZE_ADM2_54616110B61947743987915","verification_status":"PROVISIONAL","source_role":"MASTER_GIS","display_rank":2097,"lon":49.815866,"lat":40.35666},"geometry":{"type":"Point","coordinates":[49.815866,40.3566604]}},{"type":"Feature","properties":{"poi_id":"OSM_cultural_4494662592","label":"İsimsiz kayıt","thesis_group":"HISTORICAL_CULTURAL","thesis_subtype":"monument","icon_id":"cultural_monument","name_quality":"MISSING","rayon":"Bakı şəhəri","rayon_id":"AZE_ADM2_54616110B61947743987915","verification_status":"PROVISIONAL","source_role":"MASTER_GIS","display_rank":2098,"lon":49.871868,"lat":40.382412},"geometry":{"type":"Point","coordinates":[49.8718682,40.3824115]}},{"type":"Feature","properties":{"poi_id":"OSM_cultural_4564807890","label":"İsimsiz kayıt","thesis_group":"HISTORICAL_CULTURAL","thesis_subtype":"place_of_worship","icon_id":"cultural_historic","name_quality":"MISSING","rayon":"Bakı şəhəri","rayon_id":"AZE_ADM2_54616110B61947743987915","verification_status":"PROVISIONAL","source_role":"MASTER_GIS","display_rank":2099,"lon":49.890091,"lat":40.562455},"geometry":{"type":"Point","coordinates":[49.8900912,40.5624553]}},{"type":"Feature","properties":{"poi_id":"OSM_cultural_4807941423","label":"İsimsiz kayıt","thesis_group":"HISTORICAL_CULTURAL","thesis_subtype":"place_of_worship","icon_id":"cultural_historic","name_quality":"MISSING","rayon":"Ordubad rayonu","rayon_id":"AZE_ADM2_54616110B24607032839399","verification_status":"PROVISIONAL","source_role":"MASTER_GIS","display_rank":2101,"lon":46.001502,"lat":38.869409},"geometry":{"type":"Point","coordinates":[46.001501700000006,38.8694093]}},{"type":"Feature","properties":{"poi_id":"OSM_cultural_4807941435","label":"İsimsiz kayıt","thesis_group":"HISTORICAL_CULTURAL","thesis_subtype":"place_of_worship","icon_id":"cultural_historic","name_quality":"MISSING","rayon":"Ordubad rayonu","rayon_id":"AZE_ADM2_54616110B24607032839399","verification_status":"PROVISIONAL","source_role":"MASTER_GIS","display_rank":2102,"lon":46.000713,"lat":38.871392},"geometry":{"type":"Point","coordinates":[46.0007126,38.8713919]}},{"type":"Feature","properties":{"poi_id":"OSM_cultural_4833176223","label":"İsimsiz kayıt","thesis_group":"HISTORICAL_CULTURAL","thesis_subtype":"memorial","icon_id":"cultural_historic","name_quality":"MISSING","rayon":"Oğuz rayonu","rayon_id":"AZE_ADM2_54616110B99657283459996","verification_status":"PROVISIONAL","source_role":"MASTER_GIS","display_rank":2103,"lon":47.482611,"lat":40.977092},"geometry":{"type":"Point","coordinates":[47.482610900000005,40.9770915]}},{"type":"Feature","properties":{"poi_id":"OSM_cultural_4991780121","label":"İsimsiz kayıt","thesis_group":"HISTORICAL_CULTURAL","thesis_subtype":"place_of_worship","icon_id":"cultural_historic","name_quality":"MISSING","rayon":"Astara rayonu","rayon_id":"AZE_ADM2_54616110B5213879595332","verification_status":"PROVISIONAL","source_role":"MASTER_GIS","display_rank":2107,"lon":48.838235,"lat":38.447269},"geometry":{"type":"Point","coordinates":[48.8382346,38.4472694]}},{"type":"Feature","properties":{"poi_id":"OSM_cultural_4991786183","label":"İsimsiz kayıt","thesis_group":"HISTORICAL_CULTURAL","thesis_subtype":"place_of_worship","icon_id":"cultural_historic","name_quality":"MISSING","rayon":"Astara rayonu","rayon_id":"AZE_ADM2_54616110B5213879595332","verification_status":"PROVISIONAL","source_role":"MASTER_GIS","display_rank":2108,"lon":48.826548,"lat":38.447535},"geometry":{"type":"Point","coordinates":[48.826548300000006,38.4475354]}},{"type":"Feature","properties":{"poi_id":"OSM_cultural_4991801613","label":"İsimsiz kayıt","thesis_group":"HISTORICAL_CULTURAL","thesis_subtype":"place_of_worship","icon_id":"cultural_historic","name_quality":"MISSING","rayon":"Astara rayonu","rayon_id":"AZE_ADM2_54616110B5213879595332","verification_status":"PROVISIONAL","source_role":"MASTER_GIS","display_rank":2109,"lon":48.820568,"lat":38.446028},"geometry":{"type":"Point","coordinates":[48.820568,38.4460282]}},{"type":"Feature","properties":{"poi_id":"OSM_cultural_5064379231","label":"İsimsiz kayıt","thesis_group":"HISTORICAL_CULTURAL","thesis_subtype":"boundary_stone","icon_id":"cultural_historic","name_quality":"MISSING","rayon":"Qusar rayonu","rayon_id":"AZE_ADM2_54616110B21517829058101","verification_status":"PROVISIONAL","source_role":"MASTER_GIS","display_rank":2110,"lon":48.471586,"lat":41.708051},"geometry":{"type":"Point","coordinates":[48.4715865,41.708051000000005]}},{"type":"Feature","properties":{"poi_id":"OSM_cultural_5178928627","label":"İsimsiz kayıt","thesis_group":"HISTORICAL_CULTURAL","thesis_subtype":"place_of_worship","icon_id":"cultural_historic","name_quality":"MISSING","rayon":"Ağstafa rayonu","rayon_id":"AZE_ADM2_54616110B36354954300290","verification_status":"PROVISIONAL","source_role":"MASTER_GIS","display_rank":2112,"lon":45.379013,"lat":41.439519},"geometry":{"type":"Point","coordinates":[45.379013,41.4395192]}},{"type":"Feature","properties":{"poi_id":"OSM_cultural_5178928628","label":"İsimsiz kayıt","thesis_group":"HISTORICAL_CULTURAL","thesis_subtype":"place_of_worship","icon_id":"cultural_historic","name_quality":"MISSING","rayon":"Ağstafa rayonu","rayon_id":"AZE_ADM2_54616110B36354954300290","verification_status":"PROVISIONAL","source_role":"MASTER_GIS","display_rank":2113,"lon":45.385983,"lat":41.437917},"geometry":{"type":"Point","coordinates":[45.385983200000005,41.4379171]}},{"type":"Feature","properties":{"poi_id":"OSM_cultural_5183064415","label":"İsimsiz kayıt","thesis_group":"HISTORICAL_CULTURAL","thesis_subtype":"place_of_worship","icon_id":"cultural_historic","name_quality":"MISSING","rayon":"Kəlbəcər rayonu","rayon_id":"AZE_ADM2_54616110B37358032697149","verification_status":"PROVISIONAL","source_role":"MASTER_GIS","display_rank":2115,"lon":46.547411,"lat":40.033994},"geometry":{"type":"Point","coordinates":[46.547410600000006,40.033994400000005]}},{"type":"Feature","properties":{"poi_id":"OSM_cultural_5183114368","label":"İsimsiz kayıt","thesis_group":"HISTORICAL_CULTURAL","thesis_subtype":"place_of_worship","icon_id":"cultural_historic","name_quality":"MISSING","rayon":"Xocalı rayonu","rayon_id":"AZE_ADM2_54616110B87325868620163","verification_status":"PROVISIONAL","source_role":"MASTER_GIS","display_rank":2116,"lon":46.713386,"lat":40.016294},"geometry":{"type":"Point","coordinates":[46.7133861,40.0162939]}},{"type":"Feature","properties":{"poi_id":"OSM_cultural_5190405815","label":"İsimsiz kayıt","thesis_group":"HISTORICAL_CULTURAL","thesis_subtype":"memorial","icon_id":"cultural_historic","name_quality":"MISSING","rayon":"Xocalı rayonu","rayon_id":"AZE_ADM2_54616110B87325868620163","verification_status":"PROVISIONAL","source_role":"MASTER_GIS","display_rank":2117,"lon":46.847967,"lat":39.904085},"geometry":{"type":"Point","coordinates":[46.847967100000005,39.904085]}},{"type":"Feature","properties":{"poi_id":"OSM_cultural_5200666978","label":"İsimsiz kayıt","thesis_group":"HISTORICAL_CULTURAL","thesis_subtype":"place_of_worship","icon_id":"cultural_historic","name_quality":"MISSING","rayon":"Kəlbəcər rayonu","rayon_id":"AZE_ADM2_54616110B37358032697149","verification_status":"PROVISIONAL","source_role":"MASTER_GIS","display_rank":2118,"lon":46.145754,"lat":40.22335},"geometry":{"type":"Point","coordinates":[46.1457538,40.223349600000006]}},{"type":"Feature","properties":{"poi_id":"OSM_cultural_5200717886","label":"İsimsiz kayıt","thesis_group":"HISTORICAL_CULTURAL","thesis_subtype":"place_of_worship","icon_id":"cultural_historic","name_quality":"MISSING","rayon":"Kəlbəcər rayonu","rayon_id":"AZE_ADM2_54616110B37358032697149","verification_status":"PROVISIONAL","source_role":"MASTER_GIS","display_rank":2119,"lon":46.46389,"lat":40.083041},"geometry":{"type":"Point","coordinates":[46.463889900000005,40.0830409]}},{"type":"Feature","properties":{"poi_id":"OSM_cultural_5238187356","label":"İsimsiz kayıt","thesis_group":"HISTORICAL_CULTURAL","thesis_subtype":"memorial","icon_id":"cultural_historic","name_quality":"MISSING","rayon":"Xocalı rayonu","rayon_id":"AZE_ADM2_54616110B87325868620163","verification_status":"PROVISIONAL","source_role":"MASTER_GIS","display_rank":2120,"lon":46.831307,"lat":39.70159},"geometry":{"type":"Point","coordinates":[46.831307100000004,39.7015899]}},{"type":"Feature","properties":{"poi_id":"OSM_cultural_5238187357","label":"İsimsiz kayıt","thesis_group":"HISTORICAL_CULTURAL","thesis_subtype":"memorial","icon_id":"cultural_historic","name_quality":"MISSING","rayon":"Xocalı rayonu","rayon_id":"AZE_ADM2_54616110B87325868620163","verification_status":"PROVISIONAL","source_role":"MASTER_GIS","display_rank":2121,"lon":46.831142,"lat":39.701745},"geometry":{"type":"Point","coordinates":[46.831141800000005,39.701744600000005]}},{"type":"Feature","properties":{"poi_id":"OSM_cultural_5239671763","label":"İsimsiz kayıt","thesis_group":"HISTORICAL_CULTURAL","thesis_subtype":"place_of_worship","icon_id":"cultural_historic","name_quality":"MISSING","rayon":"Yardımlı rayonu","rayon_id":"AZE_ADM2_54616110B63590673188827","verification_status":"PROVISIONAL","source_role":"MASTER_GIS","display_rank":2122,"lon":48.207289,"lat":38.967227},"geometry":{"type":"Point","coordinates":[48.2072889,38.967227400000006]}},{"type":"Feature","properties":{"poi_id":"OSM_cultural_5414843589","label":"İsimsiz kayıt","thesis_group":"HISTORICAL_CULTURAL","thesis_subtype":"attraction","icon_id":"cultural_historic","name_quality":"MISSING","rayon":"Culfa rayonu","rayon_id":"AZE_ADM2_54616110B53393721771174","verification_status":"PROVISIONAL","source_role":"MASTER_GIS","display_rank":2123,"lon":45.587499,"lat":38.971358},"geometry":{"type":"Point","coordinates":[45.587498800000006,38.971358]}},{"type":"Feature","properties":{"poi_id":"OSM_cultural_5493233221","label":"İsimsiz kayıt","thesis_group":"HISTORICAL_CULTURAL","thesis_subtype":"memorial","icon_id":"cultural_historic","name_quality":"MISSING","rayon":"Bakı şəhəri","rayon_id":"AZE_ADM2_54616110B61947743987915","verification_status":"PROVISIONAL","source_role":"MASTER_GIS","display_rank":2124,"lon":49.753952,"lat":40.429418},"geometry":{"type":"Point","coordinates":[49.7539524,40.4294182]}},{"type":"Feature","properties":{"poi_id":"OSM_cultural_5499294798","label":"İsimsiz kayıt","thesis_group":"HISTORICAL_CULTURAL","thesis_subtype":"attraction","icon_id":"cultural_historic","name_quality":"MISSING","rayon":"Kəlbəcər rayonu","rayon_id":"AZE_ADM2_54616110B37358032697149","verification_status":"PROVISIONAL","source_role":"MASTER_GIS","display_rank":2125,"lon":46.603566,"lat":40.124517},"geometry":{"type":"Point","coordinates":[46.603566300000004,40.1245166]}},{"type":"Feature","properties":{"poi_id":"OSM_cultural_5540928403","label":"İsimsiz kayıt","thesis_group":"HISTORICAL_CULTURAL","thesis_subtype":"monument","icon_id":"cultural_monument","name_quality":"MISSING","rayon":"Qax rayonu","rayon_id":"AZE_ADM2_54616110B49356278605879","verification_status":"PROVISIONAL","source_role":"MASTER_GIS","display_rank":2126,"lon":46.927148,"lat":41.419775},"geometry":{"type":"Point","coordinates":[46.927148300000006,41.4197751]}},{"type":"Feature","properties":{"poi_id":"OSM_cultural_5611909626","label":"İsimsiz kayıt","thesis_group":"HISTORICAL_CULTURAL","thesis_subtype":"place_of_worship","icon_id":"cultural_historic","name_quality":"MISSING","rayon":"Bakı şəhəri","rayon_id":"AZE_ADM2_54616110B61947743987915","verification_status":"PROVISIONAL","source_role":"MASTER_GIS","display_rank":2127,"lon":49.948026,"lat":40.386221},"geometry":{"type":"Point","coordinates":[49.9480262,40.3862207]}},{"type":"Feature","properties":{"poi_id":"OSM_cultural_5768517154","label":"İsimsiz kayıt","thesis_group":"HISTORICAL_CULTURAL","thesis_subtype":"museum","icon_id":"cultural_museum","name_quality":"MISSING","rayon":"Bakı şəhəri","rayon_id":"AZE_ADM2_54616110B61947743987915","verification_status":"PROVISIONAL","source_role":"MASTER_GIS","display_rank":2128,"lon":50.299911,"lat":40.40525},"geometry":{"type":"Point","coordinates":[50.299911400000006,40.4052501]}},{"type":"Feature","properties":{"poi_id":"OSM_cultural_5961417000","label":"İsimsiz kayıt","thesis_group":"HISTORICAL_CULTURAL","thesis_subtype":"memorial","icon_id":"cultural_historic","name_quality":"MISSING","rayon":"Yardımlı rayonu","rayon_id":"AZE_ADM2_54616110B63590673188827","verification_status":"PROVISIONAL","source_role":"MASTER_GIS","display_rank":2129,"lon":48.055648,"lat":38.922275},"geometry":{"type":"Point","coordinates":[48.0556482,38.922275400000004]}},{"type":"Feature","properties":{"poi_id":"OSM_cultural_5961422424","label":"İsimsiz kayıt","thesis_group":"HISTORICAL_CULTURAL","thesis_subtype":"place_of_worship","icon_id":"cultural_historic","name_quality":"MISSING","rayon":"Yardımlı rayonu","rayon_id":"AZE_ADM2_54616110B63590673188827","verification_status":"PROVISIONAL","source_role":"MASTER_GIS","display_rank":2130,"lon":48.057317,"lat":38.921514},"geometry":{"type":"Point","coordinates":[48.0573173,38.921513600000004]}},{"type":"Feature","properties":{"poi_id":"OSM_cultural_5990491293","label":"İsimsiz kayıt","thesis_group":"HISTORICAL_CULTURAL","thesis_subtype":"museum","icon_id":"cultural_museum","name_quality":"MISSING","rayon":"Quba rayonu","rayon_id":"AZE_ADM2_54616110B77048085748362","verification_status":"PROVISIONAL","source_role":"MASTER_GIS","display_rank":2131,"lon":48.551721,"lat":41.365013},"geometry":{"type":"Point","coordinates":[48.551720700000004,41.3650132]}},{"type":"Feature","properties":{"poi_id":"OSM_cultural_6166727090","label":"İsimsiz kayıt","thesis_group":"HISTORICAL_CULTURAL","thesis_subtype":"ruins","icon_id":"cultural_historic","name_quality":"MISSING","rayon":"Qazax rayonu","rayon_id":"AZE_ADM2_54616110B43488292017990","verification_status":"PROVISIONAL","source_role":"MASTER_GIS","display_rank":2133,"lon":45.233173,"lat":41.127645},"geometry":{"type":"Point","coordinates":[45.233173300000004,41.127644700000005]}},{"type":"Feature","properties":{"poi_id":"OSM_cultural_6338543210","label":"İsimsiz kayıt","thesis_group":"HISTORICAL_CULTURAL","thesis_subtype":"place_of_worship","icon_id":"cultural_historic","name_quality":"MISSING","rayon":"Kürdəmir rayonu","rayon_id":"AZE_ADM2_54616110B82810927503709","verification_status":"PROVISIONAL","source_role":"MASTER_GIS","display_rank":2135,"lon":48.130879,"lat":40.201222},"geometry":{"type":"Point","coordinates":[48.130878800000005,40.201222400000006]}},{"type":"Feature","properties":{"poi_id":"OSM_cultural_6434248082","label":"İsimsiz kayıt","thesis_group":"HISTORICAL_CULTURAL","thesis_subtype":"museum","icon_id":"cultural_museum","name_quality":"MISSING","rayon":"Bakı şəhəri","rayon_id":"AZE_ADM2_54616110B61947743987915","verification_status":"PROVISIONAL","source_role":"MASTER_GIS","display_rank":2136,"lon":49.82751,"lat":40.369723},"geometry":{"type":"Point","coordinates":[49.8275098,40.3697231]}},{"type":"Feature","properties":{"poi_id":"OSM_cultural_6578363620","label":"İsimsiz kayıt","thesis_group":"HISTORICAL_CULTURAL","thesis_subtype":"ruins","icon_id":"cultural_historic","name_quality":"MISSING","rayon":"Şəki rayonu","rayon_id":"AZE_ADM2_54616110B25010354244926","verification_status":"PROVISIONAL","source_role":"MASTER_GIS","display_rank":2138,"lon":47.294071,"lat":41.139732},"geometry":{"type":"Point","coordinates":[47.294071,41.139731700000006]}},{"type":"Feature","properties":{"poi_id":"OSM_cultural_6693636985","label":"İsimsiz kayıt","thesis_group":"HISTORICAL_CULTURAL","thesis_subtype":"place_of_worship","icon_id":"cultural_historic","name_quality":"MISSING","rayon":"Xaçmaz rayonu","rayon_id":"AZE_ADM2_54616110B89497242950609","verification_status":"PROVISIONAL","source_role":"MASTER_GIS","display_rank":2139,"lon":48.803267,"lat":41.460108},"geometry":{"type":"Point","coordinates":[48.80326650000001,41.4601078]}},{"type":"Feature","properties":{"poi_id":"OSM_cultural_6945074900","label":"İsimsiz kayıt","thesis_group":"HISTORICAL_CULTURAL","thesis_subtype":"place_of_worship","icon_id":"cultural_historic","name_quality":"MISSING","rayon":"Xocavənd rayonu","rayon_id":"AZE_ADM2_54616110B38461317640181","verification_status":"PROVISIONAL","source_role":"MASTER_GIS","display_rank":2140,"lon":47.022481,"lat":39.513606},"geometry":{"type":"Point","coordinates":[47.0224806,39.5136059]}},{"type":"Feature","properties":{"poi_id":"OSM_cultural_6987920607","label":"İsimsiz kayıt","thesis_group":"HISTORICAL_CULTURAL","thesis_subtype":"tomb","icon_id":"cultural_historic","name_quality":"MISSING","rayon":"Hacıqabul rayonu","rayon_id":"AZE_ADM2_54616110B48173541517146","verification_status":"PROVISIONAL","source_role":"MASTER_GIS","display_rank":2141,"lon":49.008006,"lat":40.153664},"geometry":{"type":"Point","coordinates":[49.0080059,40.1536641]}},{"type":"Feature","properties":{"poi_id":"OSM_cultural_7142838786","label":"İsimsiz kayıt","thesis_group":"HISTORICAL_CULTURAL","thesis_subtype":"place_of_worship","icon_id":"cultural_historic","name_quality":"MISSING","rayon":"Babək rayonu","rayon_id":"AZE_ADM2_54616110B53070579367508","verification_status":"PROVISIONAL","source_role":"MASTER_GIS","display_rank":2142,"lon":45.393788,"lat":39.085363},"geometry":{"type":"Point","coordinates":[45.393788,39.085363400000006]}},{"type":"Feature","properties":{"poi_id":"OSM_cultural_7142852785","label":"İsimsiz kayıt","thesis_group":"HISTORICAL_CULTURAL","thesis_subtype":"place_of_worship","icon_id":"cultural_historic","name_quality":"MISSING","rayon":"Babək rayonu","rayon_id":"AZE_ADM2_54616110B53070579367508","verification_status":"PROVISIONAL","source_role":"MASTER_GIS","display_rank":2143,"lon":45.393677,"lat":39.085509},"geometry":{"type":"Point","coordinates":[45.3936774,39.0855088]}},{"type":"Feature","properties":{"poi_id":"OSM_cultural_7297379832","label":"İsimsiz kayıt","thesis_group":"HISTORICAL_CULTURAL","thesis_subtype":"archaeological_site","icon_id":"cultural_archaeology","name_quality":"MISSING","rayon":"Siyəzən rayonu","rayon_id":"AZE_ADM2_54616110B9592293002412","verification_status":"PROVISIONAL","source_role":"MASTER_GIS","display_rank":2144,"lon":49.21117,"lat":40.94139},"geometry":{"type":"Point","coordinates":[49.21117,40.941390000000006]}},{"type":"Feature","properties":{"poi_id":"OSM_cultural_7688446707","label":"İsimsiz kayıt","thesis_group":"HISTORICAL_CULTURAL","thesis_subtype":"place_of_worship","icon_id":"cultural_historic","name_quality":"MISSING","rayon":"Xaçmaz rayonu","rayon_id":"AZE_ADM2_54616110B89497242950609","verification_status":"PROVISIONAL","source_role":"MASTER_GIS","display_rank":2145,"lon":48.669726,"lat":41.772524},"geometry":{"type":"Point","coordinates":[48.6697259,41.7725239]}},{"type":"Feature","properties":{"poi_id":"OSM_cultural_7691298944","label":"İsimsiz kayıt","thesis_group":"HISTORICAL_CULTURAL","thesis_subtype":"museum","icon_id":"cultural_museum","name_quality":"MISSING","rayon":"Xaçmaz rayonu","rayon_id":"AZE_ADM2_54616110B89497242950609","verification_status":"PROVISIONAL","source_role":"MASTER_GIS","display_rank":2146,"lon":48.631869,"lat":41.687574},"geometry":{"type":"Point","coordinates":[48.631869300000005,41.6875736]}},{"type":"Feature","properties":{"poi_id":"OSM_cultural_7692382940","label":"İsimsiz kayıt","thesis_group":"HISTORICAL_CULTURAL","thesis_subtype":"museum","icon_id":"cultural_museum","name_quality":"MISSING","rayon":"Qusar rayonu","rayon_id":"AZE_ADM2_54616110B21517829058101","verification_status":"PROVISIONAL","source_role":"MASTER_GIS","display_rank":2147,"lon":48.436368,"lat":41.554574},"geometry":{"type":"Point","coordinates":[48.436368400000006,41.554573700000006]}},{"type":"Feature","properties":{"poi_id":"OSM_cultural_7693131667","label":"İsimsiz kayıt","thesis_group":"HISTORICAL_CULTURAL","thesis_subtype":"museum","icon_id":"cultural_museum","name_quality":"MISSING","rayon":"Qusar rayonu","rayon_id":"AZE_ADM2_54616110B21517829058101","verification_status":"PROVISIONAL","source_role":"MASTER_GIS","display_rank":2148,"lon":48.407848,"lat":41.412677},"geometry":{"type":"Point","coordinates":[48.4078485,41.412676600000005]}},{"type":"Feature","properties":{"poi_id":"OSM_cultural_7693131680","label":"İsimsiz kayıt","thesis_group":"HISTORICAL_CULTURAL","thesis_subtype":"museum","icon_id":"cultural_museum","name_quality":"MISSING","rayon":"Qusar rayonu","rayon_id":"AZE_ADM2_54616110B21517829058101","verification_status":"PROVISIONAL","source_role":"MASTER_GIS","display_rank":2149,"lon":48.43157,"lat":41.426591},"geometry":{"type":"Point","coordinates":[48.4315699,41.4265911]}},{"type":"Feature","properties":{"poi_id":"OSM_cultural_7726521980","label":"İsimsiz kayıt","thesis_group":"HISTORICAL_CULTURAL","thesis_subtype":"museum","icon_id":"cultural_museum","name_quality":"MISSING","rayon":"Xaçmaz rayonu","rayon_id":"AZE_ADM2_54616110B89497242950609","verification_status":"PROVISIONAL","source_role":"MASTER_GIS","display_rank":2150,"lon":48.795162,"lat":41.458747},"geometry":{"type":"Point","coordinates":[48.795162100000006,41.458747100000004]}},{"type":"Feature","properties":{"poi_id":"OSM_cultural_7734797637","label":"İsimsiz kayıt","thesis_group":"HISTORICAL_CULTURAL","thesis_subtype":"museum","icon_id":"cultural_museum","name_quality":"MISSING","rayon":"Şamaxı rayonu","rayon_id":"AZE_ADM2_54616110B16651088424667","verification_status":"PROVISIONAL","source_role":"MASTER_GIS","display_rank":2151,"lon":48.644258,"lat":40.609172},"geometry":{"type":"Point","coordinates":[48.644258300000004,40.6091716]}},{"type":"Feature","properties":{"poi_id":"OSM_cultural_7768105708","label":"İsimsiz kayıt","thesis_group":"HISTORICAL_CULTURAL","thesis_subtype":"museum","icon_id":"cultural_museum","name_quality":"MISSING","rayon":"Şamaxı rayonu","rayon_id":"AZE_ADM2_54616110B16651088424667","verification_status":"PROVISIONAL","source_role":"MASTER_GIS","display_rank":2152,"lon":48.562258,"lat":40.612201},"geometry":{"type":"Point","coordinates":[48.562257900000006,40.612201400000004]}},{"type":"Feature","properties":{"poi_id":"OSM_cultural_7787725752","label":"İsimsiz kayıt","thesis_group":"HISTORICAL_CULTURAL","thesis_subtype":"museum","icon_id":"cultural_museum","name_quality":"MISSING","rayon":"Şamaxı rayonu","rayon_id":"AZE_ADM2_54616110B16651088424667","verification_status":"PROVISIONAL","source_role":"MASTER_GIS","display_rank":2153,"lon":48.641632,"lat":40.627957},"geometry":{"type":"Point","coordinates":[48.6416325,40.627957300000006]}},{"type":"Feature","properties":{"poi_id":"OSM_cultural_7802129448","label":"İsimsiz kayıt","thesis_group":"HISTORICAL_CULTURAL","thesis_subtype":"memorial","icon_id":"cultural_historic","name_quality":"MISSING","rayon":"Sumqayıt şəhəri","rayon_id":"AZE_ADM2_54616110B75219613739908","verification_status":"PROVISIONAL","source_role":"MASTER_GIS","display_rank":2154,"lon":49.672847,"lat":40.589641},"geometry":{"type":"Point","coordinates":[49.6728466,40.5896411]}},{"type":"Feature","properties":{"poi_id":"OSM_cultural_7803926536","label":"İsimsiz kayıt","thesis_group":"HISTORICAL_CULTURAL","thesis_subtype":"museum","icon_id":"cultural_museum","name_quality":"MISSING","rayon":"İsmayıllı rayonu","rayon_id":"AZE_ADM2_54616110B45290451128830","verification_status":"PROVISIONAL","source_role":"MASTER_GIS","display_rank":2155,"lon":48.144242,"lat":40.783973},"geometry":{"type":"Point","coordinates":[48.1442423,40.7839727]}},{"type":"Feature","properties":{"poi_id":"OSM_cultural_7829903390","label":"İsimsiz kayıt","thesis_group":"HISTORICAL_CULTURAL","thesis_subtype":"museum","icon_id":"cultural_museum","name_quality":"MISSING","rayon":"Qəbələ rayonu","rayon_id":"AZE_ADM2_54616110B33746839775993","verification_status":"PROVISIONAL","source_role":"MASTER_GIS","display_rank":2156,"lon":47.845306,"lat":40.976101},"geometry":{"type":"Point","coordinates":[47.8453061,40.9761013]}},{"type":"Feature","properties":{"poi_id":"OSM_cultural_7880455285","label":"İsimsiz kayıt","thesis_group":"HISTORICAL_CULTURAL","thesis_subtype":"monument","icon_id":"cultural_monument","name_quality":"MISSING","rayon":"Bakı şəhəri","rayon_id":"AZE_ADM2_54616110B61947743987915","verification_status":"PROVISIONAL","source_role":"MASTER_GIS","display_rank":2157,"lon":49.839779,"lat":40.378974},"geometry":{"type":"Point","coordinates":[49.839779400000005,40.378974]}},{"type":"Feature","properties":{"poi_id":"OSM_cultural_8063379393","label":"İsimsiz kayıt","thesis_group":"HISTORICAL_CULTURAL","thesis_subtype":"museum","icon_id":"cultural_museum","name_quality":"MISSING","rayon":"Qax rayonu","rayon_id":"AZE_ADM2_54616110B49356278605879","verification_status":"PROVISIONAL","source_role":"MASTER_GIS","display_rank":2159,"lon":46.917557,"lat":41.420786},"geometry":{"type":"Point","coordinates":[46.9175569,41.4207857]}},{"type":"Feature","properties":{"poi_id":"OSM_cultural_8170800511","label":"İsimsiz kayıt","thesis_group":"HISTORICAL_CULTURAL","thesis_subtype":"city_gate","icon_id":"cultural_historic","name_quality":"MISSING","rayon":"Zaqatala rayonu","rayon_id":"AZE_ADM2_54616110B4759617374649","verification_status":"PROVISIONAL","source_role":"MASTER_GIS","display_rank":2160,"lon":46.649513,"lat":41.638256},"geometry":{"type":"Point","coordinates":[46.649513000000006,41.6382556]}},{"type":"Feature","properties":{"poi_id":"OSM_cultural_8170800514","label":"İsimsiz kayıt","thesis_group":"HISTORICAL_CULTURAL","thesis_subtype":"manor","icon_id":"cultural_historic","name_quality":"MISSING","rayon":"Zaqatala rayonu","rayon_id":"AZE_ADM2_54616110B4759617374649","verification_status":"PROVISIONAL","source_role":"MASTER_GIS","display_rank":2161,"lon":46.651855,"lat":41.637013},"geometry":{"type":"Point","coordinates":[46.651854500000006,41.6370134]}},{"type":"Feature","properties":{"poi_id":"OSM_cultural_8188126240","label":"İsimsiz kayıt","thesis_group":"HISTORICAL_CULTURAL","thesis_subtype":"ruins","icon_id":"cultural_historic","name_quality":"MISSING","rayon":"Zaqatala rayonu","rayon_id":"AZE_ADM2_54616110B4759617374649","verification_status":"PROVISIONAL","source_role":"MASTER_GIS","display_rank":2162,"lon":46.571243,"lat":41.651575},"geometry":{"type":"Point","coordinates":[46.5712434,41.6515752]}},{"type":"Feature","properties":{"poi_id":"OSM_cultural_8497832296","label":"İsimsiz kayıt","thesis_group":"HISTORICAL_CULTURAL","thesis_subtype":"museum","icon_id":"cultural_museum","name_quality":"MISSING","rayon":"İsmayıllı rayonu","rayon_id":"AZE_ADM2_54616110B45290451128830","verification_status":"PROVISIONAL","source_role":"MASTER_GIS","display_rank":2163,"lon":48.037282,"lat":40.744568},"geometry":{"type":"Point","coordinates":[48.0372825,40.7445685]}},{"type":"Feature","properties":{"poi_id":"OSM_cultural_8517872576","label":"İsimsiz kayıt","thesis_group":"HISTORICAL_CULTURAL","thesis_subtype":"place_of_worship","icon_id":"cultural_historic","name_quality":"MISSING","rayon":"Balakən rayonu","rayon_id":"AZE_ADM2_54616110B63924922129682","verification_status":"PROVISIONAL","source_role":"MASTER_GIS","display_rank":2164,"lon":46.228085,"lat":41.775818},"geometry":{"type":"Point","coordinates":[46.228084800000005,41.775818400000006]}},{"type":"Feature","properties":{"poi_id":"OSM_cultural_8517995534","label":"İsimsiz kayıt","thesis_group":"HISTORICAL_CULTURAL","thesis_subtype":"ruins","icon_id":"cultural_historic","name_quality":"MISSING","rayon":"Balakən rayonu","rayon_id":"AZE_ADM2_54616110B63924922129682","verification_status":"PROVISIONAL","source_role":"MASTER_GIS","display_rank":2165,"lon":46.303378,"lat":41.775892},"geometry":{"type":"Point","coordinates":[46.303377700000006,41.775892400000004]}},{"type":"Feature","properties":{"poi_id":"OSM_cultural_8557058037","label":"İsimsiz kayıt","thesis_group":"HISTORICAL_CULTURAL","thesis_subtype":"castle","icon_id":"cultural_castle","name_quality":"MISSING","rayon":"Lənkəran rayonu","rayon_id":"AZE_ADM2_54616110B2076465815790","verification_status":"PROVISIONAL","source_role":"MASTER_GIS","display_rank":2166,"lon":48.826918,"lat":38.811688},"geometry":{"type":"Point","coordinates":[48.826917900000005,38.8116878]}},{"type":"Feature","properties":{"poi_id":"OSM_cultural_8587344562","label":"İsimsiz kayıt","thesis_group":"HISTORICAL_CULTURAL","thesis_subtype":"monument","icon_id":"cultural_monument","name_quality":"MISSING","rayon":"Göyçay rayonu","rayon_id":"AZE_ADM2_54616110B88730523237575","verification_status":"PROVISIONAL","source_role":"MASTER_GIS","display_rank":2167,"lon":47.830488,"lat":40.638398},"geometry":{"type":"Point","coordinates":[47.830488200000005,40.6383985]}},{"type":"Feature","properties":{"poi_id":"OSM_cultural_8593071657","label":"İsimsiz kayıt","thesis_group":"HISTORICAL_CULTURAL","thesis_subtype":"monument","icon_id":"cultural_monument","name_quality":"MISSING","rayon":"Göyçay rayonu","rayon_id":"AZE_ADM2_54616110B88730523237575","verification_status":"PROVISIONAL","source_role":"MASTER_GIS","display_rank":2168,"lon":47.73766,"lat":40.650973},"geometry":{"type":"Point","coordinates":[47.7376603,40.6509732]}},{"type":"Feature","properties":{"poi_id":"OSM_cultural_8593185785","label":"İsimsiz kayıt","thesis_group":"HISTORICAL_CULTURAL","thesis_subtype":"monument","icon_id":"cultural_monument","name_quality":"MISSING","rayon":"Göyçay rayonu","rayon_id":"AZE_ADM2_54616110B88730523237575","verification_status":"PROVISIONAL","source_role":"MASTER_GIS","display_rank":2169,"lon":47.749601,"lat":40.636242},"geometry":{"type":"Point","coordinates":[47.749600900000004,40.636242]}},{"type":"Feature","properties":{"poi_id":"OSM_cultural_8902010911","label":"İsimsiz kayıt","thesis_group":"HISTORICAL_CULTURAL","thesis_subtype":"museum","icon_id":"cultural_museum","name_quality":"MISSING","rayon":"Kürdəmir rayonu","rayon_id":"AZE_ADM2_54616110B82810927503709","verification_status":"PROVISIONAL","source_role":"MASTER_GIS","display_rank":2170,"lon":48.151107,"lat":40.346152},"geometry":{"type":"Point","coordinates":[48.1511074,40.346151600000006]}},{"type":"Feature","properties":{"poi_id":"OSM_cultural_8923382466","label":"İsimsiz kayıt","thesis_group":"HISTORICAL_CULTURAL","thesis_subtype":"museum","icon_id":"cultural_museum","name_quality":"MISSING","rayon":"Kürdəmir rayonu","rayon_id":"AZE_ADM2_54616110B82810927503709","verification_status":"PROVISIONAL","source_role":"MASTER_GIS","display_rank":2171,"lon":48.411346,"lat":40.260886},"geometry":{"type":"Point","coordinates":[48.4113461,40.260885800000004]}},{"type":"Feature","properties":{"poi_id":"OSM_cultural_8927317167","label":"İsimsiz kayıt","thesis_group":"HISTORICAL_CULTURAL","thesis_subtype":"ruins","icon_id":"cultural_historic","name_quality":"MISSING","rayon":"Samux rayonu","rayon_id":"AZE_ADM2_54616110B65018719015844","verification_status":"PROVISIONAL","source_role":"MASTER_GIS","display_rank":2172,"lon":46.503054,"lat":41.061844},"geometry":{"type":"Point","coordinates":[46.5030544,41.061843800000005]}},{"type":"Feature","properties":{"poi_id":"OSM_cultural_8927317168","label":"İsimsiz kayıt","thesis_group":"HISTORICAL_CULTURAL","thesis_subtype":"ruins","icon_id":"cultural_historic","name_quality":"MISSING","rayon":"Samux rayonu","rayon_id":"AZE_ADM2_54616110B65018719015844","verification_status":"PROVISIONAL","source_role":"MASTER_GIS","display_rank":2173,"lon":46.447132,"lat":41.150987},"geometry":{"type":"Point","coordinates":[46.447132100000005,41.1509869]}},{"type":"Feature","properties":{"poi_id":"OSM_cultural_8927317169","label":"İsimsiz kayıt","thesis_group":"HISTORICAL_CULTURAL","thesis_subtype":"ruins","icon_id":"cultural_historic","name_quality":"MISSING","rayon":"Samux rayonu","rayon_id":"AZE_ADM2_54616110B65018719015844","verification_status":"PROVISIONAL","source_role":"MASTER_GIS","display_rank":2174,"lon":46.418057,"lat":41.157603},"geometry":{"type":"Point","coordinates":[46.418057000000005,41.1576029]}},{"type":"Feature","properties":{"poi_id":"OSM_cultural_8927317170","label":"İsimsiz kayıt","thesis_group":"HISTORICAL_CULTURAL","thesis_subtype":"ruins","icon_id":"cultural_historic","name_quality":"MISSING","rayon":"Samux rayonu","rayon_id":"AZE_ADM2_54616110B65018719015844","verification_status":"PROVISIONAL","source_role":"MASTER_GIS","display_rank":2175,"lon":46.259657,"lat":41.186041},"geometry":{"type":"Point","coordinates":[46.259656500000006,41.186041200000005]}},{"type":"Feature","properties":{"poi_id":"OSM_cultural_9101649258","label":"İsimsiz kayıt","thesis_group":"HISTORICAL_CULTURAL","thesis_subtype":"monument","icon_id":"cultural_monument","name_quality":"MISSING","rayon":"Xocavənd rayonu","rayon_id":"AZE_ADM2_54616110B38461317640181","verification_status":"PROVISIONAL","source_role":"MASTER_GIS","display_rank":2177,"lon":47.007275,"lat":39.406478},"geometry":{"type":"Point","coordinates":[47.007275,39.4064777]}},{"type":"Feature","properties":{"poi_id":"OSM_cultural_9175150506","label":"İsimsiz kayıt","thesis_group":"HISTORICAL_CULTURAL","thesis_subtype":"monument","icon_id":"cultural_monument","name_quality":"MISSING","rayon":"Lerik rayonu","rayon_id":"AZE_ADM2_54616110B59366301344355","verification_status":"PROVISIONAL","source_role":"MASTER_GIS","display_rank":2178,"lon":48.311998,"lat":38.605331},"geometry":{"type":"Point","coordinates":[48.311997500000004,38.605330800000004]}},{"type":"Feature","properties":{"poi_id":"OSM_cultural_9341696397","label":"İsimsiz kayıt","thesis_group":"HISTORICAL_CULTURAL","thesis_subtype":"museum","icon_id":"cultural_museum","name_quality":"MISSING","rayon":"Yevlax şəhəri","rayon_id":"AZE_ADM2_54616110B78344971255813","verification_status":"PROVISIONAL","source_role":"MASTER_GIS","display_rank":2179,"lon":47.144842,"lat":40.604301},"geometry":{"type":"Point","coordinates":[47.1448418,40.6043006]}},{"type":"Feature","properties":{"poi_id":"OSM_cultural_9435125550","label":"İsimsiz kayıt","thesis_group":"HISTORICAL_CULTURAL","thesis_subtype":"place_of_worship","icon_id":"cultural_historic","name_quality":"MISSING","rayon":"İsmayıllı rayonu","rayon_id":"AZE_ADM2_54616110B45290451128830","verification_status":"PROVISIONAL","source_role":"MASTER_GIS","display_rank":2180,"lon":48.032381,"lat":40.746797},"geometry":{"type":"Point","coordinates":[48.032380800000006,40.746796700000004]}},{"type":"Feature","properties":{"poi_id":"OSM_cultural_9586385279","label":"İsimsiz kayıt","thesis_group":"HISTORICAL_CULTURAL","thesis_subtype":"monument","icon_id":"cultural_monument","name_quality":"MISSING","rayon":"Göygöl rayonu","rayon_id":"AZE_ADM2_54616110B13615645655589","verification_status":"PROVISIONAL","source_role":"MASTER_GIS","display_rank":2181,"lon":46.313542,"lat":40.789053},"geometry":{"type":"Point","coordinates":[46.3135421,40.7890529]}},{"type":"Feature","properties":{"poi_id":"OSM_cultural_9812789070","label":"İsimsiz kayıt","thesis_group":"HISTORICAL_CULTURAL","thesis_subtype":"museum","icon_id":"cultural_museum","name_quality":"MISSING","rayon":"Bakı şəhəri","rayon_id":"AZE_ADM2_54616110B61947743987915","verification_status":"PROVISIONAL","source_role":"MASTER_GIS","display_rank":2182,"lon":49.842573,"lat":40.369584},"geometry":{"type":"Point","coordinates":[49.8425729,40.3695838]}},{"type":"Feature","properties":{"poi_id":"OSM_cultural_9980320360","label":"İsimsiz kayıt","thesis_group":"HISTORICAL_CULTURAL","thesis_subtype":"museum","icon_id":"cultural_museum","name_quality":"MISSING","rayon":"Bakı şəhəri","rayon_id":"AZE_ADM2_54616110B61947743987915","verification_status":"PROVISIONAL","source_role":"MASTER_GIS","display_rank":2183,"lon":50.332325,"lat":40.460166},"geometry":{"type":"Point","coordinates":[50.3323254,40.4601665]}},{"type":"Feature","properties":{"poi_id":"OSM_cultural_10015409809","label":"İsimsiz kayıt","thesis_group":"HISTORICAL_CULTURAL","thesis_subtype":"museum","icon_id":"cultural_museum","name_quality":"MISSING","rayon":"Naxçıvan şəhəri","rayon_id":"AZE_ADM2_54616110B79262118902245","verification_status":"PROVISIONAL","source_role":"MASTER_GIS","display_rank":2184,"lon":45.401386,"lat":39.221206},"geometry":{"type":"Point","coordinates":[45.4013861,39.2212061]}},{"type":"Feature","properties":{"poi_id":"OSM_cultural_10292075809","label":"İsimsiz kayıt","thesis_group":"HISTORICAL_CULTURAL","thesis_subtype":"monument","icon_id":"cultural_monument","name_quality":"MISSING","rayon":"Bakı şəhəri","rayon_id":"AZE_ADM2_54616110B61947743987915","verification_status":"PROVISIONAL","source_role":"MASTER_GIS","display_rank":2185,"lon":49.814576,"lat":40.436302},"geometry":{"type":"Point","coordinates":[49.8145759,40.4363015]}},{"type":"Feature","properties":{"poi_id":"OSM_cultural_10615738006","label":"İsimsiz kayıt","thesis_group":"HISTORICAL_CULTURAL","thesis_subtype":"archaeological_site","icon_id":"cultural_archaeology","name_quality":"MISSING","rayon":"Bakı şəhəri","rayon_id":"AZE_ADM2_54616110B61947743987915","verification_status":"PROVISIONAL","source_role":"MASTER_GIS","display_rank":2186,"lon":50.116679,"lat":40.516097},"geometry":{"type":"Point","coordinates":[50.116679100000006,40.516096700000006]}},{"type":"Feature","properties":{"poi_id":"OSM_cultural_10681760942","label":"İsimsiz kayıt","thesis_group":"HISTORICAL_CULTURAL","thesis_subtype":"monument","icon_id":"cultural_monument","name_quality":"MISSING","rayon":"Bakı şəhəri","rayon_id":"AZE_ADM2_54616110B61947743987915","verification_status":"PROVISIONAL","source_role":"MASTER_GIS","display_rank":2187,"lon":50.151448,"lat":40.490407},"geometry":{"type":"Point","coordinates":[50.151448,40.490407100000006]}},{"type":"Feature","properties":{"poi_id":"OSM_cultural_10816913348","label":"İsimsiz kayıt","thesis_group":"HISTORICAL_CULTURAL","thesis_subtype":"memorial","icon_id":"cultural_historic","name_quality":"MISSING","rayon":"Bakı şəhəri","rayon_id":"AZE_ADM2_54616110B61947743987915","verification_status":"PROVISIONAL","source_role":"MASTER_GIS","display_rank":2188,"lon":49.948308,"lat":40.447122},"geometry":{"type":"Point","coordinates":[49.9483082,40.4471216]}},{"type":"Feature","properties":{"poi_id":"OSM_cultural_10966099122","label":"İsimsiz kayıt","thesis_group":"HISTORICAL_CULTURAL","thesis_subtype":"museum","icon_id":"cultural_museum","name_quality":"MISSING","rayon":"Abşeron rayonu","rayon_id":"AZE_ADM2_54616110B88432173472444","verification_status":"PROVISIONAL","source_role":"MASTER_GIS","display_rank":2190,"lon":49.745645,"lat":40.45082},"geometry":{"type":"Point","coordinates":[49.745644500000004,40.4508201]}},{"type":"Feature","properties":{"poi_id":"OSM_cultural_11133446405","label":"İsimsiz kayıt","thesis_group":"HISTORICAL_CULTURAL","thesis_subtype":"museum","icon_id":"cultural_museum","name_quality":"MISSING","rayon":"Qəbələ rayonu","rayon_id":"AZE_ADM2_54616110B33746839775993","verification_status":"PROVISIONAL","source_role":"MASTER_GIS","display_rank":2191,"lon":47.652936,"lat":40.915778},"geometry":{"type":"Point","coordinates":[47.6529365,40.9157778]}},{"type":"Feature","properties":{"poi_id":"OSM_cultural_12108723961","label":"İsimsiz kayıt","thesis_group":"HISTORICAL_CULTURAL","thesis_subtype":"monument","icon_id":"cultural_monument","name_quality":"MISSING","rayon":"Xocalı rayonu","rayon_id":"AZE_ADM2_54616110B87325868620163","verification_status":"PROVISIONAL","source_role":"MASTER_GIS","display_rank":2193,"lon":46.753188,"lat":39.817849},"geometry":{"type":"Point","coordinates":[46.753188400000006,39.8178487]}},{"type":"Feature","properties":{"poi_id":"OSM_cultural_12237186743","label":"İsimsiz kayıt","thesis_group":"HISTORICAL_CULTURAL","thesis_subtype":"place_of_worship","icon_id":"cultural_historic","name_quality":"MISSING","rayon":"Bakı şəhəri","rayon_id":"AZE_ADM2_54616110B61947743987915","verification_status":"PROVISIONAL","source_role":"MASTER_GIS","display_rank":2195,"lon":49.828796,"lat":40.366714},"geometry":{"type":"Point","coordinates":[49.82879560000001,40.3667145]}},{"type":"Feature","properties":{"poi_id":"OSM_cultural_12278135273","label":"İsimsiz kayıt","thesis_group":"HISTORICAL_CULTURAL","thesis_subtype":"ruins","icon_id":"cultural_historic","name_quality":"MISSING","rayon":"Qazax rayonu","rayon_id":"AZE_ADM2_54616110B43488292017990","verification_status":"PROVISIONAL","source_role":"MASTER_GIS","display_rank":2196,"lon":45.012744,"lat":41.059123},"geometry":{"type":"Point","coordinates":[45.0127443,41.0591233]}},{"type":"Feature","properties":{"poi_id":"OSM_cultural_12517782627","label":"İsimsiz kayıt","thesis_group":"HISTORICAL_CULTURAL","thesis_subtype":"boundary_stone","icon_id":"cultural_historic","name_quality":"MISSING","rayon":"Xaçmaz rayonu","rayon_id":"AZE_ADM2_54616110B89497242950609","verification_status":"PROVISIONAL","source_role":"MASTER_GIS","display_rank":2197,"lon":48.554358,"lat":41.781761},"geometry":{"type":"Point","coordinates":[48.5543581,41.7817607]}},{"type":"Feature","properties":{"poi_id":"OSM_cultural_12517782628","label":"İsimsiz kayıt","thesis_group":"HISTORICAL_CULTURAL","thesis_subtype":"boundary_stone","icon_id":"cultural_historic","name_quality":"MISSING","rayon":"Xaçmaz rayonu","rayon_id":"AZE_ADM2_54616110B89497242950609","verification_status":"PROVISIONAL","source_role":"MASTER_GIS","display_rank":2198,"lon":48.555333,"lat":41.782548},"geometry":{"type":"Point","coordinates":[48.5553334,41.7825481]}},{"type":"Feature","properties":{"poi_id":"OSM_cultural_12517782629","label":"İsimsiz kayıt","thesis_group":"HISTORICAL_CULTURAL","thesis_subtype":"boundary_stone","icon_id":"cultural_historic","name_quality":"MISSING","rayon":"Xaçmaz rayonu","rayon_id":"AZE_ADM2_54616110B89497242950609","verification_status":"PROVISIONAL","source_role":"MASTER_GIS","display_rank":2199,"lon":48.555079,"lat":41.791787},"geometry":{"type":"Point","coordinates":[48.5550786,41.7917873]}},{"type":"Feature","properties":{"poi_id":"OSM_cultural_12517782630","label":"İsimsiz kayıt","thesis_group":"HISTORICAL_CULTURAL","thesis_subtype":"boundary_stone","icon_id":"cultural_historic","name_quality":"MISSING","rayon":"Xaçmaz rayonu","rayon_id":"AZE_ADM2_54616110B89497242950609","verification_status":"PROVISIONAL","source_role":"MASTER_GIS","display_rank":2200,"lon":48.557651,"lat":41.797926},"geometry":{"type":"Point","coordinates":[48.5576507,41.7979256]}},{"type":"Feature","properties":{"poi_id":"OSM_cultural_12887518992","label":"İsimsiz kayıt","thesis_group":"HISTORICAL_CULTURAL","thesis_subtype":"museum","icon_id":"cultural_museum","name_quality":"MISSING","rayon":"Goranboy rayonu","rayon_id":"AZE_ADM2_54616110B75141866412524","verification_status":"PROVISIONAL","source_role":"MASTER_GIS","display_rank":2201,"lon":46.789023,"lat":40.609703},"geometry":{"type":"Point","coordinates":[46.789022700000004,40.609703]}},{"type":"Feature","properties":{"poi_id":"OSM_cultural_12914085501","label":"İsimsiz kayıt","thesis_group":"HISTORICAL_CULTURAL","thesis_subtype":"museum","icon_id":"cultural_museum","name_quality":"MISSING","rayon":"İsmayıllı rayonu","rayon_id":"AZE_ADM2_54616110B45290451128830","verification_status":"PROVISIONAL","source_role":"MASTER_GIS","display_rank":2202,"lon":48.380859,"lat":40.845572},"geometry":{"type":"Point","coordinates":[48.380859300000004,40.8455725]}},{"type":"Feature","properties":{"poi_id":"OSM_cultural_12999943306","label":"İsimsiz kayıt","thesis_group":"HISTORICAL_CULTURAL","thesis_subtype":"monument","icon_id":"cultural_monument","name_quality":"MISSING","rayon":"Şirvan şəhəri","rayon_id":"AZE_ADM2_54616110B45272408011177","verification_status":"PROVISIONAL","source_role":"MASTER_GIS","display_rank":2203,"lon":48.940431,"lat":39.965161},"geometry":{"type":"Point","coordinates":[48.940430600000006,39.9651609]}},{"type":"Feature","properties":{"poi_id":"OSM_cultural_13136975019","label":"İsimsiz kayıt","thesis_group":"HISTORICAL_CULTURAL","thesis_subtype":"place_of_worship","icon_id":"cultural_historic","name_quality":"MISSING","rayon":"Bakı şəhəri","rayon_id":"AZE_ADM2_54616110B61947743987915","verification_status":"PROVISIONAL","source_role":"MASTER_GIS","display_rank":2204,"lon":50.049055,"lat":40.462822},"geometry":{"type":"Point","coordinates":[50.049054600000005,40.462822100000004]}},{"type":"Feature","properties":{"poi_id":"OSM_cultural_13136975020","label":"İsimsiz kayıt","thesis_group":"HISTORICAL_CULTURAL","thesis_subtype":"place_of_worship","icon_id":"cultural_historic","name_quality":"MISSING","rayon":"Bakı şəhəri","rayon_id":"AZE_ADM2_54616110B61947743987915","verification_status":"PROVISIONAL","source_role":"MASTER_GIS","display_rank":2205,"lon":50.049125,"lat":40.462764},"geometry":{"type":"Point","coordinates":[50.049124600000006,40.4627635]}},{"type":"Feature","properties":{"poi_id":"OSM_cultural_13448807602","label":"İsimsiz kayıt","thesis_group":"HISTORICAL_CULTURAL","thesis_subtype":"museum","icon_id":"cultural_museum","name_quality":"MISSING","rayon":"Salyan rayonu","rayon_id":"AZE_ADM2_54616110B55207089168458","verification_status":"PROVISIONAL","source_role":"MASTER_GIS","display_rank":2206,"lon":48.961939,"lat":39.600567},"geometry":{"type":"Point","coordinates":[48.9619392,39.6005672]}},{"type":"Feature","properties":{"poi_id":"OSM_cultural_13902883501","label":"İsimsiz kayıt","thesis_group":"HISTORICAL_CULTURAL","thesis_subtype":"place_of_worship","icon_id":"cultural_historic","name_quality":"MISSING","rayon":"Bakı şəhəri","rayon_id":"AZE_ADM2_54616110B61947743987915","verification_status":"PROVISIONAL","source_role":"MASTER_GIS","display_rank":2208,"lon":49.843978,"lat":40.404557},"geometry":{"type":"Point","coordinates":[49.8439781,40.4045574]}},{"type":"Feature","properties":{"poi_id":"OSM_cultural_13903617202","label":"İsimsiz kayıt","thesis_group":"HISTORICAL_CULTURAL","thesis_subtype":"place_of_worship","icon_id":"cultural_historic","name_quality":"MISSING","rayon":"Bakı şəhəri","rayon_id":"AZE_ADM2_54616110B61947743987915","verification_status":"PROVISIONAL","source_role":"MASTER_GIS","display_rank":2209,"lon":49.844,"lat":40.404554},"geometry":{"type":"Point","coordinates":[49.8440001,40.404554100000006]}},{"type":"Feature","properties":{"poi_id":"OSM_cultural_13903647001","label":"İsimsiz kayıt","thesis_group":"HISTORICAL_CULTURAL","thesis_subtype":"place_of_worship","icon_id":"cultural_historic","name_quality":"MISSING","rayon":"Bakı şəhəri","rayon_id":"AZE_ADM2_54616110B61947743987915","verification_status":"PROVISIONAL","source_role":"MASTER_GIS","display_rank":2210,"lon":49.843999,"lat":40.404566},"geometry":{"type":"Point","coordinates":[49.8439994,40.404566100000004]}},{"type":"Feature","properties":{"poi_id":"OSM_cultural_15921477","label":"İsimsiz kayıt","thesis_group":"HISTORICAL_CULTURAL","thesis_subtype":"place_of_worship","icon_id":"cultural_historic","name_quality":"MISSING","rayon":"Cəlilabad rayonu","rayon_id":"AZE_ADM2_54616110B78302808254353","verification_status":"PROVISIONAL","source_role":"MASTER_GIS","display_rank":2213,"lon":48.198163,"lat":39.322159},"geometry":{"type":"Point","coordinates":[48.198162950724786,39.32215878615733]}},{"type":"Feature","properties":{"poi_id":"OSM_cultural_2487610438","label":"İslam Mədrəsəsi","name_az":"İslam Mədrəsəsi","thesis_group":"HISTORICAL_CULTURAL","thesis_subtype":"place_of_worship","icon_id":"cultural_historic","name_quality":"NAMED","rayon":"Şəki şəhəri","rayon_id":"AZE_ADM2_54616110B24616396985677","verification_status":"PROVISIONAL","source_role":"MASTER_GIS","display_rank":49,"lon":47.181467,"lat":41.202715},"geometry":{"type":"Point","coordinates":[47.1814666,41.2027153]}},{"type":"Feature","properties":{"poi_id":"OSM_cultural_10243206862","label":"İslam Məscidi","name_az":"İslam Məscidi","thesis_group":"HISTORICAL_CULTURAL","thesis_subtype":"place_of_worship","icon_id":"cultural_historic","name_quality":"NAMED","rayon":"Sumqayıt şəhəri","rayon_id":"AZE_ADM2_54616110B75219613739908","verification_status":"PROVISIONAL","source_role":"MASTER_GIS","display_rank":890,"lon":49.639433,"lat":40.586104},"geometry":{"type":"Point","coordinates":[49.639433100000005,40.586104000000006]}},{"type":"Feature","properties":{"poi_id":"OSM_cultural_4025902196","label":"İslam Universiteti (Mədrəsə)","name_az":"İslam Universiteti (Mədrəsə)","thesis_group":"HISTORICAL_CULTURAL","thesis_subtype":"place_of_worship","icon_id":"cultural_historic","name_quality":"NAMED","rayon":"Lənkəran şəhəri","rayon_id":"AZE_ADM2_54616110B92317303093203","verification_status":"PROVISIONAL","source_role":"MASTER_GIS","display_rank":183,"lon":48.850936,"lat":38.759083},"geometry":{"type":"Point","coordinates":[48.8509357,38.7590826]}},{"type":"Feature","properties":{"poi_id":"OSM_cultural_8228335675","label":"İslamiyyət Məscidi \\ Yolayrıc","name_az":"İslamiyyət Məscidi \\ Yolayrıc","thesis_group":"HISTORICAL_CULTURAL","thesis_subtype":"place_of_worship","icon_id":"cultural_historic","name_quality":"NAMED","rayon":"Zaqatala rayonu","rayon_id":"AZE_ADM2_54616110B4759617374649","verification_status":"PROVISIONAL","source_role":"MASTER_GIS","display_rank":706,"lon":46.481768,"lat":41.562728},"geometry":{"type":"Point","coordinates":[46.481767600000005,41.5627283]}},{"type":"Feature","properties":{"poi_id":"OSM_cultural_12438585632","label":"İslamçılıq Məscidi \\ Kürd Eldarbəyli","name_az":"İslamçılıq Məscidi \\ Kürd Eldarbəyli","thesis_group":"HISTORICAL_CULTURAL","thesis_subtype":"place_of_worship","icon_id":"cultural_historic","name_quality":"NAMED","rayon":"İsmayıllı rayonu","rayon_id":"AZE_ADM2_54616110B45290451128830","verification_status":"PROVISIONAL","source_role":"MASTER_GIS","display_rank":1183,"lon":47.850442,"lat":40.761114},"geometry":{"type":"Point","coordinates":[47.8504425,40.761114]}},{"type":"Feature","properties":{"poi_id":"OSM_cultural_12868294043","label":"İsmailiyyə Sarayı","name_az":"İsmailiyyə Sarayı","thesis_group":"HISTORICAL_CULTURAL","thesis_subtype":"architecture","icon_id":"cultural_historic","name_quality":"NAMED","rayon":"Bakı şəhəri","rayon_id":"AZE_ADM2_54616110B61947743987915","verification_status":"PROVISIONAL","source_role":"MASTER_GIS","display_rank":1265,"lon":49.833724,"lat":40.368537},"geometry":{"type":"Point","coordinates":[49.833723500000005,40.3685373]}},{"type":"Feature","properties":{"poi_id":"OSM_cultural_7803926513","label":"İsmayilli Cümə Məscidi","name_az":"İsmayilli Cümə Məscidi","thesis_group":"HISTORICAL_CULTURAL","thesis_subtype":"place_of_worship","icon_id":"cultural_historic","name_quality":"NAMED","rayon":"İsmayıllı rayonu","rayon_id":"AZE_ADM2_54616110B45290451128830","verification_status":"PROVISIONAL","source_role":"MASTER_GIS","display_rank":553,"lon":48.162763,"lat":40.780561},"geometry":{"type":"Point","coordinates":[48.162763000000005,40.7805607]}},{"type":"Feature","properties":{"poi_id":"OSM_cultural_13943643958","label":"İsmayilli Məscidi","name_az":"İsmayilli Məscidi","thesis_group":"HISTORICAL_CULTURAL","thesis_subtype":"place_of_worship","icon_id":"cultural_historic","name_quality":"NAMED","rayon":"İsmayıllı rayonu","rayon_id":"AZE_ADM2_54616110B45290451128830","verification_status":"PROVISIONAL","source_role":"MASTER_GIS","display_rank":1355,"lon":48.154496,"lat":40.791801},"geometry":{"type":"Point","coordinates":[48.154496400000006,40.791801400000004]}},{"type":"Feature","properties":{"poi_id":"OSM_cultural_7830590898","label":"İsmayıl bəy Qutqaşınlı heykəli","name_az":"İsmayıl bəy Qutqaşınlı heykəli","thesis_group":"HISTORICAL_CULTURAL","thesis_subtype":"memorial","icon_id":"cultural_historic","name_quality":"NAMED","rayon":"Qəbələ rayonu","rayon_id":"AZE_ADM2_54616110B33746839775993","verification_status":"PROVISIONAL","source_role":"MASTER_GIS","display_rank":588,"lon":47.835393,"lat":40.965544},"geometry":{"type":"Point","coordinates":[47.835392600000006,40.965544]}},{"type":"Feature","properties":{"poi_id":"OSM_cultural_12128487544","label":"İsmayıl Şıxlı heykəli","name_az":"İsmayıl Şıxlı heykəli","thesis_group":"HISTORICAL_CULTURAL","thesis_subtype":"memorial","icon_id":"cultural_historic","name_quality":"NAMED","rayon":"Qazax rayonu","rayon_id":"AZE_ADM2_54616110B43488292017990","verification_status":"PROVISIONAL","source_role":"MASTER_GIS","display_rank":1143,"lon":45.35785,"lat":41.09058},"geometry":{"type":"Point","coordinates":[45.3578496,41.090579500000004]}},{"type":"Feature","properties":{"poi_id":"OSM_cultural_13725037518","label":"İsmayıllı Rayonu Giriş","name_az":"İsmayıllı Rayonu Giriş","thesis_group":"HISTORICAL_CULTURAL","thesis_subtype":"monument","icon_id":"cultural_monument","name_quality":"NAMED","rayon":"İsmayıllı rayonu","rayon_id":"AZE_ADM2_54616110B45290451128830","verification_status":"PROVISIONAL","source_role":"MASTER_GIS","display_rank":1346,"lon":48.402109,"lat":40.719319},"geometry":{"type":"Point","coordinates":[48.402108500000004,40.7193188]}},{"type":"Feature","properties":{"poi_id":"OSM_cultural_8194695151","label":"İstiqlaliyyət Məscidi","name_az":"İstiqlaliyyət Məscidi","thesis_group":"HISTORICAL_CULTURAL","thesis_subtype":"place_of_worship","icon_id":"cultural_historic","name_quality":"NAMED","rayon":"Balakən rayonu","rayon_id":"AZE_ADM2_54616110B63924922129682","verification_status":"PROVISIONAL","source_role":"MASTER_GIS","display_rank":685,"lon":46.392603,"lat":41.649974},"geometry":{"type":"Point","coordinates":[46.3926029,41.6499739]}},{"type":"Feature","properties":{"poi_id":"OSM_cultural_7859159787","label":"İstək Məscidi","name_az":"İstək Məscidi","thesis_group":"HISTORICAL_CULTURAL","thesis_subtype":"place_of_worship","icon_id":"cultural_historic","name_quality":"NAMED","rayon":"Qəbələ rayonu","rayon_id":"AZE_ADM2_54616110B33746839775993","verification_status":"PROVISIONAL","source_role":"MASTER_GIS","display_rank":598,"lon":47.715959,"lat":40.986598},"geometry":{"type":"Point","coordinates":[47.7159592,40.9865981]}},{"type":"Feature","properties":{"poi_id":"OSM_cultural_12074822896","label":"İçəri Bazar Arxa Darvaza","name_az":"İçəri Bazar Arxa Darvaza","thesis_group":"HISTORICAL_CULTURAL","thesis_subtype":"city_gate","icon_id":"cultural_historic","name_quality":"NAMED","rayon":"Qax rayonu","rayon_id":"AZE_ADM2_54616110B49356278605879","verification_status":"PROVISIONAL","source_role":"MASTER_GIS","display_rank":1117,"lon":46.93052,"lat":41.417952},"geometry":{"type":"Point","coordinates":[46.930519800000006,41.417952]}},{"type":"Feature","properties":{"poi_id":"OSM_cultural_12101001201","label":"İçəri Bazar Əsas Darvaza","name_az":"İçəri Bazar Əsas Darvaza","thesis_group":"HISTORICAL_CULTURAL","thesis_subtype":"city_gate","icon_id":"cultural_historic","name_quality":"NAMED","rayon":"Qax rayonu","rayon_id":"AZE_ADM2_54616110B49356278605879","verification_status":"PROVISIONAL","source_role":"MASTER_GIS","display_rank":1130,"lon":46.928254,"lat":41.417274},"geometry":{"type":"Point","coordinates":[46.928253500000004,41.417273900000005]}},{"type":"Feature","properties":{"poi_id":"OSM_cultural_11585219961","label":"Şah Abbas Məscidi \\ Yanıqlı","name_az":"Şah Abbas Məscidi \\ Yanıqlı","thesis_group":"HISTORICAL_CULTURAL","thesis_subtype":"place_of_worship","icon_id":"cultural_historic","name_quality":"NAMED","rayon":"Tovuz rayonu","rayon_id":"AZE_ADM2_54616110B84187356839814","verification_status":"PROVISIONAL","source_role":"MASTER_GIS","display_rank":1077,"lon":45.676107,"lat":40.836491},"geometry":{"type":"Point","coordinates":[45.6761071,40.836490600000005]}},{"type":"Feature","properties":{"poi_id":"OSM_cultural_10944885813","label":"Şah Hüseyn Məscidi","name_az":"Şah Hüseyn Məscidi","thesis_group":"HISTORICAL_CULTURAL","thesis_subtype":"ruins","icon_id":"cultural_historic","name_quality":"NAMED","rayon":"Abşeron rayonu","rayon_id":"AZE_ADM2_54616110B88432173472444","verification_status":"PROVISIONAL","source_role":"MASTER_GIS","display_rank":967,"lon":49.775272,"lat":40.52752},"geometry":{"type":"Point","coordinates":[49.7752715,40.527520200000005]}},{"type":"Feature","properties":{"poi_id":"OSM_cultural_11004093225","label":"Şah Hüseyn Məscidi","name_az":"Şah Hüseyn Məscidi","thesis_group":"HISTORICAL_CULTURAL","thesis_subtype":"place_of_worship","icon_id":"cultural_historic","name_quality":"NAMED","rayon":"Bakı şəhəri","rayon_id":"AZE_ADM2_54616110B61947743987915","verification_status":"PROVISIONAL","source_role":"MASTER_GIS","display_rank":973,"lon":49.82237,"lat":40.376375},"geometry":{"type":"Point","coordinates":[49.822370400000004,40.376375]}},{"type":"Feature","properties":{"poi_id":"OSM_cultural_1907901129","label":"Şah İsmayıl Xətainin heykəli","name_az":"Şah İsmayıl Xətainin heykəli","thesis_group":"HISTORICAL_CULTURAL","thesis_subtype":"memorial","icon_id":"cultural_historic","name_quality":"NAMED","rayon":"Bakı şəhəri","rayon_id":"AZE_ADM2_54616110B61947743987915","verification_status":"PROVISIONAL","source_role":"MASTER_GIS","display_rank":22,"lon":49.863669,"lat":40.38176},"geometry":{"type":"Point","coordinates":[49.863669300000005,40.3817596]}},{"type":"Feature","properties":{"poi_id":"OSM_cultural_1949884351","label":"Şahbulaq Qalası","name_az":"Şahbulaq Qalası","thesis_group":"HISTORICAL_CULTURAL","thesis_subtype":"museum","icon_id":"cultural_museum","name_quality":"NAMED","rayon":"Ağdam rayonu","rayon_id":"AZE_ADM2_54616110B71765796178707","verification_status":"PROVISIONAL","source_role":"MASTER_GIS","display_rank":26,"lon":46.905676,"lat":40.068755},"geometry":{"type":"Point","coordinates":[46.9056755,40.0687554]}},{"type":"Feature","properties":{"poi_id":"OSM_cultural_7703174390","label":"Şahcahanbanu Məscidi","name_az":"Şahcahanbanu Məscidi","thesis_group":"HISTORICAL_CULTURAL","thesis_subtype":"place_of_worship","icon_id":"cultural_historic","name_quality":"NAMED","rayon":"Qusar rayonu","rayon_id":"AZE_ADM2_54616110B21517829058101","verification_status":"PROVISIONAL","source_role":"MASTER_GIS","display_rank":456,"lon":48.138409,"lat":41.335153},"geometry":{"type":"Point","coordinates":[48.138408500000004,41.335153000000005]}},{"type":"Feature","properties":{"poi_id":"OSM_cultural_12044584175","label":"Şahi Nəqşibəndi Məscidi \\ Qarayazı","name_az":"Şahi Nəqşibəndi Məscidi \\ Qarayazı","thesis_group":"HISTORICAL_CULTURAL","thesis_subtype":"place_of_worship","icon_id":"cultural_historic","name_quality":"NAMED","rayon":"Ağstafa rayonu","rayon_id":"AZE_ADM2_54616110B36354954300290","verification_status":"PROVISIONAL","source_role":"MASTER_GIS","display_rank":1110,"lon":45.238818,"lat":41.305133},"geometry":{"type":"Point","coordinates":[45.2388185,41.3051331]}},{"type":"Feature","properties":{"poi_id":"OSM_cultural_7692669982","label":"Şahlar Məscidi","name_az":"Şahlar Məscidi","thesis_group":"HISTORICAL_CULTURAL","thesis_subtype":"place_of_worship","icon_id":"cultural_historic","name_quality":"NAMED","rayon":"Qusar rayonu","rayon_id":"AZE_ADM2_54616110B21517829058101","verification_status":"PROVISIONAL","source_role":"MASTER_GIS","display_rank":422,"lon":48.492687,"lat":41.474414},"geometry":{"type":"Point","coordinates":[48.4926867,41.474414200000005]}},{"type":"Feature","properties":{"poi_id":"OSM_cultural_10579959352","label":"Şahnəzər Məğbərəsi","name_az":"Şahnəzər Məğbərəsi","thesis_group":"HISTORICAL_CULTURAL","thesis_subtype":"place_of_worship","icon_id":"cultural_historic","name_quality":"NAMED","rayon":"Bakı şəhəri","rayon_id":"AZE_ADM2_54616110B61947743987915","verification_status":"PROVISIONAL","source_role":"MASTER_GIS","display_rank":916,"lon":50.00623,"lat":40.556852},"geometry":{"type":"Point","coordinates":[50.0062305,40.5568521]}},{"type":"Feature","properties":{"poi_id":"OSM_cultural_10229105553","label":"Şakir Ağa Türbəsi","name_az":"Şakir Ağa Türbəsi","thesis_group":"HISTORICAL_CULTURAL","thesis_subtype":"place_of_worship","icon_id":"cultural_historic","name_quality":"NAMED","rayon":"Bakı şəhəri","rayon_id":"AZE_ADM2_54616110B61947743987915","verification_status":"PROVISIONAL","source_role":"MASTER_GIS","display_rank":888,"lon":49.919466,"lat":40.464825},"geometry":{"type":"Point","coordinates":[49.9194657,40.4648249]}},{"type":"Feature","properties":{"poi_id":"OSM_cultural_4819827921","label":"Şamaxı Cümə Məscidi","name_az":"Şamaxı Cümə Məscidi","thesis_group":"HISTORICAL_CULTURAL","thesis_subtype":"place_of_worship","icon_id":"cultural_historic","name_quality":"NAMED","rayon":"Şamaxı rayonu","rayon_id":"AZE_ADM2_54616110B16651088424667","verification_status":"PROVISIONAL","source_role":"MASTER_GIS","display_rank":231,"lon":48.643663,"lat":40.626816},"geometry":{"type":"Point","coordinates":[48.6436627,40.6268158]}},{"type":"Feature","properties":{"poi_id":"OSM_cultural_7734797754","label":"Şamaxı Diyarşünaslıq muzeyi","name_az":"Şamaxı Diyarşünaslıq muzeyi","thesis_group":"HISTORICAL_CULTURAL","thesis_subtype":"museum","icon_id":"cultural_museum","name_quality":"NAMED","rayon":"Şamaxı rayonu","rayon_id":"AZE_ADM2_54616110B16651088424667","verification_status":"PROVISIONAL","source_role":"MASTER_GIS","display_rank":504,"lon":48.656114,"lat":40.622099},"geometry":{"type":"Point","coordinates":[48.656113700000006,40.6220994]}},{"type":"Feature","properties":{"poi_id":"OSM_cultural_7734482606","label":"Şamaxı Yazı","name_az":"Şamaxı Yazı","thesis_group":"HISTORICAL_CULTURAL","thesis_subtype":"monument","icon_id":"cultural_monument","name_quality":"NAMED","rayon":"Şamaxı rayonu","rayon_id":"AZE_ADM2_54616110B16651088424667","verification_status":"PROVISIONAL","source_role":"MASTER_GIS","display_rank":501,"lon":48.669776,"lat":40.610148},"geometry":{"type":"Point","coordinates":[48.6697755,40.6101479]}},{"type":"Feature","properties":{"poi_id":"OSM_cultural_6935367464","label":"Şamilqala Qalaça / İlisu","name_az":"Şamilqala Qalaça / İlisu","thesis_group":"HISTORICAL_CULTURAL","thesis_subtype":"attraction","icon_id":"cultural_historic","name_quality":"NAMED","rayon":"Qax rayonu","rayon_id":"AZE_ADM2_54616110B49356278605879","verification_status":"PROVISIONAL","source_role":"MASTER_GIS","display_rank":355,"lon":47.055822,"lat":41.465472},"geometry":{"type":"Point","coordinates":[47.0558222,41.4654724]}},{"type":"Feature","properties":{"poi_id":"OSM_cultural_13975386795","label":"Şeyid Mirəziz Ağa Türbəsi","name_az":"Şeyid Mirəziz Ağa Türbəsi","thesis_group":"HISTORICAL_CULTURAL","thesis_subtype":"place_of_worship","icon_id":"cultural_historic","name_quality":"NAMED","rayon":"Neftçala rayonu","rayon_id":"AZE_ADM2_54616110B40961788089107","verification_status":"PROVISIONAL","source_role":"MASTER_GIS","display_rank":1363,"lon":48.787049,"lat":39.386223},"geometry":{"type":"Point","coordinates":[48.787048500000004,39.3862226]}},{"type":"Feature","properties":{"poi_id":"OSM_cultural_7695937739","label":"Şeyx Cüneyd türbəsi","name_az":"Şeyx Cüneyd türbəsi","thesis_group":"HISTORICAL_CULTURAL","thesis_subtype":"place_of_worship","icon_id":"cultural_historic","name_quality":"NAMED","rayon":"Qusar rayonu","rayon_id":"AZE_ADM2_54616110B21517829058101","verification_status":"PROVISIONAL","source_role":"MASTER_GIS","display_rank":444,"lon":48.248676,"lat":41.505593},"geometry":{"type":"Point","coordinates":[48.248675500000004,41.505592500000006]}},{"type":"Feature","properties":{"poi_id":"OSM_cultural_8511853805","label":"Şeyx Eyyub Baba Piri","name_az":"Şeyx Eyyub Baba Piri","thesis_group":"HISTORICAL_CULTURAL","thesis_subtype":"place_of_worship","icon_id":"cultural_historic","name_quality":"NAMED","rayon":"Qobustan rayonu","rayon_id":"AZE_ADM2_54616110B43271825035432","verification_status":"PROVISIONAL","source_role":"MASTER_GIS","display_rank":735,"lon":48.786027,"lat":40.530125},"geometry":{"type":"Point","coordinates":[48.786026500000006,40.5301246]}},{"type":"Feature","properties":{"poi_id":"OSM_cultural_7731731383","label":"Şeyx Yusif məqbərəsi 13-cü əsr","name_az":"Şeyx Yusif məqbərəsi 13-cü əsr","thesis_group":"HISTORICAL_CULTURAL","thesis_subtype":"tomb","icon_id":"cultural_historic","name_quality":"NAMED","rayon":"Xaçmaz rayonu","rayon_id":"AZE_ADM2_54616110B89497242950609","verification_status":"PROVISIONAL","source_role":"MASTER_GIS","display_rank":494,"lon":48.679865,"lat":41.480572},"geometry":{"type":"Point","coordinates":[48.6798647,41.4805715]}},{"type":"Feature","properties":{"poi_id":"OSM_cultural_6438391605","label":"Şeşbər Baba ziyarıtgahı \\ Soltannuxa","name_az":"Şeşbər Baba ziyarıtgahı \\ Soltannuxa","thesis_group":"HISTORICAL_CULTURAL","thesis_subtype":"attraction","icon_id":"cultural_historic","name_quality":"NAMED","rayon":"Qəbələ rayonu","rayon_id":"AZE_ADM2_54616110B33746839775993","verification_status":"PROVISIONAL","source_role":"MASTER_GIS","display_rank":341,"lon":47.768911,"lat":40.882275},"geometry":{"type":"Point","coordinates":[47.7689114,40.8822746]}},{"type":"Feature","properties":{"poi_id":"OSM_cultural_5088143677","label":"Şir Abidəsi","name_az":"Şir Abidəsi","thesis_group":"HISTORICAL_CULTURAL","thesis_subtype":"monument","icon_id":"cultural_monument","name_quality":"NAMED","rayon":"Bakı şəhəri","rayon_id":"AZE_ADM2_54616110B61947743987915","verification_status":"PROVISIONAL","source_role":"MASTER_GIS","display_rank":250,"lon":49.975781,"lat":40.388665},"geometry":{"type":"Point","coordinates":[49.9757807,40.388664500000004]}},{"type":"Feature","properties":{"poi_id":"OSM_cultural_13009742860","label":"Şirvan Diyarşünaslıq Muzeyi","name_az":"Şirvan Diyarşünaslıq Muzeyi","thesis_group":"HISTORICAL_CULTURAL","thesis_subtype":"museum","icon_id":"cultural_museum","name_quality":"NAMED","rayon":"Şirvan şəhəri","rayon_id":"AZE_ADM2_54616110B45272408011177","verification_status":"PROVISIONAL","source_role":"MASTER_GIS","display_rank":1281,"lon":48.93833,"lat":39.957219},"geometry":{"type":"Point","coordinates":[48.938330400000005,39.9572191]}},{"type":"Feature","properties":{"poi_id":"OSM_cultural_12986448165","label":"Şirvan Məscidi \\ Dadaşbəyli","name_az":"Şirvan Məscidi \\ Dadaşbəyli","thesis_group":"HISTORICAL_CULTURAL","thesis_subtype":"place_of_worship","icon_id":"cultural_historic","name_quality":"NAMED","rayon":"Sabirabad rayonu","rayon_id":"AZE_ADM2_54616110B21396185337631","verification_status":"PROVISIONAL","source_role":"MASTER_GIS","display_rank":1279,"lon":48.887835,"lat":39.950409},"geometry":{"type":"Point","coordinates":[48.887835100000004,39.950409300000004]}},{"type":"Feature","properties":{"poi_id":"OSM_cultural_12945356767","label":"Şirvan şəhər Məscidi","name_az":"Şirvan şəhər Məscidi","thesis_group":"HISTORICAL_CULTURAL","thesis_subtype":"place_of_worship","icon_id":"cultural_historic","name_quality":"NAMED","rayon":"Şirvan şəhəri","rayon_id":"AZE_ADM2_54616110B45272408011177","verification_status":"PROVISIONAL","source_role":"MASTER_GIS","display_rank":1274,"lon":48.930236,"lat":39.944839},"geometry":{"type":"Point","coordinates":[48.9302355,39.9448389]}},{"type":"Feature","properties":{"poi_id":"OSM_cultural_11390440784","label":"Şorabad Cümə Məscidi","name_az":"Şorabad Cümə Məscidi","thesis_group":"HISTORICAL_CULTURAL","thesis_subtype":"place_of_worship","icon_id":"cultural_historic","name_quality":"NAMED","rayon":"Xızı rayonu","rayon_id":"AZE_ADM2_54616110B97026515433008","verification_status":"PROVISIONAL","source_role":"MASTER_GIS","display_rank":1046,"lon":49.466381,"lat":40.814948},"geometry":{"type":"Point","coordinates":[49.466380900000004,40.814948]}},{"type":"Feature","properties":{"poi_id":"OSM_cultural_13975337520","label":"Şorsulu kənd Yeni məscidi","name_az":"Şorsulu kənd Yeni məscidi","thesis_group":"HISTORICAL_CULTURAL","thesis_subtype":"place_of_worship","icon_id":"cultural_historic","name_quality":"NAMED","rayon":"Salyan rayonu","rayon_id":"AZE_ADM2_54616110B55207089168458","verification_status":"PROVISIONAL","source_role":"MASTER_GIS","display_rank":1360,"lon":48.825254,"lat":39.417966},"geometry":{"type":"Point","coordinates":[48.825253800000006,39.4179661]}},{"type":"Feature","properties":{"poi_id":"OSM_cultural_13975331270","label":"Şorsulu kənd məscidi","name_az":"Şorsulu kənd məscidi","thesis_group":"HISTORICAL_CULTURAL","thesis_subtype":"place_of_worship","icon_id":"cultural_historic","name_quality":"NAMED","rayon":"Salyan rayonu","rayon_id":"AZE_ADM2_54616110B55207089168458","verification_status":"PROVISIONAL","source_role":"MASTER_GIS","display_rank":1359,"lon":48.823193,"lat":39.419954},"geometry":{"type":"Point","coordinates":[48.823192600000006,39.4199542]}},{"type":"Feature","properties":{"poi_id":"OSM_cultural_7814054877","label":"Şumağallı Məscidi","name_az":"Şumağallı Məscidi","thesis_group":"HISTORICAL_CULTURAL","thesis_subtype":"place_of_worship","icon_id":"cultural_historic","name_quality":"NAMED","rayon":"İsmayıllı rayonu","rayon_id":"AZE_ADM2_54616110B45290451128830","verification_status":"PROVISIONAL","source_role":"MASTER_GIS","display_rank":568,"lon":48.047767,"lat":40.916709},"geometry":{"type":"Point","coordinates":[48.047767300000004,40.9167089]}},{"type":"Feature","properties":{"poi_id":"OSM_cultural_7069124568","label":"Şuşa qalası (1751 il)","name_az":"Şuşa qalası (1751 il)","thesis_group":"HISTORICAL_CULTURAL","thesis_subtype":"castle","icon_id":"cultural_castle","name_quality":"NAMED","rayon":"Xocalı rayonu","rayon_id":"AZE_ADM2_54616110B87325868620163","verification_status":"PROVISIONAL","source_role":"MASTER_GIS","display_rank":358,"lon":46.750175,"lat":39.765926},"geometry":{"type":"Point","coordinates":[46.7501754,39.7659259]}},{"type":"Feature","properties":{"poi_id":"OSM_cultural_7803926561","label":"Şöhrət muzeyi","name_az":"Şöhrət muzeyi","thesis_group":"HISTORICAL_CULTURAL","thesis_subtype":"museum","icon_id":"cultural_museum","name_quality":"NAMED","rayon":"İsmayıllı rayonu","rayon_id":"AZE_ADM2_54616110B45290451128830","verification_status":"PROVISIONAL","source_role":"MASTER_GIS","display_rank":562,"lon":48.164295,"lat":40.796921},"geometry":{"type":"Point","coordinates":[48.164294500000004,40.7969206]}},{"type":"Feature","properties":{"poi_id":"OSM_cultural_11334646145","label":"Şıxlar Məscidi","name_az":"Şıxlar Məscidi","thesis_group":"HISTORICAL_CULTURAL","thesis_subtype":"place_of_worship","icon_id":"cultural_historic","name_quality":"NAMED","rayon":"Bakı şəhəri","rayon_id":"AZE_ADM2_54616110B61947743987915","verification_status":"PROVISIONAL","source_role":"MASTER_GIS","display_rank":1037,"lon":49.412599,"lat":40.067043},"geometry":{"type":"Point","coordinates":[49.4125986,40.0670433]}},{"type":"Feature","properties":{"poi_id":"OSM_cultural_7731771427","label":"Şıxlar Məscidi 15-ci əsr","name_az":"Şıxlar Məscidi 15-ci əsr","thesis_group":"HISTORICAL_CULTURAL","thesis_subtype":"place_of_worship","icon_id":"cultural_historic","name_quality":"NAMED","rayon":"Xaçmaz rayonu","rayon_id":"AZE_ADM2_54616110B89497242950609","verification_status":"PROVISIONAL","source_role":"MASTER_GIS","display_rank":495,"lon":48.67829,"lat":41.48016},"geometry":{"type":"Point","coordinates":[48.678290200000006,41.4801596]}},{"type":"Feature","properties":{"poi_id":"OSM_cultural_11492547469","label":"Şıxlinski heykəli","name_az":"Şıxlinski heykəli","thesis_group":"HISTORICAL_CULTURAL","thesis_subtype":"memorial","icon_id":"cultural_historic","name_quality":"NAMED","rayon":"Şəmkir rayonu","rayon_id":"AZE_ADM2_54616110B57585842497805","verification_status":"PROVISIONAL","source_role":"MASTER_GIS","display_rank":1063,"lon":46.027224,"lat":40.83703},"geometry":{"type":"Point","coordinates":[46.0272244,40.8370304]}},{"type":"Feature","properties":{"poi_id":"OSM_cultural_9680973508","label":"ŞƏMKİR rayonu giriş","name_az":"ŞƏMKİR rayonu giriş","thesis_group":"HISTORICAL_CULTURAL","thesis_subtype":"monument","icon_id":"cultural_monument","name_quality":"NAMED","rayon":"Şəmkir rayonu","rayon_id":"AZE_ADM2_54616110B57585842497805","verification_status":"PROVISIONAL","source_role":"MASTER_GIS","display_rank":813,"lon":46.244178,"lat":40.728574},"geometry":{"type":"Point","coordinates":[46.244177500000006,40.7285739]}},{"type":"Feature","properties":{"poi_id":"OSM_cultural_7691771948","label":"Şəfəq Məscidi","name_az":"Şəfəq Məscidi","thesis_group":"HISTORICAL_CULTURAL","thesis_subtype":"place_of_worship","icon_id":"cultural_historic","name_quality":"NAMED","rayon":"Qusar rayonu","rayon_id":"AZE_ADM2_54616110B21517829058101","verification_status":"PROVISIONAL","source_role":"MASTER_GIS","display_rank":409,"lon":48.437959,"lat":41.662727},"geometry":{"type":"Point","coordinates":[48.437959000000006,41.6627273]}},{"type":"Feature","properties":{"poi_id":"OSM_cultural_10012139016","label":"Şəhid Adil İbrahimli","name_az":"Şəhid Adil İbrahimli","thesis_group":"HISTORICAL_CULTURAL","thesis_subtype":"memorial","icon_id":"cultural_historic","name_quality":"NAMED","rayon":"Bakı şəhəri","rayon_id":"AZE_ADM2_54616110B61947743987915","verification_status":"PROVISIONAL","source_role":"MASTER_GIS","display_rank":856,"lon":50.178853,"lat":40.443308},"geometry":{"type":"Point","coordinates":[50.1788534,40.4433075]}},{"type":"Feature","properties":{"poi_id":"OSM_cultural_10751730862","label":"Şəhid Ceyhun Şümalov","name_az":"Şəhid Ceyhun Şümalov","thesis_group":"HISTORICAL_CULTURAL","thesis_subtype":"memorial","icon_id":"cultural_historic","name_quality":"NAMED","rayon":"Bakı şəhəri","rayon_id":"AZE_ADM2_54616110B61947743987915","verification_status":"PROVISIONAL","source_role":"MASTER_GIS","display_rank":954,"lon":50.17969,"lat":40.360856},"geometry":{"type":"Point","coordinates":[50.179690300000004,40.3608563]}},{"type":"Feature","properties":{"poi_id":"OSM_cultural_13650587902","label":"Şəhid Murad Rzazadə \\ Marışlı","name_az":"Şəhid Murad Rzazadə \\ Marışlı","thesis_group":"HISTORICAL_CULTURAL","thesis_subtype":"memorial","icon_id":"cultural_historic","name_quality":"NAMED","rayon":"Salyan rayonu","rayon_id":"AZE_ADM2_54616110B55207089168458","verification_status":"PROVISIONAL","source_role":"MASTER_GIS","display_rank":1333,"lon":48.923003,"lat":39.559797},"geometry":{"type":"Point","coordinates":[48.9230029,39.559796500000004]}},{"type":"Feature","properties":{"poi_id":"OSM_cultural_11833691786","label":"Şəhid Rahib Quliyev abidəsi","name_az":"Şəhid Rahib Quliyev abidəsi","thesis_group":"HISTORICAL_CULTURAL","thesis_subtype":"memorial","icon_id":"cultural_historic","name_quality":"NAMED","rayon":"Tovuz rayonu","rayon_id":"AZE_ADM2_54616110B84187356839814","verification_status":"PROVISIONAL","source_role":"MASTER_GIS","display_rank":1091,"lon":45.634068,"lat":40.993388},"geometry":{"type":"Point","coordinates":[45.6340675,40.993387600000005]}},{"type":"Feature","properties":{"poi_id":"OSM_cultural_13650587910","label":"Şəhid Sübhan Cəbrayəlov \\ Marışlı","name_az":"Şəhid Sübhan Cəbrayəlov \\ Marışlı","thesis_group":"HISTORICAL_CULTURAL","thesis_subtype":"memorial","icon_id":"cultural_historic","name_quality":"NAMED","rayon":"Salyan rayonu","rayon_id":"AZE_ADM2_54616110B55207089168458","verification_status":"PROVISIONAL","source_role":"MASTER_GIS","display_rank":1334,"lon":48.928924,"lat":39.56592},"geometry":{"type":"Point","coordinates":[48.9289239,39.5659203]}},{"type":"Feature","properties":{"poi_id":"OSM_cultural_12288996929","label":"Şəhid Teymur Zeynalov bulağı","name_az":"Şəhid Teymur Zeynalov bulağı","thesis_group":"HISTORICAL_CULTURAL","thesis_subtype":"memorial","icon_id":"cultural_historic","name_quality":"NAMED","rayon":"Bakı şəhəri","rayon_id":"AZE_ADM2_54616110B61947743987915","verification_status":"PROVISIONAL","source_role":"MASTER_GIS","display_rank":1163,"lon":49.826722,"lat":40.420622},"geometry":{"type":"Point","coordinates":[49.8267217,40.4206225]}},{"type":"Feature","properties":{"poi_id":"OSM_cultural_11345076005","label":"Şəhid Valeh Babayev bulağı","name_az":"Şəhid Valeh Babayev bulağı","thesis_group":"HISTORICAL_CULTURAL","thesis_subtype":"memorial","icon_id":"cultural_historic","name_quality":"NAMED","rayon":"Qobustan rayonu","rayon_id":"AZE_ADM2_54616110B43271825035432","verification_status":"PROVISIONAL","source_role":"MASTER_GIS","display_rank":1041,"lon":48.941352,"lat":40.513},"geometry":{"type":"Point","coordinates":[48.9413519,40.5129998]}},{"type":"Feature","properties":{"poi_id":"OSM_cultural_10751497668","label":"Şəhid Yaqub","name_az":"Şəhid Yaqub","thesis_group":"HISTORICAL_CULTURAL","thesis_subtype":"memorial","icon_id":"cultural_historic","name_quality":"NAMED","rayon":"Bakı şəhəri","rayon_id":"AZE_ADM2_54616110B61947743987915","verification_status":"PROVISIONAL","source_role":"MASTER_GIS","display_rank":952,"lon":50.155871,"lat":40.451201},"geometry":{"type":"Point","coordinates":[50.155870900000004,40.4512013]}},{"type":"Feature","properties":{"poi_id":"OSM_cultural_11216237981","label":"Şəhid Zaur İsmayılov abidəsi","name_az":"Şəhid Zaur İsmayılov abidəsi","thesis_group":"HISTORICAL_CULTURAL","thesis_subtype":"monument","icon_id":"cultural_monument","name_quality":"NAMED","rayon":"Bakı şəhəri","rayon_id":"AZE_ADM2_54616110B61947743987915","verification_status":"PROVISIONAL","source_role":"MASTER_GIS","display_rank":1015,"lon":49.599712,"lat":40.307462},"geometry":{"type":"Point","coordinates":[49.599712200000006,40.3074615]}},{"type":"Feature","properties":{"poi_id":"OSM_cultural_9793465317","label":"Şəhid Əliyusif Qocamanov","name_az":"Şəhid Əliyusif Qocamanov","thesis_group":"HISTORICAL_CULTURAL","thesis_subtype":"memorial","icon_id":"cultural_historic","name_quality":"NAMED","rayon":"Bakı şəhəri","rayon_id":"AZE_ADM2_54616110B61947743987915","verification_status":"PROVISIONAL","source_role":"MASTER_GIS","display_rank":819,"lon":49.81859,"lat":40.379301},"geometry":{"type":"Point","coordinates":[49.81859,40.3793011]}},{"type":"Feature","properties":{"poi_id":"OSM_cultural_10977568770","label":"Şəhid Əvəz Şəfiyev abidəsi","name_az":"Şəhid Əvəz Şəfiyev abidəsi","thesis_group":"HISTORICAL_CULTURAL","thesis_subtype":"memorial","icon_id":"cultural_historic","name_quality":"NAMED","rayon":"Abşeron rayonu","rayon_id":"AZE_ADM2_54616110B88432173472444","verification_status":"PROVISIONAL","source_role":"MASTER_GIS","display_rank":971,"lon":49.74819,"lat":40.453271},"geometry":{"type":"Point","coordinates":[49.7481899,40.453271400000006]}},{"type":"Feature","properties":{"poi_id":"OSM_cultural_12076042071","label":"Şəhidlik Abidəsi","name_az":"Şəhidlik Abidəsi","thesis_group":"HISTORICAL_CULTURAL","thesis_subtype":"memorial","icon_id":"cultural_historic","name_quality":"NAMED","rayon":"Göyçay rayonu","rayon_id":"AZE_ADM2_54616110B88730523237575","verification_status":"PROVISIONAL","source_role":"MASTER_GIS","display_rank":1119,"lon":47.770767,"lat":40.626961},"geometry":{"type":"Point","coordinates":[47.7707673,40.626961300000005]}},{"type":"Feature","properties":{"poi_id":"OSM_cultural_2911880635","label":"Şəhidlər Abidəsi","name_az":"Şəhidlər Abidəsi","thesis_group":"HISTORICAL_CULTURAL","thesis_subtype":"monument","icon_id":"cultural_monument","name_quality":"NAMED","rayon":"Bakı şəhəri","rayon_id":"AZE_ADM2_54616110B61947743987915","verification_status":"PROVISIONAL","source_role":"MASTER_GIS","display_rank":57,"lon":50.336428,"lat":40.456591},"geometry":{"type":"Point","coordinates":[50.3364282,40.4565914]}},{"type":"Feature","properties":{"poi_id":"OSM_cultural_3092806308","label":"Şəhidlər Abidəsi","name_az":"Şəhidlər Abidəsi","thesis_group":"HISTORICAL_CULTURAL","thesis_subtype":"monument","icon_id":"cultural_monument","name_quality":"NAMED","rayon":"Abşeron rayonu","rayon_id":"AZE_ADM2_54616110B88432173472444","verification_status":"PROVISIONAL","source_role":"MASTER_GIS","display_rank":85,"lon":49.898167,"lat":40.50491},"geometry":{"type":"Point","coordinates":[49.898167400000006,40.5049105]}},{"type":"Feature","properties":{"poi_id":"OSM_cultural_3223044839","label":"Şəhidlər Abidəsi","name_az":"Şəhidlər Abidəsi","thesis_group":"HISTORICAL_CULTURAL","thesis_subtype":"monument","icon_id":"cultural_monument","name_quality":"NAMED","rayon":"Abşeron rayonu","rayon_id":"AZE_ADM2_54616110B88432173472444","verification_status":"PROVISIONAL","source_role":"MASTER_GIS","display_rank":89,"lon":49.718755,"lat":40.534022},"geometry":{"type":"Point","coordinates":[49.718754800000006,40.5340221]}},{"type":"Feature","properties":{"poi_id":"OSM_cultural_3339412654","label":"Şəhidlər Abidəsi","name_az":"Şəhidlər Abidəsi","thesis_group":"HISTORICAL_CULTURAL","thesis_subtype":"monument","icon_id":"cultural_monument","name_quality":"NAMED","rayon":"Abşeron rayonu","rayon_id":"AZE_ADM2_54616110B88432173472444","verification_status":"PROVISIONAL","source_role":"MASTER_GIS","display_rank":109,"lon":49.752689,"lat":40.450473},"geometry":{"type":"Point","coordinates":[49.7526889,40.450472700000006]}},{"type":"Feature","properties":{"poi_id":"OSM_cultural_4394896094","label":"Şəhidlər Abidəsi","name_az":"Şəhidlər Abidəsi","thesis_group":"HISTORICAL_CULTURAL","thesis_subtype":"memorial","icon_id":"cultural_historic","name_quality":"NAMED","rayon":"Goranboy rayonu","rayon_id":"AZE_ADM2_54616110B75141866412524","verification_status":"PROVISIONAL","source_role":"MASTER_GIS","display_rank":198,"lon":46.81489,"lat":40.505335},"geometry":{"type":"Point","coordinates":[46.8148897,40.5053354]}},{"type":"Feature","properties":{"poi_id":"OSM_cultural_5540928404","label":"Şəhidlər Abidəsi","name_az":"Şəhidlər Abidəsi","thesis_group":"HISTORICAL_CULTURAL","thesis_subtype":"monument","icon_id":"cultural_monument","name_quality":"NAMED","rayon":"Qax rayonu","rayon_id":"AZE_ADM2_54616110B49356278605879","verification_status":"PROVISIONAL","source_role":"MASTER_GIS","display_rank":274,"lon":46.908158,"lat":41.416587},"geometry":{"type":"Point","coordinates":[46.908158400000005,41.4165872]}},{"type":"Feature","properties":{"poi_id":"OSM_cultural_7826062717","label":"Şəhidlər Abidəsi","name_az":"Şəhidlər Abidəsi","thesis_group":"HISTORICAL_CULTURAL","thesis_subtype":"monument","icon_id":"cultural_monument","name_quality":"NAMED","rayon":"Qəbələ rayonu","rayon_id":"AZE_ADM2_54616110B33746839775993","verification_status":"PROVISIONAL","source_role":"MASTER_GIS","display_rank":581,"lon":47.856385,"lat":40.977131},"geometry":{"type":"Point","coordinates":[47.856385,40.977131]}},{"type":"Feature","properties":{"poi_id":"OSM_cultural_10043396384","label":"Şəhidlər Abidəsi","name_az":"Şəhidlər Abidəsi","thesis_group":"HISTORICAL_CULTURAL","thesis_subtype":"monument","icon_id":"cultural_monument","name_quality":"NAMED","rayon":"Bakı şəhəri","rayon_id":"AZE_ADM2_54616110B61947743987915","verification_status":"PROVISIONAL","source_role":"MASTER_GIS","display_rank":867,"lon":50.003693,"lat":40.420039},"geometry":{"type":"Point","coordinates":[50.00369310000001,40.4200389]}},{"type":"Feature","properties":{"poi_id":"OSM_cultural_10268422236","label":"Şəhidlər Abidəsi","name_az":"Şəhidlər Abidəsi","thesis_group":"HISTORICAL_CULTURAL","thesis_subtype":"monument","icon_id":"cultural_monument","name_quality":"NAMED","rayon":"Bakı şəhəri","rayon_id":"AZE_ADM2_54616110B61947743987915","verification_status":"PROVISIONAL","source_role":"MASTER_GIS","display_rank":893,"lon":49.841782,"lat":40.468707},"geometry":{"type":"Point","coordinates":[49.841781600000004,40.4687071]}},{"type":"Feature","properties":{"poi_id":"OSM_cultural_11146501652","label":"Şəhidlər Abidəsi","name_az":"Şəhidlər Abidəsi","thesis_group":"HISTORICAL_CULTURAL","thesis_subtype":"monument","icon_id":"cultural_monument","name_quality":"NAMED","rayon":"Abşeron rayonu","rayon_id":"AZE_ADM2_54616110B88432173472444","verification_status":"PROVISIONAL","source_role":"MASTER_GIS","display_rank":1003,"lon":49.665681,"lat":40.480798},"geometry":{"type":"Point","coordinates":[49.6656811,40.4807976]}},{"type":"Feature","properties":{"poi_id":"OSM_cultural_11492138868","label":"Şəhidlər Abidəsi","name_az":"Şəhidlər Abidəsi","thesis_group":"HISTORICAL_CULTURAL","thesis_subtype":"monument","icon_id":"cultural_monument","name_quality":"NAMED","rayon":"Şəmkir rayonu","rayon_id":"AZE_ADM2_54616110B57585842497805","verification_status":"PROVISIONAL","source_role":"MASTER_GIS","display_rank":1060,"lon":46.033144,"lat":40.838772},"geometry":{"type":"Point","coordinates":[46.033144,40.8387715]}},{"type":"Feature","properties":{"poi_id":"OSM_cultural_12013143146","label":"Şəhidlər Abidəsi","name_az":"Şəhidlər Abidəsi","thesis_group":"HISTORICAL_CULTURAL","thesis_subtype":"monument","icon_id":"cultural_monument","name_quality":"NAMED","rayon":"Qazax rayonu","rayon_id":"AZE_ADM2_54616110B43488292017990","verification_status":"PROVISIONAL","source_role":"MASTER_GIS","display_rank":1108,"lon":45.278526,"lat":41.231511},"geometry":{"type":"Point","coordinates":[45.278525900000005,41.2315108]}},{"type":"Feature","properties":{"poi_id":"OSM_cultural_12376839033","label":"Şəhidlər Abidəsi","name_az":"Şəhidlər Abidəsi","thesis_group":"HISTORICAL_CULTURAL","thesis_subtype":"monument","icon_id":"cultural_monument","name_quality":"NAMED","rayon":"Gədəbəy rayonu","rayon_id":"AZE_ADM2_54616110B46799199998097","verification_status":"PROVISIONAL","source_role":"MASTER_GIS","display_rank":1176,"lon":45.754758,"lat":40.501824},"geometry":{"type":"Point","coordinates":[45.754757500000004,40.5018242]}},{"type":"Feature","properties":{"poi_id":"OSM_cultural_12920067787","label":"Şəhidlər Abidəsi","name_az":"Şəhidlər Abidəsi","thesis_group":"HISTORICAL_CULTURAL","thesis_subtype":"monument","icon_id":"cultural_monument","name_quality":"NAMED","rayon":"Tərtər rayonu","rayon_id":"AZE_ADM2_54616110B79809370995070","verification_status":"PROVISIONAL","source_role":"MASTER_GIS","display_rank":1272,"lon":46.938325,"lat":40.476195},"geometry":{"type":"Point","coordinates":[46.9383252,40.4761949]}},{"type":"Feature","properties":{"poi_id":"OSM_cultural_13689152988","label":"Şəhidlər Abidəsi","name_az":"Şəhidlər Abidəsi","thesis_group":"HISTORICAL_CULTURAL","thesis_subtype":"monument","icon_id":"cultural_monument","name_quality":"NAMED","rayon":"Şamaxı rayonu","rayon_id":"AZE_ADM2_54616110B16651088424667","verification_status":"PROVISIONAL","source_role":"MASTER_GIS","display_rank":1340,"lon":48.657734,"lat":40.62173},"geometry":{"type":"Point","coordinates":[48.6577338,40.621729900000005]}},{"type":"Feature","properties":{"poi_id":"OSM_cultural_13978531173","label":"Şəhidlər Abidəsi","name_az":"Şəhidlər Abidəsi","thesis_group":"HISTORICAL_CULTURAL","thesis_subtype":"memorial","icon_id":"cultural_historic","name_quality":"NAMED","rayon":"Sumqayıt şəhəri","rayon_id":"AZE_ADM2_54616110B75219613739908","verification_status":"PROVISIONAL","source_role":"MASTER_GIS","display_rank":1366,"lon":49.685217,"lat":40.586943},"geometry":{"type":"Point","coordinates":[49.685217,40.5869432]}},{"type":"Feature","properties":{"poi_id":"OSM_cultural_9799442002","label":"Şəhidlər Abidəsi / Zığ","name_az":"Şəhidlər Abidəsi / Zığ","thesis_group":"HISTORICAL_CULTURAL","thesis_subtype":"monument","icon_id":"cultural_monument","name_quality":"NAMED","rayon":"Bakı şəhəri","rayon_id":"AZE_ADM2_54616110B61947743987915","verification_status":"PROVISIONAL","source_role":"MASTER_GIS","display_rank":820,"lon":49.982712,"lat":40.341446},"geometry":{"type":"Point","coordinates":[49.9827115,40.3414456]}},{"type":"Feature","properties":{"poi_id":"OSM_cultural_12168906496","label":"Şəhidlər Abidəsi \\ Göycəli","name_az":"Şəhidlər Abidəsi \\ Göycəli","thesis_group":"HISTORICAL_CULTURAL","thesis_subtype":"monument","icon_id":"cultural_monument","name_quality":"NAMED","rayon":"Ağstafa rayonu","rayon_id":"AZE_ADM2_54616110B36354954300290","verification_status":"PROVISIONAL","source_role":"MASTER_GIS","display_rank":1157,"lon":45.4773,"lat":41.045703},"geometry":{"type":"Point","coordinates":[45.477300400000004,41.045703]}},{"type":"Feature","properties":{"poi_id":"OSM_cultural_2911597548","label":"Şəhidlər Abidəsi \\ Gürgan","name_az":"Şəhidlər Abidəsi \\ Gürgan","thesis_group":"HISTORICAL_CULTURAL","thesis_subtype":"monument","icon_id":"cultural_monument","name_quality":"NAMED","rayon":"Bakı şəhəri","rayon_id":"AZE_ADM2_54616110B61947743987915","verification_status":"PROVISIONAL","source_role":"MASTER_GIS","display_rank":55,"lon":50.338672,"lat":40.395046},"geometry":{"type":"Point","coordinates":[50.338672300000006,40.3950465]}},{"type":"Feature","properties":{"poi_id":"OSM_cultural_12837548780","label":"Şəhidlər Abidəsi \\ Rəhimli","name_az":"Şəhidlər Abidəsi \\ Rəhimli","thesis_group":"HISTORICAL_CULTURAL","thesis_subtype":"memorial","icon_id":"cultural_historic","name_quality":"NAMED","rayon":"Goranboy rayonu","rayon_id":"AZE_ADM2_54616110B75141866412524","verification_status":"PROVISIONAL","source_role":"MASTER_GIS","display_rank":1261,"lon":46.743083,"lat":40.581209},"geometry":{"type":"Point","coordinates":[46.7430831,40.581209]}},{"type":"Feature","properties":{"poi_id":"OSM_cultural_12837591554","label":"Şəhidlər Abidəsi \\ Veyisli","name_az":"Şəhidlər Abidəsi \\ Veyisli","thesis_group":"HISTORICAL_CULTURAL","thesis_subtype":"memorial","icon_id":"cultural_historic","name_quality":"NAMED","rayon":"Goranboy rayonu","rayon_id":"AZE_ADM2_54616110B75141866412524","verification_status":"PROVISIONAL","source_role":"MASTER_GIS","display_rank":1263,"lon":46.733643,"lat":40.582739},"geometry":{"type":"Point","coordinates":[46.7336431,40.5827389]}},{"type":"Feature","properties":{"poi_id":"OSM_cultural_11216152397","label":"Şəhidlər Bulağı","name_az":"Şəhidlər Bulağı","thesis_group":"HISTORICAL_CULTURAL","thesis_subtype":"monument","icon_id":"cultural_monument","name_quality":"NAMED","rayon":"Bakı şəhəri","rayon_id":"AZE_ADM2_54616110B61947743987915","verification_status":"PROVISIONAL","source_role":"MASTER_GIS","display_rank":1014,"lon":49.599853,"lat":40.304871},"geometry":{"type":"Point","coordinates":[49.599853,40.304871000000006]}},{"type":"Feature","properties":{"poi_id":"OSM_cultural_9174843013","label":"Şəhidlər Lövhəsi \\ Çanaqçı","name_az":"Şəhidlər Lövhəsi \\ Çanaqçı","thesis_group":"HISTORICAL_CULTURAL","thesis_subtype":"memorial","icon_id":"cultural_historic","name_quality":"NAMED","rayon":"Gədəbəy rayonu","rayon_id":"AZE_ADM2_54616110B46799199998097","verification_status":"PROVISIONAL","source_role":"MASTER_GIS","display_rank":773,"lon":45.768145,"lat":40.683239},"geometry":{"type":"Point","coordinates":[45.768145000000004,40.6832392]}},{"type":"Feature","properties":{"poi_id":"OSM_cultural_1651478897","label":"Şəhidlər Məscidi","name_az":"Şəhidlər Məscidi","thesis_group":"HISTORICAL_CULTURAL","thesis_subtype":"place_of_worship","icon_id":"cultural_historic","name_quality":"NAMED","rayon":"Bakı şəhəri","rayon_id":"AZE_ADM2_54616110B61947743987915","verification_status":"PROVISIONAL","source_role":"MASTER_GIS","display_rank":10,"lon":49.82788,"lat":40.358614},"geometry":{"type":"Point","coordinates":[49.8278802,40.3586137]}},{"type":"Feature","properties":{"poi_id":"OSM_cultural_7691668202","label":"Şəhidlər Məscidi","name_az":"Şəhidlər Məscidi","thesis_group":"HISTORICAL_CULTURAL","thesis_subtype":"place_of_worship","icon_id":"cultural_historic","name_quality":"NAMED","rayon":"Xaçmaz rayonu","rayon_id":"AZE_ADM2_54616110B89497242950609","verification_status":"PROVISIONAL","source_role":"MASTER_GIS","display_rank":404,"lon":48.55128,"lat":41.737166},"geometry":{"type":"Point","coordinates":[48.5512796,41.7371655]}},{"type":"Feature","properties":{"poi_id":"OSM_cultural_7695922800","label":"Şəhidlər Məscidi","name_az":"Şəhidlər Məscidi","thesis_group":"HISTORICAL_CULTURAL","thesis_subtype":"place_of_worship","icon_id":"cultural_historic","name_quality":"NAMED","rayon":"Qusar rayonu","rayon_id":"AZE_ADM2_54616110B21517829058101","verification_status":"PROVISIONAL","source_role":"MASTER_GIS","display_rank":443,"lon":48.313837,"lat":41.539767},"geometry":{"type":"Point","coordinates":[48.313837,41.5397672]}},{"type":"Feature","properties":{"poi_id":"OSM_cultural_13574503285","label":"Şəhidlər Xatirə Abidəsi","name_az":"Şəhidlər Xatirə Abidəsi","thesis_group":"HISTORICAL_CULTURAL","thesis_subtype":"memorial","icon_id":"cultural_historic","name_quality":"NAMED","rayon":"Neftçala rayonu","rayon_id":"AZE_ADM2_54616110B40961788089107","verification_status":"PROVISIONAL","source_role":"MASTER_GIS","display_rank":1321,"lon":48.985823,"lat":39.59503},"geometry":{"type":"Point","coordinates":[48.985823,39.59503]}},{"type":"Feature","properties":{"poi_id":"OSM_cultural_12924648757","label":"Şəhidlər Xiyabanı","name_az":"Şəhidlər Xiyabanı","thesis_group":"HISTORICAL_CULTURAL","thesis_subtype":"monument","icon_id":"cultural_monument","name_quality":"NAMED","rayon":"Hacıqabul rayonu","rayon_id":"AZE_ADM2_54616110B48173541517146","verification_status":"PROVISIONAL","source_role":"MASTER_GIS","display_rank":1273,"lon":48.94749,"lat":39.985427},"geometry":{"type":"Point","coordinates":[48.947490200000004,39.9854274]}},{"type":"Feature","properties":{"poi_id":"OSM_cultural_13395930989","label":"Şəhidlər Xiyabanı","name_az":"Şəhidlər Xiyabanı","thesis_group":"HISTORICAL_CULTURAL","thesis_subtype":"monument","icon_id":"cultural_monument","name_quality":"NAMED","rayon":"Naxçıvan şəhəri","rayon_id":"AZE_ADM2_54616110B79262118902245","verification_status":"PROVISIONAL","source_role":"MASTER_GIS","display_rank":1306,"lon":45.408381,"lat":39.201812},"geometry":{"type":"Point","coordinates":[45.4083806,39.2018125]}},{"type":"Feature","properties":{"poi_id":"OSM_cultural_14059994600","label":"Şəhidlər Xiyabanı","name_az":"Şəhidlər Xiyabanı","thesis_group":"HISTORICAL_CULTURAL","thesis_subtype":"monument","icon_id":"cultural_monument","name_quality":"NAMED","rayon":"Neftçala rayonu","rayon_id":"AZE_ADM2_54616110B40961788089107","verification_status":"PROVISIONAL","source_role":"MASTER_GIS","display_rank":1382,"lon":48.821202,"lat":39.303871},"geometry":{"type":"Point","coordinates":[48.8212017,39.3038712]}},{"type":"Feature","properties":{"poi_id":"OSM_cultural_9566635096","label":"Şəhidlər Xiyabanı Samux","name_az":"Şəhidlər Xiyabanı Samux","thesis_group":"HISTORICAL_CULTURAL","thesis_subtype":"monument","icon_id":"cultural_monument","name_quality":"NAMED","rayon":"Samux rayonu","rayon_id":"AZE_ADM2_54616110B65018719015844","verification_status":"PROVISIONAL","source_role":"MASTER_GIS","display_rank":803,"lon":46.39624,"lat":40.754765},"geometry":{"type":"Point","coordinates":[46.396240000000006,40.754764900000005]}},{"type":"Feature","properties":{"poi_id":"OSM_cultural_13108690988","label":"Şəhidlər Xiyabanı \\ Qaraçala","name_az":"Şəhidlər Xiyabanı \\ Qaraçala","thesis_group":"HISTORICAL_CULTURAL","thesis_subtype":"monument","icon_id":"cultural_monument","name_quality":"NAMED","rayon":"Salyan rayonu","rayon_id":"AZE_ADM2_54616110B55207089168458","verification_status":"PROVISIONAL","source_role":"MASTER_GIS","display_rank":1287,"lon":48.954495,"lat":39.814977},"geometry":{"type":"Point","coordinates":[48.954494700000005,39.8149767]}},{"type":"Feature","properties":{"poi_id":"OSM_cultural_12076057311","label":"Şəhidlər adına Fəxri Muzey","name_az":"Şəhidlər adına Fəxri Muzey","thesis_group":"HISTORICAL_CULTURAL","thesis_subtype":"museum","icon_id":"cultural_museum","name_quality":"NAMED","rayon":"Xocalı rayonu","rayon_id":"AZE_ADM2_54616110B87325868620163","verification_status":"PROVISIONAL","source_role":"MASTER_GIS","display_rank":1120,"lon":46.760418,"lat":39.811458},"geometry":{"type":"Point","coordinates":[46.7604175,39.811457600000004]}},{"type":"Feature","properties":{"poi_id":"OSM_cultural_3655658474","label":"Şəhidlərin Xatirə Kompleksi","name_az":"Şəhidlərin Xatirə Kompleksi","thesis_group":"HISTORICAL_CULTURAL","thesis_subtype":"monument","icon_id":"cultural_monument","name_quality":"NAMED","rayon":"Xocavənd rayonu","rayon_id":"AZE_ADM2_54616110B38461317640181","verification_status":"PROVISIONAL","source_role":"MASTER_GIS","display_rank":161,"lon":46.945296,"lat":39.682661},"geometry":{"type":"Point","coordinates":[46.945296000000006,39.682661100000004]}},{"type":"Feature","properties":{"poi_id":"OSM_cultural_10702671045","label":"Şəhidlərin Xatirə Kompleksi","name_az":"Şəhidlərin Xatirə Kompleksi","thesis_group":"HISTORICAL_CULTURAL","thesis_subtype":"memorial","icon_id":"cultural_historic","name_quality":"NAMED","rayon":"Laçın rayonu","rayon_id":"AZE_ADM2_54616110B46945931752574","verification_status":"PROVISIONAL","source_role":"MASTER_GIS","display_rank":931,"lon":46.542871,"lat":39.637918},"geometry":{"type":"Point","coordinates":[46.542870900000004,39.6379177]}},{"type":"Feature","properties":{"poi_id":"OSM_cultural_9943392520","label":"Şəhidlərin Xatirəsi","name_az":"Şəhidlərin Xatirəsi","thesis_group":"HISTORICAL_CULTURAL","thesis_subtype":"memorial","icon_id":"cultural_historic","name_quality":"NAMED","rayon":"Bakı şəhəri","rayon_id":"AZE_ADM2_54616110B61947743987915","verification_status":"PROVISIONAL","source_role":"MASTER_GIS","display_rank":841,"lon":50.127967,"lat":40.413783},"geometry":{"type":"Point","coordinates":[50.127967100000006,40.4137829]}},{"type":"Feature","properties":{"poi_id":"OSM_cultural_10760116209","label":"Şəhir Rauf Hüseynov Buıağı","name_az":"Şəhir Rauf Hüseynov Buıağı","thesis_group":"HISTORICAL_CULTURAL","thesis_subtype":"memorial","icon_id":"cultural_historic","name_quality":"NAMED","rayon":"Bakı şəhəri","rayon_id":"AZE_ADM2_54616110B61947743987915","verification_status":"PROVISIONAL","source_role":"MASTER_GIS","display_rank":956,"lon":50.124889,"lat":40.418634},"geometry":{"type":"Point","coordinates":[50.1248887,40.4186345]}},{"type":"Feature","properties":{"poi_id":"OSM_cultural_7985800242","label":"Şəki Cümə Məscidi","name_az":"Şəki Cümə Məscidi","thesis_group":"HISTORICAL_CULTURAL","thesis_subtype":"place_of_worship","icon_id":"cultural_historic","name_quality":"NAMED","rayon":"Şəki şəhəri","rayon_id":"AZE_ADM2_54616110B24616396985677","verification_status":"PROVISIONAL","source_role":"MASTER_GIS","display_rank":628,"lon":47.181222,"lat":41.202488},"geometry":{"type":"Point","coordinates":[47.181222000000005,41.202487500000004]}},{"type":"Feature","properties":{"poi_id":"OSM_cultural_6010366989","label":"Şəki Dövlət Rəsm Qalereyası","name_az":"Şəki Dövlət Rəsm Qalereyası","thesis_group":"HISTORICAL_CULTURAL","thesis_subtype":"museum","icon_id":"cultural_museum","name_quality":"NAMED","rayon":"Şəki şəhəri","rayon_id":"AZE_ADM2_54616110B24616396985677","verification_status":"PROVISIONAL","source_role":"MASTER_GIS","display_rank":327,"lon":47.195459,"lat":41.203393},"geometry":{"type":"Point","coordinates":[47.1954587,41.2033927]}},{"type":"Feature","properties":{"poi_id":"OSM_cultural_6010366988","label":"Şəki Tarix-Diyarşünaslıq Muzeyi","name_az":"Şəki Tarix-Diyarşünaslıq Muzeyi","thesis_group":"HISTORICAL_CULTURAL","thesis_subtype":"museum","icon_id":"cultural_museum","name_quality":"NAMED","rayon":"Şəki şəhəri","rayon_id":"AZE_ADM2_54616110B24616396985677","verification_status":"PROVISIONAL","source_role":"MASTER_GIS","display_rank":326,"lon":47.196015,"lat":41.203581},"geometry":{"type":"Point","coordinates":[47.1960148,41.2035812]}},{"type":"Feature","properties":{"poi_id":"OSM_cultural_6052332286","label":"Şəki Xan Sarayı","name_az":"Şəki Xan Sarayı","thesis_group":"HISTORICAL_CULTURAL","thesis_subtype":"manor","icon_id":"cultural_historic","name_quality":"NAMED","rayon":"Şəki şəhəri","rayon_id":"AZE_ADM2_54616110B24616396985677","verification_status":"PROVISIONAL","source_role":"MASTER_GIS","display_rank":330,"lon":47.197729,"lat":41.204383},"geometry":{"type":"Point","coordinates":[47.1977288,41.204382900000006]}},{"type":"Feature","properties":{"poi_id":"OSM_cultural_5088734123","label":"Şəkixanovlar Ev Muzeyi","name_az":"Şəkixanovlar Ev Muzeyi","thesis_group":"HISTORICAL_CULTURAL","thesis_subtype":"castle","icon_id":"cultural_castle","name_quality":"NAMED","rayon":"Şəki şəhəri","rayon_id":"AZE_ADM2_54616110B24616396985677","verification_status":"PROVISIONAL","source_role":"MASTER_GIS","display_rank":251,"lon":47.190309,"lat":41.202646},"geometry":{"type":"Point","coordinates":[47.190308800000004,41.202646]}},{"type":"Feature","properties":{"poi_id":"OSM_cultural_11492472402","label":"Şəmkir Diyarşünaslıq Muzeyi","name_az":"Şəmkir Diyarşünaslıq Muzeyi","thesis_group":"HISTORICAL_CULTURAL","thesis_subtype":"museum","icon_id":"cultural_museum","name_quality":"NAMED","rayon":"Şəmkir rayonu","rayon_id":"AZE_ADM2_54616110B57585842497805","verification_status":"PROVISIONAL","source_role":"MASTER_GIS","display_rank":1062,"lon":46.024542,"lat":40.833593},"geometry":{"type":"Point","coordinates":[46.024542200000006,40.833592700000004]}},{"type":"Feature","properties":{"poi_id":"OSM_cultural_9703883903","label":"Şəmkir Qalası","name_az":"Şəmkir Qalası","thesis_group":"HISTORICAL_CULTURAL","thesis_subtype":"archaeological_site","icon_id":"cultural_archaeology","name_quality":"NAMED","rayon":"Şəmkir rayonu","rayon_id":"AZE_ADM2_54616110B57585842497805","verification_status":"PROVISIONAL","source_role":"MASTER_GIS","display_rank":815,"lon":46.125408,"lat":40.835058},"geometry":{"type":"Point","coordinates":[46.125407900000006,40.8350578]}},{"type":"Feature","properties":{"poi_id":"OSM_cultural_4572769389","label":"Şəmkir yazısı","name_az":"Şəmkir yazısı","thesis_group":"HISTORICAL_CULTURAL","thesis_subtype":"monument","icon_id":"cultural_monument","name_quality":"NAMED","rayon":"Tovuz rayonu","rayon_id":"AZE_ADM2_54616110B84187356839814","verification_status":"PROVISIONAL","source_role":"MASTER_GIS","display_rank":219,"lon":45.834519,"lat":40.920746},"geometry":{"type":"Point","coordinates":[45.8345186,40.9207455]}},{"type":"Feature","properties":{"poi_id":"OSM_cultural_7687967307","label":"Şəms məscidi","name_az":"Şəms məscidi","thesis_group":"HISTORICAL_CULTURAL","thesis_subtype":"place_of_worship","icon_id":"cultural_historic","name_quality":"NAMED","rayon":"Şamaxı rayonu","rayon_id":"AZE_ADM2_54616110B16651088424667","verification_status":"PROVISIONAL","source_role":"MASTER_GIS","display_rank":383,"lon":48.597513,"lat":40.784459},"geometry":{"type":"Point","coordinates":[48.597512800000004,40.7844591]}},{"type":"Feature","properties":{"poi_id":"OSM_cultural_9049032714","label":"Şərafət Məscidi","name_az":"Şərafət Məscidi","thesis_group":"HISTORICAL_CULTURAL","thesis_subtype":"place_of_worship","icon_id":"cultural_historic","name_quality":"NAMED","rayon":"Hacıqabul rayonu","rayon_id":"AZE_ADM2_54616110B48173541517146","verification_status":"PROVISIONAL","source_role":"MASTER_GIS","display_rank":766,"lon":48.836436,"lat":40.308998},"geometry":{"type":"Point","coordinates":[48.836436000000006,40.308997600000005]}},{"type":"Feature","properties":{"poi_id":"OSM_cultural_7807775563","label":"Şəxsiyyət Məscidi","name_az":"Şəxsiyyət Məscidi","thesis_group":"HISTORICAL_CULTURAL","thesis_subtype":"place_of_worship","icon_id":"cultural_historic","name_quality":"NAMED","rayon":"İsmayıllı rayonu","rayon_id":"AZE_ADM2_54616110B45290451128830","verification_status":"PROVISIONAL","source_role":"MASTER_GIS","display_rank":566,"lon":48.105032,"lat":40.87457},"geometry":{"type":"Point","coordinates":[48.105032400000006,40.8745696]}},{"type":"Feature","properties":{"poi_id":"OSM_cultural_10678229105","label":"şehid","name_az":"şehid","thesis_group":"HISTORICAL_CULTURAL","thesis_subtype":"memorial","icon_id":"cultural_historic","name_quality":"NAMED","rayon":"Abşeron rayonu","rayon_id":"AZE_ADM2_54616110B88432173472444","verification_status":"PROVISIONAL","source_role":"MASTER_GIS","display_rank":926,"lon":49.720173,"lat":40.561888},"geometry":{"type":"Point","coordinates":[49.720173200000005,40.5618885]}},{"type":"Feature","properties":{"poi_id":"OSM_cultural_12715201231","label":"şeytanın evi","name_az":"şeytanın evi","thesis_group":"HISTORICAL_CULTURAL","thesis_subtype":"place_of_worship","icon_id":"cultural_historic","name_quality":"NAMED","rayon":"Qobustan rayonu","rayon_id":"AZE_ADM2_54616110B43271825035432","verification_status":"PROVISIONAL","source_role":"MASTER_GIS","display_rank":1248,"lon":48.931731,"lat":40.531689},"geometry":{"type":"Point","coordinates":[48.9317313,40.531689400000005]}},{"type":"Feature","properties":{"poi_id":"OSM_cultural_10763768047","label":"Əbülfəz Abbas Məscidi","name_az":"Əbülfəz Abbas Məscidi","thesis_group":"HISTORICAL_CULTURAL","thesis_subtype":"place_of_worship","icon_id":"cultural_historic","name_quality":"NAMED","rayon":"Bakı şəhəri","rayon_id":"AZE_ADM2_54616110B61947743987915","verification_status":"PROVISIONAL","source_role":"MASTER_GIS","display_rank":957,"lon":50.120463,"lat":40.41659},"geometry":{"type":"Point","coordinates":[50.1204631,40.416589900000005]}},{"type":"Feature","properties":{"poi_id":"OSM_cultural_10575246791","label":"Əbülfəz Ağa Məscidi","name_az":"Əbülfəz Ağa Məscidi","thesis_group":"HISTORICAL_CULTURAL","thesis_subtype":"place_of_worship","icon_id":"cultural_historic","name_quality":"NAMED","rayon":"Bakı şəhəri","rayon_id":"AZE_ADM2_54616110B61947743987915","verification_status":"PROVISIONAL","source_role":"MASTER_GIS","display_rank":908,"lon":50.024634,"lat":40.552408},"geometry":{"type":"Point","coordinates":[50.024634400000004,40.5524075]}},{"type":"Feature","properties":{"poi_id":"OSM_cultural_7691161872","label":"Əbülfəzl Ağa Məscidi","name_az":"Əbülfəzl Ağa Məscidi","thesis_group":"HISTORICAL_CULTURAL","thesis_subtype":"place_of_worship","icon_id":"cultural_historic","name_quality":"NAMED","rayon":"Qusar rayonu","rayon_id":"AZE_ADM2_54616110B21517829058101","verification_status":"PROVISIONAL","source_role":"MASTER_GIS","display_rank":390,"lon":48.562623,"lat":41.710244},"geometry":{"type":"Point","coordinates":[48.562622700000006,41.7102439]}},{"type":"Feature","properties":{"poi_id":"OSM_cultural_7741328105","label":"Əbülfəzl Ağa Məscidi","name_az":"Əbülfəzl Ağa Məscidi","thesis_group":"HISTORICAL_CULTURAL","thesis_subtype":"place_of_worship","icon_id":"cultural_historic","name_quality":"NAMED","rayon":"Şamaxı rayonu","rayon_id":"AZE_ADM2_54616110B16651088424667","verification_status":"PROVISIONAL","source_role":"MASTER_GIS","display_rank":511,"lon":48.690414,"lat":40.538171},"geometry":{"type":"Point","coordinates":[48.6904138,40.5381707]}},{"type":"Feature","properties":{"poi_id":"OSM_cultural_12125232993","label":"Ədəbiyyat Muzeyi","name_az":"Ədəbiyyat Muzeyi","thesis_group":"HISTORICAL_CULTURAL","thesis_subtype":"museum","icon_id":"cultural_museum","name_quality":"NAMED","rayon":"Ağstafa rayonu","rayon_id":"AZE_ADM2_54616110B36354954300290","verification_status":"PROVISIONAL","source_role":"MASTER_GIS","display_rank":1138,"lon":45.362154,"lat":41.091507},"geometry":{"type":"Point","coordinates":[45.3621545,41.091507400000005]}},{"type":"Feature","properties":{"poi_id":"OSM_cultural_7787850855","label":"Əfzələddin Xəqani heykəli","name_az":"Əfzələddin Xəqani heykəli","thesis_group":"HISTORICAL_CULTURAL","thesis_subtype":"memorial","icon_id":"cultural_historic","name_quality":"NAMED","rayon":"Şamaxı rayonu","rayon_id":"AZE_ADM2_54616110B16651088424667","verification_status":"PROVISIONAL","source_role":"MASTER_GIS","display_rank":548,"lon":48.642472,"lat":40.633199},"geometry":{"type":"Point","coordinates":[48.642472000000005,40.633199000000005]}},{"type":"Feature","properties":{"poi_id":"OSM_cultural_7693174117","label":"Əhli Beyt Məscidi","name_az":"Əhli Beyt Məscidi","thesis_group":"HISTORICAL_CULTURAL","thesis_subtype":"place_of_worship","icon_id":"cultural_historic","name_quality":"NAMED","rayon":"Qusar rayonu","rayon_id":"AZE_ADM2_54616110B21517829058101","verification_status":"PROVISIONAL","source_role":"MASTER_GIS","display_rank":437,"lon":48.319716,"lat":41.491675},"geometry":{"type":"Point","coordinates":[48.319716400000004,41.491674800000006]}},{"type":"Feature","properties":{"poi_id":"OSM_cultural_11492343202","label":"Əhməd Cavad Abidəsi","name_az":"Əhməd Cavad Abidəsi","thesis_group":"HISTORICAL_CULTURAL","thesis_subtype":"monument","icon_id":"cultural_monument","name_quality":"NAMED","rayon":"Şəmkir rayonu","rayon_id":"AZE_ADM2_54616110B57585842497805","verification_status":"PROVISIONAL","source_role":"MASTER_GIS","display_rank":1061,"lon":46.023099,"lat":40.829867},"geometry":{"type":"Point","coordinates":[46.0230991,40.8298666]}},{"type":"Feature","properties":{"poi_id":"OSM_cultural_8558061880","label":"Əhən Piri","name_az":"Əhən Piri","thesis_group":"HISTORICAL_CULTURAL","thesis_subtype":"place_of_worship","icon_id":"cultural_historic","name_quality":"NAMED","rayon":"İsmayıllı rayonu","rayon_id":"AZE_ADM2_54616110B45290451128830","verification_status":"PROVISIONAL","source_role":"MASTER_GIS","display_rank":745,"lon":48.414755,"lat":40.852648},"geometry":{"type":"Point","coordinates":[48.4147551,40.8526479]}},{"type":"Feature","properties":{"poi_id":"OSM_cultural_8222781726","label":"Əkinçilər Məscidi","name_az":"Əkinçilər Məscidi","thesis_group":"HISTORICAL_CULTURAL","thesis_subtype":"place_of_worship","icon_id":"cultural_historic","name_quality":"NAMED","rayon":"Zaqatala rayonu","rayon_id":"AZE_ADM2_54616110B4759617374649","verification_status":"PROVISIONAL","source_role":"MASTER_GIS","display_rank":702,"lon":46.447932,"lat":41.58149},"geometry":{"type":"Point","coordinates":[46.4479315,41.581490200000005]}},{"type":"Feature","properties":{"poi_id":"OSM_cultural_11093742330","label":"Əlbətti Məscidi","name_az":"Əlbətti Məscidi","thesis_group":"HISTORICAL_CULTURAL","thesis_subtype":"place_of_worship","icon_id":"cultural_historic","name_quality":"NAMED","rayon":"Abşeron rayonu","rayon_id":"AZE_ADM2_54616110B88432173472444","verification_status":"PROVISIONAL","source_role":"MASTER_GIS","display_rank":989,"lon":49.842083,"lat":40.529101},"geometry":{"type":"Point","coordinates":[49.842083300000006,40.5291012]}},{"type":"Feature","properties":{"poi_id":"OSM_cultural_8308984693","label":"Əlhəmdülillah Məscid","name_az":"Əlhəmdülillah Məscid","thesis_group":"HISTORICAL_CULTURAL","thesis_subtype":"place_of_worship","icon_id":"cultural_historic","name_quality":"NAMED","rayon":"Şəki rayonu","rayon_id":"AZE_ADM2_54616110B25010354244926","verification_status":"PROVISIONAL","source_role":"MASTER_GIS","display_rank":711,"lon":47.122167,"lat":41.124972},"geometry":{"type":"Point","coordinates":[47.122166500000006,41.1249715]}},{"type":"Feature","properties":{"poi_id":"OSM_cultural_9834429036","label":"Əli Ayağı Ziyarətgahı","name_az":"Əli Ayağı Ziyarətgahı","thesis_group":"HISTORICAL_CULTURAL","thesis_subtype":"place_of_worship","icon_id":"cultural_historic","name_quality":"NAMED","rayon":"Bakı şəhəri","rayon_id":"AZE_ADM2_54616110B61947743987915","verification_status":"PROVISIONAL","source_role":"MASTER_GIS","display_rank":829,"lon":50.124316,"lat":40.518841},"geometry":{"type":"Point","coordinates":[50.124316,40.518840700000005]}},{"type":"Feature","properties":{"poi_id":"OSM_cultural_10051987685","label":"Əli Bünyadlılar Məscidi","name_az":"Əli Bünyadlılar Məscidi","thesis_group":"HISTORICAL_CULTURAL","thesis_subtype":"place_of_worship","icon_id":"cultural_historic","name_quality":"NAMED","rayon":"Bakı şəhəri","rayon_id":"AZE_ADM2_54616110B61947743987915","verification_status":"PROVISIONAL","source_role":"MASTER_GIS","display_rank":870,"lon":49.987849,"lat":40.422632},"geometry":{"type":"Point","coordinates":[49.9878493,40.4226322]}},{"type":"Feature","properties":{"poi_id":"OSM_cultural_11883774952","label":"Əliağa Ağayev","name_az":"Əliağa Ağayev","thesis_group":"HISTORICAL_CULTURAL","thesis_subtype":"memorial","icon_id":"cultural_historic","name_quality":"NAMED","rayon":"Bakı şəhəri","rayon_id":"AZE_ADM2_54616110B61947743987915","verification_status":"PROVISIONAL","source_role":"MASTER_GIS","display_rank":1100,"lon":49.817698,"lat":40.375546},"geometry":{"type":"Point","coordinates":[49.8176981,40.3755457]}},{"type":"Feature","properties":{"poi_id":"OSM_cultural_3416433812","label":"Əliağa Vahid heykəli","name_az":"Əliağa Vahid heykəli","thesis_group":"HISTORICAL_CULTURAL","thesis_subtype":"memorial","icon_id":"cultural_historic","name_quality":"NAMED","rayon":"Abşeron rayonu","rayon_id":"AZE_ADM2_54616110B88432173472444","verification_status":"PROVISIONAL","source_role":"MASTER_GIS","display_rank":121,"lon":49.757751,"lat":40.485169},"geometry":{"type":"Point","coordinates":[49.7577512,40.4851692]}},{"type":"Feature","properties":{"poi_id":"OSM_cultural_4479449795","label":"Əliağa Vahid heykəli","name_az":"Əliağa Vahid heykəli","thesis_group":"HISTORICAL_CULTURAL","thesis_subtype":"memorial","icon_id":"cultural_historic","name_quality":"NAMED","rayon":"Bakı şəhəri","rayon_id":"AZE_ADM2_54616110B61947743987915","verification_status":"PROVISIONAL","source_role":"MASTER_GIS","display_rank":208,"lon":49.832377,"lat":40.365865},"geometry":{"type":"Point","coordinates":[49.832376800000006,40.365864900000005]}},{"type":"Feature","properties":{"poi_id":"OSM_cultural_10096285678","label":"Əlibaba Piri","name_az":"Əlibaba Piri","thesis_group":"HISTORICAL_CULTURAL","thesis_subtype":"place_of_worship","icon_id":"cultural_historic","name_quality":"NAMED","rayon":"Bakı şəhəri","rayon_id":"AZE_ADM2_54616110B61947743987915","verification_status":"PROVISIONAL","source_role":"MASTER_GIS","display_rank":875,"lon":50.2415,"lat":40.355853},"geometry":{"type":"Point","coordinates":[50.2415004,40.3558529]}},{"type":"Feature","properties":{"poi_id":"OSM_cultural_13456545330","label":"Əlibəy Hüseynzadə hekəli","name_az":"Əlibəy Hüseynzadə hekəli","thesis_group":"HISTORICAL_CULTURAL","thesis_subtype":"memorial","icon_id":"cultural_historic","name_quality":"NAMED","rayon":"Neftçala rayonu","rayon_id":"AZE_ADM2_54616110B40961788089107","verification_status":"PROVISIONAL","source_role":"MASTER_GIS","display_rank":1308,"lon":48.985768,"lat":39.595363},"geometry":{"type":"Point","coordinates":[48.985768,39.5953631]}},{"type":"Feature","properties":{"poi_id":"OSM_cultural_2061899075","label":"Əlincə qalası","name_az":"Əlincə qalası","thesis_group":"HISTORICAL_CULTURAL","thesis_subtype":"attraction","icon_id":"cultural_historic","name_quality":"NAMED","rayon":"Culfa rayonu","rayon_id":"AZE_ADM2_54616110B53393721771174","verification_status":"PROVISIONAL","source_role":"MASTER_GIS","display_rank":37,"lon":45.69507,"lat":39.193801},"geometry":{"type":"Point","coordinates":[45.695069600000004,39.193801300000004]}},{"type":"Feature","properties":{"poi_id":"OSM_cultural_11435596288","label":"Əliyaqublu Məscidi","name_az":"Əliyaqublu Məscidi","thesis_group":"HISTORICAL_CULTURAL","thesis_subtype":"place_of_worship","icon_id":"cultural_historic","name_quality":"NAMED","rayon":"Şəmkir rayonu","rayon_id":"AZE_ADM2_54616110B57585842497805","verification_status":"PROVISIONAL","source_role":"MASTER_GIS","display_rank":1055,"lon":46.081941,"lat":40.828442},"geometry":{"type":"Point","coordinates":[46.081941400000005,40.8284419]}},{"type":"Feature","properties":{"poi_id":"OSM_cultural_10879572311","label":"Əliçıraq Məscidi","name_az":"Əliçıraq Məscidi","thesis_group":"HISTORICAL_CULTURAL","thesis_subtype":"place_of_worship","icon_id":"cultural_historic","name_quality":"NAMED","rayon":"Bakı şəhəri","rayon_id":"AZE_ADM2_54616110B61947743987915","verification_status":"PROVISIONAL","source_role":"MASTER_GIS","display_rank":963,"lon":49.876861,"lat":40.482478},"geometry":{"type":"Point","coordinates":[49.8768608,40.482477700000004]}},{"type":"Feature","properties":{"poi_id":"OSM_cultural_2002311106","label":"Əlişir Nəvainin heykəli","name_az":"Əlişir Nəvainin heykəli","thesis_group":"HISTORICAL_CULTURAL","thesis_subtype":"memorial","icon_id":"cultural_historic","name_quality":"NAMED","rayon":"Bakı şəhəri","rayon_id":"AZE_ADM2_54616110B61947743987915","verification_status":"PROVISIONAL","source_role":"MASTER_GIS","display_rank":31,"lon":49.835998,"lat":40.407542},"geometry":{"type":"Point","coordinates":[49.8359983,40.407541900000005]}},{"type":"Feature","properties":{"poi_id":"OSM_cultural_11396889137","label":"Ələt Məscidi","name_az":"Ələt Məscidi","thesis_group":"HISTORICAL_CULTURAL","thesis_subtype":"place_of_worship","icon_id":"cultural_historic","name_quality":"NAMED","rayon":"Bakı şəhəri","rayon_id":"AZE_ADM2_54616110B61947743987915","verification_status":"PROVISIONAL","source_role":"MASTER_GIS","display_rank":1048,"lon":49.407767,"lat":39.95455},"geometry":{"type":"Point","coordinates":[49.4077666,39.9545504]}},{"type":"Feature","properties":{"poi_id":"OSM_cultural_13854440028","label":"Əmbərçay kənd Məscidi","name_az":"Əmbərçay kənd Məscidi","thesis_group":"HISTORICAL_CULTURAL","thesis_subtype":"place_of_worship","icon_id":"cultural_historic","name_quality":"NAMED","rayon":"Qax rayonu","rayon_id":"AZE_ADM2_54616110B49356278605879","verification_status":"PROVISIONAL","source_role":"MASTER_GIS","display_rank":1348,"lon":46.940983,"lat":41.376755},"geometry":{"type":"Point","coordinates":[46.940983200000005,41.376755200000005]}},{"type":"Feature","properties":{"poi_id":"OSM_cultural_7707481205","label":"Əminamanlıq Məscidi","name_az":"Əminamanlıq Məscidi","thesis_group":"HISTORICAL_CULTURAL","thesis_subtype":"place_of_worship","icon_id":"cultural_historic","name_quality":"NAMED","rayon":"Quba rayonu","rayon_id":"AZE_ADM2_54616110B77048085748362","verification_status":"PROVISIONAL","source_role":"MASTER_GIS","display_rank":471,"lon":48.483935,"lat":41.098867},"geometry":{"type":"Point","coordinates":[48.483934700000006,41.0988672]}},{"type":"Feature","properties":{"poi_id":"OSM_cultural_7693131682","label":"Əmək Muzeyi","name_az":"Əmək Muzeyi","thesis_group":"HISTORICAL_CULTURAL","thesis_subtype":"museum","icon_id":"cultural_museum","name_quality":"NAMED","rayon":"Qusar rayonu","rayon_id":"AZE_ADM2_54616110B21517829058101","verification_status":"PROVISIONAL","source_role":"MASTER_GIS","display_rank":433,"lon":48.434542,"lat":41.433044},"geometry":{"type":"Point","coordinates":[48.434541800000005,41.4330445]}},{"type":"Feature","properties":{"poi_id":"OSM_cultural_7722167157","label":"Əmək və Şöhrət Muzeyi","name_az":"Əmək və Şöhrət Muzeyi","thesis_group":"HISTORICAL_CULTURAL","thesis_subtype":"museum","icon_id":"cultural_museum","name_quality":"NAMED","rayon":"Xaçmaz rayonu","rayon_id":"AZE_ADM2_54616110B89497242950609","verification_status":"PROVISIONAL","source_role":"MASTER_GIS","display_rank":481,"lon":48.786218,"lat":41.460736},"geometry":{"type":"Point","coordinates":[48.7862183,41.460736100000005]}},{"type":"Feature","properties":{"poi_id":"OSM_cultural_12520423201","label":"Ərçivan hamamı","name_az":"Ərçivan hamamı","thesis_group":"HISTORICAL_CULTURAL","thesis_subtype":"ruins","icon_id":"cultural_historic","name_quality":"NAMED","rayon":"Astara rayonu","rayon_id":"AZE_ADM2_54616110B5213879595332","verification_status":"PROVISIONAL","source_role":"MASTER_GIS","display_rank":1225,"lon":48.830068,"lat":38.504139},"geometry":{"type":"Point","coordinates":[48.8300683,38.5041388]}},{"type":"Feature","properties":{"poi_id":"OSM_cultural_13874079444","label":"Ərşəli kənd Məscidi","name_az":"Ərşəli kənd Məscidi","thesis_group":"HISTORICAL_CULTURAL","thesis_subtype":"place_of_worship","icon_id":"cultural_historic","name_quality":"NAMED","rayon":"Kürdəmir rayonu","rayon_id":"AZE_ADM2_54616110B82810927503709","verification_status":"PROVISIONAL","source_role":"MASTER_GIS","display_rank":1350,"lon":48.346576,"lat":40.272087},"geometry":{"type":"Point","coordinates":[48.3465761,40.2720871]}},{"type":"Feature","properties":{"poi_id":"OSM_cultural_13534887665","label":"Ərəbqardaşbəyli Məscidi","name_az":"Ərəbqardaşbəyli Məscidi","thesis_group":"HISTORICAL_CULTURAL","thesis_subtype":"place_of_worship","icon_id":"cultural_historic","name_quality":"NAMED","rayon":"Salyan rayonu","rayon_id":"AZE_ADM2_54616110B55207089168458","verification_status":"PROVISIONAL","source_role":"MASTER_GIS","display_rank":1316,"lon":49.000424,"lat":39.51844},"geometry":{"type":"Point","coordinates":[49.000423500000004,39.5184401]}},{"type":"Feature","properties":{"poi_id":"OSM_cultural_13534887743","label":"Ərəbqardaşbəyli Məscidi","name_az":"Ərəbqardaşbəyli Məscidi","thesis_group":"HISTORICAL_CULTURAL","thesis_subtype":"place_of_worship","icon_id":"cultural_historic","name_quality":"NAMED","rayon":"Salyan rayonu","rayon_id":"AZE_ADM2_54616110B55207089168458","verification_status":"PROVISIONAL","source_role":"MASTER_GIS","display_rank":1318,"lon":49.015447,"lat":39.52969},"geometry":{"type":"Point","coordinates":[49.015446600000004,39.52969]}},{"type":"Feature","properties":{"poi_id":"OSM_cultural_3461412452","label":"Əsgər Abidəsi \\ Yevlzx","name_az":"Əsgər Abidəsi \\ Yevlzx","thesis_group":"HISTORICAL_CULTURAL","thesis_subtype":"memorial","icon_id":"cultural_historic","name_quality":"NAMED","rayon":"Yevlax şəhəri","rayon_id":"AZE_ADM2_54616110B78344971255813","verification_status":"PROVISIONAL","source_role":"MASTER_GIS","display_rank":127,"lon":47.16453,"lat":40.596658},"geometry":{"type":"Point","coordinates":[47.1645303,40.5966576]}},{"type":"Feature","properties":{"poi_id":"OSM_cultural_11288364017","label":"Əsgəran qalası","name_az":"Əsgəran qalası","thesis_group":"HISTORICAL_CULTURAL","thesis_subtype":"castle","icon_id":"cultural_castle","name_quality":"NAMED","rayon":"Xocalı rayonu","rayon_id":"AZE_ADM2_54616110B87325868620163","verification_status":"PROVISIONAL","source_role":"MASTER_GIS","display_rank":1028,"lon":46.831057,"lat":39.933879},"geometry":{"type":"Point","coordinates":[46.831056800000006,39.933879000000005]}},{"type":"Feature","properties":{"poi_id":"OSM_cultural_7731771465","label":"Əzan Səsi Məscidi","name_az":"Əzan Səsi Məscidi","thesis_group":"HISTORICAL_CULTURAL","thesis_subtype":"place_of_worship","icon_id":"cultural_historic","name_quality":"NAMED","rayon":"Xaçmaz rayonu","rayon_id":"AZE_ADM2_54616110B89497242950609","verification_status":"PROVISIONAL","source_role":"MASTER_GIS","display_rank":499,"lon":48.739936,"lat":41.465685},"geometry":{"type":"Point","coordinates":[48.7399355,41.465684700000004]}},{"type":"Feature","properties":{"poi_id":"OSM_cultural_12965484683","label":"Əzim Əzimzadə Abidəsi","name_az":"Əzim Əzimzadə Abidəsi","thesis_group":"HISTORICAL_CULTURAL","thesis_subtype":"artwork","icon_id":"cultural_historic","name_quality":"NAMED","rayon":"Bakı şəhəri","rayon_id":"AZE_ADM2_54616110B61947743987915","verification_status":"PROVISIONAL","source_role":"MASTER_GIS","display_rank":1277,"lon":49.837458,"lat":40.367392},"geometry":{"type":"Point","coordinates":[49.837457500000006,40.367392200000005]}},{"type":"Feature","properties":{"poi_id":"OSM_cultural_7770508489","label":"Əziz Peyğəmbərlər Məscidi","name_az":"Əziz Peyğəmbərlər Məscidi","thesis_group":"HISTORICAL_CULTURAL","thesis_subtype":"place_of_worship","icon_id":"cultural_historic","name_quality":"NAMED","rayon":"Ağsu rayonu","rayon_id":"AZE_ADM2_54616110B12323901372431","verification_status":"PROVISIONAL","source_role":"MASTER_GIS","display_rank":524,"lon":48.49721,"lat":40.635332},"geometry":{"type":"Point","coordinates":[48.497210300000006,40.6353322]}},{"type":"Feature","properties":{"poi_id":"OSM_cultural_1930084543","label":"Əşkinazi yəhudilərinin Bakıdakı sinaqoqu","name_az":"Əşkinazi yəhudilərinin Bakıdakı sinaqoqu","thesis_group":"HISTORICAL_CULTURAL","thesis_subtype":"place_of_worship","icon_id":"cultural_historic","name_quality":"NAMED","rayon":"Bakı şəhəri","rayon_id":"AZE_ADM2_54616110B61947743987915","verification_status":"PROVISIONAL","source_role":"MASTER_GIS","display_rank":24,"lon":49.838098,"lat":40.375557},"geometry":{"type":"Point","coordinates":[49.838098200000005,40.3755569]}}]}