{"type":"FeatureCollection","features":[{"type":"Feature","properties":{"name":"20 т","natural":"water"},"geometry":{"type":"Polygon","coordinates":[[[48.3031332,41.5084062],[48.3030956,41.5083189],[48.3031736,41.5083744],[48.3031332,41.5084062]]]}},{"type":"Feature","properties":{"name":"AGA VIR","natural":"water"},"geometry":{"type":"Polygon","coordinates":[[[48.4387904,41.5559908],[48.4383801,41.5558282],[48.4387448,41.5556676],[48.4387904,41.5559908]]]}},{"type":"Feature","properties":{"name":"Abbasbəyli Su Ambarı","natural":"water"},"geometry":{"type":"Polygon","coordinates":[[[45.1918784,41.0723431],[45.1855687,41.0712258],[45.181091,41.0722804],[45.1894657,41.0764234],[45.1918784,41.0723431]]]}},{"type":"Feature","properties":{"name":"Acınohur Gölü","natural":"water"},"geometry":{"type":"Polygon","coordinates":[[[46.9474124,40.9856],[46.9604158,40.9792339],[46.968323,40.9689951],[46.9746208,40.9658356],[46.9800067,40.9589329],[46.9889974,40.9562105],[46.9866371,40.9613635],[46.9942546,40.9620279],[46.9993615,40.975354],[46.9987929,40.9779217],[47.0015475,40.9805724],[47.0047481,40.9801466],[47.0035035,40.9828139],[47.0054689,40.9827086],[47.0032883,40.9855838],[46.9978058,40.9874424],[46.998184,40.9882887],[47.0000006,40.987488],[47.0022979,40.9888807],[46.9996887,40.9877644],[47.0006128,40.9891677],[46.9987071,40.9897617],[46.998864,40.9900441],[46.9995791,40.9903096],[47.0005517,40.9911404],[46.998404,40.9902223],[46.9996183,40.9920914],[46.9976315,40.9905563],[46.9977495,40.9916896],[46.9950016,40.9920752],[46.9954032,40.9935207],[46.9877335,40.9961125],[46.9811999,41.0019843],[46.9610166,41.010038],[46.952042,41.0118879],[46.9501443,41.014099],[46.9184956,41.0225146],[46.9069299,41.0226401],[46.906435,41.0207855],[46.899176,41.0211656],[46.9010331,41.019803],[46.8969293,41.019717],[46.907292,41.0181456],[46.9089416,41.0160692],[46.9081356,41.0142933],[46.915698,41.0046297],[46.9270492,40.9968666],[46.9357502,40.9946458],[46.9474124,40.9856]]]}},{"type":"Feature","properties":{"name":"Adsız","natural":"water"},"geometry":{"type":"Polygon","coordinates":[[[49.6217158,40.5224125],[49.6247486,40.5205089],[49.6251639,40.5188252],[49.6222946,40.5204132],[49.6217158,40.5224125]]]}},{"type":"Feature","properties":{"name":"Alagollar Lake","natural":"water"},"geometry":{"type":"Polygon","coordinates":[[[46.0119496,39.7431741],[46.0188532,39.7467156],[46.0204143,39.7502298],[46.0170078,39.7517722],[46.0146474,39.7498461],[46.0086178,39.7493264],[46.0068046,39.7473219],[46.0115038,39.7467197],[46.0119496,39.7431741]]]}},{"type":"Feature","properties":{"name":"Alazani","natural":"water"},"geometry":{"type":"Polygon","coordinates":[[[46.3946194,41.4779599],[46.403262,41.4797054],[46.4046085,41.4823639],[46.4032936,41.4833652],[46.4004331,41.4840565],[46.3967496,41.4820263],[46.3931984,41.4834349],[46.3864365,41.4836359],[46.3851625,41.4850806],[46.3858384,41.4881628],[46.3814503,41.4932419],[46.3794708,41.492587],[46.3789531,41.4891074],[46.3759491,41.4893603],[46.3723636,41.4876717],[46.3666671,41.4916039],[46.3637799,41.4912288],[46.3610398,41.4891408],[46.358275,41.48957],[46.3571164,41.492617],[46.3605452,41.4972238],[46.3581365,41.5000884],[46.357451,41.504439],[46.3543117,41.5049015],[46.3523376,41.5036641],[46.3523956,41.5015314],[46.3549437,41.49757],[46.3539576,41.4940013],[46.3517314,41.4929325],[46.3421766,41.4953465],[46.34321,41.500675],[46.3408551,41.5011732],[46.3352989,41.4996254],[46.3320038,41.5009924],[46.3330703,41.5065268],[46.3296344,41.5108685],[46.3260359,41.5217965],[46.328142,41.5239808],[46.3350105,41.5238629],[46.3357508,41.5262244],[46.332397,41.5281804],[46.3239223,41.5269171],[46.3212176,41.529833],[46.3228377,41.53313],[46.3283979,41.5348637],[46.3291865,41.5376092],[46.327149,41.5389641],[46.3238257,41.5392191],[46.3202348,41.5342073],[46.31662,41.5330965],[46.3114446,41.5360811],[46.3055277,41.5365047],[46.3050905,41.5381631],[46.308873,41.5380361],[46.310648,41.5400121],[46.3054526,41.5456533],[46.305415,41.5521992],[46.3000774,41.5542887],[46.3011581,41.5559048],[46.3059488,41.555784],[46.3078183,41.5576125],[46.3022497,41.5623533],[46.3014076,41.568141],[46.2978727,41.5725153],[46.2983064,41.5745148],[46.3012568,41.5758432],[46.3041026,41.5791097],[46.3094759,41.5794577],[46.3142732,41.5864852],[46.3121146,41.5884543],[46.3068661,41.5894628],[46.3069331,41.5951259],[46.3056268,41.5969131],[46.3022946,41.5978936],[46.2981865,41.5969792],[46.2953004,41.599699],[46.2910518,41.5991374],[46.2884607,41.6017832],[46.2808514,41.5998916],[46.2681404,41.6075752],[46.2692267,41.6089409],[46.2757444,41.6059888],[46.2774503,41.6062615],[46.2783301,41.6087725],[46.2735841,41.6092712],[46.2723427,41.6112478],[46.2790918,41.6109263],[46.2802252,41.612538],[46.2779921,41.6172631],[46.2782818,41.6208543],[46.2745911,41.6238599],[46.2731099,41.6275568],[46.2676629,41.6307367],[46.2665605,41.6357325],[46.2638069,41.6356039],[46.2622576,41.634786],[46.2644979,41.6309833],[46.2613007,41.6253677],[46.2630913,41.6238292],[46.2677407,41.6252313],[46.2662178,41.6210522],[46.2542385,41.6239241],[46.2525809,41.6229496],[46.2499731,41.6187948],[46.2525326,41.6132726],[46.2557191,41.6111429],[46.2556493,41.6097271],[46.2524456,41.609175],[46.2463521,41.614713],[46.2423992,41.6135854],[46.2428606,41.6119531],[46.2480211,41.610076],[46.248579,41.6072042],[46.2465185,41.604076],[46.2500945,41.6008844],[46.2453887,41.5966837],[46.2406605,41.5957241],[46.2381452,41.59728],[46.2375427,41.6017524],[46.2428498,41.6029403],[46.2424689,41.6050863],[46.235742,41.6038027],[46.2326809,41.6057808],[46.2282118,41.6053785],[46.2207109,41.6081949],[46.2232375,41.6112833],[46.2223685,41.6134892],[46.2199438,41.6136095],[46.2147295,41.6116322],[46.2161511,41.6140908],[46.2146974,41.6156749],[46.207847,41.6142873],[46.2038559,41.615699],[46.2041563,41.6197976],[46.2072832,41.6209127],[46.2079055,41.6221959],[46.202606,41.6264603],[46.212101,41.6257446],[46.2139946,41.6266428],[46.2135118,41.6284392],[46.2061036,41.6285595],[46.2049878,41.6315587],[46.202724,41.6320839],[46.1996126,41.6280021],[46.194275,41.6255762],[46.1929661,41.6276372],[46.1972737,41.6317511],[46.1946178,41.6351256],[46.1912924,41.6349226],[46.1917162,41.6301132],[46.1872503,41.6269255],[46.1851823,41.6286076],[46.1876178,41.6329259],[46.1860187,41.6350912],[46.1830848,41.6352554],[46.1786109,41.6330542],[46.1733216,41.6330342],[46.1714494,41.635939],[46.1698776,41.6365544],[46.167962,41.6356845],[46.1647546,41.6306846],[46.1609137,41.6319316],[46.1587626,41.6358367],[46.1497713,41.635703],[46.1473954,41.6349146],[46.1430234,41.6298185],[46.1387265,41.6293133],[46.1363286,41.6310294],[46.1367524,41.6348865],[46.1438227,41.6404472],[46.1515045,41.643983],[46.1523521,41.6454983],[46.1515635,41.6473503],[46.1484361,41.6470256],[46.1440104,41.6438668],[46.1396116,41.6435782],[46.1307549,41.6378774],[46.1266029,41.6375366],[46.1248004,41.6397577],[46.1316562,41.642167],[46.132713,41.6446525],[46.1323374,41.6484847],[46.1307818,41.6502003],[46.1264205,41.6478313],[46.1235022,41.649074],[46.1218661,41.6543328],[46.1260933,41.6588819],[46.1182664,41.6596877],[46.1191624,41.6630379],[46.1171454,41.6655827],[46.1144793,41.6656027],[46.1093295,41.6612465],[46.1076289,41.6618837],[46.1069369,41.6647231],[46.1051667,41.6653623],[46.1012238,41.6605451],[46.0982144,41.6593268],[46.0887086,41.662553],[46.0819198,41.662055],[46.0885584,41.662032],[46.0980481,41.6588859],[46.1015338,41.6599826],[46.105054,41.6645247],[46.1066741,41.6639035],[46.1072051,41.6613066],[46.1098337,41.6605411],[46.1147475,41.6649415],[46.1168262,41.6649355],[46.1183363,41.6631541],[46.1175907,41.6591424],[46.1216181,41.6579386],[46.1254013,41.6584811],[46.122424,41.6567958],[46.1215818,41.6556074],[46.1211955,41.6541886],[46.1234164,41.6483364],[46.1262059,41.6472381],[46.1303204,41.6494868],[46.1316776,41.6487493],[46.1313665,41.6427784],[46.123918,41.6400864],[46.1263508,41.6368871],[46.1312592,41.637276],[46.1395043,41.6428967],[46.1450565,41.6436383],[46.1511666,41.6468332],[46.1507052,41.6440231],[46.1432003,41.6406398],[46.1362213,41.6351932],[46.1353455,41.631286],[46.1388257,41.6285615],[46.1438978,41.6295218],[46.1498496,41.6350469],[46.1585265,41.6353476],[46.1609298,41.6313141],[46.1648507,41.629947],[46.1699152,41.6359169],[46.1734021,41.6323205],[46.1787504,41.6325851],[46.1855525,41.6348023],[46.1867487,41.6325611],[46.1844286,41.6284893],[46.1874461,41.6263481],[46.1918583,41.6287239],[46.1917511,41.6344174],[46.1944359,41.6344896],[46.1964261,41.6322323],[46.1920756,41.6272282],[46.1935857,41.6250709],[46.2001271,41.6277216],[46.2028098,41.6314464],[46.2058085,41.627934],[46.2125462,41.6281024],[46.2132168,41.6270117],[46.2114921,41.6261556],[46.2019139,41.6268192],[46.2021714,41.6252032],[46.207155,41.6222158],[46.2030861,41.6195229],[46.2034884,41.6151937],[46.208362,41.6137017],[46.2145069,41.6151074],[46.2153116,41.6137479],[46.2136808,41.6119932],[46.2153009,41.6111609],[46.2219179,41.6130821],[46.2225079,41.6113795],[46.2198579,41.6080304],[46.2285268,41.6047132],[46.232866,41.6051991],[46.2358996,41.6033139],[46.2422277,41.6043493],[46.2422814,41.6032348],[46.236841,41.6015489],[46.2370589,41.5986781],[46.2376222,41.5968207],[46.2401745,41.5952154],[46.2461972,41.596225],[46.2507409,41.6007861],[46.2472373,41.6041121],[46.2491792,41.6071807],[46.2481713,41.6106656],[46.2433609,41.6135747],[46.2465971,41.6140133],[46.2518099,41.6089543],[46.2547722,41.6085258],[46.2565827,41.6098073],[46.2564272,41.6112592],[46.2530523,41.613586],[46.250708,41.618081],[46.2531763,41.6227692],[46.2669468,41.6207801],[46.2683308,41.6256524],[46.2621579,41.6254131],[46.2651604,41.6310254],[46.2629074,41.6341889],[46.2648164,41.6348542],[46.2674633,41.6301005],[46.2720457,41.6274307],[46.2740922,41.6232744],[46.2771875,41.6210869],[46.2773289,41.6173706],[46.2795371,41.6129918],[46.2781906,41.6116202],[46.2738025,41.6124785],[46.2714207,41.6113595],[46.2734176,41.6084736],[46.277551,41.6084349],[46.2772244,41.6069561],[46.2684005,41.609719],[46.266472,41.6088914],[46.2667959,41.6067184],[46.2805203,41.5993594],[46.2878895,41.6013317],[46.2908399,41.598632],[46.294874,41.5992538],[46.2981725,41.5963158],[46.3049879,41.5966709],[46.3062358,41.5891559],[46.3132954,41.5866643],[46.3092498,41.5801832],[46.3029117,41.5794267],[46.3011683,41.576728],[46.2974029,41.5757417],[46.2961721,41.5745319],[46.2962204,41.5728564],[46.3008067,41.5672981],[46.3016865,41.5613739],[46.3065251,41.5578255],[46.3056293,41.5563864],[46.2998655,41.5562336],[46.2988615,41.5544223],[46.3044789,41.5519061],[46.3050556,41.5447459],[46.3092506,41.5408573],[46.3084888,41.538936],[46.3041168,41.5381952],[46.3051683,41.5359245],[46.3104308,41.5356575],[46.3181502,41.532447],[46.3220608,41.5342821],[46.3237442,41.5383019],[46.3281843,41.537613],[46.3278856,41.5353746],[46.3218586,41.5334211],[46.3200331,41.5300536],[46.3238069,41.5260175],[46.332028,41.527436],[46.3348764,41.5259352],[46.3334978,41.5241279],[46.3275942,41.5246219],[46.3249013,41.5226259],[46.3284552,41.5116062],[46.3320494,41.5063116],[46.3308252,41.5019369],[46.3317909,41.4996427],[46.3348013,41.4988932],[46.3418442,41.500412],[46.3427522,41.4991862],[46.3411807,41.4952645],[46.3518682,41.4920063],[46.3546454,41.4933278],[46.3556474,41.4968541],[46.3529143,41.5029289],[46.3562386,41.5041276],[46.3574418,41.4995862],[46.3596386,41.4974066],[46.3562429,41.4920686],[46.3581255,41.4886527],[46.361846,41.4881085],[46.3639086,41.4904995],[46.3665453,41.490839],[46.3726467,41.4869941],[46.3800475,41.4889142],[46.3799429,41.4920827],[46.3813591,41.492593],[46.3849801,41.4884441],[46.3845375,41.4846466],[46.3862058,41.4828726],[46.3968194,41.4813672],[46.4002258,41.4835294],[46.4030549,41.4830598],[46.4030608,41.4803929],[46.3930803,41.4775613],[46.392192,41.4725178],[46.396425,41.4702967],[46.4000112,41.4704069],[46.4041847,41.4719021],[46.4081598,41.476044],[46.4077949,41.4808368],[46.4105174,41.4813733],[46.4159891,41.4756301],[46.4240894,41.4735601],[46.4253634,41.467169],[46.4291373,41.4674183],[46.4319295,41.4697436],[46.4252588,41.4636899],[46.4262781,41.4553861],[46.4335924,41.4532411],[46.4418241,41.4538221],[46.4451984,41.4580315],[46.4396247,41.4607472],[46.4439002,41.4618346],[46.4488059,41.4571531],[46.449101,41.4545277],[46.4409202,41.4506136],[46.4404026,41.4488042],[46.4483151,41.446267],[46.4515927,41.4456337],[46.4562061,41.4381359],[46.4646766,41.4362558],[46.4675143,41.4327609],[46.4702776,41.4323926],[46.474413,41.4360628],[46.4772159,41.4359502],[46.4781922,41.4333361],[46.4726669,41.4312205],[46.4724174,41.4292558],[46.4787662,41.4280471],[46.4852777,41.4292619],[46.4860323,41.4276811],[46.4837913,41.425685],[46.4861812,41.4236417],[46.4979011,41.4197649],[46.5063395,41.4193217],[46.5079004,41.4129542],[46.5097833,41.4128214],[46.5153623,41.4131795],[46.5203512,41.4178079],[46.5218344,41.4160237],[46.5208259,41.4130407],[46.5222475,41.4113288],[46.5260053,41.4097638],[46.5352535,41.4104578],[46.5384328,41.4083733],[46.5486538,41.4060864],[46.5604958,41.4052273],[46.5668526,41.4067764],[46.5693927,41.4042697],[46.568132,41.400761],[46.5694517,41.3990126],[46.5748832,41.3995428],[46.5802959,41.3975137],[46.5945169,41.3975599],[46.5989935,41.3923526],[46.6034916,41.3942138],[46.6069382,41.3910044],[46.6093361,41.3950489],[46.6149554,41.3933064],[46.6158164,41.3905778],[46.6102588,41.3838103],[46.6127358,41.3802461],[46.6205505,41.37799],[46.6233346,41.3787125],[46.6242304,41.3836493],[46.6289833,41.3873541],[46.6265908,41.3898313],[46.6278326,41.3905074],[46.6319606,41.3897729],[46.633122,41.3869577],[46.6257083,41.381675],[46.62599,41.3775613],[46.6306731,41.3767482],[46.6356245,41.381194],[46.630016,41.3773137],[46.626513,41.3782496],[46.6266873,41.3817817],[46.6339454,41.3866438],[46.6322985,41.3903122],[46.6276932,41.3911352],[46.62588,41.3898071],[46.6280848,41.3869899],[46.6233695,41.3837137],[46.622884,41.3801455],[46.6193381,41.3790748],[46.6131422,41.3808962],[46.611447,41.3844925],[46.6171575,41.3912419],[46.6144297,41.394407],[46.6089754,41.3955167],[46.6069114,41.3917721],[46.6034661,41.3948306],[46.5989426,41.3935498],[46.5974727,41.3965398],[46.5944579,41.3980831],[46.5793222,41.3982279],[46.5744674,41.400095],[46.5698607,41.3994834],[46.5704522,41.4051569],[46.5669626,41.4073055],[46.5599111,41.4059717],[46.5483159,41.4066175],[46.5383059,41.4090858],[46.5352777,41.4114354],[46.5252569,41.4106569],[46.5217325,41.4139197],[46.5225935,41.4171461],[46.5204424,41.4184314],[46.5133399,41.4140967],[46.5084153,41.4132539],[46.5112156,41.4155611],[46.5090403,41.4191897],[46.4960772,41.4207967],[46.4856407,41.4246342],[46.4843371,41.4256861],[46.4873573,41.4279264],[46.4864078,41.4297746],[46.473375,41.429298],[46.4731443,41.4307339],[46.4791739,41.4328253],[46.4797533,41.4351599],[46.478219,41.4363604],[46.4740482,41.4369033],[46.4710119,41.4335633],[46.4686409,41.4332013],[46.4645854,41.4373678],[46.4563188,41.4389423],[46.4528534,41.4456437],[46.4496294,41.4471838],[46.4416257,41.4488867],[46.4499727,41.4545076],[46.4494953,41.457344],[46.4437258,41.4625964],[46.4391527,41.4609743],[46.444104,41.4572596],[46.4390856,41.4538744],[46.4265865,41.4559208],[46.4264229,41.4638024],[46.431562,41.4672414],[46.4324753,41.4705546],[46.4282307,41.4678735],[46.4266013,41.4683327],[46.4245534,41.473944],[46.4166972,41.4759315],[46.4106059,41.4820906],[46.407339,41.4812949],[46.4074892,41.4762631],[46.4011538,41.4711666],[46.3969266,41.4706119],[46.3928738,41.4724789],[46.3946194,41.4779599]],[[46.1225916,41.6568629],[46.1221839,41.6563148],[46.1226855,41.6568599],[46.1225916,41.6568629]],[[46.4633857,41.4372019],[46.4626629,41.4372778],[46.4634253,41.4371547],[46.4633857,41.4372019]],[[46.4283105,41.4656641],[46.4279974,41.4655496],[46.4283501,41.4656274],[46.4283105,41.4656641]],[[46.4268883,41.4679845],[46.4271431,41.4676404],[46.4278981,41.4676826],[46.4268883,41.4679845]],[[46.4261895,41.4684141],[46.4252628,41.4685488],[46.4263082,41.4676361],[46.4261895,41.4684141]],[[46.1224213,41.6583308],[46.1226493,41.6585673],[46.1234744,41.6585491],[46.1224213,41.6583308]],[[46.2661737,41.6355639],[46.2660771,41.6349866],[46.266466,41.6348922],[46.2661737,41.6355639]],[[46.2761816,41.6063017],[46.2756693,41.6067128],[46.2755287,41.60664],[46.2761816,41.6063017]],[[46.2680405,41.6093265],[46.2674564,41.6079221],[46.2684986,41.6063993],[46.266641,41.6077978],[46.2680405,41.6093265]],[[46.2966868,41.5743375],[46.2977762,41.5750064],[46.2970734,41.5726878],[46.2966868,41.5743375]],[[46.4479423,41.4467174],[46.4499941,41.4465143],[46.4507237,41.4460921],[46.4479423,41.4467174]],[[46.507329,41.4183333],[46.5075356,41.4184596],[46.5075798,41.4181568],[46.507329,41.4183333]],[[46.5080291,41.4184807],[46.5079781,41.4145352],[46.510478,41.4151688],[46.5099268,41.4174689],[46.5080291,41.4184807]],[[46.5170628,41.4154042],[46.5147936,41.4141349],[46.513761,41.4132519],[46.51544,41.4134933],[46.5170628,41.4154042]],[[46.522049,41.4129562],[46.5231246,41.4125317],[46.5232868,41.4114032],[46.522049,41.4129562]],[[46.6203748,41.3791759],[46.6219734,41.3787367],[46.6232367,41.3800418],[46.621736,41.3793737],[46.6203748,41.3791759]],[[46.3609173,41.4884767],[46.360179,41.4887917],[46.3620526,41.4889544],[46.3609173,41.4884767]],[[46.2372333,41.5985106],[46.2373231,41.5988446],[46.2373436,41.5983642],[46.2372333,41.5985106]]]}},{"type":"Feature","properties":{"name":"Ambil Lake","natural":"water"},"geometry":{"type":"Polygon","coordinates":[[[48.7351668,41.1594571],[48.7346036,41.1584918],[48.7357247,41.1587139],[48.7351668,41.1594571]]]}},{"type":"Feature","properties":{"name":"Araz","natural":"water"},"geometry":{"type":"Polygon","coordinates":[[[47.5663483,39.5157347],[47.5713453,39.5203302],[47.5718093,39.5214661],[47.5717986,39.5223165],[47.5722733,39.523231],[47.5741562,39.5240792],[47.5754437,39.5255937],[47.5768062,39.5257075],[47.5777262,39.5271226],[47.5786033,39.5273129],[47.5813821,39.5286556],[47.5823799,39.5288231],[47.5839382,39.5320235],[47.5946993,39.5354492],[47.6039529,39.5414355],[47.6125467,39.5384858],[47.620773,39.5448752],[47.6213577,39.5457046],[47.6219264,39.5475764],[47.6169643,39.5447945],[47.6128034,39.539155],[47.608519,39.5421422],[47.6027288,39.5438888],[47.6013887,39.5437335],[47.5982183,39.5424945],[47.5972142,39.5417781],[47.5967349,39.5411375],[47.5959097,39.5395357],[47.5934355,39.5376029],[47.592555,39.5366869],[47.5917027,39.5354511],[47.5913948,39.5352341],[47.5831564,39.5320287],[47.580961,39.528968],[47.5766064,39.5290962],[47.5726327,39.5281197],[47.5708973,39.5264895],[47.5702617,39.5209902],[47.565785,39.5160575],[47.5663483,39.5157347]],[[47.5972018,39.5377743],[47.5959465,39.5368977],[47.5973386,39.5377867],[47.5972018,39.5377743]],[[47.574985,39.5285573],[47.5740422,39.5282946],[47.5752519,39.5285139],[47.574985,39.5285573]],[[47.5716296,39.5217702],[47.5707391,39.5203964],[47.5707498,39.5199288],[47.5714284,39.5205702],[47.5716296,39.5217702]],[[47.5697628,39.5200198],[47.5689125,39.5193164],[47.568875,39.5191115],[47.5697628,39.5200198]],[[47.5744271,39.5278818],[47.5710851,39.5266054],[47.5711924,39.5232351],[47.5744271,39.5278818]],[[47.572436,39.5234945],[47.577662,39.5272311],[47.5794054,39.5278886],[47.574631,39.5274598],[47.572436,39.5234945]],[[47.5757406,39.5283061],[47.577104,39.528848],[47.5808859,39.5286256],[47.5794509,39.5281011],[47.5757406,39.5283061]],[[47.5923953,39.5363136],[47.5960229,39.5395029],[47.5980869,39.5423238],[47.6018339,39.5437278],[47.6042908,39.5429661],[47.5988325,39.5387072],[47.5952807,39.5379661],[47.5923953,39.5363136]],[[47.5949179,39.5360036],[47.5935245,39.5365848],[47.5963126,39.5377691],[47.5949179,39.5360036]],[[47.6096123,39.5398138],[47.604484,39.5429123],[47.6101582,39.5397125],[47.6096123,39.5398138]],[[47.6162776,39.5425586],[47.617887,39.5448193],[47.6214302,39.5462237],[47.6206765,39.5450944],[47.6162776,39.5425586]]]}},{"type":"Feature","properties":{"name":"Araz","natural":"water"},"geometry":{"type":"Polygon","coordinates":[[[47.6219264,39.5475764],[47.6251262,39.553514],[47.6299757,39.5532328],[47.6398194,39.5569304],[47.6408493,39.5577493],[47.6440385,39.5627204],[47.6496685,39.5616038],[47.6543757,39.5627432],[47.6573342,39.5640727],[47.6605904,39.567135],[47.6630849,39.5724735],[47.6701954,39.577946],[47.6720703,39.5784669],[47.6766595,39.5773733],[47.680141,39.577793],[47.6845962,39.5826366],[47.6883996,39.5840113],[47.6889574,39.5881],[47.6955503,39.5851316],[47.6992357,39.5849043],[47.7027976,39.5839492],[47.7034306,39.5839616],[47.7054021,39.586407],[47.7066198,39.5898983],[47.7123597,39.5921409],[47.7142453,39.5899499],[47.7158493,39.5891231],[47.7303332,39.5966508],[47.739383,39.5981946],[47.7431917,39.6014372],[47.7391604,39.5986018],[47.7271602,39.5967624],[47.7159914,39.5894787],[47.7123302,39.5925191],[47.7062899,39.5915725],[47.7051768,39.590599],[47.7038974,39.5856236],[47.6951453,39.5856856],[47.6914573,39.5884059],[47.6886973,39.5884865],[47.6880455,39.5842676],[47.6838398,39.5826697],[47.6803261,39.578378],[47.6720837,39.5792008],[47.6717484,39.5792008],[47.6711208,39.5790644],[47.6698118,39.5785186],[47.6643965,39.574572],[47.6619369,39.572091],[47.6593539,39.5664796],[47.6501325,39.5620587],[47.6442853,39.5634834],[47.6420215,39.5616803],[47.6406321,39.5587067],[47.6315448,39.5544116],[47.6247427,39.5539194],[47.6214382,39.5490593],[47.6219264,39.5475764]],[[47.7257238,39.5956246],[47.7259009,39.5957548],[47.7258901,39.5958509],[47.7257238,39.5956246]],[[47.7259679,39.5958664],[47.7262335,39.596008],[47.7262475,39.5960343],[47.7259679,39.5958664]],[[47.7261865,39.5958406],[47.7266599,39.5962167],[47.7266626,39.5962581],[47.7261865,39.5958406]],[[47.7106914,39.5917513],[47.7115618,39.5920737],[47.7120379,39.5922928],[47.7106914,39.5917513]],[[47.706715,39.5901608],[47.7069846,39.590199],[47.706994,39.5902124],[47.706715,39.5901608]],[[47.7064428,39.5900926],[47.7066734,39.590137],[47.7066788,39.5901618],[47.7064428,39.5900926]],[[47.7029318,39.5840185],[47.7032067,39.5841156],[47.7028969,39.5840888],[47.7029318,39.5840185]],[[47.6737279,39.5784297],[47.6743421,39.5781589],[47.6747887,39.5781237],[47.6737279,39.5784297]],[[47.6726657,39.5787067],[47.6730198,39.578746],[47.6736541,39.5785227],[47.6726657,39.5787067]],[[47.6690729,39.5778167],[47.6698387,39.5784359],[47.671684,39.5791254],[47.6690729,39.5778167]],[[47.6626859,39.5727175],[47.6629964,39.5728973],[47.6632626,39.573072],[47.6626859,39.5727175]],[[47.6578063,39.5654219],[47.6587424,39.5658086],[47.6591219,39.5661818],[47.6578063,39.5654219]],[[47.6567575,39.5645442],[47.6577231,39.5648895],[47.6580879,39.5651552],[47.6567575,39.5645442]],[[47.6531815,39.5629422],[47.6545192,39.5631133],[47.6558724,39.5637078],[47.6531815,39.5629422]],[[47.6485795,39.5621476],[47.6487022,39.5622531],[47.6484886,39.5621903],[47.6485795,39.5621476]],[[47.648841,39.562007],[47.6492634,39.5619326],[47.6486814,39.5621053],[47.648841,39.562007]],[[47.6422897,39.5609669],[47.6428476,39.561426],[47.6428556,39.5617868],[47.6422897,39.5609669]],[[47.639586,39.5573088],[47.6407313,39.5580967],[47.6390147,39.5574577],[47.639586,39.5573088]],[[47.6218995,39.5495019],[47.6227391,39.5498824],[47.6233815,39.5514118],[47.6218995,39.5495019]],[[47.6276261,39.5540352],[47.6277897,39.5538449],[47.6282805,39.5538987],[47.6276261,39.5540352]],[[47.6397201,39.5570669],[47.6387814,39.5569386],[47.6381779,39.5569945],[47.6397201,39.5570669]],[[47.7016336,39.5847637],[47.7035943,39.5852619],[47.7040985,39.585173],[47.7035996,39.5846831],[47.7016336,39.5847637]],[[47.7050963,39.5876969],[47.7061933,39.5901546],[47.708661,39.5907002],[47.7102864,39.5918929],[47.706078,39.5913596],[47.7050963,39.5876969]],[[47.7026179,39.5841797],[47.7027467,39.5844392],[47.703381,39.5843265],[47.7026179,39.5841797]],[[47.726098,39.5952226],[47.728005,39.5967975],[47.7297538,39.5969442],[47.726098,39.5952226]]]}},{"type":"Feature","properties":{"name":"Araz","natural":"water"},"geometry":{"type":"Polygon","coordinates":[[[47.7431917,39.6014372],[47.7469012,39.6036878],[47.752381,39.6054319],[47.7534592,39.6061841],[47.7630749,39.6171419],[47.7635229,39.6180882],[47.7629355,39.6199126],[47.764754,39.6206935],[47.7687907,39.6244103],[47.7705824,39.6241376],[47.7727684,39.6250507],[47.7773175,39.6240281],[47.7811262,39.624747],[47.7821588,39.6254412],[47.7830413,39.6268914],[47.782596,39.6315643],[47.7853614,39.6329277],[47.7864584,39.6343943],[47.7860695,39.6355614],[47.7828079,39.6387155],[47.7848196,39.6407603],[47.7848732,39.6426915],[47.7899694,39.6413015],[47.7945104,39.6421297],[47.7953473,39.6433359],[47.7947679,39.6471423],[47.797603,39.6489907],[47.7977827,39.6492385],[47.7978095,39.6497631],[47.8013796,39.6514441],[47.8058052,39.6501761],[47.8077364,39.6506986],[47.809217,39.651915],[47.8092411,39.6542898],[47.8080663,39.6512872],[47.8006393,39.6520203],[47.79248,39.6479209],[47.790361,39.6457813],[47.7885076,39.6478858],[47.7868554,39.6475182],[47.7847579,39.645552],[47.7845353,39.6429311],[47.7821723,39.6413366],[47.7817807,39.6404712],[47.7835724,39.6362306],[47.7859649,39.6342745],[47.7821562,39.631744],[47.7825424,39.6287197],[47.7790984,39.6277136],[47.7765021,39.6250135],[47.7727416,39.6268584],[47.7702901,39.6269286],[47.7632251,39.6226046],[47.7618679,39.6205799],[47.7616909,39.6169187],[47.7533546,39.6069529],[47.7485883,39.6052687],[47.744388,39.6030554],[47.7431917,39.6014372]],[[47.7841933,39.6403622],[47.784491,39.6404701],[47.7845125,39.6405104],[47.7841933,39.6403622]],[[47.7965637,39.6491404],[47.797316,39.6489824],[47.797493,39.6495514],[47.7965637,39.6491404]],[[47.7975266,39.6490289],[47.7976567,39.64957],[47.7974018,39.6489742],[47.7975266,39.6490289]],[[47.7936213,39.6468196],[47.7936776,39.6469224],[47.7936092,39.6469322],[47.7936213,39.6468196]],[[47.7937701,39.6468542],[47.7944796,39.6470876],[47.7937742,39.6473086],[47.7937701,39.6468542]],[[47.7946231,39.6445349],[47.7949557,39.6448064],[47.7945842,39.6450832],[47.7946231,39.6445349]],[[47.7946097,39.6441961],[47.7946338,39.6443717],[47.7945346,39.6444037],[47.7946097,39.6441961]],[[47.78523,39.6431335],[47.7864557,39.6431717],[47.7865832,39.6432172],[47.7857181,39.6436839],[47.7855505,39.6441559],[47.78523,39.6431335]],[[47.7840042,39.6360695],[47.7838379,39.636653],[47.783618,39.636652],[47.7840042,39.6360695]],[[47.7702847,39.6242574],[47.7708292,39.6244144],[47.7701144,39.6244557],[47.7702847,39.6242574]],[[47.7681604,39.6249423],[47.7683642,39.6250796],[47.768371,39.6251602],[47.7681604,39.6249423]],[[47.7674282,39.6246086],[47.7680142,39.6246458],[47.7679887,39.6248028],[47.7674282,39.6246086]],[[47.7659301,39.6225891],[47.7663258,39.6228753],[47.7663808,39.6229393],[47.7659301,39.6225891]],[[47.7618331,39.6175654],[47.7620664,39.6182783],[47.7619994,39.6185613],[47.7618331,39.6175654]],[[47.7520055,39.6055952],[47.7532527,39.6061015],[47.7534015,39.6063546],[47.7520055,39.6055952]],[[47.748076,39.604378],[47.7486594,39.6046725],[47.7477005,39.6043398],[47.748076,39.604378]],[[47.7878478,39.6477185],[47.7851495,39.6453145],[47.7859005,39.6437407],[47.7894089,39.6416258],[47.7927241,39.6423962],[47.7932739,39.6438399],[47.7942127,39.6447011],[47.7934939,39.6468635],[47.7937701,39.6481791],[47.790117,39.6452567],[47.7878478,39.6477185]],[[47.7941644,39.6472394],[47.7941886,39.6482637],[47.7964658,39.6491146],[47.7962458,39.6483959],[47.7941644,39.6472394]],[[47.7934885,39.6438316],[47.7946553,39.6425717],[47.7927375,39.642043],[47.7934885,39.6438316]],[[47.7840981,39.6418901],[47.7820677,39.6405765],[47.7823788,39.6395252],[47.7843878,39.6408264],[47.7840981,39.6418901]],[[47.7692011,39.6250528],[47.771253,39.6267468],[47.7738869,39.6250827],[47.772527,39.6251933],[47.7708131,39.6244908],[47.7692011,39.6250528]],[[47.7624553,39.6192163],[47.7622676,39.6179642],[47.7624875,39.6172906],[47.7631259,39.618239],[47.7624553,39.6192163]],[[47.750203,39.6053761],[47.7487573,39.6051747],[47.7481551,39.604905],[47.7492964,39.6048781],[47.750203,39.6053761]],[[47.7624956,39.6205902],[47.7637964,39.6225116],[47.7657035,39.622962],[47.7647245,39.6209001],[47.7624956,39.6205902]],[[47.7825397,39.6277302],[47.7815366,39.6250838],[47.7771512,39.6246727],[47.7793506,39.6273108],[47.7825397,39.6277302]]]}},{"type":"Feature","properties":{"name":"Araz","natural":"water"},"geometry":{"type":"Polygon","coordinates":[[[47.8092411,39.6542898],[47.806111,39.6566378],[47.8079027,39.659285],[47.8110462,39.6592004],[47.8150293,39.6563074],[47.8177249,39.6558489],[47.8206968,39.6571643],[47.8246397,39.661798],[47.8267747,39.6603133],[47.8316027,39.6609493],[47.8337109,39.6593181],[47.8329867,39.6579759],[47.8353631,39.6578623],[47.8371575,39.6587192],[47.8384772,39.6603794],[47.8382868,39.6624277],[47.8403896,39.6626507],[47.8472051,39.6657479],[47.853165,39.6640321],[47.8547636,39.6649901],[47.8555495,39.6680294],[47.861217,39.6676391],[47.8649238,39.6708455],[47.8606403,39.6678683],[47.8556728,39.668593],[47.8533447,39.6644781],[47.8482753,39.6662579],[47.8439328,39.6651925],[47.8379595,39.6626549],[47.8370154,39.6617092],[47.8369591,39.6595762],[47.8310877,39.6615791],[47.826992,39.6606644],[47.8242642,39.6621573],[47.8205386,39.6577343],[47.8167379,39.6562888],[47.81239,39.6595452],[47.8074387,39.6596051],[47.8056389,39.6564313],[47.808769,39.6541577],[47.8092411,39.6542898]],[[47.8402354,39.6627499],[47.8405251,39.662915],[47.8400604,39.6628134],[47.8402354,39.6627499]],[[47.8374808,39.6618868],[47.8375947,39.6620055],[47.8375384,39.6620354],[47.8374808,39.6618868]],[[47.8373949,39.6615316],[47.8375639,39.6615585],[47.8373507,39.6617484],[47.8373949,39.6615316]],[[47.8371897,39.6618021],[47.8373024,39.6618444],[47.8372434,39.6618723],[47.8371897,39.6618021]],[[47.8366855,39.6587574],[47.8369403,39.6589887],[47.8367431,39.6590992],[47.8366855,39.6587574]],[[47.8370791,39.659124],[47.8371622,39.6591869],[47.837061,39.6591529],[47.8370791,39.659124]],[[47.8363153,39.6590259],[47.8366774,39.6592406],[47.8360941,39.6591849],[47.8363153,39.6590259]],[[47.8311212,39.6613014],[47.8311856,39.6614449],[47.8309737,39.6614294],[47.8311212,39.6613014]],[[47.8285047,39.6608461],[47.8297117,39.6610712],[47.8298391,39.6611723],[47.8285047,39.6608461]],[[47.8146699,39.6572655],[47.8134951,39.6582433],[47.8133838,39.6582071],[47.8146699,39.6572655]],[[47.8071027,39.6555165],[47.8073502,39.6555908],[47.8075741,39.6554008],[47.8071027,39.6555165]],[[47.8350332,39.6592603],[47.8332093,39.6580523],[47.8365889,39.6587564],[47.8350332,39.6592603]]]}},{"type":"Feature","properties":{"name":"Araz","natural":"water"},"geometry":{"type":"Polygon","coordinates":[[[47.8649855,39.6705193],[47.872493,39.6677816],[47.8833519,39.6708248],[47.8847507,39.6692454],[47.8838816,39.6674368],[47.8842974,39.6665036],[47.8868562,39.6655724],[47.8902586,39.66639],[47.891593,39.6647486],[47.8899743,39.6627271],[47.8928268,39.6615977],[47.8964075,39.6627375],[47.8997898,39.6650903],[47.9057524,39.6624009],[47.9168487,39.6612611],[47.9193887,39.6621449],[47.9207379,39.6631793],[47.924214,39.6712728],[47.9269391,39.6706679],[47.9261962,39.6681388],[47.9278699,39.6656963],[47.9295194,39.6656271],[47.9335213,39.6694044],[47.9368472,39.6736553],[47.9387473,39.6803497],[47.9370162,39.6751974],[47.9294658,39.666072],[47.92813,39.6660865],[47.9279986,39.6686591],[47.9273736,39.6708269],[47.924096,39.6715206],[47.9217351,39.6688699],[47.9203999,39.6633992],[47.9167387,39.6617133],[47.9076259,39.6625145],[47.9066321,39.6631009],[47.9032364,39.6644616],[47.8997093,39.6654795],[47.8928094,39.6620427],[47.8906529,39.6627953],[47.8919792,39.66505],[47.8911075,39.6664705],[47.8846018,39.6669537],[47.8850538,39.6694767],[47.883651,39.6709652],[47.8726619,39.6683969],[47.8671446,39.670767],[47.8649855,39.6705193]],[[47.8701621,39.6688717],[47.8713141,39.6685682],[47.8699087,39.6692588],[47.8701621,39.6688717]],[[47.9037702,39.664062],[47.9056263,39.6632144],[47.9063344,39.6626662],[47.9050577,39.6629749],[47.9037702,39.664062]],[[47.9278833,39.6688676],[47.9267353,39.6680252],[47.927727,39.6675287],[47.9278833,39.6688676]],[[47.8962238,39.663168],[47.896091,39.6627406],[47.8963512,39.663138],[47.8962238,39.663168]],[[47.9065678,39.6630049],[47.9066603,39.66266],[47.9073624,39.6625465],[47.9065678,39.6630049]],[[47.9270183,39.6677021],[47.9274286,39.6669888],[47.9276627,39.6669],[47.9270183,39.6677021]],[[47.9340456,39.6708439],[47.9342629,39.6708145],[47.9343186,39.6710509],[47.9340456,39.6708439]],[[47.9329768,39.6698142],[47.9329339,39.6699902],[47.9331149,39.6700166],[47.9329768,39.6698142]]]}},{"type":"Feature","properties":{"name":"Araz","natural":"water"},"geometry":{"type":"Polygon","coordinates":[[[47.9387473,39.6803497],[47.9440355,39.6836095],[47.9462913,39.679867],[47.9488957,39.6798712],[47.9609576,39.6858883],[47.9626313,39.6917728],[47.9728532,39.6926108],[47.9739448,39.69433],[47.9743847,39.699636],[47.9790035,39.7017182],[47.9809105,39.7047146],[47.9781049,39.7084825],[47.9767987,39.7093801],[47.9754844,39.7097948],[47.9759377,39.7112454],[47.9742801,39.7126454],[47.9726332,39.7131168],[47.9718594,39.7141877],[47.9736367,39.720041],[47.9695111,39.7156835],[47.9702246,39.7121966],[47.9804143,39.704859],[47.9788412,39.7021712],[47.973969,39.6999827],[47.9726976,39.6929328],[47.9666921,39.6939957],[47.9631221,39.69278],[47.9608101,39.6903074],[47.9607772,39.6864028],[47.9481956,39.6799826],[47.945433,39.6835083],[47.9434964,39.6839418],[47.9393336,39.682371],[47.9387473,39.6803497]],[[47.971606,39.7155969],[47.971386,39.7155721],[47.9714135,39.7153869],[47.971606,39.7155969]],[[47.9712009,39.7162633],[47.9717156,39.7162855],[47.9713465,39.7156531],[47.9713055,39.7148541],[47.9722148,39.7132365],[47.9757473,39.7111185],[47.9754201,39.7096422],[47.9709756,39.7122915],[47.9712009,39.7162633]],[[47.9745698,39.7096442],[47.9778743,39.7081132],[47.9781264,39.7081792],[47.976855,39.709182],[47.9745698,39.7096442]],[[47.9652652,39.6927553],[47.9669684,39.6923569],[47.9692684,39.6927573],[47.9669282,39.6938987],[47.9652652,39.6927553]],[[47.9611534,39.6902682],[47.9611876,39.6899684],[47.9612862,39.6903085],[47.9611534,39.6902682]],[[47.9633474,39.692198],[47.9635338,39.692424],[47.9645987,39.6923415],[47.9633474,39.692198]],[[47.9465018,39.6806721],[47.9458299,39.6816908],[47.9465032,39.6805441],[47.9465018,39.6806721]]]}},{"type":"Feature","properties":{"name":"Araz / Aras / ارس","natural":"water"},"geometry":{"type":"Polygon","coordinates":[[[44.8015299,39.6811737],[44.7936094,39.6702963],[44.7944596,39.6687324],[44.7965705,39.6683329],[44.8056418,39.6727449],[44.8050731,39.6689729],[44.7990382,39.6621428],[44.7979776,39.6598696],[44.798263,39.6583517],[44.8032559,39.6552625],[44.806155,39.6547311],[44.8151797,39.6562248],[44.8174073,39.6526595],[44.8142999,39.6421111],[44.8084822,39.6398763],[44.8071384,39.6384635],[44.8069587,39.6371849],[44.8077406,39.6326932],[44.8086727,39.6308578],[44.8090094,39.6262578],[44.8100845,39.6262361],[44.8087773,39.6379079],[44.8154293,39.6423406],[44.8164071,39.6474503],[44.8177063,39.6496702],[44.8197649,39.6508019],[44.8204982,39.6518704],[44.8190689,39.6556404],[44.8172691,39.6569],[44.8122747,39.657141],[44.8056981,39.6554504],[44.800964,39.6571416],[44.7997655,39.6605476],[44.8055398,39.6681305],[44.8060521,39.6728378],[44.8045072,39.673325],[44.7964159,39.668906],[44.7943377,39.6699181],[44.7984078,39.674318],[44.8004034,39.6779307],[44.8015299,39.6811737]],[[44.8007078,39.6789794],[44.8001754,39.6784344],[44.7998324,39.6774538],[44.8007078,39.6789794]],[[44.7999877,39.6585189],[44.799352,39.6579005],[44.8007749,39.6572758],[44.7999877,39.6585189]],[[44.8025941,39.6644631],[44.8023601,39.6644037],[44.8023346,39.6642912],[44.8025941,39.6644631]],[[44.8027557,39.6648657],[44.802698,39.6648926],[44.802696,39.6648528],[44.8027557,39.6648657]],[[44.7999421,39.6613148],[44.7985178,39.6601151],[44.7986144,39.6591126],[44.7989523,39.6593583],[44.7999421,39.6613148]],[[44.8098361,39.6396207],[44.8097207,39.6396305],[44.8097368,39.6395608],[44.8098361,39.6396207]],[[44.8096094,39.6395887],[44.8078144,39.6381578],[44.8078707,39.6364413],[44.8096094,39.6395887]],[[44.8173644,39.6497104],[44.816439,39.6482235],[44.8163773,39.6478249],[44.8169124,39.6483298],[44.8173644,39.6497104]],[[44.8153085,39.6566388],[44.8151616,39.6566558],[44.8153413,39.6565867],[44.8153085,39.6566388]],[[44.8148793,39.6565417],[44.8135181,39.6565903],[44.8125069,39.6563363],[44.8148793,39.6565417]],[[44.8029837,39.655834],[44.8026726,39.6559006],[44.8029911,39.6557431],[44.8029837,39.655834]],[[44.8082038,39.6329903],[44.8078122,39.6326474],[44.8086534,39.6314756],[44.8082038,39.6329903]],[[44.8174406,39.6497677],[44.8202947,39.6518468],[44.8188765,39.6554662],[44.8165265,39.6568744],[44.8178109,39.6541288],[44.8174406,39.6497677]]]}},{"type":"Feature","properties":{"name":"Araz / آراز","natural":"water"},"geometry":{"type":"Polygon","coordinates":[[[44.9735185,39.4189721],[44.9646431,39.4223536],[44.9661961,39.4314469],[44.9606587,39.4410102],[44.9739289,39.4440852],[44.9773622,39.44684],[44.9767292,39.4503714],[44.9705145,39.4519475],[44.960719,39.4509368],[44.9523398,39.4525502],[44.9478659,39.4520138],[44.9472007,39.4564437],[44.9401814,39.4603225],[44.9434778,39.4654683],[44.9427268,39.4657396],[44.9416673,39.465313],[44.9393874,39.4621075],[44.9395108,39.4601796],[44.9461573,39.4560523],[44.946667,39.4512847],[44.9611428,39.4502098],[44.9710187,39.451206],[44.9765253,39.4495491],[44.9756509,39.4459328],[44.9662229,39.4424385],[44.9609229,39.4427305],[44.959842,39.4396379],[44.9648738,39.4309476],[44.964218,39.4216813],[44.9655363,39.4204868],[44.971126,39.4190622],[44.9735185,39.4189721]],[[44.9706486,39.4192933],[44.9717188,39.4190861],[44.9729828,39.4191011],[44.9723558,39.4192819],[44.9706486,39.4192933]],[[44.9402685,39.4630321],[44.9416164,39.4650645],[44.9424277,39.4654776],[44.9402685,39.4630321]],[[44.9471209,39.4517683],[44.9469164,39.4516213],[44.9471491,39.4516782],[44.9471209,39.4517683]],[[44.9522366,39.4516202],[44.9527234,39.4520174],[44.9540244,39.4517111],[44.9522366,39.4516202]]]}},{"type":"Feature","properties":{"name":"Araz / ارس","natural":"water"},"geometry":{"type":"Polygon","coordinates":[[[44.7814979,39.6937738],[44.7813651,39.6969593],[44.7813007,39.6993429],[44.7792421,39.7021341],[44.7731005,39.7034197],[44.7658163,39.7023043],[44.7643626,39.7037818],[44.7643223,39.705897],[44.7706041,39.7117468],[44.7706604,39.7128486],[44.7696492,39.7137214],[44.7613719,39.7155938],[44.7516878,39.7143868],[44.7528197,39.7134346],[44.7679621,39.7132778],[44.7687855,39.7106429],[44.7642404,39.7068478],[44.7629866,39.7042296],[44.7638865,39.7024446],[44.7661462,39.701581],[44.7754053,39.702585],[44.7795694,39.7012549],[44.7806731,39.6988208],[44.7796874,39.6947335],[44.7811934,39.6933424],[44.7880539,39.6908187],[44.7840084,39.6858181],[44.789114,39.6840471],[44.7925821,39.6835104],[44.8012912,39.6839583],[44.8015299,39.6811737],[44.8026833,39.683561],[44.8008969,39.684785],[44.7936536,39.6839274],[44.7847393,39.685751],[44.7886124,39.6909638],[44.7861036,39.6931509],[44.7853938,39.6932774],[44.7824977,39.69336],[44.7814979,39.6937738]],[[44.7651324,39.7024085],[44.7640756,39.7034764],[44.763853,39.7035208],[44.7651324,39.7024085]],[[44.7702999,39.7127105],[44.7683823,39.7138245],[44.7703519,39.7119222],[44.7702999,39.7127105]],[[44.7710466,39.7027728],[44.7703707,39.7024715],[44.7718003,39.7026551],[44.7710466,39.7027728]],[[44.7890362,39.6845673],[44.7890899,39.6841482],[44.790616,39.6839893],[44.7890362,39.6845673]],[[44.7809869,39.6962762],[44.7803754,39.696237],[44.7805001,39.695624],[44.7809869,39.6962762]],[[44.7861877,39.6930308],[44.7853837,39.6930865],[44.7863875,39.6928394],[44.7861877,39.6930308]],[[44.7575042,39.7139979],[44.7601569,39.7152007],[44.7640689,39.7143269],[44.7575042,39.7139979]],[[44.7731856,39.702856],[44.7729014,39.7031999],[44.7738549,39.7030647],[44.7731856,39.702856]]]}},{"type":"Feature","properties":{"name":"Araz / ارس","natural":"water"},"geometry":{"type":"Polygon","coordinates":[[[44.9099636,39.5711772],[44.9047896,39.5768627],[44.892025,39.5793641],[44.8891416,39.5815678],[44.8902601,39.5854872],[44.8991436,39.5954706],[44.9008656,39.6008235],[44.8982879,39.6047417],[44.8952959,39.606119],[44.8931783,39.6050765],[44.891333,39.5971323],[44.8768061,39.5934699],[44.8735177,39.5945488],[44.8735392,39.5993974],[44.8805277,39.6061423],[44.8734882,39.6011996],[44.870857,39.5960369],[44.8733783,39.5934926],[44.877525,39.5926928],[44.8913276,39.5960514],[44.8930442,39.5981719],[44.8932266,39.6036878],[44.8968691,39.6051426],[44.8996586,39.6008772],[44.8990604,39.5974981],[44.8883504,39.5855368],[44.8876315,39.5814335],[44.8902842,39.5791016],[44.9051142,39.5756967],[44.9088907,39.5705218],[44.9099636,39.5711772]],[[44.8727801,39.5980603],[44.8718333,39.5954954],[44.8728566,39.5946656],[44.8727801,39.5980603]],[[44.8841648,39.5945705],[44.8840548,39.5943101],[44.8835988,39.5943194],[44.8841648,39.5945705]],[[44.8827955,39.5942507],[44.8829564,39.5944563],[44.8833098,39.5944728],[44.8827955,39.5942507]],[[44.8901716,39.5864163],[44.8902172,39.5857911],[44.8911439,39.586746],[44.8901716,39.5864163]],[[44.9073669,39.5735509],[44.9071476,39.5736473],[44.9071761,39.5737212],[44.9073669,39.5735509]]]}},{"type":"Feature","properties":{"name":"Araz / ارس","natural":"water"},"geometry":{"type":"Polygon","coordinates":[[[44.936046,39.5124737],[44.930504,39.5119976],[44.9244931,39.5162706],[44.9191153,39.517868],[44.918029,39.5206364],[44.9128845,39.5230096],[44.9097933,39.5266902],[44.909867,39.5279315],[44.916307,39.5299651],[44.9192199,39.5334012],[44.913893,39.5371765],[44.9072358,39.5392264],[44.911927,39.5474088],[44.9090517,39.5552346],[44.9094379,39.5598585],[44.915607,39.5647468],[44.9162024,39.5662066],[44.9099636,39.5711772],[44.9096337,39.5697092],[44.9154514,39.5657352],[44.9083462,39.5604355],[44.9080431,39.5560577],[44.9107495,39.548385],[44.9099126,39.5455308],[44.9063319,39.5416837],[44.9056587,39.5397538],[44.9065036,39.5385769],[44.9079198,39.5382811],[44.9111867,39.5365476],[44.9174738,39.5343818],[44.9180907,39.5333226],[44.9155802,39.5305257],[44.908939,39.5282377],[44.90969,39.5243709],[44.9128443,39.522002],[44.9132091,39.5201316],[44.9155077,39.5184556],[44.9246326,39.5151532],[44.9254748,39.5150715],[44.9285057,39.5118631],[44.9341062,39.5107871],[44.934994,39.5110354],[44.936046,39.5124737]],[[44.9108782,39.5471782],[44.9111317,39.5468566],[44.9112846,39.5476032],[44.9108782,39.5471782]],[[44.9101326,39.537313],[44.9130374,39.5368393],[44.9160113,39.5352144],[44.9101326,39.537313]],[[44.9130616,39.5218365],[44.9162614,39.5209778],[44.9178413,39.5178825],[44.9133526,39.5201523],[44.9130616,39.5218365]],[[44.9070856,39.5410094],[44.9071473,39.5417995],[44.9078661,39.542207],[44.9070856,39.5410094]],[[44.9060905,39.5403268],[44.9068804,39.5406277],[44.9065036,39.5412079],[44.9060905,39.5403268]],[[44.910095,39.5244578],[44.9100146,39.5243554],[44.9101178,39.5243678],[44.910095,39.5244578]],[[44.9102573,39.524522],[44.9102627,39.5243849],[44.9103351,39.5243994],[44.9102573,39.524522]],[[44.9248968,39.5151884],[44.9249417,39.5153705],[44.9252723,39.5151946],[44.9248968,39.5151884]],[[44.9353494,39.511831],[44.9351764,39.5117917],[44.9352394,39.511741],[44.9353494,39.511831]]]}},{"type":"Feature","properties":{"name":"Araz / ارس","natural":"water"},"geometry":{"type":"Polygon","coordinates":[[[44.8100845,39.6262361],[44.8091608,39.6250776],[44.8116016,39.6195851],[44.8158637,39.6150757],[44.8207775,39.6113832],[44.8252885,39.6104335],[44.8381957,39.6117738],[44.8469746,39.605122],[44.8546317,39.6013445],[44.8578805,39.6008834],[44.8609073,39.6011861],[44.8655268,39.6040964],[44.8669235,39.6065706],[44.8671851,39.6129123],[44.8699182,39.6150819],[44.8754594,39.6145858],[44.8801371,39.6096946],[44.8799014,39.6062989],[44.8816609,39.6074778],[44.880757,39.6108336],[44.8763475,39.6151645],[44.8701248,39.6158371],[44.8662691,39.6136489],[44.8647416,39.60413],[44.8553847,39.602703],[44.838531,39.6124867],[44.8268849,39.6110547],[44.820933,39.6126499],[44.8168024,39.6165034],[44.8151797,39.6168361],[44.8100845,39.6262361]],[[44.8486537,39.6058618],[44.8445848,39.6076121],[44.8495683,39.6047417],[44.8486537,39.6058618]],[[44.8222051,39.6112299],[44.8216646,39.6114948],[44.8214987,39.6115163],[44.8222051,39.6112299]],[[44.8359936,39.6121473],[44.8353548,39.611974],[44.8361908,39.6121023],[44.8359936,39.6121473]],[[44.8452439,39.6082201],[44.8443179,39.6088044],[44.8438606,39.6087507],[44.8452439,39.6082201]],[[44.8807852,39.6075273],[44.8806041,39.6074354],[44.8806819,39.6072639],[44.8807852,39.6075273]],[[44.810978,39.6231604],[44.8105224,39.6236319],[44.8108692,39.6227533],[44.810978,39.6231604]],[[44.8142281,39.6183327],[44.8137018,39.6185148],[44.8144393,39.6177978],[44.8142281,39.6183327]],[[44.817617,39.6148561],[44.8164913,39.6162555],[44.8158898,39.6161124],[44.8163009,39.6152575],[44.817617,39.6148561]],[[44.8552239,39.60204],[44.859872,39.6024525],[44.8615699,39.6019684],[44.8574169,39.6012511],[44.8552239,39.60204]],[[44.862143,39.6029211],[44.8619132,39.6021802],[44.863507,39.6031626],[44.862143,39.6029211]]]}},{"type":"Feature","properties":{"name":"Araz / ارس","natural":"water"},"geometry":{"type":"Polygon","coordinates":[[[44.9434778,39.4654683],[44.9480993,39.4697566],[44.9488932,39.4721418],[44.9368916,39.4802276],[44.9472705,39.4814915],[44.9499527,39.4825639],[44.9514708,39.4844022],[44.9482709,39.4854269],[44.9423566,39.4841517],[44.9382958,39.4875466],[44.9406052,39.489362],[44.9459428,39.4874845],[44.9497247,39.4875921],[44.9518087,39.4888507],[44.9525061,39.4912291],[44.948209,39.4973446],[44.9402484,39.5036413],[44.9390468,39.5094234],[44.936046,39.5124737],[44.9398917,39.5029231],[44.9517632,39.4918149],[44.948802,39.4880455],[44.9406494,39.4898805],[44.9375153,39.4876874],[44.9419007,39.4836528],[44.9506474,39.4840585],[44.9476996,39.4821685],[44.9382019,39.4818248],[44.9362278,39.4804026],[44.9385479,39.4768727],[44.947764,39.4718768],[44.9434778,39.4654683]],[[44.9443375,39.4998301],[44.9447881,39.500005],[44.9452427,39.4996273],[44.9443375,39.4998301]],[[44.9444981,39.4887953],[44.9445386,39.4884771],[44.945692,39.4882835],[44.9444981,39.4887953]]]}},{"type":"Feature","properties":{"name":"Araz / ارس","natural":"water"},"geometry":{"type":"Polygon","coordinates":[[[45.0470406,39.3798467],[45.0431889,39.3829419],[45.0411585,39.3915926],[45.0364834,39.3909065],[45.0324574,39.3924114],[45.0229061,39.4000267],[45.0212297,39.4052288],[45.0182041,39.4061137],[45.0108844,39.4051894],[45.0061959,39.4108201],[44.9989137,39.4092099],[44.9959633,39.4133151],[44.9837351,39.4187234],[44.9735802,39.4198486],[44.9940938,39.413514],[44.9988171,39.4086348],[45.0061637,39.4099456],[45.0099295,39.4041386],[45.0164795,39.404634],[45.0333559,39.3906577],[45.0410968,39.3908236],[45.0425506,39.3819219],[45.0429985,39.3812938],[45.0442994,39.3800892],[45.0454366,39.3794134],[45.0470406,39.3798467]],[[45.0209266,39.4046029],[45.0160919,39.4051853],[45.0195533,39.4027148],[45.0208542,39.4014112],[45.0218815,39.4008681],[45.0209266,39.4046029]],[[45.0187325,39.4031107],[45.0192931,39.4023438],[45.0201622,39.4019335],[45.0187325,39.4031107]],[[45.0431594,39.3814752],[45.0430374,39.3813757],[45.0432184,39.3813114],[45.0431594,39.3814752]],[[45.0099336,39.4055065],[45.010069,39.4048101],[45.0109997,39.4045899],[45.0099336,39.4055065]]]}},{"type":"Feature","properties":{"name":"Araz / ارس","natural":"water"},"geometry":{"type":"Polygon","coordinates":[[[45.0961124,39.3318902],[45.0900739,39.3301191],[45.0813407,39.3331315],[45.0811717,39.3351293],[45.0871021,39.3439436],[45.0876465,39.3478639],[45.087436,39.3511898],[45.0739244,39.3602498],[45.0578526,39.3644492],[45.0594538,39.3793906],[45.0578579,39.3819613],[45.052523,39.3824817],[45.0470406,39.3798467],[45.0536254,39.3819738],[45.0578123,39.3810906],[45.0587538,39.3793595],[45.0562084,39.367796],[45.0566724,39.3643496],[45.0737379,39.3594597],[45.0863671,39.3514314],[45.0857073,39.3435661],[45.0796992,39.3346688],[45.0824511,39.3310237],[45.0861847,39.3290838],[45.0893605,39.3286377],[45.0961124,39.3318902]],[[45.0567985,39.3692527],[45.0566362,39.3674274],[45.0575039,39.3706803],[45.0567985,39.3692527]],[[45.085085,39.330339],[45.0894128,39.3297612],[45.0905608,39.3297493],[45.0878973,39.3290765],[45.085085,39.330339]],[[45.0874923,39.34949],[45.087043,39.3491644],[45.0873891,39.3477954],[45.0874923,39.34949]]]}},{"type":"Feature","properties":{"name":"Araz / ارس","natural":"water"},"geometry":{"type":"Polygon","coordinates":[[[45.1409286,39.2863623],[45.1304787,39.2895904],[45.1239245,39.2880004],[45.1205693,39.2859616],[45.1184276,39.2869975],[45.1186877,39.2888638],[45.1249748,39.2912303],[45.1292691,39.294479],[45.1292261,39.3012581],[45.1265064,39.3047802],[45.1088279,39.3098504],[45.1074091,39.3168916],[45.1041073,39.3217928],[45.1044667,39.3276294],[45.1025891,39.3327041],[45.1000076,39.3340763],[45.0955344,39.3327216],[45.1007212,39.3332653],[45.1024228,39.3316544],[45.1031068,39.322102],[45.1083532,39.3093087],[45.1256508,39.3042427],[45.1279655,39.3019804],[45.1284268,39.2946783],[45.1186415,39.2896999],[45.1176068,39.2868647],[45.1209837,39.2852929],[45.1309642,39.288787],[45.1409286,39.2863623]]]}},{"type":"Feature","properties":{"name":"Araz / ارس","natural":"water"},"geometry":{"type":"Polygon","coordinates":[[[45.1401615,39.2859367],[45.1420149,39.283244],[45.1414758,39.2793554],[45.1342023,39.2719896],[45.1366505,39.2678834],[45.1481491,39.2629161],[45.1457003,39.2531653],[45.1470119,39.2476445],[45.1518801,39.2408144],[45.1472586,39.2295148],[45.1496297,39.2216358],[45.1492107,39.2071686],[45.1511623,39.2057858],[45.1655366,39.2143097],[45.1616205,39.2133329],[45.1518881,39.2064694],[45.1501393,39.2069724],[45.1504075,39.2207381],[45.1480472,39.2297517],[45.1526257,39.2407667],[45.146969,39.2503281],[45.1486561,39.2634457],[45.1378651,39.2679967],[45.1349848,39.271727],[45.1423743,39.279071],[45.1424146,39.2844482],[45.1401615,39.2859367]]]}},{"type":"Feature","properties":{"name":"Araz su anbarı - مخزن ارس","natural":"water"},"geometry":{"type":"Polygon","coordinates":[[[45.2760342,39.1716959],[45.2678494,39.1772404],[45.2667095,39.1747661],[45.2652745,39.1752391],[45.2656554,39.1788284],[45.2637362,39.1779006],[45.263065,39.1779759],[45.2649043,39.1794257],[45.2639401,39.1811483],[45.2594689,39.1810942],[45.2579883,39.1782187],[45.2575162,39.1806596],[45.2560839,39.1783518],[45.2557929,39.1797469],[45.2522537,39.1798457],[45.2520163,39.1769285],[45.2465433,39.1792001],[45.2391699,39.1789111],[45.231472,39.1818572],[45.2150005,39.1929379],[45.2135065,39.1919484],[45.2044058,39.1937611],[45.2015734,39.190223],[45.1952648,39.194206],[45.1799494,39.1955862],[45.1779807,39.199095],[45.1799977,39.2001717],[45.1752341,39.2069433],[45.1811993,39.2126295],[45.1939559,39.2072759],[45.1957208,39.2127293],[45.1944011,39.2163535],[45.200015,39.2254632],[45.2041939,39.2203433],[45.2068251,39.2208004],[45.2065033,39.2185666],[45.2157006,39.2183609],[45.2222317,39.2151233],[45.2261726,39.2154152],[45.2246363,39.218232],[45.2259654,39.2207776],[45.2302756,39.2229428],[45.2344251,39.2215797],[45.2352726,39.2226207],[45.2362221,39.2212742],[45.2461463,39.2180242],[45.2533883,39.2136311],[45.2535009,39.2099943],[45.2567142,39.2063136],[45.2562033,39.2036189],[45.2579936,39.2094934],[45.2608207,39.2088117],[45.260649,39.2068643],[45.2617514,39.2079887],[45.2632239,39.2060351],[45.2685615,39.2059623],[45.2655548,39.2096701],[45.2681833,39.2102811],[45.2711337,39.2070099],[45.2782845,39.2038672],[45.2827612,39.1938422],[45.2829623,39.2075876],[45.2853736,39.2066212],[45.28602,39.2102229],[45.2884743,39.2107487],[45.2901694,39.2089447],[45.290789,39.210705],[45.292983,39.211075],[45.2977467,39.2109129],[45.2995598,39.20797],[45.300579,39.2127375],[45.304935,39.2156303],[45.3093123,39.2157134],[45.3099131,39.21445],[45.3042269,39.2059831],[45.304122,39.203324],[45.3056228,39.2033625],[45.3062975,39.2060247],[45.3068246,39.2041323],[45.3138828,39.2090466],[45.3158569,39.2133942],[45.3221708,39.2092419],[45.3319073,39.2087307],[45.3393316,39.2057379],[45.3461122,39.1932581],[45.3416169,39.1922104],[45.3485799,39.1873458],[45.356133,39.1852003],[45.3583002,39.1821566],[45.3717971,39.1741891],[45.3773117,39.1687826],[45.3776121,39.1641327],[45.3749192,39.1607013],[45.3726447,39.1602396],[45.3735673,39.1579726],[45.3721485,39.1526523],[45.3851706,39.1592746],[45.3950143,39.157852],[45.3966343,39.155664],[45.4029751,39.1561382],[45.4085541,39.1531099],[45.3997457,39.1461292],[45.3980505,39.1432752],[45.4000246,39.1413863],[45.3974283,39.1389232],[45.4005825,39.1382825],[45.4012692,39.1353698],[45.4050994,39.1341049],[45.4033614,39.1323822],[45.4030609,39.128479],[45.405035,39.1249334],[45.4045629,39.1206052],[45.4091334,39.1191403],[45.4100132,39.110791],[45.4129314,39.1043223],[45.4118962,39.1014124],[45.4140258,39.0996432],[45.4101366,39.097878],[45.4124647,39.0950033],[45.4111451,39.0925448],[45.4122408,39.0916559],[45.4084817,39.08998],[45.4074222,39.0913145],[45.4002043,39.0913551],[45.3960804,39.0896137],[45.3841353,39.1005632],[45.3753511,39.1044181],[45.3732267,39.10365],[45.3663817,39.1073673],[45.3612399,39.1076858],[45.3603924,39.1093341],[45.3555235,39.1105506],[45.3476653,39.1165536],[45.3447993,39.1170465],[45.3412548,39.1258593],[45.3325711,39.1365317],[45.3260547,39.1379683],[45.3136897,39.1469945],[45.3016922,39.1524214],[45.3010645,39.1546053],[45.2986854,39.1536964],[45.2949947,39.1561798],[45.2971465,39.1575104],[45.297289,39.1584551],[45.2937126,39.157461],[45.2909633,39.1598589],[45.2935383,39.1604641],[45.2899495,39.1620697],[45.2916366,39.1661437],[45.2937421,39.1664348],[45.2922642,39.1668216],[45.2954641,39.1678489],[45.2933639,39.1682815],[45.2959352,39.1695646],[45.2925298,39.1709515],[45.2955902,39.1723946],[45.2947962,39.1754762],[45.2851523,39.169604],[45.2844804,39.1711199],[45.2760342,39.1716959]],[[45.1777808,39.2059509],[45.1772216,39.2062408],[45.1778854,39.2056641],[45.1777808,39.2059509]],[[45.2244875,39.2113202],[45.2244097,39.210836],[45.2247155,39.2108599],[45.2244875,39.2113202]],[[45.2234508,39.2085073],[45.2232134,39.2084615],[45.2234039,39.2082776],[45.2234508,39.2085073]],[[45.2473721,39.2167473],[45.2470972,39.2165956],[45.2476054,39.2164158],[45.2473721,39.2167473]],[[45.223605,39.2058813],[45.2276927,39.206351],[45.2280387,39.2073361],[45.2236667,39.2075149],[45.223605,39.2058813]],[[45.2770762,39.1993865],[45.2759296,39.1964531],[45.2751182,39.1945344],[45.2768938,39.1971349],[45.2770762,39.1993865]],[[45.342223,39.1795327],[45.3404964,39.1818926],[45.339723,39.1788179],[45.342223,39.1795327]],[[45.331623,39.1713591],[45.3332725,39.1737108],[45.3301223,39.1742213],[45.3296931,39.1723488],[45.331623,39.1713591]],[[45.2958181,39.2096285],[45.2953099,39.2068913],[45.2961561,39.2063032],[45.2968535,39.2088076],[45.2958181,39.2096285]],[[45.2761683,39.1931204],[45.2750297,39.1925471],[45.2764633,39.1918892],[45.2761683,39.1931204]]]}},{"type":"Feature","properties":{"name":"Ağ Göl","natural":"water"},"geometry":{"type":"Polygon","coordinates":[[[47.6609713,39.9004855],[47.6537025,39.9030905],[47.6544535,39.9059176],[47.6526082,39.910518],[47.6527047,39.9137357],[47.6553011,39.917377],[47.6569158,39.9173564],[47.6559824,39.9185537],[47.6574334,39.9199957],[47.6556203,39.9196502],[47.654947,39.9233426],[47.6523077,39.9227213],[47.6513529,39.9266789],[47.6442933,39.9303401],[47.6437247,39.9340463],[47.6457839,39.9338499],[47.6457578,39.9352968],[47.6424318,39.9352474],[47.6410854,39.9424247],[47.6361501,39.94444],[47.6335645,39.9435599],[47.628715,39.9471543],[47.6295519,39.9557079],[47.6346802,39.9583725],[47.6384997,39.9635204],[47.6341009,39.9747852],[47.6280713,39.9790604],[47.628833,39.9803223],[47.6350021,39.9785835],[47.6241338,39.9836148],[47.6283932,39.9856206],[47.6304102,39.9840258],[47.6322555,39.9852343],[47.6268482,39.9876675],[47.6202929,39.9880497],[47.609784,39.9991009],[47.6023972,40.0031774],[47.5971186,40.0097271],[47.5979286,40.0122622],[47.594651,40.0140042],[47.5860035,40.0177059],[47.5798023,40.0166213],[47.5788367,40.0144356],[47.5756502,40.0138193],[47.567668,40.016498],[47.5677216,40.0191931],[47.5656509,40.0167199],[47.5630116,40.0169746],[47.5635373,40.0196943],[47.5604689,40.0248458],[47.5544876,40.0304241],[47.5555927,40.0373819],[47.5525215,40.0409468],[47.55651,40.0441542],[47.5593102,40.0438668],[47.5620943,40.0428606],[47.5665253,40.0366056],[47.5691593,40.0365523],[47.5708276,40.0390987],[47.5734454,40.0389713],[47.5730056,40.0412014],[47.5747222,40.043185],[47.5736225,40.0467414],[47.5827044,40.047534],[47.5832945,40.0462281],[47.5870013,40.0474518],[47.5887448,40.0463882],[47.5877845,40.0429468],[47.5931489,40.0443965],[47.5998544,40.0403472],[47.6013565,40.0350572],[47.6049077,40.0308759],[47.6012117,40.0288016],[47.6062167,40.0288385],[47.605707,40.0254784],[47.6076651,40.0226829],[47.6087057,40.0240242],[47.6064581,40.0266491],[47.6075685,40.0307116],[47.614789,40.0327571],[47.6178145,40.0306294],[47.633307,40.0334554],[47.6380223,40.0312784],[47.6413751,40.0334636],[47.6409996,40.0319562],[47.6434565,40.0313565],[47.6448458,40.0277336],[47.6477587,40.0323957],[47.6519751,40.0309991],[47.6543355,40.0320178],[47.6540458,40.0342933],[47.6568782,40.0366344],[47.6565134,40.0389426],[47.6594424,40.0399365],[47.6575112,40.04153],[47.6579511,40.0438298],[47.6617652,40.0447579],[47.6621354,40.0421214],[47.6625645,40.0446183],[47.6646352,40.0452754],[47.6690984,40.0440269],[47.6728534,40.0408072],[47.6754069,40.0332829],[47.6719603,40.0296559],[47.6790708,40.0242501],[47.6792157,40.0278445],[47.6825738,40.0257762],[47.6818228,40.0294382],[47.6860607,40.0284771],[47.6905668,40.0308266],[47.6907921,40.0293725],[47.6931685,40.0283662],[47.6917309,40.0297504],[47.6935816,40.0316974],[47.697047,40.0317795],[47.7014995,40.0289864],[47.6994932,40.0345233],[47.6967573,40.0356815],[47.7038813,40.0339565],[47.7036667,40.037308],[47.7116382,40.0366919],[47.7098572,40.0392054],[47.7145457,40.043337],[47.7169704,40.0426306],[47.7171206,40.0394765],[47.7199209,40.0380144],[47.7220023,40.0321574],[47.7224314,40.0345069],[47.7266371,40.0346054],[47.7238154,40.0368644],[47.723676,40.0430249],[47.7193308,40.0427456],[47.7130383,40.0462404],[47.7054798,40.0450207],[47.7016711,40.0475422],[47.7014351,40.0491355],[47.7052653,40.052552],[47.7036667,40.0550321],[47.7073145,40.0544901],[47.715919,40.0580623],[47.7194327,40.0535662],[47.7205002,40.0555412],[47.7191377,40.058399],[47.7222705,40.0570194],[47.7219379,40.0592612],[47.7237189,40.0597375],[47.7244002,40.0532993],[47.7264333,40.0603698],[47.7288365,40.0612073],[47.7289385,40.0559641],[47.7309072,40.054022],[47.7326345,40.0572822],[47.7365398,40.0563953],[47.7368188,40.058711],[47.7409065,40.0599756],[47.7435779,40.0647217],[47.7484837,40.0660827],[47.7501681,40.0638452],[47.7507958,40.0653252],[47.7580082,40.0611868],[47.759875,40.0586125],[47.7598858,40.0566498],[47.7578795,40.0553688],[47.7600896,40.051665],[47.7590597,40.043645],[47.7399623,40.0315824],[47.7374303,40.025388],[47.7283108,40.0167897],[47.7272326,40.012747],[47.7201247,40.0095052],[47.7274525,40.0078945],[47.7302635,40.00501],[47.7349305,40.0057907],[47.7363253,40.0042868],[47.7342989,40.0042642],[47.7359283,40.0012213],[47.7341956,39.9997666],[47.7241588,39.9993927],[47.7250493,39.9970174],[47.7216053,39.9935858],[47.7226594,39.9911179],[47.7192342,39.9915473],[47.7156937,39.9702301],[47.7117991,39.9698108],[47.7101026,39.9663953],[47.709986,39.9740986],[47.7074245,39.9775045],[47.6958883,39.9780162],[47.6935655,39.981576],[47.6857039,39.9811465],[47.6853365,39.9795125],[47.6828098,39.9789905],[47.678014,39.9826489],[47.6743931,39.9828215],[47.6739317,39.9802113],[47.6772737,39.9766021],[47.6737976,39.9732066],[47.66927,39.9737328],[47.6722097,39.969523],[47.659657,39.9642358],[47.6566207,39.9645811],[47.6527007,39.9693873],[47.6552153,39.9657077],[47.6542282,39.9635204],[47.6577258,39.9633806],[47.645731,39.958208],[47.6536274,39.9551158],[47.6614594,39.9573774],[47.6638842,39.9565057],[47.6651716,39.9530926],[47.6628542,39.951678],[47.6656544,39.9512256],[47.665236,39.9487335],[47.667489,39.944185],[47.6658958,39.9413842],[47.6717806,39.940393],[47.6764047,39.9354325],[47.6690769,39.9398171],[47.6690072,39.9379827],[47.6661909,39.9376269],[47.6700103,39.9354366],[47.6705253,39.9327671],[47.6685297,39.9314261],[47.6651716,39.9335527],[47.6641256,39.9316153],[47.6593512,39.9319444],[47.6569372,39.9305211],[47.656095,39.9265308],[47.6534396,39.925344],[47.6568595,39.9214583],[47.6620334,39.91878],[47.6610142,39.9159987],[47.6633477,39.9109542],[47.661674,39.908403],[47.6629829,39.9033992],[47.6609713,39.9004855]],[[47.6513529,39.9498727],[47.6511544,39.9481002],[47.6545715,39.9465662],[47.6541263,39.9485608],[47.6513529,39.9498727]],[[47.6506126,39.929431],[47.6481664,39.929178],[47.6495022,39.9278205],[47.6506126,39.929431]],[[47.6509774,39.9273536],[47.6506803,39.9272471],[47.6511296,39.9271901],[47.6509774,39.9273536]],[[47.6502156,39.9309859],[47.6494217,39.930844],[47.6490408,39.9302866],[47.6502156,39.9309859]],[[47.6534906,39.9287666],[47.6524968,39.9286247],[47.6523507,39.927912],[47.6534906,39.9287666]],[[47.6524942,39.9290371],[47.6521656,39.9288355],[47.6523212,39.9285805],[47.6524942,39.9290371]],[[47.6529059,39.9297951],[47.6529649,39.929467],[47.6531151,39.9297549],[47.6529059,39.9297951]],[[47.6551522,39.9282648],[47.6546963,39.9279727],[47.6553118,39.9281105],[47.6551522,39.9282648]],[[47.6556659,39.906757],[47.6549792,39.9061727],[47.6553976,39.9057448],[47.6556659,39.906757]],[[47.6551884,39.9094811],[47.6543918,39.9085882],[47.6559716,39.9088371],[47.6551884,39.9094811]],[[47.6607996,39.9112176],[47.6600164,39.9111641],[47.6606521,39.9105263],[47.6607996,39.9112176]],[[47.6569211,39.9155831],[47.6574576,39.9126371],[47.6593995,39.9124993],[47.659716,39.914966],[47.6569211,39.9155831]],[[47.6563847,39.9061233],[47.6577043,39.9039382],[47.6592117,39.9034279],[47.6588523,39.9059382],[47.6563847,39.9061233]],[[47.6616579,39.9043209],[47.6603249,39.9034629],[47.6609592,39.9028189],[47.6616579,39.9043209]],[[47.6376951,39.9814116],[47.6355386,39.9830804],[47.635957,39.983771],[47.6376951,39.9814116]],[[47.6215696,39.9940173],[47.6230878,39.9946009],[47.6224118,39.9951105],[47.6215696,39.9940173]],[[47.6308447,39.9911446],[47.6318318,39.9910377],[47.631467,39.9924351],[47.6308447,39.9911446]],[[47.6324058,39.9903596],[47.6337925,39.9895396],[47.6328027,39.9907295],[47.6324058,39.9903596]],[[47.5992966,40.0195628],[47.6020968,40.0150354],[47.6054227,40.0129237],[47.6020217,40.017632],[47.5992966,40.0195628]],[[47.6114309,40.006933],[47.6097464,40.006744],[47.6130402,40.0014926],[47.6168597,39.9994132],[47.616511,40.0021911],[47.6114309,40.006933]],[[47.6465088,39.9345286],[47.6465799,39.9347178],[47.6461427,39.9347302],[47.6465088,39.9345286]],[[47.6376843,39.9477589],[47.6384354,39.9474504],[47.6382744,39.9479727],[47.6376843,39.9477589]],[[47.642405,39.9436791],[47.6426303,39.9441356],[47.6421905,39.9440534],[47.642405,39.9436791]]]}},{"type":"Feature","properties":{"name":"Ağstafa Qazax Su Anbarı","natural":"water"},"geometry":{"type":"Polygon","coordinates":[[[45.2538294,41.037881],[45.2585381,41.0367693],[45.2613931,41.0391334],[45.2714115,41.0401467],[45.2737293,41.0412622],[45.2753917,41.0456348],[45.2649711,41.0503316],[45.2649057,41.0486766],[45.2608824,41.0478108],[45.2618756,41.0462429],[45.2538294,41.037881]]]}},{"type":"Feature","properties":{"name":"Ağzıbirçala gölü","natural":"water"},"geometry":{"type":"Polygon","coordinates":[[[49.1131048,41.2331235],[49.1177458,41.2366135],[49.1192927,41.243593],[49.1160054,41.2594396],[49.1196795,41.2614746],[49.1169723,41.2667074],[49.1113645,41.271213],[49.1065302,41.286181],[49.1028561,41.2829843],[49.1071103,41.2736837],[49.110591,41.2478095],[49.1020826,41.2495541],[49.0931875,41.2642364],[49.0885466,41.2684515],[49.0910604,41.2726663],[49.0877731,41.2863263],[49.0862261,41.3082635],[49.0811985,41.3113138],[49.0786846,41.3216256],[49.0682426,41.3165425],[49.0608944,41.3100066],[49.057027,41.3030341],[49.0628281,41.298676],[49.0612812,41.2873434],[49.0701763,41.282403],[49.076401,41.2718435],[49.0852593,41.2664167],[49.090782,41.2525344],[49.0908908,41.2451528],[49.0929942,41.2417028],[49.0966682,41.2389401],[49.1047898,41.2385039],[49.1131048,41.2331235]]]}},{"type":"Feature","properties":{"name":"Ağçala göl","natural":"water"},"geometry":{"type":"Polygon","coordinates":[[[49.6090033,40.4551524],[49.6100961,40.4524943],[49.61556,40.4528781],[49.6138695,40.4545909],[49.6090033,40.4551524]]]}},{"type":"Feature","properties":{"name":"Aşıq Bayramlı su anbarı","natural":"water"},"geometry":{"type":"Polygon","coordinates":[[[48.0584097,40.7391958],[48.0599019,40.7383105],[48.0649237,40.7398171],[48.066793,40.7486654],[48.062127,40.7469553],[48.0622306,40.7447411],[48.0584097,40.7391958]]]}},{"type":"Feature","properties":{"name":"Bala Göyçə gölü","natural":"water"},"geometry":{"type":"Polygon","coordinates":[[[45.8956853,40.3061508],[45.8993719,40.3068839],[45.8923625,40.309217],[45.8893974,40.311935],[45.8831109,40.3120904],[45.8838761,40.3101478],[45.8859834,40.3103243],[45.8863531,40.3072539],[45.8881935,40.3088535],[45.8935331,40.3070799],[45.8942644,40.3044077],[45.8956853,40.3061508]]]}},{"type":"Feature","properties":{"name":"Bala batan gölü","natural":"water"},"geometry":{"type":"Polygon","coordinates":[[[46.0917329,39.6912652],[46.0925927,39.6909202],[46.0931518,39.6913342],[46.0917329,39.6912652]]]}},{"type":"Feature","properties":{"name":"Bala göl","natural":"water"},"geometry":{"type":"Polygon","coordinates":[[[46.6728092,39.9763364],[46.6742468,39.976394],[46.6761566,39.9758267],[46.6752768,39.9752758],[46.6728092,39.9763364]]]}},{"type":"Feature","properties":{"name":"Baladaşan Vir","natural":"water"},"geometry":{"type":"Polygon","coordinates":[[[48.3113515,41.5131264],[48.3108052,41.5130715],[48.3113002,41.5129123],[48.3113515,41.5131264]]]}},{"type":"Feature","properties":{"name":"Batabat","natural":"water"},"geometry":{"type":"Polygon","coordinates":[[[45.8020643,39.5448338],[45.8038393,39.5438937],[45.8047294,39.5405948],[45.8021202,39.5396531],[45.7984151,39.5410214],[45.8020643,39.5448338]],[[45.8027853,39.5405393],[45.8029632,39.5411733],[45.8031387,39.5410641],[45.8027853,39.5405393]]]}},{"type":"Feature","properties":{"name":"Bibiyebin gölü","natural":"water"},"geometry":{"type":"Polygon","coordinates":[[[46.871164,39.7269505],[46.8713551,39.7272319],[46.8714282,39.7269286],[46.871164,39.7269505]]]}},{"type":"Feature","properties":{"name":"Binəqədi gölü","natural":"water"},"geometry":{"type":"Polygon","coordinates":[[[49.7972703,40.4683087],[49.7997808,40.4672741],[49.7979248,40.4659029],[49.8081386,40.4677027],[49.8100993,40.4712164],[49.8038766,40.4733772],[49.8044828,40.4719999],[49.7973803,40.4706451],[49.7972703,40.4683087]]]}},{"type":"Feature","properties":{"name":"Burma göl","natural":"water"},"geometry":{"type":"Polygon","coordinates":[[[46.7477486,39.852378],[46.7477912,39.8527572],[46.7476998,39.852378],[46.7477486,39.852378]]]}},{"type":"Feature","properties":{"name":"Böyük Alagöl","natural":"water"},"geometry":{"type":"Polygon","coordinates":[[[45.6813619,40.0189859],[45.6875291,40.0161633],[45.6963358,40.0161766],[45.70206,40.0144743],[45.7072683,40.0108634],[45.7057764,40.0084763],[45.703373,40.0114713],[45.701508,40.009011],[45.7027676,40.0067274],[45.706504,40.0042594],[45.711702,40.0035221],[45.70901,40.0002561],[45.714589,39.9990544],[45.7061085,39.9963057],[45.7058196,39.9918718],[45.6995729,39.9874326],[45.6971382,39.9896986],[45.6895011,39.9897303],[45.689822,39.9932298],[45.6927535,39.9954186],[45.6932085,40.0006124],[45.6905881,40.0013031],[45.6881884,39.9998677],[45.6863641,40.0014819],[45.6837975,40.0001876],[45.6760063,40.0027552],[45.6826845,40.0077836],[45.6807792,40.0099303],[45.6881864,40.0120558],[45.6813619,40.0189859]]]}},{"type":"Feature","properties":{"name":"Böyük Qızılnohur Gölü","natural":"water"},"geometry":{"type":"Polygon","coordinates":[[[49.8958356,40.5333611],[49.8977501,40.5299008],[49.8978218,40.5243071],[49.8945397,40.5232777],[49.8890582,40.5325081],[49.8958356,40.5333611]]]}},{"type":"Feature","properties":{"name":"Böyük Şor gölü","natural":"water"},"geometry":{"type":"MultiPolygon","coordinates":[[[[49.8622212,40.4468584],[49.8679331,40.4491066],[49.8669568,40.45047],[49.87109,40.4534459],[49.8795739,40.454252],[49.8864779,40.4492842],[49.8933658,40.4467572],[49.8983601,40.4471614],[49.8981649,40.4457672],[49.898934,40.4467858],[49.8954883,40.4335185],[49.8915,40.435],[49.872504,40.4358515],[49.867113,40.4394662],[49.8675334,40.4411703],[49.8628199,40.4420054],[49.8622212,40.4468584]]],[[[49.9155093,40.4359116],[49.8991997,40.4450855],[49.8961902,40.4317018],[49.9049321,40.4278847],[49.9093593,40.4284037],[49.9155093,40.4359116]]]]}},{"type":"Feature","properties":{"name":"Bülbülə gölü","natural":"water"},"geometry":{"type":"Polygon","coordinates":[[[49.965,40.43325],[49.9701072,40.4338595],[49.9800266,40.4252111],[49.9847621,40.4180868],[49.9841452,40.4103714],[49.9756168,40.4250393],[49.965,40.43325]]]}},{"type":"Feature","properties":{"name":"Bənəniyar su anbarı","natural":"water"},"geometry":{"type":"Polygon","coordinates":[[[45.6215583,39.1546904],[45.6321103,39.157332],[45.6322979,39.1595034],[45.6349684,39.1611375],[45.6398763,39.1535038],[45.6371336,39.151836],[45.6382018,39.1508845],[45.6370903,39.1495524],[45.6269714,39.1464963],[45.6278231,39.1481643],[45.6197828,39.1519703],[45.6220924,39.1536158],[45.6215583,39.1546904]]]}},{"type":"Feature","properties":{"name":"Canımel gölü","natural":"water"},"geometry":{"type":"Polygon","coordinates":[[[46.3125777,39.6331657],[46.3126246,39.6301639],[46.3096633,39.6313809],[46.3125777,39.6331657]]]}},{"type":"Feature","properties":{"name":"Cavvansirgol su anbari","natural":"water"},"geometry":{"type":"Polygon","coordinates":[[[48.4491633,40.553221],[48.4543775,40.5546231],[48.4595917,40.5517863],[48.4492277,40.5490472],[48.4386061,40.5528297],[48.4385632,40.557036],[48.4411382,40.5546394],[48.4491633,40.553221]]]}},{"type":"Feature","properties":{"name":"Ceyranbatan Su Anbarı","natural":"water"},"geometry":{"type":"Polygon","coordinates":[[[49.6785611,40.523411],[49.6847758,40.5151226],[49.6957353,40.5129488],[49.701679,40.5087276],[49.7032857,40.5037903],[49.7002146,40.4915973],[49.7075745,40.4807833],[49.7193065,40.4754236],[49.7197679,40.4729956],[49.7148997,40.46787],[49.7075236,40.4661886],[49.700256,40.4702547],[49.6991846,40.4669109],[49.6941528,40.4666089],[49.6862403,40.4747891],[49.6828258,40.4815178],[49.6821231,40.4917217],[49.6797654,40.4980326],[49.671464,40.5087113],[49.6708383,40.5198597],[49.668197,40.5265752],[49.6621205,40.5331734],[49.6616927,40.5360568],[49.6691264,40.5378986],[49.671523,40.5365216],[49.6783492,40.5291909],[49.6765655,40.5281736],[49.6795991,40.5251461],[49.6785611,40.523411]]]}},{"type":"Feature","properties":{"name":"Damba","natural":"water"},"geometry":{"type":"Polygon","coordinates":[[[46.7679854,39.935771],[46.7673846,39.934356],[46.7685004,39.9338295],[46.7685004,39.9343231],[46.7679854,39.935771]]]}},{"type":"Feature","properties":{"name":"Damba","natural":"water"},"geometry":{"type":"Polygon","coordinates":[[[48.5412025,40.6457569],[48.5406366,40.6459726],[48.5405937,40.6457182],[48.5412025,40.6457569]]]}},{"type":"Feature","properties":{"name":"Damba","natural":"water"},"geometry":{"type":"Polygon","coordinates":[[[47.4352527,41.0633119],[47.4364114,41.0622805],[47.4376774,41.063053],[47.4368727,41.0638903],[47.4352527,41.0633119]]]}},{"type":"Feature","properties":{"name":"Dilkosa gölü","natural":"water"},"geometry":{"type":"Polygon","coordinates":[[[46.8807318,39.7480363],[46.8810488,39.7465576],[46.8825409,39.7469029],[46.8816107,39.7470445],[46.8807318,39.7480363]]]}},{"type":"Feature","properties":{"name":"Dizə","natural":"water"},"geometry":{"type":"Polygon","coordinates":[[[45.7517998,39.0745214],[45.7518745,39.0760658],[45.754415,39.0767764],[45.7547046,39.0758773],[45.7517998,39.0745214]]]}},{"type":"Feature","properties":{"name":"Fialka","natural":"water"},"geometry":{"type":"Polygon","coordinates":[[[48.4196395,41.432033],[48.4187704,41.4305971],[48.4206104,41.4302914],[48.4196395,41.432033]]]}},{"type":"Feature","properties":{"name":"Flamingo Gölü \\ Səlyan rayonu","natural":"water"},"geometry":{"type":"Polygon","coordinates":[[[49.2001743,39.6875365],[49.1939779,39.6853442],[49.1930521,39.6871529],[49.1907729,39.6866596],[49.1880665,39.6847961],[49.1829371,39.6737338],[49.1842205,39.6704342],[49.1888983,39.6706813],[49.2000318,39.6849605],[49.2001743,39.6875365]]]}},{"type":"Feature","properties":{"name":"Fufangöl","natural":"water"},"geometry":{"type":"Polygon","coordinates":[[[47.9629887,41.1659107],[47.9635196,41.1669764],[47.9661032,41.1667046],[47.9647866,41.1657135],[47.9629887,41.1659107]]]}},{"type":"Feature","properties":{"name":"Göl","natural":"water"},"geometry":{"type":"Polygon","coordinates":[[[48.3378491,38.6411001],[48.3379445,38.6411981],[48.3380308,38.6410929],[48.3378491,38.6411001]]]}},{"type":"Feature","properties":{"name":"Göl","natural":"water"},"geometry":{"type":"Polygon","coordinates":[[[46.8139916,39.7937026],[46.8139997,39.7938592],[46.8143336,39.7938963],[46.8139916,39.7937026]]]}},{"type":"Feature","properties":{"name":"Göl","natural":"water"},"geometry":{"type":"Polygon","coordinates":[[[46.8774919,39.7516065],[46.877522,39.7515847],[46.8774034,39.7514949],[46.8774919,39.7516065]]]}},{"type":"Feature","properties":{"name":"Göl","natural":"water"},"geometry":{"type":"Polygon","coordinates":[[[46.8374709,39.9364611],[46.8375421,39.9365826],[46.8375827,39.9365094],[46.8374709,39.9364611]]]}},{"type":"Feature","properties":{"name":"Göl","natural":"water"},"geometry":{"type":"Polygon","coordinates":[[[46.8338756,39.9443586],[46.8339678,39.9443568],[46.8339386,39.9443255],[46.8338756,39.9443586]]]}},{"type":"Feature","properties":{"name":"Göl","natural":"water"},"geometry":{"type":"Polygon","coordinates":[[[46.8411284,39.9441134],[46.8411903,39.9441175],[46.8411779,39.9440964],[46.8411284,39.9441134]]]}},{"type":"Feature","properties":{"name":"Göl","natural":"water"},"geometry":{"type":"Polygon","coordinates":[[[46.8421291,39.9417177],[46.8423303,39.9419234],[46.8423873,39.9418159],[46.8421291,39.9417177]]]}},{"type":"Feature","properties":{"name":"Göl Balakən","natural":"water"},"geometry":{"type":"Polygon","coordinates":[[[46.4283004,41.7104511],[46.4290461,41.7104161],[46.4280939,41.7107365],[46.4283004,41.7104511]]]}},{"type":"Feature","properties":{"name":"Gölcük","natural":"water"},"geometry":{"type":"Polygon","coordinates":[[[46.8363599,39.9354541],[46.8363721,39.9355539],[46.8364677,39.9355305],[46.8363599,39.9354541]]]}},{"type":"Feature","properties":{"name":"Göygöl","natural":"water"},"geometry":{"type":"Polygon","coordinates":[[[46.3296376,40.4153197],[46.3314401,40.4146417],[46.3326673,40.4166462],[46.3343839,40.4150048],[46.3329957,40.4137522],[46.3338168,40.4120706],[46.3302055,40.410735],[46.3273371,40.4067052],[46.3240822,40.4073026],[46.3214634,40.3991864],[46.3187771,40.4035101],[46.3194151,40.4067059],[46.3296376,40.4153197]]]}},{"type":"Feature","properties":{"name":"Göyçay","natural":"water"},"geometry":{"type":"Polygon","coordinates":[[[47.6599232,40.3377723],[47.6646885,40.3461323],[47.671714,40.3609105],[47.6893752,40.3709243],[47.7126116,40.3900151],[47.7214242,40.423024],[47.7134343,40.4419106],[47.7127724,40.4424763],[47.7152676,40.4438796],[47.7147378,40.4493164],[47.7129726,40.45178],[47.7096846,40.4525852],[47.7096776,40.4554237],[47.7072702,40.4587947],[47.7080284,40.4626686],[47.7059899,40.4679041],[47.7069322,40.4687913],[47.7081669,40.47059],[47.7075647,40.472441],[47.7060671,40.4727597],[47.7050224,40.4753628],[47.7074434,40.4794015],[47.7074725,40.4801855],[47.7070089,40.4811248],[47.705888,40.4820252],[47.7073175,40.4837529],[47.7082911,40.4868396],[47.7121349,40.4877738],[47.7130611,40.4888005],[47.7157636,40.4894412],[47.7173851,40.4905181],[47.7188644,40.4899545],[47.7208655,40.4913684],[47.721773,40.4934123],[47.7216732,40.4959218],[47.7197616,40.5010562],[47.7205934,40.5017895],[47.7205811,40.5033989],[47.7219583,40.5044391],[47.7225253,40.5075033],[47.7214438,40.5094523],[47.7216441,40.5113427],[47.7202147,40.5147456],[47.7229836,40.5156983],[47.7244195,40.5177487],[47.7244519,40.5190003],[47.7259259,40.5202994],[47.7262155,40.5214516],[47.7273973,40.5214099],[47.7277574,40.5217709],[47.728372,40.5233478],[47.7280719,40.5265068],[47.7274734,40.5276817],[47.7275565,40.5218105],[47.725939,40.5217729],[47.725725,40.5204144],[47.7242771,40.5190856],[47.7229019,40.515888],[47.7200182,40.5146737],[47.7212928,40.5092227],[47.7223404,40.5074166],[47.719475,40.5010796],[47.7214828,40.4957532],[47.7206961,40.4916345],[47.7187071,40.4901089],[47.7174485,40.4907574],[47.7080186,40.48681],[47.7056243,40.4819408],[47.7073115,40.4799099],[47.7048276,40.4752762],[47.706007,40.4725244],[47.7079391,40.4708043],[47.7057976,40.4677037],[47.7078067,40.4626595],[47.7071773,40.4586579],[47.7095431,40.4551948],[47.7094581,40.4524128],[47.7127637,40.4517449],[47.7145196,40.4494129],[47.7150729,40.4442028],[47.7125672,40.4423443],[47.7209971,40.4230662],[47.7120558,40.3898672],[47.6877988,40.3705052],[47.6713114,40.3611395],[47.6599232,40.3377723]]]}},{"type":"Feature","properties":{"name":"Gülalan gölü","natural":"water"},"geometry":{"type":"Polygon","coordinates":[[[48.8611476,41.474764],[48.8586983,41.4694092],[48.8611476,41.4682526],[48.8606115,41.4670816],[48.8631608,41.4701382],[48.861649,41.4725482],[48.8628252,41.4743618],[48.8611476,41.474764]]]}},{"type":"Feature","properties":{"name":"Hacallı gölü","natural":"water"},"geometry":{"type":"Polygon","coordinates":[[[46.4611632,40.8047796],[46.4594343,40.8057579],[46.4640233,40.8059637],[46.4632982,40.8045255],[46.4608106,40.8037733],[46.4611632,40.8047796]]]}},{"type":"Feature","properties":{"name":"Heydər Əliyev su anbarı","natural":"water"},"geometry":{"type":"Polygon","coordinates":[[[45.4888197,39.3795538],[45.4896601,39.3755016],[45.4940139,39.374023],[45.4971992,39.37346],[45.5029315,39.3757552],[45.5076173,39.3737954],[45.5072551,39.3789573],[45.5133897,39.3806021],[45.5180303,39.3844689],[45.5280416,39.3883221],[45.5270795,39.3903559],[45.5208893,39.3900513],[45.5074993,39.385548],[45.5069551,39.3833458],[45.5014488,39.3822694],[45.5038018,39.3856098],[45.5032575,39.3897665],[45.5005524,39.3871191],[45.4964227,39.387082],[45.4964227,39.3852139],[45.4980393,39.3847067],[45.4964066,39.3841747],[45.4980553,39.3832716],[45.4944538,39.3829499],[45.4974597,39.3805117],[45.4888197,39.3795538]]]}},{"type":"Feature","properties":{"name":"Hizrə Vir","natural":"water"},"geometry":{"type":"Polygon","coordinates":[[[48.3217984,41.5152806],[48.3221809,41.515935],[48.322388,41.5152502],[48.3217984,41.5152806]]]}},{"type":"Feature","properties":{"name":"Hovuz","natural":"water"},"geometry":{"type":"Polygon","coordinates":[[[46.7876455,39.8315019],[46.7878071,39.8315952],[46.7878256,39.8315364],[46.7876455,39.8315019]]]}},{"type":"Feature","properties":{"name":"Hovuz","natural":"water"},"geometry":{"type":"Polygon","coordinates":[[[46.7511092,39.8131451],[46.7510915,39.8132117],[46.7511401,39.8131954],[46.7511092,39.8131451]]]}},{"type":"Feature","properties":{"name":"Hovuz","natural":"water"},"geometry":{"type":"Polygon","coordinates":[[[46.8390486,39.9467147],[46.8391309,39.9467317],[46.8391097,39.9466937],[46.8390486,39.9467147]]]}},{"type":"Feature","properties":{"name":"Hovuz","natural":"water"},"geometry":{"type":"Polygon","coordinates":[[[46.634968,40.0301953],[46.6350637,40.0302472],[46.6350614,40.0301935],[46.634968,40.0301953]]]}},{"type":"Feature","properties":{"name":"Hovuz","natural":"water"},"geometry":{"type":"Polygon","coordinates":[[[46.8193068,40.2181677],[46.8193395,40.2182167],[46.8193581,40.2181837],[46.8193068,40.2181677]]]}},{"type":"Feature","properties":{"name":"Incacay Su Anbari","natural":"water"},"geometry":{"type":"Polygon","coordinates":[[[48.3528997,39.30933],[48.355934,39.3136922],[48.3577939,39.3125458],[48.3573666,39.3098196],[48.3554145,39.3085242],[48.3586975,39.3060183],[48.3573269,39.302374],[48.3591599,39.3004587],[48.3593793,39.2992661],[48.3581745,39.3008508],[48.356617,39.2999744],[48.356965,39.3047915],[48.354679,39.3076697],[48.3550082,39.3104303],[48.3528997,39.30933]]]}},{"type":"Feature","properties":{"name":"Kaskad Qəbələ","natural":"water"},"geometry":{"type":"Polygon","coordinates":[[[47.8754797,41.0047997],[47.8765082,41.0052936],[47.8790456,41.0068866],[47.8788284,41.007092],[47.8754797,41.0047997]]]}},{"type":"Feature","properties":{"name":"Katlavan","natural":"water"},"geometry":{"type":"Polygon","coordinates":[[[47.9993887,39.7466323],[47.9966685,39.748914],[47.9999059,39.7504112],[48.00405,39.7491326],[47.9993887,39.7466323]]]}},{"type":"Feature","properties":{"name":"Keşişkənd gölü","natural":"water"},"geometry":{"type":"Polygon","coordinates":[[[46.8246652,39.7748343],[46.8258887,39.7755306],[46.8276914,39.77426],[46.8273364,39.7738723],[46.8246652,39.7748343]]]}},{"type":"Feature","properties":{"name":"Kiçik Alagöl","natural":"water"},"geometry":{"type":"Polygon","coordinates":[[[45.7264573,39.9906726],[45.7392199,39.9881791],[45.746728,39.9839157],[45.7448352,39.981351],[45.7361267,39.9872773],[45.7330598,39.9854009],[45.73403,39.9821298],[45.7325596,39.9818473],[45.7251831,39.9891522],[45.7264573,39.9906726]]]}},{"type":"Feature","properties":{"name":"Kiçik Qızılnohur Gölü","natural":"water"},"geometry":{"type":"Polygon","coordinates":[[[49.8922835,40.5411923],[49.8925209,40.5368213],[49.894892,40.535696],[49.8928749,40.5360467],[49.8903644,40.5338532],[49.8927033,40.5344648],[49.8931228,40.5333242],[49.8889267,40.533103],[49.8869776,40.5361409],[49.8872819,40.5426063],[49.8896027,40.5432502],[49.8922835,40.5411923]]]}},{"type":"Feature","properties":{"name":"Kiçik Su Stansiyası","natural":"water"},"geometry":{"type":"Polygon","coordinates":[[[46.7100736,39.8232875],[46.7098993,39.8234894],[46.7100964,39.8234729],[46.7100736,39.8232875]]]}},{"type":"Feature","properties":{"name":"Kiçik su anbarı","natural":"water"},"geometry":{"type":"Polygon","coordinates":[[[46.7389317,39.9523207],[46.741968,39.9500687],[46.7411204,39.9491953],[46.73876,39.9508073],[46.7380305,39.9500836],[46.7303486,39.9527812],[46.7389317,39.9523207]]]}},{"type":"Feature","properties":{"name":"Koroqaz Su ambarı","natural":"water"},"geometry":{"type":"Polygon","coordinates":[[[48.6314421,40.6276362],[48.6312153,40.6235029],[48.6208963,40.6246696],[48.6259628,40.6284862],[48.6314421,40.6276362]]]}},{"type":"Feature","properties":{"name":"Kura","natural":"water"},"geometry":{"type":"Polygon","coordinates":[[[49.2143458,39.4147512],[49.2308736,39.4196724],[49.2140454,39.4140466],[49.1956669,39.4180272],[49.178026,39.4142373],[49.1936821,39.4188975],[49.2143458,39.4147512]]]}},{"type":"Feature","properties":{"name":"Köhnə Damba","natural":"water"},"geometry":{"type":"Polygon","coordinates":[[[47.809968,39.7794777],[47.813766,39.7843587],[47.8149998,39.7871783],[47.8172636,39.7837981],[47.8144097,39.7823717],[47.813884,39.7804341],[47.809968,39.7794777]]]}},{"type":"Feature","properties":{"name":"Köhnə Xudat gölü","natural":"water"},"geometry":{"type":"Polygon","coordinates":[[[48.4146666,41.4373859],[48.415997,41.4365896],[48.414157,41.4347477],[48.4145004,41.4353469],[48.4146666,41.4373859]]]}},{"type":"Feature","properties":{"name":"Köhnə su ambarı","natural":"water"},"geometry":{"type":"Polygon","coordinates":[[[48.6427188,40.5811306],[48.6429495,40.5803891],[48.6437541,40.5808128],[48.6427188,40.5811306]]]}},{"type":"Feature","properties":{"name":"Köndələn","natural":"water"},"geometry":{"type":"Polygon","coordinates":[[[47.1677212,39.6104257],[47.1688768,39.6121252],[47.1723828,39.6119533],[47.1744969,39.6096063],[47.1776878,39.6101324],[47.1797887,39.6127727],[47.1956774,39.6105573],[47.1928411,39.6139663],[47.1979142,39.6115758],[47.1957193,39.6043308],[47.1928805,39.6040118],[47.1822705,39.6087667],[47.1745757,39.6069862],[47.1677212,39.6104257]]]}},{"type":"Feature","properties":{"name":"Kür","natural":"water"},"geometry":{"type":"Polygon","coordinates":[[[47.0617581,40.7103565],[47.0783586,40.7079294],[47.081421,40.7063396],[47.0858065,40.7002031],[47.0852458,40.6971282],[47.0829394,40.6955059],[47.077238,40.6962036],[47.0749837,40.6950783],[47.0737231,40.6927762],[47.0741737,40.6877426],[47.0717597,40.6866383],[47.0709014,40.6927111],[47.0722532,40.6958348],[47.0762443,40.6977627],[47.076011,40.7053392],[47.0703955,40.707424],[47.0570317,40.707683],[47.0544866,40.7101386],[47.0569003,40.7162735],[47.0674457,40.7205351],[47.0689058,40.7226201],[47.066452,40.7270897],[47.0622078,40.7276179],[47.0582855,40.7255812],[47.0567274,40.7269645],[47.0614707,40.729394],[47.0682302,40.7283156],[47.0707825,40.7242317],[47.0689784,40.7197739],[47.0603871,40.7157002],[47.0617581,40.7103565]],[[47.0776336,40.6977992],[47.0775712,40.7004205],[47.0786463,40.7053555],[47.0827731,40.7029316],[47.0836897,40.6986678],[47.0813861,40.6966137],[47.0776336,40.6977992]],[[47.057772,40.7086168],[47.0623572,40.7091109],[47.0588824,40.7150821],[47.0561331,40.7103694],[47.057772,40.7086168]]]}},{"type":"Feature","properties":{"name":"Kür","natural":"water"},"geometry":{"type":"Polygon","coordinates":[[[47.2102772,40.5504075],[47.2202575,40.5450928],[47.2232991,40.5393774],[47.2215879,40.538664],[47.2202656,40.542653],[47.2084773,40.549915],[47.2136754,40.5576082],[47.214688,40.565979],[47.2125919,40.5731152],[47.2094188,40.5768788],[47.2021209,40.5751345],[47.2009811,40.576068],[47.2071469,40.5791152],[47.2096387,40.5787349],[47.2125207,40.5757209],[47.2157943,40.5708221],[47.217038,40.5672806],[47.2153502,40.556811],[47.2102772,40.5504075]],[[47.2196775,40.5441362],[47.2181439,40.5449756],[47.2201794,40.5434966],[47.2196775,40.5441362]],[[47.2141166,40.5600983],[47.2148582,40.5588889],[47.2143634,40.5582521],[47.2141166,40.5600983]],[[47.216295,40.5652663],[47.2167643,40.5668985],[47.2162423,40.5686227],[47.2159624,40.5674425],[47.216295,40.5652663]]]}},{"type":"Feature","properties":{"name":"Kür","natural":"water"},"geometry":{"type":"Polygon","coordinates":[[[47.0393506,40.7504797],[47.0358704,40.7480264],[47.0390252,40.7454222],[47.0350523,40.744659],[47.0361561,40.7430302],[47.0465067,40.7428758],[47.0487034,40.7414736],[47.0498058,40.7433554],[47.0509014,40.7419468],[47.0512006,40.7403396],[47.0502833,40.7408151],[47.0450073,40.7413476],[47.0438406,40.7411768],[47.0457703,40.7389453],[47.0453104,40.7372688],[47.0415688,40.7362201],[47.0431615,40.7343971],[47.0556799,40.7346694],[47.0577425,40.7393763],[47.0597514,40.7402888],[47.059553,40.7390247],[47.0615029,40.7389597],[47.062543,40.7413034],[47.0674413,40.7421929],[47.0628288,40.7435309],[47.0638579,40.7459361],[47.062439,40.7480881],[47.0482314,40.7471432],[47.0443741,40.748012],[47.0474642,40.7492789],[47.045525,40.7508922],[47.0414883,40.7485412],[47.0393506,40.7504797]],[[47.0458134,40.7411962],[47.0457047,40.741126],[47.0458442,40.7411697],[47.0458134,40.7411962]],[[47.0398039,40.7455399],[47.0393586,40.7452594],[47.0399085,40.7450888],[47.0398039,40.7455399]],[[47.0533302,40.7440829],[47.052944,40.7440585],[47.0530272,40.7439467],[47.0533302,40.7440829]],[[47.0530593,40.7434244],[47.0513793,40.7433095],[47.0511967,40.7447556],[47.0530593,40.7434244]],[[47.0603881,40.7425105],[47.0605883,40.7418515],[47.0610094,40.7425161],[47.0603881,40.7425105]],[[47.0426192,40.745005],[47.0418029,40.7457462],[47.0427923,40.7454286],[47.0426192,40.745005]],[[47.0378998,40.7478058],[47.0380416,40.7482994],[47.0384011,40.7479275],[47.0378998,40.7478058]],[[47.056397,40.7419412],[47.0556635,40.7421658],[47.0569727,40.7424256],[47.056397,40.7419412]],[[47.0557764,40.7439792],[47.0553697,40.7439141],[47.0559293,40.7438166],[47.0557764,40.7439792]]]}},{"type":"Feature","properties":{"name":"Kür","natural":"water"},"geometry":{"type":"Polygon","coordinates":[[[47.6329234,40.1787668],[47.6434243,40.1785167],[47.6498616,40.1856685],[47.6488048,40.1865455],[47.6441807,40.1837177],[47.6399749,40.183857],[47.6324648,40.1869307],[47.6315314,40.1901025],[47.6426223,40.1940528],[47.6476622,40.1945835],[47.655493,40.1926715],[47.6639271,40.1849943],[47.6647773,40.1840681],[47.6662338,40.1818775],[47.6742589,40.1764899],[47.6786819,40.1770412],[47.6790858,40.1832462],[47.6823807,40.1853058],[47.6849368,40.1851213],[47.6849958,40.1814789],[47.6879516,40.1792538],[47.6944385,40.180981],[47.6913996,40.1878435],[47.6941945,40.1904785],[47.693375,40.1864184],[47.696064,40.1817331],[47.693945,40.1795137],[47.687206,40.1785823],[47.6844594,40.18015],[47.6839701,40.1841745],[47.6825282,40.184271],[47.6797348,40.1819245],[47.6795348,40.1762194],[47.6720193,40.1754632],[47.6685995,40.1777708],[47.654644,40.1917335],[47.6469272,40.193389],[47.6331299,40.1894879],[47.6351121,40.1869204],[47.6407903,40.1847812],[47.6488088,40.1871827],[47.6506072,40.1866643],[47.6510873,40.184605],[47.6460609,40.1787073],[47.642464,40.177197],[47.6329234,40.1787668]],[[47.6414797,40.1932241],[47.6411799,40.193265],[47.6415212,40.1932737],[47.6414797,40.1932241]],[[47.6435718,40.1937373],[47.6429924,40.1940569],[47.644015,40.1938454],[47.6435718,40.1937373]],[[47.6646164,40.1836214],[47.6647009,40.1840435],[47.6657242,40.182439],[47.6646164,40.1836214]],[[47.6721293,40.1756927],[47.671845,40.176367],[47.6736957,40.1757419],[47.6721293,40.1756927]]]}},{"type":"Feature","properties":{"name":"Kür","natural":"water"},"geometry":{"type":"Polygon","coordinates":[[[47.1371359,40.6504619],[47.1334881,40.6562451],[47.142967,40.665218],[47.142393,40.6669026],[47.1296793,40.6541167],[47.1313181,40.6514896],[47.12969,40.6516402],[47.1299931,40.6502299],[47.1328872,40.6493732],[47.1334827,40.6508811],[47.1490931,40.648142],[47.1548921,40.6487647],[47.1592051,40.652387],[47.1677238,40.6551463],[47.1778907,40.6528576],[47.1739308,40.6556852],[47.1684144,40.6564281],[47.1643281,40.6557934],[47.1490502,40.6500102],[47.1371359,40.6504619]],[[47.1352315,40.6513695],[47.134982,40.651803],[47.1353897,40.6513817],[47.1352315,40.6513695]],[[47.1668695,40.6559847],[47.1666737,40.6559328],[47.1669312,40.6559572],[47.1668695,40.6559847]]]}},{"type":"Feature","properties":{"name":"Kür","natural":"water"},"geometry":{"type":"Polygon","coordinates":[[[48.9480346,39.7799642],[48.9344841,39.7755446],[48.9374882,39.7783976],[48.9462644,39.7799837],[48.9471602,39.7827819],[48.9319789,39.7991563],[48.9307733,39.8021494],[48.9443198,39.7889611],[48.948968,39.7819801],[48.9480346,39.7799642]],[[48.9419896,39.7892412],[48.9441508,39.7868083],[48.9459117,39.7855387],[48.9434883,39.7887056],[48.9419896,39.7892412]],[[48.942925,39.7892311],[48.941828,39.7897258],[48.9417556,39.7898525],[48.942925,39.7892311]]]}},{"type":"Feature","properties":{"name":"Kür","natural":"water"},"geometry":{"type":"Polygon","coordinates":[[[48.9307733,39.8021494],[48.9291841,39.8028984],[48.9278054,39.8069248],[48.9321855,39.8131863],[48.9320326,39.8152239],[48.9135817,39.8213817],[48.9090031,39.824758],[48.9060768,39.8301405],[48.9071819,39.8357491],[48.9131391,39.8403007],[48.9099795,39.8443248],[48.9090702,39.8488017],[48.9174038,39.8505521],[48.9194557,39.8524774],[48.9136447,39.8419122],[48.9138767,39.8397055],[48.9081985,39.8353042],[48.9069164,39.8305257],[48.913815,39.8223108],[48.9274588,39.8186798],[48.9326227,39.8159017],[48.9331886,39.8131863],[48.9289802,39.8061212],[48.9307733,39.8021494]],[[48.9108431,39.8484228],[48.909899,39.8467013],[48.9133523,39.8421717],[48.9177123,39.8500785],[48.9108431,39.8484228]],[[48.9317684,39.8157235],[48.9289507,39.816699],[48.9285216,39.8171028],[48.9317684,39.8157235]]]}},{"type":"Feature","properties":{"name":"Kür","natural":"water"},"geometry":{"type":"Polygon","coordinates":[[[48.6592814,40.0807758],[48.6581469,40.0812935],[48.6529326,40.0751899],[48.6477077,40.0617821],[48.6475682,40.0582491],[48.6485499,40.0560257],[48.6518034,40.0533301],[48.6562103,40.0522686],[48.6713111,40.0600413],[48.6756939,40.060185],[48.6816028,40.0578529],[48.6766373,40.0607173],[48.6713111,40.0613839],[48.6663866,40.0600167],[48.6579993,40.0534184],[48.6542121,40.0531884],[48.651562,40.0551388],[48.6498776,40.0593967],[48.6510444,40.0662017],[48.6556497,40.07723],[48.6592814,40.0807758]],[[48.6490139,40.0620408],[48.6477479,40.0602979],[48.6483112,40.0572493],[48.6490139,40.0620408]]]}},{"type":"Feature","properties":{"name":"Kür","natural":"water"},"geometry":{"type":"Polygon","coordinates":[[[48.0523502,40.1448589],[48.0546176,40.1541543],[48.0530405,40.1562022],[48.049854,40.1568931],[48.045702,40.15562],[48.0473649,40.1488691],[48.0458361,40.146704],[48.0399728,40.1445512],[48.0280504,40.1447583],[48.0282596,40.1436593],[48.038004,40.1433743],[48.0465469,40.1462365],[48.0481642,40.148908],[48.0467775,40.1554458],[48.0479765,40.1560423],[48.0537057,40.1545335],[48.0523502,40.1448589]],[[48.0339995,40.1444343],[48.0358127,40.1444856],[48.0383192,40.1441268],[48.037135,40.1440447],[48.0339995,40.1444343]]]}},{"type":"Feature","properties":{"name":"Kür","natural":"water"},"geometry":{"type":"Polygon","coordinates":[[[48.3921576,40.0362422],[48.3809352,40.0280119],[48.374455,40.0427025],[48.3688652,40.0485811],[48.3799696,40.0274316],[48.388963,40.0322211],[48.3921576,40.0362422]],[[48.3740459,40.0426419],[48.3741948,40.0420931],[48.3739252,40.0426737],[48.3740459,40.0426419]]]}},{"type":"Feature","properties":{"name":"Kür","natural":"water"},"geometry":{"type":"Polygon","coordinates":[[[48.9000854,39.9255932],[48.8925317,39.9172721],[48.8911825,39.9132564],[48.8968903,39.9137295],[48.9022976,39.9188417],[48.906109,39.919823],[48.9088342,39.918671],[48.9093384,39.9120714],[48.901332,39.9070636],[48.8870707,39.9066459],[48.8870734,39.908117],[48.9006937,39.9078002],[48.9078686,39.9116578],[48.9083205,39.9176614],[48.9063759,39.9191308],[48.8968044,39.9129087],[48.8925505,39.9122318],[48.8896885,39.9135423],[48.8897315,39.9160604],[48.8918155,39.9191009],[48.9000854,39.9255932]],[[48.8911101,39.9167876],[48.8900198,39.9149804],[48.8902022,39.9140772],[48.8911101,39.9167876]]]}},{"type":"Feature","properties":{"name":"Kür","natural":"water"},"geometry":{"type":"Polygon","coordinates":[[[48.5340142,40.0729219],[48.533054,40.0735869],[48.5305756,40.0714852],[48.5256457,40.0640915],[48.5143805,40.0624965],[48.5105798,40.0518375],[48.5016212,40.0539378],[48.4968629,40.0541472],[48.4967771,40.0529995],[48.5102552,40.0508684],[48.5151315,40.0616343],[48.5263029,40.0630507],[48.5340142,40.0729219]],[[48.5326651,40.0716945],[48.5333812,40.0723257],[48.5336313,40.072788],[48.5326651,40.0716945]]]}},{"type":"Feature","properties":{"name":"Kür","natural":"water"},"geometry":{"type":"Polygon","coordinates":[[[48.8181876,40.0065165],[48.8255006,40.0047429],[48.8310957,40.0006851],[48.8313478,39.9956715],[48.8270429,39.9913131],[48.8261041,39.9879408],[48.8301542,39.9888594],[48.8374016,39.9955872],[48.8401374,39.9973092],[48.8418165,39.9978783],[48.8426265,39.9978927],[48.8441446,39.9972578],[48.8460222,39.9970873],[48.8471353,39.9963599],[48.8485354,39.9915864],[48.8450646,39.9888204],[48.8478273,39.9938776],[48.8463011,39.9960331],[48.8432541,39.9960742],[48.8303246,39.9879696],[48.8251546,39.9875689],[48.8248676,39.9900924],[48.8298565,39.9951208],[48.8304949,39.999481],[48.8275015,40.002561],[48.8183284,40.0052155],[48.8181876,40.0065165]],[[48.8395071,39.9966311],[48.842015,39.9977448],[48.8436618,39.9971838],[48.8407704,39.996292],[48.8395071,39.9966311]]]}},{"type":"Feature","properties":{"name":"Kür","natural":"water"},"geometry":{"type":"Polygon","coordinates":[[[48.8870707,39.9066459],[48.8812289,39.9051234],[48.8807058,39.8974236],[48.9018524,39.8999629],[48.9065677,39.8992674],[48.9083165,39.8975821],[48.9082709,39.8930342],[48.9013803,39.8769087],[48.9153948,39.8739939],[48.9208961,39.870128],[48.9216015,39.8671203],[48.9185625,39.860909],[48.9202684,39.8520923],[48.9173502,39.8607072],[48.9207029,39.867143],[48.9200807,39.8697574],[48.9136916,39.8733434],[48.9012676,39.8756304],[48.9000875,39.8774212],[48.9001411,39.880025],[48.9011604,39.8828283],[48.9071417,39.8931022],[48.9073616,39.8975553],[48.9045909,39.8990678],[48.8993928,39.8980101],[48.882865,39.8962939],[48.8796812,39.8972178],[48.8783455,39.8997283],[48.8808802,39.9062735],[48.8824788,39.907401],[48.8852575,39.9080409],[48.8870734,39.908117],[48.8870707,39.9066459]],[[48.9028099,39.8852323],[48.9004844,39.8796586],[48.9004442,39.8783722],[48.9028099,39.8852323]],[[48.8846996,39.9069957],[48.8825753,39.906971],[48.8855123,39.907578],[48.8846996,39.9069957]],[[48.9009511,39.8985101],[48.8974482,39.8982364],[48.9033142,39.8991552],[48.9009511,39.8985101]]]}},{"type":"Feature","properties":{"name":"Kür","natural":"water"},"geometry":{"type":"Polygon","coordinates":[[[48.9007848,39.9251835],[48.9031881,39.9315937],[48.9033034,39.9390418],[48.8980879,39.9403261],[48.8858168,39.9392485],[48.8824251,39.9409235],[48.8808453,39.9434817],[48.8866791,39.9398377],[48.8978451,39.9413101],[48.9038452,39.9396012],[48.9049235,39.9310723],[48.9007848,39.9251835]],[[48.9037567,39.9304882],[48.903113,39.9291883],[48.9031425,39.9290587],[48.9037567,39.9304882]]]}},{"type":"Feature","properties":{"name":"Kür","natural":"water"},"geometry":{"type":"Polygon","coordinates":[[[48.686927,40.0430618],[48.702,40.0313262],[48.6989406,40.0325805],[48.684065,40.0434006],[48.6804038,40.0573828],[48.6829036,40.0561592],[48.6836386,40.0494024],[48.686927,40.0430618]],[[48.688657,40.0410741],[48.687796,40.041109],[48.6889265,40.0404704],[48.688657,40.0410741]],[[48.6855336,40.0444992],[48.6857656,40.0438175],[48.686762,40.0423329],[48.6855336,40.0444992]],[[48.6850387,40.0448236],[48.6843064,40.0445177],[48.685668,40.0429366],[48.6850387,40.0448236]]]}},{"type":"Feature","properties":{"name":"Kür","natural":"water"},"geometry":{"type":"Polygon","coordinates":[[[47.0926742,40.6838874],[47.0945477,40.6816652],[47.0995045,40.682428],[47.10345,40.6844965],[47.1023664,40.6856945],[47.0926742,40.6838874]],[[47.0968223,40.6831968],[47.0988634,40.6828775],[47.1012479,40.6841325],[47.0982358,40.6838213],[47.0968223,40.6831968]]]}},{"type":"Feature","properties":{"name":"Kür","natural":"water"},"geometry":{"type":"Polygon","coordinates":[[[47.1706795,40.6002817],[47.1812287,40.6093609],[47.1835569,40.6198589],[47.1808505,40.6254269],[47.1822104,40.6260071],[47.1851286,40.6215487],[47.1851259,40.6170696],[47.1832618,40.6096174],[47.1796435,40.6038058],[47.1713126,40.598181],[47.1691212,40.5938674],[47.1700761,40.5898997],[47.1681315,40.5894659],[47.1678552,40.5933399],[47.1706795,40.6002817]],[[47.171322,40.59974],[47.1716197,40.6006177],[47.1711597,40.5996718],[47.171322,40.59974]],[[47.1848249,40.6196594],[47.1846364,40.6195052],[47.1848785,40.6195774],[47.1848249,40.6196594]],[[47.1847283,40.6206249],[47.1847122,40.6204819],[47.184798,40.6205409],[47.1847283,40.6206249]],[[47.1839203,40.6230852],[47.1839599,40.6227107],[47.1841436,40.6226328],[47.1839203,40.6230852]]]}},{"type":"Feature","properties":{"name":"Kür","natural":"water"},"geometry":{"type":"Polygon","coordinates":[[[47.3668912,40.3809805],[47.3651169,40.3804115],[47.3559247,40.387969],[47.3553389,40.3912651],[47.3602849,40.3947726],[47.3692247,40.3922794],[47.3722127,40.3932273],[47.3730898,40.3951628],[47.3724434,40.3962965],[47.3678219,40.3993585],[47.3646703,40.4026327],[47.3588218,40.4056638],[47.3593059,40.4070199],[47.3645765,40.4056209],[47.3752597,40.3955009],[47.3748735,40.3897401],[47.373641,40.3908136],[47.3698819,40.3892171],[47.3639113,40.393357],[47.3579702,40.3916798],[47.3582438,40.3887094],[47.3668912,40.3809805]],[[47.3681069,40.399789],[47.3672761,40.4001429],[47.3671246,40.4004564],[47.3681069,40.399789]]]}},{"type":"Feature","properties":{"name":"Kür","natural":"water"},"geometry":{"type":"Polygon","coordinates":[[[47.0374972,40.7233885],[47.0426259,40.7246748],[47.0444715,40.7213816],[47.0478985,40.7196938],[47.0533651,40.7210914],[47.0582855,40.7255812],[47.0567274,40.7269645],[47.0514176,40.7219202],[47.0489823,40.7215452],[47.0445406,40.7245431],[47.0441828,40.7276044],[47.0460816,40.7297082],[47.0475554,40.7273807],[47.0533569,40.7278349],[47.0530003,40.7295312],[47.0484929,40.7288412],[47.0511281,40.7315384],[47.0539874,40.7318605],[47.053923,40.7346694],[47.0326733,40.7313517],[47.0356361,40.7281462],[47.0397325,40.7285327],[47.0384413,40.7273218],[47.0404033,40.725159],[47.036722,40.7264071],[47.0360166,40.7251448],[47.0374972,40.7233885]],[[47.0418397,40.7257617],[47.0417444,40.7256845],[47.0418397,40.7256977],[47.0418397,40.7257617]]]}},{"type":"Feature","properties":{"name":"Kür","natural":"water"},"geometry":{"type":"Polygon","coordinates":[[[48.8648701,39.9711613],[48.863529,39.9598856],[48.8663989,39.9596163],[48.8772927,39.9632613],[48.8816822,39.9630311],[48.8881865,39.9583601],[48.8891146,39.9549184],[48.8868266,39.9512133],[48.8828543,39.9484498],[48.8808453,39.9434817],[48.8816392,39.9482524],[48.8881892,39.9543119],[48.8870439,39.9580723],[48.8803866,39.9620463],[48.8679948,39.9590448],[48.8628665,39.959532],[48.8614207,39.9619127],[48.8639742,39.9705467],[48.8409287,39.9796749],[48.837761,39.9855857],[48.838166,39.9873089],[48.8446355,39.9896424],[48.8385576,39.9857624],[48.8428411,39.9794652],[48.8611311,39.9739157],[48.8648701,39.9711613]]]}},{"type":"Feature","properties":{"name":"Kür","natural":"water"},"geometry":{"type":"Polygon","coordinates":[[[47.170524,40.6310616],[47.1794933,40.6439252],[47.1778907,40.6528576],[47.1766022,40.6523991],[47.1778464,40.6461883],[47.1768594,40.642118],[47.1682709,40.6314647],[47.1703362,40.6298403],[47.1755543,40.6298931],[47.1808505,40.6254269],[47.1822104,40.6260071],[47.1769774,40.6306057],[47.170524,40.6310616]]]}},{"type":"Feature","properties":{"name":"Kür","natural":"water"},"geometry":{"type":"Polygon","coordinates":[[[47.1112356,40.6887334],[47.1212491,40.6848626],[47.131691,40.6865874],[47.1390134,40.6828958],[47.1442115,40.6775665],[47.1457925,40.6734713],[47.1439165,40.6664754],[47.142393,40.6669026],[47.1443832,40.6705849],[47.143439,40.6755567],[47.1376938,40.6824321],[47.1308541,40.6858837],[47.1240547,40.6838497],[47.1106732,40.6876186],[47.10345,40.6844965],[47.1023664,40.6856945],[47.1112356,40.6887334]]]}},{"type":"Feature","properties":{"name":"Kür","natural":"water"},"geometry":{"type":"Polygon","coordinates":[[[47.09217,40.6842931],[47.0845967,40.6829609],[47.0771295,40.6850721],[47.0741737,40.6877426],[47.0717597,40.6866383],[47.0788461,40.6814557],[47.0918441,40.680636],[47.090975,40.6829975],[47.09217,40.6842931]]]}},{"type":"Feature","properties":{"name":"Kür","natural":"water"},"geometry":{"type":"Polygon","coordinates":[[[47.0393506,40.7504797],[47.0378478,40.7531196],[47.0379223,40.7561689],[47.0396993,40.7565803],[47.0377332,40.7588771],[47.0395624,40.7586303],[47.0381516,40.7592428],[47.0396161,40.7597858],[47.0376554,40.760473],[47.0369205,40.7746817],[47.0314059,40.7810664],[47.0314756,40.7837504],[47.029928,40.7831096],[47.0279941,40.7852695],[47.0286955,40.789654],[47.026023,40.7900043],[47.0260441,40.7864474],[47.034595,40.7754271],[47.0360219,40.7708233],[47.03427,40.7544804],[47.0353648,40.7481145],[47.0393506,40.7504797]]]}},{"type":"Feature","properties":{"name":"Kür","natural":"water"},"geometry":{"type":"Polygon","coordinates":[[[47.19078,40.570765],[47.1884465,40.5786188],[47.1751991,40.5832043],[47.1681315,40.5894659],[47.1700761,40.5898997],[47.1760413,40.5844734],[47.1888542,40.5801039],[47.1910188,40.5772926],[47.1922043,40.5711114],[47.2009811,40.576068],[47.2021209,40.5751345],[47.1934837,40.5704329],[47.19078,40.570765]]]}},{"type":"Feature","properties":{"name":"Kür","natural":"water"},"geometry":{"type":"Polygon","coordinates":[[[46.452958,40.9085079],[46.4524993,40.9071538],[46.45538,40.9068477],[46.4603475,40.9088606],[46.4718246,40.9097201],[46.4800107,40.911518],[46.4838517,40.9149314],[46.4869738,40.920947],[46.4918286,40.9230466],[46.4957607,40.9220819],[46.5042527,40.9161822],[46.5120288,40.9157251],[46.5037107,40.9175339],[46.4964688,40.9227102],[46.4913404,40.9238573],[46.485756,40.9211051],[46.4817436,40.9139972],[46.477806,40.9115302],[46.461415,40.9110255],[46.452958,40.9085079]]]}},{"type":"Feature","properties":{"name":"Kür","natural":"water"},"geometry":{"type":"Polygon","coordinates":[[[46.5487718,40.9324739],[46.5120288,40.9157251],[46.5116587,40.916698],[46.5175912,40.9198809],[46.5463579,40.9326117],[46.5487718,40.9324739]]]}},{"type":"Feature","properties":{"name":"Kür","natural":"water"},"geometry":{"type":"Polygon","coordinates":[[[48.9982537,39.5012219],[48.9989781,39.5030328],[49.0029341,39.5053735],[49.0177104,39.5078341],[49.021267,39.5108636],[49.019309,39.5122584],[49.0096986,39.512815],[49.0073745,39.5139531],[49.0093124,39.5261585],[48.9983789,39.5259464],[49.0010861,39.5298368],[49.0068662,39.5328075],[48.9990422,39.5263819],[49.0095979,39.5267699],[49.0106991,39.5246834],[49.0083119,39.5177231],[49.0087599,39.5137772],[49.0200788,39.513382],[49.0219241,39.5103691],[49.0189418,39.507686],[49.0035027,39.5046947],[48.9982537,39.5012219]]]}},{"type":"Feature","properties":{"name":"Kür","natural":"water"},"geometry":{"type":"Polygon","coordinates":[[[48.9370054,39.7519455],[48.9283633,39.7478643],[48.9218053,39.7478643],[48.9195563,39.7503019],[48.9199465,39.754289],[48.9231384,39.7589192],[48.9291559,39.7638367],[48.9353035,39.7661943],[48.9371891,39.7660212],[48.9291251,39.7628574],[48.9238733,39.7581934],[48.9209524,39.7540694],[48.9208437,39.7504277],[48.9228594,39.7483325],[48.9370054,39.7519455]]]}},{"type":"Feature","properties":{"name":"Kür","natural":"water"},"geometry":{"type":"Polygon","coordinates":[[[49.3432689,39.3620768],[49.3484834,39.3606271],[49.3503714,39.3583875],[49.353252,39.3420228],[49.3571681,39.3358948],[49.3614757,39.3324033],[49.366073,39.3297539],[49.3961728,39.3276667],[49.3960279,39.3292685],[49.3778264,39.329256],[49.3625379,39.3328369],[49.3545127,39.3419605],[49.35164,39.3584393],[49.3481907,39.3625994],[49.3436613,39.3638264],[49.3432689,39.3620768]]]}},{"type":"Feature","properties":{"name":"Kür","natural":"water"},"geometry":{"type":"Polygon","coordinates":[[[47.3668912,40.3809805],[47.3668188,40.3763914],[47.3621652,40.3723945],[47.3625112,40.3677333],[47.3708287,40.3656897],[47.3739374,40.3696808],[47.3714375,40.3665991],[47.3712364,40.3688072],[47.3688801,40.3669618],[47.3705752,40.3691556],[47.3794024,40.371333],[47.3839125,40.3653893],[47.3830488,40.3590311],[47.3920128,40.3545918],[47.3859483,40.3554175],[47.3819008,40.358001],[47.3821513,40.365235],[47.3766176,40.3695965],[47.3793206,40.3690069],[47.3779553,40.37016],[47.3757157,40.3699086],[47.3731488,40.3646086],[47.3654857,40.3633231],[47.3625648,40.365284],[47.3604338,40.3722699],[47.3648098,40.3768092],[47.3651169,40.3804115],[47.3668912,40.3809805]]]}},{"type":"Feature","properties":{"name":"Kür","natural":"water"},"geometry":{"type":"Polygon","coordinates":[[[47.9170418,40.0777164],[47.9281984,40.0869],[47.9233718,40.0936428],[47.9229104,40.0985999],[47.9324645,40.0961419],[47.9446846,40.0978736],[47.9469055,40.0904295],[47.9470664,40.0806984],[47.9485309,40.0792084],[47.9512775,40.0804029],[47.9527795,40.0840845],[47.9549172,40.0850695],[47.9580635,40.0840435],[47.9593751,40.0792371],[47.9619741,40.0773921],[47.9662067,40.0778046],[47.9675612,40.0813284],[47.9700851,40.0824859],[47.979674,40.0795635],[47.985355,40.0795327],[47.9892495,40.0818271],[47.9894321,40.0868533],[47.9882598,40.0867051],[47.9885841,40.0822422],[47.9853442,40.0802551],[47.9700932,40.0831385],[47.9668128,40.0818025],[47.9664615,40.0789868],[47.9624999,40.0779955],[47.960279,40.0797153],[47.9586723,40.0843862],[47.9555824,40.085796],[47.9528519,40.0851906],[47.9486811,40.0799308],[47.9484183,40.0890424],[47.944867,40.0986369],[47.9332101,40.0973935],[47.9228407,40.0992442],[47.9211992,40.0975659],[47.9219824,40.0935771],[47.9269096,40.0868631],[47.9219046,40.0836967],[47.9170418,40.0777164]]]}},{"type":"Feature","properties":{"name":"Kür","natural":"water"},"geometry":{"type":"Polygon","coordinates":[[[48.3021748,40.0463431],[48.2918805,40.0417209],[48.2917222,40.0538557],[48.2876238,40.0597395],[48.2842201,40.060961],[48.2792419,40.0590908],[48.2717666,40.0520017],[48.2688913,40.0418606],[48.2556358,40.0456675],[48.2555982,40.0481766],[48.2634142,40.0509823],[48.2628643,40.051589],[48.2555795,40.0492176],[48.2542866,40.046879],[48.2560435,40.0444992],[48.2691595,40.0411829],[48.2728502,40.0514556],[48.2799742,40.0581649],[48.2843247,40.0598812],[48.2874495,40.0584544],[48.2905984,40.052942],[48.2907003,40.0414191],[48.2943086,40.040937],[48.3027703,40.0454088],[48.3021748,40.0463431]]]}},{"type":"Feature","properties":{"name":"Kür","natural":"water"},"geometry":{"type":"Polygon","coordinates":[[[48.5629821,40.1045128],[48.5636714,40.1054688],[48.5592015,40.1067694],[48.5539229,40.1048615],[48.5521513,40.1018313],[48.5521004,40.0926928],[48.549976,40.0874233],[48.533054,40.0735869],[48.5340142,40.0729219],[48.5431611,40.0792341],[48.5518724,40.0876737],[48.5538009,40.0928446],[48.553766,40.1002741],[48.555724,40.1039978],[48.5588354,40.1059796],[48.5629821,40.1045128]]]}},{"type":"Feature","properties":{"name":"Kür","natural":"water"},"geometry":{"type":"Polygon","coordinates":[[[48.7020117,40.0317878],[48.7060511,40.0324778],[48.705976,40.0389426],[48.7085375,40.0421398],[48.7124133,40.0432507],[48.7171501,40.038228],[48.7179118,40.0349114],[48.7140897,40.026569],[48.7143955,40.0217463],[48.7173539,40.0198484],[48.7209991,40.0226254],[48.7227988,40.0221325],[48.7169677,40.0192568],[48.7132046,40.0215327],[48.7123704,40.0257598],[48.7164661,40.0341454],[48.7121773,40.0424992],[48.7071267,40.0383902],[48.7069041,40.0320506],[48.7048039,40.0308061],[48.7020117,40.0317878]]]}},{"type":"Feature","properties":{"name":"Kür","natural":"water"},"geometry":{"type":"Polygon","coordinates":[[[47.3748735,40.3897401],[47.3720478,40.3879781],[47.3698886,40.388926],[47.3721443,40.3887707],[47.3748735,40.3897401]]]}},{"type":"Feature","properties":{"name":"Kür","natural":"water"},"geometry":{"type":"Polygon","coordinates":[[[47.3684724,40.364162],[47.3698939,40.3642928],[47.3703821,40.3645289],[47.3707817,40.3645013],[47.3695922,40.3639617],[47.3684724,40.364162]]]}},{"type":"Feature","properties":{"name":"Kür","natural":"water"},"geometry":{"type":"Polygon","coordinates":[[[47.3654857,40.3633231],[47.3718292,40.3645043],[47.3710761,40.363601],[47.3731488,40.3646086],[47.3699918,40.3625833],[47.3654857,40.3633231]]]}},{"type":"Feature","properties":{"name":"Kür","natural":"water"},"geometry":{"type":"Polygon","coordinates":[[[48.1697032,40.0757912],[48.179968,40.0685664],[48.1865206,40.0674456],[48.1923008,40.0689359],[48.2115912,40.0811088],[48.2188842,40.0778026],[48.2108328,40.0818148],[48.1881326,40.0682174],[48.1822613,40.0693402],[48.1697032,40.0757912]]]}},{"type":"Feature","properties":{"name":"Kür","natural":"water"},"geometry":{"type":"Polygon","coordinates":[[[48.1703818,40.0764829],[48.1667876,40.0785619],[48.164151,40.0771191],[48.1691828,40.0681733],[48.1681851,40.0654104],[48.1541214,40.0710774],[48.1428087,40.0721974],[48.1438467,40.0760765],[48.1508566,40.0830646],[48.1482697,40.0857509],[48.1438118,40.0848048],[48.1400996,40.0801956],[48.1351027,40.0779688],[48.1164801,40.0773931],[48.1331997,40.0765814],[48.1393982,40.0787867],[48.1441471,40.083748],[48.148106,40.0851598],[48.1500775,40.0832062],[48.1437743,40.0780345],[48.1418323,40.0722549],[48.154951,40.0696604],[48.167603,40.064498],[48.1702182,40.0674169],[48.1655323,40.0775768],[48.1703818,40.0764829]]]}},{"type":"Feature","properties":{"name":"Kür","natural":"water"},"geometry":{"type":"Polygon","coordinates":[[[48.0281523,40.1443031],[48.0190086,40.1446865],[48.016592,40.1438295],[48.0158812,40.1421502],[48.0198052,40.1385824],[48.0324867,40.1350349],[48.0322266,40.1324244],[48.0293083,40.1295452],[48.0281013,40.135443],[48.025741,40.135039],[48.0232036,40.1305788],[48.0165008,40.1348483],[48.0098972,40.1346186],[48.0004585,40.1298302],[47.9977977,40.1186813],[47.9897109,40.122123],[47.9981706,40.1181111],[48.0019391,40.1297585],[48.0108681,40.1340321],[48.0173832,40.133946],[48.0228496,40.1299287],[48.0275542,40.1349406],[48.0273852,40.129336],[48.0307138,40.1295472],[48.0329856,40.1321496],[48.0332324,40.1354368],[48.0204356,40.1397737],[48.017064,40.1428945],[48.0281523,40.1443031]]]}},{"type":"Feature","properties":{"name":"Kür","natural":"water"},"geometry":{"type":"Polygon","coordinates":[[[48.2494318,40.0567053],[48.2548687,40.0609651],[48.2547158,40.0632581],[48.2238087,40.0612422],[48.2168725,40.0636933],[48.2119721,40.0689112],[48.2196473,40.0745577],[48.2188842,40.0778026],[48.2188332,40.0747014],[48.2113713,40.0699355],[48.2135895,40.0651774],[48.2218963,40.060766],[48.2542089,40.0623466],[48.2494318,40.0567053]]]}},{"type":"Feature","properties":{"name":"Kür","natural":"water"},"geometry":{"type":"Polygon","coordinates":[[[48.2628643,40.051589],[48.2655466,40.0521372],[48.2693258,40.0559806],[48.2704282,40.0584503],[48.2693405,40.0606346],[48.266024,40.0613572],[48.2608929,40.0598812],[48.2542491,40.0518149],[48.2456097,40.0524411],[48.2486889,40.0573622],[48.2443088,40.0535292],[48.2461005,40.0514802],[48.2538763,40.0509423],[48.2620329,40.0594377],[48.2686821,40.0602794],[48.2689181,40.0567751],[48.2628643,40.051589]]]}},{"type":"Feature","properties":{"name":"Kür","natural":"water"},"geometry":{"type":"Polygon","coordinates":[[[48.432506,40.030767],[48.4268895,40.0215861],[48.4281716,40.0190534],[48.4318462,40.0182071],[48.4514236,40.0183324],[48.4577188,40.0197991],[48.4328279,40.0189014],[48.4288233,40.0199244],[48.4277505,40.020783],[48.432506,40.030767]]]}},{"type":"Feature","properties":{"name":"Kür","natural":"water"},"geometry":{"type":"Polygon","coordinates":[[[48.0648033,40.1417135],[48.067511,40.1407395],[48.0846034,40.1221999],[48.0866325,40.1104414],[48.0890733,40.106115],[48.0918413,40.1055488],[48.0980641,40.1117523],[48.101044,40.1119656],[48.1020686,40.1086711],[48.0991772,40.1032223],[48.0994894,40.1007861],[48.1121564,40.0902961],[48.1143826,40.0860279],[48.114903,40.0788821],[48.1164801,40.0773931],[48.1153885,40.0859992],[48.1129825,40.0909548],[48.1092086,40.0952104],[48.1011003,40.1003008],[48.103002,40.1096086],[48.1018567,40.1121892],[48.0980104,40.1131143],[48.0906939,40.1060425],[48.0882673,40.1102496],[48.0852512,40.1230623],[48.0678906,40.1413516],[48.0648033,40.1417135]]]}},{"type":"Feature","properties":{"name":"Kür","natural":"water"},"geometry":{"type":"Polygon","coordinates":[[[48.3021748,40.0463431],[48.3064449,40.0451665],[48.3226669,40.0373244],[48.3310649,40.0263513],[48.3342916,40.0257084],[48.336955,40.0279944],[48.3365205,40.0328577],[48.3323041,40.0368213],[48.3355603,40.0383471],[48.3312044,40.0367268],[48.336263,40.0308595],[48.3352947,40.0271195],[48.3334413,40.0264396],[48.3304104,40.0281628],[48.3266795,40.0348744],[48.3223477,40.0389652],[48.3060425,40.0459961],[48.3021748,40.0463431]]]}},{"type":"Feature","properties":{"name":"Kür","natural":"water"},"geometry":{"type":"Polygon","coordinates":[[[47.9894321,40.0868533],[47.9866344,40.0908153],[47.9797277,40.0892393],[47.965174,40.0913098],[47.9739556,40.0964887],[47.9798725,40.104004],[47.9794836,40.1071818],[47.9696453,40.1106158],[47.9851779,40.1159225],[47.9848963,40.1198237],[47.9804412,40.1250128],[47.9908729,40.1224547],[47.9804975,40.1257388],[47.9790303,40.1242847],[47.9834425,40.120597],[47.9842687,40.1165399],[47.9751116,40.1144087],[47.9686984,40.1105009],[47.9723972,40.1077746],[47.9790598,40.1066279],[47.9789177,40.1043179],[47.9748219,40.0988749],[47.9642218,40.0909035],[47.9684141,40.0892558],[47.9811332,40.0884021],[47.9862535,40.0900868],[47.9894321,40.0868533]]]}},{"type":"Feature","properties":{"name":"Kür","natural":"water"},"geometry":{"type":"Polygon","coordinates":[[[48.7227077,40.0225617],[48.7343457,40.0242358],[48.7619939,40.0222886],[48.7718135,40.0186118],[48.7613556,40.0212266],[48.7363145,40.023102],[48.7227077,40.0225617]]]}},{"type":"Feature","properties":{"name":"Kür","natural":"water"},"geometry":{"type":"Polygon","coordinates":[[[48.3697262,40.0488131],[48.3684039,40.0511702],[48.3660945,40.0517163],[48.3412626,40.046764],[48.3406565,40.0393687],[48.3355442,40.0375256],[48.3410695,40.038267],[48.3420002,40.0462158],[48.3496204,40.0465176],[48.3660114,40.0508499],[48.3697262,40.0488131]]]}},{"type":"Feature","properties":{"name":"Kür","natural":"water"},"geometry":{"type":"Polygon","coordinates":[[[48.0523502,40.1448589],[48.0385914,40.1348903],[48.0372852,40.1320594],[48.0419536,40.1313273],[48.0489582,40.1356501],[48.064854,40.1408469],[48.0487436,40.1365503],[48.0417216,40.1319999],[48.0383956,40.1321209],[48.0523502,40.1448589]]]}},{"type":"Feature","properties":{"name":"Kür","natural":"water"},"geometry":{"type":"Polygon","coordinates":[[[47.8792414,40.0953623],[47.8690255,40.1028301],[47.8727424,40.1154404],[47.8716431,40.1166625],[47.8666699,40.1159922],[47.862366,40.1116195],[47.8611982,40.1056042],[47.8633024,40.0963358],[47.8460705,40.1060104],[47.8560913,40.1091183],[47.8579259,40.1123164],[47.8557908,40.1162917],[47.8415671,40.1095122],[47.8481466,40.1108969],[47.8555402,40.1155396],[47.8562576,40.1103061],[47.8459358,40.1075117],[47.8450996,40.1058873],[47.8637382,40.0952679],[47.8647237,40.0976941],[47.8628048,40.1051549],[47.8635344,40.1114865],[47.8668964,40.1152485],[47.8714764,40.1159881],[47.8679573,40.1071018],[47.8678501,40.1029761],[47.872796,40.0979516],[47.8783348,40.0946421],[47.8792414,40.0953623]]]}},{"type":"Feature","properties":{"name":"Kür","natural":"water"},"geometry":{"type":"Polygon","coordinates":[[[48.4912491,40.0487823],[48.4968629,40.0541472],[48.4947038,40.0536052],[48.49038,40.0498521],[48.4891248,40.0434458],[48.4868985,40.0406449],[48.4771112,40.0362319],[48.4700274,40.0283189],[48.460865,40.0234881],[48.4577188,40.0197991],[48.4703734,40.0271236],[48.4784228,40.0354187],[48.4886742,40.0404447],[48.4912491,40.0487823]]]}},{"type":"Feature","properties":{"name":"Kür","natural":"water"},"geometry":{"type":"Polygon","coordinates":[[[48.8183284,40.0052155],[48.8001372,40.0090299],[48.7931639,40.0135584],[48.7908357,40.0173998],[48.7812549,40.0165309],[48.7713816,40.0178353],[48.7904897,40.0182523],[48.8011032,40.0097024],[48.8181876,40.0065165],[48.8183284,40.0052155]]]}},{"type":"Feature","properties":{"name":"Kür","natural":"water"},"geometry":{"type":"Polygon","coordinates":[[[48.4332892,40.0306007],[48.432447,40.0341495],[48.4293893,40.0354063],[48.4097233,40.0302721],[48.4011617,40.0241598],[48.3973342,40.030765],[48.3976293,40.0371211],[48.3955398,40.0380473],[48.3921576,40.0362422],[48.3969212,40.0367206],[48.3962452,40.0306664],[48.4003919,40.0235189],[48.4104636,40.0294485],[48.4284586,40.0344185],[48.4314546,40.0342748],[48.4332892,40.0306007]]]}},{"type":"Feature","properties":{"name":"Kür","natural":"water"},"geometry":{"type":"Polygon","coordinates":[[[48.6374134,40.071635],[48.6371586,40.0702988],[48.6422226,40.0699273],[48.6455727,40.0716165],[48.6459884,40.0745393],[48.643502,40.080801],[48.645688,40.0886709],[48.6498079,40.0902694],[48.657138,40.0884541],[48.6595885,40.085441],[48.6581469,40.0812935],[48.6592814,40.0807758],[48.6608934,40.0841174],[48.6601049,40.0871278],[48.6529139,40.0909528],[48.6448699,40.0895595],[48.6417028,40.0824647],[48.6449075,40.0725853],[48.6417907,40.0710592],[48.6374134,40.071635]]]}},{"type":"Feature","properties":{"name":"Kür","natural":"water"},"geometry":{"type":"Polygon","coordinates":[[[47.3993379,40.3487202],[47.3909131,40.3541227],[47.398,40.3485],[47.4048887,40.3375326],[47.414306,40.3266846],[47.4252293,40.319784],[47.4264309,40.3211439],[47.416044,40.3269504],[47.4064913,40.3369867],[47.3993379,40.3487202]]]}},{"type":"Feature","properties":{"name":"Kür","natural":"water"},"geometry":{"type":"Polygon","coordinates":[[[48.9369397,39.7652573],[48.9391123,39.7664639],[48.9353961,39.7707083],[48.9344841,39.7755446],[48.9404681,39.7665809],[48.9369397,39.7652573]]]}},{"type":"Feature","properties":{"name":"Kür","natural":"water"},"geometry":{"type":"Polygon","coordinates":[[[47.8421062,40.1106743],[47.8263019,40.1141062],[47.8261417,40.1134241],[47.8381844,40.1098706],[47.8415671,40.1095122],[47.8421062,40.1106743]]]}},{"type":"Feature","properties":{"name":"Kür","natural":"water"},"geometry":{"type":"Polygon","coordinates":[[[47.8783348,40.0946421],[47.8811538,40.091476],[47.8813013,40.0888946],[47.8717339,40.0791386],[47.8729209,40.0765409],[47.8887927,40.0799349],[47.8961527,40.0681661],[47.8999722,40.0667108],[47.9060662,40.0798159],[47.9027027,40.0825331],[47.8948063,40.0848684],[47.9048645,40.0887428],[47.9101726,40.0870303],[47.9144508,40.0788267],[47.9170418,40.0777164],[47.9102303,40.0881015],[47.9040062,40.0895492],[47.8987545,40.0884616],[47.8933418,40.0844785],[47.9051086,40.0800047],[47.900396,40.0724355],[47.8998783,40.0675216],[47.89729,40.0686013],[47.8886962,40.08092],[47.8731649,40.0772926],[47.8736705,40.0795655],[47.8821489,40.0883529],[47.8820146,40.0930426],[47.8792414,40.0953623],[47.8783348,40.0946421]]]}},{"type":"Feature","properties":{"name":"Kür","natural":"water"},"geometry":{"type":"Polygon","coordinates":[[[48.591738,40.0815429],[48.5967404,40.0838485],[48.6004002,40.0838188],[48.6104089,40.074843],[48.6192548,40.0701325],[48.6371586,40.0702988],[48.6374134,40.071635],[48.6339399,40.0721153],[48.6248352,40.0706026],[48.6187506,40.071479],[48.599959,40.085404],[48.5963809,40.0851373],[48.591738,40.0815429]]]}},{"type":"Feature","properties":{"name":"Kür","natural":"water"},"geometry":{"type":"Polygon","coordinates":[[[48.5933393,40.0813797],[48.5842815,40.0793008],[48.5773104,40.0807948],[48.5757306,40.0842507],[48.5776725,40.0897236],[48.5768652,40.0943158],[48.5726219,40.0995827],[48.5636714,40.1054688],[48.5629821,40.1045128],[48.5708308,40.0990893],[48.5756206,40.0932242],[48.5739818,40.0838095],[48.5752934,40.0806471],[48.5843915,40.0783136],[48.5933393,40.0813797]]]}},{"type":"Feature","properties":{"name":"Kür","natural":"water"},"geometry":{"type":"Polygon","coordinates":[[[48.9368847,39.7523084],[48.9413264,39.7523331],[48.9473212,39.7503762],[48.9516503,39.7463424],[48.9510763,39.7436181],[48.9420909,39.7386929],[48.9478952,39.7332084],[48.9508041,39.7278534],[48.9517871,39.7173361],[48.9564782,39.7182481],[48.964541,39.7236306],[48.9675504,39.7233934],[48.9687306,39.7202967],[48.9662951,39.715242],[48.9601207,39.7102901],[48.9379147,39.7036848],[48.9386925,39.7059114],[48.9507329,39.7079955],[48.960759,39.7119613],[48.9664561,39.7165831],[48.9679418,39.72052],[48.9673411,39.7226074],[48.965705,39.7228755],[48.9564568,39.7170989],[48.9506686,39.7165212],[48.9491799,39.7283897],[48.9408463,39.7385402],[48.94355,39.7416113],[48.9504915,39.7438675],[48.9508751,39.7462124],[48.9445116,39.7507442],[48.9368847,39.7523084]]]}},{"type":"Feature","properties":{"name":"Kür","natural":"water"},"geometry":{"type":"Polygon","coordinates":[[[47.6345811,40.1778077],[47.6195231,40.1675889],[47.592347,40.1769695],[47.567904,40.1701919],[47.5602014,40.1695626],[47.5918896,40.177903],[47.6098524,40.1734568],[47.6192938,40.1687224],[47.6308662,40.1777298],[47.6345811,40.1778077]]]}},{"type":"Feature","properties":{"name":"Kürdəxanı Gölü","natural":"water"},"geometry":{"type":"Polygon","coordinates":[[[49.9406612,40.5406371],[49.9390368,40.5332524],[49.9415317,40.5337748],[49.9417284,40.536727],[49.9445013,40.5366941],[49.947757,40.5330864],[49.9426601,40.5331406],[49.9484404,40.5305858],[49.9464299,40.5303471],[49.946587,40.5286995],[49.9440424,40.5298456],[49.9382307,40.5289861],[49.9334871,40.5405179],[49.9355605,40.5394436],[49.9393523,40.5404496],[49.9363804,40.5421618],[49.932754,40.5413709],[49.9310696,40.5490264],[49.9328935,40.553991],[49.9353719,40.5534448],[49.9354255,40.5485372],[49.9365628,40.5494748],[49.9357474,40.553135],[49.9368203,40.5507139],[49.9374425,40.5526948],[49.9422598,40.5507628],[49.9419165,40.5479829],[49.9441802,40.5455126],[49.9433863,40.5412242],[49.9415088,40.541053],[49.9423242,40.5432461],[49.9406612,40.5406371]]]}},{"type":"Feature","properties":{"name":"Kürdəxanı Gölü","natural":"water"},"geometry":{"type":"Polygon","coordinates":[[[49.9307853,40.5477994],[49.9289185,40.5471187],[49.9269766,40.5415299],[49.9310428,40.5401275],[49.9292564,40.5398422],[49.9280253,40.5369803],[49.9291223,40.5346727],[49.9319065,40.5344811],[49.9326789,40.538823],[49.9307853,40.5477994]]]}},{"type":"Feature","properties":{"name":"Lökbatan gölü","natural":"water"},"geometry":{"type":"Polygon","coordinates":[[[49.709204,40.3286374],[49.7176597,40.3234936],[49.72013,40.3242911],[49.7209969,40.3222401],[49.7186408,40.3220969],[49.7236274,40.3211721],[49.7228459,40.3178545],[49.710407,40.3192298],[49.7035507,40.318274],[49.6922486,40.3212105],[49.6921223,40.3229721],[49.7031033,40.3272173],[49.704262,40.3269453],[49.7082451,40.3276733],[49.7045034,40.3272459],[49.7059196,40.3283726],[49.7101656,40.3271375],[49.708457,40.3284329],[49.709204,40.3286374]]]}},{"type":"Feature","properties":{"name":"Mahmudchala","natural":"water"},"geometry":{"type":"Polygon","coordinates":[[[48.7273769,39.4677635],[48.7239866,39.4808237],[48.7275486,39.4816932],[48.7286536,39.4881022],[48.7414317,39.4767577],[48.7420325,39.4706043],[48.7438671,39.4726168],[48.7446289,39.4710433],[48.7446611,39.46643],[48.7425368,39.4646906],[48.7399082,39.4657922],[48.7344258,39.4644753],[48.7320654,39.4674322],[48.7273769,39.4677635]],[[48.7354388,39.4678106],[48.7357167,39.4678106],[48.735695,39.4677437],[48.7354388,39.4678106]],[[48.7352331,39.4674261],[48.7352764,39.4675069],[48.7354496,39.4674568],[48.7352331,39.4674261]],[[48.7367199,39.4672005],[48.7387949,39.4665904],[48.7391089,39.4663341],[48.7367199,39.4672005]],[[48.7385134,39.4660917],[48.7366188,39.4670612],[48.7389068,39.4660388],[48.7385134,39.4660917]]]}},{"type":"Feature","properties":{"name":"Maralgöl","natural":"water"},"geometry":{"type":"Polygon","coordinates":[[[46.3083411,40.3766479],[46.3117384,40.3795388],[46.3154723,40.3751466],[46.3126261,40.3732639],[46.3112377,40.3760468],[46.3083411,40.3766479]]]}},{"type":"Feature","properties":{"name":"Masazır gölü","natural":"water"},"geometry":{"type":"Polygon","coordinates":[[[49.7664525,40.5245425],[49.7718455,40.5222046],[49.7750218,40.5227445],[49.7809141,40.5183674],[49.7828878,40.5126951],[49.7913425,40.5016292],[49.7918737,40.4964397],[49.7897332,40.4917735],[49.7796195,40.4895416],[49.7597676,40.5016047],[49.7552952,40.512066],[49.7592611,40.5206151],[49.7664525,40.5245425]]]}},{"type":"Feature","properties":{"name":"Mehman Gölü","natural":"water"},"geometry":{"type":"Polygon","coordinates":[[[47.7297485,40.1014149],[47.741164,40.0963594],[47.7398443,40.0993139],[47.7462601,40.1040737],[47.7502996,40.1044061],[47.7557069,40.1017718],[47.7602935,40.1046564],[47.760905,40.1068515],[47.7593842,40.1105184],[47.7580116,40.110264],[47.7593654,40.1107758],[47.7580324,40.1104066],[47.7562568,40.1101676],[47.7592233,40.1109471],[47.7603149,40.1182772],[47.7559376,40.1254394],[47.7511203,40.1258988],[47.7473277,40.1226747],[47.7365935,40.1243893],[47.7318835,40.127359],[47.7286327,40.1227567],[47.7256071,40.1220676],[47.725811,40.1120579],[47.7230751,40.110663],[47.7226674,40.1087757],[47.7283859,40.1082424],[47.7327847,40.1113441],[47.7311325,40.1077172],[47.7318782,40.1038727],[47.7297485,40.1014149]],[[47.7362958,40.1111789],[47.7370146,40.1106897],[47.7372318,40.110743],[47.7362958,40.1111789]]]}},{"type":"Feature","properties":{"name":"Mingəçevir su anbarı","natural":"water"},"geometry":{"type":"Polygon","coordinates":[[[46.6194802,40.9237033],[46.6309279,40.91807],[46.6307172,40.9165828],[46.6376361,40.9204089],[46.6542896,40.9185724],[46.6650597,40.9130621],[46.6738768,40.9154371],[46.6758361,40.9130504],[46.6793552,40.9117704],[46.683003,40.9127342],[46.6875842,40.9092234],[46.6956577,40.9088727],[46.6971751,40.9066632],[46.695891,40.903746],[46.6977712,40.9045843],[46.6980126,40.9027035],[46.6983949,40.9061569],[46.7059721,40.9077558],[46.7132597,40.9010556],[46.7144666,40.9022921],[46.7227072,40.9016313],[46.734651,40.8982746],[46.7388916,40.898703],[46.7523855,40.8940397],[46.7637804,40.893254],[46.7701372,40.8886495],[46.7762124,40.8870881],[46.7759228,40.8841093],[46.7861433,40.8845939],[46.7879511,40.8814355],[46.7931023,40.8813169],[46.7984641,40.8774069],[46.8060165,40.8762788],[46.804263,40.8719614],[46.8060547,40.8685311],[46.8074937,40.8692567],[46.8061647,40.872505],[46.809842,40.8748211],[46.8286335,40.8683409],[46.8287596,40.8648257],[46.8329412,40.8684768],[46.8350467,40.8677608],[46.837737,40.8638663],[46.8350387,40.8608357],[46.8390191,40.8628987],[46.8401778,40.8661361],[46.8420446,40.8636594],[46.841146,40.8609899],[46.8431255,40.8621806],[46.8513331,40.8587036],[46.8551445,40.8612231],[46.853967,40.8568677],[46.8518749,40.8551595],[46.8543076,40.8557925],[46.8525642,40.8531064],[46.8536022,40.8524937],[46.8552518,40.8548877],[46.8610507,40.855547],[46.8616247,40.8580788],[46.8696365,40.8577786],[46.8721336,40.8556348],[46.8740407,40.8581032],[46.8770595,40.8577471],[46.8846622,40.85251],[46.8821329,40.8508747],[46.883997,40.850402],[46.8833613,40.8490731],[46.8793139,40.8470806],[46.8817037,40.8467459],[46.8777381,40.8451409],[46.8802848,40.8444176],[46.8781713,40.8425001],[46.8802714,40.8438464],[46.8818727,40.8421013],[46.8804592,40.8459383],[46.8822724,40.8449137],[46.8828893,40.8469346],[46.8844932,40.8481621],[46.8848821,40.8467621],[46.8882859,40.849767],[46.8895841,40.8477827],[46.8910217,40.8495438],[46.8940204,40.8484969],[46.8952596,40.8497102],[46.8965685,40.8467033],[46.8991569,40.8458977],[46.9005463,40.848298],[46.9138178,40.845705],[46.914593,40.8444612],[46.9062701,40.8455244],[46.9028422,40.8423834],[46.904119,40.8408007],[46.9044569,40.8427223],[46.9077614,40.8418639],[46.9081396,40.8429779],[46.9096309,40.8408189],[46.9123667,40.8421074],[46.9147378,40.8376736],[46.9177902,40.8402771],[46.923109,40.8376493],[46.9199091,40.8367422],[46.9192278,40.8354962],[46.92099,40.8344323],[46.9191715,40.832998],[46.9212945,40.8327028],[46.9213521,40.8355459],[46.9233068,40.8360558],[46.922311,40.835069],[46.9245896,40.8325759],[46.9252554,40.8349386],[46.9289535,40.8346408],[46.9286518,40.8306408],[46.9298263,40.8330069],[46.9319066,40.8333603],[46.9316331,40.83089],[46.9327817,40.8315069],[46.9358994,40.8294734],[46.933929,40.8299214],[46.9352178,40.8287965],[46.9328226,40.8281455],[46.9352058,40.8279456],[46.9345808,40.8259272],[46.9366032,40.8267746],[46.9368701,40.828914],[46.9383198,40.8283754],[46.9349583,40.8243278],[46.936687,40.825054],[46.9381951,40.8237301],[46.9394839,40.8263428],[46.9396649,40.8246495],[46.9442102,40.8250774],[46.9422847,40.8242659],[46.9416562,40.8217965],[46.9445783,40.8232947],[46.9467272,40.8205641],[46.9461074,40.8188872],[46.9485664,40.8169917],[46.9519471,40.8162568],[46.9517392,40.8148746],[46.9536101,40.8159766],[46.9540724,40.8144284],[46.9566634,40.8143594],[46.9555074,40.8116818],[46.9587814,40.8133413],[46.9584981,40.8118168],[46.9614995,40.8124461],[46.9609818,40.8106891],[46.9671804,40.808663],[46.970906,40.8088843],[46.984148,40.8043772],[46.9922847,40.8042203],[47.0051344,40.7999948],[47.014681,40.7935204],[47.0147279,40.7919243],[47.0195371,40.7901921],[47.0196336,40.7883766],[47.0250277,40.7925067],[47.0310317,40.7928828],[47.0304885,40.7955286],[47.0359469,40.7955772],[47.0516092,40.801564],[47.0877631,40.804365],[47.1254039,40.8016484],[47.135902,40.8024281],[47.1679169,40.7875887],[47.1665557,40.7885208],[47.1673912,40.7900317],[47.1500587,40.798148],[47.1454936,40.7985581],[47.1389115,40.8020383],[47.1365377,40.8038574],[47.1362936,40.8076865],[47.1284508,40.8159204],[47.1067142,40.8310863],[47.096554,40.8357681],[47.091195,40.8365433],[47.0644319,40.849909],[47.0508036,40.8538896],[47.0428347,40.8585596],[47.0260307,40.8630103],[47.0239145,40.8654383],[47.0101547,40.8666047],[47.0067939,40.8694727],[47.005198,40.8690731],[47.0052838,40.8702638],[46.9959336,40.8730789],[46.9864306,40.873375],[46.9848481,40.8753951],[46.9762824,40.8769648],[46.9674566,40.8807552],[46.9655925,40.8833291],[46.964521,40.8821412],[46.9593631,40.8843719],[46.9582614,40.8855283],[46.9598553,40.8872868],[46.9561444,40.8859916],[46.9550434,40.8833894],[46.9459587,40.8859931],[46.9363135,40.8918836],[46.921615,40.8973579],[46.9017613,40.9087613],[46.8995082,40.9134072],[46.8810573,40.9258048],[46.8546429,40.9398312],[46.8346487,40.9473641],[46.8315411,40.9508221],[46.8184626,40.956725],[46.8140531,40.9610597],[46.8018396,40.9674462],[46.794151,40.970038],[46.7898032,40.9698032],[46.7730232,40.9777607],[46.7578507,40.9816211],[46.7491182,40.986503],[46.7377728,40.9895654],[46.7296466,40.9952329],[46.7205068,40.9959411],[46.7119025,40.9994219],[46.7035586,41.0055907],[46.6894756,41.00636],[46.6753541,41.0117207],[46.6588422,41.0082503],[46.6568534,41.0069599],[46.6565832,41.0031223],[46.6534263,41.001395],[46.6537133,40.9992473],[46.6439956,40.9981238],[46.6203225,41.0164496],[46.6173935,41.0226826],[46.6175115,41.0300764],[46.6119647,41.0398242],[46.6109991,41.0502341],[46.6076356,41.052532],[46.589241,41.0538224],[46.5434074,41.0395451],[46.5331077,41.0277333],[46.5285587,41.0177287],[46.5307742,41.0052835],[46.5336818,40.9987675],[46.5374422,40.9948969],[46.5408325,40.9961601],[46.5433216,40.9947673],[46.544137,40.9852112],[46.551851,40.9676422],[46.5510785,40.963624],[46.5485841,40.9581875],[46.5420449,40.9521227],[46.5333599,40.9483344],[46.5213168,40.937568],[46.5162098,40.9355701],[46.5085199,40.935406],[46.5048158,40.9336614],[46.5055524,40.932342],[46.5036812,40.932482],[46.5024585,40.9299724],[46.5072726,40.9277258],[46.5080184,40.924903],[46.5131934,40.9218901],[46.5285362,40.9277555],[46.5357141,40.9285198],[46.542521,40.9325791],[46.5487718,40.9324739],[46.5546405,40.934938],[46.5538627,40.9326117],[46.5447485,40.9256083],[46.5307474,40.9186689],[46.5335691,40.9154017],[46.5382734,40.9146342],[46.545747,40.9171817],[46.5579007,40.918011],[46.5586331,40.9196377],[46.5752077,40.9169421],[46.5869236,40.9176069],[46.5939081,40.9197634],[46.59953,40.9191959],[46.6068202,40.9213138],[46.6137484,40.9201809],[46.6194802,40.9237033]],[[46.9414203,40.8262555],[46.9411861,40.8259042],[46.9414445,40.8256561],[46.9414203,40.8262555]],[[46.9476209,40.8198575],[46.9478426,40.8197232],[46.9478385,40.8196723],[46.9476209,40.8198575]],[[47.1459174,40.7981724],[47.1654332,40.7888884],[47.1670613,40.789788],[47.1500534,40.797882],[47.1459174,40.7981724]],[[46.9170848,40.8404618],[46.9171947,40.8407053],[46.9172591,40.840478],[46.9170848,40.8404618]],[[46.9139479,40.8416346],[46.913791,40.8415271],[46.9140029,40.8415291],[46.9139479,40.8416346]],[[46.9063304,40.8427557],[46.9064994,40.8429789],[46.9066335,40.8429201],[46.9063304,40.8427557]],[[46.9067006,40.8435826],[46.9066858,40.8436556],[46.9067462,40.8436313],[46.9067006,40.8435826]],[[46.9347907,40.8312096],[46.934837,40.8310133],[46.9351555,40.8309833],[46.9347907,40.8312096]],[[46.9345714,40.8314963],[46.9345124,40.8313212],[46.9347015,40.8312824],[46.9345714,40.8314963]],[[46.9101244,40.8411558],[46.9107226,40.8421196],[46.9099903,40.8430327],[46.9095236,40.8424585],[46.9101244,40.8411558]]]}},{"type":"Feature","properties":{"name":"Mirzələdi gölü","natural":"water"},"geometry":{"type":"Polygon","coordinates":[[[49.8136907,40.5095068],[49.8192697,40.504286],[49.8196988,40.5001091],[49.8260236,40.4907528],[49.8235989,40.4880357],[49.8172097,40.4873158],[49.811108,40.488598],[49.8017173,40.49727],[49.8007302,40.50905],[49.8065238,40.5073206],[49.812489,40.5079406],[49.8136907,40.5095068]]]}},{"type":"Feature","properties":{"name":"Məlcək gölü","natural":"water"},"geometry":{"type":"Polygon","coordinates":[[[48.5594166,40.6483761],[48.5602734,40.6494382],[48.5623325,40.6486328],[48.5616291,40.6479187],[48.5594166,40.6483761]]]}},{"type":"Feature","properties":{"name":"Nehrəm su anbarı","natural":"water"},"geometry":{"type":"Polygon","coordinates":[[[45.5347697,39.1532017],[45.5372587,39.1466953],[45.5441252,39.1467286],[45.5466572,39.15009],[45.5448762,39.1528024],[45.5376879,39.1551818],[45.5347697,39.1532017]]]}},{"type":"Feature","properties":{"name":"Nohur gölü","natural":"water"},"geometry":{"type":"Polygon","coordinates":[[[47.8803323,40.9547229],[47.889946,40.9548446],[47.891808,40.9611972],[47.8879972,40.9606929],[47.8870681,40.9651571],[47.8805304,40.9659308],[47.8799293,40.963788],[47.8760021,40.964371],[47.8728644,40.9603791],[47.8727786,40.9574623],[47.8761714,40.9576271],[47.8803323,40.9547229]]]}},{"type":"Feature","properties":{"name":"Nohurca gölü","natural":"water"},"geometry":{"type":"Polygon","coordinates":[[[46.8143766,39.7946812],[46.8128994,39.7944758],[46.8143455,39.7941762],[46.8143766,39.7946812]]]}},{"type":"Feature","properties":{"name":"Nour","natural":"water"},"geometry":{"type":"Polygon","coordinates":[[[48.2473348,39.910851],[48.2525491,39.9126882],[48.2534717,39.9124063],[48.2512562,39.9111555],[48.2473348,39.910851]]]}},{"type":"Feature","properties":{"name":"Palçıq gölməçəsi","natural":"water"},"geometry":{"type":"Polygon","coordinates":[[[49.4083367,39.9943047],[49.4082497,39.9941439],[49.408388,39.9942243],[49.4083367,39.9943047]]]}},{"type":"Feature","properties":{"name":"Pirşağı-böyük","natural":"water"},"geometry":{"type":"Polygon","coordinates":[[[49.8945835,40.5496317],[49.8884466,40.5485841],[49.8847324,40.5513334],[49.8880522,40.5525463],[49.8907862,40.5501338],[49.8945835,40.5496317]]]}},{"type":"Feature","properties":{"name":"Qahab gölü","natural":"water"},"geometry":{"type":"Polygon","coordinates":[[[45.524138,39.2556351],[45.5237669,39.2543214],[45.5264178,39.2525014],[45.529263,39.2523645],[45.5276018,39.2559909],[45.524138,39.2556351]]]}},{"type":"Feature","properties":{"name":"Qala gölü","natural":"water"},"geometry":{"type":"Polygon","coordinates":[[[50.1576733,40.4410517],[50.1656134,40.4275597],[50.1677359,40.4208755],[50.1705423,40.4191712],[50.1714622,40.4214411],[50.1641963,40.4364763],[50.1606045,40.4411511],[50.1576733,40.4410517]]]}},{"type":"Feature","properties":{"name":"Qalanoxur Gölü","natural":"water"},"geometry":{"type":"Polygon","coordinates":[[[48.5144985,40.7905698],[48.5125887,40.7904683],[48.5118699,40.790777],[48.5135704,40.7894367],[48.5144985,40.7905698]]]}},{"type":"Feature","properties":{"name":"Qanlıgöl","natural":"water"},"geometry":{"type":"Polygon","coordinates":[[[45.6537348,39.5675331],[45.6532198,39.5656473],[45.6491857,39.5666067],[45.6505805,39.5684511],[45.6537348,39.5675331]]]}},{"type":"Feature","properties":{"name":"Qanlıgöl","natural":"water"},"geometry":{"type":"Polygon","coordinates":[[[49.7978497,40.3697789],[49.7998774,40.3637788],[49.8052311,40.363738],[49.8025238,40.370095],[49.8006857,40.3710513],[49.7978497,40.3697789]]]}},{"type":"Feature","properties":{"name":"Qaragöl","natural":"water"},"geometry":{"type":"Polygon","coordinates":[[[46.0047823,39.7822481],[46.0144437,39.7866507],[46.0147879,39.7913283],[46.0129791,39.7949234],[46.0111517,39.7930417],[46.0099212,39.7941222],[46.0095696,39.7926365],[46.007636,39.7935819],[46.0077928,39.790793],[46.0050397,39.7928933],[46.0076308,39.788415],[46.007545,39.7872154],[46.005646,39.7902534],[46.0006013,39.7921],[46.0045458,39.7887032],[46.0053508,39.7849372],[46.0039445,39.7839916],[46.0047823,39.7822481]]]}},{"type":"Feature","properties":{"name":"Qaragöl","natural":"water"},"geometry":{"type":"Polygon","coordinates":[[[45.8553779,39.9105757],[45.8546105,39.9072094],[45.8563328,39.9061316],[45.8578563,39.9094317],[45.8553779,39.9105757]]]}},{"type":"Feature","properties":{"name":"Qaragöl","natural":"water"},"geometry":{"type":"Polygon","coordinates":[[[46.1355554,39.7242696],[46.1352335,39.7230401],[46.1342572,39.7228503],[46.1342787,39.7237333],[46.1355554,39.7242696]]]}},{"type":"Feature","properties":{"name":"Qaragöl","natural":"water"},"geometry":{"type":"Polygon","coordinates":[[[46.373095,40.2440226],[46.3786374,40.2458488],[46.3797558,40.2451356],[46.376613,40.242245],[46.373095,40.2440226]]]}},{"type":"Feature","properties":{"name":"Qaragöllər","natural":"water"},"geometry":{"type":"Polygon","coordinates":[[[46.9317983,39.6748575],[46.9320296,39.6752575],[46.9326599,39.6752967],[46.9317983,39.6748575]]]}},{"type":"Feature","properties":{"name":"Qaşnalar gölü","natural":"water"},"geometry":{"type":"Polygon","coordinates":[[[46.3190955,39.6348445],[46.3210299,39.6337082],[46.3216895,39.635341],[46.3198712,39.6366827],[46.3190955,39.6348445]]]}},{"type":"Feature","properties":{"name":"Qumyataq","natural":"water"},"geometry":{"type":"Polygon","coordinates":[[[49.6524847,40.5350926],[49.6433008,40.5384724],[49.6389985,40.5356349],[49.6422171,40.5294335],[49.65271,40.5232765],[49.6538043,40.5253397],[49.6524847,40.5350926]]]}},{"type":"Feature","properties":{"name":"Qusar Göl","natural":"water"},"geometry":{"type":"Polygon","coordinates":[[[48.4255618,41.4136099],[48.4249234,41.4126363],[48.4262538,41.4133645],[48.4255618,41.4136099]]]}},{"type":"Feature","properties":{"name":"Qırmızı Qərbi Göl","natural":"water"},"geometry":{"type":"Polygon","coordinates":[[[49.7410573,40.3024184],[49.7501015,40.2977741],[49.7409888,40.2932764],[49.7381436,40.2950817],[49.7257705,40.2921484],[49.7266735,40.2990165],[49.7321088,40.3070985],[49.7310163,40.3033778],[49.7410573,40.3024184]]]}},{"type":"Feature","properties":{"name":"Qırmızı-şərqi","natural":"water"},"geometry":{"type":"Polygon","coordinates":[[[49.7547517,40.305631],[49.7513771,40.3091474],[49.7526183,40.3111106],[49.7485989,40.3135893],[49.7498528,40.3135075],[49.7498005,40.3149824],[49.7604816,40.3164447],[49.7650584,40.3214876],[49.7730337,40.3183812],[49.7714152,40.3162482],[49.7708718,40.3144505],[49.7736669,40.3183034],[49.7749864,40.3174078],[49.7676693,40.3098773],[49.7597998,40.307619],[49.7559214,40.3083063],[49.7547517,40.305631]]]}},{"type":"Feature","properties":{"name":"Qız Qalası su anbarı - سد قیز قلعه‌سی","natural":"water"},"geometry":{"type":"Polygon","coordinates":[[[46.9619447,39.1403045],[46.9633287,39.1396929],[46.9684356,39.1438909],[46.9778073,39.1447896],[46.9794059,39.1484631],[46.9867015,39.1495323],[46.996057,39.1542913],[46.9964004,39.1586465],[46.994239,39.1613465],[46.9964915,39.1645819],[47.0068771,39.1666532],[47.0175952,39.1633633],[47.0229328,39.1644904],[47.0250624,39.166857],[47.0238501,39.1696435],[47.029193,39.1706458],[47.0322186,39.1726462],[47.0317626,39.1745051],[47.0364162,39.1758359],[47.0302502,39.1819318],[47.0267576,39.1779151],[47.0216668,39.1755781],[47.0219994,39.1744303],[46.9995224,39.1692235],[46.9946945,39.1666948],[46.9907784,39.1621404],[46.9927311,39.1563088],[46.9916797,39.1556141],[46.993171,39.1550941],[46.9839334,39.1506721],[46.9721317,39.1476269],[46.9619447,39.1403045]],[[47.0273852,39.1728874],[47.0253038,39.1757194],[47.029708,39.177071],[47.0300513,39.1745134],[47.0273852,39.1728874]],[[47.022922,39.172642],[47.021871,39.1730577],[47.0220154,39.173349],[47.022922,39.172642]],[[46.993348,39.1574776],[46.9940346,39.1588836],[46.994952,39.1568412],[46.993348,39.1574776]]]}},{"type":"Feature","properties":{"name":"Sakit Göl","natural":"water"},"geometry":{"type":"Polygon","coordinates":[[[48.4720324,40.6502605],[48.4733263,40.6455585],[48.4673408,40.6436577],[48.4674854,40.645926],[48.4720324,40.6502605]]]}},{"type":"Feature","properties":{"name":"Sari Su","natural":"water"},"geometry":{"type":"Polygon","coordinates":[[[48.291745,40.0369383],[48.293066,40.0309622],[48.2962739,40.0307896],[48.2942247,40.0191007],[48.3026469,40.0126607],[48.3023196,40.0077261],[48.293235,40.0041348],[48.2894263,40.000457],[48.2762325,40.0018706],[48.270565,39.9944222],[48.2598817,39.9967215],[48.2516527,39.9955174],[48.2425761,39.9966352],[48.2406664,39.9987228],[48.2407415,40.0021418],[48.2498449,40.0074713],[48.2537448,40.0123156],[48.2527846,40.014185],[48.2453012,40.0065715],[48.2412645,40.0068509],[48.2361978,40.0098031],[48.2342237,40.0040156],[48.2297552,39.9983694],[48.2313752,39.9937749],[48.2283524,39.9925912],[48.2294145,39.9889149],[48.2211184,39.9925912],[48.2061142,39.9909925],[48.2094616,39.9984598],[48.2147777,40.0034814],[48.2164568,40.009008],[48.219839,40.0096305],[48.2205498,40.0118472],[48.2185435,40.0132852],[48.2214779,40.0206885],[48.2182431,40.0189959],[48.2122886,40.0040321],[48.2002455,39.9987311],[48.1957179,40.0030376],[48.1869793,40.005199],[48.182323,40.0087985],[48.1791204,40.0145712],[48.1800914,40.0175909],[48.1713903,40.012673],[48.164894,40.0150683],[48.1675896,40.0210829],[48.1665757,40.0215532],[48.1648323,40.0174553],[48.1627428,40.0162844],[48.1624532,40.012332],[48.1598782,40.0098504],[48.1580114,40.0115596],[48.1600714,40.0191684],[48.1506944,40.0097846],[48.1445467,40.0098175],[48.1417358,40.0117732],[48.1354272,40.0110008],[48.1348371,40.0122827],[48.1418645,40.0149615],[48.142122,40.016498],[48.1465316,40.0171841],[48.149246,40.0157791],[48.1455231,40.0181578],[48.1417412,40.0177347],[48.1403947,40.020594],[48.1353038,40.0191931],[48.1303096,40.0211897],[48.1277454,40.0199244],[48.1254601,40.0216991],[48.1265652,40.0242542],[48.1310928,40.0252237],[48.1273913,40.0257002],[48.1252992,40.028132],[48.111341,40.0299291],[48.1093723,40.0318822],[48.1076878,40.0301406],[48.1058907,40.035776],[48.0965352,40.0390412],[48.0901837,40.043608],[48.0817455,40.0419242],[48.08115,40.0402815],[48.0797553,40.0422199],[48.0757964,40.0416203],[48.0753377,40.0343734],[48.0731651,40.0340509],[48.0731893,40.0330036],[48.0726796,40.032369],[48.074576,40.0326503],[48.0720735,40.0275241],[48.0727923,40.0334718],[48.0685437,40.0313113],[48.0643004,40.0317179],[48.0701101,40.0327571],[48.0633455,40.033595],[48.0565917,40.0391028],[48.0575037,40.04061],[48.0522251,40.0422774],[48.0496287,40.0462733],[48.0450261,40.0432877],[48.0434972,40.0450947],[48.0396509,40.043567],[48.0379021,40.0457723],[48.0401552,40.0472137],[48.0382347,40.0469467],[48.0388677,40.0484949],[48.0356383,40.0476531],[48.0297911,40.0512297],[48.035692,40.0504578],[48.0335838,40.0527491],[48.0351663,40.0558286],[48.0476171,40.0591298],[48.0471504,40.060263],[48.0506855,40.0599961],[48.055256,40.0639458],[48.0543279,40.0685808],[48.0600786,40.0728829],[48.0551004,40.0807148],[48.0569029,40.0827999],[48.0603361,40.0825454],[48.0600035,40.0839286],[48.0552614,40.0846879],[48.0492532,40.0815193],[48.0464744,40.0881354],[48.057847,40.0932571],[48.063426,40.0933966],[48.0695307,40.0908809],[48.0745062,40.0935771],[48.0868739,40.090292],[48.0889982,40.0855908],[48.0924046,40.0849054],[48.0929196,40.0875198],[48.0948776,40.0881148],[48.1077629,40.0787384],[48.1118452,40.072575],[48.1174216,40.0717992],[48.1158256,40.0697343],[48.1255996,40.0699478],[48.1319404,40.0679485],[48.1327236,40.0658712],[48.1312859,40.063334],[48.1336248,40.0621188],[48.1336141,40.0599345],[48.1360924,40.0600988],[48.1349337,40.0567894],[48.1369078,40.0543833],[48.1352234,40.0524822],[48.140046,40.0531679],[48.1446218,40.0492792],[48.1432539,40.048499],[48.1450671,40.04877],[48.1439191,40.0473122],[48.1458878,40.0459447],[48.1441283,40.0455546],[48.1432217,40.0406798],[48.1445092,40.0395299],[48.1483179,40.0406059],[48.144595,40.0415793],[48.1502733,40.0446285],[48.1506997,40.048462],[48.1531298,40.0485524],[48.1516948,40.0509936],[48.1546211,40.0501744],[48.1532961,40.0520962],[48.1548464,40.0544121],[48.1530413,40.0549807],[48.1551039,40.055299],[48.1542993,40.0574792],[48.1640303,40.054757],[48.1624532,40.0566088],[48.1664228,40.057857],[48.170296,40.0555002],[48.1698078,40.0542437],[48.1706125,40.0530098],[48.1705695,40.0557958],[48.1664363,40.0586022],[48.1700706,40.0599592],[48.172372,40.0589163],[48.1734288,40.0611663],[48.1720179,40.0615399],[48.1806949,40.0630076],[48.1819636,40.061663],[48.1906646,40.0622091],[48.1957072,40.0608542],[48.1914479,40.0576496],[48.192848,40.0567894],[48.1910723,40.0568346],[48.1930357,40.053829],[48.1908953,40.05348],[48.1922901,40.0526259],[48.1902516,40.0512626],[48.1912923,40.0502565],[48.1886744,40.0443226],[48.1891787,40.0360019],[48.1922954,40.0408154],[48.190729,40.043452],[48.1929445,40.0453842],[48.1918314,40.0470186],[48.1938913,40.0481684],[48.1928909,40.0486776],[48.1932878,40.0508848],[48.1945941,40.0507709],[48.194012,40.0523282],[48.195101,40.0516896],[48.1959432,40.0531884],[48.195734,40.0572534],[48.2127312,40.0586392],[48.2242942,40.0558081],[48.2270032,40.052593],[48.2369623,40.0480699],[48.2442176,40.0483512],[48.2468757,40.0454797],[48.2478011,40.0392629],[48.2505798,40.0375421],[48.2645595,40.0379364],[48.2711148,40.0359485],[48.2793063,40.0390001],[48.2916096,40.0386284],[48.2934476,40.037366],[48.291745,40.0369383]]]}},{"type":"Feature","properties":{"name":"Sarı Göl","natural":"water"},"geometry":{"type":"Polygon","coordinates":[[[46.6185737,41.6404713],[46.6178656,41.6397216],[46.6189223,41.6393928],[46.6185737,41.6404713]]]}},{"type":"Feature","properties":{"name":"Sarıgöl","natural":"water"},"geometry":{"type":"Polygon","coordinates":[[[47.0628587,40.4032924],[47.0673004,40.4089272],[47.0670774,40.4094392],[47.0660865,40.4092856],[47.0622889,40.4104794],[47.0619987,40.4107328],[47.0621721,40.4108432],[47.0678596,40.4107328],[47.0684471,40.4095928],[47.0690098,40.4112717],[47.0718907,40.408655],[47.0628587,40.4032924]]]}},{"type":"Feature","properties":{"name":"Sarıgöl","natural":"water"},"geometry":{"type":"Polygon","coordinates":[[[46.5320503,40.1969384],[46.5321428,40.1978468],[46.5343241,40.1973103],[46.5320503,40.1969384]]]}},{"type":"Feature","properties":{"name":"Sarıçəmən gölü","natural":"water"},"geometry":{"type":"Polygon","coordinates":[[[46.7154327,39.870373],[46.7161949,39.8715848],[46.7172099,39.8702415],[46.7165887,39.8700778],[46.7154327,39.870373]]]}},{"type":"Feature","properties":{"name":"Sarışgöl","natural":"water"},"geometry":{"type":"Polygon","coordinates":[[[46.4773366,40.1718778],[46.4779016,40.1721455],[46.4776868,40.1717066],[46.4773366,40.1718778]]]}},{"type":"Feature","properties":{"name":"Sarışıngöl","natural":"water"},"geometry":{"type":"Polygon","coordinates":[[[46.7914417,39.7718949],[46.7914842,39.7720309],[46.791716,39.7720405],[46.7914417,39.7718949]]]}},{"type":"Feature","properties":{"name":"Seyid gölü","natural":"water"},"geometry":{"type":"Polygon","coordinates":[[[46.9574994,39.8130868],[46.9576233,39.8132309],[46.9576799,39.8131521],[46.9574994,39.8130868]]]}},{"type":"Feature","properties":{"name":"Siniçka gölü","natural":"water"},"geometry":{"type":"Polygon","coordinates":[[[48.8194227,41.4748041],[48.8186073,41.473952],[48.8186609,41.4735863],[48.8194227,41.4748041]]]}},{"type":"Feature","properties":{"name":"Sirab gölü","natural":"water"},"geometry":{"type":"Polygon","coordinates":[[[45.4877909,39.2705161],[45.4910525,39.2697519],[45.4936489,39.2649177],[45.4910954,39.2587705],[45.4884561,39.2607643],[45.4877909,39.2705161]]]}},{"type":"Feature","properties":{"name":"So hovuzu","natural":"water"},"geometry":{"type":"Polygon","coordinates":[[[46.8221044,39.9636033],[46.8222833,39.9636438],[46.8222812,39.9635986],[46.8221044,39.9636033]]]}},{"type":"Feature","properties":{"name":"Su","natural":"water"},"geometry":{"type":"Polygon","coordinates":[[[46.8269198,39.9536693],[46.8268941,39.9537382],[46.8269466,39.9537194],[46.8269198,39.9536693]]]}},{"type":"Feature","properties":{"name":"Su ambarı Dəlləkli","natural":"water"},"geometry":{"type":"Polygon","coordinates":[[[48.5955387,41.4254407],[48.5973251,41.4239605],[48.5975021,41.4240892],[48.5955387,41.4254407]]]}},{"type":"Feature","properties":{"name":"Su anbarı","natural":"water"},"geometry":{"type":"Polygon","coordinates":[[[46.7567541,39.801006],[46.7568148,39.8012464],[46.7574453,39.801494],[46.7567541,39.801006]]]}},{"type":"Feature","properties":{"name":"Su depo","natural":"water"},"geometry":{"type":"Polygon","coordinates":[[[46.564436,40.0425772],[46.5646023,40.042591],[46.5645862,40.0425459],[46.564436,40.0425772]]]}},{"type":"Feature","properties":{"name":"Su depo","natural":"water"},"geometry":{"type":"Polygon","coordinates":[[[46.7599068,39.917131],[46.7603037,39.9174766],[46.7603359,39.9171618],[46.7599068,39.917131]]]}},{"type":"Feature","properties":{"name":"Su depo","natural":"water"},"geometry":{"type":"Polygon","coordinates":[[[46.8202928,40.2180855],[46.8203405,40.2182422],[46.8203742,40.2180976],[46.8202928,40.2180855]]]}},{"type":"Feature","properties":{"name":"Su depo","natural":"water"},"geometry":{"type":"Polygon","coordinates":[[[46.5581542,40.0476702],[46.5583026,40.0477417],[46.5583148,40.0476857],[46.5581542,40.0476702]]]}},{"type":"Feature","properties":{"name":"Su depo","natural":"water"},"geometry":{"type":"Polygon","coordinates":[[[46.5397453,40.0442346],[46.5398146,40.0443184],[46.539847,40.0442759],[46.5397453,40.0442346]]]}},{"type":"Feature","properties":{"name":"Su depo","natural":"water"},"geometry":{"type":"Polygon","coordinates":[[[46.5456903,40.0504167],[46.5457664,40.0504668],[46.5457771,40.0504235],[46.5456903,40.0504167]]]}},{"type":"Feature","properties":{"name":"Su deposu","natural":"water"},"geometry":{"type":"Polygon","coordinates":[[[46.7716631,39.9379828],[46.7711999,39.9375755],[46.7717061,39.9374563],[46.7716631,39.9379828]]]}},{"type":"Feature","properties":{"name":"Su deposu","natural":"water"},"geometry":{"type":"Polygon","coordinates":[[[46.8237801,39.9661553],[46.8238775,39.9662041],[46.823881,39.9661526],[46.8237801,39.9661553]]]}},{"type":"Feature","properties":{"name":"Su deposu","natural":"water"},"geometry":{"type":"Polygon","coordinates":[[[46.7737534,39.9338466],[46.7736759,39.9341796],[46.7739107,39.9341004],[46.7737534,39.9338466]]]}},{"type":"Feature","properties":{"name":"Su deposu","natural":"water"},"geometry":{"type":"Polygon","coordinates":[[[46.7329889,39.8019193],[46.7332384,39.80208],[46.7333027,39.8019523],[46.7329889,39.8019193]]]}},{"type":"Feature","properties":{"name":"Su deposu","natural":"water"},"geometry":{"type":"Polygon","coordinates":[[[46.8126201,40.2106921],[46.8126941,40.2107333],[46.8126972,40.2106933],[46.8126201,40.2106921]]]}},{"type":"Feature","properties":{"name":"Su deposu","natural":"water"},"geometry":{"type":"Polygon","coordinates":[[[47.0468696,39.7481059],[47.0471245,39.7482964],[47.0470925,39.7480842],[47.0468696,39.7481059]]]}},{"type":"Feature","properties":{"name":"Su deposu","natural":"water"},"geometry":{"type":"Polygon","coordinates":[[[47.0367869,39.8990088],[47.0370451,39.8991913],[47.0370939,39.8990837],[47.0367869,39.8990088]]]}},{"type":"Feature","properties":{"name":"Su deposu","natural":"water"},"geometry":{"type":"Polygon","coordinates":[[[47.0410656,39.8714666],[47.0409985,39.8716972],[47.041197,39.8716025],[47.0410656,39.8714666]]]}},{"type":"Feature","properties":{"name":"Su deposu","natural":"water"},"geometry":{"type":"Polygon","coordinates":[[[46.83003,40.2158839],[46.8301521,40.2161176],[46.8301521,40.2158879],[46.83003,40.2158839]]]}},{"type":"Feature","properties":{"name":"Su hovuzu","natural":"water"},"geometry":{"type":"Polygon","coordinates":[[[46.7630474,39.9889332],[46.7628457,39.9890796],[46.7630766,39.9890417],[46.7630474,39.9889332]]]}},{"type":"Feature","properties":{"name":"Su hovuzu","natural":"water"},"geometry":{"type":"Polygon","coordinates":[[[46.8241581,39.967163],[46.8241735,39.9672386],[46.8242151,39.9672174],[46.8241581,39.967163]]]}},{"type":"Feature","properties":{"name":"Su çəni","natural":"water"},"geometry":{"type":"Polygon","coordinates":[[[46.8245357,39.956956],[46.8245419,39.9570564],[46.8245896,39.9569761],[46.8245357,39.956956]]]}},{"type":"Feature","properties":{"name":"Subasan","natural":"water"},"geometry":{"type":"Polygon","coordinates":[[[49.8005583,40.5262015],[49.798678,40.5338227],[49.8007707,40.5341202],[49.8061189,40.5280403],[49.806167,40.5251403],[49.8034951,40.524875],[49.8051686,40.5223371],[49.8005583,40.5262015]]]}},{"type":"Feature","properties":{"name":"Suqovuşan su anbarı","natural":"water"},"geometry":{"type":"Polygon","coordinates":[[[46.7443861,40.3203569],[46.745814,40.3254414],[46.7421599,40.3260239],[46.736085,40.3260299],[46.7314243,40.3222474],[46.7254182,40.3226919],[46.7299983,40.3212352],[46.7360927,40.323457],[46.7443861,40.3203569]]]}},{"type":"Feature","properties":{"name":"Suvarma","natural":"water"},"geometry":{"type":"Polygon","coordinates":[[[46.8830365,40.2231724],[46.8833959,40.2234939],[46.8834844,40.2232604],[46.8830365,40.2231724]]]}},{"type":"Feature","properties":{"name":"Səfikürd gölü","natural":"water"},"geometry":{"type":"Polygon","coordinates":[[[46.7484409,40.5262776],[46.745013,40.5236516],[46.7482638,40.5222978],[46.7487359,40.5192802],[46.7498946,40.5218329],[46.7543364,40.5236149],[46.7484409,40.5262776]]]}},{"type":"Feature","properties":{"name":"Sərsəng su anbarı","natural":"water"},"geometry":{"type":"Polygon","coordinates":[[[46.6024852,40.1621976],[46.6133385,40.1704026],[46.6164865,40.1673893],[46.6175258,40.1673366],[46.6192714,40.1658198],[46.6206029,40.1654281],[46.6169754,40.1699373],[46.6167882,40.1712712],[46.6189925,40.1708658],[46.616338,40.1736065],[46.6188686,40.174014],[46.619052,40.176608],[46.6218322,40.1776657],[46.6258049,40.1734952],[46.6246956,40.1799633],[46.6265614,40.1777539],[46.6276177,40.1800876],[46.6254919,40.1818056],[46.6252403,40.1843631],[46.6297227,40.1839224],[46.6320508,40.1813808],[46.6327166,40.182846],[46.6333908,40.1812132],[46.63337,40.1845625],[46.6361123,40.1834411],[46.6375211,40.1839637],[46.6329159,40.1876513],[46.6376402,40.1868393],[46.6349594,40.1886011],[46.6377216,40.1893187],[46.6348188,40.191505],[46.634474,40.1947528],[46.6365866,40.1924794],[46.6381985,40.1955424],[46.6396347,40.1942245],[46.6411918,40.1946229],[46.6427782,40.1933202],[46.6434103,40.1937208],[46.6457289,40.19206],[46.6463752,40.1921178],[46.641736,40.1957805],[46.6415114,40.1989008],[46.6440112,40.1986279],[46.6461404,40.2004728],[46.6476625,40.1987934],[46.6485856,40.2007861],[46.6505626,40.1993696],[46.6513336,40.2006724],[46.6527183,40.1998637],[46.652222,40.2010806],[46.655582,40.2000975],[46.6519176,40.2023543],[46.6522368,40.2064721],[46.6481289,40.209698],[46.6435571,40.2097154],[46.6465129,40.2072399],[46.645444,40.2057486],[46.6426465,40.2056063],[46.6395164,40.2026933],[46.6354193,40.2046711],[46.6371131,40.2015266],[46.6352677,40.2004203],[46.6295439,40.2017878],[46.6307361,40.199523],[46.6281022,40.200072],[46.6291054,40.1987189],[46.627889,40.198092],[46.6293468,40.1949543],[46.6225916,40.1974026],[46.6250332,40.1953831],[46.6247206,40.1926473],[46.6218667,40.1942753],[46.6219918,40.1915006],[46.6181358,40.1921766],[46.6187384,40.1908149],[46.6131468,40.1896674],[46.613725,40.1870575],[46.6111543,40.1872299],[46.6100429,40.1827357],[46.6057522,40.1816329],[46.6076392,40.1797502],[46.6006744,40.1780301],[46.6006256,40.1742152],[46.6037373,40.1754973],[46.6042999,40.1735063],[46.6012116,40.1698747],[46.5994985,40.1714569],[46.599268,40.1692284],[46.5978517,40.1697314],[46.5871393,40.1620991],[46.5796676,40.1549316],[46.5781362,40.1509781],[46.5737899,40.1521367],[46.5683497,40.1507676],[46.5635482,40.1483726],[46.5594774,40.1434257],[46.5640327,40.1462359],[46.5647613,40.1477798],[46.5684259,40.1478575],[46.568881,40.1455386],[46.5728034,40.1451563],[46.5770403,40.146981],[46.5772083,40.1484189],[46.5889775,40.14861],[46.5870671,40.1502151],[46.5911243,40.1549107],[46.5934635,40.1513767],[46.5923061,40.1563664],[46.5936109,40.1585804],[46.5953944,40.1590999],[46.5956229,40.1563843],[46.5979982,40.1571292],[46.5970919,40.1593694],[46.5999262,40.1590499],[46.5982707,40.1617161],[46.6024852,40.1621976]],[[46.5609249,40.1445778],[46.5619294,40.145604],[46.5627556,40.1460366],[46.5620126,40.1451489],[46.5609249,40.1445778]],[[46.5630573,40.1458757],[46.5632705,40.1463934],[46.5636072,40.1462048],[46.5630573,40.1458757]]]}},{"type":"Feature","properties":{"name":"Tarlı göl","natural":"water"},"geometry":{"type":"Polygon","coordinates":[[[46.8262121,39.7199341],[46.8262306,39.7202114],[46.8263477,39.7199626],[46.8262121,39.7199341]]]}},{"type":"Feature","properties":{"name":"Taxtakörpü su anbarı \\ Şabran","natural":"water"},"geometry":{"type":"Polygon","coordinates":[[[48.9866492,41.1659955],[48.9834892,41.168108],[48.9864114,41.1694425],[48.9900668,41.1684446],[48.9910271,41.1704502],[49.001998,41.1619706],[49.0019729,41.1603349],[48.9924884,41.158993],[48.9907147,41.1573556],[48.9877254,41.1584356],[48.9857809,41.1555422],[48.9828291,41.1581664],[48.9804493,41.1553142],[48.9825033,41.1515913],[48.9864227,41.1504291],[48.9887049,41.1467377],[48.991384,41.1454809],[48.9917191,41.1439588],[48.9899599,41.1457075],[48.9868946,41.1450179],[48.9838913,41.1482237],[48.9824571,41.1446585],[48.9850578,41.1421379],[48.9806406,41.1418708],[48.9825999,41.1381223],[48.9840716,41.1400022],[48.9856424,41.138941],[48.9836454,41.1357034],[48.9882719,41.1369062],[48.986773,41.1334588],[48.9899747,41.1316626],[48.9924617,41.1330728],[48.9931461,41.1298421],[48.9947859,41.1304134],[48.9949091,41.1273853],[48.990826,41.1300225],[48.9898241,41.1278271],[48.9936088,41.1248882],[48.9904047,41.125934],[48.9912706,41.1218236],[48.9889363,41.125621],[48.9870818,41.1241607],[48.9883132,41.1288098],[48.9846739,41.131489],[48.9863375,41.1283197],[48.9855925,41.1242986],[48.9841154,41.1237752],[48.9832105,41.1267306],[48.9799837,41.125652],[48.9804274,41.1278092],[48.9778799,41.128805],[48.9798641,41.1322432],[48.9788518,41.1336635],[48.9737308,41.1301658],[48.9739064,41.1266899],[48.9727999,41.1264518],[48.972642,41.1290941],[48.963134,41.1275963],[48.9755243,41.1360582],[48.9705504,41.1356112],[48.9747154,41.140573],[48.9761671,41.1403184],[48.9761282,41.1441554],[48.9704799,41.1411913],[48.9646549,41.1342],[48.9615581,41.1330018],[48.9595875,41.1341313],[48.962182,41.1348999],[48.9654948,41.1407968],[48.9585386,41.1432612],[48.9565345,41.1422979],[48.9579635,41.1454426],[48.9551496,41.1457696],[48.9598921,41.1463574],[48.958594,41.1478601],[48.9601252,41.1477217],[48.9605876,41.1496042],[48.9620861,41.1457399],[48.9641611,41.1466094],[48.9653536,41.145307],[48.9648304,41.150492],[48.966623,41.1518239],[48.969546,41.145993],[48.9689658,41.1475165],[48.9712532,41.1479458],[48.9709134,41.1494095],[48.9722622,41.14925],[48.9711807,41.1508404],[48.9729885,41.1500179],[48.9730349,41.1516706],[48.9771723,41.1472487],[48.978102,41.1509418],[48.9756714,41.153046],[48.975616,41.1551267],[48.9712737,41.1557559],[48.9723851,41.1567352],[48.9703116,41.1588079],[48.9759757,41.1576705],[48.9788947,41.1623341],[48.9850249,41.162389],[48.9866492,41.1659955]]]}},{"type":"Feature","properties":{"name":"Taşaqıl gölü","natural":"water"},"geometry":{"type":"Polygon","coordinates":[[[49.6387856,40.4710782],[49.6409945,40.475749],[49.64596,40.477939],[49.6528521,40.4778495],[49.6510715,40.4750583],[49.650879,40.4681047],[49.647511,40.468393],[49.6465516,40.4664252],[49.641788,40.4680557],[49.6387856,40.4710782]]]}},{"type":"Feature","properties":{"name":"Tovuzçay Su Anbarı","natural":"water"},"geometry":{"type":"Polygon","coordinates":[[[45.6026494,40.9555137],[45.6065762,40.9517378],[45.6034005,40.9516567],[45.6023812,40.9495013],[45.6001925,40.9495337],[45.6000316,40.9484316],[45.6012708,40.9493716],[45.6021452,40.9490434],[45.6005895,40.9480508],[45.5944204,40.9461221],[45.5970061,40.9489665],[45.5953968,40.9482513],[45.5962121,40.9503116],[45.5971348,40.9494932],[45.5990016,40.9518107],[45.5972206,40.9528398],[45.5925321,40.9515028],[45.6026494,40.9555137]]]}},{"type":"Feature","properties":{"name":"Tsiy vir","natural":"water"},"geometry":{"type":"Polygon","coordinates":[[[48.4474542,41.5602728],[48.4468033,41.5598643],[48.4462815,41.5608501],[48.4474542,41.5602728]]]}},{"type":"Feature","properties":{"name":"Uzunoba gölü","natural":"water"},"geometry":{"type":"Polygon","coordinates":[[[45.4152974,39.2702503],[45.417749,39.271011],[45.4266508,39.276539],[45.4175058,39.2771038],[45.4139159,39.2734964],[45.4152974,39.2702503]]]}},{"type":"Feature","properties":{"name":"Xanabad gölü","natural":"water"},"geometry":{"type":"Polygon","coordinates":[[[46.8102119,39.969584],[46.8121002,39.9698274],[46.812304,39.9688851],[46.8102119,39.969584]]]}},{"type":"Feature","properties":{"name":"Xanbulan gölü","natural":"water"},"geometry":{"type":"Polygon","coordinates":[[[48.7685886,38.6713085],[48.7671412,38.6692573],[48.7684548,38.6664082],[48.7674818,38.6645088],[48.7691968,38.6637585],[48.7686494,38.6584968],[48.7663506,38.6591332],[48.7647329,38.6655345],[48.7645383,38.6599405],[48.7605974,38.6622104],[48.7617407,38.6600829],[48.757812,38.6603869],[48.7578363,38.6593516],[48.7652316,38.6576515],[48.7599406,38.6550964],[48.7597824,38.6532157],[48.7661073,38.6557518],[48.7675061,38.6542035],[48.7700239,38.6548209],[48.7699387,38.6535006],[48.7658641,38.6520568],[48.76899,38.6517814],[48.7694157,38.649929],[48.7662533,38.649853],[48.7659005,38.6482857],[48.7623246,38.6488936],[48.7662168,38.6458348],[48.7713497,38.6480482],[48.7719335,38.6451413],[48.7669709,38.6431463],[48.7676399,38.6409517],[48.7720308,38.6433458],[48.7750473,38.6396122],[48.7784408,38.6407332],[48.7751811,38.6430798],[48.7782705,38.6424908],[48.7774191,38.6436498],[48.7794625,38.6440013],[48.7749865,38.6444478],[48.7793044,38.6458443],[48.7752297,38.6467847],[48.7789395,38.6479437],[48.7745729,38.6488271],[48.7762514,38.650689],[48.773539,38.6522183],[48.7751645,38.6534138],[48.7720104,38.6574473],[48.7728876,38.6596771],[48.7715115,38.659986],[48.7739541,38.6608322],[48.7720276,38.6624709],[48.7740917,38.6646737],[48.7685886,38.6713085]]]}},{"type":"Feature","properties":{"name":"Xaçınçay su anbarı","natural":"water"},"geometry":{"type":"Polygon","coordinates":[[[46.8366196,40.0492637],[46.8298352,40.0524041],[46.8291914,40.0504003],[46.8267989,40.0528969],[46.8249535,40.0517225],[46.8255544,40.0506384],[46.8226989,40.0517523],[46.8217242,40.0503181],[46.8235052,40.0468523],[46.8150781,40.041141],[46.8171698,40.040793],[46.8168754,40.0386473],[46.8317985,40.0419242],[46.8361866,40.0441994],[46.8349099,40.0459653],[46.8362939,40.0457189],[46.8366196,40.0492637]]]}},{"type":"Feature","properties":{"name":"Xocəsən gölü","natural":"water"},"geometry":{"type":"Polygon","coordinates":[[[49.7748105,40.4143353],[49.7790313,40.4177028],[49.7808321,40.4115022],[49.781781,40.3973909],[49.7797655,40.3822824],[49.77673,40.3847065],[49.7736916,40.3945518],[49.7742409,40.4003563],[49.7765,40.40475],[49.7750187,40.4050408],[49.7767238,40.4067031],[49.7730017,40.4083005],[49.7738715,40.4104626],[49.7753125,40.4103595],[49.7748105,40.4143353]]]}},{"type":"Feature","properties":{"name":"Xoşbulaq Zağalı Gölu","natural":"water"},"geometry":{"type":"Polygon","coordinates":[[[46.0471854,40.4505782],[46.0544676,40.4519314],[46.0587591,40.4552256],[46.0609424,40.4537316],[46.059612,40.4505109],[46.0572624,40.4510946],[46.0545909,40.4481758],[46.0507876,40.4479758],[46.0510558,40.4495209],[46.0471854,40.4505782]]]}},{"type":"Feature","properties":{"name":"Yasamal gölü","natural":"water"},"geometry":{"type":"Polygon","coordinates":[[[49.8090398,40.3868595],[49.8098687,40.3883407],[49.8089564,40.3889876],[49.8090398,40.3868595]]]}},{"type":"Feature","properties":{"name":"Yaşmaq Gölü","natural":"water"},"geometry":{"type":"Polygon","coordinates":[[[47.5006503,40.6464346],[47.5000656,40.6461151],[47.4996579,40.6450894],[47.5006503,40.6464346]]]}},{"type":"Feature","properties":{"name":"Yaşıl Göl","natural":"water"},"geometry":{"type":"Polygon","coordinates":[[[46.7869257,39.8348866],[46.7869549,39.8349654],[46.7869934,39.8349143],[46.7869257,39.8348866]]]}},{"type":"Feature","properties":{"name":"Yekəxana su anbarı","natural":"water"},"geometry":{"type":"Polygon","coordinates":[[[48.0546205,40.6465194],[48.0502002,40.6507197],[48.0506293,40.65225],[48.0619161,40.6571337],[48.0726932,40.6558884],[48.0723874,40.6537803],[48.0758209,40.6490022],[48.0716581,40.6428805],[48.0552001,40.6426363],[48.0546205,40.6465194]]]}},{"type":"Feature","properties":{"name":"Yenikənd su anbarı","natural":"water"},"geometry":{"type":"Polygon","coordinates":[[[46.2810932,40.9160599],[46.2692508,40.917921],[46.2724185,40.916107],[46.2739044,40.912414],[46.2722629,40.9100809],[46.2687559,40.9091586],[46.252082,40.911741],[46.2498195,40.9104194],[46.250985,40.9121525],[46.2385905,40.9136281],[46.2254289,40.9226068],[46.2128037,40.9243031],[46.2046283,40.9276044],[46.2041241,40.9325935],[46.2075734,40.9367352],[46.206302,40.9413235],[46.2072864,40.9416902],[46.2026489,40.9411746],[46.1979175,40.9431277],[46.189895,40.9496086],[46.1888596,40.9535407],[46.192722,40.9592874],[46.1916572,40.9612217],[46.1774468,40.9539701],[46.1733055,40.9509801],[46.1714387,40.9473863],[46.1712134,40.9506803],[46.1907881,40.962595],[46.1946076,40.9601077],[46.1918423,40.9557487],[46.1922982,40.9552098],[46.1923948,40.9503339],[46.1952004,40.9466873],[46.2027132,40.9473579],[46.2077987,40.9501617],[46.215215,40.9512475],[46.2190452,40.9484823],[46.24035,40.9462801],[46.2469643,40.9470621],[46.2560597,40.9453603],[46.2597182,40.9476902],[46.2627652,40.9463996],[46.2648225,40.9474369],[46.2740198,40.9465617],[46.2771741,40.9423132],[46.2805979,40.9400744],[46.2855533,40.9409355],[46.288214,40.9370756],[46.2887924,40.933462],[46.2810932,40.9160599]],[[46.2140161,40.9426718],[46.2146109,40.9415985],[46.2161216,40.9431459],[46.2140161,40.9426718]],[[46.2133925,40.9431631],[46.2121868,40.9427265],[46.2128574,40.9423963],[46.2133925,40.9431631]],[[46.2135655,40.9425037],[46.2134756,40.9425776],[46.2134609,40.9425168],[46.2135655,40.9425037]],[[46.2138659,40.941209],[46.2153357,40.9398637],[46.2161806,40.9409557],[46.2147966,40.9416487],[46.2138659,40.941209]],[[46.2159298,40.9447708],[46.2179509,40.944009],[46.2188829,40.944478],[46.2172106,40.9457068],[46.2159298,40.9447708]],[[46.288387,40.9337576],[46.2883455,40.9336269],[46.2884836,40.933633],[46.288387,40.9337576]],[[46.2873919,40.9338042],[46.2871613,40.9336583],[46.2874174,40.9336401],[46.2873919,40.9338042]],[[46.2866583,40.9335317],[46.2865457,40.9330656],[46.2872551,40.9335601],[46.2866583,40.9335317]],[[46.1921024,40.9553516],[46.1901712,40.9519869],[46.192486,40.9489908],[46.1917028,40.9511037],[46.1921024,40.9553516]]]}},{"type":"Feature","properties":{"name":"Zabrat gölü","natural":"water"},"geometry":{"type":"Polygon","coordinates":[[[49.9372687,40.4763709],[49.9407109,40.4698267],[49.9372011,40.4699513],[49.9343795,40.4714123],[49.9325192,40.4755976],[49.9372687,40.4763709]]]}},{"type":"Feature","properties":{"name":"Zabuxçay su anbarı","natural":"water"},"geometry":{"type":"Polygon","coordinates":[[[46.5953779,39.509471],[46.5905821,39.5132951],[46.5918589,39.5136427],[46.591258,39.5167548],[46.5882969,39.5169369],[46.5892839,39.518079],[46.5866822,39.5226641],[46.5869665,39.5266198],[46.5891123,39.5286887],[46.5893698,39.5232434],[46.5952921,39.5174831],[46.5994763,39.5090861],[46.6021532,39.510158],[46.6016436,39.5074843],[46.6042775,39.5070125],[46.6073567,39.5004769],[46.600619,39.4990074],[46.5972555,39.5006921],[46.6000342,39.5015282],[46.5959895,39.5059571],[46.5943533,39.5057543],[46.5953779,39.509471]]]}},{"type":"Feature","properties":{"name":"Zalxagöl","natural":"water"},"geometry":{"type":"Polygon","coordinates":[[[45.8521744,39.8639281],[45.8526726,39.8626315],[45.8559405,39.8626204],[45.8593526,39.8671176],[45.8569646,39.8680621],[45.8521744,39.8639281]]]}},{"type":"Feature","properties":{"name":"Zarıgöl","natural":"water"},"geometry":{"type":"Polygon","coordinates":[[[46.3391377,40.4209363],[46.3410919,40.424085],[46.3433411,40.4231797],[46.3410303,40.4209091],[46.3391377,40.4209363]]]}},{"type":"Feature","properties":{"name":"Zığ Gölü","natural":"water"},"geometry":{"type":"Polygon","coordinates":[[[49.9889839,40.3560368],[49.9866772,40.3574921],[49.9866128,40.3592825],[49.9849069,40.3589228],[49.986527,40.3556608],[49.985261,40.3539602],[49.9891126,40.3528237],[49.9900997,40.3510249],[49.9868166,40.3479669],[49.9879002,40.3475254],[49.9879753,40.3486701],[49.9930501,40.3496758],[49.9942303,40.3529627],[50.0028455,40.3584323],[50.0034249,40.3606805],[50.0003457,40.3608277],[49.9990475,40.3630268],[49.9960005,40.3625117],[49.987793,40.359258],[49.9889839,40.3560368]]]}},{"type":"Feature","properties":{"name":"Zəligöl","natural":"water"},"geometry":{"type":"Polygon","coordinates":[[[46.2653409,40.3705552],[46.2635521,40.3711933],[46.2639343,40.3723889],[46.2655686,40.3723517],[46.2653409,40.3705552]]]}},{"type":"Feature","properties":{"name":"Çarhovuz","natural":"water"},"geometry":{"type":"Polygon","coordinates":[[[46.8291228,40.2157885],[46.8291686,40.2158273],[46.8291737,40.2157924],[46.8291228,40.2157885]]]}},{"type":"Feature","properties":{"name":"Çobanbatan gölü","natural":"water"},"geometry":{"type":"Polygon","coordinates":[[[46.087433,39.6904683],[46.0853358,39.6881181],[46.0839169,39.6874524],[46.086396,39.6871885],[46.0902044,39.6902044],[46.087433,39.6904683]]]}},{"type":"Feature","properties":{"name":"Çənlibel","natural":"water"},"geometry":{"type":"Polygon","coordinates":[[[48.5686543,41.3032058],[48.5720446,41.3075863],[48.5741293,41.3047714],[48.5711843,41.3052107],[48.5696822,41.3023011],[48.5686543,41.3032058]]]}},{"type":"Feature","properties":{"name":"Üzəngöl","natural":"water"},"geometry":{"type":"Polygon","coordinates":[[[46.3287146,40.2393482],[46.3288533,40.2391083],[46.3284065,40.2390048],[46.3287146,40.2393482]]]}},{"type":"Feature","properties":{"name":"İvan gölü","natural":"water"},"geometry":{"type":"Polygon","coordinates":[[[48.0355416,40.7454159],[48.0377501,40.7456767],[48.0378537,40.7454525],[48.0361531,40.7445503],[48.0355416,40.7454159]]]}},{"type":"Feature","properties":{"name":"Şada gölü","natural":"water"},"geometry":{"type":"Polygon","coordinates":[[[46.7486779,39.8628636],[46.7489983,39.8637244],[46.7493619,39.8636724],[46.7486779,39.8628636]]]}},{"type":"Feature","properties":{"name":"Şiştəpə gölü","natural":"water"},"geometry":{"type":"Polygon","coordinates":[[[45.9203517,40.8586489],[45.9218806,40.8575331],[45.9199601,40.8564295],[45.9194881,40.8572613],[45.9203517,40.8586489]]]}},{"type":"Feature","properties":{"name":"Şorgöl","natural":"water"},"geometry":{"type":"Polygon","coordinates":[[[47.564967,39.9965694],[47.5632235,39.9979893],[47.5638297,39.9997625],[47.560544,39.9987352],[47.5579584,40.0007652],[47.5598305,40.0024213],[47.5573629,40.006441],[47.5586745,40.0081565],[47.5605628,40.0083075],[47.5596596,40.0085453],[47.5594108,40.009534],[47.5621761,40.0083588],[47.5604126,40.0069115],[47.5640818,40.0046525],[47.564967,39.9965694]],[[47.5598332,40.0014874],[47.5595771,40.0013343],[47.559388,40.0014741],[47.5598332,40.0014874]],[[47.562093,40.0003193],[47.5602892,40.0011844],[47.5623505,40.0003348],[47.562093,40.0003193]],[[47.5614747,40.0002402],[47.5602248,40.0005844],[47.5601806,40.0006912],[47.5609691,40.0006861],[47.5614747,40.0002402]],[[47.5609725,40.008159],[47.5606526,40.0080034],[47.5608364,40.0079464],[47.5609725,40.008159]],[[47.5607063,40.0077091],[47.5602221,40.007854],[47.5607988,40.0078647],[47.5607063,40.0077091]],[[47.5592599,40.0077456],[47.558995,40.0080296],[47.5594182,40.0079634],[47.5592599,40.0077456]]]}},{"type":"Feature","properties":{"name":"Şorgöl","natural":"water"},"geometry":{"type":"Polygon","coordinates":[[[47.1912569,39.8544951],[47.1935636,39.8559199],[47.1915788,39.8528149],[47.1912569,39.8544951]]]}},{"type":"Feature","properties":{"name":"Şorçala gölü","natural":"water"},"geometry":{"type":"Polygon","coordinates":[[[49.5754508,40.4568545],[49.5725085,40.4549703],[49.5742564,40.4537179],[49.5737903,40.4521551],[49.5685292,40.4499442],[49.5773734,40.4495837],[49.5824132,40.4523103],[49.5806799,40.4553915],[49.5754508,40.4568545]]]}},{"type":"Feature","properties":{"name":"Şəfəq Su Ambarı","natural":"water"},"geometry":{"type":"Polygon","coordinates":[[[48.6014449,40.6345098],[48.6020297,40.6327348],[48.6036229,40.6345586],[48.6014449,40.6345098]]]}},{"type":"Feature","properties":{"name":"Şəmkir Su Anbarı","natural":"water"},"geometry":{"type":"Polygon","coordinates":[[[46.0426674,40.6887369],[46.0350001,40.6906327],[46.0352898,40.6872057],[46.032275,40.6874233],[46.0307085,40.6844782],[46.0270232,40.6842952],[46.0260852,40.6818439],[46.0229167,40.6829283],[46.0248613,40.6792874],[46.0237208,40.6756156],[46.0216061,40.675909],[46.0221189,40.6749057],[46.0161794,40.6724215],[46.0149605,40.6703109],[46.0161147,40.6686571],[46.0137399,40.6674591],[46.0128174,40.6632315],[46.0170445,40.6678804],[46.0177729,40.6711927],[46.0240144,40.67224],[46.0255353,40.6747387],[46.0287172,40.6722622],[46.028234,40.6755543],[46.0300755,40.6753167],[46.0305308,40.6770916],[46.0326505,40.6759839],[46.0323608,40.6740148],[46.0350001,40.6738683],[46.0359442,40.675097],[46.0327379,40.677143],[46.0333586,40.6784656],[46.040141,40.6847922],[46.0397175,40.6859911],[46.0431503,40.6867592],[46.0426674,40.6887369]]]}},{"type":"Feature","properties":{"name":"Şəmkir su anbarı","natural":"water"},"geometry":{"type":"Polygon","coordinates":[[[45.9902286,41.0095785],[46.0001528,41.0005347],[45.9971461,40.9959374],[45.9983021,40.9962249],[45.9945872,40.993505],[45.9960457,40.9905457],[45.9971957,40.9919831],[45.99737,40.9899839],[46.007541,40.9914522],[46.0072768,40.9931406],[46.008646,40.9930202],[46.0113685,40.9977169],[46.0184965,41.0006825],[46.0235631,41.0004841],[46.0308574,40.9974436],[46.032341,40.9945287],[46.0504925,40.9862722],[46.0660976,40.9829252],[46.0699385,40.9841766],[46.0738197,40.9825542],[46.075433,40.9845987],[46.0775741,40.9811186],[46.0816987,40.9799639],[46.0879348,40.9811687],[46.1029243,40.9760466],[46.110405,40.9762936],[46.1105405,40.9740357],[46.113106,40.9734606],[46.1157614,40.9703307],[46.1152645,40.9680771],[46.1161704,40.969313],[46.1163984,40.9680371],[46.1185133,40.9680756],[46.1151311,40.97204],[46.1218607,40.9731426],[46.1211204,40.9705383],[46.1227915,40.9691429],[46.1217233,40.9672939],[46.1244491,40.967548],[46.1257231,40.9713767],[46.1285381,40.9715205],[46.1284402,40.9690882],[46.1303499,40.969549],[46.1342539,40.9670184],[46.1330214,40.965387],[46.1408219,40.9668052],[46.1438441,40.965623],[46.1425781,40.9641596],[46.1463869,40.9651065],[46.1484991,40.9633728],[46.151078,40.9638163],[46.1525398,40.96164],[46.1572243,40.9627743],[46.1637139,40.9584934],[46.1643416,40.9516101],[46.1706394,40.9456176],[46.1705455,40.9437578],[46.1779645,40.9414974],[46.1786646,40.9400156],[46.1743033,40.929641],[46.1644006,40.9246314],[46.1543477,40.9242636],[46.1469394,40.9212378],[46.1503351,40.9241572],[46.1454689,40.9259568],[46.1435544,40.9290331],[46.1369254,40.9278739],[46.1295426,40.9300767],[46.1251867,40.9269215],[46.1252752,40.9253164],[46.1244048,40.9246117],[46.1247361,40.9307333],[46.117419,40.9320444],[46.1119848,40.9310757],[46.1097908,40.9323767],[46.1090612,40.9353898],[46.0929727,40.9366557],[46.09147,40.9389225],[46.0881722,40.9384069],[46.0865307,40.9393267],[46.087676,40.9404371],[46.0791184,40.9426232],[46.0795288,40.9437932],[46.0731894,40.9474714],[46.0706024,40.9467461],[46.0720521,40.9459955],[46.0700431,40.9459539],[46.069504,40.9433475],[46.0680355,40.945962],[46.0660614,40.9456338],[46.0679135,40.9471867],[46.0648973,40.9465577],[46.066158,40.947916],[46.0525149,40.949633],[46.046319,40.9543408],[46.0324439,40.9561639],[46.0237348,40.962992],[46.0131562,40.9680554],[46.0074967,40.9681931],[45.998683,40.9717625],[45.9980419,40.9715382],[45.9981492,40.9708927],[45.9964862,40.9697282],[45.9961469,40.968424],[45.9956199,40.968264],[45.9977402,40.9720774],[45.9895514,40.9723447],[45.9850788,40.9760061],[45.9862737,40.9866154],[45.9818065,40.9907588],[45.9875518,40.9921517],[45.9880427,40.9949748],[45.9859157,40.9954506],[45.987356,40.9973009],[45.977397,41.0033504],[45.9717616,41.0050446],[45.9688112,41.0042567],[45.9670798,41.0008586],[45.9709664,40.9939889],[45.9639484,40.9912345],[45.9593081,40.986835],[45.9487952,40.9883303],[45.943341,40.9875376],[45.9208453,40.9933502],[45.9209847,40.994828],[45.9300131,40.9966581],[45.9357275,40.9931659],[45.9375581,40.9947309],[45.9493276,40.9918743],[45.951865,40.9928137],[45.9531176,40.9977837],[45.9590185,40.9995448],[45.9654021,41.0042046],[45.9725972,41.0054626],[45.97349,41.0068432],[45.9879541,41.0035872],[45.9866774,41.0075889],[45.9902286,41.0095785]],[[46.1187333,40.9710426],[46.1187045,40.9707317],[46.1188396,40.9707511],[46.1187333,40.9710426]],[[46.1304639,40.9683703],[46.1300763,40.9677455],[46.1302121,40.96755],[46.1304639,40.9683703]],[[46.0728139,40.9699368],[46.0731035,40.9691591],[46.0738519,40.9690032],[46.0728139,40.9699368]],[[46.1352798,40.9528529],[46.1354139,40.9527253],[46.1355186,40.9527608],[46.1352798,40.9528529]],[[46.145729,40.9505669],[46.1495599,40.9520963],[46.1507602,40.9501414],[46.148365,40.949561],[46.1472975,40.9497464],[46.145729,40.9505669]],[[46.1121632,40.9574811],[46.1131476,40.9570674],[46.1141159,40.9576173],[46.1121632,40.9574811]],[[46.0197544,40.9772656],[46.0240352,40.9786305],[46.026358,40.9756173],[46.0330836,40.973494],[46.0382684,40.9721959],[46.0463995,40.9729128],[46.0386747,40.9746999],[46.0321556,40.9787459],[46.0257465,40.9795619],[46.0311806,40.982251],[46.0311149,40.9846939],[46.0153321,40.9885307],[46.0144275,40.9854825],[46.0197544,40.9772656]]]}},{"type":"Feature","properties":{"name":"Вахчаг","natural":"water"},"geometry":{"type":"Polygon","coordinates":[[[47.8198975,41.2215998],[47.8190043,41.2215431],[47.8189534,41.2213052],[47.8198975,41.2215998]]]}},{"type":"Feature","properties":{"name":"Готурнохур","natural":"water"},"geometry":{"type":"Polygon","coordinates":[[[48.2246377,41.0336435],[48.2254745,41.0328585],[48.2244016,41.033077],[48.2246377,41.0336435]]]}},{"type":"Feature","properties":{"name":"Готурнохур","natural":"water"},"geometry":{"type":"Polygon","coordinates":[[[48.2283284,41.0300744],[48.2266225,41.0298963],[48.2274808,41.0295078],[48.2283284,41.0300744]]]}},{"type":"Feature","properties":{"name":"Готурнохур","natural":"water"},"geometry":{"type":"Polygon","coordinates":[[[48.2168376,41.031772],[48.2154107,41.0320228],[48.2164407,41.031254],[48.2168376,41.031772]]]}},{"type":"Feature","properties":{"name":"Гумилевское","natural":"water"},"geometry":{"type":"Polygon","coordinates":[[[46.8645859,41.7372956],[46.8668604,41.7370554],[46.8667209,41.73792],[46.8645859,41.7372956]]]}},{"type":"Feature","properties":{"name":"Каспий теңізі - Hazar deňzi - دریای خزر - Xəzər dənizi - Каспийское море - دریای مازندران","natural":"water"},"geometry":{"type":"Polygon","coordinates":[[[47.7551651,45.4184705],[47.7585983,45.4189976],[47.7594566,45.4140271],[47.7627611,45.4167685],[47.7659368,45.4126112],[47.7643489,45.419088],[47.7704,45.4186964],[47.7716016,45.410894],[47.7685976,45.4107132],[47.7671384,45.4085741],[47.7685976,45.4049586],[47.7749061,45.405742],[47.774418,45.4127731],[47.7784976,45.4135394],[47.7795518,45.415876],[47.7776206,45.4172165],[47.7786183,45.4189788],[47.7775991,45.4240241],[47.7800587,45.429278],[47.7759066,45.4318153],[47.7770117,45.4364907],[47.7753192,45.4366055],[47.7766657,45.438145],[47.7760059,45.4404147],[47.7775025,45.4412428],[47.7754641,45.4459701],[47.7773979,45.4460924],[47.7777252,45.4478725],[47.7704524,45.4536068],[47.7707474,45.4570649],[47.7659831,45.4712666],[47.7677092,45.4711926],[47.7681407,45.4689868],[47.7687448,45.4704596],[47.7710554,45.4703868],[47.769967,45.4720344],[47.7747941,45.4717918],[47.769912,45.4782203],[47.76682,45.4793804],[47.7661419,45.483374],[47.7629211,45.4822397],[47.7626237,45.4877237],[47.7688035,45.5176817],[47.7646279,45.5379333],[47.7618116,45.538031],[47.7609158,45.5358103],[47.7607441,45.5381587],[47.7592528,45.5365956],[47.7584428,45.5370202],[47.7595586,45.5386246],[47.7632546,45.5387411],[47.7627236,45.540725],[47.7647996,45.5402328],[47.7614307,45.5484832],[47.7540922,45.5504066],[47.7536657,45.5476792],[47.7459651,45.5516462],[47.7444684,45.5508987],[47.7420491,45.556398],[47.7427947,45.5578967],[47.7446133,45.553224],[47.7469039,45.5536522],[47.7459276,45.5546965],[47.7472365,45.5551096],[47.7446937,45.5567098],[47.7453589,45.5604358],[47.7436101,45.5621184],[47.7480626,45.5621109],[47.7479339,45.5635832],[47.7465713,45.5684128],[47.744801,45.5694343],[47.7450537,45.5717602],[47.7423714,45.573818],[47.7450751,45.5742086],[47.7453299,45.57673],[47.7440639,45.5779315],[47.7412744,45.5759039],[47.7380772,45.5768051],[47.7342278,45.5855724],[47.7354079,45.585655],[47.7348822,45.590295],[47.734158,45.5890337],[47.7325411,45.5914771],[47.7319189,45.5963719],[47.7354594,45.5947504],[47.7385278,45.5887742],[47.7419123,45.5884406],[47.7433129,45.5897353],[47.7426553,45.5917628],[47.7377468,45.5974083],[47.7428913,45.5977611],[47.7440393,45.603042],[47.7377736,45.6069375],[47.7389645,45.6080859],[47.7365827,45.6092943],[47.7320659,45.6080859],[47.7316475,45.6066523],[47.7313256,45.6087764],[47.728166,45.6076243],[47.7284503,45.6109904],[47.7253389,45.6180391],[47.7282974,45.6179547],[47.7267551,45.6195287],[47.7281499,45.619947],[47.7295071,45.6178891],[47.7371621,45.6175157],[47.7342331,45.6192004],[47.7353597,45.6219468],[47.7320337,45.6215266],[47.7313149,45.6236801],[47.7265406,45.6246481],[47.7300274,45.6255709],[47.7310681,45.631228],[47.7357341,45.6258761],[47.7368892,45.6261723],[47.7352642,45.628113],[47.7365297,45.6288613],[47.7418533,45.6252049],[47.7447058,45.6260107],[47.7433555,45.6279067],[47.7447521,45.6286542],[47.7466396,45.6270447],[47.7493066,45.6321798],[47.7465544,45.6354411],[47.7497693,45.6354326],[47.7496666,45.6294131],[47.7545126,45.6291076],[47.7517227,45.6253379],[47.7527388,45.6249404],[47.7596965,45.6324435],[47.7662391,45.6297646],[47.7682731,45.6315162],[47.7700621,45.630923],[47.7698231,45.6285295],[47.7678942,45.6272168],[47.773078,45.6261208],[47.7718036,45.6240853],[47.7679114,45.6256029],[47.7693408,45.6204718],[47.7676875,45.6201707],[47.7620904,45.6088229],[47.7610827,45.603541],[47.7624344,45.6025312],[47.7744781,45.6194609],[47.7780184,45.6206061],[47.7818332,45.626023],[47.7839097,45.626431],[47.7737817,45.5984527],[47.7844247,45.5954499],[47.7851113,45.5911256],[47.7773866,45.5934079],[47.7748116,45.5904048],[47.7788082,45.5688753],[47.7821197,45.5676909],[47.7794143,45.5670501],[47.779425,45.5657131],[47.7807393,45.565458],[47.7823647,45.5627691],[47.7926242,45.5611091],[47.8011617,45.5684776],[47.7999151,45.5698849],[47.8020823,45.5757354],[47.8010952,45.5762911],[47.803477,45.5789345],[47.8025114,45.5800609],[47.8046894,45.5804514],[47.806054,45.5837975],[47.8091633,45.5824187],[47.8204736,45.5666149],[47.8217912,45.561187],[47.8276169,45.5564995],[47.8294,45.5487057],[47.8348931,45.5440172],[47.8419312,45.5247779],[47.8443345,45.495305],[47.8544625,45.4788175],[47.8824433,45.4649739],[47.9016694,45.4691875],[47.9093942,45.4766509],[47.9032144,45.4895289],[47.9080209,45.5134717],[47.9032144,45.5267021],[47.9085359,45.536202],[47.9085359,45.5567596],[47.8958581,45.602129],[47.8964071,45.6040541],[47.8938603,45.6078159],[47.895043,45.6094324],[47.9088613,45.6122844],[47.9082365,45.6194211],[47.8783422,45.6317452],[47.8599557,45.6349538],[47.8396996,45.6314728],[47.8357109,45.6360091],[47.8345824,45.6474138],[47.8486404,45.6599293],[47.8459195,45.6606971],[47.8555154,45.6665006],[47.8543438,45.6696165],[47.8506531,45.6680571],[47.8490566,45.6687589],[47.8492884,45.671095],[47.8472757,45.6692327],[47.8448166,45.6699134],[47.8468594,45.6736979],[47.8517603,45.6745375],[47.8505029,45.6761957],[47.8519019,45.6807683],[47.8466252,45.6825475],[47.8462364,45.6854982],[47.8481273,45.6877945],[47.8528504,45.6865398],[47.8557138,45.6884652],[47.8552139,45.6897327],[47.8579573,45.6895767],[47.8595795,45.6925624],[47.8536185,45.6948676],[47.8564917,45.6991217],[47.859675,45.6983132],[47.8582424,45.6950023],[47.8662976,45.6924352],[47.8664425,45.6912024],[47.8548459,45.6850498],[47.8536588,45.6813869],[47.8540949,45.6797969],[47.8573876,45.6798189],[47.8558325,45.6773247],[47.8614169,45.6780162],[47.8646692,45.6760248],[47.8546399,45.6731042],[47.8588285,45.6722315],[47.8643682,45.6742994],[47.8678021,45.6733141],[47.8613993,45.6699033],[47.8603434,45.6667615],[47.8638557,45.6655932],[47.8622475,45.6653092],[47.8609044,45.6609123],[47.8651105,45.6593313],[47.8692635,45.6607147],[47.8736639,45.6736326],[47.8656606,45.6801477],[47.8743001,45.6820537],[47.8725505,45.6850291],[47.8805167,45.6853121],[47.8810646,45.688954],[47.8929581,45.6927068],[47.8912438,45.6946448],[47.8938187,45.6974239],[47.8913446,45.6975904],[47.8907344,45.7006518],[47.8936731,45.7006369],[47.8959176,45.7026329],[47.8924312,45.7059336],[47.8952935,45.7071544],[47.8991036,45.705055],[47.8979831,45.7003263],[47.9002498,45.7012747],[47.8975525,45.6992131],[47.8996545,45.6966054],[47.9019734,45.6992844],[47.9058343,45.699576],[47.9047444,45.702062],[47.9072737,45.7043784],[47.9131059,45.7059361],[47.9169343,45.7032196],[47.9179813,45.7048974],[47.9217848,45.7049046],[47.9217911,45.7024526],[47.920392,45.7020595],[47.9237808,45.7003226],[47.9224163,45.6996573],[47.9235699,45.6976244],[47.9272597,45.6981337],[47.9278135,45.6998852],[47.9262181,45.7007299],[47.929678,45.7004303],[47.9341436,45.7040365],[47.9352095,45.703034],[47.9316865,45.7012895],[47.934581,45.6999164],[47.9344541,45.6977964],[47.9390801,45.7033185],[47.9419201,45.7013006],[47.9399915,45.6999486],[47.9419471,45.6979859],[47.9461415,45.7018824],[47.9487571,45.6979419],[47.9448903,45.6974265],[47.9418153,45.6931992],[47.9421425,45.6913672],[47.946589,45.6950595],[47.9476404,45.6908179],[47.9523825,45.6912076],[47.9553437,45.6876251],[47.9533267,45.6846271],[47.9581761,45.6865609],[47.9543996,45.6825434],[47.9560733,45.6802797],[47.9582298,45.6800998],[47.9604935,45.673593],[47.9734969,45.6724835],[47.9771861,45.6779679],[47.9753016,45.6796993],[47.9790172,45.6800648],[47.9794008,45.6821576],[47.9824652,45.6834978],[47.982752,45.6802339],[47.9843924,45.6798535],[47.9822755,45.6785922],[47.9825448,45.677025],[47.9871663,45.6749618],[47.9899564,45.6712074],[47.9918138,45.671304],[47.9946033,45.6667306],[48.0070273,45.6324559],[48.0053965,45.6408428],[48.0085587,45.6402378],[48.0097818,45.6419629],[48.0123782,45.6402527],[48.0222273,45.6401177],[48.0253815,45.6412879],[48.0231714,45.6463283],[48.0257034,45.6483084],[48.0229568,45.6519383],[48.027935,45.6508584],[48.0299949,45.6522983],[48.0287504,45.6538282],[48.0301666,45.6612971],[48.0313682,45.661627],[48.0326986,45.655838],[48.0351448,45.6552981],[48.0369472,45.6569479],[48.0362606,45.6510684],[48.0417108,45.6510684],[48.0434703,45.6583277],[48.0381059,45.6620469],[48.0429124,45.6640864],[48.0418825,45.6657959],[48.0439853,45.6646412],[48.0463886,45.6671155],[48.047204,45.6735481],[48.0477619,45.6703094],[48.051238,45.6718538],[48.0571174,45.6819438],[48.0558944,45.6822886],[48.0564737,45.6854666],[48.0520535,45.6915036],[48.052823,45.6959896],[48.0474843,45.6957785],[48.0480415,45.7006337],[48.0512139,45.7021314],[48.0492853,45.7030447],[48.0508962,45.7051412],[48.0488518,45.7089684],[48.0590926,45.7050542],[48.0572104,45.7021231],[48.0622682,45.6993049],[48.0579184,45.6949221],[48.0632022,45.6942487],[48.0628158,45.691567],[48.0611521,45.690512],[48.0609252,45.6925627],[48.0586098,45.6940332],[48.0565847,45.693296],[48.0563276,45.6892367],[48.0577893,45.6888436],[48.0585763,45.6857187],[48.0624334,45.690079],[48.0668472,45.6906188],[48.0697762,45.6972971],[48.067032,45.7015312],[48.0727823,45.7056694],[48.073066,45.7076102],[48.0595419,45.7192761],[48.0568843,45.7251544],[48.0607559,45.7270731],[48.0654092,45.7253081],[48.076555,45.7245092],[48.0780307,45.7256146],[48.0863368,45.7175031],[48.086288,45.7085024],[48.0837627,45.7088709],[48.0790726,45.7065191],[48.0823299,45.7061507],[48.080544,45.7023493],[48.0812337,45.697919],[48.0838063,45.6967795],[48.0843861,45.6986828],[48.087366,45.6962373],[48.0861229,45.6834409],[48.0928235,45.6846699],[48.0916767,45.6820441],[48.0933203,45.6814182],[48.0962385,45.6846712],[48.0940927,45.6861852],[48.0947365,45.6871895],[48.0965175,45.6862901],[48.0989422,45.6881489],[48.1025041,45.6866649],[48.0999721,45.6880889],[48.1025471,45.6891532],[48.1004657,45.6915064],[48.102075,45.6936348],[48.10789,45.6895279],[48.1094993,45.6859753],[48.1048001,45.683307],[48.1064524,45.6832321],[48.1045855,45.6806236],[48.1059803,45.6774903],[48.1041564,45.6757811],[48.1050791,45.673907],[48.0998219,45.6744467],[48.1038774,45.6721377],[48.1023325,45.6716279],[48.1034479,45.669654],[48.0975747,45.6698846],[48.0965101,45.6679577],[48.0946721,45.6690789],[48.0928115,45.6672518],[48.0904726,45.6684964],[48.0872968,45.6663671],[48.0891207,45.6647175],[48.0872539,45.662978],[48.0824689,45.662933],[48.0815891,45.6595887],[48.0826834,45.658239],[48.0808595,45.6572491],[48.0796794,45.658044],[48.080645,45.6599637],[48.076804,45.6609535],[48.0769972,45.6625731],[48.0751089,45.663173],[48.076847,45.6635329],[48.0750016,45.6647775],[48.0732206,45.6635479],[48.0744866,45.6608485],[48.0722979,45.658044],[48.0754522,45.657879],[48.0753449,45.6548494],[48.0739716,45.6540845],[48.0759672,45.6497647],[48.0729417,45.6491347],[48.0706671,45.6543545],[48.0658177,45.6518796],[48.0658292,45.6467484],[48.0640268,45.6446782],[48.0651426,45.6438382],[48.0631256,45.6430281],[48.0633831,45.6381974],[48.0671596,45.636457],[48.0658292,45.632496],[48.0676746,45.6318358],[48.0673742,45.6252934],[48.0739402,45.6155384],[48.0715799,45.6116659],[48.0728063,45.6102366],[48.0714437,45.6072869],[48.0759177,45.605358],[48.0763683,45.6030461],[48.074126,45.6014624],[48.0754852,45.6006024],[48.0741334,45.5946119],[48.076143,45.5906146],[48.074126,45.5851862],[48.0776236,45.5847807],[48.0743108,45.5847679],[48.0746035,45.5835046],[48.0823976,45.5834224],[48.0784053,45.5838682],[48.0813924,45.5852751],[48.0787876,45.5871179],[48.0907975,45.5926901],[48.0915457,45.595203],[48.099366,45.5914612],[48.1090474,45.5922016],[48.1110048,45.5850563],[48.1176707,45.5837234],[48.1246011,45.5716888],[48.1218501,45.5668002],[48.1225379,45.5622074],[48.1272463,45.5593553],[48.1208978,45.5521687],[48.1211095,45.5456482],[48.1181997,45.5444255],[48.1153429,45.5360142],[48.1147599,45.5215506],[48.1051084,45.5069759],[48.1120664,45.4995299],[48.1003201,45.4816973],[48.1130391,45.4703129],[48.1275536,45.4722017],[48.1271047,45.4668499],[48.1222416,45.4614976],[48.1101124,45.4535549],[48.109888,45.4326627],[48.1226818,45.421741],[48.1368222,45.4166995],[48.1381689,45.3986306],[48.1584444,45.4025705],[48.1975876,45.4245132],[48.2048449,45.4490827],[48.1672729,45.453345],[48.1550116,45.496226],[48.1419934,45.507343],[48.1451357,45.5180908],[48.1369806,45.5191917],[48.1366065,45.5212885],[48.1471558,45.5271069],[48.1465572,45.5309854],[48.1416361,45.5326789],[48.1506298,45.5357548],[48.1512646,45.5378299],[48.1589357,45.5416836],[48.1574544,45.5456111],[48.1584067,45.5480935],[48.1534337,45.5495013],[48.1602054,45.551576],[48.1574015,45.5568364],[48.1496775,45.5559844],[48.1431704,45.5632445],[48.143911,45.5703926],[48.1520582,45.5819091],[48.1451278,45.5884255],[48.1420594,45.5938675],[48.1378271,45.5937194],[48.1352348,45.5894991],[48.126294,45.5936084],[48.1275637,45.5980135],[48.1171417,45.5985687],[48.1122745,45.6029364],[48.1189589,45.6084305],[48.1199315,45.6289436],[48.1280118,45.6326582],[48.1458712,45.6604475],[48.1542665,45.6592522],[48.1551993,45.6607735],[48.1723237,45.6511134],[48.1748128,45.6471384],[48.183074,45.6500484],[48.187623,45.6479334],[48.1887388,45.6503784],[48.1938028,45.6521483],[48.1948328,45.6505884],[48.1954121,45.6524408],[48.2006263,45.6522983],[48.1996393,45.6572478],[48.2041454,45.6563479],[48.2088232,45.6582077],[48.2174921,45.6525383],[48.2178783,45.6501684],[48.2230711,45.6495684],[48.2293367,45.6548781],[48.2309675,45.6522383],[48.2357312,45.6532868],[48.2290619,45.6625072],[48.2315537,45.6658877],[48.2310407,45.6728528],[48.2285489,45.6759766],[48.2316112,45.67971],[48.2355165,45.6788405],[48.2359242,45.6807744],[48.2343364,45.6821087],[48.2352805,45.6842824],[48.2413342,45.6858865],[48.2450654,45.6847642],[48.2429925,45.6830264],[48.2469311,45.6817954],[48.2477602,45.6840763],[48.2506105,45.682954],[48.2502996,45.6798765],[48.2530462,45.679442],[48.2538754,45.6813972],[48.2597832,45.6825919],[48.2557928,45.6859951],[48.2512842,45.6857417],[48.2396759,45.6903393],[48.2386912,45.6916063],[48.2405774,45.6949211],[48.2499949,45.6939071],[48.2531467,45.6954437],[48.2577719,45.6932385],[48.2606149,45.6937611],[48.2617372,45.6920365],[48.2655903,45.6932124],[48.2657908,45.6880749],[48.271851,45.6908971],[48.2811284,45.6806005],[48.2827878,45.6860062],[48.3037197,45.6978397],[48.3077431,45.6982968],[48.3155107,45.6910727],[48.3183431,45.686366],[48.3216905,45.6855865],[48.3298015,45.675902],[48.3307886,45.6734431],[48.3278274,45.671314],[48.3402261,45.6482908],[48.3477792,45.6288712],[48.3733395,45.6053077],[48.3959903,45.5926484],[48.4163665,45.5940298],[48.4366606,45.60359],[48.4878158,45.5907381],[48.4927081,45.5928402],[48.5038662,45.5922696],[48.5116338,45.5964136],[48.5157966,45.5959332],[48.5158824,45.590708],[48.5215683,45.5890636],[48.523736,45.5919693],[48.5177278,45.6027642],[48.5185003,45.6094444],[48.5106039,45.61424],[48.5079002,45.624393],[48.5113334,45.622382],[48.5117587,45.6200953],[48.5280837,45.6358693],[48.5211228,45.6506548],[48.5268134,45.6538706],[48.5158099,45.674751],[48.5251686,45.6829352],[48.542565,45.6771475],[48.5617839,45.6896483],[48.5728844,45.6703172],[48.5705565,45.6238828],[48.5824011,45.6152383],[48.6093519,45.6134372],[48.6469458,45.6146379],[48.6756132,45.6067125],[48.692951,45.6064723],[48.7296288,45.6170886],[48.7470139,45.6439144],[48.7453571,45.6600123],[48.7461855,45.6805045],[48.7530878,45.7003459],[48.7451914,45.7126747],[48.7393926,45.7110551],[48.7297832,45.7243579],[48.735582,45.7331476],[48.7504931,45.7354604],[48.7425405,45.742514],[48.740718,45.7539597],[48.7551322,45.7614733],[48.7534754,45.7695638],[48.760931,45.7754575],[48.7753451,45.7740708],[48.7832977,45.7863188],[48.7723629,45.7894381],[48.75741,45.8075637],[48.7618732,45.8101064],[48.7582254,45.8111234],[48.7556505,45.8159093],[48.7582683,45.8167169],[48.7567234,45.8181526],[48.7583112,45.8203658],[48.7633752,45.8215621],[48.7600832,45.8222721],[48.761444,45.8252406],[48.7653493,45.8265266],[48.769083,45.8249117],[48.7753915,45.8252406],[48.7738466,45.8290983],[48.7701988,45.8283507],[48.7644481,45.8307131],[48.7672805,45.8375902],[48.7730312,45.8398027],[48.7815284,45.8493692],[48.7700271,45.8653295],[48.7502002,45.8769831],[48.7504577,45.879194],[48.7536334,45.8777001],[48.7546634,45.8798512],[48.7500285,45.8821815],[48.7413596,45.8809865],[48.7389564,45.8821815],[48.7373256,45.8809268],[48.7331199,45.8827193],[48.7405871,45.8848702],[48.7480544,45.884213],[48.7495135,45.887499],[48.7537192,45.8870808],[48.7543201,45.8886341],[48.7473678,45.8907251],[48.7453937,45.8946081],[48.7543634,45.8989977],[48.7682676,45.8990732],[48.7699199,45.9018059],[48.7733531,45.8990583],[48.7697911,45.8961761],[48.7750482,45.8946977],[48.775413,45.8919796],[48.7777412,45.8923306],[48.7735891,45.8899783],[48.7732887,45.8881113],[48.7769794,45.8870658],[48.7801981,45.888201],[48.7807345,45.8857216],[48.7838459,45.8857365],[48.7824297,45.8844818],[48.7830519,45.8824504],[48.7923431,45.8828985],[48.7929439,45.8855573],[48.7895965,45.8893809],[48.7940434,45.8919204],[48.7994708,45.8919467],[48.8060546,45.8893361],[48.8118267,45.8906952],[48.8132429,45.8794031],[48.8154745,45.8751903],[48.8224053,45.8699165],[48.8254523,45.8603088],[48.8265466,45.8604283],[48.8267827,45.8530084],[48.8247442,45.851357],[48.8270402,45.8475008],[48.8272118,45.8425981],[48.8306236,45.8424934],[48.8331476,45.8372538],[48.834883,45.8374781],[48.8382089,45.8368502],[48.8419425,45.8384872],[48.8413846,45.8399746],[48.8425541,45.8408491],[48.8446918,45.8408472],[48.8504451,45.8399559],[48.8515127,45.8429269],[48.8572775,45.8414242],[48.8599561,45.8432902],[48.8620707,45.8521281],[48.863486,45.8700808],[48.8671982,45.8691097],[48.8709104,45.873278],[48.871479,45.8712238],[48.8747835,45.8710818],[48.8722193,45.8758402],[48.8732171,45.8768859],[48.8708782,45.8776403],[48.8738823,45.8779391],[48.8715541,45.8788055],[48.8715005,45.88254],[48.8690221,45.8832719],[48.8656318,45.8803815],[48.8619156,45.8827183],[48.8635651,45.8838743],[48.8638401,45.8893212],[48.8621455,45.8989064],[48.8646444,45.8971186],[48.8668953,45.9004063],[48.8644498,45.9039258],[48.8649129,45.9057777],[48.886883,45.9067575],[48.8875052,45.9080714],[48.9046633,45.9107644],[48.9079678,45.9133995],[48.9109826,45.9128023],[48.911562,45.9111638],[48.9147216,45.9145826],[48.9162183,45.9124067],[48.9200377,45.9127874],[48.9182675,45.910227],[48.9209604,45.9115258],[48.9206278,45.9144967],[48.9233208,45.9158254],[48.9203703,45.918087],[48.9164328,45.9180721],[48.9185464,45.9191916],[48.9172482,45.9190051],[48.9170122,45.9212815],[48.9137936,45.9211023],[48.9131176,45.9236473],[48.9178276,45.9244608],[48.916744,45.9256773],[48.9180851,45.9261027],[48.9197159,45.9242817],[48.9218509,45.9249086],[48.9206386,45.9230801],[48.9240074,45.9230577],[48.9262283,45.925237],[48.9277196,45.9237518],[48.9300477,45.9267519],[48.9294791,45.929431],[48.9326763,45.9309906],[48.9304554,45.9331098],[48.9308417,45.9353856],[48.928948,45.9356766],[48.9298546,45.9371988],[48.9273065,45.9375532],[48.9300102,45.9385231],[48.9310455,45.9428616],[48.9290178,45.9454802],[48.9274728,45.9448685],[48.9282668,45.9464948],[48.9303267,45.9463456],[48.9269471,45.9470543],[48.9304125,45.9471662],[48.9297151,45.948688],[48.9325797,45.9501128],[48.9287227,45.9576167],[48.9258528,45.956606],[48.9271617,45.9573295],[48.9259654,45.9617933],[48.9269793,45.9625391],[48.9232832,45.9632812],[48.9245841,45.9640456],[48.9258581,45.9735179],[48.9282265,45.9783868],[48.9313835,45.979617],[48.936013,45.9786571],[48.9379924,45.9765321],[48.9406908,45.9781836],[48.9455938,45.9780159],[48.9455831,45.9801445],[48.9432388,45.9815908],[48.9458406,45.9814678],[48.9462161,45.9830185],[48.9469993,45.98319],[48.9460176,45.9808192],[48.9479166,45.9778518],[48.9558211,45.9763395],[48.9655455,45.9769702],[48.9690625,45.9752139],[48.9719497,45.9710753],[48.9768101,45.9707001],[49.0288492,45.9270517],[49.0457077,45.8922909],[49.0473019,45.8927758],[49.0472172,45.8996952],[49.0443141,45.9013481],[49.0332746,45.9271259],[49.0198147,45.9641971],[49.0205396,46.0065331],[49.0275527,46.0087415],[49.0250809,46.0308691],[49.0192132,46.0430028],[49.0296458,46.0752223],[49.0165321,46.0876925],[49.0282304,46.1179536],[49.0329776,46.120382],[49.0403175,46.1181507],[49.0399913,46.1148892],[49.0338492,46.1111366],[49.0388118,46.1081842],[49.0545558,46.1176922],[49.0630681,46.118371],[49.081983,46.0941298],[49.0891829,46.0887405],[49.0859578,46.0817102],[49.099319,46.0734005],[49.0953801,46.0716359],[49.0997798,46.0606139],[49.1071515,46.0593351],[49.1129107,46.0564576],[49.1231756,46.057319],[49.1265023,46.0433473],[49.1519754,46.0188675],[49.1708662,46.0163429],[49.1844252,46.0038802],[49.199723,45.996379],[49.216078,45.990972],[49.2246723,45.9920423],[49.2287063,45.9975281],[49.2330408,45.9987802],[49.2338991,46.0079318],[49.2453575,46.0111807],[49.2464733,46.0127902],[49.2450141,46.014638],[49.2484474,46.0177077],[49.2508506,46.0234294],[49.2535972,46.0242637],[49.2557859,46.0276607],[49.2464304,46.0305211],[49.2432117,46.033858],[49.2451,46.0350199],[49.237461,46.041276],[49.2327288,46.055958],[49.2333412,46.0667697],[49.2355728,46.0683776],[49.2329979,46.0684967],[49.2365169,46.0722184],[49.2345857,46.0730818],[49.234972,46.0751063],[49.2391777,46.0770413],[49.2387914,46.0796015],[49.2364311,46.0793336],[49.2373323,46.0839773],[49.2450141,46.0963289],[49.2520522,46.102221],[49.2653683,46.1012876],[49.2775439,46.0961504],[49.2801189,46.0918648],[49.2738962,46.0821615],[49.2941522,46.0718611],[49.2999029,46.0704916],[49.3031644,46.0715039],[49.2981433,46.0742429],[49.2992162,46.0794824],[49.3032932,46.0797801],[49.3177127,46.0662636],[49.3178844,46.067931],[49.2646801,46.1271921],[49.2648411,46.1303485],[49.2619443,46.1331441],[49.2645621,46.1351068],[49.2597341,46.1341701],[49.2618799,46.1347648],[49.2588973,46.137248],[49.2593694,46.1386902],[49.2573523,46.1405636],[49.2581999,46.1416266],[49.2553353,46.1417233],[49.2569768,46.1424146],[49.2554211,46.145559],[49.2511511,46.1470159],[49.2531895,46.1480714],[49.2474711,46.147722],[49.2525458,46.1500931],[49.2527604,46.1513715],[49.2470098,46.1499072],[49.2504644,46.1554146],[49.2448801,46.1528728],[49.2472136,46.1549092],[49.2444563,46.1543592],[49.2441988,46.1556747],[49.2418921,46.1554666],[49.2400145,46.1569009],[49.2442524,46.1567895],[49.2438877,46.1583278],[49.2472458,46.1590041],[49.242568,46.1616422],[49.2474067,46.1607058],[49.2488551,46.158796],[49.2512798,46.1601411],[49.2499709,46.1625785],[49.2539191,46.1608842],[49.2547989,46.1619691],[49.2523956,46.1627865],[49.2511082,46.1671706],[49.2550242,46.166383],[49.2556786,46.1682554],[49.2591762,46.1694442],[49.25982,46.1681068],[49.2610431,46.1698603],[49.2624378,46.1676461],[49.264133,46.1701575],[49.2672443,46.1697861],[49.2673301,46.167349],[49.2752265,46.1666951],[49.2733382,46.1643173],[49.2814063,46.1638418],[49.2822646,46.1619989],[49.2978858,46.1590264],[49.2988299,46.1551619],[49.3036365,46.1548647],[49.3062114,46.1580752],[49.3087863,46.1582535],[49.3127345,46.1540917],[49.3072414,46.1542106],[49.3075847,46.1525458],[49.3037223,46.1474916],[49.3135853,46.1400803],[49.3257046,46.1365386],[49.3323585,46.1444161],[49.3312542,46.1576763],[49.3382356,46.1626515],[49.3347334,46.1824292],[49.3393524,46.1872455],[49.3364076,46.1997311],[49.3191068,46.2122139],[49.2733381,46.2349529],[49.2841528,46.2487249],[49.277458,46.2640362],[49.2614935,46.270207],[49.2535971,46.2706816],[49.2503355,46.2635615],[49.2457007,46.2619],[49.2426108,46.2721055],[49.2328261,46.2730548],[49.2220114,46.2806483],[49.2269896,46.2888338],[49.2214964,46.2916806],[49.2281912,46.2947646],[49.2141366,46.3088771],[49.2135572,46.3128123],[49.2082894,46.316147],[49.2081392,46.3177698],[49.2053926,46.3180884],[49.2010687,46.3246459],[49.2053602,46.324883],[49.1969488,46.3351954],[49.1991804,46.3408841],[49.2018521,46.3391952],[49.2133319,46.3378175],[49.2135036,46.3347063],[49.2214215,46.3325877],[49.2202198,46.3320247],[49.221046,46.3308394],[49.2239213,46.3316173],[49.234693,46.3204966],[49.2304873,46.317503],[49.231925,46.3155468],[49.2380833,46.3173252],[49.2620944,46.2922143],[49.290676,46.2805296],[49.3011474,46.2721648],[49.3056964,46.2729361],[49.3248367,46.2643921],[49.3272829,46.2647185],[49.3598127,46.2520337],[49.3602848,46.2529833],[49.3173265,46.2748938],[49.3257379,46.2746269],[49.3271541,46.275932],[49.3194293,46.2836141],[49.3183993,46.292926],[49.3116187,46.2979076],[49.3150519,46.3012283],[49.3108462,46.3036595],[49.3125629,46.3084621],[49.3056106,46.3078692],[49.3056964,46.3115451],[49.312992,46.3119008],[49.3134212,46.3158729],[49.3198585,46.3123158],[49.3203734,46.3182441],[49.3262958,46.3141537],[49.3341064,46.3129087],[49.3417453,46.3086993],[49.3365954,46.3015248],[49.3426894,46.2990343],[49.3451785,46.2919178],[49.3626021,46.2879441],[49.3729018,46.279877],[49.3671512,46.2737667],[49.3764209,46.2744786],[49.3787383,46.2723428],[49.3763351,46.2694356],[49.3821715,46.2675963],[49.388523,46.2689016],[49.394617,46.2657569],[49.3953895,46.2691983],[49.4122123,46.2637394],[49.4111823,46.2621966],[49.406805,46.2623153],[49.4075774,46.259823],[49.4020843,46.2566184],[49.40629,46.2543038],[49.3993377,46.2515737],[49.4005393,46.2489029],[49.4074916,46.2467067],[49.4140147,46.2504461],[49.4189929,46.2488435],[49.4262885,46.2506835],[49.4339275,46.2559656],[49.4446563,46.2493777],[49.4516944,46.2511583],[49.4690322,46.2450447],[49.4756412,46.2460538],[49.5071409,46.2158327],[49.5121191,46.2028841],[49.5308302,46.1951611],[49.5486828,46.2126256],[49.5576092,46.2123881],[49.5722865,46.1954581],[49.5733165,46.1964086],[49.5650767,46.2167828],[49.5716857,46.2164859],[49.5803546,46.2116751],[49.5873927,46.2177331],[49.5951175,46.2334092],[49.5906543,46.2432639],[49.5785522,46.2522266],[49.5534895,46.2429078],[49.5383831,46.2458759],[49.5383831,46.2290158],[49.5198437,46.235428],[49.5102307,46.2639176],[49.4958114,46.2746566],[49.4773578,46.2813007],[49.4751262,46.2843852],[49.4704913,46.2843852],[49.4698905,46.2794025],[49.4655131,46.2799957],[49.4577884,46.2772669],[49.4476604,46.2826057],[49.4490337,46.2928074],[49.4521236,46.2941715],[49.4491195,46.2952982],[49.448347,46.3022364],[49.4494628,46.3047268],[49.454441,46.304371],[49.4563293,46.3022364],[49.4530677,46.3009911],[49.4606208,46.2987971],[49.4611358,46.3002796],[49.4648265,46.2998645],[49.4647407,46.2973738],[49.4662856,46.2969587],[49.4672298,46.2985599],[49.4840741,46.2895158],[49.4857478,46.286995],[49.4882369,46.2880552],[49.5221614,46.2696136],[49.5237493,46.2699102],[49.4909191,46.2878254],[49.4820356,46.2950313],[49.479289,46.29429],[49.470663,46.2990935],[49.4694614,46.3019992],[49.4668436,46.3011393],[49.4578313,46.3057347],[49.4608354,46.3078692],[49.4605779,46.3095886],[49.453454,46.3088179],[49.4517374,46.3114858],[49.4303655,46.3248236],[49.4330692,46.3261572],[49.4333696,46.3279057],[49.4246149,46.3319062],[49.421997,46.3342767],[49.4226408,46.3353434],[49.4303226,46.3340989],[49.4363308,46.3356101],[49.4345283,46.3376027],[49.441545,46.3370842],[49.4425535,46.3402396],[49.4466841,46.3406173],[49.4438839,46.3426246],[49.4449138,46.3455945],[49.4495916,46.3448243],[49.4491624,46.3468388],[49.4527244,46.3484977],[49.4603204,46.3451205],[49.4605779,46.3468388],[49.463067,46.3466018],[49.4656419,46.3444392],[49.4645261,46.3468091],[49.4728517,46.3425727],[49.4797182,46.3413877],[49.4894599,46.3322914],[49.5164105,46.3279652],[49.6197506,46.2696138],[49.6317669,46.2506243],[49.6622371,46.2312718],[49.6755408,46.2300844],[49.6874713,46.240652],[49.7137355,46.233053],[49.7237348,46.2228401],[49.7342491,46.2239387],[49.7422313,46.2302031],[49.7350215,46.233528],[49.6448132,46.3130274],[49.6352002,46.3504826],[49.6437832,46.3715695],[49.6788021,46.370385],[49.682922,46.3590131],[49.7031781,46.3540372],[49.6921917,46.3357881],[49.7079846,46.3236977],[49.727554,46.3286764],[49.7443768,46.3161102],[49.7344204,46.2890711],[49.7423169,46.2852751],[49.7502133,46.2980856],[49.7656628,46.2757839],[49.7491833,46.2582209],[49.7765636,46.2182082],[49.7608565,46.2230183],[49.7610282,46.219871],[49.7842883,46.2105466],[49.7914981,46.1972404],[49.8030852,46.1948046],[49.8304652,46.1984286],[49.8350142,46.2025277],[49.8375891,46.2169017],[49.8360441,46.2360216],[49.8611067,46.2639175],[49.8751829,46.2891896],[49.8714923,46.3084918],[49.859476,46.320793],[49.8439406,46.3425431],[49.8352717,46.3462167],[49.7790526,46.3561696],[49.7596548,46.3620931],[49.7397421,46.3727538],[49.7354506,46.3792676],[49.7435187,46.3937137],[49.7550201,46.3953711],[49.782915,46.3844188],[49.8081064,46.370829],[49.8180198,46.367246],[49.8322248,46.3646103],[49.8444555,46.3665945],[49.8514937,46.3856622],[49.8353575,46.4003434],[49.8496054,46.4246059],[49.8131274,46.4392765],[49.8250578,46.4466104],[49.8315809,46.4454276],[49.8374174,46.4494491],[49.841194,46.4488577],[49.8439406,46.4584371],[49.8506354,46.4393949],[49.8695182,46.4259075],[49.8811912,46.4321783],[49.8898601,46.4453093],[49.8954391,46.4486802],[49.8947525,46.4515187],[49.8898601,46.4562197],[49.8948812,46.4591761],[49.8951387,46.4609794],[49.8920488,46.4606247],[49.8893022,46.4626645],[49.8906755,46.4658274],[49.887886,46.4667142],[49.8852253,46.4652658],[49.8810625,46.4678966],[49.8829078,46.4709705],[49.8750114,46.4730395],[49.865055,46.4722711],[49.8565745,46.4677982],[49.8564883,46.4698401],[49.8609969,46.474193],[49.862719,46.4749683],[49.8611926,46.4730395],[49.8655087,46.4744687],[49.8639374,46.4757709],[49.8655904,46.4764433],[49.8642826,46.4812849],[49.8605918,46.4808416],[49.8594331,46.4822896],[49.852395,46.4800733],[49.8533392,46.4813144],[49.8500347,46.4827329],[49.8537683,46.4831466],[49.8585319,46.4863083],[49.8601627,46.4848013],[49.8663425,46.4851855],[49.8679106,46.4873453],[49.8697336,46.4870032],[49.8708057,46.4912422],[49.8742992,46.492586],[49.8724849,46.4926486],[49.8712778,46.4952903],[49.875904,46.4945704],[49.8781592,46.4966095],[49.8811891,46.4957394],[49.8806475,46.4972512],[49.8772031,46.4973296],[49.8790609,46.4978783],[49.8770745,46.5000309],[49.8846213,46.4975797],[49.8835698,46.4955222],[49.8871135,46.4962062],[49.8915459,46.501253],[49.8919027,46.5038073],[49.8950653,46.5056715],[49.8906476,46.5074028],[49.8952012,46.5078789],[49.8958035,46.5058454],[49.8974838,46.5057869],[49.898363,46.5076033],[49.8964116,46.5097873],[49.8976682,46.5112627],[49.9066829,46.5076677],[49.9069404,46.5263317],[49.902563,46.52893],[49.9021339,46.5324729],[49.898529,46.5354842],[49.9295997,46.5744979],[49.9488258,46.5887152],[49.9621295,46.5917824],[49.9939727,46.5890691],[50.0186061,46.5838782],[50.0306224,46.585353],[50.0412654,46.5913105],[50.0479602,46.6121864],[50.0568008,46.6263938],[50.0623798,46.6306377],[50.0610065,46.6328773],[50.0531959,46.6285158],[50.0430678,46.6163134],[50.032339,46.6072925],[50.0292491,46.6122453],[50.0358581,46.622916],[50.0615215,46.6408333],[50.088129,46.6677275],[50.0897383,46.6732933],[50.0972271,46.6744269],[50.0981498,46.6772537],[50.1063037,46.6838636],[50.1054346,46.685159],[50.1071942,46.6845996],[50.1082992,46.6890817],[50.1199507,46.6980228],[50.1340699,46.7006423],[50.1435756,46.7039091],[50.1492619,46.7079262],[50.1517081,46.7131199],[50.1569652,46.7182838],[50.1652264,46.7226381],[50.1696038,46.7272568],[50.1722968,46.7368533],[50.1792812,46.7431839],[50.1938295,46.7497563],[50.2113712,46.7658678],[50.2167463,46.7679108],[50.2294814,46.7683591],[50.2318847,46.7664043],[50.2312624,46.764714],[50.2330649,46.7643833],[50.231992,46.7632221],[50.2328718,46.7602455],[50.2423024,46.7536376],[50.2404034,46.7462202],[50.2385902,46.7463011],[50.236643,46.7410848],[50.2334994,46.7392908],[50.2326519,46.7353459],[50.230329,46.7331546],[50.2306938,46.7310956],[50.228312,46.7289115],[50.2293849,46.7277936],[50.2279472,46.7274774],[50.2329986,46.6978897],[50.2359005,46.6964611],[50.2381566,46.6979627],[50.2413582,46.7066976],[50.2402209,46.7143264],[50.2429675,46.7177984],[50.2476882,46.7199167],[50.2631376,46.720211],[50.2739523,46.7329194],[50.2839087,46.7488007],[50.2955816,46.7619728],[50.3077696,46.7810195],[50.3187559,46.787367],[50.3314589,46.799707],[50.3462218,46.7980619],[50.3570364,46.8004121],[50.3620146,46.8058173],[50.3664778,46.8080497],[50.3681944,46.8064047],[50.3652762,46.7968867],[50.3656195,46.7746714],[50.3676794,46.7699686],[50.3754042,46.7664412],[50.3867338,46.7672642],[50.3972052,46.7724376],[50.3970335,46.7813722],[50.4002951,46.7887774],[50.4011534,46.7967692],[50.4303358,46.8209723],[50.4385756,46.8333047],[50.4389189,46.8408201],[50.4533385,46.8570218],[50.4608916,46.8624213],[50.467758,46.8614823],[50.4739378,46.8577261],[50.492649,46.8265515],[50.4968547,46.8116918],[50.5019187,46.8052885],[50.5103301,46.8034672],[50.5430316,46.8141001],[50.5492114,46.8146875],[50.5533313,46.8099882],[50.5738448,46.7980618],[50.5794238,46.8014109],[50.5794238,46.805406],[50.5862903,46.8099882],[50.5886077,46.8140414],[50.5956458,46.8183292],[50.599079,46.8264929],[50.5982207,46.8354185],[50.5994223,46.8448123],[50.6358145,46.888472],[50.6620787,46.904542],[50.67255,46.9139237],[50.6794165,46.9172069],[50.6879996,46.9180277],[50.6931494,46.9115784],[50.7015608,46.9113439],[50.7092856,46.9089985],[50.7115172,46.902079],[50.7111738,46.8929298],[50.7037924,46.8733359],[50.6984709,46.864534],[50.6993292,46.8596042],[50.7025908,46.8559653],[50.7188986,46.8536175],[50.7405279,46.8608954],[50.7451628,46.8648861],[50.7497976,46.8720451],[50.7707403,46.8953932],[50.7764052,46.9058321],[50.7844732,46.9297516],[50.7897948,46.9377224],[50.8061026,46.9433482],[50.812969,46.943817],[50.8160589,46.9424106],[50.8198355,46.9370192],[50.8170889,46.9302205],[50.8194922,46.926352],[50.8239554,46.92389],[50.8291052,46.9247106],[50.8339548,46.9224537],[50.859146,46.9411799],[50.8766555,46.9458678],[50.9000873,46.9486803],[50.9193992,46.945399],[50.9378528,46.9449303],[50.9461784,46.9405353],[50.9567355,46.9417074],[50.9581088,46.9406525],[50.9571647,46.9376052],[50.9589671,46.9368433],[50.9836864,46.9303377],[50.9831714,46.9274656],[50.9794807,46.9257657],[50.9809398,46.9218382],[50.9857463,46.9204312],[50.9925269,46.9221313],[50.9998225,46.9217796],[51.006689,46.9187311],[51.0399913,46.9226003],[51.0594749,46.9208416],[51.0650539,46.918907],[51.081705,46.918907],[51.1058233,46.9237727],[51.1089132,46.9256485],[51.1106299,46.9282277],[51.10754,46.9339716],[51.1082266,46.9367848],[51.1142348,46.9449889],[51.1411856,46.9650252],[51.1652182,46.9758019],[51.2007521,46.9799011],[51.2292479,46.9729908],[51.2543104,46.9719366],[51.3236616,46.9752162],[51.3669203,46.9822434],[51.375246,46.9858737],[51.397047,46.986225],[51.3989352,46.983473],[51.4009952,46.9831802],[51.4099216,46.985698],[51.4282893,46.9852296],[51.4323234,46.9835316],[51.4413356,46.9836487],[51.4555835,46.9806038],[51.4669131,46.9766217],[51.482191,46.975509],[51.5079402,46.9626235],[51.5267801,46.9570291],[51.5375089,46.949149],[51.5458774,46.9489147],[51.5607261,46.9411213],[51.5625715,46.9419417],[51.56991,46.9390702],[51.5793085,46.9383377],[51.5809822,46.9357884],[51.5794372,46.9322719],[51.5764761,46.9296929],[51.5722274,46.9300446],[51.5717125,46.9279345],[51.5645027,46.9246813],[51.5666055,46.922952],[51.5647173,46.9204459],[51.5697813,46.9213545],[51.5652323,46.9195079],[51.565876,46.9172654],[51.5621424,46.9169137],[51.5632045,46.9151402],[51.5616623,46.9135113],[51.5633655,46.9120034],[51.5596238,46.9102682],[51.5608415,46.908872],[51.5585187,46.905984],[51.5616032,46.9058924],[51.56012,46.9069552],[51.561799,46.909035],[51.5802955,46.9232158],[51.5993499,46.9257657],[51.5999507,46.9227761],[51.606903,46.9226882],[51.6028261,46.9196398],[51.6003799,46.9149203],[51.6088771,46.90979],[51.6081047,46.9061252],[51.6002512,46.9055388],[51.590209,46.9084707],[51.5845871,46.9083534],[51.5820121,46.906389],[51.5864324,46.9065943],[51.5873766,46.9039848],[51.5981054,46.9026067],[51.602869,46.8987655],[51.6145849,46.8959503],[51.6158294,46.8933403],[51.611495,46.8939562],[51.6093492,46.8924312],[51.572957,46.8958917],[51.5700817,46.8948359],[51.5691375,46.8907302],[51.5660476,46.8880319],[51.5699958,46.8872107],[51.5836,46.8893517],[51.6072034,46.8829577],[51.5861749,46.8682896],[51.5800809,46.8667639],[51.576004,46.8678495],[51.5748024,46.8705194],[51.5734291,46.8751254],[51.5751886,46.8791444],[51.5732145,46.8820777],[51.560812,46.882547],[51.5559625,46.8766509],[51.550126,46.8639764],[51.5429592,46.8553196],[51.5408134,46.8480703],[51.5436887,46.8431097],[51.5297762,46.8305429],[51.56012,46.8371541],[51.5812773,46.8513612],[51.5859551,46.8618966],[51.6059107,46.874777],[51.6082281,46.8739555],[51.6147513,46.8625128],[51.6147513,46.8594904],[51.6069407,46.8540613],[51.6074127,46.8528873],[51.6165537,46.8571134],[51.6177982,46.8515079],[51.6208881,46.8669435],[51.6235918,46.8693788],[51.6267675,46.8679998],[51.6311449,46.8572601],[51.6301579,46.8652124],[51.6264671,46.8711684],[51.6269821,46.882756],[51.6237206,46.8866277],[51.6285271,46.8897953],[51.6393417,46.8892674],[51.6423458,46.8878009],[51.6431183,46.8837533],[51.647839,46.8767718],[51.6475815,46.8723713],[51.6490406,46.8723126],[51.6503281,46.8772412],[51.6480106,46.8823453],[51.6559929,46.8842226],[51.6643185,46.8830493],[51.6692108,46.8769479],[51.6684383,46.8708457],[51.6765493,46.8552645],[51.6801542,46.8530634],[51.6884369,46.8517721],[51.6884905,46.8503853],[51.6944987,46.8548463],[51.7098517,46.8613611],[51.7496878,46.8537164],[51.7738921,46.8416236],[51.8298537,46.8457331],[51.8717391,46.840332],[51.9225508,46.82483],[51.9370077,46.8134541],[51.9964026,46.8048773],[52.0633132,46.7759461],[52.1033103,46.7659523],[52.1412474,46.7734772],[52.1381575,46.7831169],[52.1822745,46.7762988],[52.2032172,46.7636006],[52.2251898,46.7563095],[52.2914511,46.7459592],[52.3170287,46.7480765],[52.3372847,46.7604255],[52.3350531,46.776769],[52.3618323,46.8143754],[52.3652655,46.8435023],[52.3954779,46.8383357],[52.405091,46.8181346],[52.391358,46.8002761],[52.4009711,46.788994],[52.4652069,46.8173395],[52.4758294,46.8262381],[52.4771886,46.8293958],[52.4653668,46.8316836],[52.4746567,46.8623294],[52.4969911,46.8643105],[52.516832,46.8695446],[52.5215632,46.8788473],[52.5428591,46.8791099],[52.5585356,46.8822084],[52.5678656,46.8819657],[52.5697004,46.8778015],[52.5741482,46.8775847],[52.5796834,46.8811304],[52.5800257,46.8830628],[52.5646717,46.8955067],[52.546234,46.930455],[52.54783,46.9436415],[52.5517271,46.9514342],[52.5603102,46.9508483],[52.567005,46.9486218],[52.5752447,46.9407698],[52.5777227,46.9265256],[52.5809096,46.9200209],[52.5975607,46.9176759],[52.6229666,46.9285794],[52.6337813,46.9292827],[52.6426703,46.926099],[52.6416777,46.9222486],[52.6257132,46.9155653],[52.6281164,46.9098194],[52.631378,46.9044247],[52.6385878,46.9016099],[52.65297,46.8909171],[52.6456259,46.877443],[52.6660536,46.8738053],[52.6655386,46.8654729],[52.674256,46.8557121],[52.6591498,46.8439719],[52.6600455,46.8356534],[52.6657103,46.8321303],[52.662583,46.8280012],[52.6523207,46.8227342],[52.6236532,46.8122792],[52.6148985,46.8049948],[52.6167868,46.7985319],[52.6233099,46.7921858],[52.631893,46.7905404],[52.6471708,46.7950064],[52.6559256,46.7933611],[52.6756293,46.7842924],[52.6790999,46.76844],[52.6782416,46.7631487],[52.6682852,46.7590329],[52.6718901,46.7544463],[52.6756666,46.7432722],[52.695236,46.7392725],[52.7254484,46.7495065],[52.7362631,46.7503298],[52.7465628,46.749036],[52.748966,46.745272],[52.7486227,46.7397431],[52.7446745,46.7275069],[52.7396963,46.7210348],[52.7401095,46.7143079],[52.7502802,46.706764],[52.757635,46.6800067],[52.7713679,46.6750601],[52.7726554,46.6733522],[52.7598666,46.6684049],[52.7580642,46.6652243],[52.7648448,46.6576254],[52.7699946,46.6594516],[52.7812385,46.6684638],[52.7869033,46.6754723],[52.7866458,46.6843052],[52.7970312,46.7020845],[52.8114508,46.7171511],[52.8471564,46.7392725],[52.8617476,46.7518588],[52.8718756,46.7632663],[52.8763388,46.773143],[52.881832,46.7759646],[52.9151343,46.7805493],[52.9202841,46.7780807],[52.9213141,46.7734957],[52.9197691,46.7591505],[52.914276,46.751506],[52.9207991,46.7419782],[52.9183958,46.7411548],[52.9091261,46.7497417],[52.9003714,46.7498593],[52.8962515,46.7430369],[52.8991698,46.7379784],[52.8923033,46.7275069],[52.8916166,46.718328],[52.8953932,46.7143265],[52.9027746,46.7147972],[52.9156492,46.7196226],[52.9360769,46.7199756],[52.9468916,46.7220939],[52.9661177,46.7339783],[52.9743574,46.7356255],[52.9819105,46.7319782],[52.9911802,46.7118548],[53.0076597,46.7078527],[53.0086897,46.6931368],[53.0177878,46.6779457],[53.0265425,46.6423655],[53.0227659,46.638594],[53.0225943,46.6256276],[53.0193327,46.6180821],[53.011608,46.6092383],[53.0071448,46.6078232],[53.0001067,46.6093562],[52.9968452,46.6079411],[52.9966735,46.6058773],[52.9994201,46.6038724],[53.0073165,46.602752],[53.017702,46.6021033],[53.0280017,46.6038134],[53.0459402,46.6002752],[53.05418,46.5968547],[53.0826758,46.5764449],[53.0790709,46.5719608],[53.0704878,46.5707807],[53.052635,46.5816366],[53.0411337,46.5940237],[53.0364989,46.5940237],[53.0237959,46.585412],[53.0080031,46.5785688],[53.0066298,46.5718428],[53.0158995,46.5601588],[53.0332373,46.5615752],[53.0358122,46.5588604],[53.031864,46.5492987],[53.0213069,46.5368422],[53.0200194,46.5305243],[53.0148696,46.5253869],[53.0107497,46.5092626],[53.0096339,46.4949063],[53.0019092,46.4883472],[53.0017375,46.4855696],[53.0041408,46.4829102],[53.0303425,46.4679989],[53.0740177,46.4328724],[53.089236,46.4270916],[53.1265599,46.4082316],[53.1278507,46.4029066],[53.1227729,46.4011264],[53.0988843,46.4051558],[53.0792572,46.4054172],[53.0629078,46.4004672],[53.0467658,46.3979567],[53.0252554,46.3819797],[53.0078696,46.3666947],[52.9836939,46.3498966],[52.9839187,46.3438336],[52.9825504,46.3414025],[52.9891468,46.3289313],[52.9898774,46.3220799],[52.9742323,46.3090927],[52.9707809,46.3088486],[52.9710036,46.3071087],[52.9673092,46.3029515],[52.9583929,46.2992715],[52.9523848,46.2635615],[52.9544447,46.2481313],[52.9616545,46.2420768],[52.954788,46.2355466],[52.9422568,46.2292532],[52.9261206,46.217258],[52.9177092,46.2072798],[52.8885493,46.1959397],[52.8859492,46.1967396],[52.8847338,46.1934116],[52.8953627,46.1757399],[52.904519,46.1705583],[52.905853,46.1634355],[52.9171076,46.1436751],[52.9127972,46.1434419],[52.9072801,46.1383443],[52.9032012,46.1390595],[52.8956508,46.148562],[52.8936767,46.1538539],[52.8896426,46.1566483],[52.8856086,46.1568861],[52.8589152,46.1532593],[52.8474998,46.1489782],[52.8447103,46.1510296],[52.8384447,46.1509107],[52.8357839,46.1504052],[52.8324365,46.1468672],[52.8341102,46.1432695],[52.8426075,46.1402663],[52.8490448,46.1412475],[52.8505881,46.1405558],[52.849693,46.1387599],[52.8529121,46.1371471],[52.8485414,46.1368758],[52.8462372,46.1351138],[52.847154,46.1333875],[52.8415544,46.1298456],[52.8406039,46.1266512],[52.8359727,46.1269392],[52.8352936,46.1246518],[52.8271494,46.1234533],[52.827128,46.1201243],[52.8307952,46.11641],[52.8466692,46.1156984],[52.8493201,46.1030507],[52.8539257,46.1010305],[52.8504364,46.100153],[52.8524439,46.0987928],[52.8523195,46.0965798],[52.8619039,46.0957328],[52.8580858,46.09199],[52.8633628,46.0902197],[52.854891,46.0871361],[52.8570328,46.0862439],[52.8561611,46.0826417],[52.8496415,46.0790478],[52.8455504,46.0797477],[52.8391046,46.0783175],[52.8397039,46.0767943],[52.8325803,46.0758825],[52.8326383,46.0739134],[52.827637,46.072439],[52.8269437,46.0671486],[52.8386708,46.0569146],[52.873931,46.0462424],[52.926902,46.0098609],[52.9254104,45.9953443],[52.9165467,45.9816683],[52.9121704,45.9676352],[52.9167103,45.9550806],[52.9230977,45.945795],[52.934777,45.9423873],[52.9811634,45.9342709],[52.9876126,45.9321146],[52.9885008,45.9289991],[52.9841104,45.9256448],[52.9751579,45.9235332],[52.9675546,45.9196473],[52.954127,45.9183613],[52.9537302,45.9131339],[52.9447147,45.9050321],[52.9289468,45.9026133],[52.910446,45.8967315],[52.9023258,45.8915768],[52.8989117,45.8849212],[52.8991696,45.8763857],[52.9259488,45.8682583],[52.9407116,45.8574996],[52.9204556,45.8603687],[52.8778836,45.8582169],[52.8377148,45.8302348],[52.8301617,45.8024781],[52.8358268,45.7640203],[52.8141546,45.747387],[52.7655315,45.7058197],[52.7657889,45.7030625],[52.7875899,45.6973078],[52.8521345,45.6537683],[52.8711889,45.629285],[52.8651808,45.629165],[52.8155707,45.656768],[52.8033827,45.6618071],[52.7863882,45.6642065],[52.7673338,45.6646863],[52.7565191,45.6673255],[52.7448462,45.6724836],[52.7345465,45.6736831],[52.7262747,45.6718688],[52.7091408,45.6562279],[52.703948,45.6484734],[52.7075957,45.6388876],[52.7235602,45.6303654],[52.7221869,45.6216018],[52.7314566,45.6094745],[52.7187536,45.6086339],[52.7108572,45.6050312],[52.708454,45.6026292],[52.7108572,45.5974647],[52.7309416,45.5929003],[52.7364348,45.5898972],[52.7326582,45.5807669],[52.7328299,45.5745189],[52.7405546,45.5679097],[52.7384947,45.5632228],[52.7415846,45.5574536],[52.7566908,45.5443507],[52.7582358,45.537738],[52.7451895,45.5275168],[52.7419279,45.5192182],[52.7548025,45.5081516],[52.782955,45.4961201],[52.826042,45.4805958],[52.8329085,45.4718088],[52.8682707,45.46904],[52.8737639,45.4648263],[52.8643225,45.4602512],[52.846813,45.4638632],[52.8208922,45.4633816],[52.8050993,45.4696419],[52.7879332,45.4679565],[52.7534292,45.4827622],[52.7307699,45.480355],[52.7075957,45.4849286],[52.6857947,45.4929915],[52.6787565,45.5023768],[52.675495,45.511159],[52.6766966,45.5175343],[52.6742933,45.5255926],[52.6646803,45.5284789],[52.6578139,45.5348522],[52.6245761,45.5541555],[52.6121628,45.5505343],[52.6095986,45.5483629],[52.611841,45.54269],[52.6215184,45.5352429],[52.6237392,45.5304329],[52.6228809,45.5247657],[52.6126778,45.5098582],[52.4537944,45.4332139],[52.4369716,45.4334549],[52.4265861,45.4355027],[52.4233031,45.437716],[52.4211359,45.4456652],[52.4192047,45.4464782],[52.3684358,45.4466438],[52.3605394,45.4445813],[52.3463559,45.4364512],[52.3448539,45.4343281],[52.3469781,45.4283651],[52.3153066,45.4149309],[52.3087406,45.4134849],[52.2696018,45.411376],[52.221837,45.4115568],[52.1963453,45.4089357],[52.1752739,45.4113459],[52.1456193,45.4232448],[52.1241188,45.4281543],[52.1167373,45.4351714],[52.1120596,45.4336355],[52.1081543,45.43746],[52.0923614,45.4311961],[52.0939921,45.4292386],[52.0915889,45.4185157],[52.0726203,45.4140573],[52.0461845,45.4124606],[52.0217228,45.4113459],[51.9806098,45.4165878],[51.92173,45.4189675],[51.8811321,45.4187265],[51.828475,45.4134547],[51.8242263,45.4140271],[51.822853,45.4160455],[51.8230247,45.4209556],[51.8210077,45.42204],[51.81221,45.4204134],[51.8057727,45.4217086],[51.8034124,45.4199013],[51.7611407,45.412551],[51.7233752,45.4023673],[51.697669,45.3906448],[51.637845,45.367102],[51.5851069,45.3418183],[51.5253688,45.3280618],[51.5088893,45.3287859],[51.4790202,45.3258894],[51.4749003,45.3268549],[51.4587642,45.3241997],[51.4110423,45.3058512],[51.3912963,45.3059838],[51.3876914,45.3093038],[51.383314,45.3098471],[51.3705253,45.309002],[51.3592815,45.3038105],[51.356449,45.2987997],[51.356964,45.2921582],[51.3533591,45.2834626],[51.3294982,45.2770608],[51.3288116,45.2736181],[51.3191985,45.2626241],[51.309843,45.2578513],[51.304264,45.25193],[51.3015174,45.2435305],[51.2856388,45.2201985],[51.2749528,45.20995],[51.2539243,45.1989436],[51.2602731,45.1965548],[51.2489565,45.1683896],[51.2467743,45.1593446],[51.2503672,45.1479543],[51.2538005,45.109199],[51.2582586,45.0812787],[51.2584304,45.0569708],[51.2568854,45.0421143],[51.2498472,45.0328952],[51.2500189,45.0285278],[51.246414,45.0281638],[51.2428091,45.0307116],[51.234741,45.0418717],[51.2301062,45.045753],[51.215,45.0515744],[51.204872,45.0489063],[51.1919974,45.0482999],[51.1786078,45.0444188],[51.1640166,45.0350788],[51.149597,45.0296197],[51.116123,45.0109333],[51.0871123,44.9912697],[51.0764692,44.9879917],[51.0647963,44.9804639],[51.05072,44.977914],[50.9949301,44.9377066],[50.9939001,44.9327243],[50.9854885,44.9227585],[50.9865187,44.9174101],[50.9928702,44.9061041],[50.9890936,44.9016054],[50.9793089,44.8791066],[50.9806282,44.8682548],[50.9957789,44.8579773],[50.9989391,44.8534967],[51.0187372,44.8406463],[51.0611914,44.8325001],[51.083164,44.8202033],[51.1061667,44.8007179],[51.10754,44.7917037],[51.1144064,44.783541],[51.1162947,44.7776923],[51.1408423,44.7655057],[51.148052,44.766237],[51.1463354,44.7695276],[51.1363791,44.7776923],[51.1332892,44.7830536],[51.1360357,44.7846375],[51.1413573,44.784272],[51.1564635,44.7764738],[51.1863325,44.7550232],[51.2100218,44.727589],[51.2122534,44.7177095],[51.2098501,44.714538],[51.2125967,44.7108783],[51.2160299,44.7111223],[51.2210081,44.7084383],[51.2646099,44.646674],[51.2709616,44.6310393],[51.2742232,44.6145451],[51.2725066,44.6073349],[51.2735366,44.604524],[51.2651252,44.5930955],[51.2670993,44.5886946],[51.2761115,44.5842934],[51.2806605,44.5790971],[51.2831496,44.5861884],[51.2947368,44.5907729],[51.3012599,44.5916897],[51.3195418,44.5920565],[51.3349913,44.5901006],[51.4074324,44.5946236],[51.4287184,44.5932789],[51.4645956,44.5809312],[51.5402983,44.5488883],[51.5493963,44.5417925],[51.5519713,44.534451],[51.549053,44.521846],[51.5425299,44.5176846],[51.5243338,44.5137676],[51.5056227,44.5122987],[51.4915463,44.5151142],[51.4788435,44.5277205],[51.4482878,44.5327379],[51.4518927,44.5241714],[51.4488028,44.5169502],[51.4457129,44.5141349],[51.4204786,44.5045863],[51.4160155,44.5043414],[51.4038275,44.5119315],[51.3916395,44.527231],[51.3870047,44.5304128],[51.3794516,44.5313918],[51.375675,44.5269863],[51.3638302,44.5249059],[51.3631437,44.5289443],[51.3774776,44.5454016],[51.377735,44.5475426],[51.3744734,44.550601],[51.3634013,44.5511514],[51.3358497,44.5456463],[51.2840509,44.5433829],[51.2856817,44.5404159],[51.2845229,44.5363476],[51.277399,44.529189],[51.2570786,44.519574],[51.2532815,44.5105907],[51.2333025,44.4934966],[51.2119521,44.4807833],[51.1989703,44.4754376],[51.1826978,44.4733782],[51.1767541,44.4748305],[51.1764322,44.4764114],[51.1709669,44.474695],[51.1319976,44.4758763],[51.1107588,44.4735424],[51.0988327,44.4747417],[51.078937,44.4812513],[51.0759437,44.4847162],[51.0692489,44.4879489],[51.0667792,44.4919645],[51.0604459,44.4933064],[51.0511215,44.498223],[51.0505143,44.5006427],[51.0369552,44.5081721],[51.0133367,44.5141795],[51.0045482,44.5195697],[50.9969951,44.5310738],[50.9959651,44.5401287],[50.9990223,44.5501319],[51.0074187,44.5583489],[50.9789315,44.5533904],[50.958905,44.5586975],[50.9485865,44.5672848],[50.9420634,44.5765785],[50.9194744,44.592064],[50.9189271,44.5947457],[50.910902,44.5994364],[50.9011709,44.609168],[50.891912,44.6115663],[50.8914233,44.6139832],[50.8742523,44.6159349],[50.8664632,44.6224261],[50.8603906,44.6224719],[50.8559109,44.6249036],[50.8414972,44.6244497],[50.8317339,44.6268779],[50.8207369,44.6354063],[50.8120943,44.6337301],[50.8023906,44.6355513],[50.7983351,44.6326883],[50.7997083,44.6297984],[50.7926381,44.6187911],[50.781759,44.6103977],[50.7735783,44.6077092],[50.7662338,44.609095],[50.7476145,44.6052725],[50.7145263,44.6130819],[50.6975645,44.6080987],[50.684824,44.6071554],[50.6648898,44.6089389],[50.660727,44.6113448],[50.6572059,44.6095931],[50.6492751,44.6090371],[50.6412714,44.6113621],[50.6397061,44.6131363],[50.6271994,44.6132504],[50.6180778,44.6193689],[50.6112007,44.6277365],[50.6062996,44.6283363],[50.5980277,44.6342153],[50.5932802,44.6311461],[50.5612868,44.6199786],[50.5355322,44.6252209],[50.5271273,44.6296546],[50.508399,44.6252973],[50.5024038,44.6267088],[50.4934859,44.6235639],[50.4732385,44.624896],[50.4662722,44.6237166],[50.4411572,44.6275273],[50.416984,44.6364713],[50.4022855,44.6345169],[50.3853473,44.6369694],[50.375179,44.6423819],[50.3686453,44.6398941],[50.3600483,44.6413461],[50.3453079,44.6409446],[50.3218783,44.6460941],[50.3183469,44.6450571],[50.3143638,44.646283],[50.3098367,44.6447354],[50.3105615,44.6418587],[50.3087086,44.6410075],[50.305571,44.6332999],[50.3035089,44.6227699],[50.2984002,44.6128057],[50.2931664,44.6089906],[50.2940178,44.6073861],[50.2879075,44.5978648],[50.2846771,44.5857702],[50.2777216,44.5852129],[50.2755492,44.5838262],[50.2844121,44.5844735],[50.2816574,44.5757781],[50.2765739,44.5760698],[50.2740822,44.5753429],[50.2788402,44.575655],[50.2764299,44.5701071],[50.2799169,44.5682105],[50.275387,44.5685476],[50.2725068,44.564244],[50.2770147,44.5615588],[50.273119,44.5540389],[50.2713154,44.5521434],[50.2687415,44.5527612],[50.2663469,44.5523621],[50.2708659,44.5520112],[50.2683167,44.5474198],[50.2705971,44.5466988],[50.2682688,44.5443737],[50.2602324,44.5420851],[50.2558798,44.5447264],[50.2564589,44.5429916],[50.2552385,44.5425098],[50.2493164,44.5461426],[50.2504752,44.5497939],[50.2526649,44.5483751],[50.2498653,44.5523186],[50.2518786,44.5529541],[50.2513755,44.5556603],[50.2555983,44.5605334],[50.2426728,44.5705537],[50.2386889,44.5700829],[50.2322684,44.5735771],[50.2257643,44.586566],[50.2263851,44.5915618],[50.2311446,44.5965636],[50.2307587,44.5985344],[50.2259024,44.5981609],[50.2221534,44.5860134],[50.2307327,44.5746512],[50.238367,44.5454581],[50.2408224,44.5290123],[50.2404744,44.5175479],[50.24334,44.4916908],[50.2410607,44.4864584],[50.2441827,44.445065],[50.2474349,44.4356923],[50.2436207,44.4208551],[50.2479335,44.3926526],[50.2473906,44.3860098],[50.2519118,44.3792484],[50.2549651,44.3784106],[50.26084,44.3731949],[50.2675583,44.3652141],[50.268422,44.3569166],[50.2806152,44.3536241],[50.3005899,44.3407071],[50.33248,44.3253532],[50.3378154,44.3209501],[50.3562995,44.3176812],[50.3752845,44.3120013],[50.3799531,44.3097641],[50.3817868,44.3048881],[50.3835774,44.3060837],[50.3917242,44.3045355],[50.3995612,44.3010101],[50.4107876,44.2988328],[50.5815745,44.2853235],[50.6313563,44.2784414],[50.6790782,44.2695918],[50.7483289,44.2536052],[50.770391,44.2450384],[50.7892747,44.2338992],[50.7986036,44.2264846],[50.814783,44.219063],[50.8407188,44.1973471],[50.8476469,44.1834014],[50.8572627,44.1507308],[50.8733989,44.1110571],[50.8761454,44.0780165],[50.8750033,44.0672216],[50.873394,44.0665894],[50.8743409,44.0624998],[50.8694441,44.0527055],[50.8697486,44.0474795],[50.8681189,44.0435662],[50.8694621,44.0403865],[50.8678861,44.0348247],[50.8688352,44.032211],[50.8728174,44.0273191],[50.8734263,44.0234946],[50.8926841,44.0128256],[50.9029246,44.0094106],[50.9104777,44.0099045],[50.9290172,44.0044719],[50.9763957,43.9587691],[50.9942485,43.9367698],[50.9997416,43.907837],[51.0052348,43.8902726],[51.0056468,43.8791354],[51.0072144,43.8785644],[51.007698,43.8756814],[51.0053909,43.8747028],[51.0077605,43.8724732],[51.0181582,43.8425711],[51.0178969,43.8372382],[51.0151479,43.8365907],[51.0152365,43.8351859],[51.0182288,43.8346016],[51.0222372,43.8284417],[51.0253013,43.8157427],[51.0229111,43.8139205],[51.0231417,43.8118506],[51.0266232,43.8093305],[51.0294986,43.8043364],[51.0298848,43.7991018],[51.0717411,43.757356],[51.082709,43.7371329],[51.0826667,43.7313719],[51.0881315,43.7280854],[51.0906347,43.7230662],[51.1002243,43.7162883],[51.1141014,43.6961491],[51.1171965,43.6845286],[51.12217,43.6788475],[51.1233368,43.6737216],[51.1315337,43.6660106],[51.1323654,43.6612399],[51.1371928,43.6542138],[51.1557827,43.6342297],[51.1615564,43.6307777],[51.1630163,43.6271769],[51.1665851,43.6259462],[51.1695316,43.6301651],[51.1857674,43.6287822],[51.208512,43.6208643],[51.2136374,43.6147322],[51.2099632,43.6121638],[51.2165133,43.6149606],[51.2200128,43.6114926],[51.2182184,43.6102054],[51.2148254,43.6104605],[51.2051892,43.6081879],[51.2047299,43.6072717],[51.2174039,43.6100316],[51.2198862,43.6054389],[51.2158657,43.605308],[51.217524,43.6047552],[51.2158333,43.6046821],[51.2166225,43.6030169],[51.2153622,43.6025678],[51.2182848,43.602266],[51.2179133,43.600575],[51.2238023,43.594905],[51.2224303,43.5939733],[51.226509,43.5949129],[51.2368436,43.5919016],[51.2494728,43.5835894],[51.243173,43.5789946],[51.2799989,43.6018123],[51.2811947,43.6013006],[51.2434772,43.5785626],[51.2509444,43.5817981],[51.2568237,43.5782898],[51.2644411,43.5706458],[51.2784955,43.5485151],[51.2838547,43.5349542],[51.2857417,43.5270578],[51.2841245,43.523153],[51.2865408,43.5195672],[51.2852407,43.5174314],[51.2886213,43.5158],[51.2933077,43.5080387],[51.2948152,43.5016085],[51.292597,43.501157],[51.2928086,43.5004217],[51.2929388,43.5010782],[51.2951838,43.5014862],[51.2931506,43.5008458],[51.2952864,43.5002876],[51.2943097,43.491535],[51.3092752,43.4662961],[51.3146201,43.452628],[51.3173152,43.3916271],[51.3124122,43.3407866],[51.3072254,43.3173561],[51.2698991,43.1922728],[51.2665545,43.1631621],[51.2676437,43.1583868],[51.2745361,43.1499487],[51.2844784,43.1476984],[51.2967127,43.1474768],[51.3668637,43.1575035],[51.433032,43.1623054],[51.4342205,43.1600643],[51.4385193,43.1605746],[51.4396826,43.1625231],[51.452478,43.160979],[51.4523869,43.1640582],[51.4724874,43.1661972],[51.4904192,43.1606729],[51.4922124,43.1650268],[51.5031094,43.1716662],[51.5485379,43.1756801],[51.5883435,43.1840908],[51.5903334,43.1840016],[51.5905902,43.1823389],[51.5975322,43.1794398],[51.591156,43.1823469],[51.5910325,43.1846112],[51.6021193,43.1854335],[51.602537,43.1821421],[51.5975692,43.1815318],[51.6023278,43.181778],[51.6030027,43.1823846],[51.6025237,43.1852032],[51.6041605,43.185967],[51.6208503,43.1876029],[51.6368148,43.1859445],[51.6370723,43.1838166],[51.6424796,43.1861635],[51.6506764,43.1829717],[51.6558263,43.1835898],[51.6611472,43.1797011],[51.6593929,43.177063],[51.6647453,43.1761007],[51.6678352,43.1719694],[51.6656036,43.1703419],[51.6675777,43.1675875],[51.6668177,43.1599141],[51.6716243,43.1338632],[51.6701318,43.1294597],[51.6721788,43.123579],[51.6691468,43.1161124],[51.6579227,43.1110859],[51.6574538,43.1049549],[51.7450953,43.0518809],[51.7651132,43.0335059],[51.7889803,43.0001649],[51.7914439,42.9873713],[51.7999117,42.9806704],[51.8035556,42.9757513],[51.808372,42.9555371],[51.8230296,42.9429031],[51.8498088,42.9034327],[51.8807078,42.8692213],[51.9050837,42.8332285],[51.9223571,42.8295405],[51.9330272,42.8303231],[51.9445863,42.832708],[51.9703651,42.8446466],[52.0226009,42.858572],[52.0775503,42.8710028],[52.139962,42.8804486],[52.1847356,42.8754773],[52.2240821,42.8635447],[52.2505392,42.8421596],[52.2695341,42.8123075],[52.2781703,42.8039036],[52.2874452,42.790097],[52.2872345,42.7861558],[52.2892781,42.7835197],[52.291957,42.7830053],[52.2963926,42.7861187],[52.2992239,42.7914364],[52.318254,42.8131419],[52.3409106,42.825591],[52.3780761,42.8332055],[52.4258341,42.8377944],[52.4504049,42.8378853],[52.472372,42.8356928],[52.5917683,42.8093215],[52.6126084,42.8028263],[52.6245323,42.7893389],[52.6303518,42.7799777],[52.6343802,42.7684729],[52.6350263,42.7593619],[52.6320705,42.7494078],[52.632615,42.7463629],[52.6412746,42.7503564],[52.6554263,42.7540867],[52.6646673,42.7531956],[52.6705274,42.7437427],[52.6931882,42.74042],[52.7019846,42.7417298],[52.7113074,42.7407632],[52.7374335,42.7327677],[52.7486388,42.7170265],[52.7577539,42.6885074],[52.7595682,42.6602283],[52.752311,42.6247278],[52.7345306,42.5940156],[52.7178389,42.5763826],[52.7025619,42.5725371],[52.6968336,42.577827],[52.681197,42.6183755],[52.6699573,42.6410657],[52.6593987,42.6510185],[52.6494284,42.6569621],[52.649769,42.661243],[52.6376004,42.6717845],[52.6327391,42.6732642],[52.6322127,42.6762009],[52.6290235,42.6771115],[52.6288067,42.6790919],[52.6213755,42.6799569],[52.613182,42.6835711],[52.6073885,42.6970877],[52.593756,42.6962302],[52.5796056,42.7098374],[52.5717099,42.7227364],[52.5738464,42.7326534],[52.5808442,42.7429554],[52.5747403,42.7428544],[52.5651505,42.7387379],[52.5595017,42.7306649],[52.5566554,42.7310187],[52.5538967,42.7361649],[52.5524516,42.7362614],[52.5507001,42.7334954],[52.5554731,42.7174757],[52.5602899,42.7127141],[52.5757474,42.7020633],[52.5839798,42.692312],[52.5921245,42.685778],[52.6349502,42.6548049],[52.6496756,42.6400526],[52.6587113,42.6280111],[52.6668835,42.6139703],[52.6750639,42.594956],[52.6817691,42.5649039],[52.6826203,42.5501891],[52.6752466,42.5216604],[52.6721181,42.4996478],[52.6420004,42.4244259],[52.6184142,42.394955],[52.5970052,42.3493818],[52.576322,42.3104845],[52.5534616,42.2772014],[52.5360441,42.2618961],[52.5088293,42.2293934],[52.4895975,42.2108513],[52.461657,42.1904219],[52.4540369,42.1812803],[52.4358937,42.1455077],[52.4282735,42.1145602],[52.4235563,42.0865599],[52.4239192,42.0800965],[52.4362565,42.0784805],[52.4446024,42.0722857],[52.4482311,42.0655515],[52.4464167,42.0531587],[52.4398852,42.035104],[52.4391595,42.0224357],[52.453674,42.0081471],[52.4638342,42.0011365],[52.4798002,41.9809091],[52.4859689,41.9617546],[52.4925004,41.9539292],[52.4954034,41.940435],[52.4943148,41.9139781],[52.4964919,41.8993951],[52.4892347,41.8699489],[52.4700029,41.8272413],[52.4442819,41.782283],[52.4419581,41.7744871],[52.4429005,41.7685039],[52.4462773,41.7617588],[52.4490873,41.7625508],[52.451645,41.7608176],[52.4563767,41.7526259],[52.4758087,41.7409284],[52.485606,41.7425529],[52.5037492,41.7374085],[52.514998,41.7311805],[52.5345382,41.7162936],[52.5414966,41.7075244],[52.5623749,41.7013407],[52.5757269,41.6951836],[52.588121,41.6850325],[52.5907205,41.6780422],[52.590453,41.6546174],[52.5917846,41.6502106],[52.596842,41.6480959],[52.5991595,41.6435421],[52.6013557,41.6373701],[52.5997401,41.6297927],[52.5846992,41.5919832],[52.5592674,41.5446023],[52.5569568,41.5414598],[52.553989,41.5411214],[52.5534988,41.5389664],[52.556085,41.5368321],[52.5598074,41.5374406],[52.5729284,41.5318492],[52.5757137,41.5272423],[52.5749223,41.524833],[52.5792195,41.5236262],[52.5799211,41.5192829],[52.5817787,41.518113],[52.6155518,41.5069289],[52.6148713,41.5030422],[52.6166356,41.5047058],[52.6162196,41.5066945],[52.6190198,41.5066623],[52.6224624,41.5050524],[52.6204449,41.5037903],[52.622771,41.5048414],[52.6279569,41.5020905],[52.6291371,41.4996719],[52.6510669,41.4882444],[52.6575372,41.4827557],[52.6602507,41.4741944],[52.6690913,41.4699981],[52.673297,41.4667181],[52.6752926,41.4628911],[52.6880813,41.461058],[52.7088455,41.4472007],[52.7200161,41.4358784],[52.7274769,41.4257639],[52.7279991,41.4214588],[52.7250485,41.41488],[52.7324271,41.4087018],[52.7400485,41.4127366],[52.7434109,41.4049189],[52.7481743,41.4068944],[52.7527135,41.4052692],[52.761792,41.397941],[52.7763195,41.380623],[52.7818105,41.3626989],[52.7900836,41.3438987],[52.797776,41.3359985],[52.806224,41.3238655],[52.8190779,41.2942646],[52.8216961,41.2738402],[52.8214193,41.2589378],[52.8238537,41.2456333],[52.8277708,41.2337693],[52.8495585,41.1954977],[52.8545012,41.1757507],[52.856047,41.1603553],[52.8554524,41.1482692],[52.8492695,41.1379718],[52.8479615,41.1304493],[52.8487939,41.1161182],[52.8468028,41.1001536],[52.8502207,41.0872673],[52.8548503,41.0823609],[52.8569532,41.0714587],[52.8600538,41.0681989],[52.8619165,41.0605305],[52.866078,41.0526763],[52.8646534,41.0581043],[52.8661968,41.0612942],[52.8637355,41.0652327],[52.8665789,41.0645855],[52.8667629,41.0663069],[52.8607297,41.070488],[52.8595148,41.0761852],[52.8704878,41.0721519],[52.8778101,41.0655701],[52.8864862,41.0612728],[52.8959388,41.0524479],[52.8967499,41.0494278],[52.9055107,41.043519],[52.9141742,41.0465082],[52.9161,41.0499873],[52.915349,41.0518058],[52.9171219,41.0526452],[52.920295,41.0494311],[52.9204198,41.0454647],[52.9260728,41.0310638],[52.9409266,41.0105723],[52.9474497,40.9913337],[52.9447403,40.967633],[52.9350499,40.9391252],[52.9304003,40.9301103],[52.9157522,40.9104819],[52.9083244,40.9053201],[52.9098828,40.8970366],[52.9078577,40.8921677],[52.9078971,40.8863319],[52.9065919,40.8841194],[52.9029034,40.8829454],[52.8979767,40.8655255],[52.8894281,40.8476122],[52.8833809,40.8422591],[52.8810984,40.823274],[52.8777552,40.8102039],[52.878453,40.7991622],[52.8743951,40.7899695],[52.8606678,40.7615232],[52.8571033,40.7586426],[52.8514953,40.7578051],[52.8499171,40.7471942],[52.8447998,40.7462456],[52.8394989,40.7485876],[52.8372415,40.7474018],[52.8462553,40.7400713],[52.8464232,40.7322014],[52.8446089,40.7264269],[52.8354835,40.7366896],[52.8322715,40.7322014],[52.8311829,40.7217519],[52.8344487,40.7135011],[52.8372579,40.712057],[52.8423148,40.7174032],[52.849463,40.7198988],[52.8589257,40.7159985],[52.8639667,40.7100787],[52.8666198,40.6971598],[52.862404,40.6742468],[52.8555453,40.6610369],[52.8221113,40.6124835],[52.7782048,40.5612282],[52.7607874,40.5369646],[52.75099,40.5215196],[52.7426442,40.5013806],[52.7364755,40.4793035],[52.7328468,40.4378894],[52.735024,40.4160677],[52.7208723,40.3759969],[52.7128893,40.3400509],[52.7125265,40.3215175],[52.7065176,40.288943],[52.7077238,40.284851],[52.7167357,40.2766045],[52.7228017,40.2553569],[52.7263966,40.2527876],[52.7342699,40.2403953],[52.7391295,40.2393092],[52.7421596,40.2364105],[52.7424348,40.2234606],[52.7364272,40.2080221],[52.7395009,40.1918311],[52.7421904,40.1915883],[52.7431565,40.1923263],[52.7419919,40.193815],[52.7445296,40.1936636],[52.7410882,40.1968621],[52.7440113,40.1948391],[52.7455184,40.195874],[52.7430317,40.2002289],[52.7532049,40.194277],[52.7545279,40.1905106],[52.7612698,40.1863414],[52.7615589,40.1832359],[52.7571057,40.1788296],[52.7594451,40.1807687],[52.7629192,40.1784776],[52.7631533,40.1762489],[52.761227,40.1758287],[52.7632869,40.1736935],[52.7616842,40.1728046],[52.7637936,40.1722991],[52.7664295,40.1666382],[52.7659659,40.1596281],[52.7634315,40.1593697],[52.759931,40.1550423],[52.7636361,40.1591293],[52.7667115,40.1592477],[52.7664383,40.1537906],[52.7625499,40.1534077],[52.7645235,40.1527316],[52.7624067,40.1458078],[52.7627134,40.1413484],[52.7571477,40.120475],[52.7361079,40.0797007],[52.7402656,40.0715193],[52.74368,40.0695213],[52.7445495,40.0657395],[52.7486802,40.0626429],[52.7490172,40.0559237],[52.7533014,40.0546195],[52.7548571,40.0504938],[52.7666663,40.0430508],[52.766724,40.0330204],[52.7615075,40.0170551],[52.7613986,40.0117905],[52.7661887,40.0111389],[52.7710415,40.0041703],[52.7949111,40.0015964],[52.810771,39.9939428],[52.8165381,39.9872274],[52.8171185,39.9844614],[52.8156285,39.983996],[52.814617,39.9824807],[52.8149786,39.9809929],[52.8163912,39.9806895],[52.8149969,39.9821727],[52.8159425,39.9837572],[52.8188847,39.9847139],[52.8206041,39.981893],[52.8187875,39.9809017],[52.8202898,39.9811535],[52.8221763,39.9784713],[52.8260016,39.9656714],[52.828014,39.9657441],[52.8324805,39.9575022],[52.8372763,39.9552716],[52.8423538,39.955671],[52.8473858,39.953166],[52.8482209,39.9510053],[52.8498631,39.9525675],[52.8490196,39.9512685],[52.8504977,39.9516806],[52.8547975,39.9480467],[52.8571116,39.9488421],[52.8623744,39.9459921],[52.8698547,39.9452949],[52.872644,39.9422369],[52.8738602,39.9418505],[52.8720548,39.9437289],[52.8728162,39.9456362],[52.8741282,39.9452104],[52.880184,39.9402113],[52.8790039,39.9376636],[52.8805487,39.9345657],[52.8793176,39.9373454],[52.8800902,39.9396053],[52.8844149,39.936114],[52.8816065,39.9358654],[52.8827305,39.935388],[52.8851575,39.9361886],[52.8895069,39.9332964],[52.898849,39.9086291],[52.9067133,39.9050543],[52.9137623,39.8760711],[52.9228949,39.8685864],[52.9321101,39.8658587],[52.9376888,39.8624648],[52.9519879,39.8601158],[52.9540117,39.8623696],[52.9431436,39.8670322],[52.936945,39.872202],[52.9303729,39.8944667],[52.9293112,39.9015034],[52.9306455,39.9032162],[52.9265058,39.9071041],[52.9254701,39.9117787],[52.927339,39.9127949],[52.9238984,39.9163623],[52.9187806,39.9291481],[52.9126072,39.9641331],[52.9081998,39.9665921],[52.9022491,39.9739547],[52.9078817,39.9819377],[52.9065192,39.9859412],[52.9032814,39.9868513],[52.9076833,39.996285],[52.9154129,40.0018727],[52.9263972,40.0059504],[52.9421552,40.0029758],[52.9440672,39.9910892],[52.9443515,39.9947099],[52.9462967,39.9954201],[52.9453184,39.9999465],[52.9495287,40.000933],[52.9532776,39.9999154],[52.9559686,39.9985276],[52.9565036,39.9927436],[52.9599886,39.9886471],[52.965891,39.9913771],[52.9762981,39.9888149],[52.9892615,39.9911113],[52.9921029,39.9952205],[52.9963624,39.9973772],[52.9950063,39.9982792],[52.9960439,39.9998309],[53.0053116,40.0070097],[53.0065003,40.0057632],[53.0121222,40.0066589],[53.0159493,40.0041851],[53.0131924,40.0031967],[53.0160391,40.0040094],[53.0174156,40.0019242],[53.0229153,40.0034558],[53.0242382,40.0021228],[53.0474417,40.0040081],[53.0482024,40.0068384],[53.0494644,40.0031039],[53.0493129,40.0065469],[53.0515588,40.0069657],[53.057533,40.0045515],[53.0650969,40.0048779],[53.0678881,40.0033176],[53.0694487,39.9990071],[53.0655525,39.9948034],[53.0674097,39.9932556],[53.0664466,39.9893044],[53.053561,39.982659],[53.0700257,39.9784669],[53.0796532,39.9833092],[53.0889539,39.9852472],[53.1033667,39.9857701],[53.116587,39.9818932],[53.1227328,39.9876931],[53.1270383,39.9874771],[53.1312019,39.9914606],[53.127112,39.9933779],[53.1260857,39.9986082],[53.1242485,39.9990182],[53.1243162,40.0005175],[53.1260415,39.9998305],[53.1248115,40.0026358],[53.1263377,40.0048388],[53.1374351,40.0074026],[53.1641091,40.0053349],[53.1723427,40.0087519],[53.2047493,39.9979642],[53.215155,39.990926],[53.2293114,39.9879755],[53.2365058,39.9848931],[53.2719426,39.9658144],[53.2972637,39.9607657],[53.3009783,39.9625768],[53.3155423,39.9828152],[53.3289885,39.9890403],[53.3299768,39.9924998],[53.3570007,40.0037661],[53.3695799,40.0135317],[53.3791093,40.0183881],[53.3958524,40.0327505],[53.4010891,40.035069],[53.4273044,40.0350666],[53.4461733,40.0300656],[53.4639537,40.0220075],[53.4763598,40.0065139],[53.4928393,39.999594],[53.496058,40.0007282],[53.5006714,40.0075001],[53.5126771,40.0086157],[53.5157132,40.0084862],[53.5254298,40.0007718],[53.5352611,39.9989859],[53.5500455,40.0047224],[53.5514536,40.0129633],[53.5828218,40.0223068],[53.5989453,40.0194183],[53.6320625,40.0225169],[53.6597678,40.0117873],[53.692217,39.9939896],[53.7601646,39.971281],[53.7706255,39.9622573],[53.7899611,39.9610281],[53.838792,39.9199493],[53.8845129,39.9001874],[53.948014,39.8857104],[53.9959121,39.8790276],[54.0321985,39.8500615],[54.0880795,39.8239705],[54.1388804,39.7954382],[54.1173355,39.7885588],[54.0394557,39.8015716],[53.9955492,39.8068681],[53.9375249,39.8095639],[53.9349469,39.8183018],[53.9221727,39.8288927],[53.8621698,39.8304033],[53.8407421,39.8380693],[53.8291676,39.8450277],[53.7945019,39.8215797],[53.794765,39.8170784],[53.7874382,39.8113722],[53.7794459,39.8126378],[53.7751879,39.811206],[53.7698937,39.8140295],[53.7623724,39.8102828],[53.7620831,39.8114699],[53.7764441,39.8234556],[53.7865523,39.8264324],[53.787211,39.8305455],[53.7802829,39.8294084],[53.7767722,39.8338524],[53.7718887,39.8335406],[53.7590931,39.8239242],[53.7541438,39.8251277],[53.7548811,39.8283061],[53.751912,39.8288924],[53.753026,39.8324385],[53.7649164,39.8378383],[53.7609223,39.8433093],[53.7531945,39.8456037],[53.7544897,39.8517399],[53.7594163,39.8540442],[53.7534995,39.8617498],[53.7734297,39.8914144],[53.7640421,39.9074248],[53.7237642,39.9135482],[53.6911064,39.9157747],[53.6624402,39.926628],[53.6047448,39.9427657],[53.5873274,39.9321932],[53.5771672,39.9213407],[53.5397922,39.916888],[53.519109,39.9032495],[53.5016915,39.8848751],[53.4726624,39.8667742],[53.4458105,39.8146728],[53.4334731,39.8057531],[53.4189585,39.7987838],[53.4160556,39.7784293],[53.4233129,39.7725728],[53.4345617,39.7831699],[53.438916,39.7951594],[53.4465362,39.8012928],[53.4494391,39.794323],[53.4397354,39.7691535],[53.4344245,39.7385394],[53.4337694,39.7251953],[53.4352889,39.7132681],[53.4526062,39.6853599],[53.4579277,39.6805379],[53.4652447,39.6802076],[53.475759,39.6840554],[53.4779476,39.6824041],[53.4796428,39.6859874],[53.478527,39.6873745],[53.4648799,39.6949038],[53.4545802,39.7087715],[53.4487437,39.7116107],[53.4503745,39.7156382],[53.4453105,39.721646],[53.4459113,39.7291716],[53.449602,39.7262011],[53.4545802,39.7177509],[53.4576701,39.717949],[53.4611034,39.7208538],[53.4662532,39.7160343],[53.4702014,39.7085073],[53.4819602,39.7013757],[53.4865092,39.7009795],[53.4877967,39.7032908],[53.4872817,39.7082432],[53.4829043,39.7145158],[53.4749221,39.7188072],[53.4695148,39.7298977],[53.4689139,39.7390064],[53.4705447,39.7399964],[53.4756087,39.7368944],[53.4840201,39.7350463],[53.4911441,39.7192034],[53.4979247,39.7195335],[53.5095119,39.7015078],[53.5166358,39.6939132],[53.5191249,39.693583],[53.5219574,39.6774002],[53.5257553,39.6775323],[53.5320853,39.6814297],[53.5355186,39.6791838],[53.5404967,39.668878],[53.547449,39.6636584],[53.5500239,39.665112],[53.5499381,39.6693405],[53.5467624,39.6764754],[53.5475348,39.6798445],[53.5491872,39.6832792],[53.5571478,39.6867141],[53.552513,39.6934509],[53.552513,39.6980739],[53.5571478,39.6972814],[53.5586928,39.6938472],[53.5578345,39.6900165],[53.5680956,39.68662],[53.5731123,39.680571],[53.572254,39.6726438],[53.5763437,39.6662533],[53.5808587,39.6634767],[53.579893,39.6588349],[53.5746271,39.6528235],[53.5633784,39.6458387],[53.5610961,39.6394715],[53.5647868,39.6304819],[53.5717391,39.6263833],[53.5749364,39.6372242],[53.5807085,39.6384966],[53.583498,39.6428588],[53.587017,39.6446268],[53.6056464,39.6281317],[53.6069377,39.6447547],[53.6025095,39.6476339],[53.6016511,39.6508721],[53.6021661,39.6550023],[53.6053848,39.6568195],[53.6142683,39.6559935],[53.6188817,39.6471712],[53.6305332,39.6401325],[53.6334085,39.6407273],[53.6373138,39.644792],[53.6448669,39.6452877],[53.6473131,39.64922],[53.6530208,39.6480965],[53.6558531,39.6322668],[53.653965,39.62321],[53.6552953,39.6192762],[53.6593723,39.6157059],[53.6622905,39.6153092],[53.6662801,39.6099945],[53.6710023,39.6105815],[53.6641359,39.6038697],[53.6592435,39.6024479],[53.6568832,39.6027785],[53.6592865,39.608697],[53.6577844,39.6105154],[53.6445665,39.6120032],[53.6366701,39.6096889],[53.6379146,39.6054237],[53.6434078,39.6002324],[53.6460256,39.5929243],[53.6526775,39.5869383],[53.6581706,39.5732778],[53.6626338,39.5734763],[53.666582,39.5720208],[53.6671828,39.5697713],[53.6695003,39.5699698],[53.6732768,39.5719546],[53.6814307,39.5832671],[53.6914729,39.5882943],[53.6938762,39.5880959],[53.6973952,39.5800919],[53.7014293,39.5789673],[53.70409,39.5700359],[53.706665,39.5683819],[53.7111872,39.5805508],[53.7161063,39.5796288],[53.7291185,39.5728072],[53.7367306,39.5860659],[53.7416333,39.5893139],[53.7485573,39.5855025],[53.745718,39.5764203],[53.7447728,39.5748956],[53.7333332,39.5755586],[53.7303227,39.5674036],[53.7412832,39.5668979],[53.7364875,39.5468542],[53.7343669,39.5463623],[53.7305925,39.5490647],[53.7277361,39.5486209],[53.7185156,39.5516679],[53.7183195,39.5536536],[53.7260221,39.5652155],[53.7272263,39.5719785],[53.7175248,39.5759677],[53.7120723,39.5642134],[53.6942195,39.551508],[53.6924171,39.5476033],[53.6865806,39.5477357],[53.6882114,39.5610373],[53.6791133,39.5601109],[53.6648654,39.5509786],[53.6596298,39.5496549],[53.6576128,39.5468752],[53.6572694,39.5391312],[53.6541366,39.5368145],[53.6528492,39.5275467],[53.6560678,39.5305258],[53.6584711,39.530592],[53.6609602,39.5296321],[53.6619043,39.5265537],[53.6596727,39.5237731],[53.6500167,39.5195688],[53.6496734,39.522482],[53.6515617,39.5256599],[53.6501884,39.5261564],[53.6430215,39.5148346],[53.640747,39.5139076],[53.6398887,39.5116893],[53.6413478,39.5086432],[53.6390733,39.5097028],[53.639245,39.512517],[53.6367988,39.5147684],[53.6504459,39.5288708],[53.6449527,39.5275467],[53.6291598,39.518675],[53.6236426,39.5187991],[53.6251258,39.5247],[53.6225509,39.529599],[53.6246966,39.5405213],[53.6190318,39.5422422],[53.5990333,39.5409184],[53.5974883,39.5431689],[53.5954284,39.5431689],[53.5995483,39.5487284],[53.6005782,39.5618313],[53.6022948,39.5632871],[53.6001491,39.5644119],[53.5967158,39.5628239],[53.5940551,39.5634856],[53.5861587,39.5577948],[53.5831546,39.5575301],[53.5729407,39.5402565],[53.5744857,39.539396],[53.5728549,39.5321808],[53.5741424,39.5271495],[53.5812663,39.5217207],[53.5889052,39.5243689],[53.5893344,39.5206613],[53.5955142,39.5190061],[53.5912227,39.5174832],[53.5950851,39.5153644],[53.5889911,39.5147022],[53.5884761,39.510067],[53.5850429,39.5111265],[53.5828113,39.5089413],[53.5886478,39.5087426],[53.5901069,39.5060275],[53.5871886,39.502054],[53.5894202,39.5038421],[53.593111,39.5039083],[53.5913085,39.4995373],[53.5786056,39.4960271],[53.5759448,39.4924504],[53.5680484,39.4912581],[53.5683059,39.5003983],[53.57131,39.5023189],[53.5671043,39.5078817],[53.5699367,39.5113914],[53.5653018,39.5134441],[53.5665034,39.5167549],[53.5632419,39.5174832],[53.5574912,39.5128482],[53.5525989,39.5113252],[53.5427283,39.5003321],[53.5328578,39.4985439],[53.5343169,39.4960271],[53.5198115,39.4935764],[53.5118293,39.5001996],[53.5108852,39.5045706],[53.522129,39.5190061],[53.5167216,39.5201316],[53.5111426,39.5187412],[53.5031604,39.5192709],[53.4877109,39.5243027],[53.4884833,39.5334385],[53.4894275,39.5357554],[53.4908008,39.5352258],[53.4904574,39.5374103],[53.4829901,39.5454855],[53.4683989,39.5511772],[53.4627341,39.5558097],[53.4635924,39.5587213],[53.4598158,39.5611035],[53.442478,39.5662647],[53.3883142,39.5635658],[53.3363979,39.557498],[53.2934094,39.5550477],[53.2751123,39.5487518],[53.2489586,39.5456132],[53.232563,39.5458258],[53.2316903,39.5573387],[53.2296769,39.5590421],[53.2308132,39.560686],[53.227319,39.5681689],[53.2277633,39.5705605],[53.2315183,39.5714189],[53.23426,39.5693611],[53.2356397,39.5699589],[53.2366914,39.5722138],[53.2352037,39.5825846],[53.2421413,39.5844841],[53.2434204,39.5869839],[53.2485005,39.5900634],[53.2493883,39.5925638],[53.2472229,39.5965228],[53.2481638,39.5984419],[53.2557065,39.5998396],[53.2498674,39.6039984],[53.2504784,39.608359],[53.2533405,39.617548],[53.2615173,39.6329294],[53.2713121,39.6413203],[53.2767871,39.6431637],[53.2859282,39.6653649],[53.2986984,39.6795737],[53.3161389,39.6825473],[53.332298,39.6886909],[53.3316576,39.6904408],[53.3146187,39.7005686],[53.3063186,39.7024701],[53.2980844,39.7023115],[53.2881754,39.699399],[53.273298,39.688789],[53.2613235,39.6667261],[53.2497118,39.6331994],[53.2366487,39.6074845],[53.2214084,39.585116],[53.1597216,39.509569],[53.1241609,39.4740055],[53.102374,39.4463015],[53.0969461,39.4297357],[53.1005824,39.425793],[53.1002295,39.4189553],[53.0980074,39.4150682],[53.0988956,39.4074746],[53.1001865,39.4099944],[53.0984741,39.4142352],[53.1023855,39.4172466],[53.104488,39.4138173],[53.1122511,39.4121111],[53.1284758,39.3940409],[53.1350829,39.3906913],[53.1404465,39.3812306],[53.1430298,39.3655226],[53.1571815,39.3422342],[53.1662531,39.3110775],[53.166616,39.2748508],[53.1727847,39.2296114],[53.1789534,39.2163993],[53.1883878,39.2194917],[53.1872992,39.2312978],[53.1814934,39.2495653],[53.172059,39.2689517],[53.1872992,39.3147272],[53.2149648,39.3415604],[53.2174603,39.3453178],[53.2145565,39.347445],[53.2167087,39.3514259],[53.2166699,39.3557251],[53.2198207,39.3577938],[53.214252,39.3566452],[53.2043118,39.3592415],[53.1921632,39.3652454],[53.1914247,39.367529],[53.1852154,39.3712796],[53.168914,39.3734034],[53.1668812,39.374987],[53.1681965,39.3766863],[53.174329,39.3782007],[53.1787959,39.374483],[53.1854723,39.3738886],[53.190565,39.377865],[53.2090711,39.3854378],[53.2157898,39.3920748],[53.2259911,39.3931294],[53.227955,39.3917634],[53.2307338,39.3942704],[53.2482504,39.3957399],[53.281944,39.389167],[53.2830953,39.3795479],[53.3037785,39.3736576],[53.3302676,39.3688889],[53.3494994,39.3677668],[53.3906997,39.3795297],[53.3956889,39.3791813],[53.3947595,39.384137],[53.399491,39.3862175],[53.4051203,39.3861367],[53.4081227,39.3830845],[53.4054822,39.3753314],[53.4088289,39.3665731],[53.4043849,39.3654738],[53.4040381,39.3627071],[53.4060259,39.3614864],[53.4116868,39.3620345],[53.4122011,39.3595771],[53.4162433,39.3595831],[53.4177739,39.3585568],[53.4171886,39.3547653],[53.4186375,39.3541192],[53.4017435,39.3452836],[53.4007638,39.3434221],[53.4029183,39.3419419],[53.4031966,39.3389327],[53.40499,39.3416192],[53.4298457,39.348225],[53.4338801,39.3525039],[53.4450951,39.3566271],[53.460738,39.3663845],[53.4693238,39.3674193],[53.4644103,39.3621423],[53.4595304,39.3531156],[53.4547299,39.3380247],[53.4645272,39.3413923],[53.4735988,39.3528973],[53.4881134,39.3582283],[53.497185,39.350372],[53.483759,39.3363408],[53.4746874,39.3242717],[53.4855733,39.3203417],[53.4931935,39.3304468],[53.5066194,39.343918],[53.5240369,39.350372],[53.5410915,39.3627172],[53.5516146,39.3655226],[53.5516146,39.3582283],[53.5421801,39.347566],[53.5356485,39.3324115],[53.5258512,39.3209032],[53.5262141,39.3088314],[53.53964,39.3183767],[53.5494374,39.3318502],[53.5588718,39.3354988],[53.5566946,39.3209032],[53.5447201,39.3096737],[53.5407286,39.2973191],[53.5498002,39.2964767],[53.5527031,39.292826],[53.5516146,39.2829964],[53.5722978,39.2925452],[53.5846352,39.3026543],[53.5966097,39.3088314],[53.5806437,39.2855242],[53.5701206,39.2669852],[53.566492,39.2501273],[53.5741121,39.2408537],[53.5911667,39.2428209],[53.5973354,39.2360759],[53.5933439,39.2234273],[53.6256388,39.2405727],[53.6416048,39.2473172],[53.6455963,39.2425399],[53.6416048,39.236357],[53.6227359,39.2231462],[53.6129385,39.1950299],[53.6201958,39.1908115],[53.6212844,39.1820926],[53.6296303,39.1812488],[53.6361618,39.1756231],[53.6307189,39.169153],[53.6416048,39.1621196],[53.654305,39.1595874],[53.651765,39.1260974],[53.6528536,39.1153998],[53.6615623,39.1162444],[53.6695453,39.1556482],[53.659748,39.1660584],[53.6590223,39.1773109],[53.6626509,39.1879991],[53.6684567,39.1975608],[53.6898657,39.2183672],[53.6938572,39.2279249],[53.7149033,39.2310168],[53.7214348,39.2242706],[53.7163547,39.217805],[53.7101861,39.1837803],[53.6978487,39.1685903],[53.7047431,39.167465],[53.7232492,39.1832177],[53.7355865,39.1865928],[53.731595,39.1739353],[53.7232492,39.163245],[53.729055,39.1553668],[53.7214348,39.1438294],[53.7094603,39.1407336],[53.6974858,39.1345418],[53.7029288,39.1258159],[53.707646,39.095971],[53.7159919,39.0776637],[53.7174433,39.0903385],[53.7228863,39.1027295],[53.731595,39.0962527],[53.731595,39.0830155],[53.7363123,39.0694942],[53.745021,39.0630143],[53.7457467,39.0517436],[53.755544,39.0480802],[53.7598984,39.0607603],[53.7598984,39.0751284],[53.7508268,39.0869588],[53.7497382,39.095971],[53.7606241,39.0979423],[53.760987,39.0830155],[53.7696957,39.0830155],[53.7733244,39.0759735],[53.782396,39.0734382],[53.7889275,39.0734382],[53.7885647,39.0562521],[53.7950962,39.0554068],[53.8027163,39.0627326],[53.8067078,39.0725931],[53.8165052,39.0731565],[53.8186824,39.0652683],[53.8179566,39.0539979],[53.8226739,39.0441348],[53.8466229,39.036807],[53.8723862,39.0311698],[53.8810949,39.0370889],[53.8767406,39.0441348],[53.8807321,39.0542797],[53.8898037,39.0596333],[53.8948838,39.0531525],[53.8898037,39.036807],[53.894158,38.9837991],[53.9028668,38.9671554],[53.9181071,38.9615126],[53.9173813,38.9773114],[53.9239129,38.988594],[53.9406046,38.9967728],[53.9591107,38.9905683],[53.9660051,38.9964908],[53.9728995,38.9984648],[53.9645536,38.9815426],[53.9678194,38.9694124],[53.9736252,38.9691303],[53.984874,38.983517],[53.9906798,38.9804143],[53.9830597,38.9609483],[53.9921313,38.9581267],[54.00084,38.9660269],[54.0095487,38.9696946],[54.0200718,38.9620769],[54.0178946,38.9536119],[54.006283,38.9533298],[53.9990257,38.9191773],[54.0128145,38.9107072],[54.0262405,38.9087307],[54.0218861,38.8906572],[54.0120888,38.8739917],[53.9986628,38.8742742],[53.9863255,38.8626908],[53.9587478,38.8318868],[53.9366131,38.7965446],[53.9337102,38.7696729],[53.9213728,38.7393947],[53.8974238,38.7127845],[53.8600488,38.6473494],[53.8364627,38.5654005],[53.8324712,38.5378742],[53.8324712,38.5092015],[53.8473486,38.4495486],[53.851703,38.4256736],[53.8734748,38.3753398],[53.8738377,38.3625375],[53.8640403,38.1907679],[53.8571459,38.1511149],[53.8388837,38.0898907],[53.8359916,38.0733932],[53.8279288,38.0488048],[53.8208595,38.0100157],[53.8136023,37.9084504],[53.8194065,37.8095345],[53.8380818,37.7090663],[53.8464358,37.6790526],[53.8759166,37.5968228],[53.8971031,37.5463495],[53.9272312,37.4457751],[53.9017218,37.4367248],[53.9275238,37.4452225],[53.9440196,37.4175852],[53.9369609,37.4185244],[53.9458342,37.415126],[53.9458187,37.4113863],[53.9495547,37.4031519],[53.9488658,37.4001076],[53.9527604,37.396875],[53.955081,37.3905011],[53.9518166,37.3861509],[53.9552789,37.3814757],[53.9492721,37.376412],[53.9561681,37.378211],[53.9583229,37.3757068],[53.9569103,37.3712013],[53.9603411,37.368285],[53.959103,37.3673387],[53.9598455,37.3655138],[53.9623466,37.3671066],[53.9648558,37.3739545],[53.9674338,37.3742482],[53.9679202,37.3721056],[53.9707807,37.3532422],[53.9680791,37.3522247],[53.9706342,37.3460666],[53.9697209,37.3395069],[53.9130697,37.3449752],[53.9654013,37.3382077],[53.9915172,37.2814053],[53.9868013,37.2800488],[53.9660534,37.2795516],[53.9650186,37.2783754],[53.9666557,37.2766078],[53.9838928,37.2781165],[53.988356,37.2774549],[53.9895621,37.2750459],[53.9970211,37.2480963],[53.9927272,37.2345289],[53.989757,37.2177268],[53.9919315,37.2002005],[54.0038001,37.1520479],[54.022479,37.1010224],[54.0223817,37.091187],[54.0316203,37.0446412],[54.0359759,37.0309765],[54.0350961,37.0297431],[54.0377569,37.0169115],[54.0345597,37.0147699],[54.0283179,37.0028506],[54.025006,36.9999496],[54.0235536,36.996176],[54.0144827,36.9919944],[54.0056745,36.9790926],[53.9964581,36.9735627],[54.0262236,36.9713513],[54.0361721,36.9637933],[54.0406594,36.9573971],[54.0441702,36.9475977],[54.0433986,36.923171],[54.0355299,36.920213],[54.035034,36.9137904],[54.0314211,36.9056579],[54.0369119,36.8979965],[54.0379913,36.8840937],[54.0372345,36.8607398],[54.035344,36.8491227],[54.0290742,36.8381817],[54.0216045,36.8316822],[54.0203446,36.8226562],[54.0078787,36.8105786],[53.9978436,36.8052551],[53.9809548,36.8019148],[53.975799,36.7897382],[53.9617092,36.786628],[53.9459535,36.7900876],[53.9441963,36.7896626],[53.9440963,36.7878449],[53.9414768,36.7879989],[53.9341502,36.7840786],[53.9304785,36.7844456],[53.9252509,36.7807315],[53.9102294,36.7855693],[53.9004352,36.782821],[53.8962623,36.7788376],[53.8889565,36.7775879],[53.8720939,36.7804833],[53.8635765,36.7866651],[53.8622281,36.789975],[53.8526952,36.7923562],[53.8282034,36.7933354],[53.8206179,36.7975329],[53.7978342,36.7970918],[53.7728558,36.8038065],[53.7553326,36.8062037],[53.7517569,36.809026],[53.7298262,36.8088988],[53.7150127,36.8134751],[53.6986807,36.8221535],[53.6424961,36.841767],[53.6428608,36.8439577],[53.6454596,36.8417787],[53.6521418,36.8401728],[53.6562701,36.8422762],[53.6550047,36.8485429],[53.6464167,36.8626474],[53.6598063,36.8631967],[53.6845256,36.8607246],[53.7209178,36.8626474],[53.7470103,36.8656688],[53.7521602,36.8700635],[53.7682963,36.8719861],[53.7840892,36.878852],[53.7954188,36.878852],[53.8139583,36.8758311],[53.8513804,36.8835205],[53.8579134,36.8783551],[53.8644782,36.8783439],[53.8876535,36.8833485],[53.9182254,36.8827105],[53.932851,36.8843718],[53.9413204,36.8911005],[53.9499378,36.8918144],[53.9623409,36.8870471],[53.9726961,36.8893719],[53.9716607,36.8959835],[54.0169854,36.8986351],[54.0231949,36.9018666],[54.0230695,36.9102257],[54.0249477,36.917588],[54.0276491,36.9194511],[54.0272415,36.92363],[53.9876594,36.9395068],[53.9591922,36.9272784],[53.9471846,36.92385],[53.8649932,36.9116079],[53.8560559,36.9076341],[53.8109714,36.903482],[53.81155,36.901349],[53.7864311,36.8975347],[53.5271678,36.8737865],[53.4354615,36.8637402],[53.4030873,36.8580167],[53.3998471,36.8580468],[53.399198,36.8595018],[53.375905,36.8584243],[53.3751805,36.8566502],[53.3806005,36.8552474],[53.3714006,36.856628],[53.367997,36.8496032],[53.3657022,36.850249],[53.3664785,36.8537453],[53.3597748,36.8527228],[53.3591632,36.8551663],[53.3690024,36.8577051],[53.3735346,36.8647407],[53.3703749,36.8617693],[53.3656307,36.8604002],[53.3631199,36.8620281],[53.3636492,36.8604862],[53.3605839,36.8590345],[53.2947765,36.8431012],[53.2884862,36.8426438],[53.2875773,36.8441645],[53.285788,36.844083],[53.2869048,36.8433859],[53.285565,36.8419848],[53.2847957,36.8441665],[53.2817316,36.8437085],[53.27741,36.8464104],[53.272125,36.8468],[53.276444,36.8419916],[53.2687421,36.8410945],[53.2680324,36.8444466],[53.2705915,36.8474636],[53.2703501,36.8548469],[53.2775518,36.862165],[53.2655945,36.8503912],[53.2670354,36.8437609],[53.2605054,36.8426341],[53.2597717,36.8465862],[53.2580194,36.8471104],[53.2567199,36.8469596],[53.2592246,36.8465338],[53.2606316,36.8410885],[53.2581312,36.840927],[53.2565627,36.8474658],[53.2568552,36.8454312],[53.2516139,36.8446993],[53.2499752,36.8450527],[53.2492576,36.8481248],[53.2506592,36.8398568],[53.2496387,36.8397465],[53.2474613,36.8485204],[53.2492575,36.8490001],[53.2472704,36.8489583],[53.2477777,36.8453749],[53.2213709,36.8370163],[53.1203143,36.815763],[52.9690358,36.7737099],[52.8490652,36.7449275],[52.8452912,36.7463922],[52.8467016,36.7446781],[52.8445942,36.7442883],[52.8446798,36.7466121],[52.8441415,36.7440409],[52.7475339,36.7286921],[52.6803929,36.7156731],[52.6791385,36.7165667],[52.6648106,36.7141917],[52.6558694,36.7155161],[52.6534785,36.7126917],[52.6503672,36.7133393],[52.6517549,36.7156107],[52.6562986,36.7169244],[52.6565185,36.7176641],[52.6519167,36.7161041],[52.6504601,36.7141555],[52.60282,36.7028017],[52.6006162,36.7037675],[52.5695119,36.6977386],[52.567019,36.698183],[52.5665941,36.7002074],[52.5658317,36.7006555],[52.5664726,36.6986993],[52.5636733,36.6986194],[52.5660567,36.7012338],[52.5632731,36.6985353],[52.5598673,36.6984779],[52.5587493,36.7000339],[52.5599086,36.6974458],[52.5543985,36.6964793],[52.5548816,36.6992984],[52.5583309,36.7026446],[52.5552517,36.7003436],[52.5541359,36.6985414],[52.513582,36.6899857],[52.4399479,36.6796651],[52.2596814,36.6365603],[52.1527705,36.6078815],[52.0956803,36.594653],[52.019333,36.5808439],[51.9486655,36.573426],[51.8877629,36.5720493],[51.8817821,36.5728892],[51.8817499,36.5743751],[51.8814341,36.5728267],[51.8474759,36.5747517],[51.8377187,36.576748],[51.8369686,36.5757543],[51.8370367,36.5767383],[51.8382129,36.577189],[51.8277497,36.5784733],[51.8163897,36.5842555],[51.7428947,36.5884971],[51.674646,36.5971404],[51.6152752,36.610978],[51.5940752,36.6193176],[51.5824863,36.6293464],[51.5787259,36.6299877],[51.5731595,36.6341938],[51.5477923,36.639172],[51.5367948,36.6454121],[51.5210107,36.6491503],[51.515901,36.6531625],[51.5122636,36.6522145],[51.514931,36.6533448],[51.5155589,36.6568327],[51.509777,36.6580388],[51.5086794,36.6533316],[51.5030728,36.6546583],[51.5066071,36.6616172],[51.4858987,36.6638101],[51.4641329,36.6685609],[51.455989,36.6730001],[51.4466712,36.6756545],[51.4335631,36.6844277],[51.4290403,36.6857165],[51.3215196,36.6926058],[51.2571246,36.7017487],[51.2546334,36.7031546],[51.2553944,36.7050663],[51.2522991,36.7024607],[51.2311253,36.7057983],[51.1402784,36.7219885],[51.0445423,36.7465722],[50.9929705,36.7637875],[50.9561587,36.7784231],[50.9367651,36.7873412],[50.9195239,36.7984151],[50.8982755,36.8090457],[50.8888961,36.8152315],[50.8851001,36.8205249],[50.8622339,36.8319202],[50.8165575,36.8483462],[50.8016852,36.8574006],[50.7892637,36.8619805],[50.7773367,36.8699459],[50.7743293,36.8742322],[50.7591753,36.8785069],[50.7545874,36.8817495],[50.7296856,36.8888484],[50.7142877,36.8949355],[50.7119704,36.8974451],[50.7103525,36.8961433],[50.711224,36.8977162],[50.69785,36.9029067],[50.6784947,36.9156327],[50.6761824,36.9202713],[50.66524,36.9323043],[50.6664765,36.9321535],[50.6571912,36.9394328],[50.6583537,36.9407371],[50.6493797,36.9432196],[50.6426564,36.9474562],[50.6058505,36.959606],[50.60145,36.9629708],[50.5861961,36.9690497],[50.5814881,36.9750555],[50.5680916,36.9842996],[50.5395814,36.9944509],[50.5068031,37.0084913],[50.4787704,37.0226068],[50.4723501,37.0272539],[50.4704797,37.0328615],[50.462818,37.0426596],[50.4443724,37.0554558],[50.4079998,37.0747604],[50.3879732,37.0879096],[50.3796702,37.0988685],[50.354141,37.1108425],[50.3379373,37.1204499],[50.3117258,37.1404795],[50.2994977,37.1566613],[50.2751898,37.2011642],[50.2745312,37.2133509],[50.2755946,37.214486],[50.2716818,37.2123712],[50.2709457,37.2137628],[50.2769726,37.2156555],[50.2747899,37.2161362],[50.2605716,37.2388138],[50.2467425,37.2713764],[50.2287453,37.3037107],[50.223112,37.3417803],[50.2185119,37.3483946],[50.2062992,37.3589912],[50.2011359,37.3724027],[50.2026608,37.3753212],[50.1953858,37.3810134],[50.1880338,37.3826754],[50.1826602,37.3858382],[50.155305,37.3921401],[50.0553337,37.4062122],[50.0012174,37.4188586],[49.9793252,37.4285634],[49.9646079,37.4410389],[49.9599087,37.4378359],[49.9503976,37.4343814],[49.948099,37.4352972],[49.9540293,37.4360213],[49.9639052,37.4419248],[49.9692267,37.4430961],[49.9672902,37.4428235],[49.9546945,37.4522058],[49.9457037,37.4658406],[49.9423563,37.4683867],[49.9273574,37.4721249],[49.9178624,37.4725165],[49.9107277,37.4710179],[49.8706233,37.4527849],[49.8606938,37.4508345],[49.8609566,37.4488158],[49.8582959,37.4478661],[49.8552838,37.4477064],[49.8549512,37.4514967],[49.8494285,37.4504618],[49.8544604,37.4499891],[49.8549914,37.4471208],[49.8513168,37.4466651],[49.8508796,37.4493673],[49.8508099,37.4479641],[49.8438012,37.4468568],[49.7802177,37.4488819],[49.711509,37.4537561],[49.6734091,37.4583819],[49.6699516,37.4573887],[49.6704388,37.4594553],[49.6699594,37.4595504],[49.6697226,37.4572899],[49.662274,37.4590775],[49.6624759,37.460946],[49.6619904,37.4591044],[49.659119,37.4594036],[49.6604723,37.4621489],[49.6638197,37.461804],[49.6595228,37.4624853],[49.6599734,37.4664707],[49.6586752,37.4687018],[49.6558964,37.4699024],[49.6440679,37.4727507],[49.6584231,37.4685102],[49.6596731,37.4662064],[49.6590273,37.4605348],[49.631275,37.4626564],[49.6314347,37.4639756],[49.6298146,37.4640948],[49.6316546,37.4705623],[49.6442181,37.469136],[49.6323347,37.4709009],[49.6311653,37.4705133],[49.6302752,37.4690786],[49.6292482,37.46149],[49.5918687,37.4635082],[49.51583,37.4721702],[49.4845056,37.4781848],[49.484077,37.4771142],[49.4817959,37.4776055],[49.4827892,37.4811166],[49.4694429,37.4848422],[49.4785541,37.481878],[49.4774558,37.4791659],[49.4649816,37.4821251],[49.4636759,37.4804892],[49.4642752,37.4786263],[49.462198,37.4779711],[49.4643186,37.4782085],[49.4693782,37.4654857],[49.4671255,37.4647592],[49.4622988,37.4691585],[49.4644187,37.4704966],[49.4635565,37.4730746],[49.458463,37.4778741],[49.4611654,37.4822442],[49.4595412,37.4809081],[49.4564822,37.4815845],[49.4574051,37.4836773],[49.4711862,37.4877474],[49.4570271,37.483751],[49.4555837,37.4808458],[49.4086045,37.4914779],[49.3426392,37.5101411],[49.3009536,37.524909],[49.2521798,37.5448051],[49.1827,37.5813129],[49.1441705,37.6053058],[49.0943304,37.6402988],[49.0903864,37.643859],[49.0921876,37.6459116],[49.0679514,37.6636169],[49.0342729,37.6948374],[49.0032211,37.7315396],[48.996183,37.7430788],[48.995153,37.7535304],[48.9962071,37.7611777],[48.9858833,37.773208],[48.9747253,37.7930161],[48.9747253,37.7989845],[48.9805618,37.8182432],[48.9786841,37.8332875],[48.9599624,37.8536282],[48.9491478,37.8679942],[48.93284,37.900917],[48.9338699,37.9103983],[48.93181,37.9301695],[48.9386764,37.9645534],[48.9208237,38.0046024],[48.9173904,38.0231311],[48.920137,38.0307036],[48.919107,38.0340839],[48.920652,38.0408441],[48.910986,38.0751909],[48.9106956,38.0889584],[48.9156738,38.1019276],[48.9103523,38.1200266],[48.9097466,38.1271104],[48.9155449,38.1448538],[48.9136334,38.1488757],[48.9134596,38.1543809],[48.9059872,38.1681812],[48.8920982,38.2131283],[48.8917913,38.2216746],[48.8950626,38.228754],[48.8947417,38.2317962],[48.886822,38.2524489],[48.8869983,38.25742],[48.8812611,38.2798539],[48.8816849,38.2955161],[48.8764254,38.3211383],[48.8718634,38.3686683],[48.8714583,38.384027],[48.8732637,38.4003438],[48.8750885,38.4039731],[48.8806512,38.4049811],[48.8823964,38.4062838],[48.8848755,38.4064134],[48.8821773,38.4065447],[48.8785222,38.4052288],[48.8783085,38.408326],[48.8855054,38.4084317],[48.8883332,38.4066757],[48.8854658,38.408674],[48.8813427,38.4225412],[48.8828677,38.4483037],[48.8806897,38.454368],[48.8802713,38.467456],[48.8762434,38.4849375],[48.8758917,38.5128661],[48.8763003,38.5166685],[48.8792875,38.5209309],[48.8771717,38.5272046],[48.8730718,38.5572233],[48.8730061,38.6105478],[48.8749107,38.63312],[48.8734826,38.65653],[48.8710956,38.6659593],[48.8723005,38.6813235],[48.8664665,38.7317608],[48.8664829,38.7393882],[48.8697698,38.7496008],[48.8656259,38.7568806],[48.8562764,38.7627956],[48.8512357,38.7685871],[48.8390407,38.7902377],[48.8311965,38.8104604],[48.8297438,38.8185452],[48.8308596,38.8283249],[48.8321026,38.8306684],[48.8383698,38.8342254],[48.8388554,38.8404463],[48.8469891,38.8505177],[48.832469,38.8641051],[48.8325119,38.8660599],[48.8335848,38.8676805],[48.8379568,38.8704203],[48.8262468,38.8728038],[48.8172984,38.8772696],[48.811892,38.8764317],[48.8114464,38.8784838],[48.8129801,38.8796332],[48.8108699,38.8803317],[48.8112632,38.8813728],[48.8153309,38.8800717],[48.8100082,38.8840847],[48.8112743,38.8842629],[48.8101844,38.8862518],[48.8110901,38.8903719],[48.8191264,38.8972047],[48.8209459,38.8969942],[48.8262735,38.9073536],[48.8259677,38.9178732],[48.8198827,38.8978682],[48.8164083,38.902064],[48.8139522,38.9113872],[48.8162884,38.9187517],[48.8227581,38.919544],[48.8255586,38.928641],[48.8331656,38.9419226],[48.8515497,38.9591061],[48.8633872,38.9750205],[48.8782958,38.9874363],[48.8846218,38.9903558],[48.8889709,38.9865143],[48.9091352,38.9957334],[48.9065652,38.9846703],[48.9128912,38.9731444],[48.9092966,38.9649742],[48.9174682,38.9542737],[48.9148557,38.9463263],[48.8979563,38.9227251],[48.8868169,38.913717],[48.8787806,38.9101893],[48.8686984,38.9081895],[48.8538718,38.9091894],[48.8565406,38.9061896],[48.8774956,38.9049589],[48.8800004,38.9003915],[48.8858865,38.8979728],[48.8736407,38.8893426],[48.8655354,38.8874961],[48.8608389,38.8834742],[48.8577267,38.8779551],[48.8449842,38.8712389],[48.8149917,38.8814581],[48.8154584,38.8800842],[48.8153672,38.8793325],[48.8257635,38.8733773],[48.8363153,38.8711888],[48.8394695,38.8699567],[48.8340354,38.8675301],[48.8327264,38.8646063],[48.8474464,38.8508379],[48.8526392,38.8533362],[48.8614798,38.8505204],[48.8670443,38.8520024],[48.9154356,38.9034113],[48.9397828,38.937727],[48.9480109,38.961327],[48.9472397,38.9715566],[48.9512673,38.9825906],[48.9488567,38.998711],[48.950697,39.0133652],[48.9376985,39.0546613],[48.9462135,39.0912536],[48.9378099,39.095311],[48.9349151,39.1024298],[48.9423623,39.1232317],[48.9493892,39.1324802],[48.9582324,39.1486799],[48.9524672,39.1562575],[48.9454901,39.1593927],[48.9565796,39.1691772],[48.9895404,39.1815475],[49.0186344,39.1987804],[49.0202715,39.2083437],[49.0117902,39.2133122],[49.0001524,39.2241915],[48.9862768,39.2256297],[48.9737692,39.2209364],[48.9781664,39.217454],[48.9688738,39.2081732],[48.9341469,39.1926799],[48.9266225,39.1872371],[48.9285965,39.1843984],[48.9378767,39.181586],[48.9259103,39.1784835],[48.9194523,39.1734662],[48.9141087,39.1720162],[48.9120948,39.17361],[48.9164486,39.1773005],[48.9169046,39.1845381],[48.9044655,39.1809385],[48.8970268,39.1857253],[48.8870507,39.1855666],[48.8796074,39.1829648],[48.8688164,39.1873142],[48.8658212,39.1926368],[48.8661401,39.1975948],[48.8958623,39.2129489],[48.9037281,39.2132144],[48.9165118,39.2196565],[48.9217212,39.2241309],[48.9315294,39.2281178],[48.9643817,39.2344186],[48.9668526,39.2378821],[48.9661982,39.2410059],[48.9693156,39.2436179],[48.9819148,39.2468292],[48.9827072,39.2517567],[48.978827,39.2576775],[48.9726069,39.2615402],[48.9652357,39.2692048],[48.9650463,39.2716517],[48.9919493,39.2832821],[49.0080235,39.2809464],[49.0169796,39.2726167],[49.0184742,39.2680636],[49.0030507,39.2650826],[49.002693,39.2632408],[49.01266,39.2635434],[49.0154117,39.2589196],[49.0137349,39.2546155],[48.9941918,39.2605171],[48.9945826,39.2586256],[49.0062108,39.2537075],[49.0286609,39.2475215],[49.0300534,39.2438702],[49.0166175,39.2323663],[49.0206239,39.2278248],[49.0241905,39.2265002],[49.0196467,39.225554],[49.0135151,39.2270868],[49.0061375,39.2248822],[49.0076765,39.2222233],[49.0216498,39.2168484],[49.0243859,39.2099588],[49.0293694,39.2060216],[49.0381638,39.2091259],[49.0428542,39.2166591],[49.0428053,39.2204443],[49.0310306,39.2251944],[49.024679,39.2305498],[49.026047,39.2331233],[49.0491093,39.2195259],[49.0527798,39.2131302],[49.0528286,39.2074228],[49.0553652,39.2078764],[49.0579994,39.2138484],[49.0629871,39.218489],[49.0819489,39.228414],[49.0914376,39.2292111],[49.1001163,39.2258409],[49.1015436,39.2124417],[49.0763322,39.1991898],[49.0604374,39.2007832],[49.0505649,39.1968368],[49.0458201,39.1913209],[49.0454015,39.181586],[49.0478437,39.1792061],[49.0722367,39.1722976],[49.0796655,39.1632365],[49.0833812,39.1546046],[49.0917724,39.1518764],[49.0949263,39.1540855],[49.0949066,39.1581839],[49.0978049,39.1595466],[49.1021497,39.1579511],[49.1038215,39.1607832],[49.1054887,39.1743275],[49.1089682,39.1818573],[49.1201314,39.1789354],[49.1109254,39.1617387],[49.0999071,39.1502719],[49.1047441,39.1412518],[49.1024041,39.1365961],[49.1059135,39.1333325],[49.1165733,39.1358596],[49.1306988,39.1429558],[49.1318179,39.1483212],[49.137617,39.1501359],[49.1410743,39.1479449],[49.14189,39.1420879],[49.1343613,39.1355383],[49.124391,39.1352227],[49.123984,39.132066],[49.1318537,39.1287961],[49.1409743,39.1303298],[49.1460612,39.13396],[49.1497892,39.1293264],[49.1668139,39.13198],[49.1628086,39.1367216],[49.1499943,39.1357674],[49.1490716,39.1558025],[49.151737,39.1704277],[49.1558376,39.1736861],[49.15553,39.1460242],[49.1642438,39.1399021],[49.1632841,39.1525883],[49.175301,39.1655392],[49.1856932,39.1642476],[49.1800852,39.1750929],[49.1873183,39.1799087],[49.1831745,39.1940541],[49.1883243,39.1959166],[49.1976254,39.1844803],[49.2038309,39.1793948],[49.2049682,39.1712939],[49.2095601,39.161129],[49.2100322,39.1404952],[49.2085791,39.1342103],[49.201957,39.1279216],[49.199795,39.1232124],[49.1992892,39.1200598],[49.2019686,39.1186657],[49.2083593,39.122361],[49.2120299,39.1286153],[49.2174592,39.1306491],[49.2246147,39.1479002],[49.2300932,39.1814874],[49.2339317,39.2454317],[49.2370561,39.2492471],[49.2354065,39.2508122],[49.2365114,39.270763],[49.2382375,39.2783064],[49.2397559,39.2792789],[49.2377999,39.2835741],[49.2408098,39.2934535],[49.2418397,39.3085969],[49.2467727,39.3343178],[49.249176,39.34162],[49.2552293,39.3473702],[49.2673721,39.3533018],[49.2752685,39.3552928],[49.283165,39.3558238],[49.3121757,39.350647],[49.325737,39.3446734],[49.3165531,39.3271477],[49.3184414,39.3222344],[49.3148364,39.3135191],[49.32207,39.3133949],[49.3355002,39.3100493],[49.3477955,39.3039061],[49.3566812,39.3053759],[49.367794,39.3035409],[49.3765081,39.2993984],[49.3814434,39.2989334],[49.3859911,39.292262],[49.3883956,39.2912615],[49.4074273,39.2919299],[49.4131984,39.2869017],[49.416933,39.2874128],[49.4267177,39.2827625],[49.4279193,39.2809022],[49.4224261,39.2794406],[49.420537,39.2706406],[49.4071483,39.2471439],[49.40423,39.2442192],[49.3828582,39.2337823],[49.3941878,39.2359097],[49.3878364,39.2327851],[49.3919562,39.2327186],[49.4086074,39.2399649],[49.4177055,39.2466786],[49.4262885,39.2561167],[49.4322314,39.270026],[49.4306865,39.2802249],[49.4274057,39.2878071],[49.4157743,39.2998343],[49.4082847,39.3124898],[49.4092941,39.3163043],[49.4116545,39.3100289],[49.4120407,39.3128845],[49.4087362,39.3204379],[49.4051528,39.3247371],[49.4032216,39.3255671],[49.4063329,39.3221974],[49.3961728,39.3276667],[49.3963551,39.330895],[49.3891037,39.3437693],[49.3877925,39.3514103],[49.3893827,39.3580225],[49.3990803,39.3783643],[49.342035,39.4224282],[49.316597,39.4465003],[49.3114257,39.4497977],[49.299379,39.4526461],[49.2788145,39.4782934],[49.2730227,39.4969776],[49.2745198,39.5152993],[49.2789382,39.4981625],[49.2891311,39.473057],[49.302156,39.453857],[49.3036794,39.4547517],[49.3070268,39.4518191],[49.3096232,39.452167],[49.2936801,39.4726429],[49.2881012,39.4822161],[49.2780804,39.5062923],[49.2759776,39.5209923],[49.2847431,39.5437231],[49.2891294,39.5455134],[49.2875647,39.5481823],[49.2889028,39.552835],[49.3027623,39.5808047],[49.3214178,39.6352634],[49.336487,39.6557497],[49.3626353,39.6806063],[49.3824653,39.6896356],[49.4217409,39.6995885],[49.4097246,39.7154359],[49.3920784,39.750769],[49.39328,39.7535405],[49.3876152,39.7638337],[49.3843351,39.7814597],[49.3850457,39.7935281],[49.3882978,39.7975407],[49.3870688,39.7988857],[49.3891252,39.8035866],[49.3966783,39.814136],[49.4027214,39.8263514],[49.4037513,39.8395335],[49.4058113,39.8441467],[49.4085578,39.847837],[49.4068412,39.841247],[49.4080429,39.8372928],[49.4094162,39.8469144],[49.4119911,39.8506046],[49.4220259,39.8554647],[49.4311836,39.8552481],[49.4338559,39.8566421],[49.4353185,39.8612692],[49.4395919,39.8631329],[49.4386034,39.8680894],[49.4312903,39.8783014],[49.4246912,39.892375],[49.412207,39.9311258],[49.4118085,39.9408962],[49.4146087,39.9503796],[49.4233437,39.9603129],[49.4387984,39.9677305],[49.4408615,39.9730394],[49.4445449,39.9727356],[49.4446958,39.9770839],[49.448176,39.9771223],[49.4483173,39.9712439],[49.4523405,39.9712971],[49.4522466,39.9727218],[49.4548487,39.9729763],[49.4577867,39.9770434],[49.4759202,39.9871332],[49.4831682,39.9970426],[49.4795263,40.0035019],[49.4639481,40.0123772],[49.4381225,40.0352133],[49.4210176,40.0620868],[49.4180918,40.0699929],[49.4200192,40.0762275],[49.4171047,40.0780509],[49.4194127,40.0782725],[49.4196006,40.0811434],[49.4228983,40.0832596],[49.4250353,40.0882068],[49.4390893,40.0976439],[49.4439275,40.098758],[49.4478435,40.0966323],[49.4445284,40.0995786],[49.4572002,40.1064451],[49.4617097,40.111035],[49.4747775,40.1111909],[49.4826908,40.101718],[49.4837807,40.1026506],[49.4768216,40.1107369],[49.4782356,40.1126884],[49.4840892,40.1143545],[49.4916133,40.1141474],[49.4966242,40.1063878],[49.4983032,40.1062873],[49.4887678,40.1185424],[49.4815311,40.1252543],[49.4751306,40.1359672],[49.4729554,40.1475176],[49.4755232,40.1643751],[49.4735781,40.1655388],[49.4725405,40.1697185],[49.4751584,40.1748156],[49.4802332,40.1793897],[49.4889021,40.1833161],[49.4947883,40.1834768],[49.5014739,40.185991],[49.511852,40.1953756],[49.538275,40.2074773],[49.5521057,40.2105972],[49.5521593,40.2082621],[49.5549381,40.2084342],[49.5542622,40.2103596],[49.5561344,40.2114289],[49.5657669,40.2137483],[49.569144,40.2107897],[49.5709658,40.2104165],[49.5740063,40.2123506],[49.5707877,40.2106766],[49.5675524,40.2127602],[49.5717318,40.2131494],[49.570123,40.2144881],[49.5723391,40.215107],[49.5703135,40.2146207],[49.5714463,40.2164525],[49.5748811,40.2180877],[49.5760335,40.2175284],[49.574932,40.2161357],[49.5764083,40.217607],[49.574837,40.2191294],[49.5910639,40.2281288],[49.5958911,40.2290714],[49.600225,40.2276431],[49.6073029,40.2297635],[49.6179157,40.2299566],[49.6291709,40.2250406],[49.6237635,40.2291199],[49.6298042,40.2332021],[49.6361247,40.2268891],[49.6389419,40.2270551],[49.6378116,40.2259052],[49.6398035,40.2262984],[49.6434036,40.223312],[49.636655,40.2339798],[49.6380866,40.2341327],[49.6396315,40.2312496],[49.6423191,40.2313356],[49.6394706,40.2359346],[49.6405059,40.2359714],[49.6443254,40.2301069],[49.6425974,40.2345144],[49.6456595,40.235484],[49.6526938,40.2308829],[49.6540938,40.2314339],[49.6470548,40.2365317],[49.6466313,40.2384062],[49.6489151,40.2407157],[49.6557583,40.2405606],[49.6500706,40.2418477],[49.6485901,40.243977],[49.6463799,40.2427649],[49.6404672,40.2440307],[49.6435439,40.2487799],[49.6492553,40.2471544],[49.6489334,40.2450743],[49.6501565,40.2447304],[49.6515083,40.2462208],[49.6669398,40.2425246],[49.6662366,40.2450311],[49.6644353,40.2442361],[49.6573926,40.2462113],[49.6581309,40.2493031],[49.6551509,40.247955],[49.6524039,40.2514363],[49.6654073,40.2575283],[49.6672304,40.2566362],[49.6662645,40.2579054],[49.6675844,40.2585183],[49.6699243,40.2563468],[49.668104,40.2587156],[49.6702883,40.2579514],[49.6698545,40.2595637],[49.673956,40.2613801],[49.6770859,40.2575863],[49.6753824,40.2551302],[49.6777667,40.2549093],[49.6785526,40.2636844],[49.6760744,40.2671283],[49.6777188,40.2703905],[49.6929296,40.2769145],[49.7120404,40.2794929],[49.7186614,40.2780809],[49.7224192,40.2734725],[49.7326183,40.280025],[49.7356278,40.281134],[49.7365934,40.2801559],[49.7358906,40.2814614],[49.7379741,40.2824972],[49.7404519,40.2798784],[49.7419487,40.2802008],[49.7381914,40.2826416],[49.7398587,40.2839653],[49.741058,40.2828657],[49.7399383,40.2843305],[49.7446346,40.2867138],[49.7455117,40.285924],[49.7449994,40.2870514],[49.7515118,40.291843],[49.7564042,40.293897],[49.7593868,40.2920394],[49.7625303,40.2923177],[49.7595906,40.2923504],[49.7578204,40.2946826],[49.7604149,40.2963521],[49.7622134,40.2938187],[49.7617285,40.2958947],[49.7647512,40.2973953],[49.7715255,40.2973314],[49.7761387,40.3008737],[49.7852893,40.3031686],[49.8030322,40.3046176],[49.8064817,40.3039251],[49.8063107,40.302827],[49.8102006,40.3032195],[49.8125535,40.3004229],[49.8188634,40.3031521],[49.8309392,40.3027161],[49.8345521,40.3075046],[49.8316663,40.3047735],[49.8281501,40.3051546],[49.825024,40.3069232],[49.8269092,40.3083046],[49.8235674,40.3078232],[49.822099,40.313822],[49.823733,40.3143177],[49.8252447,40.3115043],[49.8269809,40.3113317],[49.8262143,40.3106418],[49.8303763,40.3092403],[49.8355449,40.3093581],[49.8378441,40.3124665],[49.8370639,40.3146431],[49.8450925,40.336773],[49.8376562,40.33889],[49.8416358,40.3385049],[49.8457109,40.3428393],[49.8478972,40.3416811],[49.8612296,40.3457159],[49.8477101,40.3455767],[49.845024,40.3501213],[49.8486511,40.3512227],[49.8481396,40.3521963],[49.8420304,40.3487828],[49.8430179,40.3471379],[49.8394472,40.3479816],[49.8373457,40.3504462],[49.8373084,40.3537845],[49.8358945,40.3541726],[49.837905,40.3548661],[49.8359648,40.3552471],[49.8365059,40.3574646],[49.8383432,40.3571539],[49.8386748,40.3588634],[49.8370675,40.3591958],[49.837763,40.3631971],[49.8437395,40.36782],[49.8555304,40.3716312],[49.8568537,40.3706948],[49.8564361,40.3726208],[49.8619586,40.3697302],[49.8633748,40.3726699],[49.8654193,40.3703803],[49.8668451,40.3732107],[49.8727981,40.3746113],[49.8879007,40.3729662],[49.8954168,40.3740791],[49.8999872,40.3727262],[49.8997075,40.3704268],[49.9002563,40.3726304],[49.9017223,40.3726694],[49.9162222,40.367468],[49.9189172,40.3691622],[49.9224321,40.3680247],[49.9270983,40.3634861],[49.928849,40.364991],[49.9306415,40.3640747],[49.9285198,40.3616127],[49.9315974,40.3595932],[49.9289018,40.3616366],[49.9306544,40.3634575],[49.9341112,40.3620785],[49.9330802,40.3602267],[49.9344009,40.3621418],[49.9373916,40.3609861],[49.938148,40.3587634],[49.9415517,40.3585958],[49.9394512,40.3555295],[49.9402258,40.3537733],[49.9395765,40.3555056],[49.9422831,40.3578113],[49.945655,40.355639],[49.9467054,40.354183],[49.9433427,40.3538824],[49.9475197,40.3524763],[49.9430498,40.3492468],[49.9473395,40.351982],[49.9504766,40.3501399],[49.9485929,40.3493435],[49.9501574,40.3497587],[49.9527501,40.3458966],[49.95564,40.345074],[49.9567319,40.3369586],[49.9596512,40.3340282],[49.9590104,40.3360458],[49.9644631,40.3391804],[49.9684381,40.3385385],[49.9688083,40.3398183],[49.9747112,40.3404491],[49.9844001,40.3391104],[49.9841881,40.3353572],[49.9862967,40.3386539],[49.9819484,40.3301577],[49.9833593,40.3324682],[49.9856043,40.3318773],[49.9839145,40.3327687],[49.986012,40.3362732],[49.9895203,40.3367802],[49.9903464,40.3329446],[49.9915588,40.3359787],[49.9924064,40.3338033],[49.9946305,40.3359086],[49.9992513,40.3356106],[50.0059596,40.3136894],[49.9904805,40.3146261],[49.9870634,40.3125543],[50.0027195,40.3104129],[50.0042188,40.3089382],[50.0067615,40.309652],[50.0128689,40.3069317],[50.0142717,40.3092757],[50.0197193,40.3097338],[50.0228324,40.3083723],[50.0236085,40.3044055],[50.0251213,40.3102636],[50.0241681,40.3115058],[50.0134831,40.3111471],[50.0068098,40.3139491],[50.0015866,40.3353496],[50.0069302,40.3388279],[50.0094652,40.3365185],[50.0085398,40.3402921],[50.0106102,40.3412764],[50.0140545,40.340127],[50.0126223,40.3414861],[50.0184869,40.3468058],[50.043025,40.355485],[50.0514302,40.3566272],[50.0594581,40.3552373],[50.0644022,40.3530158],[50.0668916,40.349877],[50.0639197,40.35024],[50.0679044,40.3478099],[50.0701735,40.3480838],[50.0710787,40.3504924],[50.0784058,40.3526324],[50.0808959,40.3477821],[50.0825986,40.3477903],[50.0826415,40.3454484],[50.0799222,40.3449083],[50.0828067,40.3453994],[50.0854653,40.3572747],[50.0898886,40.3615512],[50.1072384,40.3660612],[50.1307544,40.3672531],[50.1447694,40.3654255],[50.1564932,40.3609094],[50.1748806,40.3578984],[50.1778395,40.3566065],[50.1783103,40.3545488],[50.2015684,40.3539548],[50.208748,40.3523863],[50.2084422,40.3495818],[50.2099013,40.3488418],[50.2089572,40.3523617],[50.2100944,40.3522718],[50.2098289,40.3497944],[50.2102983,40.3521451],[50.2117574,40.3522595],[50.2411115,40.3452113],[50.2795461,40.332582],[50.3006887,40.3222298],[50.3088336,40.3220529],[50.314742,40.3189063],[50.3147757,40.3141804],[50.3186917,40.3107198],[50.3154087,40.3137631],[50.3176081,40.3165119],[50.3279451,40.3118284],[50.3448701,40.2983404],[50.3541955,40.2845113],[50.3578961,40.2716962],[50.3630841,40.2406252],[50.3700762,40.2248001],[50.3722501,40.2296851],[50.3703122,40.2309714],[50.3703658,40.2407374],[50.3672994,40.2412558],[50.3703354,40.2414287],[50.370899,40.2432707],[50.3677456,40.2416154],[50.3666934,40.2449706],[50.3686481,40.2459279],[50.3712523,40.2438132],[50.3706706,40.2464201],[50.3722071,40.2488576],[50.3647023,40.2571142],[50.3667998,40.2702842],[50.3686774,40.2708244],[50.3691816,40.26931],[50.3698575,40.2703988],[50.3647613,40.2870146],[50.3615798,40.2905633],[50.3594506,40.2966711],[50.361988,40.3101348],[50.3658075,40.3103393],[50.3664458,40.3130228],[50.3641927,40.3139452],[50.366081,40.3152357],[50.3663063,40.3138204],[50.3666389,40.3154238],[50.3675777,40.3135054],[50.3682482,40.3162685],[50.36798,40.3231051],[50.3656374,40.3271619],[50.3668642,40.3310389],[50.3666536,40.3509695],[50.3641361,40.3550949],[50.3666335,40.3590414],[50.3587601,40.3659377],[50.3581795,40.3691627],[50.3532858,40.3741144],[50.3463301,40.3856408],[50.3451932,40.3904071],[50.3410433,40.3943467],[50.3382926,40.4001992],[50.346407,40.4062683],[50.3379143,40.4030572],[50.3300961,40.4071264],[50.316671,40.4188175],[50.3085112,40.4218009],[50.3013217,40.4222279],[50.2958347,40.4264241],[50.2895005,40.427366],[50.2902067,40.42853],[50.2888548,40.4279553],[50.2829556,40.4343653],[50.2862467,40.4358072],[50.2821004,40.4353577],[50.2811277,40.4373277],[50.2830411,40.4388549],[50.2805333,40.4386728],[50.2791965,40.4417381],[50.2900213,40.4455654],[50.2793482,40.4457774],[50.2777948,40.4466964],[50.277611,40.4509966],[50.273577,40.4537316],[50.277096,40.4505476],[50.2769321,40.4481103],[50.2648664,40.4496003],[50.2633202,40.456246],[50.259608,40.4585889],[50.2589214,40.4608175],[50.248788,40.4655437],[50.2465403,40.4695024],[50.2480852,40.4721468],[50.2410257,40.4807568],[50.2390784,40.4849431],[50.2397892,40.487285],[50.2316703,40.4950293],[50.2302935,40.497536],[50.2316536,40.4979976],[50.2263795,40.5037457],[50.2217942,40.502587],[50.2157405,40.5039758],[50.2095325,40.5013725],[50.2152979,40.5040065],[50.2130395,40.5058419],[50.2083349,40.5050873],[50.2092844,40.507037],[50.2079594,40.5053851],[50.2094132,40.5088439],[50.2072567,40.5056584],[50.2011895,40.5086399],[50.1941407,40.508491],[50.1935559,40.5102693],[50.1831323,40.5097052],[50.1773071,40.5111421],[50.1754349,40.5133832],[50.1572015,40.5166687],[50.1502253,40.5214309],[50.1274717,40.5233662],[50.1159413,40.5264675],[50.1089054,40.5349091],[50.1029226,40.5373256],[50.1013973,40.5388836],[50.1022106,40.5402906],[50.0980797,40.5423104],[50.1000408,40.5426999],[50.0999253,40.5430077],[50.0975274,40.5427255],[50.0913285,40.5478255],[50.0888331,40.5523499],[50.0891268,40.5560003],[50.08424,40.5617166],[50.0852819,40.5628422],[50.0769112,40.5670885],[50.0727048,40.5720214],[50.0674022,40.5849422],[50.0704653,40.5886919],[50.0713075,40.5928999],[50.0671854,40.5967237],[50.0654788,40.5939435],[50.0538719,40.5913317],[50.0075193,40.5856071],[49.9978512,40.5863332],[49.9937662,40.5932665],[49.9901905,40.5948145],[49.9669867,40.5922094],[49.9656666,40.5958486],[49.9653951,40.5922755],[49.9641221,40.5918149],[49.9581761,40.5903266],[49.9573466,40.5919803],[49.9560358,40.5916345],[49.9569676,40.589857],[49.9475897,40.5874737],[49.9469738,40.5891481],[49.9455813,40.5888846],[49.9467283,40.585604],[49.9460303,40.5852946],[49.9443464,40.586193],[49.9459605,40.5867827],[49.9453258,40.5887827],[49.9434923,40.5883549],[49.9435724,40.5863792],[49.9352653,40.5844082],[49.932,40.5858104],[49.9304456,40.5832739],[49.9258022,40.5822604],[49.914999,40.5834616],[49.912812,40.5801665],[49.8972791,40.5757117],[49.8651186,40.5709822],[49.858768,40.5712989],[49.8497743,40.5689508],[49.844917,40.5687562],[49.8436876,40.5707231],[49.8442196,40.5689069],[49.8428372,40.5685189],[49.8092737,40.5666414],[49.7995996,40.5686239],[49.7795474,40.5779871],[49.7453358,40.5747364],[49.7232001,40.5755469],[49.7040646,40.5785318],[49.696092,40.5822897],[49.6870583,40.5947595],[49.684757,40.6015596],[49.6890298,40.6025575],[49.6849857,40.6023242],[49.680991,40.6044138],[49.6729338,40.6169902],[49.6379703,40.6129319],[49.6312393,40.6146842],[49.6269634,40.6140763],[49.6264797,40.6169071],[49.6265522,40.6124464],[49.6251181,40.6124891],[49.6237475,40.6142253],[49.6252451,40.6172426],[49.6236488,40.6153058],[49.6116525,40.6173934],[49.6100328,40.6203479],[49.604795,40.6179553],[49.583052,40.6221743],[49.5622918,40.6295349],[49.5494664,40.6361504],[49.5381903,40.6497619],[49.5321101,40.6642595],[49.5255733,40.6724037],[49.5229962,40.6812539],[49.5205414,40.6839739],[49.5214266,40.6890464],[49.5163295,40.697155],[49.5133424,40.7061647],[49.5129776,40.7088974],[49.5148229,40.7111258],[49.5130205,40.7162653],[49.5128654,40.7310697],[49.5137932,40.7478023],[49.5164752,40.7548482],[49.5221745,40.7618883],[49.5286417,40.7652665],[49.534706,40.7712011],[49.5268128,40.7990504],[49.5305729,40.7941072],[49.5392847,40.7890549],[49.540894,40.789526],[49.5410549,40.7916299],[49.5429969,40.7904683],[49.541924,40.7882589],[49.5436307,40.7856103],[49.541524,40.7853373],[49.5417108,40.783891],[49.5508569,40.7802251],[49.5479661,40.7761412],[49.5341348,40.7659653],[49.5337486,40.7638038],[49.5363235,40.7631699],[49.5366793,40.7615881],[49.5331578,40.7600827],[49.5309677,40.7546242],[49.5475459,40.7664853],[49.549799,40.7757724],[49.5521378,40.7793716],[49.5549859,40.7805256],[49.5530605,40.7838397],[49.5212401,40.8171947],[49.4944388,40.8327453],[49.4763279,40.8373693],[49.4444337,40.8404193],[49.4229611,40.8460169],[49.4069731,40.852615],[49.3636737,40.8966963],[49.3430656,40.905653],[49.3242372,40.9179838],[49.3098176,40.9395131],[49.3024791,40.9478116],[49.2802418,40.965233],[49.2603792,40.9778852],[49.2367082,40.9965676],[49.2238691,41.0089756],[49.2111124,41.0268227],[49.191028,41.060258],[49.1724885,41.1037341],[49.1642488,41.1327022],[49.164863,41.1392211],[49.1512025,41.1676021],[49.134723,41.255674],[49.122444,41.2905028],[49.0989508,41.3249732],[49.0965369,41.3317532],[49.0715516,41.3673362],[49.0687607,41.373485],[49.0607984,41.3830834],[49.0479286,41.3936742],[49.0422659,41.4032239],[49.0266523,41.4193341],[49.0195324,41.4300361],[48.9900448,41.4645439],[48.9321164,41.5263654],[48.8718498,41.5835589],[48.8496556,41.6069827],[48.8183397,41.6351322],[48.7940081,41.6608412],[48.7799593,41.672671],[48.7572384,41.6973016],[48.743199,41.7162394],[48.7025384,41.7574774],[48.6465718,41.8083856],[48.5892378,41.8447524],[48.5737616,41.8527838],[48.5436729,41.8790607],[48.5185146,41.8915417],[48.4906824,41.9139333],[48.4711432,41.9105253],[48.4618628,41.9107409],[48.4121143,41.9228952],[48.3961346,41.9305291],[48.38292,41.9392144],[48.370284,41.9484604],[48.3624412,41.9563517],[48.3486277,41.976913],[48.3463587,41.987596],[48.3364534,42.0058144],[48.3334432,42.0253049],[48.3305628,42.0265511],[48.3193373,42.0399521],[48.3176402,42.0453671],[48.3118411,42.0524878],[48.2907976,42.093161],[48.2912153,42.0988553],[48.2893852,42.1017888],[48.2932128,42.1072016],[48.2923716,42.1084809],[48.288668,42.1055029],[48.2850663,42.1064187],[48.2666674,42.1186771],[48.2639895,42.1234562],[48.2476534,42.1312321],[48.2374036,42.1395239],[48.2291552,42.1502508],[48.2072701,42.1900837],[48.1438412,42.2710185],[48.1192507,42.3093365],[48.1049925,42.3252193],[48.0861765,42.3401112],[48.0680888,42.3490669],[48.044063,42.3639001],[48.0176097,42.3856672],[47.9953112,42.4104321],[47.9855265,42.424499],[47.9783167,42.4308344],[47.9514706,42.4630668],[47.9112457,42.5234532],[47.905704,42.5367943],[47.9008974,42.5604429],[47.8902729,42.5766216],[47.8906006,42.5794721],[47.8883228,42.582431],[47.8821863,42.5830715],[47.8786166,42.5859462],[47.8789361,42.5874145],[47.8740574,42.5894636],[47.8669788,42.5947193],[47.8676115,42.59561],[47.8600429,42.5988857],[47.8147319,42.6081092],[47.8102935,42.6075281],[47.8079427,42.6050331],[47.8006055,42.6053741],[47.7873596,42.6104045],[47.7626753,42.6305172],[47.7493768,42.647835],[47.745902,42.6552822],[47.7335588,42.6688673],[47.7245281,42.6951674],[47.7205238,42.7020627],[47.7190352,42.7099909],[47.7164554,42.7387313],[47.7172061,42.7594893],[47.7130864,42.8371113],[47.6970094,42.8687716],[47.6984149,42.8711167],[47.698034,42.8718795],[47.6960599,42.8699766],[47.6950246,42.8706096],[47.6967734,42.8716278],[47.6952016,42.8712897],[47.6947085,42.8703978],[47.6860504,42.8729577],[47.6698495,42.8818752],[47.6682781,42.8837657],[47.6712656,42.8858778],[47.6727649,42.8922214],[47.6700667,42.8952908],[47.6720488,42.892241],[47.67133,42.888806],[47.6682454,42.8890143],[47.6710135,42.8882676],[47.6700157,42.885528],[47.6678776,42.885495],[47.6688364,42.8846312],[47.6669044,42.8833033],[47.6633424,42.8856813],[47.6610115,42.8828355],[47.6598608,42.8835744],[47.6600888,42.8821692],[47.6579726,42.8837867],[47.6599391,42.8820658],[47.6585305,42.8806892],[47.6549541,42.8827776],[47.6534021,42.8817039],[47.6546809,42.8843833],[47.6534347,42.8847687],[47.6610169,42.8869194],[47.6684761,42.8932],[47.6611644,42.8875168],[47.6570848,42.8865676],[47.6546477,42.8861622],[47.6484132,42.8889671],[47.6450557,42.8926762],[47.6433519,42.8922352],[47.6395518,42.8950288],[47.6356056,42.9008907],[47.6313306,42.9036931],[47.6313651,42.9058615],[47.6295331,42.9064214],[47.6224295,42.916989],[47.6197055,42.9179213],[47.6164821,42.9233079],[47.6163728,42.9217092],[47.613169,42.9235604],[47.6144269,42.9245051],[47.6134545,42.9260379],[47.6137268,42.9245504],[47.6123928,42.9244342],[47.6038786,42.9274986],[47.5927209,42.9345326],[47.5725389,42.9565658],[47.5554433,42.9641219],[47.5558249,42.9658434],[47.5492462,42.9687604],[47.5468394,42.9679224],[47.5274455,42.9788599],[47.5282931,42.9774293],[47.5154131,42.9831307],[47.5120158,42.9857882],[47.5070599,42.9944559],[47.5010889,42.9997423],[47.5085303,42.9902956],[47.5078861,42.9877533],[47.5009393,42.9900066],[47.5052493,42.9916566],[47.5035686,42.9930299],[47.4983775,42.9919364],[47.4932033,42.9940915],[47.4969567,42.9956476],[47.4958436,42.9970784],[47.4978622,42.9980103],[47.4940807,43.0010395],[47.4971906,42.9979086],[47.4891389,42.9946422],[47.4845615,42.9952625],[47.4806695,42.9968896],[47.4854044,42.9999706],[47.4804975,42.9969792],[47.4778032,42.9986947],[47.4793985,42.999924],[47.4786294,43.0006288],[47.4755958,42.9988432],[47.4740283,42.9996663],[47.476172,43.0003744],[47.4747938,43.0036232],[47.4692014,43.0047393],[47.4650375,43.0157128],[47.464022,43.0245472],[47.4651968,43.0255217],[47.4619031,43.0275806],[47.4635432,43.0601373],[47.4708882,43.0913681],[47.4692202,43.0913976],[47.4704003,43.0916013],[47.4698907,43.0956871],[47.4760912,43.1311288],[47.483389,43.1585841],[47.4904686,43.1761555],[47.504703,43.2014504],[47.5484718,43.2571852],[47.5527119,43.2742527],[47.5536775,43.3025861],[47.5486135,43.3188085],[47.5364685,43.3408636],[47.5330567,43.3411289],[47.5326061,43.339896],[47.5374448,43.335729],[47.5356209,43.3338717],[47.5369406,43.3300478],[47.533046,43.3218215],[47.5356638,43.320034],[47.5303209,43.3165683],[47.5214159,43.2998728],[47.5085306,43.2910762],[47.5023293,43.2894284],[47.4938535,43.2913574],[47.4870086,43.3076453],[47.484498,43.3194486],[47.4827508,43.3540442],[47.4835271,43.3724454],[47.4863219,43.3773156],[47.4910319,43.3767853],[47.5002587,43.3719658],[47.5042391,43.3672784],[47.5290656,43.3475737],[47.5303316,43.3443123],[47.5332284,43.3419091],[47.5359213,43.342073],[47.5312757,43.3488298],[47.511127,43.3670757],[47.4903774,43.399934],[47.4907207,43.4122182],[47.4951839,43.4400198],[47.5165987,43.5123937],[47.5244521,43.5296336],[47.5360393,43.5491081],[47.5444078,43.5556707],[47.5523042,43.5684207],[47.5702858,43.5788365],[47.5803279,43.5788675],[47.5850486,43.580422],[47.5791263,43.5885354],[47.5711226,43.5917642],[47.5726998,43.592887],[47.5833749,43.5879448],[47.5889968,43.5872921],[47.5874519,43.5917992],[47.5706291,43.6047591],[47.5677967,43.6106943],[47.56711,43.6199843],[47.5708865,43.6306706],[47.6638411,43.7995976],[47.708988,43.8491367],[47.7458953,43.8863877],[47.7664088,43.9016032],[47.7669238,43.9067978],[47.7467591,43.9156516],[47.7443531,43.9140904],[47.7383584,43.9198983],[47.7238476,43.9250141],[47.7068371,43.9239786],[47.6864362,43.9188628],[47.6720488,43.9206016],[47.6675534,43.9161346],[47.6695168,43.9145348],[47.664721,43.9144034],[47.6615453,43.9098085],[47.6592225,43.9090239],[47.6627576,43.908537],[47.6606548,43.9069021],[47.6204109,43.8978151],[47.6154542,43.8992067],[47.6151538,43.897444],[47.6017642,43.8948309],[47.6024079,43.8930217],[47.6005196,43.8941969],[47.5963139,43.8928516],[47.5734186,43.881748],[47.5715518,43.8794435],[47.5672173,43.8785],[47.5586343,43.8717406],[47.5515961,43.8621802],[47.5496695,43.8475557],[47.5504292,43.8430983],[47.5557841,43.8373639],[47.5551686,43.8361794],[47.5438932,43.8377748],[47.5451047,43.835422],[47.5425826,43.8358552],[47.5436089,43.8337303],[47.5391292,43.8235672],[47.5354385,43.8209043],[47.5303519,43.8282809],[47.5126933,43.832236],[47.4777602,43.8305643],[47.4724387,43.8325456],[47.4707221,43.8355174],[47.479949,43.8494151],[47.4776744,43.8540573],[47.4859571,43.8594108],[47.4806356,43.8638047],[47.4757433,43.8745713],[47.4716234,43.8781907],[47.4601643,43.8772486],[47.456335,43.8748484],[47.43458,43.8760524],[47.4345161,43.8798049],[47.4294754,43.8842778],[47.4240847,43.8945446],[47.4221589,43.8951042],[47.4225793,43.8939392],[47.4212736,43.8954593],[47.4171118,43.9179944],[47.4106111,43.9358668],[47.3968229,43.9591524],[47.3923557,43.9636139],[47.380468,43.9915792],[47.3629656,44.0126999],[47.3390498,44.0306208],[47.3140087,44.0558238],[47.2906734,44.0891388],[47.2878844,44.0902782],[47.2756528,44.112186],[47.250274,44.17307],[47.2421477,44.1947636],[47.2429168,44.2024223],[47.2401355,44.2032482],[47.2391973,44.2066341],[47.2401513,44.2073898],[47.2406191,44.2050448],[47.2403528,44.207505],[47.2381171,44.2123938],[47.2313471,44.2201563],[47.2231153,44.2253691],[47.2220198,44.2275747],[47.2124678,44.2296001],[47.2131393,44.2303911],[47.2099856,44.2319611],[47.2003341,44.2335002],[47.1854103,44.2318628],[47.1847129,44.2301446],[47.1769846,44.2285566],[47.1680974,44.2234558],[47.167135,44.2210365],[47.1703827,44.2201509],[47.1702481,44.2189228],[47.162236,44.2177085],[47.1621072,44.2146481],[47.1663344,44.2130486],[47.166624,44.2114491],[47.1517608,44.2078848],[47.1386111,44.2091112],[47.1394586,44.2129871],[47.126584,44.2164013],[47.1163702,44.2233214],[47.1142561,44.2217175],[47.1089941,44.22557],[47.1001696,44.2358679],[47.0932227,44.2487728],[47.0934105,44.2556199],[47.087444,44.2576504],[47.0890975,44.2603763],[47.0862436,44.2655934],[47.0659125,44.2791831],[47.0626509,44.2838531],[47.060945,44.2836995],[47.0616746,44.2859499],[47.0575333,44.2923512],[47.0568895,44.2982104],[47.0529842,44.3036966],[47.0535797,44.3068023],[47.0508384,44.3098906],[47.046783,44.3261353],[47.0464826,44.3277701],[47.0484996,44.3276089],[47.0498085,44.3337332],[47.0440042,44.3396497],[47.0443153,44.3443916],[47.040056,44.3494017],[47.0391548,44.3538053],[47.0346808,44.360272],[47.0294666,44.363578],[47.029531,44.3653115],[47.0265269,44.3662318],[47.0214629,44.372214],[47.0135665,44.3741466],[47.0129871,44.376708],[46.9985782,44.383114],[46.9627761,44.3911077],[46.9540214,44.3911077],[46.9502331,44.3933026],[46.9545614,44.3942643],[46.950654,44.3940878],[46.9507384,44.3957841],[46.9487965,44.3953088],[46.9442069,44.3979615],[46.9402201,44.4029051],[46.9417164,44.4043015],[46.9387066,44.4057285],[46.939768,44.4076934],[46.944636,44.4085938],[46.9449506,44.4144166],[46.9430916,44.420237],[46.9393309,44.4231625],[46.940267,44.427696],[46.9293236,44.4392496],[46.9328212,44.4412107],[46.9297742,44.4423979],[46.9234871,44.4416396],[46.9239796,44.443055],[46.915177,44.4510211],[46.9093575,44.4587446],[46.909787,44.4619822],[46.9064061,44.4620839],[46.9064934,44.4647036],[46.9030367,44.4679591],[46.8972772,44.4700423],[46.8831477,44.4701159],[46.8463652,44.4620186],[46.8257045,44.4535114],[46.8113708,44.453879],[46.8114566,44.4555332],[46.814289,44.4566972],[46.8140315,44.4586576],[46.8021869,44.4600667],[46.7805179,44.4675643],[46.7805577,44.4687344],[46.7774596,44.4689298],[46.7775051,44.4711839],[46.7748826,44.4712603],[46.772629,44.4735806],[46.7728758,44.475862],[46.7745258,44.4764215],[46.7722913,44.4788812],[46.7433856,44.4896165],[46.7423547,44.4946038],[46.7394899,44.4980426],[46.7411947,44.4995568],[46.7383073,44.5030558],[46.7454898,44.5022579],[46.7423982,44.5048453],[46.744616,44.505841],[46.7492509,44.5035761],[46.7535517,44.5058054],[46.7559563,44.5025237],[46.7743349,44.4926576],[46.7758369,44.4899389],[46.7887625,44.4867031],[46.8022486,44.4843074],[46.8255275,44.4850901],[46.8315839,44.4828818],[46.8392228,44.4836549],[46.8481063,44.4812896],[46.8704759,44.4855456],[46.8945299,44.4865941],[46.9117068,44.4922119],[46.9108378,44.4936678],[46.9136809,44.4954797],[46.913288,44.4986573],[46.9149899,44.4986365],[46.9143032,44.5016785],[46.9081819,44.5076418],[46.9072501,44.511476],[46.9050956,44.5114306],[46.9027718,44.5175399],[46.8956205,44.5240958],[46.8937939,44.5290866],[46.8896234,44.5283493],[46.8903597,44.5312793],[46.8884054,44.533454],[46.8892629,44.5347478],[46.8874382,44.5388253],[46.8802084,44.5415017],[46.8809473,44.5445756],[46.8744539,44.5482203],[46.8789088,44.5500427],[46.8791127,44.5521147],[46.8753723,44.558579],[46.8759477,44.5609745],[46.8719727,44.5662681],[46.8740943,44.5678372],[46.8729563,44.5701918],[46.874588,44.5704163],[46.8719549,44.5730242],[46.8727903,44.5752385],[46.8698734,44.58134],[46.8660897,44.5849271],[46.8664387,44.5895022],[46.8643658,44.5913932],[46.86605,44.5916983],[46.8623086,44.5953397],[46.845526,44.6022971],[46.8379045,44.6034669],[46.8360986,44.6009489],[46.8342359,44.6023845],[46.8356394,44.6061281],[46.8384584,44.6065575],[46.8318504,44.6153158],[46.828776,44.6156386],[46.8337994,44.6177787],[46.8337726,44.6249308],[46.836385,44.6274104],[46.8347198,44.6295889],[46.8373406,44.6295145],[46.8381928,44.6279061],[46.8389382,44.6296237],[46.8432057,44.6258967],[46.8416276,44.6297659],[46.8429088,44.6308433],[46.8500884,44.6271027],[46.8500157,44.6301912],[46.8578414,44.6279302],[46.8599041,44.628143],[46.8607076,44.6313136],[46.8647827,44.6316201],[46.8692306,44.6447226],[46.8682925,44.6491179],[46.869719,44.6481573],[46.8700549,44.652162],[46.8739096,44.6541017],[46.8744256,44.6558922],[46.8712393,44.6602613],[46.8711175,44.6649975],[46.8767237,44.6648118],[46.8815253,44.6686284],[46.8813512,44.6707381],[46.8926587,44.6680869],[46.9047089,44.6625857],[46.9063458,44.6636333],[46.9158687,44.6604572],[46.9218348,44.6571303],[46.9233851,44.6579411],[46.9231115,44.659622],[46.9249247,44.6597174],[46.928551,44.6566838],[46.9303669,44.658844],[46.9380045,44.6570256],[46.9404037,44.6578644],[46.9413987,44.6610068],[46.945569,44.658657],[46.9503954,44.6588399],[46.9525814,44.661515],[46.9523432,44.6647702],[46.9578535,44.6669461],[46.9573745,44.6695282],[46.960436,44.6722781],[46.9607045,44.6745528],[46.963984,44.6744209],[46.9666514,44.6791242],[46.9724853,44.6780156],[46.9753357,44.6799247],[46.9745302,44.6813021],[46.9775012,44.6827711],[46.9776067,44.6855107],[46.9741289,44.6894554],[46.9811867,44.6913712],[46.9810754,44.6930062],[46.9986992,44.6876596],[47.0007407,44.685214],[46.998607,44.6837005],[47.0016231,44.6814776],[47.0021502,44.6833816],[47.0053611,44.6830452],[47.0105029,44.6743308],[47.0162586,44.6750239],[47.0193841,44.6693632],[47.0227526,44.6693259],[47.0264966,44.6666027],[47.0281518,44.668795],[47.0383594,44.6666221],[47.0436129,44.6734413],[47.046191,44.6725516],[47.0425948,44.6685722],[47.0439304,44.6685228],[47.0439355,44.6664438],[47.0576941,44.6587826],[47.0729421,44.6600084],[47.0775794,44.6642523],[47.0811573,44.6653493],[47.0810396,44.6735242],[47.0845744,44.6837078],[47.0829178,44.6853792],[47.0894829,44.6875475],[47.0896727,44.6857606],[47.0951893,44.6816211],[47.09427,44.6850434],[47.0956459,44.6890315],[47.0943682,44.6915851],[47.0902329,44.692136],[47.0940071,44.693973],[47.0901534,44.6989125],[47.0917902,44.7007484],[47.085489,44.7055147],[47.0823649,44.7053453],[47.0783453,44.7108147],[47.0808368,44.7119609],[47.0876305,44.7078993],[47.0893322,44.7086897],[47.082782,44.7153],[47.0814704,44.7189951],[47.0783852,44.7192061],[47.0774672,44.7228324],[47.0656656,44.7347753],[47.0610201,44.7370255],[47.0539927,44.7436523],[47.0519972,44.743524],[47.0519221,44.7451819],[47.0486713,44.7473428],[47.0261191,44.7516099],[46.9966793,44.7372229],[46.9841909,44.7469161],[46.9913149,44.7535146],[46.9949734,44.7538803],[46.995821,44.7573544],[46.9907355,44.7585886],[46.9895124,44.7606455],[47.0263123,44.7813166],[47.0522116,44.7980382],[47.1070575,44.7340524],[47.1232795,44.7296012],[47.1617316,44.7071573],[47.1792411,44.7176485],[47.1845625,44.7456361],[47.1888667,44.7951507],[47.2093675,44.8202946],[47.2444723,44.8100961],[47.2580336,44.8380998],[47.2348593,44.8474719],[47.2352026,44.8726594],[47.2483911,44.9277683],[47.2615859,44.9261332],[47.2009778,44.9367496],[47.261821,44.9265716],[47.2493767,44.9290517],[47.2444724,44.9407444],[47.2702216,44.9472447],[47.2762297,44.9661341],[47.2745131,45.0006168],[47.2836111,45.0148167],[47.3064421,45.0193065],[47.3133086,45.0409013],[47.3302173,45.0525445],[47.3391437,45.0904899],[47.3843764,45.1202952],[47.3770808,45.1498427],[47.3793983,45.1778624],[47.388153,45.1872395],[47.3974227,45.1856667],[47.3970794,45.1655185],[47.4167776,45.1179937],[47.4195671,45.1164795],[47.4217558,45.1224148],[47.4295234,45.1243225],[47.4299526,45.1401869],[47.4242877,45.1603744],[47.4263477,45.1725681],[47.4233007,45.1789211],[47.4209403,45.2023002],[47.4381064,45.2227982],[47.4410246,45.2308986],[47.4375914,45.2457665],[47.4490927,45.292762],[47.4606799,45.3235477],[47.4593925,45.3274098],[47.4604654,45.3297028],[47.4582231,45.3323502],[47.459414,45.3337681],[47.4563026,45.3385421],[47.4617743,45.3410458],[47.4585557,45.3440923],[47.45862,45.3479832],[47.4603152,45.3499135],[47.4571609,45.3544825],[47.4599719,45.355342],[47.4627399,45.3509841],[47.4691987,45.3314564],[47.4703413,45.3312905],[47.4687159,45.3364983],[47.4710923,45.3365228],[47.4686515,45.3442733],[47.4700141,45.3444769],[47.4767196,45.3331346],[47.4805391,45.3319731],[47.4825239,45.3294614],[47.4855709,45.3294991],[47.4872929,45.336042],[47.4898329,45.3381282],[47.4892831,45.343621],[47.4939179,45.3528992],[47.4943685,45.361358],[47.4961388,45.3628996],[47.4965036,45.3662314],[47.493596,45.3688206],[47.4947118,45.3718354],[47.4921798,45.3756641],[47.4885106,45.3919859],[47.4896478,45.3979528],[47.4955272,45.4090562],[47.4986171,45.4084837],[47.5025653,45.4118279],[47.5046682,45.4112254],[47.5041961,45.4093876],[47.5005912,45.4074292],[47.5017499,45.4042354],[47.5000333,45.4039341],[47.4994754,45.4061638],[47.4978447,45.4063144],[47.4974155,45.4014332],[47.4942398,45.4002881],[47.493596,45.3965214],[47.4962568,45.3944722],[47.4938964,45.3929654],[47.4964284,45.3903434],[47.4957847,45.3885049],[47.4922227,45.3874802],[47.4947118,45.3807586],[47.4924373,45.3790103],[47.496171,45.3767795],[47.5005054,45.3868774],[47.5047969,45.3910366],[47.5041103,45.3927243],[47.5109338,45.4014031],[47.5104188,45.4044463],[47.5147533,45.4100805],[47.5084447,45.415925],[47.5082302,45.4196905],[47.5060844,45.4212869],[47.5124359,45.4244798],[47.511363,45.4254436],[47.5124788,45.4272206],[47.520976,45.4293289],[47.5190877,45.4309853],[47.520504,45.4317985],[47.5193882,45.4339969],[47.5216198,45.4359242],[47.5332498,45.4335753],[47.5306319,45.4327923],[47.5303744,45.4302625],[47.5332927,45.4267086],[47.535181,45.4179132],[47.5415324,45.40996],[47.5417899,45.4075498],[47.5490855,45.4083331],[47.5552653,45.4162865],[47.555437,45.4211665],[47.5598144,45.4289374],[47.5641059,45.4322502],[47.5657367,45.4283953],[47.5677108,45.4305637],[47.5673675,45.4281543],[47.5698566,45.4267086],[47.5678825,45.4175517],[47.5712299,45.4148405],[47.5686121,45.413033],[47.5711441,45.411135],[47.5715303,45.4073388],[47.5758218,45.4061035],[47.5724744,45.4013428],[47.5739765,45.3994444],[47.5719595,45.3994444],[47.5738906,45.3959187],[47.5722599,45.3910366],[47.5764226,45.3934174],[47.5810575,45.3989623],[47.5804138,45.4000471],[47.582817,45.4008004],[47.5826883,45.4026385],[47.584362,45.4020358],[47.5866794,45.4040546],[47.5842332,45.4063446],[47.5943613,45.4101106],[47.5941896,45.4129426],[47.5965929,45.4139066],[47.6000261,45.4190278],[47.6009273,45.430383],[47.6026868,45.4333946],[47.6015281,45.4365867],[47.6033306,45.4420069],[47.6019573,45.443663],[47.6045322,45.445861],[47.6029443,45.4470954],[47.6028585,45.4563077],[47.6014423,45.4585052],[47.6034164,45.4605822],[47.6039743,45.4649165],[47.6046609,45.4746676],[47.603588,45.4760218],[47.6092528,45.4822807],[47.6098537,45.487155],[47.6151752,45.4918483],[47.6139735,45.4882982],[47.6163768,45.4848082],[47.6188659,45.4730727],[47.6245307,45.4718689],[47.6256465,45.4769246],[47.630453,45.4787301],[47.6343154,45.4782486],[47.6283931,45.4701234],[47.6291656,45.4650069],[47.6343154,45.4610939],[47.6330279,45.4560368],[47.6362895,45.4548929],[47.6434993,45.4559766],[47.6477908,45.4600705],[47.64719,45.4628397],[47.6488208,45.466572],[47.6474475,45.4701234],[47.6492499,45.4704845],[47.6501083,45.4728921],[47.6459884,45.4768042],[47.6477908,45.479031],[47.6472758,45.4839055],[47.6501941,45.4869744],[47.646675,45.4910059],[47.6479625,45.4934728],[47.6447009,45.4943151],[47.6444434,45.4955184],[47.647705,45.4966014],[47.6454734,45.5012939],[47.6488208,45.5040611],[47.6518249,45.5102568],[47.6495074,45.513204],[47.6524257,45.514046],[47.6531123,45.5128431],[47.6569747,45.5176545],[47.6559447,45.5215034],[47.6591205,45.5246304],[47.6592063,45.5281782],[47.655859,45.5313649],[47.6591634,45.5342809],[47.6577043,45.5357539],[47.6616525,45.5367459],[47.6575756,45.5400524],[47.6487779,45.5412247],[47.6504945,45.5425773],[47.6496791,45.5452824],[47.6608371,45.5465447],[47.6628971,45.5504216],[47.6683473,45.5490091],[47.6702785,45.5555604],[47.6679611,45.5613598],[47.6653862,45.5598574],[47.6646137,45.5622011],[47.6599788,45.5649653],[47.6588201,45.5610894],[47.659893,45.5600978],[47.6616096,45.5614199],[47.66191,45.557724],[47.6591634,45.5556506],[47.6529836,45.5649052],[47.6460313,45.5682401],[47.6469755,45.5700126],[47.6445293,45.5717551],[47.6477909,45.5728065],[47.643156,45.5749694],[47.6465034,45.5755101],[47.6460743,45.5772824],[47.6407957,45.5793851],[47.6359462,45.5771923],[47.6346159,45.580917],[47.6322984,45.5816378],[47.6354742,45.5815778],[47.6362896,45.58344],[47.6392507,45.5806767],[47.6398086,45.5817279],[47.6442718,45.5810972],[47.6490354,45.5775227],[47.6507091,45.5715748],[47.6529836,45.5721456],[47.6516103,45.574639],[47.6553869,45.5742485],[47.6601934,45.5691114],[47.6604509,45.5665577],[47.6628971,45.5658967],[47.6652145,45.5627119],[47.6661157,45.5650855],[47.6695919,45.564785],[47.6714801,45.569562],[47.6692915,45.5705534],[47.6691198,45.5724761],[47.6704502,45.5748192],[47.6729822,45.5753299],[47.6719093,45.5764113],[47.6756858,45.5775828],[47.6780032,45.5831697],[47.6770591,45.5867738],[47.6794623,45.5888761],[47.6784324,45.5924798],[47.6737117,45.5960834],[47.6746558,45.5983655],[47.6710509,45.6034098],[47.6716518,45.6056916],[47.6691735,45.606262],[47.667665,45.6091],[47.6680684,45.6165815],[47.6666653,45.6192478],[47.6637876,45.620401],[47.6657295,45.6219693],[47.6606985,45.6315491],[47.6548191,45.6381808],[47.6469239,45.641435],[47.6386842,45.6426352],[47.6283845,45.6474355],[47.63556,45.6470334],[47.6325774,45.6527183],[47.6392937,45.6526508],[47.6371586,45.6512709],[47.6404008,45.6467155],[47.6464089,45.6445554],[47.6517304,45.6437153],[47.6561124,45.6518975],[47.6650429,45.6496284],[47.6662016,45.6456533],[47.6695982,45.6456847],[47.6692708,45.6423507],[47.6674603,45.6406886],[47.6747759,45.6376544],[47.6753453,45.6334836],[47.6742297,45.6331679],[47.6747667,45.631376],[47.6766424,45.631081],[47.6757972,45.6293193],[47.6784876,45.6262643],[47.678059,45.6243526],[47.6835307,45.6207359],[47.6901024,45.6203846],[47.6894802,45.6166361],[47.692988,45.6172359],[47.6939188,45.6152955],[47.6924998,45.6140148],[47.6903497,45.6152548],[47.6908837,45.6127906],[47.6982702,45.6131612],[47.6976913,45.6129382],[47.6984482,45.6121546],[47.6979896,45.6117503],[47.6987204,45.6111829],[47.6983877,45.6110189],[47.690223,45.6094195],[47.6926034,45.6062531],[47.6936958,45.6083185],[47.6960451,45.6075199],[47.7022275,45.61019],[47.7070448,45.609901],[47.7105317,45.6074768],[47.6973379,45.6053132],[47.6971501,45.602506],[47.7028133,45.6023322],[47.7019362,45.5977137],[47.7079698,45.5985104],[47.7094021,45.6004021],[47.7105608,45.5999029],[47.7084365,45.5979999],[47.7100673,45.5971479],[47.7155283,45.5996364],[47.7123633,45.5961832],[47.704554,45.5941028],[47.7031064,45.5920403],[47.7039403,45.590372],[47.7074528,45.5897986],[47.7091694,45.5904968],[47.7083433,45.5909135],[47.708118,45.591424],[47.7100224,45.5908797],[47.7126402,45.5927754],[47.721293,45.5916793],[47.7211415,45.598007],[47.7223538,45.5978531],[47.7225014,45.5904227],[47.725323,45.5885307],[47.7212675,45.589075],[47.7157476,45.5869802],[47.7151897,45.5858352],[47.7166917,45.5850693],[47.7103939,45.5805959],[47.711478,45.5793127],[47.7103342,45.5782845],[47.7055585,45.5804169],[47.7024905,45.5781018],[47.7037311,45.5737321],[47.705335,45.5738597],[47.7069014,45.5730336],[47.7043587,45.5734692],[47.7054571,45.5716752],[47.7091169,45.5724385],[47.7062403,45.5700529],[47.7082211,45.5702304],[47.7090418,45.5692803],[47.7074312,45.5673941],[47.7098103,45.5664384],[47.7096333,45.5678279],[47.7119198,45.5686832],[47.7146718,45.5668167],[47.7140656,45.5694267],[47.7184913,45.5700464],[47.7126119,45.5702792],[47.7132301,45.5728393],[47.7147321,45.5719681],[47.7188011,45.5747149],[47.718211,45.5732392],[47.7206142,45.5728862],[47.7201958,45.5741442],[47.723098,45.5759315],[47.7241869,45.5752932],[47.7220063,45.5717916],[47.7243733,45.5691207],[47.7220881,45.5698492],[47.7211708,45.5682006],[47.7162878,45.566797],[47.7180997,45.5636038],[47.7193281,45.5642047],[47.7192423,45.5623569],[47.7139905,45.5607494],[47.7157876,45.5596564],[47.7133012,45.5572657],[47.7144948,45.5560074],[47.7150339,45.5578442],[47.7167164,45.5542879],[47.7191269,45.5548955],[47.7198189,45.5531338],[47.7210689,45.5545274],[47.7179843,45.5563116],[47.7183491,45.5572319],[47.7242668,45.5534881],[47.7253927,45.5550563],[47.7254512,45.5527278],[47.7282798,45.5518105],[47.7267672,45.5507576],[47.7291608,45.5470112],[47.7280821,45.5439982],[47.7227178,45.5439005],[47.7221435,45.5421103],[47.7258804,45.5403501],[47.7297394,45.5411209],[47.7303432,45.5393893],[47.7254966,45.5401058],[47.7228201,45.5381869],[47.7209575,45.5395692],[47.7185582,45.5369506],[47.7143708,45.5397872],[47.7137646,45.5360141],[47.7101704,45.5373345],[47.7090051,45.5364119],[47.7098355,45.5335903],[47.7072787,45.5322415],[47.7125864,45.532134],[47.7133076,45.5301527],[47.7166456,45.5325815],[47.7172195,45.531096],[47.7201049,45.5312879],[47.7206019,45.5305019],[47.7179689,45.530835],[47.7163363,45.5281572],[47.7087262,45.5286789],[47.7086685,45.5266262],[47.7125081,45.5257705],[47.7079259,45.5248258],[47.706066,45.5268609],[47.7070086,45.5241686],[47.7039728,45.5216605],[47.7144566,45.5229508],[47.7150521,45.5217787],[47.716527,45.5221676],[47.716452,45.5244565],[47.7228454,45.5234138],[47.7254098,45.5270397],[47.7287937,45.5263943],[47.7300158,45.5283501],[47.7317845,45.5271794],[47.731471,45.5251838],[47.7338284,45.525089],[47.7326021,45.5262876],[47.7342844,45.5275019],[47.732961,45.5309525],[47.7349661,45.5331693],[47.7379177,45.5307692],[47.7372187,45.5293288],[47.7405672,45.527828],[47.7413678,45.5296315],[47.7432172,45.5258881],[47.738874,45.5224156],[47.7433676,45.5224852],[47.7362104,45.5211441],[47.7373618,45.518379],[47.7380559,45.5191411],[47.7399835,45.5186259],[47.7406247,45.5177409],[47.7363789,45.5172918],[47.7324905,45.5235442],[47.7283904,45.5208295],[47.7319792,45.5177324],[47.7308794,45.5174129],[47.7275206,45.5193059],[47.7277781,45.5211777],[47.723906,45.5226661],[47.7163327,45.5189113],[47.7180273,45.5172747],[47.7190097,45.5184602],[47.723639,45.5177256],[47.7237538,45.5155178],[47.7254026,45.51702],[47.7267441,45.516238],[47.7239023,45.5146581],[47.7184002,45.5151216],[47.7165827,45.512823],[47.719138,45.5113339],[47.7212103,45.5122021],[47.7199302,45.5094753],[47.7180545,45.5095228],[47.7189234,45.5088604],[47.722862,45.5104632],[47.7252428,45.5096975],[47.7280484,45.5116477],[47.725045,45.5092151],[47.7186567,45.5084578],[47.7191766,45.50514],[47.7285596,45.506325],[47.7305617,45.5037352],[47.7328577,45.5047033],[47.733716,45.5042597],[47.7344804,45.5081395],[47.7385735,45.5092824],[47.7412966,45.508337],[47.7415167,45.5099023],[47.743699,45.5051647],[47.7456007,45.5067193],[47.747776,45.5047624],[47.7463598,45.5034146],[47.7431921,45.5045876],[47.7405957,45.502719],[47.7416096,45.500918],[47.7369224,45.5030489],[47.7325088,45.5002807],[47.7340184,45.5017143],[47.7324802,45.5040482],[47.7301963,45.5008439],[47.7285561,45.5028752],[47.7237134,45.5036281],[47.7272331,45.5001817],[47.7251624,45.5000238],[47.7242921,45.5016152],[47.7203412,45.4998894],[47.7216447,45.4976108],[47.7231608,45.4980869],[47.7254649,45.4971901],[47.7202144,45.4957593],[47.7211413,45.4936062],[47.7253899,45.4932979],[47.7245973,45.4920951],[47.7258727,45.4915154],[47.7319023,45.4935385],[47.730529,45.4917034],[47.733222,45.4908385],[47.7333105,45.487877],[47.7294374,45.4872],[47.7346006,45.487405],[47.7356493,45.4854362],[47.7334821,45.4844132],[47.7412605,45.4841763],[47.7454877,45.4809191],[47.7426206,45.4790381],[47.7392106,45.4796341],[47.7400559,45.4787492],[47.7377382,45.4782669],[47.7382994,45.4764957],[47.736175,45.4745322],[47.7375698,45.4738024],[47.7431234,45.4765154],[47.7469374,45.4761919],[47.7472164,45.4785015],[47.7494614,45.4788419],[47.7498704,45.4820794],[47.7519089,45.4798377],[47.7520377,45.4820644],[47.7550256,45.4840164],[47.7580619,45.4747936],[47.7575898,45.472198],[47.7545428,45.4732889],[47.756474,45.4713102],[47.7531052,45.4739359],[47.7537704,45.4769076],[47.7518928,45.478194],[47.7500367,45.4762531],[47.7505946,45.4741089],[47.7486024,45.4729461],[47.7499724,45.4721077],[47.7465069,45.4710468],[47.7455306,45.4740337],[47.7429235,45.4743647],[47.7411479,45.4721641],[47.7422208,45.4707045],[47.7383262,45.4724801],[47.7342036,45.471961],[47.7365425,45.4701026],[47.736682,45.4663405],[47.7344536,45.4675967],[47.7296765,45.4639642],[47.731994,45.4616164],[47.7344401,45.4616766],[47.7344401,45.4634525],[47.7372296,45.4626097],[47.7424224,45.4641147],[47.7425082,45.4625194],[47.7369292,45.4578839],[47.7429293,45.4553458],[47.7474864,45.4585762],[47.747186,45.4604124],[47.75122,45.4668536],[47.757247,45.4630029],[47.7585049,45.4647693],[47.7605863,45.4635503],[47.7601679,45.4619099],[47.7570002,45.4627094],[47.7574267,45.4607623],[47.7545084,45.4609053],[47.7548625,45.4628693],[47.7516868,45.4615675],[47.7513765,45.4581147],[47.7490698,45.4582502],[47.7516125,45.4517102],[47.7461408,45.4517628],[47.7488525,45.4512717],[47.7495767,45.4489159],[47.7520377,45.4480739],[47.7516286,45.4468272],[47.7474001,45.4493572],[47.7461878,45.4472685],[47.7411667,45.4482432],[47.7430657,45.4486459],[47.739666,45.449567],[47.7385314,45.4557931],[47.7348367,45.4551731],[47.7348688,45.4536002],[47.7371273,45.4539614],[47.7372506,45.4523659],[47.7354106,45.452125],[47.7359739,45.4503262],[47.7375671,45.4503149],[47.7374062,45.4478198],[47.7407536,45.447308],[47.7382323,45.4463069],[47.7424514,45.4450818],[47.7425105,45.443614],[47.7387124,45.4450404],[47.7420652,45.4432527],[47.7379239,45.4407196],[47.7401501,45.4395641],[47.7388734,45.4380923],[47.7412069,45.4376745],[47.7406651,45.4348363],[47.7432561,45.4344599],[47.7426472,45.4308742],[47.7449244,45.4287566],[47.747789,45.4303378],[47.7476388,45.4318888],[47.7506858,45.4325363],[47.7491623,45.430541],[47.7513832,45.4297429],[47.7551115,45.4316968],[47.7576757,45.4298371],[47.7589738,45.431757],[47.7599716,45.430733],[47.7597463,45.4349417],[47.7610338,45.4345803],[47.7615166,45.4363721],[47.7597571,45.4365377],[47.7641666,45.4389468],[47.7677715,45.4285495],[47.7620369,45.4260911],[47.7612001,45.4271302],[47.7605778,45.4253231],[47.757563,45.4263848],[47.7586305,45.42867],[47.7568174,45.4293175],[47.7565169,45.4233765],[47.7491784,45.4215279],[47.7536416,45.4205791],[47.751646,45.4181994],[47.7553153,45.4198411],[47.7551651,45.4184705]],[[47.6931846,45.584097],[47.6936728,45.5834887],[47.6937693,45.5839731],[47.6931846,45.584097]],[[47.695384,45.5854748],[47.6959097,45.584998],[47.6960117,45.5852871],[47.695384,45.5854748]],[[47.693544,45.5857488],[47.6945901,45.5853734],[47.6948422,45.5856024],[47.693544,45.5857488]],[[47.6985276,45.5865297],[47.699064,45.5867099],[47.69849,45.586755],[47.6985276,45.5865297]],[[47.7010381,45.5866724],[47.7010542,45.5862406],[47.7012902,45.5864847],[47.7010381,45.5866724]],[[47.6943648,45.5816078],[47.6946437,45.5820733],[47.6940966,45.5818631],[47.6943648,45.5816078]],[[47.6925731,45.5813374],[47.6912534,45.5827942],[47.6900411,45.5813938],[47.6925731,45.5813374]],[[47.6951265,45.5823023],[47.6952392,45.5827191],[47.694928,45.5825351],[47.6951265,45.5823023]],[[47.6966178,45.5821709],[47.6962101,45.5816228],[47.696929,45.5818781],[47.6966178,45.5821709]],[[47.6987046,45.5806541],[47.6983613,45.5812699],[47.6982486,45.5806992],[47.6987046,45.5806541]],[[47.7015531,45.5815139],[47.7001959,45.5821935],[47.7004319,45.5815477],[47.7015531,45.5815139]],[[47.7014914,45.5834305],[47.70022,45.5832334],[47.7017114,45.5830307],[47.7014914,45.5834305]],[[47.7000886,45.5835488],[47.6998687,45.583958],[47.6997989,45.5838116],[47.7000886,45.5835488]],[[47.6982647,45.5842903],[47.6981762,45.5850581],[47.6978087,45.5846657],[47.6982647,45.5842903]],[[47.7053189,45.581574],[47.7063328,45.5823774],[47.704981,45.5819119],[47.7053189,45.581574]],[[47.7027816,45.5806297],[47.7029103,45.5812961],[47.7022344,45.5808569],[47.7027816,45.5806297]],[[47.7019688,45.5803875],[47.7019688,45.5806898],[47.7017891,45.5805283],[47.7019688,45.5803875]],[[47.6962906,45.5825201],[47.6958507,45.5827867],[47.6956576,45.5824976],[47.6962906,45.5825201]],[[47.6962691,45.5797267],[47.6963657,45.5790396],[47.6967198,45.5792912],[47.6962691,45.5797267]],[[47.6961082,45.5789195],[47.6951158,45.5790359],[47.6958668,45.5786717],[47.6961082,45.5789195]],[[47.6947135,45.5779845],[47.6940268,45.5782361],[47.6940697,45.5779695],[47.6947135,45.5779845]],[[47.6953679,45.5797192],[47.6942038,45.579922],[47.6941556,45.5790959],[47.6953679,45.5797192]],[[47.6936835,45.5790922],[47.6931846,45.579141],[47.6935065,45.5787167],[47.6936835,45.5790922]],[[47.6941395,45.5784614],[47.6937479,45.5786829],[47.6937425,45.5784426],[47.6941395,45.5784614]],[[47.6928198,45.5792874],[47.6931792,45.5803124],[47.692455,45.5798131],[47.6928198,45.5792874]],[[47.6916826,45.581206],[47.6905078,45.5803575],[47.6916021,45.5795465],[47.6919132,45.5797342],[47.6916826,45.581206]],[[47.6917148,45.5792386],[47.6908511,45.5791973],[47.6910388,45.5789983],[47.6917148,45.5792386]],[[47.6910281,45.5798431],[47.6897031,45.579768],[47.6891237,45.5784314],[47.6901913,45.5784651],[47.6910281,45.5798431]],[[47.69113,45.5783788],[47.6904327,45.5786942],[47.6904219,45.5782774],[47.69113,45.5783788]],[[47.6924711,45.5802036],[47.6921546,45.5808343],[47.691806,45.5805978],[47.6924711,45.5802036]],[[47.6949173,45.5804176],[47.6940912,45.5806579],[47.6942092,45.5803725],[47.6949173,45.5804176]],[[47.6969182,45.5802261],[47.6965803,45.5804363],[47.6965964,45.5801735],[47.6969182,45.5802261]],[[47.6979214,45.5798619],[47.6969343,45.5800196],[47.696988,45.5795578],[47.6979214,45.5798619]],[[47.7001315,45.5810483],[47.6976263,45.5795165],[47.6982272,45.5782511],[47.6997024,45.5790546],[47.7001315,45.5810483]],[[47.7001476,45.5795352],[47.7010274,45.5774401],[47.7012795,45.5803387],[47.7001476,45.5795352]],[[47.7019823,45.5794038],[47.7013439,45.5798131],[47.7012795,45.5795765],[47.7019823,45.5794038]],[[47.7031088,45.5799633],[47.702229,45.5795089],[47.7033234,45.5795277],[47.7031088,45.5799633]],[[47.7013546,45.5784576],[47.7023739,45.5785102],[47.7019018,45.5789345],[47.7013546,45.5784576]],[[47.7000403,45.5776729],[47.6989353,45.5784088],[47.6990211,45.5778081],[47.7000403,45.5776729]],[[47.6972991,45.5783225],[47.6966017,45.5782061],[47.6972562,45.5780559],[47.6972991,45.5783225]],[[47.6940966,45.5800834],[47.6937318,45.5802411],[47.6937103,45.5801472],[47.6940966,45.5800834]],[[47.6937801,45.5777555],[47.6928574,45.5780484],[47.6926267,45.5778231],[47.6937801,45.5777555]],[[47.6993456,45.5772336],[47.6994154,45.5769144],[47.6995549,45.5769895],[47.6993456,45.5772336]],[[47.7010059,45.5769332],[47.7002227,45.5768694],[47.7007323,45.5765802],[47.7010059,45.5769332]],[[47.7019393,45.5773312],[47.7018642,45.5765577],[47.7022022,45.5768093],[47.7019393,45.5773312]],[[47.7024436,45.5757692],[47.7027494,45.5764976],[47.702229,45.5763437],[47.7024436,45.5757692]],[[47.701183,45.575848],[47.7013814,45.576032],[47.7010918,45.5759607],[47.701183,45.575848]],[[47.7006572,45.5750858],[47.7005929,45.5753223],[47.7005339,45.5752097],[47.7006572,45.5750858]],[[47.696532,45.5757241],[47.6965696,45.5761747],[47.6962906,45.5759607],[47.696532,45.5757241]],[[47.7523326,45.4024878],[47.7492427,45.3994746],[47.7507018,45.3950749],[47.7477836,45.389168],[47.7502727,45.383381],[47.7473544,45.3775332],[47.7467536,45.3702979],[47.7478694,45.3670417],[47.750616,45.3655945],[47.757225,45.3835016],[47.7590918,45.3805326],[47.7603149,45.3879624],[47.7581691,45.3900119],[47.7578258,45.3976063],[47.7523326,45.4024878]],[[47.8022,45.4138767],[47.8004834,45.4051998],[47.8028866,45.4018251],[47.7925869,45.397727],[47.7901837,45.3885654],[47.7922436,45.382055],[47.8018567,45.3827784],[47.8008267,45.3784377],[47.7888104,45.3774731],[47.7867505,45.3740967],[47.7795407,45.3420113],[47.7819439,45.3357368],[47.7833172,45.3395981],[47.7853772,45.3405634],[47.7898404,45.3395981],[47.7908703,45.3371848],[47.7857205,45.3309098],[47.7829739,45.3299444],[47.7767941,45.3313925],[47.7767941,45.3287375],[47.7826306,45.3265652],[47.7846905,45.3241513],[47.7840039,45.3176335],[47.779884,45.3128049],[47.779884,45.3084589],[47.7819439,45.304837],[47.7853772,45.3132878],[47.7901837,45.3157021],[47.8022,45.3140121],[47.80117,45.3099076],[47.8073498,45.3096662],[47.8059765,45.3137707],[47.8152462,45.3142535],[47.8166195,45.3185991],[47.8210827,45.3212546],[47.8282925,45.320289],[47.8289791,45.3219788],[47.8365322,45.3234272],[47.8334423,45.3255997],[47.8344723,45.3272893],[47.8385922,45.3253583],[47.8440854,45.3287375],[47.8461453,45.3253583],[47.8499218,45.3248755],[47.8512951,45.3289789],[47.8485485,45.3316339],[47.8471753,45.3359781],[47.8499218,45.3388741],[47.8516385,45.3480438],[47.8591916,45.3456308],[47.865028,45.352628],[47.8605648,45.3589006],[47.8657147,45.3572119],[47.8712078,45.3617954],[47.8643414,45.3825372],[47.8615948,45.3854308],[47.8622815,45.3876009],[47.8684613,45.389771],[47.8664013,45.3926642],[47.8598782,45.3941108],[47.8516385,45.3931464],[47.8495785,45.3902532],[47.8523251,45.3849486],[47.8512951,45.3835018],[47.8471753,45.3832607],[47.8399655,45.3863953],[47.8372189,45.3827784],[47.8389355,45.3748202],[47.8348156,45.3755438],[47.8313824,45.3791612],[47.8258892,45.3774731],[47.8241726,45.3781966],[47.8197094,45.3895299],[47.8149029,45.392182],[47.8114697,45.392182],[47.810783,45.3936286],[47.8197094,45.4020662],[47.8197094,45.406405],[47.8145596,45.4054409],[47.8124997,45.4155637],[47.8097531,45.4170097],[47.8066632,45.4174917],[47.8022,45.4138767]],[[47.7711081,45.3657],[47.769413,45.3655341],[47.769885,45.3650517],[47.7711081,45.3657]],[[47.774536,45.3727248],[47.7681684,45.3727549],[47.771666,45.3724987],[47.7701211,45.3692125],[47.7707219,45.3688356],[47.7712154,45.3691371],[47.7717089,45.3689261],[47.7705932,45.3669625],[47.7719343,45.3667062],[47.774536,45.3727248]],[[47.7652931,45.3456909],[47.7622139,45.3430366],[47.7636838,45.3426219],[47.7630079,45.3392962],[47.7652931,45.3456909]],[[47.7707004,45.3668306],[47.7702284,45.3663482],[47.7716017,45.3663331],[47.7707004,45.3668306]],[[47.7599931,45.3355857],[47.7592206,45.3319354],[47.7612161,45.3316035],[47.7619457,45.3351483],[47.7599931,45.3355857]],[[47.7631581,45.3384968],[47.7608299,45.3388739],[47.7618277,45.3361514],[47.7631581,45.3384968]],[[47.7573967,45.3272287],[47.751689,45.3254862],[47.7484918,45.3254335],[47.7518821,45.3228008],[47.7575469,45.3228536],[47.7590221,45.3261085],[47.7573967,45.3272287]],[[47.7587485,45.3316337],[47.7575254,45.328149],[47.7590918,45.3272136],[47.7611732,45.3311359],[47.7587485,45.3316337]],[[47.7550149,45.3225443],[47.7545214,45.3205679],[47.75671,45.3215712],[47.7535021,45.3157773],[47.7531588,45.3142005],[47.7545964,45.3136346],[47.7579117,45.3210281],[47.7550149,45.3225443]],[[47.7673101,45.3386778],[47.7667308,45.3358271],[47.7751958,45.3341],[47.7701318,45.3363475],[47.7719235,45.3380217],[47.7673101,45.3386778]],[[47.7516782,45.2890823],[47.7486473,45.2789029],[47.763083,45.2801863],[47.7527833,45.2819377],[47.7572679,45.2848213],[47.7652287,45.2842627],[47.766087,45.2857724],[47.7607441,45.2864367],[47.7516782,45.2890823]],[[47.7833283,45.3916524],[47.783795,45.3950015],[47.7818718,45.3942951],[47.7831781,45.3864027],[47.7861929,45.3864102],[47.7871478,45.3905091],[47.7833283,45.3916524]],[[47.7691233,45.3394018],[47.7673262,45.3387796],[47.769354,45.3389116],[47.7691233,45.3394018]],[[47.7842188,45.3947434],[47.7843529,45.3921215],[47.7870458,45.3906711],[47.7862679,45.394344],[47.7842188,45.3947434]],[[47.7707863,45.3424107],[47.7689624,45.3450575],[47.767986,45.3404651],[47.7707863,45.3424107]],[[47.7742624,45.3134385],[47.7603578,45.3155058],[47.7556693,45.3019164],[47.7653789,45.298377],[47.7667522,45.296596],[47.7720308,45.2988902],[47.7624607,45.299826],[47.7594137,45.3016674],[47.7605295,45.3043236],[47.7588987,45.305531],[47.7634048,45.3116277],[47.7742624,45.3134385]],[[47.752676,45.3139364],[47.7514314,45.3129556],[47.7528047,45.3114617],[47.7507019,45.3109486],[47.7532231,45.3095678],[47.7545857,45.3128236],[47.752676,45.3139364]],[[47.7657008,45.4078359],[47.7654004,45.4058022],[47.7616882,45.4053051],[47.7669024,45.4047627],[47.7657008,45.4078359]],[[47.7718484,45.3441074],[47.7731359,45.3423353],[47.7762043,45.3416642],[47.7756357,45.3429989],[47.7735865,45.3424333],[47.773962,45.3435946],[47.7718484,45.3441074]],[[47.749629,45.3105638],[47.7478266,45.3074174],[47.7505517,45.3065421],[47.7473009,45.3051989],[47.750541,45.305214],[47.7518821,45.304716],[47.7530032,45.3090208],[47.749629,45.3105638]],[[47.7690482,45.3452083],[47.7743053,45.3435795],[47.7751958,45.3460604],[47.777642,45.3459171],[47.7705181,45.3486241],[47.7690482,45.3452083]],[[47.7651027,45.3306381],[47.7623802,45.3218012],[47.7669668,45.3208319],[47.7682757,45.3228084],[47.7652931,45.3235326],[47.7664733,45.324649],[47.7651858,45.3247998],[47.7710867,45.3274852],[47.772417,45.3254033],[47.7730608,45.3270477],[47.7687907,45.330095],[47.7672672,45.3289032],[47.7651027,45.3306381]],[[47.7437603,45.2934034],[47.7427733,45.2904448],[47.7464855,45.2906636],[47.7470648,45.2906222],[47.74773,45.2900447],[47.7479714,45.2902145],[47.747891,45.292143],[47.7437603,45.2934034]],[[47.7705181,45.3487071],[47.7766657,45.3467089],[47.7784789,45.3491293],[47.7766549,45.3502452],[47.7783394,45.3496797],[47.7788329,45.3526052],[47.7742624,45.3529218],[47.7743697,45.3515873],[47.7759898,45.3519869],[47.7724171,45.3503282],[47.7741229,45.3525072],[47.7726424,45.3526881],[47.7705181,45.3487071]],[[47.773962,45.3205905],[47.7696061,45.3210582],[47.7684474,45.3207716],[47.7672243,45.320666],[47.7622676,45.3214203],[47.7604544,45.316313],[47.7704644,45.3152643],[47.7659154,45.3171504],[47.773962,45.3205905]],[[47.775464,45.4042354],[47.7660226,45.4037835],[47.7615165,45.4038739],[47.7731037,45.4026686],[47.7746057,45.3996855],[47.7700138,45.3987212],[47.7720308,45.3967323],[47.7763652,45.3993239],[47.775464,45.4042354]],[[47.7792889,45.3725571],[47.7727067,45.3534571],[47.7763653,45.3538492],[47.7781463,45.3560657],[47.7757752,45.3589004],[47.7778244,45.3622098],[47.7767944,45.3632049],[47.7806783,45.3625641],[47.7794444,45.3645165],[47.7819443,45.3653532],[47.7804959,45.3665442],[47.7831459,45.3681723],[47.7823734,45.3696572],[47.7836823,45.370117],[47.7842188,45.3738176],[47.7792889,45.3725571]],[[47.7428484,45.290324],[47.7418184,45.2890937],[47.7441358,45.2875538],[47.7423549,45.2849421],[47.7452785,45.2842136],[47.7477568,45.28989],[47.7428484,45.290324]],[[47.7761185,45.3967455],[47.768383,45.3947735],[47.7607441,45.3899215],[47.7686834,45.3929955],[47.7722024,45.3923023],[47.7731895,45.3952557],[47.7755928,45.3939297],[47.7745628,45.3930859],[47.7766227,45.393327],[47.7747345,45.3832303],[47.7718591,45.3833207],[47.7746915,45.3822356],[47.776494,45.3795529],[47.7787685,45.3858526],[47.7761185,45.3967455]],[[47.7835321,45.3740287],[47.7856886,45.381158],[47.7842295,45.3841873],[47.7867079,45.3848052],[47.7856135,45.3863574],[47.7831459,45.385634],[47.7795195,45.3728906],[47.7835321,45.3740287]],[[47.7683616,45.3224764],[47.7674067,45.320847],[47.7732003,45.3220314],[47.7709526,45.3235929],[47.7686137,45.3228989],[47.7696705,45.321888],[47.7683616,45.3224764]],[[47.7679967,45.3998362],[47.7675676,45.3968227],[47.7645206,45.3938393],[47.7710437,45.39622],[47.7679967,45.3998362]],[[47.7722024,45.3818136],[47.773447,45.3812409],[47.7715587,45.3806079],[47.7735328,45.3797036],[47.7726316,45.3763575],[47.7746915,45.3765082],[47.7704429,45.3742774],[47.7743697,45.3737649],[47.7764082,45.379161],[47.7743482,45.3815122],[47.7722024,45.3818136]],[[47.7571392,45.4185759],[47.754693,45.4180789],[47.7540707,45.4176722],[47.757976,45.4155183],[47.7571392,45.4185759]],[[47.7501869,45.4206393],[47.7486419,45.4195888],[47.7510237,45.4204284],[47.7501869,45.4206393]],[[47.7662909,45.3302836],[47.7698421,45.3327273],[47.7750671,45.3335343],[47.7665954,45.3356527],[47.7646709,45.3307946],[47.7662909,45.3302836]],[[49.7121541,39.6216419],[49.7108365,39.6194948],[49.7140013,39.6192335],[49.7121541,39.6216419]],[[48.8445497,45.8083863],[48.8439059,45.8105476],[48.8405156,45.8109514],[48.8417816,45.8083115],[48.8445497,45.8083863]],[[48.834765,45.8215135],[48.8359559,45.8188965],[48.8373989,45.8190536],[48.8373399,45.8210649],[48.834765,45.8215135]],[[48.8497263,45.8057089],[48.8486052,45.8046132],[48.8500535,45.8053312],[48.8497263,45.8057089]],[[48.8474572,45.8066512],[48.8493025,45.8069205],[48.8473821,45.8083564],[48.8493884,45.8095829],[48.8461643,45.8092127],[48.8474572,45.8066512]],[[48.8472533,45.8399354],[48.8428331,45.8407631],[48.8422,45.8384666],[48.8393113,45.8367885],[48.8330725,45.8368502],[48.8322651,45.8328903],[48.8357654,45.827519],[48.8458908,45.828902],[48.8407141,45.8321558],[48.8425004,45.8342452],[48.8443351,45.8321297],[48.8458586,45.8343274],[48.8486481,45.8340135],[48.8451397,45.8345666],[48.8470066,45.8348395],[48.8444424,45.837052],[48.8459551,45.8382704],[48.8449573,45.8400718],[48.8472533,45.8399354]],[[47.4698853,45.3361815],[47.4709475,45.3357403],[47.4714678,45.3362683],[47.4698853,45.3361815]],[[52.2934257,46.4205257],[52.2910159,46.4200918],[52.2907069,46.4192398],[52.2934123,46.4192024],[52.2934257,46.4205257]],[[52.2650831,46.442775],[52.2653712,46.4407093],[52.2675843,46.4402921],[52.2663871,46.438297],[52.2675969,46.4377885],[52.2637553,46.4378122],[52.2665162,46.4357299],[52.2664701,46.4328378],[52.2680237,46.4328259],[52.2688179,46.4377471],[52.2715105,46.437713],[52.2714528,46.4340483],[52.2723131,46.4357142],[52.2744527,46.4357214],[52.2744305,46.4390876],[52.2731693,46.4389488],[52.2727171,46.4417335],[52.2717606,46.4428987],[52.2715117,46.4379907],[52.2688817,46.4382363],[52.2699891,46.4408324],[52.2650831,46.442775]],[[52.334597,46.4725314],[52.3312126,46.4704051],[52.3360543,46.4714948],[52.334597,46.4725314]],[[52.8378648,40.7456315],[52.8374581,40.7445297],[52.8385241,40.7445064],[52.8378648,40.7456315]],[[50.8276462,44.8424892],[50.8272493,44.8452201],[50.8319378,44.8506132],[50.8279252,44.8504154],[50.824331,44.8467491],[50.8242774,44.844391],[50.8276462,44.8424892]],[[48.9329392,45.950083],[48.9343607,45.950814],[48.9334542,45.9512019],[48.9329392,45.950083]],[[49.5788848,46.1349581],[49.5808267,46.1371365],[49.5787454,46.1411806],[49.5744431,46.1415597],[49.5710313,46.1389207],[49.5737457,46.1352035],[49.5788848,46.1349581]],[[49.4195455,45.9566284],[49.4194972,45.9573556],[49.4190359,45.9572437],[49.4195455,45.9566284]],[[49.4152889,45.9569715],[49.4154713,45.9574843],[49.4150957,45.9573444],[49.4152889,45.9569715]],[[49.4000539,45.948039],[49.400593,45.9484735],[49.400298,45.9485015],[49.4000539,45.948039]],[[49.400247,45.9472986],[49.3997455,45.9477947],[49.3995845,45.9471252],[49.400247,45.9472986]],[[49.3951374,45.9511385],[49.3957329,45.9517017],[49.3949443,45.9514555],[49.3951374,45.9511385]],[[49.4005394,45.9536597],[49.4011939,45.9528243],[49.4029641,45.9534807],[49.4021755,45.9542304],[49.4005394,45.9536597]],[[49.4042087,45.9516718],[49.405936,45.9527385],[49.4040906,45.9532607],[49.4042087,45.9516718]],[[49.4165844,45.9446782],[49.4182634,45.9446297],[49.4183761,45.9450065],[49.4165844,45.9446782]],[[49.402315,45.961536],[49.4025886,45.9616964],[49.402374,45.961797],[49.402315,45.961536]],[[49.4027442,45.944018],[49.4061935,45.9440739],[49.4031841,45.9462635],[49.4027442,45.944018]],[[49.4037795,45.9598915],[49.4039458,45.9606261],[49.4031894,45.9604956],[49.4037795,45.9598915]],[[49.4014889,45.9609431],[49.4018537,45.9620543],[49.4011992,45.9618642],[49.4014889,45.9609431]],[[49.4047424,45.961536],[49.4049624,45.962321],[49.4043535,45.9620357],[49.4047424,45.961536]],[[49.4043401,45.9627088],[49.4046834,45.9624571],[49.4048765,45.9626472],[49.4043401,45.9627088]],[[49.4036856,45.9634657],[49.4048014,45.9629754],[49.4049087,45.9635646],[49.4036856,45.9634657]],[[49.4296843,45.9488447],[49.4317281,45.9472594],[49.4326132,45.9472408],[49.4323182,45.9485612],[49.4296843,45.9488447]],[[49.4322056,45.9531786],[49.4332999,45.9520336],[49.4340616,45.9526192],[49.4322056,45.9531786]],[[49.4279569,45.9542415],[49.4273829,45.9557632],[49.4267285,45.9556886],[49.4279569,45.9542415]],[[49.4099754,45.9733371],[49.4111288,45.9728189],[49.4112039,45.9731731],[49.4099754,45.9733371]],[[49.4286168,45.9563039],[49.4297004,45.9572885],[49.4273293,45.9564718],[49.4304728,45.9536411],[49.4318676,45.9541744],[49.4286168,45.9563039]],[[49.4242501,45.9594514],[49.4271254,45.9566284],[49.428075,45.9575383],[49.4263798,45.9593657],[49.4242501,45.9594514]],[[49.4259775,45.9615248],[49.4262993,45.9611631],[49.4263798,45.9613309],[49.4259775,45.9615248]],[[49.4288689,45.9581089],[49.4293356,45.9583066],[49.4288796,45.9583737],[49.4288689,45.9581089]],[[49.422496,45.9608461],[49.4237351,45.9598355],[49.4250011,45.9605664],[49.4244218,45.9611556],[49.422496,45.9608461]],[[49.4250011,45.9623266],[49.425779,45.9623005],[49.425559,45.9625279],[49.4250011,45.9623266]],[[49.4222224,45.9610773],[49.4237995,45.9613607],[49.4228339,45.9639337],[49.4202161,45.9642022],[49.4224906,45.9644707],[49.4220936,45.9677892],[49.4199693,45.965291],[49.4172549,45.9695044],[49.4131029,45.9723901],[49.4106567,45.9723305],[49.4222224,45.9610773]],[[49.4267124,45.9563673],[49.4117832,45.9701755],[49.4053781,45.9658876],[49.4052869,45.9627628],[49.4078779,45.9599847],[49.4042838,45.9597013],[49.4037044,45.9578964],[49.4049597,45.9571915],[49.4019341,45.9557259],[49.4034737,45.9540663],[49.405995,45.9554797],[49.4055712,45.9531227],[49.4076151,45.9520075],[49.4083285,45.9511124],[49.406628,45.9519963],[49.4055498,45.9502993],[49.4097233,45.9496503],[49.4082749,45.948591],[49.4100022,45.9477667],[49.4153774,45.9492624],[49.4190949,45.9523581],[49.417845,45.9556811],[49.4141006,45.9564121],[49.4127166,45.9592501],[49.4238907,45.9576502],[49.421466,45.9556326],[49.4210905,45.9569044],[49.4190144,45.9558266],[49.4224638,45.954208],[49.4267124,45.9563673]],[[52.610693,46.7715998],[52.6136756,46.7728343],[52.6147055,46.7754061],[52.607882,46.7794325],[52.6011872,46.7804464],[52.5923252,46.7789916],[52.5879907,46.7743627],[52.5929904,46.772364],[52.6024103,46.7733927],[52.6050281,46.7739218],[52.6067018,46.7770666],[52.6076031,46.7732164],[52.610693,46.7715998]],[[52.5412988,46.8280196],[52.5359773,46.8215302],[52.5326299,46.812984],[52.5333166,46.8097238],[52.5307846,46.8068746],[52.5328016,46.8051709],[52.5310421,46.8007352],[52.5323724,46.7982968],[52.5297975,46.7967397],[52.5276088,46.7903052],[52.5381231,46.7853393],[52.5458049,46.7843402],[52.5475645,46.7814897],[52.5592804,46.776905],[52.5693655,46.7783157],[52.5687646,46.7829884],[52.5705242,46.7841639],[52.5797939,46.7857507],[52.585802,46.784399],[52.5938701,46.7968278],[52.5928831,46.8071977],[52.5861883,46.8272562],[52.5760173,46.831954],[52.5694942,46.8321302],[52.5412988,46.8280196]],[[52.3423433,46.7175629],[52.3466563,46.7174599],[52.3485446,46.7187692],[52.3443818,46.7195048],[52.3423433,46.7175629]],[[52.3373651,46.7297057],[52.341249,46.7302646],[52.3416996,46.7310515],[52.3373651,46.7297057]],[[52.3624277,46.7358901],[52.3657751,46.7406547],[52.36835,46.7484772],[52.3695945,46.7537111],[52.3682642,46.7557105],[52.3655176,46.7547108],[52.358694,46.74586],[52.3599815,46.7423899],[52.3585224,46.7380372],[52.3624277,46.7358901]],[[52.3674059,46.7251681],[52.3721266,46.7308015],[52.3717618,46.7323899],[52.3589301,46.7349489],[52.3469782,46.7319045],[52.3413563,46.7251534],[52.3526859,46.7251975],[52.3522138,46.7211082],[52.3538661,46.720255],[52.3601532,46.7214024],[52.3674059,46.7251681]],[[52.8560936,46.5251358],[52.8553426,46.5281697],[52.8510725,46.5254532],[52.8482079,46.5258962],[52.8478968,46.5206253],[52.8500962,46.5196213],[52.8534543,46.5241836],[52.8560936,46.5251358]],[[52.859559,46.5310041],[52.862252,46.5318455],[52.8627455,46.5324581],[52.8583252,46.5325024],[52.859559,46.5310041]],[[52.8564048,46.528273],[52.855407,46.5301626],[52.8546667,46.5301257],[52.8552139,46.5287749],[52.8564048,46.528273]],[[52.8628206,46.5279261],[52.8646445,46.528834],[52.8644836,46.5291735],[52.8628206,46.5279261]],[[52.8623485,46.5335948],[52.8665328,46.5385691],[52.8626275,46.5407683],[52.8584862,46.5346428],[52.8623485,46.5335948]],[[52.8729916,46.5411816],[52.8763282,46.5414915],[52.8749227,46.5421483],[52.8729916,46.5411816]],[[52.872026,46.5354842],[52.8750086,46.5391816],[52.8741181,46.5401705],[52.8708243,46.5392554],[52.872026,46.5354842]],[[52.8785276,46.5471145],[52.878828,46.5480737],[52.8779268,46.548118],[52.8785276,46.5471145]],[[52.9715251,46.5807516],[52.9803228,46.584822],[52.9819107,46.5867686],[52.9814815,46.5889511],[52.9764175,46.5899539],[52.9697227,46.5852644],[52.9698944,46.5814595],[52.9715251,46.5807516]],[[52.8727555,46.5442219],[52.8738069,46.5504053],[52.8687,46.5506857],[52.8660607,46.5469226],[52.8690219,46.5459781],[52.868185,46.5448417],[52.8699016,46.5440153],[52.8727555,46.5442219]],[[52.9050278,46.6086339],[52.9102635,46.6082653],[52.9106498,46.6108155],[52.9058862,46.6113167],[52.9050278,46.6086339]],[[52.9068303,46.6124074],[52.9094696,46.614014],[52.9054785,46.6178904],[52.9028606,46.6182441],[52.9001784,46.6164755],[52.8989553,46.61198],[52.9068303,46.6124074]],[[52.9013371,46.5801469],[52.9017877,46.5861788],[52.8988695,46.5879779],[52.899084,46.5897474],[52.9029035,46.5892166],[52.9026031,46.5907207],[52.9101991,46.6010123],[52.9114008,46.6073219],[52.8987407,46.6081474],[52.8966808,46.6064964],[52.8966379,46.6028994],[52.8912091,46.5980046],[52.894578,46.5950558],[52.8916812,46.5944217],[52.8905654,46.5897769],[52.8918099,46.5863115],[52.88872,46.5846598],[52.8904581,46.5803828],[52.8929472,46.5781263],[52.9013371,46.5801469]],[[52.6236319,46.0547242],[52.6326012,46.0618566],[52.630713,46.0639708],[52.6278376,46.0641494],[52.6248121,46.0621097],[52.6207137,46.0561537],[52.6236319,46.0547242]],[[52.7791786,46.0125517],[52.7869033,46.0195256],[52.7867317,46.0238764],[52.7914094,46.0363308],[52.7882337,46.0406802],[52.7905511,46.0520885],[52.7917099,46.0549774],[52.7958297,46.0559602],[52.7959585,46.0606357],[52.7870321,46.0662338],[52.7747583,46.0613206],[52.7680206,46.0556028],[52.7660465,46.0499142],[52.7653598,46.0379991],[52.7678918,46.0264986],[52.7629137,46.0234294],[52.7614116,46.0199428],[52.7645874,46.0154129],[52.7727842,46.0116576],[52.7791786,46.0125517]],[[52.6960086,45.9685723],[52.6977252,45.9808602],[52.7039909,45.988017],[52.7048492,45.9925492],[52.698326,46.0007776],[52.6882838,46.0029836],[52.6772975,46.0005391],[52.6730918,45.9986908],[52.665882,45.9911776],[52.6721477,45.975671],[52.6799583,45.9687513],[52.6924895,45.9669019],[52.6960086,45.9685723]],[[52.8108287,45.8919199],[52.8159141,45.885154],[52.8207421,45.8837947],[52.8355479,45.8869463],[52.8367281,45.8886192],[52.8348183,45.8915913],[52.813189,45.893025],[52.8108287,45.8919199]],[[52.8452897,45.8979681],[52.8650093,45.8967436],[52.8668976,45.8993271],[52.865653,45.9017013],[52.8493237,45.9032692],[52.8450537,45.9015819],[52.8452897,45.8979681]],[[52.7568626,45.8936075],[52.759695,45.8922783],[52.7739,45.8923828],[52.7775049,45.8945633],[52.7578711,45.8970721],[52.7562618,45.8958327],[52.7568626,45.8936075]],[[52.7867746,45.9022538],[52.8026104,45.9011787],[52.805357,45.9019402],[52.8037047,45.9050162],[52.790358,45.9066735],[52.7864742,45.9055089],[52.7867746,45.9022538]],[[52.7016949,45.8983116],[52.7107072,45.8951606],[52.7217364,45.8983265],[52.7203631,45.8998348],[52.7024674,45.901104],[52.7016949,45.8983116]],[[52.7318644,45.90636],[52.7480221,45.9052551],[52.7501464,45.9057627],[52.7478289,45.9085996],[52.7384734,45.9089878],[52.7338385,45.910854],[52.7304482,45.9087638],[52.7318644,45.90636]],[[52.6548958,45.9010294],[52.6666975,45.9010144],[52.6685858,45.9025973],[52.6522136,45.9046578],[52.6548958,45.9010294]],[[52.6789284,45.9103016],[52.6951933,45.9090923],[52.6958155,45.9108839],[52.6813102,45.9141086],[52.6779198,45.911914],[52.6789284,45.9103016]],[[52.6095772,45.9046728],[52.6183748,45.9047026],[52.6216793,45.9056433],[52.6189112,45.9071215],[52.6064443,45.9077336],[52.6095772,45.9046728]],[[52.6303696,45.914243],[52.6404333,45.9132726],[52.6462912,45.9135264],[52.6430726,45.916124],[52.6343393,45.9176317],[52.6314854,45.9168555],[52.6303696,45.914243]],[[52.5769615,45.9088833],[52.5570917,45.9112123],[52.5572634,45.9079725],[52.5612974,45.9065839],[52.5666189,45.9082562],[52.5750303,45.9074798],[52.5769615,45.9088833]],[[52.5854802,45.9178258],[52.5975179,45.9164225],[52.5996208,45.9174078],[52.5895571,45.9200351],[52.5854802,45.9178258]],[[52.5315356,45.9215576],[52.5331449,45.9212292],[52.5484228,45.9203187],[52.5386166,45.9241847],[52.5315356,45.9215576]],[[53.8982838,37.4367652],[53.8997926,37.4372986],[53.8981274,37.4371641],[53.8982838,37.4367652]],[[53.055595,40.0017212],[53.0562471,40.0016677],[53.0560042,40.0019786],[53.055595,40.0017212]],[[53.0131155,39.9982948],[53.0149138,39.9991205],[53.0131904,39.9989792],[53.0131155,39.9982948]],[[53.6426352,39.5532949],[53.6484717,39.5573979],[53.6529349,39.5674556],[53.6409186,39.5641473],[53.6410902,39.5550155],[53.6426352,39.5532949]],[[53.6273573,39.604498],[53.6313055,39.6080689],[53.6349104,39.6157391],[53.6378287,39.613491],[53.6397169,39.61402],[53.638172,39.6222184],[53.6388586,39.6280361],[53.6441801,39.636365],[53.6414335,39.6394055],[53.6362837,39.6364972],[53.6287306,39.623144],[53.6228941,39.6199705],[53.6050413,39.6204995],[53.6004065,39.6190449],[53.5964583,39.61402],[53.5959433,39.6083334],[53.5976599,39.605027],[53.6007498,39.6059528],[53.6026381,39.6034399],[53.6072729,39.6037044],[53.6068439,39.5992074],[53.598175,39.5908078],[53.5901069,39.5856485],[53.5871886,39.579695],[53.5930251,39.5735425],[53.5999774,39.5771811],[53.6038398,39.5750641],[53.6100196,39.5794304],[53.611822,39.5882943],[53.6161136,39.5924613],[53.6178302,39.5976201],[53.6272716,39.6022495],[53.6273573,39.604498]],[[53.581867,39.5779089],[53.5762022,39.5863762],[53.5767172,39.5921968],[53.5791205,39.5957684],[53.5837553,39.5944456],[53.5875319,39.5952393],[53.5885618,39.5970911],[53.5863302,39.5997365],[53.5877035,39.6011914],[53.583927,39.6042335],[53.5750006,39.6062173],[53.5715674,39.6035722],[53.5676192,39.6029109],[53.5691641,39.6052915],[53.5672758,39.6067464],[53.5677908,39.61402],[53.5665892,39.6145489],[53.5619543,39.6115074],[53.5607527,39.6088624],[53.5556029,39.6070109],[53.5562895,39.6054238],[53.5592077,39.6056883],[53.5564612,39.6026463],[53.5585211,39.6011914],[53.5583494,39.5993397],[53.5557745,39.5985461],[53.5564612,39.5900803],[53.5576628,39.5884928],[53.5609244,39.5891543],[53.562126,39.6017205],[53.5657309,39.5883605],[53.5700224,39.5854501],[53.5708807,39.5756596],[53.5736273,39.5708961],[53.573284,39.5661323],[53.5765455,39.5633533],[53.5787771,39.5633533],[53.5815237,39.5708961],[53.584442,39.5743364],[53.5810087,39.574998],[53.581867,39.5779089]],[[52.9568007,39.9829004],[52.9572514,39.9798915],[52.962015,39.9758959],[52.9744049,39.9739089],[52.9818715,39.9759682],[52.9874843,39.9856781],[52.9809329,39.9869023],[52.9754161,39.9805391],[52.9711885,39.9789463],[52.9652551,39.9789543],[52.9568007,39.9829004]],[[49.0890597,46.0452975],[49.0967845,46.0423187],[49.0974712,46.0463698],[49.0941238,46.0483952],[49.0890597,46.0452975]],[[49.0841674,46.0514928],[49.0958404,46.050361],[49.0906047,46.0704916],[49.0871715,46.072278],[49.0841674,46.0514928]],[[49.0897464,46.0318321],[49.0962695,46.0329046],[49.0983295,46.0399951],[49.0875148,46.0435698],[49.0812492,46.0385652],[49.0897464,46.0318321]],[[49.0994453,46.0065011],[49.1160106,46.010674],[49.1125774,46.0140718],[49.1047668,46.0147871],[49.1019343,46.0168137],[49.1029643,46.019615],[49.114294,46.0212839],[49.1134357,46.0249789],[49.1108607,46.0261112],[49.0901755,46.0242638],[49.0891456,46.0197342],[49.096527,46.0171117],[49.0876865,46.0168733],[49.0994453,46.0065011]],[[49.1165256,45.9871225],[49.1222762,45.9874803],[49.1297435,45.9835441],[49.1366099,45.9759692],[49.1399573,45.9633222],[49.1531753,45.9626659],[49.1663074,45.9664843],[49.1733455,45.9719726],[49.1695689,45.9778183],[49.1761779,45.9802042],[49.173603,45.9832459],[49.1415023,45.9948151],[49.136095,45.9981542],[49.1243362,45.9991678],[49.1238212,46.002447],[49.1197013,46.0035798],[49.1168689,45.9997044],[49.1136073,46.0012546],[49.1172122,46.0038779],[49.1167831,46.005726],[49.1129207,46.0058453],[49.1090583,46.0035798],[49.1073417,45.9998237],[49.1165256,45.9871225]],[[49.0639972,45.9435704],[49.0663146,45.9408846],[49.075756,45.943272],[49.0868281,45.9402877],[49.0839957,45.9441673],[49.0843391,45.9535367],[49.0918922,45.9553269],[49.0969562,45.9539544],[49.1003894,45.9461368],[49.1082858,45.9451819],[49.1116332,45.9393327],[49.1100024,45.9368854],[49.0992736,45.9370048],[49.0966987,45.9352141],[49.1014194,45.9306772],[49.0979861,45.9245877],[49.097042,45.9159897],[49.102106,45.9012385],[49.1030501,45.8920394],[49.1096591,45.8961015],[49.1148948,45.8932939],[49.1237353,45.8782379],[49.1291427,45.8780586],[49.1371249,45.8819425],[49.1449355,45.8828985],[49.1447639,45.8814048],[49.1403007,45.8798512],[49.1429614,45.8790745],[49.1489696,45.8811658],[49.1536044,45.8867821],[49.1554927,45.8905459],[49.1483687,45.9062555],[49.147253,45.9331845],[49.1498279,45.9499562],[49.1544627,45.958549],[49.1527461,45.9603987],[49.1418456,45.960697],[49.1341209,45.9677967],[49.1205596,45.973106],[49.1024493,45.9718533],[49.07979,45.9750745],[49.0636539,45.9666036],[49.0631389,45.9632626],[49.0715503,45.9562816],[49.0639972,45.9435704]],[[49.0674304,45.9269758],[49.0716361,45.9196321],[49.069147,45.9174825],[49.0717219,45.9144371],[49.0809917,45.9190947],[49.0774726,45.9210651],[49.0828799,45.925543],[49.0769576,45.9304981],[49.0698337,45.9292445],[49.0674304,45.9269758]],[[49.0659713,45.9310354],[49.0824508,45.9311548],[49.0902614,45.9274535],[49.0880298,45.9329457],[49.0796184,45.9384971],[49.0783309,45.9417202],[49.0767001,45.9395715],[49.0688037,45.9393924],[49.0659713,45.9310354]],[[49.05344,45.9169451],[49.064083,45.9363482],[49.0581607,45.9434511],[49.0498351,45.941183],[49.0621947,45.9578927],[49.0572166,45.9703023],[49.0627956,45.9737622],[49.0557574,45.9748359],[49.0606498,45.9794288],[49.0670871,45.9902831],[49.0799617,45.9967232],[49.0856265,46.0013738],[49.0855407,46.0091241],[49.08185,46.0123431],[49.0777301,46.0131776],[49.0748118,46.0121643],[49.0724944,46.0089453],[49.0585898,46.0071568],[49.0567016,46.0012546],[49.0528392,45.9982734],[49.0445136,46.0244426],[49.0506076,46.0376714],[49.0432262,46.042557],[49.0400504,46.0365989],[49.0355014,46.0376714],[49.0328406,46.0410675],[49.0280341,46.0424378],[49.0254592,46.0405313],[49.0376472,46.0125219],[49.037733,46.0040568],[49.0361022,45.9961865],[49.0312957,45.9960076],[49.0291499,45.9915354],[49.0337848,45.9795481],[49.032669,45.9676178],[49.0275191,45.9697058],[49.02709,45.9661263],[49.0373897,45.9406458],[49.0464019,45.9379599],[49.0482902,45.9354528],[49.0461444,45.933662],[49.0431403,45.9364079],[49.0397071,45.9370645],[49.0452003,45.9223786],[49.0506076,45.9173631],[49.05344,45.9169451]],[[49.1311786,46.0156401],[49.1250712,46.0150441],[49.1255727,46.0139469],[49.1309962,46.0131813],[49.1300628,46.0144499],[49.1311786,46.0156401]],[[49.1331258,46.0153309],[49.1322434,46.0145206],[49.1334558,46.0147814],[49.1331258,46.0153309]],[[49.5600128,45.9135413],[49.5544767,45.9077486],[49.5551204,45.9050311],[49.5637035,45.905061],[49.5786809,45.9097492],[49.585762,45.9154821],[49.5946884,45.9245578],[49.5997953,45.9410935],[49.5979929,45.9454206],[49.5874786,45.9515078],[49.5791101,45.9540737],[49.5680809,45.9527908],[49.5616436,45.9480465],[49.5579099,45.9379598],[49.559884,45.9337217],[49.557352,45.9304086],[49.5600128,45.9135413]],[[50.963621,44.8360522],[50.9781339,44.8356193],[50.978812,44.83812],[50.9838983,44.8399955],[50.9843052,44.8416785],[50.9884421,44.8410053],[50.9904088,44.8472563],[50.9806431,44.8538911],[50.9812535,44.8554296],[50.9789477,44.857016],[50.9727085,44.858314],[50.9694533,44.8562949],[50.9639622,44.8560774],[50.9634587,44.8541907],[50.9674149,44.8547686],[50.963171,44.8488193],[50.9635546,44.8438893],[50.9605814,44.8381769],[50.963621,44.8360522]],[[48.9349025,45.9546331],[48.9341569,45.9542304],[48.9349186,45.9543609],[48.9349025,45.9546331]],[[48.935101,45.9534173],[48.9344573,45.9527833],[48.9354765,45.9530071],[48.935101,45.9534173]],[[48.8450955,45.8113337],[48.8456051,45.8112421],[48.8458827,45.8113992],[48.8450955,45.8113337]],[[48.8420498,45.8159841],[48.8434124,45.8171524],[48.8461938,45.8174534],[48.8413444,45.8183993],[48.8420498,45.8159841]],[[48.8494125,45.818732],[48.8488908,45.8185227],[48.8494621,45.8185862],[48.8494125,45.818732]],[[48.8452148,45.825349],[48.8394481,45.8251434],[48.8380748,45.8239883],[48.8388017,45.8217023],[48.8407731,45.8200181],[48.8445416,45.8207677],[48.8400596,45.8214817],[48.8411003,45.822278],[48.8410199,45.8225322],[48.8405263,45.8226313],[48.8407141,45.8226836],[48.8403681,45.8227733],[48.8404915,45.8229322],[48.8399872,45.8230799],[48.8398343,45.8233509],[48.8409314,45.8247771],[48.8456896,45.824121],[48.8452148,45.825349]],[[48.8362563,45.8261994],[48.8383028,45.8244575],[48.8401964,45.8257789],[48.8469207,45.8274237],[48.847661,45.8295842],[48.8459712,45.8283058],[48.8362563,45.8261994]],[[51.2094098,43.6028408],[51.2125451,43.5974589],[51.2141577,43.5949867],[51.2148586,43.5941922],[51.2199674,43.5940673],[51.2150051,43.594567],[51.2094098,43.6028408]],[[52.8676606,41.025444],[52.8672636,41.0256868],[52.867682,41.025015],[52.8676606,41.025444]],[[52.7741749,41.3378611],[52.7739603,41.3377886],[52.7741963,41.3374381],[52.7741749,41.3378611]],[[52.7199567,41.4133939],[52.7199782,41.4140859],[52.7194524,41.4133296],[52.7199567,41.4133939]],[[52.8582836,41.0576099],[52.858702,41.0548511],[52.8603232,41.0541673],[52.8597618,41.0588424],[52.8582836,41.0576099]],[[52.5484402,41.5331681],[52.5477428,41.5329994],[52.5479788,41.532903],[52.5484402,41.5331681]],[[52.5654161,41.5189348],[52.5542467,41.514411],[52.5546497,41.5134386],[52.5640935,41.5168354],[52.5654161,41.5189348]],[[52.5494541,41.5369507],[52.5486816,41.5355373],[52.5491966,41.5333207],[52.550484,41.5360512],[52.5494541,41.5369507]],[[52.5672076,41.5179349],[52.5669984,41.5183044],[52.5667141,41.5181156],[52.5672076,41.5179349]],[[52.5542597,41.5135257],[52.5520182,41.5126528],[52.5517581,41.5118467],[52.5521026,41.5117404],[52.5542597,41.5135257]],[[50.0436384,40.3046031],[50.0576484,40.3054754],[50.0673151,40.30604],[50.0756698,40.3077011],[50.0436384,40.3046031]],[[49.3315755,39.0152459],[49.3343014,39.0145659],[49.3348797,39.0152942],[49.3337939,39.0163243],[49.3315755,39.0152459]],[[52.5439519,41.5230841],[52.5423979,41.5217683],[52.5435673,41.5198229],[52.5439673,41.5176152],[52.5440585,41.5186444],[52.5462036,41.5211437],[52.5439519,41.5230841]],[[50.0157327,40.3232936],[50.0116997,40.3334531],[50.0151472,40.3227357],[50.0157327,40.3232936]],[[50.0117515,40.3350404],[50.0097731,40.3352967],[50.0111392,40.334919],[50.0117515,40.3350404]],[[50.3699391,40.2066127],[50.3813159,40.2504462],[50.3810584,40.2530174],[50.3786123,40.2552937],[50.3771746,40.2551299],[50.3790092,40.2545158],[50.380404,40.2518546],[50.3790998,40.2539784],[50.3761446,40.2545486],[50.3779363,40.2492016],[50.3721938,40.2441059],[50.3722501,40.2430925],[50.3762421,40.2445973],[50.374546,40.2417331],[50.3755237,40.2375151],[50.3720545,40.2341569],[50.3735133,40.2286305],[50.370437,40.2190025],[50.3699391,40.2066127]],[[46.9947052,44.4747673],[46.9885254,44.4820244],[46.9853067,44.4819173],[46.9861865,44.4849025],[46.9838476,44.4844127],[46.983161,44.4809987],[46.9874095,44.4728381],[46.9971084,44.4634971],[47.0016574,44.4627314],[47.0020008,44.4667743],[46.9972801,44.4719806],[46.9960784,44.4777377],[46.9947052,44.4747673]],[[53.1360694,39.6829786],[53.1329401,39.6883376],[53.133575,39.6831961],[53.1373571,39.6790189],[53.1490514,39.6754057],[53.1575148,39.6753611],[53.1412647,39.6784892],[53.1360694,39.6829786]],[[53.4567345,39.9823421],[53.444505,39.9838271],[53.4464215,39.9800276],[53.4603334,39.97647],[53.4749132,39.9688334],[53.475278,39.9663608],[53.4720869,39.9656023],[53.4754101,39.963944],[53.4827798,39.9653317],[53.4927405,39.9733112],[53.4898168,39.9755013],[53.4912104,39.9795049],[53.4892707,39.981112],[53.4820917,39.9806317],[53.4814122,39.9784931],[53.4705299,39.9837203],[53.4615298,39.9839178],[53.4567345,39.9823421]],[[50.481127,40.3972615],[50.4809792,40.3972366],[50.4810158,40.3970124],[50.481127,40.3972615]],[[50.4804361,40.3985896],[50.4815546,40.3973638],[50.4817351,40.3973543],[50.4804361,40.3985896]],[[50.4802523,40.398916],[50.4800238,40.3989851],[50.4802227,40.3988224],[50.4802523,40.398916]],[[50.4799302,40.3992326],[50.4798426,40.3991628],[50.4799498,40.3990642],[50.4799302,40.3992326]],[[50.4851803,40.3948089],[50.4848311,40.3947252],[50.4851986,40.3944712],[50.4851803,40.3948089]],[[50.4848224,40.3947722],[50.4845781,40.3953732],[50.4843535,40.3952202],[50.4848224,40.3947722]],[[50.5053913,40.3672358],[50.5045532,40.3674569],[50.5055579,40.3669165],[50.5053913,40.3672358]],[[50.5077241,40.3741207],[50.509806,40.3721988],[50.5113409,40.3716257],[50.5077241,40.3741207]],[[50.4942126,40.377733],[50.4944812,40.3773073],[50.49468,40.3772296],[50.4942126,40.377733]],[[50.4905804,40.3797798],[50.4919633,40.3783733],[50.4928144,40.3777887],[50.4905804,40.3797798]],[[50.4869028,40.3836809],[50.4896003,40.3807985],[50.4905197,40.3800982],[50.4876855,40.3830269],[50.4869028,40.3836809]],[[49.4396478,39.6400174],[49.440167,39.6423225],[49.4375686,39.6425314],[49.4350118,39.6387609],[49.4396478,39.6400174]],[[49.5883243,39.7551182],[49.58348,39.7602628],[49.5794422,39.758999],[49.5781285,39.7559427],[49.5787617,39.7534905],[49.5851125,39.7536572],[49.5883243,39.7551182]],[[49.5276332,39.830112],[49.5352766,39.8328952],[49.5364239,39.8368734],[49.5350096,39.8392461],[49.5324944,39.8398648],[49.5293227,39.8381589],[49.5277454,39.8351232],[49.5276332,39.830112]],[[49.4748149,39.8186252],[49.4745749,39.8187367],[49.4744948,39.8187419],[49.4748149,39.8186252]],[[49.4742029,39.8188128],[49.4739778,39.8189795],[49.4737839,39.8189305],[49.4742029,39.8188128]],[[49.4609268,39.8214599],[49.461135,39.8214612],[49.4605549,39.8217078],[49.4609268,39.8214599]],[[49.4605079,39.82171],[49.4591299,39.8223891],[49.4590647,39.8223567],[49.4605079,39.82171]],[[49.4555049,39.8237815],[49.4550444,39.824204],[49.4541669,39.8244405],[49.4555049,39.8237815]],[[49.4445712,39.8249612],[49.4443833,39.8251968],[49.4443123,39.8251792],[49.4445712,39.8249612]],[[49.4266251,39.8381032],[49.4281916,39.8368787],[49.426716,39.8384958],[49.4266251,39.8381032]],[[49.4252555,39.842522],[49.424248,39.8459624],[49.4232488,39.8463166],[49.4252555,39.842522]],[[49.4454036,39.8244589],[49.4450757,39.8247564],[49.4448743,39.8247446],[49.4454036,39.8244589]],[[49.4703472,39.7990169],[49.4632893,39.8018189],[49.4580605,39.8031606],[49.4703472,39.7990169]],[[49.4469281,39.8114116],[49.4438273,39.8147782],[49.4430542,39.8147917],[49.4456818,39.8120422],[49.4469281,39.8114116]],[[49.4353795,39.8321376],[49.435677,39.8319078],[49.4343679,39.8331836],[49.4353795,39.8321376]],[[49.4712191,39.7982451],[49.4711866,39.7983701],[49.4709425,39.7984201],[49.4712191,39.7982451]],[[49.4528658,39.8056431],[49.4511764,39.8068831],[49.4501021,39.8068866],[49.4528658,39.8056431]],[[49.4359706,39.8250153],[49.4360943,39.8250779],[49.4359552,39.8251074],[49.4359706,39.8250153]],[[49.4336299,39.8262217],[49.432717,39.8270585],[49.433557,39.8261083],[49.4336299,39.8262217]],[[49.4477322,39.8287383],[49.4474718,39.829055],[49.4467015,39.8292778],[49.4477322,39.8287383]],[[49.4416115,39.8173254],[49.4416847,39.8175483],[49.4415843,39.8175952],[49.4416115,39.8173254]],[[49.442602,39.8207236],[49.4422146,39.8212671],[49.4416392,39.8218313],[49.442602,39.8207236]],[[49.441515,39.8218813],[49.4415572,39.8219506],[49.4414594,39.8219616],[49.441515,39.8218813]],[[49.443171,39.8149153],[49.4423085,39.8153643],[49.4429527,39.8147789],[49.443171,39.8149153]],[[49.4634269,39.8028727],[49.4622432,39.8035132],[49.4620723,39.8034861],[49.4630352,39.8029037],[49.4634269,39.8028727]],[[49.4520576,39.8258006],[49.4521056,39.8258691],[49.4520298,39.8258647],[49.4520576,39.8258006]],[[49.4337902,39.8260136],[49.4338499,39.8261199],[49.4337509,39.8261282],[49.4337902,39.8260136]],[[49.4330037,39.8270661],[49.4331236,39.8270293],[49.432903,39.8272259],[49.4330037,39.8270661]],[[49.4518282,39.8261897],[49.4514139,39.8265624],[49.451203,39.8265403],[49.4518282,39.8261897]],[[49.4423341,39.8166232],[49.442243,39.8168567],[49.4421951,39.8168545],[49.4423341,39.8166232]],[[49.43824,39.8288073],[49.438218,39.8289207],[49.4381211,39.8288736],[49.43824,39.8288073]],[[49.4432344,39.8198413],[49.4458003,39.8179059],[49.4432209,39.8199205],[49.4432344,39.8198413]],[[49.4410937,39.8275025],[49.4372394,39.8311061],[49.4356174,39.8320798],[49.4379767,39.8294366],[49.4410937,39.8275025]],[[49.4629281,39.8032923],[49.4625619,39.8036101],[49.4622052,39.8037309],[49.4629281,39.8032923]],[[49.4421843,39.8154658],[49.4421814,39.8156073],[49.4421038,39.8155726],[49.4421843,39.8154658]],[[49.4388808,39.8212062],[49.4389144,39.8212784],[49.4388914,39.8212791],[49.4388808,39.8212062]],[[49.4454916,39.8150106],[49.4401445,39.8207515],[49.4427803,39.8171625],[49.4454916,39.8150106]],[[49.4743273,39.7977996],[49.4743151,39.7979257],[49.4740208,39.7978162],[49.4743273,39.7977996]],[[49.4385527,39.8285707],[49.4386189,39.828729],[49.4385326,39.8287408],[49.4385527,39.8285707]],[[49.4414716,39.8268294],[49.4413455,39.827094],[49.4412343,39.8271138],[49.4414716,39.8268294]],[[49.430018,39.8288586],[49.4286072,39.8285331],[49.4287849,39.8282907],[49.4291349,39.8282531],[49.4298543,39.8286201],[49.430018,39.8288586]],[[49.4456551,39.8240829],[49.4455573,39.8243731],[49.4454576,39.8243981],[49.4456551,39.8240829]],[[49.4413829,39.8177078],[49.4415938,39.8181291],[49.4412946,39.8183207],[49.4413829,39.8177078]],[[49.4324464,39.8278983],[49.4325427,39.8279598],[49.4323772,39.828016],[49.4324464,39.8278983]],[[49.4747798,39.7979805],[49.4748316,39.7980586],[49.4747626,39.7980277],[49.4747798,39.7979805]],[[49.4533334,39.8053412],[49.4530792,39.8055717],[49.4530111,39.8055511],[49.4533334,39.8053412]],[[49.4293032,39.8353368],[49.4282297,39.8367681],[49.4281703,39.8367504],[49.4283097,39.8360004],[49.4293032,39.8353368]],[[49.4376842,39.828678],[49.4377954,39.8287925],[49.4374333,39.8288686],[49.4376842,39.828678]],[[49.4461883,39.8236557],[49.4461903,39.8238148],[49.4460253,39.8238722],[49.4461883,39.8236557]],[[49.4264341,39.8384602],[49.4252842,39.8401188],[49.4254322,39.8382509],[49.4279004,39.8360244],[49.4272792,39.8349973],[49.4289646,39.8341069],[49.4276315,39.8334372],[49.4295403,39.8288486],[49.4308213,39.8293039],[49.4315716,39.8283241],[49.4314616,39.8304424],[49.4325779,39.8299048],[49.4371906,39.8249341],[49.4351695,39.8246176],[49.434111,39.8256038],[49.4349242,39.8243164],[49.4410426,39.8215652],[49.4254861,39.8388355],[49.4264341,39.8384602]],[[49.4682618,39.8043938],[49.4719933,39.8031868],[49.4664327,39.8060502],[49.4678227,39.8045919],[49.4666779,39.8033035],[49.4682226,39.803043],[49.4682618,39.8043938]],[[49.4441646,39.8250378],[49.4435432,39.8256623],[49.4434435,39.8256947],[49.4441646,39.8250378]],[[49.4422139,39.8158759],[49.4411888,39.8168871],[49.4420607,39.815578],[49.4422139,39.8158759]],[[49.4405009,39.820907],[49.4404914,39.8210075],[49.4404399,39.8210127],[49.4405009,39.820907]],[[49.4432034,39.8254098],[49.4422622,39.8264055],[49.4416248,39.8266972],[49.4432034,39.8254098]],[[49.6266577,39.9834565],[49.6386579,39.9881463],[49.6515056,39.9856412],[49.6555048,39.9885245],[49.6569318,39.9946749],[49.6539491,39.9955215],[49.6512669,40.0011803],[49.6475843,40.0041142],[49.6415627,40.0069248],[49.638623,40.0066947],[49.6328026,40.0006337],[49.6347392,39.9904993],[49.6266577,39.9834565]],[[49.5810413,40.0360656],[49.5854777,40.0392917],[49.591915,40.0394806],[49.5929664,40.0421789],[49.5895064,40.0460802],[49.5855474,40.0454725],[49.5847911,40.0401295],[49.5810413,40.0360656]],[[49.4391565,39.9407787],[49.4355102,39.9406659],[49.4342211,39.9409419],[49.4335526,39.941216],[49.4333127,39.9412351],[49.4391565,39.9407787]],[[49.4400666,39.9406276],[49.4394593,39.9407202],[49.4397053,39.9405706],[49.4400666,39.9406276]],[[49.4404848,39.9406141],[49.4478054,39.9400085],[49.4613788,39.9425483],[49.4749491,39.94674],[49.4866495,39.9461089],[49.4891827,39.9501046],[49.4861092,39.9526789],[49.4811716,39.9535745],[49.4790481,39.9495591],[49.4615662,39.9430505],[49.4404848,39.9406141]],[[48.0016279,45.2333012],[47.9915428,45.2301883],[47.991414,45.2235991],[47.9895901,45.2214228],[47.9920792,45.2161628],[47.9952764,45.2174476],[47.995727,45.2196695],[48.0010915,45.2194428],[48.0003619,45.2169639],[47.9920149,45.2112349],[47.9908776,45.2063369],[47.9927015,45.2013023],[47.9913926,45.200637],[47.9934525,45.1997752],[48.0002332,45.1902792],[48.0064988,45.1867102],[48.0027222,45.1834132],[48.0032801,45.1789514],[47.9998684,45.1787547],[47.9996109,45.1765766],[48.0143308,45.1721143],[48.0186224,45.1735211],[48.0159402,45.1719176],[48.0251455,45.1730975],[48.0265832,45.1739446],[48.0248022,45.1741715],[48.0257034,45.1764556],[48.0349946,45.1832619],[48.0402517,45.1843962],[48.0452084,45.1831258],[48.0550575,45.1858179],[48.0596924,45.1927592],[48.0599284,45.1973711],[48.0620312,45.1943469],[48.0611729,45.193107],[48.0622458,45.1936816],[48.0645633,45.1977642],[48.0632973,45.2005766],[48.0639839,45.2084231],[48.062396,45.2096779],[48.0646491,45.213321],[48.064456,45.2188684],[48.0660867,45.2203345],[48.0628681,45.2242037],[48.0468821,45.2316692],[48.0371189,45.2343363],[48.0146098,45.234359],[48.0003404,45.2308532],[48.0016279,45.2333012]],[[48.0038381,45.1708625],[48.0034545,45.1706393],[48.0033821,45.1706734],[48.0038381,45.1708625]],[[48.0017781,45.174561],[48.0003485,45.1731637],[48.0015957,45.1729462],[48.0032748,45.173175],[48.0017781,45.174561]],[[48.0057532,45.1694452],[48.0053723,45.1695085],[48.0054058,45.1693847],[48.0057532,45.1694452]],[[48.0058068,45.1680383],[48.0063137,45.1681167],[48.0057317,45.1680818],[48.0058068,45.1680383]],[[48.0062239,45.1676411],[48.0061313,45.1677697],[48.0060965,45.1677451],[48.0062239,45.1676411]],[[48.0067188,45.1678756],[48.0063285,45.1680108],[48.0062842,45.1679371],[48.0067188,45.1678756]],[[48.0078815,45.1677423],[48.0072606,45.1678936],[48.0072297,45.1677934],[48.0078815,45.1677423]],[[48.007738,45.1682529],[48.0074912,45.1681215],[48.0078694,45.1681848],[48.007738,45.1682529]],[[48.0083898,45.1679068],[48.0081028,45.1678255],[48.0084676,45.1678293],[48.0083898,45.1679068]],[[48.0085909,45.1670105],[48.0081966,45.1673263],[48.0081215,45.1671466],[48.0085909,45.1670105]],[[48.0077675,45.1670341],[48.0079016,45.1666843],[48.0076294,45.1669812],[48.0077675,45.1670341]],[[48.0078252,45.1663051],[48.007907,45.1664346],[48.0076884,45.1663845],[48.0078252,45.1663051]],[[48.0088752,45.1663968],[48.0086379,45.16662],[48.0093272,45.1661444],[48.0088752,45.1663968]],[[48.0094881,45.1678945],[48.0101922,45.167262],[48.0110478,45.1677139],[48.0094881,45.1678945]],[[48.0110425,45.1654446],[48.0086339,45.1659836],[48.0111967,45.1659269],[48.0090657,45.1666474],[48.011536,45.1671447],[48.0138507,45.1664507],[48.0110425,45.1654446]],[[47.5342556,44.4352759],[47.5272274,44.4326618],[47.5493986,44.4193182],[47.5543826,44.4194299],[47.5643506,44.4253457],[47.5645063,44.434832],[47.5595223,44.4411926],[47.5612356,44.4474409],[47.5501773,44.4811255],[47.5483083,44.4838016],[47.5410761,44.4876381],[47.5385086,44.4878834],[47.5373268,44.4847954],[47.5408738,44.4831515],[47.5458163,44.4609394],[47.5472181,44.4408578],[47.5464393,44.4295868],[47.5439473,44.4274663],[47.5342556,44.4352759]],[[47.5203761,44.4412859],[47.5185728,44.4401592],[47.5223617,44.439827],[47.5203761,44.4412859]],[[50.4945188,40.3765215],[50.4946048,40.3762145],[50.4948251,40.3762227],[50.4945188,40.3765215]],[[50.4099845,40.4010635],[50.4121771,40.3971766],[50.4138401,40.3972048],[50.4099845,40.4010635]],[[50.4211207,40.40404],[50.4193461,40.4077768],[50.4196748,40.4031225],[50.4169582,40.402622],[50.4196967,40.4021548],[50.4211207,40.40404]],[[50.4661368,40.3988949],[50.4637429,40.3990407],[50.4629391,40.3983292],[50.4678396,40.3968007],[50.4661368,40.3988949]],[[50.4624829,40.4060852],[50.4656783,40.4011084],[50.4670123,40.4003603],[50.4668985,40.4011399],[50.4624829,40.4060852]],[[50.88741,44.8227098],[50.8953107,44.8202084],[50.8979895,44.821892],[50.9079925,44.818669],[50.9279986,44.8221566],[50.9318302,44.8204008],[50.9343395,44.8220844],[50.9340343,44.8272071],[50.9279986,44.8332191],[50.9155202,44.8334355],[50.9049407,44.8379802],[50.9000579,44.8448325],[50.8935135,44.8478377],[50.8810691,44.8436064],[50.8795432,44.8402403],[50.8820863,44.8366577],[50.8810013,44.8302613],[50.88741,44.8227098]],[[50.5782558,44.7669977],[50.5791291,44.7786143],[50.5917806,44.7923085],[50.5969461,44.7927283],[50.6104272,44.7985622],[50.6172761,44.7986992],[50.629357,44.8077044],[50.6399382,44.8088345],[50.6466511,44.8142425],[50.6459684,44.8176969],[50.6424413,44.8202795],[50.6373441,44.8204571],[50.6142701,44.8152272],[50.6100831,44.8161312],[50.6003665,44.8224585],[50.5816813,44.8483366],[50.5776265,44.8483594],[50.5753416,44.8432942],[50.5807549,44.8264175],[50.5794894,44.8198969],[50.5819566,44.8134286],[50.582021,44.8033827],[50.579543,44.7977883],[50.5673786,44.7820524],[50.5673142,44.7775524],[50.5688589,44.7736003],[50.5782558,44.7669977]],[[50.7193336,44.8950334],[50.7269483,44.9030807],[50.7299734,44.9036505],[50.7299412,44.9082546],[50.7334167,44.9139979],[50.7329984,44.9187835],[50.7305526,44.921518],[50.7241486,44.9256422],[50.7026195,44.9320216],[50.6989187,44.9346871],[50.6871082,44.9258245],[50.6835361,44.9253688],[50.6854992,44.9242067],[50.6898436,44.9253232],[50.6976314,44.921518],[50.6994657,44.9223611],[50.7031344,44.9180771],[50.7071248,44.9162768],[50.7129452,44.9009396],[50.7166826,44.8958773],[50.7193336,44.8950334]],[[50.1814174,44.8243353],[50.1925938,44.8161504],[50.1973679,44.8160188],[50.1990802,44.819537],[50.2012345,44.8364904],[50.2051353,44.8409819],[50.2121017,44.8453462],[50.2148692,44.8482387],[50.2143818,44.8499846],[50.206282,44.8531608],[50.1966325,44.8537348],[50.1712295,44.8432415],[50.1570464,44.840421],[50.1475749,44.84103],[50.1319958,44.8462063],[50.1122656,44.8554243],[50.0971368,44.8596024],[50.0709743,44.8786766],[50.068815,44.8835178],[50.0686969,44.8908206],[50.0742579,44.9016046],[50.0788387,44.9067515],[50.0784816,44.9087263],[50.0762509,44.9108552],[50.075237,44.9079997],[50.0628121,44.9086503],[50.0611702,44.9065544],[50.0571707,44.9075406],[50.0517137,44.9127309],[50.0451007,44.9295976],[50.0436499,44.941301],[50.0372628,44.9637449],[50.0331888,44.9686112],[50.030051,44.9688737],[50.0277803,44.976633],[50.0288233,44.9842738],[50.0319611,44.9890107],[50.0306777,45.0087004],[50.0346568,45.0137842],[50.0510746,45.024875],[50.0538919,45.0309144],[50.0599238,45.0346208],[50.084822,45.0339138],[50.102641,45.0354912],[50.1002174,45.0378137],[50.0799986,45.0456074],[50.0773331,45.0486944],[50.0702714,45.0498887],[50.0642334,45.0483995],[50.0616918,45.0445874],[50.0533445,45.0443219],[50.0376018,45.0370658],[50.0333353,45.037163],[50.0295853,45.0269812],[50.0221598,45.0172838],[50.011633,44.9986059],[50.0041323,44.9753838],[50.0065953,44.953624],[50.0117238,44.9363942],[50.0207253,44.9174877],[50.0381013,44.8894194],[50.0449231,44.8798016],[50.064964,44.8601712],[50.0868216,44.8465681],[50.1227208,44.8348454],[50.1653931,44.8294139],[50.1814174,44.8243353]],[[50.258398,44.8770768],[50.2793928,44.8696376],[50.2788202,44.8769415],[50.2703269,44.8809312],[50.2667005,44.8843797],[50.2666051,44.8929663],[50.268132,44.8970225],[50.2819694,44.9024303],[50.2950434,44.9147987],[50.310694,44.9204076],[50.3179467,44.9269618],[50.3307344,44.9434455],[50.3314024,44.9508751],[50.329303,44.9709302],[50.3452399,44.9913832],[50.3543058,45.0136505],[50.3582184,45.0443382],[50.3556418,45.0487883],[50.3513474,45.0500019],[50.3463851,45.0546537],[50.3275852,45.0620689],[50.3167061,45.0610578],[50.3146067,45.0623385],[50.3005504,45.0538968],[50.2844226,45.0391307],[50.2800328,45.0422326],[50.2750704,45.0421651],[50.2709669,45.0442554],[50.2693446,45.047357],[50.2602787,45.0455365],[50.2369936,45.0292171],[50.2341307,45.0217977],[50.2353713,45.01829],[50.245269,45.0181271],[50.2500405,45.0154287],[50.2458012,44.9948926],[50.2440834,44.9922606],[50.2397891,44.9903709],[50.2386439,44.9871312],[50.2410297,44.9813939],[50.2442743,44.9801113],[50.2510499,44.9851739],[50.2553443,44.9835539],[50.263933,44.9754534],[50.2665096,44.9764661],[50.2708994,44.9683646],[50.2744304,44.9478358],[50.2667959,44.9447288],[50.262597,44.9368256],[50.265269,44.9341909],[50.2664142,44.9283807],[50.2569666,44.8942508],[50.2565849,44.8799169],[50.258398,44.8770768]],[[50.373445,44.8305958],[50.371482,44.8310751],[50.3584461,44.8237681],[50.3593791,44.8198621],[50.3576725,44.8071174],[50.3626036,44.7955723],[50.3641413,44.7854548],[50.3621389,44.7853417],[50.3612742,44.7829998],[50.3606254,44.7838099],[50.3618869,44.7790986],[50.3691539,44.7725803],[50.3723567,44.766461],[50.3773287,44.763148],[50.3797531,44.7624872],[50.3754782,44.7661183],[50.3743445,44.790191],[50.3705149,44.7942333],[50.3688542,44.8104247],[50.3688998,44.8138955],[50.3716076,44.8169786],[50.3706064,44.8184637],[50.3748779,44.8239216],[50.373445,44.8305958]],[[50.458914,44.9094735],[50.4613716,44.9088289],[50.4631465,44.9101181],[50.4679706,44.9179821],[50.4670604,44.9210758],[50.4700186,44.9219137],[50.4678769,44.926834],[50.4621426,44.9311516],[50.4561807,44.9298306],[50.4524943,44.9308617],[50.45122,44.9304106],[50.4512575,44.9245735],[50.4563869,44.9173943],[50.4562237,44.913561],[50.458914,44.9094735]],[[52.5459652,41.521684],[52.5460343,41.5217814],[52.5459612,41.5217181],[52.5459652,41.521684]],[[52.5458968,41.5221338],[52.5458948,41.5221931],[52.5458351,41.5221896],[52.5458968,41.5221338]],[[52.544726,41.5229278],[52.5447093,41.5229898],[52.5446855,41.5229276],[52.544726,41.5229278]],[[52.5447981,41.5229087],[52.5447686,41.522925],[52.5447642,41.5229125],[52.5447981,41.5229087]],[[52.5451934,41.5227699],[52.5452068,41.5228239],[52.5451639,41.5227697],[52.5451934,41.5227699]],[[52.5443327,41.5186641],[52.5443193,41.518753],[52.5442677,41.5187329],[52.5443327,41.5186641]],[[52.5444407,41.5187721],[52.5443964,41.5188795],[52.5443743,41.5187691],[52.5444407,41.5187721]],[[52.5436283,41.518271],[52.5436857,41.5183011],[52.5436511,41.5183265],[52.5436283,41.518271]],[[52.5434161,41.5190413],[52.5434718,41.5190594],[52.5434215,41.5190714],[52.5434161,41.5190413]],[[52.5450646,41.5226395],[52.5450516,41.5226571],[52.5450509,41.5226423],[52.5450646,41.5226395]],[[52.5451045,41.5225783],[52.545061,41.5226108],[52.5450633,41.522587],[52.5451045,41.5225783]],[[52.5451907,41.5225037],[52.5451796,41.5225183],[52.5451679,41.5225017],[52.5451907,41.5225037]],[[52.5451585,41.5224422],[52.5451579,41.5224846],[52.5451377,41.5224779],[52.5451585,41.5224422]],[[52.5451367,41.5224846],[52.545132,41.5225143],[52.5451143,41.5224804],[52.5451367,41.5224846]],[[52.5450925,41.5227532],[52.5450858,41.5227811],[52.5450717,41.5227668],[52.5450925,41.5227532]],[[52.5452075,41.5226827],[52.5451874,41.5227469],[52.5451612,41.5227286],[52.5452075,41.5226827]],[[52.5453952,41.522578],[52.5454351,41.5225903],[52.5454338,41.5226004],[52.5453952,41.522578]],[[52.5452668,41.5225953],[52.5452303,41.5226189],[52.5451719,41.522568],[52.5452668,41.5225953]],[[52.545299,41.5225411],[52.5452903,41.5225554],[52.5452883,41.5225416],[52.545299,41.5225411]],[[52.5452635,41.5225396],[52.5452537,41.5225682],[52.5452356,41.5225579],[52.5452635,41.5225396]],[[52.5454328,41.52277],[52.5454506,41.5227982],[52.545421,41.5227964],[52.5454328,41.52277]],[[52.5453543,41.5227053],[52.5453473,41.5227228],[52.5453413,41.5227113],[52.5453543,41.5227053]],[[52.5453171,41.5224108],[52.5452749,41.5224239],[52.5452836,41.5223938],[52.5453171,41.5224108]],[[52.5453057,41.5225012],[52.5452675,41.5225055],[52.5452712,41.5224927],[52.5453057,41.5225012]],[[48.308773,45.0412651],[48.3110046,45.0452981],[48.3109188,45.0540301],[48.3125066,45.05594],[48.3071422,45.0504829],[48.3092236,45.0449948],[48.308773,45.0412651]],[[52.8723344,40.796554],[52.8733322,40.8001419],[52.8721896,40.8013723],[52.8716478,40.7977541],[52.8723344,40.796554]],[[47.7046966,45.1254466],[47.716391,45.1465359],[47.7201032,45.1437588],[47.7217876,45.1442885],[47.7223885,45.1479661],[47.7158975,45.1556383],[47.7087896,45.1565425],[47.7067083,45.1538452],[47.7045572,45.1470883],[47.7051372,45.143481],[47.7024758,45.1398539],[47.699064,45.1289399],[47.7006948,45.1256283],[47.7046966,45.1254466]],[[47.6921573,45.1171192],[47.693941,45.1260332],[47.6952124,45.1257116],[47.6942379,45.1266765],[47.6978623,45.1330575],[47.6914144,45.1348097],[47.6829869,45.1186863],[47.6832256,45.1167388],[47.6921573,45.1171192]],[[47.7016792,45.1489573],[47.7073252,45.1621596],[47.7073145,45.1649737],[47.7056837,45.1654806],[47.6969075,45.1625606],[47.6946544,45.1555854],[47.6978195,45.1491692],[47.7016792,45.1489573]],[[47.7084624,45.1681149],[47.7100705,45.1722561],[47.7082505,45.1734454],[47.7056301,45.1671996],[47.7084624,45.1681149]],[[47.7137726,45.1724234],[47.7138262,45.1727167],[47.7135449,45.1727049],[47.7137726,45.1724234]],[[47.713778,45.1743422],[47.7143794,45.1745265],[47.7138926,45.1747024],[47.713778,45.1743422]],[[47.7147033,45.175947],[47.7144374,45.1761852],[47.7142825,45.1760042],[47.7147033,45.175947]],[[47.7143526,45.1758069],[47.7142786,45.1759924],[47.7142524,45.1759059],[47.7143526,45.1758069]],[[47.7147382,45.1767609],[47.7150178,45.1769798],[47.7147234,45.1771447],[47.7147382,45.1767609]],[[47.7102515,45.1736742],[47.7122843,45.1794865],[47.7103776,45.1801765],[47.7080601,45.1757106],[47.7102515,45.1736742]],[[47.7123517,45.1800555],[47.7183651,45.1998886],[47.7020896,45.200312],[47.7011132,45.1992763],[47.7082479,45.1881317],[47.7084195,45.1804638],[47.7123517,45.1800555]],[[47.7140281,45.1727184],[47.7109703,45.1650267],[47.7140361,45.1625833],[47.7128452,45.1654238],[47.71873,45.1794959],[47.7187997,45.1831296],[47.721144,45.1853906],[47.7199799,45.1861052],[47.7171636,45.1860258],[47.7148441,45.1755433],[47.7142004,45.1756936],[47.7145021,45.1745223],[47.7134098,45.173055],[47.7140281,45.1727184]],[[47.7235473,45.1993783],[47.7282142,45.1986942],[47.7377629,45.2194125],[47.7394152,45.2316844],[47.736057,45.2351069],[47.7338415,45.2355301],[47.7329409,45.233354],[47.7242126,45.2062437],[47.7235473,45.1993783]],[[47.7434277,45.2389373],[47.7361429,45.2402216],[47.7339113,45.2358134],[47.7373338,45.2364744],[47.7370012,45.2387787],[47.7434277,45.2389373]],[[47.7428484,45.243096],[47.7374196,45.2412943],[47.7411345,45.2401139],[47.7401447,45.2418949],[47.7428484,45.243096]],[[47.7414456,45.2402178],[47.7431488,45.2397532],[47.7440661,45.239553],[47.7429074,45.2404331],[47.7414456,45.2402178]],[[47.7373231,45.2416532],[47.7417862,45.2440025],[47.7443612,45.2511104],[47.7502727,45.2516127],[47.7403405,45.2553835],[47.736454,45.2432358],[47.7373231,45.2416532]],[[47.7502084,45.2537011],[47.7437979,45.2574509],[47.7410352,45.256911],[47.7434277,45.2544979],[47.75038,45.2519715],[47.7492911,45.2527872],[47.7502084,45.2537011]],[[47.7454662,45.2570053],[47.748245,45.2588632],[47.7527833,45.2593314],[47.7466947,45.2630016],[47.7433741,45.2631073],[47.7410298,45.257281],[47.7431327,45.2577681],[47.7454662,45.2570053]],[[47.750608,45.2614629],[47.7529898,45.2615196],[47.7539259,45.2617027],[47.7519491,45.2617537],[47.750608,45.2614629]],[[47.7541459,45.2619783],[47.749511,45.2633867],[47.7486902,45.2650216],[47.7499402,45.2657389],[47.7461958,45.2678268],[47.7535772,45.2695031],[47.7585983,45.2685894],[47.7588022,45.2697145],[47.7521396,45.2743693],[47.7476389,45.2753093],[47.7433392,45.2638833],[47.7541459,45.2619783]],[[47.7607441,45.2738747],[47.7557015,45.276119],[47.750887,45.2754489],[47.7590167,45.2700882],[47.7606368,45.2710736],[47.756356,45.2723232],[47.7608836,45.2722666],[47.7607441,45.2738747]],[[47.7482772,45.275615],[47.7553421,45.2764304],[47.7601647,45.275045],[47.7577829,45.2766909],[47.7584696,45.2782914],[47.7646065,45.2798163],[47.7485132,45.2786009],[47.7482772,45.275615]],[[47.7208757,45.2085591],[47.7252777,45.2220616],[47.7202213,45.2229115],[47.7147925,45.2196468],[47.7172494,45.2115221],[47.7162838,45.2088615],[47.7208757,45.2085591]],[[47.7226835,45.2231155],[47.716434,45.2265764],[47.7111339,45.2242263],[47.7148515,45.2218101],[47.7195427,45.223021],[47.7226835,45.2231155]],[[47.7195856,45.2256527],[47.717987,45.2272849],[47.7158118,45.2276381],[47.7185771,45.225766],[47.7195856,45.2256527]],[[47.7239442,45.2238182],[47.7272057,45.2262666],[47.7316689,45.24052],[47.7236223,45.2433453],[47.7225494,45.2428165],[47.7239764,45.2412188],[47.7268088,45.2403651],[47.7264413,45.2286638],[47.7243411,45.2254656],[47.7192986,45.2269089],[47.7239442,45.2238182]],[[47.7321732,45.2419667],[47.7331335,45.2469977],[47.7301133,45.2477643],[47.7242392,45.2468692],[47.7261865,45.2440441],[47.722984,45.2438099],[47.7321732,45.2419667]],[[47.7337718,45.2490484],[47.7347535,45.2528646],[47.7324307,45.2531044],[47.7259907,45.2547358],[47.7326989,45.2520433],[47.7275276,45.2518393],[47.7276671,45.2502985],[47.7258217,45.2498906],[47.726562,45.2487878],[47.7337718,45.2490484]],[[47.7350754,45.2529156],[47.7367383,45.2572961],[47.7357754,45.2581401],[47.7282357,45.2591124],[47.7272218,45.2579041],[47.7337718,45.255374],[47.7267873,45.2548302],[47.7350754,45.2529156]],[[47.7374571,45.2582666],[47.7394313,45.2653274],[47.7299201,45.2642551],[47.7316904,45.2605548],[47.7287722,45.2592861],[47.7374571,45.2582666]],[[47.7396029,45.2655237],[47.7409708,45.2700618],[47.7337825,45.2711831],[47.7368402,45.2687631],[47.7322268,45.2676531],[47.7313149,45.2669584],[47.7325487,45.2655615],[47.7310145,45.2649838],[47.7396029,45.2655237]],[[47.7413248,45.2708735],[47.7432454,45.2768985],[47.7399838,45.277593],[47.7367115,45.2761171],[47.7385569,45.2721231],[47.7348876,45.2714889],[47.7413248,45.2708735]],[[47.7406356,45.2780913],[47.7408126,45.2788972],[47.7400938,45.2787821],[47.7406356,45.2780913]],[[47.739957,45.2790727],[47.7404559,45.2792954],[47.7399248,45.2792218],[47.739957,45.2790727]],[[47.7432265,45.2791898],[47.7442244,45.2798956],[47.7422288,45.2799617],[47.7432265,45.2791898]],[[47.7431354,45.2791671],[47.7420276,45.2796616],[47.7410487,45.2793822],[47.7431354,45.2791671]],[[47.741974,45.2798692],[47.7403083,45.2807241],[47.7399247,45.2799126],[47.7409977,45.2794011],[47.741974,45.2798692]],[[47.744506,45.2803938],[47.7448923,45.2835003],[47.7392006,45.2846515],[47.7414858,45.2819528],[47.7394956,45.2809978],[47.744506,45.2803938]],[[47.6322555,45.3845565],[47.6407098,45.3908557],[47.6469755,45.4075497],[47.6465034,45.4155936],[47.6383066,45.414961],[47.6246166,45.4012223],[47.6322555,45.3845565]],[[47.7116382,45.4018701],[47.713902,45.4049887],[47.7136445,45.4078359],[47.7115631,45.4081674],[47.7110481,45.4060131],[47.708044,45.4056666],[47.7116382,45.4018701]],[[47.5218545,44.439105],[47.522568,44.4391327],[47.5227678,44.4394258],[47.5218545,44.439105]],[[47.5217995,44.4386214],[47.523331,44.4389604],[47.5234652,44.4395158],[47.5217995,44.4386214]],[[47.5216278,44.4373555],[47.525501,44.4372579],[47.52626,44.4387708],[47.5240177,44.4392477],[47.5216278,44.4373555]],[[47.5298005,44.4356185],[47.5277594,44.4364171],[47.5237763,44.436419],[47.5259167,44.4351435],[47.5298005,44.4356185]],[[47.5251228,44.434634],[47.5231755,44.4357564],[47.5219524,44.4348754],[47.523846,44.4337837],[47.5251228,44.434634]],[[47.5228268,44.4359977],[47.5209171,44.4367637],[47.5206032,44.436645],[47.5219202,44.4352948],[47.5228268,44.4359977]],[[47.5406474,44.4917987],[47.5393385,44.4931342],[47.5375146,44.4944658],[47.5368708,44.4929046],[47.5406474,44.4917987]],[[47.5352468,44.4903732],[47.5351167,44.4912955],[47.5347385,44.4907559],[47.5352468,44.4903732]],[[47.5341149,44.4911548],[47.5341564,44.4915145],[47.5338775,44.4913768],[47.5341149,44.4911548]],[[47.5349832,44.4917078],[47.5351375,44.4919049],[47.5349497,44.4919006],[47.5349832,44.4917078]],[[47.5177681,44.4374877],[47.5166899,44.4391998],[47.4928236,44.449391],[47.509346,44.4409808],[47.5177681,44.4374877]],[[47.5178915,44.4379626],[47.5179666,44.4386061],[47.5176126,44.4385984],[47.5178915,44.4379626]],[[47.5152415,44.4400845],[47.5148016,44.4418732],[47.5137824,44.4417544],[47.5152415,44.4400845]],[[47.51855,44.44066],[47.5203806,44.441628],[47.5180364,44.4415476],[47.51855,44.44066]],[[47.517854,44.4416434],[47.5181705,44.4424189],[47.5169608,44.4413638],[47.517854,44.4416434]],[[47.6749349,45.5560675],[47.6748759,45.55683],[47.6743555,45.5565483],[47.6749349,45.5560675]],[[47.757563,45.5521834],[47.7576756,45.5520181],[47.757799,45.5521797],[47.757563,45.5521834]],[[47.69595,45.4573537],[47.6981547,45.4624427],[47.6961619,45.4637088],[47.6993349,45.4655448],[47.7002603,45.4729428],[47.705335,45.4836986],[47.697165,45.4891293],[47.6910469,45.4908836],[47.6933911,45.4929764],[47.6906687,45.4953755],[47.6933026,45.4952514],[47.6951909,45.498692],[47.6956415,45.5065575],[47.6929807,45.5099259],[47.6887321,45.5104522],[47.6846552,45.5082342],[47.6856208,45.5067529],[47.6835287,45.5053093],[47.6853633,45.5018729],[47.6821554,45.4954582],[47.6842368,45.4920663],[47.6861572,45.4920964],[47.6805781,45.4890805],[47.6809752,45.4832435],[47.6825738,45.4833714],[47.6829171,45.481062],[47.6811039,45.480874],[47.6819408,45.4748256],[47.6801491,45.4733058],[47.6819086,45.472403],[47.6808894,45.4629902],[47.6843441,45.4630974],[47.6833409,45.463816],[47.6853338,45.4663067],[47.6895261,45.4674071],[47.6909637,45.469702],[47.694405,45.4699126],[47.6926428,45.4704355],[47.6928949,45.4727134],[47.6960492,45.4712669],[47.6854491,45.4624747],[47.6798058,45.4629977],[47.6787651,45.4619028],[47.6807606,45.460695],[47.6814258,45.4617787],[47.6824129,45.4598372],[47.6794732,45.4602529],[47.6811737,45.4583772],[47.6802564,45.4576999],[47.6845157,45.4548477],[47.6832712,45.4531261],[47.6864791,45.4520893],[47.6824477,45.4516773],[47.6882869,45.4496884],[47.686699,45.4492631],[47.6863718,45.4469373],[47.6906311,45.4437608],[47.6947966,45.4464368],[47.6936969,45.4487983],[47.6916772,45.4479309],[47.6931953,45.4465421],[47.6902315,45.448008],[47.6949763,45.4515568],[47.693375,45.4521872],[47.6957756,45.4538523],[47.6943675,45.4539803],[47.6949227,45.4559765],[47.6935708,45.4565598],[47.69595,45.4573537]],[[47.7111447,45.5415178],[47.7115095,45.5418258],[47.7111339,45.5418258],[47.7111447,45.5415178]],[[47.7109355,45.5397218],[47.7103293,45.5400599],[47.7101898,45.5396241],[47.7109355,45.5397218]],[[47.672891,45.5637898],[47.6722848,45.5640902],[47.6722526,45.5637484],[47.672891,45.5637898]],[[47.6763511,45.5618668],[47.6756537,45.5617466],[47.6764101,45.5617278],[47.6763511,45.5618668]],[[47.6750421,45.5620659],[47.67398,45.5613522],[47.6750958,45.5612283],[47.6750421,45.5620659]],[[47.6747364,45.55994],[47.6739746,45.5601804],[47.6741409,45.5598123],[47.6747364,45.55994]],[[47.6806426,45.5571943],[47.6816189,45.5548655],[47.6835072,45.5558158],[47.6835233,45.5580169],[47.6806426,45.5571943]],[[47.6833624,45.5600039],[47.6837218,45.5594555],[47.6838076,45.559771],[47.6833624,45.5600039]],[[47.6774159,45.5585447],[47.6766917,45.5587926],[47.6766944,45.5585409],[47.6774159,45.5585447]],[[47.678875,45.5591851],[47.6781589,45.5592283],[47.6781562,45.5590667],[47.678875,45.5591851]],[[47.6724082,45.555628],[47.671963,45.5554101],[47.6724243,45.5554177],[47.6724082,45.555628]],[[47.6715445,45.5549631],[47.6706004,45.555042],[47.6709974,45.5545687],[47.6715445,45.5549631]],[[47.6748383,45.5580921],[47.6748329,45.5584864],[47.674613,45.5583024],[47.6748383,45.5580921]],[[47.7109837,45.5851369],[47.7107906,45.5857151],[47.7102649,45.5853021],[47.7109837,45.5851369]],[[47.7121103,45.5864584],[47.7120995,45.5869164],[47.7116489,45.5867362],[47.7121103,45.5864584]],[[47.711209,45.5860755],[47.7105975,45.5867512],[47.7102327,45.5862406],[47.711209,45.5860755]],[[47.7100181,45.587945],[47.7099001,45.588343],[47.7095997,45.5881252],[47.7100181,45.587945]],[[47.753883,45.5980126],[47.7537543,45.596804],[47.7545106,45.5971155],[47.753883,45.5980126]],[[47.7489102,45.5844311],[47.7482986,45.5821334],[47.749275,45.5823436],[47.7489102,45.5844311]],[[47.7539366,45.5920931],[47.7545911,45.5923897],[47.7537864,45.5922883],[47.7539366,45.5920931]],[[47.7117777,45.5427651],[47.7126682,45.5432235],[47.711724,45.5430131],[47.7117777,45.5427651]],[[47.7120244,45.544035],[47.7126789,45.5461013],[47.7109623,45.5455603],[47.7120244,45.544035]],[[47.7101469,45.5470255],[47.7114129,45.5462441],[47.7117991,45.5472434],[47.7101469,45.5470255]],[[50.552355,40.3284165],[50.5536103,40.3297864],[50.5600234,40.3294565],[50.5677596,40.3225625],[50.5630088,40.3130105],[50.5638885,40.3112598],[50.5668711,40.3124869],[50.5683303,40.3085926],[50.5715362,40.3199449],[50.5713645,40.3238713],[50.567588,40.3273394],[50.5693904,40.3274048],[50.5418849,40.3481433],[50.5365138,40.350759],[50.5534252,40.3371869],[50.5540092,40.3320581],[50.5504953,40.3315573],[50.5464102,40.333314],[50.5481122,40.331898],[50.5474829,40.3304614],[50.552355,40.3284165]],[[49.9612121,40.2919566],[49.9604604,40.292013],[49.9610057,40.2915453],[49.9612121,40.2919566]],[[49.8403942,40.3533868],[49.8419425,40.352254],[49.8406711,40.3537457],[49.8403942,40.3533868]],[[49.9856989,40.2945091],[49.9759774,40.2894786],[49.979528,40.2896436],[49.9876637,40.2847379],[49.9827394,40.2892174],[49.9885396,40.2975185],[49.9897168,40.3004339],[49.9856989,40.2945091]],[[49.9034419,40.2950249],[49.9127339,40.2924404],[49.9207805,40.2926082],[49.9227546,40.2903863],[49.9390946,40.2958242],[49.9254467,40.296907],[49.9187206,40.294965],[49.9168001,40.2956892],[49.917476,40.2966834],[49.9079051,40.2988177],[49.9034419,40.2950249]],[[50.6068448,40.3350806],[50.5967167,40.3426001],[50.5974464,40.3384868],[50.592908,40.3414471],[50.5953113,40.3368757],[50.5861274,40.3448734],[50.5781022,40.3482749],[50.5781579,40.3497003],[50.5724072,40.35024],[50.5763642,40.3403431],[50.5752698,40.3402613],[50.5796042,40.3331627],[50.5806987,40.3242803],[50.5723087,40.3167383],[50.5687038,40.3078373],[50.5553328,40.2927972],[50.5437173,40.2861077],[50.5334294,40.2860938],[50.5305826,40.2885968],[50.5294222,40.2882156],[50.5291218,40.2866524],[50.5301277,40.2873562],[50.5333838,40.286056],[50.5415279,40.2855253],[50.5464168,40.2867054],[50.5549829,40.2906855],[50.5569339,40.2901204],[50.5617891,40.2938187],[50.5593744,40.2949036],[50.5618206,40.2976183],[50.5638115,40.2962675],[50.5729095,40.3046955],[50.5894995,40.3120712],[50.6088048,40.314209],[50.618159,40.3109161],[50.6163881,40.314599],[50.6172457,40.3195918],[50.6149665,40.3208611],[50.6137649,40.3198141],[50.6120288,40.3222593],[50.6141018,40.3253993],[50.6209201,40.3233556],[50.6194627,40.3259363],[50.6075281,40.334523],[50.6082818,40.335394],[50.6068448,40.3350806]],[[50.8610395,40.2401587],[50.8390221,40.254354],[50.8362657,40.2510217],[50.8383751,40.2448942],[50.8441709,40.2446808],[50.8506921,40.2406955],[50.8550909,40.23411],[50.8759966,40.221215],[50.8800496,40.223629],[50.8613143,40.2330017],[50.8642578,40.2408659],[50.8625344,40.2420302],[50.8610395,40.2401587]],[[50.8488823,40.2386074],[50.8470159,40.2357015],[50.8540886,40.2302311],[50.8548353,40.22788],[50.857792,40.2289111],[50.8578553,40.2262674],[50.8639387,40.2223713],[50.8657159,40.2255668],[50.8488823,40.2386074]],[[47.4902433,45.1327964],[47.4923301,45.1402853],[47.4901628,45.142075],[47.4919814,45.1440842],[47.4888056,45.1453328],[47.4901682,45.1456998],[47.4897873,45.1477504],[47.4924803,45.1462446],[47.4912304,45.1471413],[47.4923569,45.1486131],[47.4896157,45.1487682],[47.4913806,45.1499977],[47.4915898,45.1564857],[47.4903184,45.1599355],[47.48703,45.1586608],[47.4862844,45.1597615],[47.4891436,45.1607412],[47.4897981,45.1628027],[47.4869496,45.1674776],[47.4844819,45.1679314],[47.4844068,45.1729992],[47.4786884,45.1753136],[47.4795198,45.1736156],[47.4778032,45.1741753],[47.4773204,45.1719781],[47.4778408,45.1712066],[47.4775779,45.1708927],[47.4757272,45.1732185],[47.4763602,45.1758052],[47.4707973,45.17534],[47.4665862,45.1728252],[47.4669832,45.1717966],[47.4624342,45.1687294],[47.463448,45.1631545],[47.4659264,45.1623753],[47.4688822,45.1551012],[47.4721813,45.1520104],[47.471087,45.1512765],[47.4726427,45.151163],[47.4759042,45.1402399],[47.4795896,45.1358693],[47.4803889,45.1291859],[47.485131,45.1292427],[47.4843961,45.1321038],[47.4902433,45.1327964]],[[50.3477501,40.4069612],[50.3542771,40.409283],[50.3569828,40.4030205],[50.3583669,40.3889362],[50.3597997,40.4078306],[50.357371,40.4099058],[50.3588921,40.4097185],[50.3592154,40.4141143],[50.3679505,40.4189914],[50.3679156,40.4260911],[50.3693758,40.4261016],[50.3626623,40.4307974],[50.3646111,40.4352215],[50.360298,40.4341465],[50.3532832,40.4386409],[50.3505318,40.4424054],[50.3551268,40.4456652],[50.3459859,40.4560583],[50.349131,40.4593946],[50.3490904,40.4624149],[50.3514846,40.4654248],[50.351377,40.4696035],[50.3481372,40.4721504],[50.3477835,40.4764256],[50.344968,40.4789411],[50.3428306,40.4853423],[50.3399899,40.4838747],[50.3360453,40.4847236],[50.3351261,40.4872316],[50.3307252,40.4879563],[50.329596,40.4906139],[50.3295654,40.4886528],[50.3261858,40.490353],[50.3271838,40.4879494],[50.3260023,40.4862366],[50.3237879,40.4912995],[50.3229243,40.4903326],[50.3251209,40.4863523],[50.3222966,40.4829479],[50.3207222,40.4852572],[50.3222859,40.4851695],[50.3203118,40.4856612],[50.3208268,40.4879623],[50.3187507,40.4863466],[50.3213728,40.4829618],[50.3188258,40.4829765],[50.3149259,40.4858121],[50.3133434,40.4846779],[50.3186434,40.4828949],[50.3153122,40.4798836],[50.3124278,40.4795883],[50.3112078,40.4831734],[50.3081376,40.4839221],[50.3070162,40.4831516],[50.3099136,40.4829068],[50.3122269,40.4795702],[50.3090211,40.477329],[50.3016563,40.4787072],[50.3179677,40.4676613],[50.3395993,40.4379409],[50.336287,40.4395903],[50.3367376,40.4380551],[50.3491456,40.426792],[50.3519509,40.4208108],[50.3472733,40.4196387],[50.3495633,40.4189537],[50.3487646,40.4179561],[50.3470373,40.4185605],[50.3480417,40.4178223],[50.3515882,40.4170743],[50.3524348,40.4144164],[50.3496593,40.4141859],[50.3496894,40.4136215],[50.3542561,40.411889],[50.3477501,40.4069612]],[[48.0720857,45.5806331],[48.0679261,45.568679],[48.0726545,45.5672419],[48.0708282,45.5681934],[48.073496,45.5707415],[48.0727488,45.5754947],[48.0761766,45.575985],[48.0752053,45.579574],[48.0720857,45.5806331]],[[52.8929129,45.9677834],[52.8926768,45.9716909],[52.8913035,45.9719743],[52.8842868,45.9664262],[52.8876128,45.9650839],[52.8929129,45.9677834]],[[52.8854405,45.9737648],[52.8843864,45.9741917],[52.8843006,45.973461],[52.8854405,45.9737648]],[[52.8796395,45.9791992],[52.8772362,45.9792738],[52.8764101,45.9782523],[52.8788027,45.9777528],[52.8796395,45.9791992]],[[52.9689898,46.4052392],[52.9583238,46.3971252],[52.9594611,46.3928705],[52.9573153,46.3919233],[52.955707,46.3866078],[52.9529359,46.3870527],[52.9532437,46.384722],[52.9517442,46.3857106],[52.9506369,46.3844634],[52.953582,46.3815948],[52.9434929,46.3789484],[52.9452295,46.3737612],[52.9490161,46.3708716],[52.951837,46.3705901],[52.9568906,46.3732575],[52.9622922,46.3779873],[52.9673639,46.3826457],[52.9732821,46.3912892],[52.972664,46.3924423],[52.978903,46.3943084],[52.9986407,46.408404],[53.0044105,46.4142123],[53.001791,46.4155866],[53.0067561,46.4191508],[53.0100735,46.4172558],[53.0150327,46.4183166],[53.0145121,46.4213808],[53.0260076,46.4275363],[53.0239077,46.4371381],[53.0180335,46.4489612],[53.0096909,46.4459501],[53.0096189,46.4422611],[53.0138768,46.4401149],[53.0077392,46.4367105],[52.9961491,46.4252951],[52.9992131,46.4250876],[52.9890455,46.4197189],[52.9890099,46.4161553],[52.985736,46.4149782],[52.9824652,46.4089264],[52.9689898,46.4052392]],[[48.0722988,45.5667529],[48.0674064,45.5677218],[48.0661178,45.5617842],[48.0695852,45.5608431],[48.0676908,45.5629426],[48.0722988,45.5667529]],[[47.9712815,45.6252353],[47.9739978,45.6270295],[47.9783537,45.6270745],[47.9770233,45.6281099],[47.9775598,45.6300006],[47.9740407,45.6309759],[47.9766156,45.6337518],[47.9721954,45.6318612],[47.9706075,45.6330316],[47.9707792,45.6306758],[47.9649212,45.6308559],[47.9683974,45.6333617],[47.9676249,45.6355672],[47.9689982,45.6367225],[47.9699852,45.6360924],[47.9776456,45.6415684],[47.9864647,45.6441936],[47.9849841,45.6451387],[47.9873874,45.6457988],[47.9830744,45.6468038],[47.9856493,45.6488439],[47.9847052,45.6506138],[47.9817226,45.6506138],[47.982538,45.6516188],[47.9793837,45.6548586],[47.9840615,45.6543936],[47.9848768,45.6561634],[47.9767942,45.6591068],[47.9756857,45.6622014],[47.9806395,45.6605456],[47.9799604,45.6625521],[47.9713393,45.6650355],[47.9738639,45.6661857],[47.965921,45.6684927],[47.9566658,45.6689012],[47.9544738,45.6748918],[47.9384965,45.6689352],[47.9342099,45.6638631],[47.9433189,45.6563051],[47.9415166,45.6543643],[47.9308488,45.6538877],[47.9292413,45.6506529],[47.932505,45.6486779],[47.9432627,45.6499279],[47.9383041,45.6478417],[47.9396655,45.6461318],[47.9361846,45.6455626],[47.9356283,45.6437464],[47.9379178,45.6438744],[47.9371803,45.6417347],[47.9318534,45.6416388],[47.9223205,45.644312],[47.9164471,45.6432876],[47.9171595,45.639048],[47.9189271,45.6389668],[47.9219053,45.6315278],[47.9249364,45.6109066],[47.928243,45.6055092],[47.9214919,45.5859391],[47.9296208,45.5609604],[47.9290696,45.534523],[47.9373362,45.512418],[47.9474692,45.4994853],[47.953445,45.4825407],[47.9708836,45.4668965],[47.977788,45.4559146],[47.9755229,45.4220641],[47.9690474,45.4170354],[47.9551654,45.3957538],[47.9413878,45.3843364],[47.9382764,45.3688638],[47.9682542,45.3727232],[47.9748675,45.3883037],[47.9828585,45.3857879],[47.9708719,45.3643021],[47.9852007,45.3608172],[47.9964984,45.3873361],[47.9839607,45.3948831],[47.9839273,45.4026236],[48.0017004,45.3916914],[48.0005982,45.4047518],[47.997016,45.4069766],[48.0095537,45.4282528],[48.0109117,45.4441593],[48.0164648,45.4568713],[48.0103398,45.4627286],[48.0164774,45.4951075],[48.0156981,45.4995462],[48.0205532,45.512611],[48.0188999,45.5219753],[48.0046118,45.5424819],[47.9997389,45.5466673],[47.9994405,45.5573691],[47.9964374,45.5633473],[47.9984278,45.5643411],[48.0004493,45.5731458],[47.998263,45.5790951],[48.0042562,45.580324],[48.0003152,45.5856174],[48.0017533,45.5867741],[47.9978067,45.5871988],[48.0005054,45.5881915],[47.9939104,45.5970685],[47.9959966,45.5962131],[47.9952716,45.5987325],[48.0032902,45.604176],[48.0050334,45.6126395],[48.0012276,45.6144062],[47.9940985,45.6071423],[47.986839,45.6071661],[47.9712815,45.6252353]],[[47.6920795,45.5782549],[47.6917255,45.5787993],[47.6914251,45.5785327],[47.6920795,45.5782549]],[[47.6978677,45.5750933],[47.6977068,45.5753111],[47.6976156,45.5752022],[47.6978677,45.5750933]],[[47.6960921,45.5752472],[47.6952392,45.5756828],[47.6949012,45.5749882],[47.6960921,45.5752472]],[[47.6956147,45.5765577],[47.6945418,45.5770271],[47.6935869,45.5754237],[47.6944935,45.5749243],[47.6956147,45.5765577]],[[47.6961565,45.5735275],[47.6949549,45.5743686],[47.69297,45.5740982],[47.6961565,45.5735275]],[[47.6976585,45.5740044],[47.6947993,45.5718414],[47.6984096,45.5734937],[47.6976585,45.5740044]],[[47.6964462,45.5741208],[47.6957166,45.5742109],[47.6958829,45.5739781],[47.6964462,45.5741208]],[[47.6992625,45.5743874],[47.6984149,45.5750182],[47.6982325,45.5744963],[47.6992625,45.5743874]],[[47.6962048,45.5767304],[47.6982969,45.577733],[47.69746,45.5780559],[47.6962048,45.5767304]],[[47.6935601,45.5756828],[47.6923156,45.5760095],[47.6926213,45.5752998],[47.6935601,45.5756828]],[[47.7613288,45.5742822],[47.7615595,45.5748229],[47.7610981,45.574654],[47.7613288,45.5742822]],[[47.7175283,45.563125],[47.7182096,45.5628884],[47.7181935,45.563155],[47.7175283,45.563125]],[[47.7097714,45.5633053],[47.7038759,45.5637522],[47.7097017,45.5596358],[47.7084786,45.5613485],[47.7099591,45.5609616],[47.7097714,45.5633053]],[[47.7086234,45.5644695],[47.7080655,45.56477],[47.7081567,45.5645935],[47.7086234,45.5644695]],[[47.709192,45.5646573],[47.710576,45.5652808],[47.7088702,45.565093],[47.709192,45.5646573]],[[47.7131456,45.5628583],[47.7105921,45.5643719],[47.7095944,45.5637409],[47.7131456,45.5628583]],[[47.7128506,45.5652394],[47.7119547,45.5651117],[47.7127165,45.5648451],[47.7128506,45.5652394]],[[47.7157903,45.5630987],[47.7156508,45.5638536],[47.7150446,45.5635231],[47.7157903,45.5630987]],[[47.716772,45.5619194],[47.7148622,45.5630349],[47.7143365,45.5625954],[47.716772,45.5619194]],[[47.7119708,45.5610217],[47.7126092,45.5618668],[47.711767,45.561833],[47.7119708,45.5610217]],[[47.7116865,45.5605973],[47.7109033,45.5608189],[47.7115309,45.5604809],[47.7116865,45.5605973]],[[47.7135372,45.5601428],[47.7131778,45.5605072],[47.7131456,45.5601992],[47.7135372,45.5601428]],[[47.7149427,45.5595607],[47.7145296,45.5598799],[47.7143955,45.5596583],[47.7149427,45.5595607]],[[47.7669561,45.559955],[47.7704805,45.5606612],[47.7725512,45.5603532],[47.7728194,45.5606875],[47.7722132,45.5620997],[47.7707326,45.5626893],[47.7701908,45.563324],[47.7704322,45.5644583],[47.7681524,45.5650667],[47.7659905,45.5633128],[47.7669561,45.559955]],[[47.988659,45.6697645],[47.9884444,45.6678152],[47.99368,45.6637364],[47.9918991,45.6675603],[47.988659,45.6697645]],[[47.9859338,45.6687299],[47.9943667,45.6620268],[47.9955898,45.6591624],[47.9883156,45.6646961],[47.9890666,45.6654309],[47.9837237,45.6676052],[47.9859338,45.6687299]],[[47.9843304,45.6639132],[47.9860867,45.6633791],[47.9868523,45.6624026],[47.9850928,45.6630624],[47.9843304,45.6639132]],[[47.9843629,45.6650951],[47.9875827,45.6640382],[47.9892902,45.6626858],[47.9872412,45.6623448],[47.9843629,45.6650951]],[[47.9855462,45.6702026],[47.9875789,45.6701117],[47.9876928,45.6691344],[47.9855462,45.6702026]],[[47.981503,45.663571],[47.9830479,45.6626504],[47.986723,45.661798],[47.981503,45.6616048],[47.981503,45.663571]],[[47.6812617,42.8971273],[47.6804369,42.896887],[47.6812783,42.8967242],[47.6812617,42.8971273]],[[47.7577293,45.5502037],[47.761825,45.5484644],[47.7623829,45.5488926],[47.7610365,45.5503408],[47.7577293,45.5502037]],[[47.7607763,45.5507616],[47.7607602,45.5504967],[47.7609453,45.5505625],[47.7607763,45.5507616]],[[47.7583811,45.5498318],[47.7585447,45.5495519],[47.7589014,45.5496064],[47.7583811,45.5498318]],[[47.757571,45.5503709],[47.7575281,45.5501943],[47.7576837,45.5501042],[47.757571,45.5503709]],[[47.7561736,45.5514359],[47.7574181,45.5505944],[47.7610659,45.5509325],[47.7623212,45.550662],[47.7617848,45.5512856],[47.7597356,45.5516988],[47.7594137,45.5521571],[47.7561736,45.5514359]],[[47.759403,45.5523074],[47.7611303,45.551526],[47.7621174,45.5519731],[47.7611357,45.5526192],[47.759403,45.5523074]],[[47.7646494,45.5487612],[47.7646601,45.5496778],[47.7641129,45.5488964],[47.7646494,45.5487612]],[[47.7630669,45.5501661],[47.7628094,45.5494298],[47.7633727,45.5493284],[47.7630669,45.5501661]],[[47.762509,45.5515598],[47.7623749,45.5509362],[47.7628094,45.5512518],[47.762509,45.5515598]],[[47.75693,45.5521984],[47.7598858,45.5529648],[47.7602237,45.5535996],[47.7542746,45.5537686],[47.75693,45.5521984]],[[47.7539742,45.5537498],[47.7591455,45.5544898],[47.7592957,45.5552712],[47.75877,45.5554364],[47.755444,45.5553951],[47.754457,45.5555454],[47.7539742,45.5537498]],[[47.7541566,45.5555454],[47.7570856,45.5557933],[47.7575093,45.5566272],[47.7540386,45.557168],[47.7541566,45.5555454]],[[47.7579975,45.5557858],[47.7589846,45.5564318],[47.7575898,45.5563041],[47.7579975,45.5557858]],[[47.7573806,45.5568488],[47.7582657,45.5576751],[47.7568656,45.5575925],[47.7573806,45.5568488]],[[47.760787,45.5565746],[47.7606153,45.5554214],[47.7618599,45.5559661],[47.760787,45.5565746]],[[47.7603525,45.5554101],[47.75958,45.5556393],[47.759977,45.5551885],[47.7603525,45.5554101]],[[47.7640352,45.5552355],[47.7637294,45.5545537],[47.764475,45.5548429],[47.7640352,45.5552355]],[[47.7594459,45.5579606],[47.7592581,45.5572845],[47.7600145,45.5575023],[47.7594459,45.5579606]],[[47.7540171,45.5575512],[47.7589738,45.5585916],[47.7534592,45.5587794],[47.7540171,45.5575512]],[[47.759065,45.5587043],[47.7599394,45.5589259],[47.7589256,45.5590799],[47.759065,45.5587043]],[[47.7619994,45.5582573],[47.761538,45.5593391],[47.7608943,45.5592564],[47.7619994,45.5582573]],[[47.7581048,45.5606198],[47.7584749,45.5591062],[47.7592796,45.5595832],[47.7581048,45.5606198]],[[47.7480841,45.5619907],[47.7477837,45.5615738],[47.7482557,45.5616076],[47.7480841,45.5619907]],[[47.7475637,45.5604921],[47.7472633,45.5614893],[47.7467456,45.5609184],[47.7475637,45.5604921]],[[47.7487546,45.558708],[47.7488512,45.5585165],[47.7489638,45.5585841],[47.7487546,45.558708]],[[47.7456003,45.5609804],[47.7457344,45.561341],[47.7453214,45.5612133],[47.7456003,45.5609804]],[[47.7459061,45.5617015],[47.7460939,45.5613936],[47.7462494,45.5616001],[47.7459061,45.5617015]],[[47.7466249,45.5618405],[47.7465874,45.5615363],[47.7468878,45.5616377],[47.7466249,45.5618405]],[[47.7573484,45.561833],[47.7585661,45.5614762],[47.7590167,45.5620659],[47.7585661,45.5624377],[47.7573484,45.561833]],[[47.7532446,45.5616227],[47.7588183,45.563001],[47.7561736,45.564432],[47.7575844,45.5659868],[47.7534753,45.5662309],[47.7532446,45.5616227]],[[47.7555782,45.5608565],[47.7533895,45.5609128],[47.7533895,45.5599212],[47.7547628,45.5601203],[47.7555782,45.5608565]],[[47.7554011,45.5615926],[47.7551597,45.5611044],[47.7555835,45.5611757],[47.7554011,45.5615926]],[[47.7565706,45.5617579],[47.7562863,45.5610217],[47.7569139,45.5613898],[47.7565706,45.5617579]],[[47.7572519,45.5594142],[47.7571875,45.5608602],[47.755959,45.5597147],[47.7572519,45.5594142]],[[47.7561897,45.5507371],[47.7559456,45.5505925],[47.7563587,45.5505625],[47.7561897,45.5507371]],[[47.7475637,45.5515223],[47.7486634,45.5519655],[47.7477193,45.5520219],[47.7475637,45.5515223]],[[47.7491891,45.5529798],[47.7493823,45.5525478],[47.7495485,45.5527243],[47.7491891,45.5529798]],[[47.7495646,45.5516537],[47.7499884,45.5507146],[47.7501333,45.5510527],[47.7495646,45.5516537]],[[47.7541351,45.5515148],[47.754972,45.5505493],[47.7559161,45.5508912],[47.7541351,45.5515148]],[[47.7612162,45.5546025],[47.7610338,45.5549256],[47.7608031,45.5547227],[47.7612162,45.5546025]],[[47.7640218,45.5640902],[47.7628094,45.5633015],[47.7598858,45.5637785],[47.7594459,45.5612396],[47.7646172,45.5574235],[47.7662802,45.5604133],[47.7640218,45.5640902]],[[47.7619189,45.5675904],[47.7604973,45.568672],[47.7608514,45.5672937],[47.7619189,45.5675904]],[[47.7606207,45.5693892],[47.760551,45.5689161],[47.7609694,45.5691301],[47.7606207,45.5693892]],[[47.7594191,45.5669031],[47.7598751,45.5655512],[47.7609962,45.566798],[47.7594191,45.5669031]],[[47.7585822,45.557769],[47.7587324,45.5579794],[47.7585125,45.5578855],[47.7585822,45.557769]],[[47.7596766,45.5654497],[47.7593788,45.5644564],[47.7601755,45.5647963],[47.7596766,45.5654497]],[[47.7624822,45.5668994],[47.7620906,45.5662985],[47.7627021,45.5666215],[47.7624822,45.5668994]],[[47.7627182,45.566261],[47.7620637,45.5650855],[47.7634263,45.5657314],[47.7627182,45.566261]],[[47.7614683,45.5660319],[47.7614683,45.5664262],[47.7610016,45.5663248],[47.7614683,45.5660319]],[[47.7601218,45.5675078],[47.7600628,45.5688672],[47.756238,45.5698098],[47.7534914,45.5681575],[47.7542639,45.5665952],[47.7601218,45.5675078]],[[47.7583945,45.5663173],[47.7578473,45.5659079],[47.7584749,45.5660957],[47.7583945,45.5663173]],[[47.7589524,45.5665464],[47.7586305,45.5662309],[47.7590114,45.566276],[47.7589524,45.5665464]],[[47.757976,45.5641916],[47.7582979,45.5645972],[47.7578366,45.564417],[47.757976,45.5641916]],[[47.7585125,45.5647287],[47.7577561,45.5655512],[47.7569461,45.5648451],[47.7572465,45.5644921],[47.7585125,45.5647287]],[[47.7607119,45.5703431],[47.7599394,45.5713945],[47.7590382,45.5708801],[47.7607119,45.5703431]],[[47.7602667,45.5703243],[47.7589416,45.5696333],[47.7611947,45.5699225],[47.7602667,45.5703243]],[[47.7548486,45.5692503],[47.7550846,45.569423],[47.754752,45.5694343],[47.7548486,45.5692503]],[[47.754001,45.5691151],[47.7541351,45.5689837],[47.7541995,45.5690212],[47.754001,45.5691151]],[[47.7579975,45.5708913],[47.7582711,45.5704933],[47.7584374,45.5707411],[47.7579975,45.5708913]],[[47.7611571,45.573565],[47.7616614,45.5731632],[47.761758,45.5736213],[47.7611571,45.573565]],[[47.7587432,45.5713608],[47.7602076,45.5743799],[47.7575523,45.5740044],[47.7591884,45.5730017],[47.7587432,45.5713608]],[[47.7608889,45.571725],[47.7608406,45.5710115],[47.7612054,45.571342],[47.7608889,45.571725]],[[47.7700379,45.5739199],[47.7701855,45.5734298],[47.7704966,45.5737302],[47.7700379,45.5739199]],[[47.7559859,45.5735312],[47.7563184,45.5737415],[47.7558196,45.5736213],[47.7559859,45.5735312]],[[47.7553314,45.571556],[47.7557766,45.5712068],[47.7558464,45.5715335],[47.7553314,45.571556]],[[47.7617419,45.5756866],[47.7624392,45.576186],[47.7614951,45.5759306],[47.7617419,45.5756866]],[[47.7635497,45.5766966],[47.7643168,45.5761822],[47.7644616,45.5766366],[47.7635497,45.5766966]],[[47.7659315,45.5769032],[47.7661031,45.5764451],[47.7663821,45.5766028],[47.7659315,45.5769032]],[[47.7698582,45.5734993],[47.7700084,45.5735425],[47.7698529,45.5737809],[47.7698582,45.5734993]],[[47.7534807,45.5683002],[47.7536845,45.5687658],[47.7532339,45.5684466],[47.7534807,45.5683002]],[[47.7736589,45.5621673],[47.7738011,45.562725],[47.7736294,45.562802],[47.7736589,45.5621673]],[[47.7743107,45.5622893],[47.7738735,45.5627062],[47.7741793,45.5621241],[47.7743107,45.5622893]],[[47.7747908,45.5630123],[47.7750322,45.5630705],[47.7747801,45.5632189],[47.7747908,45.5630123]],[[47.7738869,45.5635137],[47.7736643,45.563279],[47.773954,45.563371],[47.7738869,45.5635137]],[[47.7726316,45.5597222],[47.7728623,45.5597109],[47.7728891,45.5598048],[47.7726316,45.5597222]],[[47.773219,45.5611119],[47.7739486,45.5608095],[47.7737313,45.5613278],[47.773219,45.5611119]],[[47.7731574,45.5615044],[47.7736026,45.5615757],[47.77327,45.56194],[47.7731574,45.5615044]],[[47.7730876,45.5613842],[47.7725887,45.5619663],[47.7727926,45.5612809],[47.7730876,45.5613842]],[[47.7676615,45.5586461],[47.7677876,45.560064],[47.7670392,45.5598255],[47.7676615,45.5586461]],[[47.772916,45.5589822],[47.7732217,45.5584301],[47.7733666,45.5586329],[47.772916,45.5589822]],[[47.7718914,45.559463],[47.7722239,45.5595719],[47.7718806,45.5595494],[47.7718914,45.559463]],[[47.7518392,45.5643193],[47.7521503,45.5631325],[47.7525902,45.5638085],[47.7518392,45.5643193]],[[47.7620369,45.5732946],[47.7623641,45.5724197],[47.7627611,45.5729755],[47.7620369,45.5732946]],[[47.7624875,45.5738354],[47.7627075,45.573381],[47.762965,45.5736401],[47.7624875,45.5738354]],[[47.7628523,45.5751421],[47.7625626,45.5745263],[47.7631688,45.5748718],[47.7628523,45.5751421]],[[47.7621818,45.5704463],[47.7625465,45.570497],[47.7621925,45.5706304],[47.7621818,45.5704463]],[[47.7629623,45.5697197],[47.7635014,45.5698324],[47.7631313,45.5700201],[47.7629623,45.5697197]],[[47.764003,45.570452],[47.7645636,45.570144],[47.7646387,45.5703168],[47.764003,45.570452]],[[47.7651751,45.5718621],[47.765505,45.5714922],[47.7656955,45.5717419],[47.7651751,45.5718621]],[[47.7724922,45.5631513],[47.7720818,45.5626536],[47.7727309,45.5628208],[47.7724922,45.5631513]],[[47.7717867,45.5625053],[47.7708802,45.5635719],[47.7704993,45.5630912],[47.7717867,45.5625053]],[[47.7693996,45.5651117],[47.7704832,45.5646404],[47.7709606,45.5651099],[47.7693996,45.5651117]],[[47.7618384,45.5699356],[47.762289,45.5700971],[47.7618653,45.5701628],[47.7618384,45.5699356]],[[47.7733988,45.5633278],[47.7735409,45.5634048],[47.7734658,45.5635719],[47.7733988,45.5633278]],[[47.772873,45.5625053],[47.7732056,45.5627006],[47.7729481,45.5629072],[47.772873,45.5625053]],[[47.7731815,45.5639963],[47.7723393,45.5637128],[47.7729669,45.5635682],[47.7731815,45.5639963]],[[47.7716956,45.5641372],[47.7719074,45.5641785],[47.7717197,45.5642949],[47.7716956,45.5641372]],[[47.7631688,45.564954],[47.7616775,45.5638761],[47.763539,45.5643907],[47.7631688,45.564954]],[[47.7636959,45.5579925],[47.7626216,45.5580395],[47.7635872,45.5578442],[47.7636959,45.5579925]],[[47.7574959,45.5622142],[47.75796,45.5622649],[47.757504,45.5623626],[47.7574959,45.5622142]],[[47.7637911,45.547296],[47.7637696,45.5476792],[47.763598,45.547559],[47.7637911,45.547296]],[[47.7669668,45.5472509],[47.7659154,45.5469279],[47.7668917,45.5466949],[47.7669668,45.5472509]],[[47.7521288,45.5873369],[47.7522415,45.5878211],[47.7519733,45.5875734],[47.7521288,45.5873369]],[[47.7498919,45.593208],[47.7514261,45.5946532],[47.7502459,45.5956029],[47.7493072,45.5945143],[47.7498919,45.593208]],[[47.752912,45.5891463],[47.7516031,45.5890562],[47.7535611,45.5883092],[47.7548057,45.5911547],[47.752971,45.5911434],[47.7518767,45.5895931],[47.752912,45.5891463]],[[47.7514476,45.594229],[47.751646,45.59397],[47.7519089,45.5940901],[47.7514476,45.594229]],[[47.6740283,45.5581221],[47.6734543,45.5583662],[47.6735079,45.5581334],[47.6740283,45.5581221]],[[47.6721829,45.5591062],[47.6729232,45.5584489],[47.6732451,45.5587306],[47.6721829,45.5591062]],[[47.6720649,45.5601203],[47.6729554,45.559433],[47.673111,45.5598386],[47.6720649,45.5601203]],[[47.702744,45.5569652],[47.7008772,45.5573145],[47.7007753,45.5569727],[47.702744,45.5569652]],[[47.6884773,45.552452],[47.6895073,45.5526492],[47.6890191,45.5530343],[47.6884773,45.552452]],[[47.6881421,45.5517101],[47.6886356,45.5569014],[47.6865059,45.5568863],[47.6845854,45.5541555],[47.6853633,45.5511091],[47.6881421,45.5517101]],[[47.6857281,45.5503202],[47.6858836,45.5508724],[47.6855081,45.5507184],[47.6857281,45.5503202]],[[47.6812702,45.5486672],[47.6803046,45.5490617],[47.680133,45.5484381],[47.6812702,45.5486672]],[[47.6941073,45.551774],[47.6910603,45.5560337],[47.6891077,45.550354],[47.6930451,45.5504404],[47.6941073,45.551774]],[[47.6818067,45.5537799],[47.6809484,45.5537461],[47.6812863,45.5534756],[47.6818067,45.5537799]],[[47.6811576,45.5531977],[47.6808035,45.553532],[47.6806158,45.5531638],[47.6811576,45.5531977]],[[47.6803476,45.5534493],[47.6791996,45.5533742],[47.6798165,45.5527619],[47.6803476,45.5534493]],[[47.6798111,45.5540804],[47.6792425,45.554133],[47.6792479,45.5539564],[47.6798111,45.5540804]],[[47.6804173,45.5514208],[47.6812434,45.5515936],[47.6805353,45.5517627],[47.6804173,45.5514208]],[[47.6814687,45.5509024],[47.6795751,45.5495914],[47.6817906,45.5500234],[47.6814687,45.5509024]],[[47.6796448,45.5520369],[47.6790762,45.5525253],[47.6790923,45.5520219],[47.6796448,45.5520369]],[[47.6821876,45.5529873],[47.6815706,45.5531376],[47.6817369,45.5529009],[47.6821876,45.5529873]],[[47.6767266,45.5567699],[47.6756376,45.5550383],[47.6780569,45.5542194],[47.6781106,45.5560938],[47.6767266,45.5567699]],[[47.6739907,45.5547641],[47.6733792,45.5556543],[47.6733899,45.5547565],[47.6739907,45.5547641]],[[47.6734221,45.5545838],[47.6722795,45.5541443],[47.673862,45.5539715],[47.6734221,45.5545838]],[[47.6803154,45.554888],[47.6795429,45.5548016],[47.6797253,45.5545537],[47.6803154,45.554888]],[[47.6776332,45.5534155],[47.6772684,45.5540729],[47.6769626,45.5536973],[47.6776332,45.5534155]],[[47.6762062,45.5569014],[47.6767373,45.5574986],[47.676056,45.5572507],[47.6762062,45.5569014]],[[47.7036774,45.5579906],[47.70401,45.5568488],[47.7059358,45.5575136],[47.7055389,45.5579831],[47.7036774,45.5579906]],[[47.7029747,45.5519881],[47.7036506,45.5531714],[47.7024275,45.5529272],[47.7029747,45.5519881]],[[47.7079207,45.5538926],[47.7020144,45.5566948],[47.7003515,45.5548317],[47.7079207,45.5538926]],[[47.7101737,45.5540241],[47.7087575,45.5541856],[47.7086717,45.5535432],[47.7101737,45.5540241]],[[47.7105117,45.5557069],[47.709927,45.555951],[47.7101093,45.5556768],[47.7105117,45.5557069]],[[47.7093744,45.5558346],[47.7087843,45.5569014],[47.7081299,45.5563454],[47.7093744,45.5558346]],[[47.7067941,45.5561313],[47.7061075,45.5565182],[47.7061719,45.5562065],[47.7067941,45.5561313]],[[47.7040851,45.5581484],[47.7032375,45.5586742],[47.7031088,45.5581559],[47.7040851,45.5581484]],[[47.7014083,45.5575962],[47.7011454,45.5583174],[47.7007967,45.5578742],[47.7014083,45.5575962]],[[47.7088916,45.5499858],[47.7083552,45.5510527],[47.7072716,45.5507973],[47.7088916,45.5499858]],[[47.7107155,45.5523074],[47.7118635,45.5525854],[47.7108979,45.5527506],[47.7107155,45.5523074]],[[47.7113271,45.5507372],[47.7115202,45.551496],[47.7093851,45.5512931],[47.7113271,45.5507372]],[[47.7044606,45.5517589],[47.7044338,45.5523299],[47.7041119,45.5521083],[47.7044606,45.5517589]],[[47.7086288,45.5530136],[47.7076793,45.5527694],[47.7083123,45.5525478],[47.7086288,45.5530136]],[[47.7062309,45.55239],[47.7050132,45.5521646],[47.7061343,45.5518303],[47.7062309,45.55239]],[[47.706188,45.5477619],[47.7068424,45.5481676],[47.7059626,45.5481601],[47.706188,45.5477619]],[[47.7070677,45.5460563],[47.7069926,45.5465221],[47.7064776,45.5463643],[47.7070677,45.5460563]],[[47.707293,45.5484756],[47.7070463,45.5490091],[47.7068317,45.5487837],[47.707293,45.5484756]],[[47.7104366,45.5481826],[47.7074754,45.547296],[47.7107584,45.5477243],[47.7104366,45.5481826]],[[47.7129364,45.5509851],[47.7117669,45.5498281],[47.7138162,45.5499483],[47.7129364,45.5509851]],[[47.7110481,45.5500384],[47.7089345,45.5492495],[47.7114451,45.5493622],[47.7110481,45.5500384]],[[47.7214551,45.5514922],[47.7205163,45.5511091],[47.72138,45.5508611],[47.7214551,45.5514922]],[[47.7200603,45.5511804],[47.7199316,45.5517214],[47.7196526,45.5514659],[47.7200603,45.5511804]],[[47.7219272,45.5516087],[47.723102,45.5528821],[47.7215463,45.5543283],[47.7204841,45.5534005],[47.7219272,45.5516087]],[[47.7182096,45.5542344],[47.7176034,45.5539264],[47.7182901,45.5538475],[47.7182096,45.5542344]],[[47.7209562,45.5521271],[47.7171367,45.55381],[47.7176732,45.5523186],[47.7186602,45.5515673],[47.7209562,45.5521271]],[[47.7206987,45.5490279],[47.7217609,45.5494712],[47.7209562,45.5496064],[47.7206987,45.5490279]],[[47.7194112,45.5483066],[47.7179521,45.5479572],[47.7193093,45.5476191],[47.7194112,45.5483066]],[[47.7221471,45.5502713],[47.7235311,45.5500459],[47.7238744,45.5508498],[47.7228016,45.5512894],[47.7221471,45.5502713]],[[47.7192771,45.5485245],[47.7207524,45.5494862],[47.7206343,45.5508048],[47.7201086,45.5499858],[47.7174318,45.5506169],[47.7192771,45.5485245]],[[47.7188212,45.5505155],[47.7193147,45.5511203],[47.718612,45.55094],[47.7188212,45.5505155]],[[47.6965105,45.56904],[47.6966339,45.5692165],[47.6964301,45.5691789],[47.6965105,45.56904]],[[47.6980555,45.5710153],[47.7013707,45.5706961],[47.6996809,45.571755],[47.6980555,45.5710153]],[[47.7002281,45.5695883],[47.6998687,45.5697573],[47.6998687,45.5695845],[47.7002281,45.5695883]],[[47.6993483,45.5721568],[47.6996005,45.5723333],[47.6993269,45.5723071],[47.6993483,45.5721568]],[[47.7069926,45.5639325],[47.7074325,45.5642555],[47.7067566,45.5643268],[47.7069926,45.5639325]],[[47.7039778,45.5626518],[47.7030122,45.5633128],[47.7026367,45.5628095],[47.7039778,45.5626518]],[[47.7019393,45.5623213],[47.7009737,45.5627269],[47.701199,45.5622236],[47.7019393,45.5623213]],[[47.7096319,45.5661671],[47.7104151,45.5659793],[47.7102756,45.5663473],[47.7096319,45.5661671]],[[47.7122229,45.5670421],[47.7115041,45.5675303],[47.7116597,45.5670383],[47.7122229,45.5670421]],[[47.7109194,45.5623438],[47.7104419,45.5625879],[47.7105385,45.5623964],[47.7109194,45.5623438]],[[47.7040797,45.568901],[47.7036881,45.5695995],[47.7035862,45.5689799],[47.7040797,45.568901]],[[47.7032214,45.5695995],[47.7026153,45.5700765],[47.7025294,45.569577],[47.7032214,45.5695995]],[[47.7039134,45.5698699],[47.7051151,45.571695],[47.7022344,45.57085],[47.7039134,45.5698699]],[[47.706762,45.5678796],[47.7060753,45.5698023],[47.7054959,45.5691339],[47.706762,45.5678796]],[[47.7055603,45.566321],[47.7065688,45.5649916],[47.7082962,45.5656225],[47.7055603,45.566321]],[[47.7054691,45.5656225],[47.7035862,45.5675416],[47.6996434,45.5673651],[47.7034199,45.5644357],[47.7054691,45.5656225]],[[47.7047932,45.5686607],[47.7042943,45.5689536],[47.7042246,45.5686982],[47.7047932,45.5686607]],[[47.7049488,45.569055],[47.7047932,45.5698924],[47.7041656,45.5694005],[47.7049488,45.569055]],[[47.6971328,45.5696484],[47.6961833,45.5700502],[47.6959366,45.5699525],[47.6971328,45.5696484]],[[47.6950246,45.5688184],[47.6954967,45.5691376],[47.6950192,45.5692202],[47.6950246,45.5688184]],[[47.6991606,45.5662797],[47.6989567,45.566321],[47.6989996,45.5662497],[47.6991606,45.5662797]],[[47.6972562,45.5657878],[47.6968002,45.5662497],[47.6966876,45.5660844],[47.6972562,45.5657878]],[[47.7013171,45.5702079],[47.7010006,45.5700652],[47.70136,45.5700614],[47.7013171,45.5702079]],[[47.6993322,45.5683978],[47.6984847,45.5685743],[47.6986134,45.5682176],[47.6993322,45.5683978]],[[47.7003139,45.5686194],[47.6997292,45.5691902],[47.6995254,45.5688372],[47.7003139,45.5686194]],[[47.6984149,45.5665163],[47.696178,45.5679772],[47.6966929,45.566599],[47.6984149,45.5665163]],[[47.7005339,45.5630123],[47.7008772,45.5634029],[47.7003837,45.5632827],[47.7005339,45.5630123]],[[47.7045947,45.5598161],[47.704879,45.5603907],[47.7043158,45.5601466],[47.7045947,45.5598161]],[[47.6968592,45.5738091],[47.6965749,45.5740494],[47.6964086,45.5739706],[47.6968592,45.5738091]],[[47.7189982,45.5708989],[47.718097,45.5710416],[47.7184403,45.5706886],[47.7189982,45.5708989]],[[47.7188694,45.5717776],[47.7179897,45.5726938],[47.7174103,45.5723108],[47.7188694,45.5717776]],[[47.7093959,45.589349],[47.7087092,45.5900773],[47.7086019,45.5895292],[47.7093959,45.589349]],[[47.9850974,45.6561637],[47.9839601,45.653299],[47.9851832,45.6498642],[47.9888096,45.6490842],[47.9888954,45.6555938],[47.9830375,45.6577685],[47.9850974,45.6561637]],[[47.991152,45.6509435],[47.9895868,45.650978],[47.9894142,45.6497202],[47.991152,45.6509435]],[[47.9921383,45.6553081],[47.9923334,45.6530688],[47.9942686,45.6526823],[47.9944474,45.6541486],[47.9921383,45.6553081]],[[47.9901291,45.6515724],[47.9909917,45.652029],[47.9913245,45.6515035],[47.9901291,45.6515724]],[[47.9957972,45.6551944],[47.9943499,45.65574],[47.9945613,45.6545692],[47.9957972,45.6551944]],[[47.9922683,45.6520003],[47.9920407,45.6513864],[47.9926749,45.6514092],[47.9922683,45.6520003]],[[47.9883066,45.6437799],[47.9869475,45.6440075],[47.9870042,45.6436216],[47.9883066,45.6437799]],[[51.6530843,46.763227],[51.6497506,46.7626651],[51.645884,46.7538594],[51.6478067,46.7532726],[51.6494288,46.7556606],[51.6485004,46.7575321],[51.6530843,46.763227]],[[49.6258617,39.7245842],[49.6243836,39.7259992],[49.6237668,39.7252303],[49.6258617,39.7245842]],[[49.6363046,39.7152103],[49.6367513,39.7161919],[49.6371341,39.7153821],[49.6363046,39.7152103]],[[47.7774259,45.5641019],[47.7769276,45.5634485],[47.7776315,45.5636755],[47.7774259,45.5641019]],[[47.7788637,45.5657215],[47.7799721,45.562605],[47.782334,45.5616382],[47.7812076,45.5635845],[47.7801901,45.564106],[47.7788637,45.5657215]],[[47.7805498,45.5648383],[47.7800357,45.5644341],[47.7805577,45.5643787],[47.7805498,45.5648383]],[[49.9309018,40.5874155],[49.9275038,40.5845572],[49.9231342,40.5848774],[49.9212809,40.5879949],[49.9248514,40.5921353],[49.9212748,40.591253],[49.9187054,40.5875266],[49.9200403,40.5844749],[49.9239664,40.5829252],[49.9297736,40.5840757],[49.9309018,40.5874155]],[[53.5290349,39.973819],[53.5288007,39.9727522],[53.5293308,39.9729317],[53.5290349,39.973819]],[[53.5140283,39.9747473],[53.5136829,39.974106],[53.5140927,39.9740041],[53.5140283,39.9747473]],[[49.9284049,40.5908696],[49.9306017,40.5901374],[49.9302953,40.5912636],[49.9284049,40.5908696]],[[47.4853563,44.6609001],[47.4827814,44.6562602],[47.4831247,44.6534516],[47.4869012,44.6468265],[47.4911069,44.6460632],[47.4920511,44.6481088],[47.4882745,44.6590991],[47.4853563,44.6609001]],[[47.4741125,44.6906847],[47.4861288,44.6926982],[47.4875021,44.6934609],[47.4860858,44.696115],[47.4796485,44.6959015],[47.4759149,44.6942846],[47.4741125,44.6906847]],[[47.7546325,45.2996154],[47.7518767,45.2892975],[47.7547359,45.2899542],[47.7594137,45.2870859],[47.7674818,45.2865424],[47.7611732,45.2892597],[47.7660656,45.2904674],[47.75774,45.2930336],[47.7580404,45.2956299],[47.7610015,45.2965054],[47.7664089,45.2953884],[47.765336,45.2980752],[47.7571821,45.3008222],[47.7546325,45.2996154]],[[53.1046734,39.1037807],[53.1021857,39.1058074],[53.0939877,39.1077264],[53.0784842,39.104709],[53.070456,39.1056803],[53.0727997,39.1040518],[53.0719561,39.1036741],[53.0689952,39.1044106],[53.069456,39.1056803],[53.06175,39.1015],[53.04475,39.077],[53.03675,39.054],[53.03625,39.03375],[53.0403042,39.0191418],[53.03825,39.00275],[53.04025,38.996],[53.03575,38.95625],[53.03725,38.94575],[53.0345,38.937],[53.03475,38.92825],[53.0325,38.92],[53.0345,38.8995],[53.03875,38.88925],[53.0575,38.865],[53.059,38.8555],[53.058,38.85025],[53.0595,38.846],[53.0545,38.83025],[53.0557166,38.8175634],[53.0602166,38.8063135],[53.0709666,38.7938135],[53.0722166,38.7975635],[53.0707166,38.7963135],[53.0619666,38.8058135],[53.0577166,38.8180634],[53.0594666,38.8175634],[53.0644666,38.8100635],[53.0609666,38.8123135],[53.0662166,38.8085635],[53.0662166,38.8095635],[53.0714666,38.8028135],[53.072113,38.7978657],[53.07275,38.8065],[53.0668169,38.8580617],[53.062,38.87975],[53.05675,38.92925],[53.0565,38.977],[53.054,39.02075],[53.05675,39.0745],[53.0605,39.08825],[53.0669709,39.0971615],[53.07475,39.10225],[53.0835,39.1055],[53.09225,39.106],[53.094,39.10375],[53.09225,39.09925],[53.0862662,39.0989328],[53.0925,39.09825],[53.09375,39.09725],[53.093,39.0955],[53.0995,39.10325],[53.1017847,39.1046908],[53.10375,39.103],[53.1046734,39.1037807]],[[47.5293137,44.493404],[47.5192541,44.4964738],[47.5070352,44.4959564],[47.4938827,44.4903012],[47.4864019,44.4816284],[47.4807853,44.4713094],[47.4787795,44.4585312],[47.4815905,44.4525234],[47.4827814,44.4518667],[47.48357,44.4530384],[47.4815235,44.4539057],[47.4861219,44.454163],[47.5163178,44.4415915],[47.5177628,44.4421949],[47.5172376,44.4445006],[47.5191624,44.4466193],[47.5167769,44.450854],[47.5215946,44.4560791],[47.5196001,44.4595352],[47.5222198,44.4679512],[47.5207284,44.4745999],[47.5179907,44.4780708],[47.5211815,44.4836587],[47.5226068,44.4827134],[47.5230281,44.4771412],[47.5283018,44.4815079],[47.5265033,44.486366],[47.5294197,44.4901244],[47.5293137,44.493404]],[[49.1774801,39.0297121],[49.1749755,39.033666],[49.1720259,39.0347437],[49.152409,39.0358261],[49.1488528,39.0345387],[49.1479645,39.0337407],[49.1501274,39.0346197],[49.1509037,39.0341577],[49.145866,39.0311462],[49.1552731,39.0329907],[49.1540387,39.0306061],[49.1556724,39.0297943],[49.1670122,39.0340067],[49.1696077,39.0331426],[49.139805,39.0004673],[49.1321362,38.9967826],[49.1230472,38.9895996],[49.1112931,38.9872636],[49.0922581,38.9752304],[49.0869064,38.9589913],[49.1045681,38.9554755],[49.139716,38.9686728],[49.1640061,38.9846868],[49.1771271,38.9983357],[49.1776722,38.9984972],[49.1722437,38.9917774],[49.1706729,38.9873124],[49.1671225,38.9856099],[49.168985,38.9846291],[49.1644351,38.9783281],[49.1560452,38.9732324],[49.1535927,38.9696653],[49.1495289,38.9682299],[49.149141,38.9663103],[49.1511238,38.966357],[49.1460932,38.964259],[49.1468032,38.9625942],[49.1435922,38.9586665],[49.1371576,38.9561197],[49.1353191,38.9535006],[49.1329592,38.9539722],[49.1336964,38.9521188],[49.1306719,38.9476521],[49.1162191,38.9433147],[49.0956947,38.9434765],[49.0954398,38.9428486],[49.1008316,38.941832],[49.0995746,38.94144],[49.1078825,38.9373489],[49.1191072,38.9400553],[49.1291793,38.9457221],[49.1486146,38.9603075],[49.1602295,38.9711419],[49.176774,38.9945515],[49.1792156,39.0004309],[49.1805531,39.0163245],[49.1774801,39.0297121]],[[53.0849043,39.7300881],[53.0863412,39.7307329],[53.0840732,39.7327347],[53.0853601,39.7327972],[53.0782823,39.7408242],[53.0764038,39.7466144],[53.0698862,39.7536223],[53.0643977,39.756272],[53.060853,39.7609182],[53.0546457,39.7615084],[53.0523425,39.7642458],[53.0448775,39.7643964],[53.0398533,39.7677818],[53.0322996,39.7685148],[53.0282322,39.7730347],[53.0198524,39.7764369],[53.0129792,39.7849184],[53.0163926,39.7902797],[53.0115518,39.7918032],[53.0109969,39.7954695],[53.0170679,39.7962067],[53.0216959,39.7928873],[53.0188471,39.7901773],[53.024845,39.7906992],[53.0307754,39.7875921],[53.0344022,39.7915496],[53.0294577,39.7972479],[53.0190034,39.8049784],[52.9941155,39.8168833],[52.9891488,39.8239272],[52.9949241,39.8211771],[53.0002604,39.8259143],[52.9932377,39.829906],[52.991251,39.8327976],[52.9923137,39.8350683],[52.9888254,39.8379951],[52.9902577,39.8407268],[52.9869311,39.8396093],[52.9842745,39.842199],[52.9790768,39.8427843],[52.9725161,39.8463671],[52.9601391,39.8569283],[52.956268,39.8580711],[52.9704306,39.8330276],[52.9791535,39.8286434],[52.9817344,39.8253503],[52.9952868,39.7931767],[53.0054859,39.7802002],[53.0189513,39.769017],[53.0375104,39.7626042],[53.0505615,39.7530131],[53.0615458,39.7485704],[53.0677826,39.7490939],[53.0746439,39.7454623],[53.0814923,39.7329289],[53.0880939,39.7128206],[53.0943391,39.7008352],[53.1004008,39.6946674],[53.1054723,39.6930978],[53.1019972,39.6946171],[53.1005561,39.6959821],[53.1033002,39.6947282],[53.1045856,39.6955085],[53.1025111,39.6956165],[53.1040827,39.6965367],[53.1203311,39.6905194],[53.1220398,39.6917025],[53.1261664,39.6898152],[53.1298404,39.6900968],[53.1191024,39.6928103],[53.1083059,39.6981435],[53.1019516,39.7046096],[53.1024716,39.7064147],[53.0981134,39.7103828],[53.09741,39.7130506],[53.0910505,39.7162761],[53.0860986,39.7239856],[53.0882664,39.7230172],[53.0854027,39.7267682],[53.0859444,39.7303434],[53.0849043,39.7300881]],[[48.8436538,45.8254443],[48.8443699,45.8263396],[48.8423476,45.8258368],[48.8436538,45.8254443]],[[48.8481277,45.81959],[48.8459256,45.8203228],[48.8409957,45.819233],[48.8478032,45.8179843],[48.8481277,45.81959]],[[48.8458478,45.81166],[48.8443324,45.8125387],[48.8454241,45.8137763],[48.844315,45.8158719],[48.8427848,45.8153728],[48.843855,45.812692],[48.8458478,45.81166]],[[48.8465801,45.8099213],[48.846918,45.8115254],[48.8451867,45.8109869],[48.8465801,45.8099213]],[[53.9125729,37.3347253],[53.9140481,37.3229821],[53.9160329,37.3209259],[53.9200509,37.2894528],[53.9230764,37.2842885],[53.9316165,37.2525183],[53.9826268,37.1197515],[54.0033603,37.0526427],[54.0181875,37.0115658],[54.0197754,37.0004106],[54.0221357,36.9995366],[54.023788,37.0052088],[54.0224576,37.0173741],[54.0173507,37.0193273],[54.0167928,37.0208349],[54.0198827,37.0215373],[54.0154838,37.0237816],[54.0181661,37.0237816],[54.0192175,37.0254776],[54.0166426,37.026574],[54.0191316,37.031182],[54.0150332,37.034351],[54.015677,37.0367319],[54.0128446,37.0379823],[54.0132952,37.0399862],[54.0192818,37.0428465],[54.0199256,37.0459979],[54.0172648,37.0492518],[54.0150761,37.0492176],[54.0160632,37.0526769],[54.0112138,37.0554854],[54.0113854,37.0609992],[54.0079093,37.0616841],[54.0048623,37.0603485],[54.0059352,37.0651086],[54.004519,37.0693206],[54.0017295,37.0723681],[54.0002274,37.0816811],[53.9952922,37.08822],[53.9959359,37.0908902],[53.9991116,37.0910272],[53.9930177,37.0930126],[53.9907002,37.100509],[54.0037894,37.10246],[54.0080809,37.1061223],[54.0089822,37.1120089],[54.0059781,37.1159444],[54.0030598,37.1167657],[53.9935756,37.1172106],[53.9887261,37.1142676],[53.9860225,37.115876],[53.9856362,37.1204273],[53.9911723,37.1199482],[53.9921379,37.1248244],[53.9909577,37.1260562],[53.9869451,37.1238321],[53.9831042,37.1246875],[53.9841556,37.1290672],[53.9753365,37.1492003],[53.9761519,37.1506199],[53.9800787,37.1497818],[53.98319,37.1516631],[53.978405,37.1537154],[53.973062,37.1525012],[53.9713776,37.1594444],[53.9694571,37.1600771],[53.9659166,37.1718757],[53.9697039,37.1730213],[53.9710772,37.1754491],[53.9691889,37.1764151],[53.9657021,37.1752183],[53.9654767,37.1779111],[53.9622259,37.1805055],[53.960638,37.188147],[53.9594257,37.1876085],[53.9590394,37.191147],[53.9572906,37.1927282],[53.958267,37.1956425],[53.9557457,37.1965912],[53.9551234,37.1987191],[53.9585996,37.2040858],[53.9565182,37.2070083],[53.95316,37.206769],[53.9514005,37.2082986],[53.9507997,37.2135962],[53.9531708,37.21645],[53.9522052,37.2180562],[53.9475489,37.2186714],[53.9462721,37.2203716],[53.9436436,37.2293503],[53.9455962,37.2308537],[53.9453065,37.2328185],[53.9478815,37.2341083],[53.9456177,37.2354152],[53.942163,37.2346123],[53.9421201,37.241138],[53.9370882,37.2473472],[53.9355326,37.2542903],[53.9376032,37.2563227],[53.9353716,37.2559641],[53.9344597,37.2577061],[53.9370024,37.2615658],[53.9321852,37.2648958],[53.9320672,37.2706804],[53.92784,37.2761957],[53.9263916,37.2802251],[53.927325,37.2822569],[53.9257479,37.2833324],[53.923248,37.2928585],[53.9247608,37.2945911],[53.922776,37.2968956],[53.9259732,37.3007788],[53.9215743,37.3027844],[53.9188814,37.3085362],[53.9174116,37.3190573],[53.9231622,37.3206784],[53.9152872,37.3230845],[53.9148795,37.3268384],[53.9176261,37.3277769],[53.9186132,37.33165],[53.9125729,37.3347253]],[[53.0323904,39.7871884],[53.0471699,39.7809163],[53.0508382,39.7779244],[53.064927,39.7740133],[53.0703485,39.7709728],[53.0686942,39.7691622],[53.0706452,39.770489],[53.0697281,39.7731081],[53.0710228,39.774732],[53.0551538,39.7816625],[53.0523756,39.7850549],[53.0473864,39.7850744],[53.0445253,39.7884532],[53.036945,39.7898475],[53.0323904,39.7871884]],[[47.8451156,43.9939105],[47.7738333,43.9904217],[47.7553796,43.9921662],[47.7293729,43.9991126],[47.7097606,44.0019218],[47.6694631,44.000934],[47.6521253,43.9969516],[47.6432848,43.991703],[47.6385212,43.9866084],[47.6340794,43.9746112],[47.6327491,43.957221],[47.6399374,43.952417],[47.6411176,43.9493119],[47.6501298,43.9402584],[47.6512885,43.9365037],[47.6549792,43.9346185],[47.6659012,43.9396094],[47.6668453,43.9415099],[47.6642275,43.9425142],[47.6665234,43.9444145],[47.6998687,43.9571438],[47.7152324,43.9587348],[47.7234506,43.9574373],[47.6995039,43.9563869],[47.6904487,43.9512275],[47.6902127,43.9497754],[47.6936888,43.9477361],[47.684108,43.9467706],[47.68502,43.9456582],[47.6830244,43.9453801],[47.6897621,43.9461526],[47.6879704,43.9439974],[47.6921976,43.9416567],[47.6833248,43.9431244],[47.6818871,43.9413322],[47.68664,43.9409073],[47.6862967,43.9394858],[47.6921868,43.9361947],[47.6911247,43.9327565],[47.6932061,43.9305467],[47.7101147,43.928445],[47.723043,43.9296736],[47.7365498,43.9245921],[47.7520752,43.9232445],[47.7574825,43.9200916],[47.7736188,43.9191113],[47.8270483,43.9586885],[47.8453731,43.9682025],[47.8554153,43.9710595],[47.8568315,43.970102],[47.8543961,43.9688357],[47.8458989,43.9675075],[47.8549325,43.9668897],[47.8597927,43.9689747],[47.8647494,43.9728972],[47.8681612,43.9788576],[47.8681183,43.9835669],[47.8663802,43.9865621],[47.8555655,43.9924131],[47.8451156,43.9939105]],[[47.7486634,45.2927393],[47.7512491,45.3048745],[47.7468181,45.3048971],[47.7455521,45.3005354],[47.7475583,45.2992449],[47.7467108,45.3008825],[47.7473438,45.3023691],[47.748127,45.3025955],[47.7493393,45.3005656],[47.7475476,45.2952752],[47.7442109,45.2936525],[47.7486634,45.2927393]]]}},{"type":"Feature","properties":{"name":"Мурана","natural":"water"},"geometry":{"type":"Polygon","coordinates":[[[47.1525372,41.5384316],[47.1545762,41.5372336],[47.1559355,41.5371844],[47.1552997,41.5382019],[47.1525372,41.5384316]]]}},{"type":"Feature","properties":{"name":"НВВ 13 га Приморского рыбзавода","natural":"water"},"geometry":{"type":"Polygon","coordinates":[[[48.5392027,41.8692643],[48.5402149,41.8694796],[48.545533,41.8668235],[48.5422875,41.8667039],[48.5392027,41.8692643]]]}},{"type":"Feature","properties":{"name":"Ноур Верхнее","natural":"water"},"geometry":{"type":"Polygon","coordinates":[[[47.2992969,41.3440421],[47.2954237,41.3450005],[47.2951662,41.3436353],[47.2979235,41.3417625],[47.2992969,41.3440421]]]}},{"type":"Feature","properties":{"name":"Ноур Восточное Верхнее","natural":"water"},"geometry":{"type":"Polygon","coordinates":[[[47.3005843,41.3319588],[47.2999835,41.3306779],[47.301684,41.3314714],[47.3005843,41.3319588]]]}},{"type":"Feature","properties":{"name":"Ноур Восточное Нижнее","natural":"water"},"geometry":{"type":"Polygon","coordinates":[[[47.3052621,41.3339124],[47.3043609,41.3357008],[47.3037278,41.3341984],[47.3052621,41.3339124]]]}},{"type":"Feature","properties":{"name":"Ноур Нижнее","natural":"water"},"geometry":{"type":"Polygon","coordinates":[[[47.3074078,41.3481217],[47.3054445,41.3490157],[47.3047632,41.3484076],[47.3074078,41.3481217]]]}},{"type":"Feature","properties":{"name":"Ноур Среднее","natural":"water"},"geometry":{"type":"Polygon","coordinates":[[[47.3029876,41.3434822],[47.3013621,41.3447508],[47.3013997,41.3430231],[47.3029876,41.3434822]]]}},{"type":"Feature","properties":{"name":"Фонтан","natural":"water"},"geometry":{"type":"Polygon","coordinates":[[[47.0511329,40.7651849],[47.0511689,40.7651485],[47.0511756,40.7651766],[47.0511329,40.7651849]]]}},{"type":"Feature","properties":{"name":"Халахел","natural":"water"},"geometry":{"type":"Polygon","coordinates":[[[46.6782904,41.8347335],[46.6795886,41.8347096],[46.6783279,41.8351012],[46.6782904,41.8347335]]]}},{"type":"Feature","properties":{"name":"Халахел","natural":"water"},"geometry":{"type":"Polygon","coordinates":[[[46.8893695,41.7108386],[46.8876314,41.7147149],[46.8850779,41.7146028],[46.8879962,41.7109828],[46.8893695,41.7108386]]]}},{"type":"Feature","properties":{"name":"Хыртананоур","natural":"water"},"geometry":{"type":"Polygon","coordinates":[[[47.1728723,41.4942713],[47.173859,41.494764],[47.1730587,41.4948872],[47.1728723,41.4942713]]]}},{"type":"Feature","properties":{"name":"Шахдагское","natural":"water"},"geometry":{"type":"Polygon","coordinates":[[[47.9912263,41.2679891],[47.9908937,41.2676786],[47.9913229,41.2678601],[47.9912263,41.2679891]]]}},{"type":"Feature","properties":{"name":"Шахдагское","natural":"water"},"geometry":{"type":"Polygon","coordinates":[[[47.9888552,41.2685133],[47.9883885,41.2691221],[47.9879916,41.2688923],[47.9888552,41.2685133]]]}},{"type":"Feature","properties":{"name":"Шахдагское","natural":"water"},"geometry":{"type":"Polygon","coordinates":[[[47.9844457,41.2674649],[47.9820585,41.267977],[47.9846871,41.2667472],[47.9844457,41.2674649]]]}},{"type":"Feature","properties":{"name":"Արծվաշենի ջրամբար","natural":"water"},"geometry":{"type":"Polygon","coordinates":[[[45.5395959,40.6226596],[45.5448891,40.6254798],[45.5420146,40.6283714],[45.5387973,40.6286033],[45.5399841,40.6276499],[45.537852,40.6265695],[45.5390536,40.6255921],[45.5355707,40.6254691],[45.5384066,40.6248157],[45.5395959,40.6226596]]]}},{"type":"Feature","properties":{"name":"Բերքաբերի ջրամբար","natural":"water"},"geometry":{"type":"Polygon","coordinates":[[[45.1311404,41.0643304],[45.1342794,41.0665192],[45.1409662,41.0647538],[45.1405932,41.0675246],[45.1443193,41.0672682],[45.1454158,41.0693351],[45.1487599,41.0677473],[45.1501926,41.0702198],[45.1562419,41.0608302],[45.1477563,41.0589112],[45.1378021,41.0605113],[45.1215394,41.0533028],[45.1206728,41.0551146],[45.1311278,41.0627416],[45.1235828,41.0642563],[45.1203668,41.0619043],[45.1154208,41.0627497],[45.1223516,41.0658923],[45.1311404,41.0643304]]]}},{"type":"Feature","properties":{"name":"Գազանալիճ","natural":"water"},"geometry":{"type":"Polygon","coordinates":[[[46.0027896,39.2062133],[46.0028979,39.203471],[46.0003792,39.2027628],[46.0006344,39.2044813],[46.0027896,39.2062133]]]}},{"type":"Feature","properties":{"name":"Լիճըն","natural":"water"},"geometry":{"type":"Polygon","coordinates":[[[45.8349235,39.9966023],[45.8352154,39.9959216],[45.8346927,39.9960968],[45.8349235,39.9966023]]]}},{"type":"Feature","properties":{"name":"Խալաշ","natural":"water"},"geometry":{"type":"Polygon","coordinates":[[[45.9603125,39.7540164],[45.9589904,39.7519737],[45.9624088,39.7498585],[45.9629806,39.750427],[45.9611201,39.7508523],[45.9603125,39.7540164]]]}},{"type":"Feature","properties":{"name":"Խնձորութի ավազան","natural":"water"},"geometry":{"type":"Polygon","coordinates":[[[45.5578349,40.8777183],[45.5580924,40.8823907],[45.562381,40.8947875],[45.5614328,40.8975236],[45.5576533,40.8975526],[45.5547022,40.8933856],[45.5549312,40.8921527],[45.5568791,40.8924089],[45.5546364,40.8873918],[45.5547474,40.878988],[45.5578349,40.8777183]]]}},{"type":"Feature","properties":{"name":"Խոդա Աֆարինի","natural":"water"},"geometry":{"type":"Polygon","coordinates":[[[47.8104883,39.6593222],[47.8079391,39.6598671],[47.8104283,39.6602314],[47.8104883,39.6593222]]]}},{"type":"Feature","properties":{"name":"Խուրջին","natural":"water"},"geometry":{"type":"Polygon","coordinates":[[[46.083379,39.0602642],[46.0839918,39.0594507],[46.0844958,39.0600954],[46.083379,39.0602642]]]}},{"type":"Feature","properties":{"name":"Ծակքարի","natural":"water"},"geometry":{"type":"Polygon","coordinates":[[[46.084517,39.0865286],[46.0852792,39.0840323],[46.0826268,39.0834557],[46.0830725,39.0855844],[46.084517,39.0865286]]]}},{"type":"Feature","properties":{"name":"Կապուտան (Գոգիլիճ)","natural":"water"},"geometry":{"type":"Polygon","coordinates":[[[46.0612512,39.093257],[46.0595766,39.0881401],[46.0570085,39.0888541],[46.0580085,39.0922373],[46.0612512,39.093257]]]}},{"type":"Feature","properties":{"name":"Կապտաչ","natural":"water"},"geometry":{"type":"Polygon","coordinates":[[[46.0794922,39.0648494],[46.0781481,39.0644197],[46.0795219,39.0640667],[46.0794922,39.0648494]]]}},{"type":"Feature","properties":{"name":"Ուխտասար","natural":"water"},"geometry":{"type":"Polygon","coordinates":[[[46.0516386,39.6852997],[46.0537775,39.6854102],[46.0513357,39.6858242],[46.0516386,39.6852997]]]}},{"type":"Feature","properties":{"name":"Սաղալիճ","natural":"water"},"geometry":{"type":"Polygon","coordinates":[[[46.2453332,39.5952462],[46.2492671,39.5973428],[46.2514799,39.601204],[46.2462019,39.6016207],[46.2429237,39.5967456],[46.2453332,39.5952462]]]}},{"type":"Feature","properties":{"name":"Սեւ լիճ - İşıqlı Qaragöl","natural":"water"},"geometry":{"type":"Polygon","coordinates":[[[46.2323094,39.5930952],[46.2218775,39.5919769],[46.2206048,39.5977974],[46.2270514,39.6032431],[46.2374666,39.6040578],[46.2400797,39.6026515],[46.241112,39.5981998],[46.2323094,39.5930952]]]}},{"type":"Feature","properties":{"name":"آراز چای","natural":"water"},"geometry":{"type":"Polygon","coordinates":[[[46.9619447,39.1403045],[46.9616926,39.1415818],[46.9595253,39.1418523],[46.9497433,39.1399654],[46.9483003,39.1473638],[46.9389407,39.1521552],[46.9381629,39.1573487],[46.9368701,39.159181],[46.936626,39.1565812],[46.9387892,39.1509113],[46.9446391,39.1478183],[46.9464898,39.1482405],[46.9476378,39.1470965],[46.9481581,39.1399717],[46.9511515,39.1389273],[46.9585007,39.1409744],[46.9619447,39.1403045]],[[46.9380885,39.1571183],[46.9374481,39.157331],[46.9379483,39.156915],[46.9380885,39.1571183]],[[46.9370592,39.1567476],[46.9367172,39.1568755],[46.9369465,39.1565521],[46.9370592,39.1567476]],[[46.9388938,39.1517537],[46.9391459,39.1507512],[46.9399023,39.1510049],[46.9388938,39.1517537]]]}},{"type":"Feature","properties":{"name":"آراز چای","natural":"water"},"geometry":{"type":"Polygon","coordinates":[[[45.6079844,38.9568184],[45.6023598,38.960266],[45.6058078,38.9536219],[45.6089124,38.952142],[45.6120506,38.9519459],[45.6156448,38.9481912],[45.6135204,38.9428863],[45.6150131,38.9410828],[45.6344578,38.9447256],[45.638245,38.9467414],[45.6436631,38.9463701],[45.6445456,38.9465182],[45.6473753,38.9515225],[45.6605878,38.9512137],[45.669238,38.9466184],[45.6609258,38.9519542],[45.6467047,38.9521983],[45.6451517,38.9503043],[45.6443846,38.9473672],[45.6368771,38.9470564],[45.6149796,38.9417035],[45.6167257,38.9478721],[45.615001,38.955886],[45.6123698,38.9585808],[45.6079844,38.9568184]],[[45.6324045,38.9452614],[45.6327666,38.9450246],[45.6321464,38.9450851],[45.6324045,38.9452614]],[[45.6048066,38.9573294],[45.6069115,38.9532308],[45.6130028,38.9517457],[45.6155857,38.9489974],[45.6130242,38.9575442],[45.6103447,38.9558464],[45.6048066,38.9573294]],[[45.6462997,38.9506026],[45.6461696,38.9506808],[45.646183,38.9505452],[45.6462997,38.9506026]],[[45.646403,38.951609],[45.6461656,38.9512503],[45.6466202,38.9516351],[45.646403,38.951609]],[[45.6320398,38.9443967],[45.6324153,38.944549],[45.6324595,38.9444853],[45.6320398,38.9443967]],[[45.630755,38.9449975],[45.6302708,38.9450402],[45.6312324,38.9453709],[45.630755,38.9449975]],[[45.6424266,38.9467143],[45.6436443,38.9468958],[45.6440735,38.9466559],[45.6437919,38.9464473],[45.6424266,38.9467143]],[[45.6106934,38.9568872],[45.6102803,38.957223],[45.609937,38.9565681],[45.6106934,38.9568872]],[[45.6061041,38.9535718],[45.6062114,38.9536094],[45.606312,38.9534735],[45.6061041,38.9535718]],[[45.6062738,38.957443],[45.6062369,38.957321],[45.6063824,38.9573536],[45.6062738,38.957443]],[[45.6032677,38.9590626],[45.6034809,38.9590574],[45.6036486,38.9588459],[45.6032677,38.9590626]]]}},{"type":"Feature","properties":{"name":"رود ارس","natural":"water"},"geometry":{"type":"Polygon","coordinates":[[[47.471076,39.480799],[47.4847072,39.488445],[47.4899,39.4875031],[47.4982899,39.489006],[47.5002748,39.4902397],[47.5062025,39.4977511],[47.5136711,39.496234],[47.5214884,39.5000779],[47.529763,39.4987466],[47.5394002,39.5037096],[47.5442228,39.5074988],[47.562325,39.5131171],[47.5663483,39.5157347],[47.5468862,39.509978],[47.5304778,39.4994048],[47.5223574,39.5007977],[47.514528,39.4972026],[47.5059396,39.4982478],[47.4989068,39.489866],[47.4906217,39.4881404],[47.4851364,39.489006],[47.4754563,39.4847168],[47.471076,39.480799]],[[47.5529386,39.5110095],[47.5512542,39.5106391],[47.5511442,39.5104622],[47.5529386,39.5110095]],[[47.5553566,39.5119749],[47.552547,39.5111815],[47.5531787,39.5111016],[47.5553566,39.5119749]],[[47.5457087,39.5089081],[47.5470445,39.5099386],[47.5505501,39.5106774],[47.5488549,39.5091978],[47.5457087,39.5089081]],[[47.4761201,39.4842014],[47.4760449,39.4844865],[47.4765567,39.4844443],[47.4761201,39.4842014]]]}},{"type":"Feature","properties":{"name":"رود ارس","natural":"water"},"geometry":{"type":"Polygon","coordinates":[[[47.3721805,39.43379],[47.3805839,39.4459121],[47.3777997,39.4544742],[47.3922408,39.4606165],[47.3926967,39.461449],[47.3917633,39.4630621],[47.3955288,39.4632819],[47.3990294,39.4679924],[47.4057966,39.4637186],[47.4202216,39.4645282],[47.4288744,39.469152],[47.440829,39.4708312],[47.4419971,39.4721273],[47.4406949,39.4764317],[47.4424598,39.4787878],[47.4463034,39.4781253],[47.4582325,39.4803746],[47.4694052,39.4800372],[47.471076,39.480799],[47.4666989,39.4814025],[47.4569839,39.4808042],[47.4457884,39.4784886],[47.4427709,39.4797111],[47.4396341,39.4753789],[47.4415827,39.4723768],[47.4405581,39.4711128],[47.4328354,39.4721797],[47.430709,39.4719182],[47.4256128,39.4678558],[47.4174911,39.4643895],[47.406317,39.4641783],[47.3977071,39.4701748],[47.395674,39.4702576],[47.3938528,39.466396],[47.3882201,39.4644744],[47.3866939,39.4600367],[47.377333,39.4552135],[47.3767859,39.4520179],[47.3797041,39.4457174],[47.3699999,39.4333632],[47.3721805,39.43379]],[[47.3802224,39.4560309],[47.380549,39.4566487],[47.3827887,39.4569262],[47.3802224,39.4560309]],[[47.3876332,39.4604494],[47.3919833,39.4607201],[47.39153,39.4631098],[47.3949676,39.4634382],[47.3986976,39.468143],[47.3956222,39.4684662],[47.3944803,39.4662559],[47.3888978,39.4638492],[47.3876332,39.4604494]],[[47.3957004,39.4686713],[47.3968461,39.469417],[47.3980194,39.4687057],[47.3957004,39.4686713]],[[47.4047023,39.4645769],[47.4048183,39.4646364],[47.4050785,39.4644521],[47.4047023,39.4645769]],[[47.433579,39.4717174],[47.4285471,39.4694325],[47.4357717,39.4710056],[47.433579,39.4717174]],[[47.4404347,39.4753303],[47.4398902,39.4754918],[47.4403609,39.4749545],[47.4404347,39.4753303]],[[47.4667364,39.4806893],[47.4657796,39.4810257],[47.4671984,39.480783],[47.4667364,39.4806893]],[[47.3719016,39.4352649],[47.3719203,39.4347791],[47.3722127,39.4352204],[47.3719016,39.4352649]]]}},{"type":"Feature","properties":{"name":"سد خداآفرین - Xudafərin su anbarı","natural":"water"},"geometry":{"type":"Polygon","coordinates":[[[46.8502629,39.1672271],[46.8517274,39.1675807],[46.8539536,39.1650769],[46.8580842,39.1659794],[46.8578428,39.1642949],[46.8603212,39.1641618],[46.8615872,39.1658546],[46.8613994,39.1639747],[46.8634754,39.1637917],[46.863395,39.1624399],[46.8660665,39.16286],[46.8655246,39.1613668],[46.867429,39.1634465],[46.8727505,39.1643657],[46.8732172,39.1673602],[46.8749446,39.167955],[46.8740326,39.1670109],[46.8765539,39.1657382],[46.8761676,39.1646402],[46.8828946,39.1663413],[46.8875778,39.1654762],[46.8915099,39.1697059],[46.8909305,39.1733407],[46.8933445,39.1749459],[46.8948251,39.179512],[46.9001949,39.1822522],[46.9000339,39.1834082],[46.900565,39.1822689],[46.8974751,39.1793955],[46.8968207,39.1746881],[46.8995833,39.1725505],[46.8987358,39.1711574],[46.9005758,39.1712031],[46.9004148,39.1693274],[46.9039768,39.1690322],[46.9050711,39.1707456],[46.9060475,39.1688991],[46.9086921,39.1706001],[46.9092554,39.1689656],[46.9117552,39.1694772],[46.9106233,39.1708288],[46.9131339,39.1764014],[46.9151294,39.1745925],[46.9141209,39.1713778],[46.9158482,39.172405],[46.9156659,39.1695895],[46.9172269,39.1715649],[46.9168621,39.1701967],[46.918568,39.1696352],[46.919378,39.1743887],[46.9230848,39.1744843],[46.9259173,39.1770585],[46.9234014,39.1721139],[46.92478,39.1724175],[46.925472,39.1698224],[46.9273013,39.1710035],[46.92765,39.1694481],[46.9300747,39.1702466],[46.9315445,39.1669568],[46.9305897,39.1629037],[46.9361499,39.1616392],[46.9320729,39.1581744],[46.9292137,39.1596385],[46.9187719,39.1543953],[46.918171,39.1565625],[46.9153547,39.1564543],[46.915462,39.155169],[46.913504,39.1563795],[46.9106743,39.1550962],[46.9104758,39.1537151],[46.9119859,39.1534135],[46.9107681,39.152594],[46.9072893,39.1531639],[46.9074637,39.1514022],[46.9022173,39.1510424],[46.9021127,39.1489374],[46.8986714,39.148097],[46.8954205,39.1426553],[46.8873283,39.1356403],[46.883533,39.136487],[46.8786031,39.1339218],[46.8765432,39.1354572],[46.8746978,39.1342047],[46.8580466,39.1353989],[46.8594038,39.1330896],[46.8563622,39.1313377],[46.855858,39.1306095],[46.8593448,39.1324779],[46.855917,39.1279338],[46.8578321,39.1266687],[46.8560779,39.1260487],[46.8524998,39.1281877],[46.8539536,39.126881],[46.8524623,39.12634],[46.852355,39.121937],[46.842581,39.1123394],[46.8439972,39.1109741],[46.8421411,39.1115069],[46.8382788,39.1071529],[46.8320131,39.1046803],[46.8307042,39.1034481],[46.8319917,39.1028736],[46.8292451,39.1025073],[46.8295562,39.1010336],[46.8273568,39.1013833],[46.8282044,39.1002843],[46.8219602,39.1000262],[46.8201685,39.0978281],[46.8031204,39.0925989],[46.7976916,39.085579],[46.8004596,39.0835719],[46.7999875,39.080807],[46.7916512,39.0735693],[46.7898703,39.0739358],[46.7932606,39.0758015],[46.7892158,39.0736109],[46.7848384,39.0736942],[46.7870915,39.0747354],[46.7845702,39.0769259],[46.7878961,39.0795078],[46.7875528,39.0815232],[46.782285,39.0837135],[46.782639,39.0858205],[46.7790556,39.085021],[46.783551,39.0892431],[46.7843556,39.0952344],[46.7884862,39.1006298],[46.7900526,39.1061747],[46.7940652,39.1076483],[46.794194,39.1103206],[46.8037587,39.1168636],[46.8166172,39.1305929],[46.8037319,39.1349454],[46.8044025,39.1383157],[46.8027073,39.1352783],[46.800068,39.1355154],[46.8002772,39.1382242],[46.7971122,39.1416942],[46.8072402,39.1395223],[46.8045902,39.1422267],[46.8001056,39.1428591],[46.7981744,39.1452888],[46.8042254,39.1453055],[46.8015432,39.1461875],[46.8012321,39.1489748],[46.8053412,39.1501646],[46.80974,39.1487502],[46.8062425,39.1457465],[46.8091822,39.145813],[46.8121755,39.1495905],[46.8094504,39.151579],[46.8108022,39.152282],[46.8139726,39.1507803],[46.8213433,39.1510507],[46.8250608,39.1489748],[46.8308812,39.149162],[46.8368196,39.1462332],[46.8385094,39.1482676],[46.8391639,39.1453471],[46.8415725,39.148176],[46.8415618,39.1459878],[46.8426347,39.1462499],[46.8435359,39.147968],[46.8428975,39.1490622],[46.8433589,39.1498359],[46.8445766,39.1481303],[46.8468726,39.1488126],[46.8459231,39.1533428],[46.8489861,39.149994],[46.8478757,39.1546781],[46.8499571,39.1539626],[46.8523925,39.1559843],[46.8536532,39.1549485],[46.8539643,39.1576856],[46.855461,39.1570825],[46.8557882,39.1593619],[46.8502629,39.1672271]],[[46.9058892,39.1534759],[46.9059536,39.1533387],[46.9058624,39.1533262],[46.9058892,39.1534759]],[[46.9235086,39.1706874],[46.9237447,39.1705543],[46.9237179,39.1706791],[46.9235086,39.1706874]],[[46.8563515,39.1344003],[46.856609,39.1341215],[46.8568987,39.1341715],[46.8563515,39.1344003]]]}},{"type":"Feature","properties":{"name":"قالغانلو","natural":"water"},"geometry":{"type":"Polygon","coordinates":[[[48.0595757,38.9210045],[48.0600344,38.9213712],[48.0600679,38.9208657],[48.0595757,38.9210045]]]}},{"type":"Feature","properties":{"name":"გულის ტბა","natural":"water"},"geometry":{"type":"Polygon","coordinates":[[[46.4165505,41.9175688],[46.4152175,41.9158164],[46.4175145,41.9155649],[46.4165505,41.9175688]]]}},{"type":"Feature","properties":{"name":"ჯანდარის ტბა - Candargöl","natural":"water"},"geometry":{"type":"Polygon","coordinates":[[[45.2051194,41.4380331],[45.206456,41.4420838],[45.201714,41.4403117],[45.2006875,41.4428426],[45.2077541,41.4473804],[45.2131727,41.4453997],[45.2170486,41.445766],[45.2188854,41.4429693],[45.226939,41.4396246],[45.2327755,41.4344769],[45.2351546,41.4253039],[45.2393518,41.4186162],[45.2389661,41.4146385],[45.231126,41.4115658],[45.2282094,41.4067109],[45.222351,41.4062227],[45.2133778,41.4169074],[45.2115753,41.4169074],[45.2061871,41.4225756],[45.2057609,41.4246047],[45.1936783,41.4323136],[45.1912268,41.4377886],[45.2051194,41.4380331]]]}}]}