{"type":"FeatureCollection","features":[{"type":"Feature","properties":{"road_class":"secondary","name":"1-ci Zirə küç.","highway":"secondary"},"geometry":{"type":"LineString","coordinates":[[50.2651496,40.3616559],[50.2842854,40.3629985]]}},{"type":"Feature","properties":{"road_class":"secondary","name":"10-cu Hövsan küç.","highway":"secondary"},"geometry":{"type":"LineString","coordinates":[[50.0713966,40.362852],[50.0663892,40.3588543]]}},{"type":"Feature","properties":{"road_class":"secondary","name":"11.ci məhəllə","highway":"secondary"},"geometry":{"type":"LineString","coordinates":[[45.4212713,39.2004206],[45.4269163,39.2024645]]}},{"type":"Feature","properties":{"road_class":"secondary","name":"11.ci məhəllə","highway":"secondary"},"geometry":{"type":"LineString","coordinates":[[45.4284413,39.2027918],[45.4308757,39.2033419],[45.4311234,39.2095989]]}},{"type":"Feature","properties":{"road_class":"secondary","name":"11.ci məhəllə","highway":"secondary"},"geometry":{"type":"LineString","coordinates":[[45.4269163,39.2024645],[45.4284413,39.2027918]]}},{"type":"Feature","properties":{"road_class":"secondary","name":"141-ci Hövsan küç.","highway":"secondary"},"geometry":{"type":"LineString","coordinates":[[50.0963626,40.3767611],[50.09646,40.3726298]]}},{"type":"Feature","properties":{"road_class":"secondary","name":"150-ci Hövsan küç.","highway":"secondary"},"geometry":{"type":"LineString","coordinates":[[50.0878036,40.3908506],[50.0963626,40.3767611]]}},{"type":"Feature","properties":{"road_class":"secondary","name":"20 Yanvar küçəsi","highway":"secondary"},"geometry":{"type":"LineString","coordinates":[[47.1782602,41.1993025],[47.1804382,41.2025733]]}},{"type":"Feature","properties":{"road_class":"secondary","name":"20 Yanvar küçəsi","highway":"secondary"},"geometry":{"type":"LineString","coordinates":[[47.3288634,39.4547499],[47.3395729,39.4471715]]}},{"type":"Feature","properties":{"road_class":"secondary","name":"20 Yanvar küçəsi","highway":"secondary"},"geometry":{"type":"LineString","coordinates":[[48.8457597,38.749097],[48.8443299,38.7508032]]}},{"type":"Feature","properties":{"road_class":"secondary","name":"20 Yanvar küçəsi","highway":"secondary"},"geometry":{"type":"LineString","coordinates":[[47.1804382,41.2025733],[47.1809213,41.2034986]]}},{"type":"Feature","properties":{"road_class":"secondary","name":"20 Yanvar küçəsi","highway":"secondary"},"geometry":{"type":"LineString","coordinates":[[47.6494789,40.5217001],[47.6591232,40.5207249],[47.6617204,40.5149718],[47.6620185,40.5095291]]}},{"type":"Feature","properties":{"road_class":"secondary","name":"20 Yanvar küçəsi","highway":"secondary"},"geometry":{"type":"LineString","coordinates":[[47.053899,40.768635],[47.046763,40.7607903]]}},{"type":"Feature","properties":{"road_class":"secondary","name":"20 Yanvar küçəsi","highway":"secondary"},"geometry":{"type":"LineString","coordinates":[[48.8443299,38.7508032],[48.8341076,38.7559859]]}},{"type":"Feature","properties":{"road_class":"secondary","name":"28 May","highway":"secondary"},"geometry":{"type":"LineString","coordinates":[[48.7999647,41.4707326],[48.8036703,41.4670497]]}},{"type":"Feature","properties":{"road_class":"secondary","name":"28 May küç.","highway":"secondary"},"geometry":{"type":"LineString","coordinates":[[49.7481264,40.3180501],[49.7447287,40.3214483]]}},{"type":"Feature","properties":{"road_class":"secondary","name":"28 May küç.","highway":"secondary"},"geometry":{"type":"LineString","coordinates":[[49.7410595,40.3220482],[49.7303117,40.3219255]]}},{"type":"Feature","properties":{"road_class":"secondary","name":"28 May küç.","highway":"secondary"},"geometry":{"type":"LineString","coordinates":[[49.8561126,40.5007519],[49.8547988,40.4839696]]}},{"type":"Feature","properties":{"road_class":"secondary","name":"28 May küç.","highway":"secondary"},"geometry":{"type":"LineString","coordinates":[[46.2751309,41.7010008],[46.2721744,41.7022401],[46.2706949,41.7099896]]}},{"type":"Feature","properties":{"road_class":"secondary","name":"28 May küç.","highway":"secondary"},"geometry":{"type":"LineString","coordinates":[[50.1471818,40.4717765],[50.1374779,40.4873483]]}},{"type":"Feature","properties":{"road_class":"secondary","name":"28 May küç.","highway":"secondary"},"geometry":{"type":"LineString","coordinates":[[49.7303117,40.3219255],[49.7284997,40.3219048]]}},{"type":"Feature","properties":{"road_class":"secondary","name":"28 May küç.","highway":"secondary"},"geometry":{"type":"LineString","coordinates":[[49.7432587,40.3220683],[49.7410595,40.3220482]]}},{"type":"Feature","properties":{"road_class":"secondary","name":"28 May küçəsi","highway":"secondary"},"geometry":{"type":"LineString","coordinates":[[49.8506415,40.3774911],[49.850439,40.3774304]]}},{"type":"Feature","properties":{"road_class":"secondary","name":"28 May küçəsi","highway":"secondary"},"geometry":{"type":"LineString","coordinates":[[49.8485255,40.3768909],[49.845902,40.3759524]]}},{"type":"Feature","properties":{"road_class":"secondary","name":"28 May küçəsi","highway":"secondary"},"geometry":{"type":"LineString","coordinates":[[46.3372529,40.688826],[46.3314905,40.685665],[46.3308671,40.6830541]]}},{"type":"Feature","properties":{"road_class":"secondary","name":"28 May küçəsi","highway":"secondary"},"geometry":{"type":"LineString","coordinates":[[49.845902,40.3759524],[49.845774,40.3759053]]}},{"type":"Feature","properties":{"road_class":"secondary","name":"28 May küçəsi","highway":"secondary"},"geometry":{"type":"LineString","coordinates":[[47.8508038,40.9799113],[47.8484101,40.9806987]]}},{"type":"Feature","properties":{"road_class":"secondary","name":"28 May küçəsi","highway":"secondary"},"geometry":{"type":"LineString","coordinates":[[46.7516276,39.8176479],[46.7492663,39.8182124]]}},{"type":"Feature","properties":{"road_class":"secondary","name":"28 May küçəsi","highway":"secondary"},"geometry":{"type":"LineString","coordinates":[[46.7523442,39.8178091],[46.7516276,39.8176479]]}},{"type":"Feature","properties":{"road_class":"secondary","name":"28 May küçəsi","highway":"secondary"},"geometry":{"type":"LineString","coordinates":[[46.7490276,39.8181439],[46.7493159,39.8181001]]}},{"type":"Feature","properties":{"road_class":"secondary","name":"28 May küçəsi","highway":"secondary"},"geometry":{"type":"LineString","coordinates":[[46.7492663,39.8182124],[46.7490967,39.8182836]]}},{"type":"Feature","properties":{"road_class":"secondary","name":"28 May küçəsi","highway":"secondary"},"geometry":{"type":"LineString","coordinates":[[49.8579596,40.3794956],[49.8551556,40.3787488]]}},{"type":"Feature","properties":{"road_class":"secondary","name":"28 May küçəsi","highway":"secondary"},"geometry":{"type":"LineString","coordinates":[[49.8551556,40.3787488],[49.852496,40.3780277]]}},{"type":"Feature","properties":{"road_class":"secondary","name":"28 May küçəsi","highway":"secondary"},"geometry":{"type":"LineString","coordinates":[[46.3308671,40.6830541],[46.3257709,40.6781668],[46.3255593,40.6752615]]}},{"type":"Feature","properties":{"road_class":"secondary","name":"28 May küçəsi","highway":"secondary"},"geometry":{"type":"LineString","coordinates":[[46.3255593,40.6752615],[46.3194336,40.6729052],[46.3193624,40.6680781]]}},{"type":"Feature","properties":{"road_class":"secondary","name":"28 May küçəsi","highway":"secondary"},"geometry":{"type":"LineString","coordinates":[[46.3193624,40.6680781],[46.3186562,40.6628268]]}},{"type":"Feature","properties":{"road_class":"secondary","name":"28 May küçəsi","highway":"secondary"},"geometry":{"type":"LineString","coordinates":[[49.848716,40.3769454],[49.8486325,40.3769209]]}},{"type":"Feature","properties":{"road_class":"secondary","name":"28 May küçəsi","highway":"secondary"},"geometry":{"type":"LineString","coordinates":[[49.8486325,40.3769209],[49.8485255,40.3768909]]}},{"type":"Feature","properties":{"road_class":"secondary","name":"28 May küçəsi","highway":"secondary"},"geometry":{"type":"LineString","coordinates":[[49.850439,40.3774304],[49.848716,40.3769454]]}},{"type":"Feature","properties":{"road_class":"secondary","name":"28 May küçəsi","highway":"secondary"},"geometry":{"type":"LineString","coordinates":[[49.852496,40.3780277],[49.8506415,40.3774911]]}},{"type":"Feature","properties":{"road_class":"secondary","name":"28 May küçəsi","highway":"secondary"},"geometry":{"type":"LineString","coordinates":[[46.7493159,39.8181001],[46.7524813,39.817354]]}},{"type":"Feature","properties":{"road_class":"secondary","name":"28 May küçəsi","highway":"secondary"},"geometry":{"type":"LineString","coordinates":[[49.845774,40.3759053],[49.8445671,40.3754753]]}},{"type":"Feature","properties":{"road_class":"secondary","name":"28 May küçəsi","highway":"secondary"},"geometry":{"type":"LineString","coordinates":[[49.8445671,40.3754753],[49.8443347,40.3753949]]}},{"type":"Feature","properties":{"road_class":"secondary","name":"28 May küçəsi","highway":"secondary"},"geometry":{"type":"LineString","coordinates":[[49.8443347,40.3753949],[49.8432723,40.3750336]]}},{"type":"Feature","properties":{"road_class":"secondary","name":"3-cü Əmircan küç.","highway":"secondary"},"geometry":{"type":"LineString","coordinates":[[50.0028402,40.4197571],[50.0016358,40.4179908],[50.0026894,40.4133474]]}},{"type":"Feature","properties":{"road_class":"secondary","name":"3-cü Əmircan küç.","highway":"secondary"},"geometry":{"type":"LineString","coordinates":[[50.0027865,40.4202732],[50.0028402,40.4197571]]}},{"type":"Feature","properties":{"road_class":"secondary","name":"43-cü Hövsan küç.","highway":"secondary"},"geometry":{"type":"LineString","coordinates":[[50.1306835,40.3681682],[50.1173126,40.3681198],[50.112973,40.3729554],[50.1019532,40.3731624],[50.0937546,40.372276],[50.0886257,40.3689715],[50.0805822,40.3667381]]}},{"type":"Feature","properties":{"road_class":"secondary","name":"9-cu Köndələn","highway":"secondary"},"geometry":{"type":"LineString","coordinates":[[49.9084412,40.4204363],[49.9103562,40.4182238]]}},{"type":"Feature","properties":{"road_class":"secondary","name":"9-cu Köndələn","highway":"secondary"},"geometry":{"type":"LineString","coordinates":[[49.909695,40.4195548],[49.9091128,40.4207561]]}},{"type":"Feature","properties":{"road_class":"secondary","name":"9-cu Köndələn","highway":"secondary"},"geometry":{"type":"LineString","coordinates":[[49.9114814,40.4187793],[49.909695,40.4195548]]}},{"type":"Feature","properties":{"road_class":"secondary","name":"A. Bakıxanov küç.","highway":"secondary"},"geometry":{"type":"LineString","coordinates":[[50.1069287,40.4546706],[50.0924241,40.4662149]]}},{"type":"Feature","properties":{"road_class":"secondary","name":"Abbas Fətullayev","highway":"secondary"},"geometry":{"type":"LineString","coordinates":[[49.9701624,40.362791],[49.9727686,40.3637226],[49.9741794,40.3697758]]}},{"type":"Feature","properties":{"road_class":"secondary","name":"Abbas Fətullayev","highway":"secondary"},"geometry":{"type":"LineString","coordinates":[[49.9746847,40.3855467],[49.9748163,40.3859786]]}},{"type":"Feature","properties":{"road_class":"secondary","name":"Abbas Fətullayev küçəsi","highway":"secondary"},"geometry":{"type":"LineString","coordinates":[[49.9743109,40.3833138],[49.9742505,40.3698994]]}},{"type":"Feature","properties":{"road_class":"secondary","name":"Abbas Fətullayev küçəsi","highway":"secondary"},"geometry":{"type":"LineString","coordinates":[[49.9744445,40.3842855],[49.9743109,40.3833138]]}},{"type":"Feature","properties":{"road_class":"secondary","name":"Abbas Fətullayev küçəsi","highway":"secondary"},"geometry":{"type":"LineString","coordinates":[[49.9742505,40.3698994],[49.9741794,40.3697758]]}},{"type":"Feature","properties":{"road_class":"secondary","name":"Abbas Mirzə Şərifzadə küçəsi","highway":"secondary"},"geometry":{"type":"LineString","coordinates":[[49.8102308,40.3685638],[49.8072989,40.3695112]]}},{"type":"Feature","properties":{"road_class":"secondary","name":"Abbas Mirzə Şərifzadə küçəsi","highway":"secondary"},"geometry":{"type":"LineString","coordinates":[[49.8033513,40.405055],[49.8029797,40.4041785]]}},{"type":"Feature","properties":{"road_class":"secondary","name":"Abbas Mirzə Şərifzadə küçəsi","highway":"secondary"},"geometry":{"type":"LineString","coordinates":[[49.8051412,40.3746952],[49.8049056,40.3762565]]}},{"type":"Feature","properties":{"road_class":"secondary","name":"Abbas Mirzə Şərifzadə küçəsi","highway":"secondary"},"geometry":{"type":"LineString","coordinates":[[49.8072989,40.3695112],[49.8053538,40.3739055]]}},{"type":"Feature","properties":{"road_class":"secondary","name":"Abbas Mirzə Şərifzadə küçəsi","highway":"secondary"},"geometry":{"type":"LineString","coordinates":[[49.8036041,40.3852332],[49.8035933,40.3853182]]}},{"type":"Feature","properties":{"road_class":"secondary","name":"Abbas Mirzə Şərifzadə küçəsi","highway":"secondary"},"geometry":{"type":"LineString","coordinates":[[49.8020009,40.3944635],[49.8020175,40.3943558]]}},{"type":"Feature","properties":{"road_class":"secondary","name":"Abbas Mirzə Şərifzadə küçəsi","highway":"secondary"},"geometry":{"type":"LineString","coordinates":[[49.8021628,40.3944938],[49.8020396,40.3951277]]}},{"type":"Feature","properties":{"road_class":"secondary","name":"Abbas Mirzə Şərifzadə küçəsi","highway":"secondary"},"geometry":{"type":"LineString","coordinates":[[49.8023872,40.3929864],[49.8021628,40.3944938]]}},{"type":"Feature","properties":{"road_class":"secondary","name":"Abbas Mirzə Şərifzadə küçəsi","highway":"secondary"},"geometry":{"type":"LineString","coordinates":[[49.8026584,40.3912699],[49.8023872,40.3929864]]}},{"type":"Feature","properties":{"road_class":"secondary","name":"Abbas Mirzə Şərifzadə küçəsi","highway":"secondary"},"geometry":{"type":"LineString","coordinates":[[49.8020175,40.3943558],[49.8032546,40.3863725]]}},{"type":"Feature","properties":{"road_class":"secondary","name":"Abbas Mirzə Şərifzadə küçəsi","highway":"secondary"},"geometry":{"type":"LineString","coordinates":[[49.8035933,40.3853182],[49.8034097,40.3863828]]}},{"type":"Feature","properties":{"road_class":"secondary","name":"Abbas Mirzə Şərifzadə küçəsi","highway":"secondary"},"geometry":{"type":"LineString","coordinates":[[49.8034311,40.38522],[49.8042681,40.3796447]]}},{"type":"Feature","properties":{"road_class":"secondary","name":"Abbas Mirzə Şərifzadə küçəsi","highway":"secondary"},"geometry":{"type":"LineString","coordinates":[[49.8034166,40.3853031],[49.8034311,40.38522]]}},{"type":"Feature","properties":{"road_class":"secondary","name":"Abbas Mirzə Şərifzadə küçəsi","highway":"secondary"},"geometry":{"type":"LineString","coordinates":[[49.8032546,40.3863725],[49.8034166,40.3853031]]}},{"type":"Feature","properties":{"road_class":"secondary","name":"Abbas Mirzə Şərifzadə küçəsi","highway":"secondary"},"geometry":{"type":"LineString","coordinates":[[49.8034097,40.3863828],[49.8026584,40.3912699]]}},{"type":"Feature","properties":{"road_class":"secondary","name":"Abbas Mirzə Şərifzadə küçəsi","highway":"secondary"},"geometry":{"type":"LineString","coordinates":[[49.8047293,40.3763811],[49.8050347,40.3744688]]}},{"type":"Feature","properties":{"road_class":"secondary","name":"Abbas Mirzə Şərifzadə küçəsi","highway":"secondary"},"geometry":{"type":"LineString","coordinates":[[49.8048826,40.3763952],[49.8044618,40.3793405]]}},{"type":"Feature","properties":{"road_class":"secondary","name":"Abbas Mirzə Şərifzadə küçəsi","highway":"secondary"},"geometry":{"type":"LineString","coordinates":[[49.8049056,40.3762565],[49.8048826,40.3763952]]}},{"type":"Feature","properties":{"road_class":"secondary","name":"Abbas Mirzə Şərifzadə küçəsi","highway":"secondary"},"geometry":{"type":"LineString","coordinates":[[49.8042898,40.3795016],[49.8042999,40.3794353]]}},{"type":"Feature","properties":{"road_class":"secondary","name":"Abbas Mirzə Şərifzadə küçəsi","highway":"secondary"},"geometry":{"type":"LineString","coordinates":[[49.8043162,40.3793285],[49.8047293,40.3763811]]}},{"type":"Feature","properties":{"road_class":"secondary","name":"Abbas Mirzə Şərifzadə küçəsi","highway":"secondary"},"geometry":{"type":"LineString","coordinates":[[49.8044464,40.3794457],[49.8044369,40.3795108]]}},{"type":"Feature","properties":{"road_class":"secondary","name":"Abbas Mirzə Şərifzadə küçəsi","highway":"secondary"},"geometry":{"type":"LineString","coordinates":[[49.8044154,40.3796581],[49.8036041,40.3852332]]}},{"type":"Feature","properties":{"road_class":"secondary","name":"Abbas Mirzə Şərifzadə küçəsi","highway":"secondary"},"geometry":{"type":"LineString","coordinates":[[49.8042999,40.3794353],[49.8043162,40.3793285]]}},{"type":"Feature","properties":{"road_class":"secondary","name":"Abbas Mirzə Şərifzadə küçəsi","highway":"secondary"},"geometry":{"type":"LineString","coordinates":[[49.8044618,40.3793405],[49.8044464,40.3794457]]}},{"type":"Feature","properties":{"road_class":"secondary","name":"Abbas Mirzə Şərifzadə küçəsi","highway":"secondary"},"geometry":{"type":"LineString","coordinates":[[49.8044369,40.3795108],[49.8044154,40.3796581]]}},{"type":"Feature","properties":{"road_class":"secondary","name":"Abbas Mirzə Şərifzadə küçəsi","highway":"secondary"},"geometry":{"type":"LineString","coordinates":[[49.8042681,40.3796447],[49.8042898,40.3795016]]}},{"type":"Feature","properties":{"road_class":"secondary","name":"Abbas Mirzə Şərifzadə küçəsi","highway":"secondary"},"geometry":{"type":"LineString","coordinates":[[49.8014262,40.3999232],[49.8013868,40.3992607]]}},{"type":"Feature","properties":{"road_class":"secondary","name":"Abbas Mirzə Şərifzadə küçəsi","highway":"secondary"},"geometry":{"type":"LineString","coordinates":[[49.8013868,40.3992607],[49.8013678,40.3986452]]}},{"type":"Feature","properties":{"road_class":"secondary","name":"Abbas Mirzə Şərifzadə küçəsi","highway":"secondary"},"geometry":{"type":"LineString","coordinates":[[49.8013678,40.3986452],[49.8016164,40.3969054]]}},{"type":"Feature","properties":{"road_class":"secondary","name":"Abbas Mirzə Şərifzadə küçəsi","highway":"secondary"},"geometry":{"type":"LineString","coordinates":[[49.8016164,40.3969054],[49.8016609,40.3966648]]}},{"type":"Feature","properties":{"road_class":"secondary","name":"Abbas Mirzə Şərifzadə küçəsi","highway":"secondary"},"geometry":{"type":"LineString","coordinates":[[49.8016609,40.3966648],[49.8017387,40.3961857]]}},{"type":"Feature","properties":{"road_class":"secondary","name":"Abbas Mirzə Şərifzadə küçəsi","highway":"secondary"},"geometry":{"type":"LineString","coordinates":[[49.8017387,40.3961857],[49.8017857,40.3958639]]}},{"type":"Feature","properties":{"road_class":"secondary","name":"Abbas Mirzə Şərifzadə küçəsi","highway":"secondary"},"geometry":{"type":"LineString","coordinates":[[49.8017857,40.3958639],[49.8020009,40.3944635]]}},{"type":"Feature","properties":{"road_class":"secondary","name":"Abbas Mirzə Şərifzadə küçəsi","highway":"secondary"},"geometry":{"type":"LineString","coordinates":[[49.8029797,40.4041785],[49.8025836,40.4032809]]}},{"type":"Feature","properties":{"road_class":"secondary","name":"Abbas Mirzə Şərifzadə küçəsi","highway":"secondary"},"geometry":{"type":"LineString","coordinates":[[49.8025836,40.4032809],[49.8025163,40.4031336]]}},{"type":"Feature","properties":{"road_class":"secondary","name":"Abbas Mirzə Şərifzadə küçəsi","highway":"secondary"},"geometry":{"type":"LineString","coordinates":[[49.8025163,40.4031336],[49.8022318,40.4024138]]}},{"type":"Feature","properties":{"road_class":"secondary","name":"Abbas Mirzə Şərifzadə küçəsi","highway":"secondary"},"geometry":{"type":"LineString","coordinates":[[49.8022318,40.4024138],[49.8021692,40.4022425]]}},{"type":"Feature","properties":{"road_class":"secondary","name":"Abbas Mirzə Şərifzadə küçəsi","highway":"secondary"},"geometry":{"type":"LineString","coordinates":[[49.8021692,40.4022425],[49.8019137,40.4015008]]}},{"type":"Feature","properties":{"road_class":"secondary","name":"Abbas Mirzə Şərifzadə küçəsi","highway":"secondary"},"geometry":{"type":"LineString","coordinates":[[49.8019137,40.4015008],[49.8016455,40.4006518]]}},{"type":"Feature","properties":{"road_class":"secondary","name":"Abbas Mirzə Şərifzadə küçəsi","highway":"secondary"},"geometry":{"type":"LineString","coordinates":[[49.8016455,40.4006518],[49.8014821,40.4001446]]}},{"type":"Feature","properties":{"road_class":"secondary","name":"Abbas Mirzə Şərifzadə küçəsi","highway":"secondary"},"geometry":{"type":"LineString","coordinates":[[49.8014821,40.4001446],[49.8014262,40.3999232]]}},{"type":"Feature","properties":{"road_class":"secondary","name":"Abbas Mirzə Şərifzadə küçəsi","highway":"secondary"},"geometry":{"type":"LineString","coordinates":[[49.8020396,40.3951277],[49.8018766,40.3962032]]}},{"type":"Feature","properties":{"road_class":"secondary","name":"Abbas Mirzə Şərifzadə küçəsi","highway":"secondary"},"geometry":{"type":"LineString","coordinates":[[49.8018766,40.3962032],[49.8017997,40.3966762]]}},{"type":"Feature","properties":{"road_class":"secondary","name":"Abbas Mirzə Şərifzadə küçəsi","highway":"secondary"},"geometry":{"type":"LineString","coordinates":[[49.8017997,40.3966762],[49.8017606,40.3968828]]}},{"type":"Feature","properties":{"road_class":"secondary","name":"Abbas Mirzə Şərifzadə küçəsi","highway":"secondary"},"geometry":{"type":"LineString","coordinates":[[49.8017606,40.3968828],[49.8016112,40.3999111]]}},{"type":"Feature","properties":{"road_class":"secondary","name":"Abbas Mirzə Şərifzadə küçəsi","highway":"secondary"},"geometry":{"type":"LineString","coordinates":[[49.8016112,40.3999111],[49.8023996,40.4023714]]}},{"type":"Feature","properties":{"road_class":"secondary","name":"Abbas Mirzə Şərifzadə küçəsi","highway":"secondary"},"geometry":{"type":"LineString","coordinates":[[49.8023996,40.4023714],[49.8029084,40.4036595]]}},{"type":"Feature","properties":{"road_class":"secondary","name":"Abbas Mirzə Şərifzadə küçəsi","highway":"secondary"},"geometry":{"type":"LineString","coordinates":[[49.8029084,40.4036595],[49.803483,40.4049684]]}},{"type":"Feature","properties":{"road_class":"secondary","name":"Abbas Mirzə Şərifzadə küçəsi","highway":"secondary"},"geometry":{"type":"LineString","coordinates":[[49.8103312,40.3685656],[49.8102308,40.3685638]]}},{"type":"Feature","properties":{"road_class":"secondary","name":"Abbas Mirzə Şərifzadə küçəsi","highway":"secondary"},"geometry":{"type":"LineString","coordinates":[[49.8052107,40.3742048],[49.8051412,40.3746952]]}},{"type":"Feature","properties":{"road_class":"secondary","name":"Abbas Mirzə Şərifzadə küçəsi","highway":"secondary"},"geometry":{"type":"LineString","coordinates":[[49.8050347,40.3744688],[49.8053538,40.3739055]]}},{"type":"Feature","properties":{"road_class":"secondary","name":"Abbas Mirzə Şərifzadə küçəsi","highway":"secondary"},"geometry":{"type":"LineString","coordinates":[[49.8053538,40.3739055],[49.8052107,40.3742048]]}},{"type":"Feature","properties":{"road_class":"secondary","name":"Abbas Səhhət küçəsi","highway":"secondary"},"geometry":{"type":"LineString","coordinates":[[46.3460864,40.7169948],[46.3556893,40.715146]]}},{"type":"Feature","properties":{"road_class":"secondary","name":"Abbas Səhhət küçəsi","highway":"secondary"},"geometry":{"type":"LineString","coordinates":[[46.3588213,40.7133391],[46.3556893,40.715146]]}},{"type":"Feature","properties":{"road_class":"secondary","name":"Abbas Səhhət küçəsi","highway":"secondary"},"geometry":{"type":"LineString","coordinates":[[47.8736974,40.5250455],[47.8757615,40.5140312],[47.8845629,40.5089377],[47.9021262,40.5041192],[47.9084346,40.4994604]]}},{"type":"Feature","properties":{"road_class":"secondary","name":"Abdal way","highway":"secondary"},"geometry":{"type":"LineString","coordinates":[[46.9346114,39.8654116],[46.933721,39.8675397],[46.9356534,39.8689367],[46.9358954,39.8719821],[46.9454638,39.8857775],[46.945759,39.8915295],[46.948779,39.8985246],[46.9808703,39.9273145]]}},{"type":"Feature","properties":{"road_class":"secondary","name":"Abışabad yolu","highway":"secondary"},"geometry":{"type":"LineString","coordinates":[[48.4247998,39.2581171],[48.4052653,39.2602469],[48.3941957,39.2570085]]}},{"type":"Feature","properties":{"road_class":"secondary","name":"Abşeron küç.","highway":"secondary"},"geometry":{"type":"LineString","coordinates":[[49.995326,40.5509921],[50.0082523,40.5545809]]}},{"type":"Feature","properties":{"road_class":"secondary","name":"Abşeron küç.","highway":"secondary"},"geometry":{"type":"LineString","coordinates":[[50.0084654,40.5545507],[50.0195995,40.5507698]]}},{"type":"Feature","properties":{"road_class":"secondary","name":"Akademik Həsən Əliyev küçəsi","highway":"secondary"},"geometry":{"type":"LineString","coordinates":[[49.8612774,40.4052423],[49.857033,40.4041624]]}},{"type":"Feature","properties":{"road_class":"secondary","name":"Akademik Həsən Əliyev küçəsi","highway":"secondary"},"geometry":{"type":"LineString","coordinates":[[49.8598018,40.4046772],[49.8615857,40.405096]]}},{"type":"Feature","properties":{"road_class":"secondary","name":"Akademik Həsən Əliyev küçəsi","highway":"secondary"},"geometry":{"type":"LineString","coordinates":[[49.8570655,40.404078],[49.8598018,40.4046772]]}},{"type":"Feature","properties":{"road_class":"secondary","name":"Akademik Şəfaət Mehdiyev küçəsi","highway":"secondary"},"geometry":{"type":"LineString","coordinates":[[49.815845,40.3862879],[49.8158304,40.3863919]]}},{"type":"Feature","properties":{"road_class":"secondary","name":"Akademik Şəfaət Mehdiyev küçəsi","highway":"secondary"},"geometry":{"type":"LineString","coordinates":[[49.8159101,40.3858534],[49.8161928,40.3837934]]}},{"type":"Feature","properties":{"road_class":"secondary","name":"Akademik Şəfaət Mehdiyev küçəsi","highway":"secondary"},"geometry":{"type":"LineString","coordinates":[[49.8159101,40.3858534],[49.8158717,40.3861236]]}},{"type":"Feature","properties":{"road_class":"secondary","name":"Akademik Şəfaət Mehdiyev küçəsi","highway":"secondary"},"geometry":{"type":"LineString","coordinates":[[49.8158264,40.3864225],[49.8157131,40.387172]]}},{"type":"Feature","properties":{"road_class":"secondary","name":"Akademik Şəfaət Mehdiyev küçəsi","highway":"secondary"},"geometry":{"type":"LineString","coordinates":[[49.8157131,40.387172],[49.815658,40.387565]]}},{"type":"Feature","properties":{"road_class":"secondary","name":"Akademik Şəfaət Mehdiyev küçəsi","highway":"secondary"},"geometry":{"type":"LineString","coordinates":[[49.8155946,40.3880092],[49.8155788,40.3881241]]}},{"type":"Feature","properties":{"road_class":"secondary","name":"Akademik Şəfaət Mehdiyev küçəsi","highway":"secondary"},"geometry":{"type":"LineString","coordinates":[[49.8155788,40.3881241],[49.8154596,40.3889645]]}},{"type":"Feature","properties":{"road_class":"secondary","name":"Akademik Şəfaət Mehdiyev küçəsi","highway":"secondary"},"geometry":{"type":"LineString","coordinates":[[49.8154596,40.3889645],[49.8154477,40.3890484]]}},{"type":"Feature","properties":{"road_class":"secondary","name":"Akademik Şəfaət Mehdiyev küçəsi","highway":"secondary"},"geometry":{"type":"LineString","coordinates":[[49.8154477,40.3890484],[49.8152709,40.3903344]]}},{"type":"Feature","properties":{"road_class":"secondary","name":"Akademik Şəfaət Mehdiyev küçəsi","highway":"secondary"},"geometry":{"type":"LineString","coordinates":[[49.8152565,40.3904395],[49.8151848,40.3911754]]}},{"type":"Feature","properties":{"road_class":"secondary","name":"Akademik Şəfaət Mehdiyev küçəsi","highway":"secondary"},"geometry":{"type":"LineString","coordinates":[[49.8151848,40.3911754],[49.815179,40.3913275]]}},{"type":"Feature","properties":{"road_class":"secondary","name":"Akademik Şəfaət Mehdiyev küçəsi","highway":"secondary"},"geometry":{"type":"LineString","coordinates":[[49.8163368,40.3944518],[49.8166628,40.3948086]]}},{"type":"Feature","properties":{"road_class":"secondary","name":"Akademik Şəfaət Mehdiyev küçəsi","highway":"secondary"},"geometry":{"type":"LineString","coordinates":[[49.8161088,40.394181],[49.8163368,40.3944518]]}},{"type":"Feature","properties":{"road_class":"secondary","name":"Akademik Şəfaət Mehdiyev küçəsi","highway":"secondary"},"geometry":{"type":"LineString","coordinates":[[49.8158919,40.3939002],[49.8161088,40.394181]]}},{"type":"Feature","properties":{"road_class":"secondary","name":"Akademik Şəfaət Mehdiyev küçəsi","highway":"secondary"},"geometry":{"type":"LineString","coordinates":[[49.8155825,40.3933953],[49.8158919,40.3939002]]}},{"type":"Feature","properties":{"road_class":"secondary","name":"Akademik Şəfaət Mehdiyev küçəsi","highway":"secondary"},"geometry":{"type":"LineString","coordinates":[[49.8155149,40.3932685],[49.8155825,40.3933953]]}},{"type":"Feature","properties":{"road_class":"secondary","name":"Akademik Şəfaət Mehdiyev küçəsi","highway":"secondary"},"geometry":{"type":"LineString","coordinates":[[49.8153002,40.3927191],[49.8153415,40.3928496]]}},{"type":"Feature","properties":{"road_class":"secondary","name":"Akademik Şəfaət Mehdiyev küçəsi","highway":"secondary"},"geometry":{"type":"LineString","coordinates":[[49.8153415,40.3928496],[49.8153819,40.3929719]]}},{"type":"Feature","properties":{"road_class":"secondary","name":"Akademik Şəfaət Mehdiyev küçəsi","highway":"secondary"},"geometry":{"type":"LineString","coordinates":[[49.8151774,40.3914787],[49.8153002,40.3927191]]}},{"type":"Feature","properties":{"road_class":"secondary","name":"Akademik Şəfaət Mehdiyev küçəsi","highway":"secondary"},"geometry":{"type":"LineString","coordinates":[[49.8153819,40.3929719],[49.8155149,40.3932685]]}},{"type":"Feature","properties":{"road_class":"secondary","name":"Akademik Şəfaət Mehdiyev küçəsi","highway":"secondary"},"geometry":{"type":"LineString","coordinates":[[49.815658,40.387565],[49.8155946,40.3880092]]}},{"type":"Feature","properties":{"road_class":"secondary","name":"Akademik Şəfaət Mehdiyev küçəsi","highway":"secondary"},"geometry":{"type":"LineString","coordinates":[[49.815179,40.3913275],[49.8151774,40.3914787]]}},{"type":"Feature","properties":{"road_class":"secondary","name":"Akademik Şəfaət Mehdiyev küçəsi","highway":"secondary"},"geometry":{"type":"LineString","coordinates":[[49.8158611,40.3861879],[49.815845,40.3862879]]}},{"type":"Feature","properties":{"road_class":"secondary","name":"Akademik Şəfaət Mehdiyev küçəsi","highway":"secondary"},"geometry":{"type":"LineString","coordinates":[[49.8152709,40.3903344],[49.8152565,40.3904395]]}},{"type":"Feature","properties":{"road_class":"secondary","name":"Akademik Şəfaət Mehdiyev küçəsi","highway":"secondary"},"geometry":{"type":"LineString","coordinates":[[49.8161928,40.3837934],[49.8163015,40.38299]]}},{"type":"Feature","properties":{"road_class":"secondary","name":"Akademik Şəfaət Mehdiyev küçəsi","highway":"secondary"},"geometry":{"type":"LineString","coordinates":[[49.8163222,40.3828323],[49.8164559,40.3818776]]}},{"type":"Feature","properties":{"road_class":"secondary","name":"Akademik Şəfaət Mehdiyev küçəsi","highway":"secondary"},"geometry":{"type":"LineString","coordinates":[[49.8163015,40.38299],[49.8163222,40.3828323]]}},{"type":"Feature","properties":{"road_class":"secondary","name":"Akademik Şəfaət Mehdiyev küçəsi","highway":"secondary"},"geometry":{"type":"LineString","coordinates":[[49.8165467,40.3812126],[49.8166437,40.3806419]]}},{"type":"Feature","properties":{"road_class":"secondary","name":"Akademik Şəfaət Mehdiyev küçəsi","highway":"secondary"},"geometry":{"type":"LineString","coordinates":[[49.8164559,40.3818776],[49.8165467,40.3812126]]}},{"type":"Feature","properties":{"road_class":"secondary","name":"Akademik Şəfaət Mehdiyev küçəsi","highway":"secondary"},"geometry":{"type":"LineString","coordinates":[[49.8158304,40.3863919],[49.8158264,40.3864225]]}},{"type":"Feature","properties":{"road_class":"secondary","name":"Akademik Şəfaət Mehdiyev küçəsi","highway":"secondary"},"geometry":{"type":"LineString","coordinates":[[49.8158717,40.3861236],[49.8158611,40.3861879]]}},{"type":"Feature","properties":{"road_class":"secondary","name":"Akim Abbasov küç.","highway":"secondary"},"geometry":{"type":"LineString","coordinates":[[49.808005,40.3855763],[49.8081329,40.3855864]]}},{"type":"Feature","properties":{"road_class":"secondary","name":"Akim Abbasov küç.","highway":"secondary"},"geometry":{"type":"LineString","coordinates":[[49.8156935,40.3861732],[49.8158611,40.3861879]]}},{"type":"Feature","properties":{"road_class":"secondary","name":"Akim Abbasov küç.","highway":"secondary"},"geometry":{"type":"LineString","coordinates":[[49.815845,40.3862879],[49.8156767,40.3862736]]}},{"type":"Feature","properties":{"road_class":"secondary","name":"Akim Abbasov küçəsi","highway":"secondary"},"geometry":{"type":"LineString","coordinates":[[49.8082335,40.3855922],[49.8105184,40.3857818]]}},{"type":"Feature","properties":{"road_class":"secondary","name":"Akim Abbasov küçəsi","highway":"secondary"},"geometry":{"type":"LineString","coordinates":[[49.8105094,40.3858826],[49.8082237,40.3856897]]}},{"type":"Feature","properties":{"road_class":"secondary","name":"Akim Abbasov küçəsi","highway":"secondary"},"geometry":{"type":"LineString","coordinates":[[49.808119,40.3856802],[49.8079907,40.385671]]}},{"type":"Feature","properties":{"road_class":"secondary","name":"Akim Abbasov küçəsi","highway":"secondary"},"geometry":{"type":"LineString","coordinates":[[49.807893,40.3856623],[49.8035933,40.3853182]]}},{"type":"Feature","properties":{"road_class":"secondary","name":"Akim Abbasov küçəsi","highway":"secondary"},"geometry":{"type":"LineString","coordinates":[[49.8105184,40.3857818],[49.8132617,40.3859836]]}},{"type":"Feature","properties":{"road_class":"secondary","name":"Akim Abbasov küçəsi","highway":"secondary"},"geometry":{"type":"LineString","coordinates":[[49.8156767,40.3862736],[49.8105094,40.3858826]]}},{"type":"Feature","properties":{"road_class":"secondary","name":"Akim Abbasov küçəsi","highway":"secondary"},"geometry":{"type":"LineString","coordinates":[[49.8132617,40.3859836],[49.8156935,40.3861732]]}},{"type":"Feature","properties":{"road_class":"secondary","name":"Akim Abbasov küçəsi","highway":"secondary"},"geometry":{"type":"LineString","coordinates":[[49.8036041,40.3852332],[49.8079052,40.3855689]]}},{"type":"Feature","properties":{"road_class":"secondary","name":"Akim Abbasov küçəsi","highway":"secondary"},"geometry":{"type":"LineString","coordinates":[[49.8081329,40.3855864],[49.8082335,40.3855922]]}},{"type":"Feature","properties":{"road_class":"secondary","name":"Akim Abbasov küçəsi","highway":"secondary"},"geometry":{"type":"LineString","coordinates":[[49.8079052,40.3855689],[49.808005,40.3855763]]}},{"type":"Feature","properties":{"road_class":"secondary","name":"Akim Abbasov küçəsi","highway":"secondary"},"geometry":{"type":"LineString","coordinates":[[49.8082237,40.3856897],[49.808119,40.3856802]]}},{"type":"Feature","properties":{"road_class":"secondary","name":"Akim Abbasov küçəsi","highway":"secondary"},"geometry":{"type":"LineString","coordinates":[[49.8079907,40.385671],[49.807893,40.3856623]]}},{"type":"Feature","properties":{"road_class":"secondary","name":"Albert Aqarunov küçəsi","highway":"secondary"},"geometry":{"type":"LineString","coordinates":[[49.8640185,40.4086663],[49.8615343,40.4054651]]}},{"type":"Feature","properties":{"road_class":"secondary","name":"Albert Aqarunov küçəsi","highway":"secondary"},"geometry":{"type":"LineString","coordinates":[[49.8617062,40.4052245],[49.8640023,40.4081987]]}},{"type":"Feature","properties":{"road_class":"secondary","name":"Albert Aqarunov küçəsi","highway":"secondary"},"geometry":{"type":"LineString","coordinates":[[49.8615343,40.4054651],[49.8613758,40.4053812]]}},{"type":"Feature","properties":{"road_class":"secondary","name":"Albert Aqarunov küçəsi","highway":"secondary"},"geometry":{"type":"LineString","coordinates":[[49.8640023,40.4081987],[49.8643717,40.4084937]]}},{"type":"Feature","properties":{"road_class":"secondary","name":"Almas İldırım \\ Yesenin küç.","highway":"secondary"},"geometry":{"type":"LineString","coordinates":[[50.1700156,40.4866569],[50.1894744,40.4842476],[50.1958486,40.4848936],[50.2044911,40.4883926]]}},{"type":"Feature","properties":{"road_class":"secondary","name":"Almas İldırım küç.","highway":"secondary"},"geometry":{"type":"LineString","coordinates":[[50.2044911,40.4883926],[50.2048502,40.4958722]]}},{"type":"Feature","properties":{"road_class":"secondary","name":"Altiagac yolu","highway":"secondary"},"geometry":{"type":"LineString","coordinates":[[48.9634584,40.8878404],[48.9611533,40.8858771],[48.9554348,40.8869797],[48.9476077,40.8793899],[48.9382297,40.8736181],[48.9342303,40.8674068],[48.9345089,40.8606305]]}},{"type":"Feature","properties":{"road_class":"secondary","name":"Arbatan yolu","highway":"secondary"},"geometry":{"type":"LineString","coordinates":[[48.9605015,39.583573],[48.9657413,39.5861662],[48.972196,39.5922245]]}},{"type":"Feature","properties":{"road_class":"secondary","name":"Arbatan yolu","highway":"secondary"},"geometry":{"type":"LineString","coordinates":[[48.94158,39.5728894],[48.9603849,39.5835368]]}},{"type":"Feature","properties":{"road_class":"secondary","name":"Arif Nəbiyev küçəsi","highway":"secondary"},"geometry":{"type":"LineString","coordinates":[[46.4041815,40.7632971],[46.4252025,40.7568099]]}},{"type":"Feature","properties":{"road_class":"secondary","name":"Ashabu Kəhfz yolu","highway":"secondary"},"geometry":{"type":"LineString","coordinates":[[45.586395,39.2030358],[45.5722643,39.1994417],[45.5583818,39.2004274],[45.5463158,39.1958652],[45.5398885,39.1912579],[45.5018293,39.1789308],[45.4891283,39.1733702],[45.4846094,39.1643225],[45.4800176,39.1608887]]}},{"type":"Feature","properties":{"road_class":"secondary","name":"Asif Fərəliyev","highway":"secondary"},"geometry":{"type":"LineString","coordinates":[[46.2801911,40.7013872],[46.2831757,40.7062485],[46.2820197,40.7215703]]}},{"type":"Feature","properties":{"road_class":"secondary","name":"Asif Məhərrəmov küçəsi","highway":"secondary"},"geometry":{"type":"LineString","coordinates":[[49.8050467,40.4111503],[49.8116069,40.4074775]]}},{"type":"Feature","properties":{"road_class":"secondary","name":"Asif Məhərrəmov küçəsi","highway":"secondary"},"geometry":{"type":"LineString","coordinates":[[49.8116579,40.4075319],[49.8051275,40.4112094]]}},{"type":"Feature","properties":{"road_class":"secondary","name":"Asif Məhərrəmov küçəsi","highway":"secondary"},"geometry":{"type":"LineString","coordinates":[[49.8118307,40.4073363],[49.8132416,40.4059065]]}},{"type":"Feature","properties":{"road_class":"secondary","name":"Asif Məhərrəmov küçəsi","highway":"secondary"},"geometry":{"type":"LineString","coordinates":[[49.8121411,40.4071939],[49.8118904,40.4073921]]}},{"type":"Feature","properties":{"road_class":"secondary","name":"Asif Məhərrəmov küçəsi","highway":"secondary"},"geometry":{"type":"LineString","coordinates":[[49.8116069,40.4074775],[49.8117329,40.407402]]}},{"type":"Feature","properties":{"road_class":"secondary","name":"Asif Məhərrəmov küçəsi","highway":"secondary"},"geometry":{"type":"LineString","coordinates":[[49.8117853,40.407458],[49.8116579,40.4075319]]}},{"type":"Feature","properties":{"road_class":"secondary","name":"Asif Məhərrəmov küçəsi","highway":"secondary"},"geometry":{"type":"LineString","coordinates":[[49.8118904,40.4073921],[49.8117853,40.407458]]}},{"type":"Feature","properties":{"road_class":"secondary","name":"Asif Məhərrəmov küçəsi","highway":"secondary"},"geometry":{"type":"LineString","coordinates":[[49.8117329,40.407402],[49.8118307,40.4073363]]}},{"type":"Feature","properties":{"road_class":"secondary","name":"Asif Qasımov küç.","highway":"secondary"},"geometry":{"type":"LineString","coordinates":[[46.4794975,40.6887679],[46.4792251,40.6914068],[46.4747195,40.6922277],[46.4748791,40.6975855]]}},{"type":"Feature","properties":{"road_class":"secondary","name":"Asif Əsədullayev küç.","highway":"secondary"},"geometry":{"type":"LineString","coordinates":[[49.9423492,40.4406236],[49.9419173,40.4404598]]}},{"type":"Feature","properties":{"road_class":"secondary","name":"Asif Əsədullayev küç.","highway":"secondary"},"geometry":{"type":"LineString","coordinates":[[49.9506498,40.4403532],[49.9426114,40.4407241]]}},{"type":"Feature","properties":{"road_class":"secondary","name":"Asif Əsədullayev küç.","highway":"secondary"},"geometry":{"type":"LineString","coordinates":[[49.9424608,40.4405537],[49.9506417,40.4402935]]}},{"type":"Feature","properties":{"road_class":"secondary","name":"Asif Əsədullayev küç.","highway":"secondary"},"geometry":{"type":"LineString","coordinates":[[49.9419173,40.4404598],[49.9408456,40.4401915]]}},{"type":"Feature","properties":{"road_class":"secondary","name":"Asif Əsədullayev küç.","highway":"secondary"},"geometry":{"type":"LineString","coordinates":[[49.9408456,40.4401915],[49.9402135,40.4400923]]}},{"type":"Feature","properties":{"road_class":"secondary","name":"Asif Əsədullayev küç.","highway":"secondary"},"geometry":{"type":"LineString","coordinates":[[49.9402135,40.4400923],[49.9394031,40.4399643]]}},{"type":"Feature","properties":{"road_class":"secondary","name":"Asif Əsədullayev küç.","highway":"secondary"},"geometry":{"type":"LineString","coordinates":[[49.9394031,40.4399643],[49.9382961,40.4397884]]}},{"type":"Feature","properties":{"road_class":"secondary","name":"Asif Əsədullayev küç.","highway":"secondary"},"geometry":{"type":"LineString","coordinates":[[49.9382961,40.4397884],[49.9379695,40.4397367]]}},{"type":"Feature","properties":{"road_class":"secondary","name":"Asif Əsədullayev küç.","highway":"secondary"},"geometry":{"type":"LineString","coordinates":[[49.9379695,40.4397367],[49.9351849,40.4401475]]}},{"type":"Feature","properties":{"road_class":"secondary","name":"Asif Əsədullayev küç.","highway":"secondary"},"geometry":{"type":"LineString","coordinates":[[49.9351849,40.4401475],[49.9338268,40.4410611]]}},{"type":"Feature","properties":{"road_class":"secondary","name":"Asif Əsədullayev küç.","highway":"secondary"},"geometry":{"type":"LineString","coordinates":[[49.9338268,40.4410611],[49.9337373,40.4414228]]}},{"type":"Feature","properties":{"road_class":"secondary","name":"Aslan Qaraşarov","highway":"secondary"},"geometry":{"type":"LineString","coordinates":[[46.7510077,39.7621461],[46.744101,39.7577348]]}},{"type":"Feature","properties":{"road_class":"secondary","name":"Aslan Qaraşarov","highway":"secondary"},"geometry":{"type":"LineString","coordinates":[[46.7510993,39.7633074],[46.7510077,39.7621461]]}},{"type":"Feature","properties":{"road_class":"secondary","name":"Asəf Zeynallı küç.","highway":"secondary"},"geometry":{"type":"LineString","coordinates":[[49.8022057,40.4369391],[49.8088934,40.4375992]]}},{"type":"Feature","properties":{"road_class":"secondary","name":"Asəf Zeynallı küç.","highway":"secondary"},"geometry":{"type":"LineString","coordinates":[[49.7951832,40.4372311],[49.7905809,40.4381623],[49.7863784,40.4422587]]}},{"type":"Feature","properties":{"road_class":"secondary","name":"Atabəylər","highway":"secondary"},"geometry":{"type":"LineString","coordinates":[[46.4188751,40.7143704],[46.414557,40.7144112],[46.3994038,40.7250076]]}},{"type":"Feature","properties":{"road_class":"secondary","name":"Atabəylər","highway":"secondary"},"geometry":{"type":"LineString","coordinates":[[46.3902356,40.7196398],[46.3820819,40.7131779]]}},{"type":"Feature","properties":{"road_class":"secondary","name":"Atabəylər","highway":"secondary"},"geometry":{"type":"LineString","coordinates":[[46.3908653,40.72002],[46.3910886,40.7201607]]}},{"type":"Feature","properties":{"road_class":"secondary","name":"Atabəylər","highway":"secondary"},"geometry":{"type":"LineString","coordinates":[[46.3988153,40.7249188],[46.3910886,40.7201607]]}},{"type":"Feature","properties":{"road_class":"secondary","name":"Atabəylər","highway":"secondary"},"geometry":{"type":"LineString","coordinates":[[46.3902356,40.7196398],[46.3908653,40.72002]]}},{"type":"Feature","properties":{"road_class":"secondary","name":"Atamoğlan Rzayev küç.","highway":"secondary"},"geometry":{"type":"LineString","coordinates":[[50.0026894,40.4133474],[50.0054182,40.414445],[50.0072046,40.4178099]]}},{"type":"Feature","properties":{"road_class":"secondary","name":"Atatürk","highway":"secondary"},"geometry":{"type":"LineString","coordinates":[[46.3579064,40.6854875],[46.3579303,40.6855327]]}},{"type":"Feature","properties":{"road_class":"secondary","name":"Atatürk prospekti","highway":"secondary"},"geometry":{"type":"LineString","coordinates":[[49.8451871,40.415142],[49.845495,40.4142964]]}},{"type":"Feature","properties":{"road_class":"secondary","name":"Atatürk prospekti","highway":"secondary"},"geometry":{"type":"LineString","coordinates":[[49.8526169,40.4007264],[49.8507139,40.4032712]]}},{"type":"Feature","properties":{"road_class":"secondary","name":"Atatürk prospekti","highway":"secondary"},"geometry":{"type":"LineString","coordinates":[[49.8458586,40.4152927],[49.8460086,40.4173976]]}},{"type":"Feature","properties":{"road_class":"secondary","name":"Atatürk prospekti","highway":"secondary"},"geometry":{"type":"LineString","coordinates":[[49.851191,40.4012456],[49.8507139,40.4032712]]}},{"type":"Feature","properties":{"road_class":"secondary","name":"Atatürk prospekti","highway":"secondary"},"geometry":{"type":"LineString","coordinates":[[49.8500972,40.4018263],[49.8502819,40.4007979]]}},{"type":"Feature","properties":{"road_class":"secondary","name":"Atatürk prospekti","highway":"secondary"},"geometry":{"type":"LineString","coordinates":[[49.8500972,40.4018263],[49.8501271,40.4008487]]}},{"type":"Feature","properties":{"road_class":"secondary","name":"Atatürk prospekti","highway":"secondary"},"geometry":{"type":"LineString","coordinates":[[49.8481349,40.4075375],[49.8484281,40.4067659]]}},{"type":"Feature","properties":{"road_class":"secondary","name":"Atatürk prospekti","highway":"secondary"},"geometry":{"type":"LineString","coordinates":[[49.8507139,40.4032712],[49.8488493,40.407607]]}},{"type":"Feature","properties":{"road_class":"secondary","name":"Atatürk prospekti","highway":"secondary"},"geometry":{"type":"LineString","coordinates":[[49.8480806,40.4095691],[49.8480095,40.409746]]}},{"type":"Feature","properties":{"road_class":"secondary","name":"Atatürk prospekti","highway":"secondary"},"geometry":{"type":"LineString","coordinates":[[46.3550738,40.6740095],[46.3553945,40.6746496]]}},{"type":"Feature","properties":{"road_class":"secondary","name":"Atatürk prospekti","highway":"secondary"},"geometry":{"type":"LineString","coordinates":[[46.3590886,40.6821625],[46.3579064,40.6854875]]}},{"type":"Feature","properties":{"road_class":"secondary","name":"Atatürk prospekti","highway":"secondary"},"geometry":{"type":"LineString","coordinates":[[46.3565875,40.6773237],[46.3590886,40.6821625]]}},{"type":"Feature","properties":{"road_class":"secondary","name":"Atatürk prospekti","highway":"secondary"},"geometry":{"type":"LineString","coordinates":[[46.3588102,40.6871969],[46.3600114,40.6905735]]}},{"type":"Feature","properties":{"road_class":"secondary","name":"Atatürk prospekti","highway":"secondary"},"geometry":{"type":"LineString","coordinates":[[46.3600114,40.6905735],[46.3607707,40.6942285]]}},{"type":"Feature","properties":{"road_class":"secondary","name":"Atatürk prospekti","highway":"secondary"},"geometry":{"type":"LineString","coordinates":[[46.3607707,40.6942285],[46.3614672,40.6978483]]}},{"type":"Feature","properties":{"road_class":"secondary","name":"Atatürk prospekti","highway":"secondary"},"geometry":{"type":"LineString","coordinates":[[46.3614672,40.6978483],[46.3624494,40.7024072]]}},{"type":"Feature","properties":{"road_class":"secondary","name":"Atatürk prospekti","highway":"secondary"},"geometry":{"type":"LineString","coordinates":[[46.3624494,40.7024072],[46.3640887,40.7119271]]}},{"type":"Feature","properties":{"road_class":"secondary","name":"Atatürk prospekti","highway":"secondary"},"geometry":{"type":"LineString","coordinates":[[46.3579303,40.6855327],[46.3588102,40.6871969]]}},{"type":"Feature","properties":{"road_class":"secondary","name":"Atatürk prospekti","highway":"secondary"},"geometry":{"type":"LineString","coordinates":[[46.3640887,40.7119271],[46.3643761,40.7136224]]}},{"type":"Feature","properties":{"road_class":"secondary","name":"Atatürk prospekti","highway":"secondary"},"geometry":{"type":"LineString","coordinates":[[49.8487704,40.407815],[49.8481383,40.4094293]]}},{"type":"Feature","properties":{"road_class":"secondary","name":"Atatürk prospekti","highway":"secondary"},"geometry":{"type":"LineString","coordinates":[[49.8460444,40.4128842],[49.8460948,40.4127591]]}},{"type":"Feature","properties":{"road_class":"secondary","name":"Atatürk prospekti","highway":"secondary"},"geometry":{"type":"LineString","coordinates":[[46.3553945,40.6746496],[46.3565875,40.6773237]]}},{"type":"Feature","properties":{"road_class":"secondary","name":"Atatürk prospekti","highway":"secondary"},"geometry":{"type":"LineString","coordinates":[[49.8450983,40.4155904],[49.8451871,40.415142]]}},{"type":"Feature","properties":{"road_class":"secondary","name":"Atatürk prospekti","highway":"secondary"},"geometry":{"type":"LineString","coordinates":[[49.8448202,40.4171291],[49.8450983,40.4155904]]}},{"type":"Feature","properties":{"road_class":"secondary","name":"Atatürk prospekti","highway":"secondary"},"geometry":{"type":"LineString","coordinates":[[49.8480922,40.4076494],[49.8481349,40.4075375]]}},{"type":"Feature","properties":{"road_class":"secondary","name":"Atatürk prospekti","highway":"secondary"},"geometry":{"type":"LineString","coordinates":[[49.8488493,40.407607],[49.8488156,40.4077023]]}},{"type":"Feature","properties":{"road_class":"secondary","name":"Atatürk prospekti","highway":"secondary"},"geometry":{"type":"LineString","coordinates":[[49.8488156,40.4077023],[49.8487704,40.407815]]}},{"type":"Feature","properties":{"road_class":"secondary","name":"Atatürk prospekti","highway":"secondary"},"geometry":{"type":"LineString","coordinates":[[49.8481383,40.4094293],[49.8480806,40.4095691]]}},{"type":"Feature","properties":{"road_class":"secondary","name":"Atatürk prospekti","highway":"secondary"},"geometry":{"type":"LineString","coordinates":[[49.846161,40.4125948],[49.8468514,40.4108157]]}},{"type":"Feature","properties":{"road_class":"secondary","name":"Atatürk prospekti","highway":"secondary"},"geometry":{"type":"LineString","coordinates":[[49.8468514,40.4108157],[49.8473436,40.4095894]]}},{"type":"Feature","properties":{"road_class":"secondary","name":"Atatürk prospekti","highway":"secondary"},"geometry":{"type":"LineString","coordinates":[[49.8473436,40.4095894],[49.8480922,40.4076494]]}},{"type":"Feature","properties":{"road_class":"secondary","name":"Atatürk prospekti","highway":"secondary"},"geometry":{"type":"LineString","coordinates":[[49.8460948,40.4127591],[49.846161,40.4125948]]}},{"type":"Feature","properties":{"road_class":"secondary","name":"Atatürk prospekti","highway":"secondary"},"geometry":{"type":"LineString","coordinates":[[49.845495,40.4142964],[49.8455187,40.414226]]}},{"type":"Feature","properties":{"road_class":"secondary","name":"Atatürk prospekti","highway":"secondary"},"geometry":{"type":"LineString","coordinates":[[49.8455187,40.414226],[49.8457451,40.4136284]]}},{"type":"Feature","properties":{"road_class":"secondary","name":"Atatürk prospekti","highway":"secondary"},"geometry":{"type":"LineString","coordinates":[[49.8457451,40.4136284],[49.8458164,40.4134406]]}},{"type":"Feature","properties":{"road_class":"secondary","name":"Atatürk prospekti","highway":"secondary"},"geometry":{"type":"LineString","coordinates":[[49.8458164,40.4134406],[49.8460444,40.4128842]]}},{"type":"Feature","properties":{"road_class":"secondary","name":"Atatürk prospekti","highway":"secondary"},"geometry":{"type":"LineString","coordinates":[[49.8480095,40.409746],[49.8475991,40.4107902]]}},{"type":"Feature","properties":{"road_class":"secondary","name":"Atatürk prospekti","highway":"secondary"},"geometry":{"type":"LineString","coordinates":[[49.8475991,40.4107902],[49.847433,40.4112238]]}},{"type":"Feature","properties":{"road_class":"secondary","name":"Atatürk prospekti","highway":"secondary"},"geometry":{"type":"LineString","coordinates":[[49.847433,40.4112238],[49.8467798,40.4128943]]}},{"type":"Feature","properties":{"road_class":"secondary","name":"Atatürk prospekti","highway":"secondary"},"geometry":{"type":"LineString","coordinates":[[49.8467798,40.4128943],[49.8467301,40.4130265]]}},{"type":"Feature","properties":{"road_class":"secondary","name":"Atatürk prospekti","highway":"secondary"},"geometry":{"type":"LineString","coordinates":[[49.8467301,40.4130265],[49.8465155,40.4135668]]}},{"type":"Feature","properties":{"road_class":"secondary","name":"Atatürk prospekti","highway":"secondary"},"geometry":{"type":"LineString","coordinates":[[49.8465155,40.4135668],[49.8463107,40.4140798]]}},{"type":"Feature","properties":{"road_class":"secondary","name":"Atatürk prospekti","highway":"secondary"},"geometry":{"type":"LineString","coordinates":[[49.8463107,40.4140798],[49.8461635,40.4144484]]}},{"type":"Feature","properties":{"road_class":"secondary","name":"Atatürk prospekti","highway":"secondary"},"geometry":{"type":"LineString","coordinates":[[49.8461635,40.4144484],[49.8459848,40.4149667]]}},{"type":"Feature","properties":{"road_class":"secondary","name":"Atatürk prospekti","highway":"secondary"},"geometry":{"type":"LineString","coordinates":[[49.8459848,40.4149667],[49.8458586,40.4152927]]}},{"type":"Feature","properties":{"road_class":"secondary","name":"Atatürk prospekti","highway":"secondary"},"geometry":{"type":"LineString","coordinates":[[49.8500255,40.4020227],[49.8500972,40.4018263]]}},{"type":"Feature","properties":{"road_class":"secondary","name":"Atatürk prospekti","highway":"secondary"},"geometry":{"type":"LineString","coordinates":[[49.8484281,40.4067659],[49.8485595,40.4064286]]}},{"type":"Feature","properties":{"road_class":"secondary","name":"Atatürk prospekti","highway":"secondary"},"geometry":{"type":"LineString","coordinates":[[49.8485595,40.4064286],[49.8488071,40.4057845]]}},{"type":"Feature","properties":{"road_class":"secondary","name":"Atatürk prospekti","highway":"secondary"},"geometry":{"type":"LineString","coordinates":[[49.8488071,40.4057845],[49.8489934,40.4052829]]}},{"type":"Feature","properties":{"road_class":"secondary","name":"Atatürk prospekti","highway":"secondary"},"geometry":{"type":"LineString","coordinates":[[49.8489934,40.4052829],[49.8492253,40.4045345]]}},{"type":"Feature","properties":{"road_class":"secondary","name":"Atatürk prospekti","highway":"secondary"},"geometry":{"type":"LineString","coordinates":[[49.8492253,40.4045345],[49.8493199,40.4041073]]}},{"type":"Feature","properties":{"road_class":"secondary","name":"Atatürk prospekti","highway":"secondary"},"geometry":{"type":"LineString","coordinates":[[49.8493199,40.4041073],[49.8496435,40.4030304]]}},{"type":"Feature","properties":{"road_class":"secondary","name":"Atatürk prospekti","highway":"secondary"},"geometry":{"type":"LineString","coordinates":[[49.8496435,40.4030304],[49.8500255,40.4020227]]}},{"type":"Feature","properties":{"road_class":"secondary","name":"Avdur - Myurishen road","highway":"secondary"},"geometry":{"type":"LineString","coordinates":[[46.9317524,39.848612],[46.9321927,39.8501429],[46.9219773,39.8428546]]}},{"type":"Feature","properties":{"road_class":"secondary","name":"Axund Mirzə Məmmədhüseyn küçəsi","highway":"secondary"},"geometry":{"type":"LineString","coordinates":[[48.8516343,38.7592799],[48.8443299,38.7508032]]}},{"type":"Feature","properties":{"road_class":"secondary","name":"Axund Mirzə Məmmədhüseyn küçəsi","highway":"secondary"},"geometry":{"type":"LineString","coordinates":[[48.8425637,38.7495713],[48.8404523,38.7487027]]}},{"type":"Feature","properties":{"road_class":"secondary","name":"Axund Mirzə Məmmədhüseyn küçəsi","highway":"secondary"},"geometry":{"type":"LineString","coordinates":[[48.8435402,38.7502365],[48.8425637,38.7495713]]}},{"type":"Feature","properties":{"road_class":"secondary","name":"Axund Mirzə Məmmədhüseyn küçəsi","highway":"secondary"},"geometry":{"type":"LineString","coordinates":[[48.8443299,38.7508032],[48.8435402,38.7502365]]}},{"type":"Feature","properties":{"road_class":"secondary","name":"Axund Mirzə Məmmədhüseyn küçəsi","highway":"secondary"},"geometry":{"type":"LineString","coordinates":[[48.8404523,38.7487027],[48.8331026,38.7496778]]}},{"type":"Feature","properties":{"road_class":"secondary","name":"Axund Şeyx Hüseyn küç.","highway":"secondary"},"geometry":{"type":"LineString","coordinates":[[50.0044851,40.5336867],[50.0102601,40.5427488]]}},{"type":"Feature","properties":{"road_class":"secondary","name":"Axund Şeyx Hüseyn küç.","highway":"secondary"},"geometry":{"type":"LineString","coordinates":[[50.0048561,40.531397],[50.0044851,40.5336867]]}},{"type":"Feature","properties":{"road_class":"secondary","name":"Aydın Hacıyev küç.","highway":"secondary"},"geometry":{"type":"LineString","coordinates":[[46.3304346,40.6033085],[46.322208,40.5909882]]}},{"type":"Feature","properties":{"road_class":"secondary","name":"Aydın Hacıyev küç.","highway":"secondary"},"geometry":{"type":"LineString","coordinates":[[46.3223102,40.5909522],[46.3308273,40.6032014]]}},{"type":"Feature","properties":{"road_class":"secondary","name":"Aydın Səlimzadə küç.","highway":"secondary"},"geometry":{"type":"LineString","coordinates":[[47.9041874,40.699562],[47.8931642,40.6967787]]}},{"type":"Feature","properties":{"road_class":"secondary","name":"Ayna Sultanova küçəsi","highway":"secondary"},"geometry":{"type":"LineString","coordinates":[[49.8107262,40.3685771],[49.8165376,40.3690486]]}},{"type":"Feature","properties":{"road_class":"secondary","name":"Ayna Sultanova küçəsi","highway":"secondary"},"geometry":{"type":"LineString","coordinates":[[49.8167438,40.3690658],[49.8166465,40.3690586]]}},{"type":"Feature","properties":{"road_class":"secondary","name":"Ayna Sultanova küçəsi","highway":"secondary"},"geometry":{"type":"LineString","coordinates":[[49.8165376,40.3690486],[49.8166465,40.3690586]]}},{"type":"Feature","properties":{"road_class":"secondary","name":"Azadlıq küç.","highway":"secondary"},"geometry":{"type":"LineString","coordinates":[[45.3544851,41.0894797],[45.3529267,41.0900615]]}},{"type":"Feature","properties":{"road_class":"secondary","name":"Azadlıq küçəsi","highway":"secondary"},"geometry":{"type":"LineString","coordinates":[[47.1119192,39.7865216],[47.1096091,39.7902445]]}},{"type":"Feature","properties":{"road_class":"secondary","name":"Azay Kazımov küç.","highway":"secondary"},"geometry":{"type":"LineString","coordinates":[[46.3198589,40.5917588],[46.3220997,40.5910587]]}},{"type":"Feature","properties":{"road_class":"secondary","name":"Azay Kazımov küç.","highway":"secondary"},"geometry":{"type":"LineString","coordinates":[[46.3246784,40.5672674],[46.3216585,40.5756251],[46.3240933,40.5803482]]}},{"type":"Feature","properties":{"road_class":"secondary","name":"Azay Kazımov küç.","highway":"secondary"},"geometry":{"type":"LineString","coordinates":[[46.322208,40.5909882],[46.3255846,40.5898466]]}},{"type":"Feature","properties":{"road_class":"secondary","name":"Azay Kazımov küç.","highway":"secondary"},"geometry":{"type":"LineString","coordinates":[[46.3255846,40.5898466],[46.3222597,40.5910642]]}},{"type":"Feature","properties":{"road_class":"secondary","name":"Azay Kazımov küç.","highway":"secondary"},"geometry":{"type":"LineString","coordinates":[[46.3240933,40.5803482],[46.3275901,40.5846984],[46.3255846,40.5898466]]}},{"type":"Feature","properties":{"road_class":"secondary","name":"Azər İmaməliyev küç.","highway":"secondary"},"geometry":{"type":"LineString","coordinates":[[50.0995407,40.5219744],[50.1027944,40.524762],[50.1043156,40.5287437]]}},{"type":"Feature","properties":{"road_class":"secondary","name":"Azərbaycan","highway":"secondary"},"geometry":{"type":"LineString","coordinates":[[45.3996855,39.1954715],[45.4043172,39.2010191]]}},{"type":"Feature","properties":{"road_class":"secondary","name":"Azərbaycan","highway":"secondary"},"geometry":{"type":"LineString","coordinates":[[45.4043172,39.2010191],[45.4059121,39.2010218],[45.4065593,39.2035591]]}},{"type":"Feature","properties":{"road_class":"secondary","name":"Azərbaycan","highway":"secondary"},"geometry":{"type":"LineString","coordinates":[[46.3648501,40.7155538],[46.3750186,40.7146818]]}},{"type":"Feature","properties":{"road_class":"secondary","name":"Azərbaycan","highway":"secondary"},"geometry":{"type":"LineString","coordinates":[[46.3750186,40.7146818],[46.3820465,40.7133496]]}},{"type":"Feature","properties":{"road_class":"secondary","name":"Azərbaycan Prospekti","highway":"secondary"},"geometry":{"type":"LineString","coordinates":[[49.671515,40.5964009],[49.6748994,40.5977772]]}},{"type":"Feature","properties":{"road_class":"secondary","name":"Azərbaycan Prospekti","highway":"secondary"},"geometry":{"type":"LineString","coordinates":[[49.6747281,40.598013],[49.6713424,40.596605]]}},{"type":"Feature","properties":{"road_class":"secondary","name":"Azərbaycan Prospekti","highway":"secondary"},"geometry":{"type":"LineString","coordinates":[[49.6651653,40.5938525],[49.6686518,40.5953029]]}},{"type":"Feature","properties":{"road_class":"secondary","name":"Azərbaycan Prospekti","highway":"secondary"},"geometry":{"type":"LineString","coordinates":[[49.6689359,40.5954213],[49.6708727,40.5962359]]}},{"type":"Feature","properties":{"road_class":"secondary","name":"Azərbaycan Prospekti","highway":"secondary"},"geometry":{"type":"LineString","coordinates":[[49.6713539,40.5963623],[49.671515,40.5964009]]}},{"type":"Feature","properties":{"road_class":"secondary","name":"Azərbaycan Prospekti","highway":"secondary"},"geometry":{"type":"LineString","coordinates":[[49.6713424,40.596605],[49.6711704,40.5965244]]}},{"type":"Feature","properties":{"road_class":"secondary","name":"Azərbaycan Prospekti","highway":"secondary"},"geometry":{"type":"LineString","coordinates":[[49.6708727,40.5962359],[49.6709964,40.5962833]]}},{"type":"Feature","properties":{"road_class":"secondary","name":"Azərbaycan Prospekti","highway":"secondary"},"geometry":{"type":"LineString","coordinates":[[49.6688466,40.5953836],[49.6689359,40.5954213]]}},{"type":"Feature","properties":{"road_class":"secondary","name":"Azərbaycan Prospekti","highway":"secondary"},"geometry":{"type":"LineString","coordinates":[[49.6686518,40.5953029],[49.6688466,40.5953836]]}},{"type":"Feature","properties":{"road_class":"secondary","name":"Azərbaycan Qadını küç.","highway":"secondary"},"geometry":{"type":"LineString","coordinates":[[50.0195995,40.5507698],[50.0226268,40.5546736],[50.0442819,40.5661958],[50.0395097,40.5869454]]}},{"type":"Feature","properties":{"road_class":"secondary","name":"Azərbaycan küç.","highway":"secondary"},"geometry":{"type":"LineString","coordinates":[[46.633756,41.6333655],[46.6218346,41.6311521]]}},{"type":"Feature","properties":{"road_class":"secondary","name":"Azərbaycan küç.","highway":"secondary"},"geometry":{"type":"LineString","coordinates":[[47.6644461,40.4953168],[47.6592574,40.502175],[47.6584663,40.506021]]}},{"type":"Feature","properties":{"road_class":"secondary","name":"Azərbaycan küç.","highway":"secondary"},"geometry":{"type":"LineString","coordinates":[[47.6582532,40.5060003],[47.6637021,40.4952805]]}},{"type":"Feature","properties":{"road_class":"secondary","name":"Azərbaycan küç.","highway":"secondary"},"geometry":{"type":"LineString","coordinates":[[46.6463865,41.6346251],[46.6400995,41.6345374]]}},{"type":"Feature","properties":{"road_class":"secondary","name":"Azərbaycan küç.","highway":"secondary"},"geometry":{"type":"LineString","coordinates":[[46.6398871,41.6345283],[46.633756,41.6333655]]}},{"type":"Feature","properties":{"road_class":"secondary","name":"Azərbaycan küçəsi","highway":"secondary"},"geometry":{"type":"LineString","coordinates":[[48.8751131,38.4590933],[48.875019,38.4626347]]}},{"type":"Feature","properties":{"road_class":"secondary","name":"Azərbaycan küçəsi","highway":"secondary"},"geometry":{"type":"LineString","coordinates":[[48.8751876,38.4512035],[48.8751131,38.4590933]]}},{"type":"Feature","properties":{"road_class":"secondary","name":"Azərbaycan əsgəri küçəsi","highway":"secondary"},"geometry":{"type":"LineString","coordinates":[[46.3556893,40.715146],[46.3538353,40.7184747],[46.3565379,40.7205011]]}},{"type":"Feature","properties":{"road_class":"secondary","name":"Ağa Nemətulla küç.","highway":"secondary"},"geometry":{"type":"LineString","coordinates":[[49.8703961,40.4048616],[49.8716524,40.4033277]]}},{"type":"Feature","properties":{"road_class":"secondary","name":"Ağa Nemətulla küç.","highway":"secondary"},"geometry":{"type":"LineString","coordinates":[[49.8716037,40.4035039],[49.8715403,40.403576]]}},{"type":"Feature","properties":{"road_class":"secondary","name":"Ağa Nemətulla küç.","highway":"secondary"},"geometry":{"type":"LineString","coordinates":[[49.8694376,40.4061321],[49.8665241,40.4097671]]}},{"type":"Feature","properties":{"road_class":"secondary","name":"Ağa Nemətulla küç.","highway":"secondary"},"geometry":{"type":"LineString","coordinates":[[49.8696363,40.4058011],[49.8703961,40.4048616]]}},{"type":"Feature","properties":{"road_class":"secondary","name":"Ağa Nemətulla küç.","highway":"secondary"},"geometry":{"type":"LineString","coordinates":[[49.8715403,40.403576],[49.8697353,40.4058454]]}},{"type":"Feature","properties":{"road_class":"secondary","name":"Ağaxan Abdullayev küç.","highway":"secondary"},"geometry":{"type":"LineString","coordinates":[[50.2042668,40.365898],[50.2318095,40.3649634]]}},{"type":"Feature","properties":{"road_class":"secondary","name":"Ağdam-Füzuli-Horadiz","highway":"secondary"},"geometry":{"type":"LineString","coordinates":[[47.1581479,39.5778564],[47.1879784,39.5627359],[47.1956194,39.5536326],[47.1992986,39.5463975],[47.2097876,39.5403423],[47.2160081,39.5339639],[47.229033,39.5107364],[47.2227453,39.4894362],[47.2236608,39.4825842],[47.2213303,39.4723692],[47.2225511,39.4645517],[47.225051,39.4604183],[47.2337566,39.4563004],[47.2372868,39.4521478],[47.2522073,39.4465773]]}},{"type":"Feature","properties":{"road_class":"secondary","name":"Ağdam-Füzuli-Horadiz","highway":"secondary"},"geometry":{"type":"LineString","coordinates":[[47.2522073,39.4465773],[47.2903781,39.4308196]]}},{"type":"Feature","properties":{"road_class":"secondary","name":"Ağdam-Hindarx-Ağcabədi yolu","highway":"secondary"},"geometry":{"type":"LineString","coordinates":[[46.9445039,39.9961914],[46.9484103,39.9961585],[46.9593528,40.0001148]]}},{"type":"Feature","properties":{"road_class":"secondary","name":"Ağdərə-Sugovushan road","highway":"secondary"},"geometry":{"type":"LineString","coordinates":[[46.7598477,40.3053091],[46.761925,40.3104308],[46.759598,40.3165273],[46.7537358,40.3214759],[46.7484875,40.3227527]]}},{"type":"Feature","properties":{"road_class":"secondary","name":"Ağdərə-Suqovuşan yolu","highway":"secondary"},"geometry":{"type":"LineString","coordinates":[[46.7623589,40.2632577],[46.7609804,40.2716078],[46.7578492,40.2748975],[46.7570359,40.278562],[46.7597861,40.2904241],[46.762694,40.295543],[46.7598477,40.3053091]]}},{"type":"Feature","properties":{"road_class":"secondary","name":"Ağdərə-Suqovuşan yolu","highway":"secondary"},"geometry":{"type":"LineString","coordinates":[[46.7668858,40.2550415],[46.7623589,40.2632577]]}},{"type":"Feature","properties":{"road_class":"secondary","name":"Ağdərə-Suqovuşan yolu","highway":"secondary"},"geometry":{"type":"LineString","coordinates":[[46.768386,40.2527724],[46.7664997,40.2496409]]}},{"type":"Feature","properties":{"road_class":"secondary","name":"Ağsu - Çöl Göylər yolu","highway":"secondary"},"geometry":{"type":"LineString","coordinates":[[48.6196011,40.4217597],[48.5759214,40.4709686],[48.5760927,40.4744116],[48.5744566,40.4766519],[48.5578644,40.4878521],[48.5427022,40.5027279],[48.532209,40.507551],[48.4465903,40.5201529],[48.4258005,40.5289688],[48.4068254,40.5543677]]}},{"type":"Feature","properties":{"road_class":"secondary","name":"Aşağı Öysüzlü yolu","highway":"secondary"},"geometry":{"type":"LineString","coordinates":[[45.5862136,40.9757626],[45.6048287,40.9747252],[45.6105545,40.9730731]]}},{"type":"Feature","properties":{"road_class":"secondary","name":"Aşıq Molla Cümə küçəsi","highway":"secondary"},"geometry":{"type":"LineString","coordinates":[[49.8613369,40.4051305],[49.8638145,40.4032819]]}},{"type":"Feature","properties":{"road_class":"secondary","name":"Aşıq Molla Cümə küçəsi","highway":"secondary"},"geometry":{"type":"LineString","coordinates":[[49.8642935,40.403517],[49.8617062,40.4052245]]}},{"type":"Feature","properties":{"road_class":"secondary","name":"Aşıq Ələsgər küç.","highway":"secondary"},"geometry":{"type":"LineString","coordinates":[[49.9480097,40.3785419],[49.9519115,40.3785859]]}},{"type":"Feature","properties":{"road_class":"secondary","name":"Aşıq Ələsgər küç.","highway":"secondary"},"geometry":{"type":"LineString","coordinates":[[49.9533768,40.3790379],[49.9478921,40.3785946]]}},{"type":"Feature","properties":{"road_class":"secondary","name":"Aşıq Ələsgər küç.","highway":"secondary"},"geometry":{"type":"LineString","coordinates":[[49.952829,40.3786166],[49.9535618,40.3785448]]}},{"type":"Feature","properties":{"road_class":"secondary","name":"Aşıq Ələsgər küç.","highway":"secondary"},"geometry":{"type":"LineString","coordinates":[[49.9519115,40.3785859],[49.952829,40.3786166]]}},{"type":"Feature","properties":{"road_class":"secondary","name":"B. Abbasov Küçəsi Qoçüstü Məhəlləsi","highway":"secondary"},"geometry":{"type":"LineString","coordinates":[[45.4061206,39.2146859],[45.4033408,39.2122069]]}},{"type":"Feature","properties":{"road_class":"secondary","name":"Babalı yolu","highway":"secondary"},"geometry":{"type":"LineString","coordinates":[[48.344308,39.2488759],[48.3381074,39.2352907]]}},{"type":"Feature","properties":{"road_class":"secondary","name":"Babaser - Dəmirçi yolu","highway":"secondary"},"geometry":{"type":"LineString","coordinates":[[48.6877265,38.9491906],[48.6964185,38.9403443]]}},{"type":"Feature","properties":{"road_class":"secondary","name":"Babək","highway":"secondary"},"geometry":{"type":"LineString","coordinates":[[48.502161,39.2095224],[48.4996302,39.2192384]]}},{"type":"Feature","properties":{"road_class":"secondary","name":"Babək küç.","highway":"secondary"},"geometry":{"type":"LineString","coordinates":[[49.7786883,40.4500157],[49.7863784,40.4422587]]}},{"type":"Feature","properties":{"road_class":"secondary","name":"Babək prospekti","highway":"secondary"},"geometry":{"type":"LineString","coordinates":[[49.9673943,40.3946993],[49.9665489,40.3952182]]}},{"type":"Feature","properties":{"road_class":"secondary","name":"Babək prospekti","highway":"secondary"},"geometry":{"type":"LineString","coordinates":[[49.9664788,40.3950321],[49.9673943,40.3946993]]}},{"type":"Feature","properties":{"road_class":"secondary","name":"Babək prospekti","highway":"secondary"},"geometry":{"type":"LineString","coordinates":[[49.9665489,40.3952182],[49.9654801,40.3954189]]}},{"type":"Feature","properties":{"road_class":"secondary","name":"Babək prospekti","highway":"secondary"},"geometry":{"type":"LineString","coordinates":[[49.96543,40.3950424],[49.9664788,40.3950321]]}},{"type":"Feature","properties":{"road_class":"secondary","name":"Badamağac 2 yolu","highway":"secondary"},"geometry":{"type":"LineString","coordinates":[[48.3276872,39.0782639],[48.3375175,39.0668952]]}},{"type":"Feature","properties":{"road_class":"secondary","name":"Badamdar şossesi","highway":"secondary"},"geometry":{"type":"LineString","coordinates":[[49.8078931,40.3384966],[49.8079603,40.3385743]]}},{"type":"Feature","properties":{"road_class":"secondary","name":"Badamdar şossesi","highway":"secondary"},"geometry":{"type":"LineString","coordinates":[[49.8081634,40.3369164],[49.8163415,40.3235841],[49.8158205,40.3278849],[49.8180986,40.328302]]}},{"type":"Feature","properties":{"road_class":"secondary","name":"Badamdar şossesi","highway":"secondary"},"geometry":{"type":"LineString","coordinates":[[49.8104663,40.3556931],[49.8106511,40.3549953]]}},{"type":"Feature","properties":{"road_class":"secondary","name":"Badamdar şossesi","highway":"secondary"},"geometry":{"type":"LineString","coordinates":[[49.8103997,40.3437777],[49.8103821,40.3432022]]}},{"type":"Feature","properties":{"road_class":"secondary","name":"Badamdar şossesi","highway":"secondary"},"geometry":{"type":"LineString","coordinates":[[49.8108511,40.3522599],[49.8108357,40.3520125]]}},{"type":"Feature","properties":{"road_class":"secondary","name":"Badamdar şossesi","highway":"secondary"},"geometry":{"type":"LineString","coordinates":[[49.8108357,40.3520125],[49.8107887,40.3514523]]}},{"type":"Feature","properties":{"road_class":"secondary","name":"Badamdar şossesi","highway":"secondary"},"geometry":{"type":"LineString","coordinates":[[49.8107887,40.3514523],[49.8107699,40.351193]]}},{"type":"Feature","properties":{"road_class":"secondary","name":"Badamdar şossesi","highway":"secondary"},"geometry":{"type":"LineString","coordinates":[[49.8107699,40.351193],[49.8107027,40.3501746]]}},{"type":"Feature","properties":{"road_class":"secondary","name":"Badamdar şossesi","highway":"secondary"},"geometry":{"type":"LineString","coordinates":[[49.8107027,40.3501746],[49.8106899,40.3499803]]}},{"type":"Feature","properties":{"road_class":"secondary","name":"Badamdar şossesi","highway":"secondary"},"geometry":{"type":"LineString","coordinates":[[49.8106899,40.3499803],[49.8106637,40.3495829]]}},{"type":"Feature","properties":{"road_class":"secondary","name":"Badamdar şossesi","highway":"secondary"},"geometry":{"type":"LineString","coordinates":[[49.8106637,40.3495829],[49.8106491,40.3493608]]}},{"type":"Feature","properties":{"road_class":"secondary","name":"Badamdar şossesi","highway":"secondary"},"geometry":{"type":"LineString","coordinates":[[49.8106491,40.3493608],[49.8105839,40.3483469]]}},{"type":"Feature","properties":{"road_class":"secondary","name":"Badamdar şossesi","highway":"secondary"},"geometry":{"type":"LineString","coordinates":[[49.8105839,40.3483469],[49.8104676,40.3467332]]}},{"type":"Feature","properties":{"road_class":"secondary","name":"Badamdar şossesi","highway":"secondary"},"geometry":{"type":"LineString","coordinates":[[49.8104676,40.3467332],[49.8104644,40.3466489]]}},{"type":"Feature","properties":{"road_class":"secondary","name":"Badamdar şossesi","highway":"secondary"},"geometry":{"type":"LineString","coordinates":[[49.8104644,40.3466489],[49.8104511,40.3460403]]}},{"type":"Feature","properties":{"road_class":"secondary","name":"Badamdar şossesi","highway":"secondary"},"geometry":{"type":"LineString","coordinates":[[49.8104511,40.3460403],[49.8104183,40.3445388]]}},{"type":"Feature","properties":{"road_class":"secondary","name":"Badamdar şossesi","highway":"secondary"},"geometry":{"type":"LineString","coordinates":[[49.8104183,40.3445388],[49.8103997,40.3437777]]}},{"type":"Feature","properties":{"road_class":"secondary","name":"Badamdar şossesi","highway":"secondary"},"geometry":{"type":"LineString","coordinates":[[49.8106511,40.3549953],[49.8108752,40.3542562]]}},{"type":"Feature","properties":{"road_class":"secondary","name":"Badamdar şossesi","highway":"secondary"},"geometry":{"type":"LineString","coordinates":[[49.8108752,40.3542562],[49.8109147,40.3541302]]}},{"type":"Feature","properties":{"road_class":"secondary","name":"Badamdar şossesi","highway":"secondary"},"geometry":{"type":"LineString","coordinates":[[49.8109147,40.3541302],[49.8108985,40.3534089]]}},{"type":"Feature","properties":{"road_class":"secondary","name":"Badamdar şossesi","highway":"secondary"},"geometry":{"type":"LineString","coordinates":[[49.8108985,40.3534089],[49.8108778,40.3528653]]}},{"type":"Feature","properties":{"road_class":"secondary","name":"Badamdar şossesi","highway":"secondary"},"geometry":{"type":"LineString","coordinates":[[49.8108778,40.3528653],[49.8108715,40.3527195]]}},{"type":"Feature","properties":{"road_class":"secondary","name":"Badamdar şossesi","highway":"secondary"},"geometry":{"type":"LineString","coordinates":[[49.8108715,40.3527195],[49.8108511,40.3522599]]}},{"type":"Feature","properties":{"road_class":"secondary","name":"Badamdar şossesi","highway":"secondary"},"geometry":{"type":"LineString","coordinates":[[49.8103821,40.3432022],[49.8103443,40.3421151]]}},{"type":"Feature","properties":{"road_class":"secondary","name":"Badamdar şossesi","highway":"secondary"},"geometry":{"type":"LineString","coordinates":[[49.8103443,40.3421151],[49.8102879,40.3409095]]}},{"type":"Feature","properties":{"road_class":"secondary","name":"Badamdar şossesi","highway":"secondary"},"geometry":{"type":"LineString","coordinates":[[49.8102879,40.3409095],[49.810236,40.3407952]]}},{"type":"Feature","properties":{"road_class":"secondary","name":"Badamdar şossesi","highway":"secondary"},"geometry":{"type":"LineString","coordinates":[[49.810236,40.3407952],[49.8100101,40.3405634]]}},{"type":"Feature","properties":{"road_class":"secondary","name":"Badamdar şossesi","highway":"secondary"},"geometry":{"type":"LineString","coordinates":[[49.8100101,40.3405634],[49.8093181,40.3399374]]}},{"type":"Feature","properties":{"road_class":"secondary","name":"Badamdar şossesi","highway":"secondary"},"geometry":{"type":"LineString","coordinates":[[49.8093181,40.3399374],[49.8088648,40.3395243]]}},{"type":"Feature","properties":{"road_class":"secondary","name":"Badamdar şossesi","highway":"secondary"},"geometry":{"type":"LineString","coordinates":[[49.8088648,40.3395243],[49.8085702,40.3392582]]}},{"type":"Feature","properties":{"road_class":"secondary","name":"Badamdar şossesi","highway":"secondary"},"geometry":{"type":"LineString","coordinates":[[49.8085702,40.3392582],[49.8078931,40.3384966]]}},{"type":"Feature","properties":{"road_class":"secondary","name":"Badamdar şossesi","highway":"secondary"},"geometry":{"type":"LineString","coordinates":[[49.8079603,40.3385743],[49.808616,40.3392289]]}},{"type":"Feature","properties":{"road_class":"secondary","name":"Badamdar şossesi","highway":"secondary"},"geometry":{"type":"LineString","coordinates":[[49.808616,40.3392289],[49.8087971,40.33939]]}},{"type":"Feature","properties":{"road_class":"secondary","name":"Badamdar şossesi","highway":"secondary"},"geometry":{"type":"LineString","coordinates":[[49.8087971,40.33939],[49.8089156,40.3394901]]}},{"type":"Feature","properties":{"road_class":"secondary","name":"Badamdar şossesi","highway":"secondary"},"geometry":{"type":"LineString","coordinates":[[49.8089156,40.3394901],[49.8103943,40.3409039]]}},{"type":"Feature","properties":{"road_class":"secondary","name":"Badamdar şossesi","highway":"secondary"},"geometry":{"type":"LineString","coordinates":[[49.8103943,40.3409039],[49.8104669,40.3428859]]}},{"type":"Feature","properties":{"road_class":"secondary","name":"Badamdar şossesi","highway":"secondary"},"geometry":{"type":"LineString","coordinates":[[49.8104669,40.3428859],[49.8104762,40.3432017]]}},{"type":"Feature","properties":{"road_class":"secondary","name":"Badamdar şossesi","highway":"secondary"},"geometry":{"type":"LineString","coordinates":[[49.8104762,40.3432017],[49.8104975,40.3436393]]}},{"type":"Feature","properties":{"road_class":"secondary","name":"Badamdar şossesi","highway":"secondary"},"geometry":{"type":"LineString","coordinates":[[49.8104975,40.3436393],[49.8105014,40.3437752]]}},{"type":"Feature","properties":{"road_class":"secondary","name":"Badamdar şossesi","highway":"secondary"},"geometry":{"type":"LineString","coordinates":[[49.8105014,40.3437752],[49.8105188,40.344352]]}},{"type":"Feature","properties":{"road_class":"secondary","name":"Badamdar şossesi","highway":"secondary"},"geometry":{"type":"LineString","coordinates":[[49.8105188,40.344352],[49.8105567,40.3458941]]}},{"type":"Feature","properties":{"road_class":"secondary","name":"Badamdar şossesi","highway":"secondary"},"geometry":{"type":"LineString","coordinates":[[49.8105567,40.3458941],[49.8105637,40.3466395]]}},{"type":"Feature","properties":{"road_class":"secondary","name":"Badamdar şossesi","highway":"secondary"},"geometry":{"type":"LineString","coordinates":[[49.8105637,40.3466395],[49.810567,40.3467273]]}},{"type":"Feature","properties":{"road_class":"secondary","name":"Badamdar şossesi","highway":"secondary"},"geometry":{"type":"LineString","coordinates":[[49.810567,40.3467273],[49.8106261,40.3475349]]}},{"type":"Feature","properties":{"road_class":"secondary","name":"Badamdar şossesi","highway":"secondary"},"geometry":{"type":"LineString","coordinates":[[49.8106261,40.3475349],[49.8107009,40.3483428]]}},{"type":"Feature","properties":{"road_class":"secondary","name":"Badamdar şossesi","highway":"secondary"},"geometry":{"type":"LineString","coordinates":[[49.8107009,40.3483428],[49.8107115,40.3485587]]}},{"type":"Feature","properties":{"road_class":"secondary","name":"Badamdar şossesi","highway":"secondary"},"geometry":{"type":"LineString","coordinates":[[49.8107115,40.3485587],[49.8108075,40.3501685]]}},{"type":"Feature","properties":{"road_class":"secondary","name":"Badamdar şossesi","highway":"secondary"},"geometry":{"type":"LineString","coordinates":[[49.8108075,40.3501685],[49.8108775,40.351226]]}},{"type":"Feature","properties":{"road_class":"secondary","name":"Badamdar şossesi","highway":"secondary"},"geometry":{"type":"LineString","coordinates":[[49.8108775,40.351226],[49.8108926,40.3514541]]}},{"type":"Feature","properties":{"road_class":"secondary","name":"Badamdar şossesi","highway":"secondary"},"geometry":{"type":"LineString","coordinates":[[49.8108926,40.3514541],[49.8109537,40.3522568]]}},{"type":"Feature","properties":{"road_class":"secondary","name":"Badamdar şossesi","highway":"secondary"},"geometry":{"type":"LineString","coordinates":[[49.8109537,40.3522568],[49.8109715,40.3526095]]}},{"type":"Feature","properties":{"road_class":"secondary","name":"Badamdar şossesi","highway":"secondary"},"geometry":{"type":"LineString","coordinates":[[49.8109715,40.3526095],[49.8109748,40.3526764]]}},{"type":"Feature","properties":{"road_class":"secondary","name":"Badamdar şossesi","highway":"secondary"},"geometry":{"type":"LineString","coordinates":[[49.8109748,40.3526764],[49.8110132,40.3534089]]}},{"type":"Feature","properties":{"road_class":"secondary","name":"Badamdar şossesi","highway":"secondary"},"geometry":{"type":"LineString","coordinates":[[49.8110132,40.3534089],[49.8110281,40.3541493]]}},{"type":"Feature","properties":{"road_class":"secondary","name":"Badamdar şossesi","highway":"secondary"},"geometry":{"type":"LineString","coordinates":[[49.8110281,40.3541493],[49.8105339,40.3558281]]}},{"type":"Feature","properties":{"road_class":"secondary","name":"Badamdar şossesi","highway":"secondary"},"geometry":{"type":"LineString","coordinates":[[49.8078931,40.3384966],[49.8081634,40.3369164]]}},{"type":"Feature","properties":{"road_class":"secondary","name":"Baksol küç.","highway":"secondary"},"geometry":{"type":"LineString","coordinates":[[49.8757608,40.424444],[49.8706944,40.4308985],[49.8657941,40.4330076]]}},{"type":"Feature","properties":{"road_class":"secondary","name":"Baksol yolu","highway":"secondary"},"geometry":{"type":"LineString","coordinates":[[49.845192,40.4403426],[49.8460664,40.4403405]]}},{"type":"Feature","properties":{"road_class":"secondary","name":"Baksol yolu / Dərnəgül 1","highway":"secondary"},"geometry":{"type":"LineString","coordinates":[[49.8657941,40.4330076],[49.862503,40.4387145],[49.8487949,40.4400591]]}},{"type":"Feature","properties":{"road_class":"secondary","name":"Bakı Dairəvi yoluna çıxış","highway":"secondary"},"geometry":{"type":"LineString","coordinates":[[49.796712,40.4113218],[49.7949796,40.4082517]]}},{"type":"Feature","properties":{"road_class":"secondary","name":"Bakı küç.","highway":"secondary"},"geometry":{"type":"LineString","coordinates":[[45.3529267,41.0900615],[45.3520096,41.09066]]}},{"type":"Feature","properties":{"road_class":"secondary","name":"Bakı küç.","highway":"secondary"},"geometry":{"type":"LineString","coordinates":[[45.3518978,41.0906539],[45.3473938,41.088654]]}},{"type":"Feature","properties":{"road_class":"secondary","name":"Bakı prospekti","highway":"secondary"},"geometry":{"type":"LineString","coordinates":[[48.1230628,40.3458285],[48.1516736,40.3359722]]}},{"type":"Feature","properties":{"road_class":"secondary","name":"Bakı prospekti","highway":"secondary"},"geometry":{"type":"LineString","coordinates":[[48.1932743,40.323633],[48.1529222,40.3356099]]}},{"type":"Feature","properties":{"road_class":"secondary","name":"Balaxanı yolu","highway":"secondary"},"geometry":{"type":"LineString","coordinates":[[49.9397021,40.4620642],[49.9295653,40.4625972]]}},{"type":"Feature","properties":{"road_class":"secondary","name":"Band","highway":"secondary"},"geometry":{"type":"LineString","coordinates":[[48.3420655,39.9481707],[48.3423151,39.9523246],[48.3600166,39.9652106],[48.3602072,39.9668223],[48.371867,39.9721315],[48.3744033,39.9809993],[48.3810248,39.9879676],[48.3938432,39.991858],[48.3990267,39.9898427],[48.4048167,39.9917644],[48.4139699,39.9909415]]}},{"type":"Feature","properties":{"road_class":"secondary","name":"Bankə yolu","highway":"secondary"},"geometry":{"type":"LineString","coordinates":[[49.2307612,39.4095464],[49.2302684,39.4093497]]}},{"type":"Feature","properties":{"road_class":"secondary","name":"Bankə yolu","highway":"secondary"},"geometry":{"type":"LineString","coordinates":[[49.2304924,39.4092569],[49.2307612,39.4095464]]}},{"type":"Feature","properties":{"road_class":"secondary","name":"Bankə yolu","highway":"secondary"},"geometry":{"type":"LineString","coordinates":[[49.2307612,39.4095464],[49.2400154,39.4128145]]}},{"type":"Feature","properties":{"road_class":"secondary","name":"Baxışlı-Altiagac yolu","highway":"secondary"},"geometry":{"type":"LineString","coordinates":[[49.0121235,40.9152353],[49.0062596,40.9118916],[48.9948662,40.9118485],[48.9822849,40.9064854],[48.9807311,40.9018114],[48.9714264,40.8956764],[48.9658919,40.8885378],[48.9634584,40.8878404]]}},{"type":"Feature","properties":{"road_class":"secondary","name":"Bayram İbrahimov küç.","highway":"secondary"},"geometry":{"type":"LineString","coordinates":[[48.9367192,40.0396038],[48.9371999,40.0437482]]}},{"type":"Feature","properties":{"road_class":"secondary","name":"Bağman kənd yolu","highway":"secondary"},"geometry":{"type":"LineString","coordinates":[[47.7930219,40.3748558],[47.8000155,40.3908254],[47.7998388,40.3949812],[47.803772,40.40008],[47.8137567,40.3994576]]}},{"type":"Feature","properties":{"road_class":"secondary","name":"Bedalan Yolu","highway":"secondary"},"geometry":{"type":"LineString","coordinates":[[48.6724001,38.9590607],[48.6807716,38.952406],[48.6877265,38.9491906]]}},{"type":"Feature","properties":{"road_class":"secondary","name":"Biləcəri enişi","highway":"secondary"},"geometry":{"type":"LineString","coordinates":[[49.8030176,40.4186702],[49.8026887,40.4193295]]}},{"type":"Feature","properties":{"road_class":"secondary","name":"Biləcəri enişi","highway":"secondary"},"geometry":{"type":"LineString","coordinates":[[49.8026887,40.4193295],[49.8022315,40.419651]]}},{"type":"Feature","properties":{"road_class":"secondary","name":"Biləsuvar yolu","highway":"secondary"},"geometry":{"type":"LineString","coordinates":[[48.5500276,39.4511893],[48.5649833,39.4453845]]}},{"type":"Feature","properties":{"road_class":"secondary","name":"Biləsuvar-Beylaqan yolu","highway":"secondary"},"geometry":{"type":"LineString","coordinates":[[48.5408513,39.4679539],[48.5403719,39.4724486]]}},{"type":"Feature","properties":{"road_class":"secondary","name":"Bineyi Qazi küç.","highway":"secondary"},"geometry":{"type":"LineString","coordinates":[[49.8338857,40.47212],[49.8277957,40.46697]]}},{"type":"Feature","properties":{"road_class":"secondary","name":"Bineyi Qazi küç.","highway":"secondary"},"geometry":{"type":"LineString","coordinates":[[49.8277957,40.46697],[49.827708,40.466816]]}},{"type":"Feature","properties":{"road_class":"secondary","name":"Binə - Qala yolu","highway":"secondary"},"geometry":{"type":"LineString","coordinates":[[50.1252915,40.4595819],[50.1181861,40.4539341],[50.1069287,40.4546706]]}},{"type":"Feature","properties":{"road_class":"secondary","name":"Binəqədi Dairəvi yol","highway":"secondary"},"geometry":{"type":"LineString","coordinates":[[49.8557034,40.4803459],[49.8559901,40.4775079],[49.8505832,40.4746289],[49.8521696,40.4692143],[49.8419946,40.4628497]]}},{"type":"Feature","properties":{"road_class":"secondary","name":"Binəqədi şossesi","highway":"secondary"},"geometry":{"type":"LineString","coordinates":[[49.8091714,40.4645676],[49.8272736,40.4666614]]}},{"type":"Feature","properties":{"road_class":"secondary","name":"Binəqədi şossesi","highway":"secondary"},"geometry":{"type":"LineString","coordinates":[[49.8272736,40.4666614],[49.8275672,40.466715]]}},{"type":"Feature","properties":{"road_class":"secondary","name":"Boradigah yolu","highway":"secondary"},"geometry":{"type":"LineString","coordinates":[[48.7654379,38.9333238],[48.7620528,38.9285644],[48.7539253,38.9246797],[48.7371002,38.9276541],[48.7242886,38.9324436],[48.7127863,38.9290021],[48.7051909,38.9300034]]}},{"type":"Feature","properties":{"road_class":"secondary","name":"Boradigah yolu","highway":"secondary"},"geometry":{"type":"LineString","coordinates":[[48.7064717,38.9279909],[48.707427,38.9293645]]}},{"type":"Feature","properties":{"road_class":"secondary","name":"Boradigah yolu","highway":"secondary"},"geometry":{"type":"LineString","coordinates":[[48.7008912,38.933928],[48.7064717,38.9279909],[48.7063189,38.9214662]]}},{"type":"Feature","properties":{"road_class":"secondary","name":"Boradigah yolu","highway":"secondary"},"geometry":{"type":"LineString","coordinates":[[48.7672545,38.9399264],[48.7657074,38.9340144]]}},{"type":"Feature","properties":{"road_class":"secondary","name":"Boyat yolu","highway":"secondary"},"geometry":{"type":"LineString","coordinates":[[47.718936,40.4128157],[47.7249216,40.40764],[47.752986,40.392861]]}},{"type":"Feature","properties":{"road_class":"secondary","name":"Boyat yolu","highway":"secondary"},"geometry":{"type":"LineString","coordinates":[[47.752986,40.392861],[47.7601456,40.390594]]}},{"type":"Feature","properties":{"road_class":"secondary","name":"Boyxanlı yolu","highway":"secondary"},"geometry":{"type":"LineString","coordinates":[[48.2641378,39.2719024],[48.2574219,39.2636118],[48.2456278,39.2552374],[48.241789,39.2543768],[48.2390898,39.2501023],[48.2405011,39.2478028]]}},{"type":"Feature","properties":{"road_class":"secondary","name":"Boyxanlı yolu","highway":"secondary"},"geometry":{"type":"LineString","coordinates":[[48.2405011,39.2478028],[48.2480937,39.2423484]]}},{"type":"Feature","properties":{"road_class":"secondary","name":"Broken Bridge","highway":"secondary"},"geometry":{"type":"LineString","coordinates":[[45.9599843,39.9876169],[45.9598619,39.9872597]]}},{"type":"Feature","properties":{"road_class":"secondary","name":"Buravar yolu","highway":"secondary"},"geometry":{"type":"LineString","coordinates":[[48.3375175,39.0668952],[48.3416062,39.0612669],[48.3517908,39.0530617]]}},{"type":"Feature","properties":{"road_class":"secondary","name":"Böyük Xocavar və Banbaşı yolu","highway":"secondary"},"geometry":{"type":"LineString","coordinates":[[48.6275216,39.0542044],[48.6295375,39.051629],[48.631325,39.0427615],[48.637569,39.0400968],[48.6451142,39.0391709]]}},{"type":"Feature","properties":{"road_class":"secondary","name":"Bülbül prospekti","highway":"secondary"},"geometry":{"type":"LineString","coordinates":[[49.841246,40.3812126],[49.8422162,40.3784403]]}},{"type":"Feature","properties":{"road_class":"secondary","name":"Bədirli yolu","highway":"secondary"},"geometry":{"type":"LineString","coordinates":[[48.4382412,39.2948955],[48.4159211,39.3019798],[48.3993105,39.3116294]]}},{"type":"Feature","properties":{"road_class":"secondary","name":"Bəhrəmtəpə şosesi","highway":"secondary"},"geometry":{"type":"LineString","coordinates":[[48.0361074,39.8420637],[48.028209,39.8267119],[48.0168952,39.8138222],[47.9898423,39.7942748],[47.9766995,39.788207],[47.9696399,39.7819246],[47.9665661,39.7756441],[47.955966,39.7643291]]}},{"type":"Feature","properties":{"road_class":"secondary","name":"Bərcan yolu","highway":"secondary"},"geometry":{"type":"LineString","coordinates":[[48.3896306,39.0132261],[48.3922917,39.0133628],[48.3981955,39.0187074]]}},{"type":"Feature","properties":{"road_class":"secondary","name":"Bərcan yolu","highway":"secondary"},"geometry":{"type":"LineString","coordinates":[[48.3787815,39.0162157],[48.3730651,39.0170058]]}},{"type":"Feature","properties":{"road_class":"secondary","name":"Bərdə-İstisu","highway":"secondary"},"geometry":{"type":"LineString","coordinates":[[46.0628209,40.1283272],[46.0608631,40.1250113],[46.0602622,40.1177565],[46.0578311,40.1146015],[46.052085,40.1124878],[46.0359559,40.0988323]]}},{"type":"Feature","properties":{"road_class":"secondary","name":"Bərdə-İstisu","highway":"secondary"},"geometry":{"type":"LineString","coordinates":[[45.9908414,40.0229547],[45.9909691,40.0196763],[45.9810122,40.0086007],[45.9645805,39.9993717]]}},{"type":"Feature","properties":{"road_class":"secondary","name":"Bərdə-İstisu","highway":"secondary"},"geometry":{"type":"LineString","coordinates":[[45.9909142,40.023345],[46.0000979,40.0337354],[46.0161091,40.0422181],[46.0181145,40.046666],[46.0177772,40.0552038],[46.0219554,40.0632231],[46.0215621,40.0709963],[46.0294026,40.0876634],[46.0283842,40.0920974],[46.0359559,40.0988323]]}},{"type":"Feature","properties":{"road_class":"secondary","name":"Bərdə-İstisu","highway":"secondary"},"geometry":{"type":"LineString","coordinates":[[46.0625477,40.1287621],[46.0628209,40.1283272]]}},{"type":"Feature","properties":{"road_class":"secondary","name":"Bərdə-İstisu","highway":"secondary"},"geometry":{"type":"LineString","coordinates":[[46.0628209,40.1283272],[46.0629533,40.1288206]]}},{"type":"Feature","properties":{"road_class":"secondary","name":"Bərgüşad - Qazyan yolu","highway":"secondary"},"geometry":{"type":"LineString","coordinates":[[47.8137567,40.3994576],[47.8205502,40.3998695],[47.8325555,40.3902649],[47.8463781,40.3882553],[47.8613797,40.3895404],[47.867479,40.3939963],[47.8697984,40.4012513],[47.8909275,40.3970985],[47.9009814,40.401823],[47.9247826,40.4328971]]}},{"type":"Feature","properties":{"road_class":"secondary","name":"Bəxtiyar Vahabzadə küç.","highway":"secondary"},"geometry":{"type":"LineString","coordinates":[[47.4618058,41.0686436],[47.4638502,41.0679942]]}},{"type":"Feature","properties":{"road_class":"secondary","name":"Bəxtiyar Əliyev","highway":"secondary"},"geometry":{"type":"LineString","coordinates":[[46.3588869,40.6638508],[46.3574804,40.6646115]]}},{"type":"Feature","properties":{"road_class":"secondary","name":"Bəxtiyar Ələkbərov küç.","highway":"secondary"},"geometry":{"type":"LineString","coordinates":[[46.594302,40.6982354],[46.6155347,40.7000796]]}},{"type":"Feature","properties":{"road_class":"secondary","name":"Cabir Novruz küç.","highway":"secondary"},"geometry":{"type":"LineString","coordinates":[[49.5570713,40.6214623],[49.562263,40.6256034]]}},{"type":"Feature","properties":{"road_class":"secondary","name":"Cabir Novruz küç.","highway":"secondary"},"geometry":{"type":"LineString","coordinates":[[49.5539269,40.6197672],[49.5566661,40.6212498]]}},{"type":"Feature","properties":{"road_class":"secondary","name":"Cafar Cabbarli str.","highway":"secondary"},"geometry":{"type":"LineString","coordinates":[[47.0457216,40.3045203],[47.0496537,40.3047575],[47.0580527,40.2996727],[47.0603573,40.2957624],[47.0657918,40.293493]]}},{"type":"Feature","properties":{"road_class":"secondary","name":"Cavad Xan","highway":"secondary"},"geometry":{"type":"LineString","coordinates":[[48.4781546,39.2133373],[48.5196437,39.2250829]]}},{"type":"Feature","properties":{"road_class":"secondary","name":"Cavanşir küç.","highway":"secondary"},"geometry":{"type":"LineString","coordinates":[[47.4578025,41.0559774],[47.4618058,41.0686436]]}},{"type":"Feature","properties":{"road_class":"secondary","name":"Cavanşır küç.","highway":"secondary"},"geometry":{"type":"LineString","coordinates":[[48.1435947,40.7833604],[48.1466657,40.7874445],[48.1528134,40.7909617]]}},{"type":"Feature","properties":{"road_class":"secondary","name":"Ceyhun Hacıbəyli küçəsi","highway":"secondary"},"geometry":{"type":"LineString","coordinates":[[49.8493405,40.3835533],[49.8490564,40.3841574]]}},{"type":"Feature","properties":{"road_class":"secondary","name":"Ceyhun Hacıbəyli küçəsi","highway":"secondary"},"geometry":{"type":"LineString","coordinates":[[49.8488813,40.3845337],[49.8487329,40.3848712]]}},{"type":"Feature","properties":{"road_class":"secondary","name":"Ceyhun Hacıbəyli küçəsi","highway":"secondary"},"geometry":{"type":"LineString","coordinates":[[49.8467277,40.3892461],[49.8466574,40.3894133]]}},{"type":"Feature","properties":{"road_class":"secondary","name":"Ceyhun Hacıbəyli küçəsi","highway":"secondary"},"geometry":{"type":"LineString","coordinates":[[49.8466574,40.3894133],[49.84592,40.3911001]]}},{"type":"Feature","properties":{"road_class":"secondary","name":"Ceyhun Hacıbəyli küçəsi","highway":"secondary"},"geometry":{"type":"LineString","coordinates":[[49.8487329,40.3848712],[49.8467277,40.3892461]]}},{"type":"Feature","properties":{"road_class":"secondary","name":"Ceyhun Hacıbəyli küçəsi","highway":"secondary"},"geometry":{"type":"LineString","coordinates":[[49.8490303,40.3842135],[49.8488813,40.3845337]]}},{"type":"Feature","properties":{"road_class":"secondary","name":"Ceyhun Hacıbəyli küçəsi","highway":"secondary"},"geometry":{"type":"LineString","coordinates":[[49.8490564,40.3841574],[49.8490303,40.3842135]]}},{"type":"Feature","properties":{"road_class":"secondary","name":"Ceyhun Hacıbəyli küçəsi","highway":"secondary"},"geometry":{"type":"LineString","coordinates":[[49.8494983,40.3832334],[49.8493405,40.3835533]]}},{"type":"Feature","properties":{"road_class":"secondary","name":"Ceyhun Həsənov küçəsi","highway":"secondary"},"geometry":{"type":"LineString","coordinates":[[49.9505705,40.3623497],[49.9472506,40.3610055]]}},{"type":"Feature","properties":{"road_class":"secondary","name":"Ceyhun Həsənov küçəsi","highway":"secondary"},"geometry":{"type":"LineString","coordinates":[[49.9574976,40.3602157],[49.9573489,40.360402]]}},{"type":"Feature","properties":{"road_class":"secondary","name":"Ceyhun Həsənov küçəsi","highway":"secondary"},"geometry":{"type":"LineString","coordinates":[[49.9573489,40.360402],[49.9571797,40.3605457]]}},{"type":"Feature","properties":{"road_class":"secondary","name":"Ceyhun Həsənov küçəsi","highway":"secondary"},"geometry":{"type":"LineString","coordinates":[[49.9571797,40.3605457],[49.9569481,40.3607304]]}},{"type":"Feature","properties":{"road_class":"secondary","name":"Ceyhun Həsənov küçəsi","highway":"secondary"},"geometry":{"type":"LineString","coordinates":[[49.9569481,40.3607304],[49.9563724,40.361197]]}},{"type":"Feature","properties":{"road_class":"secondary","name":"Ceyhun Həsənov küçəsi","highway":"secondary"},"geometry":{"type":"LineString","coordinates":[[49.9563724,40.361197],[49.9560574,40.3614544]]}},{"type":"Feature","properties":{"road_class":"secondary","name":"Ceyhun Həsənov küçəsi","highway":"secondary"},"geometry":{"type":"LineString","coordinates":[[49.9560574,40.3614544],[49.9559348,40.3615561]]}},{"type":"Feature","properties":{"road_class":"secondary","name":"Ceyhun Həsənov küçəsi","highway":"secondary"},"geometry":{"type":"LineString","coordinates":[[49.9559348,40.3615561],[49.9555054,40.3618905]]}},{"type":"Feature","properties":{"road_class":"secondary","name":"Ceyhun Həsənov küçəsi","highway":"secondary"},"geometry":{"type":"LineString","coordinates":[[49.9555054,40.3618905],[49.9553198,40.3620301]]}},{"type":"Feature","properties":{"road_class":"secondary","name":"Ceyhun Həsənov küçəsi","highway":"secondary"},"geometry":{"type":"LineString","coordinates":[[49.9553198,40.3620301],[49.9552295,40.3620978]]}},{"type":"Feature","properties":{"road_class":"secondary","name":"Ceyhun Həsənov küçəsi","highway":"secondary"},"geometry":{"type":"LineString","coordinates":[[49.9552295,40.3620978],[49.9551556,40.3621452]]}},{"type":"Feature","properties":{"road_class":"secondary","name":"Ceyhun Həsənov küçəsi","highway":"secondary"},"geometry":{"type":"LineString","coordinates":[[49.9551556,40.3621452],[49.9549764,40.36225]]}},{"type":"Feature","properties":{"road_class":"secondary","name":"Ceyhun Həsənov küçəsi","highway":"secondary"},"geometry":{"type":"LineString","coordinates":[[49.9549764,40.36225],[49.9542083,40.3625438]]}},{"type":"Feature","properties":{"road_class":"secondary","name":"Ceyhun Həsənov küçəsi","highway":"secondary"},"geometry":{"type":"LineString","coordinates":[[49.9542083,40.3625438],[49.9537956,40.3626195]]}},{"type":"Feature","properties":{"road_class":"secondary","name":"Ceyhun Həsənov küçəsi","highway":"secondary"},"geometry":{"type":"LineString","coordinates":[[49.9537956,40.3626195],[49.9527686,40.3626652]]}},{"type":"Feature","properties":{"road_class":"secondary","name":"Ceyhun Həsənov küçəsi","highway":"secondary"},"geometry":{"type":"LineString","coordinates":[[49.9527686,40.3626652],[49.9509932,40.3626264]]}},{"type":"Feature","properties":{"road_class":"secondary","name":"Ceyhun Həsənov küçəsi","highway":"secondary"},"geometry":{"type":"LineString","coordinates":[[49.9509932,40.3626264],[49.9506573,40.3624065]]}},{"type":"Feature","properties":{"road_class":"secondary","name":"Ceyhun Həsənov küçəsi","highway":"secondary"},"geometry":{"type":"LineString","coordinates":[[49.9506573,40.3624065],[49.9505705,40.3623497]]}},{"type":"Feature","properties":{"road_class":"secondary","name":"Ceyhun Mustafayev küç.","highway":"secondary"},"geometry":{"type":"LineString","coordinates":[[47.1465167,40.6092076],[47.162533,40.5983758]]}},{"type":"Feature","properties":{"road_class":"secondary","name":"Ceyhun Səlimov küçəsi","highway":"secondary"},"geometry":{"type":"LineString","coordinates":[[49.8130408,40.4056509],[49.8163962,40.4042754]]}},{"type":"Feature","properties":{"road_class":"secondary","name":"Ceyhun Səlimov küçəsi","highway":"secondary"},"geometry":{"type":"LineString","coordinates":[[49.8192556,40.4027007],[49.8195955,40.4025059]]}},{"type":"Feature","properties":{"road_class":"secondary","name":"Ceyhun Səlimov küçəsi","highway":"secondary"},"geometry":{"type":"LineString","coordinates":[[49.8245902,40.3998641],[49.8196787,40.4025918]]}},{"type":"Feature","properties":{"road_class":"secondary","name":"Ceyhun Səlimov küçəsi","highway":"secondary"},"geometry":{"type":"LineString","coordinates":[[49.8193321,40.4027835],[49.8140163,40.4058421]]}},{"type":"Feature","properties":{"road_class":"secondary","name":"Ceyhun Səlimov küçəsi","highway":"secondary"},"geometry":{"type":"LineString","coordinates":[[49.8195955,40.4025059],[49.8245898,40.3997446]]}},{"type":"Feature","properties":{"road_class":"secondary","name":"Ceyhun Səlimov küçəsi","highway":"secondary"},"geometry":{"type":"LineString","coordinates":[[49.8196787,40.4025918],[49.8193321,40.4027835]]}},{"type":"Feature","properties":{"road_class":"secondary","name":"Ceyhun Səlimov küçəsi","highway":"secondary"},"geometry":{"type":"LineString","coordinates":[[49.8163962,40.4042754],[49.8172149,40.403817]]}},{"type":"Feature","properties":{"road_class":"secondary","name":"Ceyhun Səlimov küçəsi","highway":"secondary"},"geometry":{"type":"LineString","coordinates":[[49.8172149,40.403817],[49.8185222,40.4031049]]}},{"type":"Feature","properties":{"road_class":"secondary","name":"Ceyhun Səlimov küçəsi","highway":"secondary"},"geometry":{"type":"LineString","coordinates":[[49.8185222,40.4031049],[49.8188401,40.402928]]}},{"type":"Feature","properties":{"road_class":"secondary","name":"Ceyhun Səlimov küçəsi","highway":"secondary"},"geometry":{"type":"LineString","coordinates":[[49.8188401,40.402928],[49.8192556,40.4027007]]}},{"type":"Feature","properties":{"road_class":"secondary","name":"Civəzadə küç.","highway":"secondary"},"geometry":{"type":"LineString","coordinates":[[46.7841582,40.6040105],[46.7813636,40.5925333]]}},{"type":"Feature","properties":{"road_class":"secondary","name":"Civəzadə küç.","highway":"secondary"},"geometry":{"type":"LineString","coordinates":[[46.7815266,40.5920239],[46.7823963,40.6001197],[46.7843361,40.6038983]]}},{"type":"Feature","properties":{"road_class":"secondary","name":"Cümhuriyyət","highway":"secondary"},"geometry":{"type":"LineString","coordinates":[[46.3738224,40.6476453],[46.3788391,40.6543844]]}},{"type":"Feature","properties":{"road_class":"secondary","name":"Cümhuriyyət","highway":"secondary"},"geometry":{"type":"LineString","coordinates":[[46.3766258,40.670938],[46.3790424,40.6660082]]}},{"type":"Feature","properties":{"road_class":"secondary","name":"Cümhuriyyət","highway":"secondary"},"geometry":{"type":"LineString","coordinates":[[46.3767678,40.6716592],[46.3761248,40.6770394]]}},{"type":"Feature","properties":{"road_class":"secondary","name":"Cümhuriyyət","highway":"secondary"},"geometry":{"type":"LineString","coordinates":[[46.3769406,40.6711941],[46.3765576,40.6712042]]}},{"type":"Feature","properties":{"road_class":"secondary","name":"Cümhuriyyət","highway":"secondary"},"geometry":{"type":"LineString","coordinates":[[46.3681677,40.6435028],[46.367656,40.6433741]]}},{"type":"Feature","properties":{"road_class":"secondary","name":"Cümhuriyyət","highway":"secondary"},"geometry":{"type":"LineString","coordinates":[[46.3790424,40.6660082],[46.3790524,40.6603733]]}},{"type":"Feature","properties":{"road_class":"secondary","name":"Cümhuriyyət","highway":"secondary"},"geometry":{"type":"LineString","coordinates":[[46.3792116,40.6660082],[46.3769668,40.6710322]]}},{"type":"Feature","properties":{"road_class":"secondary","name":"Cümhuriyyət","highway":"secondary"},"geometry":{"type":"LineString","coordinates":[[46.3790524,40.6603733],[46.378639,40.6544831]]}},{"type":"Feature","properties":{"road_class":"secondary","name":"Cümhuriyyət","highway":"secondary"},"geometry":{"type":"LineString","coordinates":[[46.378639,40.6544831],[46.3735666,40.6476844]]}},{"type":"Feature","properties":{"road_class":"secondary","name":"Cümhuriyyət","highway":"secondary"},"geometry":{"type":"LineString","coordinates":[[46.3735666,40.6476844],[46.3703841,40.6447766]]}},{"type":"Feature","properties":{"road_class":"secondary","name":"Cümhuriyyət","highway":"secondary"},"geometry":{"type":"LineString","coordinates":[[46.3788391,40.6543844],[46.3792116,40.6660082]]}},{"type":"Feature","properties":{"road_class":"secondary","name":"Cümhuriyyət","highway":"secondary"},"geometry":{"type":"LineString","coordinates":[[46.3703841,40.6447766],[46.3738224,40.6476453]]}},{"type":"Feature","properties":{"road_class":"secondary","name":"Cümhuriyyət","highway":"secondary"},"geometry":{"type":"LineString","coordinates":[[46.3703841,40.6447766],[46.3681677,40.6435028]]}},{"type":"Feature","properties":{"road_class":"secondary","name":"Cəbrayıl - Aragül - Hadrut yolu","highway":"secondary"},"geometry":{"type":"LineString","coordinates":[[47.0319442,39.4053923],[47.0308466,39.4073746]]}},{"type":"Feature","properties":{"road_class":"secondary","name":"Cəbrayıl - Aragül - Hadrut yolu","highway":"secondary"},"geometry":{"type":"LineString","coordinates":[[47.0308466,39.4073746],[47.0317018,39.4053725]]}},{"type":"Feature","properties":{"road_class":"secondary","name":"Cəfər Cabbarlı küç.","highway":"secondary"},"geometry":{"type":"LineString","coordinates":[[46.8059887,40.6056239],[46.8023485,40.6146436]]}},{"type":"Feature","properties":{"road_class":"secondary","name":"Cəfər Cabbarlı küç.","highway":"secondary"},"geometry":{"type":"LineString","coordinates":[[46.8022199,40.6145131],[46.8056429,40.6055764]]}},{"type":"Feature","properties":{"road_class":"secondary","name":"Cəfər Cabbarlı küç.","highway":"secondary"},"geometry":{"type":"LineString","coordinates":[[46.920135,41.4161625],[46.9122353,41.4145111],[46.9077901,41.415004],[46.9066202,41.4169551]]}},{"type":"Feature","properties":{"road_class":"secondary","name":"Cəfər Xəndan küçəsi","highway":"secondary"},"geometry":{"type":"LineString","coordinates":[[49.846127,40.4190315],[49.8434504,40.41845]]}},{"type":"Feature","properties":{"road_class":"secondary","name":"Cəfər Xəndan küçəsi","highway":"secondary"},"geometry":{"type":"LineString","coordinates":[[49.8408784,40.4178875],[49.839837,40.4176658]]}},{"type":"Feature","properties":{"road_class":"secondary","name":"Cəfər Xəndan küçəsi","highway":"secondary"},"geometry":{"type":"LineString","coordinates":[[49.8412545,40.4179671],[49.8408784,40.4178875]]}},{"type":"Feature","properties":{"road_class":"secondary","name":"Cəfər Xəndan küçəsi","highway":"secondary"},"geometry":{"type":"LineString","coordinates":[[49.8422914,40.4181903],[49.8412545,40.4179671]]}},{"type":"Feature","properties":{"road_class":"secondary","name":"Cəfər Xəndan küçəsi","highway":"secondary"},"geometry":{"type":"LineString","coordinates":[[49.842698,40.4182815],[49.8422914,40.4181903]]}},{"type":"Feature","properties":{"road_class":"secondary","name":"Cəfər Xəndan küçəsi","highway":"secondary"},"geometry":{"type":"LineString","coordinates":[[49.8434504,40.41845],[49.842698,40.4182815]]}},{"type":"Feature","properties":{"road_class":"secondary","name":"Cəfər Xəndan küçəsi","highway":"secondary"},"geometry":{"type":"LineString","coordinates":[[49.8391095,40.4175091],[49.8388224,40.417449]]}},{"type":"Feature","properties":{"road_class":"secondary","name":"Cəfər Xəndan küçəsi","highway":"secondary"},"geometry":{"type":"LineString","coordinates":[[49.839837,40.4176658],[49.8392103,40.4175308]]}},{"type":"Feature","properties":{"road_class":"secondary","name":"Cəfər Xəndan küçəsi","highway":"secondary"},"geometry":{"type":"LineString","coordinates":[[49.8482159,40.4194884],[49.8477315,40.4193638]]}},{"type":"Feature","properties":{"road_class":"secondary","name":"Cəfər Xəndan küçəsi","highway":"secondary"},"geometry":{"type":"LineString","coordinates":[[49.8484863,40.4195737],[49.8482159,40.4194884]]}},{"type":"Feature","properties":{"road_class":"secondary","name":"Cəfər Xəndan küçəsi","highway":"secondary"},"geometry":{"type":"LineString","coordinates":[[49.8504801,40.4204594],[49.8484863,40.4195737]]}},{"type":"Feature","properties":{"road_class":"secondary","name":"Cəfər Xəndan küçəsi","highway":"secondary"},"geometry":{"type":"LineString","coordinates":[[49.8506139,40.420518],[49.8504801,40.4204594]]}},{"type":"Feature","properties":{"road_class":"secondary","name":"Cəfər Xəndan küçəsi","highway":"secondary"},"geometry":{"type":"LineString","coordinates":[[49.8507824,40.4205973],[49.8506139,40.420518]]}},{"type":"Feature","properties":{"road_class":"secondary","name":"Cəfər Xəndan küçəsi","highway":"secondary"},"geometry":{"type":"LineString","coordinates":[[49.8520564,40.4211999],[49.8507824,40.4205973]]}},{"type":"Feature","properties":{"road_class":"secondary","name":"Cəfər Xəndan küçəsi","highway":"secondary"},"geometry":{"type":"LineString","coordinates":[[49.853558,40.4218998],[49.8520564,40.4211999]]}},{"type":"Feature","properties":{"road_class":"secondary","name":"Cəfər Xəndan küçəsi","highway":"secondary"},"geometry":{"type":"LineString","coordinates":[[49.8388224,40.417449],[49.8371897,40.4171105]]}},{"type":"Feature","properties":{"road_class":"secondary","name":"Cəfər Xəndan küçəsi","highway":"secondary"},"geometry":{"type":"LineString","coordinates":[[49.8392103,40.4175308],[49.8391095,40.4175091]]}},{"type":"Feature","properties":{"road_class":"secondary","name":"Cəfər Xəndan küçəsi","highway":"secondary"},"geometry":{"type":"LineString","coordinates":[[49.847356,40.4192832],[49.846127,40.4190315]]}},{"type":"Feature","properties":{"road_class":"secondary","name":"Cəfər Xəndan küçəsi","highway":"secondary"},"geometry":{"type":"LineString","coordinates":[[49.8475013,40.4193128],[49.847356,40.4192832]]}},{"type":"Feature","properties":{"road_class":"secondary","name":"Cəfər Xəndan küçəsi","highway":"secondary"},"geometry":{"type":"LineString","coordinates":[[49.8477315,40.4193638],[49.8475013,40.4193128]]}},{"type":"Feature","properties":{"road_class":"secondary","name":"Cəlal Əliyev küç. 57-ci Zirə","highway":"secondary"},"geometry":{"type":"LineString","coordinates":[[50.2906576,40.3885442],[50.2856233,40.3744865]]}},{"type":"Feature","properties":{"road_class":"secondary","name":"Cəlil Məmmədquluzadə","highway":"secondary"},"geometry":{"type":"LineString","coordinates":[[49.6848138,40.5789923],[49.6877334,40.5819281]]}},{"type":"Feature","properties":{"road_class":"secondary","name":"Cəlil Məmmədquluzadə küç.","highway":"secondary"},"geometry":{"type":"LineString","coordinates":[[49.8305919,40.3876428],[49.8305631,40.3877188]]}},{"type":"Feature","properties":{"road_class":"secondary","name":"Cəlil Məmmədquluzadə küçəsi","highway":"secondary"},"geometry":{"type":"LineString","coordinates":[[49.826885,40.3975388],[49.8269187,40.3974476]]}},{"type":"Feature","properties":{"road_class":"secondary","name":"Cəlil Məmmədquluzadə küçəsi","highway":"secondary"},"geometry":{"type":"LineString","coordinates":[[49.8302473,40.3884257],[49.8287336,40.3913197]]}},{"type":"Feature","properties":{"road_class":"secondary","name":"Cəlil Məmmədquluzadə küçəsi","highway":"secondary"},"geometry":{"type":"LineString","coordinates":[[49.8270699,40.3974781],[49.8261141,40.3999013],[49.8245902,40.3998641]]}},{"type":"Feature","properties":{"road_class":"secondary","name":"Cəlil Məmmədquluzadə küçəsi","highway":"secondary"},"geometry":{"type":"LineString","coordinates":[[49.8287336,40.3913197],[49.8278018,40.3954679]]}},{"type":"Feature","properties":{"road_class":"secondary","name":"Cəlil Məmmədquluzadə küçəsi","highway":"secondary"},"geometry":{"type":"LineString","coordinates":[[49.8270011,40.3972316],[49.8276585,40.3954401]]}},{"type":"Feature","properties":{"road_class":"secondary","name":"Cəlil Məmmədquluzadə küçəsi","highway":"secondary"},"geometry":{"type":"LineString","coordinates":[[49.8305631,40.3877188],[49.8302473,40.3884257]]}},{"type":"Feature","properties":{"road_class":"secondary","name":"Cəlil Məmmədquluzadə küçəsi","highway":"secondary"},"geometry":{"type":"LineString","coordinates":[[49.8245898,40.3997446],[49.8260357,40.3998121],[49.826885,40.3975388]]}},{"type":"Feature","properties":{"road_class":"secondary","name":"Cəlil Məmmədquluzadə küçəsi","highway":"secondary"},"geometry":{"type":"LineString","coordinates":[[49.8276585,40.3954401],[49.8277118,40.3952916]]}},{"type":"Feature","properties":{"road_class":"secondary","name":"Cəlil Məmmədquluzadə küçəsi","highway":"secondary"},"geometry":{"type":"LineString","coordinates":[[49.8277118,40.3952916],[49.827898,40.3947496]]}},{"type":"Feature","properties":{"road_class":"secondary","name":"Cəlil Məmmədquluzadə küçəsi","highway":"secondary"},"geometry":{"type":"LineString","coordinates":[[49.8278018,40.3954679],[49.827155,40.3972626]]}},{"type":"Feature","properties":{"road_class":"secondary","name":"Cəlil Məmmədquluzadə küçəsi","highway":"secondary"},"geometry":{"type":"LineString","coordinates":[[49.827898,40.3947496],[49.8278105,40.3945545]]}},{"type":"Feature","properties":{"road_class":"secondary","name":"Cəlil Məmmədquluzadə küçəsi","highway":"secondary"},"geometry":{"type":"LineString","coordinates":[[49.8278105,40.3945545],[49.8279914,40.3926421]]}},{"type":"Feature","properties":{"road_class":"secondary","name":"Cəlil Məmmədquluzadə küçəsi","highway":"secondary"},"geometry":{"type":"LineString","coordinates":[[49.8279914,40.3926421],[49.8286323,40.391263]]}},{"type":"Feature","properties":{"road_class":"secondary","name":"Cəlil Məmmədquluzadə küçəsi","highway":"secondary"},"geometry":{"type":"LineString","coordinates":[[49.8286323,40.391263],[49.8287087,40.3911965]]}},{"type":"Feature","properties":{"road_class":"secondary","name":"Cəlil Məmmədquluzadə küçəsi","highway":"secondary"},"geometry":{"type":"LineString","coordinates":[[49.8287087,40.3911965],[49.82919,40.3908587]]}},{"type":"Feature","properties":{"road_class":"secondary","name":"Cəlil Məmmədquluzadə küçəsi","highway":"secondary"},"geometry":{"type":"LineString","coordinates":[[49.82919,40.3908587],[49.8295298,40.3902642]]}},{"type":"Feature","properties":{"road_class":"secondary","name":"Cəlil Məmmədquluzadə küçəsi","highway":"secondary"},"geometry":{"type":"LineString","coordinates":[[49.8295298,40.3902642],[49.8295869,40.3901057]]}},{"type":"Feature","properties":{"road_class":"secondary","name":"Cəlil Məmmədquluzadə küçəsi","highway":"secondary"},"geometry":{"type":"LineString","coordinates":[[49.8295869,40.3901057],[49.8300159,40.3889164]]}},{"type":"Feature","properties":{"road_class":"secondary","name":"Cəlil Məmmədquluzadə küçəsi","highway":"secondary"},"geometry":{"type":"LineString","coordinates":[[49.8300159,40.3889164],[49.8302473,40.3884257]]}},{"type":"Feature","properties":{"road_class":"secondary","name":"Dadaş Bünyadzadə küç.","highway":"secondary"},"geometry":{"type":"LineString","coordinates":[[49.7279,40.3191412],[49.7263084,40.3187068],[49.7265933,40.3172332]]}},{"type":"Feature","properties":{"road_class":"secondary","name":"Digah","highway":"secondary"},"geometry":{"type":"LineString","coordinates":[[48.6582263,39.0370067],[48.6630505,39.0402894],[48.6630738,39.0431041],[48.668304,39.0463072]]}},{"type":"Feature","properties":{"road_class":"secondary","name":"Dilarə Əliyeva küçəsi","highway":"secondary"},"geometry":{"type":"LineString","coordinates":[[49.8453354,40.3769238],[49.8463764,40.3772425]]}},{"type":"Feature","properties":{"road_class":"secondary","name":"Dilarə Əliyeva küçəsi","highway":"secondary"},"geometry":{"type":"LineString","coordinates":[[49.8499986,40.3784084],[49.8517217,40.3790255]]}},{"type":"Feature","properties":{"road_class":"secondary","name":"Dilarə Əliyeva küçəsi","highway":"secondary"},"geometry":{"type":"LineString","coordinates":[[49.8498242,40.3783099],[49.8499986,40.3784084]]}},{"type":"Feature","properties":{"road_class":"secondary","name":"Dilarə Əliyeva küçəsi","highway":"secondary"},"geometry":{"type":"LineString","coordinates":[[49.8494263,40.3781707],[49.8498242,40.3783099]]}},{"type":"Feature","properties":{"road_class":"secondary","name":"Dilarə Əliyeva küçəsi","highway":"secondary"},"geometry":{"type":"LineString","coordinates":[[49.8517217,40.3790255],[49.8519121,40.3790706]]}},{"type":"Feature","properties":{"road_class":"secondary","name":"Dilarə Əliyeva küçəsi","highway":"secondary"},"geometry":{"type":"LineString","coordinates":[[49.8463764,40.3772425],[49.8481699,40.3777842]]}},{"type":"Feature","properties":{"road_class":"secondary","name":"Dilarə Əliyeva küçəsi","highway":"secondary"},"geometry":{"type":"LineString","coordinates":[[49.8481699,40.3777842],[49.8494263,40.3781707]]}},{"type":"Feature","properties":{"road_class":"secondary","name":"Dədə Qorqud küçəsi","highway":"secondary"},"geometry":{"type":"LineString","coordinates":[[46.6457498,41.6332726],[46.6463865,41.6346251]]}},{"type":"Feature","properties":{"road_class":"secondary","name":"Dəlili yolu","highway":"secondary"},"geometry":{"type":"LineString","coordinates":[[48.3051631,39.3359365],[48.2898781,39.3376314],[48.2858272,39.3245461]]}},{"type":"Feature","properties":{"road_class":"secondary","name":"Dəlləkoba yolu","highway":"secondary"},"geometry":{"type":"LineString","coordinates":[[48.6639705,38.9858496],[48.6696077,38.9683994]]}},{"type":"Feature","properties":{"road_class":"secondary","name":"Dəmiryol küç.","highway":"secondary"},"geometry":{"type":"LineString","coordinates":[[50.1471983,40.4717453],[50.159457,40.4738587],[50.1662644,40.4793522],[50.1671517,40.4821378]]}},{"type":"Feature","properties":{"road_class":"secondary","name":"Dənizkənarı yol","highway":"secondary"},"geometry":{"type":"LineString","coordinates":[[50.0054184,40.5819992],[50.0529522,40.5890528]]}},{"type":"Feature","properties":{"road_class":"secondary","name":"Elbrus Şirinov küç.","highway":"secondary"},"geometry":{"type":"LineString","coordinates":[[47.8215246,40.6110677],[47.8249937,40.6098536],[47.8361437,40.6109206],[47.8471783,40.6067096],[47.8508685,40.6073045]]}},{"type":"Feature","properties":{"road_class":"secondary","name":"Eldar Ağayev küç.","highway":"secondary"},"geometry":{"type":"LineString","coordinates":[[46.6554028,41.6150161],[46.6583241,41.6238321],[46.6574998,41.6250614]]}},{"type":"Feature","properties":{"road_class":"secondary","name":"Eldar Ağayev küç.","highway":"secondary"},"geometry":{"type":"LineString","coordinates":[[46.6556405,41.6271214],[46.6548972,41.6279654]]}},{"type":"Feature","properties":{"road_class":"secondary","name":"Eldar Ağayev küç.","highway":"secondary"},"geometry":{"type":"LineString","coordinates":[[46.6574998,41.6250614],[46.6556405,41.6271214]]}},{"type":"Feature","properties":{"road_class":"secondary","name":"Eldəniz Musayev küç.","highway":"secondary"},"geometry":{"type":"LineString","coordinates":[[45.4862804,41.0861658],[45.4791781,41.0879419],[45.4697272,41.0931246],[45.4578383,41.1033411],[45.4587848,41.1066167]]}},{"type":"Feature","properties":{"road_class":"secondary","name":"Elman Qasımov küç.","highway":"secondary"},"geometry":{"type":"LineString","coordinates":[[50.0793023,40.3663477],[50.0735037,40.3651639]]}},{"type":"Feature","properties":{"road_class":"secondary","name":"Elman Qasımov küç.","highway":"secondary"},"geometry":{"type":"LineString","coordinates":[[50.0735037,40.3651639],[50.0709835,40.3646271],[50.0713966,40.362852]]}},{"type":"Feature","properties":{"road_class":"secondary","name":"Elman Qasımov küç.","highway":"secondary"},"geometry":{"type":"LineString","coordinates":[[50.0805822,40.3667381],[50.0793023,40.3663477]]}},{"type":"Feature","properties":{"road_class":"secondary","name":"Elza İbrahimova küç.","highway":"secondary"},"geometry":{"type":"LineString","coordinates":[[48.4360301,41.4241422],[48.4279901,41.4223772]]}},{"type":"Feature","properties":{"road_class":"secondary","name":"Elşən Mehdiyev küç.","highway":"secondary"},"geometry":{"type":"LineString","coordinates":[[49.9462489,40.4374672],[49.9523404,40.4354612]]}},{"type":"Feature","properties":{"road_class":"secondary","name":"Elşən Mehdiyev küç.","highway":"secondary"},"geometry":{"type":"LineString","coordinates":[[49.9363364,40.4387239],[49.9462489,40.4374672]]}},{"type":"Feature","properties":{"road_class":"secondary","name":"Etibar Bəkirli küç.","highway":"secondary"},"geometry":{"type":"LineString","coordinates":[[49.9814528,40.3926098],[49.988039,40.3919868]]}},{"type":"Feature","properties":{"road_class":"secondary","name":"Etibar Bəkirli küç.","highway":"secondary"},"geometry":{"type":"LineString","coordinates":[[49.9762099,40.3930566],[49.9765331,40.3930568]]}},{"type":"Feature","properties":{"road_class":"secondary","name":"Etibar Bəkirli küç.","highway":"secondary"},"geometry":{"type":"LineString","coordinates":[[49.9765331,40.3930568],[49.9814528,40.3926098]]}},{"type":"Feature","properties":{"road_class":"secondary","name":"Faiq Tağıyev","highway":"secondary"},"geometry":{"type":"LineString","coordinates":[[46.3401628,40.6412318],[46.3476552,40.6376177]]}},{"type":"Feature","properties":{"road_class":"secondary","name":"Firudin Şamoyev küç.","highway":"secondary"},"geometry":{"type":"LineString","coordinates":[[45.3548505,41.0878809],[45.3544851,41.0894797]]}},{"type":"Feature","properties":{"road_class":"secondary","name":"Fuad Əbdülrəhmanov","highway":"secondary"},"geometry":{"type":"LineString","coordinates":[[46.367656,40.6433741],[46.3681221,40.6430666]]}},{"type":"Feature","properties":{"road_class":"secondary","name":"Fuad Əbdülrəhmanov","highway":"secondary"},"geometry":{"type":"LineString","coordinates":[[46.3681221,40.6430666],[46.3681677,40.6435028]]}},{"type":"Feature","properties":{"road_class":"secondary","name":"Fuad Əbdülrəhmanov","highway":"secondary"},"geometry":{"type":"LineString","coordinates":[[46.3681221,40.6430666],[46.3692062,40.6424732]]}},{"type":"Feature","properties":{"road_class":"secondary","name":"Fərman Salmanov","highway":"secondary"},"geometry":{"type":"LineString","coordinates":[[49.7910373,40.3749826],[49.7909575,40.3749675]]}},{"type":"Feature","properties":{"road_class":"secondary","name":"Fərman Salmanov küçəsi","highway":"secondary"},"geometry":{"type":"LineString","coordinates":[[49.7960336,40.3785636],[49.8004332,40.379095]]}},{"type":"Feature","properties":{"road_class":"secondary","name":"Fərman Salmanov küçəsi","highway":"secondary"},"geometry":{"type":"LineString","coordinates":[[49.7910792,40.374837],[49.7913779,40.3750607]]}},{"type":"Feature","properties":{"road_class":"secondary","name":"Fərman Salmanov küçəsi","highway":"secondary"},"geometry":{"type":"LineString","coordinates":[[49.7958812,40.3786704],[49.7941777,40.3773561]]}},{"type":"Feature","properties":{"road_class":"secondary","name":"Fərman Salmanov küçəsi","highway":"secondary"},"geometry":{"type":"LineString","coordinates":[[49.8004674,40.3791657],[49.7960331,40.3787217]]}},{"type":"Feature","properties":{"road_class":"secondary","name":"Fərman Salmanov küçəsi","highway":"secondary"},"geometry":{"type":"LineString","coordinates":[[49.7941777,40.3773561],[49.7914427,40.3752258]]}},{"type":"Feature","properties":{"road_class":"secondary","name":"Fərman Salmanov küçəsi","highway":"secondary"},"geometry":{"type":"LineString","coordinates":[[49.7914427,40.3752258],[49.7910373,40.3749826]]}},{"type":"Feature","properties":{"road_class":"secondary","name":"Fərman Salmanov küçəsi","highway":"secondary"},"geometry":{"type":"LineString","coordinates":[[49.7943464,40.3773575],[49.7960336,40.3785636]]}},{"type":"Feature","properties":{"road_class":"secondary","name":"Fərman Salmanov küçəsi","highway":"secondary"},"geometry":{"type":"LineString","coordinates":[[49.7913779,40.3750607],[49.7923837,40.3758394]]}},{"type":"Feature","properties":{"road_class":"secondary","name":"Fərman Salmanov küçəsi","highway":"secondary"},"geometry":{"type":"LineString","coordinates":[[49.7923837,40.3758394],[49.7932044,40.3764747]]}},{"type":"Feature","properties":{"road_class":"secondary","name":"Fərman Salmanov küçəsi","highway":"secondary"},"geometry":{"type":"LineString","coordinates":[[49.7932044,40.3764747],[49.7936033,40.3767851]]}},{"type":"Feature","properties":{"road_class":"secondary","name":"Fərman Salmanov küçəsi","highway":"secondary"},"geometry":{"type":"LineString","coordinates":[[49.7936033,40.3767851],[49.7940091,40.3771054]]}},{"type":"Feature","properties":{"road_class":"secondary","name":"Fərman Salmanov küçəsi","highway":"secondary"},"geometry":{"type":"LineString","coordinates":[[49.7940091,40.3771054],[49.7943464,40.3773575]]}},{"type":"Feature","properties":{"road_class":"secondary","name":"Fətulla Həsənov","highway":"secondary"},"geometry":{"type":"LineString","coordinates":[[46.3540794,40.665246],[46.353457,40.6657975]]}},{"type":"Feature","properties":{"road_class":"secondary","name":"Fətulla Həsənov","highway":"secondary"},"geometry":{"type":"LineString","coordinates":[[46.3574804,40.6646115],[46.3540794,40.665246]]}},{"type":"Feature","properties":{"road_class":"secondary","name":"Fətulla Həsənov","highway":"secondary"},"geometry":{"type":"LineString","coordinates":[[46.3527404,40.6665256],[46.353457,40.6657975]]}},{"type":"Feature","properties":{"road_class":"secondary","name":"Fətulla Həsənov","highway":"secondary"},"geometry":{"type":"LineString","coordinates":[[46.3526599,40.6665917],[46.3510252,40.6679399]]}},{"type":"Feature","properties":{"road_class":"secondary","name":"Fəxrəddin Musayev küç.","highway":"secondary"},"geometry":{"type":"LineString","coordinates":[[48.3842785,41.4037049],[48.352395,41.3882091]]}},{"type":"Feature","properties":{"road_class":"secondary","name":"General H. Aslanov Küçəsi Döngə 13","highway":"secondary"},"geometry":{"type":"LineString","coordinates":[[47.1116745,40.3800238],[47.1241797,40.3840089]]}},{"type":"Feature","properties":{"road_class":"secondary","name":"General Həzi Aslanov küçəsi","highway":"secondary"},"geometry":{"type":"LineString","coordinates":[[48.8507005,38.7533012],[48.8542331,38.7577771]]}},{"type":"Feature","properties":{"road_class":"secondary","name":"General Həzi Aslanov küçəsi","highway":"secondary"},"geometry":{"type":"LineString","coordinates":[[48.8507005,38.7533012],[48.8500444,38.7524729]]}},{"type":"Feature","properties":{"road_class":"secondary","name":"Girdəni yolu","highway":"secondary"},"geometry":{"type":"LineString","coordinates":[[48.7752493,38.8064289],[48.7870413,38.7993794],[48.7899973,38.7939523],[48.7963512,38.7896697]]}},{"type":"Feature","properties":{"road_class":"secondary","name":"Girdəni yolu","highway":"secondary"},"geometry":{"type":"LineString","coordinates":[[48.7963512,38.7896697],[48.7984374,38.7885942]]}},{"type":"Feature","properties":{"road_class":"secondary","name":"Guneykhirman - Xanoba road","highway":"secondary"},"geometry":{"type":"LineString","coordinates":[[47.0421284,39.8016978],[47.0438587,39.7953832],[47.0430945,39.7881536],[47.0353432,39.7824868],[47.0292092,39.7800999],[47.0259132,39.7807661],[47.0244989,39.7784277],[47.0255761,39.7763018],[47.0325123,39.7731292],[47.0367335,39.774196],[47.0374043,39.7692762],[47.0416298,39.7675908],[47.0413595,39.7623728],[47.0373625,39.7606371],[47.0409292,39.758137],[47.036082,39.7557462],[47.0365647,39.7506456]]}},{"type":"Feature","properties":{"road_class":"secondary","name":"Gölyeri yolu","highway":"secondary"},"geometry":{"type":"LineString","coordinates":[[48.3898496,39.0122283],[48.3903383,39.0105159],[48.3871625,39.0087822]]}},{"type":"Feature","properties":{"road_class":"secondary","name":"Göytürk","highway":"secondary"},"geometry":{"type":"LineString","coordinates":[[46.3555017,40.6363807],[46.360752,40.6346841]]}},{"type":"Feature","properties":{"road_class":"secondary","name":"Göytürk","highway":"secondary"},"geometry":{"type":"LineString","coordinates":[[46.360752,40.6346841],[46.3650688,40.6386278]]}},{"type":"Feature","properties":{"road_class":"secondary","name":"Göytürk","highway":"secondary"},"geometry":{"type":"LineString","coordinates":[[46.3476552,40.6376177],[46.3503592,40.6382881],[46.3555017,40.6363807]]}},{"type":"Feature","properties":{"road_class":"secondary","name":"Göytürk","highway":"secondary"},"geometry":{"type":"LineString","coordinates":[[46.3692062,40.6424732],[46.3650688,40.6386278]]}},{"type":"Feature","properties":{"road_class":"secondary","name":"Göyçə küç.","highway":"secondary"},"geometry":{"type":"LineString","coordinates":[[47.9503977,40.7132341],[47.9368193,40.7133661]]}},{"type":"Feature","properties":{"road_class":"secondary","name":"Gülbala Şıxbalaoğlu küç.","highway":"secondary"},"geometry":{"type":"LineString","coordinates":[[48.9271924,39.9357404],[48.9189864,39.9345337]]}},{"type":"Feature","properties":{"road_class":"secondary","name":"Gülməmməd Ramazanov küç.","highway":"secondary"},"geometry":{"type":"LineString","coordinates":[[49.8306897,40.460572],[49.8290674,40.4641665]]}},{"type":"Feature","properties":{"road_class":"secondary","name":"Gülməmməd Ramazanov küç.","highway":"secondary"},"geometry":{"type":"LineString","coordinates":[[49.8277388,40.4666844],[49.8281924,40.4659947]]}},{"type":"Feature","properties":{"road_class":"secondary","name":"Gülməmməd Ramazanov küç.","highway":"secondary"},"geometry":{"type":"LineString","coordinates":[[49.8281924,40.4659947],[49.8290674,40.4641665]]}},{"type":"Feature","properties":{"road_class":"secondary","name":"Gülməmmədli yolu","highway":"secondary"},"geometry":{"type":"LineString","coordinates":[[48.3993105,39.3116294],[48.392735,39.3167384],[48.3869368,39.3190422]]}},{"type":"Feature","properties":{"road_class":"secondary","name":"Gülməmmədli yolu","highway":"secondary"},"geometry":{"type":"LineString","coordinates":[[48.3869368,39.3190422],[48.3828162,39.3200378],[48.363701,39.3181706],[48.3460181,39.322274]]}},{"type":"Feature","properties":{"road_class":"secondary","name":"Gülməmmədli yolu","highway":"secondary"},"geometry":{"type":"LineString","coordinates":[[46.7348879,40.696826],[46.7342142,40.7061444]]}},{"type":"Feature","properties":{"road_class":"secondary","name":"Gülməmmədli yolu","highway":"secondary"},"geometry":{"type":"LineString","coordinates":[[46.7165064,40.705366],[46.7342142,40.7061444]]}},{"type":"Feature","properties":{"road_class":"secondary","name":"Güneyqışlaq yolu","highway":"secondary"},"geometry":{"type":"LineString","coordinates":[[49.0295889,40.9193712],[49.0177269,40.9174028],[49.0158328,40.9189135],[49.0121235,40.9152353]]}},{"type":"Feature","properties":{"road_class":"secondary","name":"Gənclik küç.","highway":"secondary"},"geometry":{"type":"LineString","coordinates":[[49.9519855,40.4134165],[49.9577737,40.4124024]]}},{"type":"Feature","properties":{"road_class":"secondary","name":"Gəncə Samux yolu","highway":"secondary"},"geometry":{"type":"LineString","coordinates":[[46.3806779,40.7204114],[46.3828013,40.7247253],[46.3790093,40.7291066],[46.3927204,40.7458649],[46.3948653,40.7508566]]}},{"type":"Feature","properties":{"road_class":"secondary","name":"Gəncə Samux yolu","highway":"secondary"},"geometry":{"type":"LineString","coordinates":[[46.3948344,40.7510601],[46.3948653,40.7508566]]}},{"type":"Feature","properties":{"road_class":"secondary","name":"Gəncə Samux yolu","highway":"secondary"},"geometry":{"type":"LineString","coordinates":[[46.3948653,40.7508566],[46.3949507,40.7510523]]}},{"type":"Feature","properties":{"road_class":"secondary","name":"H. Əliyev prospekti","highway":"secondary"},"geometry":{"type":"LineString","coordinates":[[49.247355,39.3869392],[49.2468753,39.3971662]]}},{"type":"Feature","properties":{"road_class":"secondary","name":"H. Əliyev prospekti","highway":"secondary"},"geometry":{"type":"LineString","coordinates":[[49.247103,39.386937],[49.2471567,39.3862462]]}},{"type":"Feature","properties":{"road_class":"secondary","name":"H. Əliyev prospekti","highway":"secondary"},"geometry":{"type":"LineString","coordinates":[[49.2471567,39.3862462],[49.247355,39.3869392]]}},{"type":"Feature","properties":{"road_class":"secondary","name":"H. Əliyev prospekti","highway":"secondary"},"geometry":{"type":"LineString","coordinates":[[49.2466455,39.3964824],[49.247103,39.386937]]}},{"type":"Feature","properties":{"road_class":"secondary","name":"H. Əliyev prospekti","highway":"secondary"},"geometry":{"type":"LineString","coordinates":[[49.2466477,39.3972008],[49.2466455,39.3964824]]}},{"type":"Feature","properties":{"road_class":"secondary","name":"Habil Həmidov küç.","highway":"secondary"},"geometry":{"type":"LineString","coordinates":[[47.7831141,40.639977],[47.7890038,40.6337302],[47.8012132,40.6259338],[47.8055558,40.6203516],[47.8048415,40.6181011]]}},{"type":"Feature","properties":{"road_class":"secondary","name":"Hacı Zeynalabdin Tağıev pr.","highway":"secondary"},"geometry":{"type":"LineString","coordinates":[[48.7867926,41.459061],[48.797711,41.4642361]]}},{"type":"Feature","properties":{"road_class":"secondary","name":"Hacı Zeynalabdin Tağıev pr.","highway":"secondary"},"geometry":{"type":"LineString","coordinates":[[48.797711,41.4642361],[48.8031808,41.4669466]]}},{"type":"Feature","properties":{"road_class":"secondary","name":"Hacı Zeynəlabdin Tağıyev","highway":"secondary"},"geometry":{"type":"LineString","coordinates":[[48.8387028,38.754144],[48.8457937,38.7607023],[48.8532075,38.7646179]]}},{"type":"Feature","properties":{"road_class":"secondary","name":"Hacılar yolu","highway":"secondary"},"geometry":{"type":"LineString","coordinates":[[45.58065,40.7508759],[45.5804019,40.747388],[45.576691,40.7431562],[45.5755839,40.7393222],[45.564369,40.7292883],[45.5641705,40.7269884]]}},{"type":"Feature","properties":{"road_class":"secondary","name":"Hadrut","highway":"secondary"},"geometry":{"type":"LineString","coordinates":[[47.03354,39.515102],[47.0349383,39.5139107],[47.0391289,39.51441]]}},{"type":"Feature","properties":{"road_class":"secondary","name":"Hapıtlı küç.","highway":"secondary"},"geometry":{"type":"LineString","coordinates":[[47.8812099,40.6838701],[47.8786299,40.6826416],[47.8794963,40.6775677]]}},{"type":"Feature","properties":{"road_class":"secondary","name":"Heybət Heybətov küç.","highway":"secondary"},"geometry":{"type":"LineString","coordinates":[[49.9986833,40.5290111],[50.0048561,40.531397]]}},{"type":"Feature","properties":{"road_class":"secondary","name":"Heybət Heybətov küç.","highway":"secondary"},"geometry":{"type":"LineString","coordinates":[[49.9947752,40.5242533],[49.9958017,40.5251711]]}},{"type":"Feature","properties":{"road_class":"secondary","name":"Heybət Heybətov küç.","highway":"secondary"},"geometry":{"type":"LineString","coordinates":[[49.9958017,40.5251711],[49.9986833,40.5290111]]}},{"type":"Feature","properties":{"road_class":"secondary","name":"Heydar Əliyev küçəsi","highway":"secondary"},"geometry":{"type":"LineString","coordinates":[[47.6500346,40.5140755],[47.6495155,40.5283744]]}},{"type":"Feature","properties":{"road_class":"secondary","name":"Heyder Əliyev","highway":"secondary"},"geometry":{"type":"LineString","coordinates":[[47.149885,40.1455047],[47.1163102,40.1214425],[47.10978,40.1203497]]}},{"type":"Feature","properties":{"road_class":"secondary","name":"Heyder Əliyev","highway":"secondary"},"geometry":{"type":"LineString","coordinates":[[47.037672,40.1171391],[47.0488206,40.0902521],[47.0468427,40.0829254],[47.0504546,40.0683713],[47.0640555,40.0548177],[47.0651284,40.0496274],[47.0609656,40.0471315],[47.0648924,40.0390822],[47.0693556,40.0354843],[47.0698277,40.0291589],[47.0742801,40.0155391]]}},{"type":"Feature","properties":{"road_class":"secondary","name":"Heyder Əliyev","highway":"secondary"},"geometry":{"type":"LineString","coordinates":[[47.1016926,40.1255378],[47.0943112,40.1281301],[47.0819062,40.1245568],[47.0650534,40.1276387]]}},{"type":"Feature","properties":{"road_class":"secondary","name":"Heyder Əliyev","highway":"secondary"},"geometry":{"type":"LineString","coordinates":[[47.10978,40.1203497],[47.1089217,40.1218592],[47.1057696,40.1206483],[47.1051259,40.1237986],[47.1016926,40.1255378]]}},{"type":"Feature","properties":{"road_class":"secondary","name":"Heyder Əliyev","highway":"secondary"},"geometry":{"type":"LineString","coordinates":[[47.163334,40.1557175],[47.149885,40.1455047]]}},{"type":"Feature","properties":{"road_class":"secondary","name":"Heyder Əliyev","highway":"secondary"},"geometry":{"type":"LineString","coordinates":[[47.0650534,40.1276387],[47.037672,40.1171391]]}},{"type":"Feature","properties":{"road_class":"secondary","name":"Heydər Eyvazov küç.","highway":"secondary"},"geometry":{"type":"LineString","coordinates":[[50.1011228,40.5161889],[50.1054264,40.5189871]]}},{"type":"Feature","properties":{"road_class":"secondary","name":"Heydər Eyvazov küç.","highway":"secondary"},"geometry":{"type":"LineString","coordinates":[[50.1057161,40.5191468],[50.1105237,40.5205941]]}},{"type":"Feature","properties":{"road_class":"secondary","name":"Heydər Əliev küç.","highway":"secondary"},"geometry":{"type":"LineString","coordinates":[[45.3807356,41.0980272],[45.3863071,41.0958174],[45.3898016,41.0968318],[45.3962329,41.0937479],[45.401767,41.0951278]]}},{"type":"Feature","properties":{"road_class":"secondary","name":"Heydər Əliev küç.","highway":"secondary"},"geometry":{"type":"LineString","coordinates":[[45.4025486,41.0952721],[45.401767,41.0951278]]}},{"type":"Feature","properties":{"road_class":"secondary","name":"Heydər Əliyev","highway":"secondary"},"geometry":{"type":"LineString","coordinates":[[48.4633504,39.9904717],[48.4634036,39.9907665]]}},{"type":"Feature","properties":{"road_class":"secondary","name":"Heydər Əliyev","highway":"secondary"},"geometry":{"type":"LineString","coordinates":[[48.4634036,39.9907665],[48.4631588,39.9905009]]}},{"type":"Feature","properties":{"road_class":"secondary","name":"Heydər Əliyev","highway":"secondary"},"geometry":{"type":"LineString","coordinates":[[48.5237735,39.2151485],[48.4931766,39.2081162]]}},{"type":"Feature","properties":{"road_class":"secondary","name":"Heydər Əliyev","highway":"secondary"},"geometry":{"type":"LineString","coordinates":[[48.4931766,39.2081162],[48.5238303,39.2150465]]}},{"type":"Feature","properties":{"road_class":"secondary","name":"Heydər Əliyev","highway":"secondary"},"geometry":{"type":"LineString","coordinates":[[46.3571712,40.6729317],[46.3542995,40.6676734]]}},{"type":"Feature","properties":{"road_class":"secondary","name":"Heydər Əliyev","highway":"secondary"},"geometry":{"type":"LineString","coordinates":[[46.3949962,40.7512074],[46.4041815,40.7632971]]}},{"type":"Feature","properties":{"road_class":"secondary","name":"Heydər Əliyev","highway":"secondary"},"geometry":{"type":"LineString","coordinates":[[46.3542995,40.6676734],[46.3526599,40.6665917]]}},{"type":"Feature","properties":{"road_class":"secondary","name":"Heydər Əliyev","highway":"secondary"},"geometry":{"type":"LineString","coordinates":[[46.3527404,40.6665256],[46.3542995,40.6676734]]}},{"type":"Feature","properties":{"road_class":"secondary","name":"Heydər Əliyev Prospekti","highway":"secondary"},"geometry":{"type":"LineString","coordinates":[[47.1233008,40.391331],[47.1263451,40.3768879]]}},{"type":"Feature","properties":{"road_class":"secondary","name":"Heydər Əliyev küç.","highway":"secondary"},"geometry":{"type":"LineString","coordinates":[[50.1770094,40.4463286],[50.177346,40.4501465],[50.1750549,40.4546723],[50.176127,40.4576746],[50.1895122,40.4774933],[50.1957131,40.4810174],[50.195794,40.4848798]]}},{"type":"Feature","properties":{"road_class":"secondary","name":"Heydər Əliyev küç.","highway":"secondary"},"geometry":{"type":"LineString","coordinates":[[46.6456007,41.6328028],[46.6501162,41.6329165]]}},{"type":"Feature","properties":{"road_class":"secondary","name":"Heydər Əliyev küç.","highway":"secondary"},"geometry":{"type":"LineString","coordinates":[[46.0894905,40.5175959],[46.083304,40.5194035],[46.0821681,40.5234584],[46.0797726,40.5242571]]}},{"type":"Feature","properties":{"road_class":"secondary","name":"Heydər Əliyev küç.","highway":"secondary"},"geometry":{"type":"LineString","coordinates":[[48.1647237,40.7967916],[48.1535679,40.7903993]]}},{"type":"Feature","properties":{"road_class":"secondary","name":"Heydər Əliyev küç.","highway":"secondary"},"geometry":{"type":"LineString","coordinates":[[47.49089,40.6485962],[47.4822302,40.6490323],[47.4763146,40.6457243],[47.471319,40.6420203],[47.4652559,40.6306556]]}},{"type":"Feature","properties":{"road_class":"secondary","name":"Heydər Əliyev küç.","highway":"secondary"},"geometry":{"type":"LineString","coordinates":[[48.9329508,40.0401925],[48.9361412,40.0442376]]}},{"type":"Feature","properties":{"road_class":"secondary","name":"Heydər Əliyev küç.","highway":"secondary"},"geometry":{"type":"LineString","coordinates":[[45.5565602,41.055116],[45.5455345,41.0540246],[45.526,41.0578837],[45.5090174,41.0673929]]}},{"type":"Feature","properties":{"road_class":"secondary","name":"Heydər Əliyev küç.","highway":"secondary"},"geometry":{"type":"LineString","coordinates":[[48.4034067,40.5590918],[48.4013012,40.5779343],[48.4048579,40.5802899]]}},{"type":"Feature","properties":{"road_class":"secondary","name":"Heydər Əliyev küç.","highway":"secondary"},"geometry":{"type":"LineString","coordinates":[[49.0703485,40.9134264],[49.0738486,40.9110864],[49.0751469,40.9103776],[49.0749662,40.910541],[49.0703485,40.9134264]]}},{"type":"Feature","properties":{"road_class":"secondary","name":"Heydər Əliyev küç.","highway":"secondary"},"geometry":{"type":"LineString","coordinates":[[48.1372017,40.777689],[48.1435947,40.7833604]]}},{"type":"Feature","properties":{"road_class":"secondary","name":"Heydər Əliyev küç.","highway":"secondary"},"geometry":{"type":"LineString","coordinates":[[48.4100977,41.4138403],[48.3842785,41.4037049]]}},{"type":"Feature","properties":{"road_class":"secondary","name":"Heydər Əliyev küç.","highway":"secondary"},"geometry":{"type":"LineString","coordinates":[[48.9394183,40.5338518],[48.913339,40.5350987]]}},{"type":"Feature","properties":{"road_class":"secondary","name":"Heydər Əliyev küç.","highway":"secondary"},"geometry":{"type":"LineString","coordinates":[[48.6252632,40.6329041],[48.6302406,40.6320084]]}},{"type":"Feature","properties":{"road_class":"secondary","name":"Heydər Əliyev küç.","highway":"secondary"},"geometry":{"type":"LineString","coordinates":[[48.8036703,41.4670497],[48.8042928,41.4665049]]}},{"type":"Feature","properties":{"road_class":"secondary","name":"Heydər Əliyev küç.","highway":"secondary"},"geometry":{"type":"LineString","coordinates":[[48.1341323,40.7742361],[48.1332814,40.7752708],[48.1372017,40.777689]]}},{"type":"Feature","properties":{"road_class":"secondary","name":"Heydər Əliyev küç.","highway":"secondary"},"geometry":{"type":"LineString","coordinates":[[47.4965623,40.6475459],[47.4910175,40.648578]]}},{"type":"Feature","properties":{"road_class":"secondary","name":"Heydər Əliyev küç.","highway":"secondary"},"geometry":{"type":"LineString","coordinates":[[46.638988,41.630091],[46.6456007,41.6328028]]}},{"type":"Feature","properties":{"road_class":"secondary","name":"Heydər Əliyev küç.","highway":"secondary"},"geometry":{"type":"LineString","coordinates":[[45.4976597,41.0794886],[45.4964393,41.0825982],[45.4862804,41.0861658]]}},{"type":"Feature","properties":{"road_class":"secondary","name":"Heydər Əliyev küç.","highway":"secondary"},"geometry":{"type":"LineString","coordinates":[[45.5090174,41.0673929],[45.5040318,41.0706874],[45.4976897,41.0792304]]}},{"type":"Feature","properties":{"road_class":"secondary","name":"Heydər Əliyev küç.","highway":"secondary"},"geometry":{"type":"LineString","coordinates":[[46.0898948,40.5174375],[46.08973,40.5173232]]}},{"type":"Feature","properties":{"road_class":"secondary","name":"Heydər Əliyev küçəsi","highway":"secondary"},"geometry":{"type":"LineString","coordinates":[[47.7088852,40.2238257],[47.7070676,40.2290889]]}},{"type":"Feature","properties":{"road_class":"secondary","name":"Heydər Əliyev küçəsi","highway":"secondary"},"geometry":{"type":"LineString","coordinates":[[47.7110786,40.2180225],[47.7088852,40.2238257]]}},{"type":"Feature","properties":{"road_class":"secondary","name":"Heydər Əliyev küçəsi","highway":"secondary"},"geometry":{"type":"LineString","coordinates":[[47.7086478,40.223709],[47.7109389,40.2180719]]}},{"type":"Feature","properties":{"road_class":"secondary","name":"Heydər Əliyev küçəsi","highway":"secondary"},"geometry":{"type":"LineString","coordinates":[[47.706928,40.2290502],[47.7085824,40.2238201]]}},{"type":"Feature","properties":{"road_class":"secondary","name":"Heydər Əliyev küçəsi","highway":"secondary"},"geometry":{"type":"LineString","coordinates":[[48.8740708,38.4591623],[48.8741394,38.4511902]]}},{"type":"Feature","properties":{"road_class":"secondary","name":"Heydər Əliyev küçəsi","highway":"secondary"},"geometry":{"type":"LineString","coordinates":[[48.8740339,38.4627194],[48.8740708,38.4591623]]}},{"type":"Feature","properties":{"road_class":"secondary","name":"Heydər Əliyev küçəsi","highway":"secondary"},"geometry":{"type":"LineString","coordinates":[[48.4634036,39.9907665],[48.4700392,39.9999176],[48.4710702,40.0117502],[48.4780433,40.0200539]]}},{"type":"Feature","properties":{"road_class":"secondary","name":"Heydər Əliyev küçəsi,","highway":"secondary"},"geometry":{"type":"LineString","coordinates":[[48.2361915,38.9025443],[48.2381373,38.9064374],[48.2433845,38.9073175]]}},{"type":"Feature","properties":{"road_class":"secondary","name":"Heydər Əliyev küçəsi,","highway":"secondary"},"geometry":{"type":"LineString","coordinates":[[48.2335903,38.9000983],[48.2361915,38.9025443]]}},{"type":"Feature","properties":{"road_class":"secondary","name":"Heydər Əliyev pr.","highway":"secondary"},"geometry":{"type":"LineString","coordinates":[[49.6696882,40.5868375],[49.6755879,40.5827016]]}},{"type":"Feature","properties":{"road_class":"secondary","name":"Heydər Əliyev pr.","highway":"secondary"},"geometry":{"type":"LineString","coordinates":[[49.6648396,40.6040676],[49.6646504,40.6022208]]}},{"type":"Feature","properties":{"road_class":"secondary","name":"Heydər Əliyev pr.","highway":"secondary"},"geometry":{"type":"LineString","coordinates":[[49.6646504,40.6022208],[49.6653721,40.6041183]]}},{"type":"Feature","properties":{"road_class":"secondary","name":"Heydər Əliyev pr.","highway":"secondary"},"geometry":{"type":"LineString","coordinates":[[49.6806855,40.5801752],[49.6758711,40.5829764]]}},{"type":"Feature","properties":{"road_class":"secondary","name":"Heydər Əliyev pr.","highway":"secondary"},"geometry":{"type":"LineString","coordinates":[[47.1809213,41.2034986],[47.178888,41.2038791]]}},{"type":"Feature","properties":{"road_class":"secondary","name":"Heydər Əliyev pr.","highway":"secondary"},"geometry":{"type":"LineString","coordinates":[[46.9698413,41.4333978],[46.9305387,41.4229062]]}},{"type":"Feature","properties":{"road_class":"secondary","name":"Heydər Əliyev pr.","highway":"secondary"},"geometry":{"type":"LineString","coordinates":[[48.7842142,41.4639933],[48.7902376,41.468182],[48.7999647,41.4707326]]}},{"type":"Feature","properties":{"road_class":"secondary","name":"Heydər Əliyev pr.","highway":"secondary"},"geometry":{"type":"LineString","coordinates":[[45.3548505,41.0878809],[45.3680575,41.0932064]]}},{"type":"Feature","properties":{"road_class":"secondary","name":"Heydər Əliyev pr.","highway":"secondary"},"geometry":{"type":"LineString","coordinates":[[47.7085546,40.6501186],[47.7274418,40.6497578],[47.7338421,40.6512456]]}},{"type":"Feature","properties":{"road_class":"secondary","name":"Heydər Əliyev pr.","highway":"secondary"},"geometry":{"type":"LineString","coordinates":[[46.0265234,40.8426455],[46.0197359,40.8285181]]}},{"type":"Feature","properties":{"road_class":"secondary","name":"Heydər Əliyev pr.","highway":"secondary"},"geometry":{"type":"LineString","coordinates":[[46.0267938,40.8425682],[46.032969,40.8532438]]}},{"type":"Feature","properties":{"road_class":"secondary","name":"Heydər Əliyev pr.","highway":"secondary"},"geometry":{"type":"LineString","coordinates":[[46.0325333,40.8534073],[46.0265494,40.8426713]]}},{"type":"Feature","properties":{"road_class":"secondary","name":"Heydər Əliyev pr.","highway":"secondary"},"geometry":{"type":"LineString","coordinates":[[49.6689772,40.5886046],[49.6686339,40.5890882]]}},{"type":"Feature","properties":{"road_class":"secondary","name":"Heydər Əliyev pr.","highway":"secondary"},"geometry":{"type":"LineString","coordinates":[[47.4639957,41.0659326],[47.4638502,41.0679942]]}},{"type":"Feature","properties":{"road_class":"secondary","name":"Heydər Əliyev pr.","highway":"secondary"},"geometry":{"type":"LineString","coordinates":[[49.6633034,40.5966269],[49.6646504,40.6022208]]}},{"type":"Feature","properties":{"road_class":"secondary","name":"Heydər Əliyev pr.","highway":"secondary"},"geometry":{"type":"LineString","coordinates":[[49.7493995,40.4478164],[49.7601122,40.4411661],[49.7718544,40.4413679]]}},{"type":"Feature","properties":{"road_class":"secondary","name":"Heydər Əliyev pr.","highway":"secondary"},"geometry":{"type":"LineString","coordinates":[[47.8484101,40.9806987],[47.836165,40.9656996]]}},{"type":"Feature","properties":{"road_class":"secondary","name":"Heydər Əliyev pr.","highway":"secondary"},"geometry":{"type":"LineString","coordinates":[[47.178888,41.2038791],[47.1689623,41.2062878]]}},{"type":"Feature","properties":{"road_class":"secondary","name":"Heydər Əliyev pr.","highway":"secondary"},"geometry":{"type":"LineString","coordinates":[[49.6686339,40.5890882],[49.6662109,40.5924282]]}},{"type":"Feature","properties":{"road_class":"secondary","name":"Heydər Əliyev pr.","highway":"secondary"},"geometry":{"type":"LineString","coordinates":[[49.7716505,40.4413175],[49.7601479,40.4412514],[49.7494586,40.4478731]]}},{"type":"Feature","properties":{"road_class":"secondary","name":"Heydər Əliyev pr.","highway":"secondary"},"geometry":{"type":"LineString","coordinates":[[49.7212759,40.4654907],[49.7465812,40.4496587]]}},{"type":"Feature","properties":{"road_class":"secondary","name":"Heydər Əliyev pr.","highway":"secondary"},"geometry":{"type":"LineString","coordinates":[[47.4623377,41.0559858],[47.4639957,41.0659326]]}},{"type":"Feature","properties":{"road_class":"secondary","name":"Heydər Əliyev pr.","highway":"secondary"},"geometry":{"type":"LineString","coordinates":[[46.9301822,41.4226051],[46.9698413,41.4333978]]}},{"type":"Feature","properties":{"road_class":"secondary","name":"Heydər Əliyev pr.","highway":"secondary"},"geometry":{"type":"LineString","coordinates":[[46.9189437,41.4196281],[46.9301822,41.4226051]]}},{"type":"Feature","properties":{"road_class":"secondary","name":"Heydər Əliyev pr.","highway":"secondary"},"geometry":{"type":"LineString","coordinates":[[49.6662109,40.5924282],[49.6633057,40.5965172]]}},{"type":"Feature","properties":{"road_class":"secondary","name":"Heydər Əliyev pr.","highway":"secondary"},"geometry":{"type":"LineString","coordinates":[[46.0197359,40.8285181],[46.0109829,40.8073389]]}},{"type":"Feature","properties":{"road_class":"secondary","name":"Heydər Əliyev pr.","highway":"secondary"},"geometry":{"type":"LineString","coordinates":[[47.7381614,40.6506914],[47.7484386,40.6493222]]}},{"type":"Feature","properties":{"road_class":"secondary","name":"Heydər Əliyev pr.","highway":"secondary"},"geometry":{"type":"LineString","coordinates":[[45.3807356,41.0980272],[45.3680575,41.0932064]]}},{"type":"Feature","properties":{"road_class":"secondary","name":"Heydər Əliyev pr.","highway":"secondary"},"geometry":{"type":"LineString","coordinates":[[49.6648659,40.604187],[49.6648396,40.6040676]]}},{"type":"Feature","properties":{"road_class":"secondary","name":"Heydər Əliyev pr.","highway":"secondary"},"geometry":{"type":"LineString","coordinates":[[49.6808858,40.5800621],[49.6806855,40.5801752]]}},{"type":"Feature","properties":{"road_class":"secondary","name":"Heydər Əliyev pr.","highway":"secondary"},"geometry":{"type":"LineString","coordinates":[[49.6689772,40.5886046],[49.6696882,40.5868375]]}},{"type":"Feature","properties":{"road_class":"secondary","name":"Heydər Əliyev pr.","highway":"secondary"},"geometry":{"type":"LineString","coordinates":[[49.6755879,40.5827016],[49.6805209,40.5797828]]}},{"type":"Feature","properties":{"road_class":"secondary","name":"Heydər Əliyev pr.","highway":"secondary"},"geometry":{"type":"LineString","coordinates":[[49.672896,40.5847507],[49.6701855,40.5869195]]}},{"type":"Feature","properties":{"road_class":"secondary","name":"Heydər Əliyev pr.","highway":"secondary"},"geometry":{"type":"LineString","coordinates":[[49.6701855,40.5869195],[49.6689772,40.5886046]]}},{"type":"Feature","properties":{"road_class":"secondary","name":"Heydər Əliyev pr.","highway":"secondary"},"geometry":{"type":"LineString","coordinates":[[49.6758711,40.5829764],[49.672896,40.5847507]]}},{"type":"Feature","properties":{"road_class":"secondary","name":"Heydər Əliyev prospekti","highway":"secondary"},"geometry":{"type":"LineString","coordinates":[[48.5462704,39.4548876],[48.5493481,39.4517428]]}},{"type":"Feature","properties":{"road_class":"secondary","name":"Heydər Əliyev prospekti","highway":"secondary"},"geometry":{"type":"LineString","coordinates":[[48.5462704,39.4548876],[48.5420706,39.459145],[48.5408513,39.4679539]]}},{"type":"Feature","properties":{"road_class":"secondary","name":"Heydər Əliyev prospekti","highway":"secondary"},"geometry":{"type":"LineString","coordinates":[[49.7720851,40.4418441],[49.7716505,40.4413175]]}},{"type":"Feature","properties":{"road_class":"secondary","name":"Heydər Əliyev prospekti","highway":"secondary"},"geometry":{"type":"LineString","coordinates":[[48.0415984,39.8550657],[48.0365,39.8427431]]}},{"type":"Feature","properties":{"road_class":"secondary","name":"Heydər Əliyev prospekti","highway":"secondary"},"geometry":{"type":"LineString","coordinates":[[48.0585311,39.8692736],[48.0455947,39.8636575]]}},{"type":"Feature","properties":{"road_class":"secondary","name":"Heydər Əliyev prospekti","highway":"secondary"},"geometry":{"type":"LineString","coordinates":[[45.4081938,39.212441],[45.4081008,39.2150128]]}},{"type":"Feature","properties":{"road_class":"secondary","name":"Heydər Əliyev prospekti","highway":"secondary"},"geometry":{"type":"LineString","coordinates":[[45.4081008,39.2150128],[45.4077657,39.220627]]}},{"type":"Feature","properties":{"road_class":"secondary","name":"Heydər Əliyev prospekti","highway":"secondary"},"geometry":{"type":"LineString","coordinates":[[46.9698413,41.4333978],[46.9832021,41.4390998],[46.9926318,41.4451938]]}},{"type":"Feature","properties":{"road_class":"secondary","name":"Heydər Əliyev prospekti","highway":"secondary"},"geometry":{"type":"LineString","coordinates":[[48.0437871,39.8603112],[48.0415984,39.8550657]]}},{"type":"Feature","properties":{"road_class":"secondary","name":"Heydər Əliyev prospekti","highway":"secondary"},"geometry":{"type":"LineString","coordinates":[[48.0455947,39.8636575],[48.0437871,39.8603112]]}},{"type":"Feature","properties":{"road_class":"secondary","name":"Heydər Əliyev prospekti","highway":"secondary"},"geometry":{"type":"LineString","coordinates":[[49.7718544,40.4413679],[49.772241,40.4416794]]}},{"type":"Feature","properties":{"road_class":"secondary","name":"Heydər Əliyev prospekti","highway":"secondary"},"geometry":{"type":"LineString","coordinates":[[45.4083239,39.2109984],[45.4081938,39.212441]]}},{"type":"Feature","properties":{"road_class":"secondary","name":"Heydər Əliyev prospekti","highway":"secondary"},"geometry":{"type":"LineString","coordinates":[[46.9313995,40.3389073],[46.9320456,40.3422125]]}},{"type":"Feature","properties":{"road_class":"secondary","name":"Heydər Əliyev prospekti","highway":"secondary"},"geometry":{"type":"LineString","coordinates":[[45.4077657,39.220627],[45.4077683,39.2207192]]}},{"type":"Feature","properties":{"road_class":"secondary","name":"Hövsan - Zığ Şosesi","highway":"secondary"},"geometry":{"type":"LineString","coordinates":[[50.0441135,40.3577963],[49.984704,40.3472217]]}},{"type":"Feature","properties":{"road_class":"secondary","name":"Hövsan Şosesi","highway":"secondary"},"geometry":{"type":"LineString","coordinates":[[49.9793045,40.3553223],[49.9809334,40.3503766]]}},{"type":"Feature","properties":{"road_class":"secondary","name":"Hövsan Şosesi","highway":"secondary"},"geometry":{"type":"LineString","coordinates":[[49.981584,40.350492],[49.978554,40.357816]]}},{"type":"Feature","properties":{"road_class":"secondary","name":"Hövsan Şosesi","highway":"secondary"},"geometry":{"type":"LineString","coordinates":[[49.9784526,40.3577594],[49.9793045,40.3553223]]}},{"type":"Feature","properties":{"road_class":"secondary","name":"Hövsan Şossesi","highway":"secondary"},"geometry":{"type":"LineString","coordinates":[[50.0548312,40.3604877],[50.059402,40.358032],[50.0663892,40.3588543]]}},{"type":"Feature","properties":{"road_class":"secondary","name":"Hüseyin Rəhimov küç.","highway":"secondary"},"geometry":{"type":"LineString","coordinates":[[49.8891,40.5004712],[49.8817813,40.4928652],[49.8709464,40.4929712]]}},{"type":"Feature","properties":{"road_class":"secondary","name":"Hüseyn Cavid","highway":"secondary"},"geometry":{"type":"LineString","coordinates":[[45.41144,39.2154606],[45.4164283,39.2150774]]}},{"type":"Feature","properties":{"road_class":"secondary","name":"Hüsü Hacıyev küç.","highway":"secondary"},"geometry":{"type":"LineString","coordinates":[[47.4430923,40.0373707],[47.4428568,40.0396366],[47.4454616,40.0429392],[47.4529308,40.0459254]]}},{"type":"Feature","properties":{"road_class":"secondary","name":"Hüvsan - Türkan yolu","highway":"secondary"},"geometry":{"type":"LineString","coordinates":[[50.2069973,40.359947],[50.1955971,40.3574471],[50.1874043,40.3582556],[50.1686442,40.3631228],[50.1574534,40.3635377],[50.1308204,40.3681653]]}},{"type":"Feature","properties":{"road_class":"secondary","name":"Həkəri-Zəngilan","highway":"secondary"},"geometry":{"type":"LineString","coordinates":[[46.6654552,39.0871371],[46.6652552,39.086425]]}},{"type":"Feature","properties":{"road_class":"secondary","name":"Həkəri-Zəngilan","highway":"secondary"},"geometry":{"type":"LineString","coordinates":[[46.7337391,39.1124972],[46.7335707,39.1140376],[46.7097297,39.1126945],[46.7000457,39.1173308],[46.6948259,39.1175292],[46.6762311,39.1044088],[46.6704809,39.1043687],[46.6699608,39.0965729],[46.6654552,39.0871371]]}},{"type":"Feature","properties":{"road_class":"secondary","name":"Həkəri-Zəngilan","highway":"secondary"},"geometry":{"type":"LineString","coordinates":[[46.6652552,39.086425],[46.6625916,39.0846126]]}},{"type":"Feature","properties":{"road_class":"secondary","name":"Həmid Həmidov küç.","highway":"secondary"},"geometry":{"type":"LineString","coordinates":[[48.9341916,40.0451247],[48.9371999,40.0437482]]}},{"type":"Feature","properties":{"road_class":"secondary","name":"Həsən Əliyev küçəsi","highway":"secondary"},"geometry":{"type":"LineString","coordinates":[[49.7273181,40.4784461],[49.7268911,40.478103]]}},{"type":"Feature","properties":{"road_class":"secondary","name":"Həsən Əliyev küçəsi","highway":"secondary"},"geometry":{"type":"LineString","coordinates":[[49.7258736,40.4772979],[49.7257969,40.477238]]}},{"type":"Feature","properties":{"road_class":"secondary","name":"Həsən Əliyev küçəsi","highway":"secondary"},"geometry":{"type":"LineString","coordinates":[[49.7268911,40.478103],[49.7258736,40.4772979]]}},{"type":"Feature","properties":{"road_class":"secondary","name":"Həsən Əliyev küçəsi","highway":"secondary"},"geometry":{"type":"LineString","coordinates":[[49.7257969,40.477238],[49.7253079,40.4768466]]}},{"type":"Feature","properties":{"road_class":"secondary","name":"Həsən Əliyev küçəsi","highway":"secondary"},"geometry":{"type":"LineString","coordinates":[[49.7253079,40.4768466],[49.725127,40.4767039]]}},{"type":"Feature","properties":{"road_class":"secondary","name":"Həsən Əliyev küçəsi","highway":"secondary"},"geometry":{"type":"LineString","coordinates":[[49.725127,40.4767039],[49.7235349,40.4749211]]}},{"type":"Feature","properties":{"road_class":"secondary","name":"Həsən Əliyev küçəsi","highway":"secondary"},"geometry":{"type":"LineString","coordinates":[[49.7235349,40.4749211],[49.7233094,40.4741417]]}},{"type":"Feature","properties":{"road_class":"secondary","name":"Həsən Əliyev küçəsi","highway":"secondary"},"geometry":{"type":"LineString","coordinates":[[49.7233094,40.4741417],[49.7228819,40.4726643]]}},{"type":"Feature","properties":{"road_class":"secondary","name":"Həsən Əliyev küçəsi","highway":"secondary"},"geometry":{"type":"LineString","coordinates":[[49.7228819,40.4726643],[49.7226327,40.471831]]}},{"type":"Feature","properties":{"road_class":"secondary","name":"Həsən Əliyev küçəsi","highway":"secondary"},"geometry":{"type":"LineString","coordinates":[[49.7226327,40.471831],[49.7224676,40.4712549]]}},{"type":"Feature","properties":{"road_class":"secondary","name":"Həsən Əliyev küçəsi","highway":"secondary"},"geometry":{"type":"LineString","coordinates":[[49.7224676,40.4712549],[49.7221684,40.4702108]]}},{"type":"Feature","properties":{"road_class":"secondary","name":"Həsən Əliyev küçəsi","highway":"secondary"},"geometry":{"type":"LineString","coordinates":[[49.7221684,40.4702108],[49.7219505,40.4694501]]}},{"type":"Feature","properties":{"road_class":"secondary","name":"Həsən Əliyev küçəsi","highway":"secondary"},"geometry":{"type":"LineString","coordinates":[[49.7219505,40.4694501],[49.7218767,40.4691931]]}},{"type":"Feature","properties":{"road_class":"secondary","name":"Həsən Əliyev küçəsi","highway":"secondary"},"geometry":{"type":"LineString","coordinates":[[49.7218767,40.4691931],[49.7217425,40.4687384]]}},{"type":"Feature","properties":{"road_class":"secondary","name":"Həsən Əliyev küçəsi","highway":"secondary"},"geometry":{"type":"LineString","coordinates":[[49.7217425,40.4687384],[49.7215286,40.4680176]]}},{"type":"Feature","properties":{"road_class":"secondary","name":"Həsən Əliyev küçəsi","highway":"secondary"},"geometry":{"type":"LineString","coordinates":[[49.7215286,40.4680176],[49.7214395,40.4677177]]}},{"type":"Feature","properties":{"road_class":"secondary","name":"Həsən Əliyev küçəsi","highway":"secondary"},"geometry":{"type":"LineString","coordinates":[[49.7214395,40.4677177],[49.7212518,40.4670595]]}},{"type":"Feature","properties":{"road_class":"secondary","name":"Həsən Əliyev küçəsi","highway":"secondary"},"geometry":{"type":"LineString","coordinates":[[49.7212518,40.4670595],[49.7211981,40.4668724]]}},{"type":"Feature","properties":{"road_class":"secondary","name":"Həsən Əliyev küçəsi","highway":"secondary"},"geometry":{"type":"LineString","coordinates":[[49.7211981,40.4668724],[49.7209856,40.4660906]]}},{"type":"Feature","properties":{"road_class":"secondary","name":"Həydər Əliyev küç.","highway":"secondary"},"geometry":{"type":"LineString","coordinates":[[46.323856,40.6028688],[46.322019,40.5985514]]}},{"type":"Feature","properties":{"road_class":"secondary","name":"Həzi Aslanov küç.","highway":"secondary"},"geometry":{"type":"LineString","coordinates":[[47.847768,40.9798108],[47.8505417,40.9790476]]}},{"type":"Feature","properties":{"road_class":"secondary","name":"Həzi Aslanov küç.","highway":"secondary"},"geometry":{"type":"LineString","coordinates":[[47.8508925,40.9789072],[47.8562448,40.9742389]]}},{"type":"Feature","properties":{"road_class":"secondary","name":"Həzi Aslanov küç.","highway":"secondary"},"geometry":{"type":"LineString","coordinates":[[46.0208151,40.8282471],[46.0267777,40.8425371]]}},{"type":"Feature","properties":{"road_class":"secondary","name":"Həzi Aslanov küç.","highway":"secondary"},"geometry":{"type":"LineString","coordinates":[[45.6141265,40.9922],[45.6181595,40.9886464]]}},{"type":"Feature","properties":{"road_class":"secondary","name":"Həzi Aslanov küç.","highway":"secondary"},"geometry":{"type":"LineString","coordinates":[[48.9310792,40.0411591],[48.9341916,40.0451247]]}},{"type":"Feature","properties":{"road_class":"secondary","name":"Həzi Aslanov küç.","highway":"secondary"},"geometry":{"type":"LineString","coordinates":[[47.4529308,40.0459254],[47.4560064,40.0445496]]}},{"type":"Feature","properties":{"road_class":"secondary","name":"Həzrə yolu","highway":"secondary"},"geometry":{"type":"LineString","coordinates":[[48.2461851,41.5077539],[48.2506473,41.5059327],[48.2533318,41.5075147],[48.2576689,41.5069282],[48.2556412,41.505255],[48.2584709,41.5041402],[48.2640955,41.5040719],[48.2666522,41.5060112],[48.271033,41.5062634]]}},{"type":"Feature","properties":{"road_class":"secondary","name":"Həzrə yolu","highway":"secondary"},"geometry":{"type":"LineString","coordinates":[[48.2658362,41.5240095],[48.2482792,41.5109921],[48.2461851,41.5077539]]}},{"type":"Feature","properties":{"road_class":"secondary","name":"Kalinin küçəsi","highway":"secondary"},"geometry":{"type":"LineString","coordinates":[[48.0318789,40.7552983],[48.0312264,40.7445757]]}},{"type":"Feature","properties":{"road_class":"secondary","name":"Kalinovka yolu","highway":"secondary"},"geometry":{"type":"LineString","coordinates":[[48.7781228,39.0430813],[48.7746884,39.0457711],[48.747448,39.0540894],[48.7434128,39.0577985]]}},{"type":"Feature","properties":{"road_class":"secondary","name":"Kalinovka yolu","highway":"secondary"},"geometry":{"type":"LineString","coordinates":[[48.7698667,39.0324819],[48.7730705,39.0374772],[48.7796873,39.0419463]]}},{"type":"Feature","properties":{"road_class":"secondary","name":"Kalinovka yolu","highway":"secondary"},"geometry":{"type":"LineString","coordinates":[[48.7796873,39.0419463],[48.7784376,39.0428529]]}},{"type":"Feature","properties":{"road_class":"secondary","name":"Kalinovka yolu","highway":"secondary"},"geometry":{"type":"LineString","coordinates":[[48.7784376,39.0428529],[48.7781228,39.0430813]]}},{"type":"Feature","properties":{"road_class":"secondary","name":"Kazım Kazımzadə küçəsi","highway":"secondary"},"geometry":{"type":"LineString","coordinates":[[49.8509711,40.3879933],[49.8511709,40.3858686]]}},{"type":"Feature","properties":{"road_class":"secondary","name":"Kazım Kazımzadə küçəsi","highway":"secondary"},"geometry":{"type":"LineString","coordinates":[[49.849029,40.3916282],[49.8498748,40.3894736]]}},{"type":"Feature","properties":{"road_class":"secondary","name":"Kazım Kazımzadə küçəsi","highway":"secondary"},"geometry":{"type":"LineString","coordinates":[[49.8498748,40.3894736],[49.8509711,40.3879933]]}},{"type":"Feature","properties":{"road_class":"secondary","name":"Komsomol küç.","highway":"secondary"},"geometry":{"type":"LineString","coordinates":[[48.0312264,40.7445757],[48.0285877,40.739763]]}},{"type":"Feature","properties":{"road_class":"secondary","name":"Korgöz yolu","highway":"secondary"},"geometry":{"type":"LineString","coordinates":[[49.6473287,40.3026002],[49.6308915,40.3059479],[49.6100471,40.3047637]]}},{"type":"Feature","properties":{"road_class":"secondary","name":"Koroğlu Rəhimov küçəsi","highway":"secondary"},"geometry":{"type":"LineString","coordinates":[[49.8569333,40.4041394],[49.8569653,40.4040552]]}},{"type":"Feature","properties":{"road_class":"secondary","name":"Koroğlu Rəhimov küçəsi","highway":"secondary"},"geometry":{"type":"LineString","coordinates":[[49.857033,40.4041624],[49.856362,40.4057537]]}},{"type":"Feature","properties":{"road_class":"secondary","name":"Koroğlu Rəhimov küçəsi","highway":"secondary"},"geometry":{"type":"LineString","coordinates":[[49.856346,40.4056873],[49.8569333,40.4041394]]}},{"type":"Feature","properties":{"road_class":"secondary","name":"Koroğlu küç.","highway":"secondary"},"geometry":{"type":"LineString","coordinates":[[47.6534801,40.5100468],[47.6530856,40.5127938],[47.6500346,40.5140755]]}},{"type":"Feature","properties":{"road_class":"secondary","name":"Koroğlu küçəsi","highway":"secondary"},"geometry":{"type":"LineString","coordinates":[[48.8498647,38.7558752],[48.8520662,38.7590805]]}},{"type":"Feature","properties":{"road_class":"secondary","name":"Köhnə Alvadı yolu","highway":"secondary"},"geometry":{"type":"LineString","coordinates":[[48.614759,39.0733369],[48.6214134,39.061323],[48.6275216,39.0542044]]}},{"type":"Feature","properties":{"road_class":"secondary","name":"Kövüzbulaq yolu","highway":"secondary"},"geometry":{"type":"LineString","coordinates":[[48.2757244,39.171717],[48.2713893,39.1656827],[48.2724992,39.1620924],[48.2713576,39.1574976],[48.2727349,39.1546736]]}},{"type":"Feature","properties":{"road_class":"secondary","name":"Kür Qəsəbəsi yolu","highway":"secondary"},"geometry":{"type":"LineString","coordinates":[[46.1758637,40.9035399],[46.1915001,40.9289522]]}},{"type":"Feature","properties":{"road_class":"secondary","name":"Kür qəsəbə yolu","highway":"secondary"},"geometry":{"type":"LineString","coordinates":[[46.1128288,40.8093698],[46.1265116,40.8274845],[46.1298554,40.8341497],[46.1364091,40.8394258]]}},{"type":"Feature","properties":{"road_class":"secondary","name":"Kür qəsəbə yolu","highway":"secondary"},"geometry":{"type":"LineString","coordinates":[[46.1116331,40.807909],[46.1130784,40.8059056]]}},{"type":"Feature","properties":{"road_class":"secondary","name":"Kür qəsəbə yolu","highway":"secondary"},"geometry":{"type":"LineString","coordinates":[[46.1128288,40.8093698],[46.1120096,40.8082918]]}},{"type":"Feature","properties":{"road_class":"secondary","name":"Kürdəbazlı yolu","highway":"secondary"},"geometry":{"type":"LineString","coordinates":[[48.7434128,39.0577985],[48.7187235,39.0799374],[48.7059298,39.0889213]]}},{"type":"Feature","properties":{"road_class":"secondary","name":"Kəhrizli yolu","highway":"secondary"},"geometry":{"type":"LineString","coordinates":[[46.6155347,40.7000796],[46.6561556,40.7005595],[46.6646647,40.7041294],[46.6705648,40.7046707]]}},{"type":"Feature","properties":{"road_class":"secondary","name":"Kəlbəcər-İstisu yolu","highway":"secondary"},"geometry":{"type":"LineString","coordinates":[[45.9603215,39.9552904],[45.9586853,39.9609095],[45.9542358,39.967388],[45.9554952,39.9736782],[45.9526224,39.9776047],[45.9549077,39.9830724],[45.9595533,39.9862313],[45.9580106,39.9861987]]}},{"type":"Feature","properties":{"road_class":"secondary","name":"Kəlbəcər-İstisu yolu","highway":"secondary"},"geometry":{"type":"LineString","coordinates":[[45.9598781,39.9430824],[45.960785,39.9449731]]}},{"type":"Feature","properties":{"road_class":"secondary","name":"Kəlbəcər-İstisu yolu","highway":"secondary"},"geometry":{"type":"LineString","coordinates":[[45.9603215,39.9552904],[45.9608621,39.9532589],[45.958488,39.9517942],[45.9600152,39.9525211],[45.9590327,39.950716],[45.960785,39.9449731]]}},{"type":"Feature","properties":{"road_class":"secondary","name":"Kəlbəcər-İstisu yolu","highway":"secondary"},"geometry":{"type":"LineString","coordinates":[[45.9598822,39.9425304],[45.9598781,39.9430824]]}},{"type":"Feature","properties":{"road_class":"secondary","name":"Lahıc yolu","highway":"secondary"},"geometry":{"type":"LineString","coordinates":[[48.2925251,40.748301],[48.2977705,40.7567454],[48.3014774,40.7700565],[48.3001524,40.7748076],[48.3022623,40.7771288],[48.3057901,40.7774476],[48.3155751,40.7866504],[48.3157042,40.7904902],[48.3199632,40.7999957],[48.3170959,40.8028748],[48.3119051,40.8142628],[48.3133113,40.8164076],[48.3181983,40.8158169],[48.3201537,40.8175017]]}},{"type":"Feature","properties":{"road_class":"secondary","name":"Lahıc yolu","highway":"secondary"},"geometry":{"type":"LineString","coordinates":[[48.322933,40.8188974],[48.3288052,40.8242291],[48.3270496,40.8278127],[48.3281815,40.8291623],[48.3273031,40.8316543],[48.3351365,40.8377244],[48.3433869,40.8387309],[48.3469731,40.8414277],[48.3532494,40.8413506],[48.3560792,40.8394127],[48.3688948,40.8403745],[48.3773089,40.8441061]]}},{"type":"Feature","properties":{"road_class":"secondary","name":"Lahıc yolu","highway":"secondary"},"geometry":{"type":"LineString","coordinates":[[48.3203282,40.8179275],[48.322413,40.8190411]]}},{"type":"Feature","properties":{"road_class":"secondary","name":"Lahıc yolu","highway":"secondary"},"geometry":{"type":"LineString","coordinates":[[48.2814526,40.7319739],[48.2926764,40.7440084],[48.2924457,40.7481894]]}},{"type":"Feature","properties":{"road_class":"secondary","name":"Lermontov küçəsi","highway":"secondary"},"geometry":{"type":"LineString","coordinates":[[49.8284901,40.3617612],[49.8288798,40.3624635]]}},{"type":"Feature","properties":{"road_class":"secondary","name":"Lermontov küçəsi","highway":"secondary"},"geometry":{"type":"LineString","coordinates":[[49.8288798,40.3624635],[49.8297116,40.3618894]]}},{"type":"Feature","properties":{"road_class":"secondary","name":"Lev Starçuk küç.","highway":"secondary"},"geometry":{"type":"LineString","coordinates":[[50.2048502,40.4958722],[50.1979239,40.4962059]]}},{"type":"Feature","properties":{"road_class":"secondary","name":"Lev Starçuk küç.","highway":"secondary"},"geometry":{"type":"LineString","coordinates":[[50.1979239,40.4962059],[50.1976556,40.4962942]]}},{"type":"Feature","properties":{"road_class":"secondary","name":"Lev Starçuk küç.","highway":"secondary"},"geometry":{"type":"LineString","coordinates":[[50.1976684,40.4961355],[50.1979239,40.4962059]]}},{"type":"Feature","properties":{"road_class":"secondary","name":"Lutfi Zadə küçəsi","highway":"secondary"},"geometry":{"type":"LineString","coordinates":[[49.9646247,40.3835022],[49.9646477,40.3844968]]}},{"type":"Feature","properties":{"road_class":"secondary","name":"Lutfi Zadə küçəsi","highway":"secondary"},"geometry":{"type":"LineString","coordinates":[[49.966242,40.3927607],[49.9657059,40.3950433]]}},{"type":"Feature","properties":{"road_class":"secondary","name":"Lutfi Zadə küçəsi","highway":"secondary"},"geometry":{"type":"LineString","coordinates":[[49.9665029,40.3915095],[49.9665012,40.391582]]}},{"type":"Feature","properties":{"road_class":"secondary","name":"Lutfi Zadə küçəsi","highway":"secondary"},"geometry":{"type":"LineString","coordinates":[[49.9665012,40.391582],[49.9664844,40.3917356]]}},{"type":"Feature","properties":{"road_class":"secondary","name":"Lutfi Zadə küçəsi","highway":"secondary"},"geometry":{"type":"LineString","coordinates":[[49.9650816,40.3863798],[49.9651342,40.3865202]]}},{"type":"Feature","properties":{"road_class":"secondary","name":"Lutfi Zadə küçəsi","highway":"secondary"},"geometry":{"type":"LineString","coordinates":[[49.9648188,40.385791],[49.9650816,40.3863798]]}},{"type":"Feature","properties":{"road_class":"secondary","name":"Lutfi Zadə küçəsi","highway":"secondary"},"geometry":{"type":"LineString","coordinates":[[49.9646477,40.3844968],[49.9648188,40.385791]]}},{"type":"Feature","properties":{"road_class":"secondary","name":"Lutfi Zadə küçəsi","highway":"secondary"},"geometry":{"type":"LineString","coordinates":[[49.9651342,40.3865202],[49.9651755,40.3866285]]}},{"type":"Feature","properties":{"road_class":"secondary","name":"Lutfi Zadə küçəsi","highway":"secondary"},"geometry":{"type":"LineString","coordinates":[[49.9651755,40.3866285],[49.9654346,40.3873073]]}},{"type":"Feature","properties":{"road_class":"secondary","name":"Lutfi Zadə küçəsi","highway":"secondary"},"geometry":{"type":"LineString","coordinates":[[49.9654346,40.3873073],[49.9654908,40.3874545]]}},{"type":"Feature","properties":{"road_class":"secondary","name":"Lutfi Zadə küçəsi","highway":"secondary"},"geometry":{"type":"LineString","coordinates":[[49.9654908,40.3874545],[49.9656282,40.3877967]]}},{"type":"Feature","properties":{"road_class":"secondary","name":"Lutfi Zadə küçəsi","highway":"secondary"},"geometry":{"type":"LineString","coordinates":[[49.9656282,40.3877967],[49.9657019,40.3879729]]}},{"type":"Feature","properties":{"road_class":"secondary","name":"Lutfi Zadə küçəsi","highway":"secondary"},"geometry":{"type":"LineString","coordinates":[[49.9657019,40.3879729],[49.9658567,40.388343]]}},{"type":"Feature","properties":{"road_class":"secondary","name":"Lutfi Zadə küçəsi","highway":"secondary"},"geometry":{"type":"LineString","coordinates":[[49.9658567,40.388343],[49.9659472,40.3885594]]}},{"type":"Feature","properties":{"road_class":"secondary","name":"Lutfi Zadə küçəsi","highway":"secondary"},"geometry":{"type":"LineString","coordinates":[[49.9659472,40.3885594],[49.9661942,40.3891514]]}},{"type":"Feature","properties":{"road_class":"secondary","name":"Lutfi Zadə küçəsi","highway":"secondary"},"geometry":{"type":"LineString","coordinates":[[49.9661942,40.3891514],[49.9663723,40.389581]]}},{"type":"Feature","properties":{"road_class":"secondary","name":"Lutfi Zadə küçəsi","highway":"secondary"},"geometry":{"type":"LineString","coordinates":[[49.9663723,40.389581],[49.9664444,40.3898011]]}},{"type":"Feature","properties":{"road_class":"secondary","name":"Lutfi Zadə küçəsi","highway":"secondary"},"geometry":{"type":"LineString","coordinates":[[49.9664444,40.3898011],[49.9664653,40.390016]]}},{"type":"Feature","properties":{"road_class":"secondary","name":"Lutfi Zadə küçəsi","highway":"secondary"},"geometry":{"type":"LineString","coordinates":[[49.9664653,40.390016],[49.9664747,40.3902816]]}},{"type":"Feature","properties":{"road_class":"secondary","name":"Lutfi Zadə küçəsi","highway":"secondary"},"geometry":{"type":"LineString","coordinates":[[49.9664747,40.3902816],[49.9664887,40.3907742]]}},{"type":"Feature","properties":{"road_class":"secondary","name":"Lutfi Zadə küçəsi","highway":"secondary"},"geometry":{"type":"LineString","coordinates":[[49.9664887,40.3907742],[49.9664907,40.390875]]}},{"type":"Feature","properties":{"road_class":"secondary","name":"Lutfi Zadə küçəsi","highway":"secondary"},"geometry":{"type":"LineString","coordinates":[[49.9664907,40.390875],[49.9664965,40.3911725]]}},{"type":"Feature","properties":{"road_class":"secondary","name":"Lutfi Zadə küçəsi","highway":"secondary"},"geometry":{"type":"LineString","coordinates":[[49.9664965,40.3911725],[49.9665029,40.3915095]]}},{"type":"Feature","properties":{"road_class":"secondary","name":"Lutfi Zadə küçəsi","highway":"secondary"},"geometry":{"type":"LineString","coordinates":[[49.9664844,40.3917356],[49.966242,40.3927607]]}},{"type":"Feature","properties":{"road_class":"secondary","name":"Lökbatan yolu","highway":"secondary"},"geometry":{"type":"LineString","coordinates":[[49.7625777,40.3028523],[49.7610132,40.3029983]]}},{"type":"Feature","properties":{"road_class":"secondary","name":"Lökbatan yolu","highway":"secondary"},"geometry":{"type":"LineString","coordinates":[[49.7344641,40.3123688],[49.7432879,40.3092795]]}},{"type":"Feature","properties":{"road_class":"secondary","name":"Lökbatan yolu","highway":"secondary"},"geometry":{"type":"LineString","coordinates":[[49.7610132,40.3029983],[49.7599659,40.303358]]}},{"type":"Feature","properties":{"road_class":"secondary","name":"Lökbatan yolu","highway":"secondary"},"geometry":{"type":"LineString","coordinates":[[49.7599659,40.303358],[49.7585478,40.3038547]]}},{"type":"Feature","properties":{"road_class":"secondary","name":"Lökbatan yolu","highway":"secondary"},"geometry":{"type":"LineString","coordinates":[[49.7585478,40.3038547],[49.7499566,40.3069611]]}},{"type":"Feature","properties":{"road_class":"secondary","name":"Lökbatan yolu","highway":"secondary"},"geometry":{"type":"LineString","coordinates":[[49.7499566,40.3069611],[49.7498069,40.307014]]}},{"type":"Feature","properties":{"road_class":"secondary","name":"Lökbatan yolu","highway":"secondary"},"geometry":{"type":"LineString","coordinates":[[49.7498069,40.307014],[49.7479029,40.307704]]}},{"type":"Feature","properties":{"road_class":"secondary","name":"Lökbatan yolu","highway":"secondary"},"geometry":{"type":"LineString","coordinates":[[49.7479029,40.307704],[49.7464654,40.3082687]]}},{"type":"Feature","properties":{"road_class":"secondary","name":"Lökbatan yolu","highway":"secondary"},"geometry":{"type":"LineString","coordinates":[[49.7464654,40.3082687],[49.7453177,40.3086509]]}},{"type":"Feature","properties":{"road_class":"secondary","name":"Lökbatan yolu","highway":"secondary"},"geometry":{"type":"LineString","coordinates":[[49.7453177,40.3086509],[49.7430437,40.3094778]]}},{"type":"Feature","properties":{"road_class":"secondary","name":"Lökbatan yolu","highway":"secondary"},"geometry":{"type":"LineString","coordinates":[[49.7430437,40.3094778],[49.7393509,40.3108219]]}},{"type":"Feature","properties":{"road_class":"secondary","name":"Lökbatan yolu","highway":"secondary"},"geometry":{"type":"LineString","coordinates":[[49.7393509,40.3108219],[49.7360418,40.3120031]]}},{"type":"Feature","properties":{"road_class":"secondary","name":"Lökbatan yolu","highway":"secondary"},"geometry":{"type":"LineString","coordinates":[[49.7360418,40.3120031],[49.7347852,40.3125815]]}},{"type":"Feature","properties":{"road_class":"secondary","name":"Lökbatan yolu","highway":"secondary"},"geometry":{"type":"LineString","coordinates":[[49.7463589,40.3081061],[49.7529009,40.3057652]]}},{"type":"Feature","properties":{"road_class":"secondary","name":"Lökbatan yolu","highway":"secondary"},"geometry":{"type":"LineString","coordinates":[[49.7432879,40.3092795],[49.7463589,40.3081061]]}},{"type":"Feature","properties":{"road_class":"secondary","name":"Lökbatan yolu","highway":"secondary"},"geometry":{"type":"LineString","coordinates":[[49.7529009,40.3057652],[49.7563408,40.304518]]}},{"type":"Feature","properties":{"road_class":"secondary","name":"Lökbatan yolu","highway":"secondary"},"geometry":{"type":"LineString","coordinates":[[49.7563408,40.304518],[49.7584741,40.3037445]]}},{"type":"Feature","properties":{"road_class":"secondary","name":"Lökbatan yolu","highway":"secondary"},"geometry":{"type":"LineString","coordinates":[[49.7584741,40.3037445],[49.758762,40.3036386]]}},{"type":"Feature","properties":{"road_class":"secondary","name":"Lökbatan yolu","highway":"secondary"},"geometry":{"type":"LineString","coordinates":[[49.758762,40.3036386],[49.7591214,40.3035127]]}},{"type":"Feature","properties":{"road_class":"secondary","name":"Lökbatan yolu","highway":"secondary"},"geometry":{"type":"LineString","coordinates":[[49.7591214,40.3035127],[49.7594675,40.3033923]]}},{"type":"Feature","properties":{"road_class":"secondary","name":"Lökbatan yolu","highway":"secondary"},"geometry":{"type":"LineString","coordinates":[[49.7594675,40.3033923],[49.7598783,40.3032531]]}},{"type":"Feature","properties":{"road_class":"secondary","name":"Lökbatan yolu","highway":"secondary"},"geometry":{"type":"LineString","coordinates":[[49.7598783,40.3032531],[49.7601495,40.3031575]]}},{"type":"Feature","properties":{"road_class":"secondary","name":"Lökbatan yolu","highway":"secondary"},"geometry":{"type":"LineString","coordinates":[[49.7601495,40.3031575],[49.7611377,40.3028159]]}},{"type":"Feature","properties":{"road_class":"secondary","name":"Lökbatan yolu","highway":"secondary"},"geometry":{"type":"LineString","coordinates":[[49.7611377,40.3028159],[49.7612372,40.3027813]]}},{"type":"Feature","properties":{"road_class":"secondary","name":"Lökbatan yolu","highway":"secondary"},"geometry":{"type":"LineString","coordinates":[[49.7612372,40.3027813],[49.761499,40.3026932]]}},{"type":"Feature","properties":{"road_class":"secondary","name":"Lökbatan yolu","highway":"secondary"},"geometry":{"type":"LineString","coordinates":[[49.761499,40.3026932],[49.7621579,40.3023858]]}},{"type":"Feature","properties":{"road_class":"secondary","name":"Lökbatan yolu","highway":"secondary"},"geometry":{"type":"LineString","coordinates":[[49.7621579,40.3023858],[49.7622783,40.3022221]]}},{"type":"Feature","properties":{"road_class":"secondary","name":"Lökbatan-Puta","highway":"secondary"},"geometry":{"type":"LineString","coordinates":[[49.7343702,40.3129575],[49.732094,40.3176428],[49.704206,40.3177499]]}},{"type":"Feature","properties":{"road_class":"secondary","name":"Lək yolu","highway":"secondary"},"geometry":{"type":"LineString","coordinates":[[46.3992282,40.7254069],[46.413381,40.7386002],[46.4215747,40.7431253],[46.43092,40.7542684]]}},{"type":"Feature","properties":{"road_class":"secondary","name":"Ləkin yolu","highway":"secondary"},"geometry":{"type":"LineString","coordinates":[[48.2966072,39.1355117],[48.2961577,39.1306608],[48.3037635,39.1274458],[48.3056888,39.1215016],[48.3154923,39.1209634],[48.3194704,39.1159133]]}},{"type":"Feature","properties":{"road_class":"secondary","name":"M. Bektaşi caddesi","highway":"secondary"},"geometry":{"type":"LineString","coordinates":[[45.4081008,39.2150128],[45.4114646,39.2151508]]}},{"type":"Feature","properties":{"road_class":"secondary","name":"M.Bektaşi caddesi","highway":"secondary"},"geometry":{"type":"LineString","coordinates":[[45.4061177,39.2149592],[45.4081008,39.2150128]]}},{"type":"Feature","properties":{"road_class":"secondary","name":"M.Əsədov küçəsi","highway":"secondary"},"geometry":{"type":"LineString","coordinates":[[49.2476162,39.3743086],[49.2432299,39.3792817],[49.2430389,39.386113]]}},{"type":"Feature","properties":{"road_class":"secondary","name":"Mahmud Musatev küç.","highway":"secondary"},"geometry":{"type":"LineString","coordinates":[[47.8048415,40.6181011],[47.8215246,40.6110677]]}},{"type":"Feature","properties":{"road_class":"secondary","name":"Mahmud Əbilov küç.","highway":"secondary"},"geometry":{"type":"LineString","coordinates":[[48.4328326,41.4288614],[48.4370321,41.4235202]]}},{"type":"Feature","properties":{"road_class":"secondary","name":"Mahmud Əbilov küç.","highway":"secondary"},"geometry":{"type":"LineString","coordinates":[[48.2776836,41.5320916],[48.2658362,41.5240095]]}},{"type":"Feature","properties":{"road_class":"secondary","name":"Mahmud Əbilov küç.","highway":"secondary"},"geometry":{"type":"LineString","coordinates":[[48.2883004,41.5397487],[48.2776836,41.5320916]]}},{"type":"Feature","properties":{"road_class":"secondary","name":"Mahmudavar yolu","highway":"secondary"},"geometry":{"type":"LineString","coordinates":[[48.7106416,38.9060261],[48.7062291,38.8882072],[48.7103532,38.8788306]]}},{"type":"Feature","properties":{"road_class":"secondary","name":"Maksim Qorki küçəsi","highway":"secondary"},"geometry":{"type":"LineString","coordinates":[[46.7539192,39.8176323],[46.7536129,39.8177666]]}},{"type":"Feature","properties":{"road_class":"secondary","name":"Maksim Qorki küçəsi","highway":"secondary"},"geometry":{"type":"LineString","coordinates":[[46.75595,39.8174847],[46.7594296,39.817367],[46.7673796,39.8212414]]}},{"type":"Feature","properties":{"road_class":"secondary","name":"Maksim Qorki küçəsi","highway":"secondary"},"geometry":{"type":"LineString","coordinates":[[46.7536019,39.8175614],[46.7539192,39.8176323]]}},{"type":"Feature","properties":{"road_class":"secondary","name":"Maksim Qorki küçəsi","highway":"secondary"},"geometry":{"type":"LineString","coordinates":[[46.7539192,39.8176323],[46.75595,39.8174847]]}},{"type":"Feature","properties":{"road_class":"secondary","name":"Marışlı yolu","highway":"secondary"},"geometry":{"type":"LineString","coordinates":[[48.9224827,39.5592764],[48.9294121,39.5665622],[48.9344292,39.5668218],[48.94158,39.5728894]]}},{"type":"Feature","properties":{"road_class":"secondary","name":"Marışlı yolu","highway":"secondary"},"geometry":{"type":"LineString","coordinates":[[48.9196682,39.5510202],[48.9220176,39.5515262],[48.9224827,39.5592764]]}},{"type":"Feature","properties":{"road_class":"secondary","name":"Masazır-Novxanı şosesi","highway":"secondary"},"geometry":{"type":"LineString","coordinates":[[49.759618,40.490393],[49.7599294,40.4922241]]}},{"type":"Feature","properties":{"road_class":"secondary","name":"Masazır-Novxanı şosesi","highway":"secondary"},"geometry":{"type":"LineString","coordinates":[[49.7599294,40.4922241],[49.7597502,40.4983549],[49.7546339,40.5077793],[49.7528363,40.5158004],[49.7579143,40.5266405]]}},{"type":"Feature","properties":{"road_class":"secondary","name":"Maştağa - Nardaran yolu","highway":"secondary"},"geometry":{"type":"LineString","coordinates":[[49.9892558,40.5886243],[49.9912583,40.5822184],[49.9872284,40.5799776],[49.9834031,40.5669835],[49.9895083,40.5578608],[49.9942102,40.5571721],[49.9948968,40.5512071]]}},{"type":"Feature","properties":{"road_class":"secondary","name":"Mehdi Hüseyn küçəsi","highway":"secondary"},"geometry":{"type":"LineString","coordinates":[[49.8261175,40.3576802],[49.8252032,40.3570985]]}},{"type":"Feature","properties":{"road_class":"secondary","name":"Mehdi Hüseyn küçəsi","highway":"secondary"},"geometry":{"type":"LineString","coordinates":[[49.8266267,40.3580246],[49.8261175,40.3576802]]}},{"type":"Feature","properties":{"road_class":"secondary","name":"Mehdi Hüseyn küçəsi","highway":"secondary"},"geometry":{"type":"LineString","coordinates":[[49.8266267,40.3580246],[49.8272509,40.3585322]]}},{"type":"Feature","properties":{"road_class":"secondary","name":"Mehdi Hüseynzadə","highway":"secondary"},"geometry":{"type":"LineString","coordinates":[[47.749226,40.6368754],[47.7452406,40.6421459]]}},{"type":"Feature","properties":{"road_class":"secondary","name":"Mehdi Hüseynzadə küç.","highway":"secondary"},"geometry":{"type":"LineString","coordinates":[[49.8022057,40.4369391],[49.7954518,40.435688],[49.7951832,40.4372311]]}},{"type":"Feature","properties":{"road_class":"secondary","name":"Mehdi Mehdizadə küçəsi","highway":"secondary"},"geometry":{"type":"LineString","coordinates":[[49.8641743,40.3806162],[49.8579596,40.3794956]]}},{"type":"Feature","properties":{"road_class":"secondary","name":"Mehdi Mehdizadə küçəsi","highway":"secondary"},"geometry":{"type":"LineString","coordinates":[[49.8644038,40.3806443],[49.8641743,40.3806162]]}},{"type":"Feature","properties":{"road_class":"secondary","name":"Mehdiabad - Pirşağı şossesi","highway":"secondary"},"geometry":{"type":"LineString","coordinates":[[49.8561126,40.5007519],[49.8675391,40.5102781],[49.8719551,40.532599],[49.878161,40.5413681],[49.8828168,40.5523626],[49.8876399,40.5528157],[49.8913535,40.5510699]]}},{"type":"Feature","properties":{"road_class":"secondary","name":"Mikayıl Müsfiq küç.","highway":"secondary"},"geometry":{"type":"LineString","coordinates":[[47.1776359,41.1993856],[47.1647341,41.202146]]}},{"type":"Feature","properties":{"road_class":"secondary","name":"Mikayıl Müşfiq küç.","highway":"secondary"},"geometry":{"type":"LineString","coordinates":[[49.714366,40.5303451],[49.71012,40.544735],[49.7129169,40.547371]]}},{"type":"Feature","properties":{"road_class":"secondary","name":"Mikayıl Əliyev","highway":"secondary"},"geometry":{"type":"LineString","coordinates":[[49.9210932,40.4147867],[49.9290886,40.4039242]]}},{"type":"Feature","properties":{"road_class":"secondary","name":"Mikayıl Əliyev","highway":"secondary"},"geometry":{"type":"LineString","coordinates":[[49.9294418,40.404225],[49.92166,40.4150354]]}},{"type":"Feature","properties":{"road_class":"secondary","name":"Mikayıl Əliyev küç.","highway":"secondary"},"geometry":{"type":"LineString","coordinates":[[49.9396318,40.3962923],[49.9326039,40.399478],[49.9298379,40.4039071]]}},{"type":"Feature","properties":{"road_class":"secondary","name":"Mincivan qəsəbə yolu","highway":"secondary"},"geometry":{"type":"LineString","coordinates":[[46.7275958,39.0302414],[46.7373258,39.0315589],[46.7385971,39.0350279],[46.7336952,39.0385478]]}},{"type":"Feature","properties":{"road_class":"secondary","name":"Mincivan qəsəbə yolu","highway":"secondary"},"geometry":{"type":"LineString","coordinates":[[46.7023702,39.0251689],[46.7025402,39.0248788]]}},{"type":"Feature","properties":{"road_class":"secondary","name":"Mincivan qəsəbə yolu","highway":"secondary"},"geometry":{"type":"LineString","coordinates":[[46.714805,39.0274724],[46.7241456,39.0298698]]}},{"type":"Feature","properties":{"road_class":"secondary","name":"Mincivan qəsəbə yolu","highway":"secondary"},"geometry":{"type":"LineString","coordinates":[[46.7021435,39.0253297],[46.7023702,39.0251689]]}},{"type":"Feature","properties":{"road_class":"secondary","name":"Mincivan qəsəbə yolu","highway":"secondary"},"geometry":{"type":"LineString","coordinates":[[46.7241456,39.0298698],[46.7275958,39.0302414]]}},{"type":"Feature","properties":{"road_class":"secondary","name":"Mincivan qəsəbə yolu","highway":"secondary"},"geometry":{"type":"LineString","coordinates":[[46.7029171,39.0242312],[46.7031657,39.0232447]]}},{"type":"Feature","properties":{"road_class":"secondary","name":"Mincivan qəsəbə yolu","highway":"secondary"},"geometry":{"type":"LineString","coordinates":[[46.7027445,39.0247062],[46.7025983,39.0248989]]}},{"type":"Feature","properties":{"road_class":"secondary","name":"Mincivan qəsəbə yolu","highway":"secondary"},"geometry":{"type":"LineString","coordinates":[[46.7025983,39.0248989],[46.7024282,39.0251891]]}},{"type":"Feature","properties":{"road_class":"secondary","name":"Mincivan qəsəbə yolu","highway":"secondary"},"geometry":{"type":"LineString","coordinates":[[46.7024282,39.0251891],[46.7023686,39.0254047]]}},{"type":"Feature","properties":{"road_class":"secondary","name":"Mincivan qəsəbə yolu","highway":"secondary"},"geometry":{"type":"LineString","coordinates":[[46.7025402,39.0248788],[46.7026043,39.0246674]]}},{"type":"Feature","properties":{"road_class":"secondary","name":"Mir Cəlal Paşayev","highway":"secondary"},"geometry":{"type":"LineString","coordinates":[[46.2566671,40.6525267],[46.2601024,40.6569372],[46.2592568,40.6596944],[46.2649362,40.6619303],[46.2711971,40.6724488],[46.2765188,40.6904876],[46.2789612,40.6943222],[46.2799171,40.7011865]]}},{"type":"Feature","properties":{"road_class":"secondary","name":"Mir Cəlal Paşayev küç.","highway":"secondary"},"geometry":{"type":"LineString","coordinates":[[45.7422026,40.9203165],[45.7447175,40.915546],[45.7462905,40.9058723]]}},{"type":"Feature","properties":{"road_class":"secondary","name":"Mir Cəlal Paşayev küç.","highway":"secondary"},"geometry":{"type":"LineString","coordinates":[[45.7462905,40.9058723],[45.7475528,40.9006869]]}},{"type":"Feature","properties":{"road_class":"secondary","name":"Mirikənd - Harov yolu","highway":"secondary"},"geometry":{"type":"LineString","coordinates":[[46.8524241,39.8158815],[46.8524831,39.8143198],[46.8482866,39.8140338],[46.8491023,39.8073823],[46.8445854,39.8090936],[46.8429988,39.8071851]]}},{"type":"Feature","properties":{"road_class":"secondary","name":"Mirikənd - Harov yolu","highway":"secondary"},"geometry":{"type":"LineString","coordinates":[[46.9219773,39.8428546],[46.9202975,39.8401253],[46.9063789,39.8354057],[46.8967164,39.8288246],[46.893061,39.8293531],[46.8907804,39.8264012],[46.8828538,39.8251095],[46.8826424,39.8264877],[46.8799915,39.826579],[46.8770845,39.8238723],[46.8711376,39.8263064],[46.8692758,39.8235931],[46.8624186,39.8214435],[46.855655,39.8162183],[46.8524241,39.8158815]]}},{"type":"Feature","properties":{"road_class":"secondary","name":"Mirikənd - Harov yolu","highway":"secondary"},"geometry":{"type":"LineString","coordinates":[[46.8429988,39.8071851],[46.84196,39.8068255]]}},{"type":"Feature","properties":{"road_class":"secondary","name":"Mirsalayev küçəsi","highway":"secondary"},"geometry":{"type":"LineString","coordinates":[[48.8354034,38.7380303],[48.836399,38.7412028]]}},{"type":"Feature","properties":{"road_class":"secondary","name":"Mirzə Fətəli Axundov","highway":"secondary"},"geometry":{"type":"LineString","coordinates":[[48.1477338,40.7863788],[48.1465591,40.7873506]]}},{"type":"Feature","properties":{"road_class":"secondary","name":"Mirzə Fətəli Axundov küç.","highway":"secondary"},"geometry":{"type":"LineString","coordinates":[[48.1590146,40.7804155],[48.1477338,40.7863788]]}},{"type":"Feature","properties":{"road_class":"secondary","name":"Mirzə Mirzəyev küç.","highway":"secondary"},"geometry":{"type":"LineString","coordinates":[[48.9292643,39.9380396],[48.9339947,39.9329272],[48.9341515,39.9290957],[48.9222532,39.9278308],[48.9208346,39.9264816]]}},{"type":"Feature","properties":{"road_class":"secondary","name":"Mirzə Şəfi Vazeh","highway":"secondary"},"geometry":{"type":"LineString","coordinates":[[46.3442302,40.6473423],[46.3401628,40.6412318]]}},{"type":"Feature","properties":{"road_class":"secondary","name":"Mirzə Şəfi Vazeh","highway":"secondary"},"geometry":{"type":"LineString","coordinates":[[46.3401628,40.6412318],[46.3352864,40.6349553]]}},{"type":"Feature","properties":{"road_class":"secondary","name":"Mirzə Şəfi Vazeh","highway":"secondary"},"geometry":{"type":"LineString","coordinates":[[46.3345819,40.6342831],[46.3344197,40.6341324]]}},{"type":"Feature","properties":{"road_class":"secondary","name":"Mirzə Şəfi Vazeh","highway":"secondary"},"geometry":{"type":"LineString","coordinates":[[46.3344197,40.6341324],[46.3341955,40.6339136]]}},{"type":"Feature","properties":{"road_class":"secondary","name":"Mirzə Şəfi Vazeh","highway":"secondary"},"geometry":{"type":"LineString","coordinates":[[46.3341955,40.6339136],[46.3337027,40.6334664]]}},{"type":"Feature","properties":{"road_class":"secondary","name":"Mirzə Şəfi Vazeh","highway":"secondary"},"geometry":{"type":"LineString","coordinates":[[46.3336661,40.6334343],[46.3309348,40.6307031],[46.325563,40.6071862]]}},{"type":"Feature","properties":{"road_class":"secondary","name":"Mirzə Şəfi Vazeh","highway":"secondary"},"geometry":{"type":"LineString","coordinates":[[46.3337027,40.6334664],[46.3336661,40.6334343]]}},{"type":"Feature","properties":{"road_class":"secondary","name":"Mirzə Şəfi Vazeh","highway":"secondary"},"geometry":{"type":"LineString","coordinates":[[46.3351663,40.6348322],[46.3345819,40.6342831]]}},{"type":"Feature","properties":{"road_class":"secondary","name":"Mirzə Şəfi Vazeh","highway":"secondary"},"geometry":{"type":"LineString","coordinates":[[46.3352864,40.6349553],[46.3351663,40.6348322]]}},{"type":"Feature","properties":{"road_class":"secondary","name":"Molla Pənah Vaqif küç.","highway":"secondary"},"geometry":{"type":"LineString","coordinates":[[48.523683,41.3637727],[48.551073,41.3715909]]}},{"type":"Feature","properties":{"road_class":"secondary","name":"Molla Pənah Vaqif küç.","highway":"secondary"},"geometry":{"type":"LineString","coordinates":[[48.551073,41.3715909],[48.5556596,41.3688137],[48.5570062,41.364661]]}},{"type":"Feature","properties":{"road_class":"secondary","name":"Molla Pənah Vaqif küç.","highway":"secondary"},"geometry":{"type":"LineString","coordinates":[[48.5509832,41.3716932],[48.5236308,41.3638594]]}},{"type":"Feature","properties":{"road_class":"secondary","name":"Mollaoba yolu","highway":"secondary"},"geometry":{"type":"LineString","coordinates":[[48.6964185,38.9403443],[48.7008912,38.933928]]}},{"type":"Feature","properties":{"road_class":"secondary","name":"Moranlı yolu","highway":"secondary"},"geometry":{"type":"LineString","coordinates":[[48.277521,39.2954657],[48.2725532,39.2798483],[48.2641378,39.2719024]]}},{"type":"Feature","properties":{"road_class":"secondary","name":"Moskva prospekti","highway":"secondary"},"geometry":{"type":"LineString","coordinates":[[49.8027695,40.4117759],[49.802884,40.4115876]]}},{"type":"Feature","properties":{"road_class":"secondary","name":"Moskva prospekti","highway":"secondary"},"geometry":{"type":"LineString","coordinates":[[49.8064074,40.4067567],[49.8041682,40.4105304]]}},{"type":"Feature","properties":{"road_class":"secondary","name":"Moskva prospekti","highway":"secondary"},"geometry":{"type":"LineString","coordinates":[[49.8062193,40.406101],[49.8067305,40.4052866]]}},{"type":"Feature","properties":{"road_class":"secondary","name":"Moskva prospekti","highway":"secondary"},"geometry":{"type":"LineString","coordinates":[[49.8029518,40.4124285],[49.8026872,40.4128774]]}},{"type":"Feature","properties":{"road_class":"secondary","name":"Moskva prospekti","highway":"secondary"},"geometry":{"type":"LineString","coordinates":[[49.8077691,40.4044827],[49.8073367,40.4051599]]}},{"type":"Feature","properties":{"road_class":"secondary","name":"Moskva prospekti","highway":"secondary"},"geometry":{"type":"LineString","coordinates":[[49.8025439,40.4131248],[49.802228,40.4136522]]}},{"type":"Feature","properties":{"road_class":"secondary","name":"Moskva prospekti","highway":"secondary"},"geometry":{"type":"LineString","coordinates":[[49.802228,40.4136522],[49.8013943,40.415098]]}},{"type":"Feature","properties":{"road_class":"secondary","name":"Moskva prospekti","highway":"secondary"},"geometry":{"type":"LineString","coordinates":[[49.8026872,40.4128774],[49.8026728,40.412903]]}},{"type":"Feature","properties":{"road_class":"secondary","name":"Moskva prospekti","highway":"secondary"},"geometry":{"type":"LineString","coordinates":[[49.8026728,40.412903],[49.8025439,40.4131248]]}},{"type":"Feature","properties":{"road_class":"secondary","name":"Moskva prospekti","highway":"secondary"},"geometry":{"type":"LineString","coordinates":[[49.8067305,40.4052866],[49.8068882,40.405029]]}},{"type":"Feature","properties":{"road_class":"secondary","name":"Moskva prospekti","highway":"secondary"},"geometry":{"type":"LineString","coordinates":[[49.8068882,40.405029],[49.8071772,40.4045897]]}},{"type":"Feature","properties":{"road_class":"secondary","name":"Moskva prospekti","highway":"secondary"},"geometry":{"type":"LineString","coordinates":[[49.8071772,40.4045897],[49.8072752,40.4044387]]}},{"type":"Feature","properties":{"road_class":"secondary","name":"Moskva prospekti","highway":"secondary"},"geometry":{"type":"LineString","coordinates":[[49.8072752,40.4044387],[49.807335,40.4043465]]}},{"type":"Feature","properties":{"road_class":"secondary","name":"Moskva prospekti","highway":"secondary"},"geometry":{"type":"LineString","coordinates":[[49.8071982,40.4053946],[49.8067131,40.4062378]]}},{"type":"Feature","properties":{"road_class":"secondary","name":"Moskva prospekti","highway":"secondary"},"geometry":{"type":"LineString","coordinates":[[49.8067131,40.4062378],[49.8066839,40.4062909]]}},{"type":"Feature","properties":{"road_class":"secondary","name":"Moskva prospekti","highway":"secondary"},"geometry":{"type":"LineString","coordinates":[[49.8066839,40.4062909],[49.8064074,40.4067567]]}},{"type":"Feature","properties":{"road_class":"secondary","name":"Moskva prospekti","highway":"secondary"},"geometry":{"type":"LineString","coordinates":[[49.8073367,40.4051599],[49.8071982,40.4053946]]}},{"type":"Feature","properties":{"road_class":"secondary","name":"Moskva prospekti","highway":"secondary"},"geometry":{"type":"LineString","coordinates":[[49.802884,40.4115876],[49.8033595,40.4108058]]}},{"type":"Feature","properties":{"road_class":"secondary","name":"Moskva prospekti","highway":"secondary"},"geometry":{"type":"LineString","coordinates":[[49.8033595,40.4108058],[49.8036982,40.4102466]]}},{"type":"Feature","properties":{"road_class":"secondary","name":"Moskva prospekti","highway":"secondary"},"geometry":{"type":"LineString","coordinates":[[49.8036982,40.4102466],[49.8039626,40.4098131]]}},{"type":"Feature","properties":{"road_class":"secondary","name":"Moskva prospekti","highway":"secondary"},"geometry":{"type":"LineString","coordinates":[[49.8039626,40.4098131],[49.8040896,40.4095986]]}},{"type":"Feature","properties":{"road_class":"secondary","name":"Moskva prospekti","highway":"secondary"},"geometry":{"type":"LineString","coordinates":[[49.8040896,40.4095986],[49.8045249,40.4088874]]}},{"type":"Feature","properties":{"road_class":"secondary","name":"Moskva prospekti","highway":"secondary"},"geometry":{"type":"LineString","coordinates":[[49.8045249,40.4088874],[49.8054558,40.4073093]]}},{"type":"Feature","properties":{"road_class":"secondary","name":"Moskva prospekti","highway":"secondary"},"geometry":{"type":"LineString","coordinates":[[49.8054558,40.4073093],[49.8062193,40.406101]]}},{"type":"Feature","properties":{"road_class":"secondary","name":"Musa Musayev küç.","highway":"secondary"},"geometry":{"type":"LineString","coordinates":[[45.6188602,40.9798274],[45.6281881,40.9792085],[45.6342221,40.9833252],[45.6368797,40.9830935]]}},{"type":"Feature","properties":{"road_class":"secondary","name":"Musa Musayev küç.","highway":"secondary"},"geometry":{"type":"LineString","coordinates":[[45.613132,40.9735952],[45.6172757,40.9797772]]}},{"type":"Feature","properties":{"road_class":"secondary","name":"Musalı yolu","highway":"secondary"},"geometry":{"type":"LineString","coordinates":[[48.2898638,39.1443107],[48.2966072,39.1355117]]}},{"type":"Feature","properties":{"road_class":"secondary","name":"Mustafa Kamal Atatürk","highway":"secondary"},"geometry":{"type":"LineString","coordinates":[[45.4081938,39.212441],[45.4058543,39.2123469]]}},{"type":"Feature","properties":{"road_class":"secondary","name":"Mustafa Kamal Atatürk","highway":"secondary"},"geometry":{"type":"LineString","coordinates":[[45.4081938,39.212441],[45.4108356,39.2125452]]}},{"type":"Feature","properties":{"road_class":"secondary","name":"Mustafa Kamal Atatürk","highway":"secondary"},"geometry":{"type":"LineString","coordinates":[[45.4118121,39.2125509],[45.4214847,39.2130537]]}},{"type":"Feature","properties":{"road_class":"secondary","name":"Mustafa Kamal Atatürk","highway":"secondary"},"geometry":{"type":"LineString","coordinates":[[45.4108356,39.2125452],[45.4118121,39.2125509]]}},{"type":"Feature","properties":{"road_class":"secondary","name":"Mübariz İbrahimov","highway":"secondary"},"geometry":{"type":"LineString","coordinates":[[46.3908653,40.72002],[46.3899451,40.7200905]]}},{"type":"Feature","properties":{"road_class":"secondary","name":"Mübariz İbrahimov","highway":"secondary"},"geometry":{"type":"LineString","coordinates":[[46.3806779,40.7204114],[46.3762056,40.7167957]]}},{"type":"Feature","properties":{"road_class":"secondary","name":"Mübariz İbrahimov","highway":"secondary"},"geometry":{"type":"LineString","coordinates":[[46.3899451,40.7200905],[46.3806779,40.7204114]]}},{"type":"Feature","properties":{"road_class":"secondary","name":"Mübariz İbrahimov","highway":"secondary"},"geometry":{"type":"LineString","coordinates":[[46.3762056,40.7167957],[46.3750186,40.7146818]]}},{"type":"Feature","properties":{"road_class":"secondary","name":"Mübariz İbrahimov küçəsi","highway":"secondary"},"geometry":{"type":"LineString","coordinates":[[48.5299208,39.446894],[48.5451467,39.4560421]]}},{"type":"Feature","properties":{"road_class":"secondary","name":"Mürsəqulu yolu","highway":"secondary"},"geometry":{"type":"LineString","coordinates":[[48.7857357,39.3431192],[48.8026589,39.3313826],[48.809747,39.318023]]}},{"type":"Feature","properties":{"road_class":"secondary","name":"Müslüm Maqomayev küç.","highway":"secondary"},"geometry":{"type":"LineString","coordinates":[[47.0462678,40.7607595],[47.0448119,40.7718158]]}},{"type":"Feature","properties":{"road_class":"secondary","name":"Müzəffər Həsənov küç.","highway":"secondary"},"geometry":{"type":"LineString","coordinates":[[49.8036063,40.4049943],[49.8063368,40.4043176]]}},{"type":"Feature","properties":{"road_class":"secondary","name":"Müzəffər Həsənov küç.","highway":"secondary"},"geometry":{"type":"LineString","coordinates":[[49.8070349,40.4042989],[49.8035761,40.4050796]]}},{"type":"Feature","properties":{"road_class":"secondary","name":"Müzəffər Nərimanov","highway":"secondary"},"geometry":{"type":"LineString","coordinates":[[49.8961865,40.4155752],[49.8974779,40.4125823]]}},{"type":"Feature","properties":{"road_class":"secondary","name":"Müzəffər Nərimanov küç.","highway":"secondary"},"geometry":{"type":"LineString","coordinates":[[49.8962688,40.4156911],[49.8934591,40.4277209]]}},{"type":"Feature","properties":{"road_class":"secondary","name":"Müzəffər Nəsirli küçəsi","highway":"secondary"},"geometry":{"type":"LineString","coordinates":[[48.8479108,38.7499327],[48.8476769,38.7499472]]}},{"type":"Feature","properties":{"road_class":"secondary","name":"Müzəffər Nəsirli küçəsi","highway":"secondary"},"geometry":{"type":"LineString","coordinates":[[48.8476769,38.7499472],[48.8476532,38.7497338]]}},{"type":"Feature","properties":{"road_class":"secondary","name":"Müzəffər Nəsirli küçəsi","highway":"secondary"},"geometry":{"type":"LineString","coordinates":[[48.8509501,38.7521299],[48.8516814,38.7527727]]}},{"type":"Feature","properties":{"road_class":"secondary","name":"Müzəffər Nəsirli küçəsi","highway":"secondary"},"geometry":{"type":"LineString","coordinates":[[48.8479108,38.7499327],[48.8509501,38.7521299]]}},{"type":"Feature","properties":{"road_class":"secondary","name":"Müzəffər Nəsirli küçəsi","highway":"secondary"},"geometry":{"type":"LineString","coordinates":[[48.8476532,38.7497338],[48.8479108,38.7499327]]}},{"type":"Feature","properties":{"road_class":"secondary","name":"Müzəffər Nəsirli küçəsi","highway":"secondary"},"geometry":{"type":"LineString","coordinates":[[48.8457597,38.749097],[48.8476532,38.7497338]]}},{"type":"Feature","properties":{"road_class":"secondary","name":"Mədən 3 küç.","highway":"secondary"},"geometry":{"type":"LineString","coordinates":[[49.8557034,40.4803459],[49.8368855,40.4732897]]}},{"type":"Feature","properties":{"road_class":"secondary","name":"Mədən küç.","highway":"secondary"},"geometry":{"type":"LineString","coordinates":[[49.988039,40.3919868],[49.9936183,40.3952672],[49.9957417,40.3949299]]}},{"type":"Feature","properties":{"road_class":"secondary","name":"Mədətli yolu","highway":"secondary"},"geometry":{"type":"LineString","coordinates":[[48.2819709,39.2550393],[48.3035573,39.2622874],[48.3188085,39.2619266]]}},{"type":"Feature","properties":{"road_class":"secondary","name":"Məhsəti Gəncəvi","highway":"secondary"},"geometry":{"type":"LineString","coordinates":[[46.3416898,40.6972705],[46.3460864,40.7169948]]}},{"type":"Feature","properties":{"road_class":"secondary","name":"Məhəmməd Füzuli küçəsi","highway":"secondary"},"geometry":{"type":"LineString","coordinates":[[48.836399,38.7412028],[48.8408321,38.7438631]]}},{"type":"Feature","properties":{"road_class":"secondary","name":"Məhəmməd Füzuli küçəsi","highway":"secondary"},"geometry":{"type":"LineString","coordinates":[[48.836399,38.7412028],[48.8331825,38.740519]]}},{"type":"Feature","properties":{"road_class":"secondary","name":"Məhəmməd Füzuli küçəsi","highway":"secondary"},"geometry":{"type":"LineString","coordinates":[[48.8408321,38.7438631],[48.8457597,38.749097]]}},{"type":"Feature","properties":{"road_class":"secondary","name":"Məhəmməd Hadi küçəsi","highway":"secondary"},"geometry":{"type":"LineString","coordinates":[[49.9539676,40.3926274],[49.953825,40.3926255]]}},{"type":"Feature","properties":{"road_class":"secondary","name":"Məhəmməd Əmin Rəsulzadə küç.","highway":"secondary"},"geometry":{"type":"LineString","coordinates":[[46.7512505,39.8220946],[46.7520817,39.8235723]]}},{"type":"Feature","properties":{"road_class":"secondary","name":"Məhəmməd Əmin Rəsulzadə küçəsi","highway":"secondary"},"geometry":{"type":"LineString","coordinates":[[47.3452023,39.4508322],[47.3400416,39.447186]]}},{"type":"Feature","properties":{"road_class":"secondary","name":"Məhəmməd Əmin Rəsulzadə küçəsi","highway":"secondary"},"geometry":{"type":"LineString","coordinates":[[46.7531336,39.8254681],[46.7554328,39.8295525]]}},{"type":"Feature","properties":{"road_class":"secondary","name":"Məhəmməd Əmin Rəsulzadə küçəsi","highway":"secondary"},"geometry":{"type":"LineString","coordinates":[[46.7520817,39.8235723],[46.7531336,39.8254681]]}},{"type":"Feature","properties":{"road_class":"secondary","name":"Məhəmməd Əmin Rəsulzadə küçəsi","highway":"secondary"},"geometry":{"type":"LineString","coordinates":[[46.7505055,39.8207645],[46.7512505,39.8220946]]}},{"type":"Feature","properties":{"road_class":"secondary","name":"Məhəmməd Əmin Rəsulzadə küçəsi","highway":"secondary"},"geometry":{"type":"LineString","coordinates":[[46.7498161,39.8195285],[46.7505055,39.8207645]]}},{"type":"Feature","properties":{"road_class":"secondary","name":"Məhəmməd Əmin Rəsulzadə küçəsi","highway":"secondary"},"geometry":{"type":"LineString","coordinates":[[46.7490967,39.8182836],[46.7498161,39.8195285]]}},{"type":"Feature","properties":{"road_class":"secondary","name":"Məhəmməd Əmin Rəsulzadə küçəsi","highway":"secondary"},"geometry":{"type":"LineString","coordinates":[[46.7490276,39.8181439],[46.7490967,39.8182836]]}},{"type":"Feature","properties":{"road_class":"secondary","name":"Məhəmməd Əmin Rəsulzadə küçəsi","highway":"secondary"},"geometry":{"type":"LineString","coordinates":[[49.7496086,40.4480203],[49.7562293,40.4540234],[49.75644,40.4560785]]}},{"type":"Feature","properties":{"road_class":"secondary","name":"Məhəmməd Əmin Rəsulzadə küçəsi","highway":"secondary"},"geometry":{"type":"LineString","coordinates":[[49.7563281,40.4561826],[49.755555,40.4534229],[49.7489898,40.4484203]]}},{"type":"Feature","properties":{"road_class":"secondary","name":"Məhəmməd Əmin Rəsulzadə küçəsi","highway":"secondary"},"geometry":{"type":"LineString","coordinates":[[46.7554328,39.8295525],[46.756286,39.8316985]]}},{"type":"Feature","properties":{"road_class":"secondary","name":"Məhərrəm Seyidov küç.","highway":"secondary"},"geometry":{"type":"LineString","coordinates":[[49.5928767,40.237111],[49.5878205,40.232409],[49.5757232,40.2266296]]}},{"type":"Feature","properties":{"road_class":"secondary","name":"Məhərrəm Seyidov küç.","highway":"secondary"},"geometry":{"type":"LineString","coordinates":[[49.5947951,40.2389692],[49.5928767,40.237111]]}},{"type":"Feature","properties":{"road_class":"secondary","name":"Məhərrəm Seyidov küç.","highway":"secondary"},"geometry":{"type":"LineString","coordinates":[[49.5757232,40.2266296],[49.5684497,40.2232454]]}},{"type":"Feature","properties":{"road_class":"secondary","name":"Məmməd Araz küçəsi","highway":"secondary"},"geometry":{"type":"LineString","coordinates":[[49.8365982,40.4048485],[49.8376881,40.4050829]]}},{"type":"Feature","properties":{"road_class":"secondary","name":"Məmməd Araz küçəsi","highway":"secondary"},"geometry":{"type":"LineString","coordinates":[[49.8488156,40.4077023],[49.8482424,40.4075652]]}},{"type":"Feature","properties":{"road_class":"secondary","name":"Məmməd Araz küçəsi","highway":"secondary"},"geometry":{"type":"LineString","coordinates":[[49.8376881,40.4050829],[49.8378917,40.4051251]]}},{"type":"Feature","properties":{"road_class":"secondary","name":"Məmməd Araz küçəsi","highway":"secondary"},"geometry":{"type":"LineString","coordinates":[[49.8378917,40.4051251],[49.8399252,40.4055645]]}},{"type":"Feature","properties":{"road_class":"secondary","name":"Məmməd Araz küçəsi","highway":"secondary"},"geometry":{"type":"LineString","coordinates":[[49.8399252,40.4055645],[49.8409243,40.4057911]]}},{"type":"Feature","properties":{"road_class":"secondary","name":"Məmməd Araz küçəsi","highway":"secondary"},"geometry":{"type":"LineString","coordinates":[[49.8409243,40.4057911],[49.841253,40.4058652]]}},{"type":"Feature","properties":{"road_class":"secondary","name":"Məmməd Araz küçəsi","highway":"secondary"},"geometry":{"type":"LineString","coordinates":[[49.841253,40.4058652],[49.8414898,40.4059141]]}},{"type":"Feature","properties":{"road_class":"secondary","name":"Məmməd Araz küçəsi","highway":"secondary"},"geometry":{"type":"LineString","coordinates":[[49.8414898,40.4059141],[49.842167,40.4060817]]}},{"type":"Feature","properties":{"road_class":"secondary","name":"Məmməd Araz küçəsi","highway":"secondary"},"geometry":{"type":"LineString","coordinates":[[49.842167,40.4060817],[49.8436427,40.4064364]]}},{"type":"Feature","properties":{"road_class":"secondary","name":"Məmməd Araz küçəsi","highway":"secondary"},"geometry":{"type":"LineString","coordinates":[[49.8436427,40.4064364],[49.8453306,40.4068422]]}},{"type":"Feature","properties":{"road_class":"secondary","name":"Məmməd Araz küçəsi","highway":"secondary"},"geometry":{"type":"LineString","coordinates":[[49.8453306,40.4068422],[49.8454137,40.4068678]]}},{"type":"Feature","properties":{"road_class":"secondary","name":"Məmməd Araz küçəsi","highway":"secondary"},"geometry":{"type":"LineString","coordinates":[[49.8454137,40.4068678],[49.8461493,40.4070415]]}},{"type":"Feature","properties":{"road_class":"secondary","name":"Məmməd Araz küçəsi","highway":"secondary"},"geometry":{"type":"LineString","coordinates":[[49.8461493,40.4070415],[49.8464646,40.4071179]]}},{"type":"Feature","properties":{"road_class":"secondary","name":"Məmməd Araz küçəsi","highway":"secondary"},"geometry":{"type":"LineString","coordinates":[[49.8464646,40.4071179],[49.8481349,40.4075375]]}},{"type":"Feature","properties":{"road_class":"secondary","name":"Məmməd Araz küçəsi","highway":"secondary"},"geometry":{"type":"LineString","coordinates":[[49.8482424,40.4075652],[49.8481349,40.4075375]]}},{"type":"Feature","properties":{"road_class":"secondary","name":"Məmməd Əsədov küç.","highway":"secondary"},"geometry":{"type":"LineString","coordinates":[[46.4050511,41.723652],[46.4094491,41.7254705]]}},{"type":"Feature","properties":{"road_class":"secondary","name":"Məmməd Əsədov küçəsi","highway":"secondary"},"geometry":{"type":"LineString","coordinates":[[46.4094491,41.7254705],[46.411908,41.7258082]]}},{"type":"Feature","properties":{"road_class":"secondary","name":"Məmmədli yolu","highway":"secondary"},"geometry":{"type":"LineString","coordinates":[[49.9055393,40.507368],[49.9036574,40.5091599],[49.9003044,40.5092146],[49.8977689,40.5064404],[49.8979054,40.5042542],[49.8926715,40.5039979]]}},{"type":"Feature","properties":{"road_class":"secondary","name":"Məmmədli yolu","highway":"secondary"},"geometry":{"type":"LineString","coordinates":[[49.9396438,40.512338],[49.9308913,40.5086461],[49.9199546,40.5105035],[49.9108987,40.506882],[49.9063329,40.5071871]]}},{"type":"Feature","properties":{"road_class":"secondary","name":"Məmmədli yolu","highway":"secondary"},"geometry":{"type":"LineString","coordinates":[[49.8912255,40.5033879],[49.8891,40.5004712]]}},{"type":"Feature","properties":{"road_class":"secondary","name":"Mərkəz küç.","highway":"secondary"},"geometry":{"type":"LineString","coordinates":[[47.9149506,40.7028581],[47.9041874,40.699562]]}},{"type":"Feature","properties":{"road_class":"secondary","name":"Mətbuat küçəsi","highway":"secondary"},"geometry":{"type":"LineString","coordinates":[[49.8544592,40.482705],[49.8557034,40.4803459]]}},{"type":"Feature","properties":{"road_class":"secondary","name":"Mətbuat küçəsi","highway":"secondary"},"geometry":{"type":"LineString","coordinates":[[49.8379439,40.4811551],[49.8474142,40.4831795],[49.8544592,40.482705]]}},{"type":"Feature","properties":{"road_class":"secondary","name":"Mətbuat küçəsi","highway":"secondary"},"geometry":{"type":"LineString","coordinates":[[49.8368445,40.4809708],[49.8379439,40.4811551]]}},{"type":"Feature","properties":{"road_class":"secondary","name":"Nadim küç.","highway":"secondary"},"geometry":{"type":"LineString","coordinates":[[48.9336869,40.0378024],[48.9367192,40.0396038]]}},{"type":"Feature","properties":{"road_class":"secondary","name":"Naməddin Ibişov küç.","highway":"secondary"},"geometry":{"type":"LineString","coordinates":[[47.4839168,40.3494841],[47.4820677,40.3491269]]}},{"type":"Feature","properties":{"road_class":"secondary","name":"Natəvan küç.","highway":"secondary"},"geometry":{"type":"LineString","coordinates":[[46.9046467,41.4265901],[46.9078488,41.4172986]]}},{"type":"Feature","properties":{"road_class":"secondary","name":"Naxçıvan küç.","highway":"secondary"},"geometry":{"type":"LineString","coordinates":[[48.9436664,39.9699044],[48.9506681,39.9680474]]}},{"type":"Feature","properties":{"road_class":"secondary","name":"Naxçıvan küç.","highway":"secondary"},"geometry":{"type":"LineString","coordinates":[[48.9507236,39.9681724],[48.9437143,39.9700043]]}},{"type":"Feature","properties":{"road_class":"secondary","name":"Nazim Hikmət küçəsi","highway":"secondary"},"geometry":{"type":"LineString","coordinates":[[49.8069457,40.3796283],[49.8072795,40.3795727]]}},{"type":"Feature","properties":{"road_class":"secondary","name":"Nazim Hikmət küçəsi","highway":"secondary"},"geometry":{"type":"LineString","coordinates":[[49.807255,40.3798543],[49.8045951,40.3795208]]}},{"type":"Feature","properties":{"road_class":"secondary","name":"Nazim Hikmət küçəsi","highway":"secondary"},"geometry":{"type":"LineString","coordinates":[[49.805743,40.3795341],[49.8069457,40.3796283]]}},{"type":"Feature","properties":{"road_class":"secondary","name":"Nazim Hikmət küçəsi","highway":"secondary"},"geometry":{"type":"LineString","coordinates":[[49.8042999,40.3794353],[49.8044464,40.3794457]]}},{"type":"Feature","properties":{"road_class":"secondary","name":"Nazim Hikmət küçəsi","highway":"secondary"},"geometry":{"type":"LineString","coordinates":[[49.8044464,40.3794457],[49.8046022,40.3794568]]}},{"type":"Feature","properties":{"road_class":"secondary","name":"Nazim Hikmət küçəsi","highway":"secondary"},"geometry":{"type":"LineString","coordinates":[[49.8044369,40.3795108],[49.8042898,40.3795016]]}},{"type":"Feature","properties":{"road_class":"secondary","name":"Nazim Hikmət küçəsi","highway":"secondary"},"geometry":{"type":"LineString","coordinates":[[49.8046022,40.3794568],[49.805743,40.3795341]]}},{"type":"Feature","properties":{"road_class":"secondary","name":"Nazim Hikmət küçəsi","highway":"secondary"},"geometry":{"type":"LineString","coordinates":[[49.8045951,40.3795208],[49.8044369,40.3795108]]}},{"type":"Feature","properties":{"road_class":"secondary","name":"Nazim Hikmət küçəsi","highway":"secondary"},"geometry":{"type":"LineString","coordinates":[[49.8042898,40.3795016],[49.8041826,40.379494]]}},{"type":"Feature","properties":{"road_class":"secondary","name":"Nazim Hikmət küçəsi","highway":"secondary"},"geometry":{"type":"LineString","coordinates":[[49.8041884,40.3794271],[49.8042999,40.3794353]]}},{"type":"Feature","properties":{"road_class":"secondary","name":"Nazim Hikmət küçəsi","highway":"secondary"},"geometry":{"type":"LineString","coordinates":[[49.8004332,40.379095],[49.8041884,40.3794271]]}},{"type":"Feature","properties":{"road_class":"secondary","name":"Nazim Hikmət küçəsi","highway":"secondary"},"geometry":{"type":"LineString","coordinates":[[49.8041826,40.379494],[49.8004674,40.3791657]]}},{"type":"Feature","properties":{"road_class":"secondary","name":"Neapol küçəsi","highway":"secondary"},"geometry":{"type":"LineString","coordinates":[[49.9545369,40.37905],[49.9567671,40.3809241]]}},{"type":"Feature","properties":{"road_class":"secondary","name":"Neapol küçəsi","highway":"secondary"},"geometry":{"type":"LineString","coordinates":[[49.963707,40.382409],[49.9566906,40.3810137]]}},{"type":"Feature","properties":{"road_class":"secondary","name":"Neapol küçəsi","highway":"secondary"},"geometry":{"type":"LineString","coordinates":[[49.9567671,40.3809241],[49.9638404,40.3821501]]}},{"type":"Feature","properties":{"road_class":"secondary","name":"Neapol küçəsi","highway":"secondary"},"geometry":{"type":"LineString","coordinates":[[49.9566906,40.3810137],[49.9540775,40.3793546]]}},{"type":"Feature","properties":{"road_class":"secondary","name":"Neymət Quliyev","highway":"secondary"},"geometry":{"type":"LineString","coordinates":[[49.8511709,40.3858686],[49.8511982,40.385783]]}},{"type":"Feature","properties":{"road_class":"secondary","name":"Neymət Quliyev küç.","highway":"secondary"},"geometry":{"type":"LineString","coordinates":[[49.8511982,40.385783],[49.8512597,40.3856714]]}},{"type":"Feature","properties":{"road_class":"secondary","name":"Neymət Quliyev küç.","highway":"secondary"},"geometry":{"type":"LineString","coordinates":[[49.8512597,40.3856714],[49.8520678,40.3851282]]}},{"type":"Feature","properties":{"road_class":"secondary","name":"Neymət Quliyev küç.","highway":"secondary"},"geometry":{"type":"LineString","coordinates":[[49.8520678,40.3851282],[49.8521721,40.3850636]]}},{"type":"Feature","properties":{"road_class":"secondary","name":"Neymət Quliyev küç.","highway":"secondary"},"geometry":{"type":"LineString","coordinates":[[49.8521721,40.3850636],[49.8523205,40.3849526]]}},{"type":"Feature","properties":{"road_class":"secondary","name":"Neymət Quliyev küç.","highway":"secondary"},"geometry":{"type":"LineString","coordinates":[[49.8523205,40.3849526],[49.8524559,40.3848548]]}},{"type":"Feature","properties":{"road_class":"secondary","name":"Neymət Quliyev küç.","highway":"secondary"},"geometry":{"type":"LineString","coordinates":[[49.8524559,40.3848548],[49.8524974,40.3848255]]}},{"type":"Feature","properties":{"road_class":"secondary","name":"Neymət Quliyev küç.","highway":"secondary"},"geometry":{"type":"LineString","coordinates":[[49.8524974,40.3848255],[49.8532612,40.3842683]]}},{"type":"Feature","properties":{"road_class":"secondary","name":"Niyazi","highway":"secondary"},"geometry":{"type":"LineString","coordinates":[[49.6964869,40.5717371],[49.6996226,40.5697931],[49.698587,40.5655915]]}},{"type":"Feature","properties":{"road_class":"secondary","name":"Niyazi","highway":"secondary"},"geometry":{"type":"LineString","coordinates":[[49.6988228,40.5661249],[49.6997338,40.5698412],[49.6964869,40.5717371]]}},{"type":"Feature","properties":{"road_class":"secondary","name":"Niyazi","highway":"secondary"},"geometry":{"type":"LineString","coordinates":[[49.6983321,40.5642187],[49.69713,40.5605616]]}},{"type":"Feature","properties":{"road_class":"secondary","name":"Nizami ( Çənlibel ) küç.","highway":"secondary"},"geometry":{"type":"LineString","coordinates":[[49.9973678,40.5300129],[49.9915863,40.5314209],[49.9895538,40.53716],[49.9843846,40.5414647],[49.994692,40.5505401]]}},{"type":"Feature","properties":{"road_class":"secondary","name":"Nizami ( Çənlibel ) küç.","highway":"secondary"},"geometry":{"type":"LineString","coordinates":[[49.9986833,40.5290111],[49.9973678,40.5300129]]}},{"type":"Feature","properties":{"road_class":"secondary","name":"Nizami Gəncəvi","highway":"secondary"},"geometry":{"type":"LineString","coordinates":[[45.4059995,39.2203574],[45.4058543,39.2123469]]}},{"type":"Feature","properties":{"road_class":"secondary","name":"Nizami Gəncəvi","highway":"secondary"},"geometry":{"type":"LineString","coordinates":[[46.9482741,40.3376786],[46.9457318,40.3401],[46.9327663,40.3453615]]}},{"type":"Feature","properties":{"road_class":"secondary","name":"Nizami Gəncəvi","highway":"secondary"},"geometry":{"type":"LineString","coordinates":[[45.4058543,39.2123469],[45.4056589,39.2105978]]}},{"type":"Feature","properties":{"road_class":"secondary","name":"Nizami Gəncəvi küçəsi","highway":"secondary"},"geometry":{"type":"LineString","coordinates":[[48.8516814,38.7527727],[48.8507005,38.7533012]]}},{"type":"Feature","properties":{"road_class":"secondary","name":"Nizami Gəncəvi pr.","highway":"secondary"},"geometry":{"type":"LineString","coordinates":[[47.7451119,40.6430159],[47.7489757,40.6488902]]}},{"type":"Feature","properties":{"road_class":"secondary","name":"Nizami küç.","highway":"secondary"},"geometry":{"type":"LineString","coordinates":[[46.6519528,41.6312989],[46.6538777,41.6291233]]}},{"type":"Feature","properties":{"road_class":"secondary","name":"Nizami küç.","highway":"secondary"},"geometry":{"type":"LineString","coordinates":[[46.6501162,41.6329165],[46.6511368,41.6318075]]}},{"type":"Feature","properties":{"road_class":"secondary","name":"Nizami küç.","highway":"secondary"},"geometry":{"type":"LineString","coordinates":[[48.9189864,39.9345337],[48.9174244,39.9401544]]}},{"type":"Feature","properties":{"road_class":"secondary","name":"Nizami küç.","highway":"secondary"},"geometry":{"type":"LineString","coordinates":[[47.1479763,40.6145246],[47.1087582,40.6197492]]}},{"type":"Feature","properties":{"road_class":"secondary","name":"Nizami küç.","highway":"secondary"},"geometry":{"type":"LineString","coordinates":[[48.6868628,41.6333282],[48.6842669,41.6324528]]}},{"type":"Feature","properties":{"road_class":"secondary","name":"Nizami küç.","highway":"secondary"},"geometry":{"type":"LineString","coordinates":[[46.4722627,40.7106904],[46.4706539,40.7156819],[46.4644435,40.7141286]]}},{"type":"Feature","properties":{"road_class":"secondary","name":"Nizami küçəsi","highway":"secondary"},"geometry":{"type":"LineString","coordinates":[[44.9836578,39.5449015],[44.9799673,39.5529184]]}},{"type":"Feature","properties":{"road_class":"secondary","name":"Novruzallı yolu","highway":"secondary"},"geometry":{"type":"LineString","coordinates":[[48.2480937,39.2423484],[48.2593669,39.2387459],[48.2667829,39.2451621],[48.2749328,39.24735],[48.2819709,39.2550393]]}},{"type":"Feature","properties":{"road_class":"secondary","name":"Nüsrət Kəsəmənli küç.","highway":"secondary"},"geometry":{"type":"LineString","coordinates":[[46.3919383,40.7523488],[46.3874889,40.7667445]]}},{"type":"Feature","properties":{"road_class":"secondary","name":"Nəcəfqulu Rəfiyev küçəsi","highway":"secondary"},"geometry":{"type":"LineString","coordinates":[[49.8770683,40.3821846],[49.8768326,40.3835438]]}},{"type":"Feature","properties":{"road_class":"secondary","name":"Nəcəfqulu Rəfiyev küçəsi","highway":"secondary"},"geometry":{"type":"LineString","coordinates":[[49.8768121,40.3836356],[49.8766651,40.3843542]]}},{"type":"Feature","properties":{"road_class":"secondary","name":"Nəcəfqulu Rəfiyev küçəsi","highway":"secondary"},"geometry":{"type":"LineString","coordinates":[[49.877099,40.3819851],[49.8770683,40.3821846]]}},{"type":"Feature","properties":{"road_class":"secondary","name":"Nəcəfqulu Rəfiyev küçəsi","highway":"secondary"},"geometry":{"type":"LineString","coordinates":[[49.8771439,40.3816923],[49.877099,40.3819851]]}},{"type":"Feature","properties":{"road_class":"secondary","name":"Nəcəfqulu Rəfiyev küçəsi","highway":"secondary"},"geometry":{"type":"LineString","coordinates":[[49.8771632,40.3815846],[49.8771439,40.3816923]]}},{"type":"Feature","properties":{"road_class":"secondary","name":"Nəcəfqulu Rəfiyev küçəsi","highway":"secondary"},"geometry":{"type":"LineString","coordinates":[[49.8771791,40.3815],[49.8771632,40.3815846]]}},{"type":"Feature","properties":{"road_class":"secondary","name":"Nəcəfqulu Rəfiyev küçəsi","highway":"secondary"},"geometry":{"type":"LineString","coordinates":[[49.8772634,40.3810205],[49.8771791,40.3815]]}},{"type":"Feature","properties":{"road_class":"secondary","name":"Nəcəfqulu Rəfiyev küçəsi","highway":"secondary"},"geometry":{"type":"LineString","coordinates":[[49.8773776,40.3804587],[49.8772634,40.3810205]]}},{"type":"Feature","properties":{"road_class":"secondary","name":"Nəcəfqulu Rəfiyev küçəsi","highway":"secondary"},"geometry":{"type":"LineString","coordinates":[[49.8775094,40.3798725],[49.8773776,40.3804587]]}},{"type":"Feature","properties":{"road_class":"secondary","name":"Nəcəfqulu Rəfiyev küçəsi","highway":"secondary"},"geometry":{"type":"LineString","coordinates":[[49.8768326,40.3835438],[49.8768121,40.3836356]]}},{"type":"Feature","properties":{"road_class":"secondary","name":"Nəcəfqulu Rəfiyev küçəsi","highway":"secondary"},"geometry":{"type":"LineString","coordinates":[[49.8766651,40.3843542],[49.8765849,40.3847269]]}},{"type":"Feature","properties":{"road_class":"secondary","name":"Nəcəfqulu Rəfiyev küçəsi","highway":"secondary"},"geometry":{"type":"LineString","coordinates":[[49.8765849,40.3847269],[49.8764667,40.3852651]]}},{"type":"Feature","properties":{"road_class":"secondary","name":"Nəcəfqulu Rəfiyev küçəsi","highway":"secondary"},"geometry":{"type":"LineString","coordinates":[[49.8764667,40.3852651],[49.876373,40.3856917]]}},{"type":"Feature","properties":{"road_class":"secondary","name":"Nəcəfqulu Rəfiyev küçəsi","highway":"secondary"},"geometry":{"type":"LineString","coordinates":[[49.876373,40.3856917],[49.8763324,40.3858867]]}},{"type":"Feature","properties":{"road_class":"secondary","name":"Nəcəfqulu Rəfiyev küçəsi","highway":"secondary"},"geometry":{"type":"LineString","coordinates":[[49.8763324,40.3858867],[49.8763237,40.3859287]]}},{"type":"Feature","properties":{"road_class":"secondary","name":"Nəcəfqulu Rəfiyev küçəsi","highway":"secondary"},"geometry":{"type":"LineString","coordinates":[[49.8763237,40.3859287],[49.8762553,40.3862567]]}},{"type":"Feature","properties":{"road_class":"secondary","name":"Nəcəfqulu Rəfiyev küçəsi","highway":"secondary"},"geometry":{"type":"LineString","coordinates":[[49.8762553,40.3862567],[49.8762451,40.3862908]]}},{"type":"Feature","properties":{"road_class":"secondary","name":"Nəcəfqulu Rəfiyev küçəsi","highway":"secondary"},"geometry":{"type":"LineString","coordinates":[[49.8762451,40.3862908],[49.8760914,40.3869197]]}},{"type":"Feature","properties":{"road_class":"secondary","name":"Nəcəfqulu Rəfiyev küçəsi","highway":"secondary"},"geometry":{"type":"LineString","coordinates":[[49.8760914,40.3869197],[49.8760433,40.3871263]]}},{"type":"Feature","properties":{"road_class":"secondary","name":"Nəcəfqulu Rəfiyev küçəsi","highway":"secondary"},"geometry":{"type":"LineString","coordinates":[[49.8760433,40.3871263],[49.8760158,40.3872443]]}},{"type":"Feature","properties":{"road_class":"secondary","name":"Nəcəfqulu Rəfiyev küçəsi","highway":"secondary"},"geometry":{"type":"LineString","coordinates":[[49.8760158,40.3872443],[49.8760083,40.3872764]]}},{"type":"Feature","properties":{"road_class":"secondary","name":"Nəcəfqulu Rəfiyev küçəsi","highway":"secondary"},"geometry":{"type":"LineString","coordinates":[[49.8760083,40.3872764],[49.8759692,40.3874711]]}},{"type":"Feature","properties":{"road_class":"secondary","name":"Nəcəfqulu Rəfiyev küçəsi","highway":"secondary"},"geometry":{"type":"LineString","coordinates":[[49.8759692,40.3874711],[49.8759024,40.3878042]]}},{"type":"Feature","properties":{"road_class":"secondary","name":"Nəcəfqulu Rəfiyev küçəsi","highway":"secondary"},"geometry":{"type":"LineString","coordinates":[[49.8759024,40.3878042],[49.8758776,40.3879377]]}},{"type":"Feature","properties":{"road_class":"secondary","name":"Nəcəfqulu Rəfiyev küçəsi","highway":"secondary"},"geometry":{"type":"LineString","coordinates":[[49.8758776,40.3879377],[49.8758149,40.3883587]]}},{"type":"Feature","properties":{"road_class":"secondary","name":"Nəriman Nərimanov","highway":"secondary"},"geometry":{"type":"LineString","coordinates":[[46.3714301,40.6760649],[46.3732665,40.6765853]]}},{"type":"Feature","properties":{"road_class":"secondary","name":"Nəriman Nərimanov","highway":"secondary"},"geometry":{"type":"LineString","coordinates":[[49.6798014,40.5846553],[49.6762843,40.5895174]]}},{"type":"Feature","properties":{"road_class":"secondary","name":"Nəriman Nərimanov","highway":"secondary"},"geometry":{"type":"LineString","coordinates":[[46.3714301,40.6760649],[46.3707748,40.6754126]]}},{"type":"Feature","properties":{"road_class":"secondary","name":"Nəriman Nərimanov","highway":"secondary"},"geometry":{"type":"LineString","coordinates":[[46.3723387,40.6770737],[46.3714301,40.6760649]]}},{"type":"Feature","properties":{"road_class":"secondary","name":"Nəriman Nərimanov","highway":"secondary"},"geometry":{"type":"LineString","coordinates":[[46.3707748,40.6754126],[46.3660976,40.6710853]]}},{"type":"Feature","properties":{"road_class":"secondary","name":"Nəriman Nərimanov","highway":"secondary"},"geometry":{"type":"LineString","coordinates":[[46.3660976,40.6710853],[46.3643574,40.6692673]]}},{"type":"Feature","properties":{"road_class":"secondary","name":"Nəriman Nərimanov","highway":"secondary"},"geometry":{"type":"LineString","coordinates":[[46.3537812,40.6589701],[46.3524159,40.657792]]}},{"type":"Feature","properties":{"road_class":"secondary","name":"Nəriman Nərimanov","highway":"secondary"},"geometry":{"type":"LineString","coordinates":[[46.3524159,40.657792],[46.3447615,40.6479094]]}},{"type":"Feature","properties":{"road_class":"secondary","name":"Nəriman Nərimanov","highway":"secondary"},"geometry":{"type":"LineString","coordinates":[[49.6757568,40.5902276],[49.6714309,40.5962411]]}},{"type":"Feature","properties":{"road_class":"secondary","name":"Nəriman Nərimanov","highway":"secondary"},"geometry":{"type":"LineString","coordinates":[[47.734398,40.6526532],[47.7384333,40.6519358]]}},{"type":"Feature","properties":{"road_class":"secondary","name":"Nəriman Nərimanov","highway":"secondary"},"geometry":{"type":"LineString","coordinates":[[49.6769083,40.5879973],[49.6822359,40.5804031]]}},{"type":"Feature","properties":{"road_class":"secondary","name":"Nəriman Nərimanov","highway":"secondary"},"geometry":{"type":"LineString","coordinates":[[49.671076,40.5961244],[49.6758605,40.5894644]]}},{"type":"Feature","properties":{"road_class":"secondary","name":"Nəriman Nərimanov","highway":"secondary"},"geometry":{"type":"LineString","coordinates":[[49.6759294,40.5893678],[49.6769083,40.5879973]]}},{"type":"Feature","properties":{"road_class":"secondary","name":"Nəriman Nərimanov","highway":"secondary"},"geometry":{"type":"LineString","coordinates":[[49.6762128,40.5896136],[49.6757568,40.5902276]]}},{"type":"Feature","properties":{"road_class":"secondary","name":"Nəriman Nərimanov","highway":"secondary"},"geometry":{"type":"LineString","coordinates":[[49.6714309,40.5962411],[49.6713539,40.5963623]]}},{"type":"Feature","properties":{"road_class":"secondary","name":"Nəriman Nərimanov","highway":"secondary"},"geometry":{"type":"LineString","coordinates":[[49.6709964,40.5962833],[49.671076,40.5961244]]}},{"type":"Feature","properties":{"road_class":"secondary","name":"Nəriman Nərimanov","highway":"secondary"},"geometry":{"type":"LineString","coordinates":[[46.3445458,40.6476792],[46.3442302,40.6473423]]}},{"type":"Feature","properties":{"road_class":"secondary","name":"Nəriman Nərimanov","highway":"secondary"},"geometry":{"type":"LineString","coordinates":[[46.3447615,40.6479094],[46.3445458,40.6476792]]}},{"type":"Feature","properties":{"road_class":"secondary","name":"Nəriman Nərimanov","highway":"secondary"},"geometry":{"type":"LineString","coordinates":[[49.6827059,40.580567],[49.6798014,40.5846553]]}},{"type":"Feature","properties":{"road_class":"secondary","name":"Nəriman Nərimanov küç.","highway":"secondary"},"geometry":{"type":"LineString","coordinates":[[47.4565549,40.0525095],[47.4588113,40.0525094]]}},{"type":"Feature","properties":{"road_class":"secondary","name":"Nəriman Nərimanov pr.","highway":"secondary"},"geometry":{"type":"LineString","coordinates":[[48.8024936,41.4648362],[48.8042928,41.4665049]]}},{"type":"Feature","properties":{"road_class":"secondary","name":"Nəriman Nərimanov pr.","highway":"secondary"},"geometry":{"type":"LineString","coordinates":[[48.789786,41.4525683],[48.8024936,41.4648362]]}},{"type":"Feature","properties":{"road_class":"secondary","name":"Nəriman Nərimanov prospekti","highway":"secondary"},"geometry":{"type":"LineString","coordinates":[[46.3643574,40.6692673],[46.3588869,40.6638508]]}},{"type":"Feature","properties":{"road_class":"secondary","name":"Nəriman Nərimanov prospekti","highway":"secondary"},"geometry":{"type":"LineString","coordinates":[[49.8249642,40.3676066],[49.8248503,40.3687191]]}},{"type":"Feature","properties":{"road_class":"secondary","name":"Nəriman Nərimanov prospekti","highway":"secondary"},"geometry":{"type":"LineString","coordinates":[[49.8244671,40.3680265],[49.8249642,40.3676066]]}},{"type":"Feature","properties":{"road_class":"secondary","name":"Nəriman Nərimanov prospekti","highway":"secondary"},"geometry":{"type":"LineString","coordinates":[[49.8252934,40.3664549],[49.8256435,40.3654322]]}},{"type":"Feature","properties":{"road_class":"secondary","name":"Nəriman Nərimanov prospekti","highway":"secondary"},"geometry":{"type":"LineString","coordinates":[[46.3588869,40.6638508],[46.3537812,40.6589701]]}},{"type":"Feature","properties":{"road_class":"secondary","name":"Nəriman Nərimanov prospekti","highway":"secondary"},"geometry":{"type":"LineString","coordinates":[[49.8249642,40.3676066],[49.8252934,40.3664549]]}},{"type":"Feature","properties":{"road_class":"secondary","name":"Nəriman Əzimov küç.","highway":"secondary"},"geometry":{"type":"LineString","coordinates":[[49.9295653,40.4625972],[49.9177698,40.4548934],[49.9132845,40.4554137]]}},{"type":"Feature","properties":{"road_class":"secondary","name":"Nərimanov küç.","highway":"secondary"},"geometry":{"type":"LineString","coordinates":[[46.4190504,41.7208717],[46.4129156,41.7255363]]}},{"type":"Feature","properties":{"road_class":"secondary","name":"Nərimanov küç.","highway":"secondary"},"geometry":{"type":"LineString","coordinates":[[48.9356018,39.9527984],[48.9432917,39.9520172]]}},{"type":"Feature","properties":{"road_class":"secondary","name":"Nərimanov küç.","highway":"secondary"},"geometry":{"type":"LineString","coordinates":[[48.6404245,40.6520311],[48.6439982,40.6486976],[48.6439902,40.6441786],[48.6354715,40.6373696],[48.6300545,40.6361149],[48.6319509,40.632323]]}},{"type":"Feature","properties":{"road_class":"secondary","name":"Nərimanov küç.","highway":"secondary"},"geometry":{"type":"LineString","coordinates":[[49.7280049,40.3192011],[49.7279,40.3191412]]}},{"type":"Feature","properties":{"road_class":"secondary","name":"Nərimanov küç.","highway":"secondary"},"geometry":{"type":"LineString","coordinates":[[49.7281367,40.3216502],[49.7280049,40.3192011]]}},{"type":"Feature","properties":{"road_class":"secondary","name":"Nəsib bəy Yusifbəyli küçəsi","highway":"secondary"},"geometry":{"type":"LineString","coordinates":[[49.8498456,40.4001837],[49.8462965,40.3994538]]}},{"type":"Feature","properties":{"road_class":"secondary","name":"Nəsib bəy Yusifbəyli küçəsi","highway":"secondary"},"geometry":{"type":"LineString","coordinates":[[49.8426817,40.3988124],[49.8440587,40.3991483]]}},{"type":"Feature","properties":{"road_class":"secondary","name":"Nəsib bəy Yusifbəyli küçəsi","highway":"secondary"},"geometry":{"type":"LineString","coordinates":[[49.8334624,40.3967241],[49.8364551,40.3973905]]}},{"type":"Feature","properties":{"road_class":"secondary","name":"Nəsib bəy Yusifbəyli küçəsi","highway":"secondary"},"geometry":{"type":"LineString","coordinates":[[49.8408023,40.3983782],[49.8425029,40.3987708]]}},{"type":"Feature","properties":{"road_class":"secondary","name":"Nəsib bəy Yusifbəyli küçəsi","highway":"secondary"},"geometry":{"type":"LineString","coordinates":[[49.8440587,40.3991483],[49.8462965,40.3994538]]}},{"type":"Feature","properties":{"road_class":"secondary","name":"Nəsib bəy Yusifbəyli küçəsi","highway":"secondary"},"geometry":{"type":"LineString","coordinates":[[49.8384579,40.3978445],[49.8390399,40.397977]]}},{"type":"Feature","properties":{"road_class":"secondary","name":"Nəsib bəy Yusifbəyli küçəsi","highway":"secondary"},"geometry":{"type":"LineString","coordinates":[[49.838093,40.3977582],[49.8384579,40.3978445]]}},{"type":"Feature","properties":{"road_class":"secondary","name":"Nəsib bəy Yusifbəyli küçəsi","highway":"secondary"},"geometry":{"type":"LineString","coordinates":[[49.8364551,40.3973905],[49.838093,40.3977582]]}},{"type":"Feature","properties":{"road_class":"secondary","name":"Nəsib bəy Yusifbəyli küçəsi","highway":"secondary"},"geometry":{"type":"LineString","coordinates":[[49.8395021,40.3980822],[49.8408023,40.3983782]]}},{"type":"Feature","properties":{"road_class":"secondary","name":"Nəsib bəy Yusifbəyli küçəsi","highway":"secondary"},"geometry":{"type":"LineString","coordinates":[[49.8390399,40.397977],[49.8395021,40.3980822]]}},{"type":"Feature","properties":{"road_class":"secondary","name":"Nəsrəddin Tusi","highway":"secondary"},"geometry":{"type":"LineString","coordinates":[[45.4217505,39.194272],[45.417392,39.2002554]]}},{"type":"Feature","properties":{"road_class":"secondary","name":"Nəsrəddin Tusi küçəsi","highway":"secondary"},"geometry":{"type":"LineString","coordinates":[[49.9567671,40.3809241],[49.9568871,40.3807905]]}},{"type":"Feature","properties":{"road_class":"secondary","name":"Nəsrəddin Tusi küçəsi","highway":"secondary"},"geometry":{"type":"LineString","coordinates":[[49.9568871,40.3807905],[49.9601356,40.3775054],[49.9630632,40.370215]]}},{"type":"Feature","properties":{"road_class":"secondary","name":"Ocaqlı yolu","highway":"secondary"},"geometry":{"type":"LineString","coordinates":[[48.5026749,39.2661056],[48.4855504,39.2643138],[48.4813988,39.2650152],[48.4753211,39.268747]]}},{"type":"Feature","properties":{"road_class":"secondary","name":"Oqtay Əliyev küç.","highway":"secondary"},"geometry":{"type":"LineString","coordinates":[[50.0041223,40.4233292],[49.9994471,40.4241314]]}},{"type":"Feature","properties":{"road_class":"secondary","name":"Ordubadi küç.","highway":"secondary"},"geometry":{"type":"LineString","coordinates":[[49.8183144,40.4366325],[49.8324931,40.441109],[49.8441085,40.4405239]]}},{"type":"Feature","properties":{"road_class":"secondary","name":"Ordubadi küç.","highway":"secondary"},"geometry":{"type":"LineString","coordinates":[[49.8142921,40.4361547],[49.8098837,40.436689]]}},{"type":"Feature","properties":{"road_class":"secondary","name":"Ordubadi küç.","highway":"secondary"},"geometry":{"type":"LineString","coordinates":[[49.8183144,40.4366325],[49.8147407,40.4359958]]}},{"type":"Feature","properties":{"road_class":"secondary","name":"Osman Mirzəyev küç.","highway":"secondary"},"geometry":{"type":"LineString","coordinates":[[48.6907192,41.626727],[48.6868628,41.6333282]]}},{"type":"Feature","properties":{"road_class":"secondary","name":"Oğuz - Şəki yolu","highway":"secondary"},"geometry":{"type":"LineString","coordinates":[[47.1776859,41.1664608],[47.1676601,41.1692567]]}},{"type":"Feature","properties":{"road_class":"secondary","name":"Oğuz - Şəki yolu","highway":"secondary"},"geometry":{"type":"LineString","coordinates":[[47.1781441,41.1662685],[47.18245,41.1650763]]}},{"type":"Feature","properties":{"road_class":"secondary","name":"Oğuz - Şəki yolu","highway":"secondary"},"geometry":{"type":"LineString","coordinates":[[47.1824431,41.1651931],[47.1781788,41.1663243]]}},{"type":"Feature","properties":{"road_class":"secondary","name":"Oğuz - Şəki yolu","highway":"secondary"},"geometry":{"type":"LineString","coordinates":[[47.1676333,41.1691154],[47.1776654,41.1664018]]}},{"type":"Feature","properties":{"road_class":"secondary","name":"Oğuz küç.","highway":"secondary"},"geometry":{"type":"LineString","coordinates":[[47.6536438,40.5096916],[47.6634361,40.5094487]]}},{"type":"Feature","properties":{"road_class":"secondary","name":"Oğuz küç.","highway":"secondary"},"geometry":{"type":"LineString","coordinates":[[47.663494,40.509569],[47.6536668,40.5098272]]}},{"type":"Feature","properties":{"road_class":"secondary","name":"Oğuz yolu","highway":"secondary"},"geometry":{"type":"LineString","coordinates":[[47.185065,41.1644047],[47.1988999,41.1525762]]}},{"type":"Feature","properties":{"road_class":"secondary","name":"Pir Yolu küç.","highway":"secondary"},"geometry":{"type":"LineString","coordinates":[[47.9368193,40.7133661],[47.9351118,40.7102413]]}},{"type":"Feature","properties":{"road_class":"secondary","name":"Pirqulu yolu","highway":"secondary"},"geometry":{"type":"LineString","coordinates":[[48.5939858,40.7899931],[48.5941225,40.7880171],[48.6020237,40.7825339],[48.6028679,40.7793411],[48.6057529,40.777916],[48.6101273,40.7712773],[48.6090705,40.766079],[48.6155748,40.7609386]]}},{"type":"Feature","properties":{"road_class":"secondary","name":"Puta yolu","highway":"secondary"},"geometry":{"type":"LineString","coordinates":[[49.704206,40.3177499],[49.7007402,40.3186151],[49.6816403,40.3123376],[49.6818307,40.3037664],[49.6704785,40.3034082],[49.6613228,40.2997988],[49.6473287,40.3026002]]}},{"type":"Feature","properties":{"road_class":"secondary","name":"Puşkin küçəsi","highway":"secondary"},"geometry":{"type":"LineString","coordinates":[[49.8550024,40.3737941],[49.8557762,40.3735199]]}},{"type":"Feature","properties":{"road_class":"secondary","name":"Puşkin küçəsi","highway":"secondary"},"geometry":{"type":"LineString","coordinates":[[49.8540339,40.3753742],[49.8546391,40.3744093]]}},{"type":"Feature","properties":{"road_class":"secondary","name":"Puşkin küçəsi","highway":"secondary"},"geometry":{"type":"LineString","coordinates":[[49.8536281,40.376089],[49.8540339,40.3753742]]}},{"type":"Feature","properties":{"road_class":"secondary","name":"Puşkin küçəsi","highway":"secondary"},"geometry":{"type":"LineString","coordinates":[[49.8519121,40.3790706],[49.852496,40.3780277]]}},{"type":"Feature","properties":{"road_class":"secondary","name":"Puşkin küçəsi","highway":"secondary"},"geometry":{"type":"LineString","coordinates":[[49.852496,40.3780277],[49.8531068,40.3769851]]}},{"type":"Feature","properties":{"road_class":"secondary","name":"Puşkin küçəsi","highway":"secondary"},"geometry":{"type":"LineString","coordinates":[[49.8546391,40.3744093],[49.8547871,40.3741607]]}},{"type":"Feature","properties":{"road_class":"secondary","name":"Puşkin küçəsi","highway":"secondary"},"geometry":{"type":"LineString","coordinates":[[49.8547871,40.3741607],[49.8550024,40.3737941]]}},{"type":"Feature","properties":{"road_class":"secondary","name":"Puşkin küçəsi","highway":"secondary"},"geometry":{"type":"LineString","coordinates":[[49.8532085,40.3768104],[49.8535266,40.3762696]]}},{"type":"Feature","properties":{"road_class":"secondary","name":"Puşkin küçəsi","highway":"secondary"},"geometry":{"type":"LineString","coordinates":[[49.8531068,40.3769851],[49.8532085,40.3768104]]}},{"type":"Feature","properties":{"road_class":"secondary","name":"Puşkin küçəsi","highway":"secondary"},"geometry":{"type":"LineString","coordinates":[[49.8535811,40.3761687],[49.8536281,40.376089]]}},{"type":"Feature","properties":{"road_class":"secondary","name":"Puşkin küçəsi","highway":"secondary"},"geometry":{"type":"LineString","coordinates":[[49.8535266,40.3762696],[49.8535811,40.3761687]]}},{"type":"Feature","properties":{"road_class":"secondary","name":"Pənahəli Xan küçəsi","highway":"secondary"},"geometry":{"type":"LineString","coordinates":[[46.7489258,39.8100285],[46.7503813,39.8131187]]}},{"type":"Feature","properties":{"road_class":"secondary","name":"Pərdi yolu","highway":"secondary"},"geometry":{"type":"LineString","coordinates":[[48.2731736,39.1797444],[48.2757046,39.1768084],[48.2757244,39.171717]]}},{"type":"Feature","properties":{"road_class":"secondary","name":"Pərdi yolu","highway":"secondary"},"geometry":{"type":"LineString","coordinates":[[48.2852614,39.1945624],[48.2879812,39.1904883],[48.2837153,39.1845102],[48.277946,39.1825066],[48.2777124,39.1797385],[48.2731736,39.1797444]]}},{"type":"Feature","properties":{"road_class":"secondary","name":"Qabaqçöl yolu","highway":"secondary"},"geometry":{"type":"LineString","coordinates":[[46.3922092,41.7221101],[46.3691078,41.7127452]]}},{"type":"Feature","properties":{"road_class":"secondary","name":"Qabaqçöl yolu","highway":"secondary"},"geometry":{"type":"LineString","coordinates":[[46.3691078,41.7127452],[46.3641184,41.710379],[46.3446928,41.709004],[46.3047054,41.6985592],[46.2880906,41.7014912],[46.275754,41.7008827]]}},{"type":"Feature","properties":{"road_class":"secondary","name":"Qala 2 - Mərdəkan yolu","highway":"secondary"},"geometry":{"type":"LineString","coordinates":[[50.1312859,40.4620071],[50.1471983,40.4717453]]}},{"type":"Feature","properties":{"road_class":"secondary","name":"Qala 2 yolu","highway":"secondary"},"geometry":{"type":"LineString","coordinates":[[50.1267255,40.4596786],[50.1298128,40.4617002],[50.13612,40.4580102]]}},{"type":"Feature","properties":{"road_class":"secondary","name":"Qala 2 yolu","highway":"secondary"},"geometry":{"type":"LineString","coordinates":[[50.1383408,40.4577848],[50.1300108,40.4617135],[50.1255322,40.4603806]]}},{"type":"Feature","properties":{"road_class":"secondary","name":"Qamışlı-Ermənistanın sərhəddi","highway":"secondary"},"geometry":{"type":"LineString","coordinates":[[46.0660851,40.2213399],[46.063206,40.2195706],[46.0578568,40.220169],[46.0588877,40.2183383],[46.0575806,40.2169044],[46.0511823,40.2164504],[46.0497867,40.2139353],[46.0417278,40.2145035],[46.0398781,40.2132088],[46.025639,40.2151416],[46.0134267,40.2216261],[45.9983129,40.2233638],[45.9925236,40.2261737]]}},{"type":"Feature","properties":{"road_class":"secondary","name":"Qamışlı-Ermənistanın sərhəddi","highway":"secondary"},"geometry":{"type":"LineString","coordinates":[[45.9925236,40.2261737],[45.9933449,40.2241159],[45.9896158,40.2226965],[45.9863593,40.2230588],[45.9886379,40.2236472],[45.987943,40.2257696],[45.9870666,40.224181],[45.9841812,40.2246909],[45.9834339,40.2218612],[45.97795,40.2185411]]}},{"type":"Feature","properties":{"road_class":"secondary","name":"Qamışlı-Ermənistanın sərhəddi","highway":"secondary"},"geometry":{"type":"LineString","coordinates":[[46.1808007,40.2188877],[46.1766236,40.2236887],[46.1671559,40.2283243],[46.1629834,40.2278161],[46.1554784,40.2297917],[46.1496175,40.2281294],[46.133896,40.2275009],[46.1204946,40.2303503],[46.1189002,40.2319086]]}},{"type":"Feature","properties":{"road_class":"secondary","name":"Qamışlı-Ermənistanın sərhəddi","highway":"secondary"},"geometry":{"type":"LineString","coordinates":[[46.1812964,40.2188471],[46.1808007,40.2188877]]}},{"type":"Feature","properties":{"road_class":"secondary","name":"Qamışlı-Ermənistanın sərhəddi","highway":"secondary"},"geometry":{"type":"LineString","coordinates":[[46.1188566,40.2321011],[46.1138499,40.2328659],[46.1080409,40.2313935],[46.1029056,40.2326256],[46.0964195,40.2301692]]}},{"type":"Feature","properties":{"road_class":"secondary","name":"Qamışlı-Ermənistanın sərhəddi","highway":"secondary"},"geometry":{"type":"LineString","coordinates":[[46.0851574,40.2227756],[46.0811196,40.2203165],[46.0817388,40.2194048],[46.0782959,40.2177201],[46.0808092,40.2220501],[46.0780707,40.2217026],[46.0780637,40.2194536],[46.0763391,40.2220007],[46.0797092,40.2232055],[46.0754549,40.2226936],[46.0752455,40.220287],[46.0744704,40.2233432],[46.0697483,40.2183464],[46.0682114,40.2182512],[46.0660851,40.2213399]]}},{"type":"Feature","properties":{"road_class":"secondary","name":"Qamışlı-Ermənistanın sərhəddi","highway":"secondary"},"geometry":{"type":"LineString","coordinates":[[46.0964195,40.2301692],[46.092388,40.2283998]]}},{"type":"Feature","properties":{"road_class":"secondary","name":"Qamışlı-Ermənistanın sərhəddi","highway":"secondary"},"geometry":{"type":"LineString","coordinates":[[46.092388,40.2283998],[46.0884314,40.2272667]]}},{"type":"Feature","properties":{"road_class":"secondary","name":"Qamışlı-Ermənistanın sərhəddi","highway":"secondary"},"geometry":{"type":"LineString","coordinates":[[46.0884314,40.2272667],[46.0851528,40.2259661],[46.0851574,40.2227756]]}},{"type":"Feature","properties":{"road_class":"secondary","name":"Qamışlı-Ermənistanın sərhəddi","highway":"secondary"},"geometry":{"type":"LineString","coordinates":[[46.1814291,40.2187858],[46.1812964,40.2188471]]}},{"type":"Feature","properties":{"road_class":"secondary","name":"Qantəmir küç.","highway":"secondary"},"geometry":{"type":"LineString","coordinates":[[47.734398,40.6526532],[47.7338421,40.6512456]]}},{"type":"Feature","properties":{"road_class":"secondary","name":"Qarabağ Küçəsi","highway":"secondary"},"geometry":{"type":"LineString","coordinates":[[46.6140593,40.1468489],[46.6023502,40.1462124]]}},{"type":"Feature","properties":{"road_class":"secondary","name":"Qarabağ Küçəsi","highway":"secondary"},"geometry":{"type":"LineString","coordinates":[[46.6193592,40.1448648],[46.6150323,40.1449149],[46.6140593,40.1468489]]}},{"type":"Feature","properties":{"road_class":"secondary","name":"Qarakazımlı yolu","highway":"secondary"},"geometry":{"type":"LineString","coordinates":[[48.2858272,39.3245461],[48.2840481,39.3182823],[48.2869162,39.3142461],[48.2785645,39.3006194],[48.277521,39.2954657]]}},{"type":"Feature","properties":{"road_class":"secondary","name":"Qasim Bey Zakir küç.","highway":"secondary"},"geometry":{"type":"LineString","coordinates":[[45.7494211,40.8837347],[45.7471025,40.8796986],[45.7468343,40.8751314],[45.7425293,40.8718498],[45.7409376,40.8673508],[45.7355732,40.8636913]]}},{"type":"Feature","properties":{"road_class":"secondary","name":"Qasım bəy Zakir küç.","highway":"secondary"},"geometry":{"type":"LineString","coordinates":[[45.7475528,40.9006869],[45.747816,40.8936151],[45.7500637,40.8875484],[45.7494211,40.8837347]]}},{"type":"Feature","properties":{"road_class":"secondary","name":"Qazançı yolu","highway":"secondary"},"geometry":{"type":"LineString","coordinates":[[46.7058311,40.6683624],[46.7248344,40.6774287],[46.7319962,40.6901161],[46.7357497,40.6929705]]}},{"type":"Feature","properties":{"road_class":"secondary","name":"Qazaxbərəsi yolu","highway":"secondary"},"geometry":{"type":"LineString","coordinates":[[48.7862742,39.3749158],[48.7870967,39.3737532],[48.7804529,39.3685238],[48.7867581,39.3581383]]}},{"type":"Feature","properties":{"road_class":"secondary","name":"Qazyan yolu","highway":"secondary"},"geometry":{"type":"LineString","coordinates":[[47.6709748,40.4208007],[47.6844643,40.4203687],[47.6887836,40.423866],[47.7034022,40.4202132],[47.7177125,40.4130148]]}},{"type":"Feature","properties":{"road_class":"secondary","name":"Qaçaq Nəbi","highway":"secondary"},"geometry":{"type":"LineString","coordinates":[[46.3561382,40.6634794],[46.3574424,40.662399]]}},{"type":"Feature","properties":{"road_class":"secondary","name":"Qaçaq Nəbi küçəsi","highway":"secondary"},"geometry":{"type":"LineString","coordinates":[[47.1137591,39.7931629],[47.1181578,39.7883141]]}},{"type":"Feature","properties":{"road_class":"secondary","name":"Qorağan-Qax yolu","highway":"secondary"},"geometry":{"type":"LineString","coordinates":[[46.8933519,41.4156005],[46.8433467,41.4152083],[46.8374918,41.4175084],[46.8168314,41.4177234],[46.7954335,41.4128923],[46.7466498,41.3923049]]}},{"type":"Feature","properties":{"road_class":"secondary","name":"Qovlar yolu","highway":"secondary"},"geometry":{"type":"LineString","coordinates":[[45.8289144,40.9184897],[45.7728951,40.9369528]]}},{"type":"Feature","properties":{"road_class":"secondary","name":"Qurban Xəlilov küçəsi","highway":"secondary"},"geometry":{"type":"LineString","coordinates":[[49.8239727,40.3687741],[49.821429,40.3706933]]}},{"type":"Feature","properties":{"road_class":"secondary","name":"Qurban Xəlilov küçəsi","highway":"secondary"},"geometry":{"type":"LineString","coordinates":[[49.8207381,40.3710706],[49.8236355,40.3684684]]}},{"type":"Feature","properties":{"road_class":"secondary","name":"Qurban Xəlilov küçəsi","highway":"secondary"},"geometry":{"type":"LineString","coordinates":[[49.8191016,40.3725111],[49.8198413,40.3718733]]}},{"type":"Feature","properties":{"road_class":"secondary","name":"Qurban Xəlilov küçəsi","highway":"secondary"},"geometry":{"type":"LineString","coordinates":[[49.8197874,40.372041],[49.8191776,40.3725616]]}},{"type":"Feature","properties":{"road_class":"secondary","name":"Qurban Xəlilov küçəsi","highway":"secondary"},"geometry":{"type":"LineString","coordinates":[[49.8198413,40.3718733],[49.820556,40.3711973]]}},{"type":"Feature","properties":{"road_class":"secondary","name":"Qurban Xəlilov küçəsi","highway":"secondary"},"geometry":{"type":"LineString","coordinates":[[49.8205976,40.371256],[49.8197874,40.372041]]}},{"type":"Feature","properties":{"road_class":"secondary","name":"Qurban Xəlilov küçəsi","highway":"secondary"},"geometry":{"type":"LineString","coordinates":[[49.821429,40.3706933],[49.8207298,40.371158]]}},{"type":"Feature","properties":{"road_class":"secondary","name":"Qurban Xəlilov küçəsi","highway":"secondary"},"geometry":{"type":"LineString","coordinates":[[49.8207298,40.371158],[49.8205976,40.371256]]}},{"type":"Feature","properties":{"road_class":"secondary","name":"Qurban Xəlilov küçəsi","highway":"secondary"},"geometry":{"type":"LineString","coordinates":[[49.820556,40.3711973],[49.8207381,40.3710706]]}},{"type":"Feature","properties":{"road_class":"secondary","name":"Qurbançı yolu","highway":"secondary"},"geometry":{"type":"LineString","coordinates":[[48.934626,40.5223465],[48.9393235,40.5313061]]}},{"type":"Feature","properties":{"road_class":"secondary","name":"Qurbançı yolu","highway":"secondary"},"geometry":{"type":"LineString","coordinates":[[48.9394183,40.5338518],[48.9393235,40.5313061]]}},{"type":"Feature","properties":{"road_class":"secondary","name":"Qurtuluş","highway":"secondary"},"geometry":{"type":"LineString","coordinates":[[48.6549148,39.039319],[48.6635691,39.0308632]]}},{"type":"Feature","properties":{"road_class":"secondary","name":"Qusar - Laza","highway":"secondary"},"geometry":{"type":"LineString","coordinates":[[48.2165353,41.3401476],[48.2081597,41.3362898],[48.1911918,41.3361974]]}},{"type":"Feature","properties":{"road_class":"secondary","name":"Qusar - Laza","highway":"secondary"},"geometry":{"type":"LineString","coordinates":[[48.1911918,41.3361974],[48.1894413,41.335776]]}},{"type":"Feature","properties":{"road_class":"secondary","name":"Qusar - Laza","highway":"secondary"},"geometry":{"type":"LineString","coordinates":[[48.1528678,41.3282614],[48.1553486,41.3288277],[48.1569318,41.3322641],[48.1601328,41.3344611],[48.1636916,41.3343213],[48.1666681,41.3320637],[48.169208,41.3335668],[48.182008,41.3333385],[48.1894413,41.335776]]}},{"type":"Feature","properties":{"road_class":"secondary","name":"Qusar - Laza","highway":"secondary"},"geometry":{"type":"LineString","coordinates":[[48.352395,41.3882091],[48.3351502,41.3790021],[48.2998719,41.3706754],[48.2874656,41.3670304],[48.2770534,41.3617884],[48.2460469,41.3533648]]}},{"type":"Feature","properties":{"road_class":"secondary","name":"Qusar - Laza","highway":"secondary"},"geometry":{"type":"LineString","coordinates":[[48.1528678,41.3282614],[48.1409537,41.3258405],[48.1416178,41.3213419],[48.1345743,41.3223974],[48.1333566,41.3192187],[48.1281519,41.3160116]]}},{"type":"Feature","properties":{"road_class":"secondary","name":"Qusar - Laza","highway":"secondary"},"geometry":{"type":"LineString","coordinates":[[48.1277482,41.3207941],[48.13096,41.3221384],[48.1284776,41.3238497],[48.1322805,41.3233813],[48.129068,41.3249625],[48.1344653,41.3239412],[48.1451281,41.3284777],[48.1528678,41.3282614]]}},{"type":"Feature","properties":{"road_class":"secondary","name":"Qusar - Laza","highway":"secondary"},"geometry":{"type":"LineString","coordinates":[[48.2390638,41.3504422],[48.2271271,41.3451845]]}},{"type":"Feature","properties":{"road_class":"secondary","name":"Qusar - Laza","highway":"secondary"},"geometry":{"type":"LineString","coordinates":[[48.2457089,41.3533809],[48.239615,41.3525735],[48.2390975,41.3506883]]}},{"type":"Feature","properties":{"road_class":"secondary","name":"Qusar - Laza","highway":"secondary"},"geometry":{"type":"LineString","coordinates":[[48.2266628,41.3446232],[48.2165353,41.3401476]]}},{"type":"Feature","properties":{"road_class":"secondary","name":"Qusar - Laza yolu","highway":"secondary"},"geometry":{"type":"LineString","coordinates":[[48.4379864,41.4231452],[48.4412924,41.42382],[48.4413117,41.4192389],[48.4451642,41.4204768],[48.4480106,41.4192716]]}},{"type":"Feature","properties":{"road_class":"secondary","name":"Qusar əlavə yol","highway":"secondary"},"geometry":{"type":"LineString","coordinates":[[48.5463497,41.3752467],[48.5382333,41.3731071],[48.5338748,41.3746912]]}},{"type":"Feature","properties":{"road_class":"secondary","name":"Qusar əlavə yol","highway":"secondary"},"geometry":{"type":"LineString","coordinates":[[48.551073,41.3715909],[48.5467386,41.3752588]]}},{"type":"Feature","properties":{"road_class":"secondary","name":"Qusar əlavə yol","highway":"secondary"},"geometry":{"type":"LineString","coordinates":[[48.5324237,41.3755708],[48.5302994,41.3763014],[48.5301352,41.3786219]]}},{"type":"Feature","properties":{"road_class":"secondary","name":"Qırmızı Bazar - Hadrut Yolu","highway":"secondary"},"geometry":{"type":"LineString","coordinates":[[47.0314205,39.5226703],[47.0327938,39.5216707]]}},{"type":"Feature","properties":{"road_class":"secondary","name":"Qırmızı Bazar - Hadrut Yolu","highway":"secondary"},"geometry":{"type":"LineString","coordinates":[[46.9805713,39.5910589],[46.9814949,39.5835039],[46.982865,39.5833631],[46.9789114,39.5768423],[46.9765191,39.5772037],[46.9740814,39.5722875]]}},{"type":"Feature","properties":{"road_class":"secondary","name":"Qırmızı Bazar - Hadrut Yolu","highway":"secondary"},"geometry":{"type":"LineString","coordinates":[[46.9843726,39.6552322],[46.9842309,39.6549536]]}},{"type":"Feature","properties":{"road_class":"secondary","name":"Qırmızı Bazar - Hadrut Yolu","highway":"secondary"},"geometry":{"type":"LineString","coordinates":[[46.9812306,39.6144904],[46.9778532,39.6153836],[46.9786947,39.6070795],[46.977565,39.6040193],[46.9708405,39.6034249]]}},{"type":"Feature","properties":{"road_class":"secondary","name":"Qırmızı Bazar - Hadrut Yolu","highway":"secondary"},"geometry":{"type":"LineString","coordinates":[[46.9806237,39.5704644],[46.9765828,39.5683585],[46.975052,39.5632739],[46.978453,39.562171],[46.9811291,39.5635355],[46.9827853,39.5621809],[46.9864787,39.5633204]]}},{"type":"Feature","properties":{"road_class":"secondary","name":"Qırmızı Bazar - Hadrut Yolu","highway":"secondary"},"geometry":{"type":"LineString","coordinates":[[46.987942,39.5625586],[46.9930493,39.5642884],[46.9938113,39.5611803],[46.9967368,39.56022],[46.9985256,39.5568873],[47.0024891,39.5544919],[47.0086759,39.5565829],[47.0095741,39.5537663],[47.0172469,39.5508194],[47.0171686,39.5480371],[47.020325,39.5470781],[47.017917,39.5441487],[47.0181873,39.5418988],[47.0172946,39.5452352],[47.0148597,39.542845],[47.0161684,39.5396427],[47.0208056,39.5380079],[47.0207608,39.5323865],[47.022769,39.5282002]]}},{"type":"Feature","properties":{"road_class":"secondary","name":"Qırmızı Bazar - Hadrut Yolu","highway":"secondary"},"geometry":{"type":"LineString","coordinates":[[46.9740814,39.5722875],[46.9723775,39.5679881],[46.9759839,39.5705168],[46.9806237,39.5704644]]}},{"type":"Feature","properties":{"road_class":"secondary","name":"Qırmızı Bazar - Hadrut Yolu","highway":"secondary"},"geometry":{"type":"LineString","coordinates":[[46.9864787,39.5633204],[46.987942,39.5625586]]}},{"type":"Feature","properties":{"road_class":"secondary","name":"Qırmızı Bazar - Hadrut Yolu","highway":"secondary"},"geometry":{"type":"LineString","coordinates":[[47.0299879,39.518374],[47.03354,39.515102]]}},{"type":"Feature","properties":{"road_class":"secondary","name":"Qırmızı Bazar - Hadrut Yolu","highway":"secondary"},"geometry":{"type":"LineString","coordinates":[[47.0327938,39.5216707],[47.0299879,39.518374]]}},{"type":"Feature","properties":{"road_class":"secondary","name":"Qırmızı Bazar - Hadrut Yolu","highway":"secondary"},"geometry":{"type":"LineString","coordinates":[[46.9915362,39.6700519],[46.991018,39.664906],[46.9843726,39.6552322]]}},{"type":"Feature","properties":{"road_class":"secondary","name":"Qırmızı Bazar - Hadrut Yolu","highway":"secondary"},"geometry":{"type":"LineString","coordinates":[[47.0018256,39.6318018],[47.0013886,39.6280091],[47.0034156,39.621988]]}},{"type":"Feature","properties":{"road_class":"secondary","name":"Qırmızı Bazar - Hadrut Yolu","highway":"secondary"},"geometry":{"type":"LineString","coordinates":[[47.0034156,39.621988],[46.9997838,39.6157228],[46.9993744,39.6117334],[46.9828011,39.6179462]]}},{"type":"Feature","properties":{"road_class":"secondary","name":"Qırmızı Bazar - Hadrut Yolu","highway":"secondary"},"geometry":{"type":"LineString","coordinates":[[47.022769,39.5282002],[47.0270895,39.5241652],[47.0295418,39.5243804],[47.0314205,39.5226703]]}},{"type":"Feature","properties":{"road_class":"secondary","name":"Qırmızı Bazar - Hadrut Yolu","highway":"secondary"},"geometry":{"type":"LineString","coordinates":[[46.9842309,39.6549536],[46.9851741,39.6529731],[46.9871594,39.6544379],[46.9868897,39.6492416],[46.9913507,39.6463814],[46.9976872,39.6475419],[46.9981257,39.641763],[47.0008227,39.6406835],[47.0012832,39.6375439],[47.0060236,39.633664],[47.0018256,39.6318018]]}},{"type":"Feature","properties":{"road_class":"secondary","name":"Qırmızı Bazar - Hadrut Yolu","highway":"secondary"},"geometry":{"type":"LineString","coordinates":[[46.9814492,39.6147177],[46.9812306,39.6144904]]}},{"type":"Feature","properties":{"road_class":"secondary","name":"Qırmızı Bazar - Hadrut Yolu","highway":"secondary"},"geometry":{"type":"LineString","coordinates":[[46.9823787,39.6157085],[46.9814492,39.6147177]]}},{"type":"Feature","properties":{"road_class":"secondary","name":"Qırmızı Bazar - Hadrut Yolu","highway":"secondary"},"geometry":{"type":"LineString","coordinates":[[46.9828011,39.6179462],[46.9823787,39.6157085]]}},{"type":"Feature","properties":{"road_class":"secondary","name":"Qırmızı Bazar - Hadrut Yolu","highway":"secondary"},"geometry":{"type":"LineString","coordinates":[[46.9708405,39.6034249],[46.9702321,39.6035588]]}},{"type":"Feature","properties":{"road_class":"secondary","name":"Qırmızı Bazar - Hadrut Yolu","highway":"secondary"},"geometry":{"type":"LineString","coordinates":[[46.9702321,39.6035588],[46.9685775,39.6038947]]}},{"type":"Feature","properties":{"road_class":"secondary","name":"Qırmızı Bazar - Kiş Highway","highway":"secondary"},"geometry":{"type":"LineString","coordinates":[[47.0306958,39.7359604],[47.032569,39.7326588],[47.0368782,39.7351443],[47.03337,39.739593],[47.0351398,39.7425057],[47.0370894,39.7417607],[47.0376802,39.7430837],[47.0385388,39.7488886],[47.0365647,39.7506456]]}},{"type":"Feature","properties":{"road_class":"secondary","name":"Qırmızı Bazar - Kiş Highway","highway":"secondary"},"geometry":{"type":"LineString","coordinates":[[46.9621303,39.6771069],[46.9674647,39.6845642],[46.9686609,39.6811324],[46.973222,39.6833783],[46.9731637,39.6955211],[46.9777316,39.695522],[46.9818224,39.6994803],[46.9774553,39.7075371],[46.9828648,39.7090915],[46.9807916,39.7182023],[46.9812548,39.7231503]]}},{"type":"Feature","properties":{"road_class":"secondary","name":"Qırmızı Bazar - Kiş Highway","highway":"secondary"},"geometry":{"type":"LineString","coordinates":[[46.9813594,39.7233597],[46.9825876,39.7249142],[46.9866144,39.7235199],[46.9876989,39.7281446],[46.9894143,39.7291433],[46.9941119,39.726329],[46.9969019,39.7273101],[47.0013892,39.7257011],[47.0032817,39.7230925],[47.009599,39.7206946],[47.020064,39.7270796],[47.0174126,39.7325302],[47.0226899,39.7315597],[47.0306958,39.7359604]]}},{"type":"Feature","properties":{"road_class":"secondary","name":"Qırmızı Bazar - Kiş Highway","highway":"secondary"},"geometry":{"type":"LineString","coordinates":[[46.9812548,39.7231503],[46.9813594,39.7233597]]}},{"type":"Feature","properties":{"road_class":"secondary","name":"Qırmızıkənd yolu","highway":"secondary"},"geometry":{"type":"LineString","coordinates":[[48.7867992,39.3579744],[48.7884861,39.3533229],[48.7854445,39.3479095],[48.7857357,39.3431192]]}},{"type":"Feature","properties":{"road_class":"secondary","name":"Qızılavar yolu","highway":"secondary"},"geometry":{"type":"LineString","coordinates":[[48.6696077,38.9683994],[48.6733688,38.9619529],[48.6724001,38.9590607]]}},{"type":"Feature","properties":{"road_class":"secondary","name":"Qızıldaş yolu","highway":"secondary"},"geometry":{"type":"LineString","coordinates":[[49.5913753,40.3080663],[49.596347,40.3051052],[49.6047955,40.3051754]]}},{"type":"Feature","properties":{"road_class":"secondary","name":"Qızıldaş yolu","highway":"secondary"},"geometry":{"type":"LineString","coordinates":[[49.6047955,40.3051754],[49.596396,40.3051936],[49.5924042,40.3086976]]}},{"type":"Feature","properties":{"road_class":"secondary","name":"Qızıldaş yolu","highway":"secondary"},"geometry":{"type":"LineString","coordinates":[[49.6100471,40.3047637],[49.6047955,40.3051754]]}},{"type":"Feature","properties":{"road_class":"secondary","name":"R-11","highway":"secondary"},"geometry":{"type":"LineString","coordinates":[[47.954143,39.7362061],[47.9561202,39.7409276],[47.9532221,39.7537126],[47.955966,39.7643291]]}},{"type":"Feature","properties":{"road_class":"secondary","name":"Rafiq Səmədov küç.","highway":"secondary"},"geometry":{"type":"LineString","coordinates":[[46.3955526,41.7214479],[46.4036903,41.7245046]]}},{"type":"Feature","properties":{"road_class":"secondary","name":"Rafiq Səmədov küç.","highway":"secondary"},"geometry":{"type":"LineString","coordinates":[[46.4082861,41.7266155],[46.4036903,41.7245046]]}},{"type":"Feature","properties":{"road_class":"secondary","name":"Rahib Məmmədov küç.","highway":"secondary"},"geometry":{"type":"LineString","coordinates":[[49.9478921,40.3785946],[49.9463275,40.3748508]]}},{"type":"Feature","properties":{"road_class":"secondary","name":"Rahib Məmmədov küçəsi","highway":"secondary"},"geometry":{"type":"LineString","coordinates":[[49.9463275,40.3748508],[49.9444546,40.3733958]]}},{"type":"Feature","properties":{"road_class":"secondary","name":"Ramazanlı yolu","highway":"secondary"},"geometry":{"type":"LineString","coordinates":[[48.786778,39.3869111],[48.7862742,39.3749158]]}},{"type":"Feature","properties":{"road_class":"secondary","name":"Ramiz Quliyev","highway":"secondary"},"geometry":{"type":"LineString","coordinates":[[49.9418133,40.3744926],[49.9409491,40.3730223]]}},{"type":"Feature","properties":{"road_class":"secondary","name":"Ramiz Quliyev","highway":"secondary"},"geometry":{"type":"LineString","coordinates":[[49.9409491,40.3730223],[49.9404463,40.3722308]]}},{"type":"Feature","properties":{"road_class":"secondary","name":"Ramiz Quliyev","highway":"secondary"},"geometry":{"type":"LineString","coordinates":[[49.9389155,40.3707555],[49.9401677,40.3719387]]}},{"type":"Feature","properties":{"road_class":"secondary","name":"Ramiz Quliyev","highway":"secondary"},"geometry":{"type":"LineString","coordinates":[[49.9401677,40.3719387],[49.9404463,40.3722308]]}},{"type":"Feature","properties":{"road_class":"secondary","name":"Ramiz Quliyev","highway":"secondary"},"geometry":{"type":"LineString","coordinates":[[49.9383042,40.3693342],[49.9389155,40.3707555]]}},{"type":"Feature","properties":{"road_class":"secondary","name":"Ramiz Qəmbərov","highway":"secondary"},"geometry":{"type":"LineString","coordinates":[[49.9544903,40.4206244],[49.9571111,40.4161766]]}},{"type":"Feature","properties":{"road_class":"secondary","name":"Ramiz Qəmbərov küç.","highway":"secondary"},"geometry":{"type":"LineString","coordinates":[[49.9571887,40.4160681],[49.9580469,40.4148719]]}},{"type":"Feature","properties":{"road_class":"secondary","name":"Ramiz Qəmbərov küç.","highway":"secondary"},"geometry":{"type":"LineString","coordinates":[[49.9592476,40.4131254],[49.9593391,40.4129909]]}},{"type":"Feature","properties":{"road_class":"secondary","name":"Ramiz Qəmbərov küç.","highway":"secondary"},"geometry":{"type":"LineString","coordinates":[[49.9590263,40.4134414],[49.9592476,40.4131254]]}},{"type":"Feature","properties":{"road_class":"secondary","name":"Ramiz Qəmbərov küç.","highway":"secondary"},"geometry":{"type":"LineString","coordinates":[[49.9580469,40.4148719],[49.9590263,40.4134414]]}},{"type":"Feature","properties":{"road_class":"secondary","name":"Ruhulla Axundov küç.","highway":"secondary"},"geometry":{"type":"LineString","coordinates":[[50.1105237,40.5205941],[50.1043156,40.5287437]]}},{"type":"Feature","properties":{"road_class":"secondary","name":"Rövşən Məmmədov küç.","highway":"secondary"},"geometry":{"type":"LineString","coordinates":[[45.6181595,40.9886464],[45.619379,40.9893428]]}},{"type":"Feature","properties":{"road_class":"secondary","name":"Rüstəm Rüstəmov küçəsi","highway":"secondary"},"geometry":{"type":"LineString","coordinates":[[49.9431276,40.4102661],[49.9371711,40.4077057]]}},{"type":"Feature","properties":{"road_class":"secondary","name":"Rüstəm Rüstəmov küçəsi","highway":"secondary"},"geometry":{"type":"LineString","coordinates":[[49.9515313,40.4136315],[49.9514419,40.413655]]}},{"type":"Feature","properties":{"road_class":"secondary","name":"Rüstəm Rüstəmov küçəsi","highway":"secondary"},"geometry":{"type":"LineString","coordinates":[[49.9479105,40.4121441],[49.9442707,40.4105672]]}},{"type":"Feature","properties":{"road_class":"secondary","name":"Rüstəm Rüstəmov küçəsi","highway":"secondary"},"geometry":{"type":"LineString","coordinates":[[49.9298379,40.4039071],[49.9346502,40.4062721]]}},{"type":"Feature","properties":{"road_class":"secondary","name":"Rüstəm Rüstəmov küçəsi","highway":"secondary"},"geometry":{"type":"LineString","coordinates":[[49.9370634,40.4076086],[49.9345051,40.4064752]]}},{"type":"Feature","properties":{"road_class":"secondary","name":"Rüstəm Rüstəmov küçəsi","highway":"secondary"},"geometry":{"type":"LineString","coordinates":[[49.9436422,40.410108],[49.9439558,40.4103389]]}},{"type":"Feature","properties":{"road_class":"secondary","name":"Rüstəm Rüstəmov küçəsi","highway":"secondary"},"geometry":{"type":"LineString","coordinates":[[49.9439558,40.4103389],[49.9443191,40.4104978]]}},{"type":"Feature","properties":{"road_class":"secondary","name":"Rüstəm Rüstəmov küçəsi","highway":"secondary"},"geometry":{"type":"LineString","coordinates":[[49.9442707,40.4105672],[49.9439011,40.4104108]]}},{"type":"Feature","properties":{"road_class":"secondary","name":"Rüstəm Rüstəmov küçəsi","highway":"secondary"},"geometry":{"type":"LineString","coordinates":[[49.9443191,40.4104978],[49.9479848,40.4120706]]}},{"type":"Feature","properties":{"road_class":"secondary","name":"Rüstəm Rüstəmov küçəsi","highway":"secondary"},"geometry":{"type":"LineString","coordinates":[[49.9439011,40.4104108],[49.9434516,40.4103511]]}},{"type":"Feature","properties":{"road_class":"secondary","name":"Rüstəm Rüstəmov küçəsi","highway":"secondary"},"geometry":{"type":"LineString","coordinates":[[49.9346502,40.4062721],[49.9433055,40.4099325]]}},{"type":"Feature","properties":{"road_class":"secondary","name":"Rüstəm Rüstəmov küçəsi","highway":"secondary"},"geometry":{"type":"LineString","coordinates":[[49.9345051,40.4064752],[49.9294418,40.404225]]}},{"type":"Feature","properties":{"road_class":"secondary","name":"Rüstəm Rüstəmov küçəsi","highway":"secondary"},"geometry":{"type":"LineString","coordinates":[[49.9479848,40.4120706],[49.9490928,40.4124363]]}},{"type":"Feature","properties":{"road_class":"secondary","name":"Rüstəm Rüstəmov küçəsi","highway":"secondary"},"geometry":{"type":"LineString","coordinates":[[49.9490928,40.4124363],[49.9513255,40.4133787]]}},{"type":"Feature","properties":{"road_class":"secondary","name":"Rüstəm Rüstəmov küçəsi","highway":"secondary"},"geometry":{"type":"LineString","coordinates":[[49.9511907,40.4136882],[49.9488924,40.4126729]]}},{"type":"Feature","properties":{"road_class":"secondary","name":"Rüstəm Rüstəmov küçəsi","highway":"secondary"},"geometry":{"type":"LineString","coordinates":[[49.9488924,40.4126729],[49.9479105,40.4121441]]}},{"type":"Feature","properties":{"road_class":"secondary","name":"Rüstəm Rüstəmov küçəsi","highway":"secondary"},"geometry":{"type":"LineString","coordinates":[[49.9514419,40.413655],[49.9511907,40.4136882]]}},{"type":"Feature","properties":{"road_class":"secondary","name":"Rəsul Rza küç.","highway":"secondary"},"geometry":{"type":"LineString","coordinates":[[46.8002404,40.6056229],[46.7888843,40.6016397],[46.7847312,40.6037735]]}},{"type":"Feature","properties":{"road_class":"secondary","name":"Rəsulzadə küç.","highway":"secondary"},"geometry":{"type":"LineString","coordinates":[[49.6879867,40.5234355],[49.6960245,40.5274547],[49.714366,40.5303451]]}},{"type":"Feature","properties":{"road_class":"secondary","name":"Rəsulzadə küç.","highway":"secondary"},"geometry":{"type":"LineString","coordinates":[[48.373598,40.5785754],[48.3883806,40.5725909],[48.3918311,40.566677]]}},{"type":"Feature","properties":{"road_class":"secondary","name":"Rəsulzadə küç.","highway":"secondary"},"geometry":{"type":"LineString","coordinates":[[48.3918311,40.566677],[48.3944652,40.5650685]]}},{"type":"Feature","properties":{"road_class":"secondary","name":"Rəsulzadə küç.","highway":"secondary"},"geometry":{"type":"LineString","coordinates":[[49.0033521,41.1879316],[48.9883376,41.195947],[48.9808239,41.2021451]]}},{"type":"Feature","properties":{"road_class":"secondary","name":"Rəsulzadə küç.","highway":"secondary"},"geometry":{"type":"LineString","coordinates":[[48.968803,41.2090306],[48.9659302,41.2111531]]}},{"type":"Feature","properties":{"road_class":"secondary","name":"Rəsulzadə küç.","highway":"secondary"},"geometry":{"type":"LineString","coordinates":[[47.6584663,40.506021],[47.6632344,40.5079804],[47.6636423,40.5094779]]}},{"type":"Feature","properties":{"road_class":"secondary","name":"Rəsulzadə küç.","highway":"secondary"},"geometry":{"type":"LineString","coordinates":[[47.6634486,40.5094351],[47.6631912,40.5080178],[47.658326,40.5061588]]}},{"type":"Feature","properties":{"road_class":"secondary","name":"Rəsulzadə küç.","highway":"secondary"},"geometry":{"type":"LineString","coordinates":[[47.472689,40.6450362],[47.4677234,40.6409292]]}},{"type":"Feature","properties":{"road_class":"secondary","name":"Rəsulzadə küç.","highway":"secondary"},"geometry":{"type":"LineString","coordinates":[[47.4677234,40.6409292],[47.4695792,40.6387573]]}},{"type":"Feature","properties":{"road_class":"secondary","name":"Rəsulzadə küç.","highway":"secondary"},"geometry":{"type":"LineString","coordinates":[[48.9432917,39.9520172],[48.9507236,39.9681724]]}},{"type":"Feature","properties":{"road_class":"secondary","name":"Rəsulzadə küç.","highway":"secondary"},"geometry":{"type":"LineString","coordinates":[[48.9805591,41.2023106],[48.968803,41.2090306]]}},{"type":"Feature","properties":{"road_class":"secondary","name":"Rəsulzadə pr.","highway":"secondary"},"geometry":{"type":"LineString","coordinates":[[47.1785392,41.2030636],[47.1766495,41.1995026]]}},{"type":"Feature","properties":{"road_class":"secondary","name":"Rəsulzadə pr.","highway":"secondary"},"geometry":{"type":"LineString","coordinates":[[47.1694011,41.1846755],[47.1766495,41.1995026]]}},{"type":"Feature","properties":{"road_class":"secondary","name":"Rəsulzadə pr.","highway":"secondary"},"geometry":{"type":"LineString","coordinates":[[47.1675547,41.1696294],[47.1703995,41.1825761]]}},{"type":"Feature","properties":{"road_class":"secondary","name":"Rəsulzadə pr.","highway":"secondary"},"geometry":{"type":"LineString","coordinates":[[47.1674804,41.1691912],[47.1635381,41.1612124]]}},{"type":"Feature","properties":{"road_class":"secondary","name":"Rəsulzadə pr.","highway":"secondary"},"geometry":{"type":"LineString","coordinates":[[47.1703995,41.1825761],[47.1694054,41.1843867]]}},{"type":"Feature","properties":{"road_class":"secondary","name":"Rəsulzadə pr.","highway":"secondary"},"geometry":{"type":"LineString","coordinates":[[47.1636869,41.1611736],[47.1676333,41.1691154]]}},{"type":"Feature","properties":{"road_class":"secondary","name":"Rəşid İsmayılov küç.","highway":"secondary"},"geometry":{"type":"LineString","coordinates":[[49.8022315,40.419651],[49.8020284,40.4197868]]}},{"type":"Feature","properties":{"road_class":"secondary","name":"Rəşid İsmayılov küç.","highway":"secondary"},"geometry":{"type":"LineString","coordinates":[[49.8004615,40.4207265],[49.8022315,40.419651]]}},{"type":"Feature","properties":{"road_class":"secondary","name":"Rəşid İsmayılov küç.","highway":"secondary"},"geometry":{"type":"LineString","coordinates":[[49.8020284,40.4197868],[49.8000048,40.4211293]]}},{"type":"Feature","properties":{"road_class":"secondary","name":"Saatlı-Musalı-Məzrəli yolu","highway":"secondary"},"geometry":{"type":"LineString","coordinates":[[48.308934,39.9284561],[48.2785338,39.9169903],[48.2642175,39.9141748]]}},{"type":"Feature","properties":{"road_class":"secondary","name":"Saatlı-Musalı-Məzrəli yolu","highway":"secondary"},"geometry":{"type":"LineString","coordinates":[[48.3420655,39.9481707],[48.3310568,39.9426326],[48.3141482,39.9298958],[48.308934,39.9284561]]}},{"type":"Feature","properties":{"road_class":"secondary","name":"Saatlı-Musalı-Məzrəli yolu","highway":"secondary"},"geometry":{"type":"LineString","coordinates":[[48.3474388,39.9452569],[48.3455387,39.9468414]]}},{"type":"Feature","properties":{"road_class":"secondary","name":"Saatlı-Musalı-Məzrəli yolu","highway":"secondary"},"geometry":{"type":"LineString","coordinates":[[48.3878421,39.9417178],[48.3831823,39.9424122],[48.3620855,39.9392404]]}},{"type":"Feature","properties":{"road_class":"secondary","name":"Saatlı-Musalı-Məzrəli yolu","highway":"secondary"},"geometry":{"type":"LineString","coordinates":[[48.3455387,39.9468414],[48.3420655,39.9481707]]}},{"type":"Feature","properties":{"road_class":"secondary","name":"Saatlı-Musalı-Məzrəli yolu","highway":"secondary"},"geometry":{"type":"LineString","coordinates":[[48.2630065,39.9139456],[48.2434639,39.9101311]]}},{"type":"Feature","properties":{"road_class":"secondary","name":"Saatlı-Musalı-Məzrəli yolu","highway":"secondary"},"geometry":{"type":"LineString","coordinates":[[48.2642175,39.9141748],[48.2630065,39.9139456]]}},{"type":"Feature","properties":{"road_class":"secondary","name":"Saatlı-Musalı-Məzrəli yolu","highway":"secondary"},"geometry":{"type":"LineString","coordinates":[[48.3620855,39.9392404],[48.3585539,39.9388256],[48.3474388,39.9452569]]}},{"type":"Feature","properties":{"road_class":"secondary","name":"Sabit Rəhman küç.","highway":"secondary"},"geometry":{"type":"LineString","coordinates":[[47.1688809,41.184813],[47.1664288,41.1860405],[47.1657944,41.1888794],[47.1685117,41.205751]]}},{"type":"Feature","properties":{"road_class":"secondary","name":"Salatın Əsgərova küçəsi","highway":"secondary"},"geometry":{"type":"LineString","coordinates":[[49.8494983,40.3832334],[49.8460407,40.3823259]]}},{"type":"Feature","properties":{"road_class":"secondary","name":"Salatın Əsgərova küçəsi","highway":"secondary"},"geometry":{"type":"LineString","coordinates":[[49.8460407,40.3823259],[49.8446832,40.3819988]]}},{"type":"Feature","properties":{"road_class":"secondary","name":"Salatın Əsgərova küçəsi","highway":"secondary"},"geometry":{"type":"LineString","coordinates":[[49.8433086,40.3816842],[49.8421151,40.3814113]]}},{"type":"Feature","properties":{"road_class":"secondary","name":"Salatın Əsgərova küçəsi","highway":"secondary"},"geometry":{"type":"LineString","coordinates":[[49.8421151,40.3814113],[49.8420492,40.3813967]]}},{"type":"Feature","properties":{"road_class":"secondary","name":"Salatın Əsgərova küçəsi","highway":"secondary"},"geometry":{"type":"LineString","coordinates":[[49.8420492,40.3813967],[49.841246,40.3812126]]}},{"type":"Feature","properties":{"road_class":"secondary","name":"Salatın Əsgərova küçəsi","highway":"secondary"},"geometry":{"type":"LineString","coordinates":[[49.841246,40.3812126],[49.8399872,40.3809213]]}},{"type":"Feature","properties":{"road_class":"secondary","name":"Salatın Əsgərova küçəsi","highway":"secondary"},"geometry":{"type":"LineString","coordinates":[[49.8399872,40.3809213],[49.8394567,40.3808021]]}},{"type":"Feature","properties":{"road_class":"secondary","name":"Salatın Əsgərova küçəsi","highway":"secondary"},"geometry":{"type":"LineString","coordinates":[[49.8446832,40.3819988],[49.844194,40.3818826]]}},{"type":"Feature","properties":{"road_class":"secondary","name":"Salatın Əsgərova küçəsi","highway":"secondary"},"geometry":{"type":"LineString","coordinates":[[49.844194,40.3818826],[49.8433086,40.3816842]]}},{"type":"Feature","properties":{"road_class":"secondary","name":"Samur yolu","highway":"secondary"},"geometry":{"type":"LineString","coordinates":[[48.5392698,41.7312933],[48.5065484,41.7090645],[48.4972789,41.6998104],[48.4734404,41.689875],[48.4547568,41.6748507],[48.4456084,41.6642553]]}},{"type":"Feature","properties":{"road_class":"secondary","name":"Samur yolu","highway":"secondary"},"geometry":{"type":"LineString","coordinates":[[48.4454357,41.6640728],[48.4370361,41.6532056],[48.4279858,41.6447316]]}},{"type":"Feature","properties":{"road_class":"secondary","name":"Samur yolu","highway":"secondary"},"geometry":{"type":"LineString","coordinates":[[48.4247875,41.6417588],[48.4238487,41.6407226],[48.4261217,41.6348469]]}},{"type":"Feature","properties":{"road_class":"secondary","name":"Samur yolu","highway":"secondary"},"geometry":{"type":"LineString","coordinates":[[48.4278485,41.6445993],[48.4250276,41.6419802]]}},{"type":"Feature","properties":{"road_class":"secondary","name":"Samux küç.","highway":"secondary"},"geometry":{"type":"LineString","coordinates":[[47.0411723,40.7747448],[47.0408252,40.7726208],[47.0384249,40.7712794]]}},{"type":"Feature","properties":{"road_class":"secondary","name":"Samux küçəsi","highway":"secondary"},"geometry":{"type":"LineString","coordinates":[[47.0876557,40.7568448],[47.0512891,40.7759349],[47.0421454,40.7773486],[47.0410715,40.7760336]]}},{"type":"Feature","properties":{"road_class":"secondary","name":"Sarıqamış - Qədili yolu","highway":"secondary"},"geometry":{"type":"LineString","coordinates":[[46.3465737,40.8320025],[46.3250837,40.8679454],[46.316911,40.8748961],[46.3117949,40.8819948]]}},{"type":"Feature","properties":{"road_class":"secondary","name":"Separadi yolu","highway":"secondary"},"geometry":{"type":"LineString","coordinates":[[48.7193246,38.8719017],[48.727248,38.8687517]]}},{"type":"Feature","properties":{"road_class":"secondary","name":"Separadi yolu","highway":"secondary"},"geometry":{"type":"LineString","coordinates":[[48.7188787,38.8719994],[48.7193246,38.8719017]]}},{"type":"Feature","properties":{"road_class":"secondary","name":"Separadi yolu","highway":"secondary"},"geometry":{"type":"LineString","coordinates":[[48.7103532,38.8788306],[48.7188787,38.8719994]]}},{"type":"Feature","properties":{"road_class":"secondary","name":"Seyid Şuşinski","highway":"secondary"},"geometry":{"type":"LineString","coordinates":[[46.7510993,39.7633074],[46.750951,39.7637771]]}},{"type":"Feature","properties":{"road_class":"secondary","name":"Seyid Əzim Şirvani küç.","highway":"secondary"},"geometry":{"type":"LineString","coordinates":[[50.2856233,40.3744865],[50.2832973,40.366783],[50.2842854,40.3629985]]}},{"type":"Feature","properties":{"road_class":"secondary","name":"Seyid Əzim Şirvani küçəsi","highway":"secondary"},"geometry":{"type":"LineString","coordinates":[[49.9539676,40.3926274],[49.966242,40.3927607]]}},{"type":"Feature","properties":{"road_class":"secondary","name":"Seyidsadıqlı yolu","highway":"secondary"},"geometry":{"type":"LineString","coordinates":[[48.9401783,39.5428192],[48.9243462,39.5404595],[48.9196682,39.5510202]]}},{"type":"Feature","properties":{"road_class":"secondary","name":"Sirab yolu","highway":"secondary"},"geometry":{"type":"LineString","coordinates":[[45.4675171,39.2649127],[45.4701156,39.2672773]]}},{"type":"Feature","properties":{"road_class":"secondary","name":"Siyavar yolu","highway":"secondary"},"geometry":{"type":"LineString","coordinates":[[48.8720488,38.6267753],[48.8716774,38.6329615]]}},{"type":"Feature","properties":{"road_class":"secondary","name":"Siyavar yolu","highway":"secondary"},"geometry":{"type":"LineString","coordinates":[[48.8719133,38.6333604],[48.8730765,38.6501266],[48.8720709,38.6579158]]}},{"type":"Feature","properties":{"road_class":"secondary","name":"Suqovuşan-Talış Yolu","highway":"secondary"},"geometry":{"type":"LineString","coordinates":[[46.7472588,40.3256173],[46.7562617,40.3285447],[46.7536883,40.3410635],[46.759141,40.3489781],[46.7623146,40.3653349],[46.761686,40.3672277],[46.7581742,40.3683044]]}},{"type":"Feature","properties":{"road_class":"secondary","name":"Süleyman Rəhimov küçəsi","highway":"secondary"},"geometry":{"type":"LineString","coordinates":[[49.8468575,40.3805991],[49.84847,40.3810059]]}},{"type":"Feature","properties":{"road_class":"secondary","name":"Süleyman Rəhimov küçəsi","highway":"secondary"},"geometry":{"type":"LineString","coordinates":[[49.8401913,40.3789281],[49.8440581,40.3798748]]}},{"type":"Feature","properties":{"road_class":"secondary","name":"Süleyman Rəhimov küçəsi","highway":"secondary"},"geometry":{"type":"LineString","coordinates":[[49.8440581,40.3798748],[49.8468575,40.3805991]]}},{"type":"Feature","properties":{"road_class":"secondary","name":"Süleyman Rəhimov küçəsi","highway":"secondary"},"geometry":{"type":"LineString","coordinates":[[49.84847,40.3810059],[49.84923,40.3811509]]}},{"type":"Feature","properties":{"road_class":"secondary","name":"Süleyman Rəhimov küçəsi","highway":"secondary"},"geometry":{"type":"LineString","coordinates":[[49.84923,40.3811509],[49.8500644,40.3813428]]}},{"type":"Feature","properties":{"road_class":"secondary","name":"Süleyman Sani Axundov küçəsi","highway":"secondary"},"geometry":{"type":"LineString","coordinates":[[49.847162,40.4263832],[49.8442294,40.4264375]]}},{"type":"Feature","properties":{"road_class":"secondary","name":"Süleyman Sani Axundov küçəsi","highway":"secondary"},"geometry":{"type":"LineString","coordinates":[[49.8439459,40.4264444],[49.8438299,40.4264471]]}},{"type":"Feature","properties":{"road_class":"secondary","name":"Süleyman Sani Axundov küçəsi","highway":"secondary"},"geometry":{"type":"LineString","coordinates":[[49.8442294,40.4264375],[49.8439459,40.4264444]]}},{"type":"Feature","properties":{"road_class":"secondary","name":"Süleyman Sani Axundov küçəsi","highway":"secondary"},"geometry":{"type":"LineString","coordinates":[[49.8438299,40.4264471],[49.839239,40.42659]]}},{"type":"Feature","properties":{"road_class":"secondary","name":"Sülh küçəsi","highway":"secondary"},"geometry":{"type":"LineString","coordinates":[[49.9631207,40.4187467],[49.9572097,40.4162164]]}},{"type":"Feature","properties":{"road_class":"secondary","name":"Sülh küçəsi","highway":"secondary"},"geometry":{"type":"LineString","coordinates":[[49.9571887,40.4160681],[49.9635851,40.4188608]]}},{"type":"Feature","properties":{"road_class":"secondary","name":"Səməd Vurğun","highway":"secondary"},"geometry":{"type":"LineString","coordinates":[[49.6708699,40.6033002],[49.6766985,40.5953055]]}},{"type":"Feature","properties":{"road_class":"secondary","name":"Səməd Vurğun","highway":"secondary"},"geometry":{"type":"LineString","coordinates":[[47.1136299,40.3760686],[47.112152,40.373534],[47.1128447,40.3655238],[47.1181565,40.3576828]]}},{"type":"Feature","properties":{"road_class":"secondary","name":"Səməd Vurğun","highway":"secondary"},"geometry":{"type":"LineString","coordinates":[[46.2668045,40.6492653],[46.2547563,40.6459536]]}},{"type":"Feature","properties":{"road_class":"secondary","name":"Səməd Vurğun","highway":"secondary"},"geometry":{"type":"LineString","coordinates":[[46.0103648,40.8072927],[46.0053074,40.8031651]]}},{"type":"Feature","properties":{"road_class":"secondary","name":"Səməd Vurğun","highway":"secondary"},"geometry":{"type":"LineString","coordinates":[[49.6775418,40.5945364],[49.6806868,40.5916015]]}},{"type":"Feature","properties":{"road_class":"secondary","name":"Səməd Vurğun","highway":"secondary"},"geometry":{"type":"LineString","coordinates":[[49.6687164,40.6036267],[49.6707291,40.6033517]]}},{"type":"Feature","properties":{"road_class":"secondary","name":"Səməd Vurğun","highway":"secondary"},"geometry":{"type":"LineString","coordinates":[[49.6684505,40.6036592],[49.6687164,40.6036267]]}},{"type":"Feature","properties":{"road_class":"secondary","name":"Səməd Vurğun","highway":"secondary"},"geometry":{"type":"LineString","coordinates":[[49.6770468,40.5948406],[49.6775418,40.5945364]]}},{"type":"Feature","properties":{"road_class":"secondary","name":"Səməd Vurğun","highway":"secondary"},"geometry":{"type":"LineString","coordinates":[[49.6766985,40.5953055],[49.6770468,40.5948406]]}},{"type":"Feature","properties":{"road_class":"secondary","name":"Səməd Vurğun","highway":"secondary"},"geometry":{"type":"LineString","coordinates":[[49.6806868,40.5916015],[49.6807325,40.5915357]]}},{"type":"Feature","properties":{"road_class":"secondary","name":"Səməd Vurğun küç.","highway":"secondary"},"geometry":{"type":"LineString","coordinates":[[49.6680786,40.6037508],[49.6520973,40.6059186]]}},{"type":"Feature","properties":{"road_class":"secondary","name":"Səməd Vurğun küç.","highway":"secondary"},"geometry":{"type":"LineString","coordinates":[[49.6521763,40.605807],[49.6680466,40.6036288]]}},{"type":"Feature","properties":{"road_class":"secondary","name":"Səməd Vurğun küç.","highway":"secondary"},"geometry":{"type":"LineString","coordinates":[[49.6040103,40.6147911],[49.5623938,40.6256632]]}},{"type":"Feature","properties":{"road_class":"secondary","name":"Səməd Vurğun küç.","highway":"secondary"},"geometry":{"type":"LineString","coordinates":[[48.4279901,41.4223772],[48.4109126,41.4141188]]}},{"type":"Feature","properties":{"road_class":"secondary","name":"Səməd Vurğun küç.","highway":"secondary"},"geometry":{"type":"LineString","coordinates":[[50.3305404,40.4788436],[50.3257135,40.4731986],[50.3257017,40.4693606],[50.3302257,40.4624323],[50.335064,40.4589406]]}},{"type":"Feature","properties":{"road_class":"secondary","name":"Səməd Vurğun küç.","highway":"secondary"},"geometry":{"type":"LineString","coordinates":[[48.3997645,40.5670921],[48.4068254,40.5543677]]}},{"type":"Feature","properties":{"road_class":"secondary","name":"Səməd Vurğun küç.","highway":"secondary"},"geometry":{"type":"LineString","coordinates":[[45.8002216,40.5701298],[45.8046871,40.5710349],[45.8073664,40.5743182]]}},{"type":"Feature","properties":{"road_class":"secondary","name":"Səməd Vurğun küç.","highway":"secondary"},"geometry":{"type":"LineString","coordinates":[[45.6209404,40.9903549],[45.621437,40.9915038]]}},{"type":"Feature","properties":{"road_class":"secondary","name":"Səməd Vurğun küç.","highway":"secondary"},"geometry":{"type":"LineString","coordinates":[[45.621437,40.9915038],[45.6247132,40.9939679]]}},{"type":"Feature","properties":{"road_class":"secondary","name":"Səməd Vurğun küç.","highway":"secondary"},"geometry":{"type":"LineString","coordinates":[[45.7998988,40.5627926],[45.8012643,40.5658058],[45.8001221,40.5699773]]}},{"type":"Feature","properties":{"road_class":"secondary","name":"Səməd Vurğun küç.","highway":"secondary"},"geometry":{"type":"LineString","coordinates":[[49.6472893,40.6065752],[49.6167415,40.610715],[49.6085346,40.6133732]]}},{"type":"Feature","properties":{"road_class":"secondary","name":"Səməd Vurğun küç.","highway":"secondary"},"geometry":{"type":"LineString","coordinates":[[49.6078222,40.6136121],[49.6040103,40.6147911]]}},{"type":"Feature","properties":{"road_class":"secondary","name":"Səməd Vurğun küç.","highway":"secondary"},"geometry":{"type":"LineString","coordinates":[[45.619379,40.9893428],[45.6207272,40.9901709]]}},{"type":"Feature","properties":{"road_class":"secondary","name":"Səməd Vurğun küç.","highway":"secondary"},"geometry":{"type":"LineString","coordinates":[[45.6207272,40.9901709],[45.6209404,40.9903549]]}},{"type":"Feature","properties":{"road_class":"secondary","name":"Səməd Vurğun küç.","highway":"secondary"},"geometry":{"type":"LineString","coordinates":[[49.6520973,40.6059186],[49.6495028,40.6062578]]}},{"type":"Feature","properties":{"road_class":"secondary","name":"Səməd Vurğun küç.","highway":"secondary"},"geometry":{"type":"LineString","coordinates":[[49.6495028,40.6062578],[49.6475274,40.6065408]]}},{"type":"Feature","properties":{"road_class":"secondary","name":"Səməd Vurğun küç.","highway":"secondary"},"geometry":{"type":"LineString","coordinates":[[49.6492819,40.6062054],[49.6521763,40.605807]]}},{"type":"Feature","properties":{"road_class":"secondary","name":"Səməd Vurğun küç.","highway":"secondary"},"geometry":{"type":"LineString","coordinates":[[49.6474938,40.6064404],[49.6492819,40.6062054]]}},{"type":"Feature","properties":{"road_class":"secondary","name":"Səməd Vurğun küçəsi","highway":"secondary"},"geometry":{"type":"LineString","coordinates":[[49.8409258,40.3766788],[49.8412967,40.3756819]]}},{"type":"Feature","properties":{"road_class":"secondary","name":"Səməd Vurğun küçəsi","highway":"secondary"},"geometry":{"type":"LineString","coordinates":[[49.8315094,40.4014676],[49.8325507,40.3987294]]}},{"type":"Feature","properties":{"road_class":"secondary","name":"Səməd Vurğun küçəsi","highway":"secondary"},"geometry":{"type":"LineString","coordinates":[[49.8326931,40.3987574],[49.8316558,40.401499]]}},{"type":"Feature","properties":{"road_class":"secondary","name":"Səməd Vurğun küçəsi","highway":"secondary"},"geometry":{"type":"LineString","coordinates":[[49.8363379,40.3891232],[49.8360571,40.3898655]]}},{"type":"Feature","properties":{"road_class":"secondary","name":"Səməd Vurğun küçəsi","highway":"secondary"},"geometry":{"type":"LineString","coordinates":[[49.8352618,40.3915279],[49.8355853,40.3906708]]}},{"type":"Feature","properties":{"road_class":"secondary","name":"Səməd Vurğun küçəsi","highway":"secondary"},"geometry":{"type":"LineString","coordinates":[[49.8357386,40.3907075],[49.8354155,40.3915614]]}},{"type":"Feature","properties":{"road_class":"secondary","name":"Səməd Vurğun küçəsi","highway":"secondary"},"geometry":{"type":"LineString","coordinates":[[49.8344087,40.3942228],[49.8335055,40.39661]]}},{"type":"Feature","properties":{"road_class":"secondary","name":"Səməd Vurğun küçəsi","highway":"secondary"},"geometry":{"type":"LineString","coordinates":[[49.8354155,40.3915614],[49.834839,40.3930853]]}},{"type":"Feature","properties":{"road_class":"secondary","name":"Səməd Vurğun küçəsi","highway":"secondary"},"geometry":{"type":"LineString","coordinates":[[49.8334288,40.3968129],[49.8327645,40.3985685]]}},{"type":"Feature","properties":{"road_class":"secondary","name":"Səməd Vurğun küçəsi","highway":"secondary"},"geometry":{"type":"LineString","coordinates":[[49.8404482,40.3779722],[49.8407933,40.3771273]]}},{"type":"Feature","properties":{"road_class":"secondary","name":"Səməd Vurğun küçəsi","highway":"secondary"},"geometry":{"type":"LineString","coordinates":[[49.8346857,40.3930501],[49.8352618,40.3915279]]}},{"type":"Feature","properties":{"road_class":"secondary","name":"Səməd Vurğun küçəsi","highway":"secondary"},"geometry":{"type":"LineString","coordinates":[[49.8333781,40.3965803],[49.834265,40.3941934]]}},{"type":"Feature","properties":{"road_class":"secondary","name":"Səməd Vurğun küçəsi","highway":"secondary"},"geometry":{"type":"LineString","coordinates":[[49.834839,40.3930853],[49.8345226,40.3939216]]}},{"type":"Feature","properties":{"road_class":"secondary","name":"Səməd Vurğun küçəsi","highway":"secondary"},"geometry":{"type":"LineString","coordinates":[[49.8360571,40.3898655],[49.8357386,40.3907075]]}},{"type":"Feature","properties":{"road_class":"secondary","name":"Səməd Vurğun küçəsi","highway":"secondary"},"geometry":{"type":"LineString","coordinates":[[49.8366085,40.3879557],[49.8369137,40.3871369]]}},{"type":"Feature","properties":{"road_class":"secondary","name":"Səməd Vurğun küçəsi","highway":"secondary"},"geometry":{"type":"LineString","coordinates":[[49.8370648,40.3871675],[49.8364011,40.3889596]]}},{"type":"Feature","properties":{"road_class":"secondary","name":"Səməd Vurğun küçəsi","highway":"secondary"},"geometry":{"type":"LineString","coordinates":[[49.8369137,40.3871369],[49.8377003,40.385035]]}},{"type":"Feature","properties":{"road_class":"secondary","name":"Səməd Vurğun küçəsi","highway":"secondary"},"geometry":{"type":"LineString","coordinates":[[49.8394567,40.3808021],[49.8388454,40.3824451]]}},{"type":"Feature","properties":{"road_class":"secondary","name":"Səməd Vurğun küçəsi","highway":"secondary"},"geometry":{"type":"LineString","coordinates":[[49.8402171,40.3788634],[49.8394567,40.3808021]]}},{"type":"Feature","properties":{"road_class":"secondary","name":"Səməd Vurğun küçəsi","highway":"secondary"},"geometry":{"type":"LineString","coordinates":[[49.8412967,40.3756819],[49.8412669,40.37534]]}},{"type":"Feature","properties":{"road_class":"secondary","name":"Səməd Vurğun küçəsi","highway":"secondary"},"geometry":{"type":"LineString","coordinates":[[49.8405578,40.3780017],[49.8402171,40.3788634]]}},{"type":"Feature","properties":{"road_class":"secondary","name":"Səməd Vurğun küçəsi","highway":"secondary"},"geometry":{"type":"LineString","coordinates":[[49.8326252,40.3985374],[49.8328511,40.3979502]]}},{"type":"Feature","properties":{"road_class":"secondary","name":"Səməd Vurğun küçəsi","highway":"secondary"},"geometry":{"type":"LineString","coordinates":[[49.8362404,40.3889246],[49.8366085,40.3879557]]}},{"type":"Feature","properties":{"road_class":"secondary","name":"Səməd Vurğun küçəsi","highway":"secondary"},"geometry":{"type":"LineString","coordinates":[[49.8412669,40.37534],[49.8413559,40.3749831]]}},{"type":"Feature","properties":{"road_class":"secondary","name":"Səməd Vurğun küçəsi","highway":"secondary"},"geometry":{"type":"LineString","coordinates":[[49.8413559,40.3749831],[49.843251,40.3704894]]}},{"type":"Feature","properties":{"road_class":"secondary","name":"Səməd Vurğun küçəsi","highway":"secondary"},"geometry":{"type":"LineString","coordinates":[[49.8379457,40.3848278],[49.8370648,40.3871675]]}},{"type":"Feature","properties":{"road_class":"secondary","name":"Səməd Vurğun küçəsi","highway":"secondary"},"geometry":{"type":"LineString","coordinates":[[49.8377899,40.3847918],[49.8379013,40.3844873]]}},{"type":"Feature","properties":{"road_class":"secondary","name":"Səməd Vurğun küçəsi","highway":"secondary"},"geometry":{"type":"LineString","coordinates":[[49.8379013,40.3844873],[49.8379998,40.3842181]]}},{"type":"Feature","properties":{"road_class":"secondary","name":"Səməd Vurğun küçəsi","highway":"secondary"},"geometry":{"type":"LineString","coordinates":[[49.8379998,40.3842181],[49.8393052,40.3807671]]}},{"type":"Feature","properties":{"road_class":"secondary","name":"Səməd Vurğun küçəsi","highway":"secondary"},"geometry":{"type":"LineString","coordinates":[[49.8377003,40.385035],[49.8377899,40.3847918]]}},{"type":"Feature","properties":{"road_class":"secondary","name":"Səməd Vurğun küçəsi","highway":"secondary"},"geometry":{"type":"LineString","coordinates":[[49.8393052,40.3807671],[49.8400182,40.3789609]]}},{"type":"Feature","properties":{"road_class":"secondary","name":"Səməd Vurğun küçəsi","highway":"secondary"},"geometry":{"type":"LineString","coordinates":[[49.8407933,40.3771273],[49.8405578,40.3780017]]}},{"type":"Feature","properties":{"road_class":"secondary","name":"Səməd Vurğun küçəsi","highway":"secondary"},"geometry":{"type":"LineString","coordinates":[[49.834265,40.3941934],[49.834314,40.3940582]]}},{"type":"Feature","properties":{"road_class":"secondary","name":"Səməd Vurğun küçəsi","highway":"secondary"},"geometry":{"type":"LineString","coordinates":[[49.834314,40.3940582],[49.8343738,40.3938936]]}},{"type":"Feature","properties":{"road_class":"secondary","name":"Səməd Vurğun küçəsi","highway":"secondary"},"geometry":{"type":"LineString","coordinates":[[49.8344591,40.3940895],[49.8344087,40.3942228]]}},{"type":"Feature","properties":{"road_class":"secondary","name":"Səməd Vurğun küçəsi","highway":"secondary"},"geometry":{"type":"LineString","coordinates":[[49.8345226,40.3939216],[49.8344591,40.3940895]]}},{"type":"Feature","properties":{"road_class":"secondary","name":"Səməd Vurğun küçəsi","highway":"secondary"},"geometry":{"type":"LineString","coordinates":[[49.8334624,40.3967241],[49.8334288,40.3968129]]}},{"type":"Feature","properties":{"road_class":"secondary","name":"Səməd Vurğun küçəsi","highway":"secondary"},"geometry":{"type":"LineString","coordinates":[[49.8333003,40.3967827],[49.8333634,40.3966185]]}},{"type":"Feature","properties":{"road_class":"secondary","name":"Səməd Vurğun küçəsi","highway":"secondary"},"geometry":{"type":"LineString","coordinates":[[49.8333634,40.3966185],[49.8333781,40.3965803]]}},{"type":"Feature","properties":{"road_class":"secondary","name":"Səməd Vurğun küçəsi","highway":"secondary"},"geometry":{"type":"LineString","coordinates":[[49.8335055,40.39661],[49.8334624,40.3967241]]}},{"type":"Feature","properties":{"road_class":"secondary","name":"Səməd Vurğun küçəsi","highway":"secondary"},"geometry":{"type":"LineString","coordinates":[[49.8407933,40.3771273],[49.8409258,40.3766788]]}},{"type":"Feature","properties":{"road_class":"secondary","name":"Səməd Vurğun küçəsi","highway":"secondary"},"geometry":{"type":"LineString","coordinates":[[49.8400182,40.3789609],[49.8404482,40.3779722]]}},{"type":"Feature","properties":{"road_class":"secondary","name":"Səməd Vurğun küçəsi","highway":"secondary"},"geometry":{"type":"LineString","coordinates":[[49.8385687,40.3831873],[49.8379457,40.3848278]]}},{"type":"Feature","properties":{"road_class":"secondary","name":"Səməd Vurğun küçəsi","highway":"secondary"},"geometry":{"type":"LineString","coordinates":[[49.8388454,40.3824451],[49.8386183,40.3830631]]}},{"type":"Feature","properties":{"road_class":"secondary","name":"Səməd Vurğun küçəsi","highway":"secondary"},"geometry":{"type":"LineString","coordinates":[[49.8386183,40.3830631],[49.8385687,40.3831873]]}},{"type":"Feature","properties":{"road_class":"secondary","name":"Səməd Vurğun küçəsi","highway":"secondary"},"geometry":{"type":"LineString","coordinates":[[49.8328511,40.3979502],[49.8331525,40.3971667]]}},{"type":"Feature","properties":{"road_class":"secondary","name":"Səməd Vurğun küçəsi","highway":"secondary"},"geometry":{"type":"LineString","coordinates":[[49.8331525,40.3971667],[49.8333003,40.3967827]]}},{"type":"Feature","properties":{"road_class":"secondary","name":"Səməd Vurğun küçəsi","highway":"secondary"},"geometry":{"type":"LineString","coordinates":[[49.8343738,40.3938936],[49.8346857,40.3930501]]}},{"type":"Feature","properties":{"road_class":"secondary","name":"Səməd bəy Mehmandarov Küçə","highway":"secondary"},"geometry":{"type":"LineString","coordinates":[[49.9672689,40.3599609],[49.9670614,40.3597478]]}},{"type":"Feature","properties":{"road_class":"secondary","name":"Səməd bəy Mehmandarov Küçə","highway":"secondary"},"geometry":{"type":"LineString","coordinates":[[49.9671911,40.3596761],[49.9672689,40.3599609]]}},{"type":"Feature","properties":{"road_class":"secondary","name":"Səməd bəy Mehmandarov Küçə","highway":"secondary"},"geometry":{"type":"LineString","coordinates":[[49.9693863,40.3646144],[49.9696814,40.3647132]]}},{"type":"Feature","properties":{"road_class":"secondary","name":"Səməd bəy Mehmandarov Küçə","highway":"secondary"},"geometry":{"type":"LineString","coordinates":[[49.9695697,40.3648415],[49.9693863,40.3646144]]}},{"type":"Feature","properties":{"road_class":"secondary","name":"Səməd bəy Mehmandarov küçəsi","highway":"secondary"},"geometry":{"type":"LineString","coordinates":[[49.9635851,40.4188608],[49.9545366,40.4310116]]}},{"type":"Feature","properties":{"road_class":"secondary","name":"Səməd bəy Mehmandarov küçəsi","highway":"secondary"},"geometry":{"type":"LineString","coordinates":[[49.9689004,40.3716284],[49.9695697,40.3648415]]}},{"type":"Feature","properties":{"road_class":"secondary","name":"Səməd bəy Mehmandarov küçəsi","highway":"secondary"},"geometry":{"type":"LineString","coordinates":[[49.9541905,40.4309249],[49.9635086,40.419096]]}},{"type":"Feature","properties":{"road_class":"secondary","name":"Səməd bəy Mehmandarov küçəsi","highway":"secondary"},"geometry":{"type":"LineString","coordinates":[[49.9691355,40.3718163],[49.9688636,40.3788154],[49.9705283,40.382634],[49.9686889,40.3837633],[49.9647598,40.3828721]]}},{"type":"Feature","properties":{"road_class":"secondary","name":"Səməd bəy Mehmandarov küçəsi","highway":"secondary"},"geometry":{"type":"LineString","coordinates":[[46.7673796,39.8212414],[46.7672732,39.8218948]]}},{"type":"Feature","properties":{"road_class":"secondary","name":"Səməd bəy Mehmandarov küçəsi","highway":"secondary"},"geometry":{"type":"LineString","coordinates":[[49.9698245,40.3648457],[49.969149,40.3717714]]}},{"type":"Feature","properties":{"road_class":"secondary","name":"Səməd bəy Mehmandarov küçəsi","highway":"secondary"},"geometry":{"type":"LineString","coordinates":[[46.7672732,39.8218948],[46.7670808,39.8227047]]}},{"type":"Feature","properties":{"road_class":"secondary","name":"Səməd bəy Mehmandarov küçəsi","highway":"secondary"},"geometry":{"type":"LineString","coordinates":[[49.9693863,40.3646144],[49.969122,40.3640585]]}},{"type":"Feature","properties":{"road_class":"secondary","name":"Səməd bəy Mehmandarov küçəsi","highway":"secondary"},"geometry":{"type":"LineString","coordinates":[[49.9648438,40.382409],[49.9685709,40.383702],[49.9704384,40.3826202],[49.9687607,40.3788206],[49.9688299,40.3718627]]}},{"type":"Feature","properties":{"road_class":"secondary","name":"Səməd bəy Mehmandarov küçəsi","highway":"secondary"},"geometry":{"type":"LineString","coordinates":[[46.7670677,39.8227597],[46.7670305,39.8229364]]}},{"type":"Feature","properties":{"road_class":"secondary","name":"Səməd bəy Mehmandarov küçəsi","highway":"secondary"},"geometry":{"type":"LineString","coordinates":[[49.9677641,40.3610491],[49.9672689,40.3599609]]}},{"type":"Feature","properties":{"road_class":"secondary","name":"Səməd bəy Mehmandarov küçəsi","highway":"secondary"},"geometry":{"type":"LineString","coordinates":[[49.969122,40.3640585],[49.9690441,40.3638881]]}},{"type":"Feature","properties":{"road_class":"secondary","name":"Səməd bəy Mehmandarov küçəsi","highway":"secondary"},"geometry":{"type":"LineString","coordinates":[[49.9690441,40.3638881],[49.9686643,40.3630139]]}},{"type":"Feature","properties":{"road_class":"secondary","name":"Səməd bəy Mehmandarov küçəsi","highway":"secondary"},"geometry":{"type":"LineString","coordinates":[[49.9686643,40.3630139],[49.9681171,40.3618192]]}},{"type":"Feature","properties":{"road_class":"secondary","name":"Səməd bəy Mehmandarov küçəsi","highway":"secondary"},"geometry":{"type":"LineString","coordinates":[[49.9681171,40.3618192],[49.9680347,40.3616475]]}},{"type":"Feature","properties":{"road_class":"secondary","name":"Səməd bəy Mehmandarov küçəsi","highway":"secondary"},"geometry":{"type":"LineString","coordinates":[[49.9680347,40.3616475],[49.9677641,40.3610491]]}},{"type":"Feature","properties":{"road_class":"secondary","name":"Səməd bəy Mehmandarov küçəsi","highway":"secondary"},"geometry":{"type":"LineString","coordinates":[[49.9635086,40.419096],[49.9631207,40.4187467]]}},{"type":"Feature","properties":{"road_class":"secondary","name":"Sərhədabad yolu","highway":"secondary"},"geometry":{"type":"LineString","coordinates":[[48.4575069,39.2253216],[48.4467158,39.2334029],[48.4364433,39.2474136]]}},{"type":"Feature","properties":{"road_class":"secondary","name":"Sərkar - Sarıqamış yolu","highway":"secondary"},"geometry":{"type":"LineString","coordinates":[[46.3874889,40.7667445],[46.3465737,40.8320025]]}},{"type":"Feature","properties":{"road_class":"secondary","name":"Səttar Bəhlulzadə küç.","highway":"secondary"},"geometry":{"type":"LineString","coordinates":[[49.9994471,40.4241314],[50.0038687,40.4207711]]}},{"type":"Feature","properties":{"road_class":"secondary","name":"Səttar Bəhlulzadə küç.","highway":"secondary"},"geometry":{"type":"LineString","coordinates":[[50.0072046,40.4178099],[50.0037316,40.4204856]]}},{"type":"Feature","properties":{"road_class":"secondary","name":"Səttar Bəhlulzadə küç.","highway":"secondary"},"geometry":{"type":"LineString","coordinates":[[49.9649475,40.439191],[49.9803016,40.4343651],[49.9994471,40.4241314]]}},{"type":"Feature","properties":{"road_class":"secondary","name":"Səttar Gözəlov küç.","highway":"secondary"},"geometry":{"type":"LineString","coordinates":[[46.4190504,41.7208717],[46.4170781,41.7190645]]}},{"type":"Feature","properties":{"road_class":"secondary","name":"Səxavət Quliyev küçəsi","highway":"secondary"},"geometry":{"type":"LineString","coordinates":[[49.84592,40.3911001],[49.849029,40.3916282]]}},{"type":"Feature","properties":{"road_class":"secondary","name":"Səyyaf Xəlilov küç.","highway":"secondary"},"geometry":{"type":"LineString","coordinates":[[47.8508685,40.6073045],[47.8524126,40.6092657]]}},{"type":"Feature","properties":{"road_class":"secondary","name":"Talış-Tapqaraqoyunlu-Qaşaltı-Naftalan yolu","highway":"secondary"},"geometry":{"type":"LineString","coordinates":[[46.7582243,40.3684315],[46.7651668,40.3700198],[46.7825273,40.3812279],[46.7807652,40.4024189],[46.7882127,40.4153973],[46.7911765,40.4179908],[46.7882664,40.4183436]]}},{"type":"Feature","properties":{"road_class":"secondary","name":"Tbilisi","highway":"secondary"},"geometry":{"type":"LineString","coordinates":[[46.3565379,40.7205011],[46.361433,40.716184],[46.3648501,40.7155538]]}},{"type":"Feature","properties":{"road_class":"secondary","name":"Telavar - Şovut yolu","highway":"secondary"},"geometry":{"type":"LineString","coordinates":[[48.3897981,38.9532719],[48.3942062,38.9555682],[48.3911871,38.9585862],[48.3877887,38.9566091],[48.3856666,38.9574284],[48.3881762,38.9625559],[48.3858514,38.9632048],[48.3847472,38.9670164],[48.3878707,38.9660117],[48.388154,38.9682935],[48.3836194,38.9756329],[48.3842483,38.9790348],[48.3870466,38.9818137],[48.3865849,38.9834559]]}},{"type":"Feature","properties":{"road_class":"secondary","name":"Telavar - Şovut yolu","highway":"secondary"},"geometry":{"type":"LineString","coordinates":[[48.3865849,38.9834559],[48.3842969,38.9842661],[48.3832689,38.9883227],[48.3796312,38.9884641],[48.3783321,38.9910816]]}},{"type":"Feature","properties":{"road_class":"secondary","name":"Telman Adıgözəlov küç.","highway":"secondary"},"geometry":{"type":"LineString","coordinates":[[46.4036903,41.7245046],[46.4050511,41.723652]]}},{"type":"Feature","properties":{"road_class":"secondary","name":"Terter way","highway":"secondary"},"geometry":{"type":"LineString","coordinates":[[46.9689269,40.3269475],[46.9782901,40.3391993],[46.9929316,40.3331562],[47.0051971,40.3331376],[47.0167471,40.3386103]]}},{"type":"Feature","properties":{"road_class":"secondary","name":"Teymur Elçin küçəsi","highway":"secondary"},"geometry":{"type":"LineString","coordinates":[[49.8270415,40.3634363],[49.8273867,40.3630214]]}},{"type":"Feature","properties":{"road_class":"secondary","name":"Teymur Elçin küçəsi","highway":"secondary"},"geometry":{"type":"LineString","coordinates":[[49.8273867,40.3630214],[49.827563,40.3628152]]}},{"type":"Feature","properties":{"road_class":"secondary","name":"Teymur Elçin küçəsi","highway":"secondary"},"geometry":{"type":"LineString","coordinates":[[49.827563,40.3628152],[49.828246,40.3620257]]}},{"type":"Feature","properties":{"road_class":"secondary","name":"Teymur Elçin küçəsi","highway":"secondary"},"geometry":{"type":"LineString","coordinates":[[49.828246,40.3620257],[49.8284901,40.3617612]]}},{"type":"Feature","properties":{"road_class":"secondary","name":"Tofiq İsmayılov","highway":"secondary"},"geometry":{"type":"LineString","coordinates":[[48.8350939,38.7618708],[48.8426461,38.7619944]]}},{"type":"Feature","properties":{"road_class":"secondary","name":"Tofiq Əkbəri küç.","highway":"secondary"},"geometry":{"type":"LineString","coordinates":[[46.5668351,40.6985052],[46.5758234,40.6995536],[46.5901409,40.6974475],[46.594302,40.6982354]]}},{"type":"Feature","properties":{"road_class":"secondary","name":"Totanlı","highway":"secondary"},"geometry":{"type":"LineString","coordinates":[[46.3279211,40.6521956],[46.3327488,40.6545382]]}},{"type":"Feature","properties":{"road_class":"secondary","name":"Totanlı","highway":"secondary"},"geometry":{"type":"LineString","coordinates":[[46.3327488,40.6545382],[46.3404095,40.6612366]]}},{"type":"Feature","properties":{"road_class":"secondary","name":"Totanlı","highway":"secondary"},"geometry":{"type":"LineString","coordinates":[[46.3238737,40.6461194],[46.3279211,40.6521956]]}},{"type":"Feature","properties":{"road_class":"secondary","name":"Tovuz - Əlibəyli yolu","highway":"secondary"},"geometry":{"type":"LineString","coordinates":[[45.4960775,40.9420583],[45.5048373,40.9459033],[45.5163491,40.9484907],[45.5230815,40.948778],[45.5334697,40.9466448],[45.5545437,40.9467035],[45.5634007,40.9507816],[45.5710852,40.9642518],[45.5792981,40.9723771],[45.5990316,40.9832111]]}},{"type":"Feature","properties":{"road_class":"secondary","name":"Türkan yolu","highway":"secondary"},"geometry":{"type":"LineString","coordinates":[[50.1963076,40.3813344],[50.178516,40.4156806]]}},{"type":"Feature","properties":{"road_class":"secondary","name":"Türkoba - Şatıroba yolu","highway":"secondary"},"geometry":{"type":"LineString","coordinates":[[48.7063189,38.9214662],[48.7087972,38.9118824],[48.7112325,38.9085379],[48.7106416,38.9060261]]}},{"type":"Feature","properties":{"road_class":"secondary","name":"Türkəkəran yolu","highway":"secondary"},"geometry":{"type":"LineString","coordinates":[[48.82452,38.6879207],[48.8242368,38.691034],[48.8193884,38.6964672]]}},{"type":"Feature","properties":{"road_class":"secondary","name":"Təbriz küç.","highway":"secondary"},"geometry":{"type":"LineString","coordinates":[[47.0336977,40.7721257],[47.0117268,40.77048]]}},{"type":"Feature","properties":{"road_class":"secondary","name":"Təbriz küçəsi","highway":"secondary"},"geometry":{"type":"LineString","coordinates":[[49.8494983,40.3832334],[49.8504742,40.3846467]]}},{"type":"Feature","properties":{"road_class":"secondary","name":"Təbriz küçəsi","highway":"secondary"},"geometry":{"type":"LineString","coordinates":[[49.8614633,40.3955445],[49.8644977,40.3980774]]}},{"type":"Feature","properties":{"road_class":"secondary","name":"Təbriz küçəsi","highway":"secondary"},"geometry":{"type":"LineString","coordinates":[[49.8604592,40.3948492],[49.8592807,40.3939053]]}},{"type":"Feature","properties":{"road_class":"secondary","name":"Təbriz küçəsi","highway":"secondary"},"geometry":{"type":"LineString","coordinates":[[49.8613898,40.3956013],[49.8604592,40.3948492]]}},{"type":"Feature","properties":{"road_class":"secondary","name":"Təbriz küçəsi","highway":"secondary"},"geometry":{"type":"LineString","coordinates":[[49.8605203,40.3947915],[49.8614633,40.3955445]]}},{"type":"Feature","properties":{"road_class":"secondary","name":"Təbriz küçəsi","highway":"secondary"},"geometry":{"type":"LineString","coordinates":[[49.8572123,40.3920767],[49.8593593,40.393853]]}},{"type":"Feature","properties":{"road_class":"secondary","name":"Təbriz küçəsi","highway":"secondary"},"geometry":{"type":"LineString","coordinates":[[49.8697907,40.4022882],[49.8708898,40.4027875]]}},{"type":"Feature","properties":{"road_class":"secondary","name":"Təbriz küçəsi","highway":"secondary"},"geometry":{"type":"LineString","coordinates":[[49.8504742,40.3846467],[49.8510827,40.3856262]]}},{"type":"Feature","properties":{"road_class":"secondary","name":"Təbriz küçəsi","highway":"secondary"},"geometry":{"type":"LineString","coordinates":[[49.8660912,40.3995383],[49.8644104,40.398136]]}},{"type":"Feature","properties":{"road_class":"secondary","name":"Təbriz küçəsi","highway":"secondary"},"geometry":{"type":"LineString","coordinates":[[46.7469659,39.8274734],[46.748663,39.8316448],[46.752585,39.8335175]]}},{"type":"Feature","properties":{"road_class":"secondary","name":"Təbriz küçəsi","highway":"secondary"},"geometry":{"type":"LineString","coordinates":[[46.756286,39.8316985],[46.752585,39.8335175]]}},{"type":"Feature","properties":{"road_class":"secondary","name":"Təbriz küçəsi","highway":"secondary"},"geometry":{"type":"LineString","coordinates":[[49.8644977,40.3980774],[49.8661896,40.3994609]]}},{"type":"Feature","properties":{"road_class":"secondary","name":"Təbriz küçəsi","highway":"secondary"},"geometry":{"type":"LineString","coordinates":[[49.8513413,40.3861452],[49.8511709,40.3858686]]}},{"type":"Feature","properties":{"road_class":"secondary","name":"Təbriz küçəsi","highway":"secondary"},"geometry":{"type":"LineString","coordinates":[[49.8511982,40.385783],[49.8572123,40.3920767]]}},{"type":"Feature","properties":{"road_class":"secondary","name":"Təbriz küçəsi","highway":"secondary"},"geometry":{"type":"LineString","coordinates":[[49.8664011,40.3996292],[49.8676378,40.4006381]]}},{"type":"Feature","properties":{"road_class":"secondary","name":"Təbriz küçəsi","highway":"secondary"},"geometry":{"type":"LineString","coordinates":[[45.4087807,39.208925],[45.4120558,39.2093516]]}},{"type":"Feature","properties":{"road_class":"secondary","name":"Təbriz küçəsi","highway":"secondary"},"geometry":{"type":"LineString","coordinates":[[49.8593593,40.393853],[49.8605203,40.3947915]]}},{"type":"Feature","properties":{"road_class":"secondary","name":"Təbriz küçəsi","highway":"secondary"},"geometry":{"type":"LineString","coordinates":[[49.8592807,40.3939053],[49.8573278,40.3923211]]}},{"type":"Feature","properties":{"road_class":"secondary","name":"Təbriz küçəsi","highway":"secondary"},"geometry":{"type":"LineString","coordinates":[[49.8570295,40.3920789],[49.8527425,40.3883314]]}},{"type":"Feature","properties":{"road_class":"secondary","name":"Təbriz küçəsi","highway":"secondary"},"geometry":{"type":"LineString","coordinates":[[49.8573278,40.3923211],[49.8571106,40.392144]]}},{"type":"Feature","properties":{"road_class":"secondary","name":"Təbriz küçəsi","highway":"secondary"},"geometry":{"type":"LineString","coordinates":[[49.8716524,40.4033277],[49.8708289,40.4029444]]}},{"type":"Feature","properties":{"road_class":"secondary","name":"Təbriz küçəsi","highway":"secondary"},"geometry":{"type":"LineString","coordinates":[[49.8692036,40.4021171],[49.8662995,40.3997089]]}},{"type":"Feature","properties":{"road_class":"secondary","name":"Təbriz küçəsi","highway":"secondary"},"geometry":{"type":"LineString","coordinates":[[49.8511709,40.3858686],[49.8510663,40.385694]]}},{"type":"Feature","properties":{"road_class":"secondary","name":"Təbriz küçəsi","highway":"secondary"},"geometry":{"type":"LineString","coordinates":[[49.8571106,40.392144],[49.8570295,40.3920789]]}},{"type":"Feature","properties":{"road_class":"secondary","name":"Təbriz küçəsi","highway":"secondary"},"geometry":{"type":"LineString","coordinates":[[49.8644104,40.398136],[49.8613898,40.3956013]]}},{"type":"Feature","properties":{"road_class":"secondary","name":"Təbriz küçəsi","highway":"secondary"},"geometry":{"type":"LineString","coordinates":[[49.866294,40.3995408],[49.8664011,40.3996292]]}},{"type":"Feature","properties":{"road_class":"secondary","name":"Təbriz küçəsi","highway":"secondary"},"geometry":{"type":"LineString","coordinates":[[49.8662995,40.3997089],[49.866192,40.3996215]]}},{"type":"Feature","properties":{"road_class":"secondary","name":"Təbriz küçəsi","highway":"secondary"},"geometry":{"type":"LineString","coordinates":[[49.866192,40.3996215],[49.8660912,40.3995383]]}},{"type":"Feature","properties":{"road_class":"secondary","name":"Təbriz küçəsi","highway":"secondary"},"geometry":{"type":"LineString","coordinates":[[49.8661896,40.3994609],[49.866294,40.3995408]]}},{"type":"Feature","properties":{"road_class":"secondary","name":"Təbriz küçəsi","highway":"secondary"},"geometry":{"type":"LineString","coordinates":[[49.8708289,40.4029444],[49.8707742,40.4029192]]}},{"type":"Feature","properties":{"road_class":"secondary","name":"Təbriz küçəsi","highway":"secondary"},"geometry":{"type":"LineString","coordinates":[[49.8707742,40.4029192],[49.870476,40.4027804]]}},{"type":"Feature","properties":{"road_class":"secondary","name":"Təbriz küçəsi","highway":"secondary"},"geometry":{"type":"LineString","coordinates":[[49.870476,40.4027804],[49.870337,40.4027287]]}},{"type":"Feature","properties":{"road_class":"secondary","name":"Təbriz küçəsi","highway":"secondary"},"geometry":{"type":"LineString","coordinates":[[49.870337,40.4027287],[49.8702601,40.4026935]]}},{"type":"Feature","properties":{"road_class":"secondary","name":"Təbriz küçəsi","highway":"secondary"},"geometry":{"type":"LineString","coordinates":[[49.8702601,40.4026935],[49.8698215,40.4024943]]}},{"type":"Feature","properties":{"road_class":"secondary","name":"Təbriz küçəsi","highway":"secondary"},"geometry":{"type":"LineString","coordinates":[[49.8698215,40.4024943],[49.8695972,40.4023956]]}},{"type":"Feature","properties":{"road_class":"secondary","name":"Təbriz küçəsi","highway":"secondary"},"geometry":{"type":"LineString","coordinates":[[49.8708898,40.4027875],[49.8713719,40.4030163]]}},{"type":"Feature","properties":{"road_class":"secondary","name":"Təbriz küçəsi","highway":"secondary"},"geometry":{"type":"LineString","coordinates":[[49.8713719,40.4030163],[49.8717658,40.4032333]]}},{"type":"Feature","properties":{"road_class":"secondary","name":"Təbriz küçəsi","highway":"secondary"},"geometry":{"type":"LineString","coordinates":[[49.8676378,40.4006381],[49.8679463,40.400891]]}},{"type":"Feature","properties":{"road_class":"secondary","name":"Təbriz küçəsi","highway":"secondary"},"geometry":{"type":"LineString","coordinates":[[49.8679463,40.400891],[49.8687249,40.4015148]]}},{"type":"Feature","properties":{"road_class":"secondary","name":"Təbriz küçəsi","highway":"secondary"},"geometry":{"type":"LineString","coordinates":[[49.8687249,40.4015148],[49.8693585,40.4020115]]}},{"type":"Feature","properties":{"road_class":"secondary","name":"Təbriz küçəsi","highway":"secondary"},"geometry":{"type":"LineString","coordinates":[[49.8693585,40.4020115],[49.8697907,40.4022882]]}},{"type":"Feature","properties":{"road_class":"secondary","name":"Təbriz küçəsi","highway":"secondary"},"geometry":{"type":"LineString","coordinates":[[49.8510827,40.3856262],[49.8511982,40.385783]]}},{"type":"Feature","properties":{"road_class":"secondary","name":"Təbriz küçəsi","highway":"secondary"},"geometry":{"type":"LineString","coordinates":[[49.8504268,40.3846869],[49.8496955,40.3835152]]}},{"type":"Feature","properties":{"road_class":"secondary","name":"Təbriz küçəsi","highway":"secondary"},"geometry":{"type":"LineString","coordinates":[[49.8496955,40.3835152],[49.8494983,40.3832334]]}},{"type":"Feature","properties":{"road_class":"secondary","name":"Təbriz küçəsi","highway":"secondary"},"geometry":{"type":"LineString","coordinates":[[49.8510663,40.385694],[49.8504268,40.3846869]]}},{"type":"Feature","properties":{"road_class":"secondary","name":"Təbriz küçəsi","highway":"secondary"},"geometry":{"type":"LineString","coordinates":[[49.8527425,40.3883314],[49.8513413,40.3861452]]}},{"type":"Feature","properties":{"road_class":"secondary","name":"Təklə yolu","highway":"secondary"},"geometry":{"type":"LineString","coordinates":[[48.333619,39.2622192],[48.3558552,39.2621974]]}},{"type":"Feature","properties":{"road_class":"secondary","name":"Təklə yolu","highway":"secondary"},"geometry":{"type":"LineString","coordinates":[[48.3577561,39.2601209],[48.3511306,39.2569437],[48.344308,39.2488759]]}},{"type":"Feature","properties":{"road_class":"secondary","name":"Təklə yolu","highway":"secondary"},"geometry":{"type":"LineString","coordinates":[[48.3673169,39.2601493],[48.3651523,39.2611491],[48.3641272,39.2585999],[48.3623246,39.260435],[48.3577561,39.2601209]]}},{"type":"Feature","properties":{"road_class":"secondary","name":"Tərtər-Çaylı-Suqovuşan yolu","highway":"secondary"},"geometry":{"type":"LineString","coordinates":[[46.9321682,40.3527548],[46.905203,40.3788005]]}},{"type":"Feature","properties":{"road_class":"secondary","name":"Tərtər-Çaylı-Suqovuşan yolu","highway":"secondary"},"geometry":{"type":"LineString","coordinates":[[46.905203,40.3788005],[46.8623745,40.3565518],[46.8349177,40.3475361]]}},{"type":"Feature","properties":{"road_class":"secondary","name":"Tərtər-Çaylı-Suqovuşan yolu","highway":"secondary"},"geometry":{"type":"LineString","coordinates":[[46.8136968,40.3315016],[46.8142741,40.3332471],[46.8122486,40.3360875],[46.8156887,40.3412264],[46.8349177,40.3475361]]}},{"type":"Feature","properties":{"road_class":"secondary","name":"Tərtər-Çaylı-Suqovuşan yolu","highway":"secondary"},"geometry":{"type":"LineString","coordinates":[[46.9326975,40.3524873],[46.9326576,40.3526688]]}},{"type":"Feature","properties":{"road_class":"secondary","name":"Tərtər-Çaylı-Suqovuşan yolu","highway":"secondary"},"geometry":{"type":"LineString","coordinates":[[46.9322831,40.3526973],[46.9326975,40.3524873]]}},{"type":"Feature","properties":{"road_class":"secondary","name":"Tərtər-Çaylı-Suqovuşan yolu","highway":"secondary"},"geometry":{"type":"LineString","coordinates":[[46.9321682,40.3527548],[46.9322831,40.3526973]]}},{"type":"Feature","properties":{"road_class":"secondary","name":"Tərtər-Çaylı-Suqovuşan yolu","highway":"secondary"},"geometry":{"type":"LineString","coordinates":[[46.9326576,40.3526688],[46.9321682,40.3527548]]}},{"type":"Feature","properties":{"road_class":"secondary","name":"Təzə Alvadı yolu","highway":"secondary"},"geometry":{"type":"LineString","coordinates":[[48.614759,39.0733369],[48.6112988,39.0844425],[48.6150071,39.0869278]]}},{"type":"Feature","properties":{"road_class":"secondary","name":"Təzəkənd yolu","highway":"secondary"},"geometry":{"type":"LineString","coordinates":[[48.3096169,39.2117408],[48.3045998,39.2151063],[48.2876874,39.2155095]]}},{"type":"Feature","properties":{"road_class":"secondary","name":"Təzəkənd yolu","highway":"secondary"},"geometry":{"type":"LineString","coordinates":[[48.3783321,38.9910816],[48.3860843,38.9994094],[48.3864522,39.0011037],[48.3847324,39.0015821],[48.3868568,39.0083691]]}},{"type":"Feature","properties":{"road_class":"secondary","name":"Təzəkənd yolu","highway":"secondary"},"geometry":{"type":"LineString","coordinates":[[48.3868568,39.0083691],[48.3871625,39.0087822]]}},{"type":"Feature","properties":{"road_class":"secondary","name":"Ucar Məhərrəmov","highway":"secondary"},"geometry":{"type":"LineString","coordinates":[[46.312047,40.6175833],[46.3131009,40.6307887],[46.3164002,40.6374155],[46.3238737,40.6461194]]}},{"type":"Feature","properties":{"road_class":"secondary","name":"Uzeyir Hajibayli st.","highway":"secondary"},"geometry":{"type":"LineString","coordinates":[[47.1263058,40.3723893],[47.1210477,40.375035],[47.1121783,40.3737663]]}},{"type":"Feature","properties":{"road_class":"secondary","name":"Uzuntala-İngiloy Kötüklü yolu","highway":"secondary"},"geometry":{"type":"LineString","coordinates":[[46.8403301,41.3065743],[46.8434603,41.3083105],[46.8573037,41.3301038],[46.8665519,41.3392251],[46.8803599,41.3500224],[46.889803,41.3522648],[46.8948251,41.3574679],[46.9070094,41.3763636],[46.9107385,41.3865957],[46.9161933,41.3942979]]}},{"type":"Feature","properties":{"road_class":"secondary","name":"Vaqif Eyvazov küç.","highway":"secondary"},"geometry":{"type":"LineString","coordinates":[[46.9121023,41.4227719],[46.9142773,41.4186742]]}},{"type":"Feature","properties":{"road_class":"secondary","name":"Vaqif prospekti","highway":"secondary"},"geometry":{"type":"LineString","coordinates":[[49.8491121,40.3998516],[49.8482922,40.395838]]}},{"type":"Feature","properties":{"road_class":"secondary","name":"Vaqif prospekti","highway":"secondary"},"geometry":{"type":"LineString","coordinates":[[49.8482926,40.3954337],[49.8493506,40.3998927]]}},{"type":"Feature","properties":{"road_class":"secondary","name":"Vağzal küç.","highway":"secondary"},"geometry":{"type":"LineString","coordinates":[[45.7260659,40.9521409],[45.7128578,40.9564382]]}},{"type":"Feature","properties":{"road_class":"secondary","name":"Vağzal küç.","highway":"secondary"},"geometry":{"type":"LineString","coordinates":[[45.7509985,40.9423794],[45.7368643,40.9483845]]}},{"type":"Feature","properties":{"road_class":"secondary","name":"Vağzal küç.","highway":"secondary"},"geometry":{"type":"LineString","coordinates":[[45.7368643,40.9483845],[45.7260659,40.9521409]]}},{"type":"Feature","properties":{"road_class":"secondary","name":"Vağzal küç.","highway":"secondary"},"geometry":{"type":"LineString","coordinates":[[45.7260659,40.9521409],[45.7368643,40.9483845]]}},{"type":"Feature","properties":{"road_class":"secondary","name":"Vel yolu","highway":"secondary"},"geometry":{"type":"LineString","coordinates":[[48.8720709,38.6579158],[48.8705235,38.6586162],[48.8698361,38.6633271],[48.8703592,38.676808]]}},{"type":"Feature","properties":{"road_class":"secondary","name":"Vel yolu","highway":"secondary"},"geometry":{"type":"LineString","coordinates":[[48.8668221,38.676824],[48.8703592,38.676808]]}},{"type":"Feature","properties":{"road_class":"secondary","name":"Vel-Qamışoba yolui","highway":"secondary"},"geometry":{"type":"LineString","coordinates":[[48.8544957,38.6792224],[48.8668221,38.676824]]}},{"type":"Feature","properties":{"road_class":"secondary","name":"Vilvan yolu","highway":"secondary"},"geometry":{"type":"LineString","coordinates":[[48.7478791,38.838495],[48.7440717,38.8337026],[48.7452103,38.8269361],[48.7472689,38.8227008],[48.7550198,38.818434]]}},{"type":"Feature","properties":{"road_class":"secondary","name":"Viravul yolu","highway":"secondary"},"geometry":{"type":"LineString","coordinates":[[48.7550198,38.818434],[48.7615424,38.8146803]]}},{"type":"Feature","properties":{"road_class":"secondary","name":"Viravul yolu","highway":"secondary"},"geometry":{"type":"LineString","coordinates":[[48.7618248,38.8144172],[48.7752493,38.8064289]]}},{"type":"Feature","properties":{"road_class":"secondary","name":"Viravul yolu","highway":"secondary"},"geometry":{"type":"LineString","coordinates":[[48.7615424,38.8146803],[48.7618248,38.8144172]]}},{"type":"Feature","properties":{"road_class":"secondary","name":"Xanlar","highway":"secondary"},"geometry":{"type":"LineString","coordinates":[[50.0158183,40.5266474],[50.0145547,40.527313]]}},{"type":"Feature","properties":{"road_class":"secondary","name":"Xanlar küç","highway":"secondary"},"geometry":{"type":"LineString","coordinates":[[50.2069973,40.359947],[50.1963076,40.3813344]]}},{"type":"Feature","properties":{"road_class":"secondary","name":"Xanlar küç.","highway":"secondary"},"geometry":{"type":"LineString","coordinates":[[50.0145547,40.527313],[50.0048561,40.531397]]}},{"type":"Feature","properties":{"road_class":"secondary","name":"Xanlar Ələkbərov küç.","highway":"secondary"},"geometry":{"type":"LineString","coordinates":[[50.0038687,40.4207711],[50.0041223,40.4233292]]}},{"type":"Feature","properties":{"road_class":"secondary","name":"Xanməmmədli yolu","highway":"secondary"},"geometry":{"type":"LineString","coordinates":[[48.8040912,39.4025739],[48.8009726,39.3989558],[48.7876385,39.390268],[48.786778,39.3869111]]}},{"type":"Feature","properties":{"road_class":"secondary","name":"Xanoba - Sərhəd Məntəqəsi yolu","highway":"secondary"},"geometry":{"type":"LineString","coordinates":[[48.5844156,41.7588571],[48.5842372,41.7590133]]}},{"type":"Feature","properties":{"road_class":"secondary","name":"Xanəgah yolu","highway":"secondary"},"geometry":{"type":"LineString","coordinates":[[48.2789376,39.2066206],[48.2826073,39.2073783],[48.2853057,39.2047846],[48.2852614,39.1945624]]}},{"type":"Feature","properties":{"road_class":"secondary","name":"Xanəgah yolu","highway":"secondary"},"geometry":{"type":"LineString","coordinates":[[48.2876874,39.2155095],[48.2795264,39.2121478],[48.2789376,39.2066206]]}},{"type":"Feature","properties":{"road_class":"secondary","name":"Xarxatan - Şağlaser yolu","highway":"secondary"},"geometry":{"type":"LineString","coordinates":[[48.727248,38.8687517],[48.7390372,38.8634012],[48.7485007,38.8559959],[48.7523597,38.8484894],[48.7478791,38.838495]]}},{"type":"Feature","properties":{"road_class":"secondary","name":"Xasadarlı yolu","highway":"secondary"},"geometry":{"type":"LineString","coordinates":[[46.6705648,40.7046707],[46.7165064,40.705366]]}},{"type":"Feature","properties":{"road_class":"secondary","name":"Xaçmaz-Yalama-Rusiya yolu","highway":"secondary"},"geometry":{"type":"LineString","coordinates":[[48.6842669,41.6324528],[48.6794171,41.6389458],[48.6803517,41.6410298],[48.6717264,41.6439463],[48.6628588,41.6559065],[48.6299817,41.6850411],[48.6276662,41.6944256],[48.6329872,41.6961387],[48.6315866,41.6992031],[48.6144633,41.7165457],[48.5844156,41.7588571]]}},{"type":"Feature","properties":{"road_class":"secondary","name":"Xiyabanlı","highway":"secondary"},"geometry":{"type":"LineString","coordinates":[[45.4273032,39.1959082],[45.4217505,39.194272]]}},{"type":"Feature","properties":{"road_class":"secondary","name":"Xocalı pr.","highway":"secondary"},"geometry":{"type":"LineString","coordinates":[[49.875541,40.3829998],[49.8749275,40.3833175]]}},{"type":"Feature","properties":{"road_class":"secondary","name":"Xocalı pr.","highway":"secondary"},"geometry":{"type":"LineString","coordinates":[[49.875541,40.3829998],[49.8756556,40.3833926]]}},{"type":"Feature","properties":{"road_class":"secondary","name":"Xocalı pr.","highway":"secondary"},"geometry":{"type":"LineString","coordinates":[[49.8753078,40.3832843],[49.8752256,40.3834087]]}},{"type":"Feature","properties":{"road_class":"secondary","name":"Xocalı pr.","highway":"secondary"},"geometry":{"type":"LineString","coordinates":[[49.8643761,40.3819458],[49.8641135,40.3819139]]}},{"type":"Feature","properties":{"road_class":"secondary","name":"Xocalı prospekti","highway":"secondary"},"geometry":{"type":"LineString","coordinates":[[49.8768121,40.3836356],[49.876464,40.3835855]]}},{"type":"Feature","properties":{"road_class":"secondary","name":"Xocalı prospekti","highway":"secondary"},"geometry":{"type":"LineString","coordinates":[[49.8740802,40.3828749],[49.875541,40.3829998]]}},{"type":"Feature","properties":{"road_class":"secondary","name":"Xocalı prospekti","highway":"secondary"},"geometry":{"type":"LineString","coordinates":[[49.8756556,40.3833926],[49.8768326,40.3835438]]}},{"type":"Feature","properties":{"road_class":"secondary","name":"Xocalı prospekti","highway":"secondary"},"geometry":{"type":"LineString","coordinates":[[49.8661277,40.3818663],[49.8739688,40.3828586]]}},{"type":"Feature","properties":{"road_class":"secondary","name":"Xocalı prospekti","highway":"secondary"},"geometry":{"type":"LineString","coordinates":[[49.8645498,40.3811631],[49.8646267,40.3816821]]}},{"type":"Feature","properties":{"road_class":"secondary","name":"Xocalı prospekti","highway":"secondary"},"geometry":{"type":"LineString","coordinates":[[49.8740802,40.3828749],[49.8753078,40.3832843]]}},{"type":"Feature","properties":{"road_class":"secondary","name":"Xocalı prospekti","highway":"secondary"},"geometry":{"type":"LineString","coordinates":[[49.8739688,40.3828586],[49.8740802,40.3828749]]}},{"type":"Feature","properties":{"road_class":"secondary","name":"Xocalı prospekti","highway":"secondary"},"geometry":{"type":"LineString","coordinates":[[49.8659213,40.382125],[49.8643761,40.3819458]]}},{"type":"Feature","properties":{"road_class":"secondary","name":"Xocalı prospekti","highway":"secondary"},"geometry":{"type":"LineString","coordinates":[[49.8688694,40.3824817],[49.8686689,40.3824552]]}},{"type":"Feature","properties":{"road_class":"secondary","name":"Xocalı prospekti","highway":"secondary"},"geometry":{"type":"LineString","coordinates":[[49.8753078,40.3832843],[49.8756556,40.3833926]]}},{"type":"Feature","properties":{"road_class":"secondary","name":"Xocalı prospekti","highway":"secondary"},"geometry":{"type":"LineString","coordinates":[[49.8658201,40.3818303],[49.8661277,40.3818663]]}},{"type":"Feature","properties":{"road_class":"secondary","name":"Xocalı prospekti","highway":"secondary"},"geometry":{"type":"LineString","coordinates":[[49.8646267,40.3816821],[49.8658201,40.3818303]]}},{"type":"Feature","properties":{"road_class":"secondary","name":"Xocalı prospekti","highway":"secondary"},"geometry":{"type":"LineString","coordinates":[[49.8660668,40.3821428],[49.8659213,40.382125]]}},{"type":"Feature","properties":{"road_class":"secondary","name":"Xocalı prospekti","highway":"secondary"},"geometry":{"type":"LineString","coordinates":[[49.8686689,40.3824552],[49.8660668,40.3821428]]}},{"type":"Feature","properties":{"road_class":"secondary","name":"Xocalı prospekti","highway":"secondary"},"geometry":{"type":"LineString","coordinates":[[49.8749275,40.3833175],[49.8740296,40.383156]]}},{"type":"Feature","properties":{"road_class":"secondary","name":"Xocalı prospekti","highway":"secondary"},"geometry":{"type":"LineString","coordinates":[[49.8740296,40.383156],[49.8736882,40.3831118]]}},{"type":"Feature","properties":{"road_class":"secondary","name":"Xocalı prospekti","highway":"secondary"},"geometry":{"type":"LineString","coordinates":[[49.8736882,40.3831118],[49.8727245,40.3829871]]}},{"type":"Feature","properties":{"road_class":"secondary","name":"Xocalı prospekti","highway":"secondary"},"geometry":{"type":"LineString","coordinates":[[49.8727245,40.3829871],[49.8718335,40.3828702]]}},{"type":"Feature","properties":{"road_class":"secondary","name":"Xocalı prospekti","highway":"secondary"},"geometry":{"type":"LineString","coordinates":[[49.8718335,40.3828702],[49.8712342,40.3827916]]}},{"type":"Feature","properties":{"road_class":"secondary","name":"Xocalı prospekti","highway":"secondary"},"geometry":{"type":"LineString","coordinates":[[49.8712342,40.3827916],[49.8706563,40.3827158]]}},{"type":"Feature","properties":{"road_class":"secondary","name":"Xocalı prospekti","highway":"secondary"},"geometry":{"type":"LineString","coordinates":[[49.8706563,40.3827158],[49.8688694,40.3824817]]}},{"type":"Feature","properties":{"road_class":"secondary","name":"Xocalı prospekti","highway":"secondary"},"geometry":{"type":"LineString","coordinates":[[49.876464,40.3835855],[49.8752256,40.3834087]]}},{"type":"Feature","properties":{"road_class":"secondary","name":"Xocalı prospekti","highway":"secondary"},"geometry":{"type":"LineString","coordinates":[[49.8752256,40.3834087],[49.8749275,40.3833175]]}},{"type":"Feature","properties":{"road_class":"secondary","name":"Xocəsən yolu","highway":"secondary"},"geometry":{"type":"LineString","coordinates":[[49.7738914,40.3352493],[49.7639944,40.3248935]]}},{"type":"Feature","properties":{"road_class":"secondary","name":"Xocəsən yolu","highway":"secondary"},"geometry":{"type":"LineString","coordinates":[[49.748294,40.3176762],[49.7345722,40.3127321]]}},{"type":"Feature","properties":{"road_class":"secondary","name":"Xocəsən yolu","highway":"secondary"},"geometry":{"type":"LineString","coordinates":[[49.7639944,40.3248935],[49.7637456,40.3246824]]}},{"type":"Feature","properties":{"road_class":"secondary","name":"Xocəsən yolu","highway":"secondary"},"geometry":{"type":"LineString","coordinates":[[49.7487915,40.3175651],[49.7598365,40.3217918]]}},{"type":"Feature","properties":{"road_class":"secondary","name":"Xocəsən yolu","highway":"secondary"},"geometry":{"type":"LineString","coordinates":[[49.7641553,40.3246534],[49.7642863,40.3247836]]}},{"type":"Feature","properties":{"road_class":"secondary","name":"Xocəsən yolu","highway":"secondary"},"geometry":{"type":"LineString","coordinates":[[49.7358922,40.3131925],[49.7486362,40.3174444]]}},{"type":"Feature","properties":{"road_class":"secondary","name":"Xocəsən yolu","highway":"secondary"},"geometry":{"type":"LineString","coordinates":[[49.7633502,40.3239704],[49.7641553,40.3246534]]}},{"type":"Feature","properties":{"road_class":"secondary","name":"Xocəsən yolu","highway":"secondary"},"geometry":{"type":"LineString","coordinates":[[49.7598365,40.3217918],[49.7616939,40.3227613]]}},{"type":"Feature","properties":{"road_class":"secondary","name":"Xocəsən yolu","highway":"secondary"},"geometry":{"type":"LineString","coordinates":[[49.7616939,40.3227613],[49.7633502,40.3239704]]}},{"type":"Feature","properties":{"road_class":"secondary","name":"Xocəsən yolu","highway":"secondary"},"geometry":{"type":"LineString","coordinates":[[49.7642863,40.3247836],[49.76504,40.325607]]}},{"type":"Feature","properties":{"road_class":"secondary","name":"Xocəsən yolu","highway":"secondary"},"geometry":{"type":"LineString","coordinates":[[49.76504,40.325607],[49.7665204,40.3270584]]}},{"type":"Feature","properties":{"road_class":"secondary","name":"Xocəsən yolu","highway":"secondary"},"geometry":{"type":"LineString","coordinates":[[49.7665204,40.3270584],[49.7679408,40.3284638]]}},{"type":"Feature","properties":{"road_class":"secondary","name":"Xocəsən yolu","highway":"secondary"},"geometry":{"type":"LineString","coordinates":[[49.7679408,40.3284638],[49.7694356,40.3299834]]}},{"type":"Feature","properties":{"road_class":"secondary","name":"Xocəsən yolu","highway":"secondary"},"geometry":{"type":"LineString","coordinates":[[49.7694356,40.3299834],[49.7740603,40.3351119]]}},{"type":"Feature","properties":{"road_class":"secondary","name":"Xocəsən yolu","highway":"secondary"},"geometry":{"type":"LineString","coordinates":[[49.7637456,40.3246824],[49.7633655,40.3243601]]}},{"type":"Feature","properties":{"road_class":"secondary","name":"Xocəsən yolu","highway":"secondary"},"geometry":{"type":"LineString","coordinates":[[49.7633655,40.3243601],[49.7631082,40.3241382]]}},{"type":"Feature","properties":{"road_class":"secondary","name":"Xocəsən yolu","highway":"secondary"},"geometry":{"type":"LineString","coordinates":[[49.7631082,40.3241382],[49.761858,40.3230314]]}},{"type":"Feature","properties":{"road_class":"secondary","name":"Xocəsən yolu","highway":"secondary"},"geometry":{"type":"LineString","coordinates":[[49.761858,40.3230314],[49.7608331,40.3223105]]}},{"type":"Feature","properties":{"road_class":"secondary","name":"Xocəsən yolu","highway":"secondary"},"geometry":{"type":"LineString","coordinates":[[49.7608331,40.3223105],[49.7605038,40.3221488]]}},{"type":"Feature","properties":{"road_class":"secondary","name":"Xocəsən yolu","highway":"secondary"},"geometry":{"type":"LineString","coordinates":[[49.7605038,40.3221488],[49.7485565,40.3178277]]}},{"type":"Feature","properties":{"road_class":"secondary","name":"Xocəsən yolu","highway":"secondary"},"geometry":{"type":"LineString","coordinates":[[49.7347852,40.3125815],[49.7358922,40.3131925]]}},{"type":"Feature","properties":{"road_class":"secondary","name":"Xol Qaraqaşlı yolu","highway":"secondary"},"geometry":{"type":"LineString","coordinates":[[48.8098577,39.31782],[48.813145,39.3143993],[48.8251196,39.3106801],[48.8667893,39.3166111]]}},{"type":"Feature","properties":{"road_class":"secondary","name":"Xolmili yolu","highway":"secondary"},"geometry":{"type":"LineString","coordinates":[[48.8512644,38.6805106],[48.8544957,38.6792224]]}},{"type":"Feature","properties":{"road_class":"secondary","name":"Xurşudbanu Natəvan","highway":"secondary"},"geometry":{"type":"LineString","coordinates":[[49.8100899,40.432063],[49.8046155,40.4244923],[49.8062994,40.4225889]]}},{"type":"Feature","properties":{"road_class":"secondary","name":"Xurşudbanu Natəvan","highway":"secondary"},"geometry":{"type":"LineString","coordinates":[[49.8062994,40.4225889],[49.8041312,40.421042]]}},{"type":"Feature","properties":{"road_class":"secondary","name":"Xurşudbanu Natəvan","highway":"secondary"},"geometry":{"type":"LineString","coordinates":[[49.8041312,40.421042],[49.803023,40.4204664]]}},{"type":"Feature","properties":{"road_class":"secondary","name":"Xurşudbanu Natəvan","highway":"secondary"},"geometry":{"type":"LineString","coordinates":[[49.80278,40.4203578],[49.8025396,40.4200711]]}},{"type":"Feature","properties":{"road_class":"secondary","name":"Xurşudbanu Natəvan","highway":"secondary"},"geometry":{"type":"LineString","coordinates":[[49.803023,40.4204664],[49.80278,40.4203578]]}},{"type":"Feature","properties":{"road_class":"secondary","name":"Xırdalan - Binəqədi yolu","highway":"secondary"},"geometry":{"type":"LineString","coordinates":[[49.7729575,40.4431585],[49.7794336,40.4507716],[49.789628,40.4554518],[49.7964426,40.461949],[49.8091714,40.4645676]]}},{"type":"Feature","properties":{"road_class":"secondary","name":"Xırdalan dairəsi","highway":"secondary"},"geometry":{"type":"LineString","coordinates":[[49.772241,40.4416794],[49.7726866,40.4420379]]}},{"type":"Feature","properties":{"road_class":"secondary","name":"Xırdalan dairəsi","highway":"secondary"},"geometry":{"type":"LineString","coordinates":[[49.7725065,40.442222],[49.7720851,40.4418441]]}},{"type":"Feature","properties":{"road_class":"secondary","name":"Xırmandalı yolu","highway":"secondary"},"geometry":{"type":"LineString","coordinates":[[48.6206022,39.4471287],[48.6028449,39.4504288]]}},{"type":"Feature","properties":{"road_class":"secondary","name":"Xırmandalı yolu","highway":"secondary"},"geometry":{"type":"LineString","coordinates":[[48.6029466,39.4507144],[48.603593,39.4536684],[48.5976382,39.4545742],[48.5985091,39.4612873]]}},{"type":"Feature","properties":{"road_class":"secondary","name":"Xızı - Altıağac - Qızılqazma yolu","highway":"secondary"},"geometry":{"type":"LineString","coordinates":[[49.0703485,40.9134264],[49.0713037,40.9165883],[49.0690774,40.9206166],[49.0676566,40.9181166],[49.0633428,40.9164496],[49.0583605,40.9181643],[49.0524661,40.9175222]]}},{"type":"Feature","properties":{"road_class":"secondary","name":"Xəlil Məmmədov","highway":"secondary"},"geometry":{"type":"LineString","coordinates":[[46.7512799,39.7676605],[46.7509229,39.7667142]]}},{"type":"Feature","properties":{"road_class":"secondary","name":"Xəlil Məmmədov/Gorus-Laçın-Xankəndi Yolu","highway":"secondary"},"geometry":{"type":"LineString","coordinates":[[46.7509229,39.7667142],[46.7497654,39.7652424],[46.750951,39.7637771]]}},{"type":"Feature","properties":{"road_class":"secondary","name":"Xəlil Rza Ulutürk","highway":"secondary"},"geometry":{"type":"LineString","coordinates":[[49.9097114,40.4217241],[49.9089914,40.4209549]]}},{"type":"Feature","properties":{"road_class":"secondary","name":"Xəlil Rza Ulutürk","highway":"secondary"},"geometry":{"type":"LineString","coordinates":[[49.9056916,40.4190697],[49.9091128,40.4207561]]}},{"type":"Feature","properties":{"road_class":"secondary","name":"Xəlil Rza Ulutürk","highway":"secondary"},"geometry":{"type":"LineString","coordinates":[[49.9082881,40.4205219],[49.9056208,40.4191524]]}},{"type":"Feature","properties":{"road_class":"secondary","name":"Xəlil Rza Ulutürk","highway":"secondary"},"geometry":{"type":"LineString","coordinates":[[49.9089914,40.4209549],[49.9085881,40.4206882]]}},{"type":"Feature","properties":{"road_class":"secondary","name":"Xəlil Rza Ulutürk","highway":"secondary"},"geometry":{"type":"LineString","coordinates":[[49.9091128,40.4207561],[49.9103104,40.4213734]]}},{"type":"Feature","properties":{"road_class":"secondary","name":"Xələnc yolu","highway":"secondary"},"geometry":{"type":"LineString","coordinates":[[49.0524661,40.9175222],[49.0457972,40.9212691]]}},{"type":"Feature","properties":{"road_class":"secondary","name":"Xələnc yolu","highway":"secondary"},"geometry":{"type":"LineString","coordinates":[[49.037561,40.9236415],[49.0295889,40.9193712]]}},{"type":"Feature","properties":{"road_class":"secondary","name":"Xələnc yolu","highway":"secondary"},"geometry":{"type":"LineString","coordinates":[[49.0451774,40.921388],[49.0390196,40.9246718]]}},{"type":"Feature","properties":{"road_class":"secondary","name":"Xələnc yolu","highway":"secondary"},"geometry":{"type":"LineString","coordinates":[[49.0390196,40.9246718],[49.037561,40.9236415]]}},{"type":"Feature","properties":{"road_class":"secondary","name":"Xəqani Rüstəmov küçəsi","highway":"secondary"},"geometry":{"type":"LineString","coordinates":[[49.8801452,40.3836081],[49.8805287,40.3821263]]}},{"type":"Feature","properties":{"road_class":"secondary","name":"Xəqani Rüstəmov küçəsi","highway":"secondary"},"geometry":{"type":"LineString","coordinates":[[49.8813505,40.379066],[49.8814827,40.378462]]}},{"type":"Feature","properties":{"road_class":"secondary","name":"Xəqani Rüstəmov küçəsi","highway":"secondary"},"geometry":{"type":"LineString","coordinates":[[49.8811436,40.3798651],[49.8812968,40.3792859]]}},{"type":"Feature","properties":{"road_class":"secondary","name":"Xəqani Rüstəmov küçəsi","highway":"secondary"},"geometry":{"type":"LineString","coordinates":[[49.8785131,40.3885807],[49.8795136,40.3850685]]}},{"type":"Feature","properties":{"road_class":"secondary","name":"Xəqani Rüstəmov küçəsi","highway":"secondary"},"geometry":{"type":"LineString","coordinates":[[49.8796524,40.3845453],[49.8801452,40.3836081]]}},{"type":"Feature","properties":{"road_class":"secondary","name":"Xəqani Rüstəmov küçəsi","highway":"secondary"},"geometry":{"type":"LineString","coordinates":[[49.8802982,40.3835715],[49.8801856,40.3846187]]}},{"type":"Feature","properties":{"road_class":"secondary","name":"Xəqani Rüstəmov küçəsi","highway":"secondary"},"geometry":{"type":"LineString","coordinates":[[49.8801722,40.3850896],[49.8803644,40.3887007]]}},{"type":"Feature","properties":{"road_class":"secondary","name":"Xəqani Rüstəmov küçəsi","highway":"secondary"},"geometry":{"type":"LineString","coordinates":[[49.8805287,40.3821263],[49.8805833,40.3818778]]}},{"type":"Feature","properties":{"road_class":"secondary","name":"Xəqani Rüstəmov küçəsi","highway":"secondary"},"geometry":{"type":"LineString","coordinates":[[49.8805833,40.3818778],[49.8807195,40.381389]]}},{"type":"Feature","properties":{"road_class":"secondary","name":"Xəqani Rüstəmov küçəsi","highway":"secondary"},"geometry":{"type":"LineString","coordinates":[[49.8807195,40.381389],[49.8811436,40.3798651]]}},{"type":"Feature","properties":{"road_class":"secondary","name":"Xətai pr.","highway":"secondary"},"geometry":{"type":"LineString","coordinates":[[49.8615046,40.390968],[49.8615606,40.3910141]]}},{"type":"Feature","properties":{"road_class":"secondary","name":"Xətai prospekti","highway":"secondary"},"geometry":{"type":"LineString","coordinates":[[49.8518984,40.3830774],[49.8519847,40.3831749]]}},{"type":"Feature","properties":{"road_class":"secondary","name":"Xətai prospekti","highway":"secondary"},"geometry":{"type":"LineString","coordinates":[[49.8629655,40.3921725],[49.8624422,40.3917389]]}},{"type":"Feature","properties":{"road_class":"secondary","name":"Xətai prospekti","highway":"secondary"},"geometry":{"type":"LineString","coordinates":[[49.8500644,40.3813428],[49.8518984,40.3830774]]}},{"type":"Feature","properties":{"road_class":"secondary","name":"Xətai prospekti","highway":"secondary"},"geometry":{"type":"LineString","coordinates":[[49.8624422,40.3917389],[49.8622941,40.3916135]]}},{"type":"Feature","properties":{"road_class":"secondary","name":"Xətai prospekti","highway":"secondary"},"geometry":{"type":"LineString","coordinates":[[49.8618221,40.3912301],[49.8619561,40.3913414]]}},{"type":"Feature","properties":{"road_class":"secondary","name":"Xətai prospekti","highway":"secondary"},"geometry":{"type":"LineString","coordinates":[[49.8615606,40.3910141],[49.8618221,40.3912301]]}},{"type":"Feature","properties":{"road_class":"secondary","name":"Xətai prospekti","highway":"secondary"},"geometry":{"type":"LineString","coordinates":[[49.8619561,40.3913414],[49.8622941,40.3916135]]}},{"type":"Feature","properties":{"road_class":"secondary","name":"Xətai prospekti","highway":"secondary"},"geometry":{"type":"LineString","coordinates":[[49.8601588,40.3898562],[49.8602146,40.3899009]]}},{"type":"Feature","properties":{"road_class":"secondary","name":"Xətai prospekti","highway":"secondary"},"geometry":{"type":"LineString","coordinates":[[49.8591756,40.3890678],[49.8601588,40.3898562]]}},{"type":"Feature","properties":{"road_class":"secondary","name":"Xətai prospekti","highway":"secondary"},"geometry":{"type":"LineString","coordinates":[[49.8590868,40.3889965],[49.8591756,40.3890678]]}},{"type":"Feature","properties":{"road_class":"secondary","name":"Xətai prospekti","highway":"secondary"},"geometry":{"type":"LineString","coordinates":[[49.8583637,40.3884161],[49.8590868,40.3889965]]}},{"type":"Feature","properties":{"road_class":"secondary","name":"Xətai prospekti","highway":"secondary"},"geometry":{"type":"LineString","coordinates":[[49.8574241,40.3876563],[49.8583637,40.3884161]]}},{"type":"Feature","properties":{"road_class":"secondary","name":"Xətai prospekti","highway":"secondary"},"geometry":{"type":"LineString","coordinates":[[49.8569814,40.3872983],[49.8574241,40.3876563]]}},{"type":"Feature","properties":{"road_class":"secondary","name":"Xətai prospekti","highway":"secondary"},"geometry":{"type":"LineString","coordinates":[[49.8565678,40.3869705],[49.8569814,40.3872983]]}},{"type":"Feature","properties":{"road_class":"secondary","name":"Xətai prospekti","highway":"secondary"},"geometry":{"type":"LineString","coordinates":[[49.8558618,40.3864109],[49.8565678,40.3869705]]}},{"type":"Feature","properties":{"road_class":"secondary","name":"Xətai prospekti","highway":"secondary"},"geometry":{"type":"LineString","coordinates":[[49.8555441,40.3861475],[49.8558618,40.3864109]]}},{"type":"Feature","properties":{"road_class":"secondary","name":"Xətai prospekti","highway":"secondary"},"geometry":{"type":"LineString","coordinates":[[49.8553387,40.3859772],[49.8555441,40.3861475]]}},{"type":"Feature","properties":{"road_class":"secondary","name":"Xətai prospekti","highway":"secondary"},"geometry":{"type":"LineString","coordinates":[[49.8548844,40.3856055],[49.8553387,40.3859772]]}},{"type":"Feature","properties":{"road_class":"secondary","name":"Xətai prospekti","highway":"secondary"},"geometry":{"type":"LineString","coordinates":[[49.8543275,40.3851436],[49.8548844,40.3856055]]}},{"type":"Feature","properties":{"road_class":"secondary","name":"Xətai prospekti","highway":"secondary"},"geometry":{"type":"LineString","coordinates":[[49.8532612,40.3842683],[49.8543275,40.3851436]]}},{"type":"Feature","properties":{"road_class":"secondary","name":"Xətai prospekti","highway":"secondary"},"geometry":{"type":"LineString","coordinates":[[49.8519847,40.3831749],[49.8532612,40.3842683]]}},{"type":"Feature","properties":{"road_class":"secondary","name":"Xətai prospekti","highway":"secondary"},"geometry":{"type":"LineString","coordinates":[[49.8602146,40.3899009],[49.8615046,40.390968]]}},{"type":"Feature","properties":{"road_class":"secondary","name":"Y. Huseynov","highway":"secondary"},"geometry":{"type":"LineString","coordinates":[[49.8145923,40.4342545],[49.8152102,40.4322849]]}},{"type":"Feature","properties":{"road_class":"secondary","name":"Yavər Kələntərli küç.","highway":"secondary"},"geometry":{"type":"LineString","coordinates":[[48.6230528,40.7552464],[48.6287384,40.7508222],[48.6269689,40.7476491],[48.6333605,40.7427741],[48.6318371,40.7405671],[48.634935,40.7369517],[48.6342457,40.7325251]]}},{"type":"Feature","properties":{"road_class":"secondary","name":"Yavər Əliyev küç.","highway":"secondary"},"geometry":{"type":"LineString","coordinates":[[49.9563647,40.43402],[49.9612909,40.4390739]]}},{"type":"Feature","properties":{"road_class":"secondary","name":"Yavər Əliyev küç.","highway":"secondary"},"geometry":{"type":"LineString","coordinates":[[49.9612909,40.4390739],[49.9529736,40.4395783]]}},{"type":"Feature","properties":{"road_class":"secondary","name":"Yavər Əliyev küç.","highway":"secondary"},"geometry":{"type":"LineString","coordinates":[[49.9543735,40.4311649],[49.9547449,40.4316831]]}},{"type":"Feature","properties":{"road_class":"secondary","name":"Yavər Əliyev küç.","highway":"secondary"},"geometry":{"type":"LineString","coordinates":[[49.9553464,40.4388018],[49.961329,40.4388262],[49.9561262,40.4342727]]}},{"type":"Feature","properties":{"road_class":"secondary","name":"Yavər Əliyev küç.","highway":"secondary"},"geometry":{"type":"LineString","coordinates":[[49.9532476,40.4391477],[49.9553464,40.4388018]]}},{"type":"Feature","properties":{"road_class":"secondary","name":"Yavər Əliyev küçəsi","highway":"secondary"},"geometry":{"type":"LineString","coordinates":[[49.9548215,40.431797],[49.955864,40.4332461]]}},{"type":"Feature","properties":{"road_class":"secondary","name":"Yavər Əliyev küçəsi","highway":"secondary"},"geometry":{"type":"LineString","coordinates":[[49.9547449,40.4316831],[49.9548215,40.431797]]}},{"type":"Feature","properties":{"road_class":"secondary","name":"Yeni Salyan Şossesi","highway":"secondary"},"geometry":{"type":"LineString","coordinates":[[49.8192911,40.3218634],[49.8192536,40.3276553]]}},{"type":"Feature","properties":{"road_class":"secondary","name":"Yeni Salyan Şossesi","highway":"secondary"},"geometry":{"type":"LineString","coordinates":[[49.8191142,40.3173974],[49.8202085,40.3095539]]}},{"type":"Feature","properties":{"road_class":"secondary","name":"Yeni Salyan Şossesi","highway":"secondary"},"geometry":{"type":"LineString","coordinates":[[49.8192911,40.3218634],[49.8191142,40.3173974]]}},{"type":"Feature","properties":{"road_class":"secondary","name":"Yeni Salyan Şossesi","highway":"secondary"},"geometry":{"type":"LineString","coordinates":[[49.8192536,40.3276553],[49.8189855,40.3285884]]}},{"type":"Feature","properties":{"road_class":"secondary","name":"Yeniabad yolu","highway":"secondary"},"geometry":{"type":"LineString","coordinates":[[46.1370963,40.8399528],[46.1464431,40.8497197],[46.1474571,40.8553665],[46.152455,40.8612595],[46.1528107,40.865126],[46.1613804,40.8820632],[46.1695746,40.8850908],[46.174767,40.8902488],[46.1747928,40.9028125],[46.1758637,40.9035399]]}},{"type":"Feature","properties":{"road_class":"secondary","name":"Yusif Məmmədov küç.","highway":"secondary"},"geometry":{"type":"LineString","coordinates":[[45.6591802,40.9801818],[45.6548941,40.9679772],[45.6642544,40.9578533],[45.6628114,40.9456035],[45.6652258,40.9364644]]}},{"type":"Feature","properties":{"road_class":"secondary","name":"Yusif Məmmədov küç.","highway":"secondary"},"geometry":{"type":"LineString","coordinates":[[45.6652258,40.9364644],[45.667634,40.933708],[45.6600031,40.9057246],[45.6599763,40.9006646],[45.6569803,40.8945767],[45.6490839,40.8886393]]}},{"type":"Feature","properties":{"road_class":"secondary","name":"Yusif Vəzir Çəmənzəminli küçəsi","highway":"secondary"},"geometry":{"type":"LineString","coordinates":[[49.8372268,40.4027478],[49.8318267,40.4015395]]}},{"type":"Feature","properties":{"road_class":"secondary","name":"Yusif Vəzir Çəmənzəminli küçəsi","highway":"secondary"},"geometry":{"type":"LineString","coordinates":[[49.8315094,40.4014676],[49.8258205,40.3999103]]}},{"type":"Feature","properties":{"road_class":"secondary","name":"Yusif Vəzir Çəmənzəminli küçəsi","highway":"secondary"},"geometry":{"type":"LineString","coordinates":[[49.8316558,40.401499],[49.8315094,40.4014676]]}},{"type":"Feature","properties":{"road_class":"secondary","name":"Yusif Vəzir Çəmənzəminli küçəsi","highway":"secondary"},"geometry":{"type":"LineString","coordinates":[[49.8318267,40.4015395],[49.8316558,40.401499]]}},{"type":"Feature","properties":{"road_class":"secondary","name":"Yuxarı Şilyan yolu","highway":"secondary"},"geometry":{"type":"LineString","coordinates":[[47.7601456,40.390594],[47.7930219,40.3748558]]}},{"type":"Feature","properties":{"road_class":"secondary","name":"Yəhya Hüseynov küç.","highway":"secondary"},"geometry":{"type":"LineString","coordinates":[[49.8152102,40.4322849],[49.8100899,40.432063]]}},{"type":"Feature","properties":{"road_class":"secondary","name":"Zabux Yolu","highway":"secondary"},"geometry":{"type":"LineString","coordinates":[[46.5359556,39.5937611],[46.5345261,39.5977006],[46.5288194,39.6030553],[46.5224561,39.6026261]]}},{"type":"Feature","properties":{"road_class":"secondary","name":"Zaur İsmayılov","highway":"secondary"},"geometry":{"type":"LineString","coordinates":[[46.3821385,40.7128774],[46.3777033,40.7118918]]}},{"type":"Feature","properties":{"road_class":"secondary","name":"Zaur İsmayılov","highway":"secondary"},"geometry":{"type":"LineString","coordinates":[[46.3775334,40.7116695],[46.3777033,40.7118918]]}},{"type":"Feature","properties":{"road_class":"secondary","name":"Zaur İsmayılov","highway":"secondary"},"geometry":{"type":"LineString","coordinates":[[46.3777033,40.7118918],[46.3774204,40.7118376]]}},{"type":"Feature","properties":{"road_class":"secondary","name":"Zazalı yolu","highway":"secondary"},"geometry":{"type":"LineString","coordinates":[[46.4748802,40.6979549],[46.4722627,40.7106904]]}},{"type":"Feature","properties":{"road_class":"secondary","name":"Zevin yolu","highway":"secondary"},"geometry":{"type":"LineString","coordinates":[[48.3517908,39.0530617],[48.3543826,39.0497661],[48.350039,39.0395209],[48.3501321,39.0360366],[48.3587169,39.0333068]]}},{"type":"Feature","properties":{"road_class":"secondary","name":"Zeynalabdin Tağıyev küç.","highway":"secondary"},"geometry":{"type":"LineString","coordinates":[[48.4257185,41.4283324],[48.4338081,41.4330287]]}},{"type":"Feature","properties":{"road_class":"secondary","name":"Zirə yolu","highway":"secondary"},"geometry":{"type":"LineString","coordinates":[[50.2976296,40.4063956],[50.2908723,40.3899397]]}},{"type":"Feature","properties":{"road_class":"secondary","name":"Zivər bəy Əhmədbəyov küç.","highway":"secondary"},"geometry":{"type":"LineString","coordinates":[[48.6398113,40.7237869],[48.6382395,40.7208556],[48.6318532,40.7162318],[48.634479,40.7099059],[48.633602,40.7053331],[48.6362077,40.694696],[48.635399,40.6909927]]}},{"type":"Feature","properties":{"road_class":"secondary","name":"Zülfü Hacıyev","highway":"secondary"},"geometry":{"type":"LineString","coordinates":[[49.6822359,40.5804031],[49.682671,40.5797521]]}},{"type":"Feature","properties":{"road_class":"secondary","name":"Zülfü Hacıyev","highway":"secondary"},"geometry":{"type":"LineString","coordinates":[[49.6927627,40.5742723],[49.6857998,40.5783687]]}},{"type":"Feature","properties":{"road_class":"secondary","name":"Zülfü Hacıyev","highway":"secondary"},"geometry":{"type":"LineString","coordinates":[[46.3769526,40.7119199],[46.3671364,40.7133025]]}},{"type":"Feature","properties":{"road_class":"secondary","name":"Zülfü Hacıyev","highway":"secondary"},"geometry":{"type":"LineString","coordinates":[[49.6852966,40.5782],[49.6924622,40.5738982]]}},{"type":"Feature","properties":{"road_class":"secondary","name":"Zülfü Hacıyev","highway":"secondary"},"geometry":{"type":"LineString","coordinates":[[46.3643761,40.7136224],[46.3588213,40.7133391]]}},{"type":"Feature","properties":{"road_class":"secondary","name":"Zülfü Hacıyev","highway":"secondary"},"geometry":{"type":"LineString","coordinates":[[46.3671364,40.7133025],[46.3643761,40.7136224]]}},{"type":"Feature","properties":{"road_class":"secondary","name":"Zülfü Hacıyev","highway":"secondary"},"geometry":{"type":"LineString","coordinates":[[49.682671,40.5797521],[49.6852966,40.5782]]}},{"type":"Feature","properties":{"road_class":"secondary","name":"Zülfü Hacıyev","highway":"secondary"},"geometry":{"type":"LineString","coordinates":[[49.6848138,40.5789923],[49.6827059,40.580567]]}},{"type":"Feature","properties":{"road_class":"secondary","name":"Zülfü Hacıyev","highway":"secondary"},"geometry":{"type":"LineString","coordinates":[[49.6855906,40.5785176],[49.6848138,40.5789923]]}},{"type":"Feature","properties":{"road_class":"secondary","name":"Zülfü Hacıyev","highway":"secondary"},"geometry":{"type":"LineString","coordinates":[[49.6857998,40.5783687],[49.6855906,40.5785176]]}},{"type":"Feature","properties":{"road_class":"secondary","name":"Zığ - Hövsan Şosesi","highway":"secondary"},"geometry":{"type":"LineString","coordinates":[[49.9897122,40.3470906],[50.0441135,40.3577963]]}},{"type":"Feature","properties":{"road_class":"secondary","name":"Zığ - Hövsan Şosesi","highway":"secondary"},"geometry":{"type":"LineString","coordinates":[[50.0441135,40.3577963],[50.0459849,40.3582594]]}},{"type":"Feature","properties":{"road_class":"secondary","name":"Zığ - Hövsan Şosesi","highway":"secondary"},"geometry":{"type":"LineString","coordinates":[[50.0459849,40.3582594],[50.0548312,40.3604877]]}},{"type":"Feature","properties":{"road_class":"secondary","name":"Zığ - Suraxanı yolu","highway":"secondary"},"geometry":{"type":"LineString","coordinates":[[49.9793131,40.3605164],[49.9833885,40.3650297],[49.9883085,40.3672382],[49.9997449,40.3788801],[49.9996584,40.3868009],[49.9970818,40.3919666],[49.9976094,40.3938999]]}},{"type":"Feature","properties":{"road_class":"secondary","name":"Zığ - Suraxanı yolu","highway":"secondary"},"geometry":{"type":"LineString","coordinates":[[49.9987656,40.3962848],[50.0029303,40.4066546],[50.0026894,40.4133474]]}},{"type":"Feature","properties":{"road_class":"secondary","name":"Zəhmətabad yolu","highway":"secondary"},"geometry":{"type":"LineString","coordinates":[[48.2727349,39.1546736],[48.2745188,39.1483205],[48.2768357,39.1460792],[48.2898638,39.1443107]]}},{"type":"Feature","properties":{"road_class":"secondary","name":"Zəlimxan Yaqub küç.","highway":"secondary"},"geometry":{"type":"LineString","coordinates":[[49.8709464,40.4929712],[49.855002,40.4906463]]}},{"type":"Feature","properties":{"road_class":"secondary","name":"Zərifə Əliyeva","highway":"secondary"},"geometry":{"type":"LineString","coordinates":[[48.8519446,38.7548671],[48.8432071,38.759649],[48.841391,38.7699328]]}},{"type":"Feature","properties":{"road_class":"secondary","name":"Zərifə Əliyeva küçəsi","highway":"secondary"},"geometry":{"type":"LineString","coordinates":[[46.7531336,39.8254681],[46.7550615,39.8248503]]}},{"type":"Feature","properties":{"road_class":"secondary","name":"Zərifə Əliyeva küçəsi","highway":"secondary"},"geometry":{"type":"LineString","coordinates":[[46.7550615,39.8248503],[46.7556788,39.8244067]]}},{"type":"Feature","properties":{"road_class":"secondary","name":"Zərifə Əliyeva küçəsi","highway":"secondary"},"geometry":{"type":"LineString","coordinates":[[46.7556788,39.8244067],[46.7558867,39.8241935]]}},{"type":"Feature","properties":{"road_class":"secondary","name":"Zərifə Əliyeva küçəsi","highway":"secondary"},"geometry":{"type":"LineString","coordinates":[[46.7569213,39.8231297],[46.7594366,39.8205189]]}},{"type":"Feature","properties":{"road_class":"secondary","name":"Zərifə Əliyeva küçəsi","highway":"secondary"},"geometry":{"type":"LineString","coordinates":[[46.7558867,39.8241935],[46.7569213,39.8231297]]}},{"type":"Feature","properties":{"road_class":"secondary","name":"Çanaqbulaq yolu","highway":"secondary"},"geometry":{"type":"LineString","coordinates":[[48.3730651,39.0170058],[48.3719825,39.0171528]]}},{"type":"Feature","properties":{"road_class":"secondary","name":"Çayüzü yolu","highway":"secondary"},"geometry":{"type":"LineString","coordinates":[[48.1766586,38.8929172],[48.205504,38.8870937]]}},{"type":"Feature","properties":{"road_class":"secondary","name":"Çeyildağ yolu","highway":"secondary"},"geometry":{"type":"LineString","coordinates":[[49.4703528,40.1732151],[49.4639727,40.1769759],[49.4545265,40.1775222],[49.4319944,40.1870826]]}},{"type":"Feature","properties":{"road_class":"secondary","name":"Çingiz Aytmatov küçəsi","highway":"secondary"},"geometry":{"type":"LineString","coordinates":[[49.8429488,40.4253519],[49.8437533,40.4253471]]}},{"type":"Feature","properties":{"road_class":"secondary","name":"Çingiz Aytmatov küçəsi","highway":"secondary"},"geometry":{"type":"LineString","coordinates":[[49.8392908,40.4254273],[49.8410023,40.4253798]]}},{"type":"Feature","properties":{"road_class":"secondary","name":"Çingiz Aytmatov küçəsi","highway":"secondary"},"geometry":{"type":"LineString","coordinates":[[49.8437533,40.4253471],[49.8463838,40.4253301]]}},{"type":"Feature","properties":{"road_class":"secondary","name":"Çingiz Aytmatov küçəsi","highway":"secondary"},"geometry":{"type":"LineString","coordinates":[[49.8410023,40.4253798],[49.8423975,40.4253545]]}},{"type":"Feature","properties":{"road_class":"secondary","name":"Çingiz Aytmatov küçəsi","highway":"secondary"},"geometry":{"type":"LineString","coordinates":[[49.8386357,40.425501],[49.8392908,40.4254273]]}},{"type":"Feature","properties":{"road_class":"secondary","name":"Çingiz Aytmatov küçəsi","highway":"secondary"},"geometry":{"type":"LineString","coordinates":[[49.8423975,40.4253545],[49.8429488,40.4253519]]}},{"type":"Feature","properties":{"road_class":"secondary","name":"Çingiz Qurbanov küç.","highway":"secondary"},"geometry":{"type":"LineString","coordinates":[[48.4371738,41.4309496],[48.4328326,41.4288614]]}},{"type":"Feature","properties":{"road_class":"secondary","name":"Çingiz Qurbanov küç.","highway":"secondary"},"geometry":{"type":"LineString","coordinates":[[48.442174,41.4305223],[48.4371738,41.4309496]]}},{"type":"Feature","properties":{"road_class":"secondary","name":"Çuxuryurd yolu","highway":"secondary"},"geometry":{"type":"LineString","coordinates":[[48.635399,40.6909927],[48.6399508,40.6887219],[48.6398274,40.6850498],[48.6416674,40.6818249],[48.6569519,40.6708849]]}},{"type":"Feature","properties":{"road_class":"secondary","name":"Çuxuryurd yolu","highway":"secondary"},"geometry":{"type":"LineString","coordinates":[[48.6342457,40.7325251],[48.6397576,40.7308585],[48.6376414,40.7293564],[48.6401466,40.7273848],[48.6398113,40.7237869]]}},{"type":"Feature","properties":{"road_class":"secondary","name":"Çuxuryurd yolu","highway":"secondary"},"geometry":{"type":"LineString","coordinates":[[48.6571021,40.6701913],[48.6480993,40.66439],[48.6435262,40.6583165],[48.6407996,40.6577804],[48.6404245,40.6520311]]}},{"type":"Feature","properties":{"road_class":"secondary","name":"Ümid Sadıqov küç.","highway":"secondary"},"geometry":{"type":"LineString","coordinates":[[46.6500279,41.6334702],[46.6459411,41.6336415]]}},{"type":"Feature","properties":{"road_class":"secondary","name":"Üzeyir Hacıbəyli küç.","highway":"secondary"},"geometry":{"type":"LineString","coordinates":[[45.7728951,40.9369528],[45.7509985,40.9423794]]}},{"type":"Feature","properties":{"road_class":"secondary","name":"Üzeyir Hacıbəyli küçəsi","highway":"secondary"},"geometry":{"type":"LineString","coordinates":[[46.7600527,39.8292994],[46.7571002,39.8307124],[46.7554328,39.8295525]]}},{"type":"Feature","properties":{"road_class":"secondary","name":"Üzeyir Hacıbəyli küçəsi","highway":"secondary"},"geometry":{"type":"LineString","coordinates":[[46.7628171,39.8279346],[46.7600527,39.8292994]]}},{"type":"Feature","properties":{"road_class":"secondary","name":"Üzeyir Hacıbəyli küçəsi","highway":"secondary"},"geometry":{"type":"LineString","coordinates":[[46.7651395,39.8267861],[46.7628171,39.8279346]]}},{"type":"Feature","properties":{"road_class":"secondary","name":"Üzeyir Hacıbəyov","highway":"secondary"},"geometry":{"type":"LineString","coordinates":[[46.3733482,40.6982038],[46.3738372,40.7064435]]}},{"type":"Feature","properties":{"road_class":"secondary","name":"Üzeyir Hacıbəyov","highway":"secondary"},"geometry":{"type":"LineString","coordinates":[[49.6924622,40.5738982],[49.6854389,40.5666009]]}},{"type":"Feature","properties":{"road_class":"secondary","name":"Üzeyir Hacıbəyov","highway":"secondary"},"geometry":{"type":"LineString","coordinates":[[46.3738372,40.7064435],[46.3771431,40.711462]]}},{"type":"Feature","properties":{"road_class":"secondary","name":"Üzeyir Hacıbəyov","highway":"secondary"},"geometry":{"type":"LineString","coordinates":[[49.6858049,40.5663948],[49.6928417,40.5733297]]}},{"type":"Feature","properties":{"road_class":"secondary","name":"Üzeyir Hacıbəyov","highway":"secondary"},"geometry":{"type":"LineString","coordinates":[[49.6854389,40.5666009],[49.685307,40.5664711]]}},{"type":"Feature","properties":{"road_class":"secondary","name":"Üzeyir Hacıbəyov küç.","highway":"secondary"},"geometry":{"type":"LineString","coordinates":[[48.3997645,40.5670921],[48.4027695,40.5674327]]}},{"type":"Feature","properties":{"road_class":"secondary","name":"Üzeyir Hacıbəyov küç.","highway":"secondary"},"geometry":{"type":"LineString","coordinates":[[47.4546336,40.0492123],[47.4584725,40.0487878]]}},{"type":"Feature","properties":{"road_class":"secondary","name":"İ. Məmmədov","highway":"secondary"},"geometry":{"type":"LineString","coordinates":[[45.4118121,39.2125509],[45.4129234,39.2002611]]}},{"type":"Feature","properties":{"road_class":"secondary","name":"İ. Səmədzadə küçəsi","highway":"secondary"},"geometry":{"type":"LineString","coordinates":[[48.8500444,38.7524729],[48.8509501,38.7521299]]}},{"type":"Feature","properties":{"road_class":"secondary","name":"İbrahim Qaradağlı küç.","highway":"secondary"},"geometry":{"type":"LineString","coordinates":[[47.466896,40.6405691],[47.4542586,40.6340097]]}},{"type":"Feature","properties":{"road_class":"secondary","name":"İbrahim Qaradağlı küç.","highway":"secondary"},"geometry":{"type":"LineString","coordinates":[[47.4670402,40.6405997],[47.466896,40.6405691]]}},{"type":"Feature","properties":{"road_class":"secondary","name":"İbrahim Qaradağlı küç.","highway":"secondary"},"geometry":{"type":"LineString","coordinates":[[47.4677234,40.6409292],[47.4670402,40.6405997]]}},{"type":"Feature","properties":{"road_class":"secondary","name":"İkinci Yeddioymaq","highway":"secondary"},"geometry":{"type":"LineString","coordinates":[[48.7341463,39.0002778],[48.7553864,39.0165447],[48.7607634,39.025654]]}},{"type":"Feature","properties":{"road_class":"secondary","name":"İkinci Yeddioymaq","highway":"secondary"},"geometry":{"type":"LineString","coordinates":[[48.7274649,38.9927457],[48.733663,38.9997278]]}},{"type":"Feature","properties":{"road_class":"secondary","name":"İlqar Musayev","highway":"secondary"},"geometry":{"type":"LineString","coordinates":[[49.9744891,40.3856398],[49.9739271,40.3852446]]}},{"type":"Feature","properties":{"road_class":"secondary","name":"İlqar Musayev","highway":"secondary"},"geometry":{"type":"LineString","coordinates":[[49.974974,40.3863624],[49.9748163,40.3859786]]}},{"type":"Feature","properties":{"road_class":"secondary","name":"İlqar Musayev","highway":"secondary"},"geometry":{"type":"LineString","coordinates":[[49.9748163,40.3859786],[49.9744891,40.3856398]]}},{"type":"Feature","properties":{"road_class":"secondary","name":"İlqar Musayev küç.","highway":"secondary"},"geometry":{"type":"LineString","coordinates":[[49.9756906,40.388715],[49.974974,40.3863624]]}},{"type":"Feature","properties":{"road_class":"secondary","name":"İlqar Musayev küç.","highway":"secondary"},"geometry":{"type":"LineString","coordinates":[[49.9762351,40.3926476],[49.9759896,40.3897614]]}},{"type":"Feature","properties":{"road_class":"secondary","name":"İlqar İsmayılov küç.","highway":"secondary"},"geometry":{"type":"LineString","coordinates":[[50.0102601,40.5427488],[50.0155324,40.5451213],[50.0195995,40.5507698]]}},{"type":"Feature","properties":{"road_class":"secondary","name":"İmişli-Qaravəlli-Mirili yolu","highway":"secondary"},"geometry":{"type":"LineString","coordinates":[[48.2385688,39.909979],[48.2281994,39.9091602]]}},{"type":"Feature","properties":{"road_class":"secondary","name":"İmişli-Qaravəlli-Mirili yolu","highway":"secondary"},"geometry":{"type":"LineString","coordinates":[[48.2044562,39.9017711],[48.1845975,39.8949666],[48.1542456,39.8987617],[48.1027517,39.8821361]]}},{"type":"Feature","properties":{"road_class":"secondary","name":"İmişli-Qaravəlli-Mirili yolu","highway":"secondary"},"geometry":{"type":"LineString","coordinates":[[48.2281994,39.9091602],[48.2260376,39.9085224]]}},{"type":"Feature","properties":{"road_class":"secondary","name":"İmişli-Qaravəlli-Mirili yolu","highway":"secondary"},"geometry":{"type":"LineString","coordinates":[[48.2260376,39.9085224],[48.2044562,39.9017711]]}},{"type":"Feature","properties":{"road_class":"secondary","name":"İmişli-Qaravəlli-Mirili yolu","highway":"secondary"},"geometry":{"type":"LineString","coordinates":[[48.2434639,39.9101311],[48.2385688,39.909979]]}},{"type":"Feature","properties":{"road_class":"secondary","name":"İnqilab İsmayılov küç.","highway":"secondary"},"geometry":{"type":"LineString","coordinates":[[49.9702864,40.3548507],[49.9722925,40.3570761],[49.9701624,40.362791]]}},{"type":"Feature","properties":{"road_class":"secondary","name":"İnqilab İsmayılov küç.","highway":"secondary"},"geometry":{"type":"LineString","coordinates":[[49.968849,40.3539264],[49.9674982,40.347918]]}},{"type":"Feature","properties":{"road_class":"secondary","name":"İnqilab İsmayılov küç.","highway":"secondary"},"geometry":{"type":"LineString","coordinates":[[49.9701624,40.362791],[49.9698949,40.3644806]]}},{"type":"Feature","properties":{"road_class":"secondary","name":"İnqilab İsmayılov küç.","highway":"secondary"},"geometry":{"type":"LineString","coordinates":[[49.9674982,40.347918],[49.9674012,40.347784]]}},{"type":"Feature","properties":{"road_class":"secondary","name":"İrəvən-Meğri şossesi","highway":"secondary"},"geometry":{"type":"LineString","coordinates":[[46.3951027,39.4429149],[46.3977313,39.4422531],[46.3949995,39.4415954],[46.3938488,39.4408683],[46.3982128,39.4410382],[46.4004578,39.4390755],[46.3975073,39.4398865],[46.3962239,39.4354503],[46.3945089,39.4349393]]}},{"type":"Feature","properties":{"road_class":"secondary","name":"İrəvən-Meğri şossesi","highway":"secondary"},"geometry":{"type":"LineString","coordinates":[[46.3934879,39.4328728],[46.3850409,39.4292686]]}},{"type":"Feature","properties":{"road_class":"secondary","name":"İrəvən-Meğri şossesi","highway":"secondary"},"geometry":{"type":"LineString","coordinates":[[46.3943686,39.4336139],[46.3934879,39.4328728]]}},{"type":"Feature","properties":{"road_class":"secondary","name":"İrəvən-Meğri şossesi","highway":"secondary"},"geometry":{"type":"LineString","coordinates":[[46.3934879,39.4328728],[46.3946471,39.4335142]]}},{"type":"Feature","properties":{"road_class":"secondary","name":"İrəvən-Meğri şossesi","highway":"secondary"},"geometry":{"type":"LineString","coordinates":[[46.3945089,39.4349393],[46.3943998,39.4336959]]}},{"type":"Feature","properties":{"road_class":"secondary","name":"İrəvən-Meğri şossesi","highway":"secondary"},"geometry":{"type":"LineString","coordinates":[[46.3946893,39.4336873],[46.3945089,39.4349393]]}},{"type":"Feature","properties":{"road_class":"secondary","name":"İsmət Qayıbov","highway":"secondary"},"geometry":{"type":"LineString","coordinates":[[46.3510252,40.6679399],[46.3550738,40.6740095]]}},{"type":"Feature","properties":{"road_class":"secondary","name":"İsmət Qayıbov","highway":"secondary"},"geometry":{"type":"LineString","coordinates":[[46.340907,40.6614715],[46.3510252,40.6679399]]}},{"type":"Feature","properties":{"road_class":"secondary","name":"İsmət Qayıbov","highway":"secondary"},"geometry":{"type":"LineString","coordinates":[[47.1285474,40.3845035],[47.1241797,40.3840089]]}},{"type":"Feature","properties":{"road_class":"secondary","name":"İsmət Qayıbov","highway":"secondary"},"geometry":{"type":"LineString","coordinates":[[46.340907,40.6614715],[46.340413,40.6612879]]}},{"type":"Feature","properties":{"road_class":"secondary","name":"İsmət Qayıbov küç.","highway":"secondary"},"geometry":{"type":"LineString","coordinates":[[47.4449636,40.0307157],[47.4430923,40.0373707]]}},{"type":"Feature","properties":{"road_class":"secondary","name":"İstiqlal caddesi","highway":"secondary"},"geometry":{"type":"LineString","coordinates":[[45.4110707,39.2210257],[45.411529,39.2143389]]}},{"type":"Feature","properties":{"road_class":"secondary","name":"İstiqlaliyyət küçəsi","highway":"secondary"},"geometry":{"type":"LineString","coordinates":[[49.8297116,40.3618894],[49.8308955,40.3638289]]}},{"type":"Feature","properties":{"road_class":"secondary","name":"İstiqlaliyyət küçəsi","highway":"secondary"},"geometry":{"type":"LineString","coordinates":[[49.8308955,40.3638289],[49.8311157,40.3639098]]}},{"type":"Feature","properties":{"road_class":"secondary","name":"İstisu-Minkənd yolu","highway":"secondary"},"geometry":{"type":"LineString","coordinates":[[46.153122,39.7658637],[46.1596186,39.7690449],[46.1620335,39.7740257],[46.1781067,39.7766949],[46.1867132,39.7724766],[46.1917692,39.7762491],[46.1937433,39.7759069],[46.198818,39.772557],[46.2043709,39.7626017],[46.2201508,39.7638117],[46.2280306,39.7663562],[46.2301066,39.768789],[46.231842,39.7670448],[46.2413478,39.7665892],[46.2487554,39.7682566],[46.2589525,39.7659051]]}},{"type":"Feature","properties":{"road_class":"secondary","name":"İstisu-Minkənd yolu","highway":"secondary"},"geometry":{"type":"LineString","coordinates":[[46.0264549,39.8302854],[46.0249089,39.8391819],[46.0257894,39.8418783],[46.020484,39.8462977]]}},{"type":"Feature","properties":{"road_class":"secondary","name":"İstisu-Minkənd yolu","highway":"secondary"},"geometry":{"type":"LineString","coordinates":[[45.9523767,39.8810162],[45.9574679,39.8779675],[45.9721935,39.8745373],[45.9923369,39.8772874],[46.0012666,39.8739917],[46.0018118,39.872441]]}},{"type":"Feature","properties":{"road_class":"secondary","name":"İstisu-Minkənd yolu","highway":"secondary"},"geometry":{"type":"LineString","coordinates":[[46.0018118,39.872441],[46.0142709,39.8618303]]}},{"type":"Feature","properties":{"road_class":"secondary","name":"İstisu-Minkənd yolu","highway":"secondary"},"geometry":{"type":"LineString","coordinates":[[45.9496029,39.9476488],[45.9494185,39.9350212]]}},{"type":"Feature","properties":{"road_class":"secondary","name":"İstisu-Minkənd yolu","highway":"secondary"},"geometry":{"type":"LineString","coordinates":[[46.0142709,39.8618303],[46.013099,39.8594847],[46.0180091,39.8527696]]}},{"type":"Feature","properties":{"road_class":"secondary","name":"İstisu-Minkənd yolu","highway":"secondary"},"geometry":{"type":"LineString","coordinates":[[46.0264549,39.8302854],[46.0334511,39.8267031],[46.0337724,39.8240295],[46.0420781,39.8218508],[46.0452151,39.8175241],[46.0446821,39.8147288],[46.0461564,39.812684]]}},{"type":"Feature","properties":{"road_class":"secondary","name":"İstisu-Minkənd yolu","highway":"secondary"},"geometry":{"type":"LineString","coordinates":[[46.0461564,39.812684],[46.0487222,39.8021937],[46.0541907,39.7995471]]}},{"type":"Feature","properties":{"road_class":"secondary","name":"İstisu-Minkənd yolu","highway":"secondary"},"geometry":{"type":"LineString","coordinates":[[46.0180091,39.8527696],[46.020484,39.8462977]]}},{"type":"Feature","properties":{"road_class":"secondary","name":"İvanovka - Göyçay yolu","highway":"secondary"},"geometry":{"type":"LineString","coordinates":[[48.0711092,40.7707959],[48.0681588,40.7731187],[48.0655772,40.7697051],[48.0624578,40.7698371],[48.0585149,40.7739302],[48.0400264,40.7786079],[48.0328264,40.7743236],[48.0333939,40.7647709],[48.0318789,40.7552983]]}},{"type":"Feature","properties":{"road_class":"secondary","name":"İvanovka - Göyçay yolu","highway":"secondary"},"geometry":{"type":"LineString","coordinates":[[48.0285877,40.739763],[48.0263041,40.7336493],[48.0130434,40.7213191],[48.0084997,40.7197498],[48.0069655,40.7171924],[47.993497,40.7132493]]}},{"type":"Feature","properties":{"road_class":"secondary","name":"İvanovka - Göyçay yolu","highway":"secondary"},"geometry":{"type":"LineString","coordinates":[[47.8794963,40.6775677],[47.8847212,40.6719622],[47.8836966,40.665686],[47.8740808,40.6596472],[47.8696874,40.6502544],[47.8595754,40.6487546],[47.8569925,40.6429483],[47.8582156,40.6395637],[47.8553919,40.6357745]]}},{"type":"Feature","properties":{"road_class":"secondary","name":"İvanovka - Göyçay yolu","highway":"secondary"},"geometry":{"type":"LineString","coordinates":[[47.8931642,40.6967787],[47.8904423,40.6900531],[47.8812099,40.6838701]]}},{"type":"Feature","properties":{"road_class":"secondary","name":"İvanovka - Göyçay yolu","highway":"secondary"},"geometry":{"type":"LineString","coordinates":[[47.9351118,40.7102413],[47.9275497,40.7062832],[47.9196113,40.7052904],[47.9149506,40.7028581]]}},{"type":"Feature","properties":{"road_class":"secondary","name":"İvanovka - Göyçay yolu","highway":"secondary"},"geometry":{"type":"LineString","coordinates":[[47.9671615,40.705247],[47.9503977,40.7132341]]}},{"type":"Feature","properties":{"road_class":"secondary","name":"İvanovka-Qalagah-Göyçay yolu","highway":"secondary"},"geometry":{"type":"LineString","coordinates":[[47.993497,40.7132493],[47.9879477,40.7128536],[47.9806799,40.7054856],[47.9671615,40.705247]]}},{"type":"Feature","properties":{"road_class":"secondary","name":"İzzət Nəbiyev küçəsi","highway":"secondary"},"geometry":{"type":"LineString","coordinates":[[49.8252032,40.3570985],[49.8238805,40.357944]]}},{"type":"Feature","properties":{"road_class":"secondary","name":"İzzət Nəbiyev küçəsi","highway":"secondary"},"geometry":{"type":"LineString","coordinates":[[49.8238805,40.357944],[49.815383,40.3620137]]}},{"type":"Feature","properties":{"road_class":"secondary","name":"İzzət Orucova küç.","highway":"secondary"},"geometry":{"type":"LineString","coordinates":[[49.875541,40.3829998],[49.8760983,40.3798873]]}},{"type":"Feature","properties":{"road_class":"secondary","name":"Şabanlı yolu","highway":"secondary"},"geometry":{"type":"LineString","coordinates":[[48.3941957,39.2570085],[48.3789311,39.2553038],[48.3719822,39.2567033],[48.3673169,39.2601493]]}},{"type":"Feature","properties":{"road_class":"secondary","name":"Şah İsmayıl Xətai","highway":"secondary"},"geometry":{"type":"LineString","coordinates":[[45.4069476,39.2086281],[45.4031084,39.2093722]]}},{"type":"Feature","properties":{"road_class":"secondary","name":"Şahmar Səfərov küçəsi","highway":"secondary"},"geometry":{"type":"LineString","coordinates":[[49.9684635,40.392346],[49.9709809,40.3859535],[49.9731774,40.3849688]]}},{"type":"Feature","properties":{"road_class":"secondary","name":"Şahmar Səfərov küçəsi","highway":"secondary"},"geometry":{"type":"LineString","coordinates":[[49.9674296,40.394648],[49.9684635,40.392346]]}},{"type":"Feature","properties":{"road_class":"secondary","name":"Şahmar Səfərov küçəsi","highway":"secondary"},"geometry":{"type":"LineString","coordinates":[[49.9733574,40.38499],[49.9731774,40.3849688]]}},{"type":"Feature","properties":{"road_class":"secondary","name":"Şahmar Səfərov küçəsi","highway":"secondary"},"geometry":{"type":"LineString","coordinates":[[49.9739271,40.3852446],[49.9733574,40.38499]]}},{"type":"Feature","properties":{"road_class":"secondary","name":"Şahnəzərli yolu","highway":"secondary"},"geometry":{"type":"LineString","coordinates":[[48.87053,41.2816897],[48.879289,41.2871691],[48.8835732,41.2956506]]}},{"type":"Feature","properties":{"road_class":"secondary","name":"Şamaxı - Padar yolu","highway":"secondary"},"geometry":{"type":"LineString","coordinates":[[48.6196011,40.4217597],[48.6258772,40.4275551],[48.6417357,40.4343447],[48.6478445,40.4400904],[48.6526564,40.4413724],[48.6516986,40.4442024],[48.6602175,40.4518355],[48.6642864,40.4531969],[48.6673228,40.4510839],[48.6699706,40.4526769],[48.6698554,40.4562643],[48.6786932,40.4560891],[48.6787938,40.461872],[48.6851191,40.4628935],[48.6889627,40.4691511],[48.6848992,40.4746157],[48.6836692,40.4843737],[48.686424,40.4867808],[48.6782745,40.494318],[48.6774993,40.4977294],[48.6813321,40.5079521],[48.6776244,40.5149993],[48.6783131,40.5208749],[48.6767454,40.5264877],[48.6820694,40.5360582],[48.677794,40.5447524],[48.6744045,40.5629871],[48.6686478,40.567002],[48.6603055,40.5767727],[48.6600029,40.5796109],[48.6636554,40.5827506],[48.6631043,40.58951],[48.667057,40.5967387],[48.6649758,40.6023579],[48.6539497,40.6181405],[48.6547815,40.6206117]]}},{"type":"Feature","properties":{"road_class":"secondary","name":"Şamaxı - Padar yolu","highway":"secondary"},"geometry":{"type":"LineString","coordinates":[[48.5261895,40.2263483],[48.5519376,40.2669636],[48.5665881,40.2824289],[48.5760775,40.3070633],[48.5894711,40.3664821],[48.5931137,40.3769281],[48.6079643,40.4031638],[48.6125761,40.4144069],[48.6196011,40.4217597]]}},{"type":"Feature","properties":{"road_class":"secondary","name":"Şatırlı yolu","highway":"secondary"},"geometry":{"type":"LineString","coordinates":[[48.3213376,39.0964446],[48.322548,39.0868689],[48.3283629,39.0852041],[48.3259716,39.0811641],[48.3276872,39.0782639]]}},{"type":"Feature","properties":{"road_class":"secondary","name":"Şirvan küçəsi","highway":"secondary"},"geometry":{"type":"LineString","coordinates":[[49.7953735,40.4181316],[49.7953276,40.418514]]}},{"type":"Feature","properties":{"road_class":"secondary","name":"Şirvan küçəsi","highway":"secondary"},"geometry":{"type":"LineString","coordinates":[[49.7990402,40.4204531],[49.7979057,40.4199928]]}},{"type":"Feature","properties":{"road_class":"secondary","name":"Şirvan küçəsi","highway":"secondary"},"geometry":{"type":"LineString","coordinates":[[49.7995192,40.4204613],[49.7997972,40.4205818]]}},{"type":"Feature","properties":{"road_class":"secondary","name":"Şirvan küçəsi","highway":"secondary"},"geometry":{"type":"LineString","coordinates":[[49.7963669,40.4195278],[49.7954083,40.4192133]]}},{"type":"Feature","properties":{"road_class":"secondary","name":"Şirvan küçəsi","highway":"secondary"},"geometry":{"type":"LineString","coordinates":[[49.7954311,40.4175184],[49.7953735,40.4181316]]}},{"type":"Feature","properties":{"road_class":"secondary","name":"Şirvan küçəsi","highway":"secondary"},"geometry":{"type":"LineString","coordinates":[[49.7979057,40.4199928],[49.7963669,40.4195278]]}},{"type":"Feature","properties":{"road_class":"secondary","name":"Şirvan küçəsi","highway":"secondary"},"geometry":{"type":"LineString","coordinates":[[49.799695,40.4210752],[49.7990402,40.4204531]]}},{"type":"Feature","properties":{"road_class":"secondary","name":"Şirvan küçəsi","highway":"secondary"},"geometry":{"type":"LineString","coordinates":[[49.7953276,40.418514],[49.7964161,40.4194402]]}},{"type":"Feature","properties":{"road_class":"secondary","name":"Şirvan küçəsi","highway":"secondary"},"geometry":{"type":"LineString","coordinates":[[49.7964161,40.4194402],[49.7965691,40.4194783]]}},{"type":"Feature","properties":{"road_class":"secondary","name":"Şirvan küçəsi","highway":"secondary"},"geometry":{"type":"LineString","coordinates":[[49.7965691,40.4194783],[49.7969734,40.4195736]]}},{"type":"Feature","properties":{"road_class":"secondary","name":"Şirvan küçəsi","highway":"secondary"},"geometry":{"type":"LineString","coordinates":[[49.7969734,40.4195736],[49.7989089,40.42024]]}},{"type":"Feature","properties":{"road_class":"secondary","name":"Şirvan küçəsi","highway":"secondary"},"geometry":{"type":"LineString","coordinates":[[49.7989089,40.42024],[49.7993945,40.4204159]]}},{"type":"Feature","properties":{"road_class":"secondary","name":"Şirvan küçəsi","highway":"secondary"},"geometry":{"type":"LineString","coordinates":[[49.7993945,40.4204159],[49.7995192,40.4204613]]}},{"type":"Feature","properties":{"road_class":"secondary","name":"Şirvan küçəsi","highway":"secondary"},"geometry":{"type":"LineString","coordinates":[[49.7954083,40.4192133],[49.7950726,40.4190223]]}},{"type":"Feature","properties":{"road_class":"secondary","name":"Şirvan küçəsi","highway":"secondary"},"geometry":{"type":"LineString","coordinates":[[49.7950726,40.4190223],[49.7951196,40.4184895]]}},{"type":"Feature","properties":{"road_class":"secondary","name":"Şirvan küçəsi","highway":"secondary"},"geometry":{"type":"LineString","coordinates":[[49.7951196,40.4184895],[49.7952678,40.4176961]]}},{"type":"Feature","properties":{"road_class":"secondary","name":"Şirvan küçəsi","highway":"secondary"},"geometry":{"type":"LineString","coordinates":[[49.7997972,40.4205818],[49.7999775,40.4206541]]}},{"type":"Feature","properties":{"road_class":"secondary","name":"Şirvan küçəsi","highway":"secondary"},"geometry":{"type":"LineString","coordinates":[[49.7999775,40.4206541],[49.8004615,40.4207265]]}},{"type":"Feature","properties":{"road_class":"secondary","name":"Şirvani küç.","highway":"secondary"},"geometry":{"type":"LineString","coordinates":[[48.632032,40.6322832],[48.6550667,40.6221443]]}},{"type":"Feature","properties":{"road_class":"secondary","name":"Şorbaçı yolu","highway":"secondary"},"geometry":{"type":"LineString","coordinates":[[48.3248609,39.2612085],[48.333619,39.2622192]]}},{"type":"Feature","properties":{"road_class":"secondary","name":"Şorbaçı yolu","highway":"secondary"},"geometry":{"type":"LineString","coordinates":[[48.3188085,39.2619266],[48.3248609,39.2612085]]}},{"type":"Feature","properties":{"road_class":"secondary","name":"Şorkənd yolu","highway":"secondary"},"geometry":{"type":"LineString","coordinates":[[48.9962696,39.6265571],[48.9905855,39.6200099],[48.9874189,39.6134599],[48.9915905,39.6091633],[49.0006219,39.6062864],[49.0022563,39.6029531]]}},{"type":"Feature","properties":{"road_class":"secondary","name":"Şorsulu yolu","highway":"secondary"},"geometry":{"type":"LineString","coordinates":[[48.8248857,39.4212784],[48.8042589,39.4027107]]}},{"type":"Feature","properties":{"road_class":"secondary","name":"Şövkət Məmmədova küçəsi","highway":"secondary"},"geometry":{"type":"LineString","coordinates":[[49.8463838,40.4253301],[49.8463634,40.4249317]]}},{"type":"Feature","properties":{"road_class":"secondary","name":"Şövkət Məmmədova küçəsi","highway":"secondary"},"geometry":{"type":"LineString","coordinates":[[49.8463838,40.4253301],[49.8466135,40.4256642]]}},{"type":"Feature","properties":{"road_class":"secondary","name":"Şövkət Məmmədova küçəsi","highway":"secondary"},"geometry":{"type":"LineString","coordinates":[[49.8460086,40.4173976],[49.8460943,40.418623]]}},{"type":"Feature","properties":{"road_class":"secondary","name":"Şövkət Məmmədova küçəsi","highway":"secondary"},"geometry":{"type":"LineString","coordinates":[[49.8460943,40.418623],[49.846127,40.4190315]]}},{"type":"Feature","properties":{"road_class":"secondary","name":"Şövkət Məmmədova küçəsi","highway":"secondary"},"geometry":{"type":"LineString","coordinates":[[49.846235,40.4213568],[49.8462234,40.4210334]]}},{"type":"Feature","properties":{"road_class":"secondary","name":"Şövkət Məmmədova küçəsi","highway":"secondary"},"geometry":{"type":"LineString","coordinates":[[49.8462159,40.420824],[49.8461966,40.4202855]]}},{"type":"Feature","properties":{"road_class":"secondary","name":"Şövkət Məmmədova küçəsi","highway":"secondary"},"geometry":{"type":"LineString","coordinates":[[49.8461966,40.4202855],[49.8461711,40.4195748]]}},{"type":"Feature","properties":{"road_class":"secondary","name":"Şövkət Məmmədova küçəsi","highway":"secondary"},"geometry":{"type":"LineString","coordinates":[[49.8461668,40.4194542],[49.846127,40.4190315]]}},{"type":"Feature","properties":{"road_class":"secondary","name":"Şövkət Məmmədova küçəsi","highway":"secondary"},"geometry":{"type":"LineString","coordinates":[[49.8461711,40.4195748],[49.8461668,40.4194542]]}},{"type":"Feature","properties":{"road_class":"secondary","name":"Şövkət Məmmədova küçəsi","highway":"secondary"},"geometry":{"type":"LineString","coordinates":[[49.8462234,40.4210334],[49.8462159,40.420824]]}},{"type":"Feature","properties":{"road_class":"secondary","name":"Şövkət Məmmədova küçəsi","highway":"secondary"},"geometry":{"type":"LineString","coordinates":[[49.8462429,40.4215755],[49.846235,40.4213568]]}},{"type":"Feature","properties":{"road_class":"secondary","name":"Şövkət Məmmədova küçəsi","highway":"secondary"},"geometry":{"type":"LineString","coordinates":[[49.8463017,40.4232145],[49.8462429,40.4215755]]}},{"type":"Feature","properties":{"road_class":"secondary","name":"Şövkət Məmmədova küçəsi","highway":"secondary"},"geometry":{"type":"LineString","coordinates":[[49.8463634,40.4249317],[49.8463017,40.4232145]]}},{"type":"Feature","properties":{"road_class":"secondary","name":"Şövkət Məmmədova küçəsi","highway":"secondary"},"geometry":{"type":"LineString","coordinates":[[49.8466135,40.4256642],[49.8466901,40.4257648]]}},{"type":"Feature","properties":{"road_class":"secondary","name":"Şövkət Məmmədova küçəsi","highway":"secondary"},"geometry":{"type":"LineString","coordinates":[[49.8466901,40.4257648],[49.8470409,40.4262254]]}},{"type":"Feature","properties":{"road_class":"secondary","name":"Şövkət Məmmədova küçəsi","highway":"secondary"},"geometry":{"type":"LineString","coordinates":[[49.8470409,40.4262254],[49.847162,40.4263832]]}},{"type":"Feature","properties":{"road_class":"secondary","name":"Şükür Həmodov küç.","highway":"secondary"},"geometry":{"type":"LineString","coordinates":[[48.4338081,41.4330287],[48.4342112,41.4300361]]}},{"type":"Feature","properties":{"road_class":"secondary","name":"Şükürlü yolu","highway":"secondary"},"geometry":{"type":"LineString","coordinates":[[48.3460181,39.322274],[48.3278723,39.3264118],[48.3213759,39.3308061],[48.3051631,39.3359365]]}},{"type":"Feature","properties":{"road_class":"secondary","name":"Şıxlar yolu","highway":"secondary"},"geometry":{"type":"LineString","coordinates":[[48.3787815,39.0162157],[48.3804402,39.0134394],[48.3838072,39.0128515],[48.3875146,39.0143375],[48.3898496,39.0122283]]}},{"type":"Feature","properties":{"road_class":"secondary","name":"Şıxəkəran yolu","highway":"secondary"},"geometry":{"type":"LineString","coordinates":[[48.8512644,38.6805106],[48.8386484,38.6793269],[48.8311152,38.6830352]]}},{"type":"Feature","properties":{"road_class":"secondary","name":"Şıxəkəran yolu","highway":"secondary"},"geometry":{"type":"LineString","coordinates":[[48.8311152,38.6830352],[48.8254489,38.6858017],[48.82452,38.6879207]]}},{"type":"Feature","properties":{"road_class":"secondary","name":"Şıxəli Qurbanov küç.","highway":"secondary"},"geometry":{"type":"LineString","coordinates":[[45.6733667,40.9664546],[45.6548941,40.9679772]]}},{"type":"Feature","properties":{"road_class":"secondary","name":"Şıxəli Qurbanov küç.","highway":"secondary"},"geometry":{"type":"LineString","coordinates":[[45.6910529,40.9635346],[45.6741581,40.9663849]]}},{"type":"Feature","properties":{"road_class":"secondary","name":"Şəfəqli yolu","highway":"secondary"},"geometry":{"type":"LineString","coordinates":[[48.1532494,38.9015897],[48.1621667,38.8999613],[48.1766586,38.8929172]]}},{"type":"Feature","properties":{"road_class":"secondary","name":"Şəfəqli yolu","highway":"secondary"},"geometry":{"type":"LineString","coordinates":[[48.1505813,38.9027552],[48.1532494,38.9015897]]}},{"type":"Feature","properties":{"road_class":"secondary","name":"Şəhriyar küç.","highway":"secondary"},"geometry":{"type":"LineString","coordinates":[[45.7368643,40.9483845],[45.7314229,40.9369351],[45.7352538,40.9277801],[45.7422026,40.9203165]]}},{"type":"Feature","properties":{"road_class":"secondary","name":"Şəhriyar küç.","highway":"secondary"},"geometry":{"type":"LineString","coordinates":[[45.5990316,40.9832111],[45.6141265,40.9922]]}},{"type":"Feature","properties":{"road_class":"secondary","name":"Şəki dairəsi","highway":"secondary"},"geometry":{"type":"LineString","coordinates":[[49.8641924,40.4089282],[49.8640124,40.4087419]]}},{"type":"Feature","properties":{"road_class":"secondary","name":"Şəki dairəsi","highway":"secondary"},"geometry":{"type":"LineString","coordinates":[[49.8645981,40.4086493],[49.8646118,40.4087104]]}},{"type":"Feature","properties":{"road_class":"secondary","name":"Şəki dairəsi","highway":"secondary"},"geometry":{"type":"LineString","coordinates":[[49.8646118,40.4087104],[49.8644626,40.4089157]]}},{"type":"Feature","properties":{"road_class":"secondary","name":"Şəki dairəsi","highway":"secondary"},"geometry":{"type":"LineString","coordinates":[[49.8644626,40.4089157],[49.8643482,40.4089451]]}},{"type":"Feature","properties":{"road_class":"secondary","name":"Şəki dairəsi","highway":"secondary"},"geometry":{"type":"LineString","coordinates":[[49.8640124,40.4087419],[49.8640185,40.4086663]]}},{"type":"Feature","properties":{"road_class":"secondary","name":"Şəki dairəsi","highway":"secondary"},"geometry":{"type":"LineString","coordinates":[[49.8640185,40.4086663],[49.8641793,40.4085123]]}},{"type":"Feature","properties":{"road_class":"secondary","name":"Şəki dairəsi","highway":"secondary"},"geometry":{"type":"LineString","coordinates":[[49.8641793,40.4085123],[49.8643717,40.4084937]]}},{"type":"Feature","properties":{"road_class":"secondary","name":"Şəki dairəsi","highway":"secondary"},"geometry":{"type":"LineString","coordinates":[[49.8643717,40.4084937],[49.8645981,40.4086493]]}},{"type":"Feature","properties":{"road_class":"secondary","name":"Şəki dairəsi","highway":"secondary"},"geometry":{"type":"LineString","coordinates":[[49.8643482,40.4089451],[49.8641924,40.4089282]]}},{"type":"Feature","properties":{"road_class":"secondary","name":"Ə. Qəmküsar Küçəsi Babək Məhəlləsi","highway":"secondary"},"geometry":{"type":"LineString","coordinates":[[45.4105109,39.1903386],[45.4070511,39.1924974]]}},{"type":"Feature","properties":{"road_class":"secondary","name":"Əcəmi Naxçivani küçəsi","highway":"secondary"},"geometry":{"type":"LineString","coordinates":[[49.8460086,40.4173976],[49.8448202,40.4171291]]}},{"type":"Feature","properties":{"road_class":"secondary","name":"Əhməd Cavad küç.","highway":"secondary"},"geometry":{"type":"LineString","coordinates":[[46.0291178,40.8419817],[46.0267213,40.8426893]]}},{"type":"Feature","properties":{"road_class":"secondary","name":"Əhməd Rəcəbli küçəsi","highway":"secondary"},"geometry":{"type":"LineString","coordinates":[[49.8538326,40.4218141],[49.8539411,40.4216931]]}},{"type":"Feature","properties":{"road_class":"secondary","name":"Əhməd Rəcəbli küçəsi","highway":"secondary"},"geometry":{"type":"LineString","coordinates":[[49.8584429,40.4160659],[49.8586673,40.4157606]]}},{"type":"Feature","properties":{"road_class":"secondary","name":"Əhməd Rəcəbli küçəsi","highway":"secondary"},"geometry":{"type":"LineString","coordinates":[[49.867211,40.4047758],[49.8692021,40.4023306]]}},{"type":"Feature","properties":{"road_class":"secondary","name":"Əhməd Rəcəbli küçəsi","highway":"secondary"},"geometry":{"type":"LineString","coordinates":[[49.8643482,40.4089451],[49.8589036,40.4157287]]}},{"type":"Feature","properties":{"road_class":"secondary","name":"Əhməd Rəcəbli küçəsi","highway":"secondary"},"geometry":{"type":"LineString","coordinates":[[49.864525,40.4081927],[49.8671034,40.4049077]]}},{"type":"Feature","properties":{"road_class":"secondary","name":"Əhməd Rəcəbli küçəsi","highway":"secondary"},"geometry":{"type":"LineString","coordinates":[[49.8585852,40.4161858],[49.8584063,40.4164414]]}},{"type":"Feature","properties":{"road_class":"secondary","name":"Əhməd Rəcəbli küçəsi","highway":"secondary"},"geometry":{"type":"LineString","coordinates":[[49.867397,40.4048587],[49.8673421,40.4049272]]}},{"type":"Feature","properties":{"road_class":"secondary","name":"Əhməd Rəcəbli küçəsi","highway":"secondary"},"geometry":{"type":"LineString","coordinates":[[49.8588366,40.4158316],[49.8586212,40.4161354]]}},{"type":"Feature","properties":{"road_class":"secondary","name":"Əhməd Rəcəbli küçəsi","highway":"secondary"},"geometry":{"type":"LineString","coordinates":[[49.8586673,40.4157606],[49.8587453,40.4156544]]}},{"type":"Feature","properties":{"road_class":"secondary","name":"Əhməd Rəcəbli küçəsi","highway":"secondary"},"geometry":{"type":"LineString","coordinates":[[49.8587453,40.4156544],[49.8640124,40.4087419]]}},{"type":"Feature","properties":{"road_class":"secondary","name":"Əhməd Rəcəbli küçəsi","highway":"secondary"},"geometry":{"type":"LineString","coordinates":[[49.8671574,40.404842],[49.867211,40.4047758]]}},{"type":"Feature","properties":{"road_class":"secondary","name":"Əhməd Rəcəbli küçəsi","highway":"secondary"},"geometry":{"type":"LineString","coordinates":[[49.8693568,40.402423],[49.8674537,40.4047881]]}},{"type":"Feature","properties":{"road_class":"secondary","name":"Əhməd Rəcəbli küçəsi","highway":"secondary"},"geometry":{"type":"LineString","coordinates":[[49.8541704,40.4218221],[49.8540214,40.4219245]]}},{"type":"Feature","properties":{"road_class":"secondary","name":"Əhməd Rəcəbli küçəsi","highway":"secondary"},"geometry":{"type":"LineString","coordinates":[[49.853694,40.4219658],[49.8538326,40.4218141]]}},{"type":"Feature","properties":{"road_class":"secondary","name":"Əhməd Rəcəbli küçəsi","highway":"secondary"},"geometry":{"type":"LineString","coordinates":[[49.8540214,40.4219245],[49.8538879,40.4219778]]}},{"type":"Feature","properties":{"road_class":"secondary","name":"Əhməd Rəcəbli küçəsi","highway":"secondary"},"geometry":{"type":"LineString","coordinates":[[49.8578752,40.4171459],[49.8573232,40.4178198]]}},{"type":"Feature","properties":{"road_class":"secondary","name":"Əhməd Rəcəbli küçəsi","highway":"secondary"},"geometry":{"type":"LineString","coordinates":[[49.8671034,40.4049077],[49.8671574,40.404842]]}},{"type":"Feature","properties":{"road_class":"secondary","name":"Əhməd Rəcəbli küçəsi","highway":"secondary"},"geometry":{"type":"LineString","coordinates":[[49.8673421,40.4049272],[49.8645981,40.4086493]]}},{"type":"Feature","properties":{"road_class":"secondary","name":"Əhməd Rəcəbli küçəsi","highway":"secondary"},"geometry":{"type":"LineString","coordinates":[[49.8674537,40.4047881],[49.867397,40.4048587]]}},{"type":"Feature","properties":{"road_class":"secondary","name":"Əhməd Rəcəbli küçəsi","highway":"secondary"},"geometry":{"type":"LineString","coordinates":[[49.8586212,40.4161354],[49.8585852,40.4161858]]}},{"type":"Feature","properties":{"road_class":"secondary","name":"Əhməd Rəcəbli küçəsi","highway":"secondary"},"geometry":{"type":"LineString","coordinates":[[49.8584029,40.4161216],[49.8584429,40.4160659]]}},{"type":"Feature","properties":{"road_class":"secondary","name":"Əhməd Rəcəbli küçəsi","highway":"secondary"},"geometry":{"type":"LineString","coordinates":[[49.8589036,40.4157287],[49.8588366,40.4158316]]}},{"type":"Feature","properties":{"road_class":"secondary","name":"Əhməd Rəcəbli küçəsi","highway":"secondary"},"geometry":{"type":"LineString","coordinates":[[49.8545287,40.4209612],[49.854636,40.4208233]]}},{"type":"Feature","properties":{"road_class":"secondary","name":"Əhməd Rəcəbli küçəsi","highway":"secondary"},"geometry":{"type":"LineString","coordinates":[[49.854636,40.4208233],[49.8554311,40.4198211]]}},{"type":"Feature","properties":{"road_class":"secondary","name":"Əhməd Rəcəbli küçəsi","highway":"secondary"},"geometry":{"type":"LineString","coordinates":[[49.8539411,40.4216931],[49.8543425,40.4211878]]}},{"type":"Feature","properties":{"road_class":"secondary","name":"Əhməd Rəcəbli küçəsi","highway":"secondary"},"geometry":{"type":"LineString","coordinates":[[49.8543425,40.4211878],[49.8545287,40.4209612]]}},{"type":"Feature","properties":{"road_class":"secondary","name":"Əhməd Rəcəbli küçəsi","highway":"secondary"},"geometry":{"type":"LineString","coordinates":[[49.8554311,40.4198211],[49.8558172,40.4193361]]}},{"type":"Feature","properties":{"road_class":"secondary","name":"Əhməd Rəcəbli küçəsi","highway":"secondary"},"geometry":{"type":"LineString","coordinates":[[49.8558172,40.4193361],[49.8566805,40.4182505]]}},{"type":"Feature","properties":{"road_class":"secondary","name":"Əhməd Rəcəbli küçəsi","highway":"secondary"},"geometry":{"type":"LineString","coordinates":[[49.8566805,40.4182505],[49.8570717,40.4177683]]}},{"type":"Feature","properties":{"road_class":"secondary","name":"Əhməd Rəcəbli küçəsi","highway":"secondary"},"geometry":{"type":"LineString","coordinates":[[49.8570717,40.4177683],[49.8577075,40.4169944]]}},{"type":"Feature","properties":{"road_class":"secondary","name":"Əhməd Rəcəbli küçəsi","highway":"secondary"},"geometry":{"type":"LineString","coordinates":[[49.8577075,40.4169944],[49.8582075,40.4163797]]}},{"type":"Feature","properties":{"road_class":"secondary","name":"Əhməd Rəcəbli küçəsi","highway":"secondary"},"geometry":{"type":"LineString","coordinates":[[49.8582075,40.4163797],[49.8584029,40.4161216]]}},{"type":"Feature","properties":{"road_class":"secondary","name":"Əhməd Rəcəbli küçəsi","highway":"secondary"},"geometry":{"type":"LineString","coordinates":[[49.8573232,40.4178198],[49.8559357,40.4195587]]}},{"type":"Feature","properties":{"road_class":"secondary","name":"Əhməd Rəcəbli küçəsi","highway":"secondary"},"geometry":{"type":"LineString","coordinates":[[49.8559357,40.4195587],[49.8556511,40.4199124]]}},{"type":"Feature","properties":{"road_class":"secondary","name":"Əhməd Rəcəbli küçəsi","highway":"secondary"},"geometry":{"type":"LineString","coordinates":[[49.8556511,40.4199124],[49.8550922,40.4206417]]}},{"type":"Feature","properties":{"road_class":"secondary","name":"Əhməd Rəcəbli küçəsi","highway":"secondary"},"geometry":{"type":"LineString","coordinates":[[49.8550922,40.4206417],[49.8547673,40.4210654]]}},{"type":"Feature","properties":{"road_class":"secondary","name":"Əhməd Rəcəbli küçəsi","highway":"secondary"},"geometry":{"type":"LineString","coordinates":[[49.8547673,40.4210654],[49.8546507,40.4212132]]}},{"type":"Feature","properties":{"road_class":"secondary","name":"Əhməd Rəcəbli küçəsi","highway":"secondary"},"geometry":{"type":"LineString","coordinates":[[49.8546507,40.4212132],[49.8541704,40.4218221]]}},{"type":"Feature","properties":{"road_class":"secondary","name":"Əhməd Rəcəbli küçəsi","highway":"secondary"},"geometry":{"type":"LineString","coordinates":[[49.8584063,40.4164414],[49.8578752,40.4171459]]}},{"type":"Feature","properties":{"road_class":"secondary","name":"Əhməd Rəcəbli küçəsi","highway":"secondary"},"geometry":{"type":"LineString","coordinates":[[49.8641793,40.4085123],[49.864525,40.4081927]]}},{"type":"Feature","properties":{"road_class":"secondary","name":"Əhəd Yaqubov küç.","highway":"secondary"},"geometry":{"type":"LineString","coordinates":[[49.8398897,40.3417216],[49.839714,40.3416705]]}},{"type":"Feature","properties":{"road_class":"secondary","name":"Əhəd Yaqubov küç.","highway":"secondary"},"geometry":{"type":"LineString","coordinates":[[49.8398897,40.3417216],[49.84058,40.3419019]]}},{"type":"Feature","properties":{"road_class":"secondary","name":"Əhəd Yaqubov küç.","highway":"secondary"},"geometry":{"type":"LineString","coordinates":[[49.839714,40.3416705],[49.8393262,40.3415562]]}},{"type":"Feature","properties":{"road_class":"secondary","name":"Əhəd Yaqubov küç.","highway":"secondary"},"geometry":{"type":"LineString","coordinates":[[49.8389912,40.3414808],[49.8376033,40.3410956]]}},{"type":"Feature","properties":{"road_class":"secondary","name":"Əhəd Yaqubov küç.","highway":"secondary"},"geometry":{"type":"LineString","coordinates":[[49.8376033,40.3410956],[49.8367022,40.340382]]}},{"type":"Feature","properties":{"road_class":"secondary","name":"Əhəd Yaqubov küç.","highway":"secondary"},"geometry":{"type":"LineString","coordinates":[[49.8367022,40.340382],[49.8360782,40.3398694]]}},{"type":"Feature","properties":{"road_class":"secondary","name":"Əhəd Yaqubov küç.","highway":"secondary"},"geometry":{"type":"LineString","coordinates":[[49.8360782,40.3398694],[49.8358578,40.3396895]]}},{"type":"Feature","properties":{"road_class":"secondary","name":"Əhəd Yaqubov küç.","highway":"secondary"},"geometry":{"type":"LineString","coordinates":[[49.8358578,40.3396895],[49.8348743,40.3389494]]}},{"type":"Feature","properties":{"road_class":"secondary","name":"Əhəd Yaqubov küç.","highway":"secondary"},"geometry":{"type":"LineString","coordinates":[[49.8393262,40.3415562],[49.8389912,40.3414808]]}},{"type":"Feature","properties":{"road_class":"secondary","name":"Əli Kərim","highway":"secondary"},"geometry":{"type":"LineString","coordinates":[[47.7393327,40.6504954],[47.7351427,40.6404458]]}},{"type":"Feature","properties":{"road_class":"secondary","name":"Əli Nəzmi","highway":"secondary"},"geometry":{"type":"LineString","coordinates":[[46.3568644,40.6646052],[46.3561382,40.6634794]]}},{"type":"Feature","properties":{"road_class":"secondary","name":"Əli Tağızadə küçəsi","highway":"secondary"},"geometry":{"type":"LineString","coordinates":[[49.8036047,40.41324],[49.8046087,40.4114863]]}},{"type":"Feature","properties":{"road_class":"secondary","name":"Əli Tağızadə küçəsi","highway":"secondary"},"geometry":{"type":"LineString","coordinates":[[49.8046087,40.4114863],[49.8048946,40.4112312]]}},{"type":"Feature","properties":{"road_class":"secondary","name":"Əli Tağızadə küçəsi","highway":"secondary"},"geometry":{"type":"LineString","coordinates":[[49.8049668,40.4112992],[49.8037608,40.4132559]]}},{"type":"Feature","properties":{"road_class":"secondary","name":"Əli İsazadə küç.","highway":"secondary"},"geometry":{"type":"LineString","coordinates":[[50.0938932,40.4394774],[50.0882964,40.4488805]]}},{"type":"Feature","properties":{"road_class":"secondary","name":"Əli İsazadə küç.","highway":"secondary"},"geometry":{"type":"LineString","coordinates":[[50.0745769,40.458688],[50.0869404,40.4514127],[50.0881501,40.4489246]]}},{"type":"Feature","properties":{"road_class":"secondary","name":"Əli İsazadə küç.","highway":"secondary"},"geometry":{"type":"LineString","coordinates":[[50.1059805,40.4199113],[50.1051315,40.421251]]}},{"type":"Feature","properties":{"road_class":"secondary","name":"Əli İsazadə küç.","highway":"secondary"},"geometry":{"type":"LineString","coordinates":[[50.1039433,40.4230436],[50.1059,40.4198817]]}},{"type":"Feature","properties":{"road_class":"secondary","name":"Əli İsazadə küç.","highway":"secondary"},"geometry":{"type":"LineString","coordinates":[[50.1035578,40.4236451],[50.1039433,40.4230436]]}},{"type":"Feature","properties":{"road_class":"secondary","name":"Əli İsazadə küç.","highway":"secondary"},"geometry":{"type":"LineString","coordinates":[[50.1020365,40.4262727],[50.101777,40.4266927]]}},{"type":"Feature","properties":{"road_class":"secondary","name":"Əli İsazadə küç.","highway":"secondary"},"geometry":{"type":"LineString","coordinates":[[50.1051315,40.421251],[50.1020365,40.4262727]]}},{"type":"Feature","properties":{"road_class":"secondary","name":"Əli İsazadə küç.","highway":"secondary"},"geometry":{"type":"LineString","coordinates":[[50.1007099,40.4282115],[50.1035578,40.4236451]]}},{"type":"Feature","properties":{"road_class":"secondary","name":"Əli İsazadə küç.","highway":"secondary"},"geometry":{"type":"LineString","coordinates":[[50.10025,40.428923],[50.1007099,40.4282115]]}},{"type":"Feature","properties":{"road_class":"secondary","name":"Əli İsazadə küç.","highway":"secondary"},"geometry":{"type":"LineString","coordinates":[[50.0882705,40.4489477],[50.0871724,40.4513541],[50.0783099,40.4572677]]}},{"type":"Feature","properties":{"road_class":"secondary","name":"Əli İsazadə küç.","highway":"secondary"},"geometry":{"type":"LineString","coordinates":[[50.0881729,40.4488617],[50.0937912,40.4394421]]}},{"type":"Feature","properties":{"road_class":"secondary","name":"Əli İsazadə küç.","highway":"secondary"},"geometry":{"type":"LineString","coordinates":[[50.0938494,40.439348],[50.0953951,40.4368697]]}},{"type":"Feature","properties":{"road_class":"secondary","name":"Əli İsazadə küç.","highway":"secondary"},"geometry":{"type":"LineString","coordinates":[[50.0954969,40.4369037],[50.0939517,40.4393848]]}},{"type":"Feature","properties":{"road_class":"secondary","name":"Əli İsazadə küç.","highway":"secondary"},"geometry":{"type":"LineString","coordinates":[[50.0954593,40.4367673],[50.10025,40.428923]]}},{"type":"Feature","properties":{"road_class":"secondary","name":"Əli İsazadə küç.","highway":"secondary"},"geometry":{"type":"LineString","coordinates":[[50.101777,40.4266927],[50.095561,40.4368004]]}},{"type":"Feature","properties":{"road_class":"secondary","name":"Əliabbas Əliyev küç.","highway":"secondary"},"geometry":{"type":"LineString","coordinates":[[50.1670242,40.482606],[50.1663356,40.4794904],[50.1594322,40.4738868],[50.1471818,40.4717765]]}},{"type":"Feature","properties":{"road_class":"secondary","name":"Əliabbas Əliyev küç.","highway":"secondary"},"geometry":{"type":"LineString","coordinates":[[50.1471818,40.4717765],[50.1301792,40.4616718]]}},{"type":"Feature","properties":{"road_class":"secondary","name":"Əliağa Vahid küç.","highway":"secondary"},"geometry":{"type":"LineString","coordinates":[[48.9332907,40.0439899],[48.9369628,40.0422618]]}},{"type":"Feature","properties":{"road_class":"secondary","name":"Əliağa Vahid küçəsi","highway":"secondary"},"geometry":{"type":"LineString","coordinates":[[49.7560527,40.4581862],[49.7528369,40.4767408],[49.759618,40.490393]]}},{"type":"Feature","properties":{"road_class":"secondary","name":"Əliağa Şıxlinski küç.","highway":"secondary"},"geometry":{"type":"LineString","coordinates":[[49.9649116,40.3819725],[49.9645192,40.3742267]]}},{"type":"Feature","properties":{"road_class":"secondary","name":"Əliağa Şıxlinski küç.","highway":"secondary"},"geometry":{"type":"LineString","coordinates":[[49.9671592,40.3594177],[49.9674109,40.3553869],[49.9687722,40.3544313]]}},{"type":"Feature","properties":{"road_class":"secondary","name":"Əliağa Şıxlinski küç.","highway":"secondary"},"geometry":{"type":"LineString","coordinates":[[49.9649294,40.373327],[49.9683595,40.3717677]]}},{"type":"Feature","properties":{"road_class":"secondary","name":"Əliağa Şıxlinski küç.","highway":"secondary"},"geometry":{"type":"LineString","coordinates":[[49.963527,40.3695609],[49.9646416,40.373407]]}},{"type":"Feature","properties":{"road_class":"secondary","name":"Əliağa Şıxlinski küç.","highway":"secondary"},"geometry":{"type":"LineString","coordinates":[[45.3516536,41.0929776],[45.3446025,41.1055437]]}},{"type":"Feature","properties":{"road_class":"secondary","name":"Əliağa Şıxlinski küç.","highway":"secondary"},"geometry":{"type":"LineString","coordinates":[[49.966756,40.3595773],[49.9648511,40.3612527],[49.963527,40.3695609]]}},{"type":"Feature","properties":{"road_class":"secondary","name":"Əliağa Şıxlinski küç.","highway":"secondary"},"geometry":{"type":"LineString","coordinates":[[49.9645192,40.3742267],[49.9645532,40.3740141]]}},{"type":"Feature","properties":{"road_class":"secondary","name":"Əliağa Şıxlinski küç.","highway":"secondary"},"geometry":{"type":"LineString","coordinates":[[49.963527,40.3695609],[49.9630632,40.370215]]}},{"type":"Feature","properties":{"road_class":"secondary","name":"Əliağa Şıxlinski küç.","highway":"secondary"},"geometry":{"type":"LineString","coordinates":[[49.9687722,40.3544313],[49.9702864,40.3548507]]}},{"type":"Feature","properties":{"road_class":"secondary","name":"Əliağa Şıxlinski küç.","highway":"secondary"},"geometry":{"type":"LineString","coordinates":[[49.9646416,40.373407],[49.9645532,40.3740141]]}},{"type":"Feature","properties":{"road_class":"secondary","name":"Əliheydər Qarayev küç.","highway":"secondary"},"geometry":{"type":"LineString","coordinates":[[50.1670826,40.4870392],[50.1670242,40.482606]]}},{"type":"Feature","properties":{"road_class":"secondary","name":"Əliheydər Qarayev küç.","highway":"secondary"},"geometry":{"type":"LineString","coordinates":[[50.1671517,40.4821378],[50.1672595,40.4870306]]}},{"type":"Feature","properties":{"road_class":"secondary","name":"Əliqasımlı yolu","highway":"secondary"},"geometry":{"type":"LineString","coordinates":[[48.4617264,39.2853402],[48.4554825,39.2867904],[48.4498922,39.2905349],[48.4382412,39.2948955]]}},{"type":"Feature","properties":{"road_class":"secondary","name":"Əliqasımlı yolu","highway":"secondary"},"geometry":{"type":"LineString","coordinates":[[48.4753211,39.268747],[48.4639472,39.2809366],[48.4622537,39.2849153]]}},{"type":"Feature","properties":{"road_class":"secondary","name":"Əlövsət Əbdürəhimov küçəsi","highway":"secondary"},"geometry":{"type":"LineString","coordinates":[[49.856362,40.4057537],[49.8501707,40.4045605]]}},{"type":"Feature","properties":{"road_class":"secondary","name":"Əlövsət Əbdürəhimov küçəsi","highway":"secondary"},"geometry":{"type":"LineString","coordinates":[[49.8504355,40.4039991],[49.856346,40.4056873]]}},{"type":"Feature","properties":{"road_class":"secondary","name":"Ələsgər Qayıbov küç.","highway":"secondary"},"geometry":{"type":"LineString","coordinates":[[49.8858455,40.4053014],[49.8806292,40.4110211],[49.8769948,40.4217664]]}},{"type":"Feature","properties":{"road_class":"secondary","name":"Ələsgər Qayıbov küç.","highway":"secondary"},"geometry":{"type":"LineString","coordinates":[[49.875599,40.4235693],[49.880419,40.4109248],[49.885221,40.4049267]]}},{"type":"Feature","properties":{"road_class":"secondary","name":"Ələsgər Qayıbov küç.","highway":"secondary"},"geometry":{"type":"LineString","coordinates":[[49.8769948,40.4217664],[49.8767452,40.4241054]]}},{"type":"Feature","properties":{"road_class":"secondary","name":"Ənvər Qasımzadə küçəsi","highway":"secondary"},"geometry":{"type":"LineString","coordinates":[[49.8360571,40.3898655],[49.8392982,40.3906043]]}},{"type":"Feature","properties":{"road_class":"secondary","name":"Ənvər Qasımzadə küçəsi","highway":"secondary"},"geometry":{"type":"LineString","coordinates":[[49.8436745,40.3916155],[49.8455064,40.3920404]]}},{"type":"Feature","properties":{"road_class":"secondary","name":"Ənvər Qasımzadə küçəsi","highway":"secondary"},"geometry":{"type":"LineString","coordinates":[[49.8392982,40.3906043],[49.8408079,40.3909541]]}},{"type":"Feature","properties":{"road_class":"secondary","name":"Ənvər Qasımzadə küçəsi","highway":"secondary"},"geometry":{"type":"LineString","coordinates":[[49.8408079,40.3909541],[49.8419425,40.3912222]]}},{"type":"Feature","properties":{"road_class":"secondary","name":"Ənvər Qasımzadə küçəsi","highway":"secondary"},"geometry":{"type":"LineString","coordinates":[[49.8360571,40.3898655],[49.8358956,40.3898282]]}},{"type":"Feature","properties":{"road_class":"secondary","name":"Ənvər Qasımzadə küçəsi","highway":"secondary"},"geometry":{"type":"LineString","coordinates":[[49.8419425,40.3912222],[49.8429859,40.3914612]]}},{"type":"Feature","properties":{"road_class":"secondary","name":"Ənvər Qasımzadə küçəsi","highway":"secondary"},"geometry":{"type":"LineString","coordinates":[[49.8429859,40.3914612],[49.8436745,40.3916155]]}},{"type":"Feature","properties":{"road_class":"secondary","name":"Ərkivan yolu","highway":"secondary"},"geometry":{"type":"LineString","coordinates":[[48.6485262,39.0173071],[48.6540709,39.0042808],[48.6580008,39.0007707],[48.6639705,38.9858496]]}},{"type":"Feature","properties":{"road_class":"secondary","name":"Əsədabad yolu","highway":"secondary"},"geometry":{"type":"LineString","coordinates":[[48.205504,38.8870937],[48.2238211,38.8888997],[48.2256492,38.8919691],[48.2245009,38.8939278],[48.2278308,38.8958968]]}},{"type":"Feature","properties":{"road_class":"secondary","name":"Əsədli yolu","highway":"secondary"},"geometry":{"type":"LineString","coordinates":[[48.3194704,39.1159133],[48.313586,39.1101765],[48.3276728,39.105066],[48.3213376,39.0964446]]}},{"type":"Feature","properties":{"road_class":"secondary","name":"Əziz Əliyev","highway":"secondary"},"geometry":{"type":"LineString","coordinates":[[46.3654166,40.6643552],[46.3674114,40.6675836]]}},{"type":"Feature","properties":{"road_class":"secondary","name":"Əziz Əliyev","highway":"secondary"},"geometry":{"type":"LineString","coordinates":[[46.3449907,40.647676],[46.3474984,40.6483891]]}},{"type":"Feature","properties":{"road_class":"secondary","name":"Əziz Əliyev","highway":"secondary"},"geometry":{"type":"LineString","coordinates":[[46.3627573,40.6598573],[46.3654166,40.6643552]]}},{"type":"Feature","properties":{"road_class":"secondary","name":"Əziz Əliyev","highway":"secondary"},"geometry":{"type":"LineString","coordinates":[[46.3529273,40.652334],[46.3574087,40.6553325]]}},{"type":"Feature","properties":{"road_class":"secondary","name":"Əziz Əliyev","highway":"secondary"},"geometry":{"type":"LineString","coordinates":[[46.3497802,40.6495078],[46.3529273,40.652334]]}},{"type":"Feature","properties":{"road_class":"secondary","name":"Əziz Əliyev","highway":"secondary"},"geometry":{"type":"LineString","coordinates":[[46.3574984,40.6555251],[46.3612819,40.6586137]]}},{"type":"Feature","properties":{"road_class":"secondary","name":"Əziz Əliyev","highway":"secondary"},"geometry":{"type":"LineString","coordinates":[[46.3474984,40.6483891],[46.3497802,40.6495078]]}},{"type":"Feature","properties":{"road_class":"secondary","name":"Əziz Əliyev","highway":"secondary"},"geometry":{"type":"LineString","coordinates":[[46.3612819,40.6586137],[46.3627182,40.6598182]]}},{"type":"Feature","properties":{"road_class":"secondary","name":"Əziz Əliyev","highway":"secondary"},"geometry":{"type":"LineString","coordinates":[[46.3442302,40.6473423],[46.3446833,40.6475411]]}},{"type":"Feature","properties":{"road_class":"secondary","name":"Əziz Əliyev","highway":"secondary"},"geometry":{"type":"LineString","coordinates":[[46.3446833,40.6475411],[46.3449907,40.647676]]}},{"type":"Feature","properties":{"road_class":"secondary","name":"Əziz Əliyev","highway":"secondary"},"geometry":{"type":"LineString","coordinates":[[46.3574087,40.6553325],[46.3574984,40.6555251]]}},{"type":"Feature","properties":{"road_class":"secondary","name":"улица Ветеранов","highway":"secondary"},"geometry":{"type":"LineString","coordinates":[[48.2973266,41.5770624],[48.2803532,41.5699939]]}},{"type":"Feature","properties":{"road_class":"secondary","name":"Գորիս-Շուռնուխ ավտոմայրուղի","highway":"secondary"},"geometry":{"type":"LineString","coordinates":[[46.3483787,39.4920653],[46.3616717,39.4805796],[46.3620665,39.4702592],[46.3630825,39.4735062],[46.3638121,39.4656309],[46.3704618,39.4594025],[46.3760939,39.4506748],[46.3827646,39.4454647],[46.3921282,39.4431924]]}},{"type":"Feature","properties":{"road_class":"secondary","name":"Գորիս-Շուռնուխ մայրուղի","highway":"secondary"},"geometry":{"type":"LineString","coordinates":[[46.3734279,39.4270012],[46.3733795,39.4255112],[46.3700354,39.4244971],[46.3767347,39.4220236],[46.3726816,39.4209036],[46.3756513,39.4204764],[46.3745195,39.4191979],[46.3762924,39.4196714],[46.3742264,39.4180899],[46.3757846,39.4184798],[46.376914,39.4178102],[46.3758539,39.418034],[46.3748306,39.4167793],[46.3790779,39.4159432],[46.3775825,39.4151469],[46.3771038,39.4138922],[46.3791154,39.414834],[46.3820471,39.4133907],[46.3792509,39.4132965],[46.384917,39.4091695],[46.3836564,39.4118873],[46.3847816,39.411392]]}},{"type":"Feature","properties":{"road_class":"secondary","name":"Գորիս-Շուռնուխ մայրուղի","highway":"secondary"},"geometry":{"type":"LineString","coordinates":[[46.3956039,39.3826286],[46.3925538,39.3829921],[46.3924541,39.3842024]]}},{"type":"Feature","properties":{"road_class":"secondary","name":"Երևան-Մեղրի ավտոմայրուղի","highway":"secondary"},"geometry":{"type":"LineString","coordinates":[[46.3900816,39.3897384],[46.388589,39.3881554],[46.3901911,39.3871595]]}},{"type":"Feature","properties":{"road_class":"secondary","name":"Երևան-Մեղրի ավտոմայրուղի","highway":"secondary"},"geometry":{"type":"LineString","coordinates":[[46.3921282,39.4431924],[46.3926498,39.4430857]]}},{"type":"Feature","properties":{"road_class":"secondary","name":"Երևան-Մեղրի ավտոմայրուղի","highway":"secondary"},"geometry":{"type":"LineString","coordinates":[[46.3926498,39.4430857],[46.3951027,39.4429149]]}},{"type":"Feature","properties":{"road_class":"secondary","name":"Երևան-Մեղրի ավտոմայրուղի","highway":"secondary"},"geometry":{"type":"LineString","coordinates":[[46.3847816,39.411392],[46.3882012,39.409088],[46.387496,39.4119422],[46.3893467,39.4094803],[46.3888787,39.4076256],[46.3900951,39.4080224],[46.3872237,39.4034288],[46.3832957,39.4013998],[46.3875303,39.3956516],[46.3950558,39.3922922],[46.3900816,39.3897384]]}},{"type":"Feature","properties":{"road_class":"secondary","name":"Թթուջուր-Նավուր խճուղի","highway":"secondary"},"geometry":{"type":"LineString","coordinates":[[45.3218276,40.6619335],[45.3250434,40.664914],[45.3309149,40.6637959],[45.3283828,40.6686685],[45.3417429,40.6653259],[45.3448789,40.6692735],[45.3465307,40.6756178],[45.3498956,40.6771456],[45.3455373,40.6783534],[45.3434136,40.6800441],[45.3437433,40.6824886],[45.3383613,40.6843575],[45.3383526,40.6927091],[45.3324008,40.6920522],[45.3229541,40.6962944],[45.3269988,40.7015653],[45.3227234,40.7053717],[45.3240055,40.7098123]]}},{"type":"Feature","properties":{"road_class":"secondary","name":"Ծովակալ Իսակովի փողոց","highway":"secondary"},"geometry":{"type":"LineString","coordinates":[[46.7670305,39.8229364],[46.7670169,39.8229928]]}},{"type":"Feature","properties":{"road_class":"secondary","name":"Ծովակալ Իսակովի փողոց","highway":"secondary"},"geometry":{"type":"LineString","coordinates":[[46.7670808,39.8227047],[46.7670677,39.8227597]]}},{"type":"Feature","properties":{"road_class":"secondary","name":"Հ-30","highway":"secondary"},"geometry":{"type":"LineString","coordinates":[[45.4090798,40.5771052],[45.4247005,40.5808821],[45.4439139,40.5801012],[45.4545745,40.5815081],[45.4600359,40.5796488]]}},{"type":"Feature","properties":{"road_class":"secondary","name":"Հ-30","highway":"secondary"},"geometry":{"type":"LineString","coordinates":[[45.4600359,40.5796488],[45.4605794,40.5795034]]}},{"type":"Feature","properties":{"road_class":"secondary","name":"Հ-42","highway":"secondary"},"geometry":{"type":"LineString","coordinates":[[45.4669055,39.5976345],[45.461425,39.5860708],[45.4519257,39.5742125],[45.446454,39.5750973],[45.4433319,39.5728645],[45.4407827,39.574461],[45.4391155,39.5706233],[45.4307513,39.5669103],[45.4283437,39.5591103],[45.4238269,39.5516323],[45.4203022,39.550565]]}},{"type":"Feature","properties":{"road_class":"secondary","name":"Վարդենիս - Մարտակերտ մայրուղի","highway":"secondary"},"geometry":{"type":"LineString","coordinates":[[45.977169,40.218406],[45.9735917,40.2193499],[45.972444,40.2214287],[45.972255,40.2192424],[45.9691452,40.2215273],[45.9547351,40.2212509]]}},{"type":"Feature","properties":{"road_class":"secondary","name":"Տ-8-81","highway":"secondary"},"geometry":{"type":"LineString","coordinates":[[46.4675385,39.3076111],[46.4761457,39.3085284],[46.4823711,39.311299],[46.4815932,39.3127454],[46.4837766,39.3142624],[46.483857,39.3129343],[46.4875075,39.3161964],[46.4918581,39.3168356],[46.4898679,39.3200104],[46.4932528,39.3209317]]}},{"type":"Feature","properties":{"road_class":"secondary","name":"Տ-9-17","highway":"secondary"},"geometry":{"type":"LineString","coordinates":[[45.4203022,39.550565],[45.4088898,39.5491305]]}},{"type":"Feature","properties":{"road_class":"secondary","name":"جاده باغچه سرا","highway":"secondary"},"geometry":{"type":"LineString","coordinates":[[48.8398325,38.4463155],[48.8262082,38.4482814],[48.819479,38.4457913],[48.8076228,38.447893],[48.8053506,38.446992]]}},{"type":"Feature","properties":{"road_class":"secondary","name":"جاده باغچه سرا","highway":"secondary"},"geometry":{"type":"LineString","coordinates":[[48.8398325,38.4463155],[48.8457474,38.4469503]]}},{"type":"Feature","properties":{"road_class":"secondary","name":"جاده شهر زهرا","highway":"secondary"},"geometry":{"type":"LineString","coordinates":[[48.2893553,39.0492662],[48.2915832,39.0601608],[48.285767,39.067016],[48.2851481,39.0736761],[48.283501,39.0744425],[48.2722636,39.071385],[48.2696159,39.0728143],[48.2693989,39.0765602],[48.2628324,39.0845415],[48.2594573,39.0930526],[48.2497796,39.0907289],[48.2390066,39.0855412],[48.2351392,39.0854004],[48.2332703,39.0861933],[48.2321638,39.0895368],[48.2225158,39.09419]]}},{"type":"Feature","properties":{"road_class":"secondary","name":"خیابان ولایت فقیه","highway":"secondary"},"geometry":{"type":"LineString","coordinates":[[45.6335374,38.9409662],[45.6446334,38.944897]]}},{"type":"Feature","properties":{"road_class":"secondary","name":"خیابان ولایت فقیه","highway":"secondary"},"geometry":{"type":"LineString","coordinates":[[45.6445714,38.9449898],[45.6334899,38.9410478]]}},{"type":"Feature","properties":{"road_class":"secondary","name":"خیابان کشاورز","highway":"secondary"},"geometry":{"type":"LineString","coordinates":[[47.7154161,39.5871337],[47.715755,39.580415]]}},{"type":"Feature","properties":{"road_class":"secondary","name":"خیابان کشاورز","highway":"secondary"},"geometry":{"type":"LineString","coordinates":[[47.7159198,39.5804361],[47.7154018,39.5872331]]}},{"type":"Feature","properties":{"road_class":"secondary","name":"საგარეჯო-უდაბნო-დავით გარეჯის მონასტერი","highway":"secondary"},"geometry":{"type":"LineString","coordinates":[[45.376373,41.5013538],[45.3552729,41.4868628],[45.3441327,41.489042],[45.3314118,41.4848583],[45.3240448,41.4846539],[45.3238502,41.4806227],[45.3174291,41.4766539],[45.3211104,41.4730004],[45.3178758,41.4720253]]}},{"type":"Feature","properties":{"road_class":"secondary","name":"საგარეჯო-უდაბნო-დავით გარეჯის მონასტერი","highway":"secondary"},"geometry":{"type":"LineString","coordinates":[[45.3151697,41.471995],[45.3391226,41.4626925],[45.3642387,41.4565094],[45.3750608,41.4496393]]}},{"type":"Feature","properties":{"road_class":"secondary","name":"საგარეჯო-უდაბნო-დავით გარეჯის მონასტერი","highway":"secondary"},"geometry":{"type":"LineString","coordinates":[[45.3178758,41.4720253],[45.3151697,41.471995]]}},{"type":"Feature","properties":{"road_class":"secondary","highway":"secondary"},"geometry":{"type":"LineString","coordinates":[[49.5947951,40.2389692],[49.596276,40.2404009]]}},{"type":"Feature","properties":{"road_class":"secondary","highway":"secondary"},"geometry":{"type":"LineString","coordinates":[[48.8748331,38.5164162],[48.874243,38.5193612],[48.8763967,38.5257412],[48.8756982,38.5380919],[48.871929,38.5538876],[48.8737035,38.5617283],[48.8732419,38.5801224],[48.8725708,38.5905299],[48.8698653,38.597992]]}},{"type":"Feature","properties":{"road_class":"secondary","highway":"secondary"},"geometry":{"type":"LineString","coordinates":[[48.8750069,38.5154532],[48.8748331,38.5164162]]}},{"type":"Feature","properties":{"road_class":"secondary","highway":"secondary"},"geometry":{"type":"LineString","coordinates":[[49.7447287,40.3214483],[49.7441836,40.3219444]]}},{"type":"Feature","properties":{"road_class":"secondary","highway":"secondary"},"geometry":{"type":"LineString","coordinates":[[49.7432587,40.3220683],[49.7439416,40.3218673]]}},{"type":"Feature","properties":{"road_class":"secondary","highway":"secondary"},"geometry":{"type":"LineString","coordinates":[[49.9788261,40.3596765],[49.9782892,40.3582032]]}},{"type":"Feature","properties":{"road_class":"secondary","highway":"secondary"},"geometry":{"type":"LineString","coordinates":[[49.7726866,40.4420379],[49.7728702,40.4427748]]}},{"type":"Feature","properties":{"road_class":"secondary","highway":"secondary"},"geometry":{"type":"LineString","coordinates":[[49.8145318,40.4360417],[49.8142921,40.4361547]]}},{"type":"Feature","properties":{"road_class":"secondary","highway":"secondary"},"geometry":{"type":"LineString","coordinates":[[49.839239,40.42659],[49.838847,40.426827]]}},{"type":"Feature","properties":{"road_class":"secondary","highway":"secondary"},"geometry":{"type":"LineString","coordinates":[[46.3068456,41.4844654],[46.319437,41.480958],[46.3307592,41.4820183],[46.3509492,41.4752442],[46.3703493,41.4760381],[46.3920102,41.4671472],[46.4057107,41.4657749],[46.4051449,41.4627009]]}},{"type":"Feature","properties":{"road_class":"secondary","highway":"secondary"},"geometry":{"type":"LineString","coordinates":[[45.3519475,41.0907225],[45.3518368,41.0918811]]}},{"type":"Feature","properties":{"road_class":"secondary","highway":"secondary"},"geometry":{"type":"LineString","coordinates":[[45.617965,40.9799959],[45.6181085,40.9799694]]}},{"type":"Feature","properties":{"road_class":"secondary","highway":"secondary"},"geometry":{"type":"LineString","coordinates":[[49.8134978,40.406204],[49.8121411,40.4071939]]}},{"type":"Feature","properties":{"road_class":"secondary","highway":"secondary"},"geometry":{"type":"LineString","coordinates":[[48.271033,41.5062634],[48.2764658,41.5077377],[48.277595,41.5062372],[48.2805052,41.5079084],[48.2853225,41.5067133],[48.2868803,41.5053696],[48.2868776,41.5010812],[48.2944581,41.4980936],[48.2935783,41.4955081],[48.3119541,41.497043],[48.3083437,41.4934416],[48.3169001,41.4899007],[48.3147731,41.484106],[48.3200196,41.4851951],[48.3274897,41.4895224],[48.3385965,41.4770026],[48.3408441,41.4714841]]}},{"type":"Feature","properties":{"road_class":"secondary","highway":"secondary"},"geometry":{"type":"LineString","coordinates":[[49.6709592,40.5963977],[49.6711517,40.5962229],[49.6713539,40.5963623],[49.6711704,40.5965244],[49.6709592,40.5963977]]}},{"type":"Feature","properties":{"road_class":"secondary","highway":"secondary"},"geometry":{"type":"LineString","coordinates":[[49.9214061,40.4155584],[49.9200161,40.4167864]]}},{"type":"Feature","properties":{"road_class":"secondary","highway":"secondary"},"geometry":{"type":"LineString","coordinates":[[49.919918,40.4166946],[49.9206335,40.4152648]]}},{"type":"Feature","properties":{"road_class":"secondary","highway":"secondary"},"geometry":{"type":"LineString","coordinates":[[49.9206335,40.4152648],[49.9206321,40.4151272]]}},{"type":"Feature","properties":{"road_class":"secondary","highway":"secondary"},"geometry":{"type":"LineString","coordinates":[[49.6805209,40.5797828],[49.6808858,40.5800621]]}},{"type":"Feature","properties":{"road_class":"secondary","highway":"secondary"},"geometry":{"type":"LineString","coordinates":[[49.6927627,40.5742723],[49.692881,40.5737006]]}},{"type":"Feature","properties":{"road_class":"secondary","highway":"secondary"},"geometry":{"type":"LineString","coordinates":[[49.6852966,40.5782],[49.6855906,40.5785176]]}},{"type":"Feature","properties":{"road_class":"secondary","highway":"secondary"},"geometry":{"type":"LineString","coordinates":[[49.9657059,40.3950433],[49.965696,40.395144]]}},{"type":"Feature","properties":{"road_class":"secondary","highway":"secondary"},"geometry":{"type":"LineString","coordinates":[[49.96467,40.3821893],[49.9648438,40.382409]]}},{"type":"Feature","properties":{"road_class":"secondary","highway":"secondary"},"geometry":{"type":"LineString","coordinates":[[49.9647598,40.3828721],[49.9646247,40.3835022]]}},{"type":"Feature","properties":{"road_class":"secondary","highway":"secondary"},"geometry":{"type":"LineString","coordinates":[[49.9646247,40.3835022],[49.9643776,40.3829455]]}},{"type":"Feature","properties":{"road_class":"secondary","highway":"secondary"},"geometry":{"type":"LineString","coordinates":[[49.9291113,40.4038402],[49.9294586,40.4036528]]}},{"type":"Feature","properties":{"road_class":"secondary","highway":"secondary"},"geometry":{"type":"LineString","coordinates":[[49.8063368,40.4043176],[49.8072301,40.4035024]]}},{"type":"Feature","properties":{"road_class":"secondary","highway":"secondary"},"geometry":{"type":"LineString","coordinates":[[49.8782757,40.3789425],[49.8776132,40.3792296]]}},{"type":"Feature","properties":{"road_class":"secondary","highway":"secondary"},"geometry":{"type":"LineString","coordinates":[[49.9543264,40.4311007],[49.9541905,40.4309249]]}},{"type":"Feature","properties":{"road_class":"secondary","highway":"secondary"},"geometry":{"type":"LineString","coordinates":[[49.9519855,40.4134165],[49.9515313,40.4136315]]}},{"type":"Feature","properties":{"road_class":"secondary","highway":"secondary"},"geometry":{"type":"LineString","coordinates":[[49.9687722,40.3544313],[49.968849,40.3539264]]}},{"type":"Feature","properties":{"road_class":"secondary","highway":"secondary"},"geometry":{"type":"LineString","coordinates":[[49.9549254,40.4345137],[49.9554627,40.4343173]]}},{"type":"Feature","properties":{"road_class":"secondary","highway":"secondary"},"geometry":{"type":"LineString","coordinates":[[49.9538134,40.4349185],[49.9549254,40.4345137]]}},{"type":"Feature","properties":{"road_class":"secondary","highway":"secondary"},"geometry":{"type":"LineString","coordinates":[[49.9744445,40.3842855],[49.9746847,40.3855467]]}},{"type":"Feature","properties":{"road_class":"secondary","highway":"secondary"},"geometry":{"type":"LineString","coordinates":[[49.9760796,40.3891294],[49.9759896,40.3897614]]}},{"type":"Feature","properties":{"road_class":"secondary","highway":"secondary"},"geometry":{"type":"LineString","coordinates":[[49.8695972,40.4023956],[49.8693568,40.402423]]}},{"type":"Feature","properties":{"road_class":"secondary","highway":"secondary"},"geometry":{"type":"LineString","coordinates":[[49.818119,40.4009663],[49.8193944,40.402298]]}},{"type":"Feature","properties":{"road_class":"secondary","highway":"secondary"},"geometry":{"type":"LineString","coordinates":[[49.8036306,40.4112485],[49.8032379,40.4118762]]}},{"type":"Feature","properties":{"road_class":"secondary","highway":"secondary"},"geometry":{"type":"LineString","coordinates":[[49.8013943,40.415098],[49.8030176,40.4186702]]}},{"type":"Feature","properties":{"road_class":"secondary","highway":"secondary"},"geometry":{"type":"LineString","coordinates":[[49.8145543,40.3972408],[49.8147839,40.3974749]]}},{"type":"Feature","properties":{"road_class":"secondary","highway":"secondary"},"geometry":{"type":"LineString","coordinates":[[49.8138449,40.3973371],[49.8139033,40.3970472]]}},{"type":"Feature","properties":{"road_class":"secondary","highway":"secondary"},"geometry":{"type":"LineString","coordinates":[[49.8190416,40.4024693],[49.8189852,40.402409]]}},{"type":"Feature","properties":{"road_class":"secondary","highway":"secondary"},"geometry":{"type":"LineString","coordinates":[[49.8584429,40.4160659],[49.8582044,40.4159771]]}},{"type":"Feature","properties":{"road_class":"secondary","highway":"secondary"},"geometry":{"type":"LineString","coordinates":[[49.8458164,40.4134406],[49.8451863,40.4130257]]}},{"type":"Feature","properties":{"road_class":"secondary","highway":"secondary"},"geometry":{"type":"LineString","coordinates":[[49.8354387,40.4135332],[49.8348758,40.4114683]]}},{"type":"Feature","properties":{"road_class":"secondary","highway":"secondary"},"geometry":{"type":"LineString","coordinates":[[49.8234449,40.4063764],[49.8242173,40.4072955]]}},{"type":"Feature","properties":{"road_class":"secondary","highway":"secondary"},"geometry":{"type":"LineString","coordinates":[[49.8918666,40.4276355],[49.8961685,40.4156437]]}},{"type":"Feature","properties":{"road_class":"secondary","highway":"secondary"},"geometry":{"type":"LineString","coordinates":[[48.6229278,39.4753576],[48.6178647,39.4737427],[48.6014695,39.461342],[48.5555407,39.4618441],[48.5462704,39.4548876]]}},{"type":"Feature","properties":{"road_class":"secondary","highway":"secondary"},"geometry":{"type":"LineString","coordinates":[[48.6229278,39.4753576],[48.6252287,39.4759946]]}},{"type":"Feature","properties":{"road_class":"secondary","highway":"secondary"},"geometry":{"type":"LineString","coordinates":[[46.6548972,41.6279654],[46.6538777,41.6291233]]}},{"type":"Feature","properties":{"road_class":"secondary","highway":"secondary"},"geometry":{"type":"LineString","coordinates":[[47.1676634,41.2066776],[47.1689623,41.2062878]]}},{"type":"Feature","properties":{"road_class":"secondary","highway":"secondary"},"geometry":{"type":"LineString","coordinates":[[47.178888,41.2038791],[47.1785392,41.2030636]]}},{"type":"Feature","properties":{"road_class":"secondary","highway":"secondary"},"geometry":{"type":"LineString","coordinates":[[49.8183359,40.406836],[49.8196415,40.4071042]]}},{"type":"Feature","properties":{"road_class":"secondary","highway":"secondary"},"geometry":{"type":"LineString","coordinates":[[49.8511699,40.3862998],[49.8513413,40.3861452]]}},{"type":"Feature","properties":{"road_class":"secondary","highway":"secondary"},"geometry":{"type":"LineString","coordinates":[[49.871642,40.3964878],[49.8718492,40.3966132]]}},{"type":"Feature","properties":{"road_class":"secondary","highway":"secondary"},"geometry":{"type":"LineString","coordinates":[[49.9114814,40.4187793],[49.8981335,40.4124895]]}},{"type":"Feature","properties":{"road_class":"secondary","highway":"secondary"},"geometry":{"type":"LineString","coordinates":[[49.8824406,40.4027419],[49.8838675,40.403634]]}},{"type":"Feature","properties":{"road_class":"secondary","highway":"secondary"},"geometry":{"type":"LineString","coordinates":[[48.9019811,41.2613529],[48.9038819,41.2668921]]}},{"type":"Feature","properties":{"road_class":"secondary","highway":"secondary"},"geometry":{"type":"LineString","coordinates":[[49.9561262,40.4342727],[49.9554627,40.4343173]]}},{"type":"Feature","properties":{"road_class":"secondary","highway":"secondary"},"geometry":{"type":"LineString","coordinates":[[49.8695972,40.4023956],[49.8694214,40.4022786]]}},{"type":"Feature","properties":{"road_class":"secondary","highway":"secondary"},"geometry":{"type":"LineString","coordinates":[[47.3873592,39.503002],[47.3885636,39.4987412],[47.381828,39.4852943],[47.3658662,39.471975]]}},{"type":"Feature","properties":{"road_class":"secondary","highway":"secondary"},"geometry":{"type":"LineString","coordinates":[[49.8815626,40.4022689],[49.8824406,40.4027419]]}},{"type":"Feature","properties":{"road_class":"secondary","highway":"secondary"},"geometry":{"type":"LineString","coordinates":[[49.881295,40.4027119],[49.87865,40.4011596]]}},{"type":"Feature","properties":{"road_class":"secondary","highway":"secondary"},"geometry":{"type":"LineString","coordinates":[[49.8820398,40.4031484],[49.881295,40.4027119]]}},{"type":"Feature","properties":{"road_class":"secondary","highway":"secondary"},"geometry":{"type":"LineString","coordinates":[[48.6250469,39.4764084],[48.6229278,39.4753576]]}},{"type":"Feature","properties":{"road_class":"secondary","highway":"secondary"},"geometry":{"type":"LineString","coordinates":[[45.4085163,39.2086431],[45.4087807,39.208925]]}},{"type":"Feature","properties":{"road_class":"secondary","highway":"secondary"},"geometry":{"type":"LineString","coordinates":[[45.411529,39.2143389],[45.4108356,39.2125452]]}},{"type":"Feature","properties":{"road_class":"secondary","highway":"secondary"},"geometry":{"type":"LineString","coordinates":[[45.4290312,39.1908723],[45.4279245,39.1908489],[45.427765,39.1802577]]}},{"type":"Feature","properties":{"road_class":"secondary","highway":"secondary"},"geometry":{"type":"LineString","coordinates":[[45.4415014,39.2042487],[45.443876,39.2167923]]}},{"type":"Feature","properties":{"road_class":"secondary","highway":"secondary"},"geometry":{"type":"LineString","coordinates":[[45.4102277,39.183169],[45.4105109,39.1903386]]}},{"type":"Feature","properties":{"road_class":"secondary","highway":"secondary"},"geometry":{"type":"LineString","coordinates":[[45.4273032,39.1959082],[45.428172,39.1954276]]}},{"type":"Feature","properties":{"road_class":"secondary","highway":"secondary"},"geometry":{"type":"LineString","coordinates":[[45.4105109,39.1903386],[45.4101001,39.1947763]]}},{"type":"Feature","properties":{"road_class":"secondary","highway":"secondary"},"geometry":{"type":"LineString","coordinates":[[45.3866031,39.1872155],[45.3808143,39.1868048],[45.3762818,39.1843245]]}},{"type":"Feature","properties":{"road_class":"secondary","highway":"secondary"},"geometry":{"type":"LineString","coordinates":[[45.386824,39.1872149],[45.3866031,39.1872155]]}},{"type":"Feature","properties":{"road_class":"secondary","highway":"secondary"},"geometry":{"type":"LineString","coordinates":[[45.3996855,39.1954715],[45.386824,39.1872149]]}},{"type":"Feature","properties":{"road_class":"secondary","highway":"secondary"},"geometry":{"type":"LineString","coordinates":[[49.834839,40.3930853],[49.8346857,40.3930501]]}},{"type":"Feature","properties":{"road_class":"secondary","highway":"secondary"},"geometry":{"type":"LineString","coordinates":[[48.6977582,39.0210748],[48.6832579,39.0199117],[48.6700394,39.0225858],[48.666136,39.0259702]]}},{"type":"Feature","properties":{"road_class":"secondary","highway":"secondary"},"geometry":{"type":"LineString","coordinates":[[49.6085346,40.6133732],[49.6078222,40.6136121]]}},{"type":"Feature","properties":{"road_class":"secondary","highway":"secondary"},"geometry":{"type":"LineString","coordinates":[[46.8682034,39.9762263],[46.8699887,39.9762008]]}},{"type":"Feature","properties":{"road_class":"secondary","highway":"secondary"},"geometry":{"type":"LineString","coordinates":[[49.6877281,40.5230643],[49.6879867,40.5234355]]}},{"type":"Feature","properties":{"road_class":"secondary","highway":"secondary"},"geometry":{"type":"LineString","coordinates":[[49.6879867,40.5234355],[49.687433,40.5233838]]}},{"type":"Feature","properties":{"road_class":"secondary","highway":"secondary"},"geometry":{"type":"LineString","coordinates":[[46.7305366,39.8727869],[46.7300903,39.8724462]]}},{"type":"Feature","properties":{"road_class":"secondary","highway":"secondary"},"geometry":{"type":"LineString","coordinates":[[46.7305366,39.8727869],[46.7333399,39.877002]]}},{"type":"Feature","properties":{"road_class":"secondary","highway":"secondary"},"geometry":{"type":"LineString","coordinates":[[47.7747853,40.6047352],[47.7778968,40.6046254],[47.7803242,40.5974132],[47.7864209,40.5900525],[47.7986162,40.5865004],[47.8078786,40.5781136],[47.8221543,40.5706797]]}},{"type":"Feature","properties":{"road_class":"secondary","highway":"secondary"},"geometry":{"type":"LineString","coordinates":[[49.8334624,40.3967241],[49.8333634,40.3966185]]}},{"type":"Feature","properties":{"road_class":"secondary","highway":"secondary"},"geometry":{"type":"LineString","coordinates":[[49.8692021,40.4023306],[49.8692036,40.4021171]]}},{"type":"Feature","properties":{"road_class":"secondary","highway":"secondary"},"geometry":{"type":"LineString","coordinates":[[48.3624127,39.9380023],[48.3620855,39.9392404]]}},{"type":"Feature","properties":{"road_class":"secondary","highway":"secondary"},"geometry":{"type":"LineString","coordinates":[[49.9598846,40.4125474],[49.9594087,40.412554]]}},{"type":"Feature","properties":{"road_class":"secondary","highway":"secondary"},"geometry":{"type":"LineString","coordinates":[[49.9587104,40.412344],[49.959613,40.4122908]]}},{"type":"Feature","properties":{"road_class":"secondary","highway":"secondary"},"geometry":{"type":"LineString","coordinates":[[49.9760796,40.3891294],[49.9757661,40.38918]]}},{"type":"Feature","properties":{"road_class":"secondary","highway":"secondary"},"geometry":{"type":"LineString","coordinates":[[49.8185882,40.3296967],[49.8180986,40.328302]]}},{"type":"Feature","properties":{"road_class":"secondary","highway":"secondary"},"geometry":{"type":"LineString","coordinates":[[49.8188839,40.328934],[49.8189843,40.3296494]]}},{"type":"Feature","properties":{"road_class":"secondary","highway":"secondary"},"geometry":{"type":"LineString","coordinates":[[49.8185882,40.3296967],[49.8188839,40.328934]]}},{"type":"Feature","properties":{"road_class":"secondary","highway":"secondary"},"geometry":{"type":"LineString","coordinates":[[49.9518104,40.3954577],[49.9430483,40.3954051]]}},{"type":"Feature","properties":{"road_class":"secondary","highway":"secondary"},"geometry":{"type":"LineString","coordinates":[[49.9545689,40.3953348],[49.9538844,40.3958594]]}},{"type":"Feature","properties":{"road_class":"secondary","highway":"secondary"},"geometry":{"type":"LineString","coordinates":[[49.773961,40.3353003],[49.7739324,40.3352879]]}},{"type":"Feature","properties":{"road_class":"secondary","highway":"secondary"},"geometry":{"type":"LineString","coordinates":[[49.7767128,40.3375228],[49.7739324,40.3352879]]}},{"type":"Feature","properties":{"road_class":"secondary","highway":"secondary"},"geometry":{"type":"LineString","coordinates":[[49.7975226,40.4115655],[49.8001392,40.4142421],[49.801905,40.4132174]]}},{"type":"Feature","properties":{"road_class":"secondary","highway":"secondary"},"geometry":{"type":"LineString","coordinates":[[49.8270415,40.3634363],[49.8265193,40.3636757]]}},{"type":"Feature","properties":{"road_class":"secondary","highway":"secondary"},"geometry":{"type":"LineString","coordinates":[[49.7908992,40.3740701],[49.7905336,40.3738047]]}},{"type":"Feature","properties":{"road_class":"secondary","highway":"secondary"},"geometry":{"type":"LineString","coordinates":[[49.8180986,40.328302],[49.8192536,40.3276553]]}},{"type":"Feature","properties":{"road_class":"secondary","highway":"secondary"},"geometry":{"type":"LineString","coordinates":[[49.8429139,40.36933],[49.843251,40.3704894]]}},{"type":"Feature","properties":{"road_class":"secondary","highway":"secondary"},"geometry":{"type":"LineString","coordinates":[[49.9971722,40.3946057],[49.9976094,40.3938999]]}},{"type":"Feature","properties":{"road_class":"secondary","highway":"secondary"},"geometry":{"type":"LineString","coordinates":[[49.9982479,40.3961067],[49.9964343,40.3950744]]}},{"type":"Feature","properties":{"road_class":"secondary","highway":"secondary"},"geometry":{"type":"LineString","coordinates":[[49.8717338,40.3888537],[49.8720691,40.3888681]]}},{"type":"Feature","properties":{"road_class":"secondary","highway":"secondary"},"geometry":{"type":"LineString","coordinates":[[49.8799253,40.3887748],[49.875855,40.3890925]]}},{"type":"Feature","properties":{"road_class":"secondary","highway":"secondary"},"geometry":{"type":"LineString","coordinates":[[49.8754218,40.3888083],[49.8758149,40.3883587]]}},{"type":"Feature","properties":{"road_class":"secondary","highway":"secondary"},"geometry":{"type":"LineString","coordinates":[[49.8362157,40.3889898],[49.8362404,40.3889246]]}},{"type":"Feature","properties":{"road_class":"secondary","highway":"secondary"},"geometry":{"type":"LineString","coordinates":[[49.8358618,40.4067973],[49.8358347,40.4069802]]}},{"type":"Feature","properties":{"road_class":"secondary","highway":"secondary"},"geometry":{"type":"LineString","coordinates":[[49.8032379,40.4118762],[49.8029518,40.4124285]]}},{"type":"Feature","properties":{"road_class":"secondary","highway":"secondary"},"geometry":{"type":"LineString","coordinates":[[49.9523404,40.4354612],[49.9538134,40.4349185]]}},{"type":"Feature","properties":{"road_class":"secondary","highway":"secondary"},"geometry":{"type":"LineString","coordinates":[[49.9559144,40.43401],[49.955864,40.4332461]]}},{"type":"Feature","properties":{"road_class":"secondary","highway":"secondary"},"geometry":{"type":"LineString","coordinates":[[49.9597742,40.4125973],[49.9593391,40.4129909]]}},{"type":"Feature","properties":{"road_class":"secondary","highway":"secondary"},"geometry":{"type":"LineString","coordinates":[[49.9593391,40.4129909],[49.9594087,40.412554]]}},{"type":"Feature","properties":{"road_class":"secondary","highway":"secondary"},"geometry":{"type":"LineString","coordinates":[[49.9594087,40.412554],[49.9587104,40.412344]]}},{"type":"Feature","properties":{"road_class":"secondary","highway":"secondary"},"geometry":{"type":"LineString","coordinates":[[49.9782892,40.3582032],[49.9784526,40.3577594]]}},{"type":"Feature","properties":{"road_class":"secondary","highway":"secondary"},"geometry":{"type":"LineString","coordinates":[[49.956694,40.3534255],[49.9567997,40.3535964]]}},{"type":"Feature","properties":{"road_class":"secondary","highway":"secondary"},"geometry":{"type":"LineString","coordinates":[[49.9183261,40.4189106],[49.9176934,40.421066]]}},{"type":"Feature","properties":{"road_class":"secondary","highway":"secondary"},"geometry":{"type":"LineString","coordinates":[[49.9151569,40.420076],[49.9169741,40.4202527]]}},{"type":"Feature","properties":{"road_class":"secondary","highway":"secondary"},"geometry":{"type":"LineString","coordinates":[[49.9182101,40.4188551],[49.919918,40.4166946]]}},{"type":"Feature","properties":{"road_class":"secondary","highway":"secondary"},"geometry":{"type":"LineString","coordinates":[[49.9200161,40.4167864],[49.9183261,40.4189106]]}},{"type":"Feature","properties":{"road_class":"secondary","highway":"secondary"},"geometry":{"type":"LineString","coordinates":[[49.9398071,40.3951549],[49.9402425,40.394831]]}},{"type":"Feature","properties":{"road_class":"secondary","highway":"secondary"},"geometry":{"type":"LineString","coordinates":[[49.9404424,40.3948433],[49.9406412,40.394887]]}},{"type":"Feature","properties":{"road_class":"secondary","highway":"secondary"},"geometry":{"type":"LineString","coordinates":[[49.9294586,40.4036528],[49.9300397,40.4031479]]}},{"type":"Feature","properties":{"road_class":"secondary","highway":"secondary"},"geometry":{"type":"LineString","coordinates":[[49.8758149,40.3883587],[49.8758905,40.3887973]]}},{"type":"Feature","properties":{"road_class":"secondary","highway":"secondary"},"geometry":{"type":"LineString","coordinates":[[49.8685117,40.3945811],[49.8694595,40.3951966]]}},{"type":"Feature","properties":{"road_class":"secondary","highway":"secondary"},"geometry":{"type":"LineString","coordinates":[[49.9551047,40.3949531],[49.955218,40.3949506]]}},{"type":"Feature","properties":{"road_class":"secondary","highway":"secondary"},"geometry":{"type":"LineString","coordinates":[[49.9650778,40.3954127],[49.9580875,40.3953829]]}},{"type":"Feature","properties":{"road_class":"secondary","highway":"secondary"},"geometry":{"type":"LineString","coordinates":[[49.9407185,40.3957714],[49.9402293,40.395994]]}},{"type":"Feature","properties":{"road_class":"secondary","highway":"secondary"},"geometry":{"type":"LineString","coordinates":[[46.7392218,40.2411905],[46.73327,40.238006],[46.730099,40.229097],[46.7249191,40.2285065],[46.722309,40.232068],[46.717804,40.229553],[46.708148,40.233557],[46.700058,40.232084],[46.7000908,40.2287537],[46.697,40.229857],[46.692789,40.226171],[46.683931,40.224802],[46.675256,40.216327],[46.6749242,40.2136533],[46.6715807,40.2145655],[46.671662,40.212911],[46.664861,40.210263],[46.66607,40.202938],[46.660757,40.205612],[46.6577769,40.2043635]]}},{"type":"Feature","properties":{"road_class":"secondary","highway":"secondary"},"geometry":{"type":"LineString","coordinates":[[49.7905336,40.3738047],[49.791431,40.3710425]]}},{"type":"Feature","properties":{"road_class":"secondary","highway":"secondary"},"geometry":{"type":"LineString","coordinates":[[49.7943012,40.4065281],[49.7975226,40.4115655]]}},{"type":"Feature","properties":{"road_class":"secondary","highway":"secondary"},"geometry":{"type":"LineString","coordinates":[[49.7874296,40.3954891],[49.7943012,40.4065281]]}},{"type":"Feature","properties":{"road_class":"secondary","highway":"secondary"},"geometry":{"type":"LineString","coordinates":[[49.7903572,40.3765508],[49.7893702,40.3791856]]}},{"type":"Feature","properties":{"road_class":"secondary","highway":"secondary"},"geometry":{"type":"LineString","coordinates":[[49.8256435,40.3654322],[49.8260351,40.3649877]]}},{"type":"Feature","properties":{"road_class":"secondary","highway":"secondary"},"geometry":{"type":"LineString","coordinates":[[49.8648505,40.4089773],[49.8644626,40.4089157]]}},{"type":"Feature","properties":{"road_class":"secondary","highway":"secondary"},"geometry":{"type":"LineString","coordinates":[[49.8646118,40.4087104],[49.8648505,40.4089773]]}},{"type":"Feature","properties":{"road_class":"secondary","highway":"secondary"},"geometry":{"type":"LineString","coordinates":[[48.3399412,41.5611351],[48.3611994,41.5682896],[48.3691522,41.5683795],[48.3755921,41.5727243],[48.3774455,41.5757393]]}},{"type":"Feature","properties":{"road_class":"secondary","highway":"secondary"},"geometry":{"type":"LineString","coordinates":[[49.807255,40.3798543],[49.8072795,40.3795727]]}},{"type":"Feature","properties":{"road_class":"secondary","highway":"secondary"},"geometry":{"type":"LineString","coordinates":[[49.9536814,40.3876956],[49.9534257,40.3874079]]}},{"type":"Feature","properties":{"road_class":"secondary","highway":"secondary"},"geometry":{"type":"LineString","coordinates":[[49.938233,40.3691756],[49.938262,40.3692362]]}},{"type":"Feature","properties":{"road_class":"secondary","highway":"secondary"},"geometry":{"type":"LineString","coordinates":[[46.8699887,39.9762008],[46.8704416,39.9761995]]}},{"type":"Feature","properties":{"road_class":"secondary","highway":"secondary"},"geometry":{"type":"LineString","coordinates":[[46.899569,39.9752453],[46.9084683,39.981109]]}},{"type":"Feature","properties":{"road_class":"secondary","highway":"secondary"},"geometry":{"type":"LineString","coordinates":[[46.8993654,39.9750789],[46.899569,39.9752453]]}},{"type":"Feature","properties":{"road_class":"secondary","highway":"secondary"},"geometry":{"type":"LineString","coordinates":[[46.8704416,39.9761995],[46.8993654,39.9750789]]}},{"type":"Feature","properties":{"road_class":"secondary","highway":"secondary"},"geometry":{"type":"LineString","coordinates":[[47.0264912,40.1280968],[47.02835,40.1247166],[47.0371225,40.1176241]]}},{"type":"Feature","properties":{"road_class":"secondary","highway":"secondary"},"geometry":{"type":"LineString","coordinates":[[47.0167525,40.134602],[47.0132049,40.1367648]]}},{"type":"Feature","properties":{"road_class":"secondary","highway":"secondary"},"geometry":{"type":"LineString","coordinates":[[47.0167525,40.134602],[47.0264912,40.1280968]]}},{"type":"Feature","properties":{"road_class":"secondary","highway":"secondary"},"geometry":{"type":"LineString","coordinates":[[46.4051476,41.4625864],[46.408717,41.4609952],[46.4167938,41.4531326],[46.4361854,41.4454668]]}},{"type":"Feature","properties":{"road_class":"secondary","highway":"secondary"},"geometry":{"type":"LineString","coordinates":[[49.6979032,40.5604486],[49.6987809,40.5654615]]}},{"type":"Feature","properties":{"road_class":"secondary","highway":"secondary"},"geometry":{"type":"LineString","coordinates":[[49.8137206,40.4056288],[49.8140972,40.405475]]}},{"type":"Feature","properties":{"road_class":"secondary","highway":"secondary"},"geometry":{"type":"LineString","coordinates":[[49.8325821,40.3986468],[49.8326128,40.3985713]]}},{"type":"Feature","properties":{"road_class":"secondary","highway":"secondary"},"geometry":{"type":"LineString","coordinates":[[45.0269643,39.5734442],[45.0104292,39.5627278],[44.9917295,39.5612739]]}},{"type":"Feature","properties":{"road_class":"secondary","highway":"secondary"},"geometry":{"type":"LineString","coordinates":[[49.8186143,40.3300841],[49.8185882,40.3296967]]}},{"type":"Feature","properties":{"road_class":"secondary","highway":"secondary"},"geometry":{"type":"LineString","coordinates":[[45.6172487,38.9569311],[45.6191375,38.9553572],[45.6411244,38.9564367],[45.6430529,38.9557233],[45.6424546,38.9547634]]}},{"type":"Feature","properties":{"road_class":"secondary","highway":"secondary"},"geometry":{"type":"LineString","coordinates":[[45.6172005,38.9573653],[45.6172487,38.9569311]]}},{"type":"Feature","properties":{"road_class":"secondary","highway":"secondary"},"geometry":{"type":"LineString","coordinates":[[45.6176023,38.9749644],[45.6172005,38.9573653]]}},{"type":"Feature","properties":{"road_class":"secondary","highway":"secondary"},"geometry":{"type":"LineString","coordinates":[[47.0471258,40.7603987],[47.0465621,40.7608195],[47.0459894,40.7604125],[47.0465273,40.7599585],[47.0471258,40.7603987]]}},{"type":"Feature","properties":{"road_class":"secondary","highway":"secondary"},"geometry":{"type":"LineString","coordinates":[[47.0117268,40.77048],[47.0135939,40.768098]]}},{"type":"Feature","properties":{"road_class":"secondary","highway":"secondary"},"geometry":{"type":"LineString","coordinates":[[47.0410715,40.7760336],[47.0410316,40.7753939]]}},{"type":"Feature","properties":{"road_class":"secondary","highway":"secondary"},"geometry":{"type":"LineString","coordinates":[[47.0411723,40.7747448],[47.0412246,40.7751915]]}},{"type":"Feature","properties":{"road_class":"secondary","highway":"secondary"},"geometry":{"type":"LineString","coordinates":[[48.8252389,38.7784399],[48.8255323,38.7781691]]}},{"type":"Feature","properties":{"road_class":"secondary","highway":"secondary"},"geometry":{"type":"LineString","coordinates":[[48.8409251,38.7706269],[48.841391,38.7699328]]}},{"type":"Feature","properties":{"road_class":"secondary","highway":"secondary"},"geometry":{"type":"LineString","coordinates":[[48.841391,38.7699328],[48.8411691,38.7707028]]}},{"type":"Feature","properties":{"road_class":"secondary","highway":"secondary"},"geometry":{"type":"LineString","coordinates":[[48.8256372,38.77831],[48.8252389,38.7784399]]}},{"type":"Feature","properties":{"road_class":"secondary","highway":"secondary"},"geometry":{"type":"LineString","coordinates":[[48.4139699,39.9909415],[48.4178236,39.9954023],[48.4373262,40.009136]]}},{"type":"Feature","properties":{"road_class":"secondary","highway":"secondary"},"geometry":{"type":"LineString","coordinates":[[48.9279938,39.9358061],[48.9278609,39.9359716],[48.9276823,39.9358722],[48.9277981,39.9357284],[48.9279938,39.9358061]]}},{"type":"Feature","properties":{"road_class":"secondary","highway":"secondary"},"geometry":{"type":"LineString","coordinates":[[48.4524695,39.9976348],[48.4511125,40.0031075],[48.4402736,40.0070594]]}},{"type":"Feature","properties":{"road_class":"secondary","highway":"secondary"},"geometry":{"type":"LineString","coordinates":[[48.4387265,40.0081003],[48.4396584,40.0074204]]}},{"type":"Feature","properties":{"road_class":"secondary","highway":"secondary"},"geometry":{"type":"LineString","coordinates":[[48.4631017,39.9904717],[48.4628163,39.9905325]]}},{"type":"Feature","properties":{"road_class":"secondary","highway":"secondary"},"geometry":{"type":"LineString","coordinates":[[48.9292643,39.9380396],[48.9286721,39.9385186]]}},{"type":"Feature","properties":{"road_class":"secondary","highway":"secondary"},"geometry":{"type":"LineString","coordinates":[[48.9285366,39.9380595],[48.9292643,39.9380396]]}},{"type":"Feature","properties":{"road_class":"secondary","highway":"secondary"},"geometry":{"type":"LineString","coordinates":[[48.9279231,39.9383045],[48.9278461,39.935724]]}},{"type":"Feature","properties":{"road_class":"secondary","highway":"secondary"},"geometry":{"type":"LineString","coordinates":[[48.9280032,39.9358424],[48.9286976,39.9381847]]}},{"type":"Feature","properties":{"road_class":"secondary","highway":"secondary"},"geometry":{"type":"LineString","coordinates":[[48.4628163,39.9905325],[48.4630502,39.9903764]]}},{"type":"Feature","properties":{"road_class":"secondary","highway":"secondary"},"geometry":{"type":"LineString","coordinates":[[48.4373262,40.009136],[48.4387265,40.0081003]]}},{"type":"Feature","properties":{"road_class":"secondary","highway":"secondary"},"geometry":{"type":"LineString","coordinates":[[48.9286118,39.935864],[48.9312398,39.9359622]]}},{"type":"Feature","properties":{"road_class":"secondary","highway":"secondary"},"geometry":{"type":"LineString","coordinates":[[49.0225723,39.6808033],[49.019887,39.6751023]]}},{"type":"Feature","properties":{"road_class":"secondary","highway":"secondary"},"geometry":{"type":"LineString","coordinates":[[48.9208346,39.9264816],[48.9171919,39.9219078],[48.9162545,39.9180493],[48.9229954,39.8939926],[48.9353478,39.8757786],[48.9485313,39.8352851]]}},{"type":"Feature","properties":{"road_class":"secondary","highway":"secondary"},"geometry":{"type":"LineString","coordinates":[[48.4780433,40.0200539],[48.4864393,40.0328884],[48.4903049,40.0357466],[48.4988716,40.0382541],[48.5085011,40.0363269],[48.5143986,40.0386119],[48.5171079,40.0411108],[48.5136941,40.047285],[48.5144787,40.0491011],[48.5300345,40.0615869],[48.5470332,40.0724388],[48.5576669,40.0733639],[48.5664511,40.0767623],[48.5976564,40.07188],[48.6043441,40.0704925],[48.6055516,40.0638655],[48.6140222,40.0607156],[48.623528,40.0612933],[48.6399802,40.0581578],[48.6418002,40.0552261],[48.6777557,40.034048],[48.730613,39.9982121],[48.7603929,39.9937014],[48.7673329,39.9952636],[48.8063508,39.9910056],[48.8599075,39.956334]]}},{"type":"Feature","properties":{"road_class":"secondary","highway":"secondary"},"geometry":{"type":"LineString","coordinates":[[47.1270416,40.4696502],[47.1151877,40.4720294],[47.1149056,40.4788313],[47.109435,40.4883565],[47.0951224,40.5038168],[47.0891106,40.5058733],[47.0821133,40.5124907],[47.0787328,40.5222144],[47.0633812,40.5340676],[47.0619501,40.5407777],[47.0528085,40.5431834],[47.0476913,40.5490096],[47.0297966,40.5589227],[47.0065467,40.5675835],[46.9988578,40.5681682],[46.9941531,40.576573],[46.9716626,40.5979559]]}},{"type":"Feature","properties":{"road_class":"secondary","highway":"secondary"},"geometry":{"type":"LineString","coordinates":[[47.3493093,40.3756211],[47.3403775,40.3870903],[47.3180884,40.4076878],[47.3163535,40.4133153],[47.3092441,40.416555],[47.2829538,40.4440134],[47.2766203,40.44843]]}},{"type":"Feature","properties":{"road_class":"secondary","highway":"secondary"},"geometry":{"type":"LineString","coordinates":[[48.4890053,41.6964422],[48.4850068,41.7017171],[48.4772614,41.706011]]}},{"type":"Feature","properties":{"road_class":"secondary","highway":"secondary"},"geometry":{"type":"LineString","coordinates":[[46.376981,40.6710874],[46.3767525,40.6712732],[46.3765079,40.6711062],[46.376758,40.6709142],[46.376981,40.6710874]]}},{"type":"Feature","properties":{"road_class":"secondary","highway":"secondary"},"geometry":{"type":"LineString","coordinates":[[48.4370321,41.4235202],[48.4379864,41.4231452]]}},{"type":"Feature","properties":{"road_class":"secondary","highway":"secondary"},"geometry":{"type":"LineString","coordinates":[[45.3473938,41.088654],[45.3469822,41.0886375]]}},{"type":"Feature","properties":{"road_class":"secondary","highway":"secondary"},"geometry":{"type":"LineString","coordinates":[[45.3470698,41.0883852],[45.3473938,41.088654]]}},{"type":"Feature","properties":{"road_class":"secondary","highway":"secondary"},"geometry":{"type":"LineString","coordinates":[[45.3518368,41.0918811],[45.3516536,41.0929776]]}},{"type":"Feature","properties":{"road_class":"secondary","highway":"secondary"},"geometry":{"type":"LineString","coordinates":[[45.4587425,41.1068397],[45.4586034,41.1070019]]}},{"type":"Feature","properties":{"road_class":"secondary","highway":"secondary"},"geometry":{"type":"LineString","coordinates":[[45.4587848,41.1066167],[45.4587425,41.1068397]]}},{"type":"Feature","properties":{"road_class":"secondary","highway":"secondary"},"geometry":{"type":"LineString","coordinates":[[48.5489175,39.441684],[48.5481853,39.4423699]]}},{"type":"Feature","properties":{"road_class":"secondary","highway":"secondary"},"geometry":{"type":"LineString","coordinates":[[46.7665124,40.2493794],[46.7656708,40.2405942],[46.7688263,40.2357066],[46.7807615,40.2245503],[46.7980321,40.2173154],[46.8004907,40.212675]]}},{"type":"Feature","properties":{"road_class":"secondary","highway":"secondary"},"geometry":{"type":"LineString","coordinates":[[49.8041682,40.4105304],[49.8040936,40.410648]]}},{"type":"Feature","properties":{"road_class":"secondary","highway":"secondary"},"geometry":{"type":"LineString","coordinates":[[49.8269538,40.3973557],[49.8269812,40.3972839]]}},{"type":"Feature","properties":{"road_class":"secondary","highway":"secondary"},"geometry":{"type":"LineString","coordinates":[[47.0402852,39.3846568],[47.0398174,39.3846641]]}},{"type":"Feature","properties":{"road_class":"secondary","highway":"secondary"},"geometry":{"type":"LineString","coordinates":[[47.8415395,40.5629799],[47.8515074,40.5569377],[47.8607529,40.5538026],[47.8672533,40.536222],[47.8736974,40.5250455]]}},{"type":"Feature","properties":{"road_class":"secondary","highway":"secondary"},"geometry":{"type":"LineString","coordinates":[[46.9317524,39.848612],[46.9358847,39.8538607],[46.9365704,39.8572057],[46.9346114,39.8654116]]}},{"type":"Feature","properties":{"road_class":"secondary","highway":"secondary"},"geometry":{"type":"LineString","coordinates":[[49.8974779,40.4125823],[49.899008,40.4109149]]}},{"type":"Feature","properties":{"road_class":"secondary","highway":"secondary"},"geometry":{"type":"LineString","coordinates":[[46.7265584,39.1691998],[46.7181265,39.1754107],[46.716198,39.1892272]]}},{"type":"Feature","properties":{"road_class":"secondary","highway":"secondary"},"geometry":{"type":"LineString","coordinates":[[49.9762099,40.3930566],[49.9762258,40.3927984]]}},{"type":"Feature","properties":{"road_class":"secondary","highway":"secondary"},"geometry":{"type":"LineString","coordinates":[[49.9733574,40.38499],[49.9744445,40.3842855]]}},{"type":"Feature","properties":{"road_class":"secondary","highway":"secondary"},"geometry":{"type":"LineString","coordinates":[[49.8136827,40.4062209],[49.8134978,40.406204]]}},{"type":"Feature","properties":{"road_class":"secondary","highway":"secondary"},"geometry":{"type":"LineString","coordinates":[[48.0365874,39.8426983],[48.0417113,39.8550407]]}},{"type":"Feature","properties":{"road_class":"secondary","highway":"secondary"},"geometry":{"type":"LineString","coordinates":[[50.0783099,40.4572677],[50.0795822,40.4613572]]}},{"type":"Feature","properties":{"road_class":"secondary","highway":"secondary"},"geometry":{"type":"LineString","coordinates":[[47.7489585,40.6492378],[47.7490439,40.6493844],[47.7488397,40.6494004],[47.7488236,40.6492832],[47.7489585,40.6492378]]}},{"type":"Feature","properties":{"road_class":"secondary","highway":"secondary"},"geometry":{"type":"LineString","coordinates":[[46.4124686,41.7258785],[46.411908,41.7258082]]}},{"type":"Feature","properties":{"road_class":"secondary","highway":"secondary"},"geometry":{"type":"LineString","coordinates":[[46.3952681,41.7214446],[46.3924268,41.7221278]]}},{"type":"Feature","properties":{"road_class":"secondary","highway":"secondary"},"geometry":{"type":"LineString","coordinates":[[46.411908,41.7258082],[46.4124324,41.7256598]]}},{"type":"Feature","properties":{"road_class":"secondary","highway":"secondary"},"geometry":{"type":"LineString","coordinates":[[48.1761898,40.0837299],[48.1603391,40.0873517],[48.1456045,40.1004067],[48.1073861,40.1161616],[48.1001815,40.1163044]]}},{"type":"Feature","properties":{"road_class":"secondary","highway":"secondary"},"geometry":{"type":"LineString","coordinates":[[48.0971314,40.1860322],[48.0909643,40.1829718],[48.088038,40.1795619],[47.9303777,40.1146466],[47.9175225,40.1127176]]}},{"type":"Feature","properties":{"road_class":"secondary","highway":"secondary"},"geometry":{"type":"LineString","coordinates":[[48.1001815,40.1163044],[48.0980721,40.1206114],[48.0999937,40.1243206]]}},{"type":"Feature","properties":{"road_class":"secondary","highway":"secondary"},"geometry":{"type":"LineString","coordinates":[[48.1529222,40.3356099],[48.1524519,40.3358651]]}},{"type":"Feature","properties":{"road_class":"secondary","highway":"secondary"},"geometry":{"type":"LineString","coordinates":[[48.1522489,40.3359183],[48.1516736,40.3359722]]}},{"type":"Feature","properties":{"road_class":"secondary","highway":"secondary"},"geometry":{"type":"LineString","coordinates":[[48.1516736,40.3359722],[48.152144,40.3357445]]}},{"type":"Feature","properties":{"road_class":"secondary","highway":"secondary"},"geometry":{"type":"LineString","coordinates":[[48.1523836,40.3356744],[48.1529222,40.3356099]]}},{"type":"Feature","properties":{"road_class":"secondary","highway":"secondary"},"geometry":{"type":"LineString","coordinates":[[48.0647242,39.8553405],[48.0407506,39.8429615],[48.0361074,39.8420637]]}},{"type":"Feature","properties":{"road_class":"secondary","highway":"secondary"},"geometry":{"type":"LineString","coordinates":[[49.7440601,40.3220409],[49.7439108,40.321889]]}},{"type":"Feature","properties":{"road_class":"secondary","highway":"secondary"},"geometry":{"type":"LineString","coordinates":[[49.7439416,40.3218673],[49.7447287,40.3214483]]}},{"type":"Feature","properties":{"road_class":"secondary","highway":"secondary"},"geometry":{"type":"LineString","coordinates":[[49.7440601,40.3220409],[49.7432587,40.3220683]]}},{"type":"Feature","properties":{"road_class":"secondary","highway":"secondary"},"geometry":{"type":"LineString","coordinates":[[46.9488103,40.3371211],[46.9485506,40.337372],[46.9482925,40.3371615],[46.9484955,40.3369759],[46.9488103,40.3371211]]}},{"type":"Feature","properties":{"road_class":"secondary","highway":"secondary"},"geometry":{"type":"LineString","coordinates":[[46.9549813,40.3446238],[46.9399432,40.3459832],[46.9310228,40.3490112]]}},{"type":"Feature","properties":{"road_class":"secondary","highway":"secondary"},"geometry":{"type":"LineString","coordinates":[[46.9482925,40.3371615],[46.9481101,40.3366913]]}},{"type":"Feature","properties":{"road_class":"secondary","highway":"secondary"},"geometry":{"type":"LineString","coordinates":[[46.9327663,40.3453615],[46.9323973,40.3455021]]}},{"type":"Feature","properties":{"road_class":"secondary","highway":"secondary"},"geometry":{"type":"LineString","coordinates":[[46.9487089,40.3373343],[46.9482741,40.3376786]]}},{"type":"Feature","properties":{"road_class":"secondary","highway":"secondary"},"geometry":{"type":"LineString","coordinates":[[46.9492754,40.3370821],[46.9487089,40.3373343]]}},{"type":"Feature","properties":{"road_class":"secondary","highway":"secondary"},"geometry":{"type":"LineString","coordinates":[[46.9481101,40.3366913],[46.948662,40.3369878]]}},{"type":"Feature","properties":{"road_class":"secondary","highway":"secondary"},"geometry":{"type":"LineString","coordinates":[[46.9324079,40.3452548],[46.9327663,40.3453615]]}},{"type":"Feature","properties":{"road_class":"secondary","highway":"secondary"},"geometry":{"type":"LineString","coordinates":[[46.9482741,40.3376786],[46.9482925,40.3371615]]}},{"type":"Feature","properties":{"road_class":"secondary","highway":"secondary"},"geometry":{"type":"LineString","coordinates":[[46.948662,40.3369878],[46.9492754,40.3370821]]}},{"type":"Feature","properties":{"road_class":"secondary","highway":"secondary"},"geometry":{"type":"LineString","coordinates":[[46.9397104,40.3315569],[46.9357844,40.3324085],[46.9313995,40.3389073]]}},{"type":"Feature","properties":{"road_class":"secondary","highway":"secondary"},"geometry":{"type":"LineString","coordinates":[[46.8465512,40.5767736],[46.837458,40.5801385],[46.8244493,40.5885717],[46.8084722,40.6032691]]}},{"type":"Feature","properties":{"road_class":"secondary","highway":"secondary"},"geometry":{"type":"LineString","coordinates":[[46.8439169,40.5241106],[46.846438,40.550347],[46.853495,40.5665351]]}},{"type":"Feature","properties":{"road_class":"secondary","highway":"secondary"},"geometry":{"type":"LineString","coordinates":[[46.830744,40.5025926],[46.8306138,40.5026179],[46.8305638,40.5025426],[46.8306948,40.5024824],[46.830744,40.5025926]]}},{"type":"Feature","properties":{"road_class":"secondary","highway":"secondary"},"geometry":{"type":"LineString","coordinates":[[46.8307204,40.502493],[46.8394376,40.5090891],[46.8439169,40.5241106]]}},{"type":"Feature","properties":{"road_class":"secondary","highway":"secondary"},"geometry":{"type":"LineString","coordinates":[[46.8439169,40.5241106],[46.8392967,40.5091284],[46.830672,40.5026267]]}},{"type":"Feature","properties":{"road_class":"secondary","highway":"secondary"},"geometry":{"type":"LineString","coordinates":[[46.8059887,40.6056239],[46.805787,40.6056941],[46.8056431,40.6055361],[46.8058837,40.6054234],[46.8059887,40.6056239]]}},{"type":"Feature","properties":{"road_class":"secondary","highway":"secondary"},"geometry":{"type":"LineString","coordinates":[[46.8002404,40.6056229],[46.805728,40.6054378]]}},{"type":"Feature","properties":{"road_class":"secondary","highway":"secondary"},"geometry":{"type":"LineString","coordinates":[[46.8084722,40.6032691],[46.8059887,40.6056239]]}},{"type":"Feature","properties":{"road_class":"secondary","highway":"secondary"},"geometry":{"type":"LineString","coordinates":[[46.9183489,41.4192141],[46.9200783,41.4163095]]}},{"type":"Feature","properties":{"road_class":"secondary","highway":"secondary"},"geometry":{"type":"LineString","coordinates":[[46.7458388,41.3898468],[46.7466498,41.3923049]]}},{"type":"Feature","properties":{"road_class":"secondary","highway":"secondary"},"geometry":{"type":"LineString","coordinates":[[46.7466498,41.3923049],[46.743056,41.3925934]]}},{"type":"Feature","properties":{"road_class":"secondary","highway":"secondary"},"geometry":{"type":"LineString","coordinates":[[46.645748,41.6329162],[46.6457498,41.6332726]]}},{"type":"Feature","properties":{"road_class":"secondary","highway":"secondary"},"geometry":{"type":"LineString","coordinates":[[46.6455119,41.6329681],[46.638634,41.6300865]]}},{"type":"Feature","properties":{"road_class":"secondary","highway":"secondary"},"geometry":{"type":"LineString","coordinates":[[46.6457498,41.6332726],[46.6455119,41.6329681]]}},{"type":"Feature","properties":{"road_class":"secondary","highway":"secondary"},"geometry":{"type":"LineString","coordinates":[[46.6514262,41.6317981],[46.6513226,41.631751],[46.6513549,41.6316789],[46.6514937,41.6317119],[46.6514262,41.6317981]]}},{"type":"Feature","properties":{"road_class":"secondary","highway":"secondary"},"geometry":{"type":"LineString","coordinates":[[49.9759896,40.3897614],[49.9757661,40.38918]]}},{"type":"Feature","properties":{"road_class":"secondary","highway":"secondary"},"geometry":{"type":"LineString","coordinates":[[46.3249499,40.6055202],[46.3247159,40.6049316]]}},{"type":"Feature","properties":{"road_class":"secondary","highway":"secondary"},"geometry":{"type":"LineString","coordinates":[[49.6815965,40.5799296],[49.682671,40.5797521]]}},{"type":"Feature","properties":{"road_class":"secondary","highway":"secondary"},"geometry":{"type":"LineString","coordinates":[[45.7553487,40.7298259],[45.7603097,40.7252546],[45.7573727,40.7202458],[45.7627077,40.7169177],[45.7614335,40.7137062],[45.7630319,40.7135921],[45.7630335,40.7114775]]}},{"type":"Feature","properties":{"road_class":"secondary","highway":"secondary"},"geometry":{"type":"LineString","coordinates":[[45.7920429,40.5551413],[45.7924532,40.5553127]]}},{"type":"Feature","properties":{"road_class":"secondary","highway":"secondary"},"geometry":{"type":"LineString","coordinates":[[45.7924532,40.5553127],[45.7998988,40.5627926]]}},{"type":"Feature","properties":{"road_class":"secondary","highway":"secondary"},"geometry":{"type":"LineString","coordinates":[[46.7157896,39.1902034],[46.7127156,39.1935037],[46.711479,39.2049184],[46.7011524,39.2349918],[46.7018704,39.238738],[46.678971,39.2738054],[46.6718318,39.2788551]]}},{"type":"Feature","properties":{"road_class":"secondary","highway":"secondary"},"geometry":{"type":"LineString","coordinates":[[49.8166628,40.3948086],[49.8168084,40.3949153]]}},{"type":"Feature","properties":{"road_class":"secondary","highway":"secondary"},"geometry":{"type":"LineString","coordinates":[[46.6635397,40.0286759],[46.6632174,40.0294326]]}},{"type":"Feature","properties":{"road_class":"secondary","highway":"secondary"},"geometry":{"type":"LineString","coordinates":[[46.6632174,40.0294326],[46.6624646,40.0306885],[46.6571135,40.0306364]]}},{"type":"Feature","properties":{"road_class":"secondary","highway":"secondary"},"geometry":{"type":"LineString","coordinates":[[46.7531274,40.1228883],[46.748001,40.1212718],[46.745646,40.1164066],[46.7518433,40.1139972],[46.7508628,40.1125389],[46.7529338,40.1096933],[46.7472347,40.1063752],[46.7477786,40.1047226],[46.7456982,40.1037351],[46.7480409,40.101487],[46.7444842,40.0988192],[46.7424822,40.0996774],[46.7422047,40.0976808],[46.7402187,40.0968812],[46.736379,40.0973935],[46.7350325,40.0939567],[46.7328514,40.0944099],[46.7323101,40.0907168],[46.7294589,40.0906901],[46.717179,40.0842993],[46.7096454,40.0829558],[46.7003703,40.0824387],[46.689543,40.0859894]]}},{"type":"Feature","properties":{"road_class":"secondary","highway":"secondary"},"geometry":{"type":"LineString","coordinates":[[46.275545,39.7457694],[46.2625347,39.7500412],[46.2600019,39.75224],[46.2579077,39.755484],[46.2603448,39.761569],[46.2589525,39.7659051]]}},{"type":"Feature","properties":{"road_class":"secondary","highway":"secondary"},"geometry":{"type":"LineString","coordinates":[[47.1702316,40.0506654],[47.1737329,40.0443496],[47.1762036,40.03041],[47.1735442,40.0173105],[47.1660575,40.0071654]]}},{"type":"Feature","properties":{"road_class":"secondary","highway":"secondary"},"geometry":{"type":"LineString","coordinates":[[49.007718,41.1836369],[49.0066865,41.1850017]]}},{"type":"Feature","properties":{"road_class":"secondary","highway":"secondary"},"geometry":{"type":"LineString","coordinates":[[49.0064904,41.1857734],[49.0066865,41.1850017]]}},{"type":"Feature","properties":{"road_class":"secondary","highway":"secondary"},"geometry":{"type":"LineString","coordinates":[[49.0042297,41.1875774],[49.0064904,41.1857734]]}},{"type":"Feature","properties":{"road_class":"secondary","highway":"secondary"},"geometry":{"type":"LineString","coordinates":[[45.6442242,40.6066743],[45.641039,40.6050492],[45.6318694,40.6055673],[45.6230942,40.6034065],[45.609473,40.5970731],[45.5951358,40.5992906]]}},{"type":"Feature","properties":{"road_class":"secondary","highway":"secondary"},"geometry":{"type":"LineString","coordinates":[[45.8934407,40.9032702],[45.8761807,40.9044533],[45.8297137,40.9181654]]}},{"type":"Feature","properties":{"road_class":"secondary","highway":"secondary"},"geometry":{"type":"LineString","coordinates":[[46.0272697,40.8707198],[46.0362916,40.8674921],[46.0344959,40.8575606]]}},{"type":"Feature","properties":{"road_class":"secondary","highway":"secondary"},"geometry":{"type":"LineString","coordinates":[[46.0272697,40.8707198],[46.0263401,40.8709808]]}},{"type":"Feature","properties":{"road_class":"secondary","highway":"secondary"},"geometry":{"type":"LineString","coordinates":[[46.0261338,40.8710652],[46.0263401,40.8709808]]}},{"type":"Feature","properties":{"road_class":"secondary","highway":"secondary"},"geometry":{"type":"LineString","coordinates":[[46.0261338,40.8710652],[46.025438,40.8713953]]}},{"type":"Feature","properties":{"road_class":"secondary","highway":"secondary"},"geometry":{"type":"LineString","coordinates":[[46.025438,40.8713953],[46.0233552,40.8727109]]}},{"type":"Feature","properties":{"road_class":"secondary","highway":"secondary"},"geometry":{"type":"LineString","coordinates":[[48.8760888,38.4512107],[48.8759475,38.4512999],[48.8758503,38.4511993],[48.875973,38.4511144],[48.8760888,38.4512107]]}},{"type":"Feature","properties":{"road_class":"secondary","highway":"secondary"},"geometry":{"type":"LineString","coordinates":[[48.5481853,39.4423699],[48.548013,39.4410348]]}},{"type":"Feature","properties":{"road_class":"secondary","highway":"secondary"},"geometry":{"type":"LineString","coordinates":[[49.687433,40.5233838],[49.6870486,40.5231301]]}},{"type":"Feature","properties":{"road_class":"secondary","highway":"secondary"},"geometry":{"type":"LineString","coordinates":[[49.6872564,40.5228929],[49.6877281,40.5230643]]}},{"type":"Feature","properties":{"road_class":"secondary","highway":"secondary"},"geometry":{"type":"LineString","coordinates":[[46.645748,41.6328875],[46.6456142,41.633003],[46.6454802,41.6329163],[46.645576,41.6328049],[46.645748,41.6328875]]}},{"type":"Feature","properties":{"road_class":"secondary","highway":"secondary"},"geometry":{"type":"LineString","coordinates":[[46.622035,41.6310363],[46.6332716,41.6331979]]}},{"type":"Feature","properties":{"road_class":"secondary","highway":"secondary"},"geometry":{"type":"LineString","coordinates":[[46.574161,39.3476107],[46.5692501,39.3577919],[46.5647149,39.3613033]]}},{"type":"Feature","properties":{"road_class":"secondary","highway":"secondary"},"geometry":{"type":"LineString","coordinates":[[46.3957541,39.4340046],[46.4010769,39.4355223],[46.4184477,39.4332164],[46.4280044,39.4375529],[46.4233735,39.4403068],[46.4299518,39.4399316]]}},{"type":"Feature","properties":{"road_class":"secondary","highway":"secondary"},"geometry":{"type":"LineString","coordinates":[[46.0427345,40.109614],[46.0448599,40.1090518]]}},{"type":"Feature","properties":{"road_class":"secondary","highway":"secondary"},"geometry":{"type":"LineString","coordinates":[[45.9599843,39.9876169],[45.9628832,39.9918531],[45.9625015,39.9975326],[45.9643399,39.998879]]}},{"type":"Feature","properties":{"road_class":"secondary","highway":"secondary"},"geometry":{"type":"LineString","coordinates":[[45.8297137,40.9181654],[45.8289144,40.9184897]]}},{"type":"Feature","properties":{"road_class":"secondary","highway":"secondary"},"geometry":{"type":"LineString","coordinates":[[46.3924259,39.3611001],[46.3910487,39.3629199],[46.3934177,39.366704],[46.3932527,39.3702408],[46.3904527,39.3692042],[46.385311,39.3725845],[46.3905513,39.3724168],[46.3876921,39.373823],[46.3916013,39.3740097],[46.3886238,39.3764409],[46.389984,39.3799706],[46.3966423,39.3811569]]}},{"type":"Feature","properties":{"road_class":"secondary","highway":"secondary"},"geometry":{"type":"LineString","coordinates":[[48.1966887,41.5434693],[48.18618,41.5405049],[48.1795433,41.5368792],[48.1720589,41.5271167],[48.1695959,41.518756],[48.1534246,41.5118193],[48.1475613,41.5109235],[48.1412957,41.5135867],[48.125563,41.511117],[48.0897554,41.5005073],[48.0756621,41.504548],[48.0688654,41.5041362]]}},{"type":"Feature","properties":{"road_class":"secondary","highway":"secondary"},"geometry":{"type":"LineString","coordinates":[[48.0688654,41.5041362],[48.0591679,41.5027386],[48.0423642,41.4958074]]}},{"type":"Feature","properties":{"road_class":"secondary","highway":"secondary"},"geometry":{"type":"LineString","coordinates":[[48.4555138,41.7274635],[48.4487197,41.7158571],[48.4717879,41.7084565]]}},{"type":"Feature","properties":{"road_class":"secondary","highway":"secondary"},"geometry":{"type":"LineString","coordinates":[[48.5553613,41.7821253],[48.5493747,41.7859568]]}},{"type":"Feature","properties":{"road_class":"secondary","highway":"secondary"},"geometry":{"type":"LineString","coordinates":[[45.6175156,40.9801298],[45.6173999,40.9801508],[45.6173456,40.9800712],[45.61749,40.9800227],[45.6175156,40.9801298]]}},{"type":"Feature","properties":{"road_class":"secondary","highway":"secondary"},"geometry":{"type":"LineString","coordinates":[[45.6123147,40.972877],[45.6116928,40.9730138],[45.6114279,40.9725817],[45.6120951,40.972339],[45.6123147,40.972877]]}},{"type":"Feature","properties":{"road_class":"secondary","highway":"secondary"},"geometry":{"type":"LineString","coordinates":[[45.6123629,40.9725553],[45.613132,40.9735952]]}},{"type":"Feature","properties":{"road_class":"secondary","highway":"secondary"},"geometry":{"type":"LineString","coordinates":[[45.613132,40.9735952],[45.6118233,40.9730442]]}},{"type":"Feature","properties":{"road_class":"secondary","highway":"secondary"},"geometry":{"type":"LineString","coordinates":[[45.6118233,40.9730442],[45.6105545,40.9730731]]}},{"type":"Feature","properties":{"road_class":"secondary","highway":"secondary"},"geometry":{"type":"LineString","coordinates":[[45.6181085,40.9799694],[45.6188602,40.9798274]]}},{"type":"Feature","properties":{"road_class":"secondary","highway":"secondary"},"geometry":{"type":"LineString","coordinates":[[45.6105545,40.9730731],[45.6115212,40.9724447]]}},{"type":"Feature","properties":{"road_class":"secondary","highway":"secondary"},"geometry":{"type":"LineString","coordinates":[[49.8189843,40.3296494],[49.8189862,40.3301711]]}},{"type":"Feature","properties":{"road_class":"secondary","highway":"secondary"},"geometry":{"type":"LineString","coordinates":[[49.8502819,40.4007979],[49.8491121,40.3998516]]}},{"type":"Feature","properties":{"road_class":"secondary","highway":"secondary"},"geometry":{"type":"LineString","coordinates":[[49.8501271,40.4008487],[49.8495591,40.4003834]]}},{"type":"Feature","properties":{"road_class":"secondary","highway":"secondary"},"geometry":{"type":"LineString","coordinates":[[49.6897081,40.5702423],[49.6893413,40.5704407]]}},{"type":"Feature","properties":{"road_class":"secondary","highway":"secondary"},"geometry":{"type":"LineString","coordinates":[[49.6892296,40.5703343],[49.6895872,40.5701232]]}},{"type":"Feature","properties":{"road_class":"secondary","highway":"secondary"},"geometry":{"type":"LineString","coordinates":[[49.6809717,40.5800255],[49.6815965,40.5799296]]}},{"type":"Feature","properties":{"road_class":"secondary","highway":"secondary"},"geometry":{"type":"LineString","coordinates":[[47.7088387,40.223891],[47.7086552,40.2239055],[47.70859,40.2237665],[47.7088333,40.2237162],[47.7088387,40.223891]]}},{"type":"Feature","properties":{"road_class":"secondary","highway":"secondary"},"geometry":{"type":"LineString","coordinates":[[47.6536948,40.5097811],[47.6535703,40.5098589],[47.6534569,40.5097498],[47.6536083,40.5096789],[47.6536948,40.5097811]]}},{"type":"Feature","properties":{"road_class":"secondary","highway":"secondary"},"geometry":{"type":"LineString","coordinates":[[47.6534801,40.5100468],[47.6534699,40.5098115]]}},{"type":"Feature","properties":{"road_class":"secondary","highway":"secondary"},"geometry":{"type":"LineString","coordinates":[[47.6536415,40.5098441],[47.6534801,40.5100468]]}},{"type":"Feature","properties":{"road_class":"secondary","highway":"secondary"},"geometry":{"type":"LineString","coordinates":[[46.0291178,40.8419817],[46.0290522,40.841823]]}},{"type":"Feature","properties":{"road_class":"secondary","highway":"secondary"},"geometry":{"type":"LineString","coordinates":[[49.6964869,40.5717371],[49.6929901,40.5732108]]}},{"type":"Feature","properties":{"road_class":"secondary","highway":"secondary"},"geometry":{"type":"LineString","coordinates":[[49.6632845,40.5965158],[49.6633611,40.5965595],[49.6633172,40.596624],[49.663219,40.5965906],[49.6632845,40.5965158]]}},{"type":"Feature","properties":{"road_class":"secondary","highway":"secondary"},"geometry":{"type":"LineString","coordinates":[[49.8493506,40.3998927],[49.851191,40.4012456]]}},{"type":"Feature","properties":{"road_class":"secondary","highway":"secondary"},"geometry":{"type":"LineString","coordinates":[[46.7303602,39.8724629],[46.7300903,39.8724462],[46.7300492,39.8722424],[46.7304163,39.8722137],[46.7303602,39.8724629]]}},{"type":"Feature","properties":{"road_class":"secondary","highway":"secondary"},"geometry":{"type":"LineString","coordinates":[[46.7440692,39.9126336],[46.7441582,39.9131955]]}},{"type":"Feature","properties":{"road_class":"secondary","highway":"secondary"},"geometry":{"type":"LineString","coordinates":[[46.7441582,39.9131955],[46.7361587,39.9313153],[46.7319443,39.93654],[46.7298597,39.9516285],[46.7237185,39.9548611],[46.7276231,39.9556556],[46.7285705,39.9600371],[46.7263054,39.9642867],[46.717493,39.9707504],[46.7057482,39.9764834],[46.7023189,39.9766931],[46.6960833,39.9819321],[46.6897614,39.9840329],[46.6894743,39.9853912],[46.6921108,39.9856552],[46.6900304,39.9900945],[46.6930128,39.9900748],[46.6857469,39.9985461],[46.6844395,40.0097791],[46.6800851,40.008108],[46.6821291,40.0102948],[46.6808805,40.0119515],[46.6772391,40.012395],[46.6789235,40.0107139],[46.6762688,40.0093354],[46.6722731,40.014386],[46.6660986,40.0155803],[46.6655842,40.0190325],[46.6626766,40.0183281],[46.6608059,40.0212428],[46.6594239,40.0202927],[46.6581769,40.0240322],[46.6602853,40.0254252]]}},{"type":"Feature","properties":{"road_class":"secondary","highway":"secondary"},"geometry":{"type":"LineString","coordinates":[[46.0266141,40.8424856],[46.0290522,40.841823]]}},{"type":"Feature","properties":{"road_class":"secondary","highway":"secondary"},"geometry":{"type":"LineString","coordinates":[[45.4059956,39.2173284],[45.4113009,39.2174623]]}},{"type":"Feature","properties":{"road_class":"secondary","highway":"secondary"},"geometry":{"type":"LineString","coordinates":[[47.0139685,40.7678788],[47.0135939,40.768098]]}},{"type":"Feature","properties":{"road_class":"secondary","highway":"secondary"},"geometry":{"type":"LineString","coordinates":[[47.0135939,40.768098],[47.0137209,40.7677593]]}},{"type":"Feature","properties":{"road_class":"secondary","highway":"secondary"},"geometry":{"type":"LineString","coordinates":[[47.0884523,40.756448],[47.0876557,40.7568448]]}},{"type":"Feature","properties":{"road_class":"secondary","highway":"secondary"},"geometry":{"type":"LineString","coordinates":[[47.0336977,40.7721257],[47.0337344,40.770609]]}},{"type":"Feature","properties":{"road_class":"secondary","highway":"secondary"},"geometry":{"type":"LineString","coordinates":[[47.0340176,40.7706365],[47.0336977,40.7721257]]}},{"type":"Feature","properties":{"road_class":"secondary","highway":"secondary"},"geometry":{"type":"LineString","coordinates":[[47.6634361,40.5094487],[47.6635805,40.509414],[47.6636395,40.5095126],[47.663494,40.509569],[47.6634361,40.5094487]]}},{"type":"Feature","properties":{"road_class":"secondary","highway":"secondary"},"geometry":{"type":"LineString","coordinates":[[46.6623322,39.0835483],[46.6625916,39.0846126]]}},{"type":"Feature","properties":{"road_class":"secondary","highway":"secondary"},"geometry":{"type":"LineString","coordinates":[[47.0876557,40.7568448],[47.0883004,40.756422]]}},{"type":"Feature","properties":{"road_class":"secondary","highway":"secondary"},"geometry":{"type":"LineString","coordinates":[[47.1087582,40.6197492],[47.1082352,40.6198022]]}},{"type":"Feature","properties":{"road_class":"secondary","highway":"secondary"},"geometry":{"type":"LineString","coordinates":[[47.707544,40.2292554],[47.7592425,40.1998642],[47.7884326,40.1772482],[47.8020023,40.1522319],[47.8012803,40.144746],[47.8071473,40.1413627],[47.8381776,40.1243497],[47.8722145,40.1210037],[47.8948214,40.109761],[47.9171696,40.1126744]]}},{"type":"Feature","properties":{"road_class":"secondary","highway":"secondary"},"geometry":{"type":"LineString","coordinates":[[49.5656428,40.2230405],[49.5664704,40.2232533]]}},{"type":"Feature","properties":{"road_class":"secondary","highway":"secondary"},"geometry":{"type":"LineString","coordinates":[[49.5664704,40.2232533],[49.5684497,40.2232454]]}},{"type":"Feature","properties":{"road_class":"secondary","highway":"secondary"},"geometry":{"type":"LineString","coordinates":[[49.5664704,40.2232533],[49.566416,40.2237032]]}},{"type":"Feature","properties":{"road_class":"secondary","highway":"secondary"},"geometry":{"type":"LineString","coordinates":[[46.5224561,39.6026261],[46.5105509,39.6044774],[46.4973102,39.6107697],[46.4896079,39.6098338],[46.482702,39.6166838],[46.472601,39.6184747],[46.4710325,39.6206989],[46.4656239,39.6211608],[46.4636732,39.6230284],[46.459375,39.6217019],[46.4542133,39.6239],[46.4494868,39.6232078],[46.4361004,39.6275745],[46.4257574,39.6347591],[46.4200558,39.6423078],[46.3935283,39.6524891],[46.3910588,39.6590357],[46.391937,39.6616096],[46.3876931,39.6661875],[46.3789579,39.6680167],[46.3638699,39.6743751],[46.3619092,39.67633],[46.3615018,39.6819089],[46.3447637,39.6937045],[46.3300151,39.6965404],[46.318656,39.7009663],[46.3124853,39.6982347],[46.2864089,39.6962927],[46.282808,39.69831],[46.2798811,39.6972107],[46.269656,39.7013702]]}},{"type":"Feature","properties":{"road_class":"secondary","highway":"secondary"},"geometry":{"type":"LineString","coordinates":[[47.166725,40.3960124],[47.1544418,40.3938283],[47.1493763,40.3945095],[47.1348946,40.3866303]]}},{"type":"Feature","properties":{"road_class":"secondary","highway":"secondary"},"geometry":{"type":"LineString","coordinates":[[47.1341737,40.3861219],[47.1285474,40.3845035]]}},{"type":"Feature","properties":{"road_class":"secondary","highway":"secondary"},"geometry":{"type":"LineString","coordinates":[[47.1348946,40.3866303],[47.1346076,40.3864676]]}},{"type":"Feature","properties":{"road_class":"secondary","highway":"secondary"},"geometry":{"type":"LineString","coordinates":[[47.1341737,40.3861219],[47.1345211,40.3862761]]}},{"type":"Feature","properties":{"road_class":"secondary","highway":"secondary"},"geometry":{"type":"LineString","coordinates":[[47.1264635,40.3766051],[47.1263451,40.3768879]]}},{"type":"Feature","properties":{"road_class":"secondary","highway":"secondary"},"geometry":{"type":"LineString","coordinates":[[47.1346216,40.3794302],[47.1329586,40.3799941],[47.1316847,40.3848606]]}},{"type":"Feature","properties":{"road_class":"secondary","highway":"secondary"},"geometry":{"type":"LineString","coordinates":[[47.1226029,40.3762326],[47.1206835,40.3827746]]}},{"type":"Feature","properties":{"road_class":"secondary","highway":"secondary"},"geometry":{"type":"LineString","coordinates":[[47.1736543,40.3856956],[47.1732111,40.3855737]]}},{"type":"Feature","properties":{"road_class":"secondary","highway":"secondary"},"geometry":{"type":"LineString","coordinates":[[47.1732111,40.3855737],[47.1727679,40.3854437]]}},{"type":"Feature","properties":{"road_class":"secondary","highway":"secondary"},"geometry":{"type":"LineString","coordinates":[[47.1727679,40.3854437],[47.1606558,40.384619],[47.1492242,40.3808474],[47.1375298,40.369613],[47.134177,40.3679251],[47.1272307,40.3681493]]}},{"type":"Feature","properties":{"road_class":"secondary","highway":"secondary"},"geometry":{"type":"LineString","coordinates":[[47.1217399,40.3740704],[47.120871,40.3713757],[47.1123292,40.3717361]]}},{"type":"Feature","properties":{"road_class":"secondary","highway":"secondary"},"geometry":{"type":"LineString","coordinates":[[47.0907222,40.3472366],[47.1118492,40.3559845],[47.1279524,40.3602357]]}},{"type":"Feature","properties":{"road_class":"secondary","highway":"secondary"},"geometry":{"type":"LineString","coordinates":[[47.7530408,39.8149355],[47.735462,39.8002689],[47.7362452,39.7976806],[47.8193723,39.7296684]]}},{"type":"Feature","properties":{"road_class":"secondary","highway":"secondary"},"geometry":{"type":"LineString","coordinates":[[49.9690572,40.3718852],[49.9688299,40.3718627]]}},{"type":"Feature","properties":{"road_class":"secondary","highway":"secondary"},"geometry":{"type":"LineString","coordinates":[[49.9688299,40.3718627],[49.9683595,40.3717677]]}},{"type":"Feature","properties":{"road_class":"secondary","highway":"secondary"},"geometry":{"type":"LineString","coordinates":[[48.4782758,40.0204442],[48.4728289,40.0241055],[48.4735555,40.0299703]]}},{"type":"Feature","properties":{"road_class":"secondary","highway":"secondary"},"geometry":{"type":"LineString","coordinates":[[48.4735555,40.0299703],[48.4719319,40.0307169]]}},{"type":"Feature","properties":{"road_class":"secondary","highway":"secondary"},"geometry":{"type":"LineString","coordinates":[[48.4719319,40.0307169],[48.4689505,40.0332459]]}},{"type":"Feature","properties":{"road_class":"secondary","highway":"secondary"},"geometry":{"type":"LineString","coordinates":[[48.5357448,40.0652396],[48.5307404,40.068336]]}},{"type":"Feature","properties":{"road_class":"secondary","highway":"secondary"},"geometry":{"type":"LineString","coordinates":[[48.5307404,40.068336],[48.5279904,40.069445]]}},{"type":"Feature","properties":{"road_class":"secondary","highway":"secondary"},"geometry":{"type":"LineString","coordinates":[[48.5232526,40.1237179],[48.5205447,40.1313694],[48.5280124,40.160287],[48.5271993,40.1699921],[48.5196272,40.1915199]]}},{"type":"Feature","properties":{"road_class":"secondary","highway":"secondary"},"geometry":{"type":"LineString","coordinates":[[48.5196272,40.1915199],[48.5194042,40.1921038]]}},{"type":"Feature","properties":{"road_class":"secondary","highway":"secondary"},"geometry":{"type":"LineString","coordinates":[[48.5194042,40.1921038],[48.5152834,40.2048408],[48.5197018,40.2139935]]}},{"type":"Feature","properties":{"road_class":"secondary","highway":"secondary"},"geometry":{"type":"LineString","coordinates":[[49.9649116,40.3819725],[49.9648438,40.382409]]}},{"type":"Feature","properties":{"road_class":"secondary","highway":"secondary"},"geometry":{"type":"LineString","coordinates":[[49.9645153,40.3821681],[49.9649116,40.3819725]]}},{"type":"Feature","properties":{"road_class":"secondary","highway":"secondary"},"geometry":{"type":"LineString","coordinates":[[47.1675435,41.169117],[47.1676652,41.1691308],[47.167685,41.1692353],[47.1675015,41.1692409],[47.1675435,41.169117]]}},{"type":"Feature","properties":{"road_class":"secondary","highway":"secondary"},"geometry":{"type":"LineString","coordinates":[[47.1824274,41.1650876],[47.1825228,41.1650761],[47.1825713,41.1651524],[47.1824431,41.1651931],[47.1824274,41.1650876]]}},{"type":"Feature","properties":{"road_class":"secondary","highway":"secondary"},"geometry":{"type":"LineString","coordinates":[[47.4221655,40.5385256],[47.4150861,40.5263057],[47.4011269,40.5150539],[47.3792548,40.4859018],[47.3681805,40.4780537],[47.359153,40.4665559],[47.3547361,40.4579138],[47.3578126,40.4522191],[47.3509429,40.4442636],[47.348837,40.4393131],[47.3484304,40.4360641],[47.3520258,40.4286233],[47.348458,40.4261232],[47.3469359,40.4165344],[47.3525619,40.411533],[47.3558833,40.4137335],[47.36009,40.4103579],[47.3706629,40.4059628],[47.3784525,40.4049955],[47.3912763,40.4063468],[47.4056692,40.4029827],[47.4317584,40.3863767],[47.4323672,40.3793784],[47.4383217,40.3722226],[47.4443352,40.3717894],[47.450971,40.3743192],[47.4556327,40.3727948],[47.4647039,40.361134]]}},{"type":"Feature","properties":{"road_class":"secondary","highway":"secondary"},"geometry":{"type":"LineString","coordinates":[[47.5769236,40.2242005],[47.4984978,40.3253557],[47.4868175,40.3307763],[47.4914956,40.3394475],[47.4839168,40.3494841]]}},{"type":"Feature","properties":{"road_class":"secondary","highway":"secondary"},"geometry":{"type":"LineString","coordinates":[[49.9372645,40.4074291],[49.9373322,40.4074443]]}},{"type":"Feature","properties":{"road_class":"secondary","highway":"secondary"},"geometry":{"type":"LineString","coordinates":[[49.75644,40.4560785],[49.7564873,40.4568624]]}},{"type":"Feature","properties":{"road_class":"secondary","highway":"secondary"},"geometry":{"type":"LineString","coordinates":[[49.7561399,40.4567851],[49.7563281,40.4561826]]}},{"type":"Feature","properties":{"road_class":"secondary","highway":"secondary"},"geometry":{"type":"LineString","coordinates":[[49.7564184,40.4571546],[49.7560885,40.4579741]]}},{"type":"Feature","properties":{"road_class":"secondary","highway":"secondary"},"geometry":{"type":"LineString","coordinates":[[48.5258109,40.2257426],[48.5261895,40.2263483]]}},{"type":"Feature","properties":{"road_class":"secondary","highway":"secondary"},"geometry":{"type":"LineString","coordinates":[[49.8425029,40.3987708],[49.8426817,40.3988124]]}},{"type":"Feature","properties":{"road_class":"secondary","highway":"secondary"},"geometry":{"type":"LineString","coordinates":[[49.8462965,40.3994538],[49.8486206,40.3993268]]}},{"type":"Feature","properties":{"road_class":"secondary","highway":"secondary"},"geometry":{"type":"LineString","coordinates":[[49.8486682,40.4000661],[49.8462965,40.3994538]]}},{"type":"Feature","properties":{"road_class":"secondary","highway":"secondary"},"geometry":{"type":"LineString","coordinates":[[48.4634561,40.0324081],[48.4572023,40.0272564],[48.4531959,40.0280153],[48.433785,40.0381267],[48.4108156,40.0469326],[48.3896112,40.0595506],[48.3836943,40.0565521],[48.3789125,40.0578768],[48.3649916,40.0552221],[48.3535839,40.0559129],[48.3519335,40.0542744]]}},{"type":"Feature","properties":{"road_class":"secondary","highway":"secondary"},"geometry":{"type":"LineString","coordinates":[[48.3310428,40.0580421],[48.3281587,40.0540784],[48.3189601,40.0548706],[48.2879257,40.0658014]]}},{"type":"Feature","properties":{"road_class":"secondary","highway":"secondary"},"geometry":{"type":"LineString","coordinates":[[48.2879257,40.0658014],[48.2866091,40.0660072]]}},{"type":"Feature","properties":{"road_class":"secondary","highway":"secondary"},"geometry":{"type":"LineString","coordinates":[[48.2866091,40.0660072],[48.2733376,40.0722268],[48.2162141,40.0856633],[48.2017736,40.0874673],[48.1843975,40.0837073],[48.1761898,40.0837299]]}},{"type":"Feature","properties":{"road_class":"secondary","highway":"secondary"},"geometry":{"type":"LineString","coordinates":[[48.5807061,40.8046442],[48.5796269,40.8075678],[48.5713479,40.8161143],[48.5718406,40.821641],[48.5738048,40.8245877],[48.5731718,40.8273155],[48.5677886,40.8316606],[48.568089,40.8350315],[48.5643078,40.8344763],[48.5619262,40.8368609]]}},{"type":"Feature","properties":{"road_class":"secondary","highway":"secondary"},"geometry":{"type":"LineString","coordinates":[[47.2766203,40.44843],[47.2761516,40.4487448]]}},{"type":"Feature","properties":{"road_class":"secondary","highway":"secondary"},"geometry":{"type":"LineString","coordinates":[[46.7822109,40.5891256],[46.783182,40.5791179],[46.7793211,40.5701986],[46.7679968,40.5544373],[46.7657304,40.5478341],[46.7664814,40.5409938],[46.7588429,40.5312818],[46.7544762,40.5201592],[46.743606,40.5170736],[46.734716,40.5095861],[46.7304164,40.503623],[46.7164341,40.495275],[46.7048416,40.4840503],[46.7003292,40.4750502],[46.6909716,40.4649208],[46.6483998,40.45396],[46.6360367,40.4462127],[46.6313946,40.4413104]]}},{"type":"Feature","properties":{"road_class":"secondary","highway":"secondary"},"geometry":{"type":"LineString","coordinates":[[46.3820819,40.7131779],[46.3821385,40.7128774]]}},{"type":"Feature","properties":{"road_class":"secondary","highway":"secondary"},"geometry":{"type":"LineString","coordinates":[[46.3773484,40.7115961],[46.3775334,40.7116695],[46.3774721,40.7118207],[46.3772431,40.7117816],[46.3773484,40.7115961]]}},{"type":"Feature","properties":{"road_class":"secondary","highway":"secondary"},"geometry":{"type":"LineString","coordinates":[[46.3736128,40.6976921],[46.3729775,40.6976921]]}},{"type":"Feature","properties":{"road_class":"secondary","highway":"secondary"},"geometry":{"type":"LineString","coordinates":[[46.3772299,40.7116731],[46.3771431,40.711462]]}},{"type":"Feature","properties":{"road_class":"secondary","highway":"secondary"},"geometry":{"type":"LineString","coordinates":[[46.4748791,40.6975855],[46.4748802,40.6979549]]}},{"type":"Feature","properties":{"road_class":"secondary","highway":"secondary"},"geometry":{"type":"LineString","coordinates":[[46.4644435,40.7141286],[46.4266903,40.7161464]]}},{"type":"Feature","properties":{"road_class":"secondary","highway":"secondary"},"geometry":{"type":"LineString","coordinates":[[46.4193212,40.7140795],[46.4188751,40.7143704]]}},{"type":"Feature","properties":{"road_class":"secondary","highway":"secondary"},"geometry":{"type":"LineString","coordinates":[[48.2271271,41.3451845],[48.2266628,41.3446232]]}},{"type":"Feature","properties":{"road_class":"secondary","highway":"secondary"},"geometry":{"type":"LineString","coordinates":[[47.6584663,40.506021],[47.6584052,40.5061515],[47.65823,40.5060954],[47.6582855,40.5059796],[47.6584663,40.506021]]}},{"type":"Feature","properties":{"road_class":"secondary","highway":"secondary"},"geometry":{"type":"LineString","coordinates":[[49.9683595,40.3717677],[49.9688459,40.3716515]]}},{"type":"Feature","properties":{"road_class":"secondary","highway":"secondary"},"geometry":{"type":"LineString","coordinates":[[50.0529522,40.5890528],[50.0560606,40.5892917],[50.0578762,40.5874847],[50.0572061,40.5891405],[50.0605677,40.5870198],[50.0605656,40.5772973],[50.0633219,40.5733474]]}},{"type":"Feature","properties":{"road_class":"secondary","highway":"secondary"},"geometry":{"type":"LineString","coordinates":[[47.1267413,40.3722631],[47.1263058,40.3723893]]}},{"type":"Feature","properties":{"road_class":"secondary","highway":"secondary"},"geometry":{"type":"LineString","coordinates":[[45.5951358,40.5992906],[45.5941648,40.5995512]]}},{"type":"Feature","properties":{"road_class":"secondary","highway":"secondary"},"geometry":{"type":"LineString","coordinates":[[46.771507,40.4384572],[46.7728781,40.4694126],[46.7755768,40.4815729],[46.7780005,40.4857635],[46.7859656,40.4906885],[46.8077168,40.4946993],[46.8180759,40.4986302]]}},{"type":"Feature","properties":{"road_class":"secondary","highway":"secondary"},"geometry":{"type":"LineString","coordinates":[[45.9901106,40.4658927],[45.9989861,40.4681046],[46.0170883,40.4672211],[46.0240164,40.4647622],[46.0279539,40.4604093],[46.0391803,40.4536602],[46.0515736,40.4517202],[46.063347,40.4582328],[46.0617444,40.4674874]]}},{"type":"Feature","properties":{"road_class":"secondary","highway":"secondary"},"geometry":{"type":"LineString","coordinates":[[46.5622136,40.6894264],[46.5667266,40.6983771]]}},{"type":"Feature","properties":{"road_class":"secondary","highway":"secondary"},"geometry":{"type":"LineString","coordinates":[[46.5666876,40.6983818],[46.5668266,40.6984189],[46.5668133,40.6985301],[46.5666369,40.6985291],[46.5666876,40.6983818]]}},{"type":"Feature","properties":{"road_class":"secondary","highway":"secondary"},"geometry":{"type":"LineString","coordinates":[[46.3990574,40.7250059],[46.3992248,40.7250515],[46.3992096,40.7251849],[46.3989687,40.7251543],[46.3990574,40.7250059]]}},{"type":"Feature","properties":{"road_class":"secondary","highway":"secondary"},"geometry":{"type":"LineString","coordinates":[[46.3989687,40.7251543],[46.3988153,40.7249188]]}},{"type":"Feature","properties":{"road_class":"secondary","highway":"secondary"},"geometry":{"type":"LineString","coordinates":[[46.3991528,40.7250075],[46.3994038,40.7250076]]}},{"type":"Feature","properties":{"road_class":"secondary","highway":"secondary"},"geometry":{"type":"LineString","coordinates":[[46.3992096,40.7251849],[46.3992282,40.7254069]]}},{"type":"Feature","properties":{"road_class":"secondary","highway":"secondary"},"geometry":{"type":"LineString","coordinates":[[46.5622823,40.4136618],[46.5581669,40.4107624],[46.5424871,40.4079801],[46.5365616,40.4045505],[46.5221852,40.4071521]]}},{"type":"Feature","properties":{"road_class":"secondary","highway":"secondary"},"geometry":{"type":"LineString","coordinates":[[46.5623195,40.4136546],[46.5624477,40.413742],[46.5623614,40.4138309],[46.5622134,40.4137604],[46.5623195,40.4136546]]}},{"type":"Feature","properties":{"road_class":"secondary","highway":"secondary"},"geometry":{"type":"LineString","coordinates":[[47.5102735,39.7363962],[47.5198731,39.7226074],[47.5269552,39.7248775],[47.5293213,39.7241771],[47.5383304,39.711118],[47.5550557,39.6919127],[47.5669767,39.6654462],[47.6042273,39.645997],[47.6053574,39.6439221],[47.6042693,39.6384991],[47.6307582,39.6248405],[47.6339291,39.6186821]]}},{"type":"Feature","properties":{"road_class":"secondary","highway":"secondary"},"geometry":{"type":"LineString","coordinates":[[47.6342,39.6186282],[47.6436941,39.6181461],[47.6581529,39.6119965]]}},{"type":"Feature","properties":{"road_class":"secondary","highway":"secondary"},"geometry":{"type":"LineString","coordinates":[[47.6339291,39.6186821],[47.6342,39.6186282]]}},{"type":"Feature","properties":{"road_class":"secondary","highway":"secondary"},"geometry":{"type":"LineString","coordinates":[[46.3994038,40.7250076],[46.3992358,40.7251541]]}},{"type":"Feature","properties":{"road_class":"secondary","highway":"secondary"},"geometry":{"type":"LineString","coordinates":[[46.3992282,40.7254069],[46.3989964,40.7251862]]}},{"type":"Feature","properties":{"road_class":"secondary","highway":"secondary"},"geometry":{"type":"LineString","coordinates":[[46.3988153,40.7249188],[46.3991051,40.7250006]]}},{"type":"Feature","properties":{"road_class":"secondary","highway":"secondary"},"geometry":{"type":"LineString","coordinates":[[48.5494465,39.4509497],[48.5481853,39.4423699]]}},{"type":"Feature","properties":{"road_class":"secondary","highway":"secondary"},"geometry":{"type":"LineString","coordinates":[[48.5493844,39.4513715],[48.5495423,39.4512729]]}},{"type":"Feature","properties":{"road_class":"secondary","highway":"secondary"},"geometry":{"type":"LineString","coordinates":[[48.5495997,39.4514673],[48.5493844,39.4513715]]}},{"type":"Feature","properties":{"road_class":"secondary","highway":"secondary"},"geometry":{"type":"LineString","coordinates":[[48.5494151,39.4513112],[48.5496027,39.4512625]]}},{"type":"Feature","properties":{"road_class":"secondary","highway":"secondary"},"geometry":{"type":"LineString","coordinates":[[48.5495423,39.4512729],[48.5496027,39.4512625]]}},{"type":"Feature","properties":{"road_class":"secondary","highway":"secondary"},"geometry":{"type":"LineString","coordinates":[[47.1620942,40.5960097],[47.162533,40.5983758]]}},{"type":"Feature","properties":{"road_class":"secondary","highway":"secondary"},"geometry":{"type":"LineString","coordinates":[[49.9886944,40.5887482],[49.9892558,40.5886243]]}},{"type":"Feature","properties":{"road_class":"secondary","highway":"secondary"},"geometry":{"type":"LineString","coordinates":[[48.4842471,39.2066458],[48.4931766,39.2081162]]}},{"type":"Feature","properties":{"road_class":"secondary","highway":"secondary"},"geometry":{"type":"LineString","coordinates":[[48.4842471,39.2066458],[48.4832057,39.2097924],[48.467857,39.2205747],[48.4575069,39.2253216]]}},{"type":"Feature","properties":{"road_class":"secondary","highway":"secondary"},"geometry":{"type":"LineString","coordinates":[[48.8682765,39.951215],[48.8681134,39.9510062]]}},{"type":"Feature","properties":{"road_class":"secondary","highway":"secondary"},"geometry":{"type":"LineString","coordinates":[[47.1153196,40.2985739],[47.1000055,40.2981572],[47.0918461,40.3019337],[47.0887063,40.3089494],[47.0800528,40.3155409],[47.0782455,40.3222349],[47.072185,40.3286947],[47.067173,40.329797],[47.04988,40.3228117],[47.0437062,40.3254891],[47.0357345,40.3331433],[47.0173187,40.338569]]}},{"type":"Feature","properties":{"road_class":"secondary","highway":"secondary"},"geometry":{"type":"LineString","coordinates":[[47.0167471,40.3386103],[47.0169518,40.3389208]]}},{"type":"Feature","properties":{"road_class":"secondary","highway":"secondary"},"geometry":{"type":"LineString","coordinates":[[47.0167471,40.3386103],[47.0173187,40.338569]]}},{"type":"Feature","properties":{"road_class":"secondary","highway":"secondary"},"geometry":{"type":"LineString","coordinates":[[47.1661587,40.3967676],[47.1751865,40.3964564],[47.1874685,40.4055485],[47.1908103,40.4060004],[47.1970305,40.4128912],[47.2045231,40.4124114],[47.2149917,40.4170668],[47.2230617,40.4171008],[47.2294526,40.4227679],[47.2321693,40.4296893],[47.2545904,40.4456094],[47.2616358,40.4474905],[47.2673146,40.4547123]]}},{"type":"Feature","properties":{"road_class":"secondary","highway":"secondary"},"geometry":{"type":"LineString","coordinates":[[49.1317826,41.0684854],[49.1213107,41.0663343]]}},{"type":"Feature","properties":{"road_class":"secondary","highway":"secondary"},"geometry":{"type":"LineString","coordinates":[[47.8197365,39.7294541],[47.819614,39.7293771]]}},{"type":"Feature","properties":{"road_class":"secondary","highway":"secondary"},"geometry":{"type":"LineString","coordinates":[[48.4620188,39.2851643],[48.4621631,39.2851382],[48.4622224,39.2852434],[48.4620677,39.2853014],[48.4620188,39.2851643]]}},{"type":"Feature","properties":{"road_class":"secondary","highway":"secondary"},"geometry":{"type":"LineString","coordinates":[[48.4620481,39.2851432],[48.4622268,39.2852126]]}},{"type":"Feature","properties":{"road_class":"secondary","highway":"secondary"},"geometry":{"type":"LineString","coordinates":[[48.4620393,39.2852886],[48.4617264,39.2853402]]}},{"type":"Feature","properties":{"road_class":"secondary","highway":"secondary"},"geometry":{"type":"LineString","coordinates":[[48.3563115,39.2617517],[48.3577561,39.2601209]]}},{"type":"Feature","properties":{"road_class":"secondary","highway":"secondary"},"geometry":{"type":"LineString","coordinates":[[48.3558552,39.2621974],[48.3563115,39.2617517]]}},{"type":"Feature","properties":{"road_class":"secondary","highway":"secondary"},"geometry":{"type":"LineString","coordinates":[[49.0457972,40.9212691],[49.0451774,40.921388]]}},{"type":"Feature","properties":{"road_class":"secondary","highway":"secondary"},"geometry":{"type":"LineString","coordinates":[[48.3625685,39.9377661],[48.3624116,39.9377331]]}},{"type":"Feature","properties":{"road_class":"secondary","highway":"secondary"},"geometry":{"type":"LineString","coordinates":[[48.3609577,39.9351406],[48.3707786,39.9371797]]}},{"type":"Feature","properties":{"road_class":"secondary","highway":"secondary"},"geometry":{"type":"LineString","coordinates":[[48.360419,39.9351141],[48.3609577,39.9351406]]}},{"type":"Feature","properties":{"road_class":"secondary","highway":"secondary"},"geometry":{"type":"LineString","coordinates":[[48.3707786,39.9371797],[48.3726229,39.9374703],[48.3723835,39.9387523]]}},{"type":"Feature","properties":{"road_class":"secondary","highway":"secondary"},"geometry":{"type":"LineString","coordinates":[[48.4573395,39.9783031],[48.4575479,39.9782082]]}},{"type":"Feature","properties":{"road_class":"secondary","highway":"secondary"},"geometry":{"type":"LineString","coordinates":[[47.0657918,40.293493],[47.0818384,40.2888532],[47.1078758,40.2869278]]}},{"type":"Feature","properties":{"road_class":"secondary","highway":"secondary"},"geometry":{"type":"LineString","coordinates":[[47.1220332,40.3747376],[47.1219604,40.3746277]]}},{"type":"Feature","properties":{"road_class":"secondary","highway":"secondary"},"geometry":{"type":"LineString","coordinates":[[47.1138054,40.3776296],[47.1136674,40.3763546]]}},{"type":"Feature","properties":{"road_class":"secondary","highway":"secondary"},"geometry":{"type":"LineString","coordinates":[[47.1136674,40.3763546],[47.1136299,40.3760686]]}},{"type":"Feature","properties":{"road_class":"secondary","highway":"secondary"},"geometry":{"type":"LineString","coordinates":[[47.1139346,40.3639564],[47.1273319,40.3670622]]}},{"type":"Feature","properties":{"road_class":"secondary","highway":"secondary"},"geometry":{"type":"LineString","coordinates":[[50.1252915,40.4595819],[50.1265058,40.4595928]]}},{"type":"Feature","properties":{"road_class":"secondary","highway":"secondary"},"geometry":{"type":"LineString","coordinates":[[47.7177125,40.4130148],[47.718936,40.4128157]]}},{"type":"Feature","properties":{"road_class":"secondary","highway":"secondary"},"geometry":{"type":"LineString","coordinates":[[48.322413,40.8190411],[48.322933,40.8188974]]}},{"type":"Feature","properties":{"road_class":"secondary","highway":"secondary"},"geometry":{"type":"LineString","coordinates":[[46.3419133,40.6970018],[46.3416898,40.6972705]]}},{"type":"Feature","properties":{"road_class":"secondary","highway":"secondary"},"geometry":{"type":"LineString","coordinates":[[46.3948699,40.7510494],[46.3950127,40.7510918],[46.3949962,40.7512074],[46.3947874,40.751177],[46.3948699,40.7510494]]}},{"type":"Feature","properties":{"road_class":"secondary","highway":"secondary"},"geometry":{"type":"LineString","coordinates":[[49.8145373,40.4349434],[49.8145923,40.4342545]]}},{"type":"Feature","properties":{"road_class":"secondary","highway":"secondary"},"geometry":{"type":"LineString","coordinates":[[47.3288634,39.4547499],[47.3258233,39.4549747]]}},{"type":"Feature","properties":{"road_class":"secondary","highway":"secondary"},"geometry":{"type":"LineString","coordinates":[[47.3288634,39.4547499],[47.345072,39.4510655]]}},{"type":"Feature","properties":{"road_class":"secondary","highway":"secondary"},"geometry":{"type":"LineString","coordinates":[[47.3453407,39.450939],[47.3454163,39.4509971],[47.345344,39.4510576],[47.3452628,39.4509953],[47.3453407,39.450939]]}},{"type":"Feature","properties":{"road_class":"secondary","highway":"secondary"},"geometry":{"type":"LineString","coordinates":[[47.3452023,39.4508322],[47.3453694,39.4509437]]}},{"type":"Feature","properties":{"road_class":"secondary","highway":"secondary"},"geometry":{"type":"LineString","coordinates":[[47.339647,39.4468225],[47.3323303,39.4360263],[47.3338255,39.4340173]]}},{"type":"Feature","properties":{"road_class":"secondary","highway":"secondary"},"geometry":{"type":"LineString","coordinates":[[47.3397685,39.4469771],[47.3398873,39.4469653],[47.3399237,39.4470534],[47.3397756,39.4470806],[47.3397685,39.4469771]]}},{"type":"Feature","properties":{"road_class":"secondary","highway":"secondary"},"geometry":{"type":"LineString","coordinates":[[47.339751,39.4469981],[47.339647,39.4468225]]}},{"type":"Feature","properties":{"road_class":"secondary","highway":"secondary"},"geometry":{"type":"LineString","coordinates":[[47.3407745,39.446523],[47.3399305,39.447029]]}},{"type":"Feature","properties":{"road_class":"secondary","highway":"secondary"},"geometry":{"type":"LineString","coordinates":[[48.6028449,39.4504288],[48.6029466,39.4507144]]}},{"type":"Feature","properties":{"road_class":"secondary","highway":"secondary"},"geometry":{"type":"LineString","coordinates":[[49.8034311,40.38522],[49.8036041,40.3852332]]}},{"type":"Feature","properties":{"road_class":"secondary","highway":"secondary"},"geometry":{"type":"LineString","coordinates":[[46.1364091,40.8394258],[46.1370963,40.8399528]]}},{"type":"Feature","properties":{"road_class":"secondary","highway":"secondary"},"geometry":{"type":"LineString","coordinates":[[48.0606273,40.3242834],[48.0609636,40.324383]]}},{"type":"Feature","properties":{"road_class":"secondary","highway":"secondary"},"geometry":{"type":"LineString","coordinates":[[48.0609636,40.324383],[48.0915894,40.3441189],[48.0993136,40.3460409],[48.1074807,40.3529597]]}},{"type":"Feature","properties":{"road_class":"secondary","highway":"secondary"},"geometry":{"type":"LineString","coordinates":[[47.2794506,40.0117047],[47.2821094,40.0135294],[47.284939,40.0205972],[47.2859472,40.0313624],[47.2838251,40.0508713],[47.2858559,40.0630316]]}},{"type":"Feature","properties":{"road_class":"secondary","highway":"secondary"},"geometry":{"type":"LineString","coordinates":[[47.2695111,40.0074481],[47.2654693,40.0149865],[47.258362,40.0229745],[47.2559348,40.0407459],[47.2842412,40.0529107]]}},{"type":"Feature","properties":{"road_class":"secondary","highway":"secondary"},"geometry":{"type":"LineString","coordinates":[[47.2695111,40.0074481],[47.2225448,39.9987632],[47.2080468,39.9880686],[47.202251,39.9860285],[47.2020552,39.9836625],[47.1989718,39.9816822]]}},{"type":"Feature","properties":{"road_class":"secondary","highway":"secondary"},"geometry":{"type":"LineString","coordinates":[[47.1660575,40.0071654],[47.1657109,40.0065947]]}},{"type":"Feature","properties":{"road_class":"secondary","highway":"secondary"},"geometry":{"type":"LineString","coordinates":[[49.2436575,39.3672447],[49.2441209,39.3641456],[49.2130812,39.3224521],[49.2005553,39.3146748],[49.1983713,39.3112413]]}},{"type":"Feature","properties":{"road_class":"secondary","highway":"secondary"},"geometry":{"type":"LineString","coordinates":[[49.1980592,39.3106006],[49.198865,39.3068757],[49.1920515,39.3036379]]}},{"type":"Feature","properties":{"road_class":"secondary","highway":"secondary"},"geometry":{"type":"LineString","coordinates":[[49.2438607,39.3680524],[49.2451076,39.370742]]}},{"type":"Feature","properties":{"road_class":"secondary","highway":"secondary"},"geometry":{"type":"LineString","coordinates":[[49.2451076,39.370742],[49.2460929,39.3716084]]}},{"type":"Feature","properties":{"road_class":"secondary","highway":"secondary"},"geometry":{"type":"LineString","coordinates":[[49.2460929,39.3716084],[49.2463904,39.3718846]]}},{"type":"Feature","properties":{"road_class":"secondary","highway":"secondary"},"geometry":{"type":"LineString","coordinates":[[49.2465353,39.3722591],[49.2466851,39.3722103],[49.2467489,39.3723076],[49.2466155,39.3723733],[49.2465353,39.3722591]]}},{"type":"Feature","properties":{"road_class":"secondary","highway":"secondary"},"geometry":{"type":"LineString","coordinates":[[49.2363365,39.3867484],[49.2430315,39.387284]]}},{"type":"Feature","properties":{"road_class":"secondary","highway":"secondary"},"geometry":{"type":"LineString","coordinates":[[49.2430389,39.3860266],[49.2471609,39.3860465]]}},{"type":"Feature","properties":{"road_class":"secondary","highway":"secondary"},"geometry":{"type":"LineString","coordinates":[[49.2471567,39.3862462],[49.2430389,39.386113]]}},{"type":"Feature","properties":{"road_class":"secondary","highway":"secondary"},"geometry":{"type":"LineString","coordinates":[[49.2340796,39.3964541],[49.2469345,39.3964983]]}},{"type":"Feature","properties":{"road_class":"secondary","highway":"secondary"},"geometry":{"type":"LineString","coordinates":[[49.2400154,39.4128145],[49.243059,39.4138931]]}},{"type":"Feature","properties":{"road_class":"secondary","highway":"secondary"},"geometry":{"type":"LineString","coordinates":[[49.243059,39.4138931],[49.2524431,39.4235265],[49.2509272,39.4470134],[49.2487089,39.4520714],[49.2490108,39.4752015],[49.261335,39.4840481],[49.2664441,39.4918462]]}},{"type":"Feature","properties":{"road_class":"secondary","highway":"secondary"},"geometry":{"type":"LineString","coordinates":[[49.2442094,39.4142602],[49.2318593,39.4215359],[49.2208945,39.4238357],[49.1353713,39.4239638],[49.1322285,39.4252432],[49.1263989,39.4317473],[49.1121351,39.4312876],[49.1054885,39.4350981],[49.0950125,39.4382853],[49.0814367,39.4359188],[49.0790654,39.4383296],[49.0721427,39.4378212],[49.0595216,39.4401038],[49.0558675,39.4428544],[49.0362535,39.4467231]]}},{"type":"Feature","properties":{"road_class":"secondary","highway":"secondary"},"geometry":{"type":"LineString","coordinates":[[49.0247065,39.4587559],[49.0215256,39.4588887]]}},{"type":"Feature","properties":{"road_class":"secondary","highway":"secondary"},"geometry":{"type":"LineString","coordinates":[[49.0215256,39.4588887],[49.0181454,39.4580873]]}},{"type":"Feature","properties":{"road_class":"secondary","highway":"secondary"},"geometry":{"type":"LineString","coordinates":[[49.0359977,39.4584017],[49.0379262,39.4675017],[49.0310398,39.4869698],[49.0224619,39.491937],[49.0122035,39.4940299],[49.011246,39.4974362],[49.0128014,39.502408],[49.0256943,39.5043286],[49.0278358,39.5065853],[49.0288053,39.5140276],[49.0191615,39.5170258],[49.0210444,39.520235],[49.0213823,39.5295462],[49.0274575,39.5348989],[49.0283588,39.5412679],[49.0231928,39.5498865],[49.0239277,39.5606526],[49.0220958,39.5685782],[49.0157711,39.5715886],[49.0091061,39.5695309],[49.0060439,39.572868],[49.0018571,39.5828671],[49.0065122,39.5854231],[49.0021196,39.595647],[49.0022563,39.6029531]]}},{"type":"Feature","properties":{"road_class":"secondary","highway":"secondary"},"geometry":{"type":"LineString","coordinates":[[49.1611333,39.3010918],[49.1881236,39.3038549]]}},{"type":"Feature","properties":{"road_class":"secondary","highway":"secondary"},"geometry":{"type":"LineString","coordinates":[[49.1546942,39.3037791],[49.1555632,39.304381]]}},{"type":"Feature","properties":{"road_class":"secondary","highway":"secondary"},"geometry":{"type":"LineString","coordinates":[[49.1019659,39.3292874],[49.0795074,39.3501787],[49.0746206,39.3498772]]}},{"type":"Feature","properties":{"road_class":"secondary","highway":"secondary"},"geometry":{"type":"LineString","coordinates":[[49.0746206,39.3498772],[49.0740896,39.3495869]]}},{"type":"Feature","properties":{"road_class":"secondary","highway":"secondary"},"geometry":{"type":"LineString","coordinates":[[49.0740896,39.3495869],[49.0689054,39.3479906],[48.9834268,39.3529333],[48.9405317,39.345593],[48.8933189,39.3213556],[48.8667893,39.3166111]]}},{"type":"Feature","properties":{"road_class":"secondary","highway":"secondary"},"geometry":{"type":"LineString","coordinates":[[49.0372823,39.4649927],[49.0272758,39.4616163],[49.0247065,39.4587559]]}},{"type":"Feature","properties":{"road_class":"secondary","highway":"secondary"},"geometry":{"type":"LineString","coordinates":[[49.9447383,40.373236],[49.9444546,40.3733958]]}},{"type":"Feature","properties":{"road_class":"secondary","highway":"secondary"},"geometry":{"type":"LineString","coordinates":[[49.8365982,40.4048485],[49.8364678,40.4048216]]}},{"type":"Feature","properties":{"road_class":"secondary","highway":"secondary"},"geometry":{"type":"LineString","coordinates":[[47.7449162,40.6424651],[47.7450524,40.6425284],[47.7450045,40.6426407],[47.7448082,40.6425822],[47.7449162,40.6424651]]}},{"type":"Feature","properties":{"road_class":"secondary","highway":"secondary"},"geometry":{"type":"LineString","coordinates":[[49.8084458,40.3803928],[49.807255,40.3798543]]}},{"type":"Feature","properties":{"road_class":"secondary","highway":"secondary"},"geometry":{"type":"LineString","coordinates":[[49.8072795,40.3795727],[49.808629,40.3792237]]}},{"type":"Feature","properties":{"road_class":"secondary","highway":"secondary"},"geometry":{"type":"LineString","coordinates":[[49.9077632,40.4165813],[49.9081218,40.4167545]]}},{"type":"Feature","properties":{"road_class":"secondary","highway":"secondary"},"geometry":{"type":"LineString","coordinates":[[49.8981335,40.4124895],[49.8964698,40.4117338]]}},{"type":"Feature","properties":{"road_class":"secondary","highway":"secondary"},"geometry":{"type":"LineString","coordinates":[[46.7488164,39.7682302],[46.7512799,39.7676605]]}},{"type":"Feature","properties":{"road_class":"secondary","highway":"secondary"},"geometry":{"type":"LineString","coordinates":[[46.7464001,39.7699052],[46.7472128,39.7691316]]}},{"type":"Feature","properties":{"road_class":"secondary","highway":"secondary"},"geometry":{"type":"LineString","coordinates":[[50.2318095,40.3649634],[50.238888,40.3655752],[50.2651496,40.3616559]]}},{"type":"Feature","properties":{"road_class":"secondary","highway":"secondary"},"geometry":{"type":"LineString","coordinates":[[45.4164521,39.2147672],[45.4205936,39.2153145]]}},{"type":"Feature","properties":{"road_class":"secondary","highway":"secondary"},"geometry":{"type":"LineString","coordinates":[[45.4164521,39.2147672],[45.4164283,39.2150774]]}},{"type":"Feature","properties":{"road_class":"secondary","highway":"secondary"},"geometry":{"type":"LineString","coordinates":[[45.4118121,39.2125509],[45.411529,39.2143389]]}},{"type":"Feature","properties":{"road_class":"secondary","highway":"secondary"},"geometry":{"type":"LineString","coordinates":[[45.4385923,39.1811613],[45.4430528,39.1724888],[45.4407186,39.1667662],[45.4416976,39.1575524]]}},{"type":"Feature","properties":{"road_class":"secondary","highway":"secondary"},"geometry":{"type":"LineString","coordinates":[[46.7472128,39.7691316],[46.7467355,39.7699622]]}},{"type":"Feature","properties":{"road_class":"secondary","highway":"secondary"},"geometry":{"type":"LineString","coordinates":[[45.461315,39.3551505],[45.4627935,39.3541105]]}},{"type":"Feature","properties":{"road_class":"secondary","highway":"secondary"},"geometry":{"type":"LineString","coordinates":[[45.4627935,39.3541105],[45.4633729,39.3537206]]}},{"type":"Feature","properties":{"road_class":"secondary","highway":"secondary"},"geometry":{"type":"LineString","coordinates":[[45.4629589,39.3489343],[45.4597539,39.3393672]]}},{"type":"Feature","properties":{"road_class":"secondary","highway":"secondary"},"geometry":{"type":"LineString","coordinates":[[45.4597539,39.3393672],[45.4564237,39.3339187]]}},{"type":"Feature","properties":{"road_class":"secondary","highway":"secondary"},"geometry":{"type":"LineString","coordinates":[[45.459543,39.2887789],[45.4596271,39.2889931]]}},{"type":"Feature","properties":{"road_class":"secondary","highway":"secondary"},"geometry":{"type":"LineString","coordinates":[[45.4594818,39.2886192],[45.459543,39.2887789]]}},{"type":"Feature","properties":{"road_class":"secondary","highway":"secondary"},"geometry":{"type":"LineString","coordinates":[[45.4701156,39.2672773],[45.4825437,39.2753999],[45.4895174,39.2828743],[45.5031001,39.2899825],[45.5071771,39.2985845],[45.5131933,39.3022313],[45.5151379,39.3013409]]}},{"type":"Feature","properties":{"road_class":"secondary","highway":"secondary"},"geometry":{"type":"LineString","coordinates":[[48.3297935,39.2296602],[48.3181622,39.2216324],[48.3176133,39.2192923],[48.3096169,39.2117408]]}},{"type":"Feature","properties":{"road_class":"secondary","highway":"secondary"},"geometry":{"type":"LineString","coordinates":[[48.4364433,39.2474136],[48.4306561,39.2579443],[48.4247998,39.2581171]]}},{"type":"Feature","properties":{"road_class":"secondary","highway":"secondary"},"geometry":{"type":"LineString","coordinates":[[49.801905,40.4132174],[49.8027695,40.4117759]]}},{"type":"Feature","properties":{"road_class":"secondary","highway":"secondary"},"geometry":{"type":"LineString","coordinates":[[45.7238518,38.9062762],[45.7317643,38.911398],[45.7322203,38.9262899],[45.730638,38.9288031]]}},{"type":"Feature","properties":{"road_class":"secondary","highway":"secondary"},"geometry":{"type":"LineString","coordinates":[[48.6451142,39.0391709],[48.6491141,39.0379527],[48.6549148,39.039319]]}},{"type":"Feature","properties":{"road_class":"secondary","highway":"secondary"},"geometry":{"type":"LineString","coordinates":[[46.6492659,41.6212256],[46.6556405,41.6271214]]}},{"type":"Feature","properties":{"road_class":"secondary","highway":"secondary"},"geometry":{"type":"LineString","coordinates":[[47.3991697,39.528508],[47.3991214,39.5283301]]}},{"type":"Feature","properties":{"road_class":"secondary","highway":"secondary"},"geometry":{"type":"LineString","coordinates":[[47.3991214,39.5283301],[47.395479,39.5249413],[47.3942613,39.5211551],[47.4022784,39.5123383]]}},{"type":"Feature","properties":{"road_class":"secondary","highway":"secondary"},"geometry":{"type":"LineString","coordinates":[[47.60911,39.5629824],[47.5967997,39.5718411]]}},{"type":"Feature","properties":{"road_class":"secondary","highway":"secondary"},"geometry":{"type":"LineString","coordinates":[[49.7560885,40.4579741],[49.7560527,40.4581862]]}},{"type":"Feature","properties":{"road_class":"secondary","highway":"secondary"},"geometry":{"type":"LineString","coordinates":[[44.9862715,39.5646478],[44.9785983,39.5606363]]}},{"type":"Feature","properties":{"road_class":"secondary","highway":"secondary"},"geometry":{"type":"LineString","coordinates":[[44.9783183,39.5600018],[44.9787964,39.55972]]}},{"type":"Feature","properties":{"road_class":"secondary","highway":"secondary"},"geometry":{"type":"LineString","coordinates":[[44.976542,39.5592902],[44.9829807,39.5589528],[44.985724,39.5570649]]}},{"type":"Feature","properties":{"road_class":"secondary","highway":"secondary"},"geometry":{"type":"LineString","coordinates":[[44.9777899,39.5525263],[44.9766131,39.5600033]]}},{"type":"Feature","properties":{"road_class":"secondary","highway":"secondary"},"geometry":{"type":"LineString","coordinates":[[44.989101,39.5331312],[44.9836578,39.5449015]]}},{"type":"Feature","properties":{"road_class":"secondary","highway":"secondary"},"geometry":{"type":"LineString","coordinates":[[48.7059298,39.0889213],[48.6717821,39.1097095]]}},{"type":"Feature","properties":{"road_class":"secondary","highway":"secondary"},"geometry":{"type":"LineString","coordinates":[[46.1189002,40.2319086],[46.1188566,40.2321011]]}},{"type":"Feature","properties":{"road_class":"secondary","highway":"secondary"},"geometry":{"type":"LineString","coordinates":[[47.3311748,39.4263786],[47.3310918,39.4262791]]}},{"type":"Feature","properties":{"road_class":"secondary","highway":"secondary"},"geometry":{"type":"LineString","coordinates":[[47.3310918,39.4262791],[47.3172284,39.4034893],[47.3125628,39.398459]]}},{"type":"Feature","properties":{"road_class":"secondary","highway":"secondary"},"geometry":{"type":"LineString","coordinates":[[49.8247403,40.4085542],[49.8243774,40.4085074]]}},{"type":"Feature","properties":{"road_class":"secondary","highway":"secondary"},"geometry":{"type":"LineString","coordinates":[[49.8664045,40.4192454],[49.864497,40.4187784]]}},{"type":"Feature","properties":{"road_class":"secondary","highway":"secondary"},"geometry":{"type":"LineString","coordinates":[[48.7607634,39.025654],[48.767949,39.0291277],[48.7698667,39.0324819]]}},{"type":"Feature","properties":{"road_class":"secondary","highway":"secondary"},"geometry":{"type":"LineString","coordinates":[[48.8716774,38.6329615],[48.8719133,38.6333604]]}},{"type":"Feature","properties":{"road_class":"secondary","highway":"secondary"},"geometry":{"type":"LineString","coordinates":[[48.8698653,38.597992],[48.8698218,38.5987172]]}},{"type":"Feature","properties":{"road_class":"secondary","highway":"secondary"},"geometry":{"type":"LineString","coordinates":[[48.8698218,38.5987172],[48.8721278,38.6147158],[48.8720488,38.6267753]]}},{"type":"Feature","properties":{"road_class":"secondary","highway":"secondary"},"geometry":{"type":"LineString","coordinates":[[49.9892558,40.5886243],[49.9897322,40.5889933]]}},{"type":"Feature","properties":{"road_class":"secondary","highway":"secondary"},"geometry":{"type":"LineString","coordinates":[[49.9404463,40.3722308],[49.9412835,40.3728454]]}},{"type":"Feature","properties":{"road_class":"secondary","highway":"secondary"},"geometry":{"type":"LineString","coordinates":[[49.9409491,40.3730223],[49.9412835,40.3728454]]}},{"type":"Feature","properties":{"road_class":"secondary","highway":"secondary"},"geometry":{"type":"LineString","coordinates":[[45.6741581,40.9663849],[45.6733667,40.9664546]]}},{"type":"Feature","properties":{"road_class":"secondary","highway":"secondary"},"geometry":{"type":"LineString","coordinates":[[50.1252983,40.4603072],[50.1252915,40.4595819]]}},{"type":"Feature","properties":{"road_class":"secondary","highway":"secondary"},"geometry":{"type":"LineString","coordinates":[[50.0924241,40.4662149],[50.0930876,40.4670305]]}},{"type":"Feature","properties":{"road_class":"secondary","highway":"secondary"},"geometry":{"type":"LineString","coordinates":[[49.8372268,40.4027478],[49.8373403,40.4028424]]}},{"type":"Feature","properties":{"road_class":"secondary","highway":"secondary"},"geometry":{"type":"LineString","coordinates":[[48.299102,39.005215],[48.3035763,39.0121162],[48.304375,39.0227462],[48.3019498,39.0270141],[48.2981919,39.028228],[48.2922314,39.0359365],[48.2908282,39.0433895]]}},{"type":"Feature","properties":{"road_class":"secondary","highway":"secondary"},"geometry":{"type":"LineString","coordinates":[[49.7210239,40.4657511],[49.720779,40.4657819]]}},{"type":"Feature","properties":{"road_class":"secondary","highway":"secondary"},"geometry":{"type":"LineString","coordinates":[[49.8693585,40.4020115],[49.8694214,40.4022786]]}},{"type":"Feature","properties":{"road_class":"secondary","highway":"secondary"},"geometry":{"type":"LineString","coordinates":[[45.4484498,39.1902047],[45.4489847,39.1900659]]}},{"type":"Feature","properties":{"road_class":"secondary","highway":"secondary"},"geometry":{"type":"LineString","coordinates":[[45.4274614,39.196517],[45.4273032,39.1959082]]}},{"type":"Feature","properties":{"road_class":"secondary","highway":"secondary"},"geometry":{"type":"LineString","coordinates":[[46.7488164,39.7682302],[46.7472128,39.7691316]]}},{"type":"Feature","properties":{"road_class":"secondary","highway":"secondary"},"geometry":{"type":"LineString","coordinates":[[47.6038692,39.7622274],[47.5664555,39.7874004]]}},{"type":"Feature","properties":{"road_class":"secondary","highway":"secondary"},"geometry":{"type":"LineString","coordinates":[[48.9393235,40.5313061],[48.934353,40.5224816]]}},{"type":"Feature","properties":{"road_class":"secondary","highway":"secondary"},"geometry":{"type":"LineString","coordinates":[[48.2278308,38.8958968],[48.2335903,38.9000983]]}},{"type":"Feature","properties":{"road_class":"secondary","highway":"secondary"},"geometry":{"type":"LineString","coordinates":[[46.322019,40.5985514],[46.3264547,40.5970276]]}},{"type":"Feature","properties":{"road_class":"secondary","highway":"secondary"},"geometry":{"type":"LineString","coordinates":[[46.3247159,40.6049316],[46.3241651,40.6036703]]}},{"type":"Feature","properties":{"road_class":"secondary","highway":"secondary"},"geometry":{"type":"LineString","coordinates":[[45.4552631,41.1062821],[45.454795,41.1061297]]}},{"type":"Feature","properties":{"road_class":"secondary","highway":"secondary"},"geometry":{"type":"LineString","coordinates":[[45.454795,41.1061297],[45.4533675,41.1058369]]}},{"type":"Feature","properties":{"road_class":"secondary","highway":"secondary"},"geometry":{"type":"LineString","coordinates":[[49.8495591,40.4003834],[49.8486682,40.4000661]]}},{"type":"Feature","properties":{"road_class":"secondary","highway":"secondary"},"geometry":{"type":"LineString","coordinates":[[47.1693314,41.1845701],[47.1693665,41.1847313],[47.1691502,41.1847211],[47.1691757,41.1845806],[47.1693314,41.1845701]]}},{"type":"Feature","properties":{"road_class":"secondary","highway":"secondary"},"geometry":{"type":"LineString","coordinates":[[46.9200983,41.4161827],[46.9202716,41.4161668],[46.9203293,41.4162915],[46.9201063,41.4163347],[46.9200983,41.4161827]]}},{"type":"Feature","properties":{"road_class":"secondary","highway":"secondary"},"geometry":{"type":"LineString","coordinates":[[49.8180534,40.3728053],[49.8191016,40.3725111]]}},{"type":"Feature","properties":{"road_class":"secondary","highway":"secondary"},"geometry":{"type":"LineString","coordinates":[[46.2547563,40.6459536],[46.2545734,40.6460523]]}},{"type":"Feature","properties":{"road_class":"secondary","highway":"secondary"},"geometry":{"type":"LineString","coordinates":[[46.3773642,40.7118402],[46.3769526,40.7119199]]}},{"type":"Feature","properties":{"road_class":"secondary","highway":"secondary"},"geometry":{"type":"LineString","coordinates":[[46.7349986,40.6966682],[46.7348879,40.696826]]}},{"type":"Feature","properties":{"road_class":"secondary","highway":"secondary"},"geometry":{"type":"LineString","coordinates":[[49.9756906,40.388715],[49.975999,40.3890191]]}},{"type":"Feature","properties":{"road_class":"secondary","highway":"secondary"},"geometry":{"type":"LineString","coordinates":[[46.0109829,40.8073389],[46.0103648,40.8072927]]}},{"type":"Feature","properties":{"road_class":"secondary","highway":"secondary"},"geometry":{"type":"LineString","coordinates":[[46.3247849,40.6049117],[46.3250121,40.6054911]]}},{"type":"Feature","properties":{"road_class":"secondary","highway":"secondary"},"geometry":{"type":"LineString","coordinates":[[46.3254757,40.6069317],[46.3249499,40.6055202]]}},{"type":"Feature","properties":{"road_class":"secondary","highway":"secondary"},"geometry":{"type":"LineString","coordinates":[[46.3250121,40.6054911],[46.3254757,40.6069317]]}},{"type":"Feature","properties":{"road_class":"secondary","highway":"secondary"},"geometry":{"type":"LineString","coordinates":[[46.3242309,40.6036469],[46.3247849,40.6049117]]}},{"type":"Feature","properties":{"road_class":"secondary","highway":"secondary"},"geometry":{"type":"LineString","coordinates":[[48.373598,40.5785754],[48.3730403,40.5788151]]}},{"type":"Feature","properties":{"road_class":"secondary","highway":"secondary"},"geometry":{"type":"LineString","coordinates":[[48.3944652,40.5650685],[48.3955995,40.5652754]]}},{"type":"Feature","properties":{"road_class":"secondary","highway":"secondary"},"geometry":{"type":"LineString","coordinates":[[50.105162,40.4194012],[50.1087539,40.4073773],[50.101682,40.3987581],[50.1014548,40.3936423]]}},{"type":"Feature","properties":{"road_class":"secondary","highway":"secondary"},"geometry":{"type":"LineString","coordinates":[[47.1344387,40.3863471],[47.1341737,40.3861219]]}},{"type":"Feature","properties":{"road_class":"secondary","highway":"secondary"},"geometry":{"type":"LineString","coordinates":[[47.1082352,40.6198022],[47.0899282,40.6217044]]}},{"type":"Feature","properties":{"road_class":"secondary","highway":"secondary"},"geometry":{"type":"LineString","coordinates":[[46.0333081,40.8599138],[46.0264288,40.8690244],[46.0272697,40.8707198]]}},{"type":"Feature","properties":{"road_class":"secondary","highway":"secondary"},"geometry":{"type":"LineString","coordinates":[[46.0265405,40.8425206],[46.0267477,40.8425094],[46.0267844,40.842638],[46.0265872,40.8426915],[46.0265405,40.8425206]]}},{"type":"Feature","properties":{"road_class":"secondary","highway":"secondary"},"geometry":{"type":"LineString","coordinates":[[49.9971722,40.3946057],[49.9980101,40.3947138]]}},{"type":"Feature","properties":{"road_class":"secondary","highway":"secondary"},"geometry":{"type":"LineString","coordinates":[[49.9696814,40.3647132],[49.9698949,40.3644806]]}},{"type":"Feature","properties":{"road_class":"secondary","highway":"secondary"},"geometry":{"type":"LineString","coordinates":[[49.9571111,40.4161766],[49.9571887,40.4160681]]}},{"type":"Feature","properties":{"road_class":"secondary","highway":"secondary"},"geometry":{"type":"LineString","coordinates":[[49.9402293,40.395994],[49.9398186,40.3958096]]}},{"type":"Feature","properties":{"road_class":"secondary","highway":"secondary"},"geometry":{"type":"LineString","coordinates":[[50.1780822,40.416218],[50.1784394,40.4163967]]}},{"type":"Feature","properties":{"road_class":"secondary","highway":"secondary"},"geometry":{"type":"LineString","coordinates":[[50.2976296,40.4063956],[50.2984352,40.4066645]]}},{"type":"Feature","properties":{"road_class":"secondary","highway":"secondary"},"geometry":{"type":"LineString","coordinates":[[50.0898376,40.3937976],[50.0896754,40.3936636],[50.0899032,40.3935481],[50.0900134,40.3936741],[50.0898376,40.3937976]]}},{"type":"Feature","properties":{"road_class":"secondary","highway":"secondary"},"geometry":{"type":"LineString","coordinates":[[49.8646014,40.3759768],[49.865551,40.375057]]}},{"type":"Feature","properties":{"road_class":"secondary","highway":"secondary"},"geometry":{"type":"LineString","coordinates":[[49.8659554,40.3752849],[49.8659323,40.3766825]]}},{"type":"Feature","properties":{"road_class":"secondary","highway":"secondary"},"geometry":{"type":"LineString","coordinates":[[49.8658705,40.3753094],[49.865569,40.3751926],[49.8656409,40.3749455],[49.8660776,40.3750402],[49.8658705,40.3753094]]}},{"type":"Feature","properties":{"road_class":"secondary","highway":"secondary"},"geometry":{"type":"LineString","coordinates":[[49.8659666,40.3749301],[49.8818513,40.3759648]]}},{"type":"Feature","properties":{"road_class":"secondary","highway":"secondary"},"geometry":{"type":"LineString","coordinates":[[49.8818273,40.3762747],[49.8659554,40.3752849]]}},{"type":"Feature","properties":{"road_class":"secondary","highway":"secondary"},"geometry":{"type":"LineString","coordinates":[[49.8820636,40.3763075],[49.8818273,40.3762747]]}},{"type":"Feature","properties":{"road_class":"secondary","highway":"secondary"},"geometry":{"type":"LineString","coordinates":[[49.8821371,40.3762779],[49.8816636,40.3784949]]}},{"type":"Feature","properties":{"road_class":"secondary","highway":"secondary"},"geometry":{"type":"LineString","coordinates":[[49.9513255,40.4133787],[49.9519855,40.4134165]]}},{"type":"Feature","properties":{"road_class":"secondary","highway":"secondary"},"geometry":{"type":"LineString","coordinates":[[49.7959556,40.4160716],[49.796712,40.4113218]]}},{"type":"Feature","properties":{"road_class":"secondary","highway":"secondary"},"geometry":{"type":"LineString","coordinates":[[49.8145883,40.4358695],[49.8145373,40.4349434]]}},{"type":"Feature","properties":{"road_class":"secondary","highway":"secondary"},"geometry":{"type":"LineString","coordinates":[[49.9097114,40.4217241],[49.9103104,40.4213734]]}},{"type":"Feature","properties":{"road_class":"secondary","highway":"secondary"},"geometry":{"type":"LineString","coordinates":[[49.9233398,40.4328141],[49.9164221,40.4344294],[49.9107155,40.426031]]}},{"type":"Feature","properties":{"road_class":"secondary","highway":"secondary"},"geometry":{"type":"LineString","coordinates":[[49.9103104,40.4213734],[49.9119978,40.4222457]]}},{"type":"Feature","properties":{"road_class":"secondary","highway":"secondary"},"geometry":{"type":"LineString","coordinates":[[49.9119978,40.4222457],[49.9130614,40.4227606]]}},{"type":"Feature","properties":{"road_class":"secondary","highway":"secondary"},"geometry":{"type":"LineString","coordinates":[[49.9107155,40.426031],[49.9106243,40.425533]]}},{"type":"Feature","properties":{"road_class":"secondary","highway":"secondary"},"geometry":{"type":"LineString","coordinates":[[49.9108003,40.42554],[49.9108872,40.4260339]]}},{"type":"Feature","properties":{"road_class":"secondary","highway":"secondary"},"geometry":{"type":"LineString","coordinates":[[49.9106243,40.425533],[49.9097903,40.4219286]]}},{"type":"Feature","properties":{"road_class":"secondary","highway":"secondary"},"geometry":{"type":"LineString","coordinates":[[49.9108872,40.4260339],[49.9163611,40.4339177],[49.9231349,40.4326145]]}},{"type":"Feature","properties":{"road_class":"secondary","highway":"secondary"},"geometry":{"type":"LineString","coordinates":[[49.9118113,40.4223622],[49.910392,40.4219296]]}},{"type":"Feature","properties":{"road_class":"secondary","highway":"secondary"},"geometry":{"type":"LineString","coordinates":[[49.9146393,40.4235759],[49.9166435,40.424386]]}},{"type":"Feature","properties":{"road_class":"secondary","highway":"secondary"},"geometry":{"type":"LineString","coordinates":[[46.7651395,39.8267861],[46.7653015,39.8265281]]}},{"type":"Feature","properties":{"road_class":"secondary","highway":"secondary"},"geometry":{"type":"LineString","coordinates":[[46.7655897,39.8267578],[46.7651395,39.8267861]]}},{"type":"Feature","properties":{"road_class":"secondary","highway":"secondary"},"geometry":{"type":"LineString","coordinates":[[47.5173312,39.7452033],[47.5218528,39.7482405],[47.5287348,39.7489888]]}},{"type":"Feature","properties":{"road_class":"secondary","highway":"secondary"},"geometry":{"type":"LineString","coordinates":[[47.5157179,39.7449322],[47.5146886,39.7440404],[47.5179301,39.7395391]]}},{"type":"Feature","properties":{"road_class":"secondary","highway":"secondary"},"geometry":{"type":"LineString","coordinates":[[47.5102735,39.7363962],[47.5179301,39.7395391]]}},{"type":"Feature","properties":{"road_class":"secondary","highway":"secondary"},"geometry":{"type":"LineString","coordinates":[[47.8508038,40.9799113],[47.8506549,40.9793961]]}},{"type":"Feature","properties":{"road_class":"secondary","highway":"secondary"},"geometry":{"type":"LineString","coordinates":[[47.5661585,39.7872356],[47.5659962,39.7870918]]}},{"type":"Feature","properties":{"road_class":"secondary","highway":"secondary"},"geometry":{"type":"LineString","coordinates":[[47.5569934,39.7788645],[47.5340554,39.7496697],[47.5287348,39.7489888]]}},{"type":"Feature","properties":{"road_class":"secondary","highway":"secondary"},"geometry":{"type":"LineString","coordinates":[[45.6601093,40.6415059],[45.6596686,40.6414785]]}},{"type":"Feature","properties":{"road_class":"secondary","highway":"secondary"},"geometry":{"type":"LineString","coordinates":[[45.6596686,40.6414785],[45.6595579,40.6337058],[45.6540808,40.6305222],[45.6561096,40.6237941],[45.6488492,40.6158918],[45.6443111,40.6067786]]}},{"type":"Feature","properties":{"road_class":"secondary","highway":"secondary"},"geometry":{"type":"LineString","coordinates":[[45.6575248,40.668994],[45.6574995,40.6686538]]}},{"type":"Feature","properties":{"road_class":"secondary","highway":"secondary"},"geometry":{"type":"LineString","coordinates":[[45.6817743,40.7984312],[45.6815259,40.7982214]]}},{"type":"Feature","properties":{"road_class":"secondary","highway":"secondary"},"geometry":{"type":"LineString","coordinates":[[45.6742431,40.826135],[45.6747521,40.8258858]]}},{"type":"Feature","properties":{"road_class":"secondary","highway":"secondary"},"geometry":{"type":"LineString","coordinates":[[46.841063,39.8080281],[46.8429988,39.8071851]]}},{"type":"Feature","properties":{"road_class":"secondary","highway":"secondary"},"geometry":{"type":"LineString","coordinates":[[45.466503,40.66919],[45.4635019,40.6728472],[45.4567602,40.6752176],[45.4570243,40.6793423],[45.4594718,40.6835294],[45.4590641,40.6896554],[45.4644956,40.6976081],[45.4739081,40.6994195],[45.4767747,40.6974841],[45.4848683,40.7028992],[45.4829626,40.7001347],[45.4848307,40.6975471],[45.488449,40.6975247],[45.489937,40.6942817],[45.4926883,40.6973214],[45.4935931,40.7017902]]}},{"type":"Feature","properties":{"road_class":"secondary","highway":"secondary"},"geometry":{"type":"LineString","coordinates":[[45.6447366,40.6049331],[45.6449083,40.6044199]]}},{"type":"Feature","properties":{"road_class":"secondary","highway":"secondary"},"geometry":{"type":"LineString","coordinates":[[45.6441442,40.6027318],[45.6383041,40.5946617],[45.6375772,40.5794683],[45.6521241,40.5701793],[45.6521174,40.5628676]]}},{"type":"Feature","properties":{"road_class":"secondary","highway":"secondary"},"geometry":{"type":"LineString","coordinates":[[48.7273345,38.9924578],[48.727124,38.992687]]}},{"type":"Feature","properties":{"road_class":"secondary","highway":"secondary"},"geometry":{"type":"LineString","coordinates":[[49.7344641,40.3123688],[49.7346227,40.3127235]]}},{"type":"Feature","properties":{"road_class":"secondary","highway":"secondary"},"geometry":{"type":"LineString","coordinates":[[49.7345722,40.3127321],[49.7343702,40.3129575]]}},{"type":"Feature","properties":{"road_class":"secondary","highway":"secondary"},"geometry":{"type":"LineString","coordinates":[[49.7487915,40.3175651],[49.7485565,40.3178277]]}},{"type":"Feature","properties":{"road_class":"secondary","highway":"secondary"},"geometry":{"type":"LineString","coordinates":[[49.7485565,40.3178277],[49.7481264,40.3180501]]}},{"type":"Feature","properties":{"road_class":"secondary","highway":"secondary"},"geometry":{"type":"LineString","coordinates":[[49.7281891,40.3219574],[49.7280821,40.3218954]]}},{"type":"Feature","properties":{"road_class":"secondary","highway":"secondary"},"geometry":{"type":"LineString","coordinates":[[49.8700268,40.4215011],[49.8702683,40.4210871]]}},{"type":"Feature","properties":{"road_class":"secondary","highway":"secondary"},"geometry":{"type":"LineString","coordinates":[[49.8348618,40.4108278],[49.8328483,40.4104068]]}},{"type":"Feature","properties":{"road_class":"secondary","highway":"secondary"},"geometry":{"type":"LineString","coordinates":[[49.8314271,40.4101099],[49.8247403,40.4085542]]}},{"type":"Feature","properties":{"road_class":"secondary","highway":"secondary"},"geometry":{"type":"LineString","coordinates":[[47.1319349,39.4930603],[47.1120921,39.4931044],[47.1010687,39.4980154]]}},{"type":"Feature","properties":{"road_class":"secondary","highway":"secondary"},"geometry":{"type":"LineString","coordinates":[[48.4750529,41.7069614],[48.475373,41.7068407]]}},{"type":"Feature","properties":{"road_class":"secondary","highway":"secondary"},"geometry":{"type":"LineString","coordinates":[[48.4754214,41.7068975],[48.4751212,41.7070106]]}},{"type":"Feature","properties":{"road_class":"secondary","highway":"secondary"},"geometry":{"type":"LineString","coordinates":[[48.5480598,41.788122],[48.5479392,41.7880167]]}},{"type":"Feature","properties":{"road_class":"secondary","highway":"secondary"},"geometry":{"type":"LineString","coordinates":[[48.5490278,41.7873193],[48.5491588,41.7874495]]}},{"type":"Feature","properties":{"road_class":"secondary","highway":"secondary"},"geometry":{"type":"LineString","coordinates":[[48.548268,41.787591],[48.5485195,41.7874258]]}},{"type":"Feature","properties":{"road_class":"secondary","highway":"secondary"},"geometry":{"type":"LineString","coordinates":[[48.5489148,41.787785],[48.5486634,41.787929]]}},{"type":"Feature","properties":{"road_class":"secondary","highway":"secondary"},"geometry":{"type":"LineString","coordinates":[[46.0233552,40.8727109],[46.0227716,40.8729776]]}},{"type":"Feature","properties":{"road_class":"secondary","highway":"secondary"},"geometry":{"type":"LineString","coordinates":[[45.996393,40.8836276],[45.9647319,40.8965206],[45.9519938,40.8999286],[45.8934407,40.9032702]]}},{"type":"Feature","properties":{"road_class":"secondary","highway":"secondary"},"geometry":{"type":"LineString","coordinates":[[46.7486574,40.3235938],[46.7689322,40.3260005]]}},{"type":"Feature","properties":{"road_class":"secondary","highway":"secondary"},"geometry":{"type":"LineString","coordinates":[[49.8103468,40.3562504],[49.8104663,40.3556931]]}},{"type":"Feature","properties":{"road_class":"secondary","highway":"secondary"},"geometry":{"type":"LineString","coordinates":[[48.8073612,38.4478781],[48.8076521,38.4471706]]}},{"type":"Feature","properties":{"road_class":"secondary","highway":"secondary"},"geometry":{"type":"LineString","coordinates":[[49.8235898,40.407207],[49.8195005,40.4029657]]}},{"type":"Feature","properties":{"road_class":"secondary","highway":"secondary"},"geometry":{"type":"LineString","coordinates":[[47.1346967,40.3863453],[47.1348946,40.3866303]]}},{"type":"Feature","properties":{"road_class":"secondary","highway":"secondary"},"geometry":{"type":"LineString","coordinates":[[48.8193884,38.6964672],[48.8099365,38.7007924]]}},{"type":"Feature","properties":{"road_class":"secondary","highway":"secondary"},"geometry":{"type":"LineString","coordinates":[[49.964238,40.4393365],[49.9612909,40.4390739]]}},{"type":"Feature","properties":{"road_class":"secondary","highway":"secondary"},"geometry":{"type":"LineString","coordinates":[[49.9614775,40.4387512],[49.9644309,40.4393024]]}},{"type":"Feature","properties":{"road_class":"secondary","highway":"secondary"},"geometry":{"type":"LineString","coordinates":[[49.757837,40.5270338],[49.7589147,40.5289646],[49.7600976,40.5289198],[49.7584802,40.5276772]]}},{"type":"Feature","properties":{"road_class":"secondary","highway":"secondary"},"geometry":{"type":"LineString","coordinates":[[49.7642212,40.5277671],[49.7593144,40.5293613],[49.757837,40.5270338]]}},{"type":"Feature","properties":{"road_class":"secondary","highway":"secondary"},"geometry":{"type":"LineString","coordinates":[[49.8348743,40.3389494],[49.8337279,40.3386567]]}},{"type":"Feature","properties":{"road_class":"secondary","highway":"secondary"},"geometry":{"type":"LineString","coordinates":[[49.7741453,40.3352045],[49.7771372,40.3371813]]}},{"type":"Feature","properties":{"road_class":"secondary","highway":"secondary"},"geometry":{"type":"LineString","coordinates":[[49.7956764,40.4170631],[49.7959556,40.4160716]]}},{"type":"Feature","properties":{"road_class":"secondary","highway":"secondary"},"geometry":{"type":"LineString","coordinates":[[49.9098615,40.4258949],[49.9048094,40.4257981],[49.8975259,40.4285453],[49.8833165,40.4277304]]}},{"type":"Feature","properties":{"road_class":"secondary","highway":"secondary"},"geometry":{"type":"LineString","coordinates":[[49.899008,40.4109149],[49.9004093,40.4094258]]}},{"type":"Feature","properties":{"road_class":"secondary","highway":"secondary"},"geometry":{"type":"LineString","coordinates":[[49.90059,40.4095261],[49.8990785,40.4109615]]}},{"type":"Feature","properties":{"road_class":"secondary","highway":"secondary"},"geometry":{"type":"LineString","coordinates":[[49.8990785,40.4109615],[49.8975497,40.4126125]]}},{"type":"Feature","properties":{"road_class":"secondary","highway":"secondary"},"geometry":{"type":"LineString","coordinates":[[49.8975497,40.4126125],[49.8964852,40.4150741]]}},{"type":"Feature","properties":{"road_class":"secondary","highway":"secondary"},"geometry":{"type":"LineString","coordinates":[[49.8963375,40.4155879],[49.896347,40.4156083]]}},{"type":"Feature","properties":{"road_class":"secondary","highway":"secondary"},"geometry":{"type":"LineString","coordinates":[[49.9004975,40.4093376],[49.9006956,40.4094309]]}},{"type":"Feature","properties":{"road_class":"secondary","highway":"secondary"},"geometry":{"type":"LineString","coordinates":[[49.896347,40.4156083],[49.9056916,40.4190697]]}},{"type":"Feature","properties":{"road_class":"secondary","highway":"secondary"},"geometry":{"type":"LineString","coordinates":[[49.9423492,40.4406236],[49.9426114,40.4407241]]}},{"type":"Feature","properties":{"road_class":"secondary","highway":"secondary"},"geometry":{"type":"LineString","coordinates":[[49.9815155,40.3505602],[49.9809334,40.3503766]]}},{"type":"Feature","properties":{"road_class":"secondary","highway":"secondary"},"geometry":{"type":"LineString","coordinates":[[49.9793904,40.359598],[49.9788261,40.3596765]]}},{"type":"Feature","properties":{"road_class":"secondary","highway":"secondary"},"geometry":{"type":"LineString","coordinates":[[49.9783813,40.3582607],[49.9792885,40.3594808]]}},{"type":"Feature","properties":{"road_class":"secondary","highway":"secondary"},"geometry":{"type":"LineString","coordinates":[[49.978554,40.357816],[49.9783813,40.3582607]]}},{"type":"Feature","properties":{"road_class":"secondary","highway":"secondary"},"geometry":{"type":"LineString","coordinates":[[46.9917616,39.6707272],[46.9915362,39.6700519]]}},{"type":"Feature","properties":{"road_class":"secondary","highway":"secondary"},"geometry":{"type":"LineString","coordinates":[[46.7665124,40.2493794],[46.7392218,40.2411905]]}},{"type":"Feature","properties":{"road_class":"secondary","highway":"secondary"},"geometry":{"type":"LineString","coordinates":[[46.6577769,40.2043635],[46.6581415,40.2020802],[46.6608433,40.2023126],[46.6611567,40.1952617],[46.6570851,40.1963877],[46.6536041,40.1945357],[46.6530967,40.1926162],[46.6559211,40.1899499],[46.6524557,40.1862571],[46.65481,40.1845984],[46.6492308,40.1833905],[46.6495497,40.1801356]]}},{"type":"Feature","properties":{"road_class":"secondary","highway":"secondary"},"geometry":{"type":"LineString","coordinates":[[46.7821137,40.1854152],[46.7784491,40.1825281]]}},{"type":"Feature","properties":{"road_class":"secondary","highway":"secondary"},"geometry":{"type":"LineString","coordinates":[[46.7776045,40.1838448],[46.7658437,40.1790215]]}},{"type":"Feature","properties":{"road_class":"secondary","highway":"secondary"},"geometry":{"type":"LineString","coordinates":[[46.7776045,40.1838448],[46.7784491,40.1825281]]}},{"type":"Feature","properties":{"road_class":"secondary","highway":"secondary"},"geometry":{"type":"LineString","coordinates":[[49.8393052,40.3807671],[49.8394567,40.3808021]]}},{"type":"Feature","properties":{"road_class":"secondary","highway":"secondary"},"geometry":{"type":"LineString","coordinates":[[49.7952678,40.4176961],[49.7956764,40.4170631]]}},{"type":"Feature","properties":{"road_class":"secondary","highway":"secondary"},"geometry":{"type":"LineString","coordinates":[[46.6730823,39.2858242],[46.6732893,39.2863357]]}},{"type":"Feature","properties":{"road_class":"secondary","highway":"secondary"},"geometry":{"type":"LineString","coordinates":[[49.8765319,40.4243328],[49.8757608,40.424444]]}},{"type":"Feature","properties":{"road_class":"secondary","highway":"secondary"},"geometry":{"type":"LineString","coordinates":[[49.8588366,40.4158316],[49.8591284,40.4159598]]}},{"type":"Feature","properties":{"road_class":"secondary","highway":"secondary"},"geometry":{"type":"LineString","coordinates":[[49.864497,40.4187784],[49.8633823,40.4182702]]}},{"type":"Feature","properties":{"road_class":"secondary","highway":"secondary"},"geometry":{"type":"LineString","coordinates":[[48.8755833,38.4511975],[48.8741394,38.4511902]]}},{"type":"Feature","properties":{"road_class":"secondary","highway":"secondary"},"geometry":{"type":"LineString","coordinates":[[48.8763034,38.4525163],[48.8761318,38.4514951]]}},{"type":"Feature","properties":{"road_class":"secondary","highway":"secondary"},"geometry":{"type":"LineString","coordinates":[[48.8761318,38.4514951],[48.8759195,38.451293]]}},{"type":"Feature","properties":{"road_class":"secondary","highway":"secondary"},"geometry":{"type":"LineString","coordinates":[[48.8758945,38.4512809],[48.8755833,38.4511975]]}},{"type":"Feature","properties":{"road_class":"secondary","highway":"secondary"},"geometry":{"type":"LineString","coordinates":[[49.562371,40.6257022],[49.5622661,40.6257139],[49.562225,40.6256462],[49.5623356,40.6255966],[49.562371,40.6257022]]}},{"type":"Feature","properties":{"road_class":"secondary","highway":"secondary"},"geometry":{"type":"LineString","coordinates":[[48.3674291,39.0260434],[48.3677515,39.0210503],[48.3719825,39.0171528]]}},{"type":"Feature","properties":{"road_class":"secondary","highway":"secondary"},"geometry":{"type":"LineString","coordinates":[[49.2465353,39.3722591],[49.2463904,39.3718846]]}},{"type":"Feature","properties":{"road_class":"secondary","highway":"secondary"},"geometry":{"type":"LineString","coordinates":[[49.1980592,39.3106006],[49.1982335,39.3110082]]}},{"type":"Feature","properties":{"road_class":"secondary","highway":"secondary"},"geometry":{"type":"LineString","coordinates":[[49.2436575,39.3672447],[49.2437027,39.3676552]]}},{"type":"Feature","properties":{"road_class":"secondary","highway":"secondary"},"geometry":{"type":"LineString","coordinates":[[49.2467599,39.3724714],[49.2466844,39.3723683]]}},{"type":"Feature","properties":{"road_class":"secondary","highway":"secondary"},"geometry":{"type":"LineString","coordinates":[[45.9908988,40.0231913],[45.9909142,40.023345]]}},{"type":"Feature","properties":{"road_class":"secondary","highway":"secondary"},"geometry":{"type":"LineString","coordinates":[[49.9406815,40.461958],[49.9414201,40.4618423]]}},{"type":"Feature","properties":{"road_class":"secondary","highway":"secondary"},"geometry":{"type":"LineString","coordinates":[[46.025438,40.8713953],[46.0261894,40.8687351]]}},{"type":"Feature","properties":{"road_class":"secondary","highway":"secondary"},"geometry":{"type":"LineString","coordinates":[[45.5280934,40.6336376],[45.5280697,40.6338852]]}},{"type":"Feature","properties":{"road_class":"secondary","highway":"secondary"},"geometry":{"type":"LineString","coordinates":[[45.5317225,40.6318282],[45.5315062,40.6316673]]}},{"type":"Feature","properties":{"road_class":"secondary","highway":"secondary"},"geometry":{"type":"LineString","coordinates":[[45.5941648,40.5995512],[45.5820447,40.5984987],[45.5746622,40.6000497],[45.5719542,40.603875],[45.5591265,40.6097667],[45.5593103,40.6149369],[45.5560944,40.6184846],[45.548287,40.6212532],[45.5454299,40.6247673],[45.5449916,40.6281638],[45.5430306,40.6291634]]}},{"type":"Feature","properties":{"road_class":"secondary","highway":"secondary"},"geometry":{"type":"LineString","coordinates":[[45.5315062,40.6316673],[45.53014,40.6306881],[45.5280934,40.6336376]]}},{"type":"Feature","properties":{"road_class":"secondary","highway":"secondary"},"geometry":{"type":"LineString","coordinates":[[45.5430306,40.6291634],[45.5428284,40.6292693]]}},{"type":"Feature","properties":{"road_class":"secondary","highway":"secondary"},"geometry":{"type":"LineString","coordinates":[[49.9140973,40.4232681],[49.9150987,40.4225332]]}},{"type":"Feature","properties":{"road_class":"secondary","highway":"secondary"},"geometry":{"type":"LineString","coordinates":[[49.8716524,40.4033277],[49.8717658,40.4032333]]}},{"type":"Feature","properties":{"road_class":"secondary","highway":"secondary"},"geometry":{"type":"LineString","coordinates":[[49.8814827,40.378462],[49.8818273,40.3762747]]}},{"type":"Feature","properties":{"road_class":"secondary","highway":"secondary"},"geometry":{"type":"LineString","coordinates":[[48.5462414,41.7877945],[48.5493747,41.7859568]]}},{"type":"Feature","properties":{"road_class":"secondary","highway":"secondary"},"geometry":{"type":"LineString","coordinates":[[48.4617264,39.2853402],[48.4620188,39.2851643]]}},{"type":"Feature","properties":{"road_class":"secondary","highway":"secondary"},"geometry":{"type":"LineString","coordinates":[[46.579254,39.3425144],[46.5819231,39.3429184]]}},{"type":"Feature","properties":{"road_class":"secondary","highway":"secondary"},"geometry":{"type":"LineString","coordinates":[[49.8170591,40.3954952],[49.8167463,40.3949376]]}},{"type":"Feature","properties":{"road_class":"secondary","highway":"secondary"},"geometry":{"type":"LineString","coordinates":[[46.5602409,40.6889639],[46.5602496,40.689607]]}},{"type":"Feature","properties":{"road_class":"secondary","highway":"secondary"},"geometry":{"type":"LineString","coordinates":[[46.5602496,40.689607],[46.5610523,40.6911141],[46.5631946,40.6908723]]}},{"type":"Feature","properties":{"road_class":"secondary","highway":"secondary"},"geometry":{"type":"LineString","coordinates":[[46.5608686,40.6876171],[46.5602409,40.6889639]]}},{"type":"Feature","properties":{"road_class":"secondary","highway":"secondary"},"geometry":{"type":"LineString","coordinates":[[47.1506341,39.3088801],[47.1429281,39.3172266]]}},{"type":"Feature","properties":{"road_class":"secondary","highway":"secondary"},"geometry":{"type":"LineString","coordinates":[[49.8367998,40.4170306],[49.8362274,40.4169233]]}},{"type":"Feature","properties":{"road_class":"secondary","highway":"secondary"},"geometry":{"type":"LineString","coordinates":[[49.8371897,40.4171105],[49.8367998,40.4170306]]}},{"type":"Feature","properties":{"road_class":"secondary","highway":"secondary"},"geometry":{"type":"LineString","coordinates":[[49.8713719,40.4030163],[49.8721286,40.4029917]]}},{"type":"Feature","properties":{"road_class":"secondary","highway":"secondary"},"geometry":{"type":"LineString","coordinates":[[49.9397899,40.3957478],[49.9397754,40.3953918]]}},{"type":"Feature","properties":{"road_class":"secondary","highway":"secondary"},"geometry":{"type":"LineString","coordinates":[[49.9408026,40.395238],[49.9407658,40.3955191]]}},{"type":"Feature","properties":{"road_class":"secondary","highway":"secondary"},"geometry":{"type":"LineString","coordinates":[[49.8586673,40.4157606],[49.8588366,40.4158316]]}},{"type":"Feature","properties":{"road_class":"secondary","highway":"secondary"},"geometry":{"type":"LineString","coordinates":[[49.871856,40.4032877],[49.8717525,40.4033756]]}},{"type":"Feature","properties":{"road_class":"secondary","highway":"secondary"},"geometry":{"type":"LineString","coordinates":[[49.8697353,40.4058454],[49.869698,40.4058904]]}},{"type":"Feature","properties":{"road_class":"secondary","highway":"secondary"},"geometry":{"type":"LineString","coordinates":[[49.8696021,40.405847],[49.8696363,40.4058011]]}},{"type":"Feature","properties":{"road_class":"secondary","highway":"secondary"},"geometry":{"type":"LineString","coordinates":[[49.8694214,40.4022786],[49.8692036,40.4021171]]}},{"type":"Feature","properties":{"road_class":"secondary","highway":"secondary"},"geometry":{"type":"LineString","coordinates":[[49.8694214,40.4022786],[49.8693568,40.402423]]}},{"type":"Feature","properties":{"road_class":"secondary","highway":"secondary"},"geometry":{"type":"LineString","coordinates":[[46.6875197,40.0860979],[46.6895459,40.086045],[46.6857472,40.0878937],[46.6802039,40.0952197],[46.6761274,40.0978157],[46.65799,40.105257],[46.6557052,40.1027187],[46.650089,40.1043877],[46.6465492,40.1036358],[46.639241,40.1086155],[46.6345302,40.1094412],[46.6351131,40.1117141],[46.6287815,40.111693]]}},{"type":"Feature","properties":{"road_class":"secondary","highway":"secondary"},"geometry":{"type":"LineString","coordinates":[[49.8327516,40.3986029],[49.832723,40.3986784]]}},{"type":"Feature","properties":{"road_class":"secondary","highway":"secondary"},"geometry":{"type":"LineString","coordinates":[[49.8513413,40.3861452],[49.8514233,40.3861497]]}},{"type":"Feature","properties":{"road_class":"secondary","highway":"secondary"},"geometry":{"type":"LineString","coordinates":[[49.8717525,40.4033756],[49.8716524,40.4033277]]}},{"type":"Feature","properties":{"road_class":"secondary","highway":"secondary"},"geometry":{"type":"LineString","coordinates":[[49.8717658,40.4032333],[49.871856,40.4032877]]}},{"type":"Feature","properties":{"road_class":"secondary","highway":"secondary"},"geometry":{"type":"LineString","coordinates":[[45.4935931,40.7017902],[45.4934948,40.7019527]]}},{"type":"Feature","properties":{"road_class":"secondary","highway":"secondary"},"geometry":{"type":"LineString","coordinates":[[45.636845,40.9850548],[45.6378401,40.9835681]]}},{"type":"Feature","properties":{"road_class":"secondary","highway":"secondary"},"geometry":{"type":"LineString","coordinates":[[49.9554627,40.4343173],[49.9559144,40.43401]]}},{"type":"Feature","properties":{"road_class":"secondary","highway":"secondary"},"geometry":{"type":"LineString","coordinates":[[46.1915001,40.9289522],[46.2028954,40.9266625]]}},{"type":"Feature","properties":{"road_class":"secondary","highway":"secondary"},"geometry":{"type":"LineString","coordinates":[[46.2640258,40.9053059],[46.2524199,40.9052462],[46.2392503,40.908068],[46.2305868,40.915051],[46.2112239,40.9217374],[46.2028954,40.9266625]]}},{"type":"Feature","properties":{"road_class":"secondary","highway":"secondary"},"geometry":{"type":"LineString","coordinates":[[49.938262,40.3692362],[49.9383042,40.3693342]]}},{"type":"Feature","properties":{"road_class":"secondary","highway":"secondary"},"geometry":{"type":"LineString","coordinates":[[46.662228,39.0839101],[46.6617564,39.0837239]]}},{"type":"Feature","properties":{"road_class":"secondary","highway":"secondary"},"geometry":{"type":"LineString","coordinates":[[47.185065,41.1644047],[47.1825621,41.1651693]]}},{"type":"Feature","properties":{"road_class":"secondary","highway":"secondary"},"geometry":{"type":"LineString","coordinates":[[47.1824752,41.1650708],[47.185065,41.1644047]]}},{"type":"Feature","properties":{"road_class":"secondary","highway":"secondary"},"geometry":{"type":"LineString","coordinates":[[48.5235466,40.2214795],[48.5240127,40.222379]]}},{"type":"Feature","properties":{"road_class":"secondary","highway":"secondary"},"geometry":{"type":"LineString","coordinates":[[48.5198432,40.2142856],[48.5215264,40.2175514]]}},{"type":"Feature","properties":{"road_class":"secondary","highway":"secondary"},"geometry":{"type":"LineString","coordinates":[[47.1220495,40.3744704],[47.1221066,40.3745024]]}},{"type":"Feature","properties":{"road_class":"secondary","highway":"secondary"},"geometry":{"type":"LineString","coordinates":[[47.1219604,40.3746277],[47.1219124,40.3745584]]}},{"type":"Feature","properties":{"road_class":"secondary","highway":"secondary"},"geometry":{"type":"LineString","coordinates":[[47.1219124,40.3745584],[47.1217399,40.3740704]]}},{"type":"Feature","properties":{"road_class":"secondary","highway":"secondary"},"geometry":{"type":"LineString","coordinates":[[47.1221066,40.3745024],[47.1223498,40.3745813]]}},{"type":"Feature","properties":{"road_class":"secondary","highway":"secondary"},"geometry":{"type":"LineString","coordinates":[[47.1217399,40.3740704],[47.1220495,40.3744704]]}},{"type":"Feature","properties":{"road_class":"secondary","highway":"secondary"},"geometry":{"type":"LineString","coordinates":[[47.1263058,40.3723893],[47.126759,40.372044]]}},{"type":"Feature","properties":{"road_class":"secondary","highway":"secondary"},"geometry":{"type":"LineString","coordinates":[[47.1268902,40.3722393],[47.1267413,40.3722631]]}},{"type":"Feature","properties":{"road_class":"secondary","highway":"secondary"},"geometry":{"type":"LineString","coordinates":[[47.126759,40.372044],[47.1269192,40.3720284]]}},{"type":"Feature","properties":{"road_class":"secondary","highway":"secondary"},"geometry":{"type":"LineString","coordinates":[[47.1263451,40.3768879],[47.1263027,40.3765879]]}},{"type":"Feature","properties":{"road_class":"secondary","highway":"secondary"},"geometry":{"type":"LineString","coordinates":[[47.1348008,40.386588],[47.1344678,40.3866628]]}},{"type":"Feature","properties":{"road_class":"secondary","highway":"secondary"},"geometry":{"type":"LineString","coordinates":[[47.1212305,40.4058819],[47.1212733,40.4061794]]}},{"type":"Feature","properties":{"road_class":"secondary","highway":"secondary"},"geometry":{"type":"LineString","coordinates":[[49.8816636,40.3784949],[49.8815212,40.3790862]]}},{"type":"Feature","properties":{"road_class":"secondary","highway":"secondary"},"geometry":{"type":"LineString","coordinates":[[49.8815212,40.3790862],[49.8814661,40.3793051]]}},{"type":"Feature","properties":{"road_class":"secondary","highway":"secondary"},"geometry":{"type":"LineString","coordinates":[[49.8812968,40.3792859],[49.8813505,40.379066]]}},{"type":"Feature","properties":{"road_class":"secondary","highway":"secondary"},"geometry":{"type":"LineString","coordinates":[[49.1341101,41.0687117],[49.1345557,41.0681531]]}},{"type":"Feature","properties":{"road_class":"secondary","highway":"secondary"},"geometry":{"type":"LineString","coordinates":[[49.132043,41.0682847],[49.1331176,41.0685834]]}},{"type":"Feature","properties":{"road_class":"secondary","highway":"secondary"},"geometry":{"type":"LineString","coordinates":[[49.9056208,40.4191524],[49.8962991,40.4156837]]}},{"type":"Feature","properties":{"road_class":"secondary","highway":"secondary"},"geometry":{"type":"LineString","coordinates":[[49.8814661,40.3793051],[49.8802982,40.3835715]]}},{"type":"Feature","properties":{"road_class":"secondary","highway":"secondary"},"geometry":{"type":"LineString","coordinates":[[48.9019811,41.2613529],[48.9015279,41.2607531]]}},{"type":"Feature","properties":{"road_class":"secondary","highway":"secondary"},"geometry":{"type":"LineString","coordinates":[[48.9019559,41.2604784],[48.9019811,41.2613529]]}},{"type":"Feature","properties":{"road_class":"secondary","highway":"secondary"},"geometry":{"type":"LineString","coordinates":[[48.7657074,38.9340144],[48.7654379,38.9333238]]}},{"type":"Feature","properties":{"road_class":"secondary","highway":"secondary"},"geometry":{"type":"LineString","coordinates":[[46.7304512,39.8723775],[46.7305366,39.8727869]]}},{"type":"Feature","properties":{"road_class":"secondary","highway":"secondary"},"geometry":{"type":"LineString","coordinates":[[46.7308706,39.8720782],[46.7304623,39.8723243]]}},{"type":"Feature","properties":{"road_class":"secondary","highway":"secondary"},"geometry":{"type":"LineString","coordinates":[[46.7302883,39.8721539],[46.7308706,39.8720782]]}},{"type":"Feature","properties":{"road_class":"secondary","highway":"secondary"},"geometry":{"type":"LineString","coordinates":[[48.3707786,39.9371797],[48.3609577,39.9351406]]}},{"type":"Feature","properties":{"road_class":"secondary","highway":"secondary"},"geometry":{"type":"LineString","coordinates":[[49.8271324,40.3973199],[49.8271043,40.3973908]]}},{"type":"Feature","properties":{"road_class":"secondary","highway":"secondary"},"geometry":{"type":"LineString","coordinates":[[49.8643211,40.3882191],[49.8717338,40.3888537]]}},{"type":"Feature","properties":{"road_class":"secondary","highway":"secondary"},"geometry":{"type":"LineString","coordinates":[[49.8670786,40.392691],[49.8648995,40.392368]]}},{"type":"Feature","properties":{"road_class":"secondary","highway":"secondary"},"geometry":{"type":"LineString","coordinates":[[49.8364011,40.3889596],[49.8363751,40.3890248]]}},{"type":"Feature","properties":{"road_class":"secondary","highway":"secondary"},"geometry":{"type":"LineString","coordinates":[[49.7493995,40.4478164],[49.7496086,40.4480203]]}},{"type":"Feature","properties":{"road_class":"secondary","highway":"secondary"},"geometry":{"type":"LineString","coordinates":[[46.7333399,39.877002],[46.7360818,39.8794818],[46.738591,39.8873501],[46.7439964,39.8932688],[46.7456812,39.9069894],[46.7440692,39.9126336]]}},{"type":"Feature","properties":{"road_class":"secondary","highway":"secondary"},"geometry":{"type":"LineString","coordinates":[[46.7742097,39.872147],[46.7467731,39.870341],[46.7315951,39.8719876]]}},{"type":"Feature","properties":{"road_class":"secondary","highway":"secondary"},"geometry":{"type":"LineString","coordinates":[[49.9793328,40.3597948],[49.9793131,40.3605164]]}},{"type":"Feature","properties":{"road_class":"secondary","highway":"secondary"},"geometry":{"type":"LineString","coordinates":[[49.984704,40.3472217],[49.9816199,40.350325]]}},{"type":"Feature","properties":{"road_class":"secondary","highway":"secondary"},"geometry":{"type":"LineString","coordinates":[[49.892101,40.5507644],[49.892962,40.5507066]]}},{"type":"Feature","properties":{"road_class":"secondary","highway":"secondary"},"geometry":{"type":"LineString","coordinates":[[48.4456084,41.6642553],[48.4454357,41.6640728]]}},{"type":"Feature","properties":{"road_class":"secondary","highway":"secondary"},"geometry":{"type":"LineString","coordinates":[[48.1997808,40.3215708],[48.1996561,40.321122]]}},{"type":"Feature","properties":{"road_class":"secondary","highway":"secondary"},"geometry":{"type":"LineString","coordinates":[[48.1990555,40.3222753],[48.1997808,40.3215708]]}},{"type":"Feature","properties":{"road_class":"secondary","highway":"secondary"},"geometry":{"type":"LineString","coordinates":[[48.9341442,40.5226934],[48.9142254,40.5347869],[48.9102727,40.5348397]]}},{"type":"Feature","properties":{"road_class":"secondary","highway":"secondary"},"geometry":{"type":"LineString","coordinates":[[45.4065593,39.2035591],[45.4082915,39.2042062]]}},{"type":"Feature","properties":{"road_class":"secondary","highway":"secondary"},"geometry":{"type":"LineString","coordinates":[[45.4554605,39.3312291],[45.4564237,39.3339187]]}},{"type":"Feature","properties":{"road_class":"secondary","highway":"secondary"},"geometry":{"type":"LineString","coordinates":[[45.443876,39.2167923],[45.4444143,39.2206214]]}},{"type":"Feature","properties":{"road_class":"secondary","highway":"secondary"},"geometry":{"type":"LineString","coordinates":[[45.4444143,39.2206214],[45.4461536,39.2350966],[45.4516909,39.2482338]]}},{"type":"Feature","properties":{"road_class":"secondary","highway":"secondary"},"geometry":{"type":"LineString","coordinates":[[45.4649687,39.2507023],[45.4636466,39.261234],[45.4646549,39.2623683]]}},{"type":"Feature","properties":{"road_class":"secondary","highway":"secondary"},"geometry":{"type":"LineString","coordinates":[[45.4646549,39.2623683],[45.4675171,39.2649127],[45.4671811,39.2666696],[45.4598969,39.2799803],[45.4594818,39.2886192]]}},{"type":"Feature","properties":{"road_class":"secondary","highway":"secondary"},"geometry":{"type":"LineString","coordinates":[[45.4596271,39.2889931],[45.4591353,39.2906951]]}},{"type":"Feature","properties":{"road_class":"secondary","highway":"secondary"},"geometry":{"type":"LineString","coordinates":[[45.4591353,39.2906951],[45.4604441,39.3010526],[45.4570055,39.3084454],[45.4544708,39.3210832],[45.4554605,39.3312291]]}},{"type":"Feature","properties":{"road_class":"secondary","highway":"secondary"},"geometry":{"type":"LineString","coordinates":[[46.267698,40.6493548],[46.2668045,40.6492653]]}},{"type":"Feature","properties":{"road_class":"secondary","highway":"secondary"},"geometry":{"type":"LineString","coordinates":[[46.2668045,40.6492653],[46.2668425,40.6490613]]}},{"type":"Feature","properties":{"road_class":"secondary","highway":"secondary"},"geometry":{"type":"LineString","coordinates":[[45.9968403,40.8834665],[45.996393,40.8836276]]}},{"type":"Feature","properties":{"road_class":"secondary","highway":"secondary"},"geometry":{"type":"LineString","coordinates":[[46.0227716,40.8729776],[45.9968403,40.8834665]]}},{"type":"Feature","properties":{"road_class":"secondary","highway":"secondary"},"geometry":{"type":"LineString","coordinates":[[46.6287815,40.111693],[46.6269607,40.1190787],[46.6307529,40.123416],[46.6271447,40.1220189],[46.6229879,40.1230705],[46.6271792,40.1240699],[46.6235664,40.1298623],[46.6253947,40.1287074],[46.6262099,40.1376758],[46.6234345,40.144287],[46.6193592,40.1448648]]}},{"type":"Feature","properties":{"road_class":"secondary","highway":"secondary"},"geometry":{"type":"LineString","coordinates":[[46.7315951,39.8719876],[46.7308706,39.8720782]]}},{"type":"Feature","properties":{"road_class":"secondary","highway":"secondary"},"geometry":{"type":"LineString","coordinates":[[48.5496607,39.4513731],[48.5496317,39.4514421]]}},{"type":"Feature","properties":{"road_class":"secondary","highway":"secondary"},"geometry":{"type":"LineString","coordinates":[[48.5496317,39.4514421],[48.5493844,39.4513715]]}},{"type":"Feature","properties":{"road_class":"secondary","highway":"secondary"},"geometry":{"type":"LineString","coordinates":[[48.5495423,39.4512729],[48.5496502,39.4513374]]}},{"type":"Feature","properties":{"road_class":"secondary","highway":"secondary"},"geometry":{"type":"LineString","coordinates":[[48.5496027,39.4512625],[48.5496317,39.4514421]]}},{"type":"Feature","properties":{"road_class":"secondary","highway":"secondary"},"geometry":{"type":"LineString","coordinates":[[48.1528134,40.7909617],[48.1535679,40.7903993]]}},{"type":"Feature","properties":{"road_class":"secondary","highway":"secondary"},"geometry":{"type":"LineString","coordinates":[[49.9793131,40.3605164],[49.978906,40.3598069]]}},{"type":"Feature","properties":{"road_class":"secondary","highway":"secondary"},"geometry":{"type":"LineString","coordinates":[[45.9595412,39.9424062],[45.9607126,39.9412559],[45.9601718,39.9390644],[45.9533386,39.9499413]]}},{"type":"Feature","properties":{"road_class":"secondary","highway":"secondary"},"geometry":{"type":"LineString","coordinates":[[49.8467301,40.4130265],[49.847252,40.4131486]]}},{"type":"Feature","properties":{"road_class":"secondary","highway":"secondary"},"geometry":{"type":"LineString","coordinates":[[48.8753828,38.4726746],[48.8754931,38.4808763],[48.8741889,38.4825187],[48.8735773,38.495895],[48.871641,38.5031181],[48.8744424,38.5072436],[48.8750069,38.5154532]]}},{"type":"Feature","properties":{"road_class":"secondary","highway":"secondary"},"geometry":{"type":"LineString","coordinates":[[50.0082843,40.5546256],[50.008307,40.5544935],[50.0084541,40.5545265],[50.0084107,40.5546382],[50.0082843,40.5546256]]}},{"type":"Feature","properties":{"road_class":"secondary","highway":"secondary"},"geometry":{"type":"LineString","coordinates":[[49.9980101,40.3947138],[49.9987656,40.3962848]]}},{"type":"Feature","properties":{"road_class":"secondary","highway":"secondary"},"geometry":{"type":"LineString","coordinates":[[49.9964343,40.3950744],[49.9957417,40.3949299]]}},{"type":"Feature","properties":{"road_class":"secondary","highway":"secondary"},"geometry":{"type":"LineString","coordinates":[[49.9964343,40.3950744],[49.9966611,40.3947165]]}},{"type":"Feature","properties":{"road_class":"secondary","highway":"secondary"},"geometry":{"type":"LineString","coordinates":[[49.9957417,40.3949299],[49.9971722,40.3946057]]}},{"type":"Feature","properties":{"road_class":"secondary","highway":"secondary"},"geometry":{"type":"LineString","coordinates":[[49.9985521,40.3958041],[49.9982479,40.3961067]]}},{"type":"Feature","properties":{"road_class":"secondary","highway":"secondary"},"geometry":{"type":"LineString","coordinates":[[49.9987656,40.3962848],[49.9982479,40.3961067]]}},{"type":"Feature","properties":{"road_class":"secondary","highway":"secondary"},"geometry":{"type":"LineString","coordinates":[[49.8794815,40.384662],[49.8796524,40.3845453]]}},{"type":"Feature","properties":{"road_class":"secondary","highway":"secondary"},"geometry":{"type":"LineString","coordinates":[[45.761482,40.5514759],[45.7619638,40.5514286]]}},{"type":"Feature","properties":{"road_class":"secondary","highway":"secondary"},"geometry":{"type":"LineString","coordinates":[[45.8002216,40.5701298],[45.8001221,40.5699773]]}},{"type":"Feature","properties":{"road_class":"secondary","highway":"secondary"},"geometry":{"type":"LineString","coordinates":[[45.7215652,40.5610729],[45.7221018,40.5610547]]}},{"type":"Feature","properties":{"road_class":"secondary","highway":"secondary"},"geometry":{"type":"LineString","coordinates":[[45.6442029,40.6029544],[45.6441442,40.6027318]]}},{"type":"Feature","properties":{"road_class":"secondary","highway":"secondary"},"geometry":{"type":"LineString","coordinates":[[45.6595164,40.7272858],[45.659763,40.7272427]]}},{"type":"Feature","properties":{"road_class":"secondary","highway":"secondary"},"geometry":{"type":"LineString","coordinates":[[46.6724346,40.0596581],[46.6731511,40.0619879],[46.6711039,40.0633284],[46.6721151,40.0698318]]}},{"type":"Feature","properties":{"road_class":"secondary","highway":"secondary"},"geometry":{"type":"LineString","coordinates":[[46.6721151,40.0698318],[46.6741313,40.0706386],[46.6762875,40.0780803],[46.6882164,40.0831665],[46.6928217,40.0828785],[46.6873528,40.0858876]]}},{"type":"Feature","properties":{"road_class":"secondary","highway":"secondary"},"geometry":{"type":"LineString","coordinates":[[46.4051449,41.4627009],[46.4051476,41.4625864]]}},{"type":"Feature","properties":{"road_class":"secondary","highway":"secondary"},"geometry":{"type":"LineString","coordinates":[[45.8004434,40.6640695],[45.8005487,40.6639502]]}},{"type":"Feature","properties":{"road_class":"secondary","highway":"secondary"},"geometry":{"type":"LineString","coordinates":[[45.7647619,40.6845366],[45.7649335,40.6844912]]}},{"type":"Feature","properties":{"road_class":"secondary","highway":"secondary"},"geometry":{"type":"LineString","coordinates":[[48.8760888,38.4512107],[48.8761318,38.4514951]]}},{"type":"Feature","properties":{"road_class":"secondary","highway":"secondary"},"geometry":{"type":"LineString","coordinates":[[45.7128578,40.9564382],[45.6910529,40.9635346]]}},{"type":"Feature","properties":{"road_class":"secondary","highway":"secondary"},"geometry":{"type":"LineString","coordinates":[[46.7746182,39.8724035],[46.7742097,39.872147]]}},{"type":"Feature","properties":{"road_class":"secondary","highway":"secondary"},"geometry":{"type":"LineString","coordinates":[[46.7742097,39.872147],[46.7744673,39.8718407]]}},{"type":"Feature","properties":{"road_class":"secondary","highway":"secondary"},"geometry":{"type":"LineString","coordinates":[[49.9572097,40.4162164],[49.9571111,40.4161766]]}},{"type":"Feature","properties":{"road_class":"secondary","highway":"secondary"},"geometry":{"type":"LineString","coordinates":[[49.9631975,40.418642],[49.9631207,40.4187467]]}},{"type":"Feature","properties":{"road_class":"secondary","highway":"secondary"},"geometry":{"type":"LineString","coordinates":[[48.8032151,38.7866626],[48.8252389,38.7784399]]}},{"type":"Feature","properties":{"road_class":"secondary","highway":"secondary"},"geometry":{"type":"LineString","coordinates":[[48.733663,38.9997278],[48.7341463,39.0002778]]}},{"type":"Feature","properties":{"road_class":"secondary","highway":"secondary"},"geometry":{"type":"LineString","coordinates":[[46.0315658,40.1025067],[46.0277963,40.1018696],[46.0251617,40.0982737],[46.018703,40.098801]]}},{"type":"Feature","properties":{"road_class":"secondary","highway":"secondary"},"geometry":{"type":"LineString","coordinates":[[46.4124686,41.7258785],[46.4124324,41.7256598],[46.4126941,41.7256996],[46.412673,41.725845],[46.4124686,41.7258785]]}},{"type":"Feature","properties":{"road_class":"secondary","highway":"secondary"},"geometry":{"type":"LineString","coordinates":[[49.8937002,40.427752],[49.8934101,40.4284451]]}},{"type":"Feature","properties":{"road_class":"secondary","highway":"secondary"},"geometry":{"type":"LineString","coordinates":[[49.8949743,40.4282471],[49.8934101,40.4284451]]}},{"type":"Feature","properties":{"road_class":"secondary","highway":"secondary"},"geometry":{"type":"LineString","coordinates":[[49.7903572,40.3765508],[49.7908692,40.3748583]]}},{"type":"Feature","properties":{"road_class":"secondary","highway":"secondary"},"geometry":{"type":"LineString","coordinates":[[49.819843,40.4027616],[49.8218523,40.4048587]]}},{"type":"Feature","properties":{"road_class":"secondary","highway":"secondary"},"geometry":{"type":"LineString","coordinates":[[49.8218523,40.4048587],[49.8224664,40.4053829]]}},{"type":"Feature","properties":{"road_class":"secondary","highway":"secondary"},"geometry":{"type":"LineString","coordinates":[[48.8002645,38.7876784],[48.8009538,38.7874399]]}},{"type":"Feature","properties":{"road_class":"secondary","highway":"secondary"},"geometry":{"type":"LineString","coordinates":[[48.1228506,40.3459314],[48.116915,40.3482583]]}},{"type":"Feature","properties":{"road_class":"secondary","highway":"secondary"},"geometry":{"type":"LineString","coordinates":[[49.9102444,40.4224912],[49.9108003,40.42554]]}},{"type":"Feature","properties":{"road_class":"secondary","highway":"secondary"},"geometry":{"type":"LineString","coordinates":[[49.4718425,40.1732373],[49.4703528,40.1732151]]}},{"type":"Feature","properties":{"road_class":"secondary","highway":"secondary"},"geometry":{"type":"LineString","coordinates":[[49.9757508,40.3891206],[49.9756906,40.388715]]}},{"type":"Feature","properties":{"road_class":"secondary","highway":"secondary"},"geometry":{"type":"LineString","coordinates":[[49.0036402,41.1875952],[49.0038109,41.1876166],[49.0038281,41.1877234],[49.0036073,41.1877435],[49.0036402,41.1875952]]}},{"type":"Feature","properties":{"road_class":"secondary","highway":"secondary"},"geometry":{"type":"LineString","coordinates":[[49.007718,41.1836369],[49.01086,41.1831112]]}},{"type":"Feature","properties":{"road_class":"secondary","highway":"secondary"},"geometry":{"type":"LineString","coordinates":[[48.4575479,39.9782082],[48.4574919,39.9783386]]}},{"type":"Feature","properties":{"road_class":"secondary","highway":"secondary"},"geometry":{"type":"LineString","coordinates":[[47.3398575,39.4469557],[47.3407745,39.446523]]}},{"type":"Feature","properties":{"road_class":"secondary","highway":"secondary"},"geometry":{"type":"LineString","coordinates":[[47.339647,39.4468225],[47.3398575,39.4469557]]}},{"type":"Feature","properties":{"road_class":"secondary","highway":"secondary"},"geometry":{"type":"LineString","coordinates":[[47.3395729,39.4471715],[47.339751,39.4469981]]}},{"type":"Feature","properties":{"road_class":"secondary","highway":"secondary"},"geometry":{"type":"LineString","coordinates":[[47.3398545,39.4470971],[47.3395729,39.4471715]]}},{"type":"Feature","properties":{"road_class":"secondary","highway":"secondary"},"geometry":{"type":"LineString","coordinates":[[47.3400416,39.447186],[47.3398545,39.4470971]]}},{"type":"Feature","properties":{"road_class":"secondary","highway":"secondary"},"geometry":{"type":"LineString","coordinates":[[47.3399305,39.447029],[47.3400416,39.447186]]}},{"type":"Feature","properties":{"road_class":"secondary","highway":"secondary"},"geometry":{"type":"LineString","coordinates":[[47.345072,39.4510655],[47.3452628,39.4509953]]}},{"type":"Feature","properties":{"road_class":"secondary","highway":"secondary"},"geometry":{"type":"LineString","coordinates":[[47.3454163,39.4509971],[47.3454927,39.4511286]]}},{"type":"Feature","properties":{"road_class":"secondary","highway":"secondary"},"geometry":{"type":"LineString","coordinates":[[47.345315,39.4510546],[47.345072,39.4510655]]}},{"type":"Feature","properties":{"road_class":"secondary","highway":"secondary"},"geometry":{"type":"LineString","coordinates":[[47.3454927,39.4511286],[47.345315,39.4510546]]}},{"type":"Feature","properties":{"road_class":"secondary","highway":"secondary"},"geometry":{"type":"LineString","coordinates":[[47.3452628,39.4509953],[47.3452023,39.4508322]]}},{"type":"Feature","properties":{"road_class":"secondary","highway":"secondary"},"geometry":{"type":"LineString","coordinates":[[45.0451918,39.500125],[45.029078,39.5021986]]}},{"type":"Feature","properties":{"road_class":"secondary","highway":"secondary"},"geometry":{"type":"LineString","coordinates":[[48.4206575,41.4325555],[48.4249916,41.4282118]]}},{"type":"Feature","properties":{"road_class":"secondary","highway":"secondary"},"geometry":{"type":"LineString","coordinates":[[49.2468753,39.3971662],[49.2466477,39.3972008]]}},{"type":"Feature","properties":{"road_class":"secondary","highway":"secondary"},"geometry":{"type":"LineString","coordinates":[[49.2463904,39.3718846],[49.2467154,39.3722256]]}},{"type":"Feature","properties":{"road_class":"secondary","highway":"secondary"},"geometry":{"type":"LineString","coordinates":[[49.2467489,39.3723076],[49.2467599,39.3724714]]}},{"type":"Feature","properties":{"road_class":"secondary","highway":"secondary"},"geometry":{"type":"LineString","coordinates":[[49.0362535,39.4467231],[49.0359977,39.4584017]]}},{"type":"Feature","properties":{"road_class":"secondary","highway":"secondary"},"geometry":{"type":"LineString","coordinates":[[49.6856853,40.5662518],[49.6858049,40.5663948]]}},{"type":"Feature","properties":{"road_class":"secondary","highway":"secondary"},"geometry":{"type":"LineString","coordinates":[[48.8785118,38.4525742],[48.8763034,38.4525163]]}},{"type":"Feature","properties":{"road_class":"secondary","highway":"secondary"},"geometry":{"type":"LineString","coordinates":[[49.1213831,41.0662392],[49.1318627,41.0682295]]}},{"type":"Feature","properties":{"road_class":"secondary","highway":"secondary"},"geometry":{"type":"LineString","coordinates":[[49.1331176,41.0685834],[49.1345557,41.0681531]]}},{"type":"Feature","properties":{"road_class":"secondary","highway":"secondary"},"geometry":{"type":"LineString","coordinates":[[49.1331176,41.0685834],[49.1318958,41.0685118]]}},{"type":"Feature","properties":{"road_class":"secondary","highway":"secondary"},"geometry":{"type":"LineString","coordinates":[[49.883429,40.4271946],[49.897467,40.4282548],[49.904682,40.4255327],[49.9092566,40.4255743]]}},{"type":"Feature","properties":{"road_class":"secondary","highway":"secondary"},"geometry":{"type":"LineString","coordinates":[[49.8833165,40.4277304],[49.8824072,40.4270882]]}},{"type":"Feature","properties":{"road_class":"secondary","highway":"secondary"},"geometry":{"type":"LineString","coordinates":[[49.7489898,40.4484203],[49.7488478,40.4481607]]}},{"type":"Feature","properties":{"road_class":"secondary","highway":"secondary"},"geometry":{"type":"LineString","coordinates":[[50.1700156,40.4866569],[50.1672967,40.4871845]]}},{"type":"Feature","properties":{"road_class":"secondary","highway":"secondary"},"geometry":{"type":"LineString","coordinates":[[50.1672595,40.4870306],[50.1700156,40.4866569]]}},{"type":"Feature","properties":{"road_class":"secondary","highway":"secondary"},"geometry":{"type":"LineString","coordinates":[[49.7481264,40.3180501],[49.748294,40.3176762]]}},{"type":"Feature","properties":{"road_class":"secondary","highway":"secondary"},"geometry":{"type":"LineString","coordinates":[[45.4654442,39.1195687],[45.4468356,39.1427116],[45.4417958,39.157152]]}},{"type":"Feature","properties":{"road_class":"secondary","highway":"secondary"},"geometry":{"type":"LineString","coordinates":[[45.4416976,39.1575524],[45.4615618,39.1614601],[45.4712161,39.1661461]]}},{"type":"Feature","properties":{"road_class":"secondary","highway":"secondary"},"geometry":{"type":"LineString","coordinates":[[45.4516909,39.2482338],[45.4649687,39.2507023]]}},{"type":"Feature","properties":{"road_class":"secondary","highway":"secondary"},"geometry":{"type":"LineString","coordinates":[[46.9738268,40.6348478],[46.9723194,40.6342208]]}},{"type":"Feature","properties":{"road_class":"secondary","highway":"secondary"},"geometry":{"type":"LineString","coordinates":[[48.4424505,41.430679],[48.442174,41.4305223]]}},{"type":"Feature","properties":{"road_class":"secondary","highway":"secondary"},"geometry":{"type":"LineString","coordinates":[[48.442174,41.4305223],[48.4425462,41.4305868]]}},{"type":"Feature","properties":{"road_class":"secondary","highway":"secondary"},"geometry":{"type":"LineString","coordinates":[[49.8357893,40.4106933],[49.8377017,40.4110962]]}},{"type":"Feature","properties":{"road_class":"secondary","highway":"secondary"},"geometry":{"type":"LineString","coordinates":[[45.4296738,39.1916044],[45.4290312,39.1908723]]}},{"type":"Feature","properties":{"road_class":"secondary","highway":"secondary"},"geometry":{"type":"LineString","coordinates":[[45.4290312,39.1908723],[45.4302799,39.1909991]]}},{"type":"Feature","properties":{"road_class":"secondary","highway":"secondary"},"geometry":{"type":"LineString","coordinates":[[45.4101001,39.1947763],[45.4099518,39.1955275]]}},{"type":"Feature","properties":{"road_class":"secondary","highway":"secondary"},"geometry":{"type":"LineString","coordinates":[[45.4097494,39.1953287],[45.4101001,39.1947763]]}},{"type":"Feature","properties":{"road_class":"secondary","highway":"secondary"},"geometry":{"type":"LineString","coordinates":[[45.4056589,39.2105978],[45.4061008,39.2107305]]}},{"type":"Feature","properties":{"road_class":"secondary","highway":"secondary"},"geometry":{"type":"LineString","coordinates":[[45.4087807,39.208925],[45.4084805,39.2090475]]}},{"type":"Feature","properties":{"road_class":"secondary","highway":"secondary"},"geometry":{"type":"LineString","coordinates":[[50.2906576,40.3885442],[50.2908723,40.3899397]]}},{"type":"Feature","properties":{"road_class":"secondary","highway":"secondary"},"geometry":{"type":"LineString","coordinates":[[49.81449,40.4359423],[49.8145883,40.4358695]]}},{"type":"Feature","properties":{"road_class":"secondary","highway":"secondary"},"geometry":{"type":"LineString","coordinates":[[49.8357388,40.4110131],[49.8348618,40.4108278]]}},{"type":"Feature","properties":{"road_class":"secondary","highway":"secondary"},"geometry":{"type":"LineString","coordinates":[[49.8342761,40.4107926],[49.8328483,40.4104068]]}},{"type":"Feature","properties":{"road_class":"secondary","highway":"secondary"},"geometry":{"type":"LineString","coordinates":[[46.6602853,40.0254252],[46.6637751,40.0273841],[46.6635397,40.0286759]]}},{"type":"Feature","properties":{"road_class":"secondary","highway":"secondary"},"geometry":{"type":"LineString","coordinates":[[46.6571135,40.0306364],[46.6554095,40.0349728],[46.6592565,40.0365355],[46.6675583,40.0453172],[46.6724346,40.0596581]]}},{"type":"Feature","properties":{"road_class":"secondary","highway":"secondary"},"geometry":{"type":"LineString","coordinates":[[48.1277482,41.3207941],[48.1289314,41.317964]]}},{"type":"Feature","properties":{"road_class":"secondary","highway":"secondary"},"geometry":{"type":"LineString","coordinates":[[48.1289314,41.317964],[48.1281519,41.3160116]]}},{"type":"Feature","properties":{"road_class":"secondary","highway":"secondary"},"geometry":{"type":"LineString","coordinates":[[48.4100977,41.4138403],[48.4109126,41.4141188]]}},{"type":"Feature","properties":{"road_class":"secondary","highway":"secondary"},"geometry":{"type":"LineString","coordinates":[[48.5363979,40.8399222],[48.5437668,40.8365433],[48.5559413,40.8365888]]}},{"type":"Feature","properties":{"road_class":"secondary","highway":"secondary"},"geometry":{"type":"LineString","coordinates":[[48.5285814,40.8446783],[48.5315454,40.8455751],[48.5351354,40.8438332],[48.5381435,40.8403928],[48.5363979,40.8399222]]}},{"type":"Feature","properties":{"road_class":"secondary","highway":"secondary"},"geometry":{"type":"LineString","coordinates":[[48.3939948,40.8548248],[48.3993835,40.8591199],[48.3995325,40.8620011],[48.4023339,40.8626167],[48.4108137,40.8729096]]}},{"type":"Feature","properties":{"road_class":"secondary","highway":"secondary"},"geometry":{"type":"LineString","coordinates":[[49.9810844,40.3501504],[49.9845311,40.3471219],[49.9897122,40.3470906]]}},{"type":"Feature","properties":{"road_class":"secondary","highway":"secondary"},"geometry":{"type":"LineString","coordinates":[[47.2887531,39.420821],[47.2985927,39.4035992],[47.3076034,39.3968794]]}},{"type":"Feature","properties":{"road_class":"secondary","highway":"secondary"},"geometry":{"type":"LineString","coordinates":[[48.5219545,40.2183932],[48.5221001,40.2186781]]}},{"type":"Feature","properties":{"road_class":"secondary","highway":"secondary"},"geometry":{"type":"LineString","coordinates":[[48.5217135,40.2179198],[48.5219545,40.2183932]]}},{"type":"Feature","properties":{"road_class":"secondary","highway":"secondary"},"geometry":{"type":"LineString","coordinates":[[46.659131,41.5473776],[46.6591362,41.5477742]]}},{"type":"Feature","properties":{"road_class":"secondary","highway":"secondary"},"geometry":{"type":"LineString","coordinates":[[47.1392363,41.064505],[47.128424,41.0699105],[47.1225539,41.0753168],[47.0935639,41.0926672],[47.0718941,41.11594],[47.0598829,41.1195979],[47.0398521,41.1306942],[46.9647342,41.1977005],[46.914078,41.2261672],[46.9111222,41.2306778],[46.911517,41.2372166]]}},{"type":"Feature","properties":{"road_class":"secondary","highway":"secondary"},"geometry":{"type":"LineString","coordinates":[[46.911517,41.2372166],[46.9115815,41.2378324]]}},{"type":"Feature","properties":{"road_class":"secondary","highway":"secondary"},"geometry":{"type":"LineString","coordinates":[[46.7883815,41.3349572],[46.784189,41.3381356],[46.7449185,41.3909232],[46.7278839,41.4032312]]}},{"type":"Feature","properties":{"road_class":"secondary","highway":"secondary"},"geometry":{"type":"LineString","coordinates":[[46.6453371,41.4762503],[46.6262569,41.4975341],[46.6300488,41.5095082],[46.6551143,41.5330196],[46.6589561,41.5392471]]}},{"type":"Feature","properties":{"road_class":"secondary","highway":"secondary"},"geometry":{"type":"LineString","coordinates":[[46.6694041,41.4505585],[46.6685986,41.4513948]]}},{"type":"Feature","properties":{"road_class":"secondary","highway":"secondary"},"geometry":{"type":"LineString","coordinates":[[45.302747,41.0696754],[45.3030051,41.0697608]]}},{"type":"Feature","properties":{"road_class":"secondary","highway":"secondary"},"geometry":{"type":"LineString","coordinates":[[45.6430137,38.9554344],[45.6436524,38.9557995]]}},{"type":"Feature","properties":{"road_class":"secondary","highway":"secondary"},"geometry":{"type":"LineString","coordinates":[[45.6436524,38.9557995],[45.6428788,38.9558495]]}},{"type":"Feature","properties":{"road_class":"secondary","highway":"secondary"},"geometry":{"type":"LineString","coordinates":[[45.6466005,38.958864],[45.6434593,38.9583097],[45.6436524,38.9557995]]}},{"type":"Feature","properties":{"road_class":"secondary","highway":"secondary"},"geometry":{"type":"LineString","coordinates":[[48.5496502,39.4513374],[48.5496607,39.4513731]]}},{"type":"Feature","properties":{"road_class":"secondary","highway":"secondary"},"geometry":{"type":"LineString","coordinates":[[47.1119192,39.7865216],[47.1120093,39.7863599]]}},{"type":"Feature","properties":{"road_class":"secondary","highway":"secondary"},"geometry":{"type":"LineString","coordinates":[[45.6378165,40.9828357],[45.6379456,40.9830536],[45.6376723,40.9830955],[45.6376075,40.9829204],[45.6378165,40.9828357]]}},{"type":"Feature","properties":{"road_class":"secondary","highway":"secondary"},"geometry":{"type":"LineString","coordinates":[[45.3764829,41.4490008],[45.3750608,41.4496393]]}},{"type":"Feature","properties":{"road_class":"secondary","highway":"secondary"},"geometry":{"type":"LineString","coordinates":[[47.0409684,40.7752314],[47.0411723,40.7747448]]}},{"type":"Feature","properties":{"road_class":"secondary","highway":"secondary"},"geometry":{"type":"LineString","coordinates":[[47.0412579,40.7753521],[47.0410715,40.7760336]]}},{"type":"Feature","properties":{"road_class":"secondary","highway":"secondary"},"geometry":{"type":"LineString","coordinates":[[47.0411336,40.7751619],[47.0412764,40.7753197],[47.0410316,40.7753939],[47.0409684,40.7752314],[47.0411336,40.7751619]]}},{"type":"Feature","properties":{"road_class":"secondary","highway":"secondary"},"geometry":{"type":"LineString","coordinates":[[46.2794491,40.9118799],[46.2736837,40.9068234],[46.2640258,40.9053059]]}},{"type":"Feature","properties":{"road_class":"secondary","highway":"secondary"},"geometry":{"type":"LineString","coordinates":[[47.1181578,39.7883141],[47.1181661,39.7880219]]}},{"type":"Feature","properties":{"road_class":"secondary","highway":"secondary"},"geometry":{"type":"LineString","coordinates":[[47.1181578,39.7883141],[47.1186198,39.7881834]]}},{"type":"Feature","properties":{"road_class":"secondary","highway":"secondary"},"geometry":{"type":"LineString","coordinates":[[44.9972802,39.5283763],[44.9966216,39.5286434]]}},{"type":"Feature","properties":{"road_class":"secondary","highway":"secondary"},"geometry":{"type":"LineString","coordinates":[[45.0109554,39.5156152],[45.00339,39.5246431],[44.9972802,39.5283763]]}},{"type":"Feature","properties":{"road_class":"secondary","highway":"secondary"},"geometry":{"type":"LineString","coordinates":[[45.0111446,39.5152007],[45.0109554,39.5156152]]}},{"type":"Feature","properties":{"road_class":"secondary","highway":"secondary"},"geometry":{"type":"LineString","coordinates":[[45.0198121,39.5007401],[45.0194541,39.5041732],[45.014306,39.5087095],[45.0111446,39.5152007]]}},{"type":"Feature","properties":{"road_class":"secondary","highway":"secondary"},"geometry":{"type":"LineString","coordinates":[[45.0106283,39.5627194],[45.02704,39.5734231]]}},{"type":"Feature","properties":{"road_class":"secondary","highway":"secondary"},"geometry":{"type":"LineString","coordinates":[[44.9910392,39.5615577],[44.9862715,39.5646478]]}},{"type":"Feature","properties":{"road_class":"secondary","highway":"secondary"},"geometry":{"type":"LineString","coordinates":[[44.9915604,39.5612202],[44.9910392,39.5615577]]}},{"type":"Feature","properties":{"road_class":"secondary","highway":"secondary"},"geometry":{"type":"LineString","coordinates":[[44.9910392,39.5615577],[44.9903753,39.5608491]]}},{"type":"Feature","properties":{"road_class":"secondary","highway":"secondary"},"geometry":{"type":"LineString","coordinates":[[44.9917295,39.5612739],[44.9915939,39.5612337]]}},{"type":"Feature","properties":{"road_class":"secondary","highway":"secondary"},"geometry":{"type":"LineString","coordinates":[[44.9915939,39.5612337],[45.0106283,39.5627194]]}},{"type":"Feature","properties":{"road_class":"secondary","highway":"secondary"},"geometry":{"type":"LineString","coordinates":[[44.9903753,39.5608491],[44.9893232,39.5597709]]}},{"type":"Feature","properties":{"road_class":"secondary","highway":"secondary"},"geometry":{"type":"LineString","coordinates":[[44.9769182,39.5601015],[44.9766131,39.5600033]]}},{"type":"Feature","properties":{"road_class":"secondary","highway":"secondary"},"geometry":{"type":"LineString","coordinates":[[44.9765481,39.559904],[44.9782384,39.5600366]]}},{"type":"Feature","properties":{"road_class":"secondary","highway":"secondary"},"geometry":{"type":"LineString","coordinates":[[44.9787964,39.55972],[44.979465,39.559345]]}},{"type":"Feature","properties":{"road_class":"secondary","highway":"secondary"},"geometry":{"type":"LineString","coordinates":[[44.9785983,39.5606363],[44.9782863,39.560218]]}},{"type":"Feature","properties":{"road_class":"secondary","highway":"secondary"},"geometry":{"type":"LineString","coordinates":[[44.9782476,39.5601983],[44.9769182,39.5601015]]}},{"type":"Feature","properties":{"road_class":"secondary","highway":"secondary"},"geometry":{"type":"LineString","coordinates":[[44.9784829,39.5601614],[44.9785983,39.5606363]]}},{"type":"Feature","properties":{"road_class":"secondary","highway":"secondary"},"geometry":{"type":"LineString","coordinates":[[44.9787964,39.55972],[44.9784953,39.5601269]]}},{"type":"Feature","properties":{"road_class":"secondary","highway":"secondary"},"geometry":{"type":"LineString","coordinates":[[44.9782748,39.5600143],[44.9784481,39.5600296],[44.9784829,39.5601614],[44.9782476,39.5601983],[44.9782748,39.5600143]]}},{"type":"Feature","properties":{"road_class":"secondary","highway":"secondary"},"geometry":{"type":"LineString","coordinates":[[47.5287348,39.7489888],[47.5218317,39.7483888],[47.5173312,39.7452033]]}},{"type":"Feature","properties":{"road_class":"secondary","highway":"secondary"},"geometry":{"type":"LineString","coordinates":[[46.3222597,40.5910642],[46.3220997,40.5910587]]}},{"type":"Feature","properties":{"road_class":"secondary","highway":"secondary"},"geometry":{"type":"LineString","coordinates":[[46.3220997,40.5910587],[46.322208,40.5909882]]}},{"type":"Feature","properties":{"road_class":"secondary","highway":"secondary"},"geometry":{"type":"LineString","coordinates":[[49.8457657,40.4128297],[49.8458696,40.4128496]]}},{"type":"Feature","properties":{"road_class":"secondary","highway":"secondary"},"geometry":{"type":"LineString","coordinates":[[47.1211386,40.4063802],[47.1212305,40.4058819]]}},{"type":"Feature","properties":{"road_class":"secondary","highway":"secondary"},"geometry":{"type":"LineString","coordinates":[[49.1611333,39.3010918],[49.1565392,39.3050632]]}},{"type":"Feature","properties":{"road_class":"secondary","highway":"secondary"},"geometry":{"type":"LineString","coordinates":[[49.1982335,39.3110082],[49.1983713,39.3112413]]}},{"type":"Feature","properties":{"road_class":"secondary","highway":"secondary"},"geometry":{"type":"LineString","coordinates":[[45.6449083,40.6044199],[45.6442029,40.6029544]]}},{"type":"Feature","properties":{"road_class":"secondary","highway":"secondary"},"geometry":{"type":"LineString","coordinates":[[45.7221018,40.5610547],[45.7278283,40.5601593],[45.7424764,40.553377],[45.761482,40.5514759]]}},{"type":"Feature","properties":{"road_class":"secondary","highway":"secondary"},"geometry":{"type":"LineString","coordinates":[[45.8005487,40.6639502],[45.80919,40.6590138]]}},{"type":"Feature","properties":{"road_class":"secondary","highway":"secondary"},"geometry":{"type":"LineString","coordinates":[[45.7601024,40.6904292],[45.7602553,40.6903305]]}},{"type":"Feature","properties":{"road_class":"secondary","highway":"secondary"},"geometry":{"type":"LineString","coordinates":[[45.7602553,40.6903305],[45.7626607,40.689689],[45.7630938,40.6848698],[45.7647619,40.6845366]]}},{"type":"Feature","properties":{"road_class":"secondary","highway":"secondary"},"geometry":{"type":"LineString","coordinates":[[48.2803532,41.5699939],[48.2576204,41.5629248]]}},{"type":"Feature","properties":{"road_class":"secondary","highway":"secondary"},"geometry":{"type":"LineString","coordinates":[[49.869698,40.4058904],[49.8696493,40.4059523]]}},{"type":"Feature","properties":{"road_class":"secondary","highway":"secondary"},"geometry":{"type":"LineString","coordinates":[[49.8695536,40.4059108],[49.8696021,40.405847]]}},{"type":"Feature","properties":{"road_class":"secondary","highway":"secondary"},"geometry":{"type":"LineString","coordinates":[[47.5052898,40.6450611],[47.4972107,40.6474102]]}},{"type":"Feature","properties":{"road_class":"secondary","highway":"secondary"},"geometry":{"type":"LineString","coordinates":[[48.666136,39.0259702],[48.6657922,39.0261648]]}},{"type":"Feature","properties":{"road_class":"secondary","highway":"secondary"},"geometry":{"type":"LineString","coordinates":[[49.8348618,40.4108278],[49.8357328,40.4067853]]}},{"type":"Feature","properties":{"road_class":"secondary","highway":"secondary"},"geometry":{"type":"LineString","coordinates":[[49.8351995,40.4088314],[49.8357893,40.4106933]]}},{"type":"Feature","properties":{"road_class":"secondary","highway":"secondary"},"geometry":{"type":"LineString","coordinates":[[45.4586034,41.1070019],[45.4552631,41.1062821]]}},{"type":"Feature","properties":{"road_class":"secondary","highway":"secondary"},"geometry":{"type":"LineString","coordinates":[[49.8350109,40.4105146],[49.8352624,40.4107676]]}},{"type":"Feature","properties":{"road_class":"secondary","highway":"secondary"},"geometry":{"type":"LineString","coordinates":[[46.7668858,40.2550415],[46.768386,40.2527724]]}},{"type":"Feature","properties":{"road_class":"secondary","highway":"secondary"},"geometry":{"type":"LineString","coordinates":[[45.9908988,40.0231913],[45.9908414,40.0229547]]}},{"type":"Feature","properties":{"road_class":"secondary","highway":"secondary"},"geometry":{"type":"LineString","coordinates":[[49.9174093,40.4237063],[49.9179907,40.4229876]]}},{"type":"Feature","properties":{"road_class":"secondary","highway":"secondary"},"geometry":{"type":"LineString","coordinates":[[49.7960877,40.3786016],[49.7960331,40.3787217]]}},{"type":"Feature","properties":{"road_class":"secondary","highway":"secondary"},"geometry":{"type":"LineString","coordinates":[[48.5127104,41.6283608],[48.5052502,41.6393888],[48.5041126,41.6587437],[48.5018511,41.6614679],[48.4999966,41.6726578],[48.5008633,41.6799938],[48.4993828,41.6838552],[48.4890053,41.6964422]]}},{"type":"Feature","properties":{"road_class":"secondary","highway":"secondary"},"geometry":{"type":"LineString","coordinates":[[49.8350109,40.4105146],[49.8357893,40.4106933]]}},{"type":"Feature","properties":{"road_class":"secondary","highway":"secondary"},"geometry":{"type":"LineString","coordinates":[[48.3349353,41.5992477],[48.2973266,41.5770624]]}},{"type":"Feature","properties":{"road_class":"secondary","highway":"secondary"},"geometry":{"type":"LineString","coordinates":[[48.5264528,39.44518],[48.5299208,39.446894]]}},{"type":"Feature","properties":{"road_class":"secondary","highway":"secondary"},"geometry":{"type":"LineString","coordinates":[[48.526157,39.4448857],[48.5264528,39.44518]]}},{"type":"Feature","properties":{"road_class":"secondary","highway":"secondary"},"geometry":{"type":"LineString","coordinates":[[48.5264528,39.44518],[48.5259907,39.4450547]]}},{"type":"Feature","properties":{"road_class":"secondary","highway":"secondary"},"geometry":{"type":"LineString","coordinates":[[48.5284544,41.7981897],[48.546133,41.7878646]]}},{"type":"Feature","properties":{"road_class":"secondary","highway":"secondary"},"geometry":{"type":"LineString","coordinates":[[45.5641705,40.7269884],[45.5619684,40.7202204],[45.5548672,40.7119787],[45.5487632,40.7128519],[45.5498072,40.7120417],[45.5485131,40.7104162],[45.5434424,40.7077242],[45.5376112,40.7069272],[45.5335906,40.7030324],[45.5246884,40.70417],[45.5141607,40.7012847],[45.5088244,40.7032184],[45.4934948,40.7019527]]}},{"type":"Feature","properties":{"road_class":"secondary","highway":"secondary"},"geometry":{"type":"LineString","coordinates":[[47.4965623,40.6475459],[47.4972107,40.6474102]]}},{"type":"Feature","properties":{"road_class":"secondary","highway":"secondary"},"geometry":{"type":"LineString","coordinates":[[47.4972107,40.6474102],[47.4965623,40.6475459]]}},{"type":"Feature","properties":{"road_class":"secondary","highway":"secondary"},"geometry":{"type":"LineString","coordinates":[[48.341201,41.4711133],[48.3539871,41.470856],[48.3554086,41.4691528],[48.3621463,41.4701717],[48.3681062,41.4675811],[48.3909693,41.4738344],[48.3937767,41.4706643],[48.4030741,41.4685619],[48.4038516,41.4661995],[48.4190789,41.4626406],[48.4186712,41.4471918],[48.4171933,41.4440232],[48.418141,41.4372302],[48.4206575,41.4325555]]}},{"type":"Feature","properties":{"road_class":"secondary","highway":"secondary"},"geometry":{"type":"LineString","coordinates":[[48.3408441,41.4714841],[48.341201,41.4711133]]}},{"type":"Feature","properties":{"road_class":"secondary","highway":"secondary"},"geometry":{"type":"LineString","coordinates":[[47.1212305,40.4058819],[47.1228074,40.3978867]]}},{"type":"Feature","properties":{"road_class":"secondary","highway":"secondary"},"geometry":{"type":"LineString","coordinates":[[47.1233008,40.391331],[47.122889,40.3974773]]}},{"type":"Feature","properties":{"road_class":"secondary","highway":"secondary"},"geometry":{"type":"LineString","coordinates":[[45.4636579,39.3535164],[45.4629589,39.3489343]]}},{"type":"Feature","properties":{"road_class":"secondary","highway":"secondary"},"geometry":{"type":"LineString","coordinates":[[47.122889,40.3974773],[47.1233008,40.391331]]}},{"type":"Feature","properties":{"road_class":"secondary","highway":"secondary"},"geometry":{"type":"LineString","coordinates":[[48.5463497,41.3752467],[48.5467386,41.3752588]]}},{"type":"Feature","properties":{"road_class":"secondary","highway":"secondary"},"geometry":{"type":"LineString","coordinates":[[48.5338748,41.3746912],[48.5324237,41.3755708]]}},{"type":"Feature","properties":{"road_class":"secondary","highway":"secondary"},"geometry":{"type":"LineString","coordinates":[[49.8460444,40.4128842],[49.8467301,40.4130265]]}},{"type":"Feature","properties":{"road_class":"secondary","highway":"secondary"},"geometry":{"type":"LineString","coordinates":[[49.8458696,40.4128496],[49.846161,40.4125948]]}},{"type":"Feature","properties":{"road_class":"secondary","highway":"secondary"},"geometry":{"type":"LineString","coordinates":[[49.9531519,40.394989],[49.9518104,40.3954577]]}},{"type":"Feature","properties":{"road_class":"secondary","highway":"secondary"},"geometry":{"type":"LineString","coordinates":[[49.9697748,40.3648969],[49.9695697,40.3648415]]}},{"type":"Feature","properties":{"road_class":"secondary","highway":"secondary"},"geometry":{"type":"LineString","coordinates":[[49.9670614,40.3597478],[49.9670282,40.3597368]]}},{"type":"Feature","properties":{"road_class":"secondary","highway":"secondary"},"geometry":{"type":"LineString","coordinates":[[49.966756,40.3595773],[49.9670413,40.3595975]]}},{"type":"Feature","properties":{"road_class":"secondary","highway":"secondary"},"geometry":{"type":"LineString","coordinates":[[49.9670019,40.3597178],[49.966756,40.3595773]]}},{"type":"Feature","properties":{"road_class":"secondary","highway":"secondary"},"geometry":{"type":"LineString","coordinates":[[49.9671592,40.3594177],[49.9671895,40.3596508]]}},{"type":"Feature","properties":{"road_class":"secondary","highway":"secondary"},"geometry":{"type":"LineString","coordinates":[[49.9670565,40.3595942],[49.9671592,40.3594177]]}},{"type":"Feature","properties":{"road_class":"secondary","highway":"secondary"},"geometry":{"type":"LineString","coordinates":[[49.9698949,40.3644806],[49.9698312,40.3648139]]}},{"type":"Feature","properties":{"road_class":"secondary","highway":"secondary"},"geometry":{"type":"LineString","coordinates":[[48.425304,41.4281545],[48.4249916,41.4282118]]}},{"type":"Feature","properties":{"road_class":"secondary","highway":"secondary"},"geometry":{"type":"LineString","coordinates":[[48.4254139,41.4281056],[48.4257185,41.4283324]]}},{"type":"Feature","properties":{"road_class":"secondary","highway":"secondary"},"geometry":{"type":"LineString","coordinates":[[48.4252608,41.4281168],[48.4253288,41.4280428],[48.4254139,41.4281056],[48.4253406,41.4281596],[48.4252608,41.4281168]]}},{"type":"Feature","properties":{"road_class":"secondary","highway":"secondary"},"geometry":{"type":"LineString","coordinates":[[44.9799673,39.5529184],[44.9777899,39.5525263]]}},{"type":"Feature","properties":{"road_class":"secondary","highway":"secondary"},"geometry":{"type":"LineString","coordinates":[[49.0230622,39.6927201],[49.0225723,39.6808033]]}},{"type":"Feature","properties":{"road_class":"secondary","highway":"secondary"},"geometry":{"type":"LineString","coordinates":[[49.0228569,39.6935787],[49.0230622,39.6927201]]}},{"type":"Feature","properties":{"road_class":"secondary","highway":"secondary"},"geometry":{"type":"LineString","coordinates":[[49.7728702,40.4427748],[49.7725065,40.442222]]}},{"type":"Feature","properties":{"road_class":"secondary","highway":"secondary"},"geometry":{"type":"LineString","coordinates":[[48.4249916,41.4282118],[48.4252967,41.4280505]]}},{"type":"Feature","properties":{"road_class":"secondary","highway":"secondary"},"geometry":{"type":"LineString","coordinates":[[48.4257185,41.4283324],[48.4253406,41.4281596]]}},{"type":"Feature","properties":{"road_class":"secondary","highway":"secondary"},"geometry":{"type":"LineString","coordinates":[[47.159178,39.9881996],[47.1653219,39.9901335],[47.1677009,39.9855869],[47.1898425,39.9858414],[47.1938278,39.9821603],[47.1989718,39.9816822]]}},{"type":"Feature","properties":{"road_class":"secondary","highway":"secondary"},"geometry":{"type":"LineString","coordinates":[[49.9966866,40.5854583],[50.0054184,40.5819992]]}},{"type":"Feature","properties":{"road_class":"secondary","highway":"secondary"},"geometry":{"type":"LineString","coordinates":[[49.964238,40.4393365],[49.9644309,40.4393024]]}},{"type":"Feature","properties":{"road_class":"secondary","highway":"secondary"},"geometry":{"type":"LineString","coordinates":[[49.9414201,40.4618423],[49.9415441,40.4618076]]}},{"type":"Feature","properties":{"road_class":"secondary","highway":"secondary"},"geometry":{"type":"LineString","coordinates":[[49.9947752,40.5242533],[49.9940581,40.5238838]]}},{"type":"Feature","properties":{"road_class":"secondary","highway":"secondary"},"geometry":{"type":"LineString","coordinates":[[49.9942346,40.5238185],[49.9947752,40.5242533]]}},{"type":"Feature","properties":{"road_class":"secondary","highway":"secondary"},"geometry":{"type":"LineString","coordinates":[[50.0162504,40.5264324],[50.0158183,40.5266474]]}},{"type":"Feature","properties":{"road_class":"secondary","highway":"secondary"},"geometry":{"type":"LineString","coordinates":[[49.8991575,40.452401],[49.8934577,40.453603],[49.8940158,40.4559044],[49.8916147,40.4574195],[49.8824185,40.4751947],[49.8778525,40.4794309],[49.8631293,40.4852531],[49.8557034,40.4803459]]}},{"type":"Feature","properties":{"road_class":"secondary","highway":"secondary"},"geometry":{"type":"LineString","coordinates":[[49.6684505,40.6036592],[49.6680786,40.6037508]]}},{"type":"Feature","properties":{"road_class":"secondary","highway":"secondary"},"geometry":{"type":"LineString","coordinates":[[49.6680466,40.6036288],[49.6684505,40.6036592]]}},{"type":"Feature","properties":{"road_class":"secondary","highway":"secondary"},"geometry":{"type":"LineString","coordinates":[[48.5128079,41.6282529],[48.5127104,41.6283608]]}},{"type":"Feature","properties":{"road_class":"secondary","highway":"secondary"},"geometry":{"type":"LineString","coordinates":[[48.528491,41.5992556],[48.5275218,41.6053315],[48.5207086,41.6193802],[48.5128079,41.6282529]]}},{"type":"Feature","properties":{"road_class":"secondary","highway":"secondary"},"geometry":{"type":"LineString","coordinates":[[48.4250276,41.6419802],[48.4247875,41.6417588]]}},{"type":"Feature","properties":{"road_class":"secondary","highway":"secondary"},"geometry":{"type":"LineString","coordinates":[[48.4279858,41.6447316],[48.4278485,41.6445993]]}},{"type":"Feature","properties":{"road_class":"secondary","highway":"secondary"},"geometry":{"type":"LineString","coordinates":[[49.6928417,40.5733297],[49.6931722,40.5738808]]}},{"type":"Feature","properties":{"road_class":"secondary","highway":"secondary"},"geometry":{"type":"LineString","coordinates":[[48.9808239,41.2021451],[48.9805591,41.2023106]]}},{"type":"Feature","properties":{"road_class":"secondary","highway":"secondary"},"geometry":{"type":"LineString","coordinates":[[49.8000048,40.4211293],[49.799695,40.4210752]]}},{"type":"Feature","properties":{"road_class":"secondary","highway":"secondary"},"geometry":{"type":"LineString","coordinates":[[48.7253925,40.5799674],[48.713792,40.5873068],[48.7000698,40.5933959],[48.7010837,40.5948144]]}},{"type":"Feature","properties":{"road_class":"secondary","highway":"secondary"},"geometry":{"type":"LineString","coordinates":[[48.5807678,40.8043651],[48.5807061,40.8046442]]}},{"type":"Feature","properties":{"road_class":"secondary","highway":"secondary"},"geometry":{"type":"LineString","coordinates":[[48.5939858,40.7899931],[48.5858222,40.7967738],[48.5864265,40.7987759],[48.5807678,40.8043651]]}},{"type":"Feature","properties":{"road_class":"secondary","highway":"secondary"},"geometry":{"type":"LineString","coordinates":[[48.9102727,40.5348397],[48.9093657,40.534532]]}},{"type":"Feature","properties":{"road_class":"secondary","highway":"secondary"},"geometry":{"type":"LineString","coordinates":[[48.3201537,40.8175017],[48.3203282,40.8179275]]}},{"type":"Feature","properties":{"road_class":"secondary","highway":"secondary"},"geometry":{"type":"LineString","coordinates":[[48.3773089,40.8441061],[48.3784474,40.8451449]]}},{"type":"Feature","properties":{"road_class":"secondary","highway":"secondary"},"geometry":{"type":"LineString","coordinates":[[48.4108137,40.8729096],[48.4109793,40.872978]]}},{"type":"Feature","properties":{"road_class":"secondary","highway":"secondary"},"geometry":{"type":"LineString","coordinates":[[48.4255564,40.8791044],[48.4259018,40.879171]]}},{"type":"Feature","properties":{"road_class":"secondary","highway":"secondary"},"geometry":{"type":"LineString","coordinates":[[48.4109793,40.872978],[48.4177486,40.8774536],[48.4255564,40.8791044]]}},{"type":"Feature","properties":{"road_class":"secondary","highway":"secondary"},"geometry":{"type":"LineString","coordinates":[[48.3933106,40.8544617],[48.38842,40.8537302],[48.3784474,40.8451449]]}},{"type":"Feature","properties":{"road_class":"secondary","highway":"secondary"},"geometry":{"type":"LineString","coordinates":[[46.9397104,40.3315569],[46.9481101,40.3366913]]}},{"type":"Feature","properties":{"road_class":"secondary","highway":"secondary"},"geometry":{"type":"LineString","coordinates":[[49.8717525,40.4033756],[49.8716037,40.4035039]]}},{"type":"Feature","properties":{"road_class":"secondary","highway":"secondary"},"geometry":{"type":"LineString","coordinates":[[48.377502,41.5758883],[48.3861494,41.5874828],[48.3923936,41.5930757],[48.397758,41.6041236],[48.4144843,41.6184421],[48.4196824,41.6289484],[48.4261217,41.6348469]]}},{"type":"Feature","properties":{"road_class":"secondary","highway":"secondary"},"geometry":{"type":"LineString","coordinates":[[48.3774455,41.5757393],[48.377502,41.5758883]]}},{"type":"Feature","properties":{"road_class":"secondary","highway":"secondary"},"geometry":{"type":"LineString","coordinates":[[48.3399412,41.5611351],[48.3095159,41.5527228],[48.2883004,41.5397487]]}},{"type":"Feature","properties":{"road_class":"secondary","highway":"secondary"},"geometry":{"type":"LineString","coordinates":[[45.9523767,39.8810162],[45.9507864,39.8856751],[45.9533858,39.8889121],[45.9522856,39.8922101],[45.9537106,39.895097],[45.9490387,39.9023188],[45.9505176,39.90941],[45.947273,39.9129052],[45.9478051,39.9299983],[45.9494185,39.9350212]]}},{"type":"Feature","properties":{"road_class":"secondary","highway":"secondary"},"geometry":{"type":"LineString","coordinates":[[48.2390975,41.3506883],[48.2390638,41.3504422]]}},{"type":"Feature","properties":{"road_class":"secondary","highway":"secondary"},"geometry":{"type":"LineString","coordinates":[[48.2460469,41.3533648],[48.2457089,41.3533809]]}},{"type":"Feature","properties":{"road_class":"secondary","highway":"secondary"},"geometry":{"type":"LineString","coordinates":[[48.8033961,41.4672833],[48.8036703,41.4670497]]}},{"type":"Feature","properties":{"road_class":"secondary","highway":"secondary"},"geometry":{"type":"LineString","coordinates":[[48.7866461,41.4588503],[48.7865469,41.4590614]]}},{"type":"Feature","properties":{"road_class":"secondary","highway":"secondary"},"geometry":{"type":"LineString","coordinates":[[48.5215264,40.2175514],[48.5217135,40.2179198]]}},{"type":"Feature","properties":{"road_class":"secondary","highway":"secondary"},"geometry":{"type":"LineString","coordinates":[[48.5221001,40.2186781],[48.5235466,40.2214795]]}},{"type":"Feature","properties":{"road_class":"secondary","highway":"secondary"},"geometry":{"type":"LineString","coordinates":[[48.1650307,40.7971464],[48.1652911,40.7968993]]}},{"type":"Feature","properties":{"road_class":"secondary","highway":"secondary"},"geometry":{"type":"LineString","coordinates":[[49.9506417,40.4402935],[49.9514524,40.4402378]]}},{"type":"Feature","properties":{"road_class":"secondary","highway":"secondary"},"geometry":{"type":"LineString","coordinates":[[49.9514631,40.4402986],[49.9506498,40.4403532]]}},{"type":"Feature","properties":{"road_class":"secondary","highway":"secondary"},"geometry":{"type":"LineString","coordinates":[[49.9530081,40.4401812],[49.9514631,40.4402986]]}},{"type":"Feature","properties":{"road_class":"secondary","highway":"secondary"},"geometry":{"type":"LineString","coordinates":[[49.9514524,40.4402378],[49.9529045,40.4395089]]}},{"type":"Feature","properties":{"road_class":"secondary","highway":"secondary"},"geometry":{"type":"LineString","coordinates":[[47.8361062,40.9653454],[47.8358218,40.9654188]]}},{"type":"Feature","properties":{"road_class":"secondary","highway":"secondary"},"geometry":{"type":"LineString","coordinates":[[47.8505837,40.9790354],[47.8508925,40.9789072]]}},{"type":"Feature","properties":{"road_class":"secondary","highway":"secondary"},"geometry":{"type":"LineString","coordinates":[[47.8507154,40.9791677],[47.8506549,40.9793961]]}},{"type":"Feature","properties":{"road_class":"secondary","highway":"secondary"},"geometry":{"type":"LineString","coordinates":[[47.8505837,40.9790354],[47.8505417,40.9790476]]}},{"type":"Feature","properties":{"road_class":"secondary","highway":"secondary"},"geometry":{"type":"LineString","coordinates":[[46.3953455,41.7215193],[46.3952981,41.7213527],[46.3955265,41.7213553],[46.395536,41.7214779],[46.3953455,41.7215193]]}},{"type":"Feature","properties":{"road_class":"secondary","highway":"secondary"},"geometry":{"type":"LineString","coordinates":[[46.3922669,41.7222236],[46.3922289,41.7220876],[46.392414,41.7221027],[46.3923994,41.722203],[46.3922669,41.7222236]]}},{"type":"Feature","properties":{"road_class":"secondary","highway":"secondary"},"geometry":{"type":"LineString","coordinates":[[47.4639957,41.0659326],[47.4621352,41.0559804]]}},{"type":"Feature","properties":{"road_class":"secondary","highway":"secondary"},"geometry":{"type":"LineString","coordinates":[[48.1996561,40.321122],[48.1993687,40.3204305]]}},{"type":"Feature","properties":{"road_class":"secondary","highway":"secondary"},"geometry":{"type":"LineString","coordinates":[[46.7689322,40.3260005],[46.7959045,40.328758]]}},{"type":"Feature","properties":{"road_class":"secondary","highway":"secondary"},"geometry":{"type":"LineString","coordinates":[[47.1676601,41.1692567],[47.1675547,41.1696294]]}},{"type":"Feature","properties":{"road_class":"secondary","highway":"secondary"},"geometry":{"type":"LineString","coordinates":[[47.1663806,41.206685],[47.1676634,41.2066776],[47.1665303,41.2071261]]}},{"type":"Feature","properties":{"road_class":"secondary","highway":"secondary"},"geometry":{"type":"LineString","coordinates":[[47.1692146,41.1847589],[47.1691306,41.1846319]]}},{"type":"Feature","properties":{"road_class":"secondary","highway":"secondary"},"geometry":{"type":"LineString","coordinates":[[47.1691757,41.1845806],[47.1694006,41.1846443]]}},{"type":"Feature","properties":{"road_class":"secondary","highway":"secondary"},"geometry":{"type":"LineString","coordinates":[[47.1780568,41.1993849],[47.1776359,41.1993856]]}},{"type":"Feature","properties":{"road_class":"secondary","highway":"secondary"},"geometry":{"type":"LineString","coordinates":[[47.1776359,41.1993856],[47.1779756,41.1992717]]}},{"type":"Feature","properties":{"road_class":"secondary","highway":"secondary"},"geometry":{"type":"LineString","coordinates":[[47.1687265,41.2063478],[47.1689623,41.2062878]]}},{"type":"Feature","properties":{"road_class":"secondary","highway":"secondary"},"geometry":{"type":"LineString","coordinates":[[49.8035933,40.3853182],[49.8034166,40.3853031]]}},{"type":"Feature","properties":{"road_class":"secondary","highway":"secondary"},"geometry":{"type":"LineString","coordinates":[[47.1392363,41.064505],[47.1401592,41.0639402]]}},{"type":"Feature","properties":{"road_class":"secondary","highway":"secondary"},"geometry":{"type":"LineString","coordinates":[[46.6585015,41.5724472],[46.6591362,41.5477742]]}},{"type":"Feature","properties":{"road_class":"secondary","highway":"secondary"},"geometry":{"type":"LineString","coordinates":[[46.275754,41.7008827],[46.2751309,41.7010008]]}},{"type":"Feature","properties":{"road_class":"secondary","highway":"secondary"},"geometry":{"type":"LineString","coordinates":[[47.1776654,41.1664018],[47.1781441,41.1662685]]}},{"type":"Feature","properties":{"road_class":"secondary","highway":"secondary"},"geometry":{"type":"LineString","coordinates":[[46.2707418,41.7102005],[46.2706266,41.710045],[46.2708472,41.7099946],[46.2709083,41.7101254],[46.2707418,41.7102005]]}},{"type":"Feature","properties":{"road_class":"secondary","highway":"secondary"},"geometry":{"type":"LineString","coordinates":[[47.1402836,41.0645686],[47.1392363,41.064505]]}},{"type":"Feature","properties":{"road_class":"secondary","highway":"secondary"},"geometry":{"type":"LineString","coordinates":[[47.1675547,41.1696294],[47.1674855,41.1692169]]}},{"type":"Feature","properties":{"road_class":"secondary","highway":"secondary"},"geometry":{"type":"LineString","coordinates":[[46.7484875,40.3227527],[46.7485097,40.3229846]]}},{"type":"Feature","properties":{"road_class":"secondary","highway":"secondary"},"geometry":{"type":"LineString","coordinates":[[46.7483,40.3239578],[46.7472588,40.3256173]]}},{"type":"Feature","properties":{"road_class":"secondary","highway":"secondary"},"geometry":{"type":"LineString","coordinates":[[46.748351,40.3237891],[46.7483,40.3239578]]}},{"type":"Feature","properties":{"road_class":"secondary","highway":"secondary"},"geometry":{"type":"LineString","coordinates":[[46.7485136,40.3235697],[46.748351,40.3237891]]}},{"type":"Feature","properties":{"road_class":"secondary","highway":"secondary"},"geometry":{"type":"LineString","coordinates":[[46.7485097,40.3229846],[46.7485765,40.3232448]]}},{"type":"Feature","properties":{"road_class":"secondary","highway":"secondary"},"geometry":{"type":"LineString","coordinates":[[47.1780868,41.1992507],[47.1782602,41.1993025]]}},{"type":"Feature","properties":{"road_class":"secondary","highway":"secondary"},"geometry":{"type":"LineString","coordinates":[[48.934555,40.5224402],[48.934188,40.5223781]]}},{"type":"Feature","properties":{"road_class":"secondary","highway":"secondary"},"geometry":{"type":"LineString","coordinates":[[46.8937379,41.4156325],[46.8937678,41.4155347]]}},{"type":"Feature","properties":{"road_class":"secondary","highway":"secondary"},"geometry":{"type":"LineString","coordinates":[[46.9306403,41.4227793],[46.9305993,41.4228987],[46.9304497,41.4228517],[46.9304951,41.4227571],[46.9306403,41.4227793]]}},{"type":"Feature","properties":{"road_class":"secondary","highway":"secondary"},"geometry":{"type":"LineString","coordinates":[[46.6590803,41.5443263],[46.659131,41.5473776]]}},{"type":"Feature","properties":{"road_class":"secondary","highway":"secondary"},"geometry":{"type":"LineString","coordinates":[[46.6590739,41.5439477],[46.6590803,41.5443263]]}},{"type":"Feature","properties":{"road_class":"secondary","highway":"secondary"},"geometry":{"type":"LineString","coordinates":[[46.65896,41.5394039],[46.6590739,41.5439477]]}},{"type":"Feature","properties":{"road_class":"secondary","highway":"secondary"},"geometry":{"type":"LineString","coordinates":[[46.6589561,41.5392471],[46.65896,41.5394039]]}},{"type":"Feature","properties":{"road_class":"secondary","highway":"secondary"},"geometry":{"type":"LineString","coordinates":[[47.0371225,40.1176241],[47.037672,40.1171391]]}},{"type":"Feature","properties":{"road_class":"secondary","highway":"secondary"},"geometry":{"type":"LineString","coordinates":[[47.4766438,40.3559896],[47.4701058,40.3601033],[47.4647039,40.361134]]}},{"type":"Feature","properties":{"road_class":"secondary","highway":"secondary"},"geometry":{"type":"LineString","coordinates":[[47.1657109,40.0065947],[47.1578215,39.991764],[47.159178,39.9881996]]}},{"type":"Feature","properties":{"road_class":"secondary","highway":"secondary"},"geometry":{"type":"LineString","coordinates":[[47.2794506,40.0117047],[47.2695111,40.0074481]]}},{"type":"Feature","properties":{"road_class":"secondary","highway":"secondary"},"geometry":{"type":"LineString","coordinates":[[47.1228074,40.3978867],[47.122889,40.3974773]]}},{"type":"Feature","properties":{"road_class":"secondary","highway":"secondary"},"geometry":{"type":"LineString","coordinates":[[47.2761516,40.4487448],[47.2673146,40.4547123]]}},{"type":"Feature","properties":{"road_class":"secondary","highway":"secondary"},"geometry":{"type":"LineString","coordinates":[[47.5664555,39.7874004],[47.5661585,39.7872356]]}},{"type":"Feature","properties":{"road_class":"secondary","highway":"secondary"},"geometry":{"type":"LineString","coordinates":[[47.5659962,39.7870918],[47.5569934,39.7788645]]}},{"type":"Feature","properties":{"road_class":"secondary","highway":"secondary"},"geometry":{"type":"LineString","coordinates":[[47.3076034,39.3968794],[47.3125628,39.398459]]}},{"type":"Feature","properties":{"road_class":"secondary","highway":"secondary"},"geometry":{"type":"LineString","coordinates":[[47.3855676,39.581548],[47.393351,39.5782844],[47.3998385,39.5720323],[47.4049456,39.5702018],[47.4031769,39.5515093],[47.3976087,39.5450606],[47.3958062,39.5382804],[47.3991697,39.528508]]}},{"type":"Feature","properties":{"road_class":"secondary","highway":"secondary"},"geometry":{"type":"LineString","coordinates":[[47.3658662,39.471975],[47.3454927,39.4511286]]}},{"type":"Feature","properties":{"road_class":"secondary","highway":"secondary"},"geometry":{"type":"LineString","coordinates":[[45.6443145,40.606676],[45.6447366,40.6049331]]}},{"type":"Feature","properties":{"road_class":"secondary","highway":"secondary"},"geometry":{"type":"LineString","coordinates":[[45.7619638,40.5514286],[45.7920429,40.5551413]]}},{"type":"Feature","properties":{"road_class":"secondary","highway":"secondary"},"geometry":{"type":"LineString","coordinates":[[46.5666156,40.6985039],[46.5634975,40.6999018]]}},{"type":"Feature","properties":{"road_class":"secondary","highway":"secondary"},"geometry":{"type":"LineString","coordinates":[[47.7637346,40.6025503],[47.7747853,40.6047352]]}},{"type":"Feature","properties":{"road_class":"secondary","highway":"secondary"},"geometry":{"type":"LineString","coordinates":[[47.8221543,40.5706797],[47.829271,40.5657514],[47.8415395,40.5629799]]}},{"type":"Feature","properties":{"road_class":"secondary","highway":"secondary"},"geometry":{"type":"LineString","coordinates":[[46.6552786,41.6144501],[46.6554028,41.6150161]]}},{"type":"Feature","properties":{"road_class":"secondary","highway":"secondary"},"geometry":{"type":"LineString","coordinates":[[46.6554028,41.6150161],[46.6551347,41.6150042]]}},{"type":"Feature","properties":{"road_class":"secondary","highway":"secondary"},"geometry":{"type":"LineString","coordinates":[[46.6560078,41.5924723],[46.6562446,41.5918578]]}},{"type":"Feature","properties":{"road_class":"secondary","highway":"secondary"},"geometry":{"type":"LineString","coordinates":[[46.6562446,41.5918578],[46.6563143,41.5925202]]}},{"type":"Feature","properties":{"road_class":"secondary","highway":"secondary"},"geometry":{"type":"LineString","coordinates":[[46.656607,41.5887413],[46.6566235,41.5885675]]}},{"type":"Feature","properties":{"road_class":"secondary","highway":"secondary"},"geometry":{"type":"LineString","coordinates":[[46.6562446,41.5918578],[46.656607,41.5887413]]}},{"type":"Feature","properties":{"road_class":"secondary","highway":"secondary"},"geometry":{"type":"LineString","coordinates":[[46.6584802,41.5726482],[46.6585015,41.5724472]]}},{"type":"Feature","properties":{"road_class":"secondary","highway":"secondary"},"geometry":{"type":"LineString","coordinates":[[46.6566235,41.5885675],[46.6584802,41.5726482]]}},{"type":"Feature","properties":{"road_class":"secondary","highway":"secondary"},"geometry":{"type":"LineString","coordinates":[[46.6491143,41.6209607],[46.6489464,41.6210661]]}},{"type":"Feature","properties":{"road_class":"secondary","highway":"secondary"},"geometry":{"type":"LineString","coordinates":[[48.0363869,39.8425049],[48.0361074,39.8420637]]}},{"type":"Feature","properties":{"road_class":"secondary","highway":"secondary"},"geometry":{"type":"LineString","coordinates":[[48.4259018,40.879171],[48.4444901,40.8780376],[48.455447,40.8681117],[48.4634452,40.868279],[48.4681874,40.8662152],[48.4696197,40.8674819],[48.4773123,40.8646817],[48.4792381,40.8673085],[48.4932949,40.8594012],[48.4940305,40.8555856],[48.5017204,40.8532038],[48.5080337,40.8489409],[48.518279,40.8480353]]}},{"type":"Feature","properties":{"road_class":"secondary","highway":"secondary"},"geometry":{"type":"LineString","coordinates":[[48.518279,40.8480353],[48.5285814,40.8446783]]}},{"type":"Feature","properties":{"road_class":"secondary","highway":"secondary"},"geometry":{"type":"LineString","coordinates":[[46.7337816,39.1664593],[46.732029,39.166019]]}},{"type":"Feature","properties":{"road_class":"secondary","highway":"secondary"},"geometry":{"type":"LineString","coordinates":[[46.7341396,39.1647502],[46.7265584,39.1691998]]}},{"type":"Feature","properties":{"road_class":"secondary","highway":"secondary"},"geometry":{"type":"LineString","coordinates":[[47.0398174,39.3846641],[47.0403034,39.384387]]}},{"type":"Feature","properties":{"road_class":"secondary","highway":"secondary"},"geometry":{"type":"LineString","coordinates":[[48.0407892,40.317326],[48.0606273,40.3242834]]}},{"type":"Feature","properties":{"road_class":"secondary","highway":"secondary"},"geometry":{"type":"LineString","coordinates":[[48.3519335,40.0542744],[48.3442335,40.0569723],[48.3310428,40.0580421]]}},{"type":"Feature","properties":{"road_class":"secondary","highway":"secondary"},"geometry":{"type":"LineString","coordinates":[[46.9920239,39.6716286],[46.9917616,39.6707272]]}},{"type":"Feature","properties":{"road_class":"secondary","highway":"secondary"},"geometry":{"type":"LineString","coordinates":[[48.8520662,38.7590805],[48.8516343,38.7592799]]}},{"type":"Feature","properties":{"road_class":"secondary","highway":"secondary"},"geometry":{"type":"LineString","coordinates":[[49.2438607,39.3680524],[49.2436083,39.367776]]}},{"type":"Feature","properties":{"road_class":"secondary","highway":"secondary"},"geometry":{"type":"LineString","coordinates":[[46.6398871,41.6345283],[46.6400995,41.6345374]]}},{"type":"Feature","properties":{"road_class":"secondary","highway":"secondary"},"geometry":{"type":"LineString","coordinates":[[49.1555632,39.304381],[49.1565392,39.3050632]]}},{"type":"Feature","properties":{"road_class":"secondary","highway":"secondary"},"geometry":{"type":"LineString","coordinates":[[49.2430389,39.386113],[49.2430315,39.387284]]}},{"type":"Feature","properties":{"road_class":"secondary","highway":"secondary"},"geometry":{"type":"LineString","coordinates":[[46.6733739,39.2864962],[46.6732893,39.2863357]]}},{"type":"Feature","properties":{"road_class":"secondary","highway":"secondary"},"geometry":{"type":"LineString","coordinates":[[48.4628163,39.9905325],[48.4524695,39.9976348]]}},{"type":"Feature","properties":{"road_class":"secondary","highway":"secondary"},"geometry":{"type":"LineString","coordinates":[[46.4266903,40.7161464],[46.4193212,40.7140795]]}},{"type":"Feature","properties":{"road_class":"secondary","highway":"secondary"},"geometry":{"type":"LineString","coordinates":[[46.3919383,40.7523488],[46.3945921,40.751268]]}},{"type":"Feature","properties":{"road_class":"secondary","highway":"secondary"},"geometry":{"type":"LineString","coordinates":[[46.3175885,40.7891317],[46.3175002,40.7891603]]}},{"type":"Feature","properties":{"road_class":"secondary","highway":"secondary"},"geometry":{"type":"LineString","coordinates":[[48.8599075,39.956334],[48.8677121,39.9513168]]}},{"type":"Feature","properties":{"road_class":"secondary","highway":"secondary"},"geometry":{"type":"LineString","coordinates":[[48.4689505,40.0332459],[48.4634561,40.0324081]]}},{"type":"Feature","properties":{"road_class":"secondary","highway":"secondary"},"geometry":{"type":"LineString","coordinates":[[47.0173187,40.338569],[47.0144755,40.3412381],[47.0161791,40.347174],[47.0121218,40.3539004],[47.0144025,40.355276],[47.0141142,40.3622716]]}},{"type":"Feature","properties":{"road_class":"secondary","highway":"secondary"},"geometry":{"type":"LineString","coordinates":[[46.7959045,40.328758],[46.8090619,40.3301533]]}},{"type":"Feature","properties":{"road_class":"secondary","highway":"secondary"},"geometry":{"type":"LineString","coordinates":[[46.7485765,40.3232448],[46.7486066,40.3234796]]}},{"type":"Feature","properties":{"road_class":"secondary","highway":"secondary"},"geometry":{"type":"LineString","coordinates":[[48.3587169,39.0333068],[48.3635078,39.0310182],[48.3674291,39.0260434]]}},{"type":"Feature","properties":{"road_class":"secondary","highway":"secondary"},"geometry":{"type":"LineString","coordinates":[[44.9893232,39.5597709],[44.985724,39.5570649]]}},{"type":"Feature","properties":{"road_class":"secondary","highway":"secondary"},"geometry":{"type":"LineString","coordinates":[[45.4633729,39.3537206],[45.4636579,39.3535164]]}},{"type":"Feature","properties":{"road_class":"secondary","highway":"secondary"},"geometry":{"type":"LineString","coordinates":[[45.4417958,39.157152],[45.4416976,39.1575524]]}},{"type":"Feature","properties":{"road_class":"secondary","highway":"secondary"},"geometry":{"type":"LineString","coordinates":[[45.029078,39.5021986],[45.0198121,39.5007401]]}},{"type":"Feature","properties":{"road_class":"secondary","highway":"secondary"},"geometry":{"type":"LineString","coordinates":[[44.9966216,39.5286434],[44.989101,39.5331312]]}},{"type":"Feature","properties":{"road_class":"secondary","highway":"secondary"},"geometry":{"type":"LineString","coordinates":[[47.0602858,39.5100979],[47.0423332,39.5128398]]}},{"type":"Feature","properties":{"road_class":"secondary","highway":"secondary"},"geometry":{"type":"LineString","coordinates":[[46.7161605,39.1895495],[46.7158686,39.1901337]]}},{"type":"Feature","properties":{"road_class":"secondary","highway":"secondary"},"geometry":{"type":"LineString","coordinates":[[46.6513762,41.6316701],[46.6517633,41.6315064]]}},{"type":"Feature","properties":{"road_class":"secondary","highway":"secondary"},"geometry":{"type":"LineString","coordinates":[[46.6513751,41.6317945],[46.6511368,41.6318075]]}},{"type":"Feature","properties":{"road_class":"secondary","highway":"secondary"},"geometry":{"type":"LineString","coordinates":[[46.4766906,39.4335476],[46.4840467,39.4276675],[46.5029418,39.4248252]]}},{"type":"Feature","properties":{"road_class":"secondary","highway":"secondary"},"geometry":{"type":"LineString","coordinates":[[46.4707925,39.4353332],[46.4688359,39.438593],[46.4644573,39.4395935]]}},{"type":"Feature","properties":{"road_class":"secondary","highway":"secondary"},"geometry":{"type":"LineString","coordinates":[[46.6718318,39.2788551],[46.6730823,39.2858242]]}},{"type":"Feature","properties":{"road_class":"secondary","highway":"secondary"},"geometry":{"type":"LineString","coordinates":[[46.7158686,39.1901337],[46.7157896,39.1902034]]}},{"type":"Feature","properties":{"road_class":"secondary","highway":"secondary"},"geometry":{"type":"LineString","coordinates":[[46.0359559,40.0988323],[46.0448599,40.1090518]]}},{"type":"Feature","properties":{"road_class":"secondary","highway":"secondary"},"geometry":{"type":"LineString","coordinates":[[45.7632872,40.6959755],[45.7634076,40.6932084],[45.7594561,40.6915082],[45.7601024,40.6904292]]}},{"type":"Feature","properties":{"road_class":"secondary","highway":"secondary"},"geometry":{"type":"LineString","coordinates":[[45.7632703,40.6960674],[45.7632872,40.6959755]]}},{"type":"Feature","properties":{"road_class":"secondary","highway":"secondary"},"geometry":{"type":"LineString","coordinates":[[45.7541071,40.7549102],[45.7406276,40.7434356],[45.7490927,40.7341003],[45.7552887,40.7299518]]}},{"type":"Feature","properties":{"road_class":"secondary","highway":"secondary"},"geometry":{"type":"LineString","coordinates":[[45.7552887,40.7299518],[45.7553487,40.7298259]]}},{"type":"Feature","properties":{"road_class":"secondary","highway":"secondary"},"geometry":{"type":"LineString","coordinates":[[47.162533,40.5983758],[47.1619226,40.5960318]]}},{"type":"Feature","properties":{"road_class":"secondary","highway":"secondary"},"geometry":{"type":"LineString","coordinates":[[46.9715362,40.6324072],[46.9698765,40.6314241]]}},{"type":"Feature","properties":{"road_class":"secondary","highway":"secondary"},"geometry":{"type":"LineString","coordinates":[[46.9723194,40.6342208],[46.9722123,40.6335958]]}},{"type":"Feature","properties":{"road_class":"secondary","highway":"secondary"},"geometry":{"type":"LineString","coordinates":[[49.0254048,39.6782428],[49.0225723,39.6808033]]}},{"type":"Feature","properties":{"road_class":"secondary","highway":"secondary"},"geometry":{"type":"LineString","coordinates":[[48.2906223,39.0442119],[48.2902158,39.0458654],[48.2885243,39.0469319],[48.2893553,39.0492662],[48.2884018,39.0469309],[48.2906223,39.0442119]]}},{"type":"Feature","properties":{"road_class":"secondary","highway":"secondary"},"geometry":{"type":"LineString","coordinates":[[46.6456103,41.4759436],[46.6453371,41.4762503]]}},{"type":"Feature","properties":{"road_class":"secondary","highway":"secondary"},"geometry":{"type":"LineString","coordinates":[[46.6685986,41.4513948],[46.6456103,41.4759436]]}},{"type":"Feature","properties":{"road_class":"secondary","highway":"secondary"},"geometry":{"type":"LineString","coordinates":[[46.7267268,41.4040796],[46.7265075,41.4042488]]}},{"type":"Feature","properties":{"road_class":"secondary","highway":"secondary"},"geometry":{"type":"LineString","coordinates":[[46.7277398,41.4033363],[46.7267268,41.4040796]]}},{"type":"Feature","properties":{"road_class":"secondary","highway":"secondary"},"geometry":{"type":"LineString","coordinates":[[46.7265075,41.4042488],[46.6870142,41.4320883],[46.6694041,41.4505585]]}},{"type":"Feature","properties":{"road_class":"secondary","highway":"secondary"},"geometry":{"type":"LineString","coordinates":[[46.7278839,41.4032312],[46.7277398,41.4033363]]}},{"type":"Feature","properties":{"road_class":"secondary","highway":"secondary"},"geometry":{"type":"LineString","coordinates":[[46.792778,41.3325359],[46.7885242,41.3348792]]}},{"type":"Feature","properties":{"road_class":"secondary","highway":"secondary"},"geometry":{"type":"LineString","coordinates":[[46.7929371,41.3324503],[46.792778,41.3325359]]}},{"type":"Feature","properties":{"road_class":"secondary","highway":"secondary"},"geometry":{"type":"LineString","coordinates":[[46.7885242,41.3348792],[46.7883815,41.3349572]]}},{"type":"Feature","properties":{"road_class":"secondary","highway":"secondary"},"geometry":{"type":"LineString","coordinates":[[46.9115815,41.2378324],[46.9107554,41.2424965],[46.874392,41.2881947],[46.7929371,41.3324503]]}},{"type":"Feature","properties":{"road_class":"secondary","highway":"secondary"},"geometry":{"type":"LineString","coordinates":[[46.3901911,39.3871595],[46.3927156,39.3861345],[46.3924541,39.3842024]]}},{"type":"Feature","properties":{"road_class":"secondary","highway":"secondary"},"geometry":{"type":"LineString","coordinates":[[46.3769526,40.7119199],[46.3772196,40.7117097]]}},{"type":"Feature","properties":{"road_class":"secondary","highway":"secondary"},"geometry":{"type":"LineString","coordinates":[[46.3771431,40.711462],[46.3774584,40.7116074]]}},{"type":"Feature","properties":{"road_class":"secondary","highway":"secondary"},"geometry":{"type":"LineString","coordinates":[[47.7531525,39.8151739],[47.7530408,39.8149355]]}},{"type":"Feature","properties":{"road_class":"secondary","highway":"secondary"},"geometry":{"type":"LineString","coordinates":[[47.7533022,39.8155607],[47.7531525,39.8151739]]}},{"type":"Feature","properties":{"road_class":"secondary","highway":"secondary"},"geometry":{"type":"LineString","coordinates":[[49.6987572,40.5655815],[49.6988228,40.5661249]]}},{"type":"Feature","properties":{"road_class":"secondary","highway":"secondary"},"geometry":{"type":"LineString","coordinates":[[49.6987809,40.5654615],[49.6987572,40.5655815]]}},{"type":"Feature","properties":{"road_class":"secondary","highway":"secondary"},"geometry":{"type":"LineString","coordinates":[[49.6986041,40.5654757],[49.6983321,40.5642187]]}},{"type":"Feature","properties":{"road_class":"secondary","highway":"secondary"},"geometry":{"type":"LineString","coordinates":[[49.698587,40.5655915],[49.6986041,40.5654757]]}},{"type":"Feature","properties":{"road_class":"secondary","highway":"secondary"},"geometry":{"type":"LineString","coordinates":[[49.6708301,40.6033253],[49.6708699,40.6033002]]}},{"type":"Feature","properties":{"road_class":"secondary","highway":"secondary"},"geometry":{"type":"LineString","coordinates":[[49.6707291,40.6033517],[49.6708301,40.6033253]]}},{"type":"Feature","properties":{"road_class":"secondary","highway":"secondary"},"geometry":{"type":"LineString","coordinates":[[48.8042589,39.4027107],[48.8040912,39.4025739]]}},{"type":"Feature","properties":{"road_class":"secondary","highway":"secondary"},"geometry":{"type":"LineString","coordinates":[[49.1021866,39.3291689],[49.1019659,39.3292874]]}},{"type":"Feature","properties":{"road_class":"secondary","highway":"secondary"},"geometry":{"type":"LineString","coordinates":[[49.1546942,39.3037791],[49.1021866,39.3291689]]}},{"type":"Feature","properties":{"road_class":"secondary","highway":"secondary"},"geometry":{"type":"LineString","coordinates":[[49.2435113,39.3676584],[49.2436575,39.3672447]]}},{"type":"Feature","properties":{"road_class":"secondary","highway":"secondary"},"geometry":{"type":"LineString","coordinates":[[49.2436994,39.3676817],[49.2438607,39.3680524]]}},{"type":"Feature","properties":{"road_class":"secondary","highway":"secondary"},"geometry":{"type":"LineString","coordinates":[[49.1882271,39.3038669],[49.1920515,39.3036379]]}},{"type":"Feature","properties":{"road_class":"secondary","highway":"secondary"},"geometry":{"type":"LineString","coordinates":[[49.1881236,39.3038549],[49.1882271,39.3038669]]}},{"type":"Feature","properties":{"road_class":"secondary","highway":"secondary"},"geometry":{"type":"LineString","coordinates":[[48.0649681,39.855663],[48.0650476,39.8552192]]}},{"type":"Feature","properties":{"road_class":"secondary","highway":"secondary"},"geometry":{"type":"LineString","coordinates":[[48.0417113,39.8550407],[48.0437871,39.8603112]]}},{"type":"Feature","properties":{"road_class":"secondary","highway":"secondary"},"geometry":{"type":"LineString","coordinates":[[48.0363869,39.8425049],[48.0365874,39.8426983]]}},{"type":"Feature","properties":{"road_class":"secondary","highway":"secondary"},"geometry":{"type":"LineString","coordinates":[[48.0365,39.8427431],[48.0363869,39.8425049]]}},{"type":"Feature","properties":{"road_class":"secondary","highway":"secondary"},"geometry":{"type":"LineString","coordinates":[[47.9540222,39.7356248],[47.9536554,39.7357396]]}},{"type":"Feature","properties":{"road_class":"secondary","highway":"secondary"},"geometry":{"type":"LineString","coordinates":[[48.6977582,39.0210748],[48.699308,39.0203976]]}},{"type":"Feature","properties":{"road_class":"secondary","highway":"secondary"},"geometry":{"type":"LineString","coordinates":[[46.805728,40.6054378],[46.8084722,40.6032691]]}},{"type":"Feature","properties":{"road_class":"secondary","highway":"secondary"},"geometry":{"type":"LineString","coordinates":[[46.8057319,40.6056777],[46.8002404,40.6056229]]}},{"type":"Feature","properties":{"road_class":"secondary","highway":"secondary"},"geometry":{"type":"LineString","coordinates":[[47.8565667,40.9741159],[47.8563627,40.9739717]]}},{"type":"Feature","properties":{"road_class":"secondary","highway":"secondary"},"geometry":{"type":"LineString","coordinates":[[48.7246788,40.5805975],[48.7261161,40.5798419]]}},{"type":"Feature","properties":{"road_class":"secondary","highway":"secondary"},"geometry":{"type":"LineString","coordinates":[[48.7010837,40.5948144],[48.7011969,40.5949959]]}},{"type":"Feature","properties":{"road_class":"secondary","highway":"secondary"},"geometry":{"type":"LineString","coordinates":[[45.4605794,40.5795034],[45.4607211,40.5794146]]}},{"type":"Feature","properties":{"road_class":"secondary","highway":"secondary"},"geometry":{"type":"LineString","coordinates":[[46.685523,40.6455416],[46.7058311,40.6683624]]}},{"type":"Feature","properties":{"road_class":"secondary","highway":"secondary"},"geometry":{"type":"LineString","coordinates":[[48.3933106,40.8544617],[48.3939948,40.8548248]]}},{"type":"Feature","properties":{"road_class":"secondary","highway":"secondary"},"geometry":{"type":"LineString","coordinates":[[48.6155748,40.7609386],[48.6230528,40.7552464]]}},{"type":"Feature","properties":{"road_class":"secondary","highway":"secondary"},"geometry":{"type":"LineString","coordinates":[[48.6573282,40.6706857],[48.6572079,40.6705934]]}},{"type":"Feature","properties":{"road_class":"secondary","highway":"secondary"},"geometry":{"type":"LineString","coordinates":[[48.6572079,40.6705934],[48.6574197,40.6705513]]}},{"type":"Feature","properties":{"road_class":"secondary","highway":"secondary"},"geometry":{"type":"LineString","coordinates":[[48.657281,40.6706798],[48.6572205,40.6705584],[48.6574197,40.6705513],[48.6574119,40.6706538],[48.657281,40.6706798]]}},{"type":"Feature","properties":{"road_class":"secondary","highway":"secondary"},"geometry":{"type":"LineString","coordinates":[[48.4048579,40.5802899],[48.4061862,40.5803005]]}},{"type":"Feature","properties":{"road_class":"secondary","highway":"secondary"},"geometry":{"type":"LineString","coordinates":[[48.4053331,40.580494],[48.4048579,40.5802899]]}},{"type":"Feature","properties":{"road_class":"secondary","highway":"secondary"},"geometry":{"type":"LineString","coordinates":[[48.405489,40.5805273],[48.4053096,40.5804669],[48.4053309,40.5803449],[48.4055573,40.580343],[48.405489,40.5805273]]}},{"type":"Feature","properties":{"road_class":"secondary","highway":"secondary"},"geometry":{"type":"LineString","coordinates":[[47.7384333,40.6519358],[47.7381614,40.6506914]]}},{"type":"Feature","properties":{"road_class":"secondary","highway":"secondary"},"geometry":{"type":"LineString","coordinates":[[47.7350219,40.64009],[47.7347806,40.6401775]]}},{"type":"Feature","properties":{"road_class":"secondary","highway":"secondary"},"geometry":{"type":"LineString","coordinates":[[47.7497445,40.6363336],[47.7494276,40.6363094]]}},{"type":"Feature","properties":{"road_class":"secondary","highway":"secondary"},"geometry":{"type":"LineString","coordinates":[[49.8383736,40.4255303],[49.8386357,40.425501]]}},{"type":"Feature","properties":{"road_class":"secondary","highway":"secondary"},"geometry":{"type":"LineString","coordinates":[[47.7488397,40.6494004],[47.7490281,40.6492671]]}},{"type":"Feature","properties":{"road_class":"secondary","highway":"secondary"},"geometry":{"type":"LineString","coordinates":[[47.7448406,40.642494],[47.7452406,40.6421459]]}},{"type":"Feature","properties":{"road_class":"secondary","highway":"secondary"},"geometry":{"type":"LineString","coordinates":[[47.7452406,40.6421459],[47.7448238,40.6426115]]}},{"type":"Feature","properties":{"road_class":"secondary","highway":"secondary"},"geometry":{"type":"LineString","coordinates":[[49.9180465,40.4218975],[49.9180118,40.4218701]]}},{"type":"Feature","properties":{"road_class":"secondary","highway":"secondary"},"geometry":{"type":"LineString","coordinates":[[47.8585783,40.6354258],[47.8552195,40.6221941],[47.8496218,40.6154876],[47.8495252,40.612519],[47.8524866,40.6093723]]}},{"type":"Feature","properties":{"road_class":"secondary","highway":"secondary"},"geometry":{"type":"LineString","coordinates":[[47.852451,40.6093639],[47.8524126,40.6092657],[47.8525705,40.6092546],[47.8525566,40.6093565],[47.852451,40.6093639]]}},{"type":"Feature","properties":{"road_class":"secondary","highway":"secondary"},"geometry":{"type":"LineString","coordinates":[[46.7531274,40.1228883],[46.7540381,40.1230914]]}},{"type":"Feature","properties":{"road_class":"secondary","highway":"secondary"},"geometry":{"type":"LineString","coordinates":[[46.7779658,40.1427025],[46.7747292,40.1441124],[46.769641,40.1406657],[46.7668703,40.1435424],[46.7665994,40.1468742],[46.7618734,40.1453836]]}},{"type":"Feature","properties":{"road_class":"secondary","highway":"secondary"},"geometry":{"type":"LineString","coordinates":[[46.7618734,40.1453836],[46.7626512,40.1501402],[46.7611684,40.1518114]]}},{"type":"Feature","properties":{"road_class":"secondary","highway":"secondary"},"geometry":{"type":"LineString","coordinates":[[47.9084346,40.4994604],[47.9204026,40.4913448],[47.9343286,40.4870116],[47.9420275,40.480978]]}},{"type":"Feature","properties":{"road_class":"secondary","highway":"secondary"},"geometry":{"type":"LineString","coordinates":[[48.3979307,40.5669527],[48.3979032,40.566856],[48.3980332,40.5668624],[48.398016,40.5669449],[48.3979307,40.5669527]]}},{"type":"Feature","properties":{"road_class":"secondary","highway":"secondary"},"geometry":{"type":"LineString","coordinates":[[48.3955995,40.5652754],[48.3978881,40.5668757]]}},{"type":"Feature","properties":{"road_class":"secondary","highway":"secondary"},"geometry":{"type":"LineString","coordinates":[[47.4652895,40.6304206],[47.4652559,40.6306556]]}},{"type":"Feature","properties":{"road_class":"secondary","highway":"secondary"},"geometry":{"type":"LineString","coordinates":[[47.4652559,40.6306556],[47.4650726,40.630467]]}},{"type":"Feature","properties":{"road_class":"secondary","highway":"secondary"},"geometry":{"type":"LineString","coordinates":[[48.6991833,39.0212384],[48.6977582,39.0210748]]}},{"type":"Feature","properties":{"road_class":"secondary","highway":"secondary"},"geometry":{"type":"LineString","coordinates":[[49.0042297,41.1875774],[49.0033521,41.1879316]]}},{"type":"Feature","properties":{"road_class":"secondary","highway":"secondary"},"geometry":{"type":"LineString","coordinates":[[48.6552186,40.6211607],[48.6550667,40.6221443]]}},{"type":"Feature","properties":{"road_class":"secondary","highway":"secondary"},"geometry":{"type":"LineString","coordinates":[[46.9722123,40.6335958],[46.9715362,40.6324072]]}},{"type":"Feature","properties":{"road_class":"secondary","highway":"secondary"},"geometry":{"type":"LineString","coordinates":[[46.3241315,40.603503],[46.3242309,40.6036469]]}},{"type":"Feature","properties":{"road_class":"secondary","highway":"secondary"},"geometry":{"type":"LineString","coordinates":[[46.3241651,40.6036703],[46.3241315,40.603503]]}},{"type":"Feature","properties":{"road_class":"secondary","highway":"secondary"},"geometry":{"type":"LineString","coordinates":[[46.3241315,40.603503],[46.323856,40.6028688]]}},{"type":"Feature","properties":{"road_class":"secondary","highway":"secondary"},"geometry":{"type":"LineString","coordinates":[[46.325563,40.6071862],[46.3254757,40.6069317]]}},{"type":"Feature","properties":{"road_class":"secondary","highway":"secondary"},"geometry":{"type":"LineString","coordinates":[[48.1228506,40.3459314],[48.1230628,40.3458285]]}},{"type":"Feature","properties":{"road_class":"secondary","highway":"secondary"},"geometry":{"type":"LineString","coordinates":[[48.1990555,40.3222753],[48.1981191,40.3225419]]}},{"type":"Feature","properties":{"road_class":"secondary","highway":"secondary"},"geometry":{"type":"LineString","coordinates":[[48.1960311,40.322959],[48.1932743,40.323633]]}},{"type":"Feature","properties":{"road_class":"secondary","highway":"secondary"},"geometry":{"type":"LineString","coordinates":[[48.1971516,40.3227543],[48.1960311,40.322959]]}},{"type":"Feature","properties":{"road_class":"secondary","highway":"secondary"},"geometry":{"type":"LineString","coordinates":[[48.1981191,40.3225419],[48.1971516,40.3227543]]}},{"type":"Feature","properties":{"road_class":"secondary","highway":"secondary"},"geometry":{"type":"LineString","coordinates":[[48.5240127,40.222379],[48.5258109,40.2257426]]}},{"type":"Feature","properties":{"road_class":"secondary","highway":"secondary"},"geometry":{"type":"LineString","coordinates":[[48.5197018,40.2139935],[48.5198432,40.2142856]]}},{"type":"Feature","properties":{"road_class":"secondary","highway":"secondary"},"geometry":{"type":"LineString","coordinates":[[48.8029077,38.7867758],[48.8032151,38.7866626]]}},{"type":"Feature","properties":{"road_class":"secondary","highway":"secondary"},"geometry":{"type":"LineString","coordinates":[[48.8024257,38.7869421],[48.8029077,38.7867758]]}},{"type":"Feature","properties":{"road_class":"secondary","highway":"secondary"},"geometry":{"type":"LineString","coordinates":[[48.8019623,38.7871028],[48.8024257,38.7869421]]}},{"type":"Feature","properties":{"road_class":"secondary","highway":"secondary"},"geometry":{"type":"LineString","coordinates":[[48.8009538,38.7874399],[48.8019623,38.7871028]]}},{"type":"Feature","properties":{"road_class":"secondary","highway":"secondary"},"geometry":{"type":"LineString","coordinates":[[48.7990174,38.7882753],[48.7994413,38.7880322]]}},{"type":"Feature","properties":{"road_class":"secondary","highway":"secondary"},"geometry":{"type":"LineString","coordinates":[[48.7994413,38.7880322],[48.8002645,38.7876784]]}},{"type":"Feature","properties":{"road_class":"secondary","highway":"secondary"},"geometry":{"type":"LineString","coordinates":[[48.7984374,38.7885942],[48.7990174,38.7882753]]}},{"type":"Feature","properties":{"road_class":"secondary","highway":"secondary"},"geometry":{"type":"LineString","coordinates":[[48.8839155,41.2958513],[48.8850646,41.2967064]]}},{"type":"Feature","properties":{"road_class":"secondary","highway":"secondary"},"geometry":{"type":"LineString","coordinates":[[48.8835732,41.2956506],[48.8839155,41.2958513]]}},{"type":"Feature","properties":{"road_class":"secondary","highway":"secondary"},"geometry":{"type":"LineString","coordinates":[[47.1781788,41.1663243],[47.1776859,41.1664608]]}},{"type":"Feature","properties":{"road_class":"secondary","highway":"secondary"},"geometry":{"type":"LineString","coordinates":[[48.3980456,40.5669062],[48.3997645,40.5670921]]}},{"type":"Feature","properties":{"road_class":"secondary","highway":"secondary"},"geometry":{"type":"LineString","coordinates":[[50.1308851,40.4614169],[50.1312859,40.4620071]]}},{"type":"Feature","properties":{"road_class":"secondary","highway":"secondary"},"geometry":{"type":"LineString","coordinates":[[48.6547297,40.6210214],[48.6551664,40.6208977]]}},{"type":"Feature","properties":{"road_class":"secondary","highway":"secondary"},"geometry":{"type":"LineString","coordinates":[[48.6550667,40.6221443],[48.6547864,40.6211797]]}},{"type":"Feature","properties":{"road_class":"secondary","highway":"secondary"},"geometry":{"type":"LineString","coordinates":[[48.8755833,38.4511975],[48.8759128,38.4511255]]}},{"type":"Feature","properties":{"road_class":"secondary","highway":"secondary"},"geometry":{"type":"LineString","coordinates":[[45.4484498,39.1902047],[45.4482342,39.1902492]]}},{"type":"Feature","properties":{"road_class":"secondary","highway":"secondary"},"geometry":{"type":"LineString","coordinates":[[45.4482342,39.1902492],[45.4484498,39.1902047]]}},{"type":"Feature","properties":{"road_class":"secondary","highway":"secondary"},"geometry":{"type":"LineString","coordinates":[[45.4448037,39.1876831],[45.448258,39.1901726]]}},{"type":"Feature","properties":{"road_class":"secondary","highway":"secondary"},"geometry":{"type":"LineString","coordinates":[[45.4489847,39.1900659],[45.4494497,39.1903249]]}},{"type":"Feature","properties":{"road_class":"secondary","highway":"secondary"},"geometry":{"type":"LineString","coordinates":[[49.8140163,40.4058421],[49.8183359,40.406836]]}},{"type":"Feature","properties":{"road_class":"secondary","highway":"secondary"},"geometry":{"type":"LineString","coordinates":[[47.1998428,39.5963979],[47.2031914,39.6018103]]}},{"type":"Feature","properties":{"road_class":"secondary","highway":"secondary"},"geometry":{"type":"LineString","coordinates":[[47.1988084,39.595905],[47.198564,39.5956719],[47.1998902,39.5953579],[47.1999104,39.5954957],[47.1988084,39.595905]]}},{"type":"Feature","properties":{"road_class":"secondary","highway":"secondary"},"geometry":{"type":"LineString","coordinates":[[47.1996849,39.5961415],[47.1998428,39.5963979]]}},{"type":"Feature","properties":{"road_class":"secondary","highway":"secondary"},"geometry":{"type":"LineString","coordinates":[[47.1995758,39.5956171],[47.1996849,39.5961415]]}},{"type":"Feature","properties":{"road_class":"secondary","highway":"secondary"},"geometry":{"type":"LineString","coordinates":[[47.2028471,39.6018345],[47.1997159,39.5964623]]}},{"type":"Feature","properties":{"road_class":"secondary","highway":"secondary"},"geometry":{"type":"LineString","coordinates":[[47.1995601,39.5962009],[47.1991225,39.5957875]]}},{"type":"Feature","properties":{"road_class":"secondary","highway":"secondary"},"geometry":{"type":"LineString","coordinates":[[47.1997159,39.5964623],[47.1995601,39.5962009]]}},{"type":"Feature","properties":{"road_class":"secondary","highway":"secondary"},"geometry":{"type":"LineString","coordinates":[[47.4739616,40.6440632],[47.472689,40.6450362]]}},{"type":"Feature","properties":{"road_class":"secondary","highway":"secondary"},"geometry":{"type":"LineString","coordinates":[[47.4909776,40.6486277],[47.4909999,40.648616]]}},{"type":"Feature","properties":{"road_class":"secondary","highway":"secondary"},"geometry":{"type":"LineString","coordinates":[[49.9408593,40.372855],[49.9412835,40.3728454]]}},{"type":"Feature","properties":{"road_class":"secondary","highway":"secondary"},"geometry":{"type":"LineString","coordinates":[[47.4909999,40.648616],[47.4909776,40.6486277]]}},{"type":"Feature","properties":{"road_class":"secondary","highway":"secondary"},"geometry":{"type":"LineString","coordinates":[[49.7908692,40.3748583],[49.7910792,40.374837]]}},{"type":"Feature","properties":{"road_class":"secondary","highway":"secondary"},"geometry":{"type":"LineString","coordinates":[[47.0140433,40.3631618],[47.0137879,40.3657033]]}},{"type":"Feature","properties":{"road_class":"secondary","highway":"secondary"},"geometry":{"type":"LineString","coordinates":[[47.0141142,40.3622716],[47.0140433,40.3631618]]}},{"type":"Feature","properties":{"road_class":"secondary","highway":"secondary"},"geometry":{"type":"LineString","coordinates":[[46.9608396,40.6141052],[46.9606343,40.6145038]]}},{"type":"Feature","properties":{"road_class":"secondary","highway":"secondary"},"geometry":{"type":"LineString","coordinates":[[46.9594145,40.6167745],[46.9593322,40.6169373]]}},{"type":"Feature","properties":{"road_class":"secondary","highway":"secondary"},"geometry":{"type":"LineString","coordinates":[[46.9594145,40.6167745],[46.9606343,40.6145038]]}},{"type":"Feature","properties":{"road_class":"secondary","highway":"secondary"},"geometry":{"type":"LineString","coordinates":[[46.9606343,40.6145038],[46.9594145,40.6167745]]}},{"type":"Feature","properties":{"road_class":"secondary","highway":"secondary"},"geometry":{"type":"LineString","coordinates":[[46.9599358,40.6155526],[46.9601699,40.6156291]]}},{"type":"Feature","properties":{"road_class":"secondary","highway":"secondary"},"geometry":{"type":"LineString","coordinates":[[46.9593322,40.6169373],[46.9584444,40.6199322],[46.961301,40.6247999],[46.9695821,40.6312474]]}},{"type":"Feature","properties":{"road_class":"secondary","highway":"secondary"},"geometry":{"type":"LineString","coordinates":[[46.9705143,40.5992816],[46.9707333,40.5993806]]}},{"type":"Feature","properties":{"road_class":"secondary","highway":"secondary"},"geometry":{"type":"LineString","coordinates":[[46.9713867,40.5983105],[46.9697879,40.6004419]]}},{"type":"Feature","properties":{"road_class":"secondary","highway":"secondary"},"geometry":{"type":"LineString","coordinates":[[46.9697879,40.6004419],[46.9713867,40.5983105]]}},{"type":"Feature","properties":{"road_class":"secondary","highway":"secondary"},"geometry":{"type":"LineString","coordinates":[[46.9716626,40.5979559],[46.9713867,40.5983105]]}},{"type":"Feature","properties":{"road_class":"secondary","highway":"secondary"},"geometry":{"type":"LineString","coordinates":[[46.9697879,40.6004419],[46.969132,40.6013207]]}},{"type":"Feature","properties":{"road_class":"secondary","highway":"secondary"},"geometry":{"type":"LineString","coordinates":[[46.969132,40.6013207],[46.9608396,40.6141052]]}},{"type":"Feature","properties":{"road_class":"secondary","highway":"secondary"},"geometry":{"type":"LineString","coordinates":[[46.9695821,40.6312474],[46.9698765,40.6314241]]}},{"type":"Feature","properties":{"road_class":"secondary","highway":"secondary"},"geometry":{"type":"LineString","coordinates":[[46.9601699,40.6156291],[46.9599358,40.6155526]]}},{"type":"Feature","properties":{"road_class":"secondary","highway":"secondary"},"geometry":{"type":"LineString","coordinates":[[46.9707333,40.5993806],[46.9705143,40.5992816]]}},{"type":"Feature","properties":{"road_class":"secondary","highway":"secondary"},"geometry":{"type":"LineString","coordinates":[[46.685318,40.645292],[46.685523,40.6455416]]}},{"type":"Feature","properties":{"road_class":"secondary","highway":"secondary"},"geometry":{"type":"LineString","coordinates":[[46.684655,40.6445869],[46.685318,40.645292]]}},{"type":"Feature","properties":{"road_class":"secondary","highway":"secondary"},"geometry":{"type":"LineString","coordinates":[[46.7581742,40.3683044],[46.7582243,40.3684315]]}},{"type":"Feature","properties":{"road_class":"secondary","highway":"secondary"},"geometry":{"type":"LineString","coordinates":[[46.7486574,40.3235938],[46.7486066,40.3234796]]}},{"type":"Feature","properties":{"road_class":"secondary","highway":"secondary"},"geometry":{"type":"LineString","coordinates":[[46.7357497,40.6929705],[46.7349986,40.6966682]]}},{"type":"Feature","properties":{"road_class":"secondary","highway":"secondary"},"geometry":{"type":"LineString","coordinates":[[49.4703528,40.1732151],[49.4709979,40.1720375]]}},{"type":"Feature","properties":{"road_class":"secondary","highway":"secondary"},"geometry":{"type":"LineString","coordinates":[[46.7486066,40.3234796],[46.7486574,40.3235938]]}},{"type":"Feature","properties":{"road_class":"secondary","highway":"secondary"},"geometry":{"type":"LineString","coordinates":[[46.8096395,40.3303468],[46.8097385,40.3303719]]}},{"type":"Feature","properties":{"road_class":"secondary","highway":"secondary"},"geometry":{"type":"LineString","coordinates":[[46.8094906,40.3302987],[46.8096395,40.3303468]]}},{"type":"Feature","properties":{"road_class":"secondary","highway":"secondary"},"geometry":{"type":"LineString","coordinates":[[46.8097385,40.3303719],[46.8136968,40.3315016]]}},{"type":"Feature","properties":{"road_class":"secondary","highway":"secondary"},"geometry":{"type":"LineString","coordinates":[[46.8090619,40.3301533],[46.8094906,40.3302987]]}},{"type":"Feature","properties":{"road_class":"secondary","highway":"secondary"},"geometry":{"type":"LineString","coordinates":[[46.4252025,40.7568099],[46.43092,40.7542684]]}},{"type":"Feature","properties":{"road_class":"secondary","highway":"secondary"},"geometry":{"type":"LineString","coordinates":[[46.7582243,40.3684315],[46.758055,40.3683725]]}},{"type":"Feature","properties":{"road_class":"secondary","highway":"secondary"},"geometry":{"type":"LineString","coordinates":[[49.808629,40.3792237],[49.8084458,40.3803928]]}},{"type":"Feature","properties":{"road_class":"secondary","highway":"secondary"},"geometry":{"type":"LineString","coordinates":[[46.3021856,40.8913677],[46.2901237,40.9048798],[46.2877084,40.9102972],[46.2794491,40.9118799]]}},{"type":"Feature","properties":{"road_class":"secondary","highway":"secondary"},"geometry":{"type":"LineString","coordinates":[[46.3023153,40.8912408],[46.3021856,40.8913677]]}},{"type":"Feature","properties":{"road_class":"secondary","highway":"secondary"},"geometry":{"type":"LineString","coordinates":[[46.3117949,40.8819948],[46.3023153,40.8912408]]}},{"type":"Feature","properties":{"road_class":"secondary","highway":"secondary"},"geometry":{"type":"LineString","coordinates":[[49.8692021,40.4023306],[49.8697907,40.4022882]]}},{"type":"Feature","properties":{"road_class":"secondary","highway":"secondary"},"geometry":{"type":"LineString","coordinates":[[46.3945921,40.751268],[46.3947785,40.7511454]]}},{"type":"Feature","properties":{"road_class":"secondary","highway":"secondary"},"geometry":{"type":"LineString","coordinates":[[46.3948432,40.7512249],[46.3945921,40.751268]]}},{"type":"Feature","properties":{"road_class":"secondary","highway":"secondary"},"geometry":{"type":"LineString","coordinates":[[46.6517633,41.6315064],[46.6514871,41.6317646]]}},{"type":"Feature","properties":{"road_class":"secondary","highway":"secondary"},"geometry":{"type":"LineString","coordinates":[[46.6511368,41.6318075],[46.6513549,41.6316789]]}},{"type":"Feature","properties":{"road_class":"secondary","highway":"secondary"},"geometry":{"type":"LineString","coordinates":[[47.8505417,40.9790476],[47.8505837,40.9790354]]}},{"type":"Feature","properties":{"road_class":"secondary","highway":"secondary"},"geometry":{"type":"LineString","coordinates":[[47.8508925,40.9789072],[47.8507278,40.979135]]}},{"type":"Feature","properties":{"road_class":"secondary","highway":"secondary"},"geometry":{"type":"LineString","coordinates":[[49.8757608,40.424444],[49.8756702,40.4239444]]}},{"type":"Feature","properties":{"road_class":"secondary","highway":"secondary"},"geometry":{"type":"LineString","coordinates":[[47.8506549,40.9793961],[47.8505233,40.9791945]]}},{"type":"Feature","properties":{"road_class":"secondary","highway":"secondary"},"geometry":{"type":"LineString","coordinates":[[49.8569653,40.4040552],[49.8570655,40.404078]]}},{"type":"Feature","properties":{"road_class":"secondary","highway":"secondary"},"geometry":{"type":"LineString","coordinates":[[49.8254677,40.4083892],[49.8350109,40.4105146]]}},{"type":"Feature","properties":{"road_class":"secondary","highway":"secondary"},"geometry":{"type":"LineString","coordinates":[[49.8250116,40.4082614],[49.8254677,40.4083892]]}},{"type":"Feature","properties":{"road_class":"secondary","highway":"secondary"},"geometry":{"type":"LineString","coordinates":[[49.803483,40.4049684],[49.8036063,40.4049943]]}},{"type":"Feature","properties":{"road_class":"secondary","highway":"secondary"},"geometry":{"type":"LineString","coordinates":[[49.8035761,40.4050796],[49.8033513,40.405055]]}},{"type":"Feature","properties":{"road_class":"secondary","highway":"secondary"},"geometry":{"type":"LineString","coordinates":[[49.8073585,40.4044986],[49.8070349,40.4042989]]}},{"type":"Feature","properties":{"road_class":"secondary","highway":"secondary"},"geometry":{"type":"LineString","coordinates":[[49.8048946,40.4112312],[49.8050467,40.4111503]]}},{"type":"Feature","properties":{"road_class":"secondary","highway":"secondary"},"geometry":{"type":"LineString","coordinates":[[49.8051275,40.4112094],[49.8049668,40.4112992]]}},{"type":"Feature","properties":{"road_class":"secondary","highway":"secondary"},"geometry":{"type":"LineString","coordinates":[[49.8037608,40.4132559],[49.8036006,40.413335]]}},{"type":"Feature","properties":{"road_class":"secondary","highway":"secondary"},"geometry":{"type":"LineString","coordinates":[[49.8026728,40.412903],[49.8036047,40.41324]]}},{"type":"Feature","properties":{"road_class":"secondary","highway":"secondary"},"geometry":{"type":"LineString","coordinates":[[49.8036006,40.413335],[49.8025439,40.4131248]]}},{"type":"Feature","properties":{"road_class":"secondary","highway":"secondary"},"geometry":{"type":"LineString","coordinates":[[49.8036006,40.413335],[49.8036047,40.41324]]}},{"type":"Feature","properties":{"road_class":"secondary","highway":"secondary"},"geometry":{"type":"LineString","coordinates":[[49.8379439,40.4811551],[49.8367893,40.4812117]]}},{"type":"Feature","properties":{"road_class":"secondary","highway":"secondary"},"geometry":{"type":"LineString","coordinates":[[49.853558,40.4218998],[49.8538326,40.4218141]]}},{"type":"Feature","properties":{"road_class":"secondary","highway":"secondary"},"geometry":{"type":"LineString","coordinates":[[49.8702683,40.4210871],[49.8728256,40.422327]]}},{"type":"Feature","properties":{"road_class":"secondary","highway":"secondary"},"geometry":{"type":"LineString","coordinates":[[49.8824072,40.4270882],[49.8812732,40.4265827]]}},{"type":"Feature","properties":{"road_class":"secondary","highway":"secondary"},"geometry":{"type":"LineString","coordinates":[[49.8487949,40.4400591],[49.8481142,40.4399006]]}},{"type":"Feature","properties":{"road_class":"secondary","highway":"secondary"},"geometry":{"type":"LineString","coordinates":[[49.8460664,40.4403405],[49.8481142,40.4399006]]}},{"type":"Feature","properties":{"road_class":"secondary","highway":"secondary"},"geometry":{"type":"LineString","coordinates":[[49.8481142,40.4399006],[49.8460664,40.4403405]]}},{"type":"Feature","properties":{"road_class":"secondary","highway":"secondary"},"geometry":{"type":"LineString","coordinates":[[49.9151524,40.4225599],[49.9146393,40.4235759]]}},{"type":"Feature","properties":{"road_class":"secondary","highway":"secondary"},"geometry":{"type":"LineString","coordinates":[[49.9092566,40.4255743],[49.9103654,40.4256258]]}},{"type":"Feature","properties":{"road_class":"secondary","highway":"secondary"},"geometry":{"type":"LineString","coordinates":[[49.9174142,40.4242873],[49.9160506,40.4256113]]}},{"type":"Feature","properties":{"road_class":"secondary","highway":"secondary"},"geometry":{"type":"LineString","coordinates":[[49.9085881,40.4206882],[49.9082881,40.4205219]]}},{"type":"Feature","properties":{"road_class":"secondary","highway":"secondary"},"geometry":{"type":"LineString","coordinates":[[49.910392,40.4219296],[49.9102444,40.4224912]]}},{"type":"Feature","properties":{"road_class":"secondary","highway":"secondary"},"geometry":{"type":"LineString","coordinates":[[49.8761205,40.3797367],[49.875797,40.3790409]]}},{"type":"Feature","properties":{"road_class":"secondary","highway":"secondary"},"geometry":{"type":"LineString","coordinates":[[49.9674296,40.394648],[49.9673943,40.3946993]]}},{"type":"Feature","properties":{"road_class":"secondary","highway":"secondary"},"geometry":{"type":"LineString","coordinates":[[49.8760983,40.3798873],[49.8761205,40.3797367]]}},{"type":"Feature","properties":{"road_class":"secondary","highway":"secondary"},"geometry":{"type":"LineString","coordinates":[[49.9382204,40.3686887],[49.938233,40.3691756]]}},{"type":"Feature","properties":{"road_class":"secondary","highway":"secondary"},"geometry":{"type":"LineString","coordinates":[[49.938233,40.3691756],[49.9377872,40.3688]]}},{"type":"Feature","properties":{"road_class":"secondary","highway":"secondary"},"geometry":{"type":"LineString","coordinates":[[49.9377872,40.3688],[49.9376598,40.3686994]]}},{"type":"Feature","properties":{"road_class":"secondary","highway":"secondary"},"geometry":{"type":"LineString","coordinates":[[49.8266523,40.358371],[49.8266267,40.3580246]]}},{"type":"Feature","properties":{"road_class":"secondary","highway":"secondary"},"geometry":{"type":"LineString","coordinates":[[49.8191776,40.3725616],[49.8187242,40.3733077]]}},{"type":"Feature","properties":{"road_class":"secondary","highway":"secondary"},"geometry":{"type":"LineString","coordinates":[[49.8913535,40.5510699],[49.892101,40.5507644]]}},{"type":"Feature","properties":{"road_class":"secondary","highway":"secondary"},"geometry":{"type":"LineString","coordinates":[[50.1054264,40.5189871],[50.1057161,40.5191468]]}},{"type":"Feature","properties":{"road_class":"secondary","highway":"secondary"},"geometry":{"type":"LineString","coordinates":[[50.1053193,40.519098],[50.1051375,40.5191111]]}},{"type":"Feature","properties":{"road_class":"secondary","highway":"secondary"},"geometry":{"type":"LineString","coordinates":[[50.1054264,40.5189871],[50.1053193,40.519098]]}},{"type":"Feature","properties":{"road_class":"secondary","highway":"secondary"},"geometry":{"type":"LineString","coordinates":[[50.1057161,40.5191468],[50.1053193,40.519098]]}},{"type":"Feature","properties":{"road_class":"secondary","highway":"secondary"},"geometry":{"type":"LineString","coordinates":[[50.1051375,40.5191111],[50.1035459,40.5192441]]}},{"type":"Feature","properties":{"road_class":"secondary","highway":"secondary"},"geometry":{"type":"LineString","coordinates":[[50.1035459,40.5192441],[50.1033382,40.5192454]]}},{"type":"Feature","properties":{"road_class":"secondary","highway":"secondary"},"geometry":{"type":"LineString","coordinates":[[48.5279904,40.069445],[48.5198692,40.0750406],[48.5186032,40.0786446]]}},{"type":"Feature","properties":{"road_class":"secondary","highway":"secondary"},"geometry":{"type":"LineString","coordinates":[[46.6332716,41.6331979],[46.633756,41.6333655]]}},{"type":"Feature","properties":{"road_class":"secondary","highway":"secondary"},"geometry":{"type":"LineString","coordinates":[[48.5619262,40.8368609],[48.5617361,40.8370927]]}},{"type":"Feature","properties":{"road_class":"secondary","highway":"secondary"},"geometry":{"type":"LineString","coordinates":[[48.5617361,40.8370927],[48.5559413,40.8365888]]}},{"type":"Feature","properties":{"road_class":"secondary","highway":"secondary"},"geometry":{"type":"LineString","coordinates":[[49.8189855,40.3285884],[49.8188839,40.328934]]}},{"type":"Feature","properties":{"road_class":"secondary","highway":"secondary"},"geometry":{"type":"LineString","coordinates":[[49.840791,40.3418095],[49.84058,40.3419019]]}},{"type":"Feature","properties":{"road_class":"secondary","highway":"secondary"},"geometry":{"type":"LineString","coordinates":[[48.5186032,40.0786446],[48.5303298,40.0889711],[48.5331056,40.0937678]]}},{"type":"Feature","properties":{"road_class":"secondary","highway":"secondary"},"geometry":{"type":"LineString","coordinates":[[48.5331056,40.0937678],[48.532573,40.0994377],[48.5233566,40.1234595]]}},{"type":"Feature","properties":{"road_class":"secondary","highway":"secondary"},"geometry":{"type":"LineString","coordinates":[[48.5233566,40.1234595],[48.5232526,40.1237179]]}},{"type":"Feature","properties":{"road_class":"secondary","highway":"secondary"},"geometry":{"type":"LineString","coordinates":[[50.0897987,40.3935448],[50.0902279,40.3934132]]}},{"type":"Feature","properties":{"road_class":"secondary","highway":"secondary"},"geometry":{"type":"LineString","coordinates":[[50.0902279,40.3934132],[50.0900134,40.3936741]]}},{"type":"Feature","properties":{"road_class":"secondary","highway":"secondary"},"geometry":{"type":"LineString","coordinates":[[50.0878036,40.3908506],[50.0910965,40.392391],[50.0902279,40.3934132]]}},{"type":"Feature","properties":{"road_class":"secondary","highway":"secondary"},"geometry":{"type":"LineString","coordinates":[[50.100254,40.39358],[50.1014548,40.3936423]]}},{"type":"Feature","properties":{"road_class":"secondary","highway":"secondary"},"geometry":{"type":"LineString","coordinates":[[50.105162,40.4194012],[50.1060722,40.4196799]]}},{"type":"Feature","properties":{"road_class":"secondary","highway":"secondary"},"geometry":{"type":"LineString","coordinates":[[50.1059,40.4198817],[50.1060722,40.4196799]]}},{"type":"Feature","properties":{"road_class":"secondary","highway":"secondary"},"geometry":{"type":"LineString","coordinates":[[50.1060722,40.4196799],[50.1059805,40.4199113]]}},{"type":"Feature","properties":{"road_class":"secondary","highway":"secondary"},"geometry":{"type":"LineString","coordinates":[[46.758055,40.3683725],[46.7581742,40.3683044]]}},{"type":"Feature","properties":{"road_class":"secondary","highway":"secondary"},"geometry":{"type":"LineString","coordinates":[[50.1471983,40.4717453],[50.1471818,40.4717765]]}},{"type":"Feature","properties":{"road_class":"secondary","highway":"secondary"},"geometry":{"type":"LineString","coordinates":[[50.1769651,40.4461326],[50.1765308,40.4444737]]}},{"type":"Feature","properties":{"road_class":"secondary","highway":"secondary"},"geometry":{"type":"LineString","coordinates":[[50.1769694,40.4444249],[50.1769651,40.4461326]]}},{"type":"Feature","properties":{"road_class":"secondary","highway":"secondary"},"geometry":{"type":"LineString","coordinates":[[50.1769651,40.4461326],[50.1770094,40.4463286]]}},{"type":"Feature","properties":{"road_class":"secondary","highway":"secondary"},"geometry":{"type":"LineString","coordinates":[[46.9078488,41.4172986],[46.9078832,41.4172137]]}},{"type":"Feature","properties":{"road_class":"secondary","highway":"secondary"},"geometry":{"type":"LineString","coordinates":[[46.9304497,41.4228517],[46.9301822,41.4226051]]}},{"type":"Feature","properties":{"road_class":"secondary","highway":"secondary"},"geometry":{"type":"LineString","coordinates":[[46.9185909,41.4194839],[46.9185453,41.4195902]]}},{"type":"Feature","properties":{"road_class":"secondary","highway":"secondary"},"geometry":{"type":"LineString","coordinates":[[46.7779658,40.1427025],[46.779902,40.1421956]]}},{"type":"Feature","properties":{"road_class":"secondary","highway":"secondary"},"geometry":{"type":"LineString","coordinates":[[46.6873528,40.0858876],[46.6875197,40.0860979]]}},{"type":"Feature","properties":{"road_class":"secondary","highway":"secondary"},"geometry":{"type":"LineString","coordinates":[[46.779902,40.1421956],[46.7736161,40.1342003],[46.770071,40.1327319],[46.7624152,40.1355127],[46.7644966,40.1340301],[46.7601299,40.1301358],[46.7485777,40.1243708],[46.7540381,40.1230914]]}},{"type":"Feature","properties":{"road_class":"secondary","highway":"secondary"},"geometry":{"type":"LineString","coordinates":[[46.7658437,40.1790215],[46.7602231,40.1785189],[46.7573864,40.1683896],[46.7545803,40.1655723]]}},{"type":"Feature","properties":{"road_class":"secondary","highway":"secondary"},"geometry":{"type":"LineString","coordinates":[[46.7545803,40.1655723],[46.7506403,40.1663305],[46.7508046,40.1569132]]}},{"type":"Feature","properties":{"road_class":"secondary","highway":"secondary"},"geometry":{"type":"LineString","coordinates":[[46.7508046,40.1569132],[46.7521035,40.1517808],[46.7553018,40.1511498]]}},{"type":"Feature","properties":{"road_class":"secondary","highway":"secondary"},"geometry":{"type":"LineString","coordinates":[[46.7553018,40.1511498],[46.7611684,40.1518114]]}},{"type":"Feature","properties":{"road_class":"secondary","highway":"secondary"},"geometry":{"type":"LineString","coordinates":[[50.3305614,40.4789141],[50.3305615,40.4788234],[50.3306775,40.4788436],[50.3306564,40.4789141],[50.3305614,40.4789141]]}},{"type":"Feature","properties":{"road_class":"secondary","highway":"secondary"},"geometry":{"type":"LineString","coordinates":[[50.335064,40.4589406],[50.3352447,40.4588194]]}},{"type":"Feature","properties":{"road_class":"secondary","highway":"secondary"},"geometry":{"type":"LineString","coordinates":[[50.3352447,40.4588194],[50.3355826,40.4585164]]}},{"type":"Feature","properties":{"road_class":"secondary","highway":"secondary"},"geometry":{"type":"LineString","coordinates":[[50.3356673,40.4586617],[50.3352447,40.4588194]]}},{"type":"Feature","properties":{"road_class":"secondary","highway":"secondary"},"geometry":{"type":"LineString","coordinates":[[50.2908723,40.3899397],[50.2906576,40.3885442]]}},{"type":"Feature","properties":{"road_class":"secondary","highway":"secondary"},"geometry":{"type":"LineString","coordinates":[[50.2974892,40.4070967],[50.2976296,40.4063956]]}},{"type":"Feature","properties":{"road_class":"secondary","highway":"secondary"},"geometry":{"type":"LineString","coordinates":[[49.9538496,40.3878779],[49.9536814,40.3876956]]}},{"type":"Feature","properties":{"road_class":"secondary","highway":"secondary"},"geometry":{"type":"LineString","coordinates":[[49.955864,40.4332461],[49.9563647,40.43402]]}},{"type":"Feature","properties":{"road_class":"secondary","highway":"secondary"},"geometry":{"type":"LineString","coordinates":[[49.9559286,40.4341842],[49.956073,40.4339075],[49.9563793,40.4340646],[49.9562435,40.4342542],[49.9559286,40.4341842]]}},{"type":"Feature","properties":{"road_class":"secondary","highway":"secondary"},"geometry":{"type":"LineString","coordinates":[[50.1308204,40.3681653],[50.1306835,40.3681682]]}},{"type":"Feature","properties":{"road_class":"secondary","highway":"secondary"},"geometry":{"type":"LineString","coordinates":[[50.0035306,40.4203461],[50.0037316,40.4204856]]}},{"type":"Feature","properties":{"road_class":"secondary","highway":"secondary"},"geometry":{"type":"LineString","coordinates":[[50.0037316,40.4204856],[50.0032572,40.420576]]}},{"type":"Feature","properties":{"road_class":"secondary","highway":"secondary"},"geometry":{"type":"LineString","coordinates":[[50.0038687,40.4207711],[50.0032572,40.420576]]}},{"type":"Feature","properties":{"road_class":"secondary","highway":"secondary"},"geometry":{"type":"LineString","coordinates":[[50.0027865,40.4202732],[50.0032572,40.420576]]}},{"type":"Feature","properties":{"road_class":"secondary","highway":"secondary"},"geometry":{"type":"LineString","coordinates":[[49.9644309,40.4393024],[49.9649475,40.439191]]}},{"type":"Feature","properties":{"road_class":"secondary","highway":"secondary"},"geometry":{"type":"LineString","coordinates":[[49.9543264,40.4311007],[49.9543735,40.4311649]]}},{"type":"Feature","properties":{"road_class":"secondary","highway":"secondary"},"geometry":{"type":"LineString","coordinates":[[49.9545366,40.4310116],[49.9543264,40.4311007]]}},{"type":"Feature","properties":{"road_class":"secondary","highway":"secondary"},"geometry":{"type":"LineString","coordinates":[[49.9581907,40.412376],[49.9587104,40.412344]]}},{"type":"Feature","properties":{"road_class":"secondary","highway":"secondary"},"geometry":{"type":"LineString","coordinates":[[49.9577737,40.4124024],[49.9581907,40.412376]]}},{"type":"Feature","properties":{"road_class":"secondary","highway":"secondary"},"geometry":{"type":"LineString","coordinates":[[49.6472893,40.6065752],[49.6474938,40.6064404]]}},{"type":"Feature","properties":{"road_class":"secondary","highway":"secondary"},"geometry":{"type":"LineString","coordinates":[[49.6475274,40.6065408],[49.6472893,40.6065752]]}},{"type":"Feature","properties":{"road_class":"secondary","highway":"secondary"},"geometry":{"type":"LineString","coordinates":[[49.7275481,40.4786286],[49.7273181,40.4784461]]}},{"type":"Feature","properties":{"road_class":"secondary","highway":"secondary"},"geometry":{"type":"LineString","coordinates":[[49.7275481,40.4786286],[49.727831,40.4788382]]}},{"type":"Feature","properties":{"road_class":"secondary","highway":"secondary"},"geometry":{"type":"LineString","coordinates":[[49.7277974,40.4788534],[49.7275481,40.4786286]]}},{"type":"Feature","properties":{"road_class":"secondary","highway":"secondary"},"geometry":{"type":"LineString","coordinates":[[49.727831,40.4788382],[49.7289002,40.4795998]]}},{"type":"Feature","properties":{"road_class":"secondary","highway":"secondary"},"geometry":{"type":"LineString","coordinates":[[49.9400186,40.5124972],[49.9396438,40.512338]]}},{"type":"Feature","properties":{"road_class":"secondary","highway":"secondary"},"geometry":{"type":"LineString","coordinates":[[49.9058228,40.5071236],[49.9063329,40.5071871]]}},{"type":"Feature","properties":{"road_class":"secondary","highway":"secondary"},"geometry":{"type":"LineString","coordinates":[[49.9055393,40.507368],[49.9057335,40.5071328]]}},{"type":"Feature","properties":{"road_class":"secondary","highway":"secondary"},"geometry":{"type":"LineString","coordinates":[[49.9063329,40.5071871],[49.9055393,40.507368]]}},{"type":"Feature","properties":{"road_class":"secondary","highway":"secondary"},"geometry":{"type":"LineString","coordinates":[[49.9057651,40.5072308],[49.9057335,40.5071328],[49.9058471,40.5071392],[49.9058498,40.5072077],[49.9057651,40.5072308]]}},{"type":"Feature","properties":{"road_class":"secondary","highway":"secondary"},"geometry":{"type":"LineString","coordinates":[[49.9406815,40.461958],[49.9397021,40.4620642]]}},{"type":"Feature","properties":{"road_class":"secondary","highway":"secondary"},"geometry":{"type":"LineString","coordinates":[[47.7154018,39.5872331],[47.7154161,39.5871337]]}},{"type":"Feature","properties":{"road_class":"secondary","highway":"secondary"},"geometry":{"type":"LineString","coordinates":[[49.8547988,40.4839696],[49.8547518,40.4837799]]}},{"type":"Feature","properties":{"road_class":"secondary","highway":"secondary"},"geometry":{"type":"LineString","coordinates":[[49.8368855,40.4732897],[49.8356703,40.472822]]}},{"type":"Feature","properties":{"road_class":"secondary","highway":"secondary"},"geometry":{"type":"LineString","coordinates":[[49.8355866,40.4727892],[49.8338857,40.47212]]}},{"type":"Feature","properties":{"road_class":"secondary","highway":"secondary"},"geometry":{"type":"LineString","coordinates":[[49.8356703,40.472822],[49.8355866,40.4727892]]}},{"type":"Feature","properties":{"road_class":"secondary","highway":"secondary"},"geometry":{"type":"LineString","coordinates":[[49.827708,40.466816],[49.8275672,40.466715]]}},{"type":"Feature","properties":{"road_class":"secondary","highway":"secondary"},"geometry":{"type":"LineString","coordinates":[[49.8419946,40.4628497],[49.8412746,40.4626113]]}},{"type":"Feature","properties":{"road_class":"secondary","highway":"secondary"},"geometry":{"type":"LineString","coordinates":[[49.8441085,40.4405239],[49.8444642,40.4404889]]}},{"type":"Feature","properties":{"road_class":"secondary","highway":"secondary"},"geometry":{"type":"LineString","coordinates":[[49.8448648,40.4404119],[49.845192,40.4403426]]}},{"type":"Feature","properties":{"road_class":"secondary","highway":"secondary"},"geometry":{"type":"LineString","coordinates":[[49.8444642,40.4404889],[49.8447183,40.4404349]]}},{"type":"Feature","properties":{"road_class":"secondary","highway":"secondary"},"geometry":{"type":"LineString","coordinates":[[49.8447183,40.4404349],[49.8448648,40.4404119]]}},{"type":"Feature","properties":{"road_class":"secondary","highway":"secondary"},"geometry":{"type":"LineString","coordinates":[[49.8098837,40.436689],[49.8092724,40.4372186]]}},{"type":"Feature","properties":{"road_class":"secondary","highway":"secondary"},"geometry":{"type":"LineString","coordinates":[[49.8089302,40.437491],[49.8092724,40.4372186]]}},{"type":"Feature","properties":{"road_class":"secondary","highway":"secondary"},"geometry":{"type":"LineString","coordinates":[[49.8092724,40.4372186],[49.8091196,40.4375411]]}},{"type":"Feature","properties":{"road_class":"secondary","highway":"secondary"},"geometry":{"type":"LineString","coordinates":[[49.8089456,40.437643],[49.8088934,40.4375992]]}},{"type":"Feature","properties":{"road_class":"secondary","highway":"secondary"},"geometry":{"type":"LineString","coordinates":[[49.7728702,40.4427748],[49.7729575,40.4431585]]}},{"type":"Feature","properties":{"road_class":"secondary","highway":"secondary"},"geometry":{"type":"LineString","coordinates":[[47.3338223,39.4339582],[47.3311748,39.4263786]]}},{"type":"Feature","properties":{"road_class":"secondary","highway":"secondary"},"geometry":{"type":"LineString","coordinates":[[47.3338255,39.4340173],[47.3338223,39.4339582]]}},{"type":"Feature","properties":{"road_class":"secondary","highway":"secondary"},"geometry":{"type":"LineString","coordinates":[[49.7561399,40.4567851],[49.7564873,40.4568624]]}},{"type":"Feature","properties":{"road_class":"secondary","highway":"secondary"},"geometry":{"type":"LineString","coordinates":[[49.7564184,40.4571546],[49.7560722,40.4570404]]}},{"type":"Feature","properties":{"road_class":"secondary","highway":"secondary"},"geometry":{"type":"LineString","coordinates":[[46.1120096,40.8082918],[46.1116331,40.807909]]}},{"type":"Feature","properties":{"road_class":"secondary","highway":"secondary"},"geometry":{"type":"LineString","coordinates":[[45.5587685,41.0547133],[45.5601261,41.0548995]]}},{"type":"Feature","properties":{"road_class":"secondary","highway":"secondary"},"geometry":{"type":"LineString","coordinates":[[45.5606849,41.0552689],[45.5626435,41.0550509]]}},{"type":"Feature","properties":{"road_class":"secondary","highway":"secondary"},"geometry":{"type":"LineString","coordinates":[[45.5601261,41.0548995],[45.5606849,41.0552689]]}},{"type":"Feature","properties":{"road_class":"secondary","highway":"secondary"},"geometry":{"type":"LineString","coordinates":[[50.0158183,40.5266474],[50.0160771,40.5263184]]}},{"type":"Feature","properties":{"road_class":"secondary","highway":"secondary"},"geometry":{"type":"LineString","coordinates":[[49.9949222,40.5508162],[49.995326,40.5509921]]}},{"type":"Feature","properties":{"road_class":"secondary","highway":"secondary"},"geometry":{"type":"LineString","coordinates":[[49.995326,40.5509921],[49.9948484,40.5509021]]}},{"type":"Feature","properties":{"road_class":"secondary","highway":"secondary"},"geometry":{"type":"LineString","coordinates":[[49.9948968,40.5512071],[49.9947916,40.5508574]]}},{"type":"Feature","properties":{"road_class":"secondary","highway":"secondary"},"geometry":{"type":"LineString","coordinates":[[49.9949356,40.550847],[49.9948968,40.5512071]]}},{"type":"Feature","properties":{"road_class":"secondary","highway":"secondary"},"geometry":{"type":"LineString","coordinates":[[49.994692,40.5505401],[49.9949222,40.5508162]]}},{"type":"Feature","properties":{"road_class":"secondary","highway":"secondary"},"geometry":{"type":"LineString","coordinates":[[49.9947916,40.5508574],[49.994692,40.5505401]]}},{"type":"Feature","properties":{"road_class":"secondary","highway":"secondary"},"geometry":{"type":"LineString","coordinates":[[49.9949094,40.5508915],[49.994811,40.5508864],[49.9947972,40.5508252],[49.9949072,40.5508044],[49.9949094,40.5508915]]}},{"type":"Feature","properties":{"road_class":"secondary","highway":"secondary"},"geometry":{"type":"LineString","coordinates":[[49.9447383,40.373236],[49.9480097,40.3785419]]}},{"type":"Feature","properties":{"road_class":"secondary","highway":"secondary"},"geometry":{"type":"LineString","coordinates":[[50.1374779,40.4873483],[50.1372644,40.4878011]]}},{"type":"Feature","properties":{"road_class":"secondary","highway":"secondary"},"geometry":{"type":"LineString","coordinates":[[46.7880191,40.4191923],[46.7843922,40.4197232],[46.78821,40.4216296],[46.7873892,40.4250253],[46.7712192,40.4234833],[46.7689338,40.4272375],[46.769587,40.4308243],[46.7683321,40.4327757],[46.771507,40.4384572]]}},{"type":"Feature","properties":{"road_class":"secondary","highway":"secondary"},"geometry":{"type":"LineString","coordinates":[[46.7882664,40.4183436],[46.7880191,40.4191923]]}},{"type":"Feature","properties":{"road_class":"secondary","highway":"secondary"},"geometry":{"type":"LineString","coordinates":[[50.0882964,40.4488805],[50.0882705,40.4489477]]}},{"type":"Feature","properties":{"road_class":"secondary","highway":"secondary"},"geometry":{"type":"LineString","coordinates":[[50.0881501,40.4489246],[50.0881729,40.4488617]]}},{"type":"Feature","properties":{"road_class":"secondary","highway":"secondary"},"geometry":{"type":"LineString","coordinates":[[50.0937912,40.4394421],[50.0938494,40.439348]]}},{"type":"Feature","properties":{"road_class":"secondary","highway":"secondary"},"geometry":{"type":"LineString","coordinates":[[50.0939517,40.4393848],[50.0938932,40.4394774]]}},{"type":"Feature","properties":{"road_class":"secondary","highway":"secondary"},"geometry":{"type":"LineString","coordinates":[[50.0953951,40.4368697],[50.0954593,40.4367673]]}},{"type":"Feature","properties":{"road_class":"secondary","highway":"secondary"},"geometry":{"type":"LineString","coordinates":[[50.095561,40.4368004],[50.0954969,40.4369037]]}},{"type":"Feature","properties":{"road_class":"secondary","highway":"secondary"},"geometry":{"type":"LineString","coordinates":[[49.9132845,40.4554137],[49.9093397,40.451813],[49.9027084,40.4517915]]}},{"type":"Feature","properties":{"road_class":"secondary","highway":"secondary"},"geometry":{"type":"LineString","coordinates":[[49.7482345,40.4486136],[49.7493995,40.4478164]]}},{"type":"Feature","properties":{"road_class":"secondary","highway":"secondary"},"geometry":{"type":"LineString","coordinates":[[49.7494586,40.4478731],[49.7482345,40.4486136]]}},{"type":"Feature","properties":{"road_class":"secondary","highway":"secondary"},"geometry":{"type":"LineString","coordinates":[[49.7465812,40.4496587],[49.7482345,40.4486136]]}},{"type":"Feature","properties":{"road_class":"secondary","highway":"secondary"},"geometry":{"type":"LineString","coordinates":[[49.7208811,40.4655966],[49.7212759,40.4654907]]}},{"type":"Feature","properties":{"road_class":"secondary","highway":"secondary"},"geometry":{"type":"LineString","coordinates":[[49.7560885,40.4579741],[49.7561399,40.4567851]]}},{"type":"Feature","properties":{"road_class":"secondary","highway":"secondary"},"geometry":{"type":"LineString","coordinates":[[49.7564873,40.4568624],[49.7564184,40.4571546]]}},{"type":"Feature","properties":{"road_class":"secondary","highway":"secondary"},"geometry":{"type":"LineString","coordinates":[[49.7287361,40.4797285],[49.7277974,40.4788534]]}},{"type":"Feature","properties":{"road_class":"secondary","highway":"secondary"},"geometry":{"type":"LineString","coordinates":[[49.9649294,40.373327],[49.9645532,40.3740141]]}},{"type":"Feature","properties":{"road_class":"secondary","highway":"secondary"},"geometry":{"type":"LineString","coordinates":[[47.0752009,39.5053383],[47.0611148,39.5098604]]}},{"type":"Feature","properties":{"road_class":"secondary","highway":"secondary"},"geometry":{"type":"LineString","coordinates":[[47.0611148,39.5098604],[47.0602858,39.5100979]]}},{"type":"Feature","properties":{"road_class":"secondary","highway":"secondary"},"geometry":{"type":"LineString","coordinates":[[47.2026629,39.6017764],[47.2028735,39.6016218]]}},{"type":"Feature","properties":{"road_class":"secondary","highway":"secondary"},"geometry":{"type":"LineString","coordinates":[[47.2030797,39.6015352],[47.2033306,39.6017067]]}},{"type":"Feature","properties":{"road_class":"secondary","highway":"secondary"},"geometry":{"type":"LineString","coordinates":[[49.8022315,40.419651],[49.8025396,40.4200711]]}},{"type":"Feature","properties":{"road_class":"secondary","highway":"secondary"},"geometry":{"type":"LineString","coordinates":[[49.8025396,40.4200711],[49.8020284,40.4197868]]}},{"type":"Feature","properties":{"road_class":"secondary","highway":"secondary"},"geometry":{"type":"LineString","coordinates":[[49.1341101,41.0687117],[49.1339666,41.069267]]}},{"type":"Feature","properties":{"road_class":"secondary","highway":"secondary"},"geometry":{"type":"LineString","coordinates":[[46.2566671,40.6525267],[46.2545734,40.6460523]]}},{"type":"Feature","properties":{"road_class":"secondary","highway":"secondary"},"geometry":{"type":"LineString","coordinates":[[49.7464654,40.3082687],[49.7463589,40.3081061]]}},{"type":"Feature","properties":{"road_class":"secondary","highway":"secondary"},"geometry":{"type":"LineString","coordinates":[[49.6002987,40.3050922],[49.6001822,40.3050894]]}},{"type":"Feature","properties":{"road_class":"secondary","highway":"secondary"},"geometry":{"type":"LineString","coordinates":[[47.707544,40.2292554],[47.7070179,40.2292286]]}},{"type":"Feature","properties":{"road_class":"secondary","highway":"secondary"},"geometry":{"type":"LineString","coordinates":[[47.7070676,40.2290889],[47.707544,40.2292554]]}},{"type":"Feature","properties":{"road_class":"secondary","highway":"secondary"},"geometry":{"type":"LineString","coordinates":[[47.9175225,40.1127176],[47.9171696,40.1126744]]}},{"type":"Feature","properties":{"road_class":"secondary","highway":"secondary"},"geometry":{"type":"LineString","coordinates":[[49.7280821,40.3218954],[49.7282398,40.3218877]]}},{"type":"Feature","properties":{"road_class":"secondary","highway":"secondary"},"geometry":{"type":"LineString","coordinates":[[49.7281793,40.3218409],[49.7284997,40.3219048]]}},{"type":"Feature","properties":{"road_class":"secondary","highway":"secondary"},"geometry":{"type":"LineString","coordinates":[[49.8538879,40.4219778],[49.853558,40.4218998]]}},{"type":"Feature","properties":{"road_class":"secondary","highway":"secondary"},"geometry":{"type":"LineString","coordinates":[[47.1782602,41.1993025],[47.1780865,41.1993792]]}},{"type":"Feature","properties":{"road_class":"secondary","highway":"secondary"},"geometry":{"type":"LineString","coordinates":[[49.8195005,40.4029657],[49.8193321,40.4027835]]}},{"type":"Feature","properties":{"road_class":"secondary","highway":"secondary"},"geometry":{"type":"LineString","coordinates":[[49.8193944,40.402298],[49.8195955,40.4025059]]}},{"type":"Feature","properties":{"road_class":"secondary","highway":"secondary"},"geometry":{"type":"LineString","coordinates":[[49.8195955,40.4025059],[49.8196787,40.4025918]]}},{"type":"Feature","properties":{"road_class":"secondary","highway":"secondary"},"geometry":{"type":"LineString","coordinates":[[49.8196787,40.4025918],[49.819843,40.4027616]]}},{"type":"Feature","properties":{"road_class":"secondary","highway":"secondary"},"geometry":{"type":"LineString","coordinates":[[49.8193321,40.4027835],[49.8192556,40.4027007]]}},{"type":"Feature","properties":{"road_class":"secondary","highway":"secondary"},"geometry":{"type":"LineString","coordinates":[[49.8192556,40.4027007],[49.8190416,40.4024693]]}},{"type":"Feature","properties":{"road_class":"secondary","highway":"secondary"},"geometry":{"type":"LineString","coordinates":[[49.8167463,40.3949376],[49.8166628,40.3948086]]}},{"type":"Feature","properties":{"road_class":"secondary","highway":"secondary"},"geometry":{"type":"LineString","coordinates":[[49.8168084,40.3949153],[49.8175428,40.3952566]]}},{"type":"Feature","properties":{"road_class":"secondary","highway":"secondary"},"geometry":{"type":"LineString","coordinates":[[49.9347615,40.4386322],[49.9363364,40.4387239]]}},{"type":"Feature","properties":{"road_class":"secondary","highway":"secondary"},"geometry":{"type":"LineString","coordinates":[[49.9179907,40.4229876],[49.9180465,40.4218975]]}},{"type":"Feature","properties":{"road_class":"secondary","highway":"secondary"},"geometry":{"type":"LineString","coordinates":[[49.5537629,40.6194683],[49.553476,40.6198274]]}},{"type":"Feature","properties":{"road_class":"secondary","highway":"secondary"},"geometry":{"type":"LineString","coordinates":[[49.5566661,40.6212498],[49.5570713,40.6214623]]}},{"type":"Feature","properties":{"road_class":"secondary","highway":"secondary"},"geometry":{"type":"LineString","coordinates":[[49.5570713,40.6214623],[49.5566661,40.6212498]]}},{"type":"Feature","properties":{"road_class":"secondary","highway":"secondary"},"geometry":{"type":"LineString","coordinates":[[46.1131773,40.8060458],[46.1131079,40.8058501],[46.1133839,40.8058402],[46.1133886,40.8060073],[46.1131773,40.8060458]]}},{"type":"Feature","properties":{"road_class":"secondary","highway":"secondary"},"geometry":{"type":"LineString","coordinates":[[49.8588864,40.4162424],[49.8584063,40.4164414]]}},{"type":"Feature","properties":{"road_class":"secondary","highway":"secondary"},"geometry":{"type":"LineString","coordinates":[[46.3527404,40.6665256],[46.3526599,40.6665917]]}},{"type":"Feature","properties":{"road_class":"secondary","highway":"secondary"},"geometry":{"type":"LineString","coordinates":[[46.3526599,40.6665917],[46.3527404,40.6665256]]}},{"type":"Feature","properties":{"road_class":"secondary","highway":"secondary"},"geometry":{"type":"LineString","coordinates":[[46.3403856,40.6612892],[46.3403645,40.6612512],[46.3404247,40.6612432],[46.3404293,40.6612795],[46.3403856,40.6612892]]}},{"type":"Feature","properties":{"road_class":"secondary","highway":"secondary"},"geometry":{"type":"LineString","coordinates":[[46.3404334,40.6612556],[46.340907,40.6614715]]}},{"type":"Feature","properties":{"road_class":"secondary","highway":"secondary"},"geometry":{"type":"LineString","coordinates":[[46.0120019,40.8086916],[46.0117453,40.8004079],[46.0081619,40.7941196],[46.0069427,40.7842322],[46.0107328,40.7703358],[46.003747,40.7621562],[46.008701,40.753365],[46.0038248,40.7560673],[46.0046576,40.7516745],[46.0025239,40.7511716],[46.005355,40.7513158],[46.0034318,40.7507418],[46.0067001,40.748718],[46.0048681,40.7458447],[46.0087225,40.7458284],[46.0043934,40.7454891],[46.0043612,40.7471757],[46.0039173,40.7477812],[46.0033366,40.7455338],[46.0059813,40.7443074],[46.0022517,40.7453519],[46.0038462,40.7437486],[46.0020384,40.7423779],[46.0038167,40.7413709],[46.0020572,40.7386589],[46.0032803,40.7334194],[46.0009494,40.7307304],[45.9968698,40.7299804],[45.9892336,40.7162653],[45.9773882,40.7040687],[45.9786821,40.6927997],[45.9739959,40.6859711],[45.9732529,40.6819398],[45.9656864,40.6787219],[45.9635031,40.6811293],[45.9618831,40.6806706],[45.9556885,40.6720619],[45.9531096,40.6750228],[45.9443321,40.6722991]]}},{"type":"Feature","properties":{"road_class":"secondary","highway":"secondary"},"geometry":{"type":"LineString","coordinates":[[46.0197359,40.8285181],[46.0208151,40.8282471]]}},{"type":"Feature","properties":{"road_class":"secondary","highway":"secondary"},"geometry":{"type":"LineString","coordinates":[[45.3750608,41.4496393],[45.3764829,41.4490008]]}},{"type":"Feature","properties":{"road_class":"secondary","highway":"secondary"},"geometry":{"type":"LineString","coordinates":[[46.8180759,40.4986302],[46.8254214,40.4997913],[46.8302724,40.5023545]]}},{"type":"Feature","properties":{"road_class":"secondary","highway":"secondary"},"geometry":{"type":"LineString","coordinates":[[45.7355732,40.8636913],[45.7135132,40.8535913],[45.6902377,40.8506619],[45.6815842,40.8447067],[45.6728804,40.8422698],[45.6742431,40.826135]]}},{"type":"Feature","properties":{"road_class":"secondary","highway":"secondary"},"geometry":{"type":"LineString","coordinates":[[45.6747521,40.8258858],[45.6755894,40.8239381],[45.6719926,40.8196757],[45.6733659,40.8153033],[45.6778505,40.8103277],[45.6848779,40.8081433],[45.6851166,40.8057862],[45.6811309,40.7998718],[45.6817743,40.7984312]]}},{"type":"Feature","properties":{"road_class":"secondary","highway":"secondary"},"geometry":{"type":"LineString","coordinates":[[45.6815259,40.7982214],[45.6773463,40.7956159],[45.6774647,40.7937866],[45.670284,40.7845912],[45.6684226,40.7788435],[45.6700903,40.7747869]]}},{"type":"Feature","properties":{"road_class":"secondary","highway":"secondary"},"geometry":{"type":"LineString","coordinates":[[45.6700903,40.7747869],[45.6697812,40.7707442],[45.6743047,40.7551448],[45.6714052,40.7463486],[45.6687654,40.7444196],[45.6642491,40.730706],[45.659763,40.7272427]]}},{"type":"Feature","properties":{"road_class":"secondary","highway":"secondary"},"geometry":{"type":"LineString","coordinates":[[45.6595164,40.7272858],[45.6556901,40.7241122],[45.6569347,40.719329],[45.6538475,40.7187902],[45.6505483,40.713354],[45.6532077,40.7005496],[45.6516534,40.6979925],[45.652914,40.6930243],[45.6516293,40.6896748],[45.6577206,40.6815391],[45.6579149,40.6759781]]}},{"type":"Feature","properties":{"road_class":"secondary","highway":"secondary"},"geometry":{"type":"LineString","coordinates":[[45.6569749,40.665214],[45.657042,40.664807]]}},{"type":"Feature","properties":{"road_class":"secondary","highway":"secondary"},"geometry":{"type":"LineString","coordinates":[[45.6574995,40.6686538],[45.6569749,40.665214]]}},{"type":"Feature","properties":{"road_class":"secondary","highway":"secondary"},"geometry":{"type":"LineString","coordinates":[[45.6579149,40.6759781],[45.65981,40.6724952],[45.6575248,40.668994]]}},{"type":"Feature","properties":{"road_class":"secondary","highway":"secondary"},"geometry":{"type":"LineString","coordinates":[[47.0610952,39.5097607],[47.1004436,39.4979141]]}},{"type":"Feature","properties":{"road_class":"secondary","highway":"secondary"},"geometry":{"type":"LineString","coordinates":[[47.1501506,39.6007215],[47.1546053,39.5998822],[47.1562699,39.597199]]}},{"type":"Feature","properties":{"road_class":"secondary","highway":"secondary"},"geometry":{"type":"LineString","coordinates":[[47.1564048,39.5971964],[47.1546829,39.5999575],[47.1501741,39.6008152]]}},{"type":"Feature","properties":{"road_class":"secondary","highway":"secondary"},"geometry":{"type":"LineString","coordinates":[[47.1010687,39.4980154],[47.100594,39.4981571]]}},{"type":"Feature","properties":{"road_class":"secondary","highway":"secondary"},"geometry":{"type":"LineString","coordinates":[[47.100594,39.4981571],[47.0752009,39.5053383]]}},{"type":"Feature","properties":{"road_class":"secondary","highway":"secondary"},"geometry":{"type":"LineString","coordinates":[[47.1004436,39.4979141],[47.100961,39.4977662]]}},{"type":"Feature","properties":{"road_class":"secondary","highway":"secondary"},"geometry":{"type":"LineString","coordinates":[[47.100961,39.4977662],[47.1120695,39.4930164],[47.1318921,39.4927962]]}},{"type":"Feature","properties":{"road_class":"secondary","highway":"secondary"},"geometry":{"type":"LineString","coordinates":[[47.0602852,39.5099945],[47.0610952,39.5097607]]}},{"type":"Feature","properties":{"road_class":"secondary","highway":"secondary"},"geometry":{"type":"LineString","coordinates":[[47.0423332,39.5128398],[47.0602852,39.5099945]]}},{"type":"Feature","properties":{"road_class":"secondary","highway":"secondary"},"geometry":{"type":"LineString","coordinates":[[47.0423332,39.5128398],[47.0391289,39.51441]]}},{"type":"Feature","properties":{"road_class":"secondary","highway":"secondary"},"geometry":{"type":"LineString","coordinates":[[46.5751839,39.3479379],[46.5746118,39.3477377]]}},{"type":"Feature","properties":{"road_class":"secondary","highway":"secondary"},"geometry":{"type":"LineString","coordinates":[[46.5757849,39.3481228],[46.5751839,39.3479379]]}},{"type":"Feature","properties":{"road_class":"secondary","highway":"secondary"},"geometry":{"type":"LineString","coordinates":[[46.716198,39.1892272],[46.7161605,39.1895495]]}},{"type":"Feature","properties":{"road_class":"secondary","highway":"secondary"},"geometry":{"type":"LineString","coordinates":[[45.5630117,41.0538199],[45.5626435,41.0550509]]}},{"type":"Feature","properties":{"road_class":"secondary","highway":"secondary"},"geometry":{"type":"LineString","coordinates":[[45.5578666,41.0549268],[45.5577061,41.0550343],[45.5575399,41.0549098],[45.5577109,41.0547871],[45.5578666,41.0549268]]}},{"type":"Feature","properties":{"road_class":"secondary","highway":"secondary"},"geometry":{"type":"LineString","coordinates":[[45.5583084,41.0548056],[45.5578184,41.0549992]]}},{"type":"Feature","properties":{"road_class":"secondary","highway":"secondary"},"geometry":{"type":"LineString","coordinates":[[45.5565602,41.055116],[45.5575726,41.0548365]]}},{"type":"Feature","properties":{"road_class":"secondary","highway":"secondary"},"geometry":{"type":"LineString","coordinates":[[45.5583084,41.0548056],[45.5587685,41.0547133]]}},{"type":"Feature","properties":{"road_class":"secondary","highway":"secondary"},"geometry":{"type":"LineString","coordinates":[[47.325417,39.4541652],[47.3288634,39.4547499]]}},{"type":"Feature","properties":{"road_class":"secondary","highway":"secondary"},"geometry":{"type":"LineString","coordinates":[[46.6500279,41.6334702],[46.6501162,41.6329165]]}},{"type":"Feature","properties":{"road_class":"secondary","highway":"secondary"},"geometry":{"type":"LineString","coordinates":[[46.4299518,39.4399316],[46.4361163,39.4422311],[46.4477126,39.4426544],[46.4498692,39.4410165],[46.4638628,39.4418651]]}},{"type":"Feature","properties":{"road_class":"secondary","highway":"secondary"},"geometry":{"type":"LineString","coordinates":[[49.9151569,40.420076],[49.9188344,40.4218629]]}},{"type":"Feature","properties":{"road_class":"secondary","highway":"secondary"},"geometry":{"type":"LineString","coordinates":[[49.898406,40.4122201],[49.9077632,40.4165813]]}},{"type":"Feature","properties":{"road_class":"secondary","highway":"secondary"},"geometry":{"type":"LineString","coordinates":[[49.9180118,40.4218701],[49.9161813,40.4209728]]}},{"type":"Feature","properties":{"road_class":"secondary","highway":"secondary"},"geometry":{"type":"LineString","coordinates":[[45.6173456,40.9800712],[45.6175156,40.9801298]]}},{"type":"Feature","properties":{"road_class":"secondary","highway":"secondary"},"geometry":{"type":"LineString","coordinates":[[45.6379692,40.9830101],[45.637696,40.9828492]]}},{"type":"Feature","properties":{"road_class":"secondary","highway":"secondary"},"geometry":{"type":"LineString","coordinates":[[45.6371317,40.9847637],[45.6373115,40.9849979]]}},{"type":"Feature","properties":{"road_class":"secondary","highway":"secondary"},"geometry":{"type":"LineString","coordinates":[[49.9154999,40.4221343],[49.9151524,40.4225599]]}},{"type":"Feature","properties":{"road_class":"secondary","highway":"secondary"},"geometry":{"type":"LineString","coordinates":[[49.9164743,40.4211151],[49.9154999,40.4221343]]}},{"type":"Feature","properties":{"road_class":"secondary","highway":"secondary"},"geometry":{"type":"LineString","coordinates":[[49.8964852,40.4150741],[49.8963375,40.4155879]]}},{"type":"Feature","properties":{"road_class":"secondary","highway":"secondary"},"geometry":{"type":"LineString","coordinates":[[49.9161813,40.4209728],[49.9144179,40.420137]]}},{"type":"Feature","properties":{"road_class":"secondary","highway":"secondary"},"geometry":{"type":"LineString","coordinates":[[49.9154443,40.4221081],[49.9161813,40.4209728]]}},{"type":"Feature","properties":{"road_class":"secondary","highway":"secondary"},"geometry":{"type":"LineString","coordinates":[[49.9426114,40.4407241],[49.9424037,40.4407569]]}},{"type":"Feature","properties":{"road_class":"secondary","highway":"secondary"},"geometry":{"type":"LineString","coordinates":[[49.9188344,40.4218629],[49.9193691,40.4223689]]}},{"type":"Feature","properties":{"road_class":"secondary","highway":"secondary"},"geometry":{"type":"LineString","coordinates":[[49.8975324,40.4118206],[49.898406,40.4122201]]}},{"type":"Feature","properties":{"road_class":"secondary","highway":"secondary"},"geometry":{"type":"LineString","coordinates":[[49.9006956,40.4094309],[49.90059,40.4095261]]}},{"type":"Feature","properties":{"road_class":"secondary","highway":"secondary"},"geometry":{"type":"LineString","coordinates":[[49.9006956,40.4094309],[49.9004975,40.4093376]]}},{"type":"Feature","properties":{"road_class":"secondary","highway":"secondary"},"geometry":{"type":"LineString","coordinates":[[49.8961865,40.4155752],[49.8963375,40.4155879]]}},{"type":"Feature","properties":{"road_class":"secondary","highway":"secondary"},"geometry":{"type":"LineString","coordinates":[[49.89617,40.4155959],[49.8961865,40.4155752]]}},{"type":"Feature","properties":{"road_class":"secondary","highway":"secondary"},"geometry":{"type":"LineString","coordinates":[[49.808629,40.3792237],[49.80885,40.3796307]]}},{"type":"Feature","properties":{"road_class":"secondary","highway":"secondary"},"geometry":{"type":"LineString","coordinates":[[45.6549715,40.967796],[45.6551457,40.9679004]]}},{"type":"Feature","properties":{"road_class":"secondary","highway":"secondary"},"geometry":{"type":"LineString","coordinates":[[49.8167469,40.3804868],[49.8166437,40.3806419]]}},{"type":"Feature","properties":{"road_class":"secondary","highway":"secondary"},"geometry":{"type":"LineString","coordinates":[[49.7343702,40.3129575],[49.7343824,40.3126871]]}},{"type":"Feature","properties":{"road_class":"secondary","highway":"secondary"},"geometry":{"type":"LineString","coordinates":[[45.6490839,40.8886393],[45.6468603,40.8874977],[45.6466122,40.8820784],[45.6440333,40.8779241],[45.6319553,40.8735251],[45.6277522,40.8704828],[45.623807,40.8602461],[45.6244491,40.8560603],[45.6225648,40.8503574],[45.6177425,40.8411218]]}},{"type":"Feature","properties":{"road_class":"secondary","highway":"secondary"},"geometry":{"type":"LineString","coordinates":[[45.6003602,40.8086772],[45.6003562,40.8084539]]}},{"type":"Feature","properties":{"road_class":"secondary","highway":"secondary"},"geometry":{"type":"LineString","coordinates":[[45.6041448,40.815964],[45.600265,40.8134601],[45.6003602,40.8086772]]}},{"type":"Feature","properties":{"road_class":"secondary","highway":"secondary"},"geometry":{"type":"LineString","coordinates":[[45.6042065,40.8161477],[45.6041448,40.815964]]}},{"type":"Feature","properties":{"road_class":"secondary","highway":"secondary"},"geometry":{"type":"LineString","coordinates":[[45.6177425,40.8411218],[45.6153862,40.8388377],[45.6138396,40.8288904],[45.609697,40.8237331],[45.609937,40.8207433],[45.6042065,40.8161477]]}},{"type":"Feature","properties":{"road_class":"secondary","highway":"secondary"},"geometry":{"type":"LineString","coordinates":[[45.6003562,40.8084539],[45.6013566,40.7992566],[45.5965501,40.7942697],[45.5939805,40.7941803],[45.5954263,40.793232],[45.5934602,40.7914471],[45.5937016,40.7881106],[45.5852419,40.7842276],[45.5806527,40.7762437],[45.5791627,40.7759593],[45.5794349,40.7616178],[45.5778766,40.7575769],[45.58065,40.7508759]]}},{"type":"Feature","properties":{"road_class":"secondary","highway":"secondary"},"geometry":{"type":"LineString","coordinates":[[45.4976897,41.0792304],[45.4976597,41.0794886]]}},{"type":"Feature","properties":{"road_class":"secondary","highway":"secondary"},"geometry":{"type":"LineString","coordinates":[[45.3680575,41.0932064],[45.3807356,41.0980272]]}},{"type":"Feature","properties":{"road_class":"secondary","highway":"secondary"},"geometry":{"type":"LineString","coordinates":[[45.3519475,41.0907225],[45.3518917,41.0906663],[45.3519734,41.0906327],[45.3520121,41.0906861],[45.3519475,41.0907225]]}},{"type":"Feature","properties":{"road_class":"secondary","highway":"secondary"},"geometry":{"type":"LineString","coordinates":[[49.7412738,40.5269107],[49.7420672,40.5240914]]}},{"type":"Feature","properties":{"road_class":"secondary","highway":"secondary"},"geometry":{"type":"LineString","coordinates":[[46.4707925,39.4353332],[46.4766906,39.4335476]]}},{"type":"Feature","properties":{"road_class":"secondary","highway":"secondary"},"geometry":{"type":"LineString","coordinates":[[49.8547518,40.4837799],[49.8544592,40.482705]]}},{"type":"Feature","properties":{"road_class":"secondary","highway":"secondary"},"geometry":{"type":"LineString","coordinates":[[49.6001822,40.3050894],[49.6002987,40.3050922]]}},{"type":"Feature","properties":{"road_class":"secondary","highway":"secondary"},"geometry":{"type":"LineString","coordinates":[[50.0028891,40.4205019],[50.0027865,40.4202732]]}},{"type":"Feature","properties":{"road_class":"secondary","highway":"secondary"},"geometry":{"type":"LineString","coordinates":[[45.657042,40.664807],[45.6589684,40.6628584],[45.6565163,40.6519434],[45.6616822,40.6434246],[45.6601093,40.6415059]]}},{"type":"Feature","properties":{"road_class":"secondary","highway":"secondary"},"geometry":{"type":"LineString","coordinates":[[45.5171487,40.6406119],[45.5128712,40.6410378],[45.4959948,40.6501875],[45.4812232,40.661511],[45.4732503,40.6635375],[45.466503,40.66919]]}},{"type":"Feature","properties":{"road_class":"secondary","highway":"secondary"},"geometry":{"type":"LineString","coordinates":[[45.5577626,41.0547951],[45.5583084,41.0548056]]}},{"type":"Feature","properties":{"road_class":"secondary","highway":"secondary"},"geometry":{"type":"LineString","coordinates":[[45.5577061,41.0550343],[45.5565602,41.055116]]}},{"type":"Feature","properties":{"road_class":"secondary","highway":"secondary"},"geometry":{"type":"LineString","coordinates":[[46.3416898,40.6972705],[46.341664,40.6969545]]}},{"type":"Feature","properties":{"road_class":"secondary","highway":"secondary"},"geometry":{"type":"LineString","coordinates":[[45.5231723,40.6387626],[45.5230522,40.638774]]}},{"type":"Feature","properties":{"road_class":"secondary","highway":"secondary"},"geometry":{"type":"LineString","coordinates":[[45.5280697,40.6338852],[45.5257891,40.6377757],[45.5231723,40.6387626]]}},{"type":"Feature","properties":{"road_class":"secondary","highway":"secondary"},"geometry":{"type":"LineString","coordinates":[[45.5172479,40.6406541],[45.5171487,40.6406119]]}},{"type":"Feature","properties":{"road_class":"secondary","highway":"secondary"},"geometry":{"type":"LineString","coordinates":[[45.5230522,40.638774],[45.5172479,40.6406541]]}},{"type":"Feature","properties":{"road_class":"secondary","highway":"secondary"},"geometry":{"type":"LineString","coordinates":[[45.6441883,40.6067129],[45.6443111,40.6067786]]}},{"type":"Feature","properties":{"road_class":"secondary","highway":"secondary"},"geometry":{"type":"LineString","coordinates":[[45.6443111,40.6067786],[45.6441883,40.6067129]]}},{"type":"Feature","properties":{"road_class":"secondary","highway":"secondary"},"geometry":{"type":"LineString","coordinates":[[45.6521174,40.5628676],[45.6621717,40.5571618],[45.6967816,40.5501045],[45.7033342,40.5527397],[45.7053539,40.5566259],[45.7215652,40.5610729]]}},{"type":"Feature","properties":{"road_class":"secondary","highway":"secondary"},"geometry":{"type":"LineString","coordinates":[[45.4302799,39.1909991],[45.4303379,39.1910885]]}},{"type":"Feature","properties":{"road_class":"secondary","highway":"secondary"},"geometry":{"type":"LineString","coordinates":[[45.5428284,40.6292693],[45.5317225,40.6318282]]}},{"type":"Feature","properties":{"road_class":"secondary","highway":"secondary"},"geometry":{"type":"LineString","coordinates":[[45.7630724,40.711383],[45.7644512,40.7053591],[45.7632703,40.6960674]]}},{"type":"Feature","properties":{"road_class":"secondary","highway":"secondary"},"geometry":{"type":"LineString","coordinates":[[45.7630335,40.7114775],[45.7630724,40.711383]]}},{"type":"Feature","properties":{"road_class":"secondary","highway":"secondary"},"geometry":{"type":"LineString","coordinates":[[45.8672621,40.6341862],[45.8771145,40.6321995],[45.8903642,40.6368025]]}},{"type":"Feature","properties":{"road_class":"secondary","highway":"secondary"},"geometry":{"type":"LineString","coordinates":[[45.8903642,40.6368025],[45.8970675,40.6415064],[45.8979861,40.6457528]]}},{"type":"Feature","properties":{"road_class":"secondary","highway":"secondary"},"geometry":{"type":"LineString","coordinates":[[45.9442227,40.6723015],[45.9276688,40.6652791],[45.9218605,40.6641916],[45.9182677,40.6670669],[45.9106663,40.6599748],[45.9073752,40.6476536],[45.8979861,40.6457528]]}},{"type":"Feature","properties":{"road_class":"secondary","highway":"secondary"},"geometry":{"type":"LineString","coordinates":[[45.9442924,40.6723271],[45.9442227,40.6723015],[45.9442273,40.6722601],[45.9443243,40.6722579],[45.9442924,40.6723271]]}},{"type":"Feature","properties":{"road_class":"secondary","highway":"secondary"},"geometry":{"type":"LineString","coordinates":[[45.8107389,40.5953786],[45.8193491,40.592238],[45.8252943,40.5967197],[45.8308149,40.5949998],[45.8306008,40.599472],[45.8328474,40.6031938],[45.8425475,40.6046],[45.8503568,40.6125791],[45.8541656,40.6134475],[45.8576149,40.6168477],[45.8597526,40.6228954],[45.8620352,40.6243032],[45.862243,40.6269664],[45.8672621,40.6341862]]}},{"type":"Feature","properties":{"road_class":"secondary","highway":"secondary"},"geometry":{"type":"LineString","coordinates":[[45.8075756,40.5746045],[45.8077355,40.5745052]]}},{"type":"Feature","properties":{"road_class":"secondary","highway":"secondary"},"geometry":{"type":"LineString","coordinates":[[49.8926715,40.5039979],[49.8912255,40.5033879]]}},{"type":"Feature","properties":{"road_class":"secondary","highway":"secondary"},"geometry":{"type":"LineString","coordinates":[[45.7649335,40.6844912],[45.7677595,40.6828633],[45.7717735,40.6841426],[45.7722348,40.6823263],[45.7758692,40.6834735],[45.7785031,40.6823893],[45.781424,40.6801437],[45.7818291,40.6779205],[45.7850665,40.6768973],[45.7850558,40.6746637],[45.7900165,40.6723945],[45.7899722,40.6687234],[45.8004434,40.6640695]]}},{"type":"Feature","properties":{"road_class":"secondary","highway":"secondary"},"geometry":{"type":"LineString","coordinates":[[48.546133,41.7878646],[48.5462414,41.7877945]]}},{"type":"Feature","properties":{"road_class":"secondary","highway":"secondary"},"geometry":{"type":"LineString","coordinates":[[46.0734885,40.5248064],[46.0755631,40.5229747],[46.0797726,40.5242571]]}},{"type":"Feature","properties":{"road_class":"secondary","highway":"secondary"},"geometry":{"type":"LineString","coordinates":[[45.9287491,40.5060958],[45.9336019,40.5019547],[45.9377298,40.5006321],[45.9419154,40.500059],[45.9565428,40.5030183],[45.9674433,40.4999499],[45.9720312,40.504139],[45.9830484,40.5049283],[45.9873104,40.513789],[45.9925863,40.516919],[46.0076885,40.5144038],[46.0116675,40.5147249],[46.0162984,40.5180048],[46.0177052,40.5168252],[46.0240313,40.5187621],[46.0542409,40.5186807],[46.0586894,40.5214496],[46.0582951,40.5237464],[46.063284,40.5261593],[46.0721447,40.5273653],[46.0734885,40.5248064]]}},{"type":"Feature","properties":{"road_class":"secondary","highway":"secondary"},"geometry":{"type":"LineString","coordinates":[[45.9078462,40.4788032],[45.9033573,40.4800162],[45.8984354,40.4887252],[45.8974511,40.4942552],[45.8991395,40.5014479],[45.9049344,40.5097942],[45.9107709,40.5133261],[45.9200057,40.5110809],[45.9276099,40.5119772]]}},{"type":"Feature","properties":{"road_class":"secondary","highway":"secondary"},"geometry":{"type":"LineString","coordinates":[[46.08973,40.5173232],[46.0899467,40.517284]]}},{"type":"Feature","properties":{"road_class":"secondary","highway":"secondary"},"geometry":{"type":"LineString","coordinates":[[45.9286733,40.5061509],[45.9287491,40.5060958]]}},{"type":"Feature","properties":{"road_class":"secondary","highway":"secondary"},"geometry":{"type":"LineString","coordinates":[[45.9263626,40.5106996],[45.9286733,40.5061509]]}},{"type":"Feature","properties":{"road_class":"secondary","highway":"secondary"},"geometry":{"type":"LineString","coordinates":[[45.9264136,40.5107933],[45.9263626,40.5106996]]}},{"type":"Feature","properties":{"road_class":"secondary","highway":"secondary"},"geometry":{"type":"LineString","coordinates":[[45.9276099,40.5119772],[45.9264136,40.5107933]]}},{"type":"Feature","properties":{"road_class":"secondary","highway":"secondary"},"geometry":{"type":"LineString","coordinates":[[45.9391537,40.4649052],[45.9314105,40.4708246],[45.9146534,40.4779424],[45.9078462,40.4788032]]}},{"type":"Feature","properties":{"road_class":"secondary","highway":"secondary"},"geometry":{"type":"LineString","coordinates":[[45.9899899,40.4658049],[45.9901106,40.4658927]]}},{"type":"Feature","properties":{"road_class":"secondary","highway":"secondary"},"geometry":{"type":"LineString","coordinates":[[45.9391537,40.4649052],[45.9557086,40.4582542],[45.9622049,40.4586175],[45.9665233,40.4607481],[45.9747308,40.4600685],[45.9899899,40.4658049]]}},{"type":"Feature","properties":{"road_class":"secondary","highway":"secondary"},"geometry":{"type":"LineString","coordinates":[[46.0758109,40.4873436],[46.0791627,40.4918176],[46.0781756,40.4967048],[46.0822552,40.5021159],[46.0790365,40.5062346],[46.0894736,40.5169372]]}},{"type":"Feature","properties":{"road_class":"secondary","highway":"secondary"},"geometry":{"type":"LineString","coordinates":[[46.0617444,40.4674874],[46.0619126,40.4676504]]}},{"type":"Feature","properties":{"road_class":"secondary","highway":"secondary"},"geometry":{"type":"LineString","coordinates":[[46.0756624,40.487181],[46.0758109,40.4873436]]}},{"type":"Feature","properties":{"road_class":"secondary","highway":"secondary"},"geometry":{"type":"LineString","coordinates":[[46.0619126,40.4676504],[46.0672885,40.467973],[46.0655075,40.4745269],[46.0669036,40.4785024],[46.0756624,40.487181]]}},{"type":"Feature","properties":{"road_class":"secondary","highway":"secondary"},"geometry":{"type":"LineString","coordinates":[[46.3570423,40.664286],[46.3574804,40.6646115]]}},{"type":"Feature","properties":{"road_class":"secondary","highway":"secondary"},"geometry":{"type":"LineString","coordinates":[[48.8743714,38.4625639],[48.874104,38.4622863]]}},{"type":"Feature","properties":{"road_class":"secondary","highway":"secondary"},"geometry":{"type":"LineString","coordinates":[[48.8789965,38.4526058],[48.8790425,38.4524292]]}},{"type":"Feature","properties":{"road_class":"secondary","highway":"secondary"},"geometry":{"type":"LineString","coordinates":[[46.3251222,40.566873],[46.3248874,40.5667549]]}},{"type":"Feature","properties":{"road_class":"secondary","highway":"secondary"},"geometry":{"type":"LineString","coordinates":[[46.6313517,40.4412223],[46.627124,40.4380592],[46.5919849,40.4273795],[46.5708031,40.4160566],[46.5624424,40.4137709]]}},{"type":"Feature","properties":{"road_class":"secondary","highway":"secondary"},"geometry":{"type":"LineString","coordinates":[[46.6313946,40.4413104],[46.6313517,40.4412223]]}},{"type":"Feature","properties":{"road_class":"secondary","highway":"secondary"},"geometry":{"type":"LineString","coordinates":[[46.685523,40.6455416],[46.6846116,40.6446113]]}},{"type":"Feature","properties":{"road_class":"secondary","highway":"secondary"},"geometry":{"type":"LineString","coordinates":[[49.6758605,40.5894644],[49.6759294,40.5893678]]}},{"type":"Feature","properties":{"road_class":"secondary","highway":"secondary"},"geometry":{"type":"LineString","coordinates":[[49.6762843,40.5895174],[49.6762128,40.5896136]]}},{"type":"Feature","properties":{"road_class":"secondary","highway":"secondary"},"geometry":{"type":"LineString","coordinates":[[46.83059,40.502604],[46.8306948,40.5024824]]}},{"type":"Feature","properties":{"road_class":"secondary","highway":"secondary"},"geometry":{"type":"LineString","coordinates":[[46.7815266,40.5920239],[46.7822109,40.5891256]]}},{"type":"Feature","properties":{"road_class":"secondary","highway":"secondary"},"geometry":{"type":"LineString","coordinates":[[46.7843361,40.6038983],[46.7844713,40.6040029]]}},{"type":"Feature","properties":{"road_class":"secondary","highway":"secondary"},"geometry":{"type":"LineString","coordinates":[[45.5626435,41.0550509],[45.5623173,41.0545607]]}},{"type":"Feature","properties":{"road_class":"secondary","highway":"secondary"},"geometry":{"type":"LineString","coordinates":[[46.7813636,40.5925333],[46.7815266,40.5920239]]}},{"type":"Feature","properties":{"road_class":"secondary","highway":"secondary"},"geometry":{"type":"LineString","coordinates":[[46.853726,40.5672356],[46.8539439,40.5670953]]}},{"type":"Feature","properties":{"road_class":"secondary","highway":"secondary"},"geometry":{"type":"LineString","coordinates":[[46.8473225,40.5766952],[46.8473186,40.5764839]]}},{"type":"Feature","properties":{"road_class":"secondary","highway":"secondary"},"geometry":{"type":"LineString","coordinates":[[46.5608686,40.6876171],[46.561853,40.6891656]]}},{"type":"Feature","properties":{"road_class":"secondary","highway":"secondary"},"geometry":{"type":"LineString","coordinates":[[48.9278936,39.9357305],[48.9279075,39.9359617]]}},{"type":"Feature","properties":{"road_class":"secondary","highway":"secondary"},"geometry":{"type":"LineString","coordinates":[[49.8363751,40.3890248],[49.8363379,40.3891232]]}},{"type":"Feature","properties":{"road_class":"secondary","highway":"secondary"},"geometry":{"type":"LineString","coordinates":[[46.3956039,39.3826286],[46.3977986,39.381866]]}},{"type":"Feature","properties":{"road_class":"secondary","highway":"secondary"},"geometry":{"type":"LineString","coordinates":[[46.3966423,39.3811569],[46.3977986,39.381866]]}},{"type":"Feature","properties":{"road_class":"secondary","highway":"secondary"},"geometry":{"type":"LineString","coordinates":[[49.9000009,40.4520964],[49.9018419,40.4517661]]}},{"type":"Feature","properties":{"road_class":"secondary","highway":"secondary"},"geometry":{"type":"LineString","coordinates":[[49.90196,40.4521174],[49.9001089,40.4524175]]}},{"type":"Feature","properties":{"road_class":"secondary","highway":"secondary"},"geometry":{"type":"LineString","coordinates":[[49.8997938,40.4524581],[49.8991575,40.452401]]}},{"type":"Feature","properties":{"road_class":"secondary","highway":"secondary"},"geometry":{"type":"LineString","coordinates":[[49.9018419,40.4517661],[49.9021614,40.4517655],[49.9022406,40.4520011],[49.9018112,40.4520565],[49.9018419,40.4517661]]}},{"type":"Feature","properties":{"road_class":"secondary","highway":"secondary"},"geometry":{"type":"LineString","coordinates":[[49.9027084,40.4517915],[49.902194,40.4520558]]}},{"type":"Feature","properties":{"road_class":"secondary","highway":"secondary"},"geometry":{"type":"LineString","coordinates":[[49.902086,40.4517346],[49.9027084,40.4517915]]}},{"type":"Feature","properties":{"road_class":"secondary","highway":"secondary"},"geometry":{"type":"LineString","coordinates":[[49.8104691,40.3685695],[49.8107262,40.3685771]]}},{"type":"Feature","properties":{"road_class":"secondary","highway":"secondary"},"geometry":{"type":"LineString","coordinates":[[49.8104691,40.3685695],[49.8103312,40.3685656]]}},{"type":"Feature","properties":{"road_class":"secondary","highway":"secondary"},"geometry":{"type":"LineString","coordinates":[[49.8265193,40.3636757],[49.8264347,40.3634646]]}},{"type":"Feature","properties":{"road_class":"secondary","highway":"secondary"},"geometry":{"type":"LineString","coordinates":[[49.8327645,40.3985685],[49.8327516,40.3986029]]}},{"type":"Feature","properties":{"road_class":"secondary","highway":"secondary"},"geometry":{"type":"LineString","coordinates":[[49.8326128,40.3985713],[49.8326252,40.3985374]]}},{"type":"Feature","properties":{"road_class":"secondary","highway":"secondary"},"geometry":{"type":"LineString","coordinates":[[49.8325507,40.3987294],[49.8325821,40.3986468]]}},{"type":"Feature","properties":{"road_class":"secondary","highway":"secondary"},"geometry":{"type":"LineString","coordinates":[[49.832723,40.3986784],[49.8326931,40.3987574]]}},{"type":"Feature","properties":{"road_class":"secondary","highway":"secondary"},"geometry":{"type":"LineString","coordinates":[[49.8269812,40.3972839],[49.8270011,40.3972316]]}},{"type":"Feature","properties":{"road_class":"secondary","highway":"secondary"},"geometry":{"type":"LineString","coordinates":[[49.8269187,40.3974476],[49.8269538,40.3973557]]}},{"type":"Feature","properties":{"road_class":"secondary","highway":"secondary"},"geometry":{"type":"LineString","coordinates":[[49.8271043,40.3973908],[49.8270699,40.3974781]]}},{"type":"Feature","properties":{"road_class":"secondary","highway":"secondary"},"geometry":{"type":"LineString","coordinates":[[49.827155,40.3972626],[49.8271324,40.3973199]]}},{"type":"Feature","properties":{"road_class":"secondary","highway":"secondary"},"geometry":{"type":"LineString","coordinates":[[48.4748532,41.7070562],[48.4750529,41.7069614]]}},{"type":"Feature","properties":{"road_class":"secondary","highway":"secondary"},"geometry":{"type":"LineString","coordinates":[[48.4751212,41.7070106],[48.4749016,41.7071141]]}},{"type":"Feature","properties":{"road_class":"secondary","highway":"secondary"},"geometry":{"type":"LineString","coordinates":[[48.9485893,39.8350971],[48.965809,39.7801835],[48.9792773,39.7668499]]}},{"type":"Feature","properties":{"road_class":"secondary","highway":"secondary"},"geometry":{"type":"LineString","coordinates":[[48.9485313,39.8352851],[48.9485893,39.8350971]]}},{"type":"Feature","properties":{"road_class":"secondary","highway":"secondary"},"geometry":{"type":"LineString","coordinates":[[48.9794385,39.7666948],[49.0116245,39.7367644],[49.0219966,39.7048487],[49.0228569,39.6935787]]}},{"type":"Feature","properties":{"road_class":"secondary","highway":"secondary"},"geometry":{"type":"LineString","coordinates":[[48.9792773,39.7668499],[48.9794385,39.7666948]]}},{"type":"Feature","properties":{"road_class":"secondary","highway":"secondary"},"geometry":{"type":"LineString","coordinates":[[47.5158338,39.7449772],[47.5157179,39.7449322]]}},{"type":"Feature","properties":{"road_class":"secondary","highway":"secondary"},"geometry":{"type":"LineString","coordinates":[[47.5173312,39.7452033],[47.5158338,39.7449772]]}},{"type":"Feature","properties":{"road_class":"secondary","highway":"secondary"},"geometry":{"type":"LineString","coordinates":[[49.9529045,40.4395089],[49.9532476,40.4391477]]}},{"type":"Feature","properties":{"road_class":"secondary","highway":"secondary"},"geometry":{"type":"LineString","coordinates":[[49.9529736,40.4395783],[49.9530081,40.4401812]]}},{"type":"Feature","properties":{"road_class":"secondary","highway":"secondary"},"geometry":{"type":"LineString","coordinates":[[44.9893232,39.5597709],[44.9915939,39.5612337]]}},{"type":"Feature","properties":{"road_class":"secondary","highway":"secondary"},"geometry":{"type":"LineString","coordinates":[[49.6929901,40.5732108],[49.6928417,40.5733297]]}},{"type":"Feature","properties":{"road_class":"secondary","highway":"secondary"},"geometry":{"type":"LineString","coordinates":[[48.9042105,41.2681405],[48.9038819,41.2668921]]}},{"type":"Feature","properties":{"road_class":"secondary","highway":"secondary"},"geometry":{"type":"LineString","coordinates":[[46.4638628,39.4418651],[46.4641989,39.4415615]]}},{"type":"Feature","properties":{"road_class":"secondary","highway":"secondary"},"geometry":{"type":"LineString","coordinates":[[46.5029418,39.4248252],[46.5135865,39.4257976],[46.5203266,39.4234828],[46.5203608,39.4205498]]}},{"type":"Feature","properties":{"road_class":"secondary","highway":"secondary"},"geometry":{"type":"LineString","coordinates":[[46.5203608,39.4205498],[46.5209799,39.4174854],[46.5253253,39.4148527],[46.5257972,39.412654]]}},{"type":"Feature","properties":{"road_class":"secondary","highway":"secondary"},"geometry":{"type":"LineString","coordinates":[[46.5746118,39.3477377],[46.574161,39.3476107]]}},{"type":"Feature","properties":{"road_class":"secondary","highway":"secondary"},"geometry":{"type":"LineString","coordinates":[[46.579254,39.3425144],[46.5757849,39.3481228]]}},{"type":"Feature","properties":{"road_class":"secondary","highway":"secondary"},"geometry":{"type":"LineString","coordinates":[[46.5624265,39.3661281],[46.5647149,39.3613033]]}},{"type":"Feature","properties":{"road_class":"secondary","highway":"secondary"},"geometry":{"type":"LineString","coordinates":[[46.3947133,39.4336137],[46.3945468,39.4337525],[46.3943686,39.4336139],[46.3945472,39.4334862],[46.3947133,39.4336137]]}},{"type":"Feature","properties":{"road_class":"secondary","highway":"secondary"},"geometry":{"type":"LineString","coordinates":[[46.3946471,39.4335142],[46.3957541,39.4340046]]}},{"type":"Feature","properties":{"road_class":"secondary","highway":"secondary"},"geometry":{"type":"LineString","coordinates":[[46.3957541,39.4340046],[46.3946025,39.4337438]]}},{"type":"Feature","properties":{"road_class":"secondary","highway":"secondary"},"geometry":{"type":"LineString","coordinates":[[46.6893085,39.0133459],[46.6946617,39.0200078],[46.714805,39.0274724]]}},{"type":"Feature","properties":{"road_class":"secondary","highway":"secondary"},"geometry":{"type":"LineString","coordinates":[[46.7191857,39.0281653],[46.7242731,39.0292249]]}},{"type":"Feature","properties":{"road_class":"secondary","highway":"secondary"},"geometry":{"type":"LineString","coordinates":[[46.7024562,39.0244332],[46.7027848,39.0242059],[46.7031047,39.0244633],[46.7027713,39.0247109],[46.7024562,39.0244332]]}},{"type":"Feature","properties":{"road_class":"secondary","highway":"secondary"},"geometry":{"type":"LineString","coordinates":[[47.1275149,40.469651],[47.1270416,40.4696502]]}},{"type":"Feature","properties":{"road_class":"secondary","highway":"secondary"},"geometry":{"type":"LineString","coordinates":[[47.1270416,40.4696502],[47.1274958,40.469507]]}},{"type":"Feature","properties":{"road_class":"secondary","highway":"secondary"},"geometry":{"type":"LineString","coordinates":[[47.1212733,40.4061794],[47.1213051,40.4063457]]}},{"type":"Feature","properties":{"road_class":"secondary","highway":"secondary"},"geometry":{"type":"LineString","coordinates":[[47.1213051,40.4063457],[47.1213361,40.4064476]]}},{"type":"Feature","properties":{"road_class":"secondary","highway":"secondary"},"geometry":{"type":"LineString","coordinates":[[46.9684363,39.6037789],[46.9683491,39.6038662]]}},{"type":"Feature","properties":{"road_class":"secondary","highway":"secondary"},"geometry":{"type":"LineString","coordinates":[[46.9504866,40.3366361],[46.9492754,40.3370821]]}},{"type":"Feature","properties":{"road_class":"secondary","highway":"secondary"},"geometry":{"type":"LineString","coordinates":[[46.269656,39.7013702],[46.2645749,39.7012427],[46.2644706,39.7053505],[46.2588207,39.7083673],[46.2562023,39.7117835],[46.2565329,39.7143305],[46.259278,39.7150126],[46.2592354,39.717692],[46.2622928,39.7156969],[46.261297,39.7239988],[46.280464,39.7418912],[46.280338,39.7441723],[46.275545,39.7457694]]}},{"type":"Feature","properties":{"road_class":"secondary","highway":"secondary"},"geometry":{"type":"LineString","coordinates":[[45.9496029,39.9476488],[45.9559774,39.9404211],[45.952372,39.9506911],[45.9533386,39.9499413]]}},{"type":"Feature","properties":{"road_class":"secondary","highway":"secondary"},"geometry":{"type":"LineString","coordinates":[[45.9596797,39.9424548],[45.9595412,39.9424062]]}},{"type":"Feature","properties":{"road_class":"secondary","highway":"secondary"},"geometry":{"type":"LineString","coordinates":[[45.9598822,39.9425304],[45.9596797,39.9424548]]}},{"type":"Feature","properties":{"road_class":"secondary","highway":"secondary"},"geometry":{"type":"LineString","coordinates":[[45.9580106,39.9861987],[45.9598619,39.9872597]]}},{"type":"Feature","properties":{"road_class":"secondary","highway":"secondary"},"geometry":{"type":"LineString","coordinates":[[45.9644367,39.999012],[45.9645805,39.9993717]]}},{"type":"Feature","properties":{"road_class":"secondary","highway":"secondary"},"geometry":{"type":"LineString","coordinates":[[45.9643399,39.998879],[45.9644367,39.999012]]}},{"type":"Feature","properties":{"road_class":"secondary","highway":"secondary"},"geometry":{"type":"LineString","coordinates":[[47.3845169,39.6046289],[47.38472,39.5997987],[47.3828986,39.5963998],[47.3835166,39.5834043],[47.385055,39.5819028]]}},{"type":"Feature","properties":{"road_class":"secondary","highway":"secondary"},"geometry":{"type":"LineString","coordinates":[[47.385055,39.5819028],[47.3855676,39.581548]]}},{"type":"Feature","properties":{"road_class":"secondary","highway":"secondary"},"geometry":{"type":"LineString","coordinates":[[46.9086167,39.9814712],[46.9084683,39.981109]]}},{"type":"Feature","properties":{"road_class":"secondary","highway":"secondary"},"geometry":{"type":"LineString","coordinates":[[49.8381283,40.4255628],[49.8383736,40.4255303]]}},{"type":"Feature","properties":{"road_class":"secondary","highway":"secondary"},"geometry":{"type":"LineString","coordinates":[[49.6520973,40.6059186],[49.6521763,40.605807]]}},{"type":"Feature","properties":{"road_class":"secondary","highway":"secondary"},"geometry":{"type":"LineString","coordinates":[[49.6492819,40.6062054],[49.6495028,40.6062578]]}},{"type":"Feature","properties":{"road_class":"secondary","highway":"secondary"},"geometry":{"type":"LineString","coordinates":[[49.9153109,40.4222665],[49.9154443,40.4221081]]}},{"type":"Feature","properties":{"road_class":"secondary","highway":"secondary"},"geometry":{"type":"LineString","coordinates":[[49.9144179,40.420137],[49.9114814,40.4187793]]}},{"type":"Feature","properties":{"road_class":"secondary","highway":"secondary"},"geometry":{"type":"LineString","coordinates":[[45.4059846,39.2204248],[45.4059995,39.2203574]]}},{"type":"Feature","properties":{"road_class":"secondary","highway":"secondary"},"geometry":{"type":"LineString","coordinates":[[46.787625,40.193567],[46.7865447,40.1895891],[46.7821137,40.1854152]]}},{"type":"Feature","properties":{"road_class":"secondary","highway":"secondary"},"geometry":{"type":"LineString","coordinates":[[48.9603849,39.5835368],[48.9605015,39.583573]]}},{"type":"Feature","properties":{"road_class":"secondary","highway":"secondary"},"geometry":{"type":"LineString","coordinates":[[47.0017267,40.2914299],[47.0240687,40.3018956],[47.0457216,40.3045203]]}},{"type":"Feature","properties":{"road_class":"secondary","highway":"secondary"},"geometry":{"type":"LineString","coordinates":[[49.8991575,40.452401],[49.8997568,40.4521279]]}},{"type":"Feature","properties":{"road_class":"secondary","highway":"secondary"},"geometry":{"type":"LineString","coordinates":[[49.8997568,40.4521279],[49.9000763,40.4521273],[49.9001555,40.4523629],[49.8997261,40.4524182],[49.8997568,40.4521279]]}},{"type":"Feature","properties":{"road_class":"secondary","highway":"secondary"},"geometry":{"type":"LineString","coordinates":[[48.4402736,40.0070594],[48.4396584,40.0074204]]}},{"type":"Feature","properties":{"road_class":"secondary","highway":"secondary"},"geometry":{"type":"LineString","coordinates":[[49.8915486,40.5514762],[49.8915319,40.5509866]]}},{"type":"Feature","properties":{"road_class":"secondary","highway":"secondary"},"geometry":{"type":"LineString","coordinates":[[48.6252632,40.6329041],[48.6226069,40.6332582]]}},{"type":"Feature","properties":{"road_class":"secondary","highway":"secondary"},"geometry":{"type":"LineString","coordinates":[[49.7910834,40.3749202],[49.7910373,40.3749826]]}},{"type":"Feature","properties":{"road_class":"secondary","highway":"secondary"},"geometry":{"type":"LineString","coordinates":[[48.6319509,40.632323],[48.632032,40.6322832]]}},{"type":"Feature","properties":{"road_class":"secondary","highway":"secondary"},"geometry":{"type":"LineString","coordinates":[[48.6302406,40.6320084],[48.632032,40.6322832]]}},{"type":"Feature","properties":{"road_class":"secondary","highway":"secondary"},"geometry":{"type":"LineString","coordinates":[[48.6319509,40.632323],[48.6302406,40.6320084]]}},{"type":"Feature","properties":{"road_class":"secondary","highway":"secondary"},"geometry":{"type":"LineString","coordinates":[[48.2924457,40.7481894],[48.2925251,40.748301]]}},{"type":"Feature","properties":{"road_class":"secondary","highway":"secondary"},"geometry":{"type":"LineString","coordinates":[[49.8036047,40.41324],[49.8037608,40.4132559]]}},{"type":"Feature","properties":{"road_class":"secondary","highway":"secondary"},"geometry":{"type":"LineString","coordinates":[[49.807896,40.3900186],[49.8089248,40.3913385]]}},{"type":"Feature","properties":{"road_class":"secondary","highway":"secondary"},"geometry":{"type":"LineString","coordinates":[[49.8143784,40.3970588],[49.8145543,40.3972408]]}},{"type":"Feature","properties":{"road_class":"secondary","highway":"secondary"},"geometry":{"type":"LineString","coordinates":[[49.8142953,40.3969722],[49.8143784,40.3970588]]}},{"type":"Feature","properties":{"road_class":"secondary","highway":"secondary"},"geometry":{"type":"LineString","coordinates":[[46.9121023,41.4227719],[46.9126779,41.423015]]}},{"type":"Feature","properties":{"road_class":"secondary","highway":"secondary"},"geometry":{"type":"LineString","coordinates":[[46.9118106,41.4234205],[46.9121023,41.4227719]]}},{"type":"Feature","properties":{"road_class":"secondary","highway":"secondary"},"geometry":{"type":"LineString","coordinates":[[46.9122601,41.4232109],[46.9120728,41.4231949],[46.9120613,41.4230538],[46.9122856,41.4230436],[46.9122601,41.4232109]]}},{"type":"Feature","properties":{"road_class":"secondary","highway":"secondary"},"geometry":{"type":"LineString","coordinates":[[46.9182293,41.419409],[46.9183489,41.4192141]]}},{"type":"Feature","properties":{"road_class":"secondary","highway":"secondary"},"geometry":{"type":"LineString","coordinates":[[46.4166898,41.7185974],[46.4170781,41.7190645]]}},{"type":"Feature","properties":{"road_class":"secondary","highway":"secondary"},"geometry":{"type":"LineString","coordinates":[[46.4170781,41.7190645],[46.4164328,41.7186844]]}},{"type":"Feature","properties":{"road_class":"secondary","highway":"secondary"},"geometry":{"type":"LineString","coordinates":[[49.8694376,40.4061321],[49.8695536,40.4059108]]}},{"type":"Feature","properties":{"road_class":"secondary","highway":"secondary"},"geometry":{"type":"LineString","coordinates":[[49.8617062,40.4052245],[49.8612774,40.4052423]]}},{"type":"Feature","properties":{"road_class":"secondary","highway":"secondary"},"geometry":{"type":"LineString","coordinates":[[49.80885,40.3796307],[49.8089369,40.3797468]]}},{"type":"Feature","properties":{"road_class":"secondary","highway":"secondary"},"geometry":{"type":"LineString","coordinates":[[49.2467599,39.3724714],[49.2476162,39.3743086]]}},{"type":"Feature","properties":{"road_class":"secondary","highway":"secondary"},"geometry":{"type":"LineString","coordinates":[[47.1783864,41.1994643],[47.1780568,41.1993849]]}},{"type":"Feature","properties":{"road_class":"secondary","highway":"secondary"},"geometry":{"type":"LineString","coordinates":[[47.1780865,41.1993792],[47.1779755,41.199358],[47.1779756,41.1992717],[47.1781313,41.1992816],[47.1780865,41.1993792]]}},{"type":"Feature","properties":{"road_class":"secondary","highway":"secondary"},"geometry":{"type":"LineString","coordinates":[[48.3381074,39.2352907],[48.3297935,39.2296602]]}},{"type":"Feature","properties":{"road_class":"secondary","highway":"secondary"},"geometry":{"type":"LineString","coordinates":[[47.4027559,39.5119245],[47.406043,39.5088677]]}},{"type":"Feature","properties":{"road_class":"secondary","highway":"secondary"},"geometry":{"type":"LineString","coordinates":[[47.4022784,39.5123383],[47.4027559,39.5119245]]}},{"type":"Feature","properties":{"road_class":"secondary","highway":"secondary"},"geometry":{"type":"LineString","coordinates":[[48.7867581,39.3581383],[48.7867992,39.3579744]]}},{"type":"Feature","properties":{"road_class":"secondary","highway":"secondary"},"geometry":{"type":"LineString","coordinates":[[46.6518332,41.6314349],[46.6519528,41.6312989]]}},{"type":"Feature","properties":{"road_class":"secondary","highway":"secondary"},"geometry":{"type":"LineString","coordinates":[[46.6517633,41.6315064],[46.6518332,41.6314349]]}},{"type":"Feature","properties":{"road_class":"secondary","highway":"secondary"},"geometry":{"type":"LineString","coordinates":[[47.4820677,40.3491269],[47.4766438,40.3559896]]}},{"type":"Feature","properties":{"road_class":"secondary","highway":"secondary"},"geometry":{"type":"LineString","coordinates":[[49.9762258,40.3927984],[49.9762351,40.3926476]]}},{"type":"Feature","properties":{"road_class":"secondary","highway":"secondary"},"geometry":{"type":"LineString","coordinates":[[49.6808858,40.5800621],[49.6809717,40.5800255]]}},{"type":"Feature","properties":{"road_class":"secondary","highway":"secondary"},"geometry":{"type":"LineString","coordinates":[[46.4125235,41.7256319],[46.4127013,41.7258105]]}},{"type":"Feature","properties":{"road_class":"secondary","highway":"secondary"},"geometry":{"type":"LineString","coordinates":[[48.809747,39.318023],[48.8098577,39.31782]]}},{"type":"Feature","properties":{"road_class":"secondary","highway":"secondary"},"geometry":{"type":"LineString","coordinates":[[49.8260351,40.3649877],[49.8261379,40.3647769]]}},{"type":"Feature","properties":{"road_class":"secondary","highway":"secondary"},"geometry":{"type":"LineString","coordinates":[[49.8132416,40.4059065],[49.8134699,40.4056496]]}},{"type":"Feature","properties":{"road_class":"secondary","highway":"secondary"},"geometry":{"type":"LineString","coordinates":[[49.8134699,40.4056496],[49.8137206,40.4056288]]}},{"type":"Feature","properties":{"road_class":"secondary","highway":"secondary"},"geometry":{"type":"LineString","coordinates":[[49.8137206,40.4056288],[49.8140163,40.4058421]]}},{"type":"Feature","properties":{"road_class":"secondary","highway":"secondary"},"geometry":{"type":"LineString","coordinates":[[49.8140163,40.4058421],[49.8138571,40.4061713]]}},{"type":"Feature","properties":{"road_class":"secondary","highway":"secondary"},"geometry":{"type":"LineString","coordinates":[[49.8134978,40.406204],[49.8132416,40.4059065]]}},{"type":"Feature","properties":{"road_class":"secondary","highway":"secondary"},"geometry":{"type":"LineString","coordinates":[[49.8138571,40.4061713],[49.8136827,40.4062209]]}},{"type":"Feature","properties":{"road_class":"secondary","highway":"secondary"},"geometry":{"type":"LineString","coordinates":[[49.8244696,40.4076571],[49.8250116,40.4082614]]}},{"type":"Feature","properties":{"road_class":"secondary","highway":"secondary"},"geometry":{"type":"LineString","coordinates":[[49.8242173,40.4072955],[49.8244696,40.4076571]]}},{"type":"Feature","properties":{"road_class":"secondary","highway":"secondary"},"geometry":{"type":"LineString","coordinates":[[49.8217124,40.4075479],[49.8233816,40.4079174]]}},{"type":"Feature","properties":{"road_class":"secondary","highway":"secondary"},"geometry":{"type":"LineString","coordinates":[[49.8233816,40.4079174],[49.8235171,40.4079246]]}},{"type":"Feature","properties":{"road_class":"secondary","highway":"secondary"},"geometry":{"type":"LineString","coordinates":[[49.8235171,40.4079246],[49.8239527,40.40792]]}},{"type":"Feature","properties":{"road_class":"secondary","highway":"secondary"},"geometry":{"type":"LineString","coordinates":[[49.8239527,40.40792],[49.8240648,40.4077758]]}},{"type":"Feature","properties":{"road_class":"secondary","highway":"secondary"},"geometry":{"type":"LineString","coordinates":[[49.8196415,40.4071042],[49.820888,40.4073744]]}},{"type":"Feature","properties":{"road_class":"secondary","highway":"secondary"},"geometry":{"type":"LineString","coordinates":[[49.820888,40.4073744],[49.8217124,40.4075479]]}},{"type":"Feature","properties":{"road_class":"secondary","highway":"secondary"},"geometry":{"type":"LineString","coordinates":[[49.8240648,40.4077758],[49.8235898,40.407207]]}},{"type":"Feature","properties":{"road_class":"secondary","highway":"secondary"},"geometry":{"type":"LineString","coordinates":[[49.8243774,40.4085074],[49.824311,40.4085048]]}},{"type":"Feature","properties":{"road_class":"secondary","highway":"secondary"},"geometry":{"type":"LineString","coordinates":[[49.824311,40.4085048],[49.8240687,40.4084887]]}},{"type":"Feature","properties":{"road_class":"secondary","highway":"secondary"},"geometry":{"type":"LineString","coordinates":[[49.8240687,40.4084887],[49.8235442,40.4083202]]}},{"type":"Feature","properties":{"road_class":"secondary","highway":"secondary"},"geometry":{"type":"LineString","coordinates":[[49.8235442,40.4083202],[49.8234812,40.4082703]]}},{"type":"Feature","properties":{"road_class":"secondary","highway":"secondary"},"geometry":{"type":"LineString","coordinates":[[49.8234812,40.4082703],[49.8215931,40.4078042]]}},{"type":"Feature","properties":{"road_class":"secondary","highway":"secondary"},"geometry":{"type":"LineString","coordinates":[[49.8215931,40.4078042],[49.8213716,40.4077563]]}},{"type":"Feature","properties":{"road_class":"secondary","highway":"secondary"},"geometry":{"type":"LineString","coordinates":[[49.8213716,40.4077563],[49.8207886,40.4076355]]}},{"type":"Feature","properties":{"road_class":"secondary","highway":"secondary"},"geometry":{"type":"LineString","coordinates":[[49.8207886,40.4076355],[49.8190025,40.4072316]]}},{"type":"Feature","properties":{"road_class":"secondary","highway":"secondary"},"geometry":{"type":"LineString","coordinates":[[49.8190025,40.4072316],[49.8182279,40.4070684]]}},{"type":"Feature","properties":{"road_class":"secondary","highway":"secondary"},"geometry":{"type":"LineString","coordinates":[[49.8182279,40.4070684],[49.8166001,40.4067241]]}},{"type":"Feature","properties":{"road_class":"secondary","highway":"secondary"},"geometry":{"type":"LineString","coordinates":[[49.8166001,40.4067241],[49.8158915,40.4065775]]}},{"type":"Feature","properties":{"road_class":"secondary","highway":"secondary"},"geometry":{"type":"LineString","coordinates":[[49.8158915,40.4065775],[49.8147296,40.4063199]]}},{"type":"Feature","properties":{"road_class":"secondary","highway":"secondary"},"geometry":{"type":"LineString","coordinates":[[49.8147296,40.4063199],[49.8138571,40.4061713]]}},{"type":"Feature","properties":{"road_class":"secondary","highway":"secondary"},"geometry":{"type":"LineString","coordinates":[[49.8328483,40.4104068],[49.8314271,40.4101099]]}},{"type":"Feature","properties":{"road_class":"secondary","highway":"secondary"},"geometry":{"type":"LineString","coordinates":[[49.8458696,40.4128496],[49.8460444,40.4128842]]}},{"type":"Feature","properties":{"road_class":"secondary","highway":"secondary"},"geometry":{"type":"LineString","coordinates":[[49.8140972,40.405475],[49.814281,40.4053685]]}},{"type":"Feature","properties":{"road_class":"secondary","highway":"secondary"},"geometry":{"type":"LineString","coordinates":[[49.814281,40.4053685],[49.8146234,40.4051768]]}},{"type":"Feature","properties":{"road_class":"secondary","highway":"secondary"},"geometry":{"type":"LineString","coordinates":[[49.8146234,40.4051768],[49.8149524,40.4049901]]}},{"type":"Feature","properties":{"road_class":"secondary","highway":"secondary"},"geometry":{"type":"LineString","coordinates":[[49.8149524,40.4049901],[49.8152026,40.4048482]]}},{"type":"Feature","properties":{"road_class":"secondary","highway":"secondary"},"geometry":{"type":"LineString","coordinates":[[49.8152026,40.4048482],[49.8154003,40.4047361]]}},{"type":"Feature","properties":{"road_class":"secondary","highway":"secondary"},"geometry":{"type":"LineString","coordinates":[[49.8154003,40.4047361],[49.8160996,40.404339]]}},{"type":"Feature","properties":{"road_class":"secondary","highway":"secondary"},"geometry":{"type":"LineString","coordinates":[[49.8160996,40.404339],[49.8161767,40.4042955]]}},{"type":"Feature","properties":{"road_class":"secondary","highway":"secondary"},"geometry":{"type":"LineString","coordinates":[[49.8161767,40.4042955],[49.8168523,40.4039123]]}},{"type":"Feature","properties":{"road_class":"secondary","highway":"secondary"},"geometry":{"type":"LineString","coordinates":[[49.8168523,40.4039123],[49.817564,40.4035127]]}},{"type":"Feature","properties":{"road_class":"secondary","highway":"secondary"},"geometry":{"type":"LineString","coordinates":[[49.817564,40.4035127],[49.8180928,40.4032236]]}},{"type":"Feature","properties":{"road_class":"secondary","highway":"secondary"},"geometry":{"type":"LineString","coordinates":[[49.8180928,40.4032236],[49.8186016,40.4029437]]}},{"type":"Feature","properties":{"road_class":"secondary","highway":"secondary"},"geometry":{"type":"LineString","coordinates":[[49.8186016,40.4029437],[49.8186954,40.4028935]]}},{"type":"Feature","properties":{"road_class":"secondary","highway":"secondary"},"geometry":{"type":"LineString","coordinates":[[49.8186954,40.4028935],[49.8188026,40.4028379]]}},{"type":"Feature","properties":{"road_class":"secondary","highway":"secondary"},"geometry":{"type":"LineString","coordinates":[[49.8188026,40.4028379],[49.8190416,40.4024693]]}},{"type":"Feature","properties":{"road_class":"secondary","highway":"secondary"},"geometry":{"type":"LineString","coordinates":[[49.8696493,40.4059523],[49.8694376,40.4061321]]}},{"type":"Feature","properties":{"road_class":"secondary","highway":"secondary"},"geometry":{"type":"LineString","coordinates":[[49.8147839,40.3974749],[49.8150375,40.3977329]]}},{"type":"Feature","properties":{"road_class":"secondary","highway":"secondary"},"geometry":{"type":"LineString","coordinates":[[49.8150375,40.3977329],[49.8157431,40.3984613]]}},{"type":"Feature","properties":{"road_class":"secondary","highway":"secondary"},"geometry":{"type":"LineString","coordinates":[[49.8157431,40.3984613],[49.816412,40.3991679]]}},{"type":"Feature","properties":{"road_class":"secondary","highway":"secondary"},"geometry":{"type":"LineString","coordinates":[[49.816412,40.3991679],[49.8171461,40.3999524]]}},{"type":"Feature","properties":{"road_class":"secondary","highway":"secondary"},"geometry":{"type":"LineString","coordinates":[[49.8171461,40.3999524],[49.8174258,40.4002436]]}},{"type":"Feature","properties":{"road_class":"secondary","highway":"secondary"},"geometry":{"type":"LineString","coordinates":[[49.8174258,40.4002436],[49.8175023,40.4003233]]}},{"type":"Feature","properties":{"road_class":"secondary","highway":"secondary"},"geometry":{"type":"LineString","coordinates":[[49.8175023,40.4003233],[49.8176781,40.4005065]]}},{"type":"Feature","properties":{"road_class":"secondary","highway":"secondary"},"geometry":{"type":"LineString","coordinates":[[49.8176781,40.4005065],[49.8178312,40.4006662]]}},{"type":"Feature","properties":{"road_class":"secondary","highway":"secondary"},"geometry":{"type":"LineString","coordinates":[[49.8178312,40.4006662],[49.818119,40.4009663]]}},{"type":"Feature","properties":{"road_class":"secondary","highway":"secondary"},"geometry":{"type":"LineString","coordinates":[[49.8189852,40.402409],[49.8175291,40.4008231]]}},{"type":"Feature","properties":{"road_class":"secondary","highway":"secondary"},"geometry":{"type":"LineString","coordinates":[[49.8175291,40.4008231],[49.8173216,40.4006073]]}},{"type":"Feature","properties":{"road_class":"secondary","highway":"secondary"},"geometry":{"type":"LineString","coordinates":[[49.8173216,40.4006073],[49.8172087,40.4004849]]}},{"type":"Feature","properties":{"road_class":"secondary","highway":"secondary"},"geometry":{"type":"LineString","coordinates":[[49.8172087,40.4004849],[49.8161303,40.3993562]]}},{"type":"Feature","properties":{"road_class":"secondary","highway":"secondary"},"geometry":{"type":"LineString","coordinates":[[49.8161303,40.3993562],[49.8156079,40.3988167]]}},{"type":"Feature","properties":{"road_class":"secondary","highway":"secondary"},"geometry":{"type":"LineString","coordinates":[[49.8156079,40.3988167],[49.8144993,40.3976657]]}},{"type":"Feature","properties":{"road_class":"secondary","highway":"secondary"},"geometry":{"type":"LineString","coordinates":[[49.8144993,40.3976657],[49.8143265,40.3975119]]}},{"type":"Feature","properties":{"road_class":"secondary","highway":"secondary"},"geometry":{"type":"LineString","coordinates":[[49.8143265,40.3975119],[49.8137749,40.3975631]]}},{"type":"Feature","properties":{"road_class":"secondary","highway":"secondary"},"geometry":{"type":"LineString","coordinates":[[49.8224664,40.4053829],[49.8234449,40.4063764]]}},{"type":"Feature","properties":{"road_class":"secondary","highway":"secondary"},"geometry":{"type":"LineString","coordinates":[[49.8451863,40.4130257],[49.8442468,40.412833]]}},{"type":"Feature","properties":{"road_class":"secondary","highway":"secondary"},"geometry":{"type":"LineString","coordinates":[[49.8442468,40.412833],[49.8430994,40.4125808]]}},{"type":"Feature","properties":{"road_class":"secondary","highway":"secondary"},"geometry":{"type":"LineString","coordinates":[[49.8430994,40.4125808],[49.8421895,40.4123824]]}},{"type":"Feature","properties":{"road_class":"secondary","highway":"secondary"},"geometry":{"type":"LineString","coordinates":[[49.8421895,40.4123824],[49.8415079,40.4122297]]}},{"type":"Feature","properties":{"road_class":"secondary","highway":"secondary"},"geometry":{"type":"LineString","coordinates":[[49.8415079,40.4122297],[49.8405837,40.4120286]]}},{"type":"Feature","properties":{"road_class":"secondary","highway":"secondary"},"geometry":{"type":"LineString","coordinates":[[49.8405837,40.4120286],[49.8400345,40.4119139]]}},{"type":"Feature","properties":{"road_class":"secondary","highway":"secondary"},"geometry":{"type":"LineString","coordinates":[[49.8400345,40.4119139],[49.8391435,40.411721]]}},{"type":"Feature","properties":{"road_class":"secondary","highway":"secondary"},"geometry":{"type":"LineString","coordinates":[[49.8391435,40.411721],[49.8387414,40.4116343]]}},{"type":"Feature","properties":{"road_class":"secondary","highway":"secondary"},"geometry":{"type":"LineString","coordinates":[[49.8387414,40.4116343],[49.837947,40.411462]]}},{"type":"Feature","properties":{"road_class":"secondary","highway":"secondary"},"geometry":{"type":"LineString","coordinates":[[49.837947,40.411462],[49.8357388,40.4110131]]}},{"type":"Feature","properties":{"road_class":"secondary","highway":"secondary"},"geometry":{"type":"LineString","coordinates":[[49.8358347,40.4069802],[49.8358084,40.4071062]]}},{"type":"Feature","properties":{"road_class":"secondary","highway":"secondary"},"geometry":{"type":"LineString","coordinates":[[49.8358084,40.4071062],[49.8351995,40.4088314]]}},{"type":"Feature","properties":{"road_class":"secondary","highway":"secondary"},"geometry":{"type":"LineString","coordinates":[[49.8404891,40.4116944],[49.8407675,40.4117448]]}},{"type":"Feature","properties":{"road_class":"secondary","highway":"secondary"},"geometry":{"type":"LineString","coordinates":[[49.8407675,40.4117448],[49.8419721,40.4120023]]}},{"type":"Feature","properties":{"road_class":"secondary","highway":"secondary"},"geometry":{"type":"LineString","coordinates":[[49.8419721,40.4120023],[49.8431399,40.4122585]]}},{"type":"Feature","properties":{"road_class":"secondary","highway":"secondary"},"geometry":{"type":"LineString","coordinates":[[49.8431399,40.4122585],[49.8452693,40.4127193]]}},{"type":"Feature","properties":{"road_class":"secondary","highway":"secondary"},"geometry":{"type":"LineString","coordinates":[[49.8377017,40.4110962],[49.8385919,40.4112782]]}},{"type":"Feature","properties":{"road_class":"secondary","highway":"secondary"},"geometry":{"type":"LineString","coordinates":[[49.8385919,40.4112782],[49.8393649,40.4114379]]}},{"type":"Feature","properties":{"road_class":"secondary","highway":"secondary"},"geometry":{"type":"LineString","coordinates":[[49.8393649,40.4114379],[49.8404891,40.4116944]]}},{"type":"Feature","properties":{"road_class":"secondary","highway":"secondary"},"geometry":{"type":"LineString","coordinates":[[49.8452693,40.4127193],[49.8457657,40.4128297]]}},{"type":"Feature","properties":{"road_class":"secondary","highway":"secondary"},"geometry":{"type":"LineString","coordinates":[[49.8554305,40.4152401],[49.8535696,40.4148364]]}},{"type":"Feature","properties":{"road_class":"secondary","highway":"secondary"},"geometry":{"type":"LineString","coordinates":[[49.8535696,40.4148364],[49.8529715,40.4147035]]}},{"type":"Feature","properties":{"road_class":"secondary","highway":"secondary"},"geometry":{"type":"LineString","coordinates":[[49.8529715,40.4147035],[49.8500796,40.4140964]]}},{"type":"Feature","properties":{"road_class":"secondary","highway":"secondary"},"geometry":{"type":"LineString","coordinates":[[49.8500796,40.4140964],[49.8497417,40.4140196]]}},{"type":"Feature","properties":{"road_class":"secondary","highway":"secondary"},"geometry":{"type":"LineString","coordinates":[[49.8497417,40.4140196],[49.8484675,40.413749]]}},{"type":"Feature","properties":{"road_class":"secondary","highway":"secondary"},"geometry":{"type":"LineString","coordinates":[[49.8484675,40.413749],[49.8475618,40.4135545]]}},{"type":"Feature","properties":{"road_class":"secondary","highway":"secondary"},"geometry":{"type":"LineString","coordinates":[[49.8475618,40.4135545],[49.8474547,40.4135288]]}},{"type":"Feature","properties":{"road_class":"secondary","highway":"secondary"},"geometry":{"type":"LineString","coordinates":[[49.8474547,40.4135288],[49.8465155,40.4135668]]}},{"type":"Feature","properties":{"road_class":"secondary","highway":"secondary"},"geometry":{"type":"LineString","coordinates":[[49.8582044,40.4159771],[49.8575381,40.4157555]]}},{"type":"Feature","properties":{"road_class":"secondary","highway":"secondary"},"geometry":{"type":"LineString","coordinates":[[49.8575381,40.4157555],[49.8574666,40.4157343]]}},{"type":"Feature","properties":{"road_class":"secondary","highway":"secondary"},"geometry":{"type":"LineString","coordinates":[[49.8574666,40.4157343],[49.8566193,40.4155095]]}},{"type":"Feature","properties":{"road_class":"secondary","highway":"secondary"},"geometry":{"type":"LineString","coordinates":[[49.8566193,40.4155095],[49.855705,40.4153011]]}},{"type":"Feature","properties":{"road_class":"secondary","highway":"secondary"},"geometry":{"type":"LineString","coordinates":[[49.855705,40.4153011],[49.8554305,40.4152401]]}},{"type":"Feature","properties":{"road_class":"secondary","highway":"secondary"},"geometry":{"type":"LineString","coordinates":[[49.7960331,40.3787217],[49.7958812,40.3786704]]}},{"type":"Feature","properties":{"road_class":"secondary","highway":"secondary"},"geometry":{"type":"LineString","coordinates":[[49.7958812,40.3786704],[49.7960336,40.3785636]]}},{"type":"Feature","properties":{"road_class":"secondary","highway":"secondary"},"geometry":{"type":"LineString","coordinates":[[49.7960336,40.3785636],[49.7960877,40.3786016]]}},{"type":"Feature","properties":{"road_class":"secondary","highway":"secondary"},"geometry":{"type":"LineString","coordinates":[[49.8036895,40.411156],[49.8036306,40.4112485]]}},{"type":"Feature","properties":{"road_class":"secondary","highway":"secondary"},"geometry":{"type":"LineString","coordinates":[[49.8040936,40.410648],[49.8037501,40.4110613]]}},{"type":"Feature","properties":{"road_class":"secondary","highway":"secondary"},"geometry":{"type":"LineString","coordinates":[[49.8037501,40.4110613],[49.8036895,40.411156]]}},{"type":"Feature","properties":{"road_class":"secondary","highway":"secondary"},"geometry":{"type":"LineString","coordinates":[[49.87865,40.4011596],[49.8782732,40.4009399]]}},{"type":"Feature","properties":{"road_class":"secondary","highway":"secondary"},"geometry":{"type":"LineString","coordinates":[[49.8782732,40.4009399],[49.8767539,40.4000493]]}},{"type":"Feature","properties":{"road_class":"secondary","highway":"secondary"},"geometry":{"type":"LineString","coordinates":[[49.8767539,40.4000493],[49.8761229,40.3996511]]}},{"type":"Feature","properties":{"road_class":"secondary","highway":"secondary"},"geometry":{"type":"LineString","coordinates":[[49.8761229,40.3996511],[49.875344,40.3991954]]}},{"type":"Feature","properties":{"road_class":"secondary","highway":"secondary"},"geometry":{"type":"LineString","coordinates":[[49.875344,40.3991954],[49.8750743,40.3990305]]}},{"type":"Feature","properties":{"road_class":"secondary","highway":"secondary"},"geometry":{"type":"LineString","coordinates":[[49.8750743,40.3990305],[49.8744457,40.3986463]]}},{"type":"Feature","properties":{"road_class":"secondary","highway":"secondary"},"geometry":{"type":"LineString","coordinates":[[49.8744457,40.3986463],[49.8733774,40.398009]]}},{"type":"Feature","properties":{"road_class":"secondary","highway":"secondary"},"geometry":{"type":"LineString","coordinates":[[49.8733774,40.398009],[49.8726303,40.3975379]]}},{"type":"Feature","properties":{"road_class":"secondary","highway":"secondary"},"geometry":{"type":"LineString","coordinates":[[49.8726303,40.3975379],[49.8718648,40.3970552]]}},{"type":"Feature","properties":{"road_class":"secondary","highway":"secondary"},"geometry":{"type":"LineString","coordinates":[[49.8718648,40.3970552],[49.8707459,40.3963883]]}},{"type":"Feature","properties":{"road_class":"secondary","highway":"secondary"},"geometry":{"type":"LineString","coordinates":[[49.8707459,40.3963883],[49.8688247,40.3952476]]}},{"type":"Feature","properties":{"road_class":"secondary","highway":"secondary"},"geometry":{"type":"LineString","coordinates":[[49.8688247,40.3952476],[49.8679934,40.3945796]]}},{"type":"Feature","properties":{"road_class":"secondary","highway":"secondary"},"geometry":{"type":"LineString","coordinates":[[49.8679934,40.3945796],[49.8670786,40.392691]]}},{"type":"Feature","properties":{"road_class":"secondary","highway":"secondary"},"geometry":{"type":"LineString","coordinates":[[49.9206321,40.4151272],[49.9209663,40.4148116]]}},{"type":"Feature","properties":{"road_class":"secondary","highway":"secondary"},"geometry":{"type":"LineString","coordinates":[[49.9209663,40.4148116],[49.9210932,40.4147867]]}},{"type":"Feature","properties":{"road_class":"secondary","highway":"secondary"},"geometry":{"type":"LineString","coordinates":[[49.9210932,40.4147867],[49.92166,40.4150354]]}},{"type":"Feature","properties":{"road_class":"secondary","highway":"secondary"},"geometry":{"type":"LineString","coordinates":[[49.92166,40.4150354],[49.9214061,40.4155584]]}},{"type":"Feature","properties":{"road_class":"secondary","highway":"secondary"},"geometry":{"type":"LineString","coordinates":[[49.9214061,40.4155584],[49.9206335,40.4152648]]}},{"type":"Feature","properties":{"road_class":"secondary","highway":"secondary"},"geometry":{"type":"LineString","coordinates":[[49.9169741,40.4202527],[49.9171954,40.4201179]]}},{"type":"Feature","properties":{"road_class":"secondary","highway":"secondary"},"geometry":{"type":"LineString","coordinates":[[49.9171954,40.4201179],[49.9182101,40.4188551]]}},{"type":"Feature","properties":{"road_class":"secondary","highway":"secondary"},"geometry":{"type":"LineString","coordinates":[[49.9081218,40.4167545],[49.9083657,40.4168722]]}},{"type":"Feature","properties":{"road_class":"secondary","highway":"secondary"},"geometry":{"type":"LineString","coordinates":[[49.9083657,40.4168722],[49.9109198,40.4180765]]}},{"type":"Feature","properties":{"road_class":"secondary","highway":"secondary"},"geometry":{"type":"LineString","coordinates":[[49.9109198,40.4180765],[49.9117185,40.4184574]]}},{"type":"Feature","properties":{"road_class":"secondary","highway":"secondary"},"geometry":{"type":"LineString","coordinates":[[49.9117185,40.4184574],[49.9125236,40.4188359]]}},{"type":"Feature","properties":{"road_class":"secondary","highway":"secondary"},"geometry":{"type":"LineString","coordinates":[[49.9125236,40.4188359],[49.9127844,40.4189619]]}},{"type":"Feature","properties":{"road_class":"secondary","highway":"secondary"},"geometry":{"type":"LineString","coordinates":[[49.9127844,40.4189619],[49.9139238,40.4194846]]}},{"type":"Feature","properties":{"road_class":"secondary","highway":"secondary"},"geometry":{"type":"LineString","coordinates":[[49.9139238,40.4194846],[49.9146817,40.4198486]]}},{"type":"Feature","properties":{"road_class":"secondary","highway":"secondary"},"geometry":{"type":"LineString","coordinates":[[49.9146817,40.4198486],[49.9147592,40.4198878]]}},{"type":"Feature","properties":{"road_class":"secondary","highway":"secondary"},"geometry":{"type":"LineString","coordinates":[[49.9147592,40.4198878],[49.914917,40.4199652]]}},{"type":"Feature","properties":{"road_class":"secondary","highway":"secondary"},"geometry":{"type":"LineString","coordinates":[[49.914917,40.4199652],[49.9151569,40.420076]]}},{"type":"Feature","properties":{"road_class":"secondary","highway":"secondary"},"geometry":{"type":"LineString","coordinates":[[49.9103104,40.4213734],[49.910392,40.4219296]]}},{"type":"Feature","properties":{"road_class":"secondary","highway":"secondary"},"geometry":{"type":"LineString","coordinates":[[49.910392,40.4219296],[49.9097114,40.4217241]]}},{"type":"Feature","properties":{"road_class":"secondary","highway":"secondary"},"geometry":{"type":"LineString","coordinates":[[49.9130614,40.4227606],[49.9140973,40.4232681]]}},{"type":"Feature","properties":{"road_class":"secondary","highway":"secondary"},"geometry":{"type":"LineString","coordinates":[[49.9140973,40.4232681],[49.9146393,40.4235759]]}},{"type":"Feature","properties":{"road_class":"secondary","highway":"secondary"},"geometry":{"type":"LineString","coordinates":[[49.9097903,40.4219286],[49.9097114,40.4217241]]}},{"type":"Feature","properties":{"road_class":"secondary","highway":"secondary"},"geometry":{"type":"LineString","coordinates":[[49.8591284,40.4159598],[49.8596953,40.4162164]]}},{"type":"Feature","properties":{"road_class":"secondary","highway":"secondary"},"geometry":{"type":"LineString","coordinates":[[49.8596953,40.4162164],[49.8621775,40.4173491]]}},{"type":"Feature","properties":{"road_class":"secondary","highway":"secondary"},"geometry":{"type":"LineString","coordinates":[[49.8621775,40.4173491],[49.8622681,40.4173957]]}},{"type":"Feature","properties":{"road_class":"secondary","highway":"secondary"},"geometry":{"type":"LineString","coordinates":[[49.8622681,40.4173957],[49.863138,40.4177841]]}},{"type":"Feature","properties":{"road_class":"secondary","highway":"secondary"},"geometry":{"type":"LineString","coordinates":[[49.863138,40.4177841],[49.863236,40.4178273]]}},{"type":"Feature","properties":{"road_class":"secondary","highway":"secondary"},"geometry":{"type":"LineString","coordinates":[[49.863236,40.4178273],[49.8637214,40.4180414]]}},{"type":"Feature","properties":{"road_class":"secondary","highway":"secondary"},"geometry":{"type":"LineString","coordinates":[[49.8637214,40.4180414],[49.8638621,40.4181034]]}},{"type":"Feature","properties":{"road_class":"secondary","highway":"secondary"},"geometry":{"type":"LineString","coordinates":[[49.8638621,40.4181034],[49.8647664,40.4184888]]}},{"type":"Feature","properties":{"road_class":"secondary","highway":"secondary"},"geometry":{"type":"LineString","coordinates":[[49.9150987,40.4225332],[49.9153109,40.4222665]]}},{"type":"Feature","properties":{"road_class":"secondary","highway":"secondary"},"geometry":{"type":"LineString","coordinates":[[49.8728256,40.422327],[49.8739933,40.422856]]}},{"type":"Feature","properties":{"road_class":"secondary","highway":"secondary"},"geometry":{"type":"LineString","coordinates":[[49.8739933,40.422856],[49.875599,40.4235693]]}},{"type":"Feature","properties":{"road_class":"secondary","highway":"secondary"},"geometry":{"type":"LineString","coordinates":[[49.875599,40.4235693],[49.8767452,40.4241054]]}},{"type":"Feature","properties":{"road_class":"secondary","highway":"secondary"},"geometry":{"type":"LineString","coordinates":[[49.8767452,40.4241054],[49.8781651,40.4247667]]}},{"type":"Feature","properties":{"road_class":"secondary","highway":"secondary"},"geometry":{"type":"LineString","coordinates":[[49.8781651,40.4247667],[49.8783862,40.4248687]]}},{"type":"Feature","properties":{"road_class":"secondary","highway":"secondary"},"geometry":{"type":"LineString","coordinates":[[49.8783862,40.4248687],[49.8803958,40.4258001]]}},{"type":"Feature","properties":{"road_class":"secondary","highway":"secondary"},"geometry":{"type":"LineString","coordinates":[[49.8803958,40.4258001],[49.8814264,40.4262611]]}},{"type":"Feature","properties":{"road_class":"secondary","highway":"secondary"},"geometry":{"type":"LineString","coordinates":[[49.8814264,40.4262611],[49.8820496,40.426545]]}},{"type":"Feature","properties":{"road_class":"secondary","highway":"secondary"},"geometry":{"type":"LineString","coordinates":[[49.8820496,40.426545],[49.8827442,40.4268646]]}},{"type":"Feature","properties":{"road_class":"secondary","highway":"secondary"},"geometry":{"type":"LineString","coordinates":[[49.8827442,40.4268646],[49.883429,40.4271946]]}},{"type":"Feature","properties":{"road_class":"secondary","highway":"secondary"},"geometry":{"type":"LineString","coordinates":[[49.790782,40.3754141],[49.7906617,40.3757426]]}},{"type":"Feature","properties":{"road_class":"secondary","highway":"secondary"},"geometry":{"type":"LineString","coordinates":[[49.7906617,40.3757426],[49.7903572,40.3765508]]}},{"type":"Feature","properties":{"road_class":"secondary","highway":"secondary"},"geometry":{"type":"LineString","coordinates":[[49.7910373,40.3749826],[49.790782,40.3754141]]}},{"type":"Feature","properties":{"road_class":"secondary","highway":"secondary"},"geometry":{"type":"LineString","coordinates":[[49.8633823,40.4182702],[49.862468,40.4178511]]}},{"type":"Feature","properties":{"road_class":"secondary","highway":"secondary"},"geometry":{"type":"LineString","coordinates":[[49.862468,40.4178511],[49.8594456,40.4164808]]}},{"type":"Feature","properties":{"road_class":"secondary","highway":"secondary"},"geometry":{"type":"LineString","coordinates":[[49.8594456,40.4164808],[49.8588864,40.4162424]]}},{"type":"Feature","properties":{"road_class":"secondary","highway":"secondary"},"geometry":{"type":"LineString","coordinates":[[49.7908692,40.3748583],[49.7908992,40.3740701]]}},{"type":"Feature","properties":{"road_class":"secondary","highway":"secondary"},"geometry":{"type":"LineString","coordinates":[[49.7910792,40.374837],[49.7910834,40.3749202]]}},{"type":"Feature","properties":{"road_class":"secondary","highway":"secondary"},"geometry":{"type":"LineString","coordinates":[[49.7910834,40.3749202],[49.7909575,40.3749675]]}},{"type":"Feature","properties":{"road_class":"secondary","highway":"secondary"},"geometry":{"type":"LineString","coordinates":[[49.7909575,40.3749675],[49.7908692,40.3748583]]}},{"type":"Feature","properties":{"road_class":"secondary","highway":"secondary"},"geometry":{"type":"LineString","coordinates":[[49.8812732,40.4265827],[49.8800899,40.426032]]}},{"type":"Feature","properties":{"road_class":"secondary","highway":"secondary"},"geometry":{"type":"LineString","coordinates":[[49.8800899,40.426032],[49.8779588,40.4250079]]}},{"type":"Feature","properties":{"road_class":"secondary","highway":"secondary"},"geometry":{"type":"LineString","coordinates":[[49.8779588,40.4250079],[49.8770336,40.4245756]]}},{"type":"Feature","properties":{"road_class":"secondary","highway":"secondary"},"geometry":{"type":"LineString","coordinates":[[49.8770336,40.4245756],[49.8765319,40.4243328]]}},{"type":"Feature","properties":{"road_class":"secondary","highway":"secondary"},"geometry":{"type":"LineString","coordinates":[[49.8765319,40.4243328],[49.8756702,40.4239444]]}},{"type":"Feature","properties":{"road_class":"secondary","highway":"secondary"},"geometry":{"type":"LineString","coordinates":[[49.8756702,40.4239444],[49.8737955,40.4231422]]}},{"type":"Feature","properties":{"road_class":"secondary","highway":"secondary"},"geometry":{"type":"LineString","coordinates":[[49.8737955,40.4231422],[49.8700268,40.4215011]]}},{"type":"Feature","properties":{"road_class":"secondary","highway":"secondary"},"geometry":{"type":"LineString","coordinates":[[49.8136282,40.3967618],[49.8126238,40.3957323]]}},{"type":"Feature","properties":{"road_class":"secondary","highway":"secondary"},"geometry":{"type":"LineString","coordinates":[[49.8126238,40.3957323],[49.8119184,40.3949743]]}},{"type":"Feature","properties":{"road_class":"secondary","highway":"secondary"},"geometry":{"type":"LineString","coordinates":[[49.8119184,40.3949743],[49.8117593,40.3948181]]}},{"type":"Feature","properties":{"road_class":"secondary","highway":"secondary"},"geometry":{"type":"LineString","coordinates":[[49.8117593,40.3948181],[49.8109931,40.3939795]]}},{"type":"Feature","properties":{"road_class":"secondary","highway":"secondary"},"geometry":{"type":"LineString","coordinates":[[49.8109931,40.3939795],[49.8108003,40.3937168]]}},{"type":"Feature","properties":{"road_class":"secondary","highway":"secondary"},"geometry":{"type":"LineString","coordinates":[[49.8139033,40.3970472],[49.8136282,40.3967618]]}},{"type":"Feature","properties":{"road_class":"secondary","highway":"secondary"},"geometry":{"type":"LineString","coordinates":[[49.8089248,40.3913385],[49.809451,40.3919041]]}},{"type":"Feature","properties":{"road_class":"secondary","highway":"secondary"},"geometry":{"type":"LineString","coordinates":[[49.809451,40.3919041],[49.8095407,40.392]]}},{"type":"Feature","properties":{"road_class":"secondary","highway":"secondary"},"geometry":{"type":"LineString","coordinates":[[49.8095407,40.392],[49.8100277,40.3925122]]}},{"type":"Feature","properties":{"road_class":"secondary","highway":"secondary"},"geometry":{"type":"LineString","coordinates":[[49.8100277,40.3925122],[49.8108686,40.3933962]]}},{"type":"Feature","properties":{"road_class":"secondary","highway":"secondary"},"geometry":{"type":"LineString","coordinates":[[49.8108686,40.3933962],[49.8112647,40.393819]]}},{"type":"Feature","properties":{"road_class":"secondary","highway":"secondary"},"geometry":{"type":"LineString","coordinates":[[49.8112647,40.393819],[49.8114796,40.3940425]]}},{"type":"Feature","properties":{"road_class":"secondary","highway":"secondary"},"geometry":{"type":"LineString","coordinates":[[49.8114796,40.3940425],[49.8124504,40.3950541]]}},{"type":"Feature","properties":{"road_class":"secondary","highway":"secondary"},"geometry":{"type":"LineString","coordinates":[[49.8124504,40.3950541],[49.813703,40.3963381]]}},{"type":"Feature","properties":{"road_class":"secondary","highway":"secondary"},"geometry":{"type":"LineString","coordinates":[[49.813703,40.3963381],[49.8139376,40.3965993]]}},{"type":"Feature","properties":{"road_class":"secondary","highway":"secondary"},"geometry":{"type":"LineString","coordinates":[[49.8139376,40.3965993],[49.8142953,40.3969722]]}},{"type":"Feature","properties":{"road_class":"secondary","highway":"secondary"},"geometry":{"type":"LineString","coordinates":[[49.8694595,40.3951966],[49.8700995,40.3955746]]}},{"type":"Feature","properties":{"road_class":"secondary","highway":"secondary"},"geometry":{"type":"LineString","coordinates":[[49.8700995,40.3955746],[49.8714005,40.3963433]]}},{"type":"Feature","properties":{"road_class":"secondary","highway":"secondary"},"geometry":{"type":"LineString","coordinates":[[49.8714005,40.3963433],[49.871642,40.3964878]]}},{"type":"Feature","properties":{"road_class":"secondary","highway":"secondary"},"geometry":{"type":"LineString","coordinates":[[49.8348758,40.4114683],[49.8346893,40.4109304]]}},{"type":"Feature","properties":{"road_class":"secondary","highway":"secondary"},"geometry":{"type":"LineString","coordinates":[[49.8352413,40.4114179],[49.8353157,40.4118142]]}},{"type":"Feature","properties":{"road_class":"secondary","highway":"secondary"},"geometry":{"type":"LineString","coordinates":[[49.8353157,40.4118142],[49.8355687,40.4130709]]}},{"type":"Feature","properties":{"road_class":"secondary","highway":"secondary"},"geometry":{"type":"LineString","coordinates":[[49.8355687,40.4130709],[49.8355476,40.4135142]]}},{"type":"Feature","properties":{"road_class":"secondary","highway":"secondary"},"geometry":{"type":"LineString","coordinates":[[49.8352624,40.4107676],[49.8352192,40.4109044]]}},{"type":"Feature","properties":{"road_class":"secondary","highway":"secondary"},"geometry":{"type":"LineString","coordinates":[[49.8352192,40.4109044],[49.8352413,40.4114179]]}},{"type":"Feature","properties":{"road_class":"secondary","highway":"secondary"},"geometry":{"type":"LineString","coordinates":[[49.8476216,40.4132334],[49.849372,40.4136154]]}},{"type":"Feature","properties":{"road_class":"secondary","highway":"secondary"},"geometry":{"type":"LineString","coordinates":[[49.849372,40.4136154],[49.8495979,40.4136558]]}},{"type":"Feature","properties":{"road_class":"secondary","highway":"secondary"},"geometry":{"type":"LineString","coordinates":[[49.8495979,40.4136558],[49.8508931,40.4139462]]}},{"type":"Feature","properties":{"road_class":"secondary","highway":"secondary"},"geometry":{"type":"LineString","coordinates":[[49.8508931,40.4139462],[49.8530648,40.4144022]]}},{"type":"Feature","properties":{"road_class":"secondary","highway":"secondary"},"geometry":{"type":"LineString","coordinates":[[49.8530648,40.4144022],[49.8544726,40.4146919]]}},{"type":"Feature","properties":{"road_class":"secondary","highway":"secondary"},"geometry":{"type":"LineString","coordinates":[[49.8544726,40.4146919],[49.8547562,40.4147519]]}},{"type":"Feature","properties":{"road_class":"secondary","highway":"secondary"},"geometry":{"type":"LineString","coordinates":[[49.8547562,40.4147519],[49.8553693,40.4148815]]}},{"type":"Feature","properties":{"road_class":"secondary","highway":"secondary"},"geometry":{"type":"LineString","coordinates":[[49.8553693,40.4148815],[49.8557559,40.4149674]]}},{"type":"Feature","properties":{"road_class":"secondary","highway":"secondary"},"geometry":{"type":"LineString","coordinates":[[49.8557559,40.4149674],[49.8577544,40.4154524]]}},{"type":"Feature","properties":{"road_class":"secondary","highway":"secondary"},"geometry":{"type":"LineString","coordinates":[[49.8577544,40.4154524],[49.8577875,40.4154591]]}},{"type":"Feature","properties":{"road_class":"secondary","highway":"secondary"},"geometry":{"type":"LineString","coordinates":[[49.8577875,40.4154591],[49.8586673,40.4157606]]}},{"type":"Feature","properties":{"road_class":"secondary","highway":"secondary"},"geometry":{"type":"LineString","coordinates":[[49.847252,40.4131486],[49.8476216,40.4132334]]}},{"type":"Feature","properties":{"road_class":"secondary","highway":"secondary"},"geometry":{"type":"LineString","coordinates":[[49.9103654,40.4256258],[49.9109369,40.425653]]}},{"type":"Feature","properties":{"road_class":"secondary","highway":"secondary"},"geometry":{"type":"LineString","coordinates":[[49.9109369,40.425653],[49.9119665,40.4257148]]}},{"type":"Feature","properties":{"road_class":"secondary","highway":"secondary"},"geometry":{"type":"LineString","coordinates":[[49.9119665,40.4257148],[49.9128623,40.4257451]]}},{"type":"Feature","properties":{"road_class":"secondary","highway":"secondary"},"geometry":{"type":"LineString","coordinates":[[49.9128623,40.4257451],[49.9136285,40.4257716]]}},{"type":"Feature","properties":{"road_class":"secondary","highway":"secondary"},"geometry":{"type":"LineString","coordinates":[[49.9136285,40.4257716],[49.9145672,40.4256426]]}},{"type":"Feature","properties":{"road_class":"secondary","highway":"secondary"},"geometry":{"type":"LineString","coordinates":[[49.9145672,40.4256426],[49.9161292,40.4252368]]}},{"type":"Feature","properties":{"road_class":"secondary","highway":"secondary"},"geometry":{"type":"LineString","coordinates":[[49.9161292,40.4252368],[49.9174093,40.4237063]]}},{"type":"Feature","properties":{"road_class":"secondary","highway":"secondary"},"geometry":{"type":"LineString","coordinates":[[49.9176934,40.421066],[49.9186859,40.4214469]]}},{"type":"Feature","properties":{"road_class":"secondary","highway":"secondary"},"geometry":{"type":"LineString","coordinates":[[49.9186859,40.4214469],[49.9202938,40.4224127]]}},{"type":"Feature","properties":{"road_class":"secondary","highway":"secondary"},"geometry":{"type":"LineString","coordinates":[[49.9202938,40.4224127],[49.9205539,40.4227279]]}},{"type":"Feature","properties":{"road_class":"secondary","highway":"secondary"},"geometry":{"type":"LineString","coordinates":[[49.7212759,40.4654907],[49.7210239,40.4657511]]}},{"type":"Feature","properties":{"road_class":"secondary","highway":"secondary"},"geometry":{"type":"LineString","coordinates":[[49.7210239,40.4657511],[49.7209856,40.4660906]]}},{"type":"Feature","properties":{"road_class":"secondary","highway":"secondary"},"geometry":{"type":"LineString","coordinates":[[49.7209856,40.4660906],[49.720779,40.4657819]]}},{"type":"Feature","properties":{"road_class":"secondary","highway":"secondary"},"geometry":{"type":"LineString","coordinates":[[49.720779,40.4657819],[49.7208811,40.4655966]]}},{"type":"Feature","properties":{"road_class":"secondary","highway":"secondary"},"geometry":{"type":"LineString","coordinates":[[49.7208811,40.4655966],[49.7210239,40.4657511]]}},{"type":"Feature","properties":{"road_class":"secondary","highway":"secondary"},"geometry":{"type":"LineString","coordinates":[[49.8803028,40.3848585],[49.8802855,40.3849432]]}},{"type":"Feature","properties":{"road_class":"secondary","highway":"secondary"},"geometry":{"type":"LineString","coordinates":[[49.8802855,40.3849432],[49.8801722,40.3850896]]}},{"type":"Feature","properties":{"road_class":"secondary","highway":"secondary"},"geometry":{"type":"LineString","coordinates":[[49.8801722,40.3850896],[49.8795136,40.3850685]]}},{"type":"Feature","properties":{"road_class":"secondary","highway":"secondary"},"geometry":{"type":"LineString","coordinates":[[49.8795136,40.3850685],[49.8794815,40.384662]]}},{"type":"Feature","properties":{"road_class":"secondary","highway":"secondary"},"geometry":{"type":"LineString","coordinates":[[49.8796524,40.3845453],[49.8801856,40.3846187]]}},{"type":"Feature","properties":{"road_class":"secondary","highway":"secondary"},"geometry":{"type":"LineString","coordinates":[[49.8801856,40.3846187],[49.8803028,40.3848585]]}},{"type":"Feature","properties":{"road_class":"secondary","highway":"secondary"},"geometry":{"type":"LineString","coordinates":[[49.8818273,40.3762747],[49.8818513,40.3759648]]}},{"type":"Feature","properties":{"road_class":"secondary","highway":"secondary"},"geometry":{"type":"LineString","coordinates":[[49.8818513,40.3759648],[49.8818775,40.3759539]]}},{"type":"Feature","properties":{"road_class":"secondary","highway":"secondary"},"geometry":{"type":"LineString","coordinates":[[49.8818775,40.3759539],[49.8821817,40.3760083]]}},{"type":"Feature","properties":{"road_class":"secondary","highway":"secondary"},"geometry":{"type":"LineString","coordinates":[[49.8821817,40.3760083],[49.8822029,40.3760324]]}},{"type":"Feature","properties":{"road_class":"secondary","highway":"secondary"},"geometry":{"type":"LineString","coordinates":[[49.8822029,40.3760324],[49.8821371,40.3762779]]}},{"type":"Feature","properties":{"road_class":"secondary","highway":"secondary"},"geometry":{"type":"LineString","coordinates":[[49.8821371,40.3762779],[49.8820636,40.3763075]]}},{"type":"Feature","properties":{"road_class":"secondary","highway":"secondary"},"geometry":{"type":"LineString","coordinates":[[49.8776132,40.3792296],[49.8775094,40.3798725]]}},{"type":"Feature","properties":{"road_class":"secondary","highway":"secondary"},"geometry":{"type":"LineString","coordinates":[[49.838847,40.426827],[49.8388634,40.4271292]]}},{"type":"Feature","properties":{"road_class":"secondary","highway":"secondary"},"geometry":{"type":"LineString","coordinates":[[49.9160506,40.4256113],[49.915612,40.425745]]}},{"type":"Feature","properties":{"road_class":"secondary","highway":"secondary"},"geometry":{"type":"LineString","coordinates":[[49.915612,40.425745],[49.9153975,40.425791]]}},{"type":"Feature","properties":{"road_class":"secondary","highway":"secondary"},"geometry":{"type":"LineString","coordinates":[[49.9153975,40.425791],[49.9144478,40.4259721]]}},{"type":"Feature","properties":{"road_class":"secondary","highway":"secondary"},"geometry":{"type":"LineString","coordinates":[[49.9144478,40.4259721],[49.9107704,40.4259424]]}},{"type":"Feature","properties":{"road_class":"secondary","highway":"secondary"},"geometry":{"type":"LineString","coordinates":[[49.9107704,40.4259424],[49.9098615,40.4258949]]}},{"type":"Feature","properties":{"road_class":"secondary","highway":"secondary"},"geometry":{"type":"LineString","coordinates":[[49.9574567,40.3590631],[49.9574976,40.3602157]]}},{"type":"Feature","properties":{"road_class":"secondary","highway":"secondary"},"geometry":{"type":"LineString","coordinates":[[49.9567997,40.3535964],[49.957017,40.3539298]]}},{"type":"Feature","properties":{"road_class":"secondary","highway":"secondary"},"geometry":{"type":"LineString","coordinates":[[49.957017,40.3539298],[49.9572406,40.3543685]]}},{"type":"Feature","properties":{"road_class":"secondary","highway":"secondary"},"geometry":{"type":"LineString","coordinates":[[49.9572406,40.3543685],[49.957457,40.3547816]]}},{"type":"Feature","properties":{"road_class":"secondary","highway":"secondary"},"geometry":{"type":"LineString","coordinates":[[49.957457,40.3547816],[49.9577899,40.35555]]}},{"type":"Feature","properties":{"road_class":"secondary","highway":"secondary"},"geometry":{"type":"LineString","coordinates":[[49.9577899,40.35555],[49.9578723,40.3557629]]}},{"type":"Feature","properties":{"road_class":"secondary","highway":"secondary"},"geometry":{"type":"LineString","coordinates":[[49.9578723,40.3557629],[49.9579485,40.3562733]]}},{"type":"Feature","properties":{"road_class":"secondary","highway":"secondary"},"geometry":{"type":"LineString","coordinates":[[49.9579485,40.3562733],[49.9579026,40.3563939]]}},{"type":"Feature","properties":{"road_class":"secondary","highway":"secondary"},"geometry":{"type":"LineString","coordinates":[[49.9579026,40.3563939],[49.9574517,40.3589474]]}},{"type":"Feature","properties":{"road_class":"secondary","highway":"secondary"},"geometry":{"type":"LineString","coordinates":[[49.9574517,40.3589474],[49.9574538,40.3589955]]}},{"type":"Feature","properties":{"road_class":"secondary","highway":"secondary"},"geometry":{"type":"LineString","coordinates":[[49.9574538,40.3589955],[49.9574567,40.3590631]]}},{"type":"Feature","properties":{"road_class":"secondary","highway":"secondary"},"geometry":{"type":"LineString","coordinates":[[49.9534257,40.3874079],[49.9533079,40.3866201]]}},{"type":"Feature","properties":{"road_class":"secondary","highway":"secondary"},"geometry":{"type":"LineString","coordinates":[[49.9533079,40.3866201],[49.9533266,40.3851669]]}},{"type":"Feature","properties":{"road_class":"secondary","highway":"secondary"},"geometry":{"type":"LineString","coordinates":[[49.9533266,40.3851669],[49.953332,40.3847636]]}},{"type":"Feature","properties":{"road_class":"secondary","highway":"secondary"},"geometry":{"type":"LineString","coordinates":[[49.953332,40.3847636],[49.9533462,40.3837105]]}},{"type":"Feature","properties":{"road_class":"secondary","highway":"secondary"},"geometry":{"type":"LineString","coordinates":[[49.9533462,40.3837105],[49.9533333,40.383058]]}},{"type":"Feature","properties":{"road_class":"secondary","highway":"secondary"},"geometry":{"type":"LineString","coordinates":[[49.9533333,40.383058],[49.9536047,40.382465]]}},{"type":"Feature","properties":{"road_class":"secondary","highway":"secondary"},"geometry":{"type":"LineString","coordinates":[[49.9536047,40.382465],[49.9538809,40.3821478]]}},{"type":"Feature","properties":{"road_class":"secondary","highway":"secondary"},"geometry":{"type":"LineString","coordinates":[[49.8788412,40.4008142],[49.8790581,40.4009327]]}},{"type":"Feature","properties":{"road_class":"secondary","highway":"secondary"},"geometry":{"type":"LineString","coordinates":[[49.8790581,40.4009327],[49.8815626,40.4022689]]}},{"type":"Feature","properties":{"road_class":"secondary","highway":"secondary"},"geometry":{"type":"LineString","coordinates":[[49.8718492,40.3966132],[49.8737517,40.3977673]]}},{"type":"Feature","properties":{"road_class":"secondary","highway":"secondary"},"geometry":{"type":"LineString","coordinates":[[49.8737517,40.3977673],[49.8748474,40.3984285]]}},{"type":"Feature","properties":{"road_class":"secondary","highway":"secondary"},"geometry":{"type":"LineString","coordinates":[[49.8748474,40.3984285],[49.8754256,40.3987784]]}},{"type":"Feature","properties":{"road_class":"secondary","highway":"secondary"},"geometry":{"type":"LineString","coordinates":[[49.8754256,40.3987784],[49.875848,40.3990341]]}},{"type":"Feature","properties":{"road_class":"secondary","highway":"secondary"},"geometry":{"type":"LineString","coordinates":[[49.875848,40.3990341],[49.8762782,40.399299]]}},{"type":"Feature","properties":{"road_class":"secondary","highway":"secondary"},"geometry":{"type":"LineString","coordinates":[[49.8762782,40.399299],[49.8770328,40.3997546]]}},{"type":"Feature","properties":{"road_class":"secondary","highway":"secondary"},"geometry":{"type":"LineString","coordinates":[[49.8770328,40.3997546],[49.8788412,40.4008142]]}},{"type":"Feature","properties":{"road_class":"secondary","highway":"secondary"},"geometry":{"type":"LineString","coordinates":[[49.8838675,40.403634],[49.88463,40.4041344]]}},{"type":"Feature","properties":{"road_class":"secondary","highway":"secondary"},"geometry":{"type":"LineString","coordinates":[[49.88463,40.4041344],[49.8846513,40.4041457]]}},{"type":"Feature","properties":{"road_class":"secondary","highway":"secondary"},"geometry":{"type":"LineString","coordinates":[[49.8846513,40.4041457],[49.8872263,40.4057346]]}},{"type":"Feature","properties":{"road_class":"secondary","highway":"secondary"},"geometry":{"type":"LineString","coordinates":[[49.8872263,40.4057346],[49.8881,40.4062696]]}},{"type":"Feature","properties":{"road_class":"secondary","highway":"secondary"},"geometry":{"type":"LineString","coordinates":[[49.8881,40.4062696],[49.8895625,40.4071549]]}},{"type":"Feature","properties":{"road_class":"secondary","highway":"secondary"},"geometry":{"type":"LineString","coordinates":[[49.8895625,40.4071549],[49.8936687,40.4096471]]}},{"type":"Feature","properties":{"road_class":"secondary","highway":"secondary"},"geometry":{"type":"LineString","coordinates":[[49.8936687,40.4096471],[49.8947306,40.4102916]]}},{"type":"Feature","properties":{"road_class":"secondary","highway":"secondary"},"geometry":{"type":"LineString","coordinates":[[49.8947306,40.4102916],[49.8963515,40.4112552]]}},{"type":"Feature","properties":{"road_class":"secondary","highway":"secondary"},"geometry":{"type":"LineString","coordinates":[[49.8963515,40.4112552],[49.8975324,40.4118206]]}},{"type":"Feature","properties":{"road_class":"secondary","highway":"secondary"},"geometry":{"type":"LineString","coordinates":[[49.8906433,40.408219],[49.8888993,40.4071602]]}},{"type":"Feature","properties":{"road_class":"secondary","highway":"secondary"},"geometry":{"type":"LineString","coordinates":[[49.8888993,40.4071602],[49.887486,40.4062967]]}},{"type":"Feature","properties":{"road_class":"secondary","highway":"secondary"},"geometry":{"type":"LineString","coordinates":[[49.887486,40.4062967],[49.8870364,40.4060305]]}},{"type":"Feature","properties":{"road_class":"secondary","highway":"secondary"},"geometry":{"type":"LineString","coordinates":[[49.8870364,40.4060305],[49.8858455,40.4053014]]}},{"type":"Feature","properties":{"road_class":"secondary","highway":"secondary"},"geometry":{"type":"LineString","coordinates":[[49.8858455,40.4053014],[49.885221,40.4049267]]}},{"type":"Feature","properties":{"road_class":"secondary","highway":"secondary"},"geometry":{"type":"LineString","coordinates":[[49.885221,40.4049267],[49.8844999,40.4044968]]}},{"type":"Feature","properties":{"road_class":"secondary","highway":"secondary"},"geometry":{"type":"LineString","coordinates":[[49.8844999,40.4044968],[49.8820398,40.4031484]]}},{"type":"Feature","properties":{"road_class":"secondary","highway":"secondary"},"geometry":{"type":"LineString","coordinates":[[49.8964698,40.4117338],[49.896312,40.4116495]]}},{"type":"Feature","properties":{"road_class":"secondary","highway":"secondary"},"geometry":{"type":"LineString","coordinates":[[49.896312,40.4116495],[49.8941558,40.4103558]]}},{"type":"Feature","properties":{"road_class":"secondary","highway":"secondary"},"geometry":{"type":"LineString","coordinates":[[49.8941558,40.4103558],[49.8933992,40.4098873]]}},{"type":"Feature","properties":{"road_class":"secondary","highway":"secondary"},"geometry":{"type":"LineString","coordinates":[[49.8933992,40.4098873],[49.8929646,40.409626]]}},{"type":"Feature","properties":{"road_class":"secondary","highway":"secondary"},"geometry":{"type":"LineString","coordinates":[[49.8929646,40.409626],[49.8924532,40.4093185]]}},{"type":"Feature","properties":{"road_class":"secondary","highway":"secondary"},"geometry":{"type":"LineString","coordinates":[[49.8924532,40.4093185],[49.8919836,40.4090313]]}},{"type":"Feature","properties":{"road_class":"secondary","highway":"secondary"},"geometry":{"type":"LineString","coordinates":[[49.8919836,40.4090313],[49.8919153,40.4089899]]}},{"type":"Feature","properties":{"road_class":"secondary","highway":"secondary"},"geometry":{"type":"LineString","coordinates":[[49.8919153,40.4089899],[49.891087,40.408482]]}},{"type":"Feature","properties":{"road_class":"secondary","highway":"secondary"},"geometry":{"type":"LineString","coordinates":[[49.891087,40.408482],[49.8906433,40.408219]]}},{"type":"Feature","properties":{"road_class":"secondary","highway":"secondary"},"geometry":{"type":"LineString","coordinates":[[49.9004093,40.4094258],[49.9004975,40.4093376]]}},{"type":"Feature","properties":{"road_class":"secondary","highway":"secondary"},"geometry":{"type":"LineString","coordinates":[[49.896347,40.4156083],[49.8962991,40.4156837]]}},{"type":"Feature","properties":{"road_class":"secondary","highway":"secondary"},"geometry":{"type":"LineString","coordinates":[[49.8962991,40.4156837],[49.8962688,40.4156911]]}},{"type":"Feature","properties":{"road_class":"secondary","highway":"secondary"},"geometry":{"type":"LineString","coordinates":[[49.8962688,40.4156911],[49.8961685,40.4156437]]}},{"type":"Feature","properties":{"road_class":"secondary","highway":"secondary"},"geometry":{"type":"LineString","coordinates":[[49.8961685,40.4156437],[49.89617,40.4155959]]}},{"type":"Feature","properties":{"road_class":"secondary","highway":"secondary"},"geometry":{"type":"LineString","coordinates":[[49.7893702,40.3791856],[49.7863492,40.3875452]]}},{"type":"Feature","properties":{"road_class":"secondary","highway":"secondary"},"geometry":{"type":"LineString","coordinates":[[49.7863492,40.3875452],[49.7862383,40.3891802]]}},{"type":"Feature","properties":{"road_class":"secondary","highway":"secondary"},"geometry":{"type":"LineString","coordinates":[[49.7862383,40.3891802],[49.7862133,40.3900244]]}},{"type":"Feature","properties":{"road_class":"secondary","highway":"secondary"},"geometry":{"type":"LineString","coordinates":[[49.7862133,40.3900244],[49.7862183,40.3906551]]}},{"type":"Feature","properties":{"road_class":"secondary","highway":"secondary"},"geometry":{"type":"LineString","coordinates":[[49.7862183,40.3906551],[49.7862246,40.391837]]}},{"type":"Feature","properties":{"road_class":"secondary","highway":"secondary"},"geometry":{"type":"LineString","coordinates":[[49.7862246,40.391837],[49.7863126,40.3927837]]}},{"type":"Feature","properties":{"road_class":"secondary","highway":"secondary"},"geometry":{"type":"LineString","coordinates":[[49.7863126,40.3927837],[49.7867526,40.3942719]]}},{"type":"Feature","properties":{"road_class":"secondary","highway":"secondary"},"geometry":{"type":"LineString","coordinates":[[49.7867526,40.3942719],[49.7874296,40.3954891]]}},{"type":"Feature","properties":{"road_class":"secondary","highway":"secondary"},"geometry":{"type":"LineString","coordinates":[[49.7739324,40.3352879],[49.7738914,40.3352493]]}},{"type":"Feature","properties":{"road_class":"secondary","highway":"secondary"},"geometry":{"type":"LineString","coordinates":[[49.7738914,40.3352493],[49.7740603,40.3351119]]}},{"type":"Feature","properties":{"road_class":"secondary","highway":"secondary"},"geometry":{"type":"LineString","coordinates":[[49.7740603,40.3351119],[49.7741453,40.3352045]]}},{"type":"Feature","properties":{"road_class":"secondary","highway":"secondary"},"geometry":{"type":"LineString","coordinates":[[49.7741453,40.3352045],[49.773961,40.3353003]]}},{"type":"Feature","properties":{"road_class":"secondary","highway":"secondary"},"geometry":{"type":"LineString","coordinates":[[49.7463589,40.3081061],[49.7464654,40.3082687]]}},{"type":"Feature","properties":{"road_class":"secondary","highway":"secondary"},"geometry":{"type":"LineString","coordinates":[[49.9424037,40.4407569],[49.9423492,40.4406236]]}},{"type":"Feature","properties":{"road_class":"secondary","highway":"secondary"},"geometry":{"type":"LineString","coordinates":[[49.9643776,40.3829455],[49.9640601,40.382645]]}},{"type":"Feature","properties":{"road_class":"secondary","highway":"secondary"},"geometry":{"type":"LineString","coordinates":[[49.9640601,40.382645],[49.963707,40.382409]]}},{"type":"Feature","properties":{"road_class":"secondary","highway":"secondary"},"geometry":{"type":"LineString","coordinates":[[49.963707,40.382409],[49.9638404,40.3821501]]}},{"type":"Feature","properties":{"road_class":"secondary","highway":"secondary"},"geometry":{"type":"LineString","coordinates":[[49.9638404,40.3821501],[49.9642165,40.3821595]]}},{"type":"Feature","properties":{"road_class":"secondary","highway":"secondary"},"geometry":{"type":"LineString","coordinates":[[49.9642165,40.3821595],[49.9645153,40.3821681]]}},{"type":"Feature","properties":{"road_class":"secondary","highway":"secondary"},"geometry":{"type":"LineString","coordinates":[[49.9645153,40.3821681],[49.96467,40.3821893]]}},{"type":"Feature","properties":{"road_class":"secondary","highway":"secondary"},"geometry":{"type":"LineString","coordinates":[[49.9648438,40.382409],[49.9647598,40.3828721]]}},{"type":"Feature","properties":{"road_class":"secondary","highway":"secondary"},"geometry":{"type":"LineString","coordinates":[[49.9647598,40.3828721],[49.9643776,40.3829455]]}},{"type":"Feature","properties":{"road_class":"secondary","highway":"secondary"},"geometry":{"type":"LineString","coordinates":[[49.9688299,40.3718627],[49.9688459,40.3716515]]}},{"type":"Feature","properties":{"road_class":"secondary","highway":"secondary"},"geometry":{"type":"LineString","coordinates":[[49.9688459,40.3716515],[49.9689004,40.3716284]]}},{"type":"Feature","properties":{"road_class":"secondary","highway":"secondary"},"geometry":{"type":"LineString","coordinates":[[49.9689004,40.3716284],[49.969149,40.3717714]]}},{"type":"Feature","properties":{"road_class":"secondary","highway":"secondary"},"geometry":{"type":"LineString","coordinates":[[49.969149,40.3717714],[49.9691355,40.3718163]]}},{"type":"Feature","properties":{"road_class":"secondary","highway":"secondary"},"geometry":{"type":"LineString","coordinates":[[49.9691355,40.3718163],[49.9690572,40.3718852]]}},{"type":"Feature","properties":{"road_class":"secondary","highway":"secondary"},"geometry":{"type":"LineString","coordinates":[[49.9412835,40.3728454],[49.9413352,40.3728433]]}},{"type":"Feature","properties":{"road_class":"secondary","highway":"secondary"},"geometry":{"type":"LineString","coordinates":[[49.9413352,40.3728433],[49.9422425,40.3728056]]}},{"type":"Feature","properties":{"road_class":"secondary","highway":"secondary"},"geometry":{"type":"LineString","coordinates":[[49.9422425,40.3728056],[49.9425663,40.3727921]]}},{"type":"Feature","properties":{"road_class":"secondary","highway":"secondary"},"geometry":{"type":"LineString","coordinates":[[49.9425663,40.3727921],[49.943654,40.3727357]]}},{"type":"Feature","properties":{"road_class":"secondary","highway":"secondary"},"geometry":{"type":"LineString","coordinates":[[49.943654,40.3727357],[49.9443721,40.3728964]]}},{"type":"Feature","properties":{"road_class":"secondary","highway":"secondary"},"geometry":{"type":"LineString","coordinates":[[49.9443721,40.3728964],[49.9447383,40.373236]]}},{"type":"Feature","properties":{"road_class":"secondary","highway":"secondary"},"geometry":{"type":"LineString","coordinates":[[49.9695697,40.3648415],[49.9696814,40.3647132]]}},{"type":"Feature","properties":{"road_class":"secondary","highway":"secondary"},"geometry":{"type":"LineString","coordinates":[[49.9696814,40.3647132],[49.9698312,40.3648139]]}},{"type":"Feature","properties":{"road_class":"secondary","highway":"secondary"},"geometry":{"type":"LineString","coordinates":[[49.9698312,40.3648139],[49.9698245,40.3648457]]}},{"type":"Feature","properties":{"road_class":"secondary","highway":"secondary"},"geometry":{"type":"LineString","coordinates":[[49.9698245,40.3648457],[49.9697748,40.3648969]]}},{"type":"Feature","properties":{"road_class":"secondary","highway":"secondary"},"geometry":{"type":"LineString","coordinates":[[49.9671895,40.3596508],[49.9671911,40.3596761]]}},{"type":"Feature","properties":{"road_class":"secondary","highway":"secondary"},"geometry":{"type":"LineString","coordinates":[[49.9670282,40.3597368],[49.9670019,40.3597178]]}},{"type":"Feature","properties":{"road_class":"secondary","highway":"secondary"},"geometry":{"type":"LineString","coordinates":[[49.9670019,40.3597178],[49.9670413,40.3595975]]}},{"type":"Feature","properties":{"road_class":"secondary","highway":"secondary"},"geometry":{"type":"LineString","coordinates":[[49.9670413,40.3595975],[49.9670565,40.3595942]]}},{"type":"Feature","properties":{"road_class":"secondary","highway":"secondary"},"geometry":{"type":"LineString","coordinates":[[49.9670565,40.3595942],[49.9671895,40.3596508]]}},{"type":"Feature","properties":{"road_class":"secondary","highway":"secondary"},"geometry":{"type":"LineString","coordinates":[[49.9671911,40.3596761],[49.9670614,40.3597478]]}},{"type":"Feature","properties":{"road_class":"secondary","highway":"secondary"},"geometry":{"type":"LineString","coordinates":[[49.9375069,40.3684209],[49.9375968,40.3683198]]}},{"type":"Feature","properties":{"road_class":"secondary","highway":"secondary"},"geometry":{"type":"LineString","coordinates":[[49.9375968,40.3683198],[49.9378918,40.3682391]]}},{"type":"Feature","properties":{"road_class":"secondary","highway":"secondary"},"geometry":{"type":"LineString","coordinates":[[49.9378918,40.3682391],[49.9380441,40.3682493]]}},{"type":"Feature","properties":{"road_class":"secondary","highway":"secondary"},"geometry":{"type":"LineString","coordinates":[[49.9380441,40.3682493],[49.9381854,40.3683938]]}},{"type":"Feature","properties":{"road_class":"secondary","highway":"secondary"},"geometry":{"type":"LineString","coordinates":[[49.9381854,40.3683938],[49.9382194,40.3685586]]}},{"type":"Feature","properties":{"road_class":"secondary","highway":"secondary"},"geometry":{"type":"LineString","coordinates":[[49.9382194,40.3685586],[49.9382204,40.3686887]]}},{"type":"Feature","properties":{"road_class":"secondary","highway":"secondary"},"geometry":{"type":"LineString","coordinates":[[49.9376598,40.3686994],[49.9375555,40.3685634]]}},{"type":"Feature","properties":{"road_class":"secondary","highway":"secondary"},"geometry":{"type":"LineString","coordinates":[[49.9375555,40.3685634],[49.9375069,40.3684209]]}},{"type":"Feature","properties":{"road_class":"secondary","highway":"secondary"},"geometry":{"type":"LineString","coordinates":[[49.9444546,40.3733958],[49.9436112,40.3738867]]}},{"type":"Feature","properties":{"road_class":"secondary","highway":"secondary"},"geometry":{"type":"LineString","coordinates":[[49.9436112,40.3738867],[49.9432446,40.3740999]]}},{"type":"Feature","properties":{"road_class":"secondary","highway":"secondary"},"geometry":{"type":"LineString","coordinates":[[49.9432446,40.3740999],[49.9431281,40.3741675]]}},{"type":"Feature","properties":{"road_class":"secondary","highway":"secondary"},"geometry":{"type":"LineString","coordinates":[[49.9431281,40.3741675],[49.9430207,40.3742345]]}},{"type":"Feature","properties":{"road_class":"secondary","highway":"secondary"},"geometry":{"type":"LineString","coordinates":[[49.9430207,40.3742345],[49.9423458,40.3746224]]}},{"type":"Feature","properties":{"road_class":"secondary","highway":"secondary"},"geometry":{"type":"LineString","coordinates":[[49.9423458,40.3746224],[49.9418133,40.3744926]]}},{"type":"Feature","properties":{"road_class":"secondary","highway":"secondary"},"geometry":{"type":"LineString","coordinates":[[49.875855,40.3890925],[49.8755289,40.3891051]]}},{"type":"Feature","properties":{"road_class":"secondary","highway":"secondary"},"geometry":{"type":"LineString","coordinates":[[49.8755289,40.3891051],[49.8747351,40.389137]]}},{"type":"Feature","properties":{"road_class":"secondary","highway":"secondary"},"geometry":{"type":"LineString","coordinates":[[49.8747351,40.389137],[49.8744428,40.3891486]]}},{"type":"Feature","properties":{"road_class":"secondary","highway":"secondary"},"geometry":{"type":"LineString","coordinates":[[49.8744428,40.3891486],[49.8738259,40.389163]]}},{"type":"Feature","properties":{"road_class":"secondary","highway":"secondary"},"geometry":{"type":"LineString","coordinates":[[49.8738259,40.389163],[49.8735201,40.389165]]}},{"type":"Feature","properties":{"road_class":"secondary","highway":"secondary"},"geometry":{"type":"LineString","coordinates":[[49.8735201,40.389165],[49.8730494,40.389165]]}},{"type":"Feature","properties":{"road_class":"secondary","highway":"secondary"},"geometry":{"type":"LineString","coordinates":[[49.8730494,40.389165],[49.8720166,40.3891264]]}},{"type":"Feature","properties":{"road_class":"secondary","highway":"secondary"},"geometry":{"type":"LineString","coordinates":[[49.8720166,40.3891264],[49.871363,40.3890392]]}},{"type":"Feature","properties":{"road_class":"secondary","highway":"secondary"},"geometry":{"type":"LineString","coordinates":[[49.9398186,40.3958096],[49.9397899,40.3957478]]}},{"type":"Feature","properties":{"road_class":"secondary","highway":"secondary"},"geometry":{"type":"LineString","coordinates":[[49.9300397,40.4031479],[49.9302071,40.4029165]]}},{"type":"Feature","properties":{"road_class":"secondary","highway":"secondary"},"geometry":{"type":"LineString","coordinates":[[49.9302071,40.4029165],[49.9307593,40.4021477]]}},{"type":"Feature","properties":{"road_class":"secondary","highway":"secondary"},"geometry":{"type":"LineString","coordinates":[[49.9307593,40.4021477],[49.9308979,40.4019669]]}},{"type":"Feature","properties":{"road_class":"secondary","highway":"secondary"},"geometry":{"type":"LineString","coordinates":[[49.9308979,40.4019669],[49.9315493,40.4009903]]}},{"type":"Feature","properties":{"road_class":"secondary","highway":"secondary"},"geometry":{"type":"LineString","coordinates":[[49.9315493,40.4009903],[49.9321774,40.3998191]]}},{"type":"Feature","properties":{"road_class":"secondary","highway":"secondary"},"geometry":{"type":"LineString","coordinates":[[49.9321774,40.3998191],[49.9324161,40.3995051]]}},{"type":"Feature","properties":{"road_class":"secondary","highway":"secondary"},"geometry":{"type":"LineString","coordinates":[[49.9324161,40.3995051],[49.9325529,40.3993973]]}},{"type":"Feature","properties":{"road_class":"secondary","highway":"secondary"},"geometry":{"type":"LineString","coordinates":[[49.9325529,40.3993973],[49.9341889,40.3987078]]}},{"type":"Feature","properties":{"road_class":"secondary","highway":"secondary"},"geometry":{"type":"LineString","coordinates":[[49.9341889,40.3987078],[49.935185,40.3983047]]}},{"type":"Feature","properties":{"road_class":"secondary","highway":"secondary"},"geometry":{"type":"LineString","coordinates":[[49.935185,40.3983047],[49.935782,40.3980604]]}},{"type":"Feature","properties":{"road_class":"secondary","highway":"secondary"},"geometry":{"type":"LineString","coordinates":[[49.935782,40.3980604],[49.9373245,40.3974118]]}},{"type":"Feature","properties":{"road_class":"secondary","highway":"secondary"},"geometry":{"type":"LineString","coordinates":[[49.9373245,40.3974118],[49.9397358,40.3961017]]}},{"type":"Feature","properties":{"road_class":"secondary","highway":"secondary"},"geometry":{"type":"LineString","coordinates":[[49.9397358,40.3961017],[49.9398186,40.3958096]]}},{"type":"Feature","properties":{"road_class":"secondary","highway":"secondary"},"geometry":{"type":"LineString","coordinates":[[49.9402293,40.395994],[49.9396318,40.3962923]]}},{"type":"Feature","properties":{"road_class":"secondary","highway":"secondary"},"geometry":{"type":"LineString","coordinates":[[49.9397754,40.3953918],[49.9398071,40.3951549]]}},{"type":"Feature","properties":{"road_class":"secondary","highway":"secondary"},"geometry":{"type":"LineString","coordinates":[[49.9407658,40.3955191],[49.9407185,40.3957714]]}},{"type":"Feature","properties":{"road_class":"secondary","highway":"secondary"},"geometry":{"type":"LineString","coordinates":[[49.8758905,40.3887973],[49.8766557,40.3887455]]}},{"type":"Feature","properties":{"road_class":"secondary","highway":"secondary"},"geometry":{"type":"LineString","coordinates":[[49.8766557,40.3887455],[49.8772038,40.3886929]]}},{"type":"Feature","properties":{"road_class":"secondary","highway":"secondary"},"geometry":{"type":"LineString","coordinates":[[49.8772038,40.3886929],[49.8775751,40.3886573]]}},{"type":"Feature","properties":{"road_class":"secondary","highway":"secondary"},"geometry":{"type":"LineString","coordinates":[[49.8775751,40.3886573],[49.8777336,40.3886424]]}},{"type":"Feature","properties":{"road_class":"secondary","highway":"secondary"},"geometry":{"type":"LineString","coordinates":[[49.8777336,40.3886424],[49.8782188,40.3886022]]}},{"type":"Feature","properties":{"road_class":"secondary","highway":"secondary"},"geometry":{"type":"LineString","coordinates":[[49.8782188,40.3886022],[49.8785131,40.3885807]]}},{"type":"Feature","properties":{"road_class":"secondary","highway":"secondary"},"geometry":{"type":"LineString","coordinates":[[49.8720691,40.3888681],[49.8730346,40.3888837]]}},{"type":"Feature","properties":{"road_class":"secondary","highway":"secondary"},"geometry":{"type":"LineString","coordinates":[[49.8730346,40.3888837],[49.8736906,40.388881]]}},{"type":"Feature","properties":{"road_class":"secondary","highway":"secondary"},"geometry":{"type":"LineString","coordinates":[[49.8736906,40.388881],[49.8744163,40.388866]]}},{"type":"Feature","properties":{"road_class":"secondary","highway":"secondary"},"geometry":{"type":"LineString","coordinates":[[49.8744163,40.388866],[49.8747494,40.3888576]]}},{"type":"Feature","properties":{"road_class":"secondary","highway":"secondary"},"geometry":{"type":"LineString","coordinates":[[49.8747494,40.3888576],[49.8754218,40.3888083]]}},{"type":"Feature","properties":{"road_class":"secondary","highway":"secondary"},"geometry":{"type":"LineString","coordinates":[[49.8754218,40.3888083],[49.8758905,40.3887973]]}},{"type":"Feature","properties":{"road_class":"secondary","highway":"secondary"},"geometry":{"type":"LineString","coordinates":[[49.9402425,40.394831],[49.9404424,40.3948433]]}},{"type":"Feature","properties":{"road_class":"secondary","highway":"secondary"},"geometry":{"type":"LineString","coordinates":[[49.9404424,40.3948433],[49.9407258,40.3950053]]}},{"type":"Feature","properties":{"road_class":"secondary","highway":"secondary"},"geometry":{"type":"LineString","coordinates":[[49.9407258,40.3950053],[49.9408026,40.395238]]}},{"type":"Feature","properties":{"road_class":"secondary","highway":"secondary"},"geometry":{"type":"LineString","coordinates":[[49.9406412,40.394887],[49.9409461,40.3949368]]}},{"type":"Feature","properties":{"road_class":"secondary","highway":"secondary"},"geometry":{"type":"LineString","coordinates":[[49.9409461,40.3949368],[49.9415721,40.3949609]]}},{"type":"Feature","properties":{"road_class":"secondary","highway":"secondary"},"geometry":{"type":"LineString","coordinates":[[49.9415721,40.3949609],[49.942705,40.3949958]]}},{"type":"Feature","properties":{"road_class":"secondary","highway":"secondary"},"geometry":{"type":"LineString","coordinates":[[49.942705,40.3949958],[49.9472873,40.3949466]]}},{"type":"Feature","properties":{"road_class":"secondary","highway":"secondary"},"geometry":{"type":"LineString","coordinates":[[49.9472873,40.3949466],[49.9476484,40.3949512]]}},{"type":"Feature","properties":{"road_class":"secondary","highway":"secondary"},"geometry":{"type":"LineString","coordinates":[[49.9476484,40.3949512],[49.948237,40.3949577]]}},{"type":"Feature","properties":{"road_class":"secondary","highway":"secondary"},"geometry":{"type":"LineString","coordinates":[[49.948237,40.3949577],[49.9489049,40.3949651]]}},{"type":"Feature","properties":{"road_class":"secondary","highway":"secondary"},"geometry":{"type":"LineString","coordinates":[[49.9489049,40.3949651],[49.949323,40.3949698]]}},{"type":"Feature","properties":{"road_class":"secondary","highway":"secondary"},"geometry":{"type":"LineString","coordinates":[[49.949323,40.3949698],[49.9503492,40.3949819]]}},{"type":"Feature","properties":{"road_class":"secondary","highway":"secondary"},"geometry":{"type":"LineString","coordinates":[[49.9503492,40.3949819],[49.9507114,40.3949828]]}},{"type":"Feature","properties":{"road_class":"secondary","highway":"secondary"},"geometry":{"type":"LineString","coordinates":[[49.9507114,40.3949828],[49.9516489,40.3949851]]}},{"type":"Feature","properties":{"road_class":"secondary","highway":"secondary"},"geometry":{"type":"LineString","coordinates":[[49.9516489,40.3949851],[49.9522497,40.3949866]]}},{"type":"Feature","properties":{"road_class":"secondary","highway":"secondary"},"geometry":{"type":"LineString","coordinates":[[49.9522497,40.3949866],[49.9525651,40.3949874]]}},{"type":"Feature","properties":{"road_class":"secondary","highway":"secondary"},"geometry":{"type":"LineString","coordinates":[[49.9525651,40.3949874],[49.9531519,40.394989]]}},{"type":"Feature","properties":{"road_class":"secondary","highway":"secondary"},"geometry":{"type":"LineString","coordinates":[[49.9590191,40.3950068],[49.959711,40.3950104]]}},{"type":"Feature","properties":{"road_class":"secondary","highway":"secondary"},"geometry":{"type":"LineString","coordinates":[[49.959711,40.3950104],[49.9603783,40.3950139]]}},{"type":"Feature","properties":{"road_class":"secondary","highway":"secondary"},"geometry":{"type":"LineString","coordinates":[[49.9603783,40.3950139],[49.9617147,40.3950186]]}},{"type":"Feature","properties":{"road_class":"secondary","highway":"secondary"},"geometry":{"type":"LineString","coordinates":[[49.9617147,40.3950186],[49.9637003,40.3950254]]}},{"type":"Feature","properties":{"road_class":"secondary","highway":"secondary"},"geometry":{"type":"LineString","coordinates":[[49.9637003,40.3950254],[49.9646859,40.3950395]]}},{"type":"Feature","properties":{"road_class":"secondary","highway":"secondary"},"geometry":{"type":"LineString","coordinates":[[49.9646859,40.3950395],[49.9650811,40.3950459]]}},{"type":"Feature","properties":{"road_class":"secondary","highway":"secondary"},"geometry":{"type":"LineString","coordinates":[[49.955218,40.3949506],[49.9563775,40.3949476]]}},{"type":"Feature","properties":{"road_class":"secondary","highway":"secondary"},"geometry":{"type":"LineString","coordinates":[[49.9563775,40.3949476],[49.9582133,40.3949635]]}},{"type":"Feature","properties":{"road_class":"secondary","highway":"secondary"},"geometry":{"type":"LineString","coordinates":[[49.9582133,40.3949635],[49.9590191,40.3950068]]}},{"type":"Feature","properties":{"road_class":"secondary","highway":"secondary"},"geometry":{"type":"LineString","coordinates":[[49.9294418,40.404225],[49.9292405,40.4041694]]}},{"type":"Feature","properties":{"road_class":"secondary","highway":"secondary"},"geometry":{"type":"LineString","coordinates":[[49.9292405,40.4041694],[49.9290886,40.4039242]]}},{"type":"Feature","properties":{"road_class":"secondary","highway":"secondary"},"geometry":{"type":"LineString","coordinates":[[49.9294586,40.4036528],[49.9298379,40.4039071]]}},{"type":"Feature","properties":{"road_class":"secondary","highway":"secondary"},"geometry":{"type":"LineString","coordinates":[[49.9298379,40.4039071],[49.9294418,40.404225]]}},{"type":"Feature","properties":{"road_class":"secondary","highway":"secondary"},"geometry":{"type":"LineString","coordinates":[[49.9290886,40.4039242],[49.9291113,40.4038402]]}},{"type":"Feature","properties":{"road_class":"secondary","highway":"secondary"},"geometry":{"type":"LineString","coordinates":[[49.9371711,40.4077057],[49.9370634,40.4076086]]}},{"type":"Feature","properties":{"road_class":"secondary","highway":"secondary"},"geometry":{"type":"LineString","coordinates":[[49.9373322,40.4074443],[49.9374048,40.4076547]]}},{"type":"Feature","properties":{"road_class":"secondary","highway":"secondary"},"geometry":{"type":"LineString","coordinates":[[49.9374048,40.4076547],[49.9371711,40.4077057]]}},{"type":"Feature","properties":{"road_class":"secondary","highway":"secondary"},"geometry":{"type":"LineString","coordinates":[[49.9370634,40.4076086],[49.9372645,40.4074291]]}},{"type":"Feature","properties":{"road_class":"secondary","highway":"secondary"},"geometry":{"type":"LineString","coordinates":[[49.8145318,40.4360417],[49.81449,40.4359423]]}},{"type":"Feature","properties":{"road_class":"secondary","highway":"secondary"},"geometry":{"type":"LineString","coordinates":[[49.8145883,40.4358695],[49.8147123,40.4358993]]}},{"type":"Feature","properties":{"road_class":"secondary","highway":"secondary"},"geometry":{"type":"LineString","coordinates":[[49.8147123,40.4358993],[49.8147407,40.4359958]]}},{"type":"Feature","properties":{"road_class":"secondary","highway":"secondary"},"geometry":{"type":"LineString","coordinates":[[49.8147407,40.4359958],[49.8145318,40.4360417]]}},{"type":"Feature","properties":{"road_class":"secondary","highway":"secondary"},"geometry":{"type":"LineString","coordinates":[[49.8088934,40.4375992],[49.8089302,40.437491]]}},{"type":"Feature","properties":{"road_class":"secondary","highway":"secondary"},"geometry":{"type":"LineString","coordinates":[[49.8089302,40.437491],[49.8091196,40.4375411]]}},{"type":"Feature","properties":{"road_class":"secondary","highway":"secondary"},"geometry":{"type":"LineString","coordinates":[[49.8091196,40.4375411],[49.809091,40.4376254]]}},{"type":"Feature","properties":{"road_class":"secondary","highway":"secondary"},"geometry":{"type":"LineString","coordinates":[[49.809091,40.4376254],[49.8089456,40.437643]]}},{"type":"Feature","properties":{"road_class":"secondary","highway":"secondary"},"geometry":{"type":"LineString","coordinates":[[49.8277388,40.4666844],[49.827708,40.466816]]}},{"type":"Feature","properties":{"road_class":"secondary","highway":"secondary"},"geometry":{"type":"LineString","coordinates":[[49.748294,40.3176762],[49.7486362,40.3174444]]}},{"type":"Feature","properties":{"road_class":"secondary","highway":"secondary"},"geometry":{"type":"LineString","coordinates":[[49.7346227,40.3127235],[49.7344641,40.3123688]]}},{"type":"Feature","properties":{"road_class":"secondary","highway":"secondary"},"geometry":{"type":"LineString","coordinates":[[49.7486362,40.3174444],[49.7487915,40.3175651]]}},{"type":"Feature","properties":{"road_class":"secondary","highway":"secondary"},"geometry":{"type":"LineString","coordinates":[[49.8346893,40.4109304],[49.8342761,40.4107926]]}},{"type":"Feature","properties":{"road_class":"secondary","highway":"secondary"},"geometry":{"type":"LineString","coordinates":[[49.9810844,40.3501504],[49.9816199,40.350325]]}},{"type":"Feature","properties":{"road_class":"secondary","highway":"secondary"},"geometry":{"type":"LineString","coordinates":[[49.9809334,40.3503766],[49.9810844,40.3501504]]}},{"type":"Feature","properties":{"road_class":"secondary","highway":"secondary"},"geometry":{"type":"LineString","coordinates":[[49.9816199,40.350325],[49.9815155,40.3505602]]}},{"type":"Feature","properties":{"road_class":"secondary","highway":"secondary"},"geometry":{"type":"LineString","coordinates":[[49.9788261,40.3596765],[49.9792885,40.3594808]]}},{"type":"Feature","properties":{"road_class":"secondary","highway":"secondary"},"geometry":{"type":"LineString","coordinates":[[49.9792885,40.3594808],[49.9793904,40.359598]]}},{"type":"Feature","properties":{"road_class":"secondary","highway":"secondary"},"geometry":{"type":"LineString","coordinates":[[49.9580917,40.3950385],[49.9580875,40.3953829]]}},{"type":"Feature","properties":{"road_class":"secondary","highway":"secondary"},"geometry":{"type":"LineString","coordinates":[[49.9580875,40.3953829],[49.9545689,40.3953348]]}},{"type":"Feature","properties":{"road_class":"secondary","highway":"secondary"},"geometry":{"type":"LineString","coordinates":[[49.9757984,40.3890386],[49.9760589,40.389066]]}},{"type":"Feature","properties":{"road_class":"secondary","highway":"secondary"},"geometry":{"type":"LineString","coordinates":[[49.9757508,40.3891206],[49.9757984,40.3890386]]}},{"type":"Feature","properties":{"road_class":"secondary","highway":"secondary"},"geometry":{"type":"LineString","coordinates":[[49.8647664,40.4184888],[49.8656675,40.4188965]]}},{"type":"Feature","properties":{"road_class":"secondary","highway":"secondary"},"geometry":{"type":"LineString","coordinates":[[49.9166435,40.424386],[49.9174093,40.4237063]]}},{"type":"Feature","properties":{"road_class":"secondary","highway":"secondary"},"geometry":{"type":"LineString","coordinates":[[49.8656675,40.4188965],[49.8664045,40.4192454]]}},{"type":"Feature","properties":{"road_class":"secondary","highway":"secondary"},"geometry":{"type":"LineString","coordinates":[[49.7485565,40.3178277],[49.748294,40.3176762]]}},{"type":"Feature","properties":{"road_class":"secondary","highway":"secondary"},"geometry":{"type":"LineString","coordinates":[[49.7439108,40.321889],[49.744122,40.3220014]]}},{"type":"Feature","properties":{"road_class":"secondary","highway":"secondary"},"geometry":{"type":"LineString","coordinates":[[49.744122,40.3220014],[49.7440601,40.3220409]]}},{"type":"Feature","properties":{"road_class":"secondary","highway":"secondary"},"geometry":{"type":"LineString","coordinates":[[49.7280821,40.3218954],[49.7281793,40.3218409]]}},{"type":"Feature","properties":{"road_class":"secondary","highway":"secondary"},"geometry":{"type":"LineString","coordinates":[[49.7281793,40.3218409],[49.7282412,40.3219049]]}},{"type":"Feature","properties":{"road_class":"secondary","highway":"secondary"},"geometry":{"type":"LineString","coordinates":[[49.7284997,40.3219048],[49.7281891,40.3219574]]}},{"type":"Feature","properties":{"road_class":"secondary","highway":"secondary"},"geometry":{"type":"LineString","coordinates":[[49.8641282,40.3759719],[49.8646014,40.3759768]]}},{"type":"Feature","properties":{"road_class":"secondary","highway":"secondary"},"geometry":{"type":"LineString","coordinates":[[49.8275672,40.466715],[49.8277388,40.4666844]]}},{"type":"Feature","properties":{"road_class":"secondary","highway":"secondary"},"geometry":{"type":"LineString","coordinates":[[49.7441836,40.3219444],[49.744122,40.3220014]]}},{"type":"Feature","properties":{"road_class":"secondary","highway":"secondary"},"geometry":{"type":"LineString","coordinates":[[49.6931722,40.5738808],[49.6929665,40.5742453]]}},{"type":"Feature","properties":{"road_class":"secondary","highway":"secondary"},"geometry":{"type":"LineString","coordinates":[[49.692881,40.5737006],[49.6931722,40.5738808]]}},{"type":"Feature","properties":{"road_class":"secondary","highway":"secondary"},"geometry":{"type":"LineString","coordinates":[[49.6929665,40.5742453],[49.6927627,40.5742723]]}},{"type":"Feature","properties":{"road_class":"secondary","highway":"secondary"},"geometry":{"type":"LineString","coordinates":[[49.7282412,40.3219049],[49.7281891,40.3219574]]}},{"type":"Feature","properties":{"road_class":"secondary","highway":"secondary"},"geometry":{"type":"LineString","coordinates":[[49.9760589,40.389066],[49.9760748,40.3890967]]}},{"type":"Feature","properties":{"road_class":"secondary","highway":"secondary"},"geometry":{"type":"LineString","coordinates":[[49.9760748,40.3890967],[49.9760796,40.3891294]]}},{"type":"Feature","properties":{"road_class":"secondary","highway":"secondary"},"geometry":{"type":"LineString","coordinates":[[49.9976094,40.3938999],[49.9980101,40.3947138]]}},{"type":"Feature","properties":{"road_class":"secondary","highway":"secondary"},"geometry":{"type":"LineString","coordinates":[[50.0032572,40.420576],[50.0028891,40.4205019]]}},{"type":"Feature","properties":{"road_class":"secondary","highway":"secondary"},"geometry":{"type":"LineString","coordinates":[[49.7579143,40.5266405],[49.757837,40.5270338]]}},{"type":"Feature","properties":{"road_class":"secondary","highway":"secondary"},"geometry":{"type":"LineString","coordinates":[[49.7575267,40.5268219],[49.7579143,40.5266405]]}},{"type":"Feature","properties":{"road_class":"secondary","highway":"secondary"},"geometry":{"type":"LineString","coordinates":[[49.8612774,40.4052423],[49.8617062,40.4052245]]}},{"type":"Feature","properties":{"road_class":"secondary","highway":"secondary"},"geometry":{"type":"LineString","coordinates":[[49.9598405,40.4122654],[49.9599917,40.4125027]]}},{"type":"Feature","properties":{"road_class":"secondary","highway":"secondary"},"geometry":{"type":"LineString","coordinates":[[49.959613,40.4122908],[49.9598405,40.4122654]]}},{"type":"Feature","properties":{"road_class":"secondary","highway":"secondary"},"geometry":{"type":"LineString","coordinates":[[49.9757661,40.38918],[49.9757508,40.3891206]]}},{"type":"Feature","properties":{"road_class":"secondary","highway":"secondary"},"geometry":{"type":"LineString","coordinates":[[49.9599917,40.4125027],[49.9598846,40.4125474]]}},{"type":"Feature","properties":{"road_class":"secondary","highway":"secondary"},"geometry":{"type":"LineString","coordinates":[[49.9594087,40.412554],[49.959613,40.4122908]]}},{"type":"Feature","properties":{"road_class":"secondary","highway":"secondary"},"geometry":{"type":"LineString","coordinates":[[49.9430483,40.3954051],[49.9407658,40.3955191]]}}]}