rayon,year,capacity,rooms,nights,nights_domestic,nights_foreign,guests,guests_domestic,guests_foreign,revenue,expense,employees,economic_region,area_sqkm,hotel_density,revenue_per_capacity,revenue_per_guest,expense_per_guest,avg_stay,occupancy_proxy,emp_per_capacity,foreign_tourist_ratio,domestic_tourist_ratio,profit,profit_per_capacity,foreign_night_ratio
Abşeron iqtisadi rayonu,2006,1040.0,407.0,9642.0,7686.0,1956.0,7617.0,6019.0,1598.0,689.3,820.9,139.0,,,0.0,0.6627884615384615,0.09049494551660758,0.10777208874885125,1.265852697912564,0.025400421496311908,0.13365384615384615,0.20979388210581593,0.790206117894184,-131.60000000000002,-0.12653846153846157,0.2028624766645924
Abşeron rayonu,2006,130.0,65.0,4831.0,3983.0,848.0,4831.0,3983.0,848.0,538.3,541.6,81.0,Absheron,,0.0,4.14076923076923,0.11142620575450217,0.11210929414199959,1.0,0.10181243414120127,0.6230769230769231,0.17553301593872905,0.824466984061271,-3.300000000000068,-0.025384615384615908,0.17553301593872905
Astara rayonu,2006,186.0,83.0,3383.0,2471.0,912.0,2786.0,1984.0,802.0,28.1,43.9,15.0,Lankaran-Astara,461.5057835,0.4030285353942915,0.15107526881720432,0.010086145010768127,0.015757358219669778,1.2142857142857142,0.04983060833701576,0.08064516129032258,0.28786791098348885,0.7121320890165111,-15.799999999999997,-0.08494623655913977,0.2695832101684895
Ağcabədi rayonu,2006,60.0,30.0,117.0,117.0,,117.0,117.0,,0.6,1.0,2.0,Karabakh,,0.0,0.01,0.005128205128205128,0.008547008547008548,1.0,0.005342465753424658,0.03333333333333333,0.0,1.0,-0.4,-0.006666666666666667,0.0
Ağdaş rayonu,2006,90.0,52.0,846.0,830.0,16.0,360.0,350.0,10.0,4.1,3.8,5.0,Central Aran,,0.0,0.04555555555555555,0.011388888888888888,0.010555555555555556,2.35,0.025753424657534246,0.05555555555555555,0.027777777777777776,0.9722222222222222,0.2999999999999998,0.0033333333333333314,0.018912529550827423
Ağstafa rayonu,2006,54.0,23.0,11403.0,10920.0,483.0,6766.0,6503.0,263.0,41.8,33.4,6.0,Gazakh-Tovuz,,0.0,0.774074074074074,0.006177948566361217,0.0049364469405852795,1.6853384569908365,0.5785388127853881,0.1111111111111111,0.03887082471179427,0.9611291752882057,8.399999999999999,0.15555555555555553,0.0423572744014733
Ağsu rayonu,2006,72.0,72.0,456.0,456.0,,456.0,456.0,,2.1,2.1,3.0,Mountainous Shirvan,,0.0,0.029166666666666667,0.004605263157894737,0.004605263157894737,1.0,0.017351598173515982,0.041666666666666664,0.0,1.0,0.0,0.0,0.0
Bakı şəhəri,2006,6927.0,3816.0,687687.0,160166.0,527521.0,157494.0,26636.0,130858.0,68064.6,43994.7,2677.0,,,0.0,9.825985275010828,0.43217265419635037,0.27934207017410184,4.366433006971694,0.2719898906601328,0.38645878446658005,0.8308760968671822,0.16912390313281775,24069.90000000001,3.4747942832394987,0.7670946229898195
Balakən rayonu,2006,48.0,24.0,160.0,160.0,,160.0,160.0,,0.6,0.9,2.0,Sheki-Zagatala,,0.0,0.012499999999999999,0.00375,0.005625,1.0,0.0091324200913242,0.041666666666666664,0.0,1.0,-0.30000000000000004,-0.006250000000000001,0.0
Beyləqan rayonu,2006,35.0,17.0,496.0,496.0,,406.0,406.0,,20.8,6.2,2.0,Mil-Mughan,,0.0,0.5942857142857143,0.05123152709359606,0.015270935960591134,1.2216748768472907,0.03882583170254403,0.05714285714285714,0.0,1.0,14.600000000000001,0.4171428571428572,0.0
Biləsuvar rayonu,2006,36.0,14.0,336.0,336.0,,259.0,259.0,,1.8,1.8,1.0,,,0.0,0.05,0.00694980694980695,0.00694980694980695,1.2972972972972974,0.025570776255707764,0.027777777777777776,0.0,1.0,0.0,0.0,0.0
Binəqədi rayonu,2006,668.0,292.0,20173.0,1140.0,19033.0,9544.0,960.0,8584.0,969.9,904.8,97.0,Baku,,0.0,1.4519461077844311,0.10162405699916177,0.09480301760268231,2.1136839899413244,0.08273726519563612,0.14520958083832336,0.8994132439228835,0.10058675607711651,65.10000000000002,0.09745508982035932,0.943488821692361
Bərdə rayonu,2006,108.0,75.0,1325.0,1325.0,,1325.0,1325.0,,5.9,5.7,10.0,Karabakh,,0.0,0.05462962962962963,0.0044528301886792455,0.00430188679245283,1.0,0.03361237950279046,0.09259259259259259,0.0,1.0,0.20000000000000018,0.0018518518518518534,0.0
Cəlilabad rayonu,2006,108.0,57.0,2875.0,2306.0,569.0,1324.0,1178.0,146.0,8.1,6.8,6.0,Lankaran-Astara,,0.0,0.075,0.006117824773413897,0.0051359516616314195,2.171450151057402,0.07293252156265854,0.05555555555555555,0.11027190332326284,0.8897280966767371,1.2999999999999998,0.012037037037037035,0.19791304347826086
Dağlıq Şirvan iqtisadi rayonu,2006,806.0,390.0,20031.0,19986.0,45.0,8334.0,8304.0,30.0,248.7,193.89999999999998,100.0,,,0.0,0.308560794044665,0.02984161267098632,0.023266138708903285,2.4035277177825773,0.06808865019205275,0.12406947890818859,0.003599712023038157,0.9964002879769619,54.80000000000001,0.06799007444168736,0.002246517897259248
Daşkəsən rayonu,2006,11.0,6.0,,,,,,,,,1.0,Ganja-Dashkasan,,0.0,0.0,0.0,0.0,0.0,0.0,0.09090909090909091,0.0,0.0,0.0,0.0,0.0
Göygöl rayonu,2006,70.0,31.0,840.0,840.0,,711.0,711.0,,9.6,7.1,8.0,,,0.0,0.13714285714285715,0.01350210970464135,0.009985935302390997,1.1814345991561181,0.03287671232876712,0.11428571428571428,0.0,1.0,2.5,0.03571428571428571,0.0
Göyçay rayonu,2006,26.0,20.0,600.0,560.0,40.0,420.0,400.0,20.0,3.7,3.7,5.0,Central Aran,,0.0,0.1423076923076923,0.00880952380952381,0.00880952380952381,1.4285714285714286,0.06322444678609063,0.19230769230769232,0.047619047619047616,0.9523809523809523,0.0,0.0,0.06666666666666667
Gədəbəy rayonu,2006,52.0,25.0,,,,,,,10.3,6.4,4.0,Ganja-Dashkasan,,0.0,0.1980769230769231,0.0,0.0,0.0,0.0,0.07692307692307693,0.0,0.0,3.9000000000000004,0.07500000000000001,0.0
Gəncə  şəhəri,2006,481.0,255.0,10017.0,7111.0,2906.0,8832.0,7111.0,1721.0,115.5,151.6,42.0,,,0.0,0.24012474012474014,0.013077445652173914,0.017164855072463767,1.1341711956521738,0.05705579130236665,0.08731808731808732,0.19485960144927536,0.8051403985507246,-36.099999999999994,-0.07505197505197504,0.2901068184087052
Gəncə-Daşkəsən iqtisadi rayonu,2006,4834.0,2085.0,66577.0,63550.0,3027.0,12335.0,10608.0,1727.0,679.9,669.6,202.0,,,0.0,0.14064956557716177,0.055119578435346574,0.05428455614106202,5.397405755978922,0.03773329328217365,0.041787339677285894,0.14000810701256586,0.8599918929874342,10.299999999999955,0.0021307405875051625,0.04546615197440557
Kürdəmir rayonu,2006,94.0,44.0,1080.0,1080.0,,1080.0,1080.0,,5.7,1.6,4.0,Central Aran,,0.0,0.06063829787234043,0.005277777777777778,0.0014814814814814816,1.0,0.031477703293500435,0.0425531914893617,0.0,1.0,4.1,0.04361702127659574,0.0
Lerik rayonu,2006,27.0,28.0,1341.0,949.0,392.0,568.0,420.0,148.0,57.6,37.5,16.0,Lankaran-Astara,1101.38591173,0.024514568156759693,2.1333333333333333,0.10140845070422536,0.06602112676056338,2.3609154929577465,0.13607305936073058,0.5925925925925926,0.2605633802816901,0.7394366197183099,20.1,0.7444444444444445,0.2923191648023863
Lənkəran iqtisadi rayonu,2006,1736.0,837.0,93068.0,90005.0,3063.0,35056.0,33343.0,1713.0,694.4000000000001,596.4,252.0,,,0.0,0.4000000000000001,0.01980830670926518,0.017012779552715653,2.6548379735280694,0.14687835363929044,0.14516129032258066,0.048864673664993155,0.9511353263350069,98.00000000000011,0.056451612903225874,0.03291141960716895
Lənkəran rayonu,2006,367.0,192.0,4457.0,3274.0,1183.0,2846.0,2249.0,597.0,290.3,304.8,76.0,,,0.0,0.7910081743869211,0.10200281096275475,0.10709768095572735,1.5660576247364721,0.03327236758612967,0.20708446866485014,0.20976809557273365,0.7902319044272663,-14.5,-0.039509536784741145,0.26542517388377834
Masallı rayonu,2006,1022.0,467.0,81012.0,81005.0,7.0,27532.0,27512.0,20.0,310.3,203.4,137.0,Lankaran-Astara,,0.0,0.3036203522504892,0.011270521574894669,0.007387766962080489,2.9424669475519396,0.21717288153767794,0.13405088062622308,0.000726427429899753,0.9992735725701003,106.9,0.10459882583170255,8.640695205648546e-05
Mil-Muğan iqtisadi rayonu,2006,91.0,35.0,1599.0,1596.0,3.0,1169.0,1168.0,1.0,23.0,9.5,8.0,,,0.0,0.25274725274725274,0.019674935842600515,0.008126603934987169,1.3678357570573139,0.04814090019569472,0.08791208791208792,0.000855431993156544,0.9991445680068435,13.5,0.14835164835164835,0.001876172607879925
Mingəçevir şəhəri,2006,773.0,276.0,8110.0,7739.0,371.0,4769.0,4651.0,118.0,64.5,67.7,34.0,Central Aran,,0.0,0.08344113842173351,0.013524847976514993,0.014195848186202559,1.7005661564269239,0.02874408548795832,0.04398447606727038,0.02474313273222898,0.975256867267771,-3.200000000000003,-0.004139715394566627,0.045745992601726265
Mərkəzi Aran iqtisadi rayonu,2006,1225.0,595.0,11331.0,10894.0,437.0,6803.0,6652.0,151.0,83.69999999999999,82.4,58.0,,,0.0,0.06832653061224489,0.012303395560782006,0.012112303395560783,1.6655887108628546,0.025341906625663966,0.0473469387755102,0.022196089960311628,0.9778039100396884,1.299999999999983,0.0010612244897959045,0.03856676374547701
Naftalan  şəhəri,2006,4272.0,1793.0,55720.0,55599.0,121.0,2792.0,2786.0,6.0,554.8,510.9,151.0,,15.57198574,274.33880760797564,0.1298689138576779,0.1987106017191977,0.18298710601719198,19.95702005730659,0.035734441537119695,0.035346441947565546,0.002148997134670487,0.9978510028653295,43.89999999999998,0.010276217228464415,0.002171572146446518
Neftçala rayonu,2006,60.0,32.0,437.0,437.0,,437.0,437.0,,0.9,1.5,3.0,,,0.0,0.015000000000000001,0.002059496567505721,0.003432494279176201,1.0,0.01995433789954338,0.05,0.0,1.0,-0.6,-0.01,0.0
Nizami rayonu,2006,214.0,128.0,12772.0,7099.0,5673.0,4423.0,2234.0,2189.0,763.3,531.8,53.0,Baku,,0.0,3.5668224299065416,0.1725751752204386,0.12023513452407866,2.8876328283970154,0.16351299449494303,0.24766355140186916,0.49491295500791316,0.5050870449920868,231.5,1.0817757009345794,0.4441747572815534
Nərimanov rayonu,2006,834.0,410.0,8945.0,874.0,8071.0,2944.0,374.0,2570.0,3348.9,2705.6,205.0,Baku,,0.0,4.015467625899281,1.1375339673913043,0.9190217391304347,3.038383152173913,0.029384711408955027,0.24580335731414868,0.8729619565217391,0.12703804347826086,643.3000000000002,0.7713429256594726,0.9022917831190609
Nəsimi rayonu,2006,790.0,610.0,98092.0,2765.0,95327.0,32598.0,1641.0,30957.0,14469.2,13731.1,476.0,Baku,,0.0,18.315443037974685,0.44386772194613167,0.4212252285416283,3.00914166513283,0.3401838044043697,0.6025316455696202,0.9496594883121664,0.05034051168783361,738.1000000000004,0.9343037974683549,0.971812176324267
Qarabağ iqtisadi rayonu,2006,200.0,121.0,2048.0,2048.0,,1992.0,1992.0,,9.4,9.8,14.0,,,0.0,0.047,0.004718875502008032,0.004919678714859438,1.0281124497991967,0.028054794520547946,0.07,0.0,1.0,-0.40000000000000036,-0.0020000000000000018,0.0
Qaradağ rayonu,2006,,,,,351.0,6418.0,,,,,,Baku,,0.0,0.0,0.0,0.0,0.0,0.0,0.0,0.0,0.0,0.0,0.0,0.0
Qax rayonu,2006,269.0,128.0,13868.0,13778.0,90.0,1461.0,1443.0,18.0,279.0,240.6,50.0,Sheki-Zagatala,,0.0,1.037174721189591,0.19096509240246407,0.16468172484599589,9.492128678986996,0.14124357081020522,0.18587360594795538,0.012320328542094456,0.9876796714579056,38.400000000000006,0.14275092936802977,0.0064897605999423135
Qazax rayonu,2006,188.0,97.0,1855.0,1855.0,,1455.0,1455.0,,4.9,3.8,14.0,Gazakh-Tovuz,,0.0,0.026063829787234045,0.0033676975945017185,0.002611683848797251,1.274914089347079,0.027032935004371903,0.07446808510638298,0.0,1.0,1.1000000000000005,0.005851063829787237,0.0
Qazax-Tovuz iqtisadi rayonu,2006,394.0,197.0,14256.0,13773.0,483.0,8626.0,8363.0,263.0,63.39999999999999,49.3,30.0,,1818.350328,0.21667991801852607,0.1609137055837563,0.00734987247855321,0.005715279387897055,1.6526779503825644,0.09913079758014047,0.07614213197969544,0.03048921864131695,0.9695107813586831,14.099999999999994,0.03578680203045684,0.03388047138047138
Quba rayonu,2006,571.0,228.0,8274.0,7830.0,444.0,4986.0,4636.0,350.0,156.5,112.9,94.0,Guba-Khachmaz,,0.0,0.27408056042031526,0.031387886081026876,0.022643401524267952,1.6594464500601684,0.039699637742005134,0.1646234676007005,0.07019655034095468,0.9298034496590454,43.599999999999994,0.07635726795096322,0.05366207396664249
Quba-Xaçmaz iqtisadi rayonu,2006,5182.0,1895.0,147577.0,147018.0,559.0,21920.0,21542.0,378.0,1976.3,1946.8,457.0,,,0.0,0.3813778463913547,0.09015967153284671,0.08881386861313868,6.732527372262774,0.0780240347250493,0.08818988807410266,0.017244525547445256,0.9827554744525547,29.5,0.005692782709378618,0.0037878531207437473
Qusar rayonu,2006,237.0,111.0,8584.0,8584.0,,1705.0,1705.0,,133.8,130.1,25.0,Guba-Khachmaz,,0.0,0.5645569620253165,0.07847507331378299,0.07630498533724339,5.034604105571847,0.09923125830876828,0.10548523206751055,0.0,1.0,3.700000000000017,0.015611814345991633,0.0
Qəbələ rayonu,2006,215.0,68.0,1534.0,1442.0,92.0,1534.0,1442.0,92.0,112.1,112.1,36.0,,,0.0,0.5213953488372093,0.07307692307692307,0.07307692307692307,1.0,0.01954762663268557,0.16744186046511628,0.05997392438070404,0.940026075619296,0.0,0.0,0.05997392438070404
Saatlı rayonu,2006,36.0,11.0,497.0,494.0,3.0,157.0,156.0,,1.0,2.1,4.0,Mil-Mughan,,0.0,0.027777777777777776,0.006369426751592357,0.01337579617834395,3.1656050955414012,0.0378234398782344,0.1111111111111111,0.0,0.9936305732484076,-1.1,-0.030555555555555558,0.006036217303822937
Salyan rayonu,2006,101.0,66.0,1031.0,1031.0,,562.0,562.0,,3.1,3.1,3.0,,1916.78295505,0.05269245520673225,0.030693069306930693,0.005516014234875445,0.005516014234875445,1.8345195729537367,0.027966906279669062,0.0297029702970297,0.0,1.0,0.0,0.0,0.0
Siyəzən rayonu,2006,280.0,90.0,5350.0,5350.0,,201.0,201.0,,,123.4,13.0,Guba-Khachmaz,,0.0,0.0,0.0,0.6139303482587065,26.616915422885572,0.052348336594911934,0.04642857142857143,0.0,1.0,0.0,0.0,0.0
Sumqayıt şəhəri,2006,584.0,201.0,2787.0,2045.0,742.0,698.0,455.0,243.0,44.4,54.4,34.0,Absheron,,0.0,0.07602739726027397,0.06361031518624642,0.07793696275071633,3.992836676217765,0.01307468568211672,0.05821917808219178,0.34813753581661894,0.6518624641833811,-10.0,-0.017123287671232876,0.26623609616074634
Səbail rayonu,2006,2166.0,1172.0,122960.0,24900.0,98060.0,30418.0,11996.0,18422.0,11126.6,6431.5,640.0,Baku,,0.0,5.1369344413665745,0.36578999276744034,0.2114373068577816,4.042343349332632,0.15552941474088972,0.29547553093259465,0.605628246433033,0.3943717535669669,4695.1,2.1676361957525394,0.7974951203643461
Tərtər rayonu,2006,32.0,16.0,606.0,606.0,,550.0,550.0,,2.9,3.1,2.0,Karabakh,,0.0,0.090625,0.005272727272727273,0.005636363636363636,1.1018181818181818,0.05188356164383562,0.0625,0.0,1.0,-0.20000000000000018,-0.0062500000000000056,0.0
Ucar rayonu,2006,52.0,19.0,,,,,,,0.1,0.2,1.0,Central Aran,,0.0,0.0019230769230769232,0.0,0.0,0.0,0.0,0.019230769230769232,0.0,0.0,-0.1,-0.0019230769230769232,0.0
Xaçmaz rayonu,2006,3828.0,1363.0,109108.0,108993.0,115.0,13839.0,13811.0,28.0,1523.1,1392.6,257.0,Guba-Khachmaz,,0.0,0.39788401253918493,0.11005853024062431,0.10062865814003902,7.884095671652576,0.078089348849859,0.06713688610240334,0.0020232675771370764,0.9979767324228629,130.5,0.03409090909090909,0.001054001539758771
Xızı rayonu,2006,326.0,141.0,2024.0,1658.0,366.0,2088.0,1581.0,507.0,106.6,224.9,24.0,Absheron,,0.0,0.32699386503067485,0.05105363984674329,0.10771072796934866,0.9693486590038314,0.017009832759055384,0.0736196319018405,0.24281609195402298,0.757183908045977,-118.30000000000001,-0.3628834355828221,0.1808300395256917
Xətai rayonu,2006,109.0,48.0,11716.0,3810.0,7906.0,5870.0,1660.0,4210.0,24.3,27.2,20.0,Baku,,0.0,0.22293577981651377,0.004139693356047701,0.004633730834752981,1.9959114139693357,0.2944828452934523,0.1834862385321101,0.717206132879046,0.282793867120954,-2.8999999999999986,-0.02660550458715595,0.6748036872652783
Xəzər rayonu,2006,1247.0,623.0,115249.0,114898.0,,,6301.0,117.0,1674.2,1610.6,486.0,Baku,,0.0,1.3425821972734564,0.0,0.0,0.0,0.25320824773978096,0.3897353648757017,0.0,0.0,63.600000000000136,0.05100240577385737,0.0
Yardımlı rayonu,2006,26.0,10.0,,,,,,,,,2.0,Lankaran-Astara,,0.0,0.0,0.0,0.0,0.0,0.0,0.07692307692307693,0.0,0.0,0.0,0.0,0.0
Yasamal rayonu,2006,899.0,533.0,297780.0,4680.0,293100.0,65279.0,1470.0,63809.0,35688.2,18052.1,700.0,Baku,,0.0,39.69766407119021,0.546702614929763,0.27653763078478527,4.561650760581504,0.9074923430904963,0.778642936596218,0.9774812726910646,0.02251872730893549,17636.1,19.6174638487208,0.9842836993753777
Yevlax rayonu,2006,173.0,173.0,,,,,,,,,2.0,Central Aran,,0.0,0.0,0.0,0.0,0.0,0.0,0.011560693641618497,0.0,0.0,0.0,0.0,0.0
Zaqatala rayonu,2006,191.0,80.0,2468.0,2277.0,191.0,2057.0,1866.0,191.0,54.1,58.5,37.0,Sheki-Zagatala,,0.0,0.2832460732984293,0.026300437530384056,0.028439474963539133,1.1998055420515314,0.03540127662626408,0.193717277486911,0.09285367039377734,0.9071463296062227,-4.399999999999999,-0.023036649214659678,0.0773905996758509
Zərdab rayonu,2006,17.0,11.0,695.0,685.0,10.0,174.0,171.0,3.0,5.6,5.4,7.0,Central Aran,,0.0,0.32941176470588235,0.03218390804597701,0.031034482758620693,3.9942528735632186,0.11200644641418211,0.4117647058823529,0.017241379310344827,0.9827586206896551,0.1999999999999993,0.0117647058823529,0.014388489208633094
İmişli rayonu,2006,20.0,7.0,606.0,606.0,,606.0,606.0,1.0,1.2,1.2,2.0,Mil-Mughan,,0.0,0.06,0.0019801980198019802,0.0019801980198019802,1.0,0.08301369863013698,0.1,0.0016501650165016502,1.0,0.0,0.0,0.0
İsmayıllı rayonu,2006,200.0,87.0,3523.0,3478.0,45.0,1794.0,1764.0,30.0,19.5,13.1,21.0,Mountainous Shirvan,,0.0,0.0975,0.010869565217391304,0.007302118171683389,1.963768115942029,0.04826027397260274,0.105,0.016722408026755852,0.9832775919732442,6.4,0.032,0.012773204655123474
Şabran rayonu,2006,266.0,103.0,16261.0,16261.0,,1189.0,1189.0,,162.9,187.8,68.0,Guba-Khachmaz,,0.0,0.612406015037594,0.13700588730025232,0.1579478553406224,13.676198486122793,0.16748377793799568,0.2556390977443609,0.0,1.0,-24.900000000000006,-0.093609022556391,0.0
Şamaxı rayonu,2006,534.0,231.0,16052.0,16052.0,,6084.0,6084.0,,227.1,178.7,76.0,Mountainous Shirvan,,0.0,0.42528089887640447,0.03732741617357002,0.029372123602892833,2.638395792241946,0.08235595916063825,0.14232209737827714,0.0,1.0,48.400000000000006,0.0906367041198502,0.0
Şirvan şəhəri,2006,78.0,26.0,2496.0,2217.0,279.0,1837.0,1728.0,109.0,16.1,20.3,14.0,,,0.0,0.20641025641025643,0.008764289602612956,0.011050626020685902,1.3587370713119216,0.08767123287671233,0.1794871794871795,0.05933587370713119,0.9406641262928688,-4.199999999999999,-0.053846153846153835,0.11177884615384616
Şirvan-Salyan iqtisadi rayonu,2006,275.0,138.0,4300.0,4021.0,279.0,3095.0,2986.0,109.0,21.900000000000002,26.700000000000003,21.0,,1916.78295505,0.14346955625595414,0.07963636363636364,0.007075928917609047,0.008626817447495962,1.3893376413570275,0.042839352428393526,0.07636363636363637,0.03521809369951535,0.9647819063004847,-4.800000000000001,-0.01745454545454546,0.06488372093023256
Şəki rayonu,2006,291.0,144.0,6511.0,4841.0,1670.0,4830.0,3271.0,1559.0,216.4,262.0,52.0,,,0.0,0.7436426116838488,0.044803312629399586,0.054244306418219465,1.348033126293996,0.061300193004754505,0.17869415807560138,0.3227743271221532,0.6772256728778467,-45.599999999999994,-0.15670103092783502,0.25648901858393486
Şəki-Zaqatala iqtisadi rayonu,2006,1014.0,444.0,24541.0,22498.0,2043.0,10042.0,8182.0,1860.0,662.2,674.1,177.0,,,0.0,0.6530571992110454,0.06594303923521211,0.06712806213901613,2.4438358892650864,0.06630731404177137,0.17455621301775148,0.18522206731726748,0.8147779326827326,-11.899999999999977,-0.011735700197238637,0.08324844138380669
Şəmkir rayonu,2006,100.0,52.0,998.0,998.0,,405.0,405.0,,6.4,5.7,6.0,Gazakh-Tovuz,,0.0,0.064,0.01580246913580247,0.014074074074074074,2.4641975308641975,0.027342465753424656,0.06,0.0,1.0,0.7000000000000002,0.007000000000000002,0.0
Abşeron iqtisadi rayonu,2007,1136.0,431.0,12254.0,10731.0,1523.0,6589.0,6033.0,556.0,659.3000000000001,584.2,160.0,,,0.0,0.5803697183098592,0.1000607072393383,0.08866292305357415,1.8597662771285475,0.029553347482153193,0.14084507042253522,0.08438306268022462,0.9156169373197753,75.10000000000002,0.06610915492957749,0.124285947445732
Abşeron rayonu,2007,134.0,67.0,6671.0,6524.0,147.0,3528.0,3495.0,33.0,450.3,266.6,77.0,Absheron,,0.0,3.3604477611940298,0.1276360544217687,0.07556689342403629,1.8908730158730158,0.13639337558781436,0.5746268656716418,0.00935374149659864,0.9906462585034014,183.7,1.3708955223880597,0.022035676810073453
Astara rayonu,2007,215.0,92.0,2675.0,1653.0,1022.0,1726.0,933.0,793.0,46.0,40.3,22.0,Lankaran-Astara,461.5057835,0.4658663177944768,0.21395348837209302,0.026651216685979143,0.023348783314020856,1.5498261877172654,0.034087288945524055,0.10232558139534884,0.45944380069524915,0.5405561993047509,5.700000000000003,0.026511627906976757,0.3820560747663551
Ağcabədi rayonu,2007,60.0,30.0,120.0,120.0,,20.0,20.0,,1.0,0.8,2.0,Karabakh,,0.0,0.016666666666666666,0.05,0.04,6.0,0.005479452054794521,0.03333333333333333,0.0,1.0,0.19999999999999996,0.0033333333333333327,0.0
Ağdaş rayonu,2007,90.0,52.0,962.0,962.0,,480.0,480.0,,5.1,4.6,5.0,Central Aran,,0.0,0.056666666666666664,0.010624999999999999,0.009583333333333333,2.004166666666667,0.02928462709284627,0.05555555555555555,0.0,1.0,0.5,0.005555555555555556,0.0
Ağstafa rayonu,2007,68.0,27.0,6884.0,6349.0,535.0,6861.0,6341.0,520.0,30.0,21.6,10.0,Gazakh-Tovuz,,0.0,0.4411764705882353,0.004372540445999125,0.0031482291211193704,1.0033522810085993,0.2773569701853344,0.14705882352941177,0.07579070106398485,0.9242092989360151,8.399999999999999,0.12352941176470586,0.07771644392794887
Ağsu rayonu,2007,72.0,40.0,647.0,647.0,,471.0,471.0,,2.5,2.3,2.0,Mountainous Shirvan,,0.0,0.034722222222222224,0.005307855626326964,0.004883227176220807,1.3736730360934182,0.024619482496194826,0.027777777777777776,0.0,1.0,0.20000000000000018,0.00277777777777778,0.0
Bakı şəhəri,2007,7792.0,4342.0,702305.0,165512.0,536793.0,159137.0,27618.0,131519.0,81855.4,72184.5,3054.0,,,0.0,10.505056468172484,0.514370636621276,0.4535997285357899,4.413210001445296,0.24693574020421366,0.3919404517453799,0.8264514223593508,0.17354857764064927,9670.899999999994,1.2411319301848043,0.7643303123286891
Balakən rayonu,2007,48.0,24.0,366.0,366.0,,366.0,366.0,,3.8,3.6,3.0,Sheki-Zagatala,,0.0,0.07916666666666666,0.010382513661202184,0.009836065573770493,1.0,0.02089041095890411,0.0625,0.0,1.0,0.19999999999999973,0.004166666666666661,0.0
Beyləqan rayonu,2007,17.0,6.0,458.0,458.0,,320.0,320.0,,16.6,16.9,2.0,Mil-Mughan,,0.0,0.9764705882352942,0.051875000000000004,0.0528125,1.43125,0.07381144238517325,0.11764705882352941,0.0,1.0,-0.29999999999999716,-0.017647058823529245,0.0
Biləsuvar rayonu,2007,36.0,14.0,627.0,627.0,,331.0,331.0,,2.5,2.5,2.0,,,0.0,0.06944444444444445,0.0075528700906344415,0.0075528700906344415,1.894259818731118,0.04771689497716895,0.05555555555555555,0.0,1.0,0.0,0.0,0.0
Binəqədi rayonu,2007,834.0,380.0,20202.0,1153.0,19049.0,9281.0,687.0,8594.0,1133.9,1021.4,148.0,Baku,,0.0,1.3595923261390888,0.12217433466221313,0.11005279603491003,2.176705096433574,0.06636444269242141,0.1774580335731415,0.9259778041159358,0.07402219588406422,112.50000000000011,0.13489208633093538,0.9429264429264429
Bərdə rayonu,2007,108.0,75.0,1144.0,1144.0,,1144.0,1144.0,,7.7,7.4,8.0,Karabakh,,0.0,0.0712962962962963,0.006730769230769231,0.006468531468531468,1.0,0.02902080162354135,0.07407407407407407,0.0,1.0,0.2999999999999998,0.002777777777777776,0.0
Cəlilabad rayonu,2007,140.0,66.0,2926.0,2402.0,524.0,1352.0,1207.0,145.0,8.9,7.7,10.0,Lankaran-Astara,,0.0,0.06357142857142857,0.0065828402366863905,0.005695266272189349,2.1642011834319526,0.05726027397260274,0.07142857142857142,0.10724852071005918,0.8927514792899408,1.2000000000000002,0.008571428571428572,0.17908407382091593
Dağlıq Şirvan iqtisadi rayonu,2007,743.0,376.0,26146.0,25996.0,150.0,10206.0,10116.0,90.0,461.4,391.09999999999997,94.0,,,0.0,0.6209959623149394,0.045208700764256315,0.03832059572800313,2.5618263766411915,0.09641033204889471,0.126514131897712,0.008818342151675485,0.9911816578483245,70.30000000000001,0.09461641991924631,0.005737015222213723
Göygöl rayonu,2007,70.0,31.0,925.0,925.0,,720.0,720.0,,9.7,5.5,8.0,,,0.0,0.13857142857142857,0.01347222222222222,0.007638888888888889,1.2847222222222223,0.036203522504892366,0.11428571428571428,0.0,1.0,4.199999999999999,0.05999999999999999,0.0
Göyçay rayonu,2007,26.0,20.0,680.0,660.0,20.0,430.0,410.0,20.0,4.2,3.9,5.0,Central Aran,,0.0,0.16153846153846155,0.009767441860465118,0.009069767441860464,1.5813953488372092,0.07165437302423604,0.19230769230769232,0.046511627906976744,0.9534883720930233,0.30000000000000027,0.01153846153846155,0.029411764705882353
Gədəbəy rayonu,2007,63.0,38.0,587.0,587.0,,235.0,235.0,,10.5,5.5,4.0,Ganja-Dashkasan,,0.0,0.16666666666666666,0.04468085106382979,0.023404255319148935,2.497872340425532,0.02552728854098717,0.06349206349206349,0.0,1.0,5.0,0.07936507936507936,0.0
Gəncə  şəhəri,2007,473.0,265.0,8330.0,6734.0,1596.0,8330.0,6734.0,1596.0,161.4,192.5,48.0,,,0.0,0.3412262156448203,0.019375750300120047,0.023109243697478993,1.0,0.048249297691795305,0.1014799154334038,0.1915966386554622,0.8084033613445378,-31.099999999999994,-0.0657505285412262,0.1915966386554622
Gəncə-Daşkəsən iqtisadi rayonu,2007,4023.0,1683.0,9255.0,7659.0,1596.0,9050.0,7454.0,1596.0,171.1,214.0,86.0,,,0.0,0.04253044991300025,0.0189060773480663,0.023646408839779004,1.0226519337016575,0.006302799995913906,0.021377081779766344,0.176353591160221,0.823646408839779,-42.900000000000006,-0.010663683818046235,0.17244732576985414
Kürdəmir rayonu,2007,94.0,44.0,2340.0,2340.0,,2340.0,2340.0,,35.0,7.6,4.0,Central Aran,,0.0,0.3723404255319149,0.014957264957264958,0.003247863247863248,1.0,0.06820169046925095,0.0425531914893617,0.0,1.0,27.4,0.29148936170212764,0.0
Lerik rayonu,2007,131.0,61.0,2140.0,1924.0,216.0,624.0,553.0,71.0,659.6,650.4,29.0,Lankaran-Astara,1101.38591173,0.11894105290872295,5.035114503816794,1.057051282051282,1.0423076923076924,3.4294871794871793,0.044755829760535396,0.22137404580152673,0.11378205128205128,0.8862179487179487,9.200000000000045,0.07022900763358814,0.10093457943925234
Lənkəran iqtisadi rayonu,2007,1831.0,840.0,96387.0,90817.0,5570.0,36052.0,33403.0,2649.0,1555.4,1513.4,269.0,,,0.0,0.8494811578372474,0.04314323754576723,0.0419782536336403,2.6735548651947187,0.14422390639144714,0.14691425450573456,0.07347719960057694,0.926522800399423,42.0,0.022938285090114693,0.05778787595837613
Lənkəran rayonu,2007,396.0,213.0,6634.0,5836.0,798.0,3705.0,3177.0,528.0,265.0,362.6,85.0,,,0.0,0.6691919191919192,0.07152496626180836,0.09786774628879892,1.79055330634278,0.0458973294589733,0.21464646464646464,0.14251012145748987,0.8574898785425101,-97.60000000000002,-0.24646464646464653,0.12028941814892975
Masallı rayonu,2007,923.0,398.0,82012.0,79002.0,3010.0,28645.0,27533.0,1112.0,575.9,452.4,121.0,Lankaran-Astara,,0.0,0.6239436619718309,0.020104730319427472,0.015793332169663117,2.8630476522953394,0.2434348981136556,0.13109425785482123,0.03882003840111713,0.9611799615988829,123.5,0.13380281690140844,0.036701946056674636
Mil-Muğan iqtisadi rayonu,2007,143.0,78.0,4572.0,4296.0,276.0,3296.0,3180.0,116.0,135.4,113.5,42.0,,,0.0,0.9468531468531469,0.04108009708737864,0.034435679611650484,1.3871359223300972,0.08759459718363828,0.2937062937062937,0.03519417475728155,0.9648058252427184,21.900000000000006,0.1531468531468532,0.06036745406824147
Mingəçevir şəhəri,2007,773.0,276.0,13211.0,11369.0,1842.0,8389.0,7233.0,1156.0,99.7,62.6,34.0,Central Aran,,0.0,0.12897800776196636,0.011884610799856955,0.007462152819167958,1.5748003337704137,0.04682344184727711,0.04398447606727038,0.13779949934437954,0.8622005006556205,37.1,0.0479948253557568,0.1394292634925441
Mərkəzi Aran iqtisadi rayonu,2007,1228.0,595.0,17915.0,16046.0,1869.0,11831.0,10648.0,1183.0,154.1,111.80000000000001,58.0,,,0.0,0.1254885993485342,0.013025103541543402,0.009449750655058745,1.5142422449497084,0.039969211547900584,0.04723127035830619,0.09999154762910996,0.90000845237089,42.29999999999998,0.03444625407166122,0.10432598381244768
Naftalan  şəhəri,2007,3480.0,1387.0,,,,,,,,16.0,30.0,,15.57198574,223.4782421525644,0.0,0.0,0.0,0.0,0.0,0.008620689655172414,0.0,0.0,0.0,0.0,0.0
Neftçala rayonu,2007,60.0,32.0,748.0,748.0,,588.0,588.0,,1.7,2.3,3.0,,,0.0,0.028333333333333332,0.002891156462585034,0.00391156462585034,1.272108843537415,0.03415525114155251,0.05,0.0,1.0,-0.5999999999999999,-0.009999999999999998,0.0
Nizami rayonu,2007,356.0,150.0,12938.0,4913.0,8025.0,2955.0,763.0,2192.0,1579.4,1387.5,48.0,Baku,,0.0,4.436516853932584,0.5344839255499154,0.46954314720812185,4.37834179357022,0.09956903186085886,0.1348314606741573,0.7417935702199662,0.25820642978003383,191.9000000000001,0.5390449438202249,0.6202658834441181
Nərimanov rayonu,2007,928.0,455.0,11194.0,2169.0,9025.0,3525.0,852.0,2673.0,5105.1,4412.9,169.0,Baku,,0.0,5.5011853448275865,1.4482553191489362,1.251886524822695,3.1756028368794325,0.033047945205479455,0.18211206896551724,0.7582978723404256,0.24170212765957447,692.2000000000007,0.7459051724137938,0.8062354832946221
Nəsimi rayonu,2007,1485.0,935.0,107985.0,8651.0,99334.0,33954.0,2992.0,30962.0,22087.8,16995.9,525.0,Baku,,0.0,14.873939393939393,0.6505212935147552,0.500556635447959,3.180332214172115,0.19922512799225128,0.35353535353535354,0.9118807798786593,0.08811922012134064,5091.899999999998,3.4288888888888875,0.9198870213455572
Qarabağ iqtisadi rayonu,2007,198.0,120.0,1941.0,1941.0,,1536.0,1536.0,,12.0,11.400000000000002,12.0,,,0.0,0.06060606060606061,0.0078125,0.007421875000000001,1.263671875,0.026857617268576172,0.06060606060606061,0.0,1.0,0.5999999999999979,0.0030303030303030195,0.0
Qaradağ rayonu,2007,,,,,817.0,6435.0,,,,,,Baku,,0.0,0.0,0.0,0.0,0.0,0.0,0.0,0.0,0.0,0.0,0.0,0.0
Qax rayonu,2007,357.0,159.0,21497.0,21343.0,154.0,2907.0,2855.0,52.0,583.5,491.3,73.0,Sheki-Zagatala,,0.0,1.634453781512605,0.20072239422084623,0.16900584795321638,7.394908840729274,0.16497448294386247,0.20448179271708683,0.017887856897144824,0.9821121431028552,92.19999999999999,0.2582633053221288,0.007163790296320417
Qazax rayonu,2007,188.0,97.0,698.0,676.0,22.0,618.0,596.0,22.0,7.5,7.8,11.0,Gazakh-Tovuz,,0.0,0.0398936170212766,0.012135922330097087,0.01262135922330097,1.1294498381877023,0.01017196152725153,0.05851063829787234,0.03559870550161812,0.9644012944983819,-0.2999999999999998,-0.0015957446808510629,0.03151862464183381
Qazax-Tovuz iqtisadi rayonu,2007,419.0,214.0,8879.0,8322.0,557.0,8072.0,7530.0,542.0,50.2,37.0,31.0,,1818.350328,0.2304286437811229,0.11980906921241051,0.006219028741328048,0.004583746283448959,1.0999752229930624,0.058057344623532875,0.07398568019093078,0.06714568880079286,0.9328543111992071,13.200000000000003,0.03150357995226731,0.06273228967226038
Quba rayonu,2007,508.0,207.0,8802.0,8304.0,498.0,5373.0,4952.0,421.0,184.5,124.5,86.0,Guba-Khachmaz,,0.0,0.3631889763779528,0.03433835845896147,0.0231714126186488,1.6381909547738693,0.04747060726998166,0.16929133858267717,0.07835473664619393,0.921645263353806,60.0,0.11811023622047244,0.05657805044308112
Quba-Xaçmaz iqtisadi rayonu,2007,4949.0,1784.0,137334.0,136836.0,498.0,21720.0,21299.0,421.0,2068.7999999999997,2223.5999999999995,383.0,,,0.0,0.41802384320064656,0.09524861878453038,0.10237569060773478,6.32292817679558,0.07602698206639227,0.07738937159022025,0.019383057090239412,0.9806169429097605,-154.79999999999973,-0.03127904627197408,0.0036261959893398575
Qusar rayonu,2007,213.0,98.0,11600.0,11600.0,,1805.0,1805.0,,43.9,43.1,22.0,Guba-Khachmaz,,0.0,0.20610328638497652,0.024321329639889196,0.023878116343490307,6.426592797783933,0.14920573670332496,0.10328638497652583,0.0,1.0,0.7999999999999972,0.0037558685446009254,0.0
Qəbələ rayonu,2007,540.0,232.0,6916.0,6357.0,559.0,5003.0,4444.0,559.0,520.4,492.7,109.0,,,0.0,0.9637037037037036,0.1040175894463322,0.09848091145312812,1.3823705776534079,0.03508878741755454,0.20185185185185187,0.11173296022386568,0.8882670397761343,27.69999999999999,0.05129629629629628,0.08082706766917293
Saatlı rayonu,2007,100.0,61.0,2384.0,2108.0,276.0,1746.0,1630.0,,96.0,77.6,33.0,Mil-Mughan,,0.0,0.96,0.054982817869415807,0.04444444444444444,1.3654066437571593,0.06531506849315069,0.33,0.0,0.9335624284077892,18.400000000000006,0.18400000000000005,0.11577181208053691
Sabirabad rayonu,2007,6.0,4.0,1000.0,1000.0,,500.0,500.0,,21.5,17.6,5.0,Mil-Mughan,1466.33041279,0.004091847204194412,3.5833333333333335,0.043,0.0352,2.0,0.45662100456621,0.8333333333333334,0.0,1.0,3.8999999999999986,0.6499999999999998,0.0
Sabunçu rayonu,2007,16.0,16.0,60.0,60.0,,20.0,20.0,,3.5,3.9,120.0,Baku,,0.0,0.21875,0.175,0.195,3.0,0.010273972602739725,7.5,0.0,1.0,-0.3999999999999999,-0.024999999999999994,0.0
Salyan rayonu,2007,101.0,66.0,1072.0,1072.0,,614.0,614.0,,5.1,5.1,3.0,,1916.78295505,0.05269245520673225,0.05049504950495049,0.008306188925081432,0.008306188925081432,1.745928338762215,0.029079072290790722,0.0297029702970297,0.0,1.0,0.0,0.0,0.0
Siyəzən rayonu,2007,280.0,90.0,6181.0,6181.0,,160.0,160.0,,,260.0,15.0,Guba-Khachmaz,,0.0,0.0,0.0,1.625,38.63125,0.06047945205479452,0.05357142857142857,0.0,1.0,0.0,0.0,0.0
Sumqayıt şəhəri,2007,676.0,223.0,3046.0,2259.0,787.0,767.0,592.0,175.0,80.4,87.2,49.0,Absheron,,0.0,0.11893491124260355,0.1048239895697523,0.1136897001303781,3.971316818774446,0.01234497851989949,0.07248520710059171,0.22816166883963493,0.771838331160365,-6.799999999999997,-0.010059171597633133,0.25837163493105714
Suraxanı rayonu,2007,37.0,29.0,300.0,40.0,260.0,260.0,40.0,220.0,629.3,199.0,16.0,Baku,,0.0,17.008108108108107,2.420384615384615,0.7653846153846153,1.1538461538461537,0.022213994816734542,0.43243243243243246,0.8461538461538461,0.15384615384615385,430.29999999999995,11.629729729729728,0.8666666666666667
Səbail rayonu,2007,1758.0,930.0,123078.0,23862.0,99216.0,30558.0,12086.0,18472.0,12471.5,7642.5,706.0,Baku,,0.0,7.094141069397042,0.40812553177563976,0.2500981739642647,4.027685057922639,0.19180887372013652,0.40159271899886234,0.6044898226323713,0.3955101773676288,4829.0,2.7468714448236633,0.8061229464242188
Tərtər rayonu,2007,30.0,15.0,677.0,677.0,,372.0,372.0,,3.3,3.2,2.0,Karabakh,,0.0,0.11,0.008870967741935484,0.008602150537634409,1.8198924731182795,0.06182648401826484,0.06666666666666667,0.0,1.0,0.09999999999999964,0.0033333333333333214,0.0
Ucar rayonu,2007,52.0,19.0,,,,,,,,,1.0,Central Aran,,0.0,0.0,0.0,0.0,0.0,0.0,0.019230769230769232,0.0,0.0,0.0,0.0,0.0
Xaçmaz rayonu,2007,3895.0,1360.0,109690.0,109690.0,,13899.0,13899.0,,1837.8,1782.3,244.0,Guba-Khachmaz,,0.0,0.4718356867779204,0.13222533995251456,0.12823224692423915,7.891934671559105,0.0771554680218756,0.0626444159178434,0.0,1.0,55.5,0.014249037227214377,0.0
Xızı rayonu,2007,326.0,141.0,2537.0,1948.0,589.0,2294.0,1946.0,348.0,128.6,230.4,34.0,Absheron,,0.0,0.39447852760736196,0.056059285091543155,0.1004359197907585,1.1059285091543156,0.02132111942180015,0.10429447852760736,0.15170008718395817,0.8482999128160419,-101.80000000000001,-0.3122699386503068,0.232163973196689
Xətai rayonu,2007,98.0,48.0,11716.0,3810.0,7906.0,5870.0,1660.0,4210.0,42.5,39.0,21.0,Baku,,0.0,0.4336734693877551,0.007240204429301534,0.006643952299829642,1.9959114139693357,0.3275370422141459,0.21428571428571427,0.717206132879046,0.282793867120954,3.5,0.03571428571428571,0.6748036872652783
Xəzər rayonu,2007,1722.0,853.0,116382.0,115565.0,,,6070.0,365.0,3055.3,2852.8,631.0,Baku,,0.0,1.774274099883856,0.0,0.0,0.0,0.18516538590043435,0.36643437862950057,0.0,0.0,202.5,0.11759581881533102,0.0
Yardımlı rayonu,2007,26.0,10.0,,,,,,,,,2.0,Lankaran-Astara,,0.0,0.0,0.0,0.0,0.0,0.0,0.07692307692307693,0.0,0.0,0.0,0.0,0.0
Yasamal rayonu,2007,558.0,546.0,298450.0,5289.0,293161.0,66279.0,2448.0,63831.0,35747.1,37629.6,670.0,Baku,,0.0,64.06290322580645,0.539342778255556,0.5677454397320418,4.502934564492524,1.4653606323955417,1.200716845878136,0.9630652242791835,0.03693477572081655,-1882.5,-3.3736559139784945,0.9822784385994304
Yevlax rayonu,2007,173.0,173.0,,,,,,,,,2.0,Central Aran,,0.0,0.0,0.0,0.0,0.0,0.0,0.011560693641618497,0.0,0.0,0.0,0.0,0.0
Zaqatala rayonu,2007,187.0,79.0,2578.0,2442.0,136.0,1827.0,1756.0,71.0,72.4,70.9,34.0,Sheki-Zagatala,,0.0,0.38716577540106956,0.039627805145046525,0.038806787082649154,1.411056376573618,0.03777012673064244,0.18181818181818182,0.03886152162014231,0.9611384783798577,1.5,0.008021390374331552,0.05275407292474787
Zərdab rayonu,2007,20.0,11.0,722.0,715.0,7.0,192.0,185.0,7.0,10.1,33.1,7.0,Central Aran,,0.0,0.505,0.05260416666666667,0.17239583333333333,3.7604166666666665,0.0989041095890411,0.35,0.036458333333333336,0.9635416666666666,-23.0,-1.15,0.009695290858725761
İmişli rayonu,2007,20.0,7.0,730.0,730.0,,730.0,730.0,116.0,1.3,1.4,2.0,Mil-Mughan,,0.0,0.065,0.0017808219178082193,0.0019178082191780822,1.0,0.1,0.1,0.1589041095890411,1.0,-0.09999999999999987,-0.004999999999999993,0.0
İsmayıllı rayonu,2007,163.0,84.0,3327.0,3177.0,150.0,1223.0,1133.0,90.0,8.7,4.6,16.0,Mountainous Shirvan,,0.0,0.05337423312883435,0.007113654946852003,0.0037612428454619783,2.7203597710547833,0.05592066560215144,0.09815950920245399,0.07358953393295176,0.9264104660670482,4.1,0.02515337423312883,0.04508566275924256
Şabran rayonu,2007,53.0,29.0,1061.0,1061.0,,483.0,483.0,,2.6,13.7,16.0,Guba-Khachmaz,,0.0,0.04905660377358491,0.005383022774327123,0.02836438923395445,2.196687370600414,0.054846213491858364,0.3018867924528302,0.0,1.0,-11.1,-0.20943396226415092,0.0
Şamaxı rayonu,2007,508.0,252.0,22172.0,22172.0,,8512.0,8512.0,,450.2,384.2,76.0,Mountainous Shirvan,,0.0,0.8862204724409448,0.05289003759398496,0.04513627819548872,2.604793233082707,0.11957717614065365,0.14960629921259844,0.0,1.0,66.0,0.12992125984251968,0.0
Şirvan şəhəri,2007,128.0,56.0,20858.0,20509.0,349.0,1884.0,1748.0,136.0,24.0,23.1,14.0,,,0.0,0.1875,0.012738853503184714,0.012261146496815287,11.071125265392782,0.44644691780821916,0.109375,0.07218683651804671,0.9278131634819533,0.8999999999999986,0.007031249999999989,0.016732189088119666
Şirvan-Salyan iqtisadi rayonu,2007,325.0,168.0,23305.0,22956.0,349.0,3417.0,3281.0,136.0,33.3,33.0,22.0,,1916.78295505,0.16955493012067308,0.10246153846153845,0.009745390693590868,0.009657594381035996,6.820310213637694,0.19645943097997892,0.06769230769230769,0.03980099502487562,0.9601990049751243,0.29999999999999716,0.0009230769230769144,0.014975327183007939
Şəki rayonu,2007,419.0,188.0,27411.0,25952.0,1459.0,5836.0,4199.0,1637.0,320.5,447.8,93.0,,,0.0,0.7649164677804295,0.054917751884852636,0.07673063742289239,4.696881425633996,0.17923300748684082,0.22195704057279236,0.2805003427004798,0.7194996572995203,-127.30000000000001,-0.30381861575179,0.05322680675641166
Şəki-Zaqatala iqtisadi rayonu,2007,1551.0,682.0,58768.0,56460.0,2308.0,15939.0,13620.0,2319.0,1500.6,1506.3000000000002,312.0,,,0.0,0.9675048355899419,0.09414643327686806,0.09450404667795974,3.687056904448209,0.10380929669766743,0.2011605415860735,0.14549218897044985,0.8545078110295502,-5.700000000000273,-0.0036750483558995956,0.039273073781649875
Şəmkir rayonu,2007,100.0,52.0,710.0,710.0,,358.0,358.0,,2.2,2.1,6.0,Gazakh-Tovuz,,0.0,0.022000000000000002,0.006145251396648045,0.005865921787709497,1.9832402234636872,0.019452054794520546,0.06,0.0,1.0,0.10000000000000009,0.0010000000000000009,0.0
Abşeron iqtisadi rayonu,2008,1316.0,488.0,12633.0,10798.0,1835.0,7421.0,6457.0,964.0,957.0,876.2,186.0,,,0.0,0.7272036474164134,0.1289583614068185,0.11807034092440373,1.7023312222072498,0.026300120747803638,0.1413373860182371,0.12990163050801778,0.8700983694919822,80.79999999999995,0.061398176291793276,0.1452544922029605
Abşeron rayonu,2008,134.0,67.0,6671.0,6524.0,147.0,3528.0,3495.0,33.0,450.3,266.6,77.0,Absheron,,0.0,3.3604477611940298,0.1276360544217687,0.07556689342403629,1.8908730158730158,0.13639337558781436,0.5746268656716418,0.00935374149659864,0.9906462585034014,183.7,1.3708955223880597,0.022035676810073453
Astara rayonu,2008,215.0,92.0,3276.0,1718.0,1558.0,2249.0,1321.0,928.0,58.5,40.6,26.0,Lankaran-Astara,461.5057835,0.4658663177944768,0.27209302325581397,0.02601156069364162,0.018052467763450424,1.4566473988439306,0.04174577891048104,0.12093023255813953,0.4126278345931525,0.5873721654068474,17.9,0.08325581395348837,0.47557997557997556
Ağcabədi rayonu,2008,60.0,30.0,155.0,155.0,,155.0,155.0,,1.9,1.8,2.0,Karabakh,,0.0,0.03166666666666666,0.012258064516129031,0.011612903225806452,1.0,0.007077625570776256,0.03333333333333333,0.0,1.0,0.09999999999999987,0.0016666666666666644,0.0
Ağdaş rayonu,2008,8.0,5.0,,,,,,,,5.3,1.0,Central Aran,,0.0,0.0,0.0,0.0,0.0,0.0,0.125,0.0,0.0,0.0,0.0,0.0
Ağstafa rayonu,2008,86.0,27.0,7158.0,6604.0,554.0,7012.0,6259.0,753.0,33.6,29.7,10.0,Gazakh-Tovuz,,0.0,0.39069767441860465,0.004791785510553337,0.004235596120935539,1.0208214489446663,0.2280344058617394,0.11627906976744186,0.1073873359954364,0.8926126640045636,3.900000000000002,0.04534883720930235,0.07739592064822576
Ağsu rayonu,2008,72.0,40.0,1166.0,1166.0,,966.0,966.0,,5.6,5.6,4.0,Mountainous Shirvan,,0.0,0.07777777777777778,0.0057971014492753615,0.0057971014492753615,1.2070393374741202,0.04436834094368341,0.05555555555555555,0.0,1.0,0.0,0.0,0.0
Bakı şəhəri,2008,8285.0,4563.0,879046.0,292530.0,586516.0,253008.0,55442.0,197566.0,86283.70000000001,80142.1,3330.0,,,0.0,10.4144477972239,0.3410315088850946,0.31675717763865174,3.474380256750775,0.29068741164507567,0.4019312009656005,0.7808685891355214,0.2191314108644786,6141.600000000006,0.7412914906457461,0.6672187803596171
Balakən rayonu,2008,48.0,24.0,573.0,573.0,,573.0,573.0,,5.4,5.6,3.0,Sheki-Zagatala,,0.0,0.1125,0.009424083769633508,0.009773123909249563,1.0,0.03270547945205479,0.0625,0.0,1.0,-0.1999999999999993,-0.004166666666666652,0.0
Beyləqan rayonu,2008,29.0,17.0,465.0,465.0,,323.0,323.0,,17.0,17.2,4.0,Mil-Mughan,,0.0,0.5862068965517241,0.05263157894736842,0.053250773993808044,1.4396284829721362,0.043930089749645726,0.13793103448275862,0.0,1.0,-0.1999999999999993,-0.006896551724137907,0.0
Biləsuvar rayonu,2008,36.0,14.0,664.0,664.0,,340.0,340.0,,3.6,2.8,3.0,,,0.0,0.1,0.010588235294117647,0.008235294117647058,1.9529411764705882,0.050532724505327246,0.08333333333333333,0.0,1.0,0.8000000000000003,0.02222222222222223,0.0
Binəqədi rayonu,2008,675.0,298.0,20229.0,1157.0,19072.0,10619.0,690.0,9929.0,1135.9,1075.1,150.0,Baku,,0.0,1.682814814814815,0.10696864111498258,0.10124305490159148,1.9049816366889538,0.08210654490106545,0.2222222222222222,0.9350221301440813,0.06497786985591864,60.80000000000018,0.09007407407407435,0.9428048840773148
Bərdə rayonu,2008,108.0,75.0,1460.0,1460.0,,1070.0,1070.0,,9.8,9.9,8.0,Karabakh,,0.0,0.09074074074074075,0.009158878504672898,0.00925233644859813,1.3644859813084111,0.037037037037037035,0.07407407407407407,0.0,1.0,-0.09999999999999964,-0.0009259259259259226,0.0
Cəlilabad rayonu,2008,140.0,66.0,3188.0,2657.0,531.0,1475.0,1296.0,179.0,9.3,9.2,10.0,Lankaran-Astara,,0.0,0.06642857142857143,0.006305084745762713,0.0062372881355932195,2.16135593220339,0.06238747553816047,0.07142857142857142,0.12135593220338983,0.8786440677966102,0.10000000000000142,0.0007142857142857245,0.1665621079046424
Dağlıq Şirvan iqtisadi rayonu,2008,803.0,385.0,26831.0,26703.0,128.0,11188.0,11093.0,95.0,485.90000000000003,405.3,121.0,,,0.0,0.6051058530510586,0.04343046120843762,0.036226313907758316,2.398194494100822,0.09154369743598492,0.1506849315068493,0.008491240614944584,0.9915087593850554,80.60000000000002,0.10037359900373602,0.0047706011702881
Göygöl rayonu,2008,70.0,31.0,930.0,930.0,,730.0,730.0,,11.1,12.4,8.0,,,0.0,0.15857142857142856,0.015205479452054794,0.016986301369863014,1.273972602739726,0.03639921722113503,0.11428571428571428,0.0,1.0,-1.3000000000000007,-0.018571428571428582,0.0
Göyçay rayonu,2008,26.0,20.0,692.0,652.0,40.0,580.0,550.0,30.0,4.9,5.2,5.0,Central Aran,,0.0,0.18846153846153849,0.008448275862068966,0.00896551724137931,1.193103448275862,0.07291886195995785,0.19230769230769232,0.05172413793103448,0.9482758620689655,-0.2999999999999998,-0.011538461538461532,0.057803468208092484
Gədəbəy rayonu,2008,64.0,38.0,622.0,622.0,,243.0,243.0,,11.1,6.1,5.0,Ganja-Dashkasan,,0.0,0.1734375,0.04567901234567901,0.025102880658436213,2.5596707818930042,0.026626712328767125,0.078125,0.0,1.0,5.0,0.078125,0.0
Gəncə  şəhəri,2008,634.0,335.0,15781.0,8615.0,7166.0,10234.0,8019.0,2215.0,440.1,332.8,85.0,,,0.0,0.6941640378548897,0.04300371311315224,0.03251905413328122,1.5420168067226891,0.06819497860939458,0.13406940063091483,0.21643541137385186,0.7835645886261481,107.30000000000001,0.1692429022082019,0.4540903618275141
Gəncə-Daşkəsən iqtisadi rayonu,2008,4294.0,1820.0,25331.0,18165.0,7166.0,11399.0,9184.0,2215.0,742.3000000000001,664.1999999999999,248.0,,,0.0,0.17286911970190966,0.06511974734625844,0.05826826914641635,2.2222124747784893,0.01616208663251048,0.05775500698649278,0.19431529081498378,0.8056847091850162,78.10000000000014,0.01818816953889151,0.2828944771228929
Kürdəmir rayonu,2008,114.0,54.0,3650.0,3650.0,,3650.0,3650.0,,59.7,12.8,6.0,Central Aran,,0.0,0.5236842105263159,0.016356164383561644,0.0035068493150684932,1.0,0.08771929824561403,0.05263157894736842,0.0,1.0,46.900000000000006,0.4114035087719299,0.0
Lerik rayonu,2008,540.0,148.0,3146.0,2916.0,230.0,636.0,561.0,75.0,1000.5,879.3,38.0,Lankaran-Astara,1101.38591173,0.49029136313519384,1.8527777777777779,1.5731132075471699,1.3825471698113208,4.946540880503145,0.015961440892947744,0.07037037037037037,0.1179245283018868,0.8820754716981132,121.20000000000005,0.22444444444444453,0.07310870947234584
Lənkəran iqtisadi rayonu,2008,2362.0,947.0,102724.0,95791.0,6933.0,38395.0,35378.0,3017.0,2568.0,2240.7,296.0,,,0.0,1.0872142252328536,0.06688370881625212,0.058359161349134,2.6754525328818857,0.11915140408059109,0.12531752751905165,0.07857793983591614,0.9214220601640839,327.3000000000002,0.13856900931414062,0.06749153070363303
Lənkəran rayonu,2008,441.0,226.0,7995.0,6468.0,1527.0,4246.0,3538.0,708.0,513.8,422.0,93.0,,,0.0,1.165079365079365,0.12100800753650494,0.0993876589731512,1.8829486575600565,0.04966918274158979,0.2108843537414966,0.16674517192651908,0.833254828073481,91.79999999999995,0.20816326530612234,0.19099437148217635
Masallı rayonu,2008,987.0,398.0,85119.0,82032.0,3087.0,29789.0,28662.0,1127.0,985.9,889.6,121.0,Lankaran-Astara,,0.0,0.9988855116514691,0.03309610930209138,0.029863372385779987,2.8573970257477592,0.23627430570012908,0.12259371833839919,0.03783275705797442,0.9621672429420256,96.29999999999995,0.09756838905775071,0.03626687343601311
Mil-Muğan iqtisadi rayonu,2008,155.0,89.0,5997.0,5667.0,330.0,3670.0,3530.0,140.0,171.3,136.9,46.0,,,0.0,1.1051612903225807,0.04667574931880109,0.0373024523160763,1.6340599455040872,0.10600088378258948,0.2967741935483871,0.03814713896457766,0.9618528610354223,34.400000000000006,0.2219354838709678,0.05502751375687844
Mingəçevir şəhəri,2008,840.0,306.0,13229.0,11373.0,1856.0,9364.0,7343.0,2021.0,122.1,137.2,43.0,Central Aran,,0.0,0.14535714285714285,0.01303929944468176,0.014651858180264843,1.4127509611277231,0.04314742335290281,0.05119047619047619,0.2158265698419479,0.7841734301580521,-15.099999999999994,-0.01797619047619047,0.14029783052384912
Mərkəzi Aran iqtisadi rayonu,2008,1233.0,502.0,18307.0,16407.0,1900.0,13789.0,11734.0,2055.0,197.89999999999998,195.4,65.0,,,0.0,0.16050283860502837,0.014352019725868444,0.014170715787946915,1.327652476611792,0.04067815440678155,0.05271695052716951,0.14903183697149902,0.850968163028501,2.4999999999999716,0.002027575020275727,0.10378543726443437
Naftalan  şəhəri,2008,3590.0,1454.0,8620.0,8620.0,,435.0,435.0,,291.1,319.0,155.0,,15.57198574,230.54220957692706,0.08108635097493037,0.6691954022988507,0.7333333333333333,19.816091954022987,0.006578395085282558,0.04317548746518106,0.0,1.0,-27.899999999999977,-0.007771587743732584,0.0
Neftçala rayonu,2008,60.0,32.0,762.0,762.0,,593.0,593.0,,1.8,2.5,3.0,,,0.0,0.030000000000000002,0.0030354131534569982,0.0042158516020236085,1.284991568296796,0.034794520547945205,0.05,0.0,1.0,-0.7,-0.011666666666666665,0.0
Nizami rayonu,2008,239.0,128.0,15485.0,7430.0,8055.0,7521.0,4605.0,2916.0,1588.9,1420.9,52.0,Baku,,0.0,6.6481171548117155,0.21126180029251432,0.18892434516686613,2.0589017417896556,0.17750902733994384,0.2175732217573222,0.3877143996808935,0.6122856003191065,168.0,0.702928870292887,0.5201808201485308
Nərimanov rayonu,2008,1217.0,551.0,25883.0,10721.0,15162.0,5961.0,1375.0,4586.0,5195.8,4830.0,214.0,Baku,,0.0,4.269350862777322,0.8716322764636806,0.8102667337695018,4.342056701895655,0.05826814196148175,0.17584223500410848,0.7693340043616843,0.23066599563831572,365.8000000000002,0.3005751848808547,0.5857899007070277
Nəsimi rayonu,2008,1627.0,1003.0,138200.0,19043.0,119157.0,85899.0,16933.0,68966.0,22956.7,21534.9,565.0,Baku,,0.0,14.109834050399508,0.267252238093575,0.25070024098068666,1.608866226614978,0.23271674061850114,0.34726490473263677,0.802873141712942,0.19712685828705806,1421.7999999999993,0.8738783036263056,0.8622069464544139
Oğuz rayonu,2008,28.0,7.0,205.0,205.0,,125.0,125.0,,1.2,0.9,2.0,Sheki-Zagatala,,0.0,0.04285714285714286,0.0096,0.0072,1.64,0.020058708414872797,0.07142857142857142,0.0,1.0,0.29999999999999993,0.010714285714285713,0.0
Qarabağ iqtisadi rayonu,2008,198.0,120.0,2297.0,2297.0,,1610.0,1610.0,,15.700000000000001,15.700000000000001,12.0,,,0.0,0.0792929292929293,0.009751552795031057,0.009751552795031057,1.4267080745341616,0.03178358931783589,0.06060606060606061,0.0,1.0,0.0,0.0,0.0
Qaradağ rayonu,2008,,,,,19098.0,26899.0,,,,,,Baku,,0.0,0.0,0.0,0.0,0.0,0.0,0.0,0.0,0.0,0.0,0.0,0.0
Qax rayonu,2008,396.0,175.0,21633.0,21439.0,194.0,3301.0,3235.0,66.0,811.6,773.1,80.0,Sheki-Zagatala,,0.0,2.0494949494949495,0.24586488942744625,0.23420175704332022,6.553468645864889,0.14966791199667911,0.20202020202020202,0.019993941229930322,0.9800060587700696,38.5,0.09722222222222222,0.008967780705403782
Qazax rayonu,2008,188.0,97.0,710.0,686.0,24.0,593.0,569.0,24.0,8.5,9.5,12.0,Gazakh-Tovuz,,0.0,0.04521276595744681,0.01433389544688027,0.016020236087689713,1.197301854974705,0.010346837656659866,0.06382978723404255,0.04047217537942664,0.9595278246205734,-1.0,-0.005319148936170213,0.03380281690140845
Qazax-Tovuz iqtisadi rayonu,2008,374.0,186.0,9330.0,8635.0,695.0,8208.0,7384.0,824.0,100.6,48.199999999999996,36.0,,1818.350328,0.20568093740844862,0.26898395721925134,0.012256335282651071,0.005872319688109162,1.1366959064327486,0.0683466412717017,0.0962566844919786,0.10038986354775828,0.8996101364522417,52.4,0.14010695187165775,0.0744908896034298
Quba rayonu,2008,801.0,332.0,9012.0,8153.0,859.0,6584.0,6132.0,452.0,523.0,512.4,180.0,Guba-Khachmaz,,0.0,0.6529338327091136,0.07943499392466585,0.07782503037667071,1.3687727825030376,0.030824483094761684,0.2247191011235955,0.06865127582017011,0.93134872417983,10.600000000000023,0.01323345817727843,0.0953173546382601
Quba-Xaçmaz iqtisadi rayonu,2008,5783.0,2115.0,144104.0,142241.0,1863.0,31753.0,30845.0,908.0,3614.7,3731.6,559.0,,,0.0,0.6250561992045651,0.1138380625452713,0.11751960444682392,4.538279847573458,0.06827001200969303,0.09666263185197994,0.028595723238749093,0.9714042767612509,-116.90000000000009,-0.02021442158049457,0.01292816299339366
Qusar rayonu,2008,225.0,110.0,11608.0,11608.0,,1812.0,1812.0,,47.7,43.9,25.0,Guba-Khachmaz,,0.0,0.21200000000000002,0.02632450331125828,0.02422737306843267,6.406181015452539,0.1413455098934551,0.1111111111111111,0.0,1.0,3.8000000000000043,0.016888888888888908,0.0
Qəbələ rayonu,2008,616.0,260.0,20900.0,19446.0,1454.0,15403.0,14566.0,837.0,788.7,695.2,143.0,,,0.0,1.280357142857143,0.051204310848536,0.04513406479257288,1.356878530156463,0.09295499021526418,0.23214285714285715,0.054340063623969356,0.9456599363760306,93.5,0.15178571428571427,0.06956937799043063
Saatlı rayonu,2008,100.0,61.0,2347.0,2017.0,330.0,1901.0,1761.0,,126.0,97.5,33.0,Mil-Mughan,,0.0,1.26,0.06628090478695424,0.05128879537085744,1.2346133613887427,0.0643013698630137,0.33,0.0,0.9263545502367175,28.5,0.285,0.1406050276949297
Sabirabad rayonu,2008,6.0,4.0,1010.0,1010.0,,525.0,525.0,,23.5,17.6,5.0,Mil-Mughan,1466.33041279,0.004091847204194412,3.9166666666666665,0.04476190476190476,0.033523809523809525,1.9238095238095239,0.4611872146118721,0.8333333333333334,0.0,1.0,5.899999999999999,0.9833333333333331,0.0
Sabunçu rayonu,2008,16.0,16.0,60.0,60.0,,20.0,20.0,,5.8,5.4,12.0,Baku,,0.0,0.3625,0.29,0.27,3.0,0.010273972602739725,0.75,0.0,1.0,0.39999999999999947,0.024999999999999967,0.0
Salyan rayonu,2008,101.0,66.0,1075.0,1075.0,,625.0,625.0,,5.2,5.3,3.0,,1916.78295505,0.05269245520673225,0.05148514851485149,0.008320000000000001,0.00848,1.72,0.029160450291604502,0.0297029702970297,0.0,1.0,-0.09999999999999964,-0.0009900990099009866,0.0
Siyəzən rayonu,2008,280.0,90.0,6192.0,6192.0,,168.0,168.0,,,275.5,15.0,Guba-Khachmaz,,0.0,0.0,0.0,1.6398809523809523,36.857142857142854,0.06058708414872799,0.05357142857142857,0.0,1.0,0.0,0.0,0.0
Sumqayıt şəhəri,2008,856.0,280.0,3372.0,2314.0,1058.0,1575.0,997.0,578.0,374.2,352.5,75.0,Absheron,,0.0,0.43714953271028034,0.23758730158730157,0.22380952380952382,2.140952380952381,0.010792472154653694,0.08761682242990654,0.36698412698412697,0.633015873015873,21.69999999999999,0.025350467289719614,0.3137603795966785
Suraxanı rayonu,2008,37.0,29.0,935.0,127.0,808.0,843.0,127.0,716.0,654.2,334.2,29.0,Baku,,0.0,17.681081081081082,0.7760379596678529,0.39644128113879,1.1091340450771057,0.06923361717882266,0.7837837837837838,0.8493475682087782,0.1506524317912218,320.00000000000006,8.648648648648651,0.8641711229946524
Səbail rayonu,2008,2166.0,1146.0,150272.0,46554.0,103718.0,39839.0,15412.0,24427.0,12478.7,7829.4,907.0,Baku,,0.0,5.761172668513389,0.3132282436808153,0.1965260172193077,3.7719822284695903,0.19007576619992664,0.41874422899353647,0.6131429001731972,0.3868570998268029,4649.300000000001,2.146491228070176,0.6902017674616695
Tərtər rayonu,2008,30.0,15.0,682.0,682.0,,385.0,385.0,,4.0,4.0,2.0,Karabakh,,0.0,0.13333333333333333,0.01038961038961039,0.01038961038961039,1.7714285714285714,0.06228310502283105,0.06666666666666667,0.0,1.0,0.0,0.0,0.0
Ucar rayonu,2008,52.0,19.0,,,,,,,,,1.0,Central Aran,,0.0,0.0,0.0,0.0,0.0,0.0,0.019230769230769232,0.0,0.0,0.0,0.0,0.0
Xaçmaz rayonu,2008,4409.0,1550.0,116230.0,115226.0,1004.0,22677.0,22221.0,456.0,3024.0,2878.2,321.0,Guba-Khachmaz,,0.0,0.6858698117486959,0.13335097235084006,0.12692155046963882,5.125457512016581,0.07222462149339613,0.0728056248582445,0.020108479957666358,0.9798915200423336,145.80000000000018,0.033068723066455016,0.008638045255097652
Xızı rayonu,2008,326.0,141.0,2590.0,1960.0,630.0,2318.0,1965.0,353.0,132.5,257.1,34.0,Absheron,,0.0,0.40644171779141103,0.05716134598792062,0.11091458153580674,1.1173425366695426,0.021766535002941425,0.10429447852760736,0.15228645383951683,0.8477135461604832,-124.60000000000002,-0.3822085889570553,0.24324324324324326
Xətai rayonu,2008,98.0,48.0,11920.0,3860.0,8060.0,6020.0,1682.0,4338.0,55.6,68.9,21.0,Baku,,0.0,0.5673469387755102,0.009235880398671096,0.011445182724252493,1.9800664451827243,0.3332401453732178,0.21428571428571427,0.7205980066445182,0.2794019933554817,-13.300000000000004,-0.13571428571428576,0.6761744966442953
Xəzər rayonu,2008,1565.0,768.0,217344.0,198246.0,,,11024.0,15875.0,5765.1,4786.7,634.0,Baku,,0.0,3.6837699680511182,0.0,0.0,0.0,0.3804875486892205,0.405111821086262,0.0,0.0,978.4000000000005,0.6251757188498406,0.0
Yardımlı rayonu,2008,39.0,17.0,,,,,,,,,8.0,Lankaran-Astara,,0.0,0.0,0.0,0.0,0.0,0.0,0.20512820512820512,0.0,0.0,0.0,0.0,0.0
Yasamal rayonu,2008,645.0,576.0,298718.0,5332.0,293386.0,69387.0,3574.0,65813.0,36447.0,38256.6,746.0,Baku,,0.0,56.50697674418605,0.5252713044230187,0.5513511176445155,4.3051003790335365,1.268845704576829,1.1565891472868217,0.9484917924106822,0.051508207589317886,-1809.5999999999985,-2.805581395348835,0.9821503893304052
Yevlax rayonu,2008,173.0,87.0,,,,,,,,,2.0,Central Aran,,0.0,0.0,0.0,0.0,0.0,0.0,0.011560693641618497,0.0,0.0,0.0,0.0,0.0
Zaqatala rayonu,2008,212.0,88.0,2588.0,2459.0,129.0,1867.0,1764.0,103.0,88.8,84.2,41.0,Sheki-Zagatala,,0.0,0.41886792452830185,0.047562935190144616,0.045099089448312805,1.3861810391001608,0.03344533471181184,0.19339622641509435,0.05516871987145153,0.9448312801285484,4.599999999999994,0.021698113207547144,0.049845440494590415
Zərdab rayonu,2008,20.0,11.0,736.0,732.0,4.0,195.0,191.0,4.0,11.2,34.9,7.0,Central Aran,,0.0,0.5599999999999999,0.05743589743589743,0.17897435897435895,3.7743589743589743,0.10082191780821918,0.35,0.020512820512820513,0.9794871794871794,-23.7,-1.185,0.005434782608695652
İmişli rayonu,2008,20.0,7.0,2175.0,2175.0,,921.0,921.0,140.0,4.8,4.6,4.0,Mil-Mughan,,0.0,0.24,0.005211726384364821,0.00499457111834962,2.3615635179153096,0.2979452054794521,0.2,0.15200868621064062,1.0,0.20000000000000018,0.010000000000000009,0.0
İsmayıllı rayonu,2008,169.0,89.0,3409.0,3314.0,95.0,1531.0,1469.0,62.0,10.2,15.4,18.0,Mountainous Shirvan,,0.0,0.06035502958579881,0.006662312214239059,0.010058785107772698,2.226649248856956,0.05526465104968793,0.10650887573964497,0.040496407576747225,0.9595035924232528,-5.200000000000001,-0.030769230769230774,0.027867409797594604
Şabran rayonu,2008,68.0,33.0,1062.0,1062.0,,512.0,512.0,,20.0,21.6,18.0,Guba-Khachmaz,,0.0,0.29411764705882354,0.0390625,0.0421875,2.07421875,0.04278807413376309,0.2647058823529412,0.0,1.0,-1.6000000000000014,-0.023529411764705903,0.0
Şamaxı rayonu,2008,562.0,256.0,22256.0,22223.0,33.0,8691.0,8658.0,33.0,470.1,384.3,99.0,Mountainous Shirvan,,0.0,0.8364768683274022,0.05409043838453573,0.044218156713841904,2.5608100333678516,0.10849705065080681,0.17615658362989323,0.0037970314118053157,0.9962029685881947,85.80000000000001,0.1526690391459075,0.00148274622573688
Şirvan şəhəri,2008,128.0,56.0,21026.0,20674.0,352.0,1956.0,1777.0,179.0,26.1,30.2,16.0,,,0.0,0.20390625,0.01334355828220859,0.015439672801635992,10.749488752556237,0.4500428082191781,0.125,0.09151329243353783,0.9084867075664622,-4.099999999999998,-0.03203124999999998,0.016741177589650907
Şirvan-Salyan iqtisadi rayonu,2008,325.0,168.0,23527.0,23175.0,352.0,3514.0,3335.0,179.0,36.7,40.8,25.0,,1916.78295505,0.16955493012067308,0.11292307692307693,0.010443938531587935,0.011610700056915196,6.695219123505976,0.19833087460484722,0.07692307692307693,0.050939100739897554,0.9490608992601024,-4.099999999999994,-0.012615384615384598,0.014961533557189611
Şəki rayonu,2008,420.0,198.0,28416.0,26442.0,1974.0,6124.0,4211.0,1913.0,389.0,466.4,102.0,,,0.0,0.9261904761904762,0.06352057478772044,0.07615937295885042,4.640104506858263,0.18536203522504893,0.24285714285714285,0.31237753102547355,0.6876224689745265,-77.39999999999998,-0.18428571428571422,0.0694679054054054
Şəki-Zaqatala iqtisadi rayonu,2008,1720.0,752.0,74315.0,70564.0,3751.0,27393.0,24474.0,2919.0,2084.7000000000003,2025.4000000000003,371.0,,,0.0,1.2120348837209305,0.07610338407622386,0.07393859745190379,2.712919358960318,0.11837368588722523,0.21569767441860466,0.10656007009089913,0.8934399299091008,59.299999999999955,0.03447674418604649,0.05047433223440759
Şəmkir rayonu,2008,36.0,24.0,840.0,723.0,117.0,360.0,313.0,47.0,47.4,2.9,9.0,Gazakh-Tovuz,,0.0,1.3166666666666667,0.13166666666666665,0.008055555555555555,2.3333333333333335,0.0639269406392694,0.25,0.13055555555555556,0.8694444444444445,44.5,1.2361111111111112,0.1392857142857143
Abşeron iqtisadi rayonu,2009,1485.0,623.0,10753.0,7161.0,3592.0,7168.0,6150.0,1018.0,969.3,1159.8999999999999,234.0,,,0.0,0.6527272727272727,0.1352260044642857,0.16181640625,1.5001395089285714,0.019838568331719018,0.15757575757575756,0.14202008928571427,0.8579799107142857,-190.5999999999999,-0.1283501683501683,0.33404631265693296
Abşeron rayonu,2009,266.0,157.0,3103.0,2687.0,416.0,2784.0,2687.0,97.0,374.8,455.7,113.0,Absheron,,0.0,1.4090225563909775,0.1346264367816092,0.1636853448275862,1.1145833333333333,0.03196003707899887,0.424812030075188,0.03484195402298851,0.9651580459770115,-80.89999999999998,-0.3041353383458646,0.13406380921688688
Astara rayonu,2009,229.0,99.0,2586.0,1101.0,1485.0,2223.0,1030.0,1193.0,57.6,58.7,23.0,Lankaran-Astara,461.5057835,0.4962017989531869,0.251528384279476,0.02591093117408907,0.026405757984705354,1.163292847503374,0.03093856553209308,0.10043668122270742,0.5366621682411156,0.4633378317588844,-1.1000000000000014,-0.004803493449781666,0.574245939675174
Ağcabədi rayonu,2009,60.0,30.0,155.0,155.0,,155.0,155.0,,1.2,2.1,2.0,Karabakh,,0.0,0.02,0.007741935483870968,0.013548387096774195,1.0,0.007077625570776256,0.03333333333333333,0.0,1.0,-0.9000000000000001,-0.015000000000000003,0.0
Ağdaş rayonu,2009,98.0,57.0,580.0,580.0,,480.0,480.0,,5.1,27.2,6.0,Central Aran,,0.0,0.05204081632653061,0.010624999999999999,0.056666666666666664,1.2083333333333333,0.016214705060106235,0.061224489795918366,0.0,1.0,-22.1,-0.22551020408163266,0.0
Ağstafa rayonu,2009,74.0,34.0,5072.0,4721.0,351.0,4916.0,4645.0,271.0,60.8,34.2,12.0,Gazakh-Tovuz,,0.0,0.8216216216216216,0.012367778681855165,0.006956875508543532,1.03173311635476,0.187782302850796,0.16216216216216217,0.05512611879576892,0.9448738812042311,26.599999999999994,0.3594594594594594,0.06920347003154574
Ağsu rayonu,2009,81.0,45.0,720.0,720.0,,360.0,360.0,,5.2,6.0,4.0,Mountainous Shirvan,,0.0,0.06419753086419754,0.014444444444444446,0.016666666666666666,2.0,0.0243531202435312,0.04938271604938271,0.0,1.0,-0.7999999999999998,-0.009876543209876541,0.0
Bakı şəhəri,2009,7768.0,4369.0,831654.0,327388.0,504266.0,243442.0,64056.0,179386.0,81187.1,69784.4,3528.0,,,0.0,10.45148043254377,0.33349668504202234,0.28665719144601176,3.4162305600512646,0.2933192726041505,0.45417095777548916,0.736873670114442,0.26312632988555795,11402.700000000012,1.4679067971163764,0.6063410985818621
Balakən rayonu,2009,48.0,24.0,352.0,352.0,,352.0,352.0,,5.6,6.9,3.0,Sheki-Zagatala,,0.0,0.11666666666666665,0.015909090909090907,0.01960227272727273,1.0,0.02009132420091324,0.0625,0.0,1.0,-1.3000000000000007,-0.027083333333333348,0.0
Beyləqan rayonu,2009,29.0,17.0,,,,,,,3.9,4.6,2.0,Mil-Mughan,,0.0,0.13448275862068965,0.0,0.0,0.0,0.0,0.06896551724137931,0.0,0.0,-0.6999999999999997,-0.024137931034482748,0.0
Biləsuvar rayonu,2009,56.0,22.0,422.0,422.0,,319.0,319.0,,13.5,10.2,3.0,,,0.0,0.24107142857142858,0.04231974921630094,0.03197492163009404,1.322884012539185,0.020645792563600784,0.05357142857142857,0.0,1.0,3.3000000000000007,0.05892857142857144,0.0
Binəqədi rayonu,2009,767.0,293.0,17674.0,12301.0,5373.0,3911.0,632.0,3279.0,834.2,1100.4,130.0,Baku,,0.0,1.08761408083442,0.21329583226796217,0.28136026591664537,4.519048836614677,0.06313157471736529,0.1694915254237288,0.8384045001278445,0.16159549987215546,-266.20000000000005,-0.34706649282920476,0.3040058843498925
Bərdə rayonu,2009,108.0,75.0,,,,,,,,,2.0,Karabakh,,0.0,0.0,0.0,0.0,0.0,0.0,0.018518518518518517,0.0,0.0,0.0,0.0,0.0
Cəlilabad rayonu,2009,126.0,65.0,3109.0,3084.0,25.0,1346.0,1332.0,14.0,42.8,9.5,8.0,Lankaran-Astara,,0.0,0.33968253968253964,0.03179791976225854,0.007057949479940565,2.3098068350668646,0.06760165253315938,0.06349206349206349,0.010401188707280832,0.9895988112927192,33.3,0.2642857142857143,0.008041170794467674
Dağlıq Şirvan iqtisadi rayonu,2009,1277.0,586.0,36060.0,35980.0,80.0,12111.0,12031.0,80.0,1174.8,514.7,213.0,,,0.0,0.9199686765857478,0.09700272479564033,0.04249855503261498,2.9774585087936587,0.07736454232415443,0.1667971808927173,0.006605565188671456,0.9933944348113285,660.0999999999999,0.5169146436961628,0.0022185246810870773
Goranboy rayonu,2009,33.0,17.0,760.0,760.0,,215.0,215.0,,17.5,21.5,6.0,Ganja-Dashkasan,1837.87389756,0.01795553005231289,0.5303030303030303,0.08139534883720931,0.1,3.5348837209302326,0.0630967206309672,0.18181818181818182,0.0,1.0,-4.0,-0.12121212121212122,0.0
Göygöl rayonu,2009,110.0,39.0,2245.0,2245.0,,1840.0,1840.0,,78.8,55.6,9.0,,,0.0,0.7163636363636363,0.042826086956521736,0.030217391304347828,1.2201086956521738,0.055915317559153174,0.08181818181818182,0.0,1.0,23.199999999999996,0.21090909090909088,0.0
Göyçay rayonu,2009,57.0,34.0,993.0,831.0,162.0,829.0,681.0,148.0,5.9,10.1,7.0,Central Aran,,0.0,0.10350877192982456,0.0071170084439083235,0.01218335343787696,1.197828709288299,0.04772891131939438,0.12280701754385964,0.17852834740651388,0.8214716525934861,-4.199999999999999,-0.07368421052631578,0.16314199395770393
Gədəbəy rayonu,2009,137.0,60.0,100.0,100.0,,100.0,100.0,,19.5,21.3,12.0,Ganja-Dashkasan,,0.0,0.14233576642335766,0.195,0.213,1.0,0.001999800019998,0.08759124087591241,0.0,1.0,-1.8000000000000007,-0.013138686131386867,0.0
Gəncə  şəhəri,2009,967.0,516.0,15488.0,9860.0,5628.0,9293.0,8065.0,1228.0,783.1,547.4,80.0,,,0.0,0.8098241985522234,0.08426772839771872,0.05890455181319272,1.6666307973743677,0.043880947996203484,0.0827300930713547,0.1321424728290111,0.867857527170989,235.70000000000005,0.24374353671147886,0.36337809917355374
Gəncə-Daşkəsən iqtisadi rayonu,2009,4700.0,2050.0,25160.0,18425.0,6735.0,11794.0,10478.0,1316.0,1109.2,910.1,219.0,,,0.0,0.23600000000000002,0.09404782092589453,0.07716635577412244,2.133288112599627,0.01466627805304576,0.046595744680851064,0.11158216042055283,0.8884178395794472,199.10000000000002,0.04236170212765958,0.26768680445151033
Kürdəmir rayonu,2009,174.0,74.0,7555.0,7406.0,149.0,4055.0,3906.0,149.0,256.1,169.2,16.0,Central Aran,,0.0,1.4718390804597703,0.0631565967940814,0.04172626387176325,1.8631319358816276,0.11895764446543851,0.09195402298850575,0.036744759556103575,0.9632552404438964,86.90000000000003,0.499425287356322,0.019722038385175382
Lerik rayonu,2009,648.0,192.0,2052.0,2052.0,,592.0,592.0,,202.2,170.5,31.0,Lankaran-Astara,1101.38591173,0.5883496357622325,0.312037037037037,0.34155405405405403,0.28800675675675674,3.4662162162162162,0.008675799086757991,0.047839506172839504,0.0,1.0,31.69999999999999,0.048919753086419736,0.0
Lənkəran iqtisadi rayonu,2009,2692.0,1060.0,98316.0,95406.0,2910.0,32426.0,30608.0,1818.0,2494.3,1063.6,275.0,,,0.0,0.9265601783060922,0.07692283969653982,0.032800838833035216,3.032011348917535,0.10005902827250707,0.10215453194650817,0.05606611978042312,0.9439338802195769,1430.7000000000003,0.5314635958395246,0.029598437690711583
Lənkəran rayonu,2009,411.0,211.0,7813.0,6413.0,1400.0,4306.0,3695.0,611.0,406.6,405.7,65.0,,,0.0,0.9892944038929441,0.0944263817928472,0.09421737111007895,1.8144449605202044,0.05208145852081458,0.15815085158150852,0.14189503019043195,0.8581049698095681,0.9000000000000341,0.0021897810218978932,0.17918853193395623
Masallı rayonu,2009,1248.0,472.0,82756.0,82756.0,,23959.0,23959.0,,1785.1,419.2,146.0,Lankaran-Astara,,0.0,1.4303685897435896,0.0745064485162152,0.01749655661755499,3.454067365082015,0.18167369160519845,0.11698717948717949,0.0,1.0,1365.8999999999999,1.0944711538461538,0.0
Mil-Muğan iqtisadi rayonu,2009,154.0,89.0,3497.0,3270.0,227.0,2761.0,2648.0,113.0,157.0,129.8,41.0,,,0.0,1.0194805194805194,0.05686345526982977,0.047011952191235065,1.266570083303151,0.062213129336417004,0.2662337662337662,0.04092720028975009,0.95907279971025,27.19999999999999,0.17662337662337654,0.06491278238490135
Mingəçevir şəhəri,2009,764.0,290.0,12208.0,12208.0,,11797.0,11797.0,,157.5,143.1,42.0,Central Aran,,0.0,0.206151832460733,0.013350851911502924,0.0121302025938798,1.0348393659404933,0.04377823997704942,0.0549738219895288,0.0,1.0,14.400000000000006,0.018848167539267022,0.0
Mərkəzi Aran iqtisadi rayonu,2009,1338.0,572.0,21577.0,21264.0,313.0,17328.0,17029.0,299.0,432.90000000000003,365.2,83.0,,,0.0,0.323542600896861,0.02498268698060942,0.021075715604801478,1.2452100646352724,0.044181665540471364,0.06203288490284006,0.017255309325946443,0.9827446906740536,67.70000000000005,0.050597907324364755,0.014506187143717847
Naftalan  şəhəri,2009,3590.0,1478.0,6667.0,5560.0,1107.0,446.0,358.0,88.0,229.8,285.6,124.0,,15.57198574,230.54220957692706,0.06401114206128133,0.5152466367713004,0.6403587443946189,14.948430493273543,0.005087953600183157,0.03454038997214485,0.19730941704035873,0.8026905829596412,-55.80000000000001,-0.015543175487465184,0.16604169791510426
Neftçala rayonu,2009,60.0,32.0,,,,,,,,,1.0,,,0.0,0.0,0.0,0.0,0.0,0.0,0.016666666666666666,0.0,0.0,0.0,0.0,0.0
Nizami rayonu,2009,181.0,98.0,13705.0,7999.0,5706.0,6870.0,5277.0,1593.0,836.9,1357.6,51.0,Baku,,0.0,4.623756906077348,0.12181950509461426,0.19761280931586608,1.99490538573508,0.20744721107999697,0.281767955801105,0.2318777292576419,0.7681222707423581,-520.6999999999999,-2.876795580110497,0.41634439985406785
Nərimanov rayonu,2009,1247.0,572.0,29098.0,14789.0,14309.0,6574.0,1528.0,5046.0,4893.9,4932.7,287.0,Baku,,0.0,3.9245388933440255,0.7444326133252205,0.7503346516580468,4.426224520839671,0.06392987004427063,0.2301523656776263,0.7675692120474596,0.2324307879525403,-38.80000000000018,-0.031114675220529416,0.4917520104474534
Nəsimi rayonu,2009,1786.0,1055.0,140086.0,21835.0,118251.0,85046.0,16464.0,68582.0,20320.6,14588.9,605.0,Baku,,0.0,11.377715565509517,0.23893657550031747,0.1715412835406721,1.647179173623686,0.21489208302014143,0.33874580067189247,0.8064106483550079,0.1935893516449921,5731.699999999999,3.2092385218365056,0.8441314621018517
Oğuz rayonu,2009,113.0,43.0,1044.0,1044.0,,1044.0,1044.0,,31.9,32.2,12.0,Sheki-Zagatala,,0.0,0.2823008849557522,0.030555555555555555,0.03084291187739464,1.0,0.025312159049581767,0.10619469026548672,0.0,1.0,-0.30000000000000426,-0.002654867256637206,0.0
Qarabağ iqtisadi rayonu,2009,198.0,120.0,805.0,805.0,,389.0,389.0,,7.3,8.2,6.0,,,0.0,0.03686868686868687,0.018766066838046273,0.02107969151670951,2.069408740359897,0.01113878511138785,0.030303030303030304,0.0,1.0,-0.8999999999999995,-0.004545454545454543,0.0
Qaradağ rayonu,2009,,,,,20532.0,26895.0,,,,,,Baku,,0.0,0.0,0.0,0.0,0.0,0.0,0.0,0.0,0.0,0.0,0.0,0.0
Qax rayonu,2009,494.0,212.0,22556.0,22002.0,554.0,3753.0,3516.0,237.0,712.3,638.1,89.0,Sheki-Zagatala,,0.0,1.441902834008097,0.18979483080202503,0.17002398081534773,6.010125233146816,0.12509566857079474,0.18016194331983806,0.06314948041566747,0.9368505195843325,74.19999999999993,0.15020242914979742,0.024561092392268134
Qazax rayonu,2009,272.0,133.0,1479.0,1269.0,210.0,1479.0,1269.0,210.0,64.5,20.4,14.0,Gazakh-Tovuz,,0.0,0.23713235294117646,0.0436105476673428,0.013793103448275862,1.0,0.014897260273972602,0.051470588235294115,0.14198782961460446,0.8580121703853956,44.1,0.16213235294117648,0.14198782961460446
Qazax-Tovuz iqtisadi rayonu,2009,519.0,251.0,7095.0,6493.0,602.0,6725.0,6211.0,514.0,173.10000000000002,86.60000000000001,45.0,,1818.350328,0.2854235468315102,0.33352601156069367,0.025739776951672864,0.01287732342007435,1.0550185873605948,0.03745348008551746,0.08670520231213873,0.07643122676579926,0.9235687732342007,86.50000000000001,0.16666666666666669,0.08484848484848485
Quba rayonu,2009,979.0,427.0,13179.0,12183.0,996.0,6729.0,6037.0,692.0,767.8,754.4,179.0,Guba-Khachmaz,,0.0,0.7842696629213483,0.1141031356813791,0.11211175508990934,1.9585376727596968,0.03688135782948774,0.18283963227783454,0.10283846039530391,0.8971615396046961,13.399999999999977,0.013687436159346249,0.07557477805599817
Quba-Xaçmaz iqtisadi rayonu,2009,6356.0,2414.0,152525.0,149834.0,2691.0,32838.0,31957.0,881.0,4982.1,4473.900000000001,533.0,,,0.0,0.7838420390182506,0.15171752238260552,0.1362415494244473,4.644771301540898,0.06574523479055493,0.08385777218376338,0.026828674097082648,0.9731713259029173,508.1999999999998,0.07995594713656384,0.0176430093427307
Qusar rayonu,2009,283.0,120.0,5809.0,4863.0,946.0,1892.0,1797.0,95.0,277.0,1235.5,40.0,Guba-Khachmaz,,0.0,0.9787985865724381,0.1464059196617336,0.6530126849894292,3.0702959830866807,0.05623699114187521,0.1413427561837456,0.05021141649048626,0.9497885835095138,-958.5,-3.3869257950530036,0.16285074883800998
Qəbələ rayonu,2009,602.0,267.0,17406.0,12612.0,4794.0,12734.0,11847.0,887.0,662.1,700.1,92.0,,,0.0,1.0998338870431894,0.05199465996544684,0.05497879692162714,1.3668917857703786,0.0792154007190643,0.15282392026578073,0.06965603895084027,0.9303439610491597,-38.0,-0.06312292358803986,0.27542226818338506
Saatlı rayonu,2009,99.0,61.0,1880.0,1653.0,227.0,1644.0,1531.0,,124.2,103.5,32.0,Mil-Mughan,,0.0,1.2545454545454546,0.07554744525547445,0.06295620437956205,1.143552311435523,0.052027120520271204,0.32323232323232326,0.0,0.931265206812652,20.700000000000003,0.20909090909090913,0.12074468085106382
Sabirabad rayonu,2009,6.0,4.0,1000.0,1000.0,,500.0,500.0,,21.5,18.5,5.0,Mil-Mughan,1466.33041279,0.004091847204194412,3.5833333333333335,0.043,0.037,2.0,0.45662100456621,0.8333333333333334,0.0,1.0,3.0,0.5,0.0
Sabunçu rayonu,2009,93.0,93.0,978.0,608.0,370.0,560.0,440.0,120.0,147.3,220.1,58.0,Baku,,0.0,1.5838709677419356,0.2630357142857143,0.39303571428571427,1.7464285714285714,0.028811312417145383,0.6236559139784946,0.21428571428571427,0.7857142857142857,-72.79999999999998,-0.782795698924731,0.3783231083844581
Salyan rayonu,2009,165.0,100.0,,,,,,,,,2.0,,1916.78295505,0.08608173375357249,0.0,0.0,0.0,0.0,0.0,0.012121212121212121,0.0,0.0,0.0,0.0,0.0
Siyəzən rayonu,2009,128.0,54.0,3410.0,3410.0,,68.0,68.0,,,50.8,14.0,Guba-Khachmaz,,0.0,0.0,0.0,0.7470588235294118,50.14705882352941,0.07298801369863013,0.109375,0.0,1.0,0.0,0.0,0.0
Sumqayıt şəhəri,2009,839.0,302.0,5556.0,2804.0,2752.0,2371.0,1793.0,578.0,473.2,424.9,67.0,Absheron,,0.0,0.5640047675804529,0.1995782370307887,0.17920708561788273,2.343315056938001,0.018142929449605695,0.07985697258641239,0.24377899620413326,0.7562210037958668,48.30000000000001,0.05756853396901074,0.4953203743700504
Suraxanı rayonu,2009,40.0,15.0,203.0,203.0,,130.0,130.0,,32.4,33.8,3.0,Baku,,0.0,0.8099999999999999,0.24923076923076923,0.25999999999999995,1.5615384615384615,0.013904109589041097,0.075,0.0,1.0,-1.3999999999999986,-0.03499999999999996,0.0
Səbail rayonu,2009,1144.0,776.0,159746.0,46470.0,113276.0,40302.0,15818.0,24484.0,15603.2,9436.7,920.0,Baku,,0.0,13.639160839160839,0.3871569649148926,0.23414966999156372,3.963723884670736,0.38257016955647094,0.8041958041958042,0.6075132747754454,0.39248672522455463,6166.5,5.3902972027972025,0.7091006973570543
Tərtər rayonu,2009,30.0,15.0,650.0,650.0,,234.0,234.0,,6.1,6.1,2.0,Karabakh,,0.0,0.2033333333333333,0.026068376068376066,0.026068376068376066,2.7777777777777777,0.0593607305936073,0.06666666666666667,0.0,1.0,0.0,0.0,0.0
Ucar rayonu,2009,52.0,19.0,,,,,,,,,1.0,Central Aran,,0.0,0.0,0.0,0.0,0.0,0.0,0.019230769230769232,0.0,0.0,0.0,0.0,0.0
Xaçmaz rayonu,2009,4869.0,1766.0,128414.0,127665.0,749.0,23199.0,23105.0,94.0,3863.3,2372.7,282.0,Guba-Khachmaz,,0.0,0.7934483466830972,0.16652872968662444,0.10227596017069701,5.535324798482693,0.07225696818282847,0.05791743684534812,0.004051898788740894,0.9959481012112591,1490.6000000000004,0.30614089135346073,0.005832697369445699
Xızı rayonu,2009,380.0,164.0,2094.0,1670.0,424.0,2013.0,1670.0,343.0,121.3,279.3,54.0,Absheron,,0.0,0.31921052631578944,0.06025832091405862,0.13874813710879286,1.0402384500745157,0.015097332372025955,0.14210526315789473,0.17039244908097367,0.8296075509190264,-158.0,-0.41578947368421054,0.20248328557784145
Xətai rayonu,2009,246.0,96.0,17070.0,2760.0,14310.0,5649.0,1502.0,4147.0,548.7,325.0,39.0,Baku,,0.0,2.2304878048780488,0.09713223579394584,0.05753230660293857,3.021773765268189,0.19011025726695624,0.15853658536585366,0.7341122322534962,0.2658877677465038,223.70000000000005,0.9093495934959351,0.8383128295254832
Xəzər rayonu,2009,1567.0,768.0,213747.0,193215.0,,,11117.0,15778.0,9780.6,5491.2,627.0,Baku,,0.0,6.241608168474793,0.0,0.0,0.0,0.37371296692921646,0.40012763241863436,0.0,0.0,4289.400000000001,2.737332482450543,0.0
Yardımlı rayonu,2009,30.0,21.0,,,,,,,,,2.0,Lankaran-Astara,,0.0,0.0,0.0,0.0,0.0,0.0,0.06666666666666667,0.0,0.0,0.0,0.0,0.0
Yasamal rayonu,2009,697.0,603.0,239347.0,27208.0,212139.0,67505.0,11148.0,56357.0,28189.3,32298.0,808.0,Baku,,0.0,40.443758967001436,0.4175883267906081,0.4784534478927487,3.545618843048663,0.9408109117352254,1.1592539454806312,0.8348566772831643,0.1651433227168358,-4108.700000000001,-5.894835007173602,0.8863240399921453
Yevlax rayonu,2009,173.0,87.0,,,,,,,,,2.0,Central Aran,,0.0,0.0,0.0,0.0,0.0,0.0,0.011560693641618497,0.0,0.0,0.0,0.0,0.0
Zaqatala rayonu,2009,357.0,155.0,4514.0,4059.0,455.0,3844.0,3463.0,381.0,237.8,221.5,47.0,Sheki-Zagatala,,0.0,0.6661064425770309,0.061862643080124874,0.057622268470343393,1.1742976066597295,0.03464180192624995,0.13165266106442577,0.09911550468262227,0.9008844953173777,16.30000000000001,0.04565826330532216,0.10079751883030572
Zərdab rayonu,2009,20.0,11.0,241.0,239.0,2.0,167.0,165.0,2.0,8.3,15.6,9.0,Central Aran,,0.0,0.41500000000000004,0.04970059880239521,0.09341317365269461,1.4431137724550898,0.033013698630136985,0.45,0.011976047904191617,0.9880239520958084,-7.299999999999999,-0.36499999999999994,0.008298755186721992
İmişli rayonu,2009,20.0,7.0,617.0,617.0,,617.0,617.0,113.0,7.4,3.2,2.0,Mil-Mughan,,0.0,0.37,0.011993517017828201,0.0051863857374392225,1.0,0.08452054794520548,0.1,0.18314424635332252,1.0,4.2,0.21000000000000002,0.0
İsmayıllı rayonu,2009,558.0,241.0,8077.0,7997.0,80.0,5105.0,5025.0,80.0,254.3,181.2,91.0,Mountainous Shirvan,,0.0,0.45573476702508964,0.049813907933398634,0.035494613124387855,1.5821743388834475,0.0396572887514116,0.16308243727598568,0.015670910871694418,0.9843290891283056,73.10000000000002,0.13100358422939073,0.009904667574594527
Şabran rayonu,2009,97.0,47.0,1713.0,1713.0,,950.0,950.0,,74.0,60.5,18.0,Guba-Khachmaz,,0.0,0.7628865979381443,0.07789473684210527,0.06368421052631579,1.803157894736842,0.0483829967518712,0.18556701030927836,0.0,1.0,13.5,0.13917525773195877,0.0
Şamaxı rayonu,2009,638.0,300.0,27263.0,27263.0,,6646.0,6646.0,,915.3,327.5,118.0,Mountainous Shirvan,,0.0,1.4346394984326019,0.13772193800782426,0.04927776105928378,4.102166716822149,0.11707390389487697,0.18495297805642633,0.0,1.0,587.8,0.9213166144200626,0.0
Şirvan şəhəri,2009,128.0,56.0,15739.0,15561.0,178.0,1465.0,1326.0,139.0,21.8,28.6,15.0,,,0.0,0.1703125,0.014880546075085325,0.0195221843003413,10.743344709897611,0.3368792808219178,0.1171875,0.09488054607508532,0.9051194539249147,-6.800000000000001,-0.053125000000000006,0.011309485990215388
Şirvan-Salyan iqtisadi rayonu,2009,409.0,210.0,16161.0,15983.0,178.0,1784.0,1645.0,139.0,35.3,38.8,21.0,,1916.78295505,0.2133783582134009,0.08630806845965769,0.019786995515695065,0.021748878923766816,9.058856502242152,0.1082560203637338,0.05134474327628362,0.07791479820627803,0.922085201793722,-3.5,-0.008557457212713936,0.011014169915228017
Şəki rayonu,2009,566.0,265.0,21993.0,20062.0,1931.0,5985.0,4199.0,1786.0,449.7,507.4,150.0,,,0.0,0.7945229681978798,0.07513784461152882,0.08477861319966583,3.67468671679198,0.10645723413524372,0.26501766784452296,0.2984126984126984,0.7015873015873015,-57.69999999999999,-0.10194346289752648,0.08780066384758786
Şəki-Zaqatala iqtisadi rayonu,2009,2180.0,966.0,67865.0,60131.0,7734.0,27712.0,24421.0,3291.0,2099.4,2106.2,393.0,,,0.0,0.9630275229357799,0.07575779445727483,0.07600317551963048,2.448939087759815,0.08528968204097022,0.18027522935779816,0.11875721709006928,0.8812427829099307,-6.799999999999727,-0.0031192660550457465,0.11396154129521845
Şəmkir rayonu,2009,36.0,24.0,444.0,403.0,41.0,230.0,197.0,33.0,28.3,10.7,7.0,Gazakh-Tovuz,,0.0,0.7861111111111111,0.12304347826086957,0.04652173913043478,1.9304347826086956,0.033789954337899546,0.19444444444444445,0.14347826086956522,0.8565217391304348,17.6,0.48888888888888893,0.09234234234234234
Abşeron iqtisadi rayonu,2010,1305.0,561.0,9148.0,5836.0,3312.0,4827.0,3989.0,838.0,840.8000000000001,956.0000000000001,208.0,,,0.0,0.6442911877394637,0.1741868655479594,0.19805262067536775,1.895172985291071,0.019205374481708917,0.15938697318007664,0.17360679511083488,0.8263932048891651,-115.20000000000005,-0.08827586206896555,0.3620463489287276
Abşeron rayonu,2010,265.0,178.0,2746.0,2436.0,310.0,1919.0,1821.0,98.0,341.8,329.1,119.0,Absheron,,0.0,1.289811320754717,0.1781136008337676,0.17149557060969256,1.4309536216779573,0.028389764797105196,0.4490566037735849,0.05106826472120896,0.948931735278791,12.699999999999989,0.04792452830188675,0.11289147851420248
Astara rayonu,2010,244.0,108.0,3425.0,1727.0,1698.0,3059.0,1629.0,1430.0,103.4,64.1,25.0,Lankaran-Astara,461.5057835,0.528704100194662,0.4237704918032787,0.033801896044458976,0.020954560313828047,1.1196469434455705,0.03845721985178532,0.10245901639344263,0.4674730304020922,0.5325269695979078,39.30000000000001,0.16106557377049185,0.49576642335766424
Ağcabədi rayonu,2010,60.0,30.0,265.0,265.0,,265.0,265.0,,2.7,2.5,2.0,Karabakh,,0.0,0.045000000000000005,0.010188679245283019,0.009433962264150943,1.0,0.012100456621004566,0.03333333333333333,0.0,1.0,0.20000000000000018,0.003333333333333336,0.0
Ağdaş rayonu,2010,8.0,5.0,,,,,,,,19.5,1.0,Central Aran,,0.0,0.0,0.0,0.0,0.0,0.0,0.125,0.0,0.0,0.0,0.0,0.0
Ağstafa rayonu,2010,74.0,34.0,2339.0,2196.0,143.0,2186.0,2045.0,141.0,31.7,30.0,10.0,Gazakh-Tovuz,,0.0,0.4283783783783784,0.014501372369624885,0.013723696248856358,1.0699908508691673,0.08659755646057016,0.13513513513513514,0.06450137236962489,0.9354986276303752,1.6999999999999993,0.022972972972972964,0.061137238135955535
Ağsu rayonu,2010,81.0,45.0,,,,,,,,,4.0,Mountainous Shirvan,,0.0,0.0,0.0,0.0,0.0,0.0,0.04938271604938271,0.0,0.0,0.0,0.0,0.0
Bakı şəhəri,2010,10040.0,5471.0,799607.0,401912.0,397695.0,230377.0,72877.0,157500.0,79864.6,64326.0,3194.0,,,0.0,7.954641434262949,0.346669155341028,0.27922058191572946,3.470862976772855,0.21819762047699612,0.31812749003984064,0.6836619975084318,0.3163380024915682,15538.600000000006,1.547669322709164,0.4973630796128598
Balakən rayonu,2010,48.0,24.0,582.0,582.0,,582.0,582.0,,9.4,10.6,3.0,Sheki-Zagatala,,0.0,0.19583333333333333,0.016151202749140895,0.018213058419243984,1.0,0.03321917808219178,0.0625,0.0,1.0,-1.1999999999999993,-0.024999999999999984,0.0
Beyləqan rayonu,2010,39.0,17.0,615.0,615.0,,240.0,240.0,,12.8,6.9,2.0,Mil-Mughan,,0.0,0.3282051282051282,0.05333333333333334,0.02875,2.5625,0.04320337197049526,0.05128205128205128,0.0,1.0,5.9,0.1512820512820513,0.0
Biləsuvar rayonu,2010,102.0,45.0,337.0,337.0,,166.0,166.0,,9.6,7.1,5.0,,,0.0,0.09411764705882353,0.057831325301204814,0.04277108433734939,2.0301204819277108,0.00905183991404781,0.049019607843137254,0.0,1.0,2.5,0.024509803921568627,0.0
Binəqədi rayonu,2010,747.0,311.0,26315.0,11420.0,14895.0,4209.0,1724.0,2485.0,1598.7,2041.7,197.0,Baku,,0.0,2.1401606425702813,0.3798289379900214,0.48507959135186507,6.25207887859349,0.09651390951935596,0.2637215528781794,0.5904015205511998,0.4095984794488002,-443.0,-0.5930388219544847,0.5660269808094243
Bərdə rayonu,2010,108.0,75.0,,,,,,,,,2.0,Karabakh,,0.0,0.0,0.0,0.0,0.0,0.0,0.018518518518518517,0.0,0.0,0.0,0.0,0.0
Cəlilabad rayonu,2010,126.0,67.0,1717.0,1577.0,140.0,648.0,591.0,57.0,17.9,17.7,11.0,Lankaran-Astara,,0.0,0.14206349206349206,0.027623456790123454,0.027314814814814813,2.6496913580246915,0.03733420308762774,0.0873015873015873,0.08796296296296297,0.9120370370370371,0.1999999999999993,0.0015873015873015817,0.081537565521258
Dağlıq Şirvan iqtisadi rayonu,2010,1255.0,553.0,10047.0,9874.0,173.0,6112.0,5994.0,118.0,698.8,519.3,215.0,,,0.0,0.556812749003984,0.11433246073298428,0.08496400523560209,1.643815445026178,0.02193308955956994,0.17131474103585656,0.01930628272251309,0.9806937172774869,179.5,0.14302788844621514,0.017219070369264455
Goranboy rayonu,2010,69.0,35.0,2765.0,2765.0,,1230.0,1230.0,,73.3,20.8,7.0,Ganja-Dashkasan,1837.87389756,0.037543381018472405,1.0623188405797102,0.05959349593495935,0.016910569105691057,2.247967479674797,0.10978757196744093,0.10144927536231885,0.0,1.0,52.5,0.7608695652173914,0.0
Göygöl rayonu,2010,110.0,39.0,2060.0,2060.0,,1675.0,1675.0,,73.8,41.8,9.0,,,0.0,0.6709090909090909,0.04405970149253731,0.024955223880597014,1.2298507462686568,0.05130759651307597,0.08181818181818182,0.0,1.0,32.0,0.2909090909090909,0.0
Göyçay rayonu,2010,27.0,12.0,850.0,697.0,153.0,765.0,632.0,133.0,7.8,6.9,3.0,Central Aran,,0.0,0.28888888888888886,0.01019607843137255,0.009019607843137255,1.1111111111111112,0.08625063419583967,0.1111111111111111,0.1738562091503268,0.8261437908496732,0.8999999999999995,0.03333333333333331,0.18
Gədəbəy rayonu,2010,223.0,103.0,1514.0,1440.0,74.0,794.0,744.0,50.0,72.6,46.3,21.0,Ganja-Dashkasan,,0.0,0.3255605381165919,0.09143576826196473,0.05831234256926952,1.906801007556675,0.018600651145647767,0.09417040358744394,0.06297229219143577,0.9370277078085643,26.299999999999997,0.11793721973094169,0.0488771466314399
Gəncə  şəhəri,2010,956.0,511.0,8594.0,7533.0,1061.0,8036.0,6975.0,1061.0,657.3,598.2,71.0,,,0.0,0.68755230125523,0.081794425087108,0.0744400199104032,1.069437531110005,0.024628876024531437,0.07426778242677824,0.13203086112493778,0.8679691388750622,59.09999999999991,0.061820083682008274,0.1234582266697696
Gəncə-Daşkəsən iqtisadi rayonu,2010,1245.0,676.0,20252.0,18301.0,1951.0,11569.0,10435.0,1134.0,965.6999999999998,816.4,120.0,,,0.0,0.7756626506024095,0.08347307459590282,0.0705678969660299,1.7505402368398306,0.0445662100456621,0.0963855421686747,0.09802057221886075,0.9019794277811393,149.29999999999984,0.11991967871485931,0.09633616432944894
Kürdəmir rayonu,2010,194.0,87.0,15731.0,15650.0,81.0,4331.0,4250.0,81.0,339.2,272.5,20.0,Central Aran,,0.0,1.7484536082474227,0.07831909489725236,0.06291849457400138,3.6321865619949203,0.2221578873040531,0.10309278350515463,0.018702378203648118,0.9812976217963518,66.69999999999999,0.34381443298969067,0.00514906871781832
Lerik rayonu,2010,542.0,192.0,19902.0,19902.0,,5065.0,5065.0,,1367.6,1316.9,27.0,Lankaran-Astara,1101.38591173,0.49210725707273156,2.5232472324723245,0.2700098716683119,0.26,3.9293188548864757,0.10060152656321084,0.04981549815498155,0.0,1.0,50.69999999999982,0.0935424354243539,0.0
Lənkəran iqtisadi rayonu,2010,2678.0,1095.0,49174.0,46251.0,2923.0,19968.0,18006.0,1962.0,2368.7999999999997,2277.2000000000003,249.0,,,0.0,0.8845407020164301,0.11862980769230767,0.11404246794871796,2.4626402243589745,0.050307426314874115,0.0929798356982823,0.09825721153846154,0.9017427884615384,91.59999999999945,0.03420463032113497,0.0594419815349575
Lənkəran rayonu,2010,411.0,211.0,6641.0,5812.0,829.0,3936.0,3575.0,361.0,403.8,423.6,57.0,,,0.0,0.9824817518248176,0.10259146341463415,0.10762195121951221,1.6872459349593496,0.04426890644268906,0.1386861313868613,0.09171747967479675,0.9082825203252033,-19.80000000000001,-0.04817518248175185,0.12483059780153591
Masallı rayonu,2010,1325.0,496.0,17489.0,17233.0,256.0,7260.0,7146.0,114.0,476.1,454.9,127.0,Lankaran-Astara,,0.0,0.35932075471698116,0.06557851239669422,0.06265840220385675,2.408953168044077,0.03616231584388731,0.09584905660377359,0.015702479338842976,0.984297520661157,21.200000000000045,0.016000000000000035,0.01463777231402596
Mil-Muğan iqtisadi rayonu,2010,172.0,93.0,3101.0,2621.0,480.0,1923.0,1728.0,195.0,184.5,144.9,42.0,,,0.0,1.072674418604651,0.09594383775351015,0.07535101404056163,1.6125845033801351,0.04939471169162154,0.2441860465116279,0.10140405616224649,0.8985959438377535,39.599999999999994,0.23023255813953486,0.1547887778136085
Mingəçevir şəhəri,2010,788.0,302.0,12207.0,12207.0,,5533.0,5533.0,,211.9,133.7,46.0,Central Aran,,0.0,0.26890862944162436,0.03829748780046991,0.024164106271462135,2.20621724200253,0.04244141575690147,0.0583756345177665,0.0,1.0,78.20000000000002,0.09923857868020307,0.0
Mərkəzi Aran iqtisadi rayonu,2010,1262.0,523.0,29166.0,28892.0,274.0,10830.0,10576.0,254.0,574.1,446.6,82.0,,,0.0,0.4549128367670365,0.05301015697137581,0.04123730378578024,2.6930747922437672,0.06331763020211449,0.06497622820919176,0.0234533702677747,0.9765466297322253,127.5,0.10103011093502377,0.009394500445724473
Naftalan  şəhəri,2010,110.0,91.0,6833.0,5943.0,890.0,628.0,555.0,73.0,161.3,155.6,33.0,,15.57198574,7.0639674243626684,1.4663636363636365,0.2568471337579618,0.24777070063694268,10.880573248407643,0.170186799501868,0.3,0.11624203821656051,0.8837579617834395,5.700000000000017,0.05181818181818197,0.13025025611005414
Neftçala rayonu,2010,60.0,32.0,,,,,,,,,1.0,,,0.0,0.0,0.0,0.0,0.0,0.0,0.016666666666666666,0.0,0.0,0.0,0.0,0.0
Nizami rayonu,2010,160.0,89.0,7441.0,4836.0,2605.0,5292.0,4429.0,863.0,380.4,355.0,35.0,Baku,,0.0,2.3775,0.07188208616780045,0.06708238851095993,1.406084656084656,0.12741438356164383,0.21875,0.1630763416477702,0.8369236583522298,25.399999999999977,0.15874999999999986,0.35008735385028894
Nərimanov rayonu,2010,1430.0,687.0,19658.0,8392.0,11266.0,5481.0,957.0,4524.0,1531.2,1205.1,311.0,Baku,,0.0,1.0707692307692307,0.27936507936507937,0.2198686371100164,3.586571793468345,0.0376626113612415,0.21748251748251748,0.8253968253968254,0.1746031746031746,326.10000000000014,0.22804195804195815,0.5731000101739749
Nəsimi rayonu,2010,1890.0,1109.0,104848.0,10321.0,94527.0,61091.0,6132.0,54959.0,15445.9,12273.1,497.0,Baku,,0.0,8.172433862433863,0.25283429637753513,0.20089865937699497,1.7162593508045374,0.15198666376748568,0.26296296296296295,0.8996251493673373,0.10037485063266274,3172.7999999999993,1.6787301587301584,0.9015622615595911
Oğuz rayonu,2010,113.0,43.0,2668.0,2343.0,325.0,2668.0,2343.0,325.0,132.1,78.3,18.0,Sheki-Zagatala,,0.0,1.1690265486725664,0.049512743628185904,0.029347826086956522,1.0,0.06468662868226452,0.1592920353982301,0.12181409295352325,0.8781859070464768,53.8,0.47610619469026544,0.12181409295352325
Qarabağ iqtisadi rayonu,2010,198.0,120.0,909.0,909.0,,618.0,618.0,,8.8,8.6,6.0,,,0.0,0.044444444444444446,0.01423948220064725,0.013915857605177993,1.470873786407767,0.01257783312577833,0.030303030303030304,0.0,1.0,0.20000000000000107,0.0010101010101010155,0.0
Qaradağ rayonu,2010,,,,,18612.0,21439.0,,,,,,Baku,,0.0,0.0,0.0,0.0,0.0,0.0,0.0,0.0,0.0,0.0,0.0,0.0
Qax rayonu,2010,484.0,212.0,21194.0,20659.0,535.0,3327.0,3101.0,226.0,648.4,524.7,84.0,Sheki-Zagatala,,0.0,1.3396694214876033,0.19489029155395252,0.1577096483318305,6.370303576795912,0.11997056492697837,0.17355371900826447,0.06792906522392546,0.9320709347760745,123.69999999999993,0.25557851239669405,0.025242993299990562
Qazax rayonu,2010,272.0,133.0,1365.0,1177.0,188.0,1210.0,1022.0,188.0,29.1,27.3,13.0,Gazakh-Tovuz,,0.0,0.10698529411764707,0.024049586776859505,0.02256198347107438,1.128099173553719,0.013748992747784045,0.04779411764705882,0.15537190082644628,0.8446280991735537,1.8000000000000007,0.006617647058823532,0.13772893772893774
Qazax-Tovuz iqtisadi rayonu,2010,605.0,294.0,5633.0,5197.0,436.0,4404.0,4005.0,399.0,172.0,113.69999999999999,48.0,,1818.350328,0.3327191634548433,0.28429752066115704,0.03905540417801998,0.02581743869209809,1.2790644868301544,0.025508887127816144,0.07933884297520662,0.09059945504087194,0.909400544959128,58.30000000000001,0.09636363636363639,0.07740102964672466
Quba rayonu,2010,1293.0,553.0,32836.0,19875.0,12961.0,13888.0,11567.0,2321.0,1893.1,1702.0,268.0,Guba-Khachmaz,,0.0,1.4641144624903324,0.13631192396313363,0.12255184331797235,2.36434331797235,0.06957590397186113,0.20726991492652747,0.16712269585253456,0.8328773041474654,191.0999999999999,0.1477958236658932,0.3947192106224875
Quba-Xaçmaz iqtisadi rayonu,2010,7905.0,2921.0,310094.0,197608.0,112486.0,66064.0,48545.0,17519.0,13598.5,14184.5,1144.0,,,0.0,1.7202403542061986,0.20583827803342214,0.21470846451925404,4.69384233470574,0.1074728150208382,0.14471853257432005,0.26518224751755876,0.7348177524824413,-586.0,-0.0741302972802024,0.3627480699400827
Qusar rayonu,2010,319.0,132.0,4639.0,4417.0,222.0,1396.0,1300.0,96.0,174.7,878.4,39.0,Guba-Khachmaz,,0.0,0.5476489028213166,0.1251432664756447,0.6292263610315186,3.3230659025787967,0.0398419719156611,0.12225705329153605,0.06876790830945559,0.9312320916905444,-703.7,-2.2059561128526646,0.04785514119422289
Qəbələ rayonu,2010,602.0,267.0,25666.0,23079.0,2587.0,24330.0,23079.0,1251.0,717.5,776.6,80.0,,,0.0,1.191860465116279,0.02949034114262228,0.031919441019317714,1.054911631730374,0.11680699039730578,0.132890365448505,0.051418002466091246,0.9485819975339087,-59.10000000000002,-0.0981727574750831,0.1007948258396322
Saatlı rayonu,2010,107.0,65.0,2081.0,1601.0,480.0,1408.0,1213.0,,152.4,118.8,34.0,Mil-Mughan,,0.0,1.4242990654205607,0.10823863636363637,0.08437499999999999,1.4779829545454546,0.053283830495455126,0.3177570093457944,0.0,0.8615056818181818,33.60000000000001,0.31401869158878515,0.23065833733781835
Sabirabad rayonu,2010,6.0,4.0,150.0,150.0,,150.0,150.0,,18.0,17.8,5.0,Mil-Mughan,1466.33041279,0.004091847204194412,3.0,0.12,0.11866666666666667,1.0,0.0684931506849315,0.8333333333333334,0.0,1.0,0.1999999999999993,0.033333333333333215,0.0
Sabunçu rayonu,2010,563.0,356.0,102196.0,101619.0,577.0,5947.0,5856.0,91.0,4461.5,2643.1,240.0,Baku,,0.0,7.924511545293073,0.7502101900117707,0.44444257608878424,17.184462754329914,0.4973162364047787,0.42628774422735344,0.01530183285690264,0.9846981671430973,1818.4,3.229840142095915,0.005646013542604407
Salyan rayonu,2010,156.0,94.0,,,,,,,,,2.0,,1916.78295505,0.08138636645792308,0.0,0.0,0.0,0.0,0.0,0.01282051282051282,0.0,0.0,0.0,0.0,0.0
Siyəzən rayonu,2010,128.0,54.0,3490.0,3490.0,,83.0,83.0,,,705.1,10.0,Guba-Khachmaz,,0.0,0.0,0.0,8.495180722891567,42.04819277108434,0.07470034246575342,0.078125,0.0,1.0,0.0,0.0,0.0
Sumqayıt şəhəri,2010,856.0,302.0,5410.0,2485.0,2925.0,1958.0,1295.0,663.0,424.3,351.3,64.0,Absheron,,0.0,0.495677570093458,0.21670071501532176,0.17941777323799796,2.763023493360572,0.017315324542312122,0.07476635514018691,0.3386108273748723,0.6613891726251276,73.0,0.0852803738317757,0.5406654343807763
Suraxanı rayonu,2010,40.0,15.0,1620.0,1620.0,,60.0,60.0,,138.1,102.7,5.0,Baku,,0.0,3.4524999999999997,2.3016666666666667,1.7116666666666667,27.0,0.11095890410958904,0.125,0.0,1.0,35.39999999999999,0.8849999999999998,0.0
Səbail rayonu,2010,2320.0,1233.0,295608.0,113616.0,181992.0,71937.0,33977.0,37960.0,17184.2,17182.8,736.0,Baku,,0.0,7.40698275862069,0.23887846309965666,0.23885900162642312,4.109262271153926,0.34908833254605576,0.31724137931034485,0.5276839456746876,0.47231605432531243,1.4000000000014552,0.0006034482758626962,0.6156531622960136
Tərtər rayonu,2010,30.0,15.0,644.0,644.0,,353.0,353.0,,6.1,6.1,2.0,Karabakh,,0.0,0.2033333333333333,0.017280453257790367,0.017280453257790367,1.8243626062322946,0.058812785388127856,0.06666666666666667,0.0,1.0,0.0,0.0,0.0
Ucar rayonu,2010,52.0,19.0,,,,,,,,,1.0,Central Aran,,0.0,0.0,0.0,0.0,0.0,0.0,0.019230769230769232,0.0,0.0,0.0,0.0,0.0
Xaçmaz rayonu,2010,6084.0,2142.0,268263.0,168960.0,99303.0,50260.0,35158.0,15102.0,11466.4,10845.7,821.0,Guba-Khachmaz,,0.0,1.884681130834977,0.22814166335057698,0.21579188221249504,5.3375049741345,0.12080327470211559,0.1349441157133465,0.3004775169120573,0.6995224830879427,620.6999999999989,0.10202169625246531,0.370170317934266
Xızı rayonu,2010,184.0,81.0,992.0,915.0,77.0,950.0,873.0,77.0,74.7,275.6,25.0,Absheron,,0.0,0.40597826086956523,0.07863157894736843,0.29010526315789475,1.0442105263157895,0.014770696843359143,0.1358695652173913,0.08105263157894736,0.9189473684210526,-200.90000000000003,-1.0918478260869566,0.07762096774193548
Xətai rayonu,2010,461.0,213.0,17440.0,3229.0,14211.0,6781.0,1790.0,4991.0,624.7,475.0,60.0,Baku,,0.0,1.3550976138828634,0.09212505530157794,0.07004866538858576,2.5718920513198644,0.10364603452886816,0.1301518438177874,0.7360271346409084,0.2639728653590916,149.70000000000005,0.3247288503253797,0.8148509174311926
Xəzər rayonu,2010,1567.0,768.0,151663.0,133051.0,,,15237.0,6202.0,8214.0,6983.8,443.0,Baku,,0.0,5.241863433312061,0.0,0.0,0.0,0.265165965853957,0.28270580727504785,0.0,0.0,1230.1999999999998,0.7850670070197829,0.0
Yardımlı rayonu,2010,30.0,21.0,,,,,,,,,2.0,Lankaran-Astara,,0.0,0.0,0.0,0.0,0.0,0.0,0.06666666666666667,0.0,0.0,0.0,0.0,0.0
Yasamal rayonu,2010,862.0,690.0,72818.0,13808.0,59010.0,48140.0,2715.0,45425.0,30285.9,21063.7,670.0,Baku,,0.0,35.134454756380514,0.6291213128375571,0.43755089322808477,1.5126298296634815,0.23144010424943584,0.777262180974478,0.9436019941836311,0.056398005816368925,9222.2,10.698607888631091,0.810376555247329
Yevlax rayonu,2010,173.0,87.0,,,,,,,,,2.0,Central Aran,,0.0,0.0,0.0,0.0,0.0,0.0,0.011560693641618497,0.0,0.0,0.0,0.0,0.0
Zaqatala rayonu,2010,357.0,155.0,5293.0,4939.0,354.0,4554.0,4206.0,348.0,276.0,242.4,51.0,Sheki-Zagatala,,0.0,0.773109243697479,0.06060606060606061,0.053227931488801054,1.1622749231444884,0.04062008364989832,0.14285714285714285,0.0764163372859025,0.9235836627140975,33.599999999999994,0.09411764705882351,0.06688078594369923
Zərdab rayonu,2010,20.0,11.0,378.0,338.0,40.0,201.0,161.0,40.0,15.2,14.0,9.0,Central Aran,,0.0,0.76,0.07562189054726368,0.06965174129353234,1.8805970149253732,0.051780821917808216,0.45,0.19900497512437812,0.8009950248756219,1.1999999999999993,0.05999999999999996,0.10582010582010581
İmişli rayonu,2010,20.0,7.0,255.0,255.0,,125.0,125.0,195.0,1.3,1.4,1.0,Mil-Mughan,,0.0,0.065,0.0104,0.0112,2.04,0.03493150684931507,0.05,1.56,1.0,-0.09999999999999987,-0.004999999999999993,0.0
İsmayıllı rayonu,2010,618.0,268.0,5360.0,5295.0,65.0,3442.0,3377.0,65.0,291.3,176.9,95.0,Mountainous Shirvan,,0.0,0.4713592233009709,0.08463102847181872,0.05139453805926787,1.557234166182452,0.023762025091989183,0.15372168284789645,0.018884369552585704,0.9811156304474143,114.4,0.18511326860841426,0.012126865671641791
Şabran rayonu,2010,81.0,40.0,866.0,866.0,,437.0,437.0,,64.3,53.3,6.0,Guba-Khachmaz,,0.0,0.7938271604938272,0.1471395881006865,0.12196796338672768,1.9816933638443937,0.029291391848469475,0.07407407407407407,0.0,1.0,11.0,0.13580246913580246,0.0
Şamaxı rayonu,2010,556.0,240.0,4687.0,4579.0,108.0,2670.0,2617.0,53.0,407.5,342.4,116.0,Mountainous Shirvan,,0.0,0.7329136690647482,0.15262172284644196,0.12823970037453183,1.7554307116104868,0.023095496205775105,0.20863309352517986,0.019850187265917602,0.9801498127340824,65.10000000000002,0.11708633093525184,0.023042457862171965
Şirvan şəhəri,2010,128.0,56.0,1836.0,1634.0,202.0,1674.0,1542.0,132.0,25.9,26.2,12.0,,,0.0,0.20234375,0.015471923536439664,0.015651135005973715,1.096774193548387,0.039297945205479454,0.09375,0.07885304659498207,0.921146953405018,-0.3000000000000007,-0.0023437500000000056,0.11002178649237472
Şirvan-Salyan iqtisadi rayonu,2010,446.0,227.0,2173.0,1971.0,202.0,1840.0,1708.0,132.0,35.5,33.3,20.0,,1916.78295505,0.2326815348732929,0.0795964125560538,0.019293478260869565,0.01809782608695652,1.1809782608695651,0.013348485779224768,0.04484304932735426,0.07173913043478261,0.9282608695652174,2.200000000000003,0.004932735426008975,0.09295904279797515
Şəki rayonu,2010,576.0,269.0,7471.0,5054.0,2417.0,6319.0,4209.0,2110.0,2210.5,609.6,109.0,,,0.0,3.837673611111111,0.3498180091786675,0.09647096059503087,1.1823073271087197,0.03553557838660579,0.1892361111111111,0.3339135939230891,0.6660864060769109,1600.9,2.779340277777778,0.32351760139204927
Şəki-Zaqatala iqtisadi rayonu,2010,2180.0,970.0,62874.0,56656.0,6218.0,41780.0,37520.0,4260.0,3993.8999999999996,2242.2000000000003,345.0,,,0.0,1.832064220183486,0.09559358544758256,0.05366682623264721,1.5048827190043084,0.07901721754430062,0.15825688073394495,0.10196266156055529,0.8980373384394447,1751.6999999999994,0.8035321100917429,0.09889620510862995
Şəmkir rayonu,2010,36.0,24.0,415.0,384.0,31.0,214.0,194.0,20.0,38.6,10.1,4.0,Gazakh-Tovuz,,0.0,1.0722222222222222,0.18037383177570093,0.04719626168224299,1.939252336448598,0.031582952815829526,0.1111111111111111,0.09345794392523364,0.9065420560747663,28.5,0.7916666666666666,0.0746987951807229
Abşeron iqtisadi rayonu,2011,1648.0,849.0,23778.0,12570.0,11208.0,13125.0,7989.0,5136.0,3191.8,2226.9,481.0,,,0.0,1.9367718446601943,0.24318476190476193,0.16966857142857145,1.8116571428571429,0.03952985769384226,0.29186893203883496,0.3913142857142857,0.6086857142857143,964.9000000000001,0.585497572815534,0.4713600807469089
Abşeron rayonu,2011,265.0,178.0,7418.0,6973.0,445.0,3400.0,3265.0,135.0,430.3,356.2,115.0,Absheron,,0.0,1.6237735849056605,0.12655882352941178,0.10476470588235294,2.181764705882353,0.07669165158955803,0.4339622641509434,0.039705882352941174,0.9602941176470589,74.10000000000002,0.27962264150943406,0.059989215421946615
Astara rayonu,2011,206.0,92.0,2496.0,1651.0,845.0,2496.0,1651.0,845.0,73.7,49.0,23.0,Lankaran-Astara,461.5057835,0.4463649370495917,0.35776699029126213,0.029527243589743592,0.019631410256410256,1.0,0.033195903710599814,0.11165048543689321,0.3385416666666667,0.6614583333333334,24.700000000000003,0.11990291262135924,0.3385416666666667
Ağcabədi rayonu,2011,60.0,30.0,352.0,352.0,,352.0,352.0,,4.2,2.9,2.0,Karabakh,,0.0,0.07,0.011931818181818182,0.008238636363636363,1.0,0.016073059360730592,0.03333333333333333,0.0,1.0,1.3000000000000003,0.02166666666666667,0.0
Ağdaş rayonu,2011,8.0,5.0,,,,,,,,17.0,1.0,Central Aran,,0.0,0.0,0.0,0.0,0.0,0.0,0.125,0.0,0.0,0.0,0.0,0.0
Ağstafa rayonu,2011,74.0,34.0,2583.0,2400.0,183.0,2380.0,2232.0,148.0,42.8,36.5,9.0,Gazakh-Tovuz,,0.0,0.5783783783783784,0.017983193277310922,0.015336134453781512,1.0852941176470587,0.09563124768604221,0.12162162162162163,0.06218487394957983,0.9378151260504202,6.299999999999997,0.0851351351351351,0.07084785133565621
Ağsu rayonu,2011,81.0,45.0,,,,,,,,,4.0,Mountainous Shirvan,,0.0,0.0,0.0,0.0,0.0,0.0,0.04938271604938271,0.0,0.0,0.0,0.0,0.0
Bakı şəhəri,2011,10291.0,5607.0,862916.0,370915.0,492001.0,282410.0,82088.0,200322.0,88441.2,68101.3,3121.0,,,0.0,8.594033621611116,0.3131659643780319,0.24114337311001735,3.055543358946213,0.2297301938254333,0.30327470605383344,0.7093304061470911,0.2906695938529089,20339.899999999994,1.9764745894470892,0.5701609426641759
Balakən rayonu,2011,240.0,87.0,8319.0,8270.0,49.0,2829.0,2806.0,23.0,101.3,150.7,55.0,Sheki-Zagatala,,0.0,0.4220833333333333,0.035807705903145984,0.053269706610109574,2.940615058324496,0.09496575342465753,0.22916666666666666,0.008130081300813009,0.991869918699187,-49.39999999999999,-0.20583333333333328,0.005890131025363625
Beyləqan rayonu,2011,28.0,17.0,583.0,583.0,,315.0,315.0,,11.6,6.1,2.0,Mil-Mughan,,0.0,0.41428571428571426,0.036825396825396824,0.019365079365079363,1.8507936507936509,0.05704500978473581,0.07142857142857142,0.0,1.0,5.5,0.19642857142857142,0.0
Biləsuvar rayonu,2011,102.0,45.0,622.0,609.0,13.0,303.0,292.0,11.0,17.4,16.8,5.0,,,0.0,0.17058823529411762,0.05742574257425742,0.055445544554455446,2.052805280528053,0.016706956755304862,0.049019607843137254,0.036303630363036306,0.9636963696369637,0.5999999999999979,0.00588235294117645,0.02090032154340836
Binəqədi rayonu,2011,691.0,268.0,23755.0,10797.0,12958.0,4160.0,1879.0,2281.0,898.4,876.8,175.0,Baku,,0.0,1.3001447178002894,0.21596153846153845,0.21076923076923076,5.710336538461538,0.09418551632535734,0.2532561505065123,0.5483173076923077,0.4516826923076923,21.600000000000023,0.031259044862518126,0.5454851610187329
Bərdə rayonu,2011,108.0,75.0,,,,,,,,,2.0,Karabakh,,0.0,0.0,0.0,0.0,0.0,0.0,0.018518518518518517,0.0,0.0,0.0,0.0,0.0
Cəlilabad rayonu,2011,126.0,67.0,1756.0,1620.0,136.0,740.0,653.0,87.0,26.4,25.0,10.0,Lankaran-Astara,,0.0,0.2095238095238095,0.03567567567567567,0.033783783783783786,2.372972972972973,0.03818221352467928,0.07936507936507936,0.11756756756756757,0.8824324324324324,1.3999999999999986,0.0111111111111111,0.0774487471526196
Dağlıq Şirvan iqtisadi rayonu,2011,1307.0,577.0,17385.0,15611.0,1774.0,11508.0,11166.0,342.0,1115.1,936.6,230.0,,,0.0,0.8531752104055087,0.0968978102189781,0.08138686131386862,1.5106882168925964,0.03644233893366593,0.17597551644988524,0.029718456725755994,0.970281543274244,178.4999999999999,0.13657230298393258,0.10204199022145528
Goranboy rayonu,2011,69.0,35.0,400.0,336.0,64.0,170.0,140.0,30.0,32.5,18.7,11.0,Ganja-Dashkasan,1837.87389756,0.037543381018472405,0.47101449275362317,0.19117647058823528,0.11,2.3529411764705883,0.01588246972404209,0.15942028985507245,0.17647058823529413,0.8235294117647058,13.8,0.2,0.16
Göygöl rayonu,2011,110.0,39.0,714.0,714.0,,604.0,604.0,,18.3,14.1,9.0,,,0.0,0.16636363636363638,0.030298013245033114,0.023344370860927152,1.1821192052980132,0.017783312577833124,0.08181818181818182,0.0,1.0,4.200000000000001,0.03818181818181819,0.0
Göyçay rayonu,2011,157.0,46.0,4587.0,3171.0,1416.0,2427.0,1787.0,640.0,84.6,79.2,15.0,Central Aran,,0.0,0.5388535031847134,0.034857849196538934,0.03263288009888752,1.8899876390605685,0.08004537125905244,0.09554140127388536,0.26370004120313145,0.7362999587968686,5.3999999999999915,0.03439490445859867,0.30869849574885544
Gədəbəy rayonu,2011,245.0,110.0,4096.0,3723.0,373.0,816.0,748.0,68.0,85.0,44.6,21.0,Ganja-Dashkasan,,0.0,0.3469387755102041,0.10416666666666667,0.05465686274509804,5.019607843137255,0.045803746155996646,0.08571428571428572,0.08333333333333333,0.9166666666666666,40.4,0.16489795918367348,0.091064453125
Gəncə  şəhəri,2011,953.0,511.0,10555.0,9419.0,1136.0,10555.0,9419.0,1136.0,732.9,724.8,80.0,,,0.0,0.7690451206715635,0.06943628612032211,0.06866887730933206,1.0,0.030343975046356855,0.08394543546694648,0.10762671719564187,0.8923732828043581,8.100000000000023,0.008499475341028356,0.10762671719564187
Gəncə-Daşkəsən iqtisadi rayonu,2011,1680.0,861.0,59074.0,48175.0,10899.0,15603.0,13632.0,1971.0,4340.3,2985.1,353.0,,,0.0,2.583511904761905,0.2781708645773249,0.1913157726078318,3.786066782029097,0.09633724722765818,0.21011904761904762,0.1263218611805422,0.8736781388194578,1355.2000000000003,0.8066666666666669,0.18449741002810036
Kürdəmir rayonu,2011,194.0,87.0,12169.0,12169.0,,3429.0,3429.0,,264.9,225.0,19.0,Central Aran,,0.0,1.365463917525773,0.07725284339457567,0.06561679790026247,3.5488480606590844,0.17185425787318176,0.0979381443298969,0.0,1.0,39.89999999999998,0.20567010309278339,0.0
Lerik rayonu,2011,567.0,197.0,19276.0,19276.0,,5043.0,5043.0,,1429.2,1260.0,28.0,Lankaran-Astara,1101.38591173,0.5148059312919535,2.5206349206349206,0.2834027364663891,0.2498512790005949,3.822327979377355,0.09314102099490228,0.04938271604938271,0.0,1.0,169.20000000000005,0.2984126984126985,0.0
Lənkəran iqtisadi rayonu,2011,2796.0,1133.0,68378.0,63968.0,4410.0,25382.0,23494.0,1888.0,3109.1,2529.8,329.0,,,0.0,1.111981402002861,0.12249231739027656,0.09966905681191396,2.6939563470175716,0.06700178336958865,0.11766809728183118,0.07438342132219683,0.9256165786778031,579.2999999999997,0.20718884120171663,0.06449442803240808
Lənkəran rayonu,2011,518.0,253.0,11320.0,10305.0,1015.0,6082.0,5678.0,404.0,825.8,735.0,102.0,,,0.0,1.5942084942084942,0.13577770470240053,0.12084840512989148,1.861229858599145,0.05987200507748453,0.1969111969111969,0.06642551792173627,0.9335744820782638,90.79999999999995,0.1752895752895752,0.0896643109540636
Masallı rayonu,2011,1349.0,503.0,33530.0,31116.0,2414.0,11021.0,10469.0,552.0,754.0,460.8,164.0,Lankaran-Astara,,0.0,0.558932542624166,0.06841484438798658,0.04181108792305598,3.0423736503039653,0.06809711912426251,0.12157153446997776,0.050086199074494145,0.9499138009255058,293.2,0.2173461823573017,0.07199522815389203
Mil-Muğan iqtisadi rayonu,2011,161.0,93.0,3085.0,2559.0,526.0,2099.0,1905.0,194.0,191.0,177.4,43.0,,,0.0,1.186335403726708,0.09099571224392568,0.0845164363982849,1.4697474988089567,0.05249723474857483,0.2670807453416149,0.09242496426869938,0.9075750357313006,13.599999999999994,0.08447204968944096,0.17050243111831442
Mingəçevir şəhəri,2011,929.0,350.0,11848.0,10922.0,926.0,7691.0,7554.0,137.0,461.5,575.7,151.0,Central Aran,,0.0,0.4967707212055974,0.0600052008841503,0.07485372513327267,1.5405018853205046,0.034941091466741375,0.16254036598493002,0.017813028214796515,0.9821869717852035,-114.20000000000005,-0.12292787944025839,0.07815665091154625
Mərkəzi Aran iqtisadi rayonu,2011,1481.0,586.0,28928.0,26585.0,2343.0,13698.0,12920.0,778.0,825.7,911.2,196.0,,,0.0,0.5575286968264687,0.0602788728281501,0.06652065995035772,2.1118411446926557,0.053514378474374034,0.1323430114787306,0.056796612644181635,0.9432033873558183,-85.5,-0.057731262660364616,0.0809941924778761
Naftalan  şəhəri,2011,548.0,276.0,47405.0,37706.0,9699.0,4274.0,3469.0,805.0,3556.6,2227.5,253.0,,15.57198574,35.19140135046129,6.49014598540146,0.8321478708469817,0.5211745437529247,11.091483387927001,0.237001299870013,0.46167883211678834,0.18834815161441273,0.8116518483855872,1329.1,2.4253649635036494,0.20459867102626306
Neftçala rayonu,2011,60.0,32.0,,,,,,,,,1.0,,,0.0,0.0,0.0,0.0,0.0,0.0,0.016666666666666666,0.0,0.0,0.0,0.0,0.0
Nizami rayonu,2011,124.0,78.0,5980.0,2417.0,3563.0,1785.0,655.0,1130.0,671.1,645.9,66.0,Baku,,0.0,5.412096774193548,0.37596638655462183,0.3618487394957983,3.350140056022409,0.13212549712770658,0.532258064516129,0.6330532212885154,0.36694677871148457,25.200000000000045,0.20322580645161328,0.5958193979933111
Nərimanov rayonu,2011,1435.0,696.0,26201.0,12361.0,13840.0,10687.0,2283.0,8404.0,3397.0,2817.6,279.0,Baku,,0.0,2.367247386759582,0.3178628239917657,0.2636474221016188,2.4516702535791146,0.050023387905111925,0.19442508710801393,0.7863759708056517,0.21362402919434828,579.4000000000001,0.4037630662020907,0.528224113583451
Nəsimi rayonu,2011,2067.0,1215.0,115020.0,12548.0,102472.0,68243.0,8384.0,59859.0,15745.7,13345.7,589.0,Baku,,0.0,7.617658442186745,0.23072989171050512,0.19556144952595872,1.6854475916943863,0.15245442074079965,0.2849540396710208,0.8771449086353179,0.12285509136468209,2400.0,1.1611030478955007,0.8909059294035819
Oğuz rayonu,2011,113.0,43.0,2601.0,2508.0,93.0,2601.0,2508.0,93.0,90.2,85.5,20.0,Sheki-Zagatala,,0.0,0.7982300884955752,0.034678969627066514,0.0328719723183391,1.0,0.06306218935628562,0.17699115044247787,0.03575547866205306,0.9642445213379469,4.700000000000003,0.04159292035398233,0.03575547866205306
Qarabağ iqtisadi rayonu,2011,198.0,120.0,1062.0,1062.0,,871.0,871.0,,10.5,9.2,6.0,,,0.0,0.05303030303030303,0.012055109070034443,0.010562571756601606,1.2192881745120552,0.014694894146948941,0.030303030303030304,0.0,1.0,1.3000000000000007,0.006565656565656569,0.0
Qaradağ rayonu,2011,,,,,83975.0,37645.0,,,,,,Baku,,0.0,0.0,0.0,0.0,0.0,0.0,0.0,0.0,0.0,0.0,0.0,0.0
Qax rayonu,2011,377.0,150.0,9518.0,9338.0,180.0,2979.0,2895.0,84.0,306.8,321.2,56.0,Sheki-Zagatala,,0.0,0.8137931034482759,0.10298757972473985,0.10782141658274588,3.1950318898959384,0.06916899821954144,0.14854111405835543,0.028197381671701913,0.9718026183282981,-14.399999999999977,-0.03819628647214848,0.01891153603698256
Qazax rayonu,2011,272.0,133.0,2684.0,1961.0,723.0,1679.0,1427.0,252.0,133.4,114.1,13.0,Gazakh-Tovuz,,0.0,0.49044117647058827,0.07945205479452055,0.06795711733174509,1.5985705777248362,0.02703464947622885,0.04779411764705882,0.15008933889219775,0.8499106611078022,19.30000000000001,0.07095588235294122,0.26937406855439644
Qazax-Tovuz iqtisadi rayonu,2011,647.0,311.0,9722.0,8421.0,1301.0,5197.0,4712.0,485.0,318.9,233.29999999999998,49.0,,1818.350328,0.355817022736006,0.49289026275115916,0.06136232441793342,0.04489128343274966,1.8706946315181836,0.04116787702991679,0.07573415765069552,0.09332307100250144,0.9066769289974985,85.6,0.13230293663060277,0.1338202016046081
Quba rayonu,2011,1367.0,572.0,17487.0,17070.0,417.0,14141.0,13758.0,383.0,776.5,818.2,234.0,Guba-Khachmaz,,0.0,0.5680321872713973,0.054911250972349904,0.05786012304646065,1.2366169294957923,0.035047248749887266,0.1711777615215801,0.02708436461353511,0.9729156353864649,-41.700000000000045,-0.030504754937820077,0.023846285812317722
Quba-Xaçmaz iqtisadi rayonu,2011,7633.0,2884.0,300205.0,208288.0,91917.0,51631.0,44280.0,7351.0,7459.0,6055.5,676.0,,,0.0,0.977204244726844,0.14446747109294802,0.11728418973097558,5.81443318936298,0.10775310520827912,0.08856281933708895,0.14237570451860315,0.8576242954813968,1403.5,0.183872658194681,0.30618077646941255
Qusar rayonu,2011,319.0,132.0,6620.0,5484.0,1136.0,1971.0,1759.0,212.0,317.3,1214.6,50.0,Guba-Khachmaz,,0.0,0.9946708463949844,0.16098427194317605,0.6162354134956874,3.358701166920345,0.05685575643062653,0.15673981191222572,0.10755961440892947,0.8924403855910705,-897.3,-2.8128526645768024,0.1716012084592145
Qəbələ rayonu,2011,506.0,209.0,13095.0,13070.0,25.0,12174.0,12151.0,23.0,497.6,483.5,58.0,,,0.0,0.9833992094861661,0.04087399375718745,0.03971578774437325,1.0756530310497783,0.0709025935351129,0.11462450592885376,0.0018892722194841466,0.9981107277805159,14.100000000000023,0.027865612648221388,0.0019091256204658267
Saatlı rayonu,2011,107.0,65.0,1884.0,1358.0,526.0,1189.0,995.0,,161.6,135.1,35.0,Mil-Mughan,,0.0,1.5102803738317756,0.13591253153910848,0.11362489486963835,1.5845248107653491,0.0482396620151069,0.32710280373831774,0.0,0.8368376787216149,26.5,0.24766355140186916,0.2791932059447983
Sabirabad rayonu,2011,6.0,4.0,14.0,14.0,,14.0,14.0,,15.0,33.4,5.0,Mil-Mughan,1466.33041279,0.004091847204194412,2.5,1.0714285714285714,2.3857142857142857,1.0,0.006392694063926941,0.8333333333333334,0.0,1.0,-18.4,-3.0666666666666664,0.0
Sabunçu rayonu,2011,100.0,100.0,4124.0,2155.0,1969.0,2010.0,1056.0,954.0,223.3,179.2,37.0,Baku,,0.0,2.233,0.11109452736318408,0.08915422885572138,2.0517412935323383,0.11298630136986301,0.37,0.4746268656716418,0.5253731343283582,44.10000000000002,0.4410000000000002,0.4774490785645005
Salyan rayonu,2011,156.0,94.0,,,,,,,,,2.0,,1916.78295505,0.08138636645792308,0.0,0.0,0.0,0.0,0.0,0.01282051282051282,0.0,0.0,0.0,0.0,0.0
Siyəzən rayonu,2011,128.0,54.0,4185.0,4185.0,,245.0,245.0,,,139.6,8.0,Guba-Khachmaz,,0.0,0.0,0.0,0.5697959183673469,17.081632653061224,0.08957619863013698,0.0625,0.0,1.0,0.0,0.0,0.0
Sumqayıt şəhəri,2011,1235.0,618.0,15329.0,4586.0,10743.0,8735.0,3744.0,4991.0,2688.4,1607.5,344.0,Absheron,,0.0,2.176842105263158,0.3077733257012021,0.18402976531196336,1.754894104178592,0.03400587876435029,0.2785425101214575,0.5713795077275329,0.42862049227246707,1080.9,0.8752226720647774,0.7008284950094592
Səbail rayonu,2011,2952.0,1522.0,301637.0,118273.0,183364.0,84877.0,37387.0,47490.0,24319.4,22666.5,680.0,Baku,,0.0,8.238279132791329,0.2865252070643402,0.26705114459747636,3.553813164932785,0.27994672754946726,0.23035230352303523,0.5595155342436703,0.44048446575632977,1652.9000000000015,0.559925474254743,0.6078962461501739
Tovuz rayonu,2011,20.0,10.0,50.0,50.0,,42.0,42.0,,2.2,1.6,2.0,Gazakh-Tovuz,1818.350328,0.010998980610077466,0.11000000000000001,0.05238095238095238,0.0380952380952381,1.1904761904761905,0.00684931506849315,0.1,0.0,1.0,0.6000000000000001,0.030000000000000006,0.0
Tərtər rayonu,2011,30.0,15.0,710.0,710.0,,519.0,519.0,,6.3,6.3,2.0,Karabakh,,0.0,0.21,0.012138728323699421,0.012138728323699421,1.3680154142581888,0.06484018264840183,0.06666666666666667,0.0,1.0,0.0,0.0,0.0
Xaçmaz rayonu,2011,5738.0,2086.0,270962.0,180598.0,90364.0,34540.0,27784.0,6756.0,6315.4,3842.1,378.0,Guba-Khachmaz,,0.0,1.1006273963053328,0.18284308048639258,0.11123624782860451,7.844875506658946,0.12937637571202795,0.0658766120599512,0.19559930515344529,0.8044006948465547,2473.2999999999997,0.43103868943882884,0.3334932573571202
Xızı rayonu,2011,148.0,53.0,1031.0,1011.0,20.0,990.0,980.0,10.0,73.1,263.2,22.0,Absheron,,0.0,0.49391891891891887,0.07383838383838383,0.26585858585858585,1.0414141414141413,0.019085523880044426,0.14864864864864866,0.010101010101010102,0.98989898989899,-190.1,-1.2844594594594594,0.019398642095053348
Xətai rayonu,2011,459.0,234.0,15546.0,3344.0,12202.0,5268.0,2171.0,3097.0,745.4,675.8,96.0,Baku,,0.0,1.6239651416122003,0.1414958238420653,0.1282839787395596,2.9510250569476084,0.09279255081027844,0.20915032679738563,0.5878891419893698,0.41211085801063024,69.60000000000002,0.15163398692810462,0.7848964363823492
Xəzər rayonu,2011,1538.0,753.0,283339.0,199364.0,,,21195.0,16450.0,9492.4,9200.0,523.0,Baku,,0.0,6.171911573472041,0.0,0.0,0.0,0.5047277196857688,0.3400520156046814,0.0,0.0,292.39999999999964,0.19011703511053293,0.0
Yardımlı rayonu,2011,30.0,21.0,,,,,,,,,2.0,Lankaran-Astara,,0.0,0.0,0.0,0.0,0.0,0.0,0.06666666666666667,0.0,0.0,0.0,0.0,0.0
Yasamal rayonu,2011,925.0,741.0,87314.0,9656.0,77658.0,67735.0,7078.0,60657.0,32948.5,17693.8,676.0,Baku,,0.0,35.62,0.48643242046209495,0.2612209345242489,1.2890529268472724,0.258612365790448,0.7308108108108108,0.8955045397504983,0.10449546024950174,15254.7,16.491567567567568,0.8894106328881967
Yevlax rayonu,2011,173.0,87.0,,,,,,,,,2.0,Central Aran,,0.0,0.0,0.0,0.0,0.0,0.0,0.011560693641618497,0.0,0.0,0.0,0.0,0.0
Zaqatala rayonu,2011,357.0,155.0,5737.0,5260.0,477.0,4671.0,4444.0,227.0,269.7,273.0,55.0,Sheki-Zagatala,,0.0,0.7554621848739496,0.05773924213230571,0.05844572896596018,1.2282166559623207,0.04402747400329995,0.15406162464985995,0.04859773067865553,0.9514022693213444,-3.3000000000000114,-0.009243697478991628,0.08314450061007496
Zərdab rayonu,2011,20.0,11.0,324.0,323.0,1.0,151.0,150.0,1.0,14.7,14.3,8.0,Central Aran,,0.0,0.735,0.09735099337748344,0.0947019867549669,2.1456953642384105,0.04438356164383562,0.4,0.006622516556291391,0.9933774834437086,0.3999999999999986,0.019999999999999928,0.0030864197530864196
İmişli rayonu,2011,20.0,7.0,604.0,604.0,,581.0,581.0,194.0,2.8,2.8,1.0,Mil-Mughan,,0.0,0.13999999999999999,0.0048192771084337345,0.0048192771084337345,1.0395869191049913,0.08273972602739726,0.05,0.33390705679862304,1.0,0.0,0.0,0.0
İsmayıllı rayonu,2011,670.0,292.0,6589.0,6589.0,,5220.0,5220.0,,350.0,310.0,105.0,Mountainous Shirvan,,0.0,0.5223880597014925,0.06704980842911877,0.05938697318007663,1.2622605363984674,0.02694336536495604,0.15671641791044777,0.0,1.0,40.0,0.05970149253731343,0.0
Şabran rayonu,2011,81.0,40.0,951.0,951.0,,734.0,734.0,,49.8,41.0,6.0,Guba-Khachmaz,,0.0,0.6148148148148148,0.06784741144414169,0.055858310626702996,1.2956403269754768,0.0321664129883308,0.07407407407407407,0.0,1.0,8.799999999999997,0.10864197530864195,0.0
Şamaxı rayonu,2011,556.0,240.0,10796.0,9022.0,1774.0,6288.0,5946.0,342.0,765.1,626.6,121.0,Mountainous Shirvan,,0.0,1.3760791366906475,0.1216762086513995,0.0996501272264631,1.7169211195928753,0.05319798955356263,0.21762589928057555,0.05438931297709924,0.9456106870229007,138.5,0.24910071942446044,0.16432011856243053
Şirvan şəhəri,2011,128.0,56.0,1751.0,1631.0,120.0,1751.0,1631.0,120.0,35.3,42.1,11.0,,,0.0,0.27578125,0.02015990862364363,0.0240434037692747,1.0,0.03747859589041096,0.0859375,0.06853226727584237,0.9314677327241576,-6.800000000000004,-0.05312500000000003,0.06853226727584237
Şirvan-Salyan iqtisadi rayonu,2011,446.0,227.0,2373.0,2240.0,133.0,2054.0,1923.0,131.0,52.699999999999996,58.900000000000006,19.0,,1916.78295505,0.2326815348732929,0.11816143497757847,0.025657254138266795,0.028675754625121716,1.1553067185978578,0.014577062473124885,0.042600896860986545,0.06377799415774099,0.936222005842259,-6.20000000000001,-0.013901345291479843,0.05604719764011799
Şəki rayonu,2011,596.0,269.0,9407.0,6730.0,2677.0,7661.0,5392.0,2269.0,484.2,439.1,115.0,,,0.0,0.8124161073825503,0.06320323717530349,0.05731627724840099,1.227907583866336,0.04324262204652018,0.1929530201342282,0.2961754340164469,0.703824565983553,45.099999999999966,0.07567114093959726,0.2845753162538535
Şəki-Zaqatala iqtisadi rayonu,2011,2189.0,913.0,48677.0,45176.0,3501.0,32915.0,30196.0,2719.0,1749.8000000000002,1753.0,359.0,,,0.0,0.7993604385564186,0.05316117271760596,0.05325839283001671,1.478869816193225,0.06092354674993899,0.16400182731841023,0.08260671426401336,0.9173932857359867,-3.199999999999818,-0.0014618547281863034,0.07192308482445509
Şəmkir rayonu,2011,36.0,24.0,309.0,287.0,22.0,280.0,263.0,17.0,55.5,36.5,4.0,Gazakh-Tovuz,,0.0,1.5416666666666667,0.1982142857142857,0.13035714285714287,1.1035714285714286,0.023515981735159817,0.1111111111111111,0.060714285714285714,0.9392857142857143,19.0,0.5277777777777778,0.07119741100323625
Abşeron iqtisadi rayonu,2012,1626.0,837.0,64956.0,19977.0,44979.0,49098.0,11478.0,37620.0,11451.199999999999,8972.2,441.0,,,0.0,7.0425584255842555,0.23323149619129085,0.18274064116664632,1.3229866797018208,0.10944750543395845,0.27121771217712176,0.7662226567273616,0.2337773432726384,2478.999999999998,1.5246002460024588,0.6924533530389803
Abşeron rayonu,2012,265.0,178.0,7152.0,7040.0,112.0,2384.0,2346.0,38.0,509.8,336.5,120.0,Absheron,,0.0,1.9237735849056605,0.21384228187919463,0.1411493288590604,3.0,0.07394158697337813,0.4528301886792453,0.015939597315436243,0.9840604026845637,173.3,0.6539622641509434,0.015659955257270694
Astara rayonu,2012,206.0,91.0,2051.0,1642.0,409.0,2051.0,1642.0,409.0,121.9,83.6,26.0,Lankaran-Astara,461.5057835,0.4463649370495917,0.591747572815534,0.059434422233057047,0.040760604583130175,1.0,0.027277563505785345,0.1262135922330097,0.19941491955143834,0.8005850804485617,38.30000000000001,0.18592233009708745,0.19941491955143834
Ağcabədi rayonu,2012,60.0,30.0,353.0,353.0,,353.0,353.0,,4.2,3.0,2.0,Karabakh,,0.0,0.07,0.01189801699716714,0.0084985835694051,1.0,0.016118721461187216,0.03333333333333333,0.0,1.0,1.2000000000000002,0.020000000000000004,0.0
Ağdaş rayonu,2012,20.0,13.0,672.0,672.0,,672.0,672.0,,16.8,17.7,3.0,Central Aran,,0.0,0.8400000000000001,0.025,0.026339285714285714,1.0,0.09205479452054795,0.15,0.0,1.0,-0.8999999999999986,-0.04499999999999993,0.0
Ağstafa rayonu,2012,74.0,34.0,4072.0,3507.0,565.0,3331.0,2983.0,348.0,58.6,44.2,12.0,Gazakh-Tovuz,,0.0,0.7918918918918919,0.017592314620234164,0.013269288501951366,1.2224557190033023,0.15075897815623843,0.16216216216216217,0.10447313119183428,0.8955268688081657,14.399999999999999,0.19459459459459458,0.1387524557956778
Ağsu rayonu,2012,81.0,45.0,460.0,460.0,,230.0,230.0,,4.6,5.3,6.0,Mountainous Shirvan,,0.0,0.05679012345679012,0.019999999999999997,0.023043478260869565,2.0,0.015558937933367156,0.07407407407407407,0.0,1.0,-0.7000000000000002,-0.008641975308641978,0.0
Bakı şəhəri,2012,10217.0,6386.0,939466.0,368646.0,570820.0,363623.0,86450.0,277173.0,117394.1,76682.8,4241.0,,,0.0,11.490075364588431,0.3228456395772545,0.210885450040289,2.583626448271974,0.2519212539938137,0.41509249290398353,0.7622537628257838,0.23774623717421614,40711.3,3.984662816873838,0.607600487936764
Balakən rayonu,2012,180.0,87.0,14330.0,14155.0,175.0,5083.0,4955.0,128.0,119.9,331.7,54.0,Sheki-Zagatala,,0.0,0.6661111111111111,0.023588432028329727,0.06525673814676372,2.8192012590989575,0.21811263318112634,0.3,0.025181979146173518,0.9748180208538265,-211.79999999999998,-1.1766666666666665,0.012212142358688068
Beyləqan rayonu,2012,28.0,17.0,1026.0,1026.0,,598.0,598.0,,24.2,6.3,3.0,Mil-Mughan,,0.0,0.8642857142857142,0.04046822742474916,0.010535117056856187,1.7157190635451505,0.10039138943248532,0.10714285714285714,0.0,1.0,17.9,0.6392857142857142,0.0
Biləsuvar rayonu,2012,102.0,45.0,1144.0,1062.0,82.0,1069.0,999.0,70.0,18.4,10.6,5.0,,,0.0,0.1803921568627451,0.017212347988774555,0.00991580916744621,1.0701590271281571,0.030727907601396723,0.049019607843137254,0.06548175865294668,0.9345182413470533,7.799999999999999,0.07647058823529411,0.07167832167832168
Binəqədi rayonu,2012,857.0,409.0,8680.0,3774.0,4906.0,2839.0,1317.0,1522.0,336.4,310.8,73.0,Baku,,0.0,0.3925320886814469,0.1184924269108841,0.10947516731243397,3.057414582599507,0.027748917056952413,0.08518086347724621,0.5361042620641071,0.4638957379358929,25.599999999999966,0.02987164527421233,0.5652073732718894
Bərdə rayonu,2012,108.0,75.0,,,,,,,,,2.0,Karabakh,,0.0,0.0,0.0,0.0,0.0,0.0,0.018518518518518517,0.0,0.0,0.0,0.0,0.0
Cəlilabad rayonu,2012,126.0,67.0,2068.0,1911.0,157.0,857.0,783.0,74.0,34.0,32.1,10.0,Lankaran-Astara,,0.0,0.2698412698412698,0.039673278879813305,0.03745624270711786,2.413068844807468,0.04496629702109154,0.07936507936507936,0.08634772462077013,0.9136522753792299,1.8999999999999986,0.015079365079365067,0.07591876208897486
Dağlıq Şirvan iqtisadi rayonu,2012,1339.0,589.0,18376.0,18182.0,194.0,8315.0,8202.0,113.0,1058.9,857.1,234.0,,,0.0,0.7908140403286035,0.12734816596512327,0.10307877330126278,2.209981960312688,0.03759910790100975,0.17475728155339806,0.013589897775105232,0.9864101022248948,201.80000000000007,0.15070948469006726,0.010557248585111015
Daşkəsən rayonu,2012,32.0,15.0,35.0,35.0,,35.0,35.0,,1.2,1.6,1.0,Ganja-Dashkasan,,0.0,0.0375,0.03428571428571429,0.045714285714285714,1.0,0.0029965753424657533,0.03125,0.0,1.0,-0.40000000000000013,-0.012500000000000004,0.0
Goranboy rayonu,2012,93.0,47.0,392.0,292.0,100.0,196.0,146.0,50.0,65.0,33.7,10.0,Ganja-Dashkasan,1837.87389756,0.050601948329245416,0.6989247311827957,0.33163265306122447,0.1719387755102041,2.0,0.0115480925025777,0.10752688172043011,0.25510204081632654,0.7448979591836735,31.299999999999997,0.3365591397849462,0.25510204081632654
Göygöl rayonu,2012,110.0,39.0,580.0,580.0,,472.0,472.0,,12.3,11.8,9.0,,,0.0,0.11181818181818183,0.026059322033898307,0.025,1.228813559322034,0.014445828144458281,0.08181818181818182,0.0,1.0,0.5,0.004545454545454545,0.0
Göyçay rayonu,2012,209.0,68.0,6410.0,4842.0,1568.0,2028.0,1706.0,322.0,127.8,123.6,17.0,Central Aran,,0.0,0.6114832535885167,0.06301775147928994,0.06094674556213017,3.160749506903353,0.08402700399816478,0.08133971291866028,0.15877712031558186,0.8412228796844181,4.200000000000003,0.02009569377990432,0.24461778471138845
Gədəbəy rayonu,2012,230.0,102.0,3423.0,2976.0,447.0,1389.0,1269.0,120.0,114.1,45.5,20.0,Ganja-Dashkasan,,0.0,0.4960869565217391,0.08214542836573074,0.03275737940964723,2.464362850971922,0.040774270399047054,0.08695652173913043,0.08639308855291576,0.9136069114470843,68.6,0.29826086956521736,0.13058720420683612
Gəncə  şəhəri,2012,1247.0,650.0,15885.0,14242.0,1643.0,15885.0,14242.0,1643.0,817.0,611.4,92.0,,,0.0,0.6551724137931034,0.05143216871262197,0.03848914069877243,1.0,0.03490019883336446,0.07377706495589414,0.10343090966320428,0.8965690903367958,205.60000000000002,0.16487570168404173,0.10343090966320428
Gəncə-Daşkəsən iqtisadi rayonu,2012,2030.0,1027.0,68087.0,41925.0,26162.0,22939.0,18371.0,4568.0,4746.1,4442.400000000001,364.0,,,0.0,2.3379802955665028,0.20690091111207987,0.1936614499324295,2.9681764680238896,0.09189149065389028,0.1793103448275862,0.19913684118749728,0.8008631588125027,303.6999999999998,0.14960591133004916,0.38424368822242133
Kürdəmir rayonu,2012,134.0,67.0,1740.0,1740.0,,1740.0,1740.0,,33.9,30.4,8.0,Central Aran,,0.0,0.25298507462686565,0.019482758620689655,0.01747126436781609,1.0,0.03557554692291965,0.05970149253731343,0.0,1.0,3.5,0.026119402985074626,0.0
Lerik rayonu,2012,592.0,201.0,11612.0,11612.0,,3547.0,3547.0,,1233.5,1122.8,45.0,Lankaran-Astara,1101.38591173,0.5375046055111754,2.083614864864865,0.3477586692979983,0.31654919650408797,3.273752466873414,0.05373935579415032,0.07601351351351351,0.0,1.0,110.70000000000005,0.18699324324324332,0.0
Lənkəran iqtisadi rayonu,2012,2783.0,1125.0,76855.0,73503.0,3352.0,20399.0,19157.0,1242.0,3883.5000000000005,3080.4,362.0,,,0.0,1.3954365792310457,0.1903769792636894,0.15100740232364332,3.7675866464042356,0.07565995107280504,0.13007545813869925,0.06088533751654493,0.9391146624834551,803.1000000000004,0.2885734818541144,0.04361459892004424
Lənkəran rayonu,2012,740.0,335.0,20808.0,18860.0,1948.0,7202.0,6633.0,569.0,1537.2,1478.6,139.0,,,0.0,2.077297297297297,0.21344071091363512,0.20530408219938906,2.889197445154124,0.07703813402443539,0.18783783783783783,0.07900583171341294,0.9209941682865871,58.600000000000136,0.07918918918918938,0.09361783929257977
Masallı rayonu,2012,1089.0,410.0,40316.0,39478.0,838.0,6742.0,6552.0,190.0,956.9,363.3,140.0,Lankaran-Astara,,0.0,0.8786960514233241,0.1419311776920795,0.053886087214476415,5.979827944230199,0.10142772683245908,0.1285583103764922,0.02818154850192821,0.9718184514980718,593.5999999999999,0.5450872359963268,0.020785792241293777
Mil-Muğan iqtisadi rayonu,2012,81.0,44.0,1213.0,1213.0,0.0,739.0,739.0,,63.2,42.1,16.0,,,0.0,0.780246913580247,0.08552097428958051,0.056968876860622464,1.6414073071718538,0.04102824285472687,0.19753086419753085,0.0,1.0,21.1,0.26049382716049385,0.0
Mingəçevir şəhəri,2012,916.0,344.0,15903.0,11818.0,4085.0,10801.0,10284.0,517.0,621.5,4215.1,148.0,Central Aran,,0.0,0.6784934497816594,0.05754096842884918,0.390250902694195,1.4723636700305527,0.04756535263504217,0.1615720524017467,0.04786593833904268,0.9521340616609573,-3593.6000000000004,-3.9231441048034936,0.25686977299880526
Mərkəzi Aran iqtisadi rayonu,2012,1472.0,590.0,25883.0,20210.0,5673.0,15617.0,14768.0,849.0,828.5999999999999,4402.7,186.0,,,0.0,0.5629076086956522,0.05305756547352244,0.2819171415764872,1.6573605686111288,0.048174136390708756,0.12635869565217392,0.05436383428315297,0.945636165716847,-3574.1,-2.4280570652173914,0.21917861144380482
Naftalan  şəhəri,2012,548.0,276.0,51195.0,26776.0,24419.0,6351.0,3476.0,2875.0,3850.6,3783.9,252.0,,15.57198574,35.19140135046129,7.026642335766423,0.6062982207526374,0.5957959376476145,8.060935285781767,0.25594940505949404,0.45985401459854014,0.45268461659581166,0.5473153834041883,66.69999999999982,0.12171532846715295,0.47698017384510205
Neftçala rayonu,2012,60.0,32.0,,,,,,,,,1.0,,,0.0,0.0,0.0,0.0,0.0,0.0,0.016666666666666666,0.0,0.0,0.0,0.0,0.0
Nizami rayonu,2012,292.0,129.0,4874.0,4697.0,177.0,1682.0,1631.0,51.0,732.3,731.0,76.0,Baku,,0.0,2.507876712328767,0.43537455410225917,0.4346016646848989,2.897740784780024,0.045730906361418654,0.2602739726027397,0.03032104637336504,0.9696789536266349,1.2999999999999545,0.004452054794520393,0.03631514156750103
Nərimanov rayonu,2012,1627.0,847.0,25150.0,10505.0,14645.0,11596.0,3357.0,8239.0,3360.2,3352.0,341.0,Baku,,0.0,2.0652735095267363,0.2897723352880303,0.2890651948947913,2.1688513280441533,0.042350405401992065,0.2095881991395206,0.7105036219385995,0.2894963780614005,8.199999999999818,0.005039950829747891,0.5823061630218688
Nəsimi rayonu,2012,2164.0,1454.0,134208.0,21459.0,112749.0,79363.0,11713.0,67650.0,21607.6,13819.6,1302.0,Baku,,0.0,9.985027726432532,0.2722628932878041,0.17413152224588285,1.6910651059057746,0.16991365558453397,0.6016635859519408,0.8524123332031299,0.14758766679687008,7787.999999999998,3.5988909426987052,0.8401064020028612
Oğuz rayonu,2012,120.0,43.0,2939.0,2810.0,129.0,2731.0,2602.0,129.0,86.6,85.8,22.0,Sheki-Zagatala,,0.0,0.7216666666666666,0.031709996338337605,0.03141706334675943,1.0761625778103259,0.06710045662100457,0.18333333333333332,0.04723544489198096,0.952764555108019,0.7999999999999972,0.006666666666666643,0.04389248043552229
Qarabağ iqtisadi rayonu,2012,198.0,120.0,1027.0,1027.0,,823.0,823.0,,11.3,10.1,6.0,,,0.0,0.05707070707070708,0.013730255164034023,0.012272174969623328,1.2478736330498177,0.014210599142105991,0.030303030303030304,0.0,1.0,1.200000000000001,0.006060606060606066,0.0
Qaradağ rayonu,2012,215.0,215.0,,,62418.0,26250.0,,,,,16.0,Baku,,0.0,0.0,0.0,0.0,0.0,0.0,0.07441860465116279,0.0,0.0,0.0,0.0,0.0
Qax rayonu,2012,369.0,146.0,11204.0,10829.0,375.0,3500.0,3350.0,150.0,375.1,293.1,36.0,Sheki-Zagatala,,0.0,1.016531165311653,0.10717142857142858,0.08374285714285715,3.201142857142857,0.08318669488064744,0.0975609756097561,0.04285714285714286,0.9571428571428572,82.0,0.2222222222222222,0.03347018921813638
Qazax rayonu,2012,272.0,133.0,3833.0,3068.0,765.0,2828.0,2352.0,476.0,213.4,442.6,25.0,Gazakh-Tovuz,,0.0,0.7845588235294118,0.07545968882602547,0.15650636492220651,1.3553748231966054,0.038607977437550366,0.09191176470588236,0.16831683168316833,0.8316831683168316,-229.20000000000002,-0.8426470588235295,0.1995825723975998
Qazax-Tovuz iqtisadi rayonu,2012,812.0,403.0,14144.0,12117.0,2027.0,9560.0,8479.0,1081.0,522.0,761.3000000000001,86.0,,1818.350328,0.4465586127691451,0.6428571428571429,0.054602510460251046,0.07963389121338912,1.4794979079497907,0.047722518388555235,0.10591133004926108,0.11307531380753139,0.8869246861924687,-239.30000000000007,-0.29470443349753705,0.1433116515837104
Quba rayonu,2012,1227.0,494.0,19956.0,18129.0,1827.0,12705.0,12314.0,391.0,1090.6,994.0,212.0,Guba-Khachmaz,,0.0,0.8888345558272208,0.08584022038567492,0.07823691460055096,1.570720188902007,0.044559064875908494,0.17277913610431947,0.030775285320739865,0.9692247146792601,96.59999999999991,0.07872860635696814,0.09155141310883945
Quba-Xaçmaz iqtisadi rayonu,2012,8119.0,2990.0,279439.0,191428.0,88011.0,42262.0,35436.0,6826.0,7467.0,5738.4,595.0,,,0.0,0.9196945436630127,0.1766835455018693,0.13578155316833088,6.612062846055558,0.09429564002584838,0.0732848873013918,0.16151625573801523,0.8384837442619848,1728.6000000000004,0.2129079935952704,0.3149560369168226
Qusar rayonu,2012,607.0,247.0,12558.0,9341.0,3217.0,4482.0,3601.0,881.0,445.4,1047.8,71.0,Guba-Khachmaz,,0.0,0.7337726523887973,0.09937527889335118,0.23377956269522535,2.8018741633199467,0.056681185258739365,0.11696869851729819,0.1965640339134315,0.8034359660865685,-602.4,-0.9924217462932454,0.256171364867017
Qəbələ rayonu,2012,488.0,199.0,17176.0,17176.0,,4364.0,4364.0,,520.4,394.2,69.0,,,0.0,1.0663934426229509,0.11924839596700275,0.09032997250229147,3.935838680109991,0.09642937345609702,0.1413934426229508,0.0,1.0,126.19999999999999,0.2586065573770492,0.0
Saatlı rayonu,2012,27.0,16.0,176.0,176.0,,130.0,130.0,,23.7,18.0,7.0,Mil-Mughan,,0.0,0.8777777777777778,0.1823076923076923,0.13846153846153847,1.353846153846154,0.017858954845256216,0.25925925925925924,0.0,1.0,5.699999999999999,0.21111111111111108,0.0
Sabirabad rayonu,2012,6.0,4.0,11.0,11.0,,11.0,11.0,,15.3,17.8,5.0,Mil-Mughan,1466.33041279,0.004091847204194412,2.5500000000000003,1.3909090909090909,1.6181818181818182,1.0,0.00502283105022831,0.8333333333333334,0.0,1.0,-2.5,-0.4166666666666667,0.0
Sabunçu rayonu,2012,391.0,321.0,2532.0,1310.0,1222.0,1130.0,641.0,489.0,278.8,309.5,67.0,Baku,,0.0,0.7130434782608696,0.24672566371681418,0.2738938053097345,2.24070796460177,0.017741652944679956,0.17135549872122763,0.4327433628318584,0.5672566371681416,-30.69999999999999,-0.07851662404092069,0.4826224328593997
Salyan rayonu,2012,142.0,88.0,1312.0,415.0,897.0,241.0,134.0,107.0,30.9,28.6,9.0,,1916.78295505,0.07408246177580177,0.2176056338028169,0.12821576763485476,0.11867219917012449,5.443983402489627,0.025313524985529617,0.06338028169014084,0.44398340248962653,0.5560165975103735,2.299999999999997,0.016197183098591528,0.6836890243902439
Siyəzən rayonu,2012,128.0,54.0,1520.0,1520.0,,130.0,130.0,,,15.9,4.0,Guba-Khachmaz,,0.0,0.0,0.0,0.12230769230769231,11.692307692307692,0.032534246575342464,0.03125,0.0,1.0,0.0,0.0,0.0
Sumqayıt şəhəri,2012,1213.0,606.0,56304.0,11472.0,44832.0,45349.0,7802.0,37547.0,10855.4,8393.6,301.0,Absheron,,0.0,8.94921681780709,0.23937462788595118,0.18508897660367374,1.2415709276941058,0.1271702673096252,0.24814509480626545,0.8279565150278948,0.17204348497210523,2461.7999999999993,2.0295136026380867,0.7962489343563512
Səbail rayonu,2012,2436.0,1577.0,418228.0,143200.0,275028.0,172219.0,42487.0,129732.0,46546.1,29314.6,1234.0,Baku,,0.0,19.107594417077173,0.2702727341350257,0.17021699115660874,2.428466080978289,0.47037361945250467,0.506568144499179,0.7532966745829438,0.2467033254170562,17231.5,7.073686371100164,0.6576030299262603
Tovuz rayonu,2012,200.0,110.0,1944.0,1744.0,200.0,1525.0,1427.0,98.0,99.5,192.6,26.0,Gazakh-Tovuz,1818.350328,0.10998980610077466,0.4975,0.06524590163934427,0.12629508196721312,1.2747540983606558,0.02663013698630137,0.13,0.06426229508196721,0.9357377049180328,-93.1,-0.46549999999999997,0.102880658436214
Tərtər rayonu,2012,30.0,15.0,674.0,674.0,,470.0,470.0,,7.1,7.1,2.0,Karabakh,,0.0,0.23666666666666666,0.015106382978723404,0.015106382978723404,1.4340425531914893,0.06155251141552511,0.06666666666666667,0.0,1.0,0.0,0.0,0.0
Xaçmaz rayonu,2012,6076.0,2155.0,244523.0,161556.0,82967.0,24333.0,18779.0,5554.0,5876.5,3630.5,299.0,Guba-Khachmaz,,0.0,0.9671658986175116,0.24150330826449679,0.14920067398183537,10.049028068877655,0.11025773986130025,0.049210006583278475,0.22824970205071302,0.771750297949287,2246.0,0.369651086240948,0.33930141540877545
Xızı rayonu,2012,148.0,53.0,1500.0,1465.0,35.0,1365.0,1330.0,35.0,86.0,242.1,20.0,Absheron,,0.0,0.581081081081081,0.063003663003663,0.17736263736263735,1.098901098901099,0.027767493520918177,0.13513513513513514,0.02564102564102564,0.9743589743589743,-156.1,-1.0547297297297298,0.023333333333333334
Xətai rayonu,2012,670.0,383.0,18972.0,2519.0,16453.0,6785.0,1412.0,5373.0,1180.9,1033.3,163.0,Baku,,0.0,1.762537313432836,0.17404568901989684,0.15229182019159912,2.7961680176860724,0.07757922715191168,0.24328358208955222,0.7918938835666912,0.20810611643330876,147.60000000000014,0.22029850746268678,0.8672253847775669
Xəzər rayonu,2012,609.0,357.0,231127.0,168709.0,,,15627.0,10623.0,7280.0,4270.7,245.0,Baku,,0.0,11.954022988505747,0.0,0.0,0.0,1.0397777627820142,0.40229885057471265,0.0,0.0,3009.3,4.941379310344828,0.0
Yardımlı rayonu,2012,30.0,21.0,,,,,,,,,2.0,Lankaran-Astara,,0.0,0.0,0.0,0.0,0.0,0.0,0.06666666666666667,0.0,0.0,0.0,0.0,0.0
Yasamal rayonu,2012,956.0,694.0,95695.0,12473.0,83222.0,61759.0,8265.0,53494.0,36071.8,23541.3,724.0,Baku,,0.0,37.73200836820084,0.5840735763208602,0.38118007092083744,1.5494907624799625,0.2742448558491431,0.7573221757322176,0.866173351252449,0.13382664874755096,12530.500000000004,13.107217573221762,0.8696588118501489
Yevlax rayonu,2012,173.0,87.0,,,,,,,,,2.0,Central Aran,,0.0,0.0,0.0,0.0,0.0,0.0,0.011560693641618497,0.0,0.0,0.0,0.0,0.0
Zaqatala rayonu,2012,357.0,155.0,6960.0,6366.0,594.0,5510.0,5210.0,300.0,278.9,276.8,61.0,Sheki-Zagatala,,0.0,0.7812324929971988,0.050617059891107076,0.05023593466424683,1.263157894736842,0.05341314608034995,0.17086834733893558,0.0544464609800363,0.9455535390199638,2.099999999999966,0.005882352941176375,0.0853448275862069
Zərdab rayonu,2012,20.0,11.0,1158.0,1138.0,20.0,376.0,366.0,10.0,28.6,15.9,8.0,Central Aran,,0.0,1.4300000000000002,0.07606382978723404,0.04228723404255319,3.0797872340425534,0.15863013698630138,0.4,0.026595744680851064,0.973404255319149,12.700000000000001,0.635,0.017271157167530225
İmişli rayonu,2012,20.0,7.0,,,,,,,,,1.0,Mil-Mughan,,0.0,0.0,0.0,0.0,0.0,0.0,0.05,0.0,0.0,0.0,0.0,0.0
İsmayıllı rayonu,2012,702.0,304.0,6325.0,6325.0,,3390.0,3390.0,,278.5,180.6,115.0,Mountainous Shirvan,,0.0,0.39672364672364674,0.08215339233038348,0.05327433628318584,1.8657817109144543,0.02468485345197674,0.16381766381766383,0.0,1.0,97.9,0.13945868945868947,0.0
Şabran rayonu,2012,81.0,40.0,882.0,882.0,,612.0,612.0,,54.5,50.2,9.0,Guba-Khachmaz,,0.0,0.6728395061728395,0.08905228758169935,0.08202614379084967,1.4411764705882353,0.029832572298325723,0.1111111111111111,0.0,1.0,4.299999999999997,0.05308641975308639,0.0
Şamaxı rayonu,2012,556.0,240.0,11591.0,11397.0,194.0,4695.0,4582.0,113.0,775.8,671.2,113.0,Mountainous Shirvan,,0.0,1.3953237410071941,0.16523961661341852,0.14296059637912675,2.468796592119276,0.05711540356755691,0.20323741007194246,0.02406815761448349,0.9759318423855166,104.59999999999991,0.18812949640287754,0.0167371236304029
Şirvan şəhəri,2012,128.0,56.0,1790.0,1715.0,75.0,1790.0,1715.0,75.0,31.5,37.1,11.0,,,0.0,0.24609375,0.01759776536312849,0.020726256983240224,1.0,0.03831335616438356,0.0859375,0.04189944134078212,0.9581005586592178,-5.600000000000001,-0.04375000000000001,0.04189944134078212
Şirvan-Salyan iqtisadi rayonu,2012,432.0,221.0,4246.0,3192.0,1054.0,3100.0,2848.0,252.0,80.8,76.30000000000001,26.0,,1916.78295505,0.2253776301911716,0.18703703703703703,0.026064516129032256,0.024612903225806455,1.3696774193548387,0.026927955352612887,0.06018518518518518,0.08129032258064516,0.9187096774193548,4.499999999999986,0.010416666666666633,0.24823363165332077
Şəki rayonu,2012,689.0,275.0,10142.0,8398.0,1744.0,8200.0,6779.0,1421.0,706.3,1373.2,166.0,,,0.0,1.0251088534107402,0.08613414634146341,0.16746341463414635,1.236829268292683,0.04032844901286359,0.2409288824383164,0.17329268292682926,0.8267073170731707,-666.9000000000001,-0.9679245283018869,0.17195819365016762
Şəki-Zaqatala iqtisadi rayonu,2012,2203.0,905.0,62751.0,59734.0,3017.0,29388.0,27260.0,2128.0,2087.2,2754.8,408.0,,,0.0,0.9474353154788924,0.07102218592622839,0.09373894106438002,2.1352592895059206,0.07803928640272605,0.1852019972764412,0.07241050769021369,0.9275894923097863,-667.6000000000004,-0.3030413073082162,0.04807891507705057
Şəmkir rayonu,2012,36.0,24.0,872.0,822.0,50.0,487.0,448.0,39.0,36.4,36.4,3.0,Gazakh-Tovuz,,0.0,1.011111111111111,0.07474332648870637,0.07474332648870637,1.7905544147843941,0.06636225266362253,0.08333333333333333,0.08008213552361396,0.919917864476386,0.0,0.0,0.05733944954128441
Abşeron iqtisadi rayonu,2013,1345.0,572.0,12099.0,10114.0,1985.0,5266.0,4902.0,364.0,918.8000000000001,1054.9,214.0,,,0.0,0.6831226765799256,0.17447778199772124,0.20032282567413598,2.2975693125712113,0.024645312420430818,0.1591078066914498,0.06912267375617166,0.9308773262438284,-136.10000000000002,-0.10118959107806694,0.16406314571452185
Abşeron rayonu,2013,301.0,196.0,5994.0,5944.0,50.0,1969.0,1950.0,19.0,458.6,398.5,121.0,Absheron,,0.0,1.5235880398671098,0.23291010665312342,0.20238699847638394,3.0441848654139156,0.05455786647248896,0.4019933554817276,0.009649568308786187,0.9903504316912138,60.10000000000002,0.1996677740863788,0.008341675008341674
Astara rayonu,2013,206.0,91.0,1827.0,1409.0,418.0,1827.0,1409.0,418.0,86.8,71.2,28.0,Lankaran-Astara,461.5057835,0.4463649370495917,0.42135922330097086,0.0475095785440613,0.038970990695128625,1.0,0.024298443942013567,0.13592233009708737,0.2287903667214012,0.7712096332785988,15.599999999999994,0.0757281553398058,0.2287903667214012
Ağcabədi rayonu,2013,60.0,30.0,367.0,367.0,,367.0,367.0,,5.2,3.5,2.0,Karabakh,,0.0,0.08666666666666667,0.014168937329700274,0.009536784741144414,1.0,0.016757990867579908,0.03333333333333333,0.0,1.0,1.7000000000000002,0.028333333333333335,0.0
Ağdaş rayonu,2013,20.0,13.0,693.0,693.0,,693.0,693.0,,17.3,18.6,3.0,Central Aran,,0.0,0.865,0.024963924963924966,0.02683982683982684,1.0,0.09493150684931506,0.15,0.0,1.0,-1.3000000000000007,-0.06500000000000003,0.0
Ağstafa rayonu,2013,98.0,46.0,3474.0,3296.0,178.0,3013.0,2839.0,174.0,49.9,37.6,13.0,Gazakh-Tovuz,,0.0,0.5091836734693878,0.01656156654497179,0.012479256554928642,1.1530036508463326,0.09712049203242941,0.1326530612244898,0.057749751078659144,0.9422502489213409,12.299999999999997,0.12551020408163263,0.051237766263673
Ağsu rayonu,2013,81.0,45.0,540.0,540.0,,351.0,351.0,,5.4,11.4,4.0,Mountainous Shirvan,,0.0,0.06666666666666667,0.015384615384615385,0.03247863247863248,1.5384615384615385,0.0182648401826484,0.04938271604938271,0.0,1.0,-6.0,-0.07407407407407407,0.0
Bakı şəhəri,2013,10521.0,6837.0,1095526.0,388476.0,707050.0,456464.0,114625.0,341839.0,146886.2,116454.09999999999,5317.0,,,0.0,13.961239425910085,0.3217914227628028,0.2551222002173227,2.4000271653405307,0.28528097099994404,0.5053702119570384,0.7488849065862806,0.25111509341371935,30432.10000000002,2.89251021765992,0.6453977358821242
Balakən rayonu,2013,180.0,87.0,16346.0,15828.0,518.0,5398.0,5136.0,262.0,174.5,383.8,51.0,Sheki-Zagatala,,0.0,0.9694444444444444,0.03232678769914783,0.07110040755835495,3.0281585772508337,0.24879756468797565,0.2833333333333333,0.04853649499814746,0.9514635050018525,-209.3,-1.162777777777778,0.0316897100208002
Beyləqan rayonu,2013,98.0,57.0,6087.0,6087.0,,1396.0,1396.0,,94.6,87.4,7.0,Mil-Mughan,,0.0,0.9653061224489795,0.0677650429799427,0.06260744985673353,4.360315186246418,0.17017053396701146,0.07142857142857142,0.0,1.0,7.199999999999989,0.07346938775510192,0.0
Biləsuvar rayonu,2013,102.0,45.0,3083.0,2867.0,216.0,2391.0,2243.0,148.0,29.9,17.4,7.0,,,0.0,0.2931372549019608,0.012505227938101212,0.0072772898368883305,1.289418653283145,0.0828095621810368,0.06862745098039216,0.06189878711836052,0.9381012128816395,12.5,0.12254901960784313,0.07006162828413882
Binəqədi rayonu,2013,822.0,486.0,20964.0,2081.0,18883.0,3572.0,1343.0,2229.0,3317.7,2621.4,111.0,Baku,,0.0,4.036131386861314,0.9288073908174691,0.7338745800671893,5.868980963045913,0.06987301269873013,0.13503649635036497,0.6240201567749161,0.375979843225084,696.2999999999997,0.8470802919708026,0.9007345926349933
Bərdə rayonu,2013,116.0,51.0,536.0,536.0,,327.0,327.0,,63.0,23.5,12.0,Karabakh,,0.0,0.5431034482758621,0.1926605504587156,0.07186544342507645,1.6391437308868502,0.012659423712801134,0.10344827586206896,0.0,1.0,39.5,0.34051724137931033,0.0
Cəlilabad rayonu,2013,126.0,67.0,1575.0,1484.0,91.0,731.0,669.0,62.0,33.6,32.3,10.0,Lankaran-Astara,,0.0,0.26666666666666666,0.04596443228454172,0.044186046511627906,2.1545827633378933,0.03424657534246575,0.07936507936507936,0.08481532147742818,0.9151846785225718,1.3000000000000043,0.010317460317460352,0.057777777777777775
Dağlıq Şirvan iqtisadi rayonu,2013,1321.0,582.0,19315.0,19182.0,133.0,8335.0,8238.0,97.0,803.9,655.8,226.0,,,0.0,0.608554125662377,0.0964487102579484,0.07868026394721055,2.3173365326934614,0.040058900998620806,0.17108251324753973,0.011637672465506899,0.988362327534493,148.10000000000002,0.11211203633610903,0.0068858400207092935
Daşkəsən rayonu,2013,32.0,15.0,47.0,46.0,1.0,31.0,30.0,1.0,3.7,3.9,2.0,Ganja-Dashkasan,,0.0,0.115625,0.11935483870967742,0.12580645161290321,1.5161290322580645,0.004023972602739726,0.0625,0.03225806451612903,0.967741935483871,-0.19999999999999973,-0.006249999999999992,0.02127659574468085
Goranboy rayonu,2013,123.0,59.0,702.0,559.0,143.0,295.0,249.0,46.0,33.4,24.3,9.0,Ganja-Dashkasan,1837.87389756,0.06692515746771167,0.27154471544715447,0.11322033898305084,0.08237288135593221,2.3796610169491523,0.015636485131974607,0.07317073170731707,0.15593220338983052,0.8440677966101695,9.099999999999998,0.07398373983739835,0.2037037037037037
Göygöl rayonu,2013,146.0,51.0,901.0,896.0,5.0,655.0,650.0,5.0,43.9,32.7,16.0,,,0.0,0.30068493150684933,0.06702290076335878,0.04992366412213741,1.3755725190839694,0.016907487333458433,0.1095890410958904,0.007633587786259542,0.9923664122137404,11.199999999999996,0.07671232876712326,0.005549389567147614
Göyçay rayonu,2013,209.0,68.0,4625.0,4510.0,115.0,2022.0,1962.0,60.0,96.0,85.5,17.0,Central Aran,,0.0,0.45933014354066987,0.04747774480712166,0.04228486646884273,2.287339268051434,0.060627908501015924,0.08133971291866028,0.02967359050445104,0.9703264094955489,10.5,0.050239234449760764,0.024864864864864864
Gədəbəy rayonu,2013,230.0,102.0,2191.0,1981.0,210.0,1012.0,930.0,82.0,77.1,42.8,21.0,Ganja-Dashkasan,,0.0,0.3352173913043478,0.07618577075098813,0.042292490118577074,2.1650197628458496,0.026098868374032164,0.09130434782608696,0.08102766798418973,0.9189723320158103,34.3,0.14913043478260868,0.09584664536741214
Gəncə  şəhəri,2013,1247.0,650.0,12428.0,10855.0,1573.0,11968.0,10442.0,1526.0,1116.5,1014.9,101.0,,,0.0,0.8953488372093024,0.09329044117647059,0.08480113636363636,1.0384358288770053,0.027304984016433963,0.0809943865276664,0.1275066844919786,0.8724933155080213,101.60000000000002,0.0814755412991179,0.12656903765690378
Gəncə-Daşkəsən iqtisadi rayonu,2013,2244.0,1118.0,70692.0,43751.0,26941.0,21268.0,17597.0,3671.0,5313.899999999999,6689.099999999999,431.0,,,0.0,2.368048128342245,0.24985424111340976,0.3145147639646417,3.3238668422042505,0.08630869533367519,0.19206773618538325,0.17260673312018054,0.8273932668798194,-1375.2000000000007,-0.6128342245989308,0.38110394386917895
Kürdəmir rayonu,2013,134.0,67.0,1765.0,1765.0,,1765.0,1765.0,,35.7,27.8,8.0,Central Aran,,0.0,0.2664179104477612,0.02022662889518414,0.015750708215297452,1.0,0.03608668983847884,0.05970149253731343,0.0,1.0,7.900000000000002,0.058955223880597034,0.0
Lerik rayonu,2013,592.0,201.0,5947.0,5947.0,,1831.0,1831.0,,742.1,555.9,40.0,Lankaran-Astara,1101.38591173,0.5375046055111754,1.2535472972972974,0.40529765155652653,0.30360458765701803,3.24795193883124,0.027522213994816736,0.06756756756756757,0.0,1.0,186.20000000000005,0.3145270270270271,0.0
Lənkəran iqtisadi rayonu,2013,2884.0,1176.0,67637.0,65905.0,1732.0,17337.0,16232.0,1105.0,2418.1000000000004,1933.0,360.0,,,0.0,0.8384535367545077,0.13947626463632695,0.11149564515198708,3.901309338409183,0.06425341515779073,0.12482662968099861,0.06373651727519179,0.9362634827248082,485.10000000000036,0.16820388349514576,0.025607285952954743
Lənkəran rayonu,2013,735.0,333.0,18361.0,17176.0,1185.0,7431.0,6842.0,589.0,1204.3,1003.6,125.0,,,0.0,1.6385034013605442,0.16206432512447852,0.13505584712690083,2.470865294038487,0.0684409654272668,0.17006802721088435,0.07926254878212892,0.9207374512178711,200.69999999999993,0.2730612244897958,0.06453896846576984
Masallı rayonu,2013,1195.0,463.0,39927.0,39889.0,38.0,5517.0,5481.0,36.0,351.3,270.0,155.0,Lankaran-Astara,,0.0,0.29397489539748956,0.06367591082109843,0.048939641109298535,7.237085372485046,0.09153894652375767,0.1297071129707113,0.0065252854812398045,0.9934747145187602,81.30000000000001,0.06803347280334729,0.0009517369198787787
Mil-Muğan iqtisadi rayonu,2013,151.0,84.0,6092.0,6092.0,0.0,1401.0,1401.0,,110.39999999999999,118.5,16.0,,,0.0,0.7311258278145695,0.07880085653104925,0.08458244111349036,4.348322626695218,0.11053252290664974,0.10596026490066225,0.0,1.0,-8.100000000000009,-0.05364238410596032,0.0
Mingəçevir şəhəri,2013,916.0,344.0,20033.0,13271.0,6762.0,12032.0,11206.0,826.0,982.7,3979.8,149.0,Central Aran,,0.0,1.0728165938864629,0.08167386968085107,0.3307679521276596,1.6649767287234043,0.059918047496560385,0.16266375545851527,0.0686502659574468,0.9313497340425532,-2997.1000000000004,-3.2719432314410484,0.3375430539609644
Mərkəzi Aran iqtisadi rayonu,2013,1472.0,590.0,27818.0,20925.0,6893.0,16796.0,15898.0,898.0,1145.3,4125.3,186.0,,,0.0,0.7780570652173913,0.06818885448916408,0.2456120504882115,1.656227673255537,0.05177561048243002,0.12635869565217392,0.053465110740652536,0.9465348892593475,-2980.0,-2.0244565217391304,0.24778920123660939
Naftalan  şəhəri,2013,696.0,343.0,56614.0,31395.0,25219.0,8319.0,6226.0,2093.0,4116.4,5613.3,303.0,,15.57198574,44.69564843051288,5.9143678160919535,0.49481908883279235,0.6747565813198702,6.805385262651761,0.2228546685561329,0.4353448275862069,0.2515927395119606,0.7484072604880394,-1496.9000000000005,-2.1507183908045984,0.4454551877627442
Neftçala rayonu,2013,60.0,32.0,,,,,,,,,1.0,,,0.0,0.0,0.0,0.0,0.0,0.0,0.016666666666666666,0.0,0.0,0.0,0.0,0.0
Nizami rayonu,2013,277.0,125.0,8054.0,5007.0,3047.0,2884.0,1839.0,1045.0,744.4,615.3,178.0,Baku,,0.0,2.687364620938628,0.25811373092926493,0.21334951456310677,2.792649098474341,0.07965975965580337,0.6425992779783394,0.36234396671289876,0.6376560332871013,129.10000000000002,0.46606498194945856,0.3783213310156444
Nərimanov rayonu,2013,1201.0,702.0,22388.0,3859.0,18529.0,8633.0,2291.0,6342.0,3181.4,3831.8,351.0,Baku,,0.0,2.648959200666112,0.368516158925055,0.44385497509556354,2.5933047608015753,0.05107159558815143,0.2922564529558701,0.7346229584153828,0.26537704158461717,-650.4000000000001,-0.541548709408826,0.8276308736823298
Nəsimi rayonu,2013,2198.0,1458.0,109334.0,19914.0,89420.0,77222.0,11427.0,65795.0,26091.0,20528.7,1264.0,Baku,,0.0,11.870336669699727,0.3378700370360778,0.265840045582865,1.415840045582865,0.1362808032208608,0.5750682438580528,0.8520240346015384,0.14797596539846158,5562.299999999999,2.5306187443130117,0.8178608667020323
Oğuz rayonu,2013,120.0,43.0,1820.0,1777.0,43.0,1820.0,1777.0,43.0,53.0,62.7,23.0,Sheki-Zagatala,,0.0,0.44166666666666665,0.02912087912087912,0.03445054945054945,1.0,0.041552511415525115,0.19166666666666668,0.023626373626373626,0.9763736263736263,-9.700000000000003,-0.08083333333333335,0.023626373626373626
Qarabağ iqtisadi rayonu,2013,206.0,96.0,1739.0,1739.0,,1240.0,1240.0,,76.5,35.3,16.0,,,0.0,0.3713592233009709,0.06169354838709677,0.02846774193548387,1.4024193548387096,0.023128075541960367,0.07766990291262135,0.0,1.0,41.2,0.2,0.0
Qaradağ rayonu,2013,215.0,215.0,,,49430.0,26008.0,,,,,16.0,Baku,,0.0,0.0,0.0,0.0,0.0,0.0,0.07441860465116279,0.0,0.0,0.0,0.0,0.0
Qax rayonu,2013,469.0,191.0,11107.0,10596.0,511.0,3530.0,3353.0,177.0,420.6,342.8,43.0,Sheki-Zagatala,,0.0,0.8968017057569296,0.1191501416430595,0.09711048158640227,3.146458923512748,0.06488302129275346,0.09168443496801706,0.050141643059490086,0.9498583569405099,77.80000000000001,0.16588486140724948,0.0460070225983614
Qazax rayonu,2013,272.0,133.0,5901.0,4394.0,1507.0,2735.0,2235.0,500.0,356.2,359.1,25.0,Gazakh-Tovuz,,0.0,1.3095588235294118,0.13023765996343692,0.13129798903107862,2.1575868372943328,0.05943795326349718,0.09191176470588236,0.18281535648994515,0.8171846435100548,-2.900000000000034,-0.010661764705882478,0.2553804439925436
Qazax-Tovuz iqtisadi rayonu,2013,836.0,415.0,17035.0,14449.0,2586.0,8736.0,7879.0,857.0,1031.7,888.3,94.0,,1818.350328,0.45975738950123807,1.2340909090909091,0.11809752747252748,0.10168269230769231,1.9499771062271063,0.055826833584584123,0.11244019138755981,0.09809981684981685,0.9019001831501832,143.4000000000001,0.171531100478469,0.15180510713237452
Quba rayonu,2013,1194.0,478.0,22198.0,19469.0,2729.0,10453.0,10060.0,393.0,1056.0,982.3,216.0,Guba-Khachmaz,,0.0,0.8844221105527639,0.10102362958002488,0.09397302209891896,2.1236008801301063,0.05093504049930015,0.18090452261306533,0.0375968621448388,0.9624031378551612,73.70000000000005,0.06172529313232834,0.12293900351383008
Quba-Xaçmaz iqtisadi rayonu,2013,8703.0,3254.0,194871.0,189690.0,5181.0,32914.0,31871.0,1043.0,5381.499999999999,6674.700000000001,601.0,,,0.0,0.6183499942548546,0.16350185331469888,0.20279212493164006,5.9206112900285595,0.06134587506433776,0.06905664713317247,0.03168864313058273,0.9683113568694173,-1293.2000000000016,-0.14859243938871672,0.026586818972551073
Qusar rayonu,2013,961.0,434.0,10272.0,8795.0,1477.0,2928.0,2711.0,217.0,414.4,1469.8,73.0,Guba-Khachmaz,,0.0,0.4312174817898023,0.14153005464480872,0.5019808743169398,3.5081967213114753,0.02928456373925563,0.07596253902185224,0.0741120218579235,0.9258879781420765,-1055.4,-1.0982310093652445,0.14378894080996885
Qəbələ rayonu,2013,488.0,199.0,17020.0,17000.0,20.0,5927.0,5909.0,18.0,750.0,476.6,72.0,,,0.0,1.5368852459016393,0.1265395647038974,0.08041167538383669,2.8716045216804456,0.09555355939815854,0.14754098360655737,0.003036949552893538,0.9969630504471064,273.4,0.5602459016393442,0.0011750881316098707
Saatlı rayonu,2013,27.0,16.0,,,,,,,,,3.0,Mil-Mughan,,0.0,0.0,0.0,0.0,0.0,0.0,0.1111111111111111,0.0,0.0,0.0,0.0,0.0
Sabirabad rayonu,2013,6.0,4.0,5.0,5.0,,5.0,5.0,,15.8,31.1,5.0,Mil-Mughan,1466.33041279,0.004091847204194412,2.6333333333333333,3.16,6.220000000000001,1.0,0.00228310502283105,0.8333333333333334,0.0,1.0,-15.3,-2.5500000000000003,0.0
Sabunçu rayonu,2013,373.0,303.0,150916.0,84706.0,66210.0,41832.0,21144.0,20688.0,8221.8,7760.7,460.0,Baku,,0.0,22.042359249329756,0.19654331612162937,0.18552065404475043,3.6076687703193726,1.10849461970693,1.2332439678284182,0.4945496270797476,0.5054503729202524,461.09999999999945,1.2361930294906152,0.43872087783932784
Salyan rayonu,2013,142.0,88.0,3010.0,2548.0,462.0,653.0,585.0,68.0,74.9,71.4,11.0,,1916.78295505,0.07408246177580177,0.5274647887323944,0.11470137825421134,0.10934150076569679,4.609494640122511,0.05807447424271657,0.07746478873239436,0.10413476263399694,0.8958652373660031,3.5,0.02464788732394366,0.15348837209302327
Siyəzən rayonu,2013,30.0,15.0,,,,,,,,,1.0,Guba-Khachmaz,,0.0,0.0,0.0,0.0,0.0,0.0,0.03333333333333333,0.0,0.0,0.0,0.0,0.0
Sumqayıt şəhəri,2013,896.0,323.0,4505.0,2614.0,1891.0,1943.0,1642.0,301.0,372.0,387.7,73.0,Absheron,,0.0,0.41517857142857145,0.1914565105506948,0.1995367987647967,2.318579516212043,0.013775073385518592,0.08147321428571429,0.15491507977354607,0.845084920226454,-15.699999999999989,-0.017522321428571415,0.4197558268590455
Səbail rayonu,2013,2880.0,1849.0,501154.0,166339.0,334815.0,185349.0,48378.0,136971.0,56221.3,39916.9,1575.0,Baku,,0.0,19.521284722222223,0.3033266972036537,0.21536075187888795,2.7038397833276684,0.47674467275494675,0.546875,0.7389896897204733,0.26101031027952676,16304.400000000001,5.661250000000001,0.6680880527741971
Tovuz rayonu,2013,200.0,110.0,4600.0,3938.0,662.0,1765.0,1684.0,81.0,500.3,402.5,28.0,Gazakh-Tovuz,1818.350328,0.10998980610077466,2.5015,0.2834560906515581,0.22804532577903683,2.6062322946175636,0.06301369863013699,0.14,0.04589235127478754,0.9541076487252125,97.80000000000001,0.48900000000000005,0.14391304347826087
Tərtər rayonu,2013,30.0,15.0,836.0,836.0,,546.0,546.0,,8.3,8.3,2.0,Karabakh,,0.0,0.27666666666666667,0.015201465201465203,0.015201465201465203,1.531135531135531,0.07634703196347031,0.06666666666666667,0.0,1.0,0.0,0.0,0.0
Xaçmaz rayonu,2013,6437.0,2287.0,161371.0,160396.0,975.0,18707.0,18274.0,433.0,3835.2,4154.5,303.0,Guba-Khachmaz,,0.0,0.5958054994562684,0.20501416582028117,0.22208264286096113,8.626236168279254,0.06868297790385634,0.047071617212987416,0.023146415780189233,0.9768535842198107,-319.3000000000002,-0.04960385272642538,0.006041977802703088
Xızı rayonu,2013,148.0,53.0,1600.0,1556.0,44.0,1354.0,1310.0,44.0,88.2,268.7,20.0,Absheron,,0.0,0.595945945945946,0.06514032496307239,0.1984490398818316,1.1816838995568686,0.029618659755646058,0.13513513513513514,0.03249630723781388,0.9675036927621861,-180.5,-1.2195945945945945,0.0275
Xətai rayonu,2013,698.0,364.0,27064.0,3448.0,23616.0,10083.0,1323.0,8760.0,1249.6,1082.4,176.0,Baku,,0.0,1.7902578796561603,0.12393136963205394,0.10734900327283547,2.6841217891500544,0.10622914785885308,0.2521489971346705,0.868789050877715,0.13121094912228504,167.19999999999982,0.2395415472779367,0.8725982855453739
Xəzər rayonu,2013,609.0,357.0,138954.0,89524.0,,,15813.0,10195.0,5608.8,5897.2,242.0,Baku,,0.0,9.209852216748768,0.0,0.0,0.0,0.6251164046156961,0.3973727422003284,0.0,0.0,-288.39999999999964,-0.473563218390804,0.0
Yardımlı rayonu,2013,30.0,21.0,,,,,,,,,2.0,Lankaran-Astara,,0.0,0.0,0.0,0.0,0.0,0.0,0.06666666666666667,0.0,0.0,0.0,0.0,0.0
Yasamal rayonu,2013,1248.0,978.0,116698.0,13598.0,103100.0,100881.0,11067.0,89814.0,42250.2,34199.7,944.0,Baku,,0.0,33.85432692307692,0.4188122639545603,0.3390103190888274,1.1567886916267682,0.2561863364945557,0.7564102564102564,0.8902964879412377,0.1097035120587623,8050.5,6.450721153846154,0.88347700903186
Yevlax rayonu,2013,173.0,87.0,,,,,,,,,2.0,Central Aran,,0.0,0.0,0.0,0.0,0.0,0.0,0.011560693641618497,0.0,0.0,0.0,0.0,0.0
Zaqatala rayonu,2013,357.0,155.0,6792.0,6285.0,507.0,5544.0,5230.0,314.0,286.6,293.9,62.0,Sheki-Zagatala,,0.0,0.8028011204481793,0.0516955266955267,0.05301226551226551,1.225108225108225,0.05212386324392771,0.17366946778711484,0.05663780663780664,0.9433621933621934,-7.2999999999999545,-0.020448179271708555,0.07464664310954064
Zərdab rayonu,2013,20.0,11.0,702.0,686.0,16.0,284.0,272.0,12.0,13.6,13.6,7.0,Central Aran,,0.0,0.6799999999999999,0.04788732394366197,0.04788732394366197,2.471830985915493,0.09616438356164383,0.35,0.04225352112676056,0.9577464788732394,0.0,0.0,0.022792022792022793
İmişli rayonu,2013,20.0,7.0,,,,,,,,,1.0,Mil-Mughan,,0.0,0.0,0.0,0.0,0.0,0.0,0.05,0.0,0.0,0.0,0.0,0.0
İsmayıllı rayonu,2013,702.0,304.0,5680.0,5680.0,,4620.0,4620.0,,281.9,196.2,115.0,Mountainous Shirvan,,0.0,0.40156695156695155,0.06101731601731601,0.042467532467532466,1.2294372294372293,0.02216758381141943,0.16381766381766383,0.0,1.0,85.69999999999999,0.12207977207977207,0.0
Şabran rayonu,2013,81.0,40.0,1030.0,1030.0,,826.0,826.0,,75.9,68.1,8.0,Guba-Khachmaz,,0.0,0.9370370370370371,0.09188861985472156,0.08244552058111379,1.2469733656174333,0.034838491459496024,0.09876543209876543,0.0,1.0,7.800000000000011,0.09629629629629644,0.0
Şamaxı rayonu,2013,538.0,233.0,13095.0,12962.0,133.0,3364.0,3267.0,97.0,516.6,448.2,107.0,Mountainous Shirvan,,0.0,0.9602230483271376,0.15356718192627825,0.13323424494649228,3.8926872770511296,0.06668533890105413,0.19888475836431227,0.02883472057074911,0.9711652794292509,68.40000000000003,0.12713754646840156,0.010156548300878197
Şirvan şəhəri,2013,142.0,66.0,4380.0,1761.0,2619.0,1798.0,1737.0,61.0,102.0,85.7,13.0,,,0.0,0.7183098591549296,0.05672969966629588,0.04766407119021135,2.436040044493882,0.08450704225352113,0.09154929577464789,0.0339265850945495,0.9660734149054505,16.299999999999997,0.11478873239436618,0.5979452054794521
Şirvan-Salyan iqtisadi rayonu,2013,446.0,231.0,10473.0,7176.0,3297.0,4842.0,4565.0,277.0,206.8,174.5,32.0,,1916.78295505,0.2326815348732929,0.46367713004484307,0.04270962412226353,0.03603882693102024,2.1629491945477075,0.0643344185760796,0.07174887892376682,0.05720776538620405,0.9427922346137959,32.30000000000001,0.07242152466367716,0.314809510169006
Şəki rayonu,2013,760.0,306.0,11786.0,9183.0,2603.0,9655.0,7518.0,2137.0,685.5,2184.7,183.0,,,0.0,0.9019736842105263,0.07099948213360953,0.22627654065251163,1.2207146556188504,0.0424873828406633,0.24078947368421053,0.22133609528741585,0.7786639047125842,-1499.1999999999998,-1.9726315789473683,0.22085525199389106
Şəki-Zaqatala iqtisadi rayonu,2013,2374.0,981.0,64871.0,60669.0,4202.0,31874.0,28923.0,2951.0,2370.2,3744.5,434.0,,,0.0,0.9983993260320134,0.07436154859760305,0.11747819539436531,2.035232477881659,0.07486468707804872,0.18281381634372368,0.09258329673087783,0.9074167032691222,-1374.3000000000002,-0.5788963774220726,0.06477470672565554
Şəmkir rayonu,2013,36.0,24.0,869.0,840.0,29.0,211.0,191.0,20.0,48.2,46.3,7.0,Gazakh-Tovuz,,0.0,1.338888888888889,0.228436018957346,0.21943127962085307,4.118483412322274,0.06613394216133942,0.19444444444444445,0.0947867298578199,0.9052132701421801,1.9000000000000057,0.05277777777777794,0.0333716915995397
Abşeron iqtisadi rayonu,2014,1397.0,593.0,12413.0,11067.0,1346.0,6411.0,5750.0,661.0,1051.7,1173.7,187.0,,,0.0,0.7528274874731568,0.1640461706442053,0.18307596318827016,1.936203400405553,0.02434375030642963,0.13385826771653545,0.10310403993136796,0.896895960068632,-122.0,-0.08732999284180387,0.10843470555063241
Abşeron rayonu,2014,345.0,213.0,6204.0,6108.0,96.0,2284.0,2252.0,32.0,523.9,463.6,96.0,Absheron,,0.0,1.518550724637681,0.22937828371278457,0.20297723292469352,2.7162872154115587,0.04926742108397856,0.2782608695652174,0.014010507880910683,0.9859894921190894,60.299999999999955,0.17478260869565204,0.015473887814313346
Astara rayonu,2014,244.0,95.0,305.0,235.0,70.0,305.0,235.0,70.0,64.2,47.7,28.0,Lankaran-Astara,461.5057835,0.528704100194662,0.26311475409836066,0.21049180327868852,0.15639344262295082,1.0,0.003424657534246575,0.11475409836065574,0.22950819672131148,0.7704918032786885,16.5,0.06762295081967214,0.22950819672131148
Ağcabədi rayonu,2014,60.0,30.0,369.0,369.0,,369.0,369.0,,5.3,3.5,2.0,Karabakh,,0.0,0.08833333333333333,0.014363143631436313,0.009485094850948509,1.0,0.016849315068493152,0.03333333333333333,0.0,1.0,1.7999999999999998,0.029999999999999995,0.0
Ağdaş rayonu,2014,20.0,13.0,717.0,717.0,,717.0,717.0,,17.9,12.8,3.0,Central Aran,,0.0,0.8949999999999999,0.024965132496513248,0.01785216178521618,1.0,0.09821917808219179,0.15,0.0,1.0,5.099999999999998,0.2549999999999999,0.0
Ağstafa rayonu,2014,98.0,46.0,4898.0,4418.0,480.0,3861.0,3489.0,372.0,80.3,59.0,14.0,Gazakh-Tovuz,,0.0,0.8193877551020408,0.020797720797720798,0.01528101528101528,1.2685832685832685,0.1369303885937937,0.14285714285714285,0.09634809634809635,0.9036519036519036,21.299999999999997,0.21734693877551017,0.09799918334013884
Ağsu rayonu,2014,81.0,45.0,330.0,330.0,,235.0,235.0,,5.7,8.9,5.0,Mountainous Shirvan,,0.0,0.07037037037037037,0.02425531914893617,0.03787234042553192,1.4042553191489362,0.011161846778285134,0.06172839506172839,0.0,1.0,-3.2,-0.03950617283950617,0.0
Bakı şəhəri,2014,11792.0,7491.0,1081183.0,392651.0,688532.0,432491.0,94714.0,337777.0,150200.4,114582.40000000001,5360.0,,,0.0,12.73748303934871,0.3472913887225399,0.2649359177416409,2.4998971076854777,0.25119955948774186,0.45454545454545453,0.7810035353336833,0.21899646466631675,35617.999999999985,3.0205223880597,0.636832062657293
Balakən rayonu,2014,180.0,87.0,6772.0,5760.0,1012.0,3805.0,3533.0,272.0,185.6,317.5,48.0,Sheki-Zagatala,,0.0,1.031111111111111,0.04877792378449409,0.08344283837056504,1.7797634691195796,0.10307458143074581,0.26666666666666666,0.07148488830486202,0.928515111695138,-131.9,-0.7327777777777779,0.1494388659184879
Beyləqan rayonu,2014,98.0,57.0,2376.0,2376.0,,652.0,652.0,,42.5,37.0,7.0,Mil-Mughan,,0.0,0.4336734693877551,0.0651840490797546,0.05674846625766871,3.644171779141104,0.06642437797036622,0.07142857142857142,0.0,1.0,5.5,0.05612244897959184,0.0
Biləsuvar rayonu,2014,102.0,45.0,1478.0,1308.0,170.0,1270.0,1100.0,170.0,21.1,12.5,9.0,,,0.0,0.20686274509803923,0.01661417322834646,0.00984251968503937,1.1637795275590552,0.03969916733816815,0.08823529411764706,0.13385826771653545,0.8661417322834646,8.600000000000001,0.0843137254901961,0.11502029769959404
Binəqədi rayonu,2014,1031.0,546.0,3900.0,1140.0,2760.0,2240.0,840.0,1400.0,368.3,352.4,79.0,Baku,,0.0,0.3572259941804074,0.16441964285714286,0.15732142857142856,1.7410714285714286,0.010363658105576445,0.07662463627546072,0.625,0.375,15.900000000000034,0.015421920465567443,0.7076923076923077
Bərdə rayonu,2014,116.0,51.0,934.0,934.0,,617.0,617.0,,115.3,116.4,12.0,Karabakh,,0.0,0.9939655172413793,0.18687196110210696,0.18865478119935172,1.513776337115073,0.022059518186112424,0.10344827586206896,0.0,1.0,-1.1000000000000085,-0.009482758620689728,0.0
Cəlilabad rayonu,2014,126.0,67.0,1193.0,1097.0,96.0,563.0,501.0,62.0,28.3,27.3,10.0,Lankaran-Astara,,0.0,0.2246031746031746,0.050266429840142096,0.04849023090586146,2.1190053285968027,0.02594042183083279,0.07936507936507936,0.11012433392539965,0.8898756660746003,1.0,0.007936507936507936,0.08046940486169321
Dağlıq Şirvan iqtisadi rayonu,2014,1522.0,671.0,21956.0,21106.0,850.0,14619.0,13833.0,786.0,1755.5,1314.1,351.0,,,0.0,1.1534165571616295,0.12008345304056366,0.08988986934810862,1.5018811136192627,0.039522618040429856,0.23061760840998685,0.05376564744510568,0.9462343525548943,441.4000000000001,0.29001314060446787,0.03871379121880124
Daşkəsən rayonu,2014,32.0,15.0,94.0,79.0,15.0,70.0,65.0,5.0,6.0,9.3,2.0,Ganja-Dashkasan,,0.0,0.1875,0.08571428571428572,0.13285714285714287,1.3428571428571427,0.008047945205479452,0.0625,0.07142857142857142,0.9285714285714286,-3.3000000000000007,-0.10312500000000002,0.1595744680851064
Goranboy rayonu,2014,123.0,59.0,1153.0,878.0,275.0,449.0,357.0,92.0,46.3,35.4,11.0,Ganja-Dashkasan,1837.87389756,0.06692515746771167,0.37642276422764226,0.10311804008908686,0.07884187082405344,2.5679287305122496,0.02568214723243123,0.08943089430894309,0.20489977728285078,0.7951002227171492,10.899999999999999,0.08861788617886178,0.23850823937554205
Göygöl rayonu,2014,146.0,51.0,390.0,378.0,12.0,280.0,268.0,12.0,35.3,32.7,11.0,,,0.0,0.2417808219178082,0.12607142857142856,0.1167857142857143,1.3928571428571428,0.007318446237568024,0.07534246575342465,0.04285714285714286,0.9571428571428572,2.5999999999999943,0.017808219178082153,0.03076923076923077
Göyçay rayonu,2014,209.0,68.0,2993.0,2967.0,26.0,1453.0,1442.0,11.0,81.9,78.7,77.0,Central Aran,,0.0,0.391866028708134,0.056366139022711634,0.05416379903647626,2.059876118375774,0.03923444976076555,0.3684210526315789,0.007570543702684102,0.9924294562973159,3.200000000000003,0.01531100478468901,0.008686936184430337
Gədəbəy rayonu,2014,230.0,102.0,1483.0,1344.0,139.0,723.0,651.0,72.0,69.4,52.6,21.0,Ganja-Dashkasan,,0.0,0.3017391304347826,0.09598893499308438,0.0727524204702628,2.0511756569847854,0.017665276950565814,0.09130434782608696,0.0995850622406639,0.9004149377593361,16.800000000000004,0.07304347826086958,0.09372892784895483
Gəncə  şəhəri,2014,927.0,469.0,9335.0,8645.0,690.0,8718.0,8050.0,668.0,840.2,836.5,102.0,,,0.0,0.9063646170442288,0.09637531543932094,0.09595090617114017,1.0707731130993348,0.027589366198223757,0.11003236245954692,0.07662307868777242,0.9233769213122276,3.7000000000000455,0.003991370010787536,0.07391537225495447
Gəncə-Daşkəsən iqtisadi rayonu,2014,1937.0,926.0,87672.0,57218.0,30454.0,37729.0,34609.0,3120.0,7727.6,7587.099999999999,453.0,,,0.0,3.9894682498709346,0.2048185745712847,0.20109464867873517,2.3237297569508866,0.1240047807299807,0.233866804336603,0.08269500914415967,0.9173049908558404,140.5000000000009,0.07253484770263341,0.3473628980746418
Kürdəmir rayonu,2014,134.0,67.0,1900.0,1900.0,,1900.0,1900.0,,39.6,33.5,8.0,Central Aran,,0.0,0.2955223880597015,0.020842105263157894,0.017631578947368422,1.0,0.03884686158249847,0.05970149253731343,0.0,1.0,6.100000000000001,0.045522388059701505,0.0
Lerik rayonu,2014,752.0,201.0,2639.0,2639.0,,831.0,831.0,,241.4,199.6,22.0,Lankaran-Astara,1101.38591173,0.6827761205141958,0.32101063829787235,0.2904933814681107,0.2401925391095066,3.1756919374247894,0.00961454386476246,0.02925531914893617,0.0,1.0,41.80000000000001,0.05558510638297874,0.0
Lənkəran iqtisadi rayonu,2014,3139.0,1196.0,64046.0,62581.0,1465.0,18088.0,17324.0,764.0,2712.7999999999997,1722.7,344.0,,,0.0,0.8642242752468938,0.14997788589119856,0.09523993808049536,3.5408005307386112,0.05589948810152435,0.1095890410958904,0.04223794781070323,0.9577620521892968,990.0999999999997,0.3154189232239566,0.02287418418012054
Lənkəran rayonu,2014,750.0,342.0,17255.0,15986.0,1269.0,8803.0,8201.0,602.0,1253.3,1136.9,150.0,,,0.0,1.6710666666666667,0.1423719186640918,0.1291491536976031,1.9601272293536294,0.06303196347031964,0.2,0.06838577757582642,0.9316142224241736,116.39999999999986,0.1551999999999998,0.07354390031874819
Masallı rayonu,2014,1237.0,470.0,42654.0,42624.0,30.0,7586.0,7556.0,30.0,1125.6,311.2,132.0,Lankaran-Astara,,0.0,0.9099434114793855,0.14837859214342208,0.041022936989190614,5.622726074347482,0.09447071461002647,0.10670978172999192,0.003954653308726601,0.9960453466912734,814.3999999999999,0.6583670169765561,0.0007033338022225348
Mil-Muğan iqtisadi rayonu,2014,151.0,84.0,2381.0,2381.0,0.0,657.0,657.0,,60.1,66.4,16.0,,,0.0,0.3980132450331126,0.09147640791476408,0.10106544901065449,3.624048706240487,0.043200580604191234,0.10596026490066225,0.0,1.0,-6.300000000000004,-0.04172185430463579,0.0
Mingəçevir şəhəri,2014,664.0,234.0,13849.0,11083.0,2766.0,8906.0,8324.0,582.0,715.2,3846.0,138.0,Central Aran,,0.0,1.07710843373494,0.08030541208174265,0.4318437008758141,1.555019088255109,0.057142267700940746,0.20783132530120482,0.06534920278463957,0.9346507972153605,-3130.8,-4.715060240963855,0.19972561195754207
Mərkəzi Aran iqtisadi rayonu,2014,1220.0,480.0,20001.0,17208.0,2793.0,13177.0,12583.0,594.0,867.3000000000001,3988.4,234.0,,,0.0,0.7109016393442623,0.06581923047734689,0.30267891022235716,1.5178720497837142,0.04491578710981361,0.1918032786885246,0.04507854595127874,0.9549214540487213,-3121.1,-2.5582786885245903,0.13964301784910754
Naftalan  şəhəri,2014,709.0,332.0,76700.0,47238.0,29462.0,28212.0,25869.0,2343.0,6799.8,6673.2,327.0,,15.57198574,45.530480944301196,9.590691114245416,0.24102509570395578,0.23653764355593365,2.7187012618743798,0.2963850300442452,0.461212976022567,0.08304976605699703,0.916950233943003,126.60000000000036,0.17856135401974663,0.3841199478487614
Neftçala rayonu,2014,60.0,32.0,,,,,,,,,,,,0.0,0.0,0.0,0.0,0.0,0.0,0.0,0.0,0.0,0.0,0.0,0.0
Nizami rayonu,2014,411.0,192.0,13414.0,5580.0,7834.0,4344.0,1991.0,2353.0,1318.0,1124.9,204.0,Baku,,0.0,3.2068126520681264,0.30340699815837935,0.2589548802946593,3.087937384898711,0.08941772489417725,0.49635036496350365,0.5416666666666666,0.4583333333333333,193.0999999999999,0.46982968369829664,0.5840166989712241
Nərimanov rayonu,2014,1430.0,859.0,50100.0,8581.0,41519.0,26345.0,4978.0,21367.0,6479.6,5578.4,460.0,Baku,,0.0,4.5311888111888114,0.2459517935092048,0.21174416397798443,1.901689125071171,0.09598620557524667,0.32167832167832167,0.8110457392294553,0.1889542607705447,901.2000000000007,0.6302097902097907,0.8287225548902195
Nəsimi rayonu,2014,2961.0,1908.0,149237.0,32680.0,116557.0,91906.0,14290.0,77616.0,29053.7,28767.5,1407.0,Baku,,0.0,9.812124282337049,0.31612408330250474,0.31301003198920635,1.6238004047613865,0.13808459748418944,0.475177304964539,0.8445150479838095,0.15548495201619045,286.2000000000007,0.09665653495440754,0.7810194522806007
Oğuz rayonu,2014,120.0,43.0,808.0,784.0,24.0,808.0,784.0,24.0,27.7,58.6,22.0,Sheki-Zagatala,,0.0,0.23083333333333333,0.03428217821782178,0.07252475247524752,1.0,0.018447488584474887,0.18333333333333332,0.0297029702970297,0.9702970297029703,-30.900000000000002,-0.2575,0.0297029702970297
Qarabağ iqtisadi rayonu,2014,206.0,96.0,2128.0,2128.0,,1516.0,1516.0,,130.7,130.0,16.0,,,0.0,0.6344660194174757,0.08621372031662268,0.08575197889182058,1.403693931398417,0.028301635855831894,0.07766990291262135,0.0,1.0,0.6999999999999886,0.0033980582524271294,0.0
Qaradağ rayonu,2014,215.0,215.0,,,66288.0,26446.0,,,,,16.0,Baku,,0.0,0.0,0.0,0.0,0.0,0.0,0.07441860465116279,0.0,0.0,0.0,0.0,0.0
Qax rayonu,2014,564.0,225.0,13587.0,12923.0,664.0,3791.0,3507.0,284.0,425.2,328.9,38.0,Sheki-Zagatala,,0.0,0.7539007092198582,0.11216037984700607,0.08675811131627538,3.5840147718280138,0.06600116584086273,0.0673758865248227,0.07491427064099182,0.9250857293590081,96.30000000000001,0.17074468085106384,0.04887024361522043
Qazax rayonu,2014,272.0,133.0,4405.0,4120.0,285.0,2179.0,1999.0,180.0,389.9,254.0,25.0,Gazakh-Tovuz,,0.0,1.433455882352941,0.17893529141808168,0.11656723267553924,2.0215695273061036,0.044369460112812245,0.09191176470588236,0.08260670032124828,0.9173932996787517,135.89999999999998,0.49963235294117636,0.06469920544835414
Qazax-Tovuz iqtisadi rayonu,2014,836.0,415.0,16469.0,14641.0,1828.0,8968.0,8087.0,881.0,902.3999999999999,643.5,95.0,,1818.350328,0.45975738950123807,1.079425837320574,0.1006244424620874,0.07175512934879572,1.8364183764495985,0.05397194730287737,0.11363636363636363,0.09823818019625334,0.9017618198037467,258.89999999999986,0.30968899521531085,0.11099641751168862
Quba rayonu,2014,1584.0,676.0,23153.0,20466.0,2687.0,16488.0,16039.0,449.0,1185.0,1219.6,383.0,Guba-Khachmaz,,0.0,0.7481060606060606,0.07187045123726346,0.07396894711305191,1.4042333818534691,0.04004600802546008,0.24179292929292928,0.0272319262493935,0.9727680737506065,-34.59999999999991,-0.021843434343434286,0.1160540750658662
Quba-Xaçmaz iqtisadi rayonu,2014,9127.0,3544.0,227364.0,220289.0,7075.0,42060.0,40669.0,1391.0,8298.1,8122.4000000000015,1144.0,,,0.0,0.9091815492494796,0.19729196386115075,0.19311459819305757,5.405706134094151,0.06824970620063008,0.12534239070888573,0.0330718021873514,0.9669281978126486,175.6999999999989,0.019250575216390807,0.03111750321071058
Qusar rayonu,2014,961.0,434.0,28452.0,25341.0,3111.0,3992.0,3339.0,653.0,1947.7,2276.1,158.0,Guba-Khachmaz,,0.0,2.0267429760665974,0.4879008016032064,0.5701653306613226,7.127254509018036,0.08111413624506436,0.16441207075962538,0.16357715430861725,0.8364228456913828,-328.39999999999986,-0.34172736732570225,0.10934204976803037
Qəbələ rayonu,2014,488.0,199.0,17664.0,17664.0,,5824.0,5824.0,,568.9,381.0,76.0,,,0.0,1.1657786885245902,0.0976820054945055,0.06541895604395605,3.032967032967033,0.09916909948349427,0.1557377049180328,0.0,1.0,187.89999999999998,0.3850409836065573,0.0
Saatlı rayonu,2014,27.0,16.0,,,,,,,,,3.0,Mil-Mughan,,0.0,0.0,0.0,0.0,0.0,0.0,0.1111111111111111,0.0,0.0,0.0,0.0,0.0
Sabirabad rayonu,2014,6.0,4.0,5.0,5.0,,5.0,5.0,,17.6,29.4,5.0,Mil-Mughan,1466.33041279,0.004091847204194412,2.9333333333333336,3.5200000000000005,5.88,1.0,0.00228310502283105,0.8333333333333334,0.0,1.0,-11.799999999999997,-1.9666666666666661,0.0
Sabunçu rayonu,2014,467.0,397.0,134477.0,84738.0,49739.0,31508.0,18579.0,12929.0,5842.6,5510.9,439.0,Baku,,0.0,12.510920770877945,0.18543227116922686,0.17490478608607338,4.2680271677034405,0.788929629520988,0.9400428265524625,0.4103402310524311,0.5896597689475689,331.7000000000007,0.710278372591008,0.3698699405846353
Salyan rayonu,2014,142.0,88.0,1123.0,969.0,154.0,753.0,704.0,49.0,66.3,64.0,10.0,,1916.78295505,0.07408246177580177,0.4669014084507042,0.08804780876494024,0.0849933598937583,1.4913678618857902,0.02166698823075439,0.07042253521126761,0.0650730411686587,0.9349269588313412,2.299999999999997,0.016197183098591528,0.1371326803205699
Siyəzən rayonu,2014,30.0,15.0,,,,,,,,,1.0,Guba-Khachmaz,,0.0,0.0,0.0,0.0,0.0,0.0,0.03333333333333333,0.0,0.0,0.0,0.0,0.0
Sumqayıt şəhəri,2014,904.0,327.0,4759.0,3535.0,1224.0,2882.0,2279.0,603.0,438.5,448.3,71.0,Absheron,,0.0,0.4850663716814159,0.15215128383067314,0.15555170020818876,1.6512838306731437,0.014422960358831373,0.07853982300884955,0.20922970159611382,0.7907702984038862,-9.800000000000011,-0.010840707964601782,0.2571968901029628
Səbail rayonu,2014,2843.0,1838.0,455721.0,157760.0,297961.0,177327.0,40403.0,136924.0,71109.0,41948.7,1531.0,Baku,,0.0,25.01195919803025,0.4010049231081561,0.23656126816559236,2.5699470469810013,0.4391666144676422,0.5385156524797748,0.7721553965273196,0.2278446034726804,29160.300000000003,10.256876538867395,0.6538232822275032
Tovuz rayonu,2014,200.0,110.0,4483.0,3618.0,865.0,1905.0,1672.0,233.0,292.4,212.5,28.0,Gazakh-Tovuz,1818.350328,0.10998980610077466,1.462,0.15349081364829395,0.1115485564304462,2.353280839895013,0.06141095890410959,0.14,0.12230971128608924,0.8776902887139107,79.89999999999998,0.3994999999999999,0.19295114878429623
Tərtər rayonu,2014,30.0,15.0,825.0,825.0,,530.0,530.0,,10.1,10.1,2.0,Karabakh,,0.0,0.33666666666666667,0.019056603773584906,0.019056603773584906,1.5566037735849056,0.07534246575342465,0.06666666666666667,0.0,1.0,0.0,0.0,0.0
Xaçmaz rayonu,2014,6465.0,2376.0,174136.0,172859.0,1277.0,20444.0,20155.0,289.0,5065.3,4535.6,587.0,Guba-Khachmaz,,0.0,0.7834957463263728,0.24776462531794172,0.2218548229309333,8.517706906671885,0.07379503967623346,0.09079659706109822,0.014136176873410292,0.9858638231265897,529.6999999999998,0.0819334880123743,0.0073333486470345014
Xızı rayonu,2014,148.0,53.0,1450.0,1424.0,26.0,1245.0,1219.0,26.0,89.3,261.8,20.0,Absheron,,0.0,0.6033783783783784,0.07172690763052209,0.21028112449799197,1.1646586345381527,0.02684191040355424,0.13513513513513514,0.020883534136546186,0.9791164658634538,-172.5,-1.1655405405405406,0.01793103448275862
Xətai rayonu,2014,742.0,399.0,28444.0,4378.0,24066.0,11993.0,1238.0,10755.0,1326.6,1172.5,179.0,Baku,,0.0,1.7878706199460914,0.1106145251396648,0.09776536312849161,2.3717168348203117,0.10502529261898608,0.24123989218328842,0.8967731176519637,0.10322688234803636,154.0999999999999,0.2076819407008085,0.8460835325551962
Xəzər rayonu,2014,622.0,357.0,142593.0,76305.0,,,4350.0,22096.0,6424.8,4674.3,228.0,Baku,,0.0,10.329260450160772,0.0,0.0,0.0,0.6280799894287099,0.3665594855305466,0.0,0.0,1750.5,2.8143086816720255,0.0
Yardımlı rayonu,2014,30.0,21.0,,,,,,,,,2.0,Lankaran-Astara,,0.0,0.0,0.0,0.0,0.0,0.0,0.06666666666666667,0.0,0.0,0.0,0.0,0.0
Yasamal rayonu,2014,1070.0,780.0,103297.0,21489.0,81808.0,60382.0,8045.0,52337.0,28277.8,25452.8,817.0,Baku,,0.0,26.42785046728972,0.46831506077970253,0.4215295949123911,1.710725050511742,0.26449110229163997,0.7635514018691589,0.8667649299460104,0.1332350700539896,2825.0,2.6401869158878504,0.7919687890258188
Yevlax rayonu,2014,173.0,87.0,,,,,,,,,2.0,Central Aran,,0.0,0.0,0.0,0.0,0.0,0.0,0.011560693641618497,0.0,0.0,0.0,0.0,0.0
Zaqatala rayonu,2014,357.0,155.0,6693.0,6375.0,318.0,5556.0,5322.0,234.0,253.4,237.0,64.0,Sheki-Zagatala,,0.0,0.7098039215686275,0.04560835133189345,0.04265658747300216,1.2046436285097193,0.05136410728675032,0.1792717086834734,0.042116630669546434,0.9578833693304536,16.400000000000006,0.04593837535014007,0.047512326311071267
Zərdab rayonu,2014,20.0,11.0,542.0,541.0,1.0,201.0,200.0,1.0,12.7,17.4,6.0,Central Aran,,0.0,0.635,0.06318407960199005,0.08656716417910447,2.6965174129353233,0.07424657534246576,0.3,0.004975124378109453,0.9950248756218906,-4.699999999999999,-0.23499999999999996,0.0018450184501845018
İmişli rayonu,2014,20.0,7.0,,,,,,,,,1.0,Mil-Mughan,,0.0,0.0,0.0,0.0,0.0,0.0,0.05,0.0,0.0,0.0,0.0,0.0
İsmayıllı rayonu,2014,702.0,304.0,8244.0,8244.0,,6132.0,6132.0,,599.4,491.6,114.0,Mountainous Shirvan,,0.0,0.8538461538461538,0.0977495107632094,0.08016960208741031,1.3444227005870841,0.03217421847558834,0.1623931623931624,0.0,1.0,107.79999999999995,0.1535612535612535,0.0
Şabran rayonu,2014,87.0,43.0,1623.0,1623.0,,1136.0,1136.0,,100.1,91.1,15.0,Guba-Khachmaz,,0.0,1.150574712643678,0.08811619718309859,0.08019366197183098,1.4286971830985915,0.05111006140765234,0.1724137931034483,0.0,1.0,9.0,0.10344827586206896,0.0
Şamaxı rayonu,2014,739.0,322.0,13382.0,12532.0,850.0,8252.0,7466.0,786.0,1150.4,813.6,232.0,Mountainous Shirvan,,0.0,1.5566982408660353,0.13940862821134273,0.09859428017450315,1.6216674745516237,0.04961165588447921,0.31393775372124494,0.09524963645176927,0.9047503635482307,336.80000000000007,0.4557510148849798,0.06351815872066956
Şirvan şəhəri,2014,104.0,64.0,2916.0,2798.0,118.0,2455.0,2427.0,28.0,57.3,58.5,13.0,,,0.0,0.5509615384615384,0.023340122199592667,0.023828920570264766,1.1877800407331975,0.0768177028451001,0.125,0.011405295315682282,0.9885947046843178,-1.2000000000000028,-0.011538461538461565,0.04046639231824417
Şirvan-Salyan iqtisadi rayonu,2014,408.0,229.0,5517.0,5075.0,442.0,4478.0,4231.0,247.0,144.7,135.0,32.0,,1916.78295505,0.21285665073610652,0.354656862745098,0.032313532827154975,0.030147387226440375,1.2320232246538634,0.0370467365028203,0.0784313725490196,0.05515855292541313,0.9448414470745868,9.699999999999989,0.02377450980392154,0.08011600507522204
Şəki rayonu,2014,760.0,306.0,14612.0,10599.0,4013.0,12293.0,9019.0,3274.0,1095.9,3220.8,197.0,,,0.0,1.4419736842105264,0.0891482957780851,0.26200276580167575,1.1886439437078011,0.05267483777937996,0.25921052631578945,0.26633043195314404,0.7336695680468559,-2124.9,-2.795921052631579,0.2746372844237613
Şəki-Zaqatala iqtisadi rayonu,2014,2469.0,1015.0,60136.0,54105.0,6031.0,32077.0,27989.0,4088.0,2556.7000000000003,4543.8,445.0,,,0.0,1.0355204536249494,0.0797050846400848,0.1416528977148736,1.874738909499018,0.0667299167207621,0.1802349129202106,0.12744333946441375,0.8725566605355862,-1987.1,-0.8048197650870798,0.10028934415325262
Şəmkir rayonu,2014,36.0,24.0,1200.0,1141.0,59.0,300.0,276.0,24.0,70.4,65.4,7.0,Gazakh-Tovuz,,0.0,1.9555555555555557,0.2346666666666667,0.21800000000000003,4.0,0.091324200913242,0.19444444444444445,0.08,0.92,5.0,0.1388888888888889,0.049166666666666664
Abşeron iqtisadi rayonu,2015,1351.0,570.0,13662.0,10709.0,2953.0,5207.0,4566.0,641.0,1315.9,1273.5,183.0,,,0.0,0.9740192450037011,0.2527174956788938,0.2445746111004417,2.6237756865757635,0.0277055048011113,0.13545521835677277,0.12310351449971192,0.8768964855002881,42.40000000000009,0.03138415988156928,0.21614697701654223
Abşeron rayonu,2015,345.0,213.0,7316.0,7015.0,301.0,2835.0,2720.0,115.0,656.6,557.1,100.0,Absheron,,0.0,1.9031884057971016,0.23160493827160494,0.19650793650793652,2.5805996472663137,0.05809807425054596,0.2898550724637681,0.04056437389770723,0.9594356261022927,99.5,0.28840579710144926,0.04114270092946966
Astara rayonu,2015,264.0,103.0,740.0,563.0,177.0,740.0,563.0,177.0,85.9,67.2,27.0,Lankaran-Astara,461.5057835,0.5720405018499621,0.3253787878787879,0.11608108108108109,0.09081081081081081,1.0,0.007679535076795351,0.10227272727272728,0.2391891891891892,0.7608108108108108,18.700000000000003,0.07083333333333335,0.2391891891891892
Ağcabədi rayonu,2015,60.0,30.0,360.0,360.0,,360.0,360.0,,4.5,2.0,2.0,Karabakh,,0.0,0.075,0.0125,0.005555555555555556,1.0,0.01643835616438356,0.03333333333333333,0.0,1.0,2.5,0.041666666666666664,0.0
Ağdaş rayonu,2015,35.0,22.0,743.0,743.0,,743.0,743.0,,18.0,13.8,4.0,Central Aran,,0.0,0.5142857142857142,0.024226110363391656,0.01857335127860027,1.0,0.058160469667318984,0.11428571428571428,0.0,1.0,4.199999999999999,0.11999999999999998,0.0
Ağstafa rayonu,2015,121.0,56.0,3562.0,3182.0,380.0,3087.0,2800.0,287.0,67.8,50.8,13.0,Gazakh-Tovuz,,0.0,0.5603305785123966,0.02196307094266278,0.016456106252024618,1.1538710722384191,0.08065210007924828,0.10743801652892562,0.09297052154195011,0.9070294784580499,17.0,0.14049586776859505,0.10668163952835485
Ağsu rayonu,2015,81.0,45.0,426.0,426.0,,426.0,426.0,,6.7,18.3,5.0,Mountainous Shirvan,,0.0,0.08271604938271605,0.01572769953051643,0.04295774647887324,1.0,0.014408929477422628,0.06172839506172839,0.0,1.0,-11.600000000000001,-0.1432098765432099,0.0
Bakı şəhəri,2015,12779.0,7656.0,1032780.0,207271.0,825509.0,535390.0,112826.0,422564.0,149219.6,126764.5,5239.0,,,0.0,11.67693872759997,0.27871196697734363,0.2367703916770952,1.9290237023478212,0.22142063123682154,0.40996948118006105,0.7892639010814546,0.21073609891854536,22455.100000000006,1.7571875733625484,0.7993076937973237
Balakən rayonu,2015,216.0,99.0,6544.0,6456.0,88.0,2363.0,2310.0,53.0,344.4,570.7,21.0,Sheki-Zagatala,,0.0,1.5944444444444443,0.1457469318662717,0.24151502327549726,2.769360981802793,0.08300355149670219,0.09722222222222222,0.022429115531104528,0.9775708844688955,-226.30000000000007,-1.0476851851851856,0.013447432762836185
Beyləqan rayonu,2015,98.0,57.0,,,,,,,35.2,32.5,4.0,Mil-Mughan,,0.0,0.3591836734693878,0.0,0.0,0.0,0.0,0.04081632653061224,0.0,0.0,2.700000000000003,0.027551020408163294,0.0
Biləsuvar rayonu,2015,102.0,45.0,1276.0,1270.0,6.0,1050.0,1048.0,2.0,21.7,12.9,6.0,,,0.0,0.21274509803921568,0.020666666666666667,0.012285714285714285,1.2152380952380952,0.03427343540155788,0.058823529411764705,0.0019047619047619048,0.9980952380952381,8.799999999999999,0.08627450980392155,0.004702194357366771
Binəqədi rayonu,2015,1060.0,564.0,6975.0,1436.0,5539.0,3257.0,918.0,2339.0,514.3,469.1,92.0,Baku,,0.0,0.48518867924528297,0.1579060485108996,0.14402824685293214,2.1415412956708626,0.018027914189713105,0.08679245283018867,0.7181455326988025,0.2818544673011974,45.19999999999993,0.0426415094339622,0.7941218637992832
Bərdə rayonu,2015,116.0,51.0,1020.0,1020.0,,770.0,770.0,,112.5,90.1,12.0,Karabakh,,0.0,0.9698275862068966,0.1461038961038961,0.117012987012987,1.3246753246753247,0.024090694378837978,0.10344827586206896,0.0,1.0,22.400000000000006,0.19310344827586212,0.0
Cəlilabad rayonu,2015,126.0,67.0,226.0,183.0,43.0,108.0,84.0,24.0,13.8,13.7,7.0,Lankaran-Astara,,0.0,0.10952380952380952,0.1277777777777778,0.12685185185185185,2.0925925925925926,0.004914111763426832,0.05555555555555555,0.2222222222222222,0.7777777777777778,0.10000000000000142,0.0007936507936508049,0.1902654867256637
Dağlıq Şirvan iqtisadi rayonu,2015,1571.0,667.0,22449.0,21805.0,644.0,13594.0,13048.0,546.0,1792.4,1705.8,284.0,,,0.0,1.1409293443666455,0.13185228777401795,0.12548183021921436,1.6513903192584964,0.03914965600830114,0.18077657542966263,0.04016477857878476,0.9598352214212152,86.60000000000014,0.055124124761298625,0.028687246647957593
Daşkəsən rayonu,2015,32.0,15.0,51.0,51.0,,35.0,35.0,,5.4,6.1,2.0,Ganja-Dashkasan,,0.0,0.16875,0.1542857142857143,0.17428571428571427,1.457142857142857,0.004366438356164384,0.0625,0.0,1.0,-0.6999999999999993,-0.021874999999999978,0.0
Goranboy rayonu,2015,123.0,64.0,1126.0,822.0,304.0,442.0,361.0,81.0,40.5,37.1,8.0,Ganja-Dashkasan,1837.87389756,0.06692515746771167,0.32926829268292684,0.0916289592760181,0.08393665158371041,2.5475113122171944,0.025080743958124513,0.06504065040650407,0.1832579185520362,0.8167420814479638,3.3999999999999986,0.027642276422764216,0.2699822380106572
Göygöl rayonu,2015,146.0,55.0,4590.0,3955.0,635.0,2120.0,1485.0,635.0,69.0,48.0,20.0,,,0.0,0.4726027397260274,0.032547169811320754,0.022641509433962263,2.1650943396226414,0.08613248264214675,0.136986301369863,0.29952830188679247,0.7004716981132075,21.0,0.14383561643835616,0.1383442265795207
Göyçay rayonu,2015,138.0,59.0,4015.0,3858.0,157.0,1705.0,1633.0,72.0,106.3,89.9,13.0,Central Aran,,0.0,0.7702898550724637,0.062346041055718476,0.052727272727272734,2.3548387096774195,0.07971014492753623,0.09420289855072464,0.04222873900293255,0.9577712609970674,16.39999999999999,0.11884057971014486,0.039103362391033625
Gədəbəy rayonu,2015,230.0,102.0,2279.0,2173.0,106.0,1338.0,1289.0,49.0,66.8,50.7,14.0,Ganja-Dashkasan,,0.0,0.29043478260869565,0.04992526158445441,0.037892376681614354,1.703288490284006,0.02714711137581894,0.06086956521739131,0.03662182361733931,0.9633781763826607,16.099999999999994,0.06999999999999998,0.046511627906976744
Gəncə  şəhəri,2015,1267.0,636.0,22200.0,11939.0,10261.0,17114.0,11580.0,5534.0,1709.5,1570.2,121.0,,,0.0,1.3492501973164956,0.0998889797826341,0.09174944489891318,1.2971835923805073,0.04800467072471916,0.09550118389897395,0.3233609910015192,0.6766390089984807,139.29999999999995,0.10994475138121543,0.4622072072072072
Gəncə-Daşkəsən iqtisadi rayonu,2015,2277.0,1102.0,138862.0,96051.0,42811.0,81825.0,65305.0,16520.0,9298.6,8348.7,469.0,,,0.0,4.083706631532719,0.11364008554842653,0.10203116406966087,1.697060800488848,0.1670811750621161,0.2059727711901625,0.20189428658722886,0.7981057134127711,949.8999999999996,0.417171717171717,0.30829888666445826
Kürdəmir rayonu,2015,234.0,130.0,9976.0,6148.0,3828.0,3016.0,2668.0,348.0,1263.7,1058.9,53.0,Central Aran,,0.0,5.400427350427351,0.41899867374005306,0.3510941644562334,3.3076923076923075,0.11680131132185927,0.2264957264957265,0.11538461538461539,0.8846153846153846,204.79999999999995,0.875213675213675,0.38372093023255816
Lerik rayonu,2015,95.0,39.0,655.0,655.0,,209.0,209.0,,51.8,39.4,9.0,Lankaran-Astara,1101.38591173,0.08625496203304335,0.5452631578947368,0.2478468899521531,0.18851674641148325,3.1339712918660285,0.018889689978370584,0.09473684210526316,0.0,1.0,12.399999999999999,0.13052631578947366,0.0
Lənkəran iqtisadi rayonu,2015,2751.0,1131.0,31847.0,30432.0,1415.0,17035.0,16108.0,927.0,2129.7999999999997,1845.9,347.0,,,0.0,0.7741912031988367,0.1250249486351629,0.10835926034634577,1.8695039624302905,0.03171648665740478,0.1261359505634315,0.05441737599060757,0.9455826240093924,283.89999999999964,0.10319883678662291,0.04443118661098377
Lənkəran rayonu,2015,1110.0,462.0,20015.0,18839.0,1176.0,10924.0,10217.0,707.0,1564.6,1458.0,171.0,,,0.0,1.4095495495495494,0.14322592456975466,0.13346759428780666,1.8322043207616259,0.04940145625077132,0.15405405405405406,0.06471988282680337,0.9352801171731966,106.59999999999991,0.09603603603603596,0.05875593305021234
Masallı rayonu,2015,1126.0,439.0,10211.0,10192.0,19.0,5054.0,5035.0,19.0,413.7,267.6,131.0,Lankaran-Astara,,0.0,0.36740674955595026,0.08185595567867036,0.05294815987336764,2.0203798971111993,0.024844886736903573,0.11634103019538189,0.0037593984962406013,0.9962406015037594,146.09999999999997,0.12975133214920068,0.0018607384193516795
Mil-Muğan iqtisadi rayonu,2015,184.0,99.0,555.0,555.0,0.0,181.0,181.0,,83.6,78.0,16.0,,,0.0,0.4543478260869565,0.461878453038674,0.430939226519337,3.0662983425414363,0.008263847528290649,0.08695652173913043,0.0,1.0,5.599999999999994,0.030434782608695622,0.0
Mingəçevir şəhəri,2015,664.0,234.0,18830.0,13657.0,5173.0,14847.0,10767.0,4080.0,1204.2,3616.9,140.0,Central Aran,,0.0,1.8135542168674699,0.08110729440290969,0.2436115040075436,1.2682696841112682,0.07769433899983495,0.21084337349397592,0.27480299050313195,0.725197009496868,-2412.7,-3.6335843373493972,0.27472118959107805
Mərkəzi Aran iqtisadi rayonu,2015,1264.0,543.0,34024.0,24856.0,9168.0,20467.0,15965.0,4502.0,2613.0,4800.3,214.0,,,0.0,2.0672468354430378,0.12766893047344505,0.23453852543118192,1.662383348805394,0.07374718224380093,0.16930379746835442,0.21996384423706455,0.7800361557629355,-2187.3,-1.7304588607594937,0.2694568539854221
Naftalan  şəhəri,2015,709.0,332.0,110895.0,79284.0,31611.0,62114.0,51844.0,10270.0,7474.2,6687.3,318.0,,15.57198574,45.530480944301196,10.541889985895628,0.12033036030524519,0.10766171877515536,1.7853462987410245,0.42852174585080277,0.44851904090267986,0.1653411469233989,0.834658853076601,786.8999999999996,1.1098730606488005,0.28505342891924795
Neftçala rayonu,2015,60.0,32.0,,,,,,,,,1.0,,,0.0,0.0,0.0,0.0,0.0,0.0,0.016666666666666666,0.0,0.0,0.0,0.0,0.0
Nizami rayonu,2015,517.0,245.0,36755.0,3122.0,33633.0,8481.0,713.0,7768.0,2658.6,2379.0,107.0,Baku,,0.0,5.142359767891683,0.31347718429430493,0.2805093738945879,4.333804975828322,0.19477491322434487,0.20696324951644102,0.9159297252682467,0.08407027473175332,279.5999999999999,0.5408123791102513,0.9150591756223643
Nərimanov rayonu,2015,1398.0,748.0,70046.0,4698.0,65348.0,34499.0,3798.0,30701.0,8074.4,7668.3,391.0,Baku,,0.0,5.7756795422031475,0.2340473636917012,0.2222760080002319,2.0303776921070176,0.13727242440276716,0.27968526466380544,0.8899098524594916,0.11009014754050842,406.09999999999945,0.29048640915593665,0.9329297889958028
Nəsimi rayonu,2015,3129.0,1900.0,187920.0,32849.0,155071.0,126131.0,17639.0,108492.0,30995.9,30932.1,1475.0,Baku,,0.0,9.906008309364015,0.24574371090374295,0.245237887593058,1.4898795696537728,0.16454116812671563,0.47139661233620966,0.8601533326462171,0.13984666735378298,63.80000000000291,0.02038990092681461,0.8251968922945935
Oğuz rayonu,2015,138.0,62.0,1194.0,1074.0,120.0,1095.0,975.0,120.0,56.0,68.1,25.0,Sheki-Zagatala,,0.0,0.4057971014492754,0.05114155251141553,0.0621917808219178,1.0904109589041096,0.023704586063132818,0.18115942028985507,0.1095890410958904,0.8904109589041096,-12.099999999999994,-0.08768115942028981,0.10050251256281408
Qarabağ iqtisadi rayonu,2015,206.0,96.0,2014.0,2014.0,,1618.0,1618.0,,126.6,101.69999999999999,18.0,,,0.0,0.6145631067961165,0.07824474660074165,0.06285537700865265,1.2447466007416563,0.026785476792126613,0.08737864077669903,0.0,1.0,24.900000000000006,0.12087378640776701,0.0
Qaradağ rayonu,2015,215.0,215.0,,,100428.0,38716.0,,,,,6.0,Baku,,0.0,0.0,0.0,0.0,0.0,0.0,0.027906976744186046,0.0,0.0,0.0,0.0,0.0
Qax rayonu,2015,564.0,225.0,13582.0,12989.0,593.0,3525.0,3325.0,200.0,569.2,450.7,42.0,Sheki-Zagatala,,0.0,1.0092198581560285,0.16147517730496455,0.12785815602836878,3.853049645390071,0.06597687748955601,0.07446808510638298,0.05673758865248227,0.9432624113475178,118.50000000000006,0.2101063829787235,0.04366072743336769
Qazax rayonu,2015,224.0,106.0,4988.0,4743.0,245.0,1914.0,1768.0,146.0,405.8,377.9,24.0,Gazakh-Tovuz,,0.0,1.811607142857143,0.21201671891327065,0.19743991640543362,2.606060606060606,0.06100782778864971,0.10714285714285714,0.07628004179728318,0.9237199582027168,27.900000000000034,0.12455357142857158,0.049117882919005616
Qazax-Tovuz iqtisadi rayonu,2015,729.0,351.0,16217.0,14840.0,1377.0,8022.0,7352.0,670.0,812.4,712.0,81.0,,1818.350328,0.4009128432373236,1.11440329218107,0.1012715033657442,0.0887559212166542,2.0215656943405635,0.06094668996749159,0.1111111111111111,0.08352031912241337,0.9164796808775867,100.39999999999998,0.13772290809327845,0.0849108959733613
Quba rayonu,2015,1645.0,674.0,31785.0,29335.0,2450.0,23761.0,22819.0,942.0,2050.9,2074.5,272.0,Guba-Khachmaz,,0.0,1.2467477203647417,0.08631370733554986,0.0873069315264509,1.337696224906359,0.052937502602323355,0.16534954407294833,0.03964479609444047,0.9603552039055595,-23.59999999999991,-0.014346504559270461,0.07708038382885009
Quba-Xaçmaz iqtisadi rayonu,2015,9691.0,3794.0,195719.0,186795.0,8924.0,58610.0,55449.0,3161.0,7792.9,9087.199999999999,764.0,,,0.0,0.8041378598699824,0.1329619518853438,0.155045214127282,3.339344821702781,0.05533138358850112,0.07883603343308224,0.05393277597679577,0.9460672240232042,-1294.2999999999993,-0.13355690847177787,0.04559598199459429
Qusar rayonu,2015,1625.0,770.0,37625.0,32067.0,5558.0,11345.0,9245.0,2100.0,1432.1,1961.6,200.0,Guba-Khachmaz,,0.0,0.8812923076923076,0.12623182018510357,0.17290436315557514,3.3164389598942265,0.06343519494204426,0.12307692307692308,0.18510356985456147,0.8148964301454386,-529.5,-0.32584615384615384,0.14772093023255814
Qəbələ rayonu,2015,503.0,196.0,7653.0,7653.0,,5909.0,5909.0,,382.8,328.2,37.0,,,0.0,0.7610337972166998,0.06478253511592487,0.05554239295989169,1.2951430022000339,0.04168414172499251,0.073558648111332,0.0,1.0,54.60000000000002,0.10854870775347918,0.0
Saatlı rayonu,2015,27.0,16.0,,,,,,,,,3.0,Mil-Mughan,,0.0,0.0,0.0,0.0,0.0,0.0,0.1111111111111111,0.0,0.0,0.0,0.0,0.0
Sabirabad rayonu,2015,6.0,4.0,5.0,5.0,,5.0,5.0,,37.4,35.3,4.0,Mil-Mughan,1466.33041279,0.004091847204194412,6.233333333333333,7.4799999999999995,7.06,1.0,0.00228310502283105,0.6666666666666666,0.0,1.0,2.1000000000000014,0.35000000000000026,0.0
Sabunçu rayonu,2015,700.0,297.0,186328.0,67520.0,118808.0,49209.0,23299.0,25910.0,8043.8,,307.0,Baku,,0.0,11.491142857142858,0.16346196833912496,0.0,3.7864618260887237,0.7292681017612525,0.43857142857142856,0.5265296998516531,0.47347030014834685,0.0,0.0,0.6376282684298656
Salyan rayonu,2015,142.0,88.0,651.0,623.0,28.0,373.0,361.0,12.0,53.2,52.1,9.0,,1916.78295505,0.07408246177580177,0.37464788732394366,0.14262734584450404,0.13967828418230563,1.7453083109919572,0.012560293266448003,0.06338028169014084,0.032171581769437,0.967828418230563,1.1000000000000014,0.007746478873239446,0.043010752688172046
Sumqayıt şəhəri,2015,858.0,304.0,5439.0,2793.0,2646.0,1515.0,995.0,520.0,468.1,444.1,64.0,Absheron,,0.0,0.5455710955710956,0.308976897689769,0.29313531353135314,3.59009900990099,0.017367563942906408,0.07459207459207459,0.3432343234323432,0.6567656765676567,24.0,0.027972027972027972,0.4864864864864865
Səbail rayonu,2015,3312.0,2109.0,316262.0,61653.0,254609.0,212451.0,50059.0,162392.0,64779.0,50985.8,1622.0,Baku,,0.0,19.558876811594203,0.3049126622138752,0.23998851499875268,1.4886350264296238,0.2616157104096354,0.4897342995169082,0.7643739026881493,0.23562609731185075,13793.199999999997,4.164613526570047,0.8050571994106153
Tovuz rayonu,2015,130.0,75.0,2887.0,2241.0,646.0,1391.0,1203.0,188.0,209.4,170.0,24.0,Gazakh-Tovuz,1818.350328,0.07149337396550352,1.6107692307692307,0.1505391804457225,0.12221423436376708,2.07548526240115,0.06084299262381454,0.18461538461538463,0.13515456506110712,0.8648454349388929,39.400000000000006,0.30307692307692313,0.22376169033598892
Tərtər rayonu,2015,30.0,15.0,634.0,634.0,,488.0,488.0,,9.6,9.6,4.0,Karabakh,,0.0,0.32,0.019672131147540982,0.019672131147540982,1.2991803278688525,0.05789954337899544,0.13333333333333333,0.0,1.0,0.0,0.0,0.0
Xaçmaz rayonu,2015,6339.0,2309.0,124747.0,123831.0,916.0,22330.0,22211.0,119.0,4213.0,4962.2,281.0,Guba-Khachmaz,,0.0,0.6646158700110427,0.18866995073891626,0.22222122704881325,5.586520376175549,0.053915854667885475,0.0443287584792554,0.005329153605015674,0.9946708463949844,-749.1999999999998,-0.11818898879949516,0.007342861952592046
Xızı rayonu,2015,148.0,53.0,907.0,901.0,6.0,857.0,851.0,6.0,191.2,272.3,19.0,Absheron,,0.0,1.2918918918918918,0.22310385064177363,0.3177362893815636,1.058343057176196,0.01679007774898186,0.12837837837837837,0.007001166861143524,0.9929988331388565,-81.10000000000002,-0.5479729729729731,0.006615214994487321
Xətai rayonu,2015,710.0,398.0,31970.0,2379.0,29591.0,13875.0,881.0,12994.0,2015.0,1481.9,196.0,Baku,,0.0,2.8380281690140845,0.1452252252252252,0.10680360360360361,2.304144144144144,0.12336484661393016,0.27605633802816903,0.9365045045045045,0.06349549549549549,533.0999999999999,0.7508450704225351,0.9255864873318737
Xəzər rayonu,2015,610.0,350.0,116760.0,16332.0,,,5240.0,33476.0,5545.9,2597.6,209.0,Baku,,0.0,9.091639344262294,0.0,0.0,0.0,0.5244105097686953,0.34262295081967215,0.0,0.0,2948.2999999999997,4.833278688524589,0.0
Yardımlı rayonu,2015,30.0,21.0,,,,,,,,,2.0,Lankaran-Astara,,0.0,0.0,0.0,0.0,0.0,0.0,0.06666666666666667,0.0,0.0,0.0,0.0,0.0
Yasamal rayonu,2015,1128.0,830.0,79764.0,17282.0,62482.0,48771.0,10279.0,38492.0,26592.7,30250.7,834.0,Baku,,0.0,23.575088652482272,0.5452564023702611,0.6202599905681655,1.6354801008796211,0.19373360536286796,0.7393617021276596,0.7892395070841278,0.21076049291587215,-3658.0,-3.24290780141844,0.7833358407301539
Yevlax rayonu,2015,173.0,87.0,,,,,,,,,2.0,Central Aran,,0.0,0.0,0.0,0.0,0.0,0.0,0.011560693641618497,0.0,0.0,0.0,0.0,0.0
Zaqatala rayonu,2015,377.0,170.0,6798.0,6546.0,252.0,5562.0,5329.0,233.0,212.8,206.5,66.0,Sheki-Zagatala,,0.0,0.5644562334217507,0.038259618842143114,0.03712693275800072,1.2222222222222223,0.04940227462664874,0.17506631299734748,0.041891405969075875,0.9581085940309241,6.300000000000011,0.01671087533156502,0.037069726390114736
Zərdab rayonu,2015,20.0,11.0,460.0,450.0,10.0,156.0,154.0,2.0,20.8,20.8,2.0,Central Aran,,0.0,1.04,0.13333333333333333,0.13333333333333333,2.948717948717949,0.06301369863013699,0.1,0.01282051282051282,0.9871794871794872,0.0,0.0,0.021739130434782608
İmişli rayonu,2015,53.0,22.0,550.0,550.0,,176.0,176.0,,11.0,10.2,5.0,Mil-Mughan,,0.0,0.20754716981132076,0.0625,0.05795454545454545,3.125,0.02843111915223572,0.09433962264150944,0.0,1.0,0.8000000000000007,0.015094339622641523,0.0
İsmayıllı rayonu,2015,786.0,325.0,8947.0,8823.0,124.0,7200.0,7097.0,103.0,576.7,509.0,123.0,Mountainous Shirvan,,0.0,0.7337150127226464,0.08009722222222222,0.07069444444444445,1.2426388888888888,0.031186168914915123,0.15648854961832062,0.014305555555555556,0.9856944444444444,67.70000000000005,0.08613231552162856,0.013859394210349837
Şabran rayonu,2015,82.0,41.0,1562.0,1562.0,,1174.0,1174.0,,96.9,88.9,11.0,Guba-Khachmaz,,0.0,1.181707317073171,0.08253833049403748,0.07572402044293015,1.3304940374787053,0.052188439692616106,0.13414634146341464,0.0,1.0,8.0,0.0975609756097561,0.0
Şamaxı rayonu,2015,704.0,297.0,13076.0,12556.0,520.0,5968.0,5525.0,443.0,1209.0,1178.5,156.0,Mountainous Shirvan,,0.0,1.7173295454545454,0.2025804289544236,0.19746983914209115,2.191018766756032,0.05088729763387297,0.2215909090909091,0.07422922252010723,0.9257707774798928,30.5,0.04332386363636364,0.039767513000917715
Şirvan şəhəri,2015,140.0,84.0,16555.0,16515.0,40.0,3218.0,3207.0,11.0,449.4,468.6,39.0,,,0.0,3.21,0.1396519577377253,0.1456183965195774,5.14449968924798,0.323972602739726,0.2785714285714286,0.003418272218769422,0.9965817277812306,-19.200000000000045,-0.13714285714285745,0.0024161884627000906
Şirvan-Salyan iqtisadi rayonu,2015,444.0,249.0,18482.0,18408.0,74.0,4641.0,4616.0,25.0,524.3,533.6,55.0,,1916.78295505,0.23163811991870414,1.1808558558558557,0.11297134238310708,0.1149752208575738,3.9823313940961,0.11404418116746884,0.12387387387387387,0.0053867700926524455,0.9946132299073476,-9.300000000000068,-0.0209459459459461,0.004003895682285467
Şəki rayonu,2015,785.0,320.0,15293.0,12161.0,3132.0,12826.0,9974.0,2852.0,1068.9,3636.2,177.0,,,0.0,1.361656050955414,0.08333853110868548,0.28350226103227816,1.192343676906284,0.05337405112991885,0.22547770700636943,0.2223608295649462,0.7776391704350538,-2567.2999999999997,-3.270445859872611,0.2047995815078794
Şəki-Zaqatala iqtisadi rayonu,2015,2583.0,1072.0,51064.0,46879.0,4185.0,31280.0,27822.0,3458.0,2634.1000000000004,5260.4,368.0,,,0.0,1.0197831978319785,0.08421035805626599,0.16817135549872123,1.6324808184143222,0.054162357670543435,0.14246999612853273,0.11054987212276216,0.8894501278772379,-2626.2999999999993,-1.016763453348819,0.08195597681341062
Şəmkir rayonu,2015,24.0,12.0,2501.0,2501.0,,292.0,292.0,,62.6,62.6,6.0,Gazakh-Tovuz,,0.0,2.6083333333333334,0.21438356164383562,0.21438356164383562,8.565068493150685,0.28550228310502285,0.25,0.0,1.0,0.0,0.0,0.0
Abşeron iqtisadi rayonu,2016,821.0,416.0,15344.0,11357.0,3986.0,7351.0,6337.0,1014.0,1478.0,1373.1,188.0,,,0.0,1.8002436053593178,0.20106108012515303,0.18679091280097945,2.0873350564549042,0.05120384429279362,0.2289890377588307,0.13794041626989526,0.8620595837301047,104.90000000000009,0.12777101096224128,0.25977580813347234
Abşeron rayonu,2016,283.0,180.0,8343.0,7941.0,402.0,4213.0,4033.0,180.0,567.0,378.1,91.0,Absheron,,0.0,2.0035335689045937,0.13458343223356278,0.08974602421077617,1.9802990742938524,0.08076867224938283,0.3215547703180212,0.04272489912176596,0.9572751008782341,188.89999999999998,0.6674911660777384,0.04818410643653362
Astara rayonu,2016,263.0,103.0,2750.0,2280.0,470.0,1445.0,975.0,470.0,140.5,108.2,31.0,Lankaran-Astara,461.5057835,0.5698736817671972,0.5342205323193916,0.0972318339100346,0.07487889273356402,1.9031141868512111,0.028647325381530288,0.11787072243346007,0.32525951557093424,0.6747404844290658,32.3,0.12281368821292775,0.1709090909090909
Ağcabədi rayonu,2016,60.0,30.0,382.0,382.0,,382.0,382.0,,4.7,2.9,2.0,Karabakh,,0.0,0.07833333333333334,0.012303664921465968,0.0075916230366492145,1.0,0.017442922374429223,0.03333333333333333,0.0,1.0,1.8000000000000003,0.030000000000000006,0.0
Ağdaş rayonu,2016,35.0,22.0,791.0,791.0,,791.0,791.0,,18.5,14.0,4.0,Central Aran,,0.0,0.5285714285714286,0.02338811630847029,0.017699115044247787,1.0,0.06191780821917808,0.11428571428571428,0.0,1.0,4.5,0.12857142857142856,0.0
Ağstafa rayonu,2016,132.0,62.0,5380.0,4928.0,452.0,4542.0,4274.0,268.0,95.0,57.3,10.0,Gazakh-Tovuz,,0.0,0.7196969696969697,0.020915896081021578,0.01261558784676354,1.1845002201673271,0.11166459111664591,0.07575757575757576,0.05900484368119771,0.9409951563188023,37.7,0.28560606060606064,0.08401486988847584
Ağsu rayonu,2016,81.0,45.0,480.0,480.0,,480.0,480.0,,4.8,18.5,5.0,Mountainous Shirvan,,0.0,0.059259259259259255,0.01,0.03854166666666667,1.0,0.016235413495687467,0.06172839506172839,0.0,1.0,-13.7,-0.1691358024691358,0.0
Bakı şəhəri,2016,14020.0,8692.0,1229896.0,190417.0,1039479.0,686793.0,104201.0,582592.0,176875.50000000003,140518.2,5324.0,,,0.0,12.615941512125538,0.2575382975656421,0.20460051281827277,1.7907812106413432,0.24034080472123973,0.3797432239657632,0.8482788846129765,0.15172111538702346,36357.30000000002,2.5932453637660497,0.8451763401133104
Balakən rayonu,2016,216.0,99.0,2045.0,1928.0,117.0,1264.0,1195.0,69.0,130.1,616.2,21.0,Sheki-Zagatala,,0.0,0.6023148148148147,0.10292721518987341,0.48750000000000004,1.6178797468354431,0.02593860984271943,0.09722222222222222,0.05458860759493671,0.9454113924050633,-486.1,-2.250462962962963,0.05721271393643032
Beyləqan rayonu,2016,98.0,57.0,1756.0,1756.0,,561.0,561.0,,30.6,29.5,4.0,Mil-Mughan,,0.0,0.3122448979591837,0.05454545454545455,0.05258467023172905,3.1301247771836005,0.049091417388873355,0.04081632653061224,0.0,1.0,1.1000000000000014,0.011224489795918382,0.0
Biləsuvar rayonu,2016,102.0,45.0,1777.0,1444.0,333.0,1490.0,1244.0,246.0,20.0,11.4,6.0,,,0.0,0.19607843137254902,0.013422818791946308,0.007651006711409396,1.1926174496644295,0.047730325006715014,0.058823529411764705,0.1651006711409396,0.8348993288590604,8.6,0.08431372549019607,0.18739448508722567
Binəqədi rayonu,2016,1108.0,581.0,15406.0,12379.0,3027.0,3092.0,1601.0,1491.0,304.5,343.4,83.0,Baku,,0.0,0.27481949458483756,0.09847994825355756,0.11106080206985769,4.982535575679172,0.038094060630038076,0.07490974729241877,0.4822121604139715,0.5177878395860285,-38.89999999999998,-0.03510830324909745,0.19648189017266
Bərdə rayonu,2016,116.0,51.0,1272.0,1272.0,,1214.0,1214.0,,63.9,61.7,11.0,Karabakh,,0.0,0.5508620689655173,0.05263591433278418,0.05082372322899506,1.0477759472817134,0.030042512990080303,0.09482758620689655,0.0,1.0,2.1999999999999957,0.018965517241379272,0.0
Cəlilabad rayonu,2016,126.0,67.0,4629.0,4572.0,57.0,732.0,696.0,36.0,49.6,43.4,10.0,Lankaran-Astara,,0.0,0.39365079365079364,0.06775956284153006,0.0592896174863388,6.323770491803279,0.10065231572080888,0.07936507936507936,0.04918032786885246,0.9508196721311475,6.200000000000003,0.049206349206349226,0.012313674659753726
Dağlıq Şirvan iqtisadi rayonu,2016,1688.0,731.0,25233.0,23960.0,1273.0,16417.0,15523.0,894.0,1728.1999999999998,2285.4,364.0,,,0.0,1.0238151658767771,0.10526892854967411,0.13920935615520497,1.5370043247852836,0.04095468415243784,0.2156398104265403,0.05445574709142961,0.9455442529085704,-557.2000000000003,-0.330094786729858,0.0504498077913843
Daşkəsən rayonu,2016,32.0,15.0,28.0,28.0,,20.0,20.0,,6.0,6.2,2.0,Ganja-Dashkasan,,0.0,0.1875,0.3,0.31,1.4,0.002397260273972603,0.0625,0.0,1.0,-0.20000000000000018,-0.0062500000000000056,0.0
Goranboy rayonu,2016,123.0,59.0,907.0,806.0,101.0,392.0,353.0,39.0,48.0,30.0,8.0,Ganja-Dashkasan,1837.87389756,0.06692515746771167,0.3902439024390244,0.12244897959183673,0.07653061224489796,2.313775510204082,0.020202695177636707,0.06504065040650407,0.09948979591836735,0.9005102040816326,18.0,0.14634146341463414,0.1113561190738699
Göygöl rayonu,2016,180.0,72.0,2080.0,2047.0,33.0,1896.0,1863.0,33.0,95.0,59.5,25.0,,,0.0,0.5277777777777778,0.05010548523206751,0.03138185654008439,1.0970464135021096,0.031659056316590564,0.1388888888888889,0.01740506329113924,0.9825949367088608,35.5,0.19722222222222222,0.015865384615384615
Göyçay rayonu,2016,138.0,59.0,3400.0,3015.0,385.0,1558.0,1477.0,81.0,107.9,100.2,14.0,Central Aran,,0.0,0.7818840579710146,0.06925545571245187,0.06431322207958921,2.1822849807445444,0.06750049632717887,0.10144927536231885,0.051989730423620026,0.94801026957638,7.700000000000003,0.05579710144927538,0.11323529411764706
Gədəbəy rayonu,2016,230.0,102.0,1331.0,1277.0,54.0,722.0,699.0,23.0,94.0,72.0,16.0,Ganja-Dashkasan,,0.0,0.40869565217391307,0.13019390581717452,0.0997229916897507,1.8434903047091413,0.015854675402025016,0.06956521739130435,0.03185595567867036,0.9681440443213296,22.0,0.09565217391304348,0.0405709992486852
Gəncə  şəhəri,2016,1267.0,636.0,21556.0,12848.0,8708.0,11245.0,7004.0,4241.0,2106.0,1858.8,114.0,,,0.0,1.6621941594317284,0.18728323699421964,0.16530013339261893,1.9169408626056026,0.04661210279919127,0.08997632202052092,0.3771453979546465,0.6228546020453535,247.20000000000005,0.1951065509076559,0.4039710521432548
Gəncə-Daşkəsən iqtisadi rayonu,2016,1955.0,952.0,80923.0,46113.0,34810.0,20148.0,13456.0,6692.0,6094.0,5456.099999999999,327.0,,,0.0,3.1171355498721227,0.3024617828072265,0.27080107206670634,4.016428429620806,0.11340503801282276,0.1672634271099744,0.3321421481040302,0.6678578518959698,637.9000000000005,0.3262915601023021,0.43016200585742004
Kürdəmir rayonu,2016,234.0,130.0,28301.0,15406.0,12895.0,2947.0,2525.0,422.0,2568.7,1972.9,51.0,Central Aran,,0.0,10.977350427350427,0.8716321683067526,0.6694604682728198,9.60332541567696,0.33135464231354644,0.21794871794871795,0.14319647098744487,0.8568035290125552,595.7999999999997,2.546153846153845,0.455637609978446
Lerik rayonu,2016,95.0,39.0,627.0,627.0,,206.0,206.0,,42.2,35.6,6.0,Lankaran-Astara,1101.38591173,0.08625496203304335,0.4442105263157895,0.20485436893203884,0.17281553398058253,3.0436893203883497,0.01808219178082192,0.06315789473684211,0.0,1.0,6.600000000000001,0.06947368421052633,0.0
Lənkəran iqtisadi rayonu,2016,2984.0,1137.0,36011.0,34977.0,1034.0,17538.0,16663.0,875.0,1294.0,1131.0,284.0,,,0.0,0.4336461126005362,0.07378264340289657,0.06448853917208347,2.0533128064773636,0.03306309449484006,0.09517426273458444,0.04989166381571445,0.9501083361842856,163.0,0.05462466487935657,0.028713448668462413
Lənkəran rayonu,2016,1322.0,466.0,15593.0,15098.0,495.0,8681.0,8324.0,357.0,743.1,701.3,110.0,,,0.0,0.5621028744326778,0.0856007372422532,0.08078562377606266,1.7962216334523673,0.03231508921725074,0.0832072617246596,0.04112429443612487,0.9588757055638751,41.80000000000007,0.0316187594553707,0.03174501378823831
Masallı rayonu,2016,1148.0,441.0,12412.0,12400.0,12.0,6474.0,6462.0,12.0,318.6,242.5,125.0,Lankaran-Astara,,0.0,0.2775261324041812,0.04921223354958295,0.03745752239728143,1.9172072907012665,0.029621497780535536,0.10888501742160278,0.0018535681186283596,0.9981464318813716,76.10000000000002,0.06628919860627179,0.0009668063164679343
Mil-Muğan iqtisadi rayonu,2016,184.0,99.0,2664.0,2329.0,335.0,1053.0,1004.0,49.0,89.8,88.3,33.0,,,0.0,0.4880434782608695,0.08528015194681861,0.08385565052231718,2.52991452991453,0.039666468135795115,0.1793478260869565,0.04653371320037987,0.9534662867996201,1.5,0.008152173913043478,0.12575075075075076
Mingəçevir şəhəri,2016,695.0,249.0,15682.0,11469.0,4213.0,10083.0,7928.0,2155.0,815.2,3251.4,148.0,Central Aran,,0.0,1.17294964028777,0.08084895368441933,0.3224635525141327,1.555291084002777,0.06181925692322854,0.21294964028776978,0.21372607358920956,0.7862739264107904,-2436.2,-3.505323741007194,0.26865195765846195
Mərkəzi Aran iqtisadi rayonu,2016,1295.0,558.0,48827.0,31202.0,17625.0,15591.0,12917.0,2674.0,3539.4999999999995,5350.2,224.0,,,0.0,2.733204633204633,0.22702199987172084,0.3431595151048682,3.1317426720543904,0.10329930713492358,0.17297297297297298,0.17150920402796485,0.8284907959720351,-1810.7000000000003,-1.3982239382239385,0.360968316710017
Naftalan  şəhəri,2016,353.0,170.0,56352.0,30384.0,25968.0,6595.0,4216.0,2379.0,3839.0,3501.6,178.0,,15.57198574,22.66891364363656,10.875354107648725,0.5821076573161486,0.5309476876421532,8.544655041698256,0.43736272265124765,0.5042492917847026,0.3607278241091736,0.6392721758908264,337.4000000000001,0.9558073654390937,0.4608177172061329
Neftçala rayonu,2016,60.0,32.0,,,,,,,,,,,,0.0,0.0,0.0,0.0,0.0,0.0,0.0,0.0,0.0,0.0,0.0,0.0
Nizami rayonu,2016,517.0,245.0,20490.0,5392.0,15098.0,7621.0,2304.0,5317.0,1591.8,1586.4,87.0,Baku,,0.0,3.078916827852998,0.20887022700433014,0.20816165857499017,2.688623540217819,0.1085821785326303,0.16827852998065765,0.6976774701482745,0.3023225298517255,5.399999999999864,0.010444874274661245,0.736847242557345
Nərimanov rayonu,2016,1001.0,597.0,63850.0,3659.0,60191.0,33593.0,2829.0,30764.0,6636.8,7244.7,369.0,Baku,,0.0,6.63016983016983,0.19756496889232877,0.21566100080373887,1.9006935968803025,0.17475675009921585,0.36863136863136864,0.915786026850832,0.08421397314916798,-607.8999999999996,-0.6072927072927069,0.9426938136256852
Nəsimi rayonu,2016,3993.0,2651.0,351235.0,66933.0,284302.0,248647.0,36361.0,212286.0,45952.9,33016.3,1750.0,Baku,,0.0,11.508364638116705,0.18481180146955323,0.13278382606667286,1.4125849095303784,0.24099365670745723,0.438266967192587,0.853764573873805,0.14623542612619497,12936.599999999999,3.239819684447783,0.8094352783748772
Oğuz rayonu,2016,138.0,62.0,1650.0,1502.0,148.0,1495.0,1347.0,148.0,70.7,68.3,22.0,Sheki-Zagatala,,0.0,0.5123188405797101,0.04729096989966555,0.04568561872909699,1.1036789297658862,0.03275759380583681,0.15942028985507245,0.09899665551839465,0.9010033444816054,2.4000000000000057,0.01739130434782613,0.08969696969696969
Qarabağ iqtisadi rayonu,2016,206.0,96.0,2174.0,2174.0,,1968.0,1968.0,,78.69999999999999,74.50000000000001,15.0,,,0.0,0.38203883495145624,0.03998983739837398,0.03785569105691058,1.1046747967479675,0.02891341933767788,0.07281553398058252,0.0,1.0,4.199999999999974,0.020388349514562983,0.0
Qaradağ rayonu,2016,435.0,325.0,1850.0,800.0,184655.0,32820.0,158.0,142.0,86.5,86.5,15.0,Baku,,0.0,0.19885057471264367,0.002635588056063376,0.002635588056063376,0.056368068251066425,0.011651708392379154,0.034482758620689655,0.004326630103595369,0.004814137720901889,0.0,0.0,99.81351351351351
Qax rayonu,2016,611.0,255.0,13678.0,12973.0,705.0,3719.0,3506.0,213.0,552.9,356.0,38.0,Sheki-Zagatala,,0.0,0.9049099836333878,0.14866899704221564,0.09572465716590481,3.677870395267545,0.061332197385826064,0.062193126022913256,0.05727346060769024,0.9427265393923098,196.89999999999998,0.3222585924713584,0.05154262319052493
Qazax rayonu,2016,216.0,102.0,5254.0,4670.0,584.0,1926.0,1799.0,127.0,347.0,216.8,23.0,Gazakh-Tovuz,,0.0,1.6064814814814814,0.1801661474558671,0.11256490134994808,2.727933541017653,0.06664129883307965,0.10648148148148148,0.06593977154724819,0.9340602284527518,130.2,0.6027777777777777,0.11115340692805481
Qazax-Tovuz iqtisadi rayonu,2016,956.0,523.0,33020.0,31007.0,2013.0,21183.0,20350.0,833.0,2594.0,2251.8,141.0,,1818.350328,0.5257512731617029,2.713389121338912,0.12245668696596328,0.10630222348109333,1.5587971486569419,0.09462944918897231,0.14748953974895398,0.03932398621536137,0.9606760137846386,342.1999999999998,0.3579497907949789,0.06096305269533616
Quba rayonu,2016,1581.0,633.0,37079.0,29903.0,7176.0,31332.0,24455.0,6877.0,2965.0,2581.5,304.0,Guba-Khachmaz,,0.0,1.87539531941809,0.09463168645474275,0.08239180390654921,1.1834226988382484,0.06425446006948957,0.1922833649588868,0.21948806332184348,0.7805119366781565,383.5,0.24256799493991144,0.19353272741983332
Quba-Xaçmaz iqtisadi rayonu,2016,9572.0,3846.0,219552.0,191491.0,28061.0,82998.0,64619.0,18379.0,29353.899999999998,30915.4,1460.0,,,0.0,3.0666422900125365,0.35366996795103495,0.37248367430540497,2.6452685606882094,0.0628408199714922,0.1525282072712077,0.22143907082098363,0.7785609291790163,-1561.5000000000036,-0.1631320518178023,0.12781026818248067
Qusar rayonu,2016,1721.0,910.0,70495.0,50223.0,20272.0,34700.0,23324.0,11376.0,21662.6,22498.0,855.0,Guba-Khachmaz,,0.0,12.58721673445671,0.6242824207492795,0.6483573487031701,2.031556195965418,0.11222369918731544,0.49680418361417783,0.3278386167146974,0.6721613832853026,-835.4000000000015,-0.48541545613015774,0.28756649407759416
Qəbələ rayonu,2016,2319.0,1091.0,300335.0,89956.0,210379.0,165225.0,49339.0,115886.0,9588.3,9399.1,835.0,,,0.0,4.134670116429495,0.0580317748524739,0.056886669692843096,1.8177333938568618,0.35482346547578963,0.3600689952565761,0.7013829626267212,0.2986170373732789,189.1999999999989,0.08158689090125007,0.7004811294054972
Saatlı rayonu,2016,27.0,16.0,,,,,,,,,3.0,Mil-Mughan,,0.0,0.0,0.0,0.0,0.0,0.0,0.1111111111111111,0.0,0.0,0.0,0.0,0.0
Sabirabad rayonu,2016,6.0,4.0,5.0,5.0,,5.0,5.0,,42.5,40.9,4.0,Mil-Mughan,1466.33041279,0.004091847204194412,7.083333333333333,8.5,8.18,1.0,0.00228310502283105,0.6666666666666666,0.0,1.0,1.6000000000000014,0.2666666666666669,0.0
Sabunçu rayonu,2016,374.0,285.0,51583.0,5518.0,46065.0,9817.0,1385.0,8432.0,9281.3,4873.5,177.0,Baku,,0.0,24.816310160427804,0.9454313945197106,0.49643475603544873,5.254456554955689,0.37786975313163873,0.4732620320855615,0.8589182031170418,0.14108179688295813,4407.799999999999,11.785561497326201,0.8930267723862513
Salyan rayonu,2016,142.0,88.0,485.0,452.0,33.0,363.0,348.0,15.0,26.7,25.8,7.0,,1916.78295505,0.07408246177580177,0.1880281690140845,0.07355371900826446,0.07107438016528926,1.3360881542699725,0.00935751495273008,0.04929577464788732,0.04132231404958678,0.9586776859504132,0.8999999999999986,0.006338028169014074,0.06804123711340206
Sumqayıt şəhəri,2016,390.0,183.0,6141.0,2576.0,3564.0,2348.0,1534.0,814.0,709.0,647.9,77.0,Absheron,,0.0,1.817948717948718,0.30195911413969334,0.27593696763202724,2.61541737649063,0.04314014752370917,0.19743589743589743,0.34667802385008517,0.6533219761499148,61.10000000000002,0.15666666666666673,0.5803615046409379
Səbail rayonu,2016,3911.0,2335.0,393654.0,52324.0,341330.0,282912.0,47325.0,235587.0,87511.6,64708.6,1684.0,Baku,,0.0,22.37576067501918,0.30932445424725713,0.22872341929645967,1.3914362063115033,0.2757617257962263,0.430580414216313,0.8327218357651849,0.16727816423481506,22803.000000000007,5.8304781385834845,0.8670812439350293
Tovuz rayonu,2016,246.0,191.0,17074.0,16631.0,443.0,11380.0,11185.0,195.0,1597.0,1110.8,50.0,Gazakh-Tovuz,1818.350328,0.13528746150395282,6.491869918699187,0.14033391915641477,0.09760984182776801,1.5003514938488576,0.19015480565764561,0.2032520325203252,0.017135325131810195,0.9828646748681898,486.20000000000005,1.9764227642276424,0.025945882628558042
Tərtər rayonu,2016,30.0,15.0,520.0,520.0,,372.0,372.0,,10.1,9.9,2.0,Karabakh,,0.0,0.33666666666666667,0.0271505376344086,0.026612903225806454,1.3978494623655915,0.047488584474885846,0.06666666666666667,0.0,1.0,0.1999999999999993,0.006666666666666643,0.0
Xaçmaz rayonu,2016,6220.0,2282.0,110461.0,109848.0,613.0,15851.0,15725.0,126.0,4629.7,5752.7,291.0,Guba-Khachmaz,,0.0,0.7443247588424436,0.29207620970285786,0.3629234748596303,6.968708598826573,0.04865480332995639,0.046784565916398714,0.007949025298088448,0.9920509747019115,-1123.0,-0.1805466237942122,0.005549469948669666
Xızı rayonu,2016,148.0,53.0,860.0,840.0,20.0,790.0,770.0,20.0,202.0,347.1,20.0,Absheron,,0.0,1.364864864864865,0.25569620253164554,0.439367088607595,1.0886075949367089,0.015920029618659754,0.13513513513513514,0.02531645569620253,0.9746835443037974,-145.10000000000002,-0.9804054054054056,0.023255813953488372
Xətai rayonu,2016,786.0,422.0,28487.0,2563.0,25924.0,11667.0,1159.0,10508.0,1595.2,1334.9,100.0,Baku,,0.0,2.0295165394402037,0.13672752207079797,0.11441673095054428,2.441673095054427,0.09929589738227194,0.1272264631043257,0.9006599811433958,0.0993400188566041,260.29999999999995,0.3311704834605597,0.9100291360971672
Xəzər rayonu,2016,610.0,350.0,212234.0,27579.0,1050.0,300.0,3187.0,29633.0,8432.3,3281.4,245.0,Baku,,0.0,13.823442622950818,28.107666666666663,10.938,707.4466666666667,0.953218055243656,0.4016393442622951,98.77666666666667,10.623333333333333,5150.9,8.444098360655737,0.004947369413006398
Yardımlı rayonu,2016,30.0,21.0,,,,,,,,,2.0,Lankaran-Astara,,0.0,0.0,0.0,0.0,0.0,0.0,0.06666666666666667,0.0,0.0,0.0,0.0,0.0
Yasamal rayonu,2016,1285.0,901.0,91107.0,13270.0,77837.0,56324.0,7892.0,48432.0,15482.6,24042.5,814.0,Baku,,0.0,12.048715953307394,0.27488459626446987,0.426860663305163,1.6175520204530929,0.19424764138372155,0.6334630350194552,0.8598821106455508,0.14011788935444927,-8559.9,-6.661400778210116,0.8543470863929226
Yevlax rayonu,2016,173.0,87.0,,,,,,,,,2.0,Central Aran,,0.0,0.0,0.0,0.0,0.0,0.0,0.011560693641618497,0.0,0.0,0.0,0.0,0.0
Zaqatala rayonu,2016,377.0,170.0,6113.0,5703.0,410.0,5596.0,5263.0,333.0,233.9,220.7,60.0,Sheki-Zagatala,,0.0,0.6204244031830239,0.04179771265189421,0.03943888491779843,1.0923874195854182,0.044424257839468045,0.15915119363395225,0.05950679056468906,0.9404932094353109,13.200000000000017,0.03501326259946954,0.06707017830852283
Zərdab rayonu,2016,20.0,11.0,653.0,521.0,132.0,212.0,196.0,16.0,29.2,11.7,5.0,Central Aran,,0.0,1.46,0.13773584905660377,0.055188679245283014,3.080188679245283,0.08945205479452055,0.25,0.07547169811320754,0.9245283018867925,17.5,0.875,0.20214395099540583
İmişli rayonu,2016,53.0,22.0,903.0,568.0,335.0,487.0,438.0,49.0,16.7,17.9,22.0,Mil-Mughan,,0.0,0.3150943396226415,0.034291581108829565,0.03675564681724846,1.8542094455852156,0.04667872835357974,0.41509433962264153,0.10061601642710473,0.8993839835728953,-1.1999999999999993,-0.022641509433962252,0.3709856035437431
İsmayıllı rayonu,2016,766.0,320.0,7292.0,7044.0,248.0,5746.0,5498.0,248.0,324.3,263.5,92.0,Mountainous Shirvan,,0.0,0.42336814621409924,0.056439262095370694,0.04585798816568047,1.2690567351200834,0.026081047247755642,0.12010443864229765,0.04316045945005221,0.9568395405499478,60.80000000000001,0.07937336814621411,0.034009873834339004
Şabran rayonu,2016,50.0,21.0,1517.0,1517.0,,1115.0,1115.0,,96.6,83.2,10.0,Guba-Khachmaz,,0.0,1.932,0.08663677130044843,0.0746188340807175,1.3605381165919284,0.08312328767123288,0.2,0.0,1.0,13.399999999999991,0.26799999999999985,0.0
Şamaxı rayonu,2016,841.0,366.0,17461.0,16436.0,1025.0,10191.0,9545.0,646.0,1399.1,2003.4,267.0,Mountainous Shirvan,,0.0,1.6636147443519618,0.13728780296339907,0.19658522225493083,1.7133745461681875,0.05688270649748343,0.31747919143876335,0.06338926503777843,0.9366107349622216,-604.3000000000002,-0.7185493460166471,0.058702250730198725
Şirvan şəhəri,2016,140.0,84.0,7323.0,7298.0,25.0,2143.0,2128.0,15.0,545.7,610.6,48.0,,,0.0,3.897857142857143,0.25464302379841347,0.28492767148856746,3.417172188520765,0.143307240704501,0.34285714285714286,0.006999533364442371,0.9930004666355576,-64.89999999999998,-0.4635714285714284,0.0034139014065273795
Şirvan-Salyan iqtisadi rayonu,2016,444.0,249.0,9585.0,9194.0,391.0,3996.0,3720.0,276.0,592.4000000000001,647.8,61.0,,1916.78295505,0.23163811991870414,1.3342342342342344,0.14824824824824828,0.1621121121121121,2.3986486486486487,0.05914476119955572,0.1373873873873874,0.06906906906906907,0.9309309309309309,-55.399999999999864,-0.12477477477477447,0.04079290558163798
Şəki rayonu,2016,808.0,320.0,10883.0,7439.0,3444.0,9265.0,6172.0,3093.0,715.8,790.1,115.0,,,0.0,0.8858910891089108,0.0772584997301673,0.0852779276848354,1.1746357258499731,0.036901532619015326,0.14232673267326731,0.3338370210469509,0.6661629789530491,-74.30000000000007,-0.09195544554455454,0.31645685932187817
Şəki-Zaqatala iqtisadi rayonu,2016,4469.0,1997.0,334704.0,119501.0,215203.0,186564.0,66822.0,119742.0,11291.699999999999,11450.400000000001,1091.0,,,0.0,2.526672633698814,0.06052453849617289,0.0613751849231363,1.794043866983984,0.20519070491697752,0.2441262027299172,0.6418280054029716,0.35817199459702836,-158.70000000000255,-0.03551130006712968,0.6429651273961471
Şəmkir rayonu,2016,132.0,66.0,3981.0,3501.0,480.0,2613.0,2393.0,220.0,461.0,794.9,42.0,Gazakh-Tovuz,,0.0,3.492424242424242,0.17642556448526597,0.3042097206276311,1.5235361653272101,0.08262764632627646,0.3181818181818182,0.08419441255262151,0.9158055874473785,-333.9,-2.5295454545454543,0.12057272042200452
Abşeron iqtisadi rayonu,2017,876.0,464.0,18828.0,12940.0,5888.0,9332.0,6824.0,2508.0,1664.7,1518.8000000000002,200.0,,,0.0,1.9003424657534247,0.17838619802828976,0.16275182168881272,2.017573939134162,0.0588853443422781,0.228310502283105,0.2687526789541363,0.7312473210458637,145.89999999999986,0.16655251141552496,0.3127257276396856
Abşeron rayonu,2017,318.0,212.0,11126.0,8454.0,2672.0,6040.0,4335.0,1705.0,768.4,542.4,106.0,Absheron,,0.0,2.4163522012578618,0.1272185430463576,0.08980132450331126,1.8420529801324503,0.09585594899629533,0.3333333333333333,0.28228476821192056,0.7177152317880795,226.0,0.710691823899371,0.24015818802804242
Astara rayonu,2017,293.0,116.0,7387.0,4780.0,2607.0,5390.0,3125.0,2265.0,271.8,196.1,34.0,Lankaran-Astara,461.5057835,0.6348782842501475,0.9276450511945393,0.05042671614100186,0.0363821892393321,1.3705009276437847,0.06907288793304969,0.11604095563139932,0.4202226345083488,0.5797773654916512,75.70000000000002,0.2583617747440274,0.3529172871260322
Ağcabədi rayonu,2017,60.0,30.0,415.0,415.0,,415.0,415.0,,8.4,4.8,2.0,Karabakh,,0.0,0.14,0.02024096385542169,0.011566265060240964,1.0,0.018949771689497717,0.03333333333333333,0.0,1.0,3.6000000000000005,0.06000000000000001,0.0
Ağdaş rayonu,2017,35.0,22.0,842.0,842.0,,842.0,842.0,,18.7,14.5,4.0,Central Aran,,0.0,0.5342857142857143,0.022209026128266033,0.0172209026128266,1.0,0.06590998043052837,0.11428571428571428,0.0,1.0,4.199999999999999,0.11999999999999998,0.0
Ağstafa rayonu,2017,153.0,70.0,20916.0,19362.0,1554.0,8859.0,8530.0,329.0,451.8,80.6,11.0,Gazakh-Tovuz,,0.0,2.9529411764705884,0.050998984083982395,0.009098092335478045,2.3609888249238065,0.37453666398066077,0.0718954248366013,0.037137374421492265,0.9628626255785078,371.20000000000005,2.4261437908496735,0.07429718875502007
Ağsu rayonu,2017,81.0,45.0,1200.0,1200.0,,1200.0,1200.0,,12.0,11.6,5.0,Mountainous Shirvan,,0.0,0.14814814814814814,0.01,0.009666666666666667,1.0,0.04058853373921867,0.06172839506172839,0.0,1.0,0.40000000000000036,0.004938271604938276,0.0
Bakı şəhəri,2017,14861.0,9496.0,1579679.0,222113.0,1357566.0,905271.0,128892.0,776379.0,216879.1,157617.7,5080.0,,,0.0,14.593842944620148,0.23957367462340007,0.17411106729366124,1.7449791277970905,0.2912245253504392,0.34183433147163717,0.85762053572908,0.14237946427092,59261.399999999994,3.987712805329385,0.8593935856588586
Balakən rayonu,2017,208.0,95.0,2515.0,2328.0,187.0,1517.0,1389.0,128.0,342.3,550.1,22.0,Sheki-Zagatala,,0.0,1.645673076923077,0.22564271588661833,0.3626235992089651,1.6578773895847068,0.03312697576396206,0.10576923076923077,0.08437705998681608,0.9156229400131839,-207.8,-0.9990384615384615,0.07435387673956262
Beyləqan rayonu,2017,76.0,46.0,1544.0,1544.0,,411.0,411.0,,29.7,26.9,4.0,Mil-Mughan,,0.0,0.3907894736842105,0.07226277372262774,0.06545012165450122,3.75669099756691,0.05565969718817592,0.05263157894736842,0.0,1.0,2.8000000000000007,0.036842105263157905,0.0
Biləsuvar rayonu,2017,102.0,45.0,1670.0,1324.0,346.0,1578.0,1234.0,344.0,22.6,13.1,6.0,,,0.0,0.2215686274509804,0.01432192648922687,0.008301647655259823,1.0583016476552598,0.044856298683857106,0.058823529411764705,0.21799746514575413,0.7820025348542459,9.500000000000002,0.0931372549019608,0.20718562874251498
Binəqədi rayonu,2017,1108.0,581.0,2563.0,787.0,1776.0,1423.0,501.0,922.0,161.3,173.9,44.0,Baku,,0.0,0.14557761732851987,0.11335207308503163,0.12220660576247365,1.8011243851018974,0.00633747094604619,0.039711191335740074,0.6479269149683766,0.3520730850316233,-12.599999999999994,-0.011371841155234652,0.6929379633242294
Bərdə rayonu,2017,116.0,51.0,1750.0,1750.0,,1530.0,1530.0,,73.9,64.3,9.0,Karabakh,,0.0,0.6370689655172415,0.048300653594771245,0.04202614379084967,1.1437908496732025,0.041332073689182805,0.07758620689655173,0.0,1.0,9.600000000000009,0.08275862068965524,0.0
Cəlilabad rayonu,2017,126.0,67.0,2149.0,2100.0,49.0,744.0,712.0,32.0,33.4,31.9,9.0,Lankaran-Astara,,0.0,0.2650793650793651,0.04489247311827957,0.042876344086021506,2.888440860215054,0.046727549467275496,0.07142857142857142,0.043010752688172046,0.956989247311828,1.5,0.011904761904761904,0.02280130293159609
Dağlıq Şirvan iqtisadi rayonu,2017,1688.0,731.0,37268.0,34328.0,2940.0,24042.0,22283.0,1759.0,2298.5,2075.2,355.0,,,0.0,1.3616706161137442,0.09560352716080193,0.08631561434156891,1.5501206222444057,0.060488216581185486,0.2103080568720379,0.07316363031361783,0.9268363696863822,223.30000000000018,0.13228672985782,0.07888805409466566
Daşkəsən rayonu,2017,32.0,15.0,61.0,61.0,,40.0,40.0,,6.7,7.6,2.0,Ganja-Dashkasan,,0.0,0.209375,0.1675,0.19,1.525,0.005222602739726028,0.0625,0.0,1.0,-0.8999999999999995,-0.028124999999999983,0.0
Goranboy rayonu,2017,123.0,59.0,904.0,789.0,115.0,382.0,340.0,42.0,42.5,26.2,9.0,Ganja-Dashkasan,1837.87389756,0.06692515746771167,0.34552845528455284,0.11125654450261781,0.06858638743455497,2.3664921465968587,0.020135872591602627,0.07317073170731707,0.1099476439790576,0.8900523560209425,16.3,0.13252032520325205,0.12721238938053098
Göygöl rayonu,2017,180.0,72.0,2321.0,2289.0,32.0,2125.0,2093.0,32.0,126.7,85.5,25.0,,,0.0,0.7038888888888889,0.05962352941176471,0.04023529411764706,1.092235294117647,0.03532724505327245,0.1388888888888889,0.015058823529411765,0.9849411764705882,41.2,0.2288888888888889,0.013787160706591986
Göyçay rayonu,2017,138.0,59.0,3158.0,3037.0,121.0,1378.0,1331.0,47.0,108.2,88.7,13.0,Central Aran,,0.0,0.7840579710144928,0.07851959361393324,0.06436865021770682,2.2917271407837445,0.06269604923565615,0.09420289855072464,0.034107402031930335,0.9658925979680697,19.5,0.14130434782608695,0.0383153894870171
Gədəbəy rayonu,2017,238.0,106.0,1105.0,1046.0,59.0,577.0,553.0,24.0,97.9,76.6,17.0,Ganja-Dashkasan,,0.0,0.4113445378151261,0.16967071057192376,0.13275563258232234,1.9150779896013865,0.012720156555772993,0.07142857142857142,0.0415944540727903,0.9584055459272097,21.30000000000001,0.08949579831932777,0.05339366515837104
Gəncə  şəhəri,2017,1309.0,657.0,35551.0,19672.0,15879.0,13449.0,8100.0,5349.0,2689.4,2777.7,138.0,,,0.0,2.0545454545454547,0.1999702580117481,0.20653580191835824,2.6433935608595434,0.0744079449961803,0.10542398777692895,0.39772473789872853,0.6022752621012715,-88.29999999999973,-0.06745607333842607,0.4466541025568901
Gəncə-Daşkəsən iqtisadi rayonu,2017,1997.0,973.0,109681.0,51507.0,58174.0,23455.0,14241.0,9214.0,8490.2,6985.599999999999,356.0,,,0.0,4.251477215823736,0.3619782562353443,0.2978298870176934,4.676231080793008,0.15047365568901297,0.17826740110165248,0.39283734811340865,0.6071626518865914,1504.6000000000013,0.7534301452178274,0.5303926842388381
Kürdəmir rayonu,2017,234.0,130.0,29134.0,11345.0,17789.0,1470.0,1270.0,200.0,1853.5,1273.0,56.0,Central Aran,,0.0,7.920940170940171,1.2608843537414967,0.8659863945578231,19.81904761904762,0.3411075986418452,0.23931623931623933,0.1360544217687075,0.8639455782312925,580.5,2.480769230769231,0.6105924349557218
Lerik rayonu,2017,715.0,187.0,2046.0,2046.0,,647.0,647.0,,54.8,43.0,12.0,Lankaran-Astara,1101.38591173,0.6491820826697474,0.07664335664335664,0.0846986089644513,0.06646058732612056,3.1622874806800616,0.007839831401475237,0.016783216783216783,0.0,1.0,11.799999999999997,0.0165034965034965,0.0
Lənkəran iqtisadi rayonu,2017,3199.0,1236.0,45139.0,41258.0,3881.0,24870.0,21701.0,3169.0,1707.8,1523.8000000000002,319.0,,,0.0,0.5338543294779619,0.06866907921190189,0.061270607157217535,1.8149979895456374,0.03865848488611595,0.0997186620819006,0.12742259750703658,0.8725774024929634,183.99999999999977,0.05751797436698961,0.08597886528279315
Lənkəran rayonu,2017,887.0,392.0,19644.0,18437.0,1207.0,10690.0,9836.0,854.0,909.1,936.4,137.0,,,0.0,1.0249154453213078,0.0850420954162769,0.08759588400374181,1.8376052385406922,0.06067551080292196,0.1544532130777903,0.07988774555659495,0.920112254443405,-27.299999999999955,-0.030777903043968383,0.061443697821217676
Masallı rayonu,2017,1148.0,453.0,13913.0,13895.0,18.0,7399.0,7381.0,18.0,438.7,316.4,125.0,Lankaran-Astara,,0.0,0.3821428571428571,0.059291796188674147,0.04276253547776726,1.880389241789431,0.03320366569614815,0.10888501742160278,0.0024327611839437763,0.9975672388160562,122.30000000000001,0.10653310104529617,0.0012937540429813843
Mil-Muğan iqtisadi rayonu,2017,130.0,73.0,2862.0,2852.0,10.0,1330.0,1320.0,10.0,57.5,54.3,31.0,,,0.0,0.4423076923076923,0.043233082706766915,0.04082706766917293,2.1518796992481204,0.06031612223393045,0.23846153846153847,0.007518796992481203,0.9924812030075187,3.200000000000003,0.024615384615384636,0.0034940600978336828
Mingəçevir şəhəri,2017,695.0,249.0,28280.0,23266.0,5014.0,19985.0,17371.0,2614.0,1093.5,3734.5,150.0,Central Aran,,0.0,1.5733812949640287,0.05471603702777083,0.18686514886164624,1.415061295971979,0.11148122597812161,0.2158273381294964,0.13079809857393046,0.8692019014260696,-2641.0,-3.8,0.1772984441301273
Mərkəzi Aran iqtisadi rayonu,2017,1295.0,558.0,62506.0,39415.0,23091.0,24091.0,21204.0,2887.0,3126.8,5120.099999999999,228.0,,,0.0,2.4145173745173745,0.12979120833506289,0.21253165082395914,2.5945788883815535,0.13223885333474375,0.17606177606177606,0.11983728363289195,0.8801627163671081,-1993.2999999999993,-1.5392277992277987,0.3694205356285797
Naftalan  şəhəri,2017,353.0,170.0,70844.0,28696.0,42148.0,7459.0,3668.0,3791.0,5624.9,4088.6,182.0,,15.57198574,22.66891364363656,15.93456090651558,0.7541091299101755,0.5481431827322697,9.49778790722617,0.5498389537816757,0.5155807365439093,0.5082450730660947,0.4917549269339053,1536.2999999999997,4.35212464589235,0.5949409971204336
Nizami rayonu,2017,517.0,245.0,30209.0,9884.0,20325.0,14962.0,9884.0,5078.0,2333.6,2160.5,105.0,Baku,,0.0,4.513733075435203,0.15596845341531881,0.14439914449939847,2.0190482555808047,0.16008584828170955,0.20309477756286268,0.339393129260794,0.660606870739206,173.0999999999999,0.33481624758220485,0.6728127379257837
Nərimanov rayonu,2017,1025.0,797.0,92534.0,6427.0,86107.0,45597.0,4792.0,40805.0,8148.6,8167.4,395.0,Baku,,0.0,7.949853658536585,0.17870912560036845,0.17912143342763778,2.0293878983266445,0.24733444704310056,0.3853658536585366,0.8949053665811347,0.10509463341886528,-18.799999999999272,-0.018341463414633438,0.9305444485270279
Nəsimi rayonu,2017,4094.0,2750.0,478163.0,51308.0,426855.0,343000.0,40777.0,302223.0,59554.2,38824.2,1433.0,Baku,,0.0,14.546702491450903,0.1736274052478134,0.11319008746355684,1.3940612244897959,0.319989158876003,0.35002442598925254,0.8811166180758018,0.11888338192419826,20730.0,5.063507572056668,0.8926976784067358
Oğuz rayonu,2017,138.0,62.0,2772.0,2632.0,140.0,2567.0,2427.0,140.0,174.9,120.7,25.0,Sheki-Zagatala,,0.0,1.2673913043478262,0.06813400857031554,0.04701986754966887,1.0798597584729257,0.05503275759380584,0.18115942028985507,0.05453837164004675,0.9454616283599533,54.2,0.39275362318840584,0.050505050505050504
Qarabağ iqtisadi rayonu,2017,206.0,96.0,2630.0,2630.0,,2205.0,2205.0,,87.80000000000001,75.5,13.0,,,0.0,0.42621359223300975,0.039818594104308394,0.03424036281179138,1.1927437641723355,0.034978055592499,0.06310679611650485,0.0,1.0,12.300000000000011,0.059708737864077724,0.0
Qaradağ rayonu,2017,435.0,325.0,2550.0,1130.0,72339.0,420.0,220.0,200.0,157.5,148.7,17.0,Baku,,0.0,0.3620689655172414,0.375,0.354047619047619,6.071428571428571,0.01606046291922532,0.03908045977011494,0.47619047619047616,0.5238095238095238,8.800000000000011,0.02022988505747129,28.368235294117646
Qax rayonu,2017,521.0,227.0,13719.0,9617.0,4102.0,3931.0,2801.0,1130.0,581.5,361.2,36.0,Sheki-Zagatala,,0.0,1.116122840690979,0.14792673619944036,0.09188501653523276,3.4899516662426864,0.07214261299397891,0.0690978886756238,0.287458661918087,0.712541338081913,220.3,0.42284069097888677,0.29900138494059336
Qazax rayonu,2017,212.0,100.0,4069.0,2244.0,1825.0,1122.0,887.0,235.0,436.2,445.5,21.0,Gazakh-Tovuz,,0.0,2.0575471698113206,0.3887700534759358,0.39705882352941174,3.626559714795009,0.052584647195657794,0.09905660377358491,0.20944741532976827,0.7905525846702317,-9.300000000000011,-0.04386792452830194,0.4485131481936594
Qazax-Tovuz iqtisadi rayonu,2017,981.0,452.0,60899.0,52584.0,8315.0,19556.0,16742.0,2814.0,3840.2000000000003,3664.9,163.0,,1818.350328,0.5394999989242997,3.9145769622833844,0.19636940069543876,0.18740539987727553,3.11408263448558,0.17007805845307417,0.16615698267074414,0.14389445694416036,0.8561055430558396,175.30000000000018,0.1786952089704385,0.13653754577250857
Quba rayonu,2017,1645.0,657.0,79235.0,43691.0,35544.0,64611.0,29426.0,35185.0,2686.0,2862.4,292.0,Guba-Khachmaz,,0.0,1.6328267477203648,0.041571868567271825,0.044302053829843216,1.2263391682530838,0.13196485822542367,0.17750759878419453,0.5445667146461128,0.4554332853538871,-176.4000000000001,-0.10723404255319155,0.44858963841736604
Quba-Xaçmaz iqtisadi rayonu,2017,10162.0,3919.0,311502.0,239046.0,72456.0,149435.0,95358.0,54077.0,19935.7,20281.6,1448.0,,,0.0,1.9617890179098603,0.13340716699568375,0.13572188576973265,2.0845317362063773,0.08398249724328885,0.14249163550482188,0.3618764011108509,0.6381235988891492,-345.8999999999978,-0.03403857508364474,0.23260203786813569
Qusar rayonu,2017,2352.0,984.0,101581.0,65040.0,36541.0,64425.0,45672.0,18753.0,12048.7,11409.8,766.0,Guba-Khachmaz,,0.0,5.1227465986394565,0.18701901435778037,0.1771020566550252,1.576732634846721,0.11832657720622496,0.32568027210884354,0.2910826542491269,0.7089173457508731,638.9000000000015,0.27164115646258563,0.3597227828038708
Qəbələ rayonu,2017,2539.0,1097.0,209903.0,109927.0,99976.0,141317.0,62194.0,79123.0,17156.6,15823.6,1190.0,,,0.0,6.757227254824733,0.12140506803852331,0.11197237416588238,1.4853343900592286,0.22649732663598549,0.46868846002363135,0.5598972522767961,0.44010274772320385,1332.9999999999982,0.5250098463962183,0.476296193956256
Saatlı rayonu,2017,21.0,12.0,220.0,220.0,,135.0,135.0,,9.0,8.5,3.0,Mil-Mughan,,0.0,0.42857142857142855,0.06666666666666667,0.06296296296296296,1.6296296296296295,0.028701891715590344,0.14285714285714285,0.0,1.0,0.5,0.023809523809523808,0.0
Sabunçu rayonu,2017,538.0,373.0,47965.0,3593.0,44372.0,11931.0,1762.0,10169.0,8278.3,4386.6,171.0,Baku,,0.0,15.38717472118959,0.6938479590981477,0.36766406839326127,4.020199480345319,0.24425828792585424,0.31784386617100374,0.8523174922470874,0.14768250775291258,3891.699999999999,7.233643122676578,0.9250912123423329
Salyan rayonu,2017,142.0,88.0,620.0,555.0,65.0,460.0,424.0,36.0,27.0,26.9,8.0,,1916.78295505,0.07408246177580177,0.19014084507042253,0.058695652173913045,0.058478260869565216,1.3478260869565217,0.011962184063283813,0.056338028169014086,0.0782608695652174,0.9217391304347826,0.10000000000000142,0.0007042253521126861,0.10483870967741936
Sumqayıt şəhəri,2017,410.0,199.0,6782.0,3586.0,3196.0,2442.0,1659.0,783.0,737.9,607.0,74.0,Absheron,,0.0,1.7997560975609757,0.30217035217035215,0.24856674856674857,2.777231777231777,0.04531907784831273,0.18048780487804877,0.32063882063882065,0.6793611793611793,130.89999999999998,0.3192682926829268,0.4712474196402241
Səbail rayonu,2017,4511.0,2720.0,629295.0,50768.0,578527.0,361257.0,41810.0,319447.0,116062.3,85986.2,1821.0,Baku,,0.0,25.728729771669254,0.3212734978145752,0.23801947090298595,1.7419593253556331,0.38219815792750145,0.40367989359343825,0.8842652183902319,0.11573478160976812,30076.100000000006,6.667279982265574,0.9193255945144964
Tovuz rayonu,2017,246.0,110.0,23140.0,21349.0,1791.0,1239.0,1173.0,66.0,2132.9,2012.0,70.0,Gazakh-Tovuz,1818.350328,0.13528746150395282,8.670325203252032,1.7214689265536725,1.6238902340597257,18.67635189669088,0.2577124401381,0.2845528455284553,0.053268765133171914,0.9467312348668281,120.90000000000009,0.4914634146341467,0.07739844425237684
Tərtər rayonu,2017,30.0,15.0,465.0,465.0,,260.0,260.0,,5.5,6.4,2.0,Karabakh,,0.0,0.18333333333333332,0.021153846153846155,0.024615384615384615,1.7884615384615385,0.04246575342465753,0.06666666666666667,0.0,1.0,-0.9000000000000004,-0.030000000000000013,0.0
Xaçmaz rayonu,2017,6115.0,2257.0,129102.0,128731.0,371.0,19163.0,19024.0,139.0,5099.0,5931.3,380.0,Guba-Khachmaz,,0.0,0.8338511856091578,0.2660856859573136,0.3095183426394615,6.737045347805667,0.057842045721838285,0.06214227309893704,0.00725356155090539,0.9927464384490946,-832.3000000000002,-0.13610793131643503,0.002873696766897492
Xızı rayonu,2017,148.0,53.0,920.0,900.0,20.0,850.0,830.0,20.0,158.4,369.4,20.0,Absheron,,0.0,1.0702702702702702,0.18635294117647058,0.4345882352941176,1.0823529411764705,0.017030729359496483,0.13513513513513514,0.023529411764705882,0.9764705882352941,-210.99999999999997,-1.4256756756756754,0.021739130434782608
Xətai rayonu,2017,738.0,454.0,33170.0,754.0,32416.0,19086.0,561.0,18525.0,2157.3,1585.5,155.0,Baku,,0.0,2.9231707317073172,0.11303049355548571,0.08307136120716756,1.7379230849837577,0.12313917659724542,0.21002710027100271,0.9706067274442,0.029393272555800064,571.8000000000002,0.7747967479674799,0.9772686162194755
Xəzər rayonu,2017,610.0,350.0,153755.0,81416.0,1420.0,44125.0,20012.0,24113.0,5982.1,4551.5,235.0,Baku,,0.0,9.80672131147541,0.135571671388102,0.1031501416430595,3.484532577903683,0.6905681562991242,0.38524590163934425,0.5464702549575071,0.45352974504249294,1430.6000000000004,2.3452459016393448,0.009235472017170173
Yardımlı rayonu,2017,30.0,21.0,,,,,,,,,2.0,Lankaran-Astara,,0.0,0.0,0.0,0.0,0.0,0.0,0.06666666666666667,0.0,0.0,0.0,0.0,0.0
Yasamal rayonu,2017,1285.0,901.0,109475.0,16046.0,93429.0,63470.0,8573.0,54897.0,14043.9,11633.2,704.0,Baku,,0.0,10.929105058365758,0.22126831573971956,0.18328659209075154,1.7248306286434536,0.23340973295666542,0.5478599221789884,0.8649283125886246,0.13507168741137546,2410.699999999999,1.8760311284046685,0.8534277232244805
Yevlax rayonu,2017,173.0,87.0,,,,,,,,,2.0,Central Aran,,0.0,0.0,0.0,0.0,0.0,0.0,0.011560693641618497,0.0,0.0,0.0,0.0,0.0
Zaqatala rayonu,2017,391.0,177.0,7062.0,6652.0,410.0,5623.0,5283.0,340.0,389.9,370.1,62.0,Sheki-Zagatala,,0.0,0.9971867007672633,0.06934020985239196,0.0658189578516806,1.2559132135870532,0.04948323581964054,0.1585677749360614,0.06046594344655878,0.9395340565534412,19.799999999999955,0.050639386189258194,0.05805720758991787
Zərdab rayonu,2017,20.0,11.0,1092.0,925.0,167.0,416.0,390.0,26.0,52.9,9.4,3.0,Central Aran,,0.0,2.645,0.12716346153846153,0.022596153846153846,2.625,0.1495890410958904,0.15,0.0625,0.9375,43.5,2.175,0.15293040293040294
İmişli rayonu,2017,33.0,15.0,1098.0,1088.0,10.0,784.0,774.0,10.0,18.8,18.9,24.0,Mil-Mughan,,0.0,0.5696969696969697,0.023979591836734693,0.024107142857142855,1.4005102040816326,0.09115815691158156,0.7272727272727273,0.012755102040816327,0.9872448979591837,-0.09999999999999787,-0.0030303030303029657,0.009107468123861567
İsmayıllı rayonu,2017,766.0,320.0,16010.0,15350.0,660.0,13464.0,12844.0,620.0,566.5,466.3,90.0,Mountainous Shirvan,,0.0,0.7395561357702349,0.042075163398692814,0.03463309566250743,1.1890968508615567,0.057262419972102005,0.1174934725848564,0.046048722519310754,0.9539512774806892,100.19999999999999,0.1308093994778068,0.04122423485321674
Şabran rayonu,2017,50.0,21.0,1584.0,1584.0,,1236.0,1236.0,,102.0,78.1,10.0,Guba-Khachmaz,,0.0,2.04,0.0825242718446602,0.06318770226537217,1.2815533980582525,0.0867945205479452,0.2,0.0,1.0,23.900000000000006,0.4780000000000001,0.0
Şamaxı rayonu,2017,841.0,366.0,20058.0,17778.0,2280.0,9378.0,8239.0,1139.0,1720.0,1597.3,260.0,Mountainous Shirvan,,0.0,2.0451843043995246,0.1834079761143101,0.17032416293452762,2.1388355726167627,0.06534295440848305,0.3091557669441142,0.12145446790360417,0.8785455320963959,122.70000000000005,0.14589774078478007,0.11367035596769369
Şirvan şəhəri,2017,195.0,106.0,22096.0,22090.0,6.0,3006.0,3000.0,6.0,1520.0,1562.3,36.0,,,0.0,7.794871794871795,0.5056553559547572,0.5197272122421823,7.350632069194943,0.3104460835967685,0.18461538461538463,0.001996007984031936,0.998003992015968,-42.299999999999955,-0.2169230769230767,0.0002715423606082549
Şirvan-Salyan iqtisadi rayonu,2017,439.0,239.0,24386.0,23969.0,417.0,5044.0,4658.0,386.0,1569.6,1602.3,50.0,,1916.78295505,0.22902958253223224,3.575398633257403,0.3111816019032514,0.31766455194290244,4.834655035685963,0.1521889724467189,0.11389521640091116,0.07652656621728787,0.9234734337827122,-32.700000000000045,-0.074487471526196,0.017099975395718853
Şəki rayonu,2017,511.0,242.0,11822.0,7077.0,4745.0,10544.0,6217.0,4327.0,1043.5,1134.6,124.0,,,0.0,2.0420743639921723,0.09896623672230652,0.10760622154779968,1.1212063732928679,0.06338364206632174,0.24266144814090018,0.41037556904400607,0.5896244309559939,-91.09999999999991,-0.17827788649706441,0.4013703265098968
Şəki-Zaqatala iqtisadi rayonu,2017,4308.0,1900.0,247793.0,138233.0,109560.0,165499.0,80311.0,85188.0,19688.7,18360.3,1459.0,,,0.0,4.570264623955432,0.11896567350860127,0.1109390389065795,1.4972477175088672,0.1575870314547004,0.3386722376973073,0.5147342280013777,0.48526577199862236,1328.4000000000015,0.30835654596100315,0.4421432405273757
Şəmkir rayonu,2017,132.0,66.0,11669.0,8583.0,3086.0,7759.0,5599.0,2160.0,721.4,1050.2,44.0,Gazakh-Tovuz,,0.0,5.465151515151515,0.09297589895605103,0.13535249387807707,1.5039309189328522,0.24219593192195932,0.3333333333333333,0.2783863899987112,0.7216136100012889,-328.80000000000007,-2.4909090909090916,0.2644613934355986
Abşeron iqtisadi rayonu,2018,1052.0,575.0,25318.0,14649.0,10669.0,15190.0,12183.0,3007.0,2268.8999999999996,1812.7,283.0,,,0.0,2.1567490494296573,0.14936800526662275,0.11933508887425938,1.666754443712969,0.06593572581905308,0.26901140684410646,0.19795918367346937,0.8020408163265306,456.1999999999996,0.4336501901140681,0.42139979461252863
Abşeron rayonu,2018,452.0,301.0,8774.0,5638.0,3136.0,6139.0,3861.0,2278.0,540.2,413.4,111.0,Absheron,,0.0,1.195132743362832,0.087994787424662,0.06733995764782537,1.429223000488679,0.05318220390350346,0.24557522123893805,0.3710702068740837,0.6289297931259162,126.80000000000007,0.2805309734513276,0.3574196489628448
Astara rayonu,2018,293.0,116.0,5942.0,3441.0,2501.0,4942.0,2849.0,2093.0,297.8,223.6,25.0,Lankaran-Astara,461.5057835,0.6348782842501475,1.016382252559727,0.060259004451639016,0.04524484014569,1.2023472278429785,0.05556126981158539,0.08532423208191127,0.4235127478753541,0.5764872521246459,74.20000000000002,0.2532423208191127,0.42090205318074725
Ağcabədi rayonu,2018,60.0,30.0,296.0,296.0,,236.0,236.0,,23.0,8.5,3.0,Karabakh,,0.0,0.38333333333333336,0.09745762711864407,0.036016949152542374,1.2542372881355932,0.013515981735159817,0.05,0.0,1.0,14.5,0.24166666666666667,0.0
Ağdaş rayonu,2018,35.0,22.0,709.0,709.0,,709.0,709.0,,19.1,12.5,5.0,Central Aran,,0.0,0.5457142857142857,0.026939351198871652,0.01763046544428773,1.0,0.055499021526418786,0.14285714285714285,0.0,1.0,6.600000000000001,0.1885714285714286,0.0
Ağstafa rayonu,2018,183.0,77.0,18233.0,17343.0,890.0,6896.0,6690.0,206.0,248.8,74.2,13.0,Gazakh-Tovuz,,0.0,1.3595628415300547,0.036078886310904876,0.01075986078886311,2.643996519721578,0.27296953364772814,0.07103825136612021,0.029872389791183295,0.9701276102088167,174.60000000000002,0.9540983606557378,0.04881259255196622
Ağsu rayonu,2018,81.0,45.0,1568.0,1568.0,,1191.0,1191.0,,15.7,14.5,4.0,Mountainous Shirvan,,0.0,0.19382716049382714,0.013182199832073888,0.012174643157010915,1.3165407220822838,0.053035684085912395,0.04938271604938271,0.0,1.0,1.1999999999999993,0.014814814814814807,0.0
Bakı şəhəri,2018,18637.0,10233.0,1776123.0,254230.0,1521893.0,1142200.0,187095.0,955105.0,255766.10000000003,173127.5,5232.0,,,0.0,13.723566024574772,0.22392409385396606,0.1515737173874978,1.555001751006829,0.2610983747898752,0.28073187744808714,0.8361976886709858,0.16380231132901418,82638.60000000003,4.434114932660838,0.8568623907240659
Balakən rayonu,2018,208.0,95.0,2156.0,1862.0,294.0,1672.0,1458.0,214.0,323.9,336.4,21.0,Sheki-Zagatala,,0.0,1.5572115384615384,0.1937200956937799,0.20119617224880382,1.2894736842105263,0.02839831401475237,0.10096153846153846,0.12799043062200957,0.8720095693779905,-12.5,-0.06009615384615385,0.13636363636363635
Beyləqan rayonu,2018,133.0,78.0,5461.0,5322.0,139.0,2511.0,2470.0,41.0,62.5,31.6,4.0,Mil-Mughan,,0.0,0.4699248120300752,0.02489048187972919,0.01258462763839108,2.174830744723218,0.1124935626738078,0.03007518796992481,0.01632815611310235,0.9836718438868977,30.9,0.23233082706766917,0.02545321369712507
Biləsuvar rayonu,2018,102.0,45.0,3504.0,2918.0,586.0,2512.0,2129.0,383.0,86.1,74.9,7.0,,,0.0,0.8441176470588235,0.03427547770700637,0.029816878980891724,1.394904458598726,0.09411764705882353,0.06862745098039216,0.15246815286624205,0.847531847133758,11.199999999999989,0.10980392156862734,0.16723744292237444
Binəqədi rayonu,2018,554.0,322.0,8195.0,1433.0,6762.0,3836.0,956.0,2880.0,449.0,460.9,85.0,Baku,,0.0,0.8104693140794224,0.1170490093847758,0.1201511991657977,2.136339937434828,0.04052717471935117,0.15342960288808663,0.7507820646506778,0.2492179353493222,-11.899999999999977,-0.02148014440433209,0.825137278828554
Bərdə rayonu,2018,116.0,51.0,1862.0,1862.0,,1632.0,1632.0,,61.1,42.8,9.0,Karabakh,,0.0,0.5267241379310345,0.03743872549019608,0.02622549019607843,1.1409313725490196,0.04397732640529051,0.07758620689655173,0.0,1.0,18.300000000000004,0.1577586206896552,0.0
Cəlilabad rayonu,2018,126.0,67.0,1899.0,1887.0,12.0,978.0,969.0,9.0,42.0,36.9,9.0,Lankaran-Astara,,0.0,0.3333333333333333,0.04294478527607362,0.03773006134969325,1.9417177914110428,0.04129158512720157,0.07142857142857142,0.009202453987730062,0.99079754601227,5.100000000000001,0.040476190476190485,0.00631911532385466
Dağlıq Şirvan iqtisadi rayonu,2018,1738.0,736.0,30618.0,26553.0,4065.0,26988.0,23720.0,3268.0,4335.6,3854.6,446.0,,,0.0,2.494591484464902,0.1606491774121832,0.14282644138135467,1.1345042240995997,0.04826520800163942,0.2566168009205984,0.12109085519490144,0.8789091448050985,481.00000000000045,0.2767548906789416,0.13276504017244758
Daşkəsən rayonu,2018,32.0,15.0,23.0,23.0,,10.0,10.0,,11.8,9.4,2.0,Ganja-Dashkasan,,0.0,0.36875,1.1800000000000002,0.9400000000000001,2.3,0.001969178082191781,0.0625,0.0,1.0,2.4000000000000004,0.07500000000000001,0.0
Füzuli rayonu,2018,30.0,10.0,,,,,,,,,,,,0.0,0.0,0.0,0.0,0.0,0.0,0.0,0.0,0.0,0.0,0.0,0.0
Goranboy rayonu,2018,123.0,59.0,1563.0,1563.0,,740.0,740.0,,41.9,25.1,8.0,Ganja-Dashkasan,1837.87389756,0.06692515746771167,0.34065040650406503,0.05662162162162162,0.03391891891891892,2.112162162162162,0.03481456732375543,0.06504065040650407,0.0,1.0,16.799999999999997,0.13658536585365852,0.0
Göygöl rayonu,2018,180.0,72.0,1268.0,1268.0,,1109.0,1109.0,,72.8,55.6,19.0,,,0.0,0.40444444444444444,0.06564472497745717,0.05013525698827773,1.1433724075743914,0.019299847792998478,0.10555555555555556,0.0,1.0,17.199999999999996,0.09555555555555553,0.0
Göyçay rayonu,2018,167.0,73.0,4113.0,3945.0,168.0,2485.0,2407.0,78.0,115.7,91.0,13.0,Central Aran,,0.0,0.692814371257485,0.046559356136820926,0.036619718309859155,1.6551307847082495,0.06747600689032893,0.07784431137724551,0.031388329979879274,0.9686116700201207,24.700000000000003,0.1479041916167665,0.040846097738876735
Gədəbəy rayonu,2018,238.0,106.0,1799.0,1725.0,74.0,990.0,947.0,43.0,191.8,155.0,16.0,Ganja-Dashkasan,,0.0,0.8058823529411765,0.19373737373737374,0.15656565656565657,1.8171717171717172,0.02070910556003223,0.06722689075630252,0.043434343434343436,0.9565656565656566,36.80000000000001,0.15462184873949586,0.04113396331295164
Gəncə  şəhəri,2018,1329.0,659.0,28339.0,14824.0,13515.0,13635.0,8826.0,4809.0,2488.0,2206.3,136.0,,,0.0,1.8720842738901429,0.18247158049138248,0.16181151448478182,2.078401173450678,0.05842068915757032,0.10233258088788563,0.3526952695269527,0.6473047304730473,281.6999999999998,0.21196388261851,0.47690461907618475
Gəncə-Daşkəsən iqtisadi rayonu,2018,2281.0,1107.0,154622.0,65114.0,89508.0,31323.0,17341.0,13982.0,14909.899999999998,12463.199999999999,548.0,,,0.0,6.536562911003944,0.4760048526641764,0.3978929221338952,4.936372633528078,0.1857176316563872,0.24024550635686104,0.4463812533920761,0.5536187466079239,2446.699999999999,1.0726435773783423,0.5788826945712771
Kürdəmir rayonu,2018,234.0,130.0,10113.0,8761.0,1352.0,1908.0,1837.0,71.0,752.1,620.1,49.0,Central Aran,,0.0,3.2141025641025642,0.3941823899371069,0.325,5.300314465408805,0.11840533895328416,0.2094017094017094,0.037211740041928724,0.9627882599580713,132.0,0.5641025641025641,0.13368931078809454
Lerik rayonu,2018,715.0,187.0,10364.0,10313.0,51.0,1834.0,1783.0,51.0,373.3,122.3,42.0,Lankaran-Astara,1101.38591173,0.6491820826697474,0.5220979020979021,0.2035441657579062,0.06668484187568156,5.65103598691385,0.03971261615097232,0.05874125874125874,0.027808069792802616,0.9721919302071974,251.0,0.35104895104895106,0.00492087996912389
Lənkəran iqtisadi rayonu,2018,3249.0,1274.0,61502.0,57462.0,4040.0,35438.0,32089.0,3349.0,3139.3999999999996,2597.2999999999997,474.0,,,0.0,0.966266543551862,0.08858852079688469,0.0732913821321745,1.7354816863254134,0.051861689792855124,0.1458910433979686,0.09450307579434505,0.905496924205655,542.0999999999999,0.1668513388734995,0.06568892068550616
Lənkəran rayonu,2018,937.0,430.0,23128.0,21671.0,1457.0,18970.0,17786.0,1184.0,1776.6,1863.8,277.0,,,0.0,1.896051227321238,0.09365313653136531,0.09824986821296784,1.2191881918819187,0.06762474232832853,0.29562433297758806,0.062414338429098576,0.9375856615709014,-87.20000000000005,-0.09306296691568841,0.06299723279142165
Masallı rayonu,2018,1148.0,453.0,20169.0,20150.0,19.0,8714.0,8702.0,12.0,649.7,350.7,121.0,Lankaran-Astara,,0.0,0.5659407665505227,0.07455818223548313,0.04024558182235483,2.3145512967638284,0.04813374063290535,0.10540069686411149,0.001377094330961671,0.9986229056690383,299.00000000000006,0.2604529616724739,0.0009420397639942486
Mil-Muğan iqtisadi rayonu,2018,295.0,156.0,8862.0,8694.0,168.0,4946.0,4890.0,56.0,125.10000000000001,95.4,18.0,,,0.0,0.4240677966101695,0.025293166194904976,0.01928831378892034,1.7917509098261222,0.0823032273043882,0.061016949152542375,0.011322280630812778,0.9886777193691872,29.700000000000003,0.10067796610169492,0.018957345971563982
Mingəçevir şəhəri,2018,695.0,249.0,18987.0,11067.0,7920.0,8327.0,7905.0,422.0,1203.3,1633.0,168.0,Central Aran,,0.0,1.73136690647482,0.14450582442656418,0.19610904287258316,2.2801729314278854,0.07484773824775796,0.24172661870503598,0.05067851567191065,0.9493214843280894,-429.70000000000005,-0.6182733812949641,0.41712750829514933
Mərkəzi Aran iqtisadi rayonu,2018,1324.0,572.0,34852.0,25409.0,9443.0,13812.0,13238.0,574.0,2135.5,2365.0,237.0,,,0.0,1.612915407854985,0.15461193165363452,0.17122791775267884,2.5233130611062844,0.07211852832843604,0.17900302114803626,0.04155806545033305,0.958441934549667,-229.5,-0.17333836858006044,0.2709457133019626
Naftalan  şəhəri,2018,617.0,302.0,123429.0,47436.0,75993.0,15829.0,6656.0,9173.0,12295.4,10166.8,383.0,,15.57198574,39.622435462106964,19.92771474878444,0.7767641670351886,0.6422894686966959,7.797649883125908,0.5480739770431384,0.6207455429497569,0.5795059700549624,0.4204940299450376,2128.6000000000004,3.4499189627228533,0.6156818899934375
Nizami rayonu,2018,562.0,283.0,27495.0,6541.0,20954.0,7592.0,2763.0,4829.0,2352.1,1845.1,97.0,Baku,,0.0,4.185231316725979,0.3098129610115911,0.2430321390937829,3.6215753424657535,0.13403695217666844,0.17259786476868327,0.6360642781875658,0.36393572181243417,507.0,0.902135231316726,0.7621022004000727
Nərimanov rayonu,2018,1820.0,1070.0,105450.0,8082.0,97368.0,49275.0,7766.0,41509.0,10197.1,8148.1,459.0,Baku,,0.0,5.602802197802198,0.20694266869609337,0.16535971588026382,2.1400304414003046,0.1587385217522204,0.2521978021978022,0.842394723490614,0.1576052765093861,2049.0,1.1258241758241758,0.9233570412517781
Nəsimi rayonu,2018,4856.0,2657.0,575485.0,149786.0,425699.0,430192.0,112952.0,317240.0,70167.5,41487.1,1084.0,Baku,,0.0,14.449649917627678,0.16310740320601033,0.09643856696544799,1.3377398928850375,0.324685179752206,0.22322899505766064,0.7374381671439729,0.2625618328560271,28680.4,5.906177924217463,0.739722147406101
Oğuz rayonu,2018,138.0,62.0,1707.0,1707.0,,1478.0,1478.0,,157.3,134.0,33.0,Sheki-Zagatala,,0.0,1.1398550724637682,0.10642760487144791,0.09066305818673884,1.1549391069012178,0.0338892197736748,0.2391304347826087,0.0,1.0,23.30000000000001,0.16884057971014502,0.0
Qarabağ iqtisadi rayonu,2018,236.0,106.0,3198.0,3198.0,,2652.0,2652.0,,119.39999999999999,73.1,16.0,,,0.0,0.5059322033898305,0.04502262443438914,0.027564102564102563,1.2058823529411764,0.03712560947295101,0.06779661016949153,0.0,1.0,46.3,0.1961864406779661,0.0
Qaradağ rayonu,2018,247.0,207.0,1419.0,830.0,47941.0,328.0,223.0,105.0,97.5,95.6,17.0,Baku,,0.0,0.39473684210526316,0.2972560975609756,0.2914634146341463,4.326219512195122,0.015739559647274137,0.06882591093117409,0.3201219512195122,0.6798780487804879,1.9000000000000057,0.007692307692307715,33.78505990133897
Qax rayonu,2018,606.0,254.0,28410.0,27164.0,1246.0,14051.0,13443.0,608.0,938.6,495.7,80.0,Sheki-Zagatala,,0.0,1.5488448844884488,0.06679951604867981,0.03527862785566863,2.0219201480321685,0.1284416112844161,0.132013201320132,0.04327094156999502,0.956729058430005,442.90000000000003,0.7308580858085809,0.043857796550510385
Qazax rayonu,2018,212.0,100.0,7527.0,7418.0,109.0,693.0,646.0,47.0,644.0,541.0,15.0,Gazakh-Tovuz,,0.0,3.0377358490566038,0.9292929292929293,0.7806637806637806,10.86147186147186,0.09727319720858103,0.07075471698113207,0.06782106782106782,0.9321789321789322,103.0,0.4858490566037736,0.014481201009698418
Qazax-Tovuz iqtisadi rayonu,2018,1031.0,482.0,50617.0,48720.0,1897.0,25545.0,24648.0,897.0,2468.7,2230.6,176.0,,1818.350328,0.5669974504494933,2.3944713870029095,0.0966412213740458,0.08732041495400274,1.9814836562928166,0.13450699546922126,0.17070805043646944,0.035114503816793895,0.9648854961832061,238.0999999999999,0.23094083414160999,0.0374775273129581
Quba rayonu,2018,1627.0,675.0,113894.0,51896.0,61998.0,65728.0,35011.0,30717.0,12367.4,11247.4,300.0,Guba-Khachmaz,,0.0,7.601352181929932,0.1881602969814995,0.17112037487828627,1.732807935735151,0.19178755756876678,0.18438844499078058,0.46733507789678674,0.5326649221032133,1120.0,0.6883835279655808,0.5443482536393489
Quba-Xaçmaz iqtisadi rayonu,2018,10462.0,4107.0,384480.0,254790.0,129690.0,153406.0,87811.0,65595.0,32345.7,40733.299999999996,1826.0,,,0.0,3.091731982412541,0.2108502926873786,0.26552612022997796,2.506290497112238,0.10068532431788364,0.17453641751099216,0.42759083738576065,0.5724091626142394,-8387.599999999995,-0.8017205123303379,0.337312734082397
Qusar rayonu,2018,2253.0,981.0,107496.0,41163.0,66333.0,59378.0,24847.0,34531.0,14092.7,23461.1,901.0,Guba-Khachmaz,,0.0,6.255082112738571,0.23733874498972685,0.3951143521169456,1.8103674761696251,0.1307188588731007,0.39991122947181534,0.5815453534979286,0.4184546465020715,-9368.399999999998,-4.158189081225032,0.6170741236883233
Qəbələ rayonu,2018,2539.0,1097.0,311591.0,106590.0,205001.0,192529.0,55327.0,137202.0,32228.3,31853.2,1429.0,,,0.0,12.693304450571091,0.16739452238364091,0.16544624446187328,1.6184107329285458,0.3362244870432216,0.562820007877117,0.7126303050449543,0.2873696949550457,375.09999999999854,0.14773532886963314,0.6579169488207297
Saatlı rayonu,2018,27.0,16.0,390.0,389.0,1.0,208.0,207.0,1.0,12.0,11.1,2.0,Mil-Mughan,,0.0,0.4444444444444444,0.057692307692307696,0.05336538461538461,1.875,0.0395738203957382,0.07407407407407407,0.004807692307692308,0.9951923076923077,0.9000000000000004,0.03333333333333335,0.002564102564102564
Sabirabad rayonu,2018,82.0,40.0,1973.0,1973.0,,1437.0,1437.0,,35.7,37.6,7.0,Mil-Mughan,1466.33041279,0.05592191179065697,0.43536585365853664,0.024843423799582466,0.02616562282533055,1.372999304105776,0.06592048112261945,0.08536585365853659,0.0,1.0,-1.8999999999999986,-0.023170731707317056,0.0
Sabunçu rayonu,2018,972.0,371.0,47824.0,4868.0,42956.0,38562.0,5036.0,33526.0,8433.8,1972.2,48.0,Baku,,0.0,8.676748971193415,0.2187075359161869,0.05114361288314922,1.240184637726259,0.13479903038502733,0.04938271604938271,0.869405113842643,0.13059488615735698,6461.599999999999,6.647736625514403,0.8982101037136166
Salyan rayonu,2018,142.0,88.0,1786.0,1243.0,543.0,1209.0,805.0,404.0,67.7,60.1,7.0,,1916.78295505,0.07408246177580177,0.4767605633802817,0.05599669148056245,0.049710504549214225,1.477253928866832,0.03445880764036272,0.04929577464788732,0.33416046319272125,0.6658395368072787,7.600000000000001,0.05352112676056339,0.30403135498320266
Sumqayıt şəhəri,2018,452.0,221.0,16018.0,8617.0,7401.0,8809.0,8124.0,685.0,1599.0,1152.1,146.0,Absheron,,0.0,3.5376106194690267,0.1815189011238506,0.13078669542513338,1.8183675786127824,0.09709055643108255,0.3230088495575221,0.07776138040640254,0.9222386195935974,446.9000000000001,0.9887168141592922,0.4620427019602947
Səbail rayonu,2018,5611.0,3011.0,636821.0,49618.0,587203.0,366918.0,42222.0,324696.0,118384.2,78179.8,1823.0,Baku,,0.0,21.09859205132775,0.3226448416267395,0.21307158547686406,1.735594874059054,0.31094547647356097,0.32489752272322225,0.8849279675567838,0.11507203244321619,40204.399999999994,7.165282480841204,0.9220848558700169
Tovuz rayonu,2018,266.0,133.0,11086.0,11086.0,,10462.0,10462.0,,855.9,921.1,84.0,Gazakh-Tovuz,1818.350328,0.1462864421140303,3.2176691729323306,0.08181036130758937,0.08804243930414835,1.05964442745173,0.1141827170666392,0.3157894736842105,0.0,1.0,-65.20000000000005,-0.2451127819548874,0.0
Tərtər rayonu,2018,30.0,15.0,1040.0,1040.0,,784.0,784.0,,35.3,21.8,4.0,Karabakh,,0.0,1.1766666666666665,0.04502551020408163,0.027806122448979592,1.3265306122448979,0.09497716894977169,0.13333333333333333,0.0,1.0,13.499999999999996,0.4499999999999999,0.0
Xaçmaz rayonu,2018,6495.0,2405.0,162429.0,161070.0,1359.0,27771.0,27424.0,347.0,5801.2,5959.7,619.0,Guba-Khachmaz,,0.0,0.8931793687451886,0.20889417017752332,0.21460156278131864,5.848871124554392,0.06851592900756114,0.09530408006158583,0.012495048791905225,0.9875049512080948,-158.5,-0.024403387220939186,0.008366732541602792
Xızı rayonu,2018,148.0,53.0,526.0,394.0,132.0,242.0,198.0,44.0,129.7,247.2,26.0,Absheron,,0.0,0.8763513513513512,0.5359504132231404,1.0214876033057851,2.1735537190082646,0.009737134394668641,0.17567567567567569,0.18181818181818182,0.8181818181818182,-117.5,-0.793918918918919,0.2509505703422053
Xətai rayonu,2018,896.0,445.0,27801.0,2247.0,25554.0,15127.0,678.0,14449.0,1832.2,1589.3,161.0,Baku,,0.0,2.0448660714285714,0.12112117405962848,0.10506379321742579,1.837839624512461,0.08500795009784735,0.1796875,0.955179480399286,0.044820519600713954,242.9000000000001,0.2710937500000001,0.9191755692241286
Xəzər rayonu,2018,568.0,375.0,59595.0,11654.0,589.0,48815.0,5336.0,43479.0,7947.5,5201.1,272.0,Baku,,0.0,13.992077464788732,0.16280856294171872,0.10654716787872581,1.2208337601147188,0.28745417711749954,0.4788732394366197,0.8906893372938646,0.1093106627061354,2746.3999999999996,4.835211267605633,0.00988337947814414
Yardımlı rayonu,2018,30.0,21.0,,,,,,,,,,Lankaran-Astara,,0.0,0.0,0.0,0.0,0.0,0.0,0.0,0.0,0.0,0.0,0.0,0.0
Yasamal rayonu,2018,2551.0,1492.0,286038.0,19171.0,266867.0,181555.0,9163.0,172392.0,35905.2,34148.3,1186.0,Baku,,0.0,14.074950999607996,0.19776486464156864,0.18808790724573823,1.5754895210817659,0.3071994329379293,0.4649157193257546,0.9495304453196001,0.05046955468039988,1756.8999999999942,0.6887103096824752,0.9329774365643726
Yevlax rayonu,2018,173.0,87.0,,,,,,,,,,Central Aran,,0.0,0.0,0.0,0.0,0.0,0.0,0.0,0.0,0.0,0.0,0.0,0.0
Zaqatala rayonu,2018,395.0,178.0,8399.0,7650.0,749.0,7458.0,6757.0,701.0,513.4,457.9,43.0,Sheki-Zagatala,,0.0,1.299746835443038,0.06883883078573344,0.061397157414856525,1.1261732367927058,0.058255592162302756,0.10886075949367088,0.0939930276213462,0.9060069723786538,55.5,0.14050632911392405,0.08917728300988213
Zərdab rayonu,2018,20.0,11.0,930.0,927.0,3.0,383.0,380.0,3.0,45.3,8.4,2.0,Central Aran,,0.0,2.2649999999999997,0.11827676240208876,0.02193211488250653,2.4281984334203655,0.1273972602739726,0.1,0.007832898172323759,0.9921671018276762,36.9,1.845,0.0032258064516129032
İmişli rayonu,2018,53.0,22.0,1038.0,1010.0,28.0,790.0,776.0,14.0,14.9,15.1,5.0,Mil-Mughan,,0.0,0.2811320754716981,0.018860759493670887,0.019113924050632912,1.3139240506329113,0.05365727578185578,0.09433962264150944,0.017721518987341773,0.9822784810126582,-0.1999999999999993,-0.003773584905660364,0.02697495183044316
İsmayıllı rayonu,2018,816.0,325.0,9437.0,9218.0,219.0,8304.0,8133.0,171.0,864.7,660.1,92.0,Mountainous Shirvan,,0.0,1.0596813725490197,0.10413053949903661,0.07949181117533718,1.1364402697495184,0.03168479720655385,0.11274509803921569,0.020592485549132948,0.979407514450867,204.60000000000002,0.2507352941176471,0.0232065274981456
Şabran rayonu,2018,87.0,46.0,661.0,661.0,,529.0,529.0,,84.4,65.1,6.0,Guba-Khachmaz,,0.0,0.9701149425287356,0.15954631379962195,0.12306238185255197,1.2495274102079394,0.02081561958746654,0.06896551724137931,0.0,1.0,19.30000000000001,0.22183908045977024,0.0
Şamaxı rayonu,2018,841.0,366.0,19613.0,15767.0,3846.0,17493.0,14396.0,3097.0,3455.2,3180.0,350.0,Mountainous Shirvan,,0.0,4.108442330558859,0.1975190076030412,0.1817870005144915,1.1211913336763277,0.0638932777352467,0.4161712247324614,0.17704224546961642,0.8229577545303836,275.1999999999998,0.3272294887039237,0.19609442716565542
Şirvan şəhəri,2018,195.0,106.0,11651.0,11618.0,33.0,3584.0,3568.0,16.0,568.4,563.8,39.0,,,0.0,2.914871794871795,0.15859375,0.15731026785714283,3.2508370535714284,0.1636951176677204,0.2,0.004464285714285714,0.9955357142857143,4.600000000000023,0.023589743589743705,0.0028323749034417645
Şirvan-Salyan iqtisadi rayonu,2018,439.0,239.0,16941.0,15779.0,1162.0,7305.0,6502.0,803.0,722.2,698.8,53.0,,1916.78295505,0.22902958253223224,1.645102505694761,0.09886379192334019,0.09566050650239562,2.3190965092402465,0.10572596498892252,0.12072892938496584,0.10992470910335386,0.8900752908966462,23.40000000000009,0.05330296127562663,0.06859099226728056
Şəki rayonu,2018,546.0,262.0,15942.0,9021.0,6921.0,12312.0,6938.0,5374.0,1289.4,1337.0,177.0,,,0.0,2.3615384615384616,0.10472709551656921,0.10859324236517219,1.2948343079922027,0.07999397862411561,0.3241758241758242,0.43648473034437946,0.5635152696556205,-47.59999999999991,-0.08717948717948701,0.4341362438840798
Şəki-Zaqatala iqtisadi rayonu,2018,4432.0,1948.0,368205.0,153994.0,214211.0,229500.0,85401.0,144099.0,35450.90000000001,34614.200000000004,1783.0,,,0.0,7.9988492779783416,0.15447015250544666,0.1508244008714597,1.6043790849673203,0.22761300133524554,0.4023014440433213,0.6278823529411764,0.37211764705882355,836.7000000000044,0.18878610108303348,0.5817710242935321
Şəmkir rayonu,2018,132.0,66.0,11972.0,11148.0,824.0,6504.0,5903.0,601.0,528.2,539.3,48.0,Gazakh-Tovuz,,0.0,4.001515151515152,0.08121156211562117,0.08291820418204181,1.8407134071340714,0.24848484848484848,0.36363636363636365,0.09240467404674046,0.9075953259532595,-11.099999999999909,-0.0840909090909084,0.0688272636151019
Abşeron iqtisadi rayonu,2019,1087.0,610.0,20442.0,15797.0,4645.0,15608.0,13676.0,1932.0,2666.1,2282.7,360.0,,,0.0,2.452713891444342,0.17081624807790877,0.14625192209123525,1.3097129677088672,0.051522980176683345,0.3311867525298988,0.12378267555099949,0.8762173244490005,383.4000000000001,0.3527138914443423,0.22722825555229428
Abşeron rayonu,2019,452.0,301.0,11273.0,7521.0,3752.0,7540.0,6001.0,1539.0,745.8,541.4,116.0,Absheron,,0.0,1.65,0.09891246684350131,0.07180371352785146,1.4950928381962865,0.0683294944841799,0.25663716814159293,0.20411140583554377,0.7958885941644562,204.39999999999998,0.45221238938053093,0.3328306573228067
Astara rayonu,2019,293.0,116.0,4674.0,3036.0,1638.0,3253.0,2071.0,1182.0,292.5,221.3,28.0,Lankaran-Astara,461.5057835,0.6348782842501475,0.9982935153583617,0.08991699969259145,0.06802951122041193,1.4368275438057179,0.04370470802749077,0.09556313993174062,0.3633569013218568,0.6366430986781433,71.19999999999999,0.24300341296928324,0.3504492939666239
Ağcabədi rayonu,2019,112.0,56.0,1856.0,1856.0,,1856.0,1856.0,,100.3,38.2,11.0,Karabakh,,0.0,0.8955357142857142,0.05404094827586207,0.02058189655172414,1.0,0.045401174168297455,0.09821428571428571,0.0,1.0,62.099999999999994,0.5544642857142856,0.0
Ağdaş rayonu,2019,35.0,22.0,745.0,745.0,,745.0,745.0,,19.8,15.5,5.0,Central Aran,,0.0,0.5657142857142857,0.02657718120805369,0.02080536912751678,1.0,0.058317025440313114,0.14285714285714285,0.0,1.0,4.300000000000001,0.12285714285714287,0.0
Ağstafa rayonu,2019,183.0,77.0,4262.0,3848.0,414.0,3087.0,2954.0,133.0,84.1,60.3,13.0,Gazakh-Tovuz,,0.0,0.4595628415300546,0.027243278263686426,0.019533527696793004,1.3806284418529315,0.06380717119544876,0.07103825136612021,0.04308390022675737,0.9569160997732427,23.799999999999997,0.13005464480874315,0.09713749413420929
Ağsu rayonu,2019,81.0,45.0,1890.0,1890.0,,945.0,945.0,,18.9,17.3,4.0,Mountainous Shirvan,,0.0,0.2333333333333333,0.019999999999999997,0.018306878306878306,2.0,0.0639269406392694,0.04938271604938271,0.0,1.0,1.5999999999999979,0.01975308641975306,0.0
Bakı şəhəri,2019,20740.0,11329.0,1931624.0,206060.0,1725564.0,1199151.0,153716.0,1045435.0,335760.9,194135.6,5696.0,,,0.0,16.189050144648025,0.279998849185799,0.1618942068179904,1.6108263262925187,0.25516492516611405,0.2746383799421408,0.8718126407766829,0.12818735922331717,141625.30000000002,6.82860655737705,0.893322924130162
Balakən rayonu,2019,208.0,95.0,3969.0,3613.0,356.0,2598.0,2350.0,248.0,342.3,346.2,23.0,Sheki-Zagatala,,0.0,1.645673076923077,0.1317551963048499,0.13325635103926098,1.5277136258660509,0.05227871443624868,0.11057692307692307,0.09545804464973057,0.9045419553502695,-3.8999999999999773,-0.018749999999999892,0.08969513731418494
Beyləqan rayonu,2019,133.0,78.0,6689.0,6652.0,37.0,2794.0,2762.0,32.0,81.3,50.6,4.0,Mil-Mughan,,0.0,0.6112781954887218,0.029098067287043665,0.01811023622047244,2.3940586972083033,0.13778967967864866,0.03007518796992481,0.01145311381531854,0.9885468861846815,30.699999999999996,0.2308270676691729,0.005531469576917327
Biləsuvar rayonu,2019,102.0,45.0,4079.0,3827.0,252.0,2574.0,2357.0,217.0,83.0,71.1,7.0,,,0.0,0.8137254901960784,0.03224553224553225,0.02762237762237762,1.5846930846930847,0.10956218103679828,0.06862745098039216,0.0843045843045843,0.9156954156954157,11.900000000000006,0.11666666666666672,0.06177984800196126
Binəqədi rayonu,2019,887.0,424.0,12145.0,2649.0,12496.0,3821.0,406.0,3415.0,936.5,1011.8,139.0,Baku,,0.0,1.0558060879368658,0.24509290761580738,0.26479979063072495,3.1784873069876998,0.03751293416317895,0.15670800450958286,0.8937450929076158,0.1062549070923842,-75.29999999999995,-0.0848928974069898,1.0289007822149032
Bərdə rayonu,2019,116.0,51.0,2533.0,2533.0,,2212.0,2212.0,,98.7,67.7,9.0,Karabakh,,0.0,0.8508620689655173,0.044620253164556964,0.030605786618444847,1.145117540687161,0.05982522437411431,0.07758620689655173,0.0,1.0,31.0,0.2672413793103448,0.0
Cəlilabad rayonu,2019,126.0,67.0,2035.0,2035.0,,1001.0,1001.0,,52.3,45.8,10.0,Lankaran-Astara,,0.0,0.41507936507936505,0.052247752247752244,0.04575424575424575,2.032967032967033,0.04424874972820178,0.07936507936507936,0.0,1.0,6.5,0.051587301587301584,0.0
Dağlıq Şirvan iqtisadi rayonu,2019,1738.0,736.0,36212.0,32511.0,3701.0,31744.0,28516.0,3228.0,6735.7,5657.5,455.0,,,0.0,3.8755466052934406,0.21218813004032258,0.17822265625,1.1407510080645162,0.057083405583492286,0.261795166858458,0.10168850806451613,0.8983114919354839,1078.1999999999998,0.620368239355581,0.10220368938473434
Daşkəsən rayonu,2019,32.0,15.0,5.0,5.0,,5.0,5.0,,18.7,14.5,2.0,Ganja-Dashkasan,,0.0,0.584375,3.7399999999999998,2.9,1.0,0.0004280821917808219,0.0625,0.0,1.0,4.199999999999999,0.13124999999999998,0.0
Füzuli rayonu,2019,30.0,10.0,,,,,,,,,,,,0.0,0.0,0.0,0.0,0.0,0.0,0.0,0.0,0.0,0.0,0.0,0.0
Goranboy rayonu,2019,123.0,59.0,2605.0,2605.0,,903.0,903.0,,76.0,28.5,9.0,Ganja-Dashkasan,1837.87389756,0.06692515746771167,0.6178861788617886,0.08416389811738649,0.03156146179401993,2.884828349944629,0.058024278872925716,0.07317073170731707,0.0,1.0,47.5,0.3861788617886179,0.0
Göygöl rayonu,2019,180.0,72.0,824.0,824.0,,663.0,663.0,,185.0,148.4,10.0,,,0.0,1.0277777777777777,0.2790346907993967,0.22383107088989443,1.2428355957767723,0.012541856925418569,0.05555555555555555,0.0,1.0,36.599999999999994,0.2033333333333333,0.0
Göyçay rayonu,2019,167.0,73.0,7989.0,7617.0,372.0,2980.0,2856.0,124.0,109.9,89.8,14.0,Central Aran,,0.0,0.6580838323353294,0.03687919463087248,0.030134228187919464,2.6808724832214765,0.13106389959806414,0.08383233532934131,0.04161073825503356,0.9583892617449664,20.10000000000001,0.1203592814371258,0.04656402553511078
Gədəbəy rayonu,2019,238.0,106.0,1708.0,1631.0,77.0,1115.0,1080.0,35.0,155.7,128.6,21.0,Ganja-Dashkasan,,0.0,0.6542016806722689,0.13964125560538115,0.11533632286995515,1.5318385650224215,0.019661563255439163,0.08823529411764706,0.03139013452914798,0.968609865470852,27.099999999999994,0.11386554621848737,0.045081967213114756
Gəncə  şəhəri,2019,1390.0,688.0,27900.0,13392.0,14508.0,15186.0,10314.0,4872.0,2416.8,2134.7,177.0,,,0.0,1.738705035971223,0.15914658237850654,0.14057026208349796,1.8372184907151323,0.05499162313984429,0.12733812949640289,0.3208218095614382,0.6791781904385619,282.10000000000036,0.20294964028777004,0.52
Gəncə-Daşkəsən iqtisadi rayonu,2019,2342.0,1136.0,155298.0,73936.0,81362.0,52635.0,32701.0,19934.0,15120.3,13284.300000000001,659.0,,,0.0,6.456148590947907,0.28726702764320317,0.2523852949558279,2.950470219435737,0.18167120948024754,0.2813834329632792,0.37872138311009784,0.6212786168899022,1835.9999999999982,0.78394534585824,0.5239088719751703
Kürdəmir rayonu,2019,234.0,130.0,2800.0,2800.0,,1458.0,1458.0,,111.3,87.4,14.0,Central Aran,,0.0,0.4756410256410256,0.07633744855967078,0.05994513031550069,1.9204389574759946,0.03278304648167662,0.05982905982905983,0.0,1.0,23.89999999999999,0.10213675213675211,0.0
Lerik rayonu,2019,715.0,187.0,21910.0,21706.0,204.0,3622.0,3566.0,56.0,829.9,178.8,42.0,Lankaran-Astara,1101.38591173,0.6491820826697474,1.1606993006993007,0.22912755383765876,0.04936499171728327,6.049144119271121,0.08395440176262094,0.05874125874125874,0.015461071231363888,0.9845389287686361,651.0999999999999,0.9106293706293705,0.009310816978548608
Lənkəran iqtisadi rayonu,2019,3658.0,1480.0,91436.0,87503.0,3933.0,56288.0,53359.0,2929.0,6229.2,6881.7,721.0,,,0.0,1.7028977583378895,0.11066657191586128,0.12225874076179648,1.624431495167709,0.06848266512878509,0.19710224166211043,0.05203595793064241,0.9479640420693576,-652.5,-0.17837616183706945,0.043013692637473205
Lənkəran rayonu,2019,1346.0,636.0,39890.0,37828.0,2062.0,35661.0,33980.0,1681.0,4263.2,5978.6,505.0,,,0.0,3.1673105497771172,0.11954796556462241,0.1676509351953114,1.1185889346905584,0.08119440656231554,0.37518573551263,0.047138330388940296,0.9528616696110597,-1715.4000000000005,-1.2744427934621103,0.051692153421910254
Masallı rayonu,2019,1148.0,453.0,22927.0,22898.0,29.0,12751.0,12741.0,10.0,791.3,457.2,136.0,Lankaran-Astara,,0.0,0.6892857142857143,0.062057877813504816,0.035856011293231904,1.798055054505529,0.054715765357262185,0.11846689895470383,0.0007842522155125088,0.9992157477844875,334.09999999999997,0.2910278745644599,0.0012648841976708684
Mil-Muğan iqtisadi rayonu,2019,295.0,156.0,10541.0,10502.0,39.0,5666.0,5632.0,34.0,154.4,126.9,17.0,,,0.0,0.5233898305084745,0.027250264737027886,0.022396752559124603,1.8603953406283091,0.09789644764337126,0.0576271186440678,0.006000705965407695,0.9939992940345923,27.5,0.09322033898305085,0.003699838724978655
Mingəçevir şəhəri,2019,705.0,254.0,32966.0,18870.0,14096.0,17025.0,16360.0,665.0,2036.2,2299.8,175.0,Central Aran,,0.0,2.88822695035461,0.11960058737151248,0.13508370044052864,1.9363289280469898,0.12811036626833772,0.24822695035460993,0.039060205580029365,0.9609397944199707,-263.60000000000014,-0.37390070921985835,0.42759206455135595
Mərkəzi Aran iqtisadi rayonu,2019,1334.0,577.0,45176.0,30708.0,14468.0,22491.0,21702.0,789.0,2312.5000000000005,2509.2000000000003,212.0,,,0.0,1.7335082458770619,0.10281890533991377,0.11156462585034015,2.0086256724912186,0.09278100675689553,0.15892053973013492,0.035080698946245166,0.9649193010537548,-196.69999999999982,-0.14745127436281846,0.3202585443598371
Naftalan  şəhəri,2019,617.0,302.0,123964.0,57110.0,66854.0,35878.0,20816.0,15062.0,12423.8,10958.2,461.0,,15.57198574,39.622435462106964,20.13581847649919,0.3462790568036122,0.30542951112102124,3.4551535760075813,0.5504495903732155,0.747163695299838,0.41981158370031774,0.5801884162996822,1465.5999999999985,2.3753646677471614,0.5393017327611243
Nizami rayonu,2019,758.0,513.0,25894.0,12603.0,33291.0,11413.0,7245.0,4168.0,1931.3,1522.3,128.0,Baku,,0.0,2.5478891820580474,0.16921931131166212,0.13338298431613071,2.268816262157189,0.09359164347417501,0.16886543535620052,0.36519758170507316,0.6348024182949268,409.0,0.5395778364116095,1.2856646327334518
Nərimanov rayonu,2019,3148.0,1786.0,151862.0,17708.0,164154.0,73017.0,12299.0,60718.0,12744.4,11736.6,643.0,Baku,,0.0,4.04841168996188,0.1745401755755509,0.1607379103496446,2.0798170289110756,0.13216654192268193,0.2042566709021601,0.8315597737513182,0.16844022624868182,1007.7999999999993,0.3201397712833543,1.0809419077846993
Nəsimi rayonu,2019,5192.0,2806.0,688875.0,61626.0,677249.0,459047.0,40432.0,418615.0,139610.6,50674.0,1121.0,Baku,,0.0,26.88956086286595,0.30413138523941996,0.11038956795273687,1.5006633307700519,0.3635070814952403,0.2159090909090909,0.9119218729236875,0.08807812707631245,88936.6,17.129545454545454,0.9831232081291962
Oğuz rayonu,2019,138.0,62.0,2287.0,2287.0,,2277.0,2277.0,,250.4,190.6,34.0,Sheki-Zagatala,,0.0,1.8144927536231885,0.10996925779534475,0.08370663153271848,1.0043917435221783,0.04540401032360532,0.2463768115942029,0.0,1.0,59.80000000000001,0.4333333333333334,0.0
Qarabağ iqtisadi rayonu,2019,288.0,132.0,5624.0,5624.0,,5235.0,5235.0,,242.7,135.6,24.0,,,0.0,0.8427083333333333,0.04636103151862464,0.025902578796561604,1.0743075453677173,0.05350076103500761,0.08333333333333333,0.0,1.0,107.1,0.37187499999999996,0.0
Qaradağ rayonu,2019,90.0,129.0,1648.0,1138.0,47907.0,302.0,114.0,188.0,95.3,73.7,21.0,Baku,,0.0,1.0588888888888888,0.31556291390728475,0.24403973509933777,5.456953642384106,0.050167427701674275,0.23333333333333334,0.6225165562913907,0.37748344370860926,21.599999999999994,0.23999999999999994,29.06978155339806
Qax rayonu,2019,606.0,254.0,33909.0,30856.0,3053.0,23099.0,21519.0,1580.0,1261.6,606.6,95.0,Sheki-Zagatala,,0.0,2.0818481848184818,0.05461708299060565,0.026260877094246505,1.4679856270834235,0.15330259053302592,0.15676567656765678,0.06840122949045413,0.9315987705095459,654.9999999999999,1.0808580858085806,0.09003509392786575
Qazax rayonu,2019,212.0,100.0,2510.0,2053.0,457.0,1616.0,1581.0,35.0,150.9,238.9,15.0,Gazakh-Tovuz,,0.0,0.7117924528301887,0.09337871287128713,0.14783415841584158,1.5532178217821782,0.0324373223055053,0.07075471698113207,0.021658415841584157,0.9783415841584159,-88.0,-0.41509433962264153,0.18207171314741036
Qazax-Tovuz iqtisadi rayonu,2019,1050.0,491.0,34279.0,33165.0,1114.0,26030.0,25693.0,337.0,1867.0,2065.4,194.0,,1818.350328,0.577446482029067,1.7780952380952382,0.0717249327698809,0.0793469074145217,1.3169035728006147,0.08944292237442922,0.18476190476190477,0.012946600076834422,0.9870533999231655,-198.4000000000001,-0.18895238095238104,0.03249803086437761
Quba rayonu,2019,1718.0,710.0,264203.0,187302.0,76901.0,66870.0,32542.0,34328.0,12715.9,10718.9,455.0,Guba-Khachmaz,,0.0,7.4015715948777645,0.19015851652459997,0.16029460146553012,3.950994466876028,0.42132935716905606,0.2648428405122235,0.5133542694780918,0.4866457305219082,1997.0,1.1623981373690337,0.29106785312808714
Quba-Xaçmaz iqtisadi rayonu,2019,10931.0,4323.0,537088.0,418275.0,118813.0,193454.0,129699.0,63755.0,37197.2,43635.299999999996,1942.0,,,0.0,3.402909157442137,0.19227930153938402,0.22555904762889367,2.7763085798174245,0.13461476283988105,0.17765986643490989,0.32956154951564715,0.6704384504843529,-6438.0999999999985,-0.588976305918946,0.22121700726882745
Qusar rayonu,2019,2289.0,991.0,94547.0,56412.0,38135.0,68228.0,41599.0,26629.0,14342.3,22885.4,518.0,Guba-Khachmaz,,0.0,6.265749235474006,0.2102113501788122,0.3354253385706748,1.3857507181802193,0.11316421000975481,0.22629969418960244,0.39029430732250686,0.6097056926774931,-8543.100000000002,-3.7322411533420716,0.40334436840936255
Qəbələ rayonu,2019,2632.0,1127.0,301511.0,96600.0,204911.0,186431.0,65592.0,120839.0,30919.1,31101.4,1412.0,,,0.0,11.747378419452888,0.1658474180796112,0.16682525974757417,1.6172793151353584,0.3138516467502186,0.5364741641337386,0.6481701004661242,0.3518298995338758,-182.3000000000029,-0.0692629179331318,0.6796136791029183
Saatlı rayonu,2019,27.0,16.0,392.0,392.0,,195.0,195.0,,12.0,11.1,2.0,Mil-Mughan,,0.0,0.4444444444444444,0.06153846153846154,0.05692307692307692,2.01025641025641,0.0397767630644343,0.07407407407407407,0.0,1.0,0.9000000000000004,0.03333333333333335,0.0
Sabirabad rayonu,2019,82.0,40.0,3008.0,3008.0,,2256.0,2256.0,,54.2,53.6,7.0,Mil-Mughan,1466.33041279,0.05592191179065697,0.6609756097560976,0.02402482269503546,0.02375886524822695,1.3333333333333333,0.1005011693952556,0.08536585365853659,0.0,1.0,0.6000000000000014,0.007317073170731724,0.0
Sabunçu rayonu,2019,520.0,311.0,44239.0,4802.0,49446.0,41947.0,4908.0,37039.0,8728.0,2825.8,83.0,Baku,,0.0,16.784615384615385,0.2080720909719408,0.0673659618089494,1.0546403795265453,0.23308219178082193,0.1596153846153846,0.8829952082389683,0.11700479176103178,5902.2,11.350384615384614,1.1177015755329007
Salyan rayonu,2019,142.0,88.0,1523.0,1336.0,187.0,658.0,482.0,176.0,55.8,55.6,7.0,,1916.78295505,0.07408246177580177,0.3929577464788732,0.08480243161094224,0.0844984802431611,2.314589665653495,0.029384526336098785,0.04929577464788732,0.2674772036474164,0.7325227963525835,0.19999999999999574,0.001408450704225322,0.12278397898883782
Sumqayıt şəhəri,2019,487.0,256.0,7555.0,6758.0,797.0,6976.0,6617.0,359.0,1783.4,1450.7,218.0,Absheron,,0.0,3.662012320328542,0.25564793577981654,0.20795584862385322,1.082998853211009,0.042502320609828136,0.44763860369609854,0.05146215596330275,0.9485378440366973,332.70000000000005,0.6831622176591376,0.10549305095962938
Səbail rayonu,2019,6292.0,3115.0,627791.0,62285.0,585506.0,388435.0,48541.0,339894.0,125090.3,82758.2,2158.0,Baku,,0.0,19.880848696757788,0.32203663418589984,0.2130554661655103,1.6162060576415616,0.27335908176505935,0.34297520661157027,0.8750344330454258,0.12496556695457413,42332.100000000006,6.727924348378894,0.9326447814638948
Tovuz rayonu,2019,266.0,133.0,17144.0,17094.0,50.0,13451.0,13401.0,50.0,962.5,1050.5,89.0,Gazakh-Tovuz,1818.350328,0.1462864421140303,3.6184210526315788,0.07155601813991525,0.07809828265556464,1.2745520779124229,0.17657843238232568,0.33458646616541354,0.003717195747528065,0.996282804252472,-88.0,-0.3308270676691729,0.002916472235184321
Tərtər rayonu,2019,30.0,15.0,1235.0,1235.0,,1167.0,1167.0,,43.7,29.7,4.0,Karabakh,,0.0,1.4566666666666668,0.037446443873179094,0.02544987146529563,1.0582690659811482,0.11278538812785388,0.13333333333333333,0.0,1.0,14.000000000000004,0.4666666666666668,0.0
Xaçmaz rayonu,2019,6495.0,2405.0,148147.0,146562.0,1585.0,28165.0,27559.0,606.0,6487.0,6394.4,714.0,Guba-Khachmaz,,0.0,0.9987682832948422,0.23032132078821232,0.22703355228120006,5.259968045446477,0.06249148449281323,0.10993071593533488,0.021516066039410617,0.9784839339605894,92.60000000000036,0.014257120862201749,0.010698832915955098
Xızı rayonu,2019,148.0,53.0,1614.0,1518.0,96.0,1092.0,1058.0,34.0,136.9,290.6,26.0,Absheron,,0.0,0.925,0.12536630036630036,0.2661172161172161,1.478021978021978,0.02987782302850796,0.17567567567567569,0.031135531135531136,0.9688644688644689,-153.70000000000002,-1.0385135135135137,0.05947955390334572
Xətai rayonu,2019,941.0,537.0,31411.0,4357.0,77054.0,16611.0,3519.0,13092.0,2296.8,2177.6,193.0,Baku,,0.0,2.4408076514346444,0.13826982120281742,0.13109385347059177,1.8909758593702968,0.09145327762654128,0.2051009564293305,0.7881524291132382,0.2118475708867618,119.20000000000027,0.12667375132837436,2.4530896819585495
Xəzər rayonu,2019,802.0,475.0,49813.0,11906.0,1365.0,39561.0,4952.0,34609.0,6143.0,5573.5,317.0,Baku,,0.0,7.659600997506234,0.15527918910037664,0.14088369859204772,1.2591441065696014,0.17016704813309194,0.39526184538653364,0.8748262177396932,0.12517378226030687,569.5,0.7100997506234414,0.02740248529500331
Yardımlı rayonu,2019,30.0,21.0,,,,,,,,,,Lankaran-Astara,,0.0,0.0,0.0,0.0,0.0,0.0,0.0,0.0,0.0,0.0,0.0,0.0
Yasamal rayonu,2019,2110.0,1233.0,297946.0,26986.0,77096.0,164997.0,31300.0,133697.0,38184.7,35782.1,893.0,Baku,,0.0,18.097014218009477,0.23142663199936966,0.21686515512403254,1.8057661654454324,0.3868674933454522,0.42322274881516586,0.8102995812045067,0.18970041879549326,2402.5999999999985,1.1386729857819897,0.2587582984836178
Yevlax rayonu,2019,173.0,87.0,,,,,,,,,,Central Aran,,0.0,0.0,0.0,0.0,0.0,0.0,0.0,0.0,0.0,0.0,0.0,0.0
Zaqatala rayonu,2019,395.0,178.0,9599.0,8759.0,840.0,8082.0,7322.0,760.0,491.3,404.7,44.0,Sheki-Zagatala,,0.0,1.2437974683544304,0.06078940856223707,0.05007423904974016,1.1877010640930463,0.06657881047338304,0.11139240506329114,0.09403612967087355,0.9059638703291265,86.60000000000002,0.219240506329114,0.08750911553286801
Zərdab rayonu,2019,20.0,11.0,676.0,676.0,,283.0,283.0,,35.3,16.7,4.0,Central Aran,,0.0,1.765,0.12473498233215546,0.05901060070671378,2.3886925795053005,0.0926027397260274,0.2,0.0,1.0,18.599999999999998,0.9299999999999999,0.0
İmişli rayonu,2019,53.0,22.0,452.0,450.0,2.0,421.0,419.0,2.0,6.9,11.6,4.0,Mil-Mughan,,0.0,0.13018867924528302,0.0163895486935867,0.027553444180522565,1.0736342042755345,0.023365210648746446,0.07547169811320754,0.004750593824228029,0.995249406175772,-4.699999999999999,-0.08867924528301885,0.004424778761061947
İsmayıllı rayonu,2019,816.0,325.0,10287.0,9836.0,451.0,9179.0,8799.0,380.0,1062.3,764.5,110.0,Mountainous Shirvan,,0.0,1.3018382352941176,0.11573156117224098,0.08328793986273014,1.1207103170279986,0.03453867848509267,0.13480392156862744,0.04139884519010786,0.9586011548098922,297.79999999999995,0.3649509803921568,0.04384174200447166
Şabran rayonu,2019,429.0,217.0,30191.0,27999.0,2192.0,30191.0,27999.0,2192.0,3652.0,3636.6,255.0,Guba-Khachmaz,,0.0,8.512820512820513,0.12096320095392667,0.12045311516677155,1.0,0.1928090174665517,0.5944055944055944,0.0726044185353251,0.9273955814646749,15.400000000000091,0.03589743589743611,0.0726044185353251
Şamaxı rayonu,2019,841.0,366.0,24035.0,20785.0,3250.0,21620.0,18772.0,2848.0,5654.5,4875.7,341.0,Mountainous Shirvan,,0.0,6.723543400713436,0.26154024051803887,0.22551803885291397,1.1117021276595744,0.07829882885671005,0.4054696789536266,0.13172987974098058,0.8682701202590194,778.8000000000002,0.9260404280618314,0.13521947160391096
Şirvan şəhəri,2019,195.0,106.0,8842.0,8819.0,23.0,5864.0,5850.0,14.0,264.2,274.9,38.0,,,0.0,1.3548717948717948,0.045054570259208726,0.046879263301500676,1.5078444747612552,0.12422901299613628,0.19487179487179487,0.0023874488403819918,0.997612551159618,-10.699999999999989,-0.05487179487179481,0.002601221443112418
Şirvan-Salyan iqtisadi rayonu,2019,439.0,239.0,14444.0,13982.0,462.0,9096.0,8689.0,407.0,403.0,401.6,52.0,,1916.78295505,0.22902958253223224,0.9179954441913439,0.0443051890941073,0.04415127528583993,1.5879507475813543,0.09014260305176772,0.11845102505694761,0.04474494283201407,0.955255057167986,1.3999999999999773,0.003189066059225461,0.031985599556909446
Şəki rayonu,2019,582.0,283.0,21127.0,9604.0,11523.0,15598.0,7151.0,8447.0,1621.2,1577.9,220.0,,,0.0,2.7855670103092782,0.1039364021028337,0.1011604051801513,1.354468521605334,0.09945393776773526,0.37800687285223367,0.5415437876650853,0.45845621233491474,43.299999999999955,0.07439862542955318,0.5454158186207223
Şəki-Zaqatala iqtisadi rayonu,2019,4561.0,1999.0,372402.0,151719.0,220683.0,238085.0,106211.0,131874.0,34885.9,34227.399999999994,1828.0,,,0.0,7.648739311554484,0.14652708066446857,0.14376126173425455,1.5641556586933238,0.22369643763534192,0.40078930059197543,0.5538946174685512,0.4461053825314489,658.5000000000073,0.14437623328217655,0.5925934876826655
Şəmkir rayonu,2019,151.0,75.0,8655.0,8539.0,116.0,6761.0,6677.0,84.0,513.8,587.1,56.0,Gazakh-Tovuz,,0.0,3.402649006622516,0.07599467534388403,0.08683626682443425,1.2801360745451855,0.1570352898484986,0.3708609271523179,0.012424197603904747,0.9875758023960952,-73.30000000000007,-0.4854304635761594,0.01340265742345465
Abşeron iqtisadi rayonu,2020,1087.0,610.0,6735.0,6273.0,462.0,5786.0,5609.0,177.0,970.0999999999999,885.9000000000001,214.0,,,0.0,0.89245630174793,0.167663325267888,0.15311095748358108,1.1640165917732457,0.016975211402502802,0.1968721251149954,0.0305910819218804,0.9694089180781196,84.19999999999982,0.07746090156393727,0.06859688195991091
Abşeron rayonu,2020,452.0,301.0,2985.0,2729.0,256.0,2711.0,2619.0,92.0,215.3,229.5,77.0,Absheron,,0.0,0.4763274336283186,0.07941718922906676,0.08465510881593508,1.101069715971966,0.01809310219420536,0.17035398230088494,0.03393581704168203,0.966064182958318,-14.199999999999989,-0.0314159292035398,0.08576214405360134
Astara rayonu,2020,293.0,116.0,3154.0,2942.0,212.0,1858.0,1660.0,198.0,235.4,163.0,21.0,Lankaran-Astara,461.5057835,0.6348782842501475,0.8034129692832764,0.12669537136706135,0.08772874058127018,1.6975242195909581,0.029491794847818973,0.07167235494880546,0.10656620021528525,0.8934337997847147,72.4,0.24709897610921502,0.06721623335447051
Ağcabədi rayonu,2020,112.0,56.0,2071.0,2071.0,,1997.0,1997.0,,145.2,45.6,11.0,Karabakh,,0.0,1.2964285714285713,0.07270906359539309,0.0228342513770656,1.0370555833750625,0.050660469667318984,0.09821428571428571,0.0,1.0,99.6,0.8892857142857142,0.0
Ağdaş rayonu,2020,35.0,22.0,509.0,509.0,,509.0,509.0,,14.8,15.6,5.0,Central Aran,,0.0,0.4228571428571429,0.02907662082514735,0.030648330058939095,1.0,0.03984344422700587,0.14285714285714285,0.0,1.0,-0.7999999999999989,-0.022857142857142826,0.0
Ağstafa rayonu,2020,183.0,77.0,2472.0,2364.0,108.0,2100.0,2069.0,31.0,57.5,55.5,13.0,Gazakh-Tovuz,,0.0,0.31420765027322406,0.02738095238095238,0.02642857142857143,1.177142857142857,0.037008758140579384,0.07103825136612021,0.014761904761904763,0.9852380952380952,2.0,0.01092896174863388,0.043689320388349516
Ağsu rayonu,2020,81.0,45.0,1016.0,1016.0,,508.0,508.0,,20.3,18.1,4.0,Mountainous Shirvan,,0.0,0.2506172839506173,0.039960629921259844,0.035629921259842524,2.0,0.03436495856587181,0.04938271604938271,0.0,1.0,2.1999999999999993,0.027160493827160487,0.0
Bakı şəhəri,2020,21151.0,11533.0,580283.0,255194.0,325089.0,396927.0,176677.0,220250.0,75961.29999999999,98785.40000000001,5665.0,,,0.0,3.5913810221738918,0.19137347673501673,0.24887548592058492,1.4619388451780806,0.07516507202289086,0.2678360361212236,0.5548879264953002,0.44511207350469983,-22824.10000000002,-1.0791026429010457,0.560224924735
Balakən rayonu,2020,208.0,95.0,1083.0,1020.0,63.0,755.0,705.0,50.0,210.1,205.9,23.0,Sheki-Zagatala,,0.0,1.010096153846154,0.27827814569536424,0.2727152317880795,1.4344370860927151,0.014265015806111697,0.11057692307692307,0.06622516556291391,0.9337748344370861,4.199999999999989,0.020192307692307638,0.05817174515235457
Beyləqan rayonu,2020,133.0,78.0,4773.0,4768.0,5.0,1938.0,1933.0,5.0,56.4,44.3,4.0,Mil-Mughan,,0.0,0.42406015037593986,0.02910216718266254,0.02285861713106295,2.4628482972136223,0.09832114532907611,0.03007518796992481,0.0025799793601651187,0.9974200206398349,12.100000000000001,0.09097744360902257,0.001047559187094071
Biləsuvar rayonu,2020,102.0,45.0,3521.0,3447.0,74.0,2116.0,2055.0,61.0,85.4,77.4,8.0,,,0.0,0.8372549019607843,0.040359168241965976,0.03657844990548204,1.6639886578449905,0.09457426806338974,0.0784313725490196,0.028827977315689982,0.97117202268431,8.0,0.0784313725490196,0.021016756603237718
Binəqədi rayonu,2020,887.0,424.0,5946.0,4158.0,1788.0,1198.0,548.0,650.0,536.0,794.3,131.0,Baku,,0.0,0.6042841037204059,0.44741235392320533,0.6630217028380634,4.963272120200334,0.018365739525258298,0.14768883878241262,0.5425709515859767,0.4574290484140234,-258.29999999999995,-0.29120631341600894,0.3007063572149344
Bərdə rayonu,2020,116.0,51.0,2017.0,2017.0,,1727.0,1727.0,,84.5,56.7,8.0,Karabakh,,0.0,0.728448275862069,0.04892877822814128,0.032831499710480605,1.1679212507237986,0.047638167217760985,0.06896551724137931,0.0,1.0,27.799999999999997,0.23965517241379308,0.0
Cəlilabad rayonu,2020,126.0,67.0,889.0,883.0,6.0,566.0,562.0,4.0,21.6,13.2,10.0,Lankaran-Astara,,0.0,0.17142857142857143,0.03816254416961131,0.02332155477031802,1.5706713780918728,0.01933028919330289,0.07936507936507936,0.007067137809187279,0.9929328621908127,8.400000000000002,0.06666666666666668,0.006749156355455568
Dağlıq Şirvan iqtisadi rayonu,2020,1834.0,784.0,10418.0,9912.0,506.0,9505.0,9115.0,390.0,2579.1000000000004,2564.1,308.0,,,0.0,1.406270447110142,0.27134139926354556,0.2697632824829037,1.0960547080483956,0.015562958426076695,0.16793893129770993,0.041031036296685953,0.9589689637033141,15.000000000000455,0.0081788440567069,0.048569783067767325
Daşkəsən rayonu,2020,32.0,15.0,5.0,5.0,,5.0,5.0,,9.1,9.4,2.0,Ganja-Dashkasan,,0.0,0.284375,1.8199999999999998,1.8800000000000001,1.0,0.0004280821917808219,0.0625,0.0,1.0,-0.3000000000000007,-0.009375000000000022,0.0
Füzuli rayonu,2020,30.0,10.0,,,,,,,,,,,,0.0,0.0,0.0,0.0,0.0,0.0,0.0,0.0,0.0,0.0,0.0,0.0
Goranboy rayonu,2020,123.0,59.0,234.0,234.0,,71.0,71.0,,13.0,3.0,5.0,Ganja-Dashkasan,1837.87389756,0.06692515746771167,0.10569105691056911,0.18309859154929578,0.04225352112676056,3.295774647887324,0.005212161710658202,0.04065040650406504,0.0,1.0,10.0,0.08130081300813008,0.0
Göygöl rayonu,2020,180.0,72.0,35.0,35.0,,30.0,30.0,,7.7,7.7,3.0,,,0.0,0.042777777777777776,0.25666666666666665,0.25666666666666665,1.1666666666666667,0.000532724505327245,0.016666666666666666,0.0,1.0,0.0,0.0,0.0
Göyçay rayonu,2020,167.0,73.0,5865.0,5791.0,74.0,1119.0,1081.0,38.0,67.8,66.2,17.0,Central Aran,,0.0,0.40598802395209577,0.06058981233243967,0.059159964253798034,5.241286863270777,0.09621852186038882,0.10179640718562874,0.03395889186773905,0.966041108132261,1.5999999999999943,0.009580838323353259,0.012617220801364024
Gədəbəy rayonu,2020,238.0,106.0,347.0,347.0,,264.0,264.0,,56.5,74.1,7.0,Ganja-Dashkasan,,0.0,0.23739495798319327,0.21401515151515152,0.28068181818181814,1.3143939393939394,0.003994474502129619,0.029411764705882353,0.0,1.0,-17.599999999999994,-0.07394957983193275,0.0
Gəncə  şəhəri,2020,1390.0,688.0,8457.0,6953.0,1504.0,6131.0,5595.0,536.0,712.5,743.7,189.0,,,0.0,0.512589928057554,0.11621268961017779,0.121301582123634,1.3793834610993312,0.01666896619690549,0.13597122302158274,0.08742456369270918,0.9125754363072908,-31.200000000000045,-0.02244604316546766,0.17784084190611327
Gəncə-Daşkəsən iqtisadi rayonu,2020,2342.0,1136.0,39511.0,22380.0,17131.0,15358.0,11666.0,3692.0,3633.9999999999995,8159.599999999999,646.0,,,0.0,1.5516652433817248,0.23661935147805702,0.53129313712723,2.5726657116812084,0.046220886024121756,0.27583262169086253,0.24039588488084385,0.7596041151191562,-4525.6,-1.9323654995730146,0.43357545999848146
Kürdəmir rayonu,2020,234.0,130.0,3812.0,3812.0,,2329.0,2329.0,,133.5,109.6,12.0,Central Aran,,0.0,0.5705128205128205,0.05732073851438386,0.047058823529411764,1.6367539716616573,0.044631776138625456,0.05128205128205128,0.0,1.0,23.900000000000006,0.10213675213675216,0.0
Lerik rayonu,2020,715.0,187.0,,,,,,,,,,Lankaran-Astara,1101.38591173,0.6491820826697474,0.0,0.0,0.0,0.0,0.0,0.0,0.0,0.0,0.0,0.0,0.0
Lənkəran iqtisadi rayonu,2020,3658.0,1480.0,43052.0,42560.0,492.0,33946.0,33479.0,467.0,3350.2000000000003,8010.599999999999,556.0,,,0.0,0.9158556588299618,0.0986920402992989,0.23598067519000765,1.2682495728509986,0.03224458308679794,0.15199562602515035,0.013757143698815767,0.9862428563011842,-4660.4,-1.274029524330235,0.011428040509151723
Lənkəran rayonu,2020,1346.0,636.0,31810.0,31540.0,270.0,27555.0,27293.0,262.0,2790.4,7479.0,463.0,,,0.0,2.073105497771174,0.10126655779350391,0.2714207947740882,1.1544184358555616,0.06474790856724134,0.3439821693907875,0.00950825621484304,0.9904917437851569,-4688.6,-3.4833580980683507,0.008487896887771141
Masallı rayonu,2020,1148.0,453.0,7199.0,7195.0,4.0,3967.0,3964.0,3.0,302.8,355.4,62.0,Lankaran-Astara,,0.0,0.2637630662020906,0.07632972019158055,0.08958911015881017,1.8147214519788253,0.017180564173547803,0.05400696864111498,0.0007562389715149988,0.999243761028485,-52.599999999999966,-0.045818815331010426,0.0005556327267676066
Mil-Muğan iqtisadi rayonu,2020,295.0,156.0,7524.0,7519.0,5.0,3812.0,3807.0,5.0,108.0,89.4,17.0,,,0.0,0.36610169491525424,0.02833158447009444,0.023452256033578176,1.9737670514165793,0.06987694450893894,0.0576271186440678,0.0013116474291710388,0.998688352570829,18.599999999999994,0.0630508474576271,0.0006645401382243488
Mingəçevir şəhəri,2020,705.0,254.0,12330.0,9524.0,2806.0,6184.0,5950.0,234.0,828.3,1667.2,177.0,Central Aran,,0.0,1.1748936170212765,0.1339424320827943,0.2695989650711514,1.99385510996119,0.047916059457884,0.251063829787234,0.03783958602846054,0.9621604139715395,-838.9000000000001,-1.1899290780141845,0.2275750202757502
Mərkəzi Aran iqtisadi rayonu,2020,1334.0,577.0,22627.0,19747.0,2880.0,10187.0,9915.0,272.0,1049.6,1867.3999999999999,215.0,,,0.0,0.7868065967016491,0.10303327770688131,0.18331206439579856,2.2211642289192106,0.04647060031628022,0.16116941529235382,0.026700696966722292,0.9732993030332777,-817.8,-0.6130434782608696,0.12728156627038495
Naftalan  şəhəri,2020,617.0,302.0,30780.0,15153.0,15627.0,9121.0,5965.0,3156.0,2891.7,7395.8,447.0,,15.57198574,39.622435462106964,4.686709886547812,0.31703760552570986,0.8108540730183094,3.374629974783467,0.1366754734575165,0.7244732576985413,0.34601469137156016,0.6539853086284398,-4504.1,-7.300000000000001,0.5076998050682261
Nizami rayonu,2020,774.0,521.0,4206.0,2828.0,1378.0,2502.0,2050.0,452.0,275.1,253.9,125.0,Baku,,0.0,0.35542635658914734,0.10995203836930456,0.10147881694644285,1.6810551558752997,0.014887968567484337,0.16149870801033592,0.1806554756195044,0.8193445243804957,21.200000000000017,0.027390180878552994,0.3276271992391821
Nərimanov rayonu,2020,3342.0,1874.0,65156.0,49548.0,15608.0,23812.0,17234.0,6578.0,6015.4,6167.4,638.0,Baku,,0.0,1.7999401555954517,0.25262052746514363,0.2590038635981858,2.7362674281874684,0.05341400031151882,0.19090365050867744,0.27624727028389046,0.7237527297161095,-152.0,-0.045481747456612806,0.23954816133587084
Nəsimi rayonu,2020,5205.0,2819.0,195130.0,81819.0,113311.0,154693.0,74262.0,80431.0,23270.2,29212.7,1109.0,Baku,,0.0,4.470739673390971,0.15042826760099035,0.18884306335774728,1.2614016148112714,0.10270946008184964,0.21306436119116234,0.5199394930604487,0.4800605069395512,-5942.5,-1.1416906820365034,0.580694921334495
Oğuz rayonu,2020,138.0,62.0,1085.0,1085.0,,1067.0,1067.0,,94.8,92.2,18.0,Sheki-Zagatala,,0.0,0.6869565217391305,0.08884723523898781,0.08641049671977508,1.0168697282099344,0.021540599563232083,0.13043478260869565,0.0,1.0,2.5999999999999943,0.018840579710144887,0.0
Qarabağ iqtisadi rayonu,2020,288.0,132.0,4539.0,4539.0,,4175.0,4175.0,,247.2,122.30000000000001,25.0,,,0.0,0.8583333333333333,0.05920958083832335,0.029293413173652697,1.087185628742515,0.043179223744292235,0.08680555555555555,0.0,1.0,124.89999999999998,0.43368055555555546,0.0
Qaradağ rayonu,2020,90.0,129.0,1371.0,1227.0,144.0,224.0,182.0,42.0,79.5,68.6,18.0,Baku,,0.0,0.8833333333333333,0.3549107142857143,0.30624999999999997,6.120535714285714,0.0417351598173516,0.2,0.1875,0.8125,10.900000000000006,0.12111111111111117,0.1050328227571116
Qax rayonu,2020,746.0,292.0,8844.0,8638.0,206.0,5509.0,5432.0,77.0,406.3,324.8,42.0,Sheki-Zagatala,,0.0,0.5446380697050939,0.07375204211290616,0.05895806861499365,1.605373025957524,0.03248007638914393,0.05630026809651475,0.01397712833545108,0.9860228716645489,81.5,0.10924932975871314,0.023292627770239712
Qazax rayonu,2020,212.0,100.0,225.0,220.0,5.0,185.0,181.0,4.0,11.9,56.0,15.0,Gazakh-Tovuz,,0.0,0.056132075471698115,0.06432432432432432,0.3027027027027027,1.2162162162162162,0.0029077280951150166,0.07075471698113207,0.021621621621621623,0.9783783783783784,-44.1,-0.2080188679245283,0.022222222222222223
Qazax-Tovuz iqtisadi rayonu,2020,1050.0,491.0,8780.0,8634.0,146.0,7765.0,7702.0,63.0,640.6999999999999,787.0999999999999,157.0,,1818.350328,0.577446482029067,0.6101904761904762,0.08251126851255633,0.10136509980682548,1.1307147456535738,0.022909328114807566,0.14952380952380953,0.008113329040566645,0.9918866709594334,-146.39999999999998,-0.1394285714285714,0.01662870159453303
Quba rayonu,2020,1778.0,750.0,41463.0,32882.0,8581.0,26232.0,22052.0,4180.0,3496.5,5376.3,415.0,Guba-Khachmaz,,0.0,1.9665354330708662,0.13329139981701738,0.20495196706312901,1.580626715462031,0.0638904725950352,0.23340832395950506,0.15934736200060995,0.84065263799939,-1879.8000000000002,-1.0572553430821148,0.2069555989677544
Quba-Xaçmaz iqtisadi rayonu,2020,10991.0,4363.0,124814.0,89638.0,35176.0,84067.0,61616.0,22451.0,14846.500000000002,30786.1,1294.0,,,0.0,1.3507870075516333,0.17660318555437926,0.36620909512650623,1.4846967299891753,0.031112379618193218,0.11773269038304067,0.267060796745453,0.732939203254547,-15939.599999999997,-1.4502411063597487,0.2818273591103562
Qusar rayonu,2020,2289.0,991.0,54651.0,29143.0,25508.0,35892.0,18559.0,17333.0,8869.7,17032.1,520.0,Guba-Khachmaz,,0.0,3.874923547400612,0.24712192131951413,0.47453750139306805,1.522651287194918,0.06541230542738649,0.22717343818261249,0.4829209851777555,0.5170790148222445,-8162.399999999998,-3.565923984272607,0.4667435179594152
Qəbələ rayonu,2020,2632.0,1127.0,96743.0,76860.0,19883.0,58116.0,48780.0,9336.0,9752.4,16764.8,1022.0,,,0.0,3.70531914893617,0.16780920916787115,0.2884713331956776,1.664653451717255,0.10070262730565849,0.3882978723404255,0.16064422878381168,0.8393557712161883,-7012.4,-2.664285714285714,0.20552391387490568
Saatlı rayonu,2020,27.0,16.0,175.0,175.0,,88.0,88.0,,7.0,6.4,2.0,Mil-Mughan,,0.0,0.25925925925925924,0.07954545454545454,0.07272727272727274,1.9886363636363635,0.017757483510908167,0.07407407407407407,0.0,1.0,0.5999999999999996,0.02222222222222221,0.0
Sabirabad rayonu,2020,82.0,40.0,2192.0,2192.0,,1414.0,1414.0,,39.2,29.1,7.0,Mil-Mughan,1466.33041279,0.05592191179065697,0.4780487804878049,0.027722772277227723,0.02057991513437058,1.5502121640735502,0.07323755429335116,0.08536585365853659,0.0,1.0,10.100000000000001,0.12317073170731709,0.0
Sabunçu rayonu,2020,563.0,329.0,21286.0,13106.0,8180.0,12487.0,6637.0,5850.0,2085.4,2325.0,79.0,Baku,,0.0,3.7040852575488454,0.16700568591334988,0.18619364138704253,1.7046528389525106,0.10358402880848683,0.14031971580817051,0.4684872267157844,0.5315127732842155,-239.5999999999999,-0.42557726465364104,0.38429014375645965
Salyan rayonu,2020,142.0,88.0,1555.0,1353.0,202.0,634.0,564.0,70.0,49.6,48.6,7.0,,1916.78295505,0.07408246177580177,0.34929577464788736,0.07823343848580441,0.07665615141955837,2.452681388012618,0.030001929384526334,0.04929577464788732,0.11041009463722397,0.889589905362776,1.0,0.007042253521126761,0.12990353697749196
Sumqayıt şəhəri,2020,487.0,256.0,2845.0,2643.0,202.0,2594.0,2511.0,83.0,651.5,516.2,113.0,Absheron,,0.0,1.337782340862423,0.25115651503469544,0.19899768696993062,1.0967617579028528,0.016005175663131838,0.23203285420944558,0.03199691595990748,0.9680030840400925,135.29999999999995,0.2778234086242299,0.0710017574692443
Suraxanı rayonu,2020,33.0,18.0,,,,,,,,,,Baku,,0.0,0.0,0.0,0.0,0.0,0.0,0.0,0.0,0.0,0.0,0.0,0.0
Səbail rayonu,2020,6298.0,3121.0,197322.0,79848.0,117474.0,150714.0,68034.0,82680.0,31173.0,41612.9,2162.0,Baku,,0.0,4.949666560812957,0.2068354631951909,0.27610507318497285,1.3092479796170229,0.0858380786246558,0.34328358208955223,0.5485887177037302,0.45141128229626976,-10439.900000000001,-1.657653223245475,0.5953416243500471
Tovuz rayonu,2020,266.0,133.0,1783.0,1783.0,,1316.0,1316.0,,100.3,165.2,69.0,Gazakh-Tovuz,1818.350328,0.1462864421140303,0.37706766917293233,0.07621580547112462,0.125531914893617,1.3548632218844985,0.01836440416108765,0.2593984962406015,0.0,1.0,-64.89999999999999,-0.243984962406015,0.0
Tərtər rayonu,2020,30.0,15.0,451.0,451.0,,451.0,451.0,,17.5,20.0,6.0,Karabakh,,0.0,0.5833333333333334,0.038802660753880266,0.04434589800443459,1.0,0.04118721461187214,0.2,0.0,1.0,-2.5,-0.08333333333333333,0.0
Xaçmaz rayonu,2020,6495.0,2405.0,9448.0,9194.0,254.0,4303.0,4198.0,105.0,488.7,1519.4,122.0,Guba-Khachmaz,,0.0,0.07524249422632795,0.11357192656286312,0.3531024866372299,2.1956774343481293,0.003985362818606515,0.01878367975365666,0.024401580292818963,0.9755984197071811,-1030.7,-0.15869130100076984,0.026883996613039796
Xızı rayonu,2020,148.0,53.0,905.0,901.0,4.0,481.0,479.0,2.0,103.3,140.2,24.0,Absheron,,0.0,0.697972972972973,0.21476091476091475,0.29147609147609144,1.8814968814968815,0.0167530544242873,0.16216216216216217,0.004158004158004158,0.9958419958419958,-36.89999999999999,-0.24932432432432428,0.004419889502762431
Xətai rayonu,2020,1047.0,590.0,5998.0,1827.0,4171.0,3101.0,1242.0,1859.0,464.0,906.2,188.0,Baku,,0.0,0.44317096466093603,0.14962915188648823,0.29222831344727507,1.9342147694292164,0.015695202208527954,0.17956064947468958,0.599484037407288,0.40051596259271205,-442.20000000000005,-0.4223495702005731,0.6953984661553851
Xəzər rayonu,2020,802.0,475.0,44657.0,11387.0,33270.0,32238.0,3190.0,29048.0,4980.8,4243.3,313.0,Baku,,0.0,6.210473815461347,0.15450089955952603,0.13162417023388548,1.3852286121967865,0.15255354763775492,0.39027431421446385,0.9010484521372294,0.09895154786277065,737.5,0.919576059850374,0.7450119802046712
Yardımlı rayonu,2020,30.0,21.0,,,,,,,,,,Lankaran-Astara,,0.0,0.0,0.0,0.0,0.0,0.0,0.0,0.0,0.0,0.0,0.0,0.0
Yasamal rayonu,2020,2110.0,1233.0,39211.0,9446.0,29765.0,15958.0,3298.0,12660.0,7081.9,13201.1,902.0,Baku,,0.0,3.3563507109004735,0.4437836821656849,0.8272402556711368,2.4571374859004886,0.05091345841719146,0.42748815165876775,0.7933324978067428,0.2066675021932573,-6119.200000000001,-2.9000947867298583,0.7590982122363622
Yevlax rayonu,2020,173.0,87.0,,,,,,,,,,Central Aran,,0.0,0.0,0.0,0.0,0.0,0.0,0.0,0.0,0.0,0.0,0.0,0.0
Zaqatala rayonu,2020,395.0,178.0,6663.0,6560.0,103.0,5593.0,5492.0,101.0,253.8,271.1,43.0,Sheki-Zagatala,,0.0,0.6425316455696203,0.04537815126050421,0.04847130341498302,1.1913105667799035,0.04621466967227328,0.10886075949367088,0.018058287144645094,0.9819417128553549,-17.30000000000001,-0.04379746835443041,0.015458502176196908
Zərdab rayonu,2020,20.0,11.0,111.0,111.0,,46.0,46.0,,5.2,8.8,4.0,Central Aran,,0.0,0.26,0.11304347826086956,0.19130434782608696,2.4130434782608696,0.015205479452054794,0.2,0.0,1.0,-3.6000000000000005,-0.18000000000000002,0.0
İmişli rayonu,2020,53.0,22.0,384.0,384.0,,372.0,372.0,,5.4,9.6,4.0,Mil-Mughan,,0.0,0.1018867924528302,0.014516129032258065,0.025806451612903226,1.032258064516129,0.019850090462651848,0.07547169811320754,0.0,1.0,-4.199999999999999,-0.0792452830188679,0.0
İsmayıllı rayonu,2020,912.0,373.0,842.0,646.0,196.0,633.0,548.0,85.0,211.5,169.4,26.0,Mountainous Shirvan,,0.0,0.23190789473684212,0.3341232227488152,0.26761453396524487,1.330173775671406,0.002529440038452295,0.02850877192982456,0.13428120063191154,0.8657187993680885,42.099999999999994,0.04616228070175438,0.2327790973871734
Şabran rayonu,2020,429.0,217.0,19252.0,18419.0,833.0,17640.0,16807.0,833.0,1991.6,6858.3,237.0,Guba-Khachmaz,,0.0,4.642424242424243,0.11290249433106575,0.38879251700680273,1.0913832199546485,0.12294919692179966,0.5524475524475524,0.04722222222222222,0.9527777777777777,-4866.700000000001,-11.344289044289045,0.0432682318720133
Şamaxı rayonu,2020,841.0,366.0,8560.0,8250.0,310.0,8364.0,8059.0,305.0,2347.3,2376.6,278.0,Mountainous Shirvan,,0.0,2.7910820451843046,0.28064323290291726,0.2841463414634146,1.0234337637494022,0.02788591533236688,0.33055885850178357,0.036465805834528936,0.963534194165471,-29.299999999999727,-0.03483947681331716,0.036214953271028034
Şirvan şəhəri,2020,195.0,106.0,4075.0,4075.0,,3851.0,3851.0,,152.0,198.9,37.0,,,0.0,0.7794871794871795,0.039470267462996624,0.051648922357829134,1.0581667099454688,0.057253249034070954,0.18974358974358974,0.0,1.0,-46.900000000000006,-0.24051282051282055,0.0
Şirvan-Salyan iqtisadi rayonu,2020,439.0,239.0,9151.0,8875.0,276.0,6601.0,6470.0,131.0,287.0,324.90000000000003,52.0,,1916.78295505,0.22902958253223224,0.6537585421412301,0.043478260869565216,0.04921981517951826,1.3863051052870776,0.057109869878615785,0.11845102505694761,0.019845477957885167,0.9801545220421148,-37.900000000000034,-0.08633257403189074,0.030160638181619494
Şəki rayonu,2020,582.0,283.0,4122.0,3820.0,302.0,3324.0,3058.0,266.0,662.6,714.0,150.0,,,0.0,1.138487972508591,0.199338146811071,0.2148014440433213,1.240072202166065,0.019404038977545543,0.25773195876288657,0.08002406738868832,0.9199759326113117,-51.39999999999998,-0.0883161512027491,0.0732654051431344
Şəki-Zaqatala iqtisadi rayonu,2020,4701.0,2037.0,118540.0,97983.0,20557.0,74364.0,64534.0,9830.0,11379.999999999998,18372.8,1298.0,,,0.0,2.420761540097851,0.15303103652304875,0.2470657845193911,1.594050884836749,0.06908468906353356,0.2761114656456073,0.1321876176644613,0.8678123823355387,-6992.800000000001,-1.487513295043608,0.1734182554412013
Şəmkir rayonu,2020,151.0,75.0,3953.0,3920.0,33.0,3900.0,3872.0,28.0,414.5,436.3,53.0,Gazakh-Tovuz,,0.0,2.7450331125827816,0.10628205128205129,0.11187179487179487,1.0135897435897436,0.07172276149868456,0.3509933774834437,0.0071794871794871795,0.9928205128205129,-21.80000000000001,-0.1443708609271524,0.008348090058183658
Abşeron iqtisadi rayonu,2021,1087.0,610.0,9775.0,9225.0,550.0,9109.0,8863.0,246.0,1871.6000000000001,1629.5,314.0,,,0.0,1.721803127874885,0.20546712043034362,0.17888901086837194,1.07311450214074,0.02463737066955678,0.2888684452621895,0.027006257547480515,0.9729937424525195,242.10000000000014,0.22272309107635707,0.056265984654731455
Abşeron rayonu,2021,452.0,301.0,2445.0,1927.0,518.0,2157.0,1916.0,241.0,145.9,145.7,29.0,Absheron,,0.0,0.32278761061946903,0.06764024107556792,0.0675475197032916,1.133518776077886,0.014819978179173233,0.06415929203539823,0.11172925359295317,0.8882707464070468,0.20000000000001705,0.0004424778761062324,0.2118609406952965
Astara rayonu,2021,411.0,162.0,10607.0,10520.0,87.0,5565.0,5488.0,77.0,601.7,391.6,19.0,Lankaran-Astara,461.5057835,0.8905630540164184,1.4639902676399028,0.10812219227313567,0.07036837376460019,1.9060197663971248,0.07070626270706262,0.046228710462287104,0.013836477987421384,0.9861635220125786,210.10000000000002,0.5111922141119222,0.00820213066842651
Ağcabədi rayonu,2021,112.0,56.0,5804.0,5804.0,,5804.0,5804.0,,240.1,78.0,12.0,Karabakh,,0.0,2.14375,0.04136802205375603,0.013439007580978636,1.0,0.1419765166340509,0.10714285714285714,0.0,1.0,162.1,1.4473214285714284,0.0
Ağdaş rayonu,2021,35.0,22.0,567.0,567.0,,520.0,520.0,,17.0,15.4,4.0,Central Aran,,0.0,0.4857142857142857,0.032692307692307694,0.029615384615384616,1.0903846153846153,0.04438356164383562,0.11428571428571428,0.0,1.0,1.5999999999999996,0.04571428571428571,0.0
Ağstafa rayonu,2021,183.0,77.0,3035.0,3023.0,12.0,2323.0,2316.0,7.0,51.4,58.6,12.0,Gazakh-Tovuz,,0.0,0.2808743169398907,0.02212656048213517,0.025226000860955663,1.3065002152389151,0.0454375327494573,0.06557377049180328,0.003013344812742144,0.9969866551872578,-7.200000000000003,-0.039344262295081985,0.003953871499176277
Ağsu rayonu,2021,81.0,45.0,1108.0,1108.0,,554.0,554.0,,22.2,20.3,4.0,Mountainous Shirvan,,0.0,0.2740740740740741,0.04007220216606498,0.03664259927797834,2.0,0.03747674615254524,0.04938271604938271,0.0,1.0,1.8999999999999986,0.023456790123456774,0.0
Bakı şəhəri,2021,21885.0,11985.0,870503.0,534628.0,335875.0,639978.0,412264.0,227714.0,128542.7,129244.2,5281.0,,,0.0,5.873552661640393,0.20085487313626404,0.20195100456578194,1.3602076946395032,0.10897599844767636,0.24130683116289697,0.35581535615286775,0.6441846438471323,-701.5,-0.032053918208818824,0.3858401407002618
Balakən rayonu,2021,208.0,95.0,878.0,862.0,16.0,781.0,768.0,13.0,144.5,212.9,62.0,Sheki-Zagatala,,0.0,0.6947115384615384,0.1850192061459667,0.27259923175416134,1.1241997439180538,0.011564805057955744,0.2980769230769231,0.016645326504481434,0.9833546734955185,-68.4,-0.3288461538461539,0.018223234624145785
Beyləqan rayonu,2021,133.0,78.0,5377.0,5308.0,69.0,1866.0,1822.0,44.0,62.3,52.8,3.0,Mil-Mughan,,0.0,0.4684210526315789,0.033386923901393355,0.028295819935691316,2.8815648445873525,0.11076320939334638,0.022556390977443608,0.023579849946409433,0.9764201500535906,9.5,0.07142857142857142,0.012832434442997954
Biləsuvar rayonu,2021,102.0,45.0,1823.0,1803.0,20.0,1355.0,1340.0,15.0,41.7,42.2,8.0,,,0.0,0.40882352941176475,0.03077490774907749,0.031143911439114394,1.3453874538745387,0.04896588772495299,0.0784313725490196,0.01107011070110701,0.988929889298893,-0.5,-0.004901960784313725,0.010970927043335162
Binəqədi rayonu,2021,979.0,468.0,9300.0,6607.0,2693.0,2733.0,1242.0,1491.0,476.8,575.9,92.0,Baku,,0.0,0.48702757916241063,0.17446030003658983,0.2107208196121478,3.402854006586169,0.026025998013068968,0.09397344228804903,0.5455543358946213,0.4544456641053787,-99.09999999999997,-0.10122574055158322,0.28956989247311826
Bərdə rayonu,2021,116.0,51.0,5564.0,5564.0,,5267.0,5267.0,,149.1,102.4,7.0,Karabakh,,0.0,1.285344827586207,0.028308334915511674,0.019441807480539208,1.0563888361496108,0.13141237600377892,0.0603448275862069,0.0,1.0,46.69999999999999,0.4025862068965516,0.0
Cəlilabad rayonu,2021,126.0,67.0,2482.0,2482.0,,1638.0,1638.0,,74.0,55.3,10.0,Lankaran-Astara,,0.0,0.5873015873015873,0.045177045177045176,0.03376068376068376,1.5152625152625152,0.05396825396825397,0.07936507936507936,0.0,1.0,18.700000000000003,0.14841269841269844,0.0
Dağlıq Şirvan iqtisadi rayonu,2021,2234.0,967.0,34951.0,32807.0,2144.0,31950.0,30427.0,1523.0,6244.5,4634.099999999999,376.0,,,0.0,2.7952103849597134,0.19544600938967135,0.14504225352112673,1.0939280125195618,0.04286309954501417,0.1683079677708147,0.04766823161189358,0.9523317683881064,1610.4000000000005,0.7208594449418086,0.06134302308946811
Daşkəsən rayonu,2021,32.0,15.0,,,,,,,4.9,6.5,2.0,Ganja-Dashkasan,,0.0,0.153125,0.0,0.0,0.0,0.0,0.0625,0.0,0.0,-1.5999999999999996,-0.04999999999999999,0.0
Füzuli rayonu,2021,30.0,10.0,,,,,,,,,,,,0.0,0.0,0.0,0.0,0.0,0.0,0.0,0.0,0.0,0.0,0.0,0.0
Goranboy rayonu,2021,123.0,59.0,1183.0,1183.0,,363.0,363.0,,49.7,16.3,8.0,Ganja-Dashkasan,1837.87389756,0.06692515746771167,0.40406504065040655,0.1369146005509642,0.044903581267217635,3.2589531680440773,0.026350373092772023,0.06504065040650407,0.0,1.0,33.400000000000006,0.2715447154471545,0.0
Göygöl rayonu,2021,180.0,72.0,815.0,815.0,,640.0,640.0,,200.4,139.4,9.0,,,0.0,1.1133333333333333,0.313125,0.21781250000000002,1.2734375,0.012404870624048707,0.05,0.0,1.0,61.0,0.3388888888888889,0.0
Göyçay rayonu,2021,259.0,154.0,7966.0,7697.0,269.0,1488.0,1400.0,88.0,121.1,113.2,40.0,Central Aran,,0.0,0.46756756756756757,0.08138440860215053,0.0760752688172043,5.353494623655914,0.08426508700481303,0.15444015444015444,0.05913978494623656,0.9408602150537635,7.8999999999999915,0.03050193050193047,0.033768516193823754
Gədəbəy rayonu,2021,238.0,106.0,1036.0,1036.0,,799.0,799.0,,167.5,169.7,23.0,Ganja-Dashkasan,,0.0,0.7037815126050421,0.20963704630788485,0.21239048811013767,1.2966207759699624,0.011925866236905721,0.09663865546218488,0.0,1.0,-2.1999999999999886,-0.009243697478991548,0.0
Gəncə  şəhəri,2021,1862.0,949.0,14243.0,13509.0,734.0,13352.0,12674.0,678.0,1029.5,1880.3,160.0,,,0.0,0.5529001074113856,0.0771045536249251,0.14082534451767525,1.0667315757938887,0.020956991304091933,0.08592910848549946,0.05077890952666267,0.9492210904733374,-850.8,-0.45692803437164337,0.05153408691989047
Gəncə-Daşkəsən iqtisadi rayonu,2021,2814.0,1397.0,64113.0,55597.0,8516.0,32961.0,28899.0,4062.0,6430.299999999999,12414.099999999999,572.0,,,0.0,2.285110163468372,0.19508813446193984,0.3766299566153939,1.9451169564030217,0.06242077284808833,0.20326936744847193,0.12323655228906889,0.8767634477109311,-5983.799999999999,-2.1264392324093815,0.1328279756055714
Kürdəmir rayonu,2021,234.0,130.0,4008.0,4008.0,,3038.0,3038.0,,184.6,147.0,13.0,Central Aran,,0.0,0.7888888888888889,0.060763660302830806,0.04838709677419355,1.3192890059249507,0.046926589392342816,0.05555555555555555,0.0,1.0,37.599999999999994,0.16068376068376067,0.0
Lerik rayonu,2021,715.0,187.0,4889.0,4889.0,,1639.0,1639.0,,285.9,67.9,39.0,Lankaran-Astara,1101.38591173,0.6491820826697474,0.39986013986013985,0.17443563148261135,0.041427699816961566,2.9829164124466137,0.018733595171951337,0.05454545454545454,0.0,1.0,217.99999999999997,0.30489510489510485,0.0
Lənkəran iqtisadi rayonu,2021,3859.0,1554.0,111928.0,110865.0,1063.0,73369.0,72481.0,888.0,10045.6,18407.0,623.0,,,0.0,2.603161440787769,0.13691886218975316,0.2508825253172321,1.5255489375621856,0.07946412407217428,0.16144078776885204,0.012103204350611293,0.9878967956493887,-8361.4,-2.1667271313811867,0.009497176756486312
Lənkəran rayonu,2021,1429.0,664.0,74430.0,73454.0,976.0,49949.0,49138.0,811.0,7800.3,17169.4,399.0,,,0.0,5.458572428271519,0.15616528859436626,0.34373861338565337,1.4901199223207673,0.14269965585666766,0.27921623512946114,0.016236561292518367,0.9837634387074816,-9369.100000000002,-6.556403079076278,0.013112992073088808
Masallı rayonu,2021,1148.0,453.0,19520.0,19520.0,,14578.0,14578.0,,1283.7,722.8,156.0,Lankaran-Astara,,0.0,1.118205574912892,0.08805734668678832,0.04958156125668816,1.3390039785978873,0.046584888549472576,0.13588850174216027,0.0,1.0,560.9000000000001,0.4885888501742161,0.0
Mil-Muğan iqtisadi rayonu,2021,295.0,156.0,9493.0,9424.0,69.0,5027.0,4983.0,44.0,159.39999999999998,119.0,16.0,,,0.0,0.5403389830508474,0.03170877262780982,0.023672170280485377,1.8884026258205688,0.08816345484095658,0.05423728813559322,0.0087527352297593,0.9912472647702407,40.39999999999998,0.1369491525423728,0.0072685136416306756
Mingəçevir şəhəri,2021,705.0,254.0,17428.0,16429.0,999.0,11645.0,11592.0,53.0,1009.7,1917.1,172.0,Central Aran,,0.0,1.4321985815602838,0.08670674109059683,0.164628595963933,1.4966079862601975,0.0677275818517439,0.24397163120567375,0.00455130957492486,0.9954486904250751,-907.3999999999999,-1.28709219858156,0.05732155152627955
Mərkəzi Aran iqtisadi rayonu,2021,1426.0,658.0,29969.0,28701.0,1268.0,16691.0,16550.0,141.0,1332.3999999999999,2192.7,229.0,,,0.0,0.9343618513323982,0.07982745192019651,0.13137019950871726,1.7955185429273262,0.05757843570481661,0.1605890603085554,0.008447666407045713,0.9915523335929542,-860.3,-0.6032959326788219,0.042310387400313655
Naftalan  şəhəri,2021,617.0,302.0,47872.0,40090.0,7782.0,18606.0,15222.0,3384.0,5145.8,10371.6,393.0,,15.57198574,39.622435462106964,8.340032414910858,0.2765666989143287,0.5574330861012576,2.5729334623239817,0.2125707688550432,0.6369529983792545,0.18187681393099,0.81812318606901,-5225.8,-8.46969205834684,0.16255848930481284
Nizami rayonu,2021,814.0,551.0,422.0,,422.0,253.0,,253.0,12.7,13.3,9.0,Baku,,0.0,0.015601965601965601,0.05019762845849802,0.05256916996047431,1.66798418972332,0.001420349365554845,0.011056511056511056,1.0,0.0,-0.6000000000000014,-0.0007371007371007388,1.0
Nərimanov rayonu,2021,3550.0,2042.0,203817.0,175672.0,28145.0,148259.0,142533.0,5726.0,11830.8,11899.9,1057.0,Baku,,0.0,3.332619718309859,0.07979819100358157,0.0802642672620212,1.3747361037103987,0.15729654640169785,0.29774647887323946,0.03862160138676236,0.9613783986132376,-69.10000000000036,-0.019464788732394468,0.138089560733403
Nəsimi rayonu,2021,5285.0,2867.0,282276.0,178930.0,103346.0,236448.0,159200.0,77248.0,37594.1,35068.2,1223.0,Baku,,0.0,7.113358561967833,0.15899521247800785,0.14831252537555825,1.193818514007308,0.14633091846917484,0.2314096499526963,0.32670185410745706,0.673298145892543,2525.9000000000015,0.4779375591296124,0.366116850175006
Oğuz rayonu,2021,138.0,62.0,1404.0,1404.0,,1404.0,1404.0,,99.4,68.4,17.0,Sheki-Zagatala,,0.0,0.7202898550724638,0.0707977207977208,0.048717948717948725,1.0,0.027873734365693865,0.12318840579710146,0.0,1.0,31.0,0.2246376811594203,0.0
Qarabağ iqtisadi rayonu,2021,599.0,278.0,13772.0,13550.0,222.0,12800.0,12622.0,178.0,931.0,892.6,90.0,,,0.0,1.5542570951585977,0.072734375,0.069734375,1.0759375,0.06299082946463283,0.15025041736227046,0.01390625,0.98609375,38.39999999999998,0.06410684474123536,0.016119663084519315
Qaradağ rayonu,2021,129.0,90.0,2443.0,2161.0,282.0,383.0,321.0,62.0,153.8,107.4,23.0,Baku,,0.0,1.192248062015504,0.4015665796344648,0.2804177545691906,6.3785900783289815,0.0518848890304768,0.17829457364341086,0.1618798955613577,0.8381201044386423,46.400000000000006,0.3596899224806202,0.11543184609087188
Qax rayonu,2021,746.0,292.0,26736.0,26721.0,15.0,12900.0,12885.0,15.0,1547.5,718.9,79.0,Sheki-Zagatala,,0.0,2.074396782841823,0.11996124031007752,0.05572868217054264,2.0725581395348835,0.09818943038672004,0.10589812332439678,0.0011627906976744186,0.9988372093023256,828.6,1.1107238605898124,0.0005610412926391383
Qazax rayonu,2021,174.0,81.0,447.0,447.0,,297.0,297.0,,21.2,34.0,15.0,Gazakh-Tovuz,,0.0,0.12183908045977011,0.07138047138047138,0.11447811447811448,1.505050505050505,0.007038261691072272,0.08620689655172414,0.0,1.0,-12.8,-0.0735632183908046,0.0
Qazax-Tovuz iqtisadi rayonu,2021,1068.0,500.0,12316.0,12304.0,12.0,10262.0,10255.0,7.0,807.8,980.3,147.0,,1818.350328,0.5873455645781367,0.7563670411985018,0.07871759890859481,0.09552718768271291,1.2001559150263106,0.031594069057513725,0.13764044943820225,0.0006821282401091405,0.9993178717598908,-172.5,-0.16151685393258428,0.000974342318934719
Quba rayonu,2021,1778.0,750.0,106209.0,95442.0,10767.0,68072.0,62103.0,5969.0,9492.4,9983.6,614.0,Guba-Khachmaz,,0.0,5.338807649043869,0.1394464684451757,0.14666235750381948,1.5602450346691739,0.16365779620013252,0.34533183352080987,0.08768656716417911,0.9123134328358209,-491.2000000000007,-0.2762654668166483,0.1013755896392961
Quba-Xaçmaz iqtisadi rayonu,2021,11032.0,4377.0,398709.0,369023.0,29686.0,186368.0,169624.0,16744.0,29891.0,37545.3,1926.0,,,0.0,2.709481508339376,0.16038697630494506,0.20145786830357146,2.1393640539148353,0.09901680789136459,0.17458303118201596,0.08984375,0.91015625,-7654.300000000003,-0.6938270485859321,0.07445530449525845
Qusar rayonu,2021,2289.0,991.0,69544.0,57217.0,12327.0,40573.0,33737.0,6836.0,8778.4,16998.1,549.0,Guba-Khachmaz,,0.0,3.8350371341197027,0.21636063391910876,0.4189510265447465,1.7140462869395903,0.08323787979437093,0.2398427260812582,0.16848643186355458,0.8315135681364454,-8219.699999999999,-3.5909567496723453,0.1772546876797423
Qəbələ rayonu,2021,2725.0,1157.0,141580.0,114075.0,27505.0,83534.0,70623.0,12911.0,17888.5,19759.6,940.0,,,0.0,6.564587155963303,0.21414633562381785,0.2365455981995355,1.6948787320133119,0.14234510493904737,0.344954128440367,0.15455981995355184,0.8454401800464482,-1871.0999999999985,-0.6866422018348618,0.19427178980081933
Saatlı rayonu,2021,27.0,16.0,150.0,150.0,,109.0,109.0,,6.8,6.4,2.0,Mil-Mughan,,0.0,0.2518518518518518,0.06238532110091743,0.05871559633027523,1.3761467889908257,0.015220700152207,0.07407407407407407,0.0,1.0,0.39999999999999947,0.014814814814814795,0.0
Sabirabad rayonu,2021,82.0,40.0,3628.0,3628.0,,2755.0,2755.0,,86.7,46.0,7.0,Mil-Mughan,1466.33041279,0.05592191179065697,1.0573170731707318,0.031470054446460984,0.016696914700544463,1.3168784029038112,0.12121617106582025,0.08536585365853659,0.0,1.0,40.7,0.4963414634146342,0.0
Sabunçu rayonu,2021,563.0,329.0,51974.0,41912.0,10062.0,25865.0,20897.0,4968.0,5872.2,8405.7,114.0,Baku,,0.0,10.43019538188277,0.22703266963077517,0.3249835685289001,2.009433597525614,0.25292099564466286,0.2024866785079929,0.1920742315870868,0.8079257684129132,-2533.500000000001,-4.500000000000002,0.1935967983991996
Salyan rayonu,2021,142.0,88.0,1019.0,1019.0,,440.0,440.0,,53.5,53.2,6.0,,1916.78295505,0.07408246177580177,0.3767605633802817,0.1215909090909091,0.12090909090909091,2.315909090909091,0.019660428323364846,0.04225352112676056,0.0,1.0,0.29999999999999716,0.002112676056338008,0.0
Sumqayıt şəhəri,2021,487.0,256.0,6608.0,6576.0,32.0,6481.0,6476.0,5.0,1627.9,1349.7,265.0,Absheron,,0.0,3.342710472279261,0.2511803733991668,0.2082548989353495,1.0195957413979324,0.03717476301651149,0.5441478439425051,0.0007714858818083629,0.9992285141181917,278.20000000000005,0.571252566735113,0.004842615012106538
Suraxanı rayonu,2021,33.0,18.0,,,,,,,,,,Baku,,0.0,0.0,0.0,0.0,0.0,0.0,0.0,0.0,0.0,0.0,0.0,0.0
Səbail rayonu,2021,6317.0,3189.0,222942.0,97348.0,125594.0,176770.0,79210.0,97560.0,50843.8,57199.2,1711.0,Baku,,0.0,8.048725660914991,0.2876268597612717,0.32357979295129263,1.2611981671098036,0.09669146746873516,0.27085641918632264,0.551903603552639,0.448096396447361,-6355.399999999994,-1.0060788348899785,0.5633483148083358
Tovuz rayonu,2021,266.0,133.0,2638.0,2638.0,,1755.0,1755.0,,138.4,264.6,45.0,Gazakh-Tovuz,1818.350328,0.1462864421140303,0.5203007518796993,0.07886039886039886,0.1507692307692308,1.503133903133903,0.027170666392007416,0.16917293233082706,0.0,1.0,-126.20000000000002,-0.474436090225564,0.0
Tərtər rayonu,2021,54.0,24.0,733.0,733.0,,733.0,733.0,,39.0,32.0,5.0,Karabakh,,0.0,0.7222222222222222,0.05320600272851296,0.04365620736698499,1.0,0.037189244038559104,0.09259259259259259,0.0,1.0,7.0,0.12962962962962962,0.0
Xaçmaz rayonu,2021,6536.0,2419.0,119368.0,119234.0,134.0,20678.0,20586.0,92.0,5614.2,4996.8,540.0,Guba-Khachmaz,,0.0,0.8589657282741738,0.27150594835090436,0.24164812844569108,5.772705290647065,0.05003604902667628,0.08261933904528763,0.004449173034142567,0.9955508269658574,617.3999999999996,0.09446144430844548,0.0011225789156222774
Xızı rayonu,2021,148.0,53.0,722.0,722.0,,471.0,471.0,,97.8,134.1,20.0,Absheron,,0.0,0.6608108108108108,0.2076433121019108,0.28471337579617834,1.5329087048832273,0.013365420214735283,0.13513513513513514,0.0,1.0,-36.3,-0.24527027027027026,0.0
Xətai rayonu,2021,1097.0,629.0,6524.0,1607.0,4917.0,3024.0,639.0,2385.0,503.0,982.1,108.0,Baku,,0.0,0.4585232452142206,0.16633597883597884,0.3247685185185185,2.1574074074074074,0.01629350282838626,0.09845031905195989,0.7886904761904762,0.2113095238095238,-479.1,-0.4367365542388332,0.7536787247087676
Xəzər rayonu,2021,930.0,513.0,46254.0,13010.0,33244.0,35505.0,4765.0,30740.0,7223.9,4315.7,510.0,Baku,,0.0,7.7676344086021505,0.2034614842979862,0.12155189409942262,1.3027460920997043,0.13626159964648696,0.5483870967741935,0.8657935502041966,0.1342064497958034,2908.2,3.1270967741935483,0.7187270290137069
Yardımlı rayonu,2021,30.0,21.0,,,,,,,,,,Lankaran-Astara,,0.0,0.0,0.0,0.0,0.0,0.0,0.0,0.0,0.0,0.0,0.0,0.0
Yasamal rayonu,2021,2188.0,1289.0,44551.0,17381.0,27170.0,10738.0,3457.0,7281.0,14031.6,10676.8,434.0,Baku,,0.0,6.412979890310786,1.3067237846898865,0.9943006146395976,4.148910411622276,0.055784979088928405,0.1983546617915905,0.6780592289066866,0.3219407710933135,3354.800000000001,1.5332723948811706,0.6098628538079953
Yevlax rayonu,2021,173.0,87.0,,,,,,,,,,Central Aran,,0.0,0.0,0.0,0.0,0.0,0.0,0.0,0.0,0.0,0.0,0.0,0.0
Zaqatala rayonu,2021,395.0,178.0,10233.0,10143.0,90.0,8851.0,8768.0,83.0,340.0,274.4,44.0,Sheki-Zagatala,,0.0,0.8607594936708861,0.03841373856061462,0.03100214665009603,1.1561405490904983,0.07097624414773712,0.11139240506329114,0.00937747147215004,0.9906225285278499,65.60000000000002,0.16607594936708867,0.008795074758135445
Zərdab rayonu,2021,20.0,11.0,,,,,,,,,,Central Aran,,0.0,0.0,0.0,0.0,0.0,0.0,0.0,0.0,0.0,0.0,0.0,0.0
İmişli rayonu,2021,53.0,22.0,338.0,338.0,,297.0,297.0,,3.6,13.8,4.0,Mil-Mughan,,0.0,0.06792452830188679,0.012121212121212121,0.046464646464646465,1.138047138047138,0.017472215042646677,0.07547169811320754,0.0,1.0,-10.200000000000001,-0.19245283018867926,0.0
İsmayıllı rayonu,2021,1312.0,556.0,4712.0,3615.0,1097.0,3871.0,3354.0,517.0,572.3,380.6,85.0,Mountainous Shirvan,,0.0,0.4362042682926829,0.1478429346422113,0.09832084732627229,1.2172565228623096,0.009839625793518209,0.06478658536585366,0.13355722035649703,0.866442779643503,191.69999999999993,0.14611280487804873,0.23280984719864176
Şabran rayonu,2021,429.0,217.0,103588.0,97130.0,6458.0,57045.0,53198.0,3847.0,6006.0,5566.8,223.0,Guba-Khachmaz,,0.0,14.0,0.10528530107809624,0.09758611622403367,1.8158997282846876,0.6615448478462177,0.5198135198135199,0.06743798755368569,0.9325620124463143,439.1999999999998,1.0237762237762233,0.06234312854770823
Şamaxı rayonu,2021,841.0,366.0,29131.0,28084.0,1047.0,27525.0,26519.0,1006.0,5650.0,4233.2,287.0,Mountainous Shirvan,,0.0,6.718192627824019,0.2052679382379655,0.15379473206176203,1.058346957311535,0.09490007004055837,0.3412604042806183,0.03654859218891916,0.9634514078110809,1416.8000000000002,1.6846611177170039,0.035941093680271874
Şirvan şəhəri,2021,195.0,106.0,2206.0,2194.0,12.0,1610.0,1607.0,3.0,109.0,170.1,35.0,,,0.0,0.558974358974359,0.06770186335403727,0.10565217391304348,1.3701863354037267,0.03099402880224798,0.1794871794871795,0.0018633540372670807,0.9981366459627329,-61.099999999999994,-0.3133333333333333,0.005439709882139619
Şirvan-Salyan iqtisadi rayonu,2021,439.0,239.0,5048.0,5016.0,32.0,3405.0,3387.0,18.0,204.2,265.5,49.0,,1916.78295505,0.22902958253223224,0.4651480637813212,0.05997063142437591,0.07797356828193833,1.4825256975036711,0.031503728898180795,0.11161731207289294,0.0052863436123348016,0.9947136563876652,-61.30000000000001,-0.1396355353075171,0.006339144215530904
Şuşa rayonu,2021,287.0,137.0,1671.0,1449.0,222.0,996.0,818.0,178.0,502.8,680.2,66.0,Karabakh,,0.0,1.7519163763066203,0.5048192771084338,0.6829317269076306,1.677710843373494,0.015951505894706695,0.22996515679442509,0.178714859437751,0.821285140562249,-177.40000000000003,-0.6181184668989548,0.13285457809694792
Şəki rayonu,2021,582.0,283.0,7430.0,7006.0,424.0,4274.0,4069.0,205.0,795.8,619.3,108.0,,,0.0,1.3673539518900344,0.186195601310248,0.1448993916705662,1.7384183434721572,0.03497622746316434,0.18556701030927836,0.04796443612540945,0.9520355638745905,176.5,0.30326460481099654,0.057065948855989236
Şəki-Zaqatala iqtisadi rayonu,2021,4794.0,2067.0,188261.0,160211.0,28050.0,111744.0,98517.0,13227.0,20815.7,21653.5,1250.0,,,0.0,4.342031706299541,0.18628024770904927,0.19377774198167239,1.6847526489117983,0.10758939542007417,0.26074259491030455,0.11836877147766323,0.8816312285223368,-837.7999999999993,-0.17476011681268236,0.14899527783237101
Şəmkir rayonu,2021,207.0,103.0,5160.0,5160.0,,5088.0,5088.0,,429.3,453.4,52.0,Gazakh-Tovuz,,0.0,2.073913043478261,0.084375,0.08911163522012579,1.0141509433962264,0.06829461981338097,0.25120772946859904,0.0,1.0,-24.099999999999966,-0.1164251207729467,0.0
Abşeron iqtisadi rayonu,2022,1107.0,620.0,10374.0,7464.0,2910.0,7982.0,6855.0,1127.0,1965.3000000000002,1847.1,334.0,,,0.0,1.775338753387534,0.24621648709596594,0.23140816837885242,1.299674267100977,0.025674722500649665,0.3017163504968383,0.1411926835379604,0.8588073164620396,118.20000000000027,0.10677506775067776,0.28050896471949105
Abşeron rayonu,2022,452.0,301.0,5027.0,2879.0,2148.0,3316.0,2550.0,766.0,299.2,265.3,31.0,Absheron,,0.0,0.6619469026548672,0.0902291917973462,0.08000603136308806,1.5159831121833534,0.030470360043641655,0.06858407079646017,0.2310012062726176,0.7689987937273823,33.89999999999998,0.07499999999999996,0.42729261985279493
Astara rayonu,2022,501.0,214.0,12001.0,11847.0,154.0,8568.0,8458.0,110.0,895.6,818.0,160.0,Lankaran-Astara,461.5057835,1.0855768614652692,1.787624750499002,0.10452847805788983,0.09547152194211017,1.4006769374416432,0.06562764881196512,0.3193612774451098,0.012838468720821661,0.9871615312791784,77.60000000000002,0.15489021956087828,0.012832263978001834
Ağcabədi rayonu,2022,191.0,96.0,8258.0,8068.0,190.0,7802.0,7731.0,71.0,379.9,125.3,12.0,Karabakh,,0.0,1.9890052356020942,0.04869264291207383,0.016059984619328376,1.0584465521661113,0.11845370436778312,0.06282722513089005,0.00910023071007434,0.9908997692899256,254.59999999999997,1.332984293193717,0.023007992249939452
Ağdaş rayonu,2022,35.0,22.0,476.0,465.0,11.0,476.0,465.0,11.0,14.3,15.5,4.0,Central Aran,,0.0,0.4085714285714286,0.03004201680672269,0.032563025210084036,1.0,0.03726027397260274,0.11428571428571428,0.023109243697478993,0.976890756302521,-1.1999999999999993,-0.03428571428571427,0.023109243697478993
Ağstafa rayonu,2022,183.0,77.0,4109.0,4020.0,89.0,3217.0,3142.0,75.0,86.0,68.4,12.0,Gazakh-Tovuz,,0.0,0.46994535519125685,0.02673298103823438,0.021262045383898042,1.2772769661175007,0.06151658058237892,0.06557377049180328,0.023313646254274168,0.9766863537457259,17.599999999999994,0.09617486338797811,0.021659771233876857
Ağsu rayonu,2022,81.0,45.0,1371.0,1371.0,,693.0,693.0,,26.9,20.0,4.0,Mountainous Shirvan,,0.0,0.33209876543209876,0.03881673881673881,0.02886002886002886,1.9783549783549783,0.04637239979705733,0.04938271604938271,0.0,1.0,6.899999999999999,0.08518518518518517,0.0
Bakı şəhəri,2022,24244.0,13249.0,1458194.0,348449.0,1109745.0,996428.0,228781.0,767647.0,227798.2,170667.19999999998,5600.0,,,0.0,9.396065005774625,0.22861481210885284,0.17127900861878628,1.4634213410301598,0.16478518622316946,0.23098498597591158,0.7703988647448686,0.22960113525513132,57131.00000000003,2.3565005774624663,0.7610407120040269
Balakən rayonu,2022,208.0,95.0,5110.0,4934.0,176.0,3498.0,3412.0,86.0,324.3,535.2,62.0,Sheki-Zagatala,,0.0,1.5591346153846155,0.09271012006861064,0.15300171526586623,1.4608347627215552,0.0673076923076923,0.2980769230769231,0.024585477415666093,0.9754145225843339,-210.90000000000003,-1.0139423076923078,0.03444227005870842
Beyləqan rayonu,2022,133.0,78.0,5838.0,5512.0,326.0,1959.0,1676.0,283.0,69.3,53.2,3.0,Mil-Mughan,,0.0,0.5210526315789473,0.03537519142419602,0.027156712608473712,2.980091883614089,0.12025955299206921,0.022556390977443608,0.14446145992853496,0.855538540071465,16.099999999999994,0.12105263157894733,0.05584104145255225
Biləsuvar rayonu,2022,96.0,39.0,2799.0,2736.0,63.0,1982.0,1929.0,53.0,61.4,55.3,8.0,,,0.0,0.6395833333333333,0.030978809283551966,0.027901109989909183,1.412209889001009,0.07988013698630136,0.08333333333333333,0.02674066599394551,0.9732593340060545,6.100000000000001,0.06354166666666668,0.022508038585209004
Binəqədi rayonu,2022,1271.0,578.0,8878.0,1248.0,7630.0,5525.0,1217.0,4308.0,411.1,393.6,67.0,Baku,,0.0,0.32344610542879626,0.07440723981900453,0.07123981900452489,1.6068778280542986,0.019137126413243805,0.05271439811172305,0.7797285067873303,0.22027149321266967,17.5,0.013768686073957514,0.8594277990538409
Bərdə rayonu,2022,116.0,51.0,6868.0,6699.0,169.0,6340.0,6195.0,145.0,172.3,122.0,6.0,Karabakh,,0.0,1.485344827586207,0.02717665615141956,0.019242902208201892,1.0832807570977918,0.16221067548417573,0.05172413793103448,0.022870662460567823,0.9771293375394322,50.30000000000001,0.43362068965517253,0.02460687245195108
Cəlilabad rayonu,2022,174.0,91.0,2642.0,2469.0,173.0,1758.0,1645.0,113.0,124.2,88.2,12.0,Lankaran-Astara,,0.0,0.7137931034482758,0.07064846416382253,0.050170648464163824,1.5028441410693971,0.041599748071169895,0.06896551724137931,0.06427758816837315,0.9357224118316269,36.0,0.20689655172413793,0.06548069644208933
Dağlıq Şirvan iqtisadi rayonu,2022,2234.0,967.0,56666.0,50073.0,6593.0,48791.0,43675.0,5116.0,9717.2,7578.4,450.0,,,0.0,4.349686660698299,0.1991596810887254,0.15532372773667275,1.1614027177143325,0.06949387424731117,0.20143240823634737,0.10485540366051116,0.8951445963394888,2138.800000000001,0.9573858549686666,0.11634842762856033
Daşkəsən rayonu,2022,32.0,15.0,,,,,,,,,,Ganja-Dashkasan,,0.0,0.0,0.0,0.0,0.0,0.0,0.0,0.0,0.0,0.0,0.0,0.0
Füzuli rayonu,2022,30.0,10.0,,,,,,,,,,,,0.0,0.0,0.0,0.0,0.0,0.0,0.0,0.0,0.0,0.0,0.0,0.0
Goranboy rayonu,2022,167.0,77.0,2127.0,2127.0,,789.0,789.0,,178.6,220.0,8.0,Ganja-Dashkasan,1837.87389756,0.09086586420412887,1.0694610778443114,0.22636248415716095,0.2788339670468948,2.6958174904942966,0.03489459437289804,0.04790419161676647,0.0,1.0,-41.400000000000006,-0.2479041916167665,0.0
Göygöl rayonu,2022,180.0,72.0,6776.0,2664.0,4112.0,1116.0,957.0,159.0,321.6,188.5,9.0,,,0.0,1.7866666666666668,0.2881720430107527,0.1689068100358423,6.07168458781362,0.10313546423135464,0.05,0.1424731182795699,0.8575268817204301,133.10000000000002,0.7394444444444446,0.6068476977567887
Göyçay rayonu,2022,259.0,154.0,13003.0,12308.0,695.0,1797.0,1664.0,133.0,257.6,233.5,41.0,Central Aran,,0.0,0.9945945945945946,0.14335002782415138,0.12993878686700056,7.235948803561492,0.1375469402866663,0.1583011583011583,0.07401224262659989,0.9259877573734001,24.100000000000023,0.09305019305019314,0.05344920402983927
Gədəbəy rayonu,2022,248.0,111.0,1056.0,1056.0,,948.0,948.0,,163.9,167.3,25.0,Ganja-Dashkasan,,0.0,0.6608870967741935,0.1728902953586498,0.17647679324894516,1.1139240506329113,0.01166593018117543,0.10080645161290322,0.0,1.0,-3.4000000000000057,-0.013709677419354862,0.0
Gəncə  şəhəri,2022,1947.0,997.0,20712.0,17640.0,3072.0,19339.0,16526.0,2813.0,1531.5,1727.6,162.0,,,0.0,0.7865947611710323,0.07919230570350069,0.0893324370443146,1.0709964320802523,0.029144943749076557,0.08320493066255778,0.14545736594446457,0.8545426340555354,-196.0999999999999,-0.10071905495634305,0.14831981460023175
Gəncə-Daşkəsən iqtisadi rayonu,2022,2943.0,1463.0,115183.0,71310.0,43873.0,43975.0,32468.0,11507.0,11341.7,11596.0,597.0,,,0.0,3.853788651036358,0.2579124502558272,0.26369528140989196,2.619283683911313,0.1072272725156978,0.20285423037716616,0.26167140420693574,0.7383285957930642,-254.29999999999927,-0.086408426775399,0.3808982228280215
Kürdəmir rayonu,2022,234.0,130.0,3323.0,3323.0,,2259.0,2259.0,,101.8,109.0,13.0,Central Aran,,0.0,0.43504273504273505,0.045064187693669766,0.048251438689685705,1.4710048694112439,0.03890645123521836,0.05555555555555555,0.0,1.0,-7.200000000000003,-0.03076923076923078,0.0
Lerik rayonu,2022,715.0,187.0,3861.0,3861.0,,2299.0,2299.0,,714.3,1155.5,43.0,Lankaran-Astara,1101.38591173,0.6491820826697474,0.999020979020979,0.31070030448020874,0.5026098303610266,1.6794258373205742,0.014794520547945205,0.06013986013986014,0.0,1.0,-441.20000000000005,-0.6170629370629371,0.0
Lənkəran iqtisadi rayonu,2022,4082.0,1660.0,129992.0,128556.0,1436.0,111661.0,110540.0,1121.0,11967.6,12377.6,758.0,,,0.0,2.931798138167565,0.10717797619580695,0.1108498043184281,1.1641665397945566,0.0872470518749203,0.18569328760411563,0.01003931542794709,0.9899606845720529,-410.0,-0.10044096031357178,0.01104683365130162
Lənkəran rayonu,2022,1496.0,683.0,93981.0,92963.0,1018.0,85795.0,84968.0,827.0,9241.0,9754.0,406.0,,,0.0,6.177139037433155,0.10771023952444782,0.1136896089515706,1.095413485634361,0.17211376455937294,0.2713903743315508,0.009639256366921149,0.9903607436330788,-513.0,-0.3429144385026738,0.010831976676136666
Masallı rayonu,2022,1123.0,443.0,17444.0,17353.0,91.0,13207.0,13136.0,71.0,991.2,561.0,136.0,Lankaran-Astara,,0.0,0.8826357969723954,0.07505110926024078,0.04247747406678277,1.3208147194669493,0.04255724026884934,0.12110418521816563,0.005375937003104414,0.9946240629968955,430.20000000000005,0.3830810329474622,0.00521669341894061
Mil-Muğan iqtisadi rayonu,2022,329.0,175.0,11364.0,11038.0,326.0,7192.0,6909.0,283.0,260.4,187.8,15.0,,,0.0,0.7914893617021276,0.036206896551724134,0.026112347052280313,1.5800889877641824,0.09463296831411083,0.04559270516717325,0.039349276974416016,0.960650723025584,72.59999999999997,0.22066869300911843,0.02868708201337557
Mingəçevir şəhəri,2022,705.0,254.0,17283.0,15602.0,1681.0,6005.0,5875.0,130.0,1172.1,2131.5,173.0,Central Aran,,0.0,1.6625531914893616,0.1951873438800999,0.3549542048293089,2.8781015820149873,0.06716409210142815,0.2453900709219858,0.02164862614487927,0.9783513738551207,-959.4000000000001,-1.3608510638297873,0.0972632066192212
Mərkəzi Aran iqtisadi rayonu,2022,1426.0,658.0,34085.0,31698.0,2387.0,10537.0,10263.0,274.0,1545.8,2489.5,231.0,,,0.0,1.0840112201963534,0.14670209737116827,0.23626269336623326,3.2347916864382653,0.06548636861419048,0.16199158485273493,0.02600360633956534,0.9739963936604347,-943.7,-0.661781206171108,0.07003080533959219
Naftalan  şəhəri,2022,617.0,302.0,85568.0,48879.0,36689.0,22731.0,14196.0,8535.0,9310.0,9459.9,418.0,,15.57198574,39.622435462106964,15.089141004862237,0.40957283005587086,0.416167348554837,3.76437464255862,0.3799560400523967,0.6774716369529984,0.3754784215388676,0.6245215784611323,-149.89999999999964,-0.24294975688816797,0.4287701009723261
Nizami rayonu,2022,814.0,551.0,,,,,,,,48.1,,Baku,,0.0,0.0,0.0,0.0,0.0,0.0,0.0,0.0,0.0,0.0,0.0,0.0
Nərimanov rayonu,2022,3723.0,2129.0,228216.0,58437.0,169779.0,152287.0,40391.0,111896.0,21885.5,19347.5,1243.0,Baku,,0.0,5.878458232608112,0.14371220130411658,0.1270463007347968,1.4985914753064937,0.16794233550053536,0.33387053451517595,0.7347705319561092,0.2652294680438908,2538.0,0.6817082997582594,0.7439399516247766
Nəsimi rayonu,2022,5857.0,3214.0,624337.0,151121.0,473216.0,458958.0,107156.0,351802.0,70922.5,52894.5,1455.0,Baku,,0.0,12.10901485402083,0.15452939048889006,0.11524910776149451,1.3603358041476563,0.29204581334593194,0.24842069318763874,0.7665232984281786,0.23347670157182138,18028.0,3.0780262933242275,0.7579496329706553
Oğuz rayonu,2022,138.0,62.0,1312.0,1312.0,,1312.0,1312.0,,109.1,98.6,23.0,Sheki-Zagatala,,0.0,0.7905797101449274,0.08315548780487804,0.07515243902439024,1.0,0.026047250347429024,0.16666666666666666,0.0,1.0,10.5,0.07608695652173914,0.0
Qarabağ iqtisadi rayonu,2022,742.0,342.0,33521.0,30601.0,2920.0,31487.0,28746.0,2741.0,3583.9,2986.8,117.0,,,0.0,4.830053908355795,0.11382157715882746,0.09485819544573952,1.0645980880998507,0.12377136949377839,0.15768194070080863,0.08705179915520692,0.9129482008447931,597.0999999999999,0.8047169811320753,0.0871095731034277
Qaradağ rayonu,2022,201.0,138.0,3730.0,3555.0,175.0,774.0,745.0,29.0,159.3,155.3,19.0,Baku,,0.0,0.7925373134328358,0.20581395348837211,0.20064599483204135,4.819121447028424,0.05084168200095413,0.0945273631840796,0.037467700258397935,0.962532299741602,4.0,0.01990049751243781,0.04691689008042895
Qax rayonu,2022,862.0,331.0,21771.0,21664.0,107.0,13347.0,13281.0,66.0,1839.3,1292.6,140.0,Sheki-Zagatala,,0.0,2.1337587006960557,0.13780624859518992,0.09684573312354836,1.6311530681051922,0.06919556304230366,0.16241299303944315,0.004944931445268599,0.9950550685547314,546.7,0.6342227378190256,0.004914794910660971
Qazax rayonu,2022,174.0,81.0,2186.0,2182.0,4.0,784.0,782.0,2.0,117.9,80.1,15.0,Gazakh-Tovuz,,0.0,0.6775862068965518,0.1503826530612245,0.10216836734693877,2.788265306122449,0.03441977641316328,0.08620689655172414,0.002551020408163265,0.9974489795918368,37.80000000000001,0.2172413793103449,0.0018298261665141812
Qazax-Tovuz iqtisadi rayonu,2022,1078.0,505.0,17744.0,17398.0,346.0,11894.0,11714.0,180.0,1072.1,1218.9,145.0,,1818.350328,0.5928450548831754,0.9945269016697588,0.09013788464772153,0.10248024213889356,1.491844627543299,0.04509619538973746,0.1345083487940631,0.015133680847486128,0.9848663191525139,-146.80000000000018,-0.1361781076066792,0.01949954914337241
Quba rayonu,2022,1817.0,789.0,153078.0,97830.0,55248.0,100076.0,72461.0,27615.0,15237.2,14363.0,847.0,Guba-Khachmaz,,0.0,8.38591084204733,0.15225628522323034,0.14352092409768577,1.5296174907070625,0.23081550953325142,0.4661529994496423,0.27594028538310883,0.7240597146168911,874.2000000000007,0.4811227297743537,0.3609140438207972
Quba-Xaçmaz iqtisadi rayonu,2022,11277.0,4586.0,491107.0,378412.0,112695.0,232646.0,174497.0,58149.0,49036.9,55370.4,2359.0,,,0.0,4.3483993970027495,0.21077903767956466,0.23800280254119993,2.110962578337904,0.11931352577254467,0.20918684047175667,0.249946270299081,0.750053729700919,-6333.5,-0.5616298660991399,0.2294713779278243
Qusar rayonu,2022,2289.0,991.0,107528.0,60287.0,47241.0,58699.0,33405.0,25294.0,20730.1,26528.4,618.0,Guba-Khachmaz,,0.0,9.056400174748799,0.35315933831922175,0.45193955604013697,1.8318540349920782,0.12870129326080063,0.2699868938401048,0.430910236971669,0.569089763028331,-5798.300000000003,-2.533114897335082,0.4393367308979987
Qəbələ rayonu,2022,2725.0,1157.0,171998.0,71894.0,100104.0,98728.0,47414.0,51314.0,28613.4,25113.6,992.0,,,0.0,10.500330275229357,0.2898205169759339,0.25437160683899196,1.7421400210679847,0.17292748523312806,0.36403669724770643,0.5197512357183373,0.48024876428166274,3499.800000000003,1.2843302752293588,0.5820067675205526
Saatlı rayonu,2022,61.0,35.0,,,,,,,0.0,0.0,,Mil-Mughan,,0.0,0.0,0.0,0.0,0.0,0.0,0.0,0.0,0.0,0.0,0.0,0.0
Sabirabad rayonu,2022,82.0,40.0,5157.0,5157.0,,4959.0,4959.0,,169.4,64.2,7.0,Mil-Mughan,1466.33041279,0.05592191179065697,2.0658536585365854,0.03416011292599314,0.01294615849969752,1.0399274047186933,0.17230203808887404,0.08536585365853659,0.0,1.0,105.2,1.2829268292682927,0.0
Sabunçu rayonu,2022,563.0,329.0,41549.0,19102.0,22447.0,18403.0,8378.0,10025.0,7947.7,5196.7,175.0,Baku,,0.0,14.116696269982238,0.431869803836331,0.28238330706949955,2.257729717980764,0.20218983430253779,0.3108348134991119,0.5447481388903983,0.4552518611096017,2751.0,4.886323268206039,0.5402536763821031
Salyan rayonu,2022,142.0,88.0,1562.0,1170.0,392.0,840.0,718.0,122.0,87.8,75.5,6.0,,1916.78295505,0.07408246177580177,0.6183098591549295,0.10452380952380952,0.08988095238095238,1.8595238095238096,0.030136986301369864,0.04225352112676056,0.14523809523809525,0.8547619047619047,12.299999999999997,0.08661971830985914,0.25096030729833546
Sumqayıt şəhəri,2022,507.0,266.0,4666.0,3904.0,762.0,3996.0,3635.0,361.0,1587.7,1376.1,281.0,Absheron,,0.0,3.1315581854043395,0.39732232232232234,0.34436936936936935,1.1676676676676676,0.025214125530247763,0.5542406311637081,0.09034034034034034,0.9096596596596597,211.60000000000014,0.41735700197238684,0.16330904414916417
Suraxanı rayonu,2022,48.0,33.0,742.0,742.0,,283.0,283.0,,55.2,,7.0,Baku,,0.0,1.1500000000000001,0.1950530035335689,0.0,2.6219081272084805,0.042351598173515984,0.14583333333333334,0.0,1.0,0.0,0.0,0.0
Səbail rayonu,2022,6425.0,3257.0,430153.0,80007.0,350146.0,297320.0,60369.0,236951.0,98242.2,72531.3,1675.0,Baku,,0.0,15.290614785992217,0.33042580384770615,0.24395028925063905,1.4467677922776807,0.18342433772186983,0.2607003891050584,0.7969561415310104,0.20304385846898965,25710.899999999994,4.001696498054474,0.814003389491646
Tovuz rayonu,2022,266.0,133.0,7724.0,7724.0,,5015.0,5015.0,,525.6,597.9,44.0,Gazakh-Tovuz,1818.350328,0.1462864421140303,1.9759398496240603,0.10480558325024926,0.11922233300099701,1.5401794616151545,0.07955505201359564,0.16541353383458646,0.0,1.0,-72.29999999999995,-0.2718045112781953,0.0
Tərtər rayonu,2022,118.0,48.0,874.0,874.0,,705.0,705.0,,46.1,43.5,8.0,Karabakh,,0.0,0.3906779661016949,0.06539007092198582,0.06170212765957447,1.2397163120567376,0.020292547016484794,0.06779661016949153,0.0,1.0,2.6000000000000014,0.02203389830508476,0.0
Xaçmaz rayonu,2022,6573.0,2440.0,129535.0,129045.0,490.0,22267.0,22035.0,232.0,6162.2,6219.5,635.0,Guba-Khachmaz,,0.0,0.937501901719154,0.27674136614721334,0.2793146809179503,5.817353033637221,0.05399215137059244,0.09660733302905827,0.010419005703507433,0.9895809942964926,-57.30000000000018,-0.008717480602464656,0.0037827614158335585
Xızı rayonu,2022,148.0,53.0,681.0,681.0,,670.0,670.0,,78.4,205.7,22.0,Absheron,,0.0,0.5297297297297298,0.11701492537313433,0.3070149253731343,1.016417910447761,0.012606442058496854,0.14864864864864866,0.0,1.0,-127.29999999999998,-0.8601351351351351,0.0
Xətai rayonu,2022,1127.0,644.0,17389.0,4727.0,12662.0,8281.0,2143.0,6138.0,1338.2,1494.0,112.0,Baku,,0.0,1.1874001774622893,0.16159884071971983,0.18041299359980678,2.0998671658012316,0.04227248969867876,0.09937888198757763,0.741214829126917,0.25878517087308295,-155.79999999999995,-0.138243123336291,0.728161481396285
Xəzər rayonu,2022,970.0,528.0,43868.0,9139.0,34729.0,36047.0,4702.0,31345.0,8457.4,6318.3,352.0,Baku,,0.0,8.718969072164947,0.23462146641884205,0.17527949621327713,1.216966737870003,0.12390340347408559,0.3628865979381443,0.8695591866174717,0.13044081338252836,2139.0999999999995,2.2052577319587625,0.7916704659432844
Yardımlı rayonu,2022,73.0,42.0,63.0,63.0,,34.0,34.0,,1.3,0.9,1.0,Lankaran-Astara,,0.0,0.01780821917808219,0.03823529411764706,0.026470588235294117,1.8529411764705883,0.0023644210921373618,0.0136986301369863,0.0,1.0,0.4,0.005479452054794521,0.0
Yasamal rayonu,2022,3245.0,1848.0,59332.0,20371.0,38961.0,18550.0,3397.0,15153.0,18379.1,12287.9,495.0,Baku,,0.0,5.66382126348228,0.9907870619946091,0.6624204851752021,3.198490566037736,0.05009350528737573,0.15254237288135594,0.8168733153638814,0.1831266846361186,6091.199999999999,1.8771032357473032,0.6566608238387379
Yevlax rayonu,2022,173.0,87.0,,,,,,,,,,Central Aran,,0.0,0.0,0.0,0.0,0.0,0.0,0.0,0.0,0.0,0.0,0.0,0.0
Zaqatala rayonu,2022,395.0,178.0,10245.0,10084.0,161.0,8853.0,8699.0,154.0,360.8,326.0,47.0,Sheki-Zagatala,,0.0,0.9134177215189874,0.04075454648141873,0.036823675590195414,1.1572348356489326,0.07105947633084793,0.1189873417721519,0.017395233254264092,0.9826047667457359,34.80000000000001,0.08810126582278484,0.015714982918496826
Zərdab rayonu,2022,20.0,11.0,,,,,,,,,,Central Aran,,0.0,0.0,0.0,0.0,0.0,0.0,0.0,0.0,0.0,0.0,0.0,0.0
İmişli rayonu,2022,53.0,22.0,369.0,369.0,,274.0,274.0,,21.7,70.4,5.0,Mil-Mughan,,0.0,0.4094339622641509,0.0791970802919708,0.2569343065693431,1.3467153284671534,0.01907469630395451,0.09433962264150944,0.0,1.0,-48.7,-0.9188679245283019,0.0
İsmayıllı rayonu,2022,1312.0,556.0,29412.0,27343.0,2069.0,23125.0,22313.0,812.0,3162.3,2501.9,159.0,Mountainous Shirvan,,0.0,2.410289634146342,0.1367481081081081,0.10819027027027027,1.2718702702702702,0.06141830938857334,0.1211890243902439,0.035113513513513515,0.9648864864864864,660.4000000000001,0.5033536585365854,0.0703454372365021
Şabran rayonu,2022,598.0,366.0,100966.0,91250.0,9716.0,51604.0,46596.0,5008.0,6907.4,8259.5,259.0,Guba-Khachmaz,,0.0,11.550836120401337,0.13385396480892953,0.1600554220603054,1.9565537555228276,0.46257387639162506,0.4331103678929766,0.09704674056274708,0.9029532594372529,-1352.1000000000004,-2.2610367892976595,0.09623041419883921
Şamaxı rayonu,2022,841.0,366.0,25883.0,21359.0,4524.0,24973.0,20669.0,4304.0,6528.0,5056.5,287.0,Mountainous Shirvan,,0.0,7.7621878715814505,0.2614023144996596,0.2024786769711288,1.0364393545028632,0.08431905917612757,0.3412604042806183,0.17234613382453048,0.8276538661754695,1471.5,1.749702734839477,0.1747865394274234
Şirvan şəhəri,2022,231.0,126.0,2809.0,2809.0,,2213.0,2213.0,,127.0,177.3,39.0,,,0.0,0.5497835497835498,0.05738816086760054,0.08011748757342974,1.2693176683235428,0.033315542904584,0.16883116883116883,0.0,1.0,-50.30000000000001,-0.2177489177489178,0.0
Şirvan-Salyan iqtisadi rayonu,2022,469.0,253.0,7170.0,6715.0,455.0,5035.0,4860.0,175.0,276.2,308.1,53.0,,1916.78295505,0.2446808068510636,0.588912579957356,0.05485600794438927,0.06119165839126118,1.4240317775571003,0.041884510909250224,0.11300639658848614,0.03475670307845084,0.9652432969215492,-31.900000000000034,-0.06801705756929645,0.06345885634588563
Şuşa rayonu,2022,287.0,137.0,17521.0,14960.0,2561.0,16640.0,14115.0,2525.0,2985.6,2696.0,91.0,Karabakh,,0.0,10.402787456445992,0.1794230769230769,0.16201923076923078,1.0529447115384616,0.16725693284330104,0.3170731707317073,0.15174278846153846,0.8482572115384616,289.5999999999999,1.009059233449477,0.14616745619542262
Şəki rayonu,2022,786.0,354.0,10152.0,8437.0,1715.0,7104.0,5899.0,1205.0,1103.3,940.7,138.0,,,0.0,1.4036895674300254,0.15530686936936935,0.13241835585585587,1.429054054054054,0.035386385025619575,0.17557251908396945,0.16962274774774774,0.8303772522522522,162.5999999999999,0.20687022900763347,0.16893223010244288
Şəki-Zaqatala iqtisadi rayonu,2022,5114.0,2177.0,220588.0,118325.0,102263.0,132842.0,80017.0,52825.0,32350.199999999997,28306.699999999997,1402.0,,,0.0,6.325811497849041,0.2435238855181343,0.21308546995679076,1.6605290495475828,0.11817573033467087,0.2741493938208838,0.3976528507550323,0.6023471492449677,4043.5,0.790672663277278,0.46359276116561193
Şəmkir rayonu,2022,207.0,103.0,2669.0,2416.0,253.0,1930.0,1827.0,103.0,178.7,305.2,49.0,Gazakh-Tovuz,,0.0,0.8632850241545893,0.09259067357512953,0.15813471502590673,1.382901554404145,0.03532525974455695,0.23671497584541062,0.05336787564766839,0.9466321243523316,-126.5,-0.6111111111111112,0.0947920569501686
Abşeron iqtisadi rayonu,2023,1122.0,629.0,18110.0,13154.0,4956.0,13896.0,12247.0,1649.0,2421.3,2173.2,295.0,,,0.0,2.1580213903743317,0.17424438687392058,0.15639032815198617,1.3032527345998848,0.044221424559861305,0.2629233511586453,0.11866724237190558,0.8813327576280944,248.10000000000036,0.22112299465240673,0.2736609607951408
Abşeron rayonu,2023,467.0,310.0,6571.0,3648.0,2923.0,4699.0,3590.0,1109.0,408.2,323.8,47.0,Absheron,,0.0,0.8740899357601712,0.0868695467120664,0.06890827835709726,1.398382634603107,0.038549763867296354,0.1006423982869379,0.2360076612045116,0.7639923387954884,84.39999999999998,0.1807280513918629,0.44483335869730634
Astara rayonu,2023,589.0,252.0,13484.0,13141.0,343.0,9632.0,9425.0,207.0,1049.5,1023.6,169.0,Lankaran-Astara,461.5057835,1.27625702874859,1.7818336162988115,0.10895971760797342,0.10627076411960133,1.3999169435215948,0.06272065492941369,0.2869269949066214,0.021490863787375414,0.9785091362126246,25.899999999999977,0.04397283531409164,0.025437555621477308
Ağcabədi rayonu,2023,191.0,96.0,14118.0,13741.0,377.0,8443.0,8297.0,146.0,765.6,281.2,16.0,Karabakh,,0.0,4.008376963350785,0.09067866871964941,0.033305697027123056,1.672154447471278,0.20251022018217027,0.08376963350785341,0.01729243160014213,0.9827075683998578,484.40000000000003,2.536125654450262,0.026703499079189688
Ağdaş rayonu,2023,35.0,22.0,545.0,536.0,9.0,485.0,476.0,9.0,16.4,17.9,4.0,Central Aran,,0.0,0.4685714285714285,0.03381443298969072,0.03690721649484536,1.1237113402061856,0.0426614481409002,0.11428571428571428,0.018556701030927835,0.9814432989690721,-1.5,-0.04285714285714286,0.01651376146788991
Ağdərə rayonu,2023,0.0,,,,,,,,,,,,,0.0,0.0,0.0,0.0,0.0,0.0,0.0,0.0,0.0,0.0,0.0,0.0
Ağstafa rayonu,2023,183.0,77.0,5426.0,5351.0,75.0,3790.0,3753.0,37.0,111.7,78.4,12.0,Gazakh-Tovuz,,0.0,0.6103825136612022,0.029472295514511873,0.020686015831134566,1.4316622691292875,0.08123362527135265,0.06557377049180328,0.009762532981530342,0.9902374670184697,33.3,0.18196721311475408,0.013822336896424621
Ağsu rayonu,2023,81.0,45.0,1190.0,1190.0,,655.0,655.0,,30.4,22.6,4.0,Mountainous Shirvan,,0.0,0.3753086419753086,0.046412213740458015,0.03450381679389313,1.816793893129771,0.04025029595805851,0.04938271604938271,0.0,1.0,7.799999999999997,0.09629629629629625,0.0
Bakı şəhəri,2023,25980.0,14205.0,1971770.0,434620.0,1537150.0,1194500.0,258644.0,935856.0,314117.4,222740.8,5994.0,,,0.0,12.090739030023096,0.2629697781498535,0.18647199665131853,1.650707408957723,0.2079333944973478,0.23071593533487297,0.7834709083298451,0.21652909167015488,91376.60000000003,3.51719014626636,0.7795787541143236
Balakən rayonu,2023,208.0,95.0,4407.0,3995.0,412.0,3296.0,3034.0,262.0,306.1,767.5,62.0,Sheki-Zagatala,,0.0,1.4716346153846156,0.09287014563106796,0.23285800970873785,1.3370752427184467,0.05804794520547945,0.2980769230769231,0.07949029126213593,0.9205097087378641,-461.4,-2.2182692307692307,0.09348763331064217
Beyləqan rayonu,2023,176.0,92.0,6667.0,6449.0,218.0,2197.0,2046.0,151.0,80.7,58.1,7.0,Mil-Mughan,,0.0,0.4585227272727273,0.03673190714610833,0.02644515248065544,3.0345926263086027,0.1037826899128269,0.03977272727272727,0.06873008648156577,0.9312699135184342,22.6,0.12840909090909092,0.032698365081745916
Biləsuvar rayonu,2023,96.0,39.0,3495.0,3381.0,114.0,2779.0,2691.0,88.0,75.4,59.4,8.0,,,0.0,0.7854166666666668,0.027132061892767186,0.021374595178121625,1.2576466354803886,0.0997431506849315,0.08333333333333333,0.03166606693055056,0.9683339330694495,16.000000000000007,0.16666666666666674,0.03261802575107296
Binəqədi rayonu,2023,1655.0,732.0,9747.0,1392.0,8355.0,6201.0,1186.0,5015.0,510.4,389.6,67.0,Baku,,0.0,0.3083987915407855,0.08230930495081439,0.06282857603612321,1.571843251088534,0.01613541364896743,0.0404833836858006,0.8087405257216578,0.1912594742783422,120.79999999999995,0.07299093655589121,0.8571868267159126
Bərdə rayonu,2023,116.0,51.0,9913.0,9782.0,131.0,7391.0,7358.0,33.0,207.0,141.9,6.0,Karabakh,,0.0,1.7844827586206897,0.028007035583818157,0.019199025842240564,1.3412258151806251,0.2341284837033538,0.05172413793103448,0.00446488973075362,0.9955351102692463,65.1,0.5612068965517241,0.01321497024109755
Cəlilabad rayonu,2023,174.0,91.0,2320.0,2263.0,57.0,1541.0,1504.0,37.0,113.2,90.4,12.0,Lankaran-Astara,,0.0,0.6505747126436782,0.07345879299156392,0.05866320571057755,1.5055158987670343,0.0365296803652968,0.06896551724137931,0.024010382868267358,0.9759896171317326,22.799999999999997,0.13103448275862067,0.02456896551724138
Dağlıq Şirvan iqtisadi rayonu,2023,2234.0,967.0,63721.0,55509.0,8212.0,47316.0,41826.0,5490.0,13374.8,11501.900000000001,573.0,,,0.0,5.98692927484333,0.28266971003466057,0.24308690506382621,1.3467114718065771,0.07814596338038533,0.25649059982094896,0.1160284047679432,0.8839715952320568,1872.8999999999978,0.8383616830796767,0.12887431145148381
Daşkəsən rayonu,2023,32.0,15.0,832.0,832.0,,595.0,595.0,,15.9,46.0,11.0,Ganja-Dashkasan,,0.0,0.496875,0.026722689075630253,0.0773109243697479,1.3983193277310924,0.07123287671232877,0.34375,0.0,1.0,-30.1,-0.940625,0.0
Füzuli rayonu,2023,30.0,10.0,,,,,,,,,,,,0.0,0.0,0.0,0.0,0.0,0.0,0.0,0.0,0.0,0.0,0.0,0.0
Goranboy rayonu,2023,167.0,77.0,4915.0,4881.0,34.0,1615.0,1611.0,4.0,448.8,292.5,23.0,Ganja-Dashkasan,1837.87389756,0.09086586420412887,2.6874251497005988,0.27789473684210525,0.18111455108359134,3.043343653250774,0.08063325403986547,0.1377245508982036,0.002476780185758514,0.9975232198142415,156.3,0.9359281437125749,0.006917599186164801
Göygöl rayonu,2023,393.0,167.0,10256.0,10176.0,80.0,6727.0,6719.0,8.0,842.5,1160.7,86.0,,,0.0,2.143765903307888,0.125241563847183,0.17254348149249293,1.524602348743868,0.07149778660810764,0.21882951653944022,0.0011892374015162776,0.9988107625984837,-318.20000000000005,-0.8096692111959288,0.0078003120124804995
Göyçay rayonu,2023,259.0,154.0,12184.0,11862.0,322.0,1877.0,1749.0,128.0,254.4,235.3,40.0,Central Aran,,0.0,0.9822393822393822,0.13553542887586575,0.12535961640916357,6.491209376664891,0.12888348230813984,0.15444015444015444,0.06819392647842301,0.931806073521577,19.099999999999994,0.07374517374517373,0.026428102429415627
Gədəbəy rayonu,2023,248.0,111.0,1068.0,1055.0,13.0,916.0,913.0,3.0,206.6,181.3,25.0,Ganja-Dashkasan,,0.0,0.8330645161290322,0.22554585152838427,0.19792576419213975,1.165938864628821,0.011798497569597879,0.10080645161290322,0.0032751091703056767,0.9967248908296943,25.299999999999983,0.102016129032258,0.012172284644194757
Gəncə  şəhəri,2023,2100.0,1100.0,34345.0,27227.0,7118.0,28796.0,23432.0,5364.0,2654.9,2542.1,181.0,,,0.0,1.2642380952380954,0.09219683289345743,0.08827962216974579,1.1927003750520906,0.044807566862361384,0.08619047619047619,0.18627587164884013,0.8137241283511599,112.80000000000018,0.0537142857142858,0.20724996360460038
Gəncə-Daşkəsən iqtisadi rayonu,2023,3881.0,1920.0,194676.0,121153.0,73523.0,54824.0,41448.0,13376.0,17902.9,17256.4,834.0,,,0.0,4.612960577170833,0.32655223989493654,0.3147599591419816,3.550926601488399,0.13742821543663722,0.2148930687967019,0.24398073836276082,0.7560192616372392,646.5,0.16658077814996136,0.3776685364400337
Kürdəmir rayonu,2023,304.0,165.0,4896.0,4707.0,189.0,2730.0,2688.0,42.0,140.7,132.6,18.0,Central Aran,,0.0,0.462828947368421,0.05153846153846153,0.04857142857142857,1.7934065934065935,0.044124008651766404,0.05921052631578947,0.015384615384615385,0.9846153846153847,8.099999999999994,0.026644736842105245,0.03860294117647059
Lerik rayonu,2023,715.0,187.0,2729.0,2729.0,,1302.0,1302.0,,500.8,544.8,105.0,Lankaran-Astara,1101.38591173,0.6491820826697474,0.7004195804195804,0.3846390168970814,0.41843317972350225,2.096006144393241,0.010456940319954018,0.14685314685314685,0.0,1.0,-43.99999999999994,-0.06153846153846146,0.0
Lənkəran iqtisadi rayonu,2023,4466.0,1799.0,162587.0,158649.0,3938.0,109547.0,106578.0,2969.0,15522.9,14716.9,891.0,,,0.0,3.475794894760412,0.14170082247802313,0.13434324992925412,1.4841757419189936,0.09974111858854419,0.19950738916256158,0.027102522205080925,0.9728974777949191,806.0,0.18047469771607702,0.02422087866803619
Lənkəran rayonu,2023,1701.0,745.0,110868.0,107872.0,2996.0,74015.0,71597.0,2418.0,11408.5,11765.1,459.0,,,0.0,6.706937095825984,0.15413767479564952,0.15895561710464096,1.4979125852867663,0.178570220579353,0.2698412698412698,0.032669053570222255,0.9673309464297778,-356.60000000000036,-0.2096413874191654,0.027023126601002995
Masallı rayonu,2023,1214.0,482.0,32359.0,31825.0,534.0,22790.0,22487.0,303.0,2399.1,1265.6,143.0,Lankaran-Astara,,0.0,1.9761943986820427,0.10526985519964896,0.055533128565160156,1.4198771390960947,0.0730270136083591,0.11779242174629324,0.01329530495831505,0.9867046950416849,1133.5,0.9336902800658978,0.016502364102722582
Mil-Muğan iqtisadi rayonu,2023,440.0,219.0,16892.0,16420.0,472.0,8948.0,8779.0,169.0,1087.1,1189.6,75.0,,,0.0,2.4706818181818178,0.12149083594099239,0.13294590970049172,1.8877961555654894,0.10518057285180572,0.17045454545454544,0.018886902101028162,0.9811130978989718,-102.5,-0.23295454545454544,0.027942221169784513
Mingəçevir şəhəri,2023,705.0,254.0,17173.0,16228.0,945.0,8621.0,8129.0,492.0,1194.2,2610.9,176.0,Central Aran,,0.0,1.6939007092198581,0.1385222132003248,0.30285349727409816,1.9919962881336273,0.06673661711843,0.24964539007092199,0.05706994548196265,0.9429300545180374,-1416.7,-2.0095035460992907,0.055028242007802944
Mərkəzi Aran iqtisadi rayonu,2023,1496.0,693.0,35094.0,33629.0,1465.0,13848.0,13177.0,671.0,1611.0000000000002,3000.9,239.0,,,0.0,1.076871657754011,0.11633448873483537,0.21670277296360485,2.5342287694974,0.06427001684858252,0.15975935828877005,0.04845465049104564,0.9515453495089543,-1389.8999999999999,-0.9290775401069518,0.04174502764005243
Naftalan  şəhəri,2023,1189.0,561.0,144328.0,78037.0,66291.0,17091.0,9091.0,8000.0,13940.8,13215.1,533.0,,15.57198574,76.35506606879284,11.724810765349032,0.8156807676554911,0.7732198232988122,8.444678485752735,0.33256448955609064,0.4482758620689655,0.4680826165818267,0.5319173834181733,725.6999999999989,0.610344827586206,0.4593079651903996
Nizami rayonu,2023,814.0,551.0,12291.0,12291.0,,8855.0,8855.0,,778.6,628.7,46.0,Baku,,0.0,0.9565110565110565,0.08792772444946358,0.07099943534726144,1.3880293619424053,0.04136851671098246,0.056511056511056514,0.0,1.0,149.89999999999998,0.18415233415233412,0.0
Nərimanov rayonu,2023,3906.0,2282.0,269977.0,41924.0,228053.0,191076.0,31062.0,160014.0,26372.1,23403.7,1116.0,Baku,,0.0,6.7516897081413205,0.13801890347296364,0.12248372375389897,1.412929933638971,0.18936585092130828,0.2857142857142857,0.8374364127362934,0.1625635872637066,2968.399999999998,0.7599590373783917,0.8447126977483267
Nəsimi rayonu,2023,6229.0,3461.0,910138.0,187746.0,722392.0,524136.0,120125.0,404011.0,117559.8,74842.8,1732.0,Baku,,0.0,18.872981216888746,0.2242925500251843,0.14279271028893264,1.7364538974617274,0.4003096431406787,0.2780542623213999,0.7708133003647908,0.22918669963520918,42717.0,6.857762080590785,0.7937169967631282
Oğuz rayonu,2023,138.0,62.0,1810.0,1810.0,,1606.0,1606.0,,235.5,132.2,24.0,Sheki-Zagatala,,0.0,1.7065217391304348,0.1466376089663761,0.08231631382316314,1.1270236612702367,0.03593408775064522,0.17391304347826086,0.0,1.0,103.30000000000001,0.7485507246376812,0.0
Qarabağ iqtisadi rayonu,2023,742.0,342.0,46116.0,42743.0,3373.0,36859.0,33945.0,2914.0,6076.700000000001,8005.0,134.0,,,0.0,8.189622641509436,0.1648633983558968,0.2171789793537535,1.251146260072167,0.17027655724993537,0.18059299191374664,0.07905803195962995,0.9209419680403701,-1928.2999999999993,-2.5987870619946083,0.07314164281377396
Qaradağ rayonu,2023,201.0,138.0,4497.0,4121.0,376.0,1326.0,1253.0,73.0,205.9,168.1,20.0,Baku,,0.0,1.0243781094527364,0.1552790346907994,0.12677224736048265,3.3914027149321266,0.06129625843385811,0.09950248756218906,0.05505279034690799,0.944947209653092,37.80000000000001,0.18805970149253737,0.08361129641983545
Qax rayonu,2023,862.0,331.0,41036.0,40976.0,60.0,20900.0,20851.0,49.0,2493.1,1924.0,141.0,Sheki-Zagatala,,0.0,2.892227378190255,0.11928708133971291,0.09205741626794259,1.963444976076555,0.13042621491911133,0.16357308584686775,0.0023444976076555024,0.9976555023923445,569.0999999999999,0.6602088167053364,0.0014621308119699777
Qazax rayonu,2023,174.0,81.0,1389.0,1381.0,8.0,921.0,920.0,1.0,62.7,120.2,15.0,Gazakh-Tovuz,,0.0,0.3603448275862069,0.06807817589576548,0.13051031487513573,1.50814332247557,0.0218705715635333,0.08620689655172414,0.0010857763300760044,0.998914223669924,-57.5,-0.33045977011494254,0.005759539236861051
Qazax-Tovuz iqtisadi rayonu,2023,1022.0,477.0,19355.0,19256.0,99.0,15392.0,15349.0,43.0,1239.6,1229.6000000000001,129.0,,1818.350328,0.5620479091749585,1.2129158512720155,0.08053534303534303,0.0798856548856549,1.2574714137214138,0.05188590729968099,0.12622309197651663,0.002793659043659044,0.997206340956341,9.999999999999773,0.00978473581213285,0.005114957375355205
Quba rayonu,2023,1853.0,825.0,188222.0,120397.0,67825.0,113040.0,80543.0,32497.0,22412.4,18962.8,894.0,Guba-Khachmaz,,0.0,12.09519697787372,0.19826963906581743,0.1677530077848549,1.6650920028308562,0.2782928830700308,0.4824608742579601,0.28748230714791223,0.7125176928520878,3449.600000000002,1.8616297895304923,0.36034576191943557
Quba-Xaçmaz iqtisadi rayonu,2023,11274.0,4546.0,609880.0,466952.0,142928.0,268018.0,200698.0,67320.0,69007.3,66911.4,2662.0,,,0.0,6.120924250487849,0.25747263243513496,0.24965263527076537,2.2755188084382394,0.1482086313277489,0.23611850274968954,0.2511771597430023,0.7488228402569976,2095.9000000000087,0.18590562355863124,0.23435429920640127
Qusar rayonu,2023,2169.0,940.0,134082.0,69064.0,65018.0,62056.0,31059.0,30997.0,25262.7,27330.4,670.0,Guba-Khachmaz,,0.0,11.64716459197787,0.4070952043315715,0.4404151089338662,2.1606613381461903,0.1693628147558688,0.30889810972798526,0.4995004512053629,0.5004995487946371,-2067.7000000000007,-0.9532964499769483,0.48491221789651107
Qəbələ rayonu,2023,2611.0,1079.0,136012.0,60963.0,75049.0,79823.0,37753.0,42070.0,34656.5,32268.0,974.0,,,0.0,13.273266947529683,0.43416684414266565,0.4042443907144557,1.7039199228292596,0.14271758576727545,0.3730371505170433,0.5270410783859288,0.47295892161407116,2388.5,0.9147836078130984,0.5517821956886158
Saatlı rayonu,2023,96.0,50.0,2885.0,2639.0,246.0,309.0,295.0,14.0,39.4,149.1,21.0,Mil-Mughan,,0.0,0.41041666666666665,0.12750809061488672,0.4825242718446602,9.336569579288026,0.08233447488584475,0.21875,0.045307443365695796,0.9546925566343042,-109.69999999999999,-1.1427083333333332,0.08526863084922011
Sabirabad rayonu,2023,82.0,40.0,5651.0,5651.0,,5651.0,5651.0,,202.2,71.5,7.0,Mil-Mughan,1466.33041279,0.05592191179065697,2.4658536585365853,0.03578127764997346,0.01265262785347726,1.0,0.1888072168392917,0.08536585365853659,0.0,1.0,130.7,1.59390243902439,0.0
Sabunçu rayonu,2023,876.0,402.0,52586.0,27143.0,25443.0,22105.0,10128.0,11977.0,10327.1,7623.9,96.0,Baku,,0.0,11.78892694063927,0.4671838950463696,0.34489482017643064,2.378918796652341,0.16446487771314192,0.1095890410958904,0.5418231169418684,0.45817688305813165,2703.2000000000007,3.0858447488584484,0.4838360019777127
Salyan rayonu,2023,142.0,88.0,1609.0,1203.0,406.0,907.0,728.0,179.0,92.5,81.6,7.0,,1916.78295505,0.07408246177580177,0.6514084507042254,0.1019845644983462,0.08996692392502756,1.7739801543550164,0.03104379702874783,0.04929577464788732,0.19735391400220506,0.802646085997795,10.900000000000006,0.07676056338028173,0.25233064014916096
Sumqayıt şəhəri,2023,507.0,266.0,9427.0,7394.0,2033.0,7385.0,6845.0,540.0,1762.8,1578.3,207.0,Absheron,,0.0,3.476923076923077,0.23870006770480703,0.21371699390656737,1.276506431956669,0.050941611953203104,0.40828402366863903,0.07312119160460392,0.926878808395396,184.5,0.363905325443787,0.21565715498037552
Suraxanı rayonu,2023,48.0,33.0,2071.0,2071.0,,817.0,817.0,,125.2,104.8,8.0,Baku,,0.0,2.6083333333333334,0.1532435740514076,0.12827417380660955,2.5348837209302326,0.11820776255707763,0.16666666666666666,0.0,1.0,20.400000000000006,0.4250000000000001,0.0
Səbail rayonu,2023,6591.0,3344.0,540747.0,98600.0,442147.0,367722.0,64005.0,303717.0,130095.0,95952.4,1847.0,Baku,,0.0,19.73827947200728,0.3537862842038279,0.26093733853291345,1.4705320867394391,0.22477600214489246,0.280230617508724,0.8259418800071794,0.17405811999282067,34142.600000000006,5.180185100895161,0.817659644898631
Tovuz rayonu,2023,266.0,133.0,8798.0,8796.0,2.0,7648.0,7647.0,1.0,646.2,546.7,45.0,Gazakh-Tovuz,1818.350328,0.1462864421140303,2.4293233082706767,0.0844926778242678,0.07148274058577407,1.1503661087866108,0.09061695334225976,0.16917293233082706,0.0001307531380753138,0.9998692468619247,99.5,0.37406015037593987,0.00022732439190725165
Tərtər rayonu,2023,118.0,48.0,3062.0,3062.0,,2668.0,2668.0,,80.3,52.7,8.0,Karabakh,,0.0,0.6805084745762712,0.030097451274362818,0.01975262368815592,1.1476761619190405,0.07109356860924076,0.06779661016949153,0.0,1.0,27.599999999999994,0.2338983050847457,0.0
Xaçmaz rayonu,2023,6610.0,2461.0,161021.0,160050.0,971.0,25539.0,25096.0,443.0,7991.7,7291.3,688.0,Guba-Khachmaz,,0.0,1.2090317700453856,0.3129214143075297,0.28549669133482125,6.304906221856768,0.06674030630219882,0.10408472012102875,0.017346019812835272,0.9826539801871648,700.3999999999996,0.10596066565809374,0.006030269343750194
Xızı rayonu,2023,148.0,53.0,2112.0,2112.0,,1812.0,1812.0,,250.3,271.1,41.0,Absheron,,0.0,1.6912162162162163,0.1381346578366446,0.14961368653421636,1.1655629139072847,0.0390966308774528,0.27702702702702703,0.0,1.0,-20.80000000000001,-0.1405405405405406,0.0
Xətai rayonu,2023,1157.0,659.0,27154.0,15768.0,11386.0,14313.0,9234.0,5079.0,2078.1,2600.4,177.0,Baku,,0.0,1.7961106309420916,0.14518968769649968,0.1816809893104171,1.8971564312163767,0.06429949917713501,0.1529818496110631,0.3548522322364284,0.6451477677635716,-522.3000000000002,-0.4514261019878999,0.4193120718862783
Xəzər rayonu,2023,993.0,538.0,63260.0,16790.0,46470.0,29750.0,6564.0,23186.0,13179.3,6784.4,387.0,Baku,,0.0,13.272205438066464,0.44300168067226886,0.2280470588235294,2.1263865546218486,0.17453682627709033,0.38972809667673713,0.7793613445378151,0.22063865546218486,6394.9,6.439979859013091,0.7345874170091685
Yardımlı rayonu,2023,73.0,42.0,827.0,819.0,8.0,267.0,263.0,4.0,51.8,27.4,3.0,Lankaran-Astara,,0.0,0.7095890410958904,0.1940074906367041,0.10262172284644194,3.097378277153558,0.03103771814599362,0.0410958904109589,0.0149812734082397,0.9850187265917603,24.4,0.3342465753424657,0.009673518742442563
Yasamal rayonu,2023,3510.0,2065.0,79302.0,26774.0,52528.0,28199.0,5415.0,22784.0,12885.9,10242.0,498.0,Baku,,0.0,3.671196581196581,0.4569630128727969,0.3632043689492535,2.8122273839497853,0.06189907504975998,0.14188034188034188,0.807971913897656,0.19202808610234406,2643.8999999999996,0.7532478632478632,0.6623792590350811
Yevlax rayonu,2023,173.0,87.0,,,,,,,,,,Central Aran,,0.0,0.0,0.0,0.0,0.0,0.0,0.0,0.0,0.0,0.0,0.0,0.0
Zaqatala rayonu,2023,485.0,223.0,12455.0,12220.0,235.0,9176.0,8985.0,191.0,416.0,361.9,53.0,Sheki-Zagatala,,0.0,0.8577319587628865,0.045335658238884045,0.039439843068875324,1.3573452484742807,0.07035729416749047,0.10927835051546392,0.020815170008718395,0.9791848299912816,54.10000000000002,0.11154639175257737,0.018867924528301886
Zərdab rayonu,2023,20.0,11.0,296.0,296.0,,135.0,135.0,,5.3,4.2,1.0,Central Aran,,0.0,0.265,0.03925925925925926,0.031111111111111114,2.1925925925925926,0.040547945205479455,0.05,0.0,1.0,1.0999999999999996,0.05499999999999998,0.0
İmişli rayonu,2023,86.0,37.0,1689.0,1681.0,8.0,791.0,787.0,4.0,764.8,910.9,40.0,Mil-Mughan,,0.0,8.893023255813953,0.9668773704171933,1.1515802781289506,2.1352718078381794,0.05380694488690666,0.46511627906976744,0.0050568900126422255,0.9949431099873578,-146.10000000000002,-1.6988372093023258,0.004736530491415038
İsmayıllı rayonu,2023,1312.0,556.0,31709.0,29756.0,1953.0,21977.0,21183.0,794.0,6889.1,5749.3,262.0,Mountainous Shirvan,,0.0,5.2508384146341465,0.31346862629112254,0.2616053146471311,1.4428265914365017,0.0662149181423321,0.19969512195121952,0.03612867998361924,0.9638713200163808,1139.8000000000002,0.8687500000000001,0.061591346305465325
Şabran rayonu,2023,642.0,320.0,126555.0,117441.0,9114.0,67383.0,64000.0,3383.0,13340.5,13326.9,410.0,Guba-Khachmaz,,0.0,20.779595015576323,0.19798020272175473,0.19777837139931437,1.8781443390766217,0.5400716937652029,0.6386292834890965,0.05020554145704406,0.949794458542956,13.600000000000364,0.021183800623053525,0.07201611947374659
Şamaxı rayonu,2023,841.0,366.0,30822.0,24563.0,6259.0,24684.0,19988.0,4696.0,6455.3,5730.0,307.0,Mountainous Shirvan,,0.0,7.675743162901308,0.2615175822395074,0.23213417598444336,1.2486631016042782,0.10040884139885654,0.36504161712247324,0.19024469291848972,0.8097553070815103,725.3000000000002,0.8624256837098694,0.2030692362598144
Şirvan şəhəri,2023,166.0,76.0,4646.0,4646.0,,2734.0,2734.0,,213.8,213.4,30.0,,,0.0,1.2879518072289158,0.07820043891733724,0.07805413313825896,1.6993416239941477,0.07667932001980525,0.18072289156626506,0.0,1.0,0.4000000000000057,0.0024096385542169015,0.0
Şirvan-Salyan iqtisadi rayonu,2023,404.0,203.0,9750.0,9230.0,520.0,6420.0,6153.0,267.0,381.70000000000005,354.4,45.0,,1916.78295505,0.210769820826929,0.9448019801980199,0.059454828660436145,0.055202492211838004,1.5186915887850467,0.06611962566119625,0.11138613861386139,0.04158878504672897,0.958411214953271,27.300000000000068,0.06757425742574275,0.05333333333333334
Şuşa rayonu,2023,287.0,137.0,19023.0,16158.0,2865.0,18357.0,15622.0,2735.0,5023.8,7529.2,104.0,Karabakh,,0.0,17.50452961672474,0.273672168655009,0.4101541646238492,1.036280437980062,0.18159515058947068,0.3623693379790941,0.1489894862995043,0.8510105137004957,-2505.3999999999996,-8.729616724738674,0.15060715975398203
Şəki rayonu,2023,786.0,354.0,27694.0,21202.0,6492.0,13654.0,10236.0,3418.0,3116.4,2362.5,151.0,,,0.0,3.9648854961832063,0.22824080855426981,0.17302621942287974,2.0282701039988282,0.09653177175921085,0.1921119592875318,0.2503295737512817,0.7496704262487183,753.9000000000001,0.9591603053435116,0.23441900772730556
Şəki-Zaqatala iqtisadi rayonu,2023,5090.0,2144.0,223414.0,141166.0,82248.0,128455.0,82465.0,45990.0,41223.6,37816.1,1405.0,,,0.0,8.09893909626719,0.32091860962983143,0.2943918103616052,1.739239422365809,0.12025405710902387,0.27603143418467585,0.35802421081312524,0.6419757891868748,3407.5,0.6694499017681729,0.3681416562972777
Şəmkir rayonu,2023,151.0,75.0,2674.0,2673.0,1.0,2117.0,2116.0,1.0,212.4,303.0,32.0,Gazakh-Tovuz,,0.0,1.4066225165562913,0.10033065658951347,0.14312706660368446,1.2631081719414265,0.04851673773020049,0.2119205298013245,0.0004723665564478035,0.9995276334435522,-90.6,-0.6,0.00037397157816005983
Abşeron iqtisadi rayonu,2024,1249.0,701.0,19057.0,13777.0,5280.0,14824.0,12926.0,1898.0,2597.7,2142.0,358.0,,,0.0,2.0798238590872695,0.17523610361575823,0.1444954128440367,1.2855504587155964,0.04180220889039999,0.2866293034427542,0.12803561791689153,0.8719643820831084,455.6999999999998,0.36485188150520403,0.27706354620349477
Abşeron rayonu,2024,527.0,340.0,6538.0,3047.0,3491.0,4277.0,2880.0,1397.0,457.2,353.6,52.0,Absheron,,0.0,0.8675521821631879,0.10689735796118774,0.08267477203647416,1.5286415711947627,0.033989238647292766,0.09867172675521822,0.32663081599251814,0.6733691840074819,103.59999999999997,0.1965844402277039,0.5339553380238605
Astara rayonu,2024,686.0,293.0,12690.0,12341.0,349.0,8807.0,8574.0,233.0,858.3,645.1,169.0,Lankaran-Astara,461.5057835,1.4864385767767956,1.2511661807580174,0.09745656863858294,0.07324855228795277,1.4408992846599296,0.050680937737130075,0.24635568513119532,0.026456228000454184,0.9735437719995458,213.19999999999993,0.3107871720116617,0.027501970055161546
Ağcabədi rayonu,2024,191.0,96.0,10920.0,10282.0,638.0,7954.0,7821.0,133.0,580.8,169.4,16.0,Karabakh,,0.0,3.0408376963350783,0.07301986421926074,0.021297460397284387,1.372894141312547,0.1566377393674245,0.08376963350785341,0.016721146592909228,0.9832788534070908,411.4,2.1539267015706804,0.058424908424908426
Ağdam rayonu,2024,504.0,88.0,14502.0,14502.0,,540.0,540.0,,170.0,104.0,11.0,Karabakh,,0.0,0.3373015873015873,0.3148148148148148,0.1925925925925926,26.855555555555554,0.07883235485975212,0.021825396825396824,0.0,1.0,66.0,0.13095238095238096,0.0
Ağdaş rayonu,2024,35.0,22.0,666.0,663.0,3.0,666.0,663.0,3.0,20.0,18.5,4.0,Central Aran,,0.0,0.5714285714285714,0.03003003003003003,0.027777777777777776,1.0,0.05213307240704501,0.11428571428571428,0.0045045045045045045,0.9954954954954955,1.5,0.04285714285714286,0.0045045045045045045
Ağstafa rayonu,2024,274.0,119.0,8949.0,8915.0,34.0,7544.0,7517.0,27.0,120.9,74.7,12.0,Gazakh-Tovuz,,0.0,0.4412408759124088,0.016025980911983033,0.009901908801696713,1.1862407211028632,0.08948105189481052,0.043795620437956206,0.0035790031813361612,0.9964209968186638,46.2,0.1686131386861314,0.0037993071851603532
Ağsu rayonu,2024,81.0,45.0,749.0,742.0,7.0,553.0,552.0,1.0,31.6,21.1,4.0,Mountainous Shirvan,,0.0,0.3901234567901235,0.05714285714285715,0.038155515370705245,1.3544303797468353,0.025334009808895653,0.04938271604938271,0.0018083182640144665,0.9981916817359855,10.5,0.12962962962962962,0.009345794392523364
Bakı şəhəri,2024,28998.0,15592.0,2609069.0,697518.0,1911551.0,1489403.0,354733.0,1134670.0,474197.8,298653.4,6588.0,,,0.0,16.35277605352093,0.31838112317485595,0.20051886561259782,1.7517548977677633,0.24650438811557152,0.2271880819366853,0.7618287327204256,0.23817126727957444,175544.39999999997,6.0536726670804875,0.7326563613304209
Balakən rayonu,2024,208.0,95.0,4638.0,4206.0,432.0,3495.0,3244.0,251.0,321.0,703.2,65.0,Sheki-Zagatala,,0.0,1.5432692307692308,0.09184549356223176,0.20120171673819745,1.327038626609442,0.06109062170706006,0.3125,0.07181688125894134,0.9281831187410586,-382.20000000000005,-1.8375000000000001,0.09314359637774904
Beyləqan rayonu,2024,176.0,92.0,6798.0,6533.0,265.0,2888.0,2695.0,193.0,113.5,80.2,8.0,Mil-Mughan,,0.0,0.6448863636363636,0.0393005540166205,0.027770083102493077,2.3538781163434903,0.10582191780821917,0.045454545454545456,0.06682825484764543,0.9331717451523546,33.3,0.18920454545454543,0.03898205354516034
Biləsuvar rayonu,2024,96.0,39.0,4127.0,3911.0,216.0,3014.0,2871.0,143.0,114.7,95.3,8.0,,,0.0,1.1947916666666667,0.0380557398805574,0.03161911081619111,1.369276708692767,0.1177796803652968,0.08333333333333333,0.04744525547445255,0.9525547445255474,19.400000000000006,0.2020833333333334,0.052338260237460625
Binəqədi rayonu,2024,1655.0,732.0,6871.0,274.0,6597.0,4205.0,181.0,4024.0,542.1,434.4,69.0,Baku,,0.0,0.32755287009063444,0.1289179548156956,0.10330558858501783,1.6340071343638525,0.01137441542854778,0.04169184290030212,0.9569560047562425,0.04304399524375743,107.70000000000005,0.06507552870090637,0.9601222529471692
Bərdə rayonu,2024,116.0,51.0,8693.0,8596.0,97.0,7908.0,7885.0,23.0,226.9,145.7,7.0,Karabakh,,0.0,1.9560344827586207,0.028692463328275165,0.0184243803743045,1.0992665655032878,0.2053141237600378,0.0603448275862069,0.0029084471421345474,0.9970915528578654,81.20000000000002,0.7000000000000002,0.011158403313010469
Cəlilabad rayonu,2024,174.0,91.0,2898.0,2834.0,64.0,1925.0,1885.0,40.0,128.2,99.3,12.0,Lankaran-Astara,,0.0,0.7367816091954023,0.06659740259740259,0.05158441558441558,1.5054545454545454,0.045630609352857815,0.06896551724137931,0.02077922077922078,0.9792207792207792,28.89999999999999,0.16609195402298846,0.022084195997239476
Dağlıq Şirvan iqtisadi rayonu,2024,2414.0,997.0,72113.0,64349.0,7764.0,64393.0,57907.0,6486.0,12493.800000000001,10011.2,642.0,,,0.0,5.175559237779619,0.19402419517649436,0.15547031509636142,1.1198888077896665,0.081843356675103,0.2659486329743165,0.1007252341092976,0.8992747658907024,2482.6000000000004,1.0284175642087823,0.10766436010150736
Daşkəsən rayonu,2024,32.0,15.0,192.0,192.0,,192.0,192.0,,67.8,118.5,14.0,Ganja-Dashkasan,,0.0,2.11875,0.35312499999999997,0.6171875,1.0,0.01643835616438356,0.4375,0.0,1.0,-50.7,-1.584375,0.0
Füzuli rayonu,2024,30.0,10.0,,,,,,,,,,,,0.0,0.0,0.0,0.0,0.0,0.0,0.0,0.0,0.0,0.0,0.0,0.0
Goranboy rayonu,2024,187.0,88.0,5538.0,4830.0,708.0,1846.0,1806.0,40.0,342.1,332.5,32.0,Ganja-Dashkasan,1837.87389756,0.10174800362977304,1.8294117647058825,0.1853196099674973,0.18011917659804982,3.0,0.08113691304666325,0.1711229946524064,0.021668472372697724,0.9783315276273022,9.600000000000023,0.051336898395722044,0.12784398699891658
Göygöl rayonu,2024,502.0,195.0,9302.0,9125.0,177.0,6094.0,6004.0,90.0,1260.3,1685.0,158.0,,,0.0,2.510557768924303,0.20680997702658352,0.2765014768624877,1.5264194289465047,0.050766795830377125,0.3147410358565737,0.014768624876928127,0.9852313751230719,-424.70000000000005,-0.8460159362549802,0.019028165985809503
Göyçay rayonu,2024,259.0,154.0,5821.0,5749.0,72.0,1261.0,1225.0,36.0,83.9,86.0,40.0,Central Aran,,0.0,0.32393822393822397,0.06653449643140365,0.06819984139571768,4.616177636796193,0.061575078013434176,0.15444015444015444,0.028548770816812053,0.9714512291831879,-2.0999999999999943,-0.008108108108108086,0.012369008761381205
Gədəbəy rayonu,2024,248.0,111.0,1179.0,1179.0,,1026.0,1026.0,,260.7,256.4,26.0,Ganja-Dashkasan,,0.0,1.051209677419355,0.254093567251462,0.2499025341130604,1.1491228070175439,0.013024745912505523,0.10483870967741936,0.0,1.0,4.300000000000011,0.0173387096774194,0.0
Gəncə  şəhəri,2024,2100.0,1100.0,36854.0,30246.0,6608.0,28247.0,23400.0,4847.0,3654.8,3295.9,217.0,,,0.0,1.7403809523809524,0.12938719156016568,0.11668141749566326,1.3047049244167521,0.0480808871493803,0.10333333333333333,0.17159344355152759,0.8284065564484724,358.9000000000001,0.17090476190476195,0.17930211103272373
Gəncə-Daşkəsən iqtisadi rayonu,2024,4140.0,2037.0,243917.0,145716.0,98201.0,80533.0,49136.0,31397.0,25121.299999999996,27257.800000000003,1202.0,,,0.0,6.067946859903381,0.31193796331938456,0.3384674605441248,3.0287832317186743,0.16141684865329892,0.29033816425120773,0.38986502427576275,0.6101349757242372,-2136.5000000000073,-0.5160628019323689,0.40260006477613286
Kürdəmir rayonu,2024,304.0,165.0,4413.0,4176.0,237.0,3186.0,3116.0,70.0,156.4,141.8,18.0,Central Aran,,0.0,0.5144736842105263,0.04908976773383553,0.04450721908349027,1.3851224105461393,0.039771088680605624,0.05921052631578947,0.02197112366603892,0.9780288763339611,14.599999999999994,0.04802631578947367,0.053704962610469066
Lerik rayonu,2024,715.0,187.0,1541.0,1541.0,,624.0,624.0,,237.1,236.4,105.0,Lankaran-Astara,1101.38591173,0.6491820826697474,0.3316083916083916,0.3799679487179487,0.37884615384615383,2.469551282051282,0.005904780151355494,0.14685314685314685,0.0,1.0,0.6999999999999886,0.0009790209790209632,0.0
Lənkəran iqtisadi rayonu,2024,4876.0,1941.0,170006.0,161712.0,8294.0,129476.0,122790.0,6686.0,18438.8,20948.0,904.0,,,0.0,3.7815422477440523,0.14241094874725818,0.16179060211931168,1.313030986437641,0.09552294155326059,0.18539786710418377,0.051638913775525964,0.948361086224474,-2509.2000000000007,-0.5146021328958164,0.048786513417173515
Lənkəran rayonu,2024,1799.0,764.0,105867.0,98857.0,7010.0,87338.0,81345.0,5993.0,13339.8,17938.0,468.0,,,0.0,7.415119510839355,0.15273763997343653,0.205385971741968,1.2121527857290069,0.16122655661059798,0.26014452473596444,0.06861847076873755,0.9313815292312625,-4598.200000000001,-2.55597554196776,0.06621515675328478
Masallı rayonu,2024,1429.0,564.0,45711.0,44898.0,813.0,30491.0,30078.0,413.0,3823.8,1991.3,147.0,Lankaran-Astara,,0.0,2.675857242827152,0.12540749729428358,0.06530779574300613,1.4991636876455348,0.08763863991487485,0.10286913925822254,0.013544980486045062,0.986455019513955,1832.5000000000002,1.2823652904128764,0.017785653343834088
Mil-Muğan iqtisadi rayonu,2024,440.0,219.0,17476.0,17039.0,437.0,10286.0,10083.0,203.0,644.3,741.4,76.0,,,0.0,1.4643181818181816,0.06263853781839393,0.0720785533735174,1.6990083608788644,0.10881693648816937,0.17272727272727273,0.019735562901030526,0.9802644370989695,-97.10000000000002,-0.22068181818181823,0.025005722133211263
Mingəçevir şəhəri,2024,705.0,254.0,21495.0,21237.0,258.0,14359.0,14101.0,258.0,1861.1,2685.3,176.0,Central Aran,,0.0,2.6398581560283687,0.12961208997841075,0.1870116303363744,1.4969705411240337,0.08353249781404838,0.24964539007092199,0.017967825057455256,0.9820321749425448,-824.2000000000003,-1.1690780141843975,0.012002791346824844
Mərkəzi Aran iqtisadi rayonu,2024,1496.0,693.0,32808.0,32238.0,570.0,19740.0,19373.0,367.0,2130.0,2938.3,239.0,,,0.0,1.4237967914438503,0.10790273556231003,0.1488500506585613,1.6620060790273556,0.060083510365540986,0.15975935828877005,0.018591691995947315,0.9814083080040527,-808.3000000000002,-0.5403074866310161,0.017373811265544988
Naftalan  şəhəri,2024,1319.0,639.0,192031.0,101323.0,90708.0,44154.0,17734.0,26420.0,19796.3,21825.9,781.0,,15.57198574,84.70339120667599,15.008567096285065,0.4483466956561127,0.4943130860171219,4.34911899261675,0.39887212188561283,0.5921152388172858,0.5983602844589392,0.4016397155410608,-2029.6000000000022,-1.5387414708112224,0.4723612333425332
Neftçala rayonu,2024,56.0,28.0,108.0,108.0,,104.0,104.0,,5.5,13.8,5.0,,,0.0,0.09821428571428571,0.052884615384615384,0.1326923076923077,1.0384615384615385,0.005283757338551859,0.08928571428571429,0.0,1.0,-8.3,-0.14821428571428572,0.0
Nizami rayonu,2024,853.0,584.0,15025.0,11175.0,3850.0,8737.0,7782.0,955.0,1154.0,979.7,63.0,Baku,,0.0,1.3528722157092614,0.13208195032619893,0.1121323108618519,1.7196978367860822,0.04825836290931282,0.0738569753810082,0.10930525351951471,0.8906947464804853,174.29999999999995,0.204337631887456,0.2562396006655574
Nərimanov rayonu,2024,4037.0,2382.0,286785.0,39668.0,247117.0,186318.0,24703.0,161615.0,31439.5,24270.8,1191.0,Baku,,0.0,7.787837503096359,0.16874107708326624,0.13026546012730922,1.5392232634528065,0.19462777527052844,0.2950210552390389,0.8674148498803121,0.13258515011968786,7168.700000000001,1.77574931880109,0.8616803528775913
Nəsimi rayonu,2024,7459.0,3971.0,1275053.0,318760.0,956293.0,738506.0,179151.0,559355.0,198850.6,107967.0,1921.0,Baku,,0.0,26.659150020109934,0.2692606424321536,0.1461965102517786,1.7265303193203576,0.4683330058199435,0.2575412253653305,0.7574142931810981,0.24258570681890196,90883.6,12.184421504223087,0.750002548913653
Oğuz rayonu,2024,138.0,62.0,547.0,547.0,,531.0,531.0,,105.8,137.4,24.0,Sheki-Zagatala,,0.0,0.7666666666666666,0.1992467043314501,0.25875706214689265,1.0301318267419963,0.010859638673813779,0.17391304347826086,0.0,1.0,-31.60000000000001,-0.22898550724637687,0.0
Qarabağ iqtisadi rayonu,2024,3296.0,1104.0,65477.0,62434.0,3043.0,46432.0,43968.0,2464.0,7696.8,10774.300000000001,318.0,,,0.0,2.3351941747572815,0.16576498966230185,0.23204471054445214,1.4101697105444522,0.05442628674025801,0.09648058252427184,0.05306685044796692,0.9469331495520331,-3077.500000000001,-0.9337075242718449,0.0464743344991371
Qaradağ rayonu,2024,201.0,138.0,3915.0,3196.0,719.0,1658.0,1416.0,242.0,234.6,187.0,20.0,Baku,,0.0,1.1671641791044776,0.14149577804583835,0.11278648974668275,2.361278648974668,0.05336332038437947,0.09950248756218906,0.14595898673100122,0.8540410132689988,47.599999999999994,0.23681592039800992,0.18365261813537676
Qax rayonu,2024,1082.0,441.0,43715.0,39882.0,3833.0,28971.0,26213.0,2758.0,2501.5,2063.2,156.0,Sheki-Zagatala,,0.0,2.3119223659889094,0.08634496565531048,0.07121604362983673,1.5089227158192675,0.11069050211429873,0.14417744916820702,0.09519864692278486,0.9048013530772151,438.3000000000002,0.4050831792975972,0.08768157383049296
Qazax rayonu,2024,174.0,81.0,970.0,970.0,,840.0,840.0,,191.1,198.5,15.0,Gazakh-Tovuz,,0.0,1.0982758620689654,0.22749999999999998,0.2363095238095238,1.1547619047619047,0.015273185325145646,0.08620689655172414,0.0,1.0,-7.400000000000006,-0.04252873563218394,0.0
Qazax-Tovuz iqtisadi rayonu,2024,1113.0,519.0,19210.0,19103.0,107.0,17057.0,16989.0,68.0,1362.1,1329.3,130.0,,1818.350328,0.612093270950811,1.2238095238095237,0.07985577768658028,0.07793281350765081,1.126223837720584,0.04728673583674876,0.11680143755615453,0.0039866330538781735,0.9960133669461219,32.799999999999955,0.029469901168014335,0.0055700156168662154
Quba rayonu,2024,2020.0,894.0,169844.0,94979.0,74865.0,100254.0,61496.0,38758.0,29774.9,23481.3,986.0,Guba-Khachmaz,,0.0,14.740049504950496,0.2969946336305783,0.234218086061404,1.6941368922935742,0.2303594195035942,0.4881188118811881,0.38659804097592115,0.6134019590240788,6293.600000000002,3.1156435643564366,0.44078683968818444
Quba-Xaçmaz iqtisadi rayonu,2024,12033.0,4793.0,711667.0,515111.0,196556.0,308339.0,211208.0,97131.0,99618.70000000001,90436.5,2912.0,,,0.0,8.278791656278568,0.32308173795724837,0.2933021771491767,2.3080667706647553,0.16203545273329395,0.24200116346713205,0.31501367001903746,0.6849863299809625,9182.200000000012,0.7630848499958457,0.2761909713391235
Qusar rayonu,2024,2454.0,1020.0,191556.0,84522.0,107034.0,92383.0,38660.0,53723.0,44106.9,41476.7,695.0,Guba-Khachmaz,,0.0,17.973471882640588,0.47743524241473,0.4489646363508437,2.073498370912397,0.21385939645644236,0.2832110839445803,0.5815247394001061,0.41847526059989393,2630.2000000000044,1.071801140994297,0.5587608845455115
Qəbələ rayonu,2024,2661.0,1106.0,179812.0,76934.0,102878.0,102105.0,39137.0,62968.0,38239.7,35102.4,999.0,,,0.0,14.370424652386319,0.37451349101415204,0.34378727780226237,1.7610498996131434,0.18513176115684185,0.3754227733934611,0.6166984966456099,0.3833015033543901,3137.2999999999956,1.178992859827131,0.5721420149934376
Saatlı rayonu,2024,96.0,50.0,1565.0,1396.0,169.0,138.0,131.0,7.0,37.0,189.4,21.0,Mil-Mughan,,0.0,0.3854166666666667,0.26811594202898553,1.3724637681159422,11.340579710144928,0.04466324200913242,0.21875,0.050724637681159424,0.9492753623188406,-152.4,-1.5875000000000001,0.10798722044728434
Sabirabad rayonu,2024,82.0,40.0,7125.0,7125.0,,6231.0,6231.0,,252.8,79.4,7.0,Mil-Mughan,1466.33041279,0.05592191179065697,3.0829268292682928,0.04057133686406676,0.012742737923286793,1.14347616754935,0.2380554627464083,0.08536585365853659,0.0,1.0,173.4,2.1146341463414635,0.0
Sabunçu rayonu,2024,885.0,405.0,57098.0,23274.0,33824.0,27214.0,13112.0,14102.0,14014.7,9404.7,127.0,Baku,,0.0,15.835819209039549,0.5149812596457706,0.3455831557286691,2.0981112662600134,0.17676031266929804,0.14350282485875707,0.5181891673403395,0.48181083265966046,4610.0,5.209039548022599,0.5923850222424604
Salyan rayonu,2024,206.0,120.0,1761.0,1246.0,515.0,718.0,582.0,136.0,99.6,92.7,8.0,,1916.78295505,0.107471740322642,0.48349514563106794,0.13871866295264623,0.12910863509749304,2.4526462395543174,0.023420667641973668,0.038834951456310676,0.1894150417827298,0.8105849582172702,6.8999999999999915,0.03349514563106792,0.2924474730266894
Sumqayıt şəhəri,2024,553.0,289.0,10237.0,8448.0,1789.0,8265.0,7764.0,501.0,1836.8,1460.8,241.0,Absheron,,0.0,3.321518987341772,0.22223835450695703,0.17674531155474893,1.2385964912280703,0.050717134434838614,0.4358047016274864,0.06061705989110708,0.9393829401088929,376.0,0.6799276672694394,0.17475822995018073
Suraxanı rayonu,2024,78.0,48.0,2222.0,1560.0,662.0,1080.0,645.0,435.0,180.0,83.9,15.0,Baku,,0.0,2.3076923076923075,0.16666666666666666,0.07768518518518519,2.0574074074074074,0.07804706708816297,0.19230769230769232,0.4027777777777778,0.5972222222222222,96.1,1.232051282051282,0.29792979297929795
Səbail rayonu,2024,7541.0,3755.0,695062.0,176485.0,518577.0,416721.0,75039.0,341682.0,192323.9,132229.8,2023.0,Baku,,0.0,25.50376607876939,0.4615171781599679,0.3173101427573844,1.6679313017582507,0.2525234653301677,0.2682668081156345,0.8199298811434989,0.18007011885650112,60094.100000000006,7.96898289351545,0.7460873993974638
Tovuz rayonu,2024,266.0,133.0,5549.0,5503.0,46.0,5084.0,5070.0,14.0,532.6,510.1,45.0,Gazakh-Tovuz,1818.350328,0.1462864421140303,2.0022556390977444,0.10476003147128246,0.10033438237608183,1.0914634146341464,0.05715315686476465,0.16917293233082706,0.0027537372147915028,0.9972462627852084,22.5,0.08458646616541353,0.008289781942692377
Tərtər rayonu,2024,150.0,62.0,5675.0,5675.0,,5109.0,5109.0,,230.8,156.1,11.0,Karabakh,,0.0,1.5386666666666668,0.04517518105304365,0.030553924447054216,1.1107848894108436,0.10365296803652968,0.07333333333333333,0.0,1.0,74.70000000000002,0.4980000000000001,0.0
Xankəndi şəhəri,2024,332.0,149.0,,,,,,,,,,Karabakh,,0.0,0.0,0.0,0.0,0.0,0.0,0.0,0.0,0.0,0.0,0.0,0.0
Xaçmaz rayonu,2024,6917.0,2559.0,195189.0,193640.0,1549.0,34418.0,33685.0,733.0,9691.8,8514.5,818.0,Guba-Khachmaz,,0.0,1.4011565707676736,0.281591027950491,0.24738508919751293,5.6711313847405425,0.07731160670256525,0.11825936099465086,0.021296995758033586,0.9787030042419664,1177.2999999999993,0.1702038455978024,0.007935898027040459
Xızı rayonu,2024,169.0,72.0,2282.0,2282.0,,2282.0,2282.0,,303.7,327.6,65.0,Absheron,,0.0,1.7970414201183431,0.13308501314636284,0.14355828220858896,1.0,0.03699440706816892,0.38461538461538464,0.0,1.0,-23.900000000000034,-0.14142011834319546,0.0
Xətai rayonu,2024,1421.0,793.0,65191.0,52052.0,13139.0,48911.0,43250.0,5661.0,5732.2,4599.4,219.0,Baku,,0.0,4.033919774806474,0.11719654065547627,0.09403610639733392,1.3328494612663817,0.12568999257709698,0.15411681914144967,0.11574083539490095,0.884259164605099,1132.8000000000002,0.7971850809289234,0.20154622570600236
Xəzər rayonu,2024,1053.0,562.0,104456.0,41079.0,63377.0,25550.0,4600.0,20950.0,11749.7,7133.5,391.0,Baku,,0.0,11.158309591642926,0.45987084148727986,0.2791976516634051,4.088297455968688,0.27177665899127085,0.37132003798670465,0.8199608610567515,0.18003913894324852,4616.200000000001,4.383855650522318,0.6067339358198668
Yardımlı rayonu,2024,73.0,42.0,1299.0,1241.0,58.0,291.0,284.0,7.0,51.6,37.9,3.0,Lankaran-Astara,,0.0,0.7068493150684931,0.177319587628866,0.13024054982817868,4.463917525773196,0.048752111090260834,0.0410958904109589,0.024054982817869417,0.9759450171821306,13.700000000000003,0.18767123287671236,0.044649730561970746
Yasamal rayonu,2024,3815.0,2222.0,97391.0,29995.0,67396.0,30503.0,4854.0,25649.0,17976.5,11363.2,549.0,Baku,,0.0,4.712057667103538,0.5893354751991607,0.3725272923974691,3.192833491787693,0.06994093251225336,0.14390563564875491,0.8408681113333115,0.1591318886666885,6613.299999999999,1.733499344692005,0.6920146625458204
Yevlax rayonu,2024,173.0,87.0,,,,,,,,,,Central Aran,,0.0,0.0,0.0,0.0,0.0,0.0,0.0,0.0,0.0,0.0,0.0,0.0
Zaqatala rayonu,2024,485.0,223.0,12620.0,12368.0,252.0,9817.0,9619.0,198.0,533.5,454.2,53.0,Sheki-Zagatala,,0.0,1.1,0.05434450443108893,0.046266680248548436,1.2855251095039217,0.07128936590876994,0.10927835051546392,0.020169094428033003,0.979830905571967,79.30000000000001,0.16350515463917528,0.019968304278922346
Zərdab rayonu,2024,20.0,11.0,413.0,413.0,,268.0,268.0,,8.6,6.7,1.0,Central Aran,,0.0,0.43,0.03208955223880597,0.025,1.541044776119403,0.05657534246575342,0.05,0.0,1.0,1.8999999999999995,0.09499999999999997,0.0
İmişli rayonu,2024,86.0,37.0,1988.0,1985.0,3.0,1029.0,1026.0,3.0,241.0,392.4,40.0,Mil-Mughan,,0.0,2.802325581395349,0.23420796890184645,0.3813411078717201,1.9319727891156462,0.06333227142402038,0.46511627906976744,0.0029154518950437317,0.9970845481049563,-151.39999999999998,-1.7604651162790694,0.0015090543259557343
İsmayıllı rayonu,2024,1312.0,556.0,20908.0,18674.0,2234.0,14776.0,13565.0,1211.0,5342.6,5161.7,331.0,Mountainous Shirvan,,0.0,4.0721036585365855,0.36157282079047104,0.3493299945858148,1.4149972929074175,0.04366020715001671,0.25228658536585363,0.08195722793719545,0.9180427720628046,180.90000000000055,0.13788109756097602,0.10684905299406926
Şabran rayonu,2024,642.0,320.0,155078.0,141970.0,13108.0,81284.0,77367.0,3917.0,16045.1,16964.0,413.0,Guba-Khachmaz,,0.0,24.992367601246105,0.19739555140002954,0.20870035923428965,1.9078539441956597,0.6617931976272777,0.6433021806853583,0.04818906549874514,0.9518109345012549,-918.8999999999996,-1.4313084112149528,0.08452520667019177
Şamaxı rayonu,2024,1021.0,396.0,50456.0,44933.0,5523.0,49064.0,43790.0,5274.0,7119.6,4828.4,307.0,Mountainous Shirvan,,0.0,6.973163565132223,0.14510842980596772,0.0984102396869395,1.0283711071253872,0.13539237653120095,0.3006856023506366,0.10749225501385945,0.8925077449861406,2291.2000000000007,2.2440744368266414,0.10946170921198668
Şirvan şəhəri,2024,166.0,76.0,7001.0,6995.0,6.0,3331.0,3328.0,3.0,458.0,348.2,30.0,,,0.0,2.7590361445783134,0.1374962473731612,0.10453317322125487,2.1017712398679076,0.1155471199867965,0.18072289156626506,0.0009006304413089162,0.999099369558691,109.80000000000001,0.6614457831325302,0.0008570204256534781
Şirvan-Salyan iqtisadi rayonu,2024,524.0,263.0,12997.0,12260.0,737.0,7167.0,6885.0,282.0,677.8000000000001,550.0,51.0,,1916.78295505,0.27337471810225444,1.2935114503816796,0.09457234547230363,0.0767406167155016,1.813450537184317,0.06795461675206525,0.09732824427480916,0.039347007115948095,0.9606529928840519,127.80000000000007,0.2438931297709925,0.056705393552358235
Şuşa rayonu,2024,1973.0,648.0,25687.0,23379.0,2308.0,24921.0,22613.0,2308.0,6488.3,10199.1,273.0,Karabakh,,0.0,3.2885453623922962,0.2603547209181012,0.40925725291922477,1.0307371293286787,0.03566920550722424,0.1383679675620882,0.09261265599293768,0.9073873440070623,-3710.8,-1.8807906741003548,0.08985089734106746
Şəki rayonu,2024,786.0,354.0,25918.0,20394.0,5524.0,15265.0,10384.0,4881.0,3198.6,1684.4,165.0,,,0.0,4.069465648854962,0.20953815918768423,0.11034392400917131,1.697870946609892,0.09034124577364147,0.2099236641221374,0.31975106452669505,0.6802489354733049,1514.1999999999998,1.9264631043256994,0.2131337294544332
Şəki-Zaqatala iqtisadi rayonu,2024,5360.0,2281.0,267250.0,154331.0,112919.0,160184.0,89128.0,71056.0,44900.1,40144.8,1462.0,,,0.0,8.376884328358209,0.2803032762323328,0.2506167906907057,1.6683938470758628,0.13660294418319363,0.2727611940298508,0.44358987164760527,0.5564101283523948,4755.299999999996,0.8871828358208947,0.4225219831618335
Şəmkir rayonu,2024,151.0,75.0,2563.0,2536.0,27.0,2563.0,2536.0,27.0,256.8,289.6,32.0,Gazakh-Tovuz,,0.0,1.7006622516556291,0.10019508388607101,0.11299258681232931,1.0,0.046502766941848864,0.2119205298013245,0.010534529847834569,0.9894654701521655,-32.80000000000001,-0.21721854304635768,0.010534529847834569
