file,title,indicator,year,value
002_1.xls,"2.1 Sərhəd-buraxılış məntəqələrindən keçən şəxslərin sayı, min nəfər",Azərbaycan vətəndaşları,2006,3576.0
002_1.xls,"2.1 Sərhəd-buraxılış məntəqələrindən keçən şəxslərin sayı, min nəfər",Azərbaycan vətəndaşları,2007,3231.6
002_1.xls,"2.1 Sərhəd-buraxılış məntəqələrindən keçən şəxslərin sayı, min nəfər",Azərbaycan vətəndaşları,2008,4259.8
002_1.xls,"2.1 Sərhəd-buraxılış məntəqələrindən keçən şəxslərin sayı, min nəfər",Azərbaycan vətəndaşları,2009,4690.7
002_1.xls,"2.1 Sərhəd-buraxılış məntəqələrindən keçən şəxslərin sayı, min nəfər",Azərbaycan vətəndaşları,2010,6291.7
002_1.xls,"2.1 Sərhəd-buraxılış məntəqələrindən keçən şəxslərin sayı, min nəfər",Azərbaycan vətəndaşları,2011,7049.8
002_1.xls,"2.1 Sərhəd-buraxılış məntəqələrindən keçən şəxslərin sayı, min nəfər",Azərbaycan vətəndaşları,2012,7716.9
002_1.xls,"2.1 Sərhəd-buraxılış məntəqələrindən keçən şəxslərin sayı, min nəfər",Azərbaycan vətəndaşları,2013,8560.4
002_1.xls,"2.1 Sərhəd-buraxılış məntəqələrindən keçən şəxslərin sayı, min nəfər",Azərbaycan vətəndaşları,2014,8478.1
002_1.xls,"2.1 Sərhəd-buraxılış məntəqələrindən keçən şəxslərin sayı, min nəfər",Azərbaycan vətəndaşları,2015,8165.7
002_1.xls,"2.1 Sərhəd-buraxılış məntəqələrindən keçən şəxslərin sayı, min nəfər",Azərbaycan vətəndaşları,2016,8502.3
002_1.xls,"2.1 Sərhəd-buraxılış məntəqələrindən keçən şəxslərin sayı, min nəfər",Azərbaycan vətəndaşları,2017,8174.2
002_1.xls,"2.1 Sərhəd-buraxılış məntəqələrindən keçən şəxslərin sayı, min nəfər",Azərbaycan vətəndaşları,2018,9799.3
002_1.xls,"2.1 Sərhəd-buraxılış məntəqələrindən keçən şəxslərin sayı, min nəfər",Azərbaycan vətəndaşları,2019,11130.0
002_1.xls,"2.1 Sərhəd-buraxılış məntəqələrindən keçən şəxslərin sayı, min nəfər",Azərbaycan vətəndaşları,2020,2384.0
002_1.xls,"2.1 Sərhəd-buraxılış məntəqələrindən keçən şəxslərin sayı, min nəfər",Azərbaycan vətəndaşları,2021,1882.4
002_1.xls,"2.1 Sərhəd-buraxılış məntəqələrindən keçən şəxslərin sayı, min nəfər",Azərbaycan vətəndaşları,2022,2964.1
002_1.xls,"2.1 Sərhəd-buraxılış məntəqələrindən keçən şəxslərin sayı, min nəfər",Azərbaycan vətəndaşları,2023,3691.1
002_1.xls,"2.1 Sərhəd-buraxılış məntəqələrindən keçən şəxslərin sayı, min nəfər",Azərbaycan vətəndaşları,2024,4297.2
002_1.xls,"2.1 Sərhəd-buraxılış məntəqələrindən keçən şəxslərin sayı, min nəfər",əcnəbilər və vətəndaşlığı olmayan şəxslər,2006,2520.5
002_1.xls,"2.1 Sərhəd-buraxılış məntəqələrindən keçən şəxslərin sayı, min nəfər",əcnəbilər və vətəndaşlığı olmayan şəxslər,2007,2642.9
002_1.xls,"2.1 Sərhəd-buraxılış məntəqələrindən keçən şəxslərin sayı, min nəfər",əcnəbilər və vətəndaşlığı olmayan şəxslər,2008,3782.1
002_1.xls,"2.1 Sərhəd-buraxılış məntəqələrindən keçən şəxslərin sayı, min nəfər",əcnəbilər və vətəndaşlığı olmayan şəxslər,2009,3654.7
002_1.xls,"2.1 Sərhəd-buraxılış məntəqələrindən keçən şəxslərin sayı, min nəfər",əcnəbilər və vətəndaşlığı olmayan şəxslər,2010,3918.6
002_1.xls,"2.1 Sərhəd-buraxılış məntəqələrindən keçən şəxslərin sayı, min nəfər",əcnəbilər və vətəndaşlığı olmayan şəxslər,2011,4454.5
002_1.xls,"2.1 Sərhəd-buraxılış məntəqələrindən keçən şəxslərin sayı, min nəfər",əcnəbilər və vətəndaşlığı olmayan şəxslər,2012,4962.1
002_1.xls,"2.1 Sərhəd-buraxılış məntəqələrindən keçən şəxslərin sayı, min nəfər",əcnəbilər və vətəndaşlığı olmayan şəxslər,2013,5018.2
002_1.xls,"2.1 Sərhəd-buraxılış məntəqələrindən keçən şəxslərin sayı, min nəfər",əcnəbilər və vətəndaşlığı olmayan şəxslər,2014,4599.1
002_1.xls,"2.1 Sərhəd-buraxılış məntəqələrindən keçən şəxslərin sayı, min nəfər",əcnəbilər və vətəndaşlığı olmayan şəxslər,2015,4026.3
002_1.xls,"2.1 Sərhəd-buraxılış məntəqələrindən keçən şəxslərin sayı, min nəfər",əcnəbilər və vətəndaşlığı olmayan şəxslər,2016,4498.5
002_1.xls,"2.1 Sərhəd-buraxılış məntəqələrindən keçən şəxslərin sayı, min nəfər",əcnəbilər və vətəndaşlığı olmayan şəxslər,2017,5388.9
002_1.xls,"2.1 Sərhəd-buraxılış məntəqələrindən keçən şəxslərin sayı, min nəfər",əcnəbilər və vətəndaşlığı olmayan şəxslər,2018,5705.0
002_1.xls,"2.1 Sərhəd-buraxılış məntəqələrindən keçən şəxslərin sayı, min nəfər",əcnəbilər və vətəndaşlığı olmayan şəxslər,2019,6334.3
002_1.xls,"2.1 Sərhəd-buraxılış məntəqələrindən keçən şəxslərin sayı, min nəfər",əcnəbilər və vətəndaşlığı olmayan şəxslər,2020,1644.3
002_1.xls,"2.1 Sərhəd-buraxılış məntəqələrindən keçən şəxslərin sayı, min nəfər",əcnəbilər və vətəndaşlığı olmayan şəxslər,2021,1550.0
002_1.xls,"2.1 Sərhəd-buraxılış məntəqələrindən keçən şəxslərin sayı, min nəfər",əcnəbilər və vətəndaşlığı olmayan şəxslər,2022,3167.5
002_1.xls,"2.1 Sərhəd-buraxılış məntəqələrindən keçən şəxslərin sayı, min nəfər",əcnəbilər və vətəndaşlığı olmayan şəxslər,2023,4169.3
002_1.xls,"2.1 Sərhəd-buraxılış məntəqələrindən keçən şəxslərin sayı, min nəfər",əcnəbilər və vətəndaşlığı olmayan şəxslər,2024,5247.7
002_1.xls,"2.1 Sərhəd-buraxılış məntəqələrindən keçən şəxslərin sayı, min nəfər",Ölkə ərazisinə daxil olanların sayı,2006,3002.0
002_1.xls,"2.1 Sərhəd-buraxılış məntəqələrindən keçən şəxslərin sayı, min nəfər",Ölkə ərazisinə daxil olanların sayı,2007,2933.0
002_1.xls,"2.1 Sərhəd-buraxılış məntəqələrindən keçən şəxslərin sayı, min nəfər",Ölkə ərazisinə daxil olanların sayı,2008,3996.4
002_1.xls,"2.1 Sərhəd-buraxılış məntəqələrindən keçən şəxslərin sayı, min nəfər",Ölkə ərazisinə daxil olanların sayı,2009,4158.6
002_1.xls,"2.1 Sərhəd-buraxılış məntəqələrindən keçən şəxslərin sayı, min nəfər",Ölkə ərazisinə daxil olanların sayı,2010,5079.0
002_1.xls,"2.1 Sərhəd-buraxılış məntəqələrindən keçən şəxslərin sayı, min nəfər",Ölkə ərazisinə daxil olanların sayı,2011,5738.7
002_1.xls,"2.1 Sərhəd-buraxılış məntəqələrindən keçən şəxslərin sayı, min nəfər",Ölkə ərazisinə daxil olanların sayı,2012,6326.6
002_1.xls,"2.1 Sərhəd-buraxılış məntəqələrindən keçən şəxslərin sayı, min nəfər",Ölkə ərazisinə daxil olanların sayı,2013,6784.6
002_1.xls,"2.1 Sərhəd-buraxılış məntəqələrindən keçən şəxslərin sayı, min nəfər",Ölkə ərazisinə daxil olanların sayı,2014,6531.6
002_1.xls,"2.1 Sərhəd-buraxılış məntəqələrindən keçən şəxslərin sayı, min nəfər",Ölkə ərazisinə daxil olanların sayı,2015,6076.1
002_1.xls,"2.1 Sərhəd-buraxılış məntəqələrindən keçən şəxslərin sayı, min nəfər",Ölkə ərazisinə daxil olanların sayı,2016,6469.3
002_1.xls,"2.1 Sərhəd-buraxılış məntəqələrindən keçən şəxslərin sayı, min nəfər",Ölkə ərazisinə daxil olanların sayı,2017,6762.0
002_1.xls,"2.1 Sərhəd-buraxılış məntəqələrindən keçən şəxslərin sayı, min nəfər",Ölkə ərazisinə daxil olanların sayı,2018,7740.8
002_1.xls,"2.1 Sərhəd-buraxılış məntəqələrindən keçən şəxslərin sayı, min nəfər",Ölkə ərazisinə daxil olanların sayı,2019,8732.7
002_1.xls,"2.1 Sərhəd-buraxılış məntəqələrindən keçən şəxslərin sayı, min nəfər",Ölkə ərazisinə daxil olanların sayı,2020,2015.1
002_1.xls,"2.1 Sərhəd-buraxılış məntəqələrindən keçən şəxslərin sayı, min nəfər",Ölkə ərazisinə daxil olanların sayı,2021,1699.7
002_1.xls,"2.1 Sərhəd-buraxılış məntəqələrindən keçən şəxslərin sayı, min nəfər",Ölkə ərazisinə daxil olanların sayı,2022,3076.9
002_1.xls,"2.1 Sərhəd-buraxılış məntəqələrindən keçən şəxslərin sayı, min nəfər",Ölkə ərazisinə daxil olanların sayı,2023,3908.1
002_1.xls,"2.1 Sərhəd-buraxılış məntəqələrindən keçən şəxslərin sayı, min nəfər",Ölkə ərazisinə daxil olanların sayı,2024,4765.0
002_1.xls,"2.1 Sərhəd-buraxılış məntəqələrindən keçən şəxslərin sayı, min nəfər",Azərbaycan vətəndaşları,2006,1740.0
002_1.xls,"2.1 Sərhəd-buraxılış məntəqələrindən keçən şəxslərin sayı, min nəfər",Azərbaycan vətəndaşları,2007,1600.3
002_1.xls,"2.1 Sərhəd-buraxılış məntəqələrindən keçən şəxslərin sayı, min nəfər",Azərbaycan vətəndaşları,2008,2097.5
002_1.xls,"2.1 Sərhəd-buraxılış məntəqələrindən keçən şəxslərin sayı, min nəfər",Azərbaycan vətəndaşları,2009,2328.2
002_1.xls,"2.1 Sərhəd-buraxılış məntəqələrindən keçən şəxslərin sayı, min nəfər",Azərbaycan vətəndaşları,2010,3116.1
002_1.xls,"2.1 Sərhəd-buraxılış məntəqələrindən keçən şəxslərin sayı, min nəfər",Azərbaycan vətəndaşları,2011,3499.5
002_1.xls,"2.1 Sərhəd-buraxılış məntəqələrindən keçən şəxslərin sayı, min nəfər",Azərbaycan vətəndaşları,2012,3842.5
002_1.xls,"2.1 Sərhəd-buraxılış məntəqələrindən keçən şəxslərin sayı, min nəfər",Azərbaycan vətəndaşları,2013,4275.7
002_1.xls,"2.1 Sərhəd-buraxılış məntəqələrindən keçən şəxslərin sayı, min nəfər",Azərbaycan vətəndaşları,2014,4233.8
002_1.xls,"2.1 Sərhəd-buraxılış məntəqələrindən keçən şəxslərin sayı, min nəfər",Azərbaycan vətəndaşları,2015,4069.9
002_1.xls,"2.1 Sərhəd-buraxılış məntəqələrindən keçən şəxslərin sayı, min nəfər",Azərbaycan vətəndaşları,2016,4220.5
002_1.xls,"2.1 Sərhəd-buraxılış məntəqələrindən keçən şəxslərin sayı, min nəfər",Azərbaycan vətəndaşları,2017,4065.3
002_1.xls,"2.1 Sərhəd-buraxılış məntəqələrindən keçən şəxslərin sayı, min nəfər",Azərbaycan vətəndaşları,2018,4891.2
002_1.xls,"2.1 Sərhəd-buraxılış məntəqələrindən keçən şəxslərin sayı, min nəfər",Azərbaycan vətəndaşları,2019,5562.3
002_1.xls,"2.1 Sərhəd-buraxılış məntəqələrindən keçən şəxslərin sayı, min nəfər",Azərbaycan vətəndaşları,2020,1219.4
002_1.xls,"2.1 Sərhəd-buraxılış məntəqələrindən keçən şəxslərin sayı, min nəfər",Azərbaycan vətəndaşları,2021,907.9
002_1.xls,"2.1 Sərhəd-buraxılış məntəqələrindən keçən şəxslərin sayı, min nəfər",Azərbaycan vətəndaşları,2022,1474.6
002_1.xls,"2.1 Sərhəd-buraxılış məntəqələrindən keçən şəxslərin sayı, min nəfər",Azərbaycan vətəndaşları,2023,1822.3
002_1.xls,"2.1 Sərhəd-buraxılış məntəqələrindən keçən şəxslərin sayı, min nəfər",Azərbaycan vətəndaşları,2024,2138.3
002_1.xls,"2.1 Sərhəd-buraxılış məntəqələrindən keçən şəxslərin sayı, min nəfər",əcnəbilər və vətəndaşlığı olmayan şəxslər,2006,1262.0
002_1.xls,"2.1 Sərhəd-buraxılış məntəqələrindən keçən şəxslərin sayı, min nəfər",əcnəbilər və vətəndaşlığı olmayan şəxslər,2007,1332.7
002_1.xls,"2.1 Sərhəd-buraxılış məntəqələrindən keçən şəxslərin sayı, min nəfər",əcnəbilər və vətəndaşlığı olmayan şəxslər,2008,1898.9
002_1.xls,"2.1 Sərhəd-buraxılış məntəqələrindən keçən şəxslərin sayı, min nəfər",əcnəbilər və vətəndaşlığı olmayan şəxslər,2009,1830.4
002_1.xls,"2.1 Sərhəd-buraxılış məntəqələrindən keçən şəxslərin sayı, min nəfər",əcnəbilər və vətəndaşlığı olmayan şəxslər,2010,1962.9
002_1.xls,"2.1 Sərhəd-buraxılış məntəqələrindən keçən şəxslərin sayı, min nəfər",əcnəbilər və vətəndaşlığı olmayan şəxslər,2011,2239.2
002_1.xls,"2.1 Sərhəd-buraxılış məntəqələrindən keçən şəxslərin sayı, min nəfər",əcnəbilər və vətəndaşlığı olmayan şəxslər,2012,2484.1
002_1.xls,"2.1 Sərhəd-buraxılış məntəqələrindən keçən şəxslərin sayı, min nəfər",əcnəbilər və vətəndaşlığı olmayan şəxslər,2013,2508.9
002_1.xls,"2.1 Sərhəd-buraxılış məntəqələrindən keçən şəxslərin sayı, min nəfər",əcnəbilər və vətəndaşlığı olmayan şəxslər,2014,2297.8
002_1.xls,"2.1 Sərhəd-buraxılış məntəqələrindən keçən şəxslərin sayı, min nəfər",əcnəbilər və vətəndaşlığı olmayan şəxslər,2015,2006.2
002_1.xls,"2.1 Sərhəd-buraxılış məntəqələrindən keçən şəxslərin sayı, min nəfər",əcnəbilər və vətəndaşlığı olmayan şəxslər,2016,2248.8
002_1.xls,"2.1 Sərhəd-buraxılış məntəqələrindən keçən şəxslərin sayı, min nəfər",əcnəbilər və vətəndaşlığı olmayan şəxslər,2017,2696.7
002_1.xls,"2.1 Sərhəd-buraxılış məntəqələrindən keçən şəxslərin sayı, min nəfər",əcnəbilər və vətəndaşlığı olmayan şəxslər,2018,2849.6
002_1.xls,"2.1 Sərhəd-buraxılış məntəqələrindən keçən şəxslərin sayı, min nəfər",əcnəbilər və vətəndaşlığı olmayan şəxslər,2019,3170.4
002_1.xls,"2.1 Sərhəd-buraxılış məntəqələrindən keçən şəxslərin sayı, min nəfər",əcnəbilər və vətəndaşlığı olmayan şəxslər,2020,795.7
002_1.xls,"2.1 Sərhəd-buraxılış məntəqələrindən keçən şəxslərin sayı, min nəfər",əcnəbilər və vətəndaşlığı olmayan şəxslər,2021,791.8
002_1.xls,"2.1 Sərhəd-buraxılış məntəqələrindən keçən şəxslərin sayı, min nəfər",əcnəbilər və vətəndaşlığı olmayan şəxslər,2022,1602.3
002_1.xls,"2.1 Sərhəd-buraxılış məntəqələrindən keçən şəxslərin sayı, min nəfər",əcnəbilər və vətəndaşlığı olmayan şəxslər,2023,2085.8
002_1.xls,"2.1 Sərhəd-buraxılış məntəqələrindən keçən şəxslərin sayı, min nəfər",əcnəbilər və vətəndaşlığı olmayan şəxslər,2024,2626.7
002_1.xls,"2.1 Sərhəd-buraxılış məntəqələrindən keçən şəxslərin sayı, min nəfər",Ölkə ərazisini tərk edənlərin sayı,2006,3094.5
002_1.xls,"2.1 Sərhəd-buraxılış məntəqələrindən keçən şəxslərin sayı, min nəfər",Ölkə ərazisini tərk edənlərin sayı,2007,2941.5
002_1.xls,"2.1 Sərhəd-buraxılış məntəqələrindən keçən şəxslərin sayı, min nəfər",Ölkə ərazisini tərk edənlərin sayı,2008,4045.5
002_1.xls,"2.1 Sərhəd-buraxılış məntəqələrindən keçən şəxslərin sayı, min nəfər",Ölkə ərazisini tərk edənlərin sayı,2009,4186.8
002_1.xls,"2.1 Sərhəd-buraxılış məntəqələrindən keçən şəxslərin sayı, min nəfər",Ölkə ərazisini tərk edənlərin sayı,2010,5131.3
002_1.xls,"2.1 Sərhəd-buraxılış məntəqələrindən keçən şəxslərin sayı, min nəfər",Ölkə ərazisini tərk edənlərin sayı,2011,5765.6
002_1.xls,"2.1 Sərhəd-buraxılış məntəqələrindən keçən şəxslərin sayı, min nəfər",Ölkə ərazisini tərk edənlərin sayı,2012,6352.4
002_1.xls,"2.1 Sərhəd-buraxılış məntəqələrindən keçən şəxslərin sayı, min nəfər",Ölkə ərazisini tərk edənlərin sayı,2013,6794.0
002_1.xls,"2.1 Sərhəd-buraxılış məntəqələrindən keçən şəxslərin sayı, min nəfər",Ölkə ərazisini tərk edənlərin sayı,2014,6545.6
002_1.xls,"2.1 Sərhəd-buraxılış məntəqələrindən keçən şəxslərin sayı, min nəfər",Ölkə ərazisini tərk edənlərin sayı,2015,6115.9
002_1.xls,"2.1 Sərhəd-buraxılış məntəqələrindən keçən şəxslərin sayı, min nəfər",Ölkə ərazisini tərk edənlərin sayı,2016,6531.5
002_1.xls,"2.1 Sərhəd-buraxılış məntəqələrindən keçən şəxslərin sayı, min nəfər",Ölkə ərazisini tərk edənlərin sayı,2017,6801.1
002_1.xls,"2.1 Sərhəd-buraxılış məntəqələrindən keçən şəxslərin sayı, min nəfər",Ölkə ərazisini tərk edənlərin sayı,2018,7763.5
002_1.xls,"2.1 Sərhəd-buraxılış məntəqələrindən keçən şəxslərin sayı, min nəfər",Ölkə ərazisini tərk edənlərin sayı,2019,8731.6
002_1.xls,"2.1 Sərhəd-buraxılış məntəqələrindən keçən şəxslərin sayı, min nəfər",Ölkə ərazisini tərk edənlərin sayı,2020,2013.2
002_1.xls,"2.1 Sərhəd-buraxılış məntəqələrindən keçən şəxslərin sayı, min nəfər",Ölkə ərazisini tərk edənlərin sayı,2021,1732.7
002_1.xls,"2.1 Sərhəd-buraxılış məntəqələrindən keçən şəxslərin sayı, min nəfər",Ölkə ərazisini tərk edənlərin sayı,2022,3054.7
002_1.xls,"2.1 Sərhəd-buraxılış məntəqələrindən keçən şəxslərin sayı, min nəfər",Ölkə ərazisini tərk edənlərin sayı,2023,3952.3
002_1.xls,"2.1 Sərhəd-buraxılış məntəqələrindən keçən şəxslərin sayı, min nəfər",Ölkə ərazisini tərk edənlərin sayı,2024,4779.9
002_1.xls,"2.1 Sərhəd-buraxılış məntəqələrindən keçən şəxslərin sayı, min nəfər",Azərbaycan vətəndaşları,2006,1835.9
002_1.xls,"2.1 Sərhəd-buraxılış məntəqələrindən keçən şəxslərin sayı, min nəfər",Azərbaycan vətəndaşları,2007,1631.3
002_1.xls,"2.1 Sərhəd-buraxılış məntəqələrindən keçən şəxslərin sayı, min nəfər",Azərbaycan vətəndaşları,2008,2162.4
002_1.xls,"2.1 Sərhəd-buraxılış məntəqələrindən keçən şəxslərin sayı, min nəfər",Azərbaycan vətəndaşları,2009,2362.5
002_1.xls,"2.1 Sərhəd-buraxılış məntəqələrindən keçən şəxslərin sayı, min nəfər",Azərbaycan vətəndaşları,2010,3175.6
002_1.xls,"2.1 Sərhəd-buraxılış məntəqələrindən keçən şəxslərin sayı, min nəfər",Azərbaycan vətəndaşları,2011,3550.2
002_1.xls,"2.1 Sərhəd-buraxılış məntəqələrindən keçən şəxslərin sayı, min nəfər",Azərbaycan vətəndaşları,2012,3874.4
002_1.xls,"2.1 Sərhəd-buraxılış məntəqələrindən keçən şəxslərin sayı, min nəfər",Azərbaycan vətəndaşları,2013,4284.7
002_1.xls,"2.1 Sərhəd-buraxılış məntəqələrindən keçən şəxslərin sayı, min nəfər",Azərbaycan vətəndaşları,2014,4244.3
002_1.xls,"2.1 Sərhəd-buraxılış məntəqələrindən keçən şəxslərin sayı, min nəfər",Azərbaycan vətəndaşları,2015,4095.8
002_1.xls,"2.1 Sərhəd-buraxılış məntəqələrindən keçən şəxslərin sayı, min nəfər",Azərbaycan vətəndaşları,2016,4281.8
002_1.xls,"2.1 Sərhəd-buraxılış məntəqələrindən keçən şəxslərin sayı, min nəfər",Azərbaycan vətəndaşları,2017,4108.9
002_1.xls,"2.1 Sərhəd-buraxılış məntəqələrindən keçən şəxslərin sayı, min nəfər",Azərbaycan vətəndaşları,2018,4908.1
002_1.xls,"2.1 Sərhəd-buraxılış məntəqələrindən keçən şəxslərin sayı, min nəfər",Azərbaycan vətəndaşları,2019,5567.7
002_1.xls,"2.1 Sərhəd-buraxılış məntəqələrindən keçən şəxslərin sayı, min nəfər",Azərbaycan vətəndaşları,2020,1164.6
002_1.xls,"2.1 Sərhəd-buraxılış məntəqələrindən keçən şəxslərin sayı, min nəfər",Azərbaycan vətəndaşları,2021,974.5
002_1.xls,"2.1 Sərhəd-buraxılış məntəqələrindən keçən şəxslərin sayı, min nəfər",Azərbaycan vətəndaşları,2022,1489.5
002_1.xls,"2.1 Sərhəd-buraxılış məntəqələrindən keçən şəxslərin sayı, min nəfər",Azərbaycan vətəndaşları,2023,1868.7
002_1.xls,"2.1 Sərhəd-buraxılış məntəqələrindən keçən şəxslərin sayı, min nəfər",Azərbaycan vətəndaşları,2024,2158.9
002_1.xls,"2.1 Sərhəd-buraxılış məntəqələrindən keçən şəxslərin sayı, min nəfər",əcnəbilər və vətəndaşlığı olmayan şəxslər,2006,1258.6
002_1.xls,"2.1 Sərhəd-buraxılış məntəqələrindən keçən şəxslərin sayı, min nəfər",əcnəbilər və vətəndaşlığı olmayan şəxslər,2007,1310.2
002_1.xls,"2.1 Sərhəd-buraxılış məntəqələrindən keçən şəxslərin sayı, min nəfər",əcnəbilər və vətəndaşlığı olmayan şəxslər,2008,1883.1
002_1.xls,"2.1 Sərhəd-buraxılış məntəqələrindən keçən şəxslərin sayı, min nəfər",əcnəbilər və vətəndaşlığı olmayan şəxslər,2009,1824.3
002_1.xls,"2.1 Sərhəd-buraxılış məntəqələrindən keçən şəxslərin sayı, min nəfər",əcnəbilər və vətəndaşlığı olmayan şəxslər,2010,1955.7
002_1.xls,"2.1 Sərhəd-buraxılış məntəqələrindən keçən şəxslərin sayı, min nəfər",əcnəbilər və vətəndaşlığı olmayan şəxslər,2011,2215.4
002_1.xls,"2.1 Sərhəd-buraxılış məntəqələrindən keçən şəxslərin sayı, min nəfər",əcnəbilər və vətəndaşlığı olmayan şəxslər,2012,2478.0
002_1.xls,"2.1 Sərhəd-buraxılış məntəqələrindən keçən şəxslərin sayı, min nəfər",əcnəbilər və vətəndaşlığı olmayan şəxslər,2013,2509.3
002_1.xls,"2.1 Sərhəd-buraxılış məntəqələrindən keçən şəxslərin sayı, min nəfər",əcnəbilər və vətəndaşlığı olmayan şəxslər,2014,2301.3
002_1.xls,"2.1 Sərhəd-buraxılış məntəqələrindən keçən şəxslərin sayı, min nəfər",əcnəbilər və vətəndaşlığı olmayan şəxslər,2015,2020.1
002_1.xls,"2.1 Sərhəd-buraxılış məntəqələrindən keçən şəxslərin sayı, min nəfər",əcnəbilər və vətəndaşlığı olmayan şəxslər,2016,2249.7
002_1.xls,"2.1 Sərhəd-buraxılış məntəqələrindən keçən şəxslərin sayı, min nəfər",əcnəbilər və vətəndaşlığı olmayan şəxslər,2017,2692.2
002_1.xls,"2.1 Sərhəd-buraxılış məntəqələrindən keçən şəxslərin sayı, min nəfər",əcnəbilər və vətəndaşlığı olmayan şəxslər,2018,2855.4
002_1.xls,"2.1 Sərhəd-buraxılış məntəqələrindən keçən şəxslərin sayı, min nəfər",əcnəbilər və vətəndaşlığı olmayan şəxslər,2019,3163.9
002_1.xls,"2.1 Sərhəd-buraxılış məntəqələrindən keçən şəxslərin sayı, min nəfər",əcnəbilər və vətəndaşlığı olmayan şəxslər,2020,848.6
002_1.xls,"2.1 Sərhəd-buraxılış məntəqələrindən keçən şəxslərin sayı, min nəfər",əcnəbilər və vətəndaşlığı olmayan şəxslər,2021,758.2
002_1.xls,"2.1 Sərhəd-buraxılış məntəqələrindən keçən şəxslərin sayı, min nəfər",əcnəbilər və vətəndaşlığı olmayan şəxslər,2022,1565.2
002_1.xls,"2.1 Sərhəd-buraxılış məntəqələrindən keçən şəxslərin sayı, min nəfər",əcnəbilər və vətəndaşlığı olmayan şəxslər,2023,2083.6
002_1.xls,"2.1 Sərhəd-buraxılış məntəqələrindən keçən şəxslərin sayı, min nəfər",əcnəbilər və vətəndaşlığı olmayan şəxslər,2024,2621.0
002_2.xls,2.2 Ölkəyə gələn və gedən vətəndaşların nəqliyyat növlərindən istifadə üzrə sayı,avtomobil,2006,767.3
002_2.xls,2.2 Ölkəyə gələn və gedən vətəndaşların nəqliyyat növlərindən istifadə üzrə sayı,avtomobil,2007,814.3
002_2.xls,2.2 Ölkəyə gələn və gedən vətəndaşların nəqliyyat növlərindən istifadə üzrə sayı,avtomobil,2008,989.3
002_2.xls,2.2 Ölkəyə gələn və gedən vətəndaşların nəqliyyat növlərindən istifadə üzrə sayı,avtomobil,2009,638.8
002_2.xls,2.2 Ölkəyə gələn və gedən vətəndaşların nəqliyyat növlərindən istifadə üzrə sayı,avtomobil,2010,720.4
002_2.xls,2.2 Ölkəyə gələn və gedən vətəndaşların nəqliyyat növlərindən istifadə üzrə sayı,avtomobil,2011,792.2
002_2.xls,2.2 Ölkəyə gələn və gedən vətəndaşların nəqliyyat növlərindən istifadə üzrə sayı,avtomobil,2012,891.7
002_2.xls,2.2 Ölkəyə gələn və gedən vətəndaşların nəqliyyat növlərindən istifadə üzrə sayı,avtomobil,2013,928.2
002_2.xls,2.2 Ölkəyə gələn və gedən vətəndaşların nəqliyyat növlərindən istifadə üzrə sayı,avtomobil,2014,748.9
002_2.xls,2.2 Ölkəyə gələn və gedən vətəndaşların nəqliyyat növlərindən istifadə üzrə sayı,avtomobil,2015,660.0
002_2.xls,2.2 Ölkəyə gələn və gedən vətəndaşların nəqliyyat növlərindən istifadə üzrə sayı,avtomobil,2016,701.2
002_2.xls,2.2 Ölkəyə gələn və gedən vətəndaşların nəqliyyat növlərindən istifadə üzrə sayı,avtomobil,2017,1089.6
002_2.xls,2.2 Ölkəyə gələn və gedən vətəndaşların nəqliyyat növlərindən istifadə üzrə sayı,avtomobil,2018,1130.8
002_2.xls,2.2 Ölkəyə gələn və gedən vətəndaşların nəqliyyat növlərindən istifadə üzrə sayı,avtomobil,2019,1268.2
002_2.xls,2.2 Ölkəyə gələn və gedən vətəndaşların nəqliyyat növlərindən istifadə üzrə sayı,avtomobil,2020,505.0
002_2.xls,2.2 Ölkəyə gələn və gedən vətəndaşların nəqliyyat növlərindən istifadə üzrə sayı,avtomobil,2021,385.6
002_2.xls,2.2 Ölkəyə gələn və gedən vətəndaşların nəqliyyat növlərindən istifadə üzrə sayı,avtomobil,2022,530.6
002_2.xls,2.2 Ölkəyə gələn və gedən vətəndaşların nəqliyyat növlərindən istifadə üzrə sayı,avtomobil,2023,565.7
002_2.xls,2.2 Ölkəyə gələn və gedən vətəndaşların nəqliyyat növlərindən istifadə üzrə sayı,avtomobil,2024,602.8
002_2.xls,2.2 Ölkəyə gələn və gedən vətəndaşların nəqliyyat növlərindən istifadə üzrə sayı,dəmir yolu,2006,204.4
002_2.xls,2.2 Ölkəyə gələn və gedən vətəndaşların nəqliyyat növlərindən istifadə üzrə sayı,dəmir yolu,2007,211.9
002_2.xls,2.2 Ölkəyə gələn və gedən vətəndaşların nəqliyyat növlərindən istifadə üzrə sayı,dəmir yolu,2008,322.8
002_2.xls,2.2 Ölkəyə gələn və gedən vətəndaşların nəqliyyat növlərindən istifadə üzrə sayı,dəmir yolu,2009,287.4
002_2.xls,2.2 Ölkəyə gələn və gedən vətəndaşların nəqliyyat növlərindən istifadə üzrə sayı,dəmir yolu,2010,312.1
002_2.xls,2.2 Ölkəyə gələn və gedən vətəndaşların nəqliyyat növlərindən istifadə üzrə sayı,dəmir yolu,2011,372.8
002_2.xls,2.2 Ölkəyə gələn və gedən vətəndaşların nəqliyyat növlərindən istifadə üzrə sayı,dəmir yolu,2012,404.4
002_2.xls,2.2 Ölkəyə gələn və gedən vətəndaşların nəqliyyat növlərindən istifadə üzrə sayı,dəmir yolu,2013,378.8
002_2.xls,2.2 Ölkəyə gələn və gedən vətəndaşların nəqliyyat növlərindən istifadə üzrə sayı,dəmir yolu,2014,293.4
002_2.xls,2.2 Ölkəyə gələn və gedən vətəndaşların nəqliyyat növlərindən istifadə üzrə sayı,dəmir yolu,2015,230.7
002_2.xls,2.2 Ölkəyə gələn və gedən vətəndaşların nəqliyyat növlərindən istifadə üzrə sayı,dəmir yolu,2016,256.8
002_2.xls,2.2 Ölkəyə gələn və gedən vətəndaşların nəqliyyat növlərindən istifadə üzrə sayı,dəmir yolu,2017,306.9
002_2.xls,2.2 Ölkəyə gələn və gedən vətəndaşların nəqliyyat növlərindən istifadə üzrə sayı,dəmir yolu,2018,361.4
002_2.xls,2.2 Ölkəyə gələn və gedən vətəndaşların nəqliyyat növlərindən istifadə üzrə sayı,dəmir yolu,2019,408.9
002_2.xls,2.2 Ölkəyə gələn və gedən vətəndaşların nəqliyyat növlərindən istifadə üzrə sayı,dəmir yolu,2020,14.9
002_2.xls,2.2 Ölkəyə gələn və gedən vətəndaşların nəqliyyat növlərindən istifadə üzrə sayı,dəmir yolu,2021,1.1
002_2.xls,2.2 Ölkəyə gələn və gedən vətəndaşların nəqliyyat növlərindən istifadə üzrə sayı,dəmir yolu,2022,2.4
002_2.xls,2.2 Ölkəyə gələn və gedən vətəndaşların nəqliyyat növlərindən istifadə üzrə sayı,dəmir yolu,2023,3.1
002_2.xls,2.2 Ölkəyə gələn və gedən vətəndaşların nəqliyyat növlərindən istifadə üzrə sayı,dəmir yolu,2024,3.6
002_2.xls,2.2 Ölkəyə gələn və gedən vətəndaşların nəqliyyat növlərindən istifadə üzrə sayı,hava nəqliyyatı,2006,281.4
002_2.xls,2.2 Ölkəyə gələn və gedən vətəndaşların nəqliyyat növlərindən istifadə üzrə sayı,hava nəqliyyatı,2007,297.2
002_2.xls,2.2 Ölkəyə gələn və gedən vətəndaşların nəqliyyat növlərindən istifadə üzrə sayı,hava nəqliyyatı,2008,571.6
002_2.xls,2.2 Ölkəyə gələn və gedən vətəndaşların nəqliyyat növlərindən istifadə üzrə sayı,hava nəqliyyatı,2009,624.2
002_2.xls,2.2 Ölkəyə gələn və gedən vətəndaşların nəqliyyat növlərindən istifadə üzrə sayı,hava nəqliyyatı,2010,645.8
002_2.xls,2.2 Ölkəyə gələn və gedən vətəndaşların nəqliyyat növlərindən istifadə üzrə sayı,hava nəqliyyatı,2011,795.5
002_2.xls,2.2 Ölkəyə gələn və gedən vətəndaşların nəqliyyat növlərindən istifadə üzrə sayı,hava nəqliyyatı,2012,946.4
002_2.xls,2.2 Ölkəyə gələn və gedən vətəndaşların nəqliyyat növlərindən istifadə üzrə sayı,hava nəqliyyatı,2013,993.5
002_2.xls,2.2 Ölkəyə gələn və gedən vətəndaşların nəqliyyat növlərindən istifadə üzrə sayı,hava nəqliyyatı,2014,1089.2
002_2.xls,2.2 Ölkəyə gələn və gedən vətəndaşların nəqliyyat növlərindən istifadə üzrə sayı,hava nəqliyyatı,2015,968.9
002_2.xls,2.2 Ölkəyə gələn və gedən vətəndaşların nəqliyyat növlərindən istifadə üzrə sayı,hava nəqliyyatı,2016,1164.9
002_2.xls,2.2 Ölkəyə gələn və gedən vətəndaşların nəqliyyat növlərindən istifadə üzrə sayı,hava nəqliyyatı,2017,1151.5
002_2.xls,2.2 Ölkəyə gələn və gedən vətəndaşların nəqliyyat növlərindən istifadə üzrə sayı,hava nəqliyyatı,2018,1183.8
002_2.xls,2.2 Ölkəyə gələn və gedən vətəndaşların nəqliyyat növlərindən istifadə üzrə sayı,hava nəqliyyatı,2019,1285.2
002_2.xls,2.2 Ölkəyə gələn və gedən vətəndaşların nəqliyyat növlərindən istifadə üzrə sayı,hava nəqliyyatı,2020,219.4
002_2.xls,2.2 Ölkəyə gələn və gedən vətəndaşların nəqliyyat növlərindən istifadə üzrə sayı,hava nəqliyyatı,2021,380.2
002_2.xls,2.2 Ölkəyə gələn və gedən vətəndaşların nəqliyyat növlərindən istifadə üzrə sayı,hava nəqliyyatı,2022,1042.1
002_2.xls,2.2 Ölkəyə gələn və gedən vətəndaşların nəqliyyat növlərindən istifadə üzrə sayı,hava nəqliyyatı,2023,1490.1
002_2.xls,2.2 Ölkəyə gələn və gedən vətəndaşların nəqliyyat növlərindən istifadə üzrə sayı,hava nəqliyyatı,2024,1986.8
002_2.xls,2.2 Ölkəyə gələn və gedən vətəndaşların nəqliyyat növlərindən istifadə üzrə sayı,su nəqliyyatı,2006,8.9
002_2.xls,2.2 Ölkəyə gələn və gedən vətəndaşların nəqliyyat növlərindən istifadə üzrə sayı,su nəqliyyatı,2007,9.3
002_2.xls,2.2 Ölkəyə gələn və gedən vətəndaşların nəqliyyat növlərindən istifadə üzrə sayı,su nəqliyyatı,2008,15.2
002_2.xls,2.2 Ölkəyə gələn və gedən vətəndaşların nəqliyyat növlərindən istifadə üzrə sayı,su nəqliyyatı,2009,12.8
002_2.xls,2.2 Ölkəyə gələn və gedən vətəndaşların nəqliyyat növlərindən istifadə üzrə sayı,su nəqliyyatı,2010,14.1
002_2.xls,2.2 Ölkəyə gələn və gedən vətəndaşların nəqliyyat növlərindən istifadə üzrə sayı,su nəqliyyatı,2011,19.9
002_2.xls,2.2 Ölkəyə gələn və gedən vətəndaşların nəqliyyat növlərindən istifadə üzrə sayı,su nəqliyyatı,2012,21.2
002_2.xls,2.2 Ölkəyə gələn və gedən vətəndaşların nəqliyyat növlərindən istifadə üzrə sayı,su nəqliyyatı,2013,26.6
002_2.xls,2.2 Ölkəyə gələn və gedən vətəndaşların nəqliyyat növlərindən istifadə üzrə sayı,su nəqliyyatı,2014,16.1
002_2.xls,2.2 Ölkəyə gələn və gedən vətəndaşların nəqliyyat növlərindən istifadə üzrə sayı,su nəqliyyatı,2015,32.1
002_2.xls,2.2 Ölkəyə gələn və gedən vətəndaşların nəqliyyat növlərindən istifadə üzrə sayı,su nəqliyyatı,2016,16.8
002_2.xls,2.2 Ölkəyə gələn və gedən vətəndaşların nəqliyyat növlərindən istifadə üzrə sayı,su nəqliyyatı,2017,18.9
002_2.xls,2.2 Ölkəyə gələn və gedən vətəndaşların nəqliyyat növlərindən istifadə üzrə sayı,su nəqliyyatı,2018,28.3
002_2.xls,2.2 Ölkəyə gələn və gedən vətəndaşların nəqliyyat növlərindən istifadə üzrə sayı,su nəqliyyatı,2019,24.5
002_2.xls,2.2 Ölkəyə gələn və gedən vətəndaşların nəqliyyat növlərindən istifadə üzrə sayı,su nəqliyyatı,2020,19.7
002_2.xls,2.2 Ölkəyə gələn və gedən vətəndaşların nəqliyyat növlərindən istifadə üzrə sayı,su nəqliyyatı,2021,17.1
002_2.xls,2.2 Ölkəyə gələn və gedən vətəndaşların nəqliyyat növlərindən istifadə üzrə sayı,su nəqliyyatı,2022,24.0
002_2.xls,2.2 Ölkəyə gələn və gedən vətəndaşların nəqliyyat növlərindən istifadə üzrə sayı,su nəqliyyatı,2023,26.9
002_2.xls,2.2 Ölkəyə gələn və gedən vətəndaşların nəqliyyat növlərindən istifadə üzrə sayı,su nəqliyyatı,2024,33.5
002_2.xls,2.2 Ölkəyə gələn və gedən vətəndaşların nəqliyyat növlərindən istifadə üzrə sayı,digər,2009,267.2
002_2.xls,2.2 Ölkəyə gələn və gedən vətəndaşların nəqliyyat növlərindən istifadə üzrə sayı,digər,2010,270.5
002_2.xls,2.2 Ölkəyə gələn və gedən vətəndaşların nəqliyyat növlərindən istifadə üzrə sayı,digər,2011,258.8
002_2.xls,2.2 Ölkəyə gələn və gedən vətəndaşların nəqliyyat növlərindən istifadə üzrə sayı,digər,2012,220.4
002_2.xls,2.2 Ölkəyə gələn və gedən vətəndaşların nəqliyyat növlərindən istifadə üzrə sayı,digər,2013,181.8
002_2.xls,2.2 Ölkəyə gələn və gedən vətəndaşların nəqliyyat növlərindən istifadə üzrə sayı,digər,2014,150.2
002_2.xls,2.2 Ölkəyə gələn və gedən vətəndaşların nəqliyyat növlərindən istifadə üzrə sayı,digər,2015,114.5
002_2.xls,2.2 Ölkəyə gələn və gedən vətəndaşların nəqliyyat növlərindən istifadə üzrə sayı,digər,2016,109.1
002_2.xls,2.2 Ölkəyə gələn və gedən vətəndaşların nəqliyyat növlərindən istifadə üzrə sayı,digər,2017,129.8
002_2.xls,2.2 Ölkəyə gələn və gedən vətəndaşların nəqliyyat növlərindən istifadə üzrə sayı,digər,2018,145.3
002_2.xls,2.2 Ölkəyə gələn və gedən vətəndaşların nəqliyyat növlərindən istifadə üzrə sayı,digər,2019,183.6
002_2.xls,2.2 Ölkəyə gələn və gedən vətəndaşların nəqliyyat növlərindən istifadə üzrə sayı,digər,2020,36.7
002_2.xls,2.2 Ölkəyə gələn və gedən vətəndaşların nəqliyyat növlərindən istifadə üzrə sayı,digər,2021,7.8
002_2.xls,2.2 Ölkəyə gələn və gedən vətəndaşların nəqliyyat növlərindən istifadə üzrə sayı,digər,2022,3.2
002_2.xls,2.2 Ölkəyə gələn və gedən vətəndaşların nəqliyyat növlərindən istifadə üzrə sayı,Xarici ölkələrə gedən Azərbaycan vətəndaşlarının sayı - cəmi,2006,1835.9
002_2.xls,2.2 Ölkəyə gələn və gedən vətəndaşların nəqliyyat növlərindən istifadə üzrə sayı,Xarici ölkələrə gedən Azərbaycan vətəndaşlarının sayı - cəmi,2007,1631.3
002_2.xls,2.2 Ölkəyə gələn və gedən vətəndaşların nəqliyyat növlərindən istifadə üzrə sayı,Xarici ölkələrə gedən Azərbaycan vətəndaşlarının sayı - cəmi,2008,2162.4
002_2.xls,2.2 Ölkəyə gələn və gedən vətəndaşların nəqliyyat növlərindən istifadə üzrə sayı,Xarici ölkələrə gedən Azərbaycan vətəndaşlarının sayı - cəmi,2009,2362.5
002_2.xls,2.2 Ölkəyə gələn və gedən vətəndaşların nəqliyyat növlərindən istifadə üzrə sayı,Xarici ölkələrə gedən Azərbaycan vətəndaşlarının sayı - cəmi,2010,3175.6
002_2.xls,2.2 Ölkəyə gələn və gedən vətəndaşların nəqliyyat növlərindən istifadə üzrə sayı,Xarici ölkələrə gedən Azərbaycan vətəndaşlarının sayı - cəmi,2011,3550.2
002_2.xls,2.2 Ölkəyə gələn və gedən vətəndaşların nəqliyyat növlərindən istifadə üzrə sayı,Xarici ölkələrə gedən Azərbaycan vətəndaşlarının sayı - cəmi,2012,3874.4
002_2.xls,2.2 Ölkəyə gələn və gedən vətəndaşların nəqliyyat növlərindən istifadə üzrə sayı,Xarici ölkələrə gedən Azərbaycan vətəndaşlarının sayı - cəmi,2013,4284.7
002_2.xls,2.2 Ölkəyə gələn və gedən vətəndaşların nəqliyyat növlərindən istifadə üzrə sayı,Xarici ölkələrə gedən Azərbaycan vətəndaşlarının sayı - cəmi,2014,4244.3
002_2.xls,2.2 Ölkəyə gələn və gedən vətəndaşların nəqliyyat növlərindən istifadə üzrə sayı,Xarici ölkələrə gedən Azərbaycan vətəndaşlarının sayı - cəmi,2015,4095.8
002_2.xls,2.2 Ölkəyə gələn və gedən vətəndaşların nəqliyyat növlərindən istifadə üzrə sayı,Xarici ölkələrə gedən Azərbaycan vətəndaşlarının sayı - cəmi,2016,4281.8
002_2.xls,2.2 Ölkəyə gələn və gedən vətəndaşların nəqliyyat növlərindən istifadə üzrə sayı,Xarici ölkələrə gedən Azərbaycan vətəndaşlarının sayı - cəmi,2017,4108.9
002_2.xls,2.2 Ölkəyə gələn və gedən vətəndaşların nəqliyyat növlərindən istifadə üzrə sayı,Xarici ölkələrə gedən Azərbaycan vətəndaşlarının sayı - cəmi,2018,4908.1
002_2.xls,2.2 Ölkəyə gələn və gedən vətəndaşların nəqliyyat növlərindən istifadə üzrə sayı,Xarici ölkələrə gedən Azərbaycan vətəndaşlarının sayı - cəmi,2019,5567.7
002_2.xls,2.2 Ölkəyə gələn və gedən vətəndaşların nəqliyyat növlərindən istifadə üzrə sayı,Xarici ölkələrə gedən Azərbaycan vətəndaşlarının sayı - cəmi,2020,1164.6
002_2.xls,2.2 Ölkəyə gələn və gedən vətəndaşların nəqliyyat növlərindən istifadə üzrə sayı,Xarici ölkələrə gedən Azərbaycan vətəndaşlarının sayı - cəmi,2021,974.5
002_2.xls,2.2 Ölkəyə gələn və gedən vətəndaşların nəqliyyat növlərindən istifadə üzrə sayı,Xarici ölkələrə gedən Azərbaycan vətəndaşlarının sayı - cəmi,2022,1489.5
002_2.xls,2.2 Ölkəyə gələn və gedən vətəndaşların nəqliyyat növlərindən istifadə üzrə sayı,Xarici ölkələrə gedən Azərbaycan vətəndaşlarının sayı - cəmi,2023,1868.7
002_2.xls,2.2 Ölkəyə gələn və gedən vətəndaşların nəqliyyat növlərindən istifadə üzrə sayı,Xarici ölkələrə gedən Azərbaycan vətəndaşlarının sayı - cəmi,2024,2158.9
002_2.xls,2.2 Ölkəyə gələn və gedən vətəndaşların nəqliyyat növlərindən istifadə üzrə sayı,avtomobil,2006,1147.2
002_2.xls,2.2 Ölkəyə gələn və gedən vətəndaşların nəqliyyat növlərindən istifadə üzrə sayı,avtomobil,2007,987.9
002_2.xls,2.2 Ölkəyə gələn və gedən vətəndaşların nəqliyyat növlərindən istifadə üzrə sayı,avtomobil,2008,1353.6
002_2.xls,2.2 Ölkəyə gələn və gedən vətəndaşların nəqliyyat növlərindən istifadə üzrə sayı,avtomobil,2009,1119.8
002_2.xls,2.2 Ölkəyə gələn və gedən vətəndaşların nəqliyyat növlərindən istifadə üzrə sayı,avtomobil,2010,1473.5
002_2.xls,2.2 Ölkəyə gələn və gedən vətəndaşların nəqliyyat növlərindən istifadə üzrə sayı,avtomobil,2011,1824.9
002_2.xls,2.2 Ölkəyə gələn və gedən vətəndaşların nəqliyyat növlərindən istifadə üzrə sayı,avtomobil,2012,2030.3
002_2.xls,2.2 Ölkəyə gələn və gedən vətəndaşların nəqliyyat növlərindən istifadə üzrə sayı,avtomobil,2013,2518.0
002_2.xls,2.2 Ölkəyə gələn və gedən vətəndaşların nəqliyyat növlərindən istifadə üzrə sayı,avtomobil,2014,2711.0
002_2.xls,2.2 Ölkəyə gələn və gedən vətəndaşların nəqliyyat növlərindən istifadə üzrə sayı,avtomobil,2015,2610.8
002_2.xls,2.2 Ölkəyə gələn və gedən vətəndaşların nəqliyyat növlərindən istifadə üzrə sayı,avtomobil,2016,2720.5
002_2.xls,2.2 Ölkəyə gələn və gedən vətəndaşların nəqliyyat növlərindən istifadə üzrə sayı,avtomobil,2017,2616.0
002_2.xls,2.2 Ölkəyə gələn və gedən vətəndaşların nəqliyyat növlərindən istifadə üzrə sayı,avtomobil,2018,3155.5
002_2.xls,2.2 Ölkəyə gələn və gedən vətəndaşların nəqliyyat növlərindən istifadə üzrə sayı,avtomobil,2019,3636.9
002_2.xls,2.2 Ölkəyə gələn və gedən vətəndaşların nəqliyyat növlərindən istifadə üzrə sayı,avtomobil,2020,738.3
002_2.xls,2.2 Ölkəyə gələn və gedən vətəndaşların nəqliyyat növlərindən istifadə üzrə sayı,avtomobil,2021,261.2
002_2.xls,2.2 Ölkəyə gələn və gedən vətəndaşların nəqliyyat növlərindən istifadə üzrə sayı,avtomobil,2022,469.8
002_2.xls,2.2 Ölkəyə gələn və gedən vətəndaşların nəqliyyat növlərindən istifadə üzrə sayı,avtomobil,2023,558.7
002_2.xls,2.2 Ölkəyə gələn və gedən vətəndaşların nəqliyyat növlərindən istifadə üzrə sayı,avtomobil,2024,612.5
002_2.xls,2.2 Ölkəyə gələn və gedən vətəndaşların nəqliyyat növlərindən istifadə üzrə sayı,dəmir yolu,2006,266.4
002_2.xls,2.2 Ölkəyə gələn və gedən vətəndaşların nəqliyyat növlərindən istifadə üzrə sayı,dəmir yolu,2007,265.3
002_2.xls,2.2 Ölkəyə gələn və gedən vətəndaşların nəqliyyat növlərindən istifadə üzrə sayı,dəmir yolu,2008,363.3
002_2.xls,2.2 Ölkəyə gələn və gedən vətəndaşların nəqliyyat növlərindən istifadə üzrə sayı,dəmir yolu,2009,387.5
002_2.xls,2.2 Ölkəyə gələn və gedən vətəndaşların nəqliyyat növlərindən istifadə üzrə sayı,dəmir yolu,2010,543.1
002_2.xls,2.2 Ölkəyə gələn və gedən vətəndaşların nəqliyyat növlərindən istifadə üzrə sayı,dəmir yolu,2011,578.7
002_2.xls,2.2 Ölkəyə gələn və gedən vətəndaşların nəqliyyat növlərindən istifadə üzrə sayı,dəmir yolu,2012,666.4
002_2.xls,2.2 Ölkəyə gələn və gedən vətəndaşların nəqliyyat növlərindən istifadə üzrə sayı,dəmir yolu,2013,655.6
002_2.xls,2.2 Ölkəyə gələn və gedən vətəndaşların nəqliyyat növlərindən istifadə üzrə sayı,dəmir yolu,2014,380.1
002_2.xls,2.2 Ölkəyə gələn və gedən vətəndaşların nəqliyyat növlərindən istifadə üzrə sayı,dəmir yolu,2015,352.2
002_2.xls,2.2 Ölkəyə gələn və gedən vətəndaşların nəqliyyat növlərindən istifadə üzrə sayı,dəmir yolu,2016,396.8
002_2.xls,2.2 Ölkəyə gələn və gedən vətəndaşların nəqliyyat növlərindən istifadə üzrə sayı,dəmir yolu,2017,444.5
002_2.xls,2.2 Ölkəyə gələn və gedən vətəndaşların nəqliyyat növlərindən istifadə üzrə sayı,dəmir yolu,2018,513.2
002_2.xls,2.2 Ölkəyə gələn və gedən vətəndaşların nəqliyyat növlərindən istifadə üzrə sayı,dəmir yolu,2019,588.1
002_2.xls,2.2 Ölkəyə gələn və gedən vətəndaşların nəqliyyat növlərindən istifadə üzrə sayı,dəmir yolu,2020,21.8
002_2.xls,2.2 Ölkəyə gələn və gedən vətəndaşların nəqliyyat növlərindən istifadə üzrə sayı,dəmir yolu,2021,1.3
002_2.xls,2.2 Ölkəyə gələn və gedən vətəndaşların nəqliyyat növlərindən istifadə üzrə sayı,dəmir yolu,2022,1.9
002_2.xls,2.2 Ölkəyə gələn və gedən vətəndaşların nəqliyyat növlərindən istifadə üzrə sayı,dəmir yolu,2023,2.4
002_2.xls,2.2 Ölkəyə gələn və gedən vətəndaşların nəqliyyat növlərindən istifadə üzrə sayı,dəmir yolu,2024,2.9
002_2.xls,2.2 Ölkəyə gələn və gedən vətəndaşların nəqliyyat növlərindən istifadə üzrə sayı,hava nəqliyyatı,2006,406.3
002_2.xls,2.2 Ölkəyə gələn və gedən vətəndaşların nəqliyyat növlərindən istifadə üzrə sayı,hava nəqliyyatı,2007,360.8
002_2.xls,2.2 Ölkəyə gələn və gedən vətəndaşların nəqliyyat növlərindən istifadə üzrə sayı,hava nəqliyyatı,2008,419.5
002_2.xls,2.2 Ölkəyə gələn və gedən vətəndaşların nəqliyyat növlərindən istifadə üzrə sayı,hava nəqliyyatı,2009,448.9
002_2.xls,2.2 Ölkəyə gələn və gedən vətəndaşların nəqliyyat növlərindən istifadə üzrə sayı,hava nəqliyyatı,2010,631.9
002_2.xls,2.2 Ölkəyə gələn və gedən vətəndaşların nəqliyyat növlərindən istifadə üzrə sayı,hava nəqliyyatı,2011,699.3
002_2.xls,2.2 Ölkəyə gələn və gedən vətəndaşların nəqliyyat növlərindən istifadə üzrə sayı,hava nəqliyyatı,2012,768.8
002_2.xls,2.2 Ölkəyə gələn və gedən vətəndaşların nəqliyyat növlərindən istifadə üzrə sayı,hava nəqliyyatı,2013,861.2
002_2.xls,2.2 Ölkəyə gələn və gedən vətəndaşların nəqliyyat növlərindən istifadə üzrə sayı,hava nəqliyyatı,2014,893.1
002_2.xls,2.2 Ölkəyə gələn və gedən vətəndaşların nəqliyyat növlərindən istifadə üzrə sayı,hava nəqliyyatı,2015,843.3
002_2.xls,2.2 Ölkəyə gələn və gedən vətəndaşların nəqliyyat növlərindən istifadə üzrə sayı,hava nəqliyyatı,2016,890.7
002_2.xls,2.2 Ölkəyə gələn və gedən vətəndaşların nəqliyyat növlərindən istifadə üzrə sayı,hava nəqliyyatı,2017,825.9
002_2.xls,2.2 Ölkəyə gələn və gedən vətəndaşların nəqliyyat növlərindən istifadə üzrə sayı,hava nəqliyyatı,2018,875.9
002_2.xls,2.2 Ölkəyə gələn və gedən vətəndaşların nəqliyyat növlərindən istifadə üzrə sayı,hava nəqliyyatı,2019,930.0
002_2.xls,2.2 Ölkəyə gələn və gedən vətəndaşların nəqliyyat növlərindən istifadə üzrə sayı,hava nəqliyyatı,2020,277.5
002_2.xls,2.2 Ölkəyə gələn və gedən vətəndaşların nəqliyyat növlərindən istifadə üzrə sayı,hava nəqliyyatı,2021,670.1
002_2.xls,2.2 Ölkəyə gələn və gedən vətəndaşların nəqliyyat növlərindən istifadə üzrə sayı,hava nəqliyyatı,2022,964.3
002_2.xls,2.2 Ölkəyə gələn və gedən vətəndaşların nəqliyyat növlərindən istifadə üzrə sayı,hava nəqliyyatı,2023,1262.2
002_2.xls,2.2 Ölkəyə gələn və gedən vətəndaşların nəqliyyat növlərindən istifadə üzrə sayı,hava nəqliyyatı,2024,1498.7
002_2.xls,2.2 Ölkəyə gələn və gedən vətəndaşların nəqliyyat növlərindən istifadə üzrə sayı,su nəqliyyatı,2006,16.0
002_2.xls,2.2 Ölkəyə gələn və gedən vətəndaşların nəqliyyat növlərindən istifadə üzrə sayı,su nəqliyyatı,2007,17.3
002_2.xls,2.2 Ölkəyə gələn və gedən vətəndaşların nəqliyyat növlərindən istifadə üzrə sayı,su nəqliyyatı,2008,26.0
002_2.xls,2.2 Ölkəyə gələn və gedən vətəndaşların nəqliyyat növlərindən istifadə üzrə sayı,su nəqliyyatı,2009,30.7
002_2.xls,2.2 Ölkəyə gələn və gedən vətəndaşların nəqliyyat növlərindən istifadə üzrə sayı,su nəqliyyatı,2010,34.9
002_2.xls,2.2 Ölkəyə gələn və gedən vətəndaşların nəqliyyat növlərindən istifadə üzrə sayı,su nəqliyyatı,2011,39.0
002_2.xls,2.2 Ölkəyə gələn və gedən vətəndaşların nəqliyyat növlərindən istifadə üzrə sayı,su nəqliyyatı,2012,46.5
002_2.xls,2.2 Ölkəyə gələn və gedən vətəndaşların nəqliyyat növlərindən istifadə üzrə sayı,su nəqliyyatı,2013,38.6
002_2.xls,2.2 Ölkəyə gələn və gedən vətəndaşların nəqliyyat növlərindən istifadə üzrə sayı,su nəqliyyatı,2014,29.7
002_2.xls,2.2 Ölkəyə gələn və gedən vətəndaşların nəqliyyat növlərindən istifadə üzrə sayı,su nəqliyyatı,2015,53.2
002_2.xls,2.2 Ölkəyə gələn və gedən vətəndaşların nəqliyyat növlərindən istifadə üzrə sayı,su nəqliyyatı,2016,29.3
002_2.xls,2.2 Ölkəyə gələn və gedən vətəndaşların nəqliyyat növlərindən istifadə üzrə sayı,su nəqliyyatı,2017,12.3
002_2.xls,2.2 Ölkəyə gələn və gedən vətəndaşların nəqliyyat növlərindən istifadə üzrə sayı,su nəqliyyatı,2018,38.1
002_2.xls,2.2 Ölkəyə gələn və gedən vətəndaşların nəqliyyat növlərindən istifadə üzrə sayı,su nəqliyyatı,2019,39.9
002_2.xls,2.2 Ölkəyə gələn və gedən vətəndaşların nəqliyyat növlərindən istifadə üzrə sayı,su nəqliyyatı,2020,34.6
002_2.xls,2.2 Ölkəyə gələn və gedən vətəndaşların nəqliyyat növlərindən istifadə üzrə sayı,su nəqliyyatı,2021,31.8
002_2.xls,2.2 Ölkəyə gələn və gedən vətəndaşların nəqliyyat növlərindən istifadə üzrə sayı,su nəqliyyatı,2022,38.0
002_2.xls,2.2 Ölkəyə gələn və gedən vətəndaşların nəqliyyat növlərindən istifadə üzrə sayı,su nəqliyyatı,2023,45.4
002_2.xls,2.2 Ölkəyə gələn və gedən vətəndaşların nəqliyyat növlərindən istifadə üzrə sayı,su nəqliyyatı,2024,44.8
002_2.xls,2.2 Ölkəyə gələn və gedən vətəndaşların nəqliyyat növlərindən istifadə üzrə sayı,digər,2009,375.6
002_2.xls,2.2 Ölkəyə gələn və gedən vətəndaşların nəqliyyat növlərindən istifadə üzrə sayı,digər,2010,492.2
002_2.xls,2.2 Ölkəyə gələn və gedən vətəndaşların nəqliyyat növlərindən istifadə üzrə sayı,digər,2011,408.3
002_2.xls,2.2 Ölkəyə gələn və gedən vətəndaşların nəqliyyat növlərindən istifadə üzrə sayı,digər,2012,362.4
002_2.xls,2.2 Ölkəyə gələn və gedən vətəndaşların nəqliyyat növlərindən istifadə üzrə sayı,digər,2013,211.3
002_2.xls,2.2 Ölkəyə gələn və gedən vətəndaşların nəqliyyat növlərindən istifadə üzrə sayı,digər,2014,230.4
002_2.xls,2.2 Ölkəyə gələn və gedən vətəndaşların nəqliyyat növlərindən istifadə üzrə sayı,digər,2015,236.3
002_2.xls,2.2 Ölkəyə gələn və gedən vətəndaşların nəqliyyat növlərindən istifadə üzrə sayı,digər,2016,244.5
002_2.xls,2.2 Ölkəyə gələn və gedən vətəndaşların nəqliyyat növlərindən istifadə üzrə sayı,digər,2017,210.2
002_2.xls,2.2 Ölkəyə gələn və gedən vətəndaşların nəqliyyat növlərindən istifadə üzrə sayı,digər,2018,325.4
002_2.xls,2.2 Ölkəyə gələn və gedən vətəndaşların nəqliyyat növlərindən istifadə üzrə sayı,digər,2019,372.8
002_2.xls,2.2 Ölkəyə gələn və gedən vətəndaşların nəqliyyat növlərindən istifadə üzrə sayı,digər,2020,92.4
002_2.xls,2.2 Ölkəyə gələn və gedən vətəndaşların nəqliyyat növlərindən istifadə üzrə sayı,digər,2021,10.1
002_2.xls,2.2 Ölkəyə gələn və gedən vətəndaşların nəqliyyat növlərindən istifadə üzrə sayı,digər,2022,15.5
002_3.xls,2.3  Ölkəyə gələn əcnəbilər və vətəndaşlığı olmayan şəxslərin və xarici ölkələrə,turizm məqsədilə,2006,681.8
002_3.xls,2.3  Ölkəyə gələn əcnəbilər və vətəndaşlığı olmayan şəxslərin və xarici ölkələrə,turizm məqsədilə,2007,731.7
002_3.xls,2.3  Ölkəyə gələn əcnəbilər və vətəndaşlığı olmayan şəxslərin və xarici ölkələrə,turizm məqsədilə,2008,1042.5
002_3.xls,2.3  Ölkəyə gələn əcnəbilər və vətəndaşlığı olmayan şəxslərin və xarici ölkələrə,turizm məqsədilə,2009,1005.4
002_3.xls,2.3  Ölkəyə gələn əcnəbilər və vətəndaşlığı olmayan şəxslərin və xarici ölkələrə,turizm məqsədilə,2010,1279.8
002_3.xls,2.3  Ölkəyə gələn əcnəbilər və vətəndaşlığı olmayan şəxslərin və xarici ölkələrə,turizm məqsədilə,2011,1561.9
002_3.xls,2.3  Ölkəyə gələn əcnəbilər və vətəndaşlığı olmayan şəxslərin və xarici ölkələrə,turizm məqsədilə,2012,1985.9
002_3.xls,2.3  Ölkəyə gələn əcnəbilər və vətəndaşlığı olmayan şəxslərin və xarici ölkələrə,turizm məqsədilə,2013,2129.5
002_3.xls,2.3  Ölkəyə gələn əcnəbilər və vətəndaşlığı olmayan şəxslərin və xarici ölkələrə,turizm məqsədilə,2014,2159.7
002_3.xls,2.3  Ölkəyə gələn əcnəbilər və vətəndaşlığı olmayan şəxslərin və xarici ölkələrə,turizm məqsədilə,2015,1921.9
002_3.xls,2.3  Ölkəyə gələn əcnəbilər və vətəndaşlığı olmayan şəxslərin və xarici ölkələrə,turizm məqsədilə,2016,2044.7
002_3.xls,2.3  Ölkəyə gələn əcnəbilər və vətəndaşlığı olmayan şəxslərin və xarici ölkələrə,turizm məqsədilə,2017,2454.0
002_3.xls,2.3  Ölkəyə gələn əcnəbilər və vətəndaşlığı olmayan şəxslərin və xarici ölkələrə,turizm məqsədilə,2018,2605.3
002_3.xls,2.3  Ölkəyə gələn əcnəbilər və vətəndaşlığı olmayan şəxslərin və xarici ölkələrə,turizm məqsədilə,2019,2863.5
002_3.xls,2.3  Ölkəyə gələn əcnəbilər və vətəndaşlığı olmayan şəxslərin və xarici ölkələrə,turizm məqsədilə,2020,519.4
002_3.xls,2.3  Ölkəyə gələn əcnəbilər və vətəndaşlığı olmayan şəxslərin və xarici ölkələrə,turizm məqsədilə,2021,461.7
002_3.xls,2.3  Ölkəyə gələn əcnəbilər və vətəndaşlığı olmayan şəxslərin və xarici ölkələrə,turizm məqsədilə,2022,1058.1
002_3.xls,2.3  Ölkəyə gələn əcnəbilər və vətəndaşlığı olmayan şəxslərin və xarici ölkələrə,turizm məqsədilə,2023,1402.6
002_3.xls,2.3  Ölkəyə gələn əcnəbilər və vətəndaşlığı olmayan şəxslərin və xarici ölkələrə,turizm məqsədilə,2024,1855.1
002_3.xls,2.3  Ölkəyə gələn əcnəbilər və vətəndaşlığı olmayan şəxslərin və xarici ölkələrə,"istirahət, əyləncə turizmi",2006,398.2
002_3.xls,2.3  Ölkəyə gələn əcnəbilər və vətəndaşlığı olmayan şəxslərin və xarici ölkələrə,"istirahət, əyləncə turizmi",2007,427.3
002_3.xls,2.3  Ölkəyə gələn əcnəbilər və vətəndaşlığı olmayan şəxslərin və xarici ölkələrə,"istirahət, əyləncə turizmi",2008,608.8
002_3.xls,2.3  Ölkəyə gələn əcnəbilər və vətəndaşlığı olmayan şəxslərin və xarici ölkələrə,"istirahət, əyləncə turizmi",2009,587.2
002_3.xls,2.3  Ölkəyə gələn əcnəbilər və vətəndaşlığı olmayan şəxslərin və xarici ölkələrə,"istirahət, əyləncə turizmi",2010,661.7
002_3.xls,2.3  Ölkəyə gələn əcnəbilər və vətəndaşlığı olmayan şəxslərin və xarici ölkələrə,"istirahət, əyləncə turizmi",2011,519.8
002_3.xls,2.3  Ölkəyə gələn əcnəbilər və vətəndaşlığı olmayan şəxslərin və xarici ölkələrə,"istirahət, əyləncə turizmi",2012,687.8
002_3.xls,2.3  Ölkəyə gələn əcnəbilər və vətəndaşlığı olmayan şəxslərin və xarici ölkələrə,"istirahət, əyləncə turizmi",2013,705.2
002_3.xls,2.3  Ölkəyə gələn əcnəbilər və vətəndaşlığı olmayan şəxslərin və xarici ölkələrə,"istirahət, əyləncə turizmi",2014,709.9
002_3.xls,2.3  Ölkəyə gələn əcnəbilər və vətəndaşlığı olmayan şəxslərin və xarici ölkələrə,"istirahət, əyləncə turizmi",2015,668.8
002_3.xls,2.3  Ölkəyə gələn əcnəbilər və vətəndaşlığı olmayan şəxslərin və xarici ölkələrə,"istirahət, əyləncə turizmi",2016,697.1
002_3.xls,2.3  Ölkəyə gələn əcnəbilər və vətəndaşlığı olmayan şəxslərin və xarici ölkələrə,"istirahət, əyləncə turizmi",2017,839.3
002_3.xls,2.3  Ölkəyə gələn əcnəbilər və vətəndaşlığı olmayan şəxslərin və xarici ölkələrə,"istirahət, əyləncə turizmi",2018,1042.4
002_3.xls,2.3  Ölkəyə gələn əcnəbilər və vətəndaşlığı olmayan şəxslərin və xarici ölkələrə,"istirahət, əyləncə turizmi",2019,1164.0
002_3.xls,2.3  Ölkəyə gələn əcnəbilər və vətəndaşlığı olmayan şəxslərin və xarici ölkələrə,"istirahət, əyləncə turizmi",2020,164.9
002_3.xls,2.3  Ölkəyə gələn əcnəbilər və vətəndaşlığı olmayan şəxslərin və xarici ölkələrə,"istirahət, əyləncə turizmi",2021,132.4
002_3.xls,2.3  Ölkəyə gələn əcnəbilər və vətəndaşlığı olmayan şəxslərin və xarici ölkələrə,"istirahət, əyləncə turizmi",2022,398.5
002_3.xls,2.3  Ölkəyə gələn əcnəbilər və vətəndaşlığı olmayan şəxslərin və xarici ölkələrə,"istirahət, əyləncə turizmi",2023,938.3
002_3.xls,2.3  Ölkəyə gələn əcnəbilər və vətəndaşlığı olmayan şəxslərin və xarici ölkələrə,"istirahət, əyləncə turizmi",2024,1261.6
002_3.xls,2.3  Ölkəyə gələn əcnəbilər və vətəndaşlığı olmayan şəxslərin və xarici ölkələrə,işgüzar turizm,2006,257.7
002_3.xls,2.3  Ölkəyə gələn əcnəbilər və vətəndaşlığı olmayan şəxslərin və xarici ölkələrə,işgüzar turizm,2007,276.6
002_3.xls,2.3  Ölkəyə gələn əcnəbilər və vətəndaşlığı olmayan şəxslərin və xarici ölkələrə,işgüzar turizm,2008,394.1
002_3.xls,2.3  Ölkəyə gələn əcnəbilər və vətəndaşlığı olmayan şəxslərin və xarici ölkələrə,işgüzar turizm,2009,380.0
002_3.xls,2.3  Ölkəyə gələn əcnəbilər və vətəndaşlığı olmayan şəxslərin və xarici ölkələrə,işgüzar turizm,2010,547.6
002_3.xls,2.3  Ölkəyə gələn əcnəbilər və vətəndaşlığı olmayan şəxslərin və xarici ölkələrə,işgüzar turizm,2011,591.9
002_3.xls,2.3  Ölkəyə gələn əcnəbilər və vətəndaşlığı olmayan şəxslərin və xarici ölkələrə,işgüzar turizm,2012,595.3
002_3.xls,2.3  Ölkəyə gələn əcnəbilər və vətəndaşlığı olmayan şəxslərin və xarici ölkələrə,işgüzar turizm,2013,648.9
002_3.xls,2.3  Ölkəyə gələn əcnəbilər və vətəndaşlığı olmayan şəxslərin və xarici ölkələrə,işgüzar turizm,2014,670.5
002_3.xls,2.3  Ölkəyə gələn əcnəbilər və vətəndaşlığı olmayan şəxslərin və xarici ölkələrə,işgüzar turizm,2015,632.3
002_3.xls,2.3  Ölkəyə gələn əcnəbilər və vətəndaşlığı olmayan şəxslərin və xarici ölkələrə,işgüzar turizm,2016,691.7
002_3.xls,2.3  Ölkəyə gələn əcnəbilər və vətəndaşlığı olmayan şəxslərin və xarici ölkələrə,işgüzar turizm,2017,834.4
002_3.xls,2.3  Ölkəyə gələn əcnəbilər və vətəndaşlığı olmayan şəxslərin və xarici ölkələrə,işgüzar turizm,2018,787.4
002_3.xls,2.3  Ölkəyə gələn əcnəbilər və vətəndaşlığı olmayan şəxslərin və xarici ölkələrə,işgüzar turizm,2019,850.5
002_3.xls,2.3  Ölkəyə gələn əcnəbilər və vətəndaşlığı olmayan şəxslərin və xarici ölkələrə,işgüzar turizm,2020,177.5
002_3.xls,2.3  Ölkəyə gələn əcnəbilər və vətəndaşlığı olmayan şəxslərin və xarici ölkələrə,işgüzar turizm,2021,196.7
002_3.xls,2.3  Ölkəyə gələn əcnəbilər və vətəndaşlığı olmayan şəxslərin və xarici ölkələrə,işgüzar turizm,2022,400.5
002_3.xls,2.3  Ölkəyə gələn əcnəbilər və vətəndaşlığı olmayan şəxslərin və xarici ölkələrə,işgüzar turizm,2023,156.6
002_3.xls,2.3  Ölkəyə gələn əcnəbilər və vətəndaşlığı olmayan şəxslərin və xarici ölkələrə,işgüzar turizm,2024,261.0
002_3.xls,2.3  Ölkəyə gələn əcnəbilər və vətəndaşlığı olmayan şəxslərin və xarici ölkələrə,müalicə turizmi,2006,7.5
002_3.xls,2.3  Ölkəyə gələn əcnəbilər və vətəndaşlığı olmayan şəxslərin və xarici ölkələrə,müalicə turizmi,2007,8.0
002_3.xls,2.3  Ölkəyə gələn əcnəbilər və vətəndaşlığı olmayan şəxslərin və xarici ölkələrə,müalicə turizmi,2008,11.5
002_3.xls,2.3  Ölkəyə gələn əcnəbilər və vətəndaşlığı olmayan şəxslərin və xarici ölkələrə,müalicə turizmi,2009,11.1
002_3.xls,2.3  Ölkəyə gələn əcnəbilər və vətəndaşlığı olmayan şəxslərin və xarici ölkələrə,müalicə turizmi,2010,14.1
002_3.xls,2.3  Ölkəyə gələn əcnəbilər və vətəndaşlığı olmayan şəxslərin və xarici ölkələrə,müalicə turizmi,2011,33.3
002_3.xls,2.3  Ölkəyə gələn əcnəbilər və vətəndaşlığı olmayan şəxslərin və xarici ölkələrə,müalicə turizmi,2012,43.0
002_3.xls,2.3  Ölkəyə gələn əcnəbilər və vətəndaşlığı olmayan şəxslərin və xarici ölkələrə,müalicə turizmi,2013,46.2
002_3.xls,2.3  Ölkəyə gələn əcnəbilər və vətəndaşlığı olmayan şəxslərin və xarici ölkələrə,müalicə turizmi,2014,46.3
002_3.xls,2.3  Ölkəyə gələn əcnəbilər və vətəndaşlığı olmayan şəxslərin və xarici ölkələrə,müalicə turizmi,2015,36.5
002_3.xls,2.3  Ölkəyə gələn əcnəbilər və vətəndaşlığı olmayan şəxslərin və xarici ölkələrə,müalicə turizmi,2016,41.5
002_3.xls,2.3  Ölkəyə gələn əcnəbilər və vətəndaşlığı olmayan şəxslərin və xarici ölkələrə,müalicə turizmi,2017,49.1
002_3.xls,2.3  Ölkəyə gələn əcnəbilər və vətəndaşlığı olmayan şəxslərin və xarici ölkələrə,müalicə turizmi,2018,63.1
002_3.xls,2.3  Ölkəyə gələn əcnəbilər və vətəndaşlığı olmayan şəxslərin və xarici ölkələrə,müalicə turizmi,2019,63.9
002_3.xls,2.3  Ölkəyə gələn əcnəbilər və vətəndaşlığı olmayan şəxslərin və xarici ölkələrə,müalicə turizmi,2020,10.4
002_3.xls,2.3  Ölkəyə gələn əcnəbilər və vətəndaşlığı olmayan şəxslərin və xarici ölkələrə,müalicə turizmi,2021,8.3
002_3.xls,2.3  Ölkəyə gələn əcnəbilər və vətəndaşlığı olmayan şəxslərin və xarici ölkələrə,müalicə turizmi,2022,14.0
002_3.xls,2.3  Ölkəyə gələn əcnəbilər və vətəndaşlığı olmayan şəxslərin və xarici ölkələrə,müalicə turizmi,2023,19.9
002_3.xls,2.3  Ölkəyə gələn əcnəbilər və vətəndaşlığı olmayan şəxslərin və xarici ölkələrə,müalicə turizmi,2024,23.2
002_3.xls,2.3  Ölkəyə gələn əcnəbilər və vətəndaşlığı olmayan şəxslərin və xarici ölkələrə,dini turizm,2006,4.1
002_3.xls,2.3  Ölkəyə gələn əcnəbilər və vətəndaşlığı olmayan şəxslərin və xarici ölkələrə,dini turizm,2007,4.4
002_3.xls,2.3  Ölkəyə gələn əcnəbilər və vətəndaşlığı olmayan şəxslərin və xarici ölkələrə,dini turizm,2008,6.3
002_3.xls,2.3  Ölkəyə gələn əcnəbilər və vətəndaşlığı olmayan şəxslərin və xarici ölkələrə,dini turizm,2009,6.0
002_3.xls,2.3  Ölkəyə gələn əcnəbilər və vətəndaşlığı olmayan şəxslərin və xarici ölkələrə,dini turizm,2010,10.2
002_3.xls,2.3  Ölkəyə gələn əcnəbilər və vətəndaşlığı olmayan şəxslərin və xarici ölkələrə,dini turizm,2011,10.5
002_3.xls,2.3  Ölkəyə gələn əcnəbilər və vətəndaşlığı olmayan şəxslərin və xarici ölkələrə,dini turizm,2012,13.2
002_3.xls,2.3  Ölkəyə gələn əcnəbilər və vətəndaşlığı olmayan şəxslərin və xarici ölkələrə,dini turizm,2013,13.7
002_3.xls,2.3  Ölkəyə gələn əcnəbilər və vətəndaşlığı olmayan şəxslərin və xarici ölkələrə,dini turizm,2014,13.7
002_3.xls,2.3  Ölkəyə gələn əcnəbilər və vətəndaşlığı olmayan şəxslərin və xarici ölkələrə,dini turizm,2015,11.5
002_3.xls,2.3  Ölkəyə gələn əcnəbilər və vətəndaşlığı olmayan şəxslərin və xarici ölkələrə,dini turizm,2016,12.6
002_3.xls,2.3  Ölkəyə gələn əcnəbilər və vətəndaşlığı olmayan şəxslərin və xarici ölkələrə,dini turizm,2017,14.7
002_3.xls,2.3  Ölkəyə gələn əcnəbilər və vətəndaşlığı olmayan şəxslərin və xarici ölkələrə,dini turizm,2018,15.3
002_3.xls,2.3  Ölkəyə gələn əcnəbilər və vətəndaşlığı olmayan şəxslərin və xarici ölkələrə,dini turizm,2019,16.6
002_3.xls,2.3  Ölkəyə gələn əcnəbilər və vətəndaşlığı olmayan şəxslərin və xarici ölkələrə,dini turizm,2020,3.0
002_3.xls,2.3  Ölkəyə gələn əcnəbilər və vətəndaşlığı olmayan şəxslərin və xarici ölkələrə,dini turizm,2021,0.9
002_3.xls,2.3  Ölkəyə gələn əcnəbilər və vətəndaşlığı olmayan şəxslərin və xarici ölkələrə,dini turizm,2022,2.2
002_3.xls,2.3  Ölkəyə gələn əcnəbilər və vətəndaşlığı olmayan şəxslərin və xarici ölkələrə,dini turizm,2023,2.7
002_3.xls,2.3  Ölkəyə gələn əcnəbilər və vətəndaşlığı olmayan şəxslərin və xarici ölkələrə,dini turizm,2024,3.3
002_3.xls,2.3  Ölkəyə gələn əcnəbilər və vətəndaşlığı olmayan şəxslərin və xarici ölkələrə,"qohumların, dostların ziyarəti",2011,374.7
002_3.xls,2.3  Ölkəyə gələn əcnəbilər və vətəndaşlığı olmayan şəxslərin və xarici ölkələrə,"qohumların, dostların ziyarəti",2012,607.8
002_3.xls,2.3  Ölkəyə gələn əcnəbilər və vətəndaşlığı olmayan şəxslərin və xarici ölkələrə,"qohumların, dostların ziyarəti",2013,673.7
002_3.xls,2.3  Ölkəyə gələn əcnəbilər və vətəndaşlığı olmayan şəxslərin və xarici ölkələrə,"qohumların, dostların ziyarəti",2014,677.1
002_3.xls,2.3  Ölkəyə gələn əcnəbilər və vətəndaşlığı olmayan şəxslərin və xarici ölkələrə,"qohumların, dostların ziyarəti",2015,542.0
002_3.xls,2.3  Ölkəyə gələn əcnəbilər və vətəndaşlığı olmayan şəxslərin və xarici ölkələrə,"qohumların, dostların ziyarəti",2016,562.0
002_3.xls,2.3  Ölkəyə gələn əcnəbilər və vətəndaşlığı olmayan şəxslərin və xarici ölkələrə,"qohumların, dostların ziyarəti",2017,674.9
002_3.xls,2.3  Ölkəyə gələn əcnəbilər və vətəndaşlığı olmayan şəxslərin və xarici ölkələrə,"qohumların, dostların ziyarəti",2018,651.6
002_3.xls,2.3  Ölkəyə gələn əcnəbilər və vətəndaşlığı olmayan şəxslərin və xarici ölkələrə,"qohumların, dostların ziyarəti",2019,719.9
002_3.xls,2.3  Ölkəyə gələn əcnəbilər və vətəndaşlığı olmayan şəxslərin və xarici ölkələrə,"qohumların, dostların ziyarəti",2020,133.2
002_3.xls,2.3  Ölkəyə gələn əcnəbilər və vətəndaşlığı olmayan şəxslərin və xarici ölkələrə,"qohumların, dostların ziyarəti",2021,100.7
002_3.xls,2.3  Ölkəyə gələn əcnəbilər və vətəndaşlığı olmayan şəxslərin və xarici ölkələrə,"qohumların, dostların ziyarəti",2022,184.8
002_3.xls,2.3  Ölkəyə gələn əcnəbilər və vətəndaşlığı olmayan şəxslərin və xarici ölkələrə,"qohumların, dostların ziyarəti",2023,240.7
002_3.xls,2.3  Ölkəyə gələn əcnəbilər və vətəndaşlığı olmayan şəxslərin və xarici ölkələrə,"qohumların, dostların ziyarəti",2024,263.8
002_3.xls,2.3  Ölkəyə gələn əcnəbilər və vətəndaşlığı olmayan şəxslərin və xarici ölkələrə,digər turizm məqsədilə,2006,14.3
002_3.xls,2.3  Ölkəyə gələn əcnəbilər və vətəndaşlığı olmayan şəxslərin və xarici ölkələrə,digər turizm məqsədilə,2007,15.4
002_3.xls,2.3  Ölkəyə gələn əcnəbilər və vətəndaşlığı olmayan şəxslərin və xarici ölkələrə,digər turizm məqsədilə,2008,21.8
002_3.xls,2.3  Ölkəyə gələn əcnəbilər və vətəndaşlığı olmayan şəxslərin və xarici ölkələrə,digər turizm məqsədilə,2009,21.1
002_3.xls,2.3  Ölkəyə gələn əcnəbilər və vətəndaşlığı olmayan şəxslərin və xarici ölkələrə,digər turizm məqsədilə,2010,46.2
002_3.xls,2.3  Ölkəyə gələn əcnəbilər və vətəndaşlığı olmayan şəxslərin və xarici ölkələrə,digər turizm məqsədilə,2011,31.7
002_3.xls,2.3  Ölkəyə gələn əcnəbilər və vətəndaşlığı olmayan şəxslərin və xarici ölkələrə,digər turizm məqsədilə,2012,38.8
002_3.xls,2.3  Ölkəyə gələn əcnəbilər və vətəndaşlığı olmayan şəxslərin və xarici ölkələrə,digər turizm məqsədilə,2013,41.8
002_3.xls,2.3  Ölkəyə gələn əcnəbilər və vətəndaşlığı olmayan şəxslərin və xarici ölkələrə,digər turizm məqsədilə,2014,42.2
002_3.xls,2.3  Ölkəyə gələn əcnəbilər və vətəndaşlığı olmayan şəxslərin və xarici ölkələrə,digər turizm məqsədilə,2015,30.8
002_3.xls,2.3  Ölkəyə gələn əcnəbilər və vətəndaşlığı olmayan şəxslərin və xarici ölkələrə,digər turizm məqsədilə,2016,39.8
002_3.xls,2.3  Ölkəyə gələn əcnəbilər və vətəndaşlığı olmayan şəxslərin və xarici ölkələrə,digər turizm məqsədilə,2017,41.6
002_3.xls,2.3  Ölkəyə gələn əcnəbilər və vətəndaşlığı olmayan şəxslərin və xarici ölkələrə,digər turizm məqsədilə,2018,45.5
002_3.xls,2.3  Ölkəyə gələn əcnəbilər və vətəndaşlığı olmayan şəxslərin və xarici ölkələrə,digər turizm məqsədilə,2019,48.6
002_3.xls,2.3  Ölkəyə gələn əcnəbilər və vətəndaşlığı olmayan şəxslərin və xarici ölkələrə,digər turizm məqsədilə,2020,30.4
002_3.xls,2.3  Ölkəyə gələn əcnəbilər və vətəndaşlığı olmayan şəxslərin və xarici ölkələrə,digər turizm məqsədilə,2021,22.7
002_3.xls,2.3  Ölkəyə gələn əcnəbilər və vətəndaşlığı olmayan şəxslərin və xarici ölkələrə,digər turizm məqsədilə,2022,58.1
002_3.xls,2.3  Ölkəyə gələn əcnəbilər və vətəndaşlığı olmayan şəxslərin və xarici ölkələrə,digər turizm məqsədilə,2023,44.4
002_3.xls,2.3  Ölkəyə gələn əcnəbilər və vətəndaşlığı olmayan şəxslərin və xarici ölkələrə,digər turizm məqsədilə,2024,42.2
002_3.xls,2.3  Ölkəyə gələn əcnəbilər və vətəndaşlığı olmayan şəxslərin və xarici ölkələrə,digər məqsədlə,2006,580.2
002_3.xls,2.3  Ölkəyə gələn əcnəbilər və vətəndaşlığı olmayan şəxslərin və xarici ölkələrə,digər məqsədlə,2007,601.0
002_3.xls,2.3  Ölkəyə gələn əcnəbilər və vətəndaşlığı olmayan şəxslərin və xarici ölkələrə,digər məqsədlə,2008,856.4
002_3.xls,2.3  Ölkəyə gələn əcnəbilər və vətəndaşlığı olmayan şəxslərin və xarici ölkələrə,digər məqsədlə,2009,825.0
002_3.xls,2.3  Ölkəyə gələn əcnəbilər və vətəndaşlığı olmayan şəxslərin və xarici ölkələrə,digər məqsədlə,2010,683.1
002_3.xls,2.3  Ölkəyə gələn əcnəbilər və vətəndaşlığı olmayan şəxslərin və xarici ölkələrə,digər məqsədlə,2011,677.3
002_3.xls,2.3  Ölkəyə gələn əcnəbilər və vətəndaşlığı olmayan şəxslərin və xarici ölkələrə,digər məqsədlə,2012,498.2
002_3.xls,2.3  Ölkəyə gələn əcnəbilər və vətəndaşlığı olmayan şəxslərin və xarici ölkələrə,digər məqsədlə,2013,379.4
002_3.xls,2.3  Ölkəyə gələn əcnəbilər və vətəndaşlığı olmayan şəxslərin və xarici ölkələrə,digər məqsədlə,2014,138.1
002_3.xls,2.3  Ölkəyə gələn əcnəbilər və vətəndaşlığı olmayan şəxslərin və xarici ölkələrə,digər məqsədlə,2015,84.3
002_3.xls,2.3  Ölkəyə gələn əcnəbilər və vətəndaşlığı olmayan şəxslərin və xarici ölkələrə,digər məqsədlə,2016,204.1
002_3.xls,2.3  Ölkəyə gələn əcnəbilər və vətəndaşlığı olmayan şəxslərin və xarici ölkələrə,digər məqsədlə,2017,242.7
002_3.xls,2.3  Ölkəyə gələn əcnəbilər və vətəndaşlığı olmayan şəxslərin və xarici ölkələrə,digər məqsədlə,2018,244.3
002_3.xls,2.3  Ölkəyə gələn əcnəbilər və vətəndaşlığı olmayan şəxslərin və xarici ölkələrə,digər məqsədlə,2019,306.9
002_3.xls,2.3  Ölkəyə gələn əcnəbilər və vətəndaşlığı olmayan şəxslərin və xarici ölkələrə,digər məqsədlə,2020,276.3
002_3.xls,2.3  Ölkəyə gələn əcnəbilər və vətəndaşlığı olmayan şəxslərin və xarici ölkələrə,digər məqsədlə,2021,330.1
002_3.xls,2.3  Ölkəyə gələn əcnəbilər və vətəndaşlığı olmayan şəxslərin və xarici ölkələrə,digər məqsədlə,2022,544.2
002_3.xls,2.3  Ölkəyə gələn əcnəbilər və vətəndaşlığı olmayan şəxslərin və xarici ölkələrə,digər məqsədlə,2023,683.2
002_3.xls,2.3  Ölkəyə gələn əcnəbilər və vətəndaşlığı olmayan şəxslərin və xarici ölkələrə,digər məqsədlə,2024,771.6
002_3.xls,2.3  Ölkəyə gələn əcnəbilər və vətəndaşlığı olmayan şəxslərin və xarici ölkələrə,Xarici ölkələrə gedən Azərbaycan vətəndaşlarının sayı-cəmi,2006,1835.9
002_3.xls,2.3  Ölkəyə gələn əcnəbilər və vətəndaşlığı olmayan şəxslərin və xarici ölkələrə,Xarici ölkələrə gedən Azərbaycan vətəndaşlarının sayı-cəmi,2007,1631.3
002_3.xls,2.3  Ölkəyə gələn əcnəbilər və vətəndaşlığı olmayan şəxslərin və xarici ölkələrə,Xarici ölkələrə gedən Azərbaycan vətəndaşlarının sayı-cəmi,2008,2162.4
002_3.xls,2.3  Ölkəyə gələn əcnəbilər və vətəndaşlığı olmayan şəxslərin və xarici ölkələrə,Xarici ölkələrə gedən Azərbaycan vətəndaşlarının sayı-cəmi,2009,2362.5
002_3.xls,2.3  Ölkəyə gələn əcnəbilər və vətəndaşlığı olmayan şəxslərin və xarici ölkələrə,Xarici ölkələrə gedən Azərbaycan vətəndaşlarının sayı-cəmi,2010,3175.6
002_3.xls,2.3  Ölkəyə gələn əcnəbilər və vətəndaşlığı olmayan şəxslərin və xarici ölkələrə,Xarici ölkələrə gedən Azərbaycan vətəndaşlarının sayı-cəmi,2011,3550.2
002_3.xls,2.3  Ölkəyə gələn əcnəbilər və vətəndaşlığı olmayan şəxslərin və xarici ölkələrə,Xarici ölkələrə gedən Azərbaycan vətəndaşlarının sayı-cəmi,2012,3874.4
002_3.xls,2.3  Ölkəyə gələn əcnəbilər və vətəndaşlığı olmayan şəxslərin və xarici ölkələrə,Xarici ölkələrə gedən Azərbaycan vətəndaşlarının sayı-cəmi,2013,4284.7
002_3.xls,2.3  Ölkəyə gələn əcnəbilər və vətəndaşlığı olmayan şəxslərin və xarici ölkələrə,Xarici ölkələrə gedən Azərbaycan vətəndaşlarının sayı-cəmi,2014,4244.3
002_3.xls,2.3  Ölkəyə gələn əcnəbilər və vətəndaşlığı olmayan şəxslərin və xarici ölkələrə,Xarici ölkələrə gedən Azərbaycan vətəndaşlarının sayı-cəmi,2015,4095.8
002_3.xls,2.3  Ölkəyə gələn əcnəbilər və vətəndaşlığı olmayan şəxslərin və xarici ölkələrə,Xarici ölkələrə gedən Azərbaycan vətəndaşlarının sayı-cəmi,2016,4281.9
002_3.xls,2.3  Ölkəyə gələn əcnəbilər və vətəndaşlığı olmayan şəxslərin və xarici ölkələrə,Xarici ölkələrə gedən Azərbaycan vətəndaşlarının sayı-cəmi,2017,4108.9
002_3.xls,2.3  Ölkəyə gələn əcnəbilər və vətəndaşlığı olmayan şəxslərin və xarici ölkələrə,Xarici ölkələrə gedən Azərbaycan vətəndaşlarının sayı-cəmi,2018,4908.1
002_3.xls,2.3  Ölkəyə gələn əcnəbilər və vətəndaşlığı olmayan şəxslərin və xarici ölkələrə,Xarici ölkələrə gedən Azərbaycan vətəndaşlarının sayı-cəmi,2019,5567.7
002_3.xls,2.3  Ölkəyə gələn əcnəbilər və vətəndaşlığı olmayan şəxslərin və xarici ölkələrə,Xarici ölkələrə gedən Azərbaycan vətəndaşlarının sayı-cəmi,2020,1164.6
002_3.xls,2.3  Ölkəyə gələn əcnəbilər və vətəndaşlığı olmayan şəxslərin və xarici ölkələrə,Xarici ölkələrə gedən Azərbaycan vətəndaşlarının sayı-cəmi,2021,974.5
002_3.xls,2.3  Ölkəyə gələn əcnəbilər və vətəndaşlığı olmayan şəxslərin və xarici ölkələrə,Xarici ölkələrə gedən Azərbaycan vətəndaşlarının sayı-cəmi,2022,1489.5
002_3.xls,2.3  Ölkəyə gələn əcnəbilər və vətəndaşlığı olmayan şəxslərin və xarici ölkələrə,Xarici ölkələrə gedən Azərbaycan vətəndaşlarının sayı-cəmi,2023,1868.7
002_3.xls,2.3  Ölkəyə gələn əcnəbilər və vətəndaşlığı olmayan şəxslərin və xarici ölkələrə,Xarici ölkələrə gedən Azərbaycan vətəndaşlarının sayı-cəmi,2024,2158.9
002_3.xls,2.3  Ölkəyə gələn əcnəbilər və vətəndaşlığı olmayan şəxslərin və xarici ölkələrə,turizm məqsədilə,2006,889.9
002_3.xls,2.3  Ölkəyə gələn əcnəbilər və vətəndaşlığı olmayan şəxslərin və xarici ölkələrə,turizm məqsədilə,2007,790.7
002_3.xls,2.3  Ölkəyə gələn əcnəbilər və vətəndaşlığı olmayan şəxslərin və xarici ölkələrə,turizm məqsədilə,2008,1048.1
002_3.xls,2.3  Ölkəyə gələn əcnəbilər və vətəndaşlığı olmayan şəxslərin və xarici ölkələrə,turizm məqsədilə,2009,1145.1
002_3.xls,2.3  Ölkəyə gələn əcnəbilər və vətəndaşlığı olmayan şəxslərin və xarici ölkələrə,turizm məqsədilə,2010,1819.6
002_3.xls,2.3  Ölkəyə gələn əcnəbilər və vətəndaşlığı olmayan şəxslərin və xarici ölkələrə,turizm məqsədilə,2011,2308.2
002_3.xls,2.3  Ölkəyə gələn əcnəbilər və vətəndaşlığı olmayan şəxslərin və xarici ölkələrə,turizm məqsədilə,2012,2828.9
002_3.xls,2.3  Ölkəyə gələn əcnəbilər və vətəndaşlığı olmayan şəxslərin və xarici ölkələrə,turizm məqsədilə,2013,3306.7
002_3.xls,2.3  Ölkəyə gələn əcnəbilər və vətəndaşlığı olmayan şəxslərin və xarici ölkələrə,turizm məqsədilə,2014,3319.4
002_3.xls,2.3  Ölkəyə gələn əcnəbilər və vətəndaşlığı olmayan şəxslərin və xarici ölkələrə,turizm məqsədilə,2015,3256.2
002_3.xls,2.3  Ölkəyə gələn əcnəbilər və vətəndaşlığı olmayan şəxslərin və xarici ölkələrə,turizm məqsədilə,2016,3592.1
002_3.xls,2.3  Ölkəyə gələn əcnəbilər və vətəndaşlığı olmayan şəxslərin və xarici ölkələrə,turizm məqsədilə,2017,3447.4
002_3.xls,2.3  Ölkəyə gələn əcnəbilər və vətəndaşlığı olmayan şəxslərin və xarici ölkələrə,turizm məqsədilə,2018,4096.7
002_3.xls,2.3  Ölkəyə gələn əcnəbilər və vətəndaşlığı olmayan şəxslərin və xarici ölkələrə,turizm məqsədilə,2019,4347.3
002_3.xls,2.3  Ölkəyə gələn əcnəbilər və vətəndaşlığı olmayan şəxslərin və xarici ölkələrə,turizm məqsədilə,2020,746.6
002_3.xls,2.3  Ölkəyə gələn əcnəbilər və vətəndaşlığı olmayan şəxslərin və xarici ölkələrə,turizm məqsədilə,2021,557.9
002_3.xls,2.3  Ölkəyə gələn əcnəbilər və vətəndaşlığı olmayan şəxslərin və xarici ölkələrə,turizm məqsədilə,2022,918.1
002_3.xls,2.3  Ölkəyə gələn əcnəbilər və vətəndaşlığı olmayan şəxslərin və xarici ölkələrə,turizm məqsədilə,2023,1115.6
002_3.xls,2.3  Ölkəyə gələn əcnəbilər və vətəndaşlığı olmayan şəxslərin və xarici ölkələrə,turizm məqsədilə,2024,1365.6
002_3.xls,2.3  Ölkəyə gələn əcnəbilər və vətəndaşlığı olmayan şəxslərin və xarici ölkələrə,"istirahət, əyləncə turizmi",2006,332.8
002_3.xls,2.3  Ölkəyə gələn əcnəbilər və vətəndaşlığı olmayan şəxslərin və xarici ölkələrə,"istirahət, əyləncə turizmi",2007,295.7
002_3.xls,2.3  Ölkəyə gələn əcnəbilər və vətəndaşlığı olmayan şəxslərin və xarici ölkələrə,"istirahət, əyləncə turizmi",2008,392.0
002_3.xls,2.3  Ölkəyə gələn əcnəbilər və vətəndaşlığı olmayan şəxslərin və xarici ölkələrə,"istirahət, əyləncə turizmi",2009,428.3
002_3.xls,2.3  Ölkəyə gələn əcnəbilər və vətəndaşlığı olmayan şəxslərin və xarici ölkələrə,"istirahət, əyləncə turizmi",2010,729.3
002_3.xls,2.3  Ölkəyə gələn əcnəbilər və vətəndaşlığı olmayan şəxslərin və xarici ölkələrə,"istirahət, əyləncə turizmi",2011,513.1
002_3.xls,2.3  Ölkəyə gələn əcnəbilər və vətəndaşlığı olmayan şəxslərin və xarici ölkələrə,"istirahət, əyləncə turizmi",2012,897.6
002_3.xls,2.3  Ölkəyə gələn əcnəbilər və vətəndaşlığı olmayan şəxslərin və xarici ölkələrə,"istirahət, əyləncə turizmi",2013,1053.9
002_3.xls,2.3  Ölkəyə gələn əcnəbilər və vətəndaşlığı olmayan şəxslərin və xarici ölkələrə,"istirahət, əyləncə turizmi",2014,1014.7
002_3.xls,2.3  Ölkəyə gələn əcnəbilər və vətəndaşlığı olmayan şəxslərin və xarici ölkələrə,"istirahət, əyləncə turizmi",2015,1045.2
002_3.xls,2.3  Ölkəyə gələn əcnəbilər və vətəndaşlığı olmayan şəxslərin və xarici ölkələrə,"istirahət, əyləncə turizmi",2016,1096.1
002_3.xls,2.3  Ölkəyə gələn əcnəbilər və vətəndaşlığı olmayan şəxslərin və xarici ölkələrə,"istirahət, əyləncə turizmi",2017,1054.9
002_3.xls,2.3  Ölkəyə gələn əcnəbilər və vətəndaşlığı olmayan şəxslərin və xarici ölkələrə,"istirahət, əyləncə turizmi",2018,1126.3
002_3.xls,2.3  Ölkəyə gələn əcnəbilər və vətəndaşlığı olmayan şəxslərin və xarici ölkələrə,"istirahət, əyləncə turizmi",2019,1251.7
002_3.xls,2.3  Ölkəyə gələn əcnəbilər və vətəndaşlığı olmayan şəxslərin və xarici ölkələrə,"istirahət, əyləncə turizmi",2020,194.8
002_3.xls,2.3  Ölkəyə gələn əcnəbilər və vətəndaşlığı olmayan şəxslərin və xarici ölkələrə,"istirahət, əyləncə turizmi",2021,197.5
002_3.xls,2.3  Ölkəyə gələn əcnəbilər və vətəndaşlığı olmayan şəxslərin və xarici ölkələrə,"istirahət, əyləncə turizmi",2022,376.6
002_3.xls,2.3  Ölkəyə gələn əcnəbilər və vətəndaşlığı olmayan şəxslərin və xarici ölkələrə,"istirahət, əyləncə turizmi",2023,402.9
002_3.xls,2.3  Ölkəyə gələn əcnəbilər və vətəndaşlığı olmayan şəxslərin və xarici ölkələrə,"istirahət, əyləncə turizmi",2024,612.5
002_3.xls,2.3  Ölkəyə gələn əcnəbilər və vətəndaşlığı olmayan şəxslərin və xarici ölkələrə,işgüzar turizm,2006,513.4
002_3.xls,2.3  Ölkəyə gələn əcnəbilər və vətəndaşlığı olmayan şəxslərin və xarici ölkələrə,işgüzar turizm,2007,456.2
002_3.xls,2.3  Ölkəyə gələn əcnəbilər və vətəndaşlığı olmayan şəxslərin və xarici ölkələrə,işgüzar turizm,2008,604.7
002_3.xls,2.3  Ölkəyə gələn əcnəbilər və vətəndaşlığı olmayan şəxslərin və xarici ölkələrə,işgüzar turizm,2009,660.7
002_3.xls,2.3  Ölkəyə gələn əcnəbilər və vətəndaşlığı olmayan şəxslərin və xarici ölkələrə,işgüzar turizm,2010,986.3
002_3.xls,2.3  Ölkəyə gələn əcnəbilər və vətəndaşlığı olmayan şəxslərin və xarici ölkələrə,işgüzar turizm,2011,1150.3
002_3.xls,2.3  Ölkəyə gələn əcnəbilər və vətəndaşlığı olmayan şəxslərin və xarici ölkələrə,işgüzar turizm,2012,1172.3
002_3.xls,2.3  Ölkəyə gələn əcnəbilər və vətəndaşlığı olmayan şəxslərin və xarici ölkələrə,işgüzar turizm,2013,1290.9
002_3.xls,2.3  Ölkəyə gələn əcnəbilər və vətəndaşlığı olmayan şəxslərin və xarici ölkələrə,işgüzar turizm,2014,1277.8
002_3.xls,2.3  Ölkəyə gələn əcnəbilər və vətəndaşlığı olmayan şəxslərin və xarici ölkələrə,işgüzar turizm,2015,1185.3
002_3.xls,2.3  Ölkəyə gələn əcnəbilər və vətəndaşlığı olmayan şəxslərin və xarici ölkələrə,işgüzar turizm,2016,1371.6
002_3.xls,2.3  Ölkəyə gələn əcnəbilər və vətəndaşlığı olmayan şəxslərin və xarici ölkələrə,işgüzar turizm,2017,1306.5
002_3.xls,2.3  Ölkəyə gələn əcnəbilər və vətəndaşlığı olmayan şəxslərin və xarici ölkələrə,işgüzar turizm,2018,900.2
002_3.xls,2.3  Ölkəyə gələn əcnəbilər və vətəndaşlığı olmayan şəxslərin və xarici ölkələrə,işgüzar turizm,2019,848.8
002_3.xls,2.3  Ölkəyə gələn əcnəbilər və vətəndaşlığı olmayan şəxslərin və xarici ölkələrə,işgüzar turizm,2020,168.5
002_3.xls,2.3  Ölkəyə gələn əcnəbilər və vətəndaşlığı olmayan şəxslərin və xarici ölkələrə,işgüzar turizm,2021,137.2
002_3.xls,2.3  Ölkəyə gələn əcnəbilər və vətəndaşlığı olmayan şəxslərin və xarici ölkələrə,işgüzar turizm,2022,195.2
002_3.xls,2.3  Ölkəyə gələn əcnəbilər və vətəndaşlığı olmayan şəxslərin və xarici ölkələrə,işgüzar turizm,2023,278.9
002_3.xls,2.3  Ölkəyə gələn əcnəbilər və vətəndaşlığı olmayan şəxslərin və xarici ölkələrə,işgüzar turizm,2024,331.8
002_3.xls,2.3  Ölkəyə gələn əcnəbilər və vətəndaşlığı olmayan şəxslərin və xarici ölkələrə,müalicə turizmi,2006,23.2
002_3.xls,2.3  Ölkəyə gələn əcnəbilər və vətəndaşlığı olmayan şəxslərin və xarici ölkələrə,müalicə turizmi,2007,20.6
002_3.xls,2.3  Ölkəyə gələn əcnəbilər və vətəndaşlığı olmayan şəxslərin və xarici ölkələrə,müalicə turizmi,2008,27.3
002_3.xls,2.3  Ölkəyə gələn əcnəbilər və vətəndaşlığı olmayan şəxslərin və xarici ölkələrə,müalicə turizmi,2009,29.8
002_3.xls,2.3  Ölkəyə gələn əcnəbilər və vətəndaşlığı olmayan şəxslərin və xarici ölkələrə,müalicə turizmi,2010,43.7
002_3.xls,2.3  Ölkəyə gələn əcnəbilər və vətəndaşlığı olmayan şəxslərin və xarici ölkələrə,müalicə turizmi,2011,92.6
002_3.xls,2.3  Ölkəyə gələn əcnəbilər və vətəndaşlığı olmayan şəxslərin və xarici ölkələrə,müalicə turizmi,2012,116.5
002_3.xls,2.3  Ölkəyə gələn əcnəbilər və vətəndaşlığı olmayan şəxslərin və xarici ölkələrə,müalicə turizmi,2013,169.0
002_3.xls,2.3  Ölkəyə gələn əcnəbilər və vətəndaşlığı olmayan şəxslərin və xarici ölkələrə,müalicə turizmi,2014,169.8
002_3.xls,2.3  Ölkəyə gələn əcnəbilər və vətəndaşlığı olmayan şəxslərin və xarici ölkələrə,müalicə turizmi,2015,140.0
002_3.xls,2.3  Ölkəyə gələn əcnəbilər və vətəndaşlığı olmayan şəxslərin və xarici ölkələrə,müalicə turizmi,2016,192.7
002_3.xls,2.3  Ölkəyə gələn əcnəbilər və vətəndaşlığı olmayan şəxslərin və xarici ölkələrə,müalicə turizmi,2017,189.6
002_3.xls,2.3  Ölkəyə gələn əcnəbilər və vətəndaşlığı olmayan şəxslərin və xarici ölkələrə,müalicə turizmi,2018,288.6
002_3.xls,2.3  Ölkəyə gələn əcnəbilər və vətəndaşlığı olmayan şəxslərin və xarici ölkələrə,müalicə turizmi,2019,268.8
002_3.xls,2.3  Ölkəyə gələn əcnəbilər və vətəndaşlığı olmayan şəxslərin və xarici ölkələrə,müalicə turizmi,2020,42.9
002_3.xls,2.3  Ölkəyə gələn əcnəbilər və vətəndaşlığı olmayan şəxslərin və xarici ölkələrə,müalicə turizmi,2021,31.2
002_3.xls,2.3  Ölkəyə gələn əcnəbilər və vətəndaşlığı olmayan şəxslərin və xarici ölkələrə,müalicə turizmi,2022,44.5
002_3.xls,2.3  Ölkəyə gələn əcnəbilər və vətəndaşlığı olmayan şəxslərin və xarici ölkələrə,müalicə turizmi,2023,37.6
002_3.xls,2.3  Ölkəyə gələn əcnəbilər və vətəndaşlığı olmayan şəxslərin və xarici ölkələrə,müalicə turizmi,2024,38.9
002_3.xls,2.3  Ölkəyə gələn əcnəbilər və vətəndaşlığı olmayan şəxslərin və xarici ölkələrə,dini turizm,2006,15.1
002_3.xls,2.3  Ölkəyə gələn əcnəbilər və vətəndaşlığı olmayan şəxslərin və xarici ölkələrə,dini turizm,2007,13.4
002_3.xls,2.3  Ölkəyə gələn əcnəbilər və vətəndaşlığı olmayan şəxslərin və xarici ölkələrə,dini turizm,2008,17.8
002_3.xls,2.3  Ölkəyə gələn əcnəbilər və vətəndaşlığı olmayan şəxslərin və xarici ölkələrə,dini turizm,2009,19.4
002_3.xls,2.3  Ölkəyə gələn əcnəbilər və vətəndaşlığı olmayan şəxslərin və xarici ölkələrə,dini turizm,2010,41.3
002_3.xls,2.3  Ölkəyə gələn əcnəbilər və vətəndaşlığı olmayan şəxslərin və xarici ölkələrə,dini turizm,2011,64.0
002_3.xls,2.3  Ölkəyə gələn əcnəbilər və vətəndaşlığı olmayan şəxslərin və xarici ölkələrə,dini turizm,2012,66.2
002_3.xls,2.3  Ölkəyə gələn əcnəbilər və vətəndaşlığı olmayan şəxslərin və xarici ölkələrə,dini turizm,2013,82.5
002_3.xls,2.3  Ölkəyə gələn əcnəbilər və vətəndaşlığı olmayan şəxslərin və xarici ölkələrə,dini turizm,2014,117.8
002_3.xls,2.3  Ölkəyə gələn əcnəbilər və vətəndaşlığı olmayan şəxslərin və xarici ölkələrə,dini turizm,2015,133.5
002_3.xls,2.3  Ölkəyə gələn əcnəbilər və vətəndaşlığı olmayan şəxslərin və xarici ölkələrə,dini turizm,2016,127.1
002_3.xls,2.3  Ölkəyə gələn əcnəbilər və vətəndaşlığı olmayan şəxslərin və xarici ölkələrə,dini turizm,2017,120.1
002_3.xls,2.3  Ölkəyə gələn əcnəbilər və vətəndaşlığı olmayan şəxslərin və xarici ölkələrə,dini turizm,2018,245.3
002_3.xls,2.3  Ölkəyə gələn əcnəbilər və vətəndaşlığı olmayan şəxslərin və xarici ölkələrə,dini turizm,2019,250.0
002_3.xls,2.3  Ölkəyə gələn əcnəbilər və vətəndaşlığı olmayan şəxslərin və xarici ölkələrə,dini turizm,2020,39.2
002_3.xls,2.3  Ölkəyə gələn əcnəbilər və vətəndaşlığı olmayan şəxslərin və xarici ölkələrə,dini turizm,2021,9.5
002_3.xls,2.3  Ölkəyə gələn əcnəbilər və vətəndaşlığı olmayan şəxslərin və xarici ölkələrə,dini turizm,2022,38.1
002_3.xls,2.3  Ölkəyə gələn əcnəbilər və vətəndaşlığı olmayan şəxslərin və xarici ölkələrə,dini turizm,2023,29.7
002_3.xls,2.3  Ölkəyə gələn əcnəbilər və vətəndaşlığı olmayan şəxslərin və xarici ölkələrə,dini turizm,2024,22.6
002_3.xls,2.3  Ölkəyə gələn əcnəbilər və vətəndaşlığı olmayan şəxslərin və xarici ölkələrə,"qohumların, dostların ziyarəti",2011,344.1
002_3.xls,2.3  Ölkəyə gələn əcnəbilər və vətəndaşlığı olmayan şəxslərin və xarici ölkələrə,"qohumların, dostların ziyarəti",2012,443.5
002_3.xls,2.3  Ölkəyə gələn əcnəbilər və vətəndaşlığı olmayan şəxslərin və xarici ölkələrə,"qohumların, dostların ziyarəti",2013,579.9
002_3.xls,2.3  Ölkəyə gələn əcnəbilər və vətəndaşlığı olmayan şəxslərin və xarici ölkələrə,"qohumların, dostların ziyarəti",2014,565.0
002_3.xls,2.3  Ölkəyə gələn əcnəbilər və vətəndaşlığı olmayan şəxslərin və xarici ölkələrə,"qohumların, dostların ziyarəti",2015,592.6
002_3.xls,2.3  Ölkəyə gələn əcnəbilər və vətəndaşlığı olmayan şəxslərin və xarici ölkələrə,"qohumların, dostların ziyarəti",2016,613.9
002_3.xls,2.3  Ölkəyə gələn əcnəbilər və vətəndaşlığı olmayan şəxslərin və xarici ölkələrə,"qohumların, dostların ziyarəti",2017,586.1
002_3.xls,2.3  Ölkəyə gələn əcnəbilər və vətəndaşlığı olmayan şəxslərin və xarici ölkələrə,"qohumların, dostların ziyarəti",2018,844.5
002_3.xls,2.3  Ölkəyə gələn əcnəbilər və vətəndaşlığı olmayan şəxslərin və xarici ölkələrə,"qohumların, dostların ziyarəti",2019,876.4
002_3.xls,2.3  Ölkəyə gələn əcnəbilər və vətəndaşlığı olmayan şəxslərin və xarici ölkələrə,"qohumların, dostların ziyarəti",2020,157.9
002_3.xls,2.3  Ölkəyə gələn əcnəbilər və vətəndaşlığı olmayan şəxslərin və xarici ölkələrə,"qohumların, dostların ziyarəti",2021,102.7
002_3.xls,2.3  Ölkəyə gələn əcnəbilər və vətəndaşlığı olmayan şəxslərin və xarici ölkələrə,"qohumların, dostların ziyarəti",2022,149.7
002_3.xls,2.3  Ölkəyə gələn əcnəbilər və vətəndaşlığı olmayan şəxslərin və xarici ölkələrə,"qohumların, dostların ziyarəti",2023,310.4
002_3.xls,2.3  Ölkəyə gələn əcnəbilər və vətəndaşlığı olmayan şəxslərin və xarici ölkələrə,"qohumların, dostların ziyarəti",2024,293.0
002_3.xls,2.3  Ölkəyə gələn əcnəbilər və vətəndaşlığı olmayan şəxslərin və xarici ölkələrə,digər turizm məqsədilə,2006,5.4
002_3.xls,2.3  Ölkəyə gələn əcnəbilər və vətəndaşlığı olmayan şəxslərin və xarici ölkələrə,digər turizm məqsədilə,2007,4.8
002_3.xls,2.3  Ölkəyə gələn əcnəbilər və vətəndaşlığı olmayan şəxslərin və xarici ölkələrə,digər turizm məqsədilə,2008,6.3
002_3.xls,2.3  Ölkəyə gələn əcnəbilər və vətəndaşlığı olmayan şəxslərin və xarici ölkələrə,digər turizm məqsədilə,2009,6.9
002_3.xls,2.3  Ölkəyə gələn əcnəbilər və vətəndaşlığı olmayan şəxslərin və xarici ölkələrə,digər turizm məqsədilə,2010,19.0
002_3.xls,2.3  Ölkəyə gələn əcnəbilər və vətəndaşlığı olmayan şəxslərin və xarici ölkələrə,digər turizm məqsədilə,2011,144.1
002_3.xls,2.3  Ölkəyə gələn əcnəbilər və vətəndaşlığı olmayan şəxslərin və xarici ölkələrə,digər turizm məqsədilə,2012,132.8
002_3.xls,2.3  Ölkəyə gələn əcnəbilər və vətəndaşlığı olmayan şəxslərin və xarici ölkələrə,digər turizm məqsədilə,2013,130.5
002_3.xls,2.3  Ölkəyə gələn əcnəbilər və vətəndaşlığı olmayan şəxslərin və xarici ölkələrə,digər turizm məqsədilə,2014,174.3
002_3.xls,2.3  Ölkəyə gələn əcnəbilər və vətəndaşlığı olmayan şəxslərin və xarici ölkələrə,digər turizm məqsədilə,2015,159.6
002_3.xls,2.3  Ölkəyə gələn əcnəbilər və vətəndaşlığı olmayan şəxslərin və xarici ölkələrə,digər turizm məqsədilə,2016,190.7
002_3.xls,2.3  Ölkəyə gələn əcnəbilər və vətəndaşlığı olmayan şəxslərin və xarici ölkələrə,digər turizm məqsədilə,2017,190.2
002_3.xls,2.3  Ölkəyə gələn əcnəbilər və vətəndaşlığı olmayan şəxslərin və xarici ölkələrə,digər turizm məqsədilə,2018,691.8
002_3.xls,2.3  Ölkəyə gələn əcnəbilər və vətəndaşlığı olmayan şəxslərin və xarici ölkələrə,digər turizm məqsədilə,2019,851.6
002_3.xls,2.3  Ölkəyə gələn əcnəbilər və vətəndaşlığı olmayan şəxslərin və xarici ölkələrə,digər turizm məqsədilə,2020,143.3
002_3.xls,2.3  Ölkəyə gələn əcnəbilər və vətəndaşlığı olmayan şəxslərin və xarici ölkələrə,digər turizm məqsədilə,2021,79.8
002_3.xls,2.3  Ölkəyə gələn əcnəbilər və vətəndaşlığı olmayan şəxslərin və xarici ölkələrə,digər turizm məqsədilə,2022,114.0
002_3.xls,2.3  Ölkəyə gələn əcnəbilər və vətəndaşlığı olmayan şəxslərin və xarici ölkələrə,digər turizm məqsədilə,2023,56.1
002_3.xls,2.3  Ölkəyə gələn əcnəbilər və vətəndaşlığı olmayan şəxslərin və xarici ölkələrə,digər turizm məqsədilə,2024,66.8
002_3.xls,2.3  Ölkəyə gələn əcnəbilər və vətəndaşlığı olmayan şəxslərin və xarici ölkələrə,digər məqsədlə,2006,946.0
002_3.xls,2.3  Ölkəyə gələn əcnəbilər və vətəndaşlığı olmayan şəxslərin və xarici ölkələrə,digər məqsədlə,2007,840.6
002_3.xls,2.3  Ölkəyə gələn əcnəbilər və vətəndaşlığı olmayan şəxslərin və xarici ölkələrə,digər məqsədlə,2008,1114.3
002_3.xls,2.3  Ölkəyə gələn əcnəbilər və vətəndaşlığı olmayan şəxslərin və xarici ölkələrə,digər məqsədlə,2009,1217.4
002_3.xls,2.3  Ölkəyə gələn əcnəbilər və vətəndaşlığı olmayan şəxslərin və xarici ölkələrə,digər məqsədlə,2010,1356.0
002_3.xls,2.3  Ölkəyə gələn əcnəbilər və vətəndaşlığı olmayan şəxslərin və xarici ölkələrə,digər məqsədlə,2011,1242.0
002_3.xls,2.3  Ölkəyə gələn əcnəbilər və vətəndaşlığı olmayan şəxslərin və xarici ölkələrə,digər məqsədlə,2012,1045.5
002_3.xls,2.3  Ölkəyə gələn əcnəbilər və vətəndaşlığı olmayan şəxslərin və xarici ölkələrə,digər məqsədlə,2013,978.0
002_3.xls,2.3  Ölkəyə gələn əcnəbilər və vətəndaşlığı olmayan şəxslərin və xarici ölkələrə,digər məqsədlə,2014,924.9
002_3.xls,2.3  Ölkəyə gələn əcnəbilər və vətəndaşlığı olmayan şəxslərin və xarici ölkələrə,digər məqsədlə,2015,839.6
002_3.xls,2.3  Ölkəyə gələn əcnəbilər və vətəndaşlığı olmayan şəxslərin və xarici ölkələrə,digər məqsədlə,2016,689.8
002_3.xls,2.3  Ölkəyə gələn əcnəbilər və vətəndaşlığı olmayan şəxslərin və xarici ölkələrə,digər məqsədlə,2017,661.5
002_3.xls,2.3  Ölkəyə gələn əcnəbilər və vətəndaşlığı olmayan şəxslərin və xarici ölkələrə,digər məqsədlə,2018,811.4
002_3.xls,2.3  Ölkəyə gələn əcnəbilər və vətəndaşlığı olmayan şəxslərin və xarici ölkələrə,digər məqsədlə,2019,1220.4
002_3.xls,2.3  Ölkəyə gələn əcnəbilər və vətəndaşlığı olmayan şəxslərin və xarici ölkələrə,digər məqsədlə,2020,418.0
002_3.xls,2.3  Ölkəyə gələn əcnəbilər və vətəndaşlığı olmayan şəxslərin və xarici ölkələrə,digər məqsədlə,2021,416.6
002_3.xls,2.3  Ölkəyə gələn əcnəbilər və vətəndaşlığı olmayan şəxslərin və xarici ölkələrə,digər məqsədlə,2022,571.4
002_3.xls,2.3  Ölkəyə gələn əcnəbilər və vətəndaşlığı olmayan şəxslərin və xarici ölkələrə,digər məqsədlə,2023,753.1
002_3.xls,2.3  Ölkəyə gələn əcnəbilər və vətəndaşlığı olmayan şəxslərin və xarici ölkələrə,digər məqsədlə,2024,793.3
002_3.xls,2.3  Ölkəyə gələn əcnəbilər və vətəndaşlığı olmayan şəxslərin və xarici ölkələrə,"Turizm məqsədilə Azərbaycana
gələn əcnəbi turistlərin turizm
məqsədilə çəkdiyi xərclər, milyon manat",2014,1281.2
002_3.xls,2.3  Ölkəyə gələn əcnəbilər və vətəndaşlığı olmayan şəxslərin və xarici ölkələrə,"Turizm məqsədilə Azərbaycana
gələn əcnəbi turistlərin turizm
məqsədilə çəkdiyi xərclər, milyon manat",2015,1132.4
002_3.xls,2.3  Ölkəyə gələn əcnəbilər və vətəndaşlığı olmayan şəxslərin və xarici ölkələrə,"Turizm məqsədilə Azərbaycana
gələn əcnəbi turistlərin turizm
məqsədilə çəkdiyi xərclər, milyon manat",2016,1411.3
002_3.xls,2.3  Ölkəyə gələn əcnəbilər və vətəndaşlığı olmayan şəxslərin və xarici ölkələrə,"Turizm məqsədilə Azərbaycana
gələn əcnəbi turistlərin turizm
məqsədilə çəkdiyi xərclər, milyon manat",2017,2285.3
002_3.xls,2.3  Ölkəyə gələn əcnəbilər və vətəndaşlığı olmayan şəxslərin və xarici ölkələrə,"Turizm məqsədilə Azərbaycana
gələn əcnəbi turistlərin turizm
məqsədilə çəkdiyi xərclər, milyon manat",2018,2661.6
002_3.xls,2.3  Ölkəyə gələn əcnəbilər və vətəndaşlığı olmayan şəxslərin və xarici ölkələrə,"Turizm məqsədilə Azərbaycana
gələn əcnəbi turistlərin turizm
məqsədilə çəkdiyi xərclər, milyon manat",2019,2971.4
002_3.xls,2.3  Ölkəyə gələn əcnəbilər və vətəndaşlığı olmayan şəxslərin və xarici ölkələrə,"Turizm məqsədilə Azərbaycana
gələn əcnəbi turistlərin turizm
məqsədilə çəkdiyi xərclər, milyon manat",2020,414.7
002_3.xls,2.3  Ölkəyə gələn əcnəbilər və vətəndaşlığı olmayan şəxslərin və xarici ölkələrə,"Turizm məqsədilə Azərbaycana
gələn əcnəbi turistlərin turizm
məqsədilə çəkdiyi xərclər, milyon manat",2021,492.6
002_3.xls,2.3  Ölkəyə gələn əcnəbilər və vətəndaşlığı olmayan şəxslərin və xarici ölkələrə,"Turizm məqsədilə Azərbaycana
gələn əcnəbi turistlərin turizm
məqsədilə çəkdiyi xərclər, milyon manat",2022,1340.2
002_3.xls,2.3  Ölkəyə gələn əcnəbilər və vətəndaşlığı olmayan şəxslərin və xarici ölkələrə,"Turizm məqsədilə Azərbaycana
gələn əcnəbi turistlərin turizm
məqsədilə çəkdiyi xərclər, milyon manat",2023,2439.2
002_3.xls,2.3  Ölkəyə gələn əcnəbilər və vətəndaşlığı olmayan şəxslərin və xarici ölkələrə,"Turizm məqsədilə Azərbaycana
gələn əcnəbi turistlərin turizm
məqsədilə çəkdiyi xərclər, milyon manat",2024,3403.5
002_3.xls,2.3  Ölkəyə gələn əcnəbilər və vətəndaşlığı olmayan şəxslərin və xarici ölkələrə,"Xarici ölkələrə gedən Azərbaycan
vətəndaşlarının turizm məqsədilə
çəkdiyi xərcələr, milyon manat",2014,1888.5
002_3.xls,2.3  Ölkəyə gələn əcnəbilər və vətəndaşlığı olmayan şəxslərin və xarici ölkələrə,"Xarici ölkələrə gedən Azərbaycan
vətəndaşlarının turizm məqsədilə
çəkdiyi xərcələr, milyon manat",2015,1816.9
002_3.xls,2.3  Ölkəyə gələn əcnəbilər və vətəndaşlığı olmayan şəxslərin və xarici ölkələrə,"Xarici ölkələrə gedən Azərbaycan
vətəndaşlarının turizm məqsədilə
çəkdiyi xərcələr, milyon manat",2016,1970.3
002_3.xls,2.3  Ölkəyə gələn əcnəbilər və vətəndaşlığı olmayan şəxslərin və xarici ölkələrə,"Xarici ölkələrə gedən Azərbaycan
vətəndaşlarının turizm məqsədilə
çəkdiyi xərcələr, milyon manat",2017,1678.9
002_3.xls,2.3  Ölkəyə gələn əcnəbilər və vətəndaşlığı olmayan şəxslərin və xarici ölkələrə,"Xarici ölkələrə gedən Azərbaycan
vətəndaşlarının turizm məqsədilə
çəkdiyi xərcələr, milyon manat",2018,2387.4
002_3.xls,2.3  Ölkəyə gələn əcnəbilər və vətəndaşlığı olmayan şəxslərin və xarici ölkələrə,"Xarici ölkələrə gedən Azərbaycan
vətəndaşlarının turizm məqsədilə
çəkdiyi xərcələr, milyon manat",2019,2407.6
002_3.xls,2.3  Ölkəyə gələn əcnəbilər və vətəndaşlığı olmayan şəxslərin və xarici ölkələrə,"Xarici ölkələrə gedən Azərbaycan
vətəndaşlarının turizm məqsədilə
çəkdiyi xərcələr, milyon manat",2020,412.5
002_3.xls,2.3  Ölkəyə gələn əcnəbilər və vətəndaşlığı olmayan şəxslərin və xarici ölkələrə,"Xarici ölkələrə gedən Azərbaycan
vətəndaşlarının turizm məqsədilə
çəkdiyi xərcələr, milyon manat",2021,510.3
002_3.xls,2.3  Ölkəyə gələn əcnəbilər və vətəndaşlığı olmayan şəxslərin və xarici ölkələrə,"Xarici ölkələrə gedən Azərbaycan
vətəndaşlarının turizm məqsədilə
çəkdiyi xərcələr, milyon manat",2022,924.8
002_3.xls,2.3  Ölkəyə gələn əcnəbilər və vətəndaşlığı olmayan şəxslərin və xarici ölkələrə,"Xarici ölkələrə gedən Azərbaycan
vətəndaşlarının turizm məqsədilə
çəkdiyi xərcələr, milyon manat",2023,1493.2
002_3.xls,2.3  Ölkəyə gələn əcnəbilər və vətəndaşlığı olmayan şəxslərin və xarici ölkələrə,"Xarici ölkələrə gedən Azərbaycan
vətəndaşlarının turizm məqsədilə
çəkdiyi xərcələr, milyon manat",2024,2219.0
002_4.xls,2.4  Azərbaycana gələn əcnəbilər və vətəndaşlığı olmayan şəxslərin ölkələr üzrə ,ABŞ,2008,13314.0
002_4.xls,2.4  Azərbaycana gələn əcnəbilər və vətəndaşlığı olmayan şəxslərin ölkələr üzrə ,ABŞ,2009,11663.0
002_4.xls,2.4  Azərbaycana gələn əcnəbilər və vətəndaşlığı olmayan şəxslərin ölkələr üzrə ,ABŞ,2010,11986.0
002_4.xls,2.4  Azərbaycana gələn əcnəbilər və vətəndaşlığı olmayan şəxslərin ölkələr üzrə ,ABŞ,2011,11443.0
002_4.xls,2.4  Azərbaycana gələn əcnəbilər və vətəndaşlığı olmayan şəxslərin ölkələr üzrə ,ABŞ,2012,13687.0
002_4.xls,2.4  Azərbaycana gələn əcnəbilər və vətəndaşlığı olmayan şəxslərin ölkələr üzrə ,ABŞ,2013,15612.0
002_4.xls,2.4  Azərbaycana gələn əcnəbilər və vətəndaşlığı olmayan şəxslərin ölkələr üzrə ,ABŞ,2014,14543.0
002_4.xls,2.4  Azərbaycana gələn əcnəbilər və vətəndaşlığı olmayan şəxslərin ölkələr üzrə ,ABŞ,2015,13208.0
002_4.xls,2.4  Azərbaycana gələn əcnəbilər və vətəndaşlığı olmayan şəxslərin ölkələr üzrə ,ABŞ,2016,12291.0
002_4.xls,2.4  Azərbaycana gələn əcnəbilər və vətəndaşlığı olmayan şəxslərin ölkələr üzrə ,ABŞ,2017,15178.0
002_4.xls,2.4  Azərbaycana gələn əcnəbilər və vətəndaşlığı olmayan şəxslərin ölkələr üzrə ,ABŞ,2018,17516.0
002_4.xls,2.4  Azərbaycana gələn əcnəbilər və vətəndaşlığı olmayan şəxslərin ölkələr üzrə ,ABŞ,2019,18787.0
002_4.xls,2.4  Azərbaycana gələn əcnəbilər və vətəndaşlığı olmayan şəxslərin ölkələr üzrə ,ABŞ,2020,2604.0
002_4.xls,2.4  Azərbaycana gələn əcnəbilər və vətəndaşlığı olmayan şəxslərin ölkələr üzrə ,ABŞ,2021,4409.0
002_4.xls,2.4  Azərbaycana gələn əcnəbilər və vətəndaşlığı olmayan şəxslərin ölkələr üzrə ,ABŞ,2022,12305.0
002_4.xls,2.4  Azərbaycana gələn əcnəbilər və vətəndaşlığı olmayan şəxslərin ölkələr üzrə ,ABŞ,2023,16968.0
002_4.xls,2.4  Azərbaycana gələn əcnəbilər və vətəndaşlığı olmayan şəxslərin ölkələr üzrə ,ABŞ,2024,22927.0
002_4.xls,2.4  Azərbaycana gələn əcnəbilər və vətəndaşlığı olmayan şəxslərin ölkələr üzrə ,Almaniya,2008,8740.0
002_4.xls,2.4  Azərbaycana gələn əcnəbilər və vətəndaşlığı olmayan şəxslərin ölkələr üzrə ,Almaniya,2009,10695.0
002_4.xls,2.4  Azərbaycana gələn əcnəbilər və vətəndaşlığı olmayan şəxslərin ölkələr üzrə ,Almaniya,2010,10602.0
002_4.xls,2.4  Azərbaycana gələn əcnəbilər və vətəndaşlığı olmayan şəxslərin ölkələr üzrə ,Almaniya,2011,11927.0
002_4.xls,2.4  Azərbaycana gələn əcnəbilər və vətəndaşlığı olmayan şəxslərin ölkələr üzrə ,Almaniya,2012,16445.0
002_4.xls,2.4  Azərbaycana gələn əcnəbilər və vətəndaşlığı olmayan şəxslərin ölkələr üzrə ,Almaniya,2013,13920.0
002_4.xls,2.4  Azərbaycana gələn əcnəbilər və vətəndaşlığı olmayan şəxslərin ölkələr üzrə ,Almaniya,2014,13838.0
002_4.xls,2.4  Azərbaycana gələn əcnəbilər və vətəndaşlığı olmayan şəxslərin ölkələr üzrə ,Almaniya,2015,15210.0
002_4.xls,2.4  Azərbaycana gələn əcnəbilər və vətəndaşlığı olmayan şəxslərin ölkələr üzrə ,Almaniya,2016,13042.0
002_4.xls,2.4  Azərbaycana gələn əcnəbilər və vətəndaşlığı olmayan şəxslərin ölkələr üzrə ,Almaniya,2017,16319.0
002_4.xls,2.4  Azərbaycana gələn əcnəbilər və vətəndaşlığı olmayan şəxslərin ölkələr üzrə ,Almaniya,2018,17200.0
002_4.xls,2.4  Azərbaycana gələn əcnəbilər və vətəndaşlığı olmayan şəxslərin ölkələr üzrə ,Almaniya,2019,20509.0
002_4.xls,2.4  Azərbaycana gələn əcnəbilər və vətəndaşlığı olmayan şəxslərin ölkələr üzrə ,Almaniya,2020,3531.0
002_4.xls,2.4  Azərbaycana gələn əcnəbilər və vətəndaşlığı olmayan şəxslərin ölkələr üzrə ,Almaniya,2021,5922.0
002_4.xls,2.4  Azərbaycana gələn əcnəbilər və vətəndaşlığı olmayan şəxslərin ölkələr üzrə ,Almaniya,2022,14427.0
002_4.xls,2.4  Azərbaycana gələn əcnəbilər və vətəndaşlığı olmayan şəxslərin ölkələr üzrə ,Almaniya,2023,17063.0
002_4.xls,2.4  Azərbaycana gələn əcnəbilər və vətəndaşlığı olmayan şəxslərin ölkələr üzrə ,Almaniya,2024,21731.0
002_4.xls,2.4  Azərbaycana gələn əcnəbilər və vətəndaşlığı olmayan şəxslərin ölkələr üzrə ,Avstraliya,2008,1276.0
002_4.xls,2.4  Azərbaycana gələn əcnəbilər və vətəndaşlığı olmayan şəxslərin ölkələr üzrə ,Avstraliya,2009,1109.0
002_4.xls,2.4  Azərbaycana gələn əcnəbilər və vətəndaşlığı olmayan şəxslərin ölkələr üzrə ,Avstraliya,2010,1122.0
002_4.xls,2.4  Azərbaycana gələn əcnəbilər və vətəndaşlığı olmayan şəxslərin ölkələr üzrə ,Avstraliya,2011,1129.0
002_4.xls,2.4  Azərbaycana gələn əcnəbilər və vətəndaşlığı olmayan şəxslərin ölkələr üzrə ,Avstraliya,2012,1296.0
002_4.xls,2.4  Azərbaycana gələn əcnəbilər və vətəndaşlığı olmayan şəxslərin ölkələr üzrə ,Avstraliya,2013,1518.0
002_4.xls,2.4  Azərbaycana gələn əcnəbilər və vətəndaşlığı olmayan şəxslərin ölkələr üzrə ,Avstraliya,2014,2161.0
002_4.xls,2.4  Azərbaycana gələn əcnəbilər və vətəndaşlığı olmayan şəxslərin ölkələr üzrə ,Avstraliya,2015,2233.0
002_4.xls,2.4  Azərbaycana gələn əcnəbilər və vətəndaşlığı olmayan şəxslərin ölkələr üzrə ,Avstraliya,2016,1851.0
002_4.xls,2.4  Azərbaycana gələn əcnəbilər və vətəndaşlığı olmayan şəxslərin ölkələr üzrə ,Avstraliya,2017,2455.0
002_4.xls,2.4  Azərbaycana gələn əcnəbilər və vətəndaşlığı olmayan şəxslərin ölkələr üzrə ,Avstraliya,2018,3251.0
002_4.xls,2.4  Azərbaycana gələn əcnəbilər və vətəndaşlığı olmayan şəxslərin ölkələr üzrə ,Avstraliya,2019,4054.0
002_4.xls,2.4  Azərbaycana gələn əcnəbilər və vətəndaşlığı olmayan şəxslərin ölkələr üzrə ,Avstraliya,2020,360.0
002_4.xls,2.4  Azərbaycana gələn əcnəbilər və vətəndaşlığı olmayan şəxslərin ölkələr üzrə ,Avstraliya,2021,218.0
002_4.xls,2.4  Azərbaycana gələn əcnəbilər və vətəndaşlığı olmayan şəxslərin ölkələr üzrə ,Avstraliya,2022,1812.0
002_4.xls,2.4  Azərbaycana gələn əcnəbilər və vətəndaşlığı olmayan şəxslərin ölkələr üzrə ,Avstraliya,2023,2722.0
002_4.xls,2.4  Azərbaycana gələn əcnəbilər və vətəndaşlığı olmayan şəxslərin ölkələr üzrə ,Avstraliya,2024,4399.0
002_4.xls,2.4  Azərbaycana gələn əcnəbilər və vətəndaşlığı olmayan şəxslərin ölkələr üzrə ,Avstriya,2008,1392.0
002_4.xls,2.4  Azərbaycana gələn əcnəbilər və vətəndaşlığı olmayan şəxslərin ölkələr üzrə ,Avstriya,2009,1801.0
002_4.xls,2.4  Azərbaycana gələn əcnəbilər və vətəndaşlığı olmayan şəxslərin ölkələr üzrə ,Avstriya,2010,2513.0
002_4.xls,2.4  Azərbaycana gələn əcnəbilər və vətəndaşlığı olmayan şəxslərin ölkələr üzrə ,Avstriya,2011,3021.0
002_4.xls,2.4  Azərbaycana gələn əcnəbilər və vətəndaşlığı olmayan şəxslərin ölkələr üzrə ,Avstriya,2012,3499.0
002_4.xls,2.4  Azərbaycana gələn əcnəbilər və vətəndaşlığı olmayan şəxslərin ölkələr üzrə ,Avstriya,2013,2567.0
002_4.xls,2.4  Azərbaycana gələn əcnəbilər və vətəndaşlığı olmayan şəxslərin ölkələr üzrə ,Avstriya,2014,2884.0
002_4.xls,2.4  Azərbaycana gələn əcnəbilər və vətəndaşlığı olmayan şəxslərin ölkələr üzrə ,Avstriya,2015,2770.0
002_4.xls,2.4  Azərbaycana gələn əcnəbilər və vətəndaşlığı olmayan şəxslərin ölkələr üzrə ,Avstriya,2016,2417.0
002_4.xls,2.4  Azərbaycana gələn əcnəbilər və vətəndaşlığı olmayan şəxslərin ölkələr üzrə ,Avstriya,2017,2405.0
002_4.xls,2.4  Azərbaycana gələn əcnəbilər və vətəndaşlığı olmayan şəxslərin ölkələr üzrə ,Avstriya,2018,2830.0
002_4.xls,2.4  Azərbaycana gələn əcnəbilər və vətəndaşlığı olmayan şəxslərin ölkələr üzrə ,Avstriya,2019,3285.0
002_4.xls,2.4  Azərbaycana gələn əcnəbilər və vətəndaşlığı olmayan şəxslərin ölkələr üzrə ,Avstriya,2020,437.0
002_4.xls,2.4  Azərbaycana gələn əcnəbilər və vətəndaşlığı olmayan şəxslərin ölkələr üzrə ,Avstriya,2021,871.0
002_4.xls,2.4  Azərbaycana gələn əcnəbilər və vətəndaşlığı olmayan şəxslərin ölkələr üzrə ,Avstriya,2022,1926.0
002_4.xls,2.4  Azərbaycana gələn əcnəbilər və vətəndaşlığı olmayan şəxslərin ölkələr üzrə ,Avstriya,2023,2629.0
002_4.xls,2.4  Azərbaycana gələn əcnəbilər və vətəndaşlığı olmayan şəxslərin ölkələr üzrə ,Avstriya,2024,2888.0
002_4.xls,2.4  Azərbaycana gələn əcnəbilər və vətəndaşlığı olmayan şəxslərin ölkələr üzrə ,Banqladeş,2008,294.0
002_4.xls,2.4  Azərbaycana gələn əcnəbilər və vətəndaşlığı olmayan şəxslərin ölkələr üzrə ,Banqladeş,2009,453.0
002_4.xls,2.4  Azərbaycana gələn əcnəbilər və vətəndaşlığı olmayan şəxslərin ölkələr üzrə ,Banqladeş,2010,576.0
002_4.xls,2.4  Azərbaycana gələn əcnəbilər və vətəndaşlığı olmayan şəxslərin ölkələr üzrə ,Banqladeş,2011,439.0
002_4.xls,2.4  Azərbaycana gələn əcnəbilər və vətəndaşlığı olmayan şəxslərin ölkələr üzrə ,Banqladeş,2012,1151.0
002_4.xls,2.4  Azərbaycana gələn əcnəbilər və vətəndaşlığı olmayan şəxslərin ölkələr üzrə ,Banqladeş,2013,581.0
002_4.xls,2.4  Azərbaycana gələn əcnəbilər və vətəndaşlığı olmayan şəxslərin ölkələr üzrə ,Banqladeş,2014,518.0
002_4.xls,2.4  Azərbaycana gələn əcnəbilər və vətəndaşlığı olmayan şəxslərin ölkələr üzrə ,Banqladeş,2015,1409.0
002_4.xls,2.4  Azərbaycana gələn əcnəbilər və vətəndaşlığı olmayan şəxslərin ölkələr üzrə ,Banqladeş,2016,877.0
002_4.xls,2.4  Azərbaycana gələn əcnəbilər və vətəndaşlığı olmayan şəxslərin ölkələr üzrə ,Banqladeş,2017,988.0
002_4.xls,2.4  Azərbaycana gələn əcnəbilər və vətəndaşlığı olmayan şəxslərin ölkələr üzrə ,Banqladeş,2018,1233.0
002_4.xls,2.4  Azərbaycana gələn əcnəbilər və vətəndaşlığı olmayan şəxslərin ölkələr üzrə ,Banqladeş,2019,1408.0
002_4.xls,2.4  Azərbaycana gələn əcnəbilər və vətəndaşlığı olmayan şəxslərin ölkələr üzrə ,Banqladeş,2020,298.0
002_4.xls,2.4  Azərbaycana gələn əcnəbilər və vətəndaşlığı olmayan şəxslərin ölkələr üzrə ,Banqladeş,2021,569.0
002_4.xls,2.4  Azərbaycana gələn əcnəbilər və vətəndaşlığı olmayan şəxslərin ölkələr üzrə ,Banqladeş,2022,1394.0
002_4.xls,2.4  Azərbaycana gələn əcnəbilər və vətəndaşlığı olmayan şəxslərin ölkələr üzrə ,Banqladeş,2023,2159.0
002_4.xls,2.4  Azərbaycana gələn əcnəbilər və vətəndaşlığı olmayan şəxslərin ölkələr üzrə ,Banqladeş,2024,3999.0
002_4.xls,2.4  Azərbaycana gələn əcnəbilər və vətəndaşlığı olmayan şəxslərin ölkələr üzrə ,BƏƏ,2008,346.0
002_4.xls,2.4  Azərbaycana gələn əcnəbilər və vətəndaşlığı olmayan şəxslərin ölkələr üzrə ,BƏƏ,2009,270.0
002_4.xls,2.4  Azərbaycana gələn əcnəbilər və vətəndaşlığı olmayan şəxslərin ölkələr üzrə ,BƏƏ,2010,412.0
002_4.xls,2.4  Azərbaycana gələn əcnəbilər və vətəndaşlığı olmayan şəxslərin ölkələr üzrə ,BƏƏ,2011,469.0
002_4.xls,2.4  Azərbaycana gələn əcnəbilər və vətəndaşlığı olmayan şəxslərin ölkələr üzrə ,BƏƏ,2012,551.0
002_4.xls,2.4  Azərbaycana gələn əcnəbilər və vətəndaşlığı olmayan şəxslərin ölkələr üzrə ,BƏƏ,2013,638.0
002_4.xls,2.4  Azərbaycana gələn əcnəbilər və vətəndaşlığı olmayan şəxslərin ölkələr üzrə ,BƏƏ,2014,821.0
002_4.xls,2.4  Azərbaycana gələn əcnəbilər və vətəndaşlığı olmayan şəxslərin ölkələr üzrə ,BƏƏ,2015,2379.0
002_4.xls,2.4  Azərbaycana gələn əcnəbilər və vətəndaşlığı olmayan şəxslərin ölkələr üzrə ,BƏƏ,2016,53180.0
002_4.xls,2.4  Azərbaycana gələn əcnəbilər və vətəndaşlığı olmayan şəxslərin ölkələr üzrə ,BƏƏ,2017,102498.0
002_4.xls,2.4  Azərbaycana gələn əcnəbilər və vətəndaşlığı olmayan şəxslərin ölkələr üzrə ,BƏƏ,2018,94031.0
002_4.xls,2.4  Azərbaycana gələn əcnəbilər və vətəndaşlığı olmayan şəxslərin ölkələr üzrə ,BƏƏ,2019,68346.0
002_4.xls,2.4  Azərbaycana gələn əcnəbilər və vətəndaşlığı olmayan şəxslərin ölkələr üzrə ,BƏƏ,2020,7951.0
002_4.xls,2.4  Azərbaycana gələn əcnəbilər və vətəndaşlığı olmayan şəxslərin ölkələr üzrə ,BƏƏ,2021,17320.0
002_4.xls,2.4  Azərbaycana gələn əcnəbilər və vətəndaşlığı olmayan şəxslərin ölkələr üzrə ,BƏƏ,2022,41085.0
002_4.xls,2.4  Azərbaycana gələn əcnəbilər və vətəndaşlığı olmayan şəxslərin ölkələr üzrə ,BƏƏ,2023,45759.0
002_4.xls,2.4  Azərbaycana gələn əcnəbilər və vətəndaşlığı olmayan şəxslərin ölkələr üzrə ,BƏƏ,2024,46731.0
002_4.xls,2.4  Azərbaycana gələn əcnəbilər və vətəndaşlığı olmayan şəxslərin ölkələr üzrə ,Bəhreyn,2008,78.0
002_4.xls,2.4  Azərbaycana gələn əcnəbilər və vətəndaşlığı olmayan şəxslərin ölkələr üzrə ,Bəhreyn,2009,80.0
002_4.xls,2.4  Azərbaycana gələn əcnəbilər və vətəndaşlığı olmayan şəxslərin ölkələr üzrə ,Bəhreyn,2010,87.0
002_4.xls,2.4  Azərbaycana gələn əcnəbilər və vətəndaşlığı olmayan şəxslərin ölkələr üzrə ,Bəhreyn,2011,97.0
002_4.xls,2.4  Azərbaycana gələn əcnəbilər və vətəndaşlığı olmayan şəxslərin ölkələr üzrə ,Bəhreyn,2012,107.0
002_4.xls,2.4  Azərbaycana gələn əcnəbilər və vətəndaşlığı olmayan şəxslərin ölkələr üzrə ,Bəhreyn,2013,188.0
002_4.xls,2.4  Azərbaycana gələn əcnəbilər və vətəndaşlığı olmayan şəxslərin ölkələr üzrə ,Bəhreyn,2014,131.0
002_4.xls,2.4  Azərbaycana gələn əcnəbilər və vətəndaşlığı olmayan şəxslərin ölkələr üzrə ,Bəhreyn,2015,237.0
002_4.xls,2.4  Azərbaycana gələn əcnəbilər və vətəndaşlığı olmayan şəxslərin ölkələr üzrə ,Bəhreyn,2016,1562.0
002_4.xls,2.4  Azərbaycana gələn əcnəbilər və vətəndaşlığı olmayan şəxslərin ölkələr üzrə ,Bəhreyn,2017,5628.0
002_4.xls,2.4  Azərbaycana gələn əcnəbilər və vətəndaşlığı olmayan şəxslərin ölkələr üzrə ,Bəhreyn,2018,11422.0
002_4.xls,2.4  Azərbaycana gələn əcnəbilər və vətəndaşlığı olmayan şəxslərin ölkələr üzrə ,Bəhreyn,2019,8104.0
002_4.xls,2.4  Azərbaycana gələn əcnəbilər və vətəndaşlığı olmayan şəxslərin ölkələr üzrə ,Bəhreyn,2020,1746.0
002_4.xls,2.4  Azərbaycana gələn əcnəbilər və vətəndaşlığı olmayan şəxslərin ölkələr üzrə ,Bəhreyn,2021,1371.0
002_4.xls,2.4  Azərbaycana gələn əcnəbilər və vətəndaşlığı olmayan şəxslərin ölkələr üzrə ,Bəhreyn,2022,3424.0
002_4.xls,2.4  Azərbaycana gələn əcnəbilər və vətəndaşlığı olmayan şəxslərin ölkələr üzrə ,Bəhreyn,2023,5911.0
002_4.xls,2.4  Azərbaycana gələn əcnəbilər və vətəndaşlığı olmayan şəxslərin ölkələr üzrə ,Bəhreyn,2024,5917.0
002_4.xls,2.4  Azərbaycana gələn əcnəbilər və vətəndaşlığı olmayan şəxslərin ölkələr üzrə ,Belarus,2008,4660.0
002_4.xls,2.4  Azərbaycana gələn əcnəbilər və vətəndaşlığı olmayan şəxslərin ölkələr üzrə ,Belarus,2009,5308.0
002_4.xls,2.4  Azərbaycana gələn əcnəbilər və vətəndaşlığı olmayan şəxslərin ölkələr üzrə ,Belarus,2010,5479.0
002_4.xls,2.4  Azərbaycana gələn əcnəbilər və vətəndaşlığı olmayan şəxslərin ölkələr üzrə ,Belarus,2011,5724.0
002_4.xls,2.4  Azərbaycana gələn əcnəbilər və vətəndaşlığı olmayan şəxslərin ölkələr üzrə ,Belarus,2012,7038.0
002_4.xls,2.4  Azərbaycana gələn əcnəbilər və vətəndaşlığı olmayan şəxslərin ölkələr üzrə ,Belarus,2013,8251.0
002_4.xls,2.4  Azərbaycana gələn əcnəbilər və vətəndaşlığı olmayan şəxslərin ölkələr üzrə ,Belarus,2014,9256.0
002_4.xls,2.4  Azərbaycana gələn əcnəbilər və vətəndaşlığı olmayan şəxslərin ölkələr üzrə ,Belarus,2015,10729.0
002_4.xls,2.4  Azərbaycana gələn əcnəbilər və vətəndaşlığı olmayan şəxslərin ölkələr üzrə ,Belarus,2016,12320.0
002_4.xls,2.4  Azərbaycana gələn əcnəbilər və vətəndaşlığı olmayan şəxslərin ölkələr üzrə ,Belarus,2017,13119.0
002_4.xls,2.4  Azərbaycana gələn əcnəbilər və vətəndaşlığı olmayan şəxslərin ölkələr üzrə ,Belarus,2018,13024.0
002_4.xls,2.4  Azərbaycana gələn əcnəbilər və vətəndaşlığı olmayan şəxslərin ölkələr üzrə ,Belarus,2019,14844.0
002_4.xls,2.4  Azərbaycana gələn əcnəbilər və vətəndaşlığı olmayan şəxslərin ölkələr üzrə ,Belarus,2020,6036.0
002_4.xls,2.4  Azərbaycana gələn əcnəbilər və vətəndaşlığı olmayan şəxslərin ölkələr üzrə ,Belarus,2021,5730.0
002_4.xls,2.4  Azərbaycana gələn əcnəbilər və vətəndaşlığı olmayan şəxslərin ölkələr üzrə ,Belarus,2022,18562.0
002_4.xls,2.4  Azərbaycana gələn əcnəbilər və vətəndaşlığı olmayan şəxslərin ölkələr üzrə ,Belarus,2023,27612.0
002_4.xls,2.4  Azərbaycana gələn əcnəbilər və vətəndaşlığı olmayan şəxslərin ölkələr üzrə ,Belarus,2024,26308.0
002_4.xls,2.4  Azərbaycana gələn əcnəbilər və vətəndaşlığı olmayan şəxslərin ölkələr üzrə ,Belçika,2008,1980.0
002_4.xls,2.4  Azərbaycana gələn əcnəbilər və vətəndaşlığı olmayan şəxslərin ölkələr üzrə ,Belçika,2009,2389.0
002_4.xls,2.4  Azərbaycana gələn əcnəbilər və vətəndaşlığı olmayan şəxslərin ölkələr üzrə ,Belçika,2010,2233.0
002_4.xls,2.4  Azərbaycana gələn əcnəbilər və vətəndaşlığı olmayan şəxslərin ölkələr üzrə ,Belçika,2011,2299.0
002_4.xls,2.4  Azərbaycana gələn əcnəbilər və vətəndaşlığı olmayan şəxslərin ölkələr üzrə ,Belçika,2012,2255.0
002_4.xls,2.4  Azərbaycana gələn əcnəbilər və vətəndaşlığı olmayan şəxslərin ölkələr üzrə ,Belçika,2013,1725.0
002_4.xls,2.4  Azərbaycana gələn əcnəbilər və vətəndaşlığı olmayan şəxslərin ölkələr üzrə ,Belçika,2014,1908.0
002_4.xls,2.4  Azərbaycana gələn əcnəbilər və vətəndaşlığı olmayan şəxslərin ölkələr üzrə ,Belçika,2015,2098.0
002_4.xls,2.4  Azərbaycana gələn əcnəbilər və vətəndaşlığı olmayan şəxslərin ölkələr üzrə ,Belçika,2016,1603.0
002_4.xls,2.4  Azərbaycana gələn əcnəbilər və vətəndaşlığı olmayan şəxslərin ölkələr üzrə ,Belçika,2017,1559.0
002_4.xls,2.4  Azərbaycana gələn əcnəbilər və vətəndaşlığı olmayan şəxslərin ölkələr üzrə ,Belçika,2018,1996.0
002_4.xls,2.4  Azərbaycana gələn əcnəbilər və vətəndaşlığı olmayan şəxslərin ölkələr üzrə ,Belçika,2019,2415.0
002_4.xls,2.4  Azərbaycana gələn əcnəbilər və vətəndaşlığı olmayan şəxslərin ölkələr üzrə ,Belçika,2020,436.0
002_4.xls,2.4  Azərbaycana gələn əcnəbilər və vətəndaşlığı olmayan şəxslərin ölkələr üzrə ,Belçika,2021,990.0
002_4.xls,2.4  Azərbaycana gələn əcnəbilər və vətəndaşlığı olmayan şəxslərin ölkələr üzrə ,Belçika,2022,1844.0
002_4.xls,2.4  Azərbaycana gələn əcnəbilər və vətəndaşlığı olmayan şəxslərin ölkələr üzrə ,Belçika,2023,2153.0
002_4.xls,2.4  Azərbaycana gələn əcnəbilər və vətəndaşlığı olmayan şəxslərin ölkələr üzrə ,Belçika,2024,2963.0
002_4.xls,2.4  Azərbaycana gələn əcnəbilər və vətəndaşlığı olmayan şəxslərin ölkələr üzrə ,Boliviya,2008,62.0
002_4.xls,2.4  Azərbaycana gələn əcnəbilər və vətəndaşlığı olmayan şəxslərin ölkələr üzrə ,Boliviya,2009,27.0
002_4.xls,2.4  Azərbaycana gələn əcnəbilər və vətəndaşlığı olmayan şəxslərin ölkələr üzrə ,Boliviya,2010,53.0
002_4.xls,2.4  Azərbaycana gələn əcnəbilər və vətəndaşlığı olmayan şəxslərin ölkələr üzrə ,Boliviya,2011,36.0
002_4.xls,2.4  Azərbaycana gələn əcnəbilər və vətəndaşlığı olmayan şəxslərin ölkələr üzrə ,Boliviya,2012,34.0
002_4.xls,2.4  Azərbaycana gələn əcnəbilər və vətəndaşlığı olmayan şəxslərin ölkələr üzrə ,Boliviya,2013,55.0
002_4.xls,2.4  Azərbaycana gələn əcnəbilər və vətəndaşlığı olmayan şəxslərin ölkələr üzrə ,Boliviya,2014,42.0
002_4.xls,2.4  Azərbaycana gələn əcnəbilər və vətəndaşlığı olmayan şəxslərin ölkələr üzrə ,Boliviya,2015,27.0
002_4.xls,2.4  Azərbaycana gələn əcnəbilər və vətəndaşlığı olmayan şəxslərin ölkələr üzrə ,Boliviya,2016,53.0
002_4.xls,2.4  Azərbaycana gələn əcnəbilər və vətəndaşlığı olmayan şəxslərin ölkələr üzrə ,Boliviya,2017,59.0
002_4.xls,2.4  Azərbaycana gələn əcnəbilər və vətəndaşlığı olmayan şəxslərin ölkələr üzrə ,Boliviya,2018,79.0
002_4.xls,2.4  Azərbaycana gələn əcnəbilər və vətəndaşlığı olmayan şəxslərin ölkələr üzrə ,Boliviya,2019,85.0
002_4.xls,2.4  Azərbaycana gələn əcnəbilər və vətəndaşlığı olmayan şəxslərin ölkələr üzrə ,Boliviya,2020,10.0
002_4.xls,2.4  Azərbaycana gələn əcnəbilər və vətəndaşlığı olmayan şəxslərin ölkələr üzrə ,Boliviya,2021,8.0
002_4.xls,2.4  Azərbaycana gələn əcnəbilər və vətəndaşlığı olmayan şəxslərin ölkələr üzrə ,Boliviya,2022,23.0
002_4.xls,2.4  Azərbaycana gələn əcnəbilər və vətəndaşlığı olmayan şəxslərin ölkələr üzrə ,Boliviya,2023,45.0
002_4.xls,2.4  Azərbaycana gələn əcnəbilər və vətəndaşlığı olmayan şəxslərin ölkələr üzrə ,Boliviya,2024,82.0
002_4.xls,2.4  Azərbaycana gələn əcnəbilər və vətəndaşlığı olmayan şəxslərin ölkələr üzrə ,Bolqarıstan,2008,1193.0
002_4.xls,2.4  Azərbaycana gələn əcnəbilər və vətəndaşlığı olmayan şəxslərin ölkələr üzrə ,Bolqarıstan,2009,1351.0
002_4.xls,2.4  Azərbaycana gələn əcnəbilər və vətəndaşlığı olmayan şəxslərin ölkələr üzrə ,Bolqarıstan,2010,1638.0
002_4.xls,2.4  Azərbaycana gələn əcnəbilər və vətəndaşlığı olmayan şəxslərin ölkələr üzrə ,Bolqarıstan,2011,1984.0
002_4.xls,2.4  Azərbaycana gələn əcnəbilər və vətəndaşlığı olmayan şəxslərin ölkələr üzrə ,Bolqarıstan,2012,2231.0
002_4.xls,2.4  Azərbaycana gələn əcnəbilər və vətəndaşlığı olmayan şəxslərin ölkələr üzrə ,Bolqarıstan,2013,2028.0
002_4.xls,2.4  Azərbaycana gələn əcnəbilər və vətəndaşlığı olmayan şəxslərin ölkələr üzrə ,Bolqarıstan,2014,2324.0
002_4.xls,2.4  Azərbaycana gələn əcnəbilər və vətəndaşlığı olmayan şəxslərin ölkələr üzrə ,Bolqarıstan,2015,2253.0
002_4.xls,2.4  Azərbaycana gələn əcnəbilər və vətəndaşlığı olmayan şəxslərin ölkələr üzrə ,Bolqarıstan,2016,1531.0
002_4.xls,2.4  Azərbaycana gələn əcnəbilər və vətəndaşlığı olmayan şəxslərin ölkələr üzrə ,Bolqarıstan,2017,1527.0
002_4.xls,2.4  Azərbaycana gələn əcnəbilər və vətəndaşlığı olmayan şəxslərin ölkələr üzrə ,Bolqarıstan,2018,2552.0
002_4.xls,2.4  Azərbaycana gələn əcnəbilər və vətəndaşlığı olmayan şəxslərin ölkələr üzrə ,Bolqarıstan,2019,2497.0
002_4.xls,2.4  Azərbaycana gələn əcnəbilər və vətəndaşlığı olmayan şəxslərin ölkələr üzrə ,Bolqarıstan,2020,365.0
002_4.xls,2.4  Azərbaycana gələn əcnəbilər və vətəndaşlığı olmayan şəxslərin ölkələr üzrə ,Bolqarıstan,2021,394.0
002_4.xls,2.4  Azərbaycana gələn əcnəbilər və vətəndaşlığı olmayan şəxslərin ölkələr üzrə ,Bolqarıstan,2022,913.0
002_4.xls,2.4  Azərbaycana gələn əcnəbilər və vətəndaşlığı olmayan şəxslərin ölkələr üzrə ,Bolqarıstan,2023,1736.0
002_4.xls,2.4  Azərbaycana gələn əcnəbilər və vətəndaşlığı olmayan şəxslərin ölkələr üzrə ,Bolqarıstan,2024,2703.0
002_4.xls,2.4  Azərbaycana gələn əcnəbilər və vətəndaşlığı olmayan şəxslərin ölkələr üzrə ,Bosniya və Hersoqovina,2008,901.0
002_4.xls,2.4  Azərbaycana gələn əcnəbilər və vətəndaşlığı olmayan şəxslərin ölkələr üzrə ,Bosniya və Hersoqovina,2009,1301.0
002_4.xls,2.4  Azərbaycana gələn əcnəbilər və vətəndaşlığı olmayan şəxslərin ölkələr üzrə ,Bosniya və Hersoqovina,2010,276.0
002_4.xls,2.4  Azərbaycana gələn əcnəbilər və vətəndaşlığı olmayan şəxslərin ölkələr üzrə ,Bosniya və Hersoqovina,2011,179.0
002_4.xls,2.4  Azərbaycana gələn əcnəbilər və vətəndaşlığı olmayan şəxslərin ölkələr üzrə ,Bosniya və Hersoqovina,2012,278.0
002_4.xls,2.4  Azərbaycana gələn əcnəbilər və vətəndaşlığı olmayan şəxslərin ölkələr üzrə ,Bosniya və Hersoqovina,2013,254.0
002_4.xls,2.4  Azərbaycana gələn əcnəbilər və vətəndaşlığı olmayan şəxslərin ölkələr üzrə ,Bosniya və Hersoqovina,2014,275.0
002_4.xls,2.4  Azərbaycana gələn əcnəbilər və vətəndaşlığı olmayan şəxslərin ölkələr üzrə ,Bosniya və Hersoqovina,2015,335.0
002_4.xls,2.4  Azərbaycana gələn əcnəbilər və vətəndaşlığı olmayan şəxslərin ölkələr üzrə ,Bosniya və Hersoqovina,2016,257.0
002_4.xls,2.4  Azərbaycana gələn əcnəbilər və vətəndaşlığı olmayan şəxslərin ölkələr üzrə ,Bosniya və Hersoqovina,2017,321.0
002_4.xls,2.4  Azərbaycana gələn əcnəbilər və vətəndaşlığı olmayan şəxslərin ölkələr üzrə ,Bosniya və Hersoqovina,2018,314.0
002_4.xls,2.4  Azərbaycana gələn əcnəbilər və vətəndaşlığı olmayan şəxslərin ölkələr üzrə ,Bosniya və Hersoqovina,2019,355.0
002_4.xls,2.4  Azərbaycana gələn əcnəbilər və vətəndaşlığı olmayan şəxslərin ölkələr üzrə ,Bosniya və Hersoqovina,2020,50.0
002_4.xls,2.4  Azərbaycana gələn əcnəbilər və vətəndaşlığı olmayan şəxslərin ölkələr üzrə ,Bosniya və Hersoqovina,2021,101.0
002_4.xls,2.4  Azərbaycana gələn əcnəbilər və vətəndaşlığı olmayan şəxslərin ölkələr üzrə ,Bosniya və Hersoqovina,2022,202.0
002_4.xls,2.4  Azərbaycana gələn əcnəbilər və vətəndaşlığı olmayan şəxslərin ölkələr üzrə ,Bosniya və Hersoqovina,2023,483.0
002_4.xls,2.4  Azərbaycana gələn əcnəbilər və vətəndaşlığı olmayan şəxslərin ölkələr üzrə ,Bosniya və Hersoqovina,2024,525.0
002_4.xls,2.4  Azərbaycana gələn əcnəbilər və vətəndaşlığı olmayan şəxslərin ölkələr üzrə ,Böyük Britaniya,2008,29362.0
002_4.xls,2.4  Azərbaycana gələn əcnəbilər və vətəndaşlığı olmayan şəxslərin ölkələr üzrə ,Böyük Britaniya,2009,25699.0
002_4.xls,2.4  Azərbaycana gələn əcnəbilər və vətəndaşlığı olmayan şəxslərin ölkələr üzrə ,Böyük Britaniya,2010,24160.0
002_4.xls,2.4  Azərbaycana gələn əcnəbilər və vətəndaşlığı olmayan şəxslərin ölkələr üzrə ,Böyük Britaniya,2011,24646.0
002_4.xls,2.4  Azərbaycana gələn əcnəbilər və vətəndaşlığı olmayan şəxslərin ölkələr üzrə ,Böyük Britaniya,2012,29125.0
002_4.xls,2.4  Azərbaycana gələn əcnəbilər və vətəndaşlığı olmayan şəxslərin ölkələr üzrə ,Böyük Britaniya,2013,32841.0
002_4.xls,2.4  Azərbaycana gələn əcnəbilər və vətəndaşlığı olmayan şəxslərin ölkələr üzrə ,Böyük Britaniya,2014,33563.0
002_4.xls,2.4  Azərbaycana gələn əcnəbilər və vətəndaşlığı olmayan şəxslərin ölkələr üzrə ,Böyük Britaniya,2015,34892.0
002_4.xls,2.4  Azərbaycana gələn əcnəbilər və vətəndaşlığı olmayan şəxslərin ölkələr üzrə ,Böyük Britaniya,2016,29514.0
002_4.xls,2.4  Azərbaycana gələn əcnəbilər və vətəndaşlığı olmayan şəxslərin ölkələr üzrə ,Böyük Britaniya,2017,31751.0
002_4.xls,2.4  Azərbaycana gələn əcnəbilər və vətəndaşlığı olmayan şəxslərin ölkələr üzrə ,Böyük Britaniya,2018,29417.0
002_4.xls,2.4  Azərbaycana gələn əcnəbilər və vətəndaşlığı olmayan şəxslərin ölkələr üzrə ,Böyük Britaniya,2019,36914.0
002_4.xls,2.4  Azərbaycana gələn əcnəbilər və vətəndaşlığı olmayan şəxslərin ölkələr üzrə ,Böyük Britaniya,2020,7051.0
002_4.xls,2.4  Azərbaycana gələn əcnəbilər və vətəndaşlığı olmayan şəxslərin ölkələr üzrə ,Böyük Britaniya,2021,9428.0
002_4.xls,2.4  Azərbaycana gələn əcnəbilər və vətəndaşlığı olmayan şəxslərin ölkələr üzrə ,Böyük Britaniya,2022,17478.0
002_4.xls,2.4  Azərbaycana gələn əcnəbilər və vətəndaşlığı olmayan şəxslərin ölkələr üzrə ,Böyük Britaniya,2023,21562.0
002_4.xls,2.4  Azərbaycana gələn əcnəbilər və vətəndaşlığı olmayan şəxslərin ölkələr üzrə ,Böyük Britaniya,2024,25693.0
002_4.xls,2.4  Azərbaycana gələn əcnəbilər və vətəndaşlığı olmayan şəxslərin ölkələr üzrə ,Braziliya,2008,255.0
002_4.xls,2.4  Azərbaycana gələn əcnəbilər və vətəndaşlığı olmayan şəxslərin ölkələr üzrə ,Braziliya,2009,399.0
002_4.xls,2.4  Azərbaycana gələn əcnəbilər və vətəndaşlığı olmayan şəxslərin ölkələr üzrə ,Braziliya,2010,434.0
002_4.xls,2.4  Azərbaycana gələn əcnəbilər və vətəndaşlığı olmayan şəxslərin ölkələr üzrə ,Braziliya,2011,500.0
002_4.xls,2.4  Azərbaycana gələn əcnəbilər və vətəndaşlığı olmayan şəxslərin ölkələr üzrə ,Braziliya,2012,516.0
002_4.xls,2.4  Azərbaycana gələn əcnəbilər və vətəndaşlığı olmayan şəxslərin ölkələr üzrə ,Braziliya,2013,817.0
002_4.xls,2.4  Azərbaycana gələn əcnəbilər və vətəndaşlığı olmayan şəxslərin ölkələr üzrə ,Braziliya,2014,729.0
002_4.xls,2.4  Azərbaycana gələn əcnəbilər və vətəndaşlığı olmayan şəxslərin ölkələr üzrə ,Braziliya,2015,788.0
002_4.xls,2.4  Azərbaycana gələn əcnəbilər və vətəndaşlığı olmayan şəxslərin ölkələr üzrə ,Braziliya,2016,1028.0
002_4.xls,2.4  Azərbaycana gələn əcnəbilər və vətəndaşlığı olmayan şəxslərin ölkələr üzrə ,Braziliya,2017,1290.0
002_4.xls,2.4  Azərbaycana gələn əcnəbilər və vətəndaşlığı olmayan şəxslərin ölkələr üzrə ,Braziliya,2018,1722.0
002_4.xls,2.4  Azərbaycana gələn əcnəbilər və vətəndaşlığı olmayan şəxslərin ölkələr üzrə ,Braziliya,2019,2106.0
002_4.xls,2.4  Azərbaycana gələn əcnəbilər və vətəndaşlığı olmayan şəxslərin ölkələr üzrə ,Braziliya,2020,279.0
002_4.xls,2.4  Azərbaycana gələn əcnəbilər və vətəndaşlığı olmayan şəxslərin ölkələr üzrə ,Braziliya,2021,418.0
002_4.xls,2.4  Azərbaycana gələn əcnəbilər və vətəndaşlığı olmayan şəxslərin ölkələr üzrə ,Braziliya,2022,1131.0
002_4.xls,2.4  Azərbaycana gələn əcnəbilər və vətəndaşlığı olmayan şəxslərin ölkələr üzrə ,Braziliya,2023,1642.0
002_4.xls,2.4  Azərbaycana gələn əcnəbilər və vətəndaşlığı olmayan şəxslərin ölkələr üzrə ,Braziliya,2024,3758.0
002_4.xls,2.4  Azərbaycana gələn əcnəbilər və vətəndaşlığı olmayan şəxslərin ölkələr üzrə ,Cənubi Afrika,2008,453.0
002_4.xls,2.4  Azərbaycana gələn əcnəbilər və vətəndaşlığı olmayan şəxslərin ölkələr üzrə ,Cənubi Afrika,2009,549.0
002_4.xls,2.4  Azərbaycana gələn əcnəbilər və vətəndaşlığı olmayan şəxslərin ölkələr üzrə ,Cənubi Afrika,2010,716.0
002_4.xls,2.4  Azərbaycana gələn əcnəbilər və vətəndaşlığı olmayan şəxslərin ölkələr üzrə ,Cənubi Afrika,2011,550.0
002_4.xls,2.4  Azərbaycana gələn əcnəbilər və vətəndaşlığı olmayan şəxslərin ölkələr üzrə ,Cənubi Afrika,2012,878.0
002_4.xls,2.4  Azərbaycana gələn əcnəbilər və vətəndaşlığı olmayan şəxslərin ölkələr üzrə ,Cənubi Afrika,2013,916.0
002_4.xls,2.4  Azərbaycana gələn əcnəbilər və vətəndaşlığı olmayan şəxslərin ölkələr üzrə ,Cənubi Afrika,2014,1048.0
002_4.xls,2.4  Azərbaycana gələn əcnəbilər və vətəndaşlığı olmayan şəxslərin ölkələr üzrə ,Cənubi Afrika,2015,709.0
002_4.xls,2.4  Azərbaycana gələn əcnəbilər və vətəndaşlığı olmayan şəxslərin ölkələr üzrə ,Cənubi Afrika,2016,902.0
002_4.xls,2.4  Azərbaycana gələn əcnəbilər və vətəndaşlığı olmayan şəxslərin ölkələr üzrə ,Cənubi Afrika,2017,938.0
002_4.xls,2.4  Azərbaycana gələn əcnəbilər və vətəndaşlığı olmayan şəxslərin ölkələr üzrə ,Cənubi Afrika,2018,1284.0
002_4.xls,2.4  Azərbaycana gələn əcnəbilər və vətəndaşlığı olmayan şəxslərin ölkələr üzrə ,Cənubi Afrika,2019,1326.0
002_4.xls,2.4  Azərbaycana gələn əcnəbilər və vətəndaşlığı olmayan şəxslərin ölkələr üzrə ,Cənubi Afrika,2020,253.0
002_4.xls,2.4  Azərbaycana gələn əcnəbilər və vətəndaşlığı olmayan şəxslərin ölkələr üzrə ,Cənubi Afrika,2021,245.0
002_4.xls,2.4  Azərbaycana gələn əcnəbilər və vətəndaşlığı olmayan şəxslərin ölkələr üzrə ,Cənubi Afrika,2022,832.0
002_4.xls,2.4  Azərbaycana gələn əcnəbilər və vətəndaşlığı olmayan şəxslərin ölkələr üzrə ,Cənubi Afrika,2023,1322.0
002_4.xls,2.4  Azərbaycana gələn əcnəbilər və vətəndaşlığı olmayan şəxslərin ölkələr üzrə ,Cənubi Afrika,2024,1774.0
002_4.xls,2.4  Azərbaycana gələn əcnəbilər və vətəndaşlığı olmayan şəxslərin ölkələr üzrə ,Çexiya Respublikası,2008,784.0
002_4.xls,2.4  Azərbaycana gələn əcnəbilər və vətəndaşlığı olmayan şəxslərin ölkələr üzrə ,Çexiya Respublikası,2009,948.0
002_4.xls,2.4  Azərbaycana gələn əcnəbilər və vətəndaşlığı olmayan şəxslərin ölkələr üzrə ,Çexiya Respublikası,2010,1013.0
002_4.xls,2.4  Azərbaycana gələn əcnəbilər və vətəndaşlığı olmayan şəxslərin ölkələr üzrə ,Çexiya Respublikası,2011,1025.0
002_4.xls,2.4  Azərbaycana gələn əcnəbilər və vətəndaşlığı olmayan şəxslərin ölkələr üzrə ,Çexiya Respublikası,2012,1279.0
002_4.xls,2.4  Azərbaycana gələn əcnəbilər və vətəndaşlığı olmayan şəxslərin ölkələr üzrə ,Çexiya Respublikası,2013,1497.0
002_4.xls,2.4  Azərbaycana gələn əcnəbilər və vətəndaşlığı olmayan şəxslərin ölkələr üzrə ,Çexiya Respublikası,2014,1709.0
002_4.xls,2.4  Azərbaycana gələn əcnəbilər və vətəndaşlığı olmayan şəxslərin ölkələr üzrə ,Çexiya Respublikası,2015,1845.0
002_4.xls,2.4  Azərbaycana gələn əcnəbilər və vətəndaşlığı olmayan şəxslərin ölkələr üzrə ,Çexiya Respublikası,2016,1785.0
002_4.xls,2.4  Azərbaycana gələn əcnəbilər və vətəndaşlığı olmayan şəxslərin ölkələr üzrə ,Çexiya Respublikası,2017,2272.0
002_4.xls,2.4  Azərbaycana gələn əcnəbilər və vətəndaşlığı olmayan şəxslərin ölkələr üzrə ,Çexiya Respublikası,2018,2192.0
002_4.xls,2.4  Azərbaycana gələn əcnəbilər və vətəndaşlığı olmayan şəxslərin ölkələr üzrə ,Çexiya Respublikası,2019,2390.0
002_4.xls,2.4  Azərbaycana gələn əcnəbilər və vətəndaşlığı olmayan şəxslərin ölkələr üzrə ,Çexiya Respublikası,2020,314.0
002_4.xls,2.4  Azərbaycana gələn əcnəbilər və vətəndaşlığı olmayan şəxslərin ölkələr üzrə ,Çexiya Respublikası,2021,704.0
002_4.xls,2.4  Azərbaycana gələn əcnəbilər və vətəndaşlığı olmayan şəxslərin ölkələr üzrə ,Çexiya Respublikası,2022,1142.0
002_4.xls,2.4  Azərbaycana gələn əcnəbilər və vətəndaşlığı olmayan şəxslərin ölkələr üzrə ,Çexiya Respublikası,2023,2002.0
002_4.xls,2.4  Azərbaycana gələn əcnəbilər və vətəndaşlığı olmayan şəxslərin ölkələr üzrə ,Çexiya Respublikası,2024,2679.0
002_4.xls,2.4  Azərbaycana gələn əcnəbilər və vətəndaşlığı olmayan şəxslərin ölkələr üzrə ,Çili,2008,35.0
002_4.xls,2.4  Azərbaycana gələn əcnəbilər və vətəndaşlığı olmayan şəxslərin ölkələr üzrə ,Çili,2009,13.0
002_4.xls,2.4  Azərbaycana gələn əcnəbilər və vətəndaşlığı olmayan şəxslərin ölkələr üzrə ,Çili,2010,28.0
002_4.xls,2.4  Azərbaycana gələn əcnəbilər və vətəndaşlığı olmayan şəxslərin ölkələr üzrə ,Çili,2011,35.0
002_4.xls,2.4  Azərbaycana gələn əcnəbilər və vətəndaşlığı olmayan şəxslərin ölkələr üzrə ,Çili,2012,66.0
002_4.xls,2.4  Azərbaycana gələn əcnəbilər və vətəndaşlığı olmayan şəxslərin ölkələr üzrə ,Çili,2013,96.0
002_4.xls,2.4  Azərbaycana gələn əcnəbilər və vətəndaşlığı olmayan şəxslərin ölkələr üzrə ,Çili,2014,90.0
002_4.xls,2.4  Azərbaycana gələn əcnəbilər və vətəndaşlığı olmayan şəxslərin ölkələr üzrə ,Çili,2015,67.0
002_4.xls,2.4  Azərbaycana gələn əcnəbilər və vətəndaşlığı olmayan şəxslərin ölkələr üzrə ,Çili,2016,77.0
002_4.xls,2.4  Azərbaycana gələn əcnəbilər və vətəndaşlığı olmayan şəxslərin ölkələr üzrə ,Çili,2017,166.0
002_4.xls,2.4  Azərbaycana gələn əcnəbilər və vətəndaşlığı olmayan şəxslərin ölkələr üzrə ,Çili,2018,115.0
002_4.xls,2.4  Azərbaycana gələn əcnəbilər və vətəndaşlığı olmayan şəxslərin ölkələr üzrə ,Çili,2019,160.0
002_4.xls,2.4  Azərbaycana gələn əcnəbilər və vətəndaşlığı olmayan şəxslərin ölkələr üzrə ,Çili,2020,27.0
002_4.xls,2.4  Azərbaycana gələn əcnəbilər və vətəndaşlığı olmayan şəxslərin ölkələr üzrə ,Çili,2021,21.0
002_4.xls,2.4  Azərbaycana gələn əcnəbilər və vətəndaşlığı olmayan şəxslərin ölkələr üzrə ,Çili,2022,68.0
002_4.xls,2.4  Azərbaycana gələn əcnəbilər və vətəndaşlığı olmayan şəxslərin ölkələr üzrə ,Çili,2023,145.0
002_4.xls,2.4  Azərbaycana gələn əcnəbilər və vətəndaşlığı olmayan şəxslərin ölkələr üzrə ,Çili,2024,266.0
002_4.xls,2.4  Azərbaycana gələn əcnəbilər və vətəndaşlığı olmayan şəxslərin ölkələr üzrə ,Çin,2008,7138.0
002_4.xls,2.4  Azərbaycana gələn əcnəbilər və vətəndaşlığı olmayan şəxslərin ölkələr üzrə ,Çin,2009,6322.0
002_4.xls,2.4  Azərbaycana gələn əcnəbilər və vətəndaşlığı olmayan şəxslərin ölkələr üzrə ,Çin,2010,5846.0
002_4.xls,2.4  Azərbaycana gələn əcnəbilər və vətəndaşlığı olmayan şəxslərin ölkələr üzrə ,Çin,2011,6224.0
002_4.xls,2.4  Azərbaycana gələn əcnəbilər və vətəndaşlığı olmayan şəxslərin ölkələr üzrə ,Çin,2012,5060.0
002_4.xls,2.4  Azərbaycana gələn əcnəbilər və vətəndaşlığı olmayan şəxslərin ölkələr üzrə ,Çin,2013,6465.0
002_4.xls,2.4  Azərbaycana gələn əcnəbilər və vətəndaşlığı olmayan şəxslərin ölkələr üzrə ,Çin,2014,5930.0
002_4.xls,2.4  Azərbaycana gələn əcnəbilər və vətəndaşlığı olmayan şəxslərin ölkələr üzrə ,Çin,2015,5094.0
002_4.xls,2.4  Azərbaycana gələn əcnəbilər və vətəndaşlığı olmayan şəxslərin ölkələr üzrə ,Çin,2016,7363.0
002_4.xls,2.4  Azərbaycana gələn əcnəbilər və vətəndaşlığı olmayan şəxslərin ölkələr üzrə ,Çin,2017,10274.0
002_4.xls,2.4  Azərbaycana gələn əcnəbilər və vətəndaşlığı olmayan şəxslərin ölkələr üzrə ,Çin,2018,15730.0
002_4.xls,2.4  Azərbaycana gələn əcnəbilər və vətəndaşlığı olmayan şəxslərin ölkələr üzrə ,Çin,2019,25542.0
002_4.xls,2.4  Azərbaycana gələn əcnəbilər və vətəndaşlığı olmayan şəxslərin ölkələr üzrə ,Çin,2020,1532.0
002_4.xls,2.4  Azərbaycana gələn əcnəbilər və vətəndaşlığı olmayan şəxslərin ölkələr üzrə ,Çin,2021,1781.0
002_4.xls,2.4  Azərbaycana gələn əcnəbilər və vətəndaşlığı olmayan şəxslərin ölkələr üzrə ,Çin,2022,3548.0
002_4.xls,2.4  Azərbaycana gələn əcnəbilər və vətəndaşlığı olmayan şəxslərin ölkələr üzrə ,Çin,2023,23154.0
002_4.xls,2.4  Azərbaycana gələn əcnəbilər və vətəndaşlığı olmayan şəxslərin ölkələr üzrə ,Çin,2024,44798.0
002_4.xls,2.4  Azərbaycana gələn əcnəbilər və vətəndaşlığı olmayan şəxslərin ölkələr üzrə ,Danimarka,2008,682.0
002_4.xls,2.4  Azərbaycana gələn əcnəbilər və vətəndaşlığı olmayan şəxslərin ölkələr üzrə ,Danimarka,2009,688.0
002_4.xls,2.4  Azərbaycana gələn əcnəbilər və vətəndaşlığı olmayan şəxslərin ölkələr üzrə ,Danimarka,2010,745.0
002_4.xls,2.4  Azərbaycana gələn əcnəbilər və vətəndaşlığı olmayan şəxslərin ölkələr üzrə ,Danimarka,2011,870.0
002_4.xls,2.4  Azərbaycana gələn əcnəbilər və vətəndaşlığı olmayan şəxslərin ölkələr üzrə ,Danimarka,2012,1099.0
002_4.xls,2.4  Azərbaycana gələn əcnəbilər və vətəndaşlığı olmayan şəxslərin ölkələr üzrə ,Danimarka,2013,1087.0
002_4.xls,2.4  Azərbaycana gələn əcnəbilər və vətəndaşlığı olmayan şəxslərin ölkələr üzrə ,Danimarka,2014,1027.0
002_4.xls,2.4  Azərbaycana gələn əcnəbilər və vətəndaşlığı olmayan şəxslərin ölkələr üzrə ,Danimarka,2015,1178.0
002_4.xls,2.4  Azərbaycana gələn əcnəbilər və vətəndaşlığı olmayan şəxslərin ölkələr üzrə ,Danimarka,2016,1060.0
002_4.xls,2.4  Azərbaycana gələn əcnəbilər və vətəndaşlığı olmayan şəxslərin ölkələr üzrə ,Danimarka,2017,1392.0
002_4.xls,2.4  Azərbaycana gələn əcnəbilər və vətəndaşlığı olmayan şəxslərin ölkələr üzrə ,Danimarka,2018,1508.0
002_4.xls,2.4  Azərbaycana gələn əcnəbilər və vətəndaşlığı olmayan şəxslərin ölkələr üzrə ,Danimarka,2019,1982.0
002_4.xls,2.4  Azərbaycana gələn əcnəbilər və vətəndaşlığı olmayan şəxslərin ölkələr üzrə ,Danimarka,2020,443.0
002_4.xls,2.4  Azərbaycana gələn əcnəbilər və vətəndaşlığı olmayan şəxslərin ölkələr üzrə ,Danimarka,2021,1743.0
002_4.xls,2.4  Azərbaycana gələn əcnəbilər və vətəndaşlığı olmayan şəxslərin ölkələr üzrə ,Danimarka,2022,847.0
002_4.xls,2.4  Azərbaycana gələn əcnəbilər və vətəndaşlığı olmayan şəxslərin ölkələr üzrə ,Danimarka,2023,1264.0
002_4.xls,2.4  Azərbaycana gələn əcnəbilər və vətəndaşlığı olmayan şəxslərin ölkələr üzrə ,Danimarka,2024,1960.0
002_4.xls,2.4  Azərbaycana gələn əcnəbilər və vətəndaşlığı olmayan şəxslərin ölkələr üzrə ,Əfqanıstan,2008,443.0
002_4.xls,2.4  Azərbaycana gələn əcnəbilər və vətəndaşlığı olmayan şəxslərin ölkələr üzrə ,Əfqanıstan,2009,303.0
002_4.xls,2.4  Azərbaycana gələn əcnəbilər və vətəndaşlığı olmayan şəxslərin ölkələr üzrə ,Əfqanıstan,2010,194.0
002_4.xls,2.4  Azərbaycana gələn əcnəbilər və vətəndaşlığı olmayan şəxslərin ölkələr üzrə ,Əfqanıstan,2011,270.0
002_4.xls,2.4  Azərbaycana gələn əcnəbilər və vətəndaşlığı olmayan şəxslərin ölkələr üzrə ,Əfqanıstan,2012,393.0
002_4.xls,2.4  Azərbaycana gələn əcnəbilər və vətəndaşlığı olmayan şəxslərin ölkələr üzrə ,Əfqanıstan,2013,636.0
002_4.xls,2.4  Azərbaycana gələn əcnəbilər və vətəndaşlığı olmayan şəxslərin ölkələr üzrə ,Əfqanıstan,2014,674.0
002_4.xls,2.4  Azərbaycana gələn əcnəbilər və vətəndaşlığı olmayan şəxslərin ölkələr üzrə ,Əfqanıstan,2015,545.0
002_4.xls,2.4  Azərbaycana gələn əcnəbilər və vətəndaşlığı olmayan şəxslərin ölkələr üzrə ,Əfqanıstan,2016,535.0
002_4.xls,2.4  Azərbaycana gələn əcnəbilər və vətəndaşlığı olmayan şəxslərin ölkələr üzrə ,Əfqanıstan,2017,707.0
002_4.xls,2.4  Azərbaycana gələn əcnəbilər və vətəndaşlığı olmayan şəxslərin ölkələr üzrə ,Əfqanıstan,2018,1144.0
002_4.xls,2.4  Azərbaycana gələn əcnəbilər və vətəndaşlığı olmayan şəxslərin ölkələr üzrə ,Əfqanıstan,2019,1296.0
002_4.xls,2.4  Azərbaycana gələn əcnəbilər və vətəndaşlığı olmayan şəxslərin ölkələr üzrə ,Əfqanıstan,2020,187.0
002_4.xls,2.4  Azərbaycana gələn əcnəbilər və vətəndaşlığı olmayan şəxslərin ölkələr üzrə ,Əfqanıstan,2021,149.0
002_4.xls,2.4  Azərbaycana gələn əcnəbilər və vətəndaşlığı olmayan şəxslərin ölkələr üzrə ,Əfqanıstan,2022,328.0
002_4.xls,2.4  Azərbaycana gələn əcnəbilər və vətəndaşlığı olmayan şəxslərin ölkələr üzrə ,Əfqanıstan,2023,349.0
002_4.xls,2.4  Azərbaycana gələn əcnəbilər və vətəndaşlığı olmayan şəxslərin ölkələr üzrə ,Əfqanıstan,2024,120.0
002_4.xls,2.4  Azərbaycana gələn əcnəbilər və vətəndaşlığı olmayan şəxslərin ölkələr üzrə ,Əlcəzair,2008,137.0
002_4.xls,2.4  Azərbaycana gələn əcnəbilər və vətəndaşlığı olmayan şəxslərin ölkələr üzrə ,Əlcəzair,2009,213.0
002_4.xls,2.4  Azərbaycana gələn əcnəbilər və vətəndaşlığı olmayan şəxslərin ölkələr üzrə ,Əlcəzair,2010,229.0
002_4.xls,2.4  Azərbaycana gələn əcnəbilər və vətəndaşlığı olmayan şəxslərin ölkələr üzrə ,Əlcəzair,2011,180.0
002_4.xls,2.4  Azərbaycana gələn əcnəbilər və vətəndaşlığı olmayan şəxslərin ölkələr üzrə ,Əlcəzair,2012,135.0
002_4.xls,2.4  Azərbaycana gələn əcnəbilər və vətəndaşlığı olmayan şəxslərin ölkələr üzrə ,Əlcəzair,2013,197.0
002_4.xls,2.4  Azərbaycana gələn əcnəbilər və vətəndaşlığı olmayan şəxslərin ölkələr üzrə ,Əlcəzair,2014,121.0
002_4.xls,2.4  Azərbaycana gələn əcnəbilər və vətəndaşlığı olmayan şəxslərin ölkələr üzrə ,Əlcəzair,2015,210.0
002_4.xls,2.4  Azərbaycana gələn əcnəbilər və vətəndaşlığı olmayan şəxslərin ölkələr üzrə ,Əlcəzair,2016,189.0
002_4.xls,2.4  Azərbaycana gələn əcnəbilər və vətəndaşlığı olmayan şəxslərin ölkələr üzrə ,Əlcəzair,2017,473.0
002_4.xls,2.4  Azərbaycana gələn əcnəbilər və vətəndaşlığı olmayan şəxslərin ölkələr üzrə ,Əlcəzair,2018,547.0
002_4.xls,2.4  Azərbaycana gələn əcnəbilər və vətəndaşlığı olmayan şəxslərin ölkələr üzrə ,Əlcəzair,2019,979.0
002_4.xls,2.4  Azərbaycana gələn əcnəbilər və vətəndaşlığı olmayan şəxslərin ölkələr üzrə ,Əlcəzair,2020,175.0
002_4.xls,2.4  Azərbaycana gələn əcnəbilər və vətəndaşlığı olmayan şəxslərin ölkələr üzrə ,Əlcəzair,2021,143.0
002_4.xls,2.4  Azərbaycana gələn əcnəbilər və vətəndaşlığı olmayan şəxslərin ölkələr üzrə ,Əlcəzair,2022,469.0
002_4.xls,2.4  Azərbaycana gələn əcnəbilər və vətəndaşlığı olmayan şəxslərin ölkələr üzrə ,Əlcəzair,2023,1885.0
002_4.xls,2.4  Azərbaycana gələn əcnəbilər və vətəndaşlığı olmayan şəxslərin ölkələr üzrə ,Əlcəzair,2024,3423.0
002_4.xls,2.4  Azərbaycana gələn əcnəbilər və vətəndaşlığı olmayan şəxslərin ölkələr üzrə ,Estoniya,2008,794.0
002_4.xls,2.4  Azərbaycana gələn əcnəbilər və vətəndaşlığı olmayan şəxslərin ölkələr üzrə ,Estoniya,2009,606.0
002_4.xls,2.4  Azərbaycana gələn əcnəbilər və vətəndaşlığı olmayan şəxslərin ölkələr üzrə ,Estoniya,2010,566.0
002_4.xls,2.4  Azərbaycana gələn əcnəbilər və vətəndaşlığı olmayan şəxslərin ölkələr üzrə ,Estoniya,2011,559.0
002_4.xls,2.4  Azərbaycana gələn əcnəbilər və vətəndaşlığı olmayan şəxslərin ölkələr üzrə ,Estoniya,2012,791.0
002_4.xls,2.4  Azərbaycana gələn əcnəbilər və vətəndaşlığı olmayan şəxslərin ölkələr üzrə ,Estoniya,2013,787.0
002_4.xls,2.4  Azərbaycana gələn əcnəbilər və vətəndaşlığı olmayan şəxslərin ölkələr üzrə ,Estoniya,2014,878.0
002_4.xls,2.4  Azərbaycana gələn əcnəbilər və vətəndaşlığı olmayan şəxslərin ölkələr üzrə ,Estoniya,2015,1017.0
002_4.xls,2.4  Azərbaycana gələn əcnəbilər və vətəndaşlığı olmayan şəxslərin ölkələr üzrə ,Estoniya,2016,844.0
002_4.xls,2.4  Azərbaycana gələn əcnəbilər və vətəndaşlığı olmayan şəxslərin ölkələr üzrə ,Estoniya,2017,928.0
002_4.xls,2.4  Azərbaycana gələn əcnəbilər və vətəndaşlığı olmayan şəxslərin ölkələr üzrə ,Estoniya,2018,1163.0
002_4.xls,2.4  Azərbaycana gələn əcnəbilər və vətəndaşlığı olmayan şəxslərin ölkələr üzrə ,Estoniya,2019,1611.0
002_4.xls,2.4  Azərbaycana gələn əcnəbilər və vətəndaşlığı olmayan şəxslərin ölkələr üzrə ,Estoniya,2020,107.0
002_4.xls,2.4  Azərbaycana gələn əcnəbilər və vətəndaşlığı olmayan şəxslərin ölkələr üzrə ,Estoniya,2021,243.0
002_4.xls,2.4  Azərbaycana gələn əcnəbilər və vətəndaşlığı olmayan şəxslərin ölkələr üzrə ,Estoniya,2022,985.0
002_4.xls,2.4  Azərbaycana gələn əcnəbilər və vətəndaşlığı olmayan şəxslərin ölkələr üzrə ,Estoniya,2023,1515.0
002_4.xls,2.4  Azərbaycana gələn əcnəbilər və vətəndaşlığı olmayan şəxslərin ölkələr üzrə ,Estoniya,2024,1798.0
002_4.xls,2.4  Azərbaycana gələn əcnəbilər və vətəndaşlığı olmayan şəxslərin ölkələr üzrə ,Filippin,2008,1505.0
002_4.xls,2.4  Azərbaycana gələn əcnəbilər və vətəndaşlığı olmayan şəxslərin ölkələr üzrə ,Filippin,2009,1216.0
002_4.xls,2.4  Azərbaycana gələn əcnəbilər və vətəndaşlığı olmayan şəxslərin ölkələr üzrə ,Filippin,2010,1153.0
002_4.xls,2.4  Azərbaycana gələn əcnəbilər və vətəndaşlığı olmayan şəxslərin ölkələr üzrə ,Filippin,2011,1003.0
002_4.xls,2.4  Azərbaycana gələn əcnəbilər və vətəndaşlığı olmayan şəxslərin ölkələr üzrə ,Filippin,2012,1322.0
002_4.xls,2.4  Azərbaycana gələn əcnəbilər və vətəndaşlığı olmayan şəxslərin ölkələr üzrə ,Filippin,2013,1445.0
002_4.xls,2.4  Azərbaycana gələn əcnəbilər və vətəndaşlığı olmayan şəxslərin ölkələr üzrə ,Filippin,2014,1488.0
002_4.xls,2.4  Azərbaycana gələn əcnəbilər və vətəndaşlığı olmayan şəxslərin ölkələr üzrə ,Filippin,2015,1613.0
002_4.xls,2.4  Azərbaycana gələn əcnəbilər və vətəndaşlığı olmayan şəxslərin ölkələr üzrə ,Filippin,2016,1889.0
002_4.xls,2.4  Azərbaycana gələn əcnəbilər və vətəndaşlığı olmayan şəxslərin ölkələr üzrə ,Filippin,2017,2575.0
002_4.xls,2.4  Azərbaycana gələn əcnəbilər və vətəndaşlığı olmayan şəxslərin ölkələr üzrə ,Filippin,2018,3698.0
002_4.xls,2.4  Azərbaycana gələn əcnəbilər və vətəndaşlığı olmayan şəxslərin ölkələr üzrə ,Filippin,2019,4607.0
002_4.xls,2.4  Azərbaycana gələn əcnəbilər və vətəndaşlığı olmayan şəxslərin ölkələr üzrə ,Filippin,2020,687.0
002_4.xls,2.4  Azərbaycana gələn əcnəbilər və vətəndaşlığı olmayan şəxslərin ölkələr üzrə ,Filippin,2021,1323.0
002_4.xls,2.4  Azərbaycana gələn əcnəbilər və vətəndaşlığı olmayan şəxslərin ölkələr üzrə ,Filippin,2022,4658.0
002_4.xls,2.4  Azərbaycana gələn əcnəbilər və vətəndaşlığı olmayan şəxslərin ölkələr üzrə ,Filippin,2023,7758.0
002_4.xls,2.4  Azərbaycana gələn əcnəbilər və vətəndaşlığı olmayan şəxslərin ölkələr üzrə ,Filippin,2024,11195.0
002_4.xls,2.4  Azərbaycana gələn əcnəbilər və vətəndaşlığı olmayan şəxslərin ölkələr üzrə ,Finlandiya,2008,973.0
002_4.xls,2.4  Azərbaycana gələn əcnəbilər və vətəndaşlığı olmayan şəxslərin ölkələr üzrə ,Finlandiya,2009,1098.0
002_4.xls,2.4  Azərbaycana gələn əcnəbilər və vətəndaşlığı olmayan şəxslərin ölkələr üzrə ,Finlandiya,2010,1041.0
002_4.xls,2.4  Azərbaycana gələn əcnəbilər və vətəndaşlığı olmayan şəxslərin ölkələr üzrə ,Finlandiya,2011,699.0
002_4.xls,2.4  Azərbaycana gələn əcnəbilər və vətəndaşlığı olmayan şəxslərin ölkələr üzrə ,Finlandiya,2012,902.0
002_4.xls,2.4  Azərbaycana gələn əcnəbilər və vətəndaşlığı olmayan şəxslərin ölkələr üzrə ,Finlandiya,2013,935.0
002_4.xls,2.4  Azərbaycana gələn əcnəbilər və vətəndaşlığı olmayan şəxslərin ölkələr üzrə ,Finlandiya,2014,913.0
002_4.xls,2.4  Azərbaycana gələn əcnəbilər və vətəndaşlığı olmayan şəxslərin ölkələr üzrə ,Finlandiya,2015,1234.0
002_4.xls,2.4  Azərbaycana gələn əcnəbilər və vətəndaşlığı olmayan şəxslərin ölkələr üzrə ,Finlandiya,2016,1016.0
002_4.xls,2.4  Azərbaycana gələn əcnəbilər və vətəndaşlığı olmayan şəxslərin ölkələr üzrə ,Finlandiya,2017,1418.0
002_4.xls,2.4  Azərbaycana gələn əcnəbilər və vətəndaşlığı olmayan şəxslərin ölkələr üzrə ,Finlandiya,2018,1695.0
002_4.xls,2.4  Azərbaycana gələn əcnəbilər və vətəndaşlığı olmayan şəxslərin ölkələr üzrə ,Finlandiya,2019,2146.0
002_4.xls,2.4  Azərbaycana gələn əcnəbilər və vətəndaşlığı olmayan şəxslərin ölkələr üzrə ,Finlandiya,2020,150.0
002_4.xls,2.4  Azərbaycana gələn əcnəbilər və vətəndaşlığı olmayan şəxslərin ölkələr üzrə ,Finlandiya,2021,255.0
002_4.xls,2.4  Azərbaycana gələn əcnəbilər və vətəndaşlığı olmayan şəxslərin ölkələr üzrə ,Finlandiya,2022,640.0
002_4.xls,2.4  Azərbaycana gələn əcnəbilər və vətəndaşlığı olmayan şəxslərin ölkələr üzrə ,Finlandiya,2023,967.0
002_4.xls,2.4  Azərbaycana gələn əcnəbilər və vətəndaşlığı olmayan şəxslərin ölkələr üzrə ,Finlandiya,2024,1176.0
002_4.xls,2.4  Azərbaycana gələn əcnəbilər və vətəndaşlığı olmayan şəxslərin ölkələr üzrə ,Fransa,2008,3833.0
002_4.xls,2.4  Azərbaycana gələn əcnəbilər və vətəndaşlığı olmayan şəxslərin ölkələr üzrə ,Fransa,2009,3994.0
002_4.xls,2.4  Azərbaycana gələn əcnəbilər və vətəndaşlığı olmayan şəxslərin ölkələr üzrə ,Fransa,2010,4128.0
002_4.xls,2.4  Azərbaycana gələn əcnəbilər və vətəndaşlığı olmayan şəxslərin ölkələr üzrə ,Fransa,2011,4799.0
002_4.xls,2.4  Azərbaycana gələn əcnəbilər və vətəndaşlığı olmayan şəxslərin ölkələr üzrə ,Fransa,2012,5870.0
002_4.xls,2.4  Azərbaycana gələn əcnəbilər və vətəndaşlığı olmayan şəxslərin ölkələr üzrə ,Fransa,2013,5919.0
002_4.xls,2.4  Azərbaycana gələn əcnəbilər və vətəndaşlığı olmayan şəxslərin ölkələr üzrə ,Fransa,2014,6858.0
002_4.xls,2.4  Azərbaycana gələn əcnəbilər və vətəndaşlığı olmayan şəxslərin ölkələr üzrə ,Fransa,2015,6637.0
002_4.xls,2.4  Azərbaycana gələn əcnəbilər və vətəndaşlığı olmayan şəxslərin ölkələr üzrə ,Fransa,2016,5785.0
002_4.xls,2.4  Azərbaycana gələn əcnəbilər və vətəndaşlığı olmayan şəxslərin ölkələr üzrə ,Fransa,2017,6959.0
002_4.xls,2.4  Azərbaycana gələn əcnəbilər və vətəndaşlığı olmayan şəxslərin ölkələr üzrə ,Fransa,2018,7903.0
002_4.xls,2.4  Azərbaycana gələn əcnəbilər və vətəndaşlığı olmayan şəxslərin ölkələr üzrə ,Fransa,2019,9101.0
002_4.xls,2.4  Azərbaycana gələn əcnəbilər və vətəndaşlığı olmayan şəxslərin ölkələr üzrə ,Fransa,2020,1506.0
002_4.xls,2.4  Azərbaycana gələn əcnəbilər və vətəndaşlığı olmayan şəxslərin ölkələr üzrə ,Fransa,2021,2278.0
002_4.xls,2.4  Azərbaycana gələn əcnəbilər və vətəndaşlığı olmayan şəxslərin ölkələr üzrə ,Fransa,2022,4724.0
002_4.xls,2.4  Azərbaycana gələn əcnəbilər və vətəndaşlığı olmayan şəxslərin ölkələr üzrə ,Fransa,2023,6133.0
002_4.xls,2.4  Azərbaycana gələn əcnəbilər və vətəndaşlığı olmayan şəxslərin ölkələr üzrə ,Fransa,2024,7360.0
002_4.xls,2.4  Azərbaycana gələn əcnəbilər və vətəndaşlığı olmayan şəxslərin ölkələr üzrə ,Gürcüstan,2008,607875.0
002_4.xls,2.4  Azərbaycana gələn əcnəbilər və vətəndaşlığı olmayan şəxslərin ölkələr üzrə ,Gürcüstan,2009,529613.0
002_4.xls,2.4  Azərbaycana gələn əcnəbilər və vətəndaşlığı olmayan şəxslərin ölkələr üzrə ,Gürcüstan,2010,491942.0
002_4.xls,2.4  Azərbaycana gələn əcnəbilər və vətəndaşlığı olmayan şəxslərin ölkələr üzrə ,Gürcüstan,2011,573063.0
002_4.xls,2.4  Azərbaycana gələn əcnəbilər və vətəndaşlığı olmayan şəxslərin ölkələr üzrə ,Gürcüstan,2012,763251.0
002_4.xls,2.4  Azərbaycana gələn əcnəbilər və vətəndaşlığı olmayan şəxslərin ölkələr üzrə ,Gürcüstan,2013,810390.0
002_4.xls,2.4  Azərbaycana gələn əcnəbilər və vətəndaşlığı olmayan şəxslərin ölkələr üzrə ,Gürcüstan,2014,699532.0
002_4.xls,2.4  Azərbaycana gələn əcnəbilər və vətəndaşlığı olmayan şəxslərin ölkələr üzrə ,Gürcüstan,2015,571648.0
002_4.xls,2.4  Azərbaycana gələn əcnəbilər və vətəndaşlığı olmayan şəxslərin ölkələr üzrə ,Gürcüstan,2016,506306.0
002_4.xls,2.4  Azərbaycana gələn əcnəbilər və vətəndaşlığı olmayan şəxslərin ölkələr üzrə ,Gürcüstan,2017,538213.0
002_4.xls,2.4  Azərbaycana gələn əcnəbilər və vətəndaşlığı olmayan şəxslərin ölkələr üzrə ,Gürcüstan,2018,610556.0
002_4.xls,2.4  Azərbaycana gələn əcnəbilər və vətəndaşlığı olmayan şəxslərin ölkələr üzrə ,Gürcüstan,2019,725465.0
002_4.xls,2.4  Azərbaycana gələn əcnəbilər və vətəndaşlığı olmayan şəxslərin ölkələr üzrə ,Gürcüstan,2020,184228.0
002_4.xls,2.4  Azərbaycana gələn əcnəbilər və vətəndaşlığı olmayan şəxslərin ölkələr üzrə ,Gürcüstan,2021,62666.0
002_4.xls,2.4  Azərbaycana gələn əcnəbilər və vətəndaşlığı olmayan şəxslərin ölkələr üzrə ,Gürcüstan,2022,82206.0
002_4.xls,2.4  Azərbaycana gələn əcnəbilər və vətəndaşlığı olmayan şəxslərin ölkələr üzrə ,Gürcüstan,2023,104450.0
002_4.xls,2.4  Azərbaycana gələn əcnəbilər və vətəndaşlığı olmayan şəxslərin ölkələr üzrə ,Gürcüstan,2024,111300.0
002_4.xls,2.4  Azərbaycana gələn əcnəbilər və vətəndaşlığı olmayan şəxslərin ölkələr üzrə ,Efiopiya Federativ Demokratik Respublikası,2008,30.0
002_4.xls,2.4  Azərbaycana gələn əcnəbilər və vətəndaşlığı olmayan şəxslərin ölkələr üzrə ,Efiopiya Federativ Demokratik Respublikası,2009,36.0
002_4.xls,2.4  Azərbaycana gələn əcnəbilər və vətəndaşlığı olmayan şəxslərin ölkələr üzrə ,Efiopiya Federativ Demokratik Respublikası,2010,30.0
002_4.xls,2.4  Azərbaycana gələn əcnəbilər və vətəndaşlığı olmayan şəxslərin ölkələr üzrə ,Efiopiya Federativ Demokratik Respublikası,2011,22.0
002_4.xls,2.4  Azərbaycana gələn əcnəbilər və vətəndaşlığı olmayan şəxslərin ölkələr üzrə ,Efiopiya Federativ Demokratik Respublikası,2012,30.0
002_4.xls,2.4  Azərbaycana gələn əcnəbilər və vətəndaşlığı olmayan şəxslərin ölkələr üzrə ,Efiopiya Federativ Demokratik Respublikası,2013,29.0
002_4.xls,2.4  Azərbaycana gələn əcnəbilər və vətəndaşlığı olmayan şəxslərin ölkələr üzrə ,Efiopiya Federativ Demokratik Respublikası,2014,28.0
002_4.xls,2.4  Azərbaycana gələn əcnəbilər və vətəndaşlığı olmayan şəxslərin ölkələr üzrə ,Efiopiya Federativ Demokratik Respublikası,2015,23.0
002_4.xls,2.4  Azərbaycana gələn əcnəbilər və vətəndaşlığı olmayan şəxslərin ölkələr üzrə ,Efiopiya Federativ Demokratik Respublikası,2016,197.0
002_4.xls,2.4  Azərbaycana gələn əcnəbilər və vətəndaşlığı olmayan şəxslərin ölkələr üzrə ,Efiopiya Federativ Demokratik Respublikası,2017,118.0
002_4.xls,2.4  Azərbaycana gələn əcnəbilər və vətəndaşlığı olmayan şəxslərin ölkələr üzrə ,Efiopiya Federativ Demokratik Respublikası,2018,72.0
002_4.xls,2.4  Azərbaycana gələn əcnəbilər və vətəndaşlığı olmayan şəxslərin ölkələr üzrə ,Efiopiya Federativ Demokratik Respublikası,2019,80.0
002_4.xls,2.4  Azərbaycana gələn əcnəbilər və vətəndaşlığı olmayan şəxslərin ölkələr üzrə ,Efiopiya Federativ Demokratik Respublikası,2020,28.0
002_4.xls,2.4  Azərbaycana gələn əcnəbilər və vətəndaşlığı olmayan şəxslərin ölkələr üzrə ,Efiopiya Federativ Demokratik Respublikası,2021,71.0
002_4.xls,2.4  Azərbaycana gələn əcnəbilər və vətəndaşlığı olmayan şəxslərin ölkələr üzrə ,Efiopiya Federativ Demokratik Respublikası,2022,174.0
002_4.xls,2.4  Azərbaycana gələn əcnəbilər və vətəndaşlığı olmayan şəxslərin ölkələr üzrə ,Efiopiya Federativ Demokratik Respublikası,2023,190.0
002_4.xls,2.4  Azərbaycana gələn əcnəbilər və vətəndaşlığı olmayan şəxslərin ölkələr üzrə ,Efiopiya Federativ Demokratik Respublikası,2024,459.0
002_4.xls,2.4  Azərbaycana gələn əcnəbilər və vətəndaşlığı olmayan şəxslərin ölkələr üzrə ,Hindistan,2008,4236.0
002_4.xls,2.4  Azərbaycana gələn əcnəbilər və vətəndaşlığı olmayan şəxslərin ölkələr üzrə ,Hindistan,2009,3721.0
002_4.xls,2.4  Azərbaycana gələn əcnəbilər və vətəndaşlığı olmayan şəxslərin ölkələr üzrə ,Hindistan,2010,3755.0
002_4.xls,2.4  Azərbaycana gələn əcnəbilər və vətəndaşlığı olmayan şəxslərin ölkələr üzrə ,Hindistan,2011,3715.0
002_4.xls,2.4  Azərbaycana gələn əcnəbilər və vətəndaşlığı olmayan şəxslərin ölkələr üzrə ,Hindistan,2012,5048.0
002_4.xls,2.4  Azərbaycana gələn əcnəbilər və vətəndaşlığı olmayan şəxslərin ölkələr üzrə ,Hindistan,2013,4791.0
002_4.xls,2.4  Azərbaycana gələn əcnəbilər və vətəndaşlığı olmayan şəxslərin ölkələr üzrə ,Hindistan,2014,4853.0
002_4.xls,2.4  Azərbaycana gələn əcnəbilər və vətəndaşlığı olmayan şəxslərin ölkələr üzrə ,Hindistan,2015,5584.0
002_4.xls,2.4  Azərbaycana gələn əcnəbilər və vətəndaşlığı olmayan şəxslərin ölkələr üzrə ,Hindistan,2016,6012.0
002_4.xls,2.4  Azərbaycana gələn əcnəbilər və vətəndaşlığı olmayan şəxslərin ölkələr üzrə ,Hindistan,2017,14244.0
002_4.xls,2.4  Azərbaycana gələn əcnəbilər və vətəndaşlığı olmayan şəxslərin ölkələr üzrə ,Hindistan,2018,39051.0
002_4.xls,2.4  Azərbaycana gələn əcnəbilər və vətəndaşlığı olmayan şəxslərin ölkələr üzrə ,Hindistan,2019,65118.0
002_4.xls,2.4  Azərbaycana gələn əcnəbilər və vətəndaşlığı olmayan şəxslərin ölkələr üzrə ,Hindistan,2020,12769.0
002_4.xls,2.4  Azərbaycana gələn əcnəbilər və vətəndaşlığı olmayan şəxslərin ölkələr üzrə ,Hindistan,2021,5705.0
002_4.xls,2.4  Azərbaycana gələn əcnəbilər və vətəndaşlığı olmayan şəxslərin ölkələr üzrə ,Hindistan,2022,60731.0
002_4.xls,2.4  Azərbaycana gələn əcnəbilər və vətəndaşlığı olmayan şəxslərin ölkələr üzrə ,Hindistan,2023,117302.0
002_4.xls,2.4  Azərbaycana gələn əcnəbilər və vətəndaşlığı olmayan şəxslərin ölkələr üzrə ,Hindistan,2024,243633.0
002_4.xls,2.4  Azərbaycana gələn əcnəbilər və vətəndaşlığı olmayan şəxslərin ölkələr üzrə ,İndoneziya,2008,378.0
002_4.xls,2.4  Azərbaycana gələn əcnəbilər və vətəndaşlığı olmayan şəxslərin ölkələr üzrə ,İndoneziya,2009,314.0
002_4.xls,2.4  Azərbaycana gələn əcnəbilər və vətəndaşlığı olmayan şəxslərin ölkələr üzrə ,İndoneziya,2010,353.0
002_4.xls,2.4  Azərbaycana gələn əcnəbilər və vətəndaşlığı olmayan şəxslərin ölkələr üzrə ,İndoneziya,2011,440.0
002_4.xls,2.4  Azərbaycana gələn əcnəbilər və vətəndaşlığı olmayan şəxslərin ölkələr üzrə ,İndoneziya,2012,577.0
002_4.xls,2.4  Azərbaycana gələn əcnəbilər və vətəndaşlığı olmayan şəxslərin ölkələr üzrə ,İndoneziya,2013,706.0
002_4.xls,2.4  Azərbaycana gələn əcnəbilər və vətəndaşlığı olmayan şəxslərin ölkələr üzrə ,İndoneziya,2014,686.0
002_4.xls,2.4  Azərbaycana gələn əcnəbilər və vətəndaşlığı olmayan şəxslərin ölkələr üzrə ,İndoneziya,2015,828.0
002_4.xls,2.4  Azərbaycana gələn əcnəbilər və vətəndaşlığı olmayan şəxslərin ölkələr üzrə ,İndoneziya,2016,1285.0
002_4.xls,2.4  Azərbaycana gələn əcnəbilər və vətəndaşlığı olmayan şəxslərin ölkələr üzrə ,İndoneziya,2017,1798.0
002_4.xls,2.4  Azərbaycana gələn əcnəbilər və vətəndaşlığı olmayan şəxslərin ölkələr üzrə ,İndoneziya,2018,2303.0
002_4.xls,2.4  Azərbaycana gələn əcnəbilər və vətəndaşlığı olmayan şəxslərin ölkələr üzrə ,İndoneziya,2019,2193.0
002_4.xls,2.4  Azərbaycana gələn əcnəbilər və vətəndaşlığı olmayan şəxslərin ölkələr üzrə ,İndoneziya,2020,871.0
002_4.xls,2.4  Azərbaycana gələn əcnəbilər və vətəndaşlığı olmayan şəxslərin ölkələr üzrə ,İndoneziya,2021,928.0
002_4.xls,2.4  Azərbaycana gələn əcnəbilər və vətəndaşlığı olmayan şəxslərin ölkələr üzrə ,İndoneziya,2022,868.0
002_4.xls,2.4  Azərbaycana gələn əcnəbilər və vətəndaşlığı olmayan şəxslərin ölkələr üzrə ,İndoneziya,2023,1517.0
002_4.xls,2.4  Azərbaycana gələn əcnəbilər və vətəndaşlığı olmayan şəxslərin ölkələr üzrə ,İndoneziya,2024,2711.0
002_4.xls,2.4  Azərbaycana gələn əcnəbilər və vətəndaşlığı olmayan şəxslərin ölkələr üzrə ,İordaniya,2008,576.0
002_4.xls,2.4  Azərbaycana gələn əcnəbilər və vətəndaşlığı olmayan şəxslərin ölkələr üzrə ,İordaniya,2009,299.0
002_4.xls,2.4  Azərbaycana gələn əcnəbilər və vətəndaşlığı olmayan şəxslərin ölkələr üzrə ,İordaniya,2010,392.0
002_4.xls,2.4  Azərbaycana gələn əcnəbilər və vətəndaşlığı olmayan şəxslərin ölkələr üzrə ,İordaniya,2011,379.0
002_4.xls,2.4  Azərbaycana gələn əcnəbilər və vətəndaşlığı olmayan şəxslərin ölkələr üzrə ,İordaniya,2012,387.0
002_4.xls,2.4  Azərbaycana gələn əcnəbilər və vətəndaşlığı olmayan şəxslərin ölkələr üzrə ,İordaniya,2013,442.0
002_4.xls,2.4  Azərbaycana gələn əcnəbilər və vətəndaşlığı olmayan şəxslərin ölkələr üzrə ,İordaniya,2014,510.0
002_4.xls,2.4  Azərbaycana gələn əcnəbilər və vətəndaşlığı olmayan şəxslərin ölkələr üzrə ,İordaniya,2015,464.0
002_4.xls,2.4  Azərbaycana gələn əcnəbilər və vətəndaşlığı olmayan şəxslərin ölkələr üzrə ,İordaniya,2016,945.0
002_4.xls,2.4  Azərbaycana gələn əcnəbilər və vətəndaşlığı olmayan şəxslərin ölkələr üzrə ,İordaniya,2017,2108.0
002_4.xls,2.4  Azərbaycana gələn əcnəbilər və vətəndaşlığı olmayan şəxslərin ölkələr üzrə ,İordaniya,2018,3573.0
002_4.xls,2.4  Azərbaycana gələn əcnəbilər və vətəndaşlığı olmayan şəxslərin ölkələr üzrə ,İordaniya,2019,4359.0
002_4.xls,2.4  Azərbaycana gələn əcnəbilər və vətəndaşlığı olmayan şəxslərin ölkələr üzrə ,İordaniya,2020,495.0
002_4.xls,2.4  Azərbaycana gələn əcnəbilər və vətəndaşlığı olmayan şəxslərin ölkələr üzrə ,İordaniya,2021,811.0
002_4.xls,2.4  Azərbaycana gələn əcnəbilər və vətəndaşlığı olmayan şəxslərin ölkələr üzrə ,İordaniya,2022,4826.0
002_4.xls,2.4  Azərbaycana gələn əcnəbilər və vətəndaşlığı olmayan şəxslərin ölkələr üzrə ,İordaniya,2023,5116.0
002_4.xls,2.4  Azərbaycana gələn əcnəbilər və vətəndaşlığı olmayan şəxslərin ölkələr üzrə ,İordaniya,2024,7148.0
002_4.xls,2.4  Azərbaycana gələn əcnəbilər və vətəndaşlığı olmayan şəxslərin ölkələr üzrə ,İran,2008,308650.0
002_4.xls,2.4  Azərbaycana gələn əcnəbilər və vətəndaşlığı olmayan şəxslərin ölkələr üzrə ,İran,2009,329913.0
002_4.xls,2.4  Azərbaycana gələn əcnəbilər və vətəndaşlığı olmayan şəxslərin ölkələr üzrə ,İran,2010,349960.0
002_4.xls,2.4  Azərbaycana gələn əcnəbilər və vətəndaşlığı olmayan şəxslərin ölkələr üzrə ,İran,2011,407576.0
002_4.xls,2.4  Azərbaycana gələn əcnəbilər və vətəndaşlığı olmayan şəxslərin ölkələr üzrə ,İran,2012,283739.0
002_4.xls,2.4  Azərbaycana gələn əcnəbilər və vətəndaşlığı olmayan şəxslərin ölkələr üzrə ,İran,2013,143579.0
002_4.xls,2.4  Azərbaycana gələn əcnəbilər və vətəndaşlığı olmayan şəxslərin ölkələr üzrə ,İran,2014,131179.0
002_4.xls,2.4  Azərbaycana gələn əcnəbilər və vətəndaşlığı olmayan şəxslərin ölkələr üzrə ,İran,2015,149600.0
002_4.xls,2.4  Azərbaycana gələn əcnəbilər və vətəndaşlığı olmayan şəxslərin ölkələr üzrə ,İran,2016,248632.0
002_4.xls,2.4  Azərbaycana gələn əcnəbilər və vətəndaşlığı olmayan şəxslərin ölkələr üzrə ,İran,2017,363528.0
002_4.xls,2.4  Azərbaycana gələn əcnəbilər və vətəndaşlığı olmayan şəxslərin ölkələr üzrə ,İran,2018,241124.0
002_4.xls,2.4  Azərbaycana gələn əcnəbilər və vətəndaşlığı olmayan şəxslərin ölkələr üzrə ,İran,2019,255628.0
002_4.xls,2.4  Azərbaycana gələn əcnəbilər və vətəndaşlığı olmayan şəxslərin ölkələr üzrə ,İran,2020,72783.0
002_4.xls,2.4  Azərbaycana gələn əcnəbilər və vətəndaşlığı olmayan şəxslərin ölkələr üzrə ,İran,2021,125358.0
002_4.xls,2.4  Azərbaycana gələn əcnəbilər və vətəndaşlığı olmayan şəxslərin ölkələr üzrə ,İran,2022,170450.0
002_4.xls,2.4  Azərbaycana gələn əcnəbilər və vətəndaşlığı olmayan şəxslərin ölkələr üzrə ,İran,2023,165214.0
002_4.xls,2.4  Azərbaycana gələn əcnəbilər və vətəndaşlığı olmayan şəxslərin ölkələr üzrə ,İran,2024,210081.0
002_4.xls,2.4  Azərbaycana gələn əcnəbilər və vətəndaşlığı olmayan şəxslərin ölkələr üzrə ,İraq,2008,677.0
002_4.xls,2.4  Azərbaycana gələn əcnəbilər və vətəndaşlığı olmayan şəxslərin ölkələr üzrə ,İraq,2009,476.0
002_4.xls,2.4  Azərbaycana gələn əcnəbilər və vətəndaşlığı olmayan şəxslərin ölkələr üzrə ,İraq,2010,549.0
002_4.xls,2.4  Azərbaycana gələn əcnəbilər və vətəndaşlığı olmayan şəxslərin ölkələr üzrə ,İraq,2011,679.0
002_4.xls,2.4  Azərbaycana gələn əcnəbilər və vətəndaşlığı olmayan şəxslərin ölkələr üzrə ,İraq,2012,917.0
002_4.xls,2.4  Azərbaycana gələn əcnəbilər və vətəndaşlığı olmayan şəxslərin ölkələr üzrə ,İraq,2013,991.0
002_4.xls,2.4  Azərbaycana gələn əcnəbilər və vətəndaşlığı olmayan şəxslərin ölkələr üzrə ,İraq,2014,738.0
002_4.xls,2.4  Azərbaycana gələn əcnəbilər və vətəndaşlığı olmayan şəxslərin ölkələr üzrə ,İraq,2015,2147.0
002_4.xls,2.4  Azərbaycana gələn əcnəbilər və vətəndaşlığı olmayan şəxslərin ölkələr üzrə ,İraq,2016,62983.0
002_4.xls,2.4  Azərbaycana gələn əcnəbilər və vətəndaşlığı olmayan şəxslərin ölkələr üzrə ,İraq,2017,62547.0
002_4.xls,2.4  Azərbaycana gələn əcnəbilər və vətəndaşlığı olmayan şəxslərin ölkələr üzrə ,İraq,2018,67514.0
002_4.xls,2.4  Azərbaycana gələn əcnəbilər və vətəndaşlığı olmayan şəxslərin ölkələr üzrə ,İraq,2019,50723.0
002_4.xls,2.4  Azərbaycana gələn əcnəbilər və vətəndaşlığı olmayan şəxslərin ölkələr üzrə ,İraq,2020,5186.0
002_4.xls,2.4  Azərbaycana gələn əcnəbilər və vətəndaşlığı olmayan şəxslərin ölkələr üzrə ,İraq,2021,1019.0
002_4.xls,2.4  Azərbaycana gələn əcnəbilər və vətəndaşlığı olmayan şəxslərin ölkələr üzrə ,İraq,2022,2153.0
002_4.xls,2.4  Azərbaycana gələn əcnəbilər və vətəndaşlığı olmayan şəxslərin ölkələr üzrə ,İraq,2023,2362.0
002_4.xls,2.4  Azərbaycana gələn əcnəbilər və vətəndaşlığı olmayan şəxslərin ölkələr üzrə ,İraq,2024,5320.0
002_4.xls,2.4  Azərbaycana gələn əcnəbilər və vətəndaşlığı olmayan şəxslərin ölkələr üzrə ,İrlandiya,2008,838.0
002_4.xls,2.4  Azərbaycana gələn əcnəbilər və vətəndaşlığı olmayan şəxslərin ölkələr üzrə ,İrlandiya,2009,757.0
002_4.xls,2.4  Azərbaycana gələn əcnəbilər və vətəndaşlığı olmayan şəxslərin ölkələr üzrə ,İrlandiya,2010,961.0
002_4.xls,2.4  Azərbaycana gələn əcnəbilər və vətəndaşlığı olmayan şəxslərin ölkələr üzrə ,İrlandiya,2011,919.0
002_4.xls,2.4  Azərbaycana gələn əcnəbilər və vətəndaşlığı olmayan şəxslərin ölkələr üzrə ,İrlandiya,2012,969.0
002_4.xls,2.4  Azərbaycana gələn əcnəbilər və vətəndaşlığı olmayan şəxslərin ölkələr üzrə ,İrlandiya,2013,1068.0
002_4.xls,2.4  Azərbaycana gələn əcnəbilər və vətəndaşlığı olmayan şəxslərin ölkələr üzrə ,İrlandiya,2014,1326.0
002_4.xls,2.4  Azərbaycana gələn əcnəbilər və vətəndaşlığı olmayan şəxslərin ölkələr üzrə ,İrlandiya,2015,1443.0
002_4.xls,2.4  Azərbaycana gələn əcnəbilər və vətəndaşlığı olmayan şəxslərin ölkələr üzrə ,İrlandiya,2016,1190.0
002_4.xls,2.4  Azərbaycana gələn əcnəbilər və vətəndaşlığı olmayan şəxslərin ölkələr üzrə ,İrlandiya,2017,1523.0
002_4.xls,2.4  Azərbaycana gələn əcnəbilər və vətəndaşlığı olmayan şəxslərin ölkələr üzrə ,İrlandiya,2018,1514.0
002_4.xls,2.4  Azərbaycana gələn əcnəbilər və vətəndaşlığı olmayan şəxslərin ölkələr üzrə ,İrlandiya,2019,2011.0
002_4.xls,2.4  Azərbaycana gələn əcnəbilər və vətəndaşlığı olmayan şəxslərin ölkələr üzrə ,İrlandiya,2020,319.0
002_4.xls,2.4  Azərbaycana gələn əcnəbilər və vətəndaşlığı olmayan şəxslərin ölkələr üzrə ,İrlandiya,2021,658.0
002_4.xls,2.4  Azərbaycana gələn əcnəbilər və vətəndaşlığı olmayan şəxslərin ölkələr üzrə ,İrlandiya,2022,1137.0
002_4.xls,2.4  Azərbaycana gələn əcnəbilər və vətəndaşlığı olmayan şəxslərin ölkələr üzrə ,İrlandiya,2023,1377.0
002_4.xls,2.4  Azərbaycana gələn əcnəbilər və vətəndaşlığı olmayan şəxslərin ölkələr üzrə ,İrlandiya,2024,1955.0
002_4.xls,2.4  Azərbaycana gələn əcnəbilər və vətəndaşlığı olmayan şəxslərin ölkələr üzrə ,Fələstin dövləti,2008,34.0
002_4.xls,2.4  Azərbaycana gələn əcnəbilər və vətəndaşlığı olmayan şəxslərin ölkələr üzrə ,Fələstin dövləti,2009,42.0
002_4.xls,2.4  Azərbaycana gələn əcnəbilər və vətəndaşlığı olmayan şəxslərin ölkələr üzrə ,Fələstin dövləti,2010,25.0
002_4.xls,2.4  Azərbaycana gələn əcnəbilər və vətəndaşlığı olmayan şəxslərin ölkələr üzrə ,Fələstin dövləti,2011,68.0
002_4.xls,2.4  Azərbaycana gələn əcnəbilər və vətəndaşlığı olmayan şəxslərin ölkələr üzrə ,Fələstin dövləti,2012,53.0
002_4.xls,2.4  Azərbaycana gələn əcnəbilər və vətəndaşlığı olmayan şəxslərin ölkələr üzrə ,Fələstin dövləti,2013,69.0
002_4.xls,2.4  Azərbaycana gələn əcnəbilər və vətəndaşlığı olmayan şəxslərin ölkələr üzrə ,Fələstin dövləti,2014,64.0
002_4.xls,2.4  Azərbaycana gələn əcnəbilər və vətəndaşlığı olmayan şəxslərin ölkələr üzrə ,Fələstin dövləti,2015,53.0
002_4.xls,2.4  Azərbaycana gələn əcnəbilər və vətəndaşlığı olmayan şəxslərin ölkələr üzrə ,Fələstin dövləti,2016,236.0
002_4.xls,2.4  Azərbaycana gələn əcnəbilər və vətəndaşlığı olmayan şəxslərin ölkələr üzrə ,Fələstin dövləti,2017,674.0
002_4.xls,2.4  Azərbaycana gələn əcnəbilər və vətəndaşlığı olmayan şəxslərin ölkələr üzrə ,Fələstin dövləti,2018,1716.0
002_4.xls,2.4  Azərbaycana gələn əcnəbilər və vətəndaşlığı olmayan şəxslərin ölkələr üzrə ,Fələstin dövləti,2019,1383.0
002_4.xls,2.4  Azərbaycana gələn əcnəbilər və vətəndaşlığı olmayan şəxslərin ölkələr üzrə ,Fələstin dövləti,2020,120.0
002_4.xls,2.4  Azərbaycana gələn əcnəbilər və vətəndaşlığı olmayan şəxslərin ölkələr üzrə ,Fələstin dövləti,2021,284.0
002_4.xls,2.4  Azərbaycana gələn əcnəbilər və vətəndaşlığı olmayan şəxslərin ölkələr üzrə ,Fələstin dövləti,2022,956.0
002_4.xls,2.4  Azərbaycana gələn əcnəbilər və vətəndaşlığı olmayan şəxslərin ölkələr üzrə ,Fələstin dövləti,2023,1122.0
002_4.xls,2.4  Azərbaycana gələn əcnəbilər və vətəndaşlığı olmayan şəxslərin ölkələr üzrə ,Fələstin dövləti,2024,1290.0
002_4.xls,2.4  Azərbaycana gələn əcnəbilər və vətəndaşlığı olmayan şəxslərin ölkələr üzrə ,İslandiya,2008,64.0
002_4.xls,2.4  Azərbaycana gələn əcnəbilər və vətəndaşlığı olmayan şəxslərin ölkələr üzrə ,İslandiya,2009,219.0
002_4.xls,2.4  Azərbaycana gələn əcnəbilər və vətəndaşlığı olmayan şəxslərin ölkələr üzrə ,İslandiya,2010,170.0
002_4.xls,2.4  Azərbaycana gələn əcnəbilər və vətəndaşlığı olmayan şəxslərin ölkələr üzrə ,İslandiya,2011,384.0
002_4.xls,2.4  Azərbaycana gələn əcnəbilər və vətəndaşlığı olmayan şəxslərin ölkələr üzrə ,İslandiya,2012,651.0
002_4.xls,2.4  Azərbaycana gələn əcnəbilər və vətəndaşlığı olmayan şəxslərin ölkələr üzrə ,İslandiya,2013,700.0
002_4.xls,2.4  Azərbaycana gələn əcnəbilər və vətəndaşlığı olmayan şəxslərin ölkələr üzrə ,İslandiya,2014,828.0
002_4.xls,2.4  Azərbaycana gələn əcnəbilər və vətəndaşlığı olmayan şəxslərin ölkələr üzrə ,İslandiya,2015,773.0
002_4.xls,2.4  Azərbaycana gələn əcnəbilər və vətəndaşlığı olmayan şəxslərin ölkələr üzrə ,İslandiya,2016,368.0
002_4.xls,2.4  Azərbaycana gələn əcnəbilər və vətəndaşlığı olmayan şəxslərin ölkələr üzrə ,İslandiya,2017,298.0
002_4.xls,2.4  Azərbaycana gələn əcnəbilər və vətəndaşlığı olmayan şəxslərin ölkələr üzrə ,İslandiya,2018,285.0
002_4.xls,2.4  Azərbaycana gələn əcnəbilər və vətəndaşlığı olmayan şəxslərin ölkələr üzrə ,İslandiya,2019,285.0
002_4.xls,2.4  Azərbaycana gələn əcnəbilər və vətəndaşlığı olmayan şəxslərin ölkələr üzrə ,İslandiya,2020,594.0
002_4.xls,2.4  Azərbaycana gələn əcnəbilər və vətəndaşlığı olmayan şəxslərin ölkələr üzrə ,İslandiya,2021,479.0
002_4.xls,2.4  Azərbaycana gələn əcnəbilər və vətəndaşlığı olmayan şəxslərin ölkələr üzrə ,İslandiya,2022,337.0
002_4.xls,2.4  Azərbaycana gələn əcnəbilər və vətəndaşlığı olmayan şəxslərin ölkələr üzrə ,İslandiya,2023,164.0
002_4.xls,2.4  Azərbaycana gələn əcnəbilər və vətəndaşlığı olmayan şəxslərin ölkələr üzrə ,İslandiya,2024,427.0
002_4.xls,2.4  Azərbaycana gələn əcnəbilər və vətəndaşlığı olmayan şəxslərin ölkələr üzrə ,İspaniya,2008,696.0
002_4.xls,2.4  Azərbaycana gələn əcnəbilər və vətəndaşlığı olmayan şəxslərin ölkələr üzrə ,İspaniya,2009,936.0
002_4.xls,2.4  Azərbaycana gələn əcnəbilər və vətəndaşlığı olmayan şəxslərin ölkələr üzrə ,İspaniya,2010,1074.0
002_4.xls,2.4  Azərbaycana gələn əcnəbilər və vətəndaşlığı olmayan şəxslərin ölkələr üzrə ,İspaniya,2011,1388.0
002_4.xls,2.4  Azərbaycana gələn əcnəbilər və vətəndaşlığı olmayan şəxslərin ölkələr üzrə ,İspaniya,2012,1685.0
002_4.xls,2.4  Azərbaycana gələn əcnəbilər və vətəndaşlığı olmayan şəxslərin ölkələr üzrə ,İspaniya,2013,2321.0
002_4.xls,2.4  Azərbaycana gələn əcnəbilər və vətəndaşlığı olmayan şəxslərin ölkələr üzrə ,İspaniya,2014,3000.0
002_4.xls,2.4  Azərbaycana gələn əcnəbilər və vətəndaşlığı olmayan şəxslərin ölkələr üzrə ,İspaniya,2015,3355.0
002_4.xls,2.4  Azərbaycana gələn əcnəbilər və vətəndaşlığı olmayan şəxslərin ölkələr üzrə ,İspaniya,2016,2445.0
002_4.xls,2.4  Azərbaycana gələn əcnəbilər və vətəndaşlığı olmayan şəxslərin ölkələr üzrə ,İspaniya,2017,2903.0
002_4.xls,2.4  Azərbaycana gələn əcnəbilər və vətəndaşlığı olmayan şəxslərin ölkələr üzrə ,İspaniya,2018,3807.0
002_4.xls,2.4  Azərbaycana gələn əcnəbilər və vətəndaşlığı olmayan şəxslərin ölkələr üzrə ,İspaniya,2019,4730.0
002_4.xls,2.4  Azərbaycana gələn əcnəbilər və vətəndaşlığı olmayan şəxslərin ölkələr üzrə ,İspaniya,2020,591.0
002_4.xls,2.4  Azərbaycana gələn əcnəbilər və vətəndaşlığı olmayan şəxslərin ölkələr üzrə ,İspaniya,2021,1208.0
002_4.xls,2.4  Azərbaycana gələn əcnəbilər və vətəndaşlığı olmayan şəxslərin ölkələr üzrə ,İspaniya,2022,2410.0
002_4.xls,2.4  Azərbaycana gələn əcnəbilər və vətəndaşlığı olmayan şəxslərin ölkələr üzrə ,İspaniya,2023,3783.0
002_4.xls,2.4  Azərbaycana gələn əcnəbilər və vətəndaşlığı olmayan şəxslərin ölkələr üzrə ,İspaniya,2024,7603.0
002_4.xls,2.4  Azərbaycana gələn əcnəbilər və vətəndaşlığı olmayan şəxslərin ölkələr üzrə ,İsrail,2008,6233.0
002_4.xls,2.4  Azərbaycana gələn əcnəbilər və vətəndaşlığı olmayan şəxslərin ölkələr üzrə ,İsrail,2009,6516.0
002_4.xls,2.4  Azərbaycana gələn əcnəbilər və vətəndaşlığı olmayan şəxslərin ölkələr üzrə ,İsrail,2010,6346.0
002_4.xls,2.4  Azərbaycana gələn əcnəbilər və vətəndaşlığı olmayan şəxslərin ölkələr üzrə ,İsrail,2011,5671.0
002_4.xls,2.4  Azərbaycana gələn əcnəbilər və vətəndaşlığı olmayan şəxslərin ölkələr üzrə ,İsrail,2012,6369.0
002_4.xls,2.4  Azərbaycana gələn əcnəbilər və vətəndaşlığı olmayan şəxslərin ölkələr üzrə ,İsrail,2013,6989.0
002_4.xls,2.4  Azərbaycana gələn əcnəbilər və vətəndaşlığı olmayan şəxslərin ölkələr üzrə ,İsrail,2014,7534.0
002_4.xls,2.4  Azərbaycana gələn əcnəbilər və vətəndaşlığı olmayan şəxslərin ölkələr üzrə ,İsrail,2015,8325.0
002_4.xls,2.4  Azərbaycana gələn əcnəbilər və vətəndaşlığı olmayan şəxslərin ölkələr üzrə ,İsrail,2016,10814.0
002_4.xls,2.4  Azərbaycana gələn əcnəbilər və vətəndaşlığı olmayan şəxslərin ölkələr üzrə ,İsrail,2017,15385.0
002_4.xls,2.4  Azərbaycana gələn əcnəbilər və vətəndaşlığı olmayan şəxslərin ölkələr üzrə ,İsrail,2018,40158.0
002_4.xls,2.4  Azərbaycana gələn əcnəbilər və vətəndaşlığı olmayan şəxslərin ölkələr üzrə ,İsrail,2019,47056.0
002_4.xls,2.4  Azərbaycana gələn əcnəbilər və vətəndaşlığı olmayan şəxslərin ölkələr üzrə ,İsrail,2020,4238.0
002_4.xls,2.4  Azərbaycana gələn əcnəbilər və vətəndaşlığı olmayan şəxslərin ölkələr üzrə ,İsrail,2021,6655.0
002_4.xls,2.4  Azərbaycana gələn əcnəbilər və vətəndaşlığı olmayan şəxslərin ölkələr üzrə ,İsrail,2022,23933.0
002_4.xls,2.4  Azərbaycana gələn əcnəbilər və vətəndaşlığı olmayan şəxslərin ölkələr üzrə ,İsrail,2023,29091.0
002_4.xls,2.4  Azərbaycana gələn əcnəbilər və vətəndaşlığı olmayan şəxslərin ölkələr üzrə ,İsrail,2024,28954.0
002_4.xls,2.4  Azərbaycana gələn əcnəbilər və vətəndaşlığı olmayan şəxslərin ölkələr üzrə ,İsveç,2008,1385.0
002_4.xls,2.4  Azərbaycana gələn əcnəbilər və vətəndaşlığı olmayan şəxslərin ölkələr üzrə ,İsveç,2009,1126.0
002_4.xls,2.4  Azərbaycana gələn əcnəbilər və vətəndaşlığı olmayan şəxslərin ölkələr üzrə ,İsveç,2010,1357.0
002_4.xls,2.4  Azərbaycana gələn əcnəbilər və vətəndaşlığı olmayan şəxslərin ölkələr üzrə ,İsveç,2011,1274.0
002_4.xls,2.4  Azərbaycana gələn əcnəbilər və vətəndaşlığı olmayan şəxslərin ölkələr üzrə ,İsveç,2012,2012.0
002_4.xls,2.4  Azərbaycana gələn əcnəbilər və vətəndaşlığı olmayan şəxslərin ölkələr üzrə ,İsveç,2013,1857.0
002_4.xls,2.4  Azərbaycana gələn əcnəbilər və vətəndaşlığı olmayan şəxslərin ölkələr üzrə ,İsveç,2014,1874.0
002_4.xls,2.4  Azərbaycana gələn əcnəbilər və vətəndaşlığı olmayan şəxslərin ölkələr üzrə ,İsveç,2015,1955.0
002_4.xls,2.4  Azərbaycana gələn əcnəbilər və vətəndaşlığı olmayan şəxslərin ölkələr üzrə ,İsveç,2016,2003.0
002_4.xls,2.4  Azərbaycana gələn əcnəbilər və vətəndaşlığı olmayan şəxslərin ölkələr üzrə ,İsveç,2017,2616.0
002_4.xls,2.4  Azərbaycana gələn əcnəbilər və vətəndaşlığı olmayan şəxslərin ölkələr üzrə ,İsveç,2018,3042.0
002_4.xls,2.4  Azərbaycana gələn əcnəbilər və vətəndaşlığı olmayan şəxslərin ölkələr üzrə ,İsveç,2019,3457.0
002_4.xls,2.4  Azərbaycana gələn əcnəbilər və vətəndaşlığı olmayan şəxslərin ölkələr üzrə ,İsveç,2020,495.0
002_4.xls,2.4  Azərbaycana gələn əcnəbilər və vətəndaşlığı olmayan şəxslərin ölkələr üzrə ,İsveç,2021,781.0
002_4.xls,2.4  Azərbaycana gələn əcnəbilər və vətəndaşlığı olmayan şəxslərin ölkələr üzrə ,İsveç,2022,1885.0
002_4.xls,2.4  Azərbaycana gələn əcnəbilər və vətəndaşlığı olmayan şəxslərin ölkələr üzrə ,İsveç,2023,2507.0
002_4.xls,2.4  Azərbaycana gələn əcnəbilər və vətəndaşlığı olmayan şəxslərin ölkələr üzrə ,İsveç,2024,3316.0
002_4.xls,2.4  Azərbaycana gələn əcnəbilər və vətəndaşlığı olmayan şəxslərin ölkələr üzrə ,İsveçrə,2008,1022.0
002_4.xls,2.4  Azərbaycana gələn əcnəbilər və vətəndaşlığı olmayan şəxslərin ölkələr üzrə ,İsveçrə,2009,1429.0
002_4.xls,2.4  Azərbaycana gələn əcnəbilər və vətəndaşlığı olmayan şəxslərin ölkələr üzrə ,İsveçrə,2010,1227.0
002_4.xls,2.4  Azərbaycana gələn əcnəbilər və vətəndaşlığı olmayan şəxslərin ölkələr üzrə ,İsveçrə,2011,1246.0
002_4.xls,2.4  Azərbaycana gələn əcnəbilər və vətəndaşlığı olmayan şəxslərin ölkələr üzrə ,İsveçrə,2012,1707.0
002_4.xls,2.4  Azərbaycana gələn əcnəbilər və vətəndaşlığı olmayan şəxslərin ölkələr üzrə ,İsveçrə,2013,1600.0
002_4.xls,2.4  Azərbaycana gələn əcnəbilər və vətəndaşlığı olmayan şəxslərin ölkələr üzrə ,İsveçrə,2014,1774.0
002_4.xls,2.4  Azərbaycana gələn əcnəbilər və vətəndaşlığı olmayan şəxslərin ölkələr üzrə ,İsveçrə,2015,2129.0
002_4.xls,2.4  Azərbaycana gələn əcnəbilər və vətəndaşlığı olmayan şəxslərin ölkələr üzrə ,İsveçrə,2016,1672.0
002_4.xls,2.4  Azərbaycana gələn əcnəbilər və vətəndaşlığı olmayan şəxslərin ölkələr üzrə ,İsveçrə,2017,1870.0
002_4.xls,2.4  Azərbaycana gələn əcnəbilər və vətəndaşlığı olmayan şəxslərin ölkələr üzrə ,İsveçrə,2018,2517.0
002_4.xls,2.4  Azərbaycana gələn əcnəbilər və vətəndaşlığı olmayan şəxslərin ölkələr üzrə ,İsveçrə,2019,3215.0
002_4.xls,2.4  Azərbaycana gələn əcnəbilər və vətəndaşlığı olmayan şəxslərin ölkələr üzrə ,İsveçrə,2020,377.0
002_4.xls,2.4  Azərbaycana gələn əcnəbilər və vətəndaşlığı olmayan şəxslərin ölkələr üzrə ,İsveçrə,2021,1134.0
002_4.xls,2.4  Azərbaycana gələn əcnəbilər və vətəndaşlığı olmayan şəxslərin ölkələr üzrə ,İsveçrə,2022,1352.0
002_4.xls,2.4  Azərbaycana gələn əcnəbilər və vətəndaşlığı olmayan şəxslərin ölkələr üzrə ,İsveçrə,2023,2006.0
002_4.xls,2.4  Azərbaycana gələn əcnəbilər və vətəndaşlığı olmayan şəxslərin ölkələr üzrə ,İsveçrə,2024,2522.0
002_4.xls,2.4  Azərbaycana gələn əcnəbilər və vətəndaşlığı olmayan şəxslərin ölkələr üzrə ,İtaliya,2008,3762.0
002_4.xls,2.4  Azərbaycana gələn əcnəbilər və vətəndaşlığı olmayan şəxslərin ölkələr üzrə ,İtaliya,2009,4066.0
002_4.xls,2.4  Azərbaycana gələn əcnəbilər və vətəndaşlığı olmayan şəxslərin ölkələr üzrə ,İtaliya,2010,4732.0
002_4.xls,2.4  Azərbaycana gələn əcnəbilər və vətəndaşlığı olmayan şəxslərin ölkələr üzrə ,İtaliya,2011,4857.0
002_4.xls,2.4  Azərbaycana gələn əcnəbilər və vətəndaşlığı olmayan şəxslərin ölkələr üzrə ,İtaliya,2012,6767.0
002_4.xls,2.4  Azərbaycana gələn əcnəbilər və vətəndaşlığı olmayan şəxslərin ölkələr üzrə ,İtaliya,2013,8566.0
002_4.xls,2.4  Azərbaycana gələn əcnəbilər və vətəndaşlığı olmayan şəxslərin ölkələr üzrə ,İtaliya,2014,9605.0
002_4.xls,2.4  Azərbaycana gələn əcnəbilər və vətəndaşlığı olmayan şəxslərin ölkələr üzrə ,İtaliya,2015,10379.0
002_4.xls,2.4  Azərbaycana gələn əcnəbilər və vətəndaşlığı olmayan şəxslərin ölkələr üzrə ,İtaliya,2016,8654.0
002_4.xls,2.4  Azərbaycana gələn əcnəbilər və vətəndaşlığı olmayan şəxslərin ölkələr üzrə ,İtaliya,2017,10133.0
002_4.xls,2.4  Azərbaycana gələn əcnəbilər və vətəndaşlığı olmayan şəxslərin ölkələr üzrə ,İtaliya,2018,11035.0
002_4.xls,2.4  Azərbaycana gələn əcnəbilər və vətəndaşlığı olmayan şəxslərin ölkələr üzrə ,İtaliya,2019,12259.0
002_4.xls,2.4  Azərbaycana gələn əcnəbilər və vətəndaşlığı olmayan şəxslərin ölkələr üzrə ,İtaliya,2020,2820.0
002_4.xls,2.4  Azərbaycana gələn əcnəbilər və vətəndaşlığı olmayan şəxslərin ölkələr üzrə ,İtaliya,2021,3498.0
002_4.xls,2.4  Azərbaycana gələn əcnəbilər və vətəndaşlığı olmayan şəxslərin ölkələr üzrə ,İtaliya,2022,6215.0
002_4.xls,2.4  Azərbaycana gələn əcnəbilər və vətəndaşlığı olmayan şəxslərin ölkələr üzrə ,İtaliya,2023,10058.0
002_4.xls,2.4  Azərbaycana gələn əcnəbilər və vətəndaşlığı olmayan şəxslərin ölkələr üzrə ,İtaliya,2024,13584.0
002_4.xls,2.4  Azərbaycana gələn əcnəbilər və vətəndaşlığı olmayan şəxslərin ölkələr üzrə ,Kamerun,2008,42.0
002_4.xls,2.4  Azərbaycana gələn əcnəbilər və vətəndaşlığı olmayan şəxslərin ölkələr üzrə ,Kamerun,2009,47.0
002_4.xls,2.4  Azərbaycana gələn əcnəbilər və vətəndaşlığı olmayan şəxslərin ölkələr üzrə ,Kamerun,2010,40.0
002_4.xls,2.4  Azərbaycana gələn əcnəbilər və vətəndaşlığı olmayan şəxslərin ölkələr üzrə ,Kamerun,2011,55.0
002_4.xls,2.4  Azərbaycana gələn əcnəbilər və vətəndaşlığı olmayan şəxslərin ölkələr üzrə ,Kamerun,2012,40.0
002_4.xls,2.4  Azərbaycana gələn əcnəbilər və vətəndaşlığı olmayan şəxslərin ölkələr üzrə ,Kamerun,2013,119.0
002_4.xls,2.4  Azərbaycana gələn əcnəbilər və vətəndaşlığı olmayan şəxslərin ölkələr üzrə ,Kamerun,2014,52.0
002_4.xls,2.4  Azərbaycana gələn əcnəbilər və vətəndaşlığı olmayan şəxslərin ölkələr üzrə ,Kamerun,2015,73.0
002_4.xls,2.4  Azərbaycana gələn əcnəbilər və vətəndaşlığı olmayan şəxslərin ölkələr üzrə ,Kamerun,2016,85.0
002_4.xls,2.4  Azərbaycana gələn əcnəbilər və vətəndaşlığı olmayan şəxslərin ölkələr üzrə ,Kamerun,2017,146.0
002_4.xls,2.4  Azərbaycana gələn əcnəbilər və vətəndaşlığı olmayan şəxslərin ölkələr üzrə ,Kamerun,2018,50.0
002_4.xls,2.4  Azərbaycana gələn əcnəbilər və vətəndaşlığı olmayan şəxslərin ölkələr üzrə ,Kamerun,2019,67.0
002_4.xls,2.4  Azərbaycana gələn əcnəbilər və vətəndaşlığı olmayan şəxslərin ölkələr üzrə ,Kamerun,2020,10.0
002_4.xls,2.4  Azərbaycana gələn əcnəbilər və vətəndaşlığı olmayan şəxslərin ölkələr üzrə ,Kamerun,2021,16.0
002_4.xls,2.4  Azərbaycana gələn əcnəbilər və vətəndaşlığı olmayan şəxslərin ölkələr üzrə ,Kamerun,2022,41.0
002_4.xls,2.4  Azərbaycana gələn əcnəbilər və vətəndaşlığı olmayan şəxslərin ölkələr üzrə ,Kamerun,2023,85.0
002_4.xls,2.4  Azərbaycana gələn əcnəbilər və vətəndaşlığı olmayan şəxslərin ölkələr üzrə ,Kamerun,2024,252.0
002_4.xls,2.4  Azərbaycana gələn əcnəbilər və vətəndaşlığı olmayan şəxslərin ölkələr üzrə ,Kanada,2008,2356.0
002_4.xls,2.4  Azərbaycana gələn əcnəbilər və vətəndaşlığı olmayan şəxslərin ölkələr üzrə ,Kanada,2009,2036.0
002_4.xls,2.4  Azərbaycana gələn əcnəbilər və vətəndaşlığı olmayan şəxslərin ölkələr üzrə ,Kanada,2010,2050.0
002_4.xls,2.4  Azərbaycana gələn əcnəbilər və vətəndaşlığı olmayan şəxslərin ölkələr üzrə ,Kanada,2011,1851.0
002_4.xls,2.4  Azərbaycana gələn əcnəbilər və vətəndaşlığı olmayan şəxslərin ölkələr üzrə ,Kanada,2012,2566.0
002_4.xls,2.4  Azərbaycana gələn əcnəbilər və vətəndaşlığı olmayan şəxslərin ölkələr üzrə ,Kanada,2013,2411.0
002_4.xls,2.4  Azərbaycana gələn əcnəbilər və vətəndaşlığı olmayan şəxslərin ölkələr üzrə ,Kanada,2014,2501.0
002_4.xls,2.4  Azərbaycana gələn əcnəbilər və vətəndaşlığı olmayan şəxslərin ölkələr üzrə ,Kanada,2015,2372.0
002_4.xls,2.4  Azərbaycana gələn əcnəbilər və vətəndaşlığı olmayan şəxslərin ölkələr üzrə ,Kanada,2016,2320.0
002_4.xls,2.4  Azərbaycana gələn əcnəbilər və vətəndaşlığı olmayan şəxslərin ölkələr üzrə ,Kanada,2017,3190.0
002_4.xls,2.4  Azərbaycana gələn əcnəbilər və vətəndaşlığı olmayan şəxslərin ölkələr üzrə ,Kanada,2018,4108.0
002_4.xls,2.4  Azərbaycana gələn əcnəbilər və vətəndaşlığı olmayan şəxslərin ölkələr üzrə ,Kanada,2019,4643.0
002_4.xls,2.4  Azərbaycana gələn əcnəbilər və vətəndaşlığı olmayan şəxslərin ölkələr üzrə ,Kanada,2020,624.0
002_4.xls,2.4  Azərbaycana gələn əcnəbilər və vətəndaşlığı olmayan şəxslərin ölkələr üzrə ,Kanada,2021,824.0
002_4.xls,2.4  Azərbaycana gələn əcnəbilər və vətəndaşlığı olmayan şəxslərin ölkələr üzrə ,Kanada,2022,2751.0
002_4.xls,2.4  Azərbaycana gələn əcnəbilər və vətəndaşlığı olmayan şəxslərin ölkələr üzrə ,Kanada,2023,3852.0
002_4.xls,2.4  Azərbaycana gələn əcnəbilər və vətəndaşlığı olmayan şəxslərin ölkələr üzrə ,Kanada,2024,5322.0
002_4.xls,2.4  Azərbaycana gələn əcnəbilər və vətəndaşlığı olmayan şəxslərin ölkələr üzrə ,Kolumbiya,2008,364.0
002_4.xls,2.4  Azərbaycana gələn əcnəbilər və vətəndaşlığı olmayan şəxslərin ölkələr üzrə ,Kolumbiya,2009,349.0
002_4.xls,2.4  Azərbaycana gələn əcnəbilər və vətəndaşlığı olmayan şəxslərin ölkələr üzrə ,Kolumbiya,2010,332.0
002_4.xls,2.4  Azərbaycana gələn əcnəbilər və vətəndaşlığı olmayan şəxslərin ölkələr üzrə ,Kolumbiya,2011,417.0
002_4.xls,2.4  Azərbaycana gələn əcnəbilər və vətəndaşlığı olmayan şəxslərin ölkələr üzrə ,Kolumbiya,2012,427.0
002_4.xls,2.4  Azərbaycana gələn əcnəbilər və vətəndaşlığı olmayan şəxslərin ölkələr üzrə ,Kolumbiya,2013,437.0
002_4.xls,2.4  Azərbaycana gələn əcnəbilər və vətəndaşlığı olmayan şəxslərin ölkələr üzrə ,Kolumbiya,2014,432.0
002_4.xls,2.4  Azərbaycana gələn əcnəbilər və vətəndaşlığı olmayan şəxslərin ölkələr üzrə ,Kolumbiya,2015,464.0
002_4.xls,2.4  Azərbaycana gələn əcnəbilər və vətəndaşlığı olmayan şəxslərin ölkələr üzrə ,Kolumbiya,2016,592.0
002_4.xls,2.4  Azərbaycana gələn əcnəbilər və vətəndaşlığı olmayan şəxslərin ölkələr üzrə ,Kolumbiya,2017,542.0
002_4.xls,2.4  Azərbaycana gələn əcnəbilər və vətəndaşlığı olmayan şəxslərin ölkələr üzrə ,Kolumbiya,2018,759.0
002_4.xls,2.4  Azərbaycana gələn əcnəbilər və vətəndaşlığı olmayan şəxslərin ölkələr üzrə ,Kolumbiya,2019,579.0
002_4.xls,2.4  Azərbaycana gələn əcnəbilər və vətəndaşlığı olmayan şəxslərin ölkələr üzrə ,Kolumbiya,2020,94.0
002_4.xls,2.4  Azərbaycana gələn əcnəbilər və vətəndaşlığı olmayan şəxslərin ölkələr üzrə ,Kolumbiya,2021,136.0
002_4.xls,2.4  Azərbaycana gələn əcnəbilər və vətəndaşlığı olmayan şəxslərin ölkələr üzrə ,Kolumbiya,2022,424.0
002_4.xls,2.4  Azərbaycana gələn əcnəbilər və vətəndaşlığı olmayan şəxslərin ölkələr üzrə ,Kolumbiya,2023,828.0
002_4.xls,2.4  Azərbaycana gələn əcnəbilər və vətəndaşlığı olmayan şəxslərin ölkələr üzrə ,Kolumbiya,2024,1150.0
002_4.xls,2.4  Azərbaycana gələn əcnəbilər və vətəndaşlığı olmayan şəxslərin ölkələr üzrə ,Koreya Respublikası,2008,2446.0
002_4.xls,2.4  Azərbaycana gələn əcnəbilər və vətəndaşlığı olmayan şəxslərin ölkələr üzrə ,Koreya Respublikası,2009,2082.0
002_4.xls,2.4  Azərbaycana gələn əcnəbilər və vətəndaşlığı olmayan şəxslərin ölkələr üzrə ,Koreya Respublikası,2010,2647.0
002_4.xls,2.4  Azərbaycana gələn əcnəbilər və vətəndaşlığı olmayan şəxslərin ölkələr üzrə ,Koreya Respublikası,2011,2461.0
002_4.xls,2.4  Azərbaycana gələn əcnəbilər və vətəndaşlığı olmayan şəxslərin ölkələr üzrə ,Koreya Respublikası,2012,2829.0
002_4.xls,2.4  Azərbaycana gələn əcnəbilər və vətəndaşlığı olmayan şəxslərin ölkələr üzrə ,Koreya Respublikası,2013,3134.0
002_4.xls,2.4  Azərbaycana gələn əcnəbilər və vətəndaşlığı olmayan şəxslərin ölkələr üzrə ,Koreya Respublikası,2014,3368.0
002_4.xls,2.4  Azərbaycana gələn əcnəbilər və vətəndaşlığı olmayan şəxslərin ölkələr üzrə ,Koreya Respublikası,2015,3061.0
002_4.xls,2.4  Azərbaycana gələn əcnəbilər və vətəndaşlığı olmayan şəxslərin ölkələr üzrə ,Koreya Respublikası,2016,3132.0
002_4.xls,2.4  Azərbaycana gələn əcnəbilər və vətəndaşlığı olmayan şəxslərin ölkələr üzrə ,Koreya Respublikası,2017,4642.0
002_4.xls,2.4  Azərbaycana gələn əcnəbilər və vətəndaşlığı olmayan şəxslərin ölkələr üzrə ,Koreya Respublikası,2018,7854.0
002_4.xls,2.4  Azərbaycana gələn əcnəbilər və vətəndaşlığı olmayan şəxslərin ölkələr üzrə ,Koreya Respublikası,2019,9415.0
002_4.xls,2.4  Azərbaycana gələn əcnəbilər və vətəndaşlığı olmayan şəxslərin ölkələr üzrə ,Koreya Respublikası,2020,681.0
002_4.xls,2.4  Azərbaycana gələn əcnəbilər və vətəndaşlığı olmayan şəxslərin ölkələr üzrə ,Koreya Respublikası,2021,413.0
002_4.xls,2.4  Azərbaycana gələn əcnəbilər və vətəndaşlığı olmayan şəxslərin ölkələr üzrə ,Koreya Respublikası,2022,2345.0
002_4.xls,2.4  Azərbaycana gələn əcnəbilər və vətəndaşlığı olmayan şəxslərin ölkələr üzrə ,Koreya Respublikası,2023,7710.0
002_4.xls,2.4  Azərbaycana gələn əcnəbilər və vətəndaşlığı olmayan şəxslərin ölkələr üzrə ,Koreya Respublikası,2024,15004.0
002_4.xls,2.4  Azərbaycana gələn əcnəbilər və vətəndaşlığı olmayan şəxslərin ölkələr üzrə ,Kuba,2008,26.0
002_4.xls,2.4  Azərbaycana gələn əcnəbilər və vətəndaşlığı olmayan şəxslərin ölkələr üzrə ,Kuba,2009,32.0
002_4.xls,2.4  Azərbaycana gələn əcnəbilər və vətəndaşlığı olmayan şəxslərin ölkələr üzrə ,Kuba,2010,88.0
002_4.xls,2.4  Azərbaycana gələn əcnəbilər və vətəndaşlığı olmayan şəxslərin ölkələr üzrə ,Kuba,2011,81.0
002_4.xls,2.4  Azərbaycana gələn əcnəbilər və vətəndaşlığı olmayan şəxslərin ölkələr üzrə ,Kuba,2012,74.0
002_4.xls,2.4  Azərbaycana gələn əcnəbilər və vətəndaşlığı olmayan şəxslərin ölkələr üzrə ,Kuba,2013,98.0
002_4.xls,2.4  Azərbaycana gələn əcnəbilər və vətəndaşlığı olmayan şəxslərin ölkələr üzrə ,Kuba,2014,133.0
002_4.xls,2.4  Azərbaycana gələn əcnəbilər və vətəndaşlığı olmayan şəxslərin ölkələr üzrə ,Kuba,2015,73.0
002_4.xls,2.4  Azərbaycana gələn əcnəbilər və vətəndaşlığı olmayan şəxslərin ölkələr üzrə ,Kuba,2016,169.0
002_4.xls,2.4  Azərbaycana gələn əcnəbilər və vətəndaşlığı olmayan şəxslərin ölkələr üzrə ,Kuba,2017,55.0
002_4.xls,2.4  Azərbaycana gələn əcnəbilər və vətəndaşlığı olmayan şəxslərin ölkələr üzrə ,Kuba,2018,103.0
002_4.xls,2.4  Azərbaycana gələn əcnəbilər və vətəndaşlığı olmayan şəxslərin ölkələr üzrə ,Kuba,2019,278.0
002_4.xls,2.4  Azərbaycana gələn əcnəbilər və vətəndaşlığı olmayan şəxslərin ölkələr üzrə ,Kuba,2020,249.0
002_4.xls,2.4  Azərbaycana gələn əcnəbilər və vətəndaşlığı olmayan şəxslərin ölkələr üzrə ,Kuba,2021,18.0
002_4.xls,2.4  Azərbaycana gələn əcnəbilər və vətəndaşlığı olmayan şəxslərin ölkələr üzrə ,Kuba,2022,64.0
002_4.xls,2.4  Azərbaycana gələn əcnəbilər və vətəndaşlığı olmayan şəxslərin ölkələr üzrə ,Kuba,2023,120.0
002_4.xls,2.4  Azərbaycana gələn əcnəbilər və vətəndaşlığı olmayan şəxslərin ölkələr üzrə ,Kuba,2024,149.0
002_4.xls,2.4  Azərbaycana gələn əcnəbilər və vətəndaşlığı olmayan şəxslərin ölkələr üzrə ,Küveyt,2008,158.0
002_4.xls,2.4  Azərbaycana gələn əcnəbilər və vətəndaşlığı olmayan şəxslərin ölkələr üzrə ,Küveyt,2009,149.0
002_4.xls,2.4  Azərbaycana gələn əcnəbilər və vətəndaşlığı olmayan şəxslərin ölkələr üzrə ,Küveyt,2010,322.0
002_4.xls,2.4  Azərbaycana gələn əcnəbilər və vətəndaşlığı olmayan şəxslərin ölkələr üzrə ,Küveyt,2011,324.0
002_4.xls,2.4  Azərbaycana gələn əcnəbilər və vətəndaşlığı olmayan şəxslərin ölkələr üzrə ,Küveyt,2012,233.0
002_4.xls,2.4  Azərbaycana gələn əcnəbilər və vətəndaşlığı olmayan şəxslərin ölkələr üzrə ,Küveyt,2013,392.0
002_4.xls,2.4  Azərbaycana gələn əcnəbilər və vətəndaşlığı olmayan şəxslərin ölkələr üzrə ,Küveyt,2014,419.0
002_4.xls,2.4  Azərbaycana gələn əcnəbilər və vətəndaşlığı olmayan şəxslərin ölkələr üzrə ,Küveyt,2015,528.0
002_4.xls,2.4  Azərbaycana gələn əcnəbilər və vətəndaşlığı olmayan şəxslərin ölkələr üzrə ,Küveyt,2016,1699.0
002_4.xls,2.4  Azərbaycana gələn əcnəbilər və vətəndaşlığı olmayan şəxslərin ölkələr üzrə ,Küveyt,2017,16481.0
002_4.xls,2.4  Azərbaycana gələn əcnəbilər və vətəndaşlığı olmayan şəxslərin ölkələr üzrə ,Küveyt,2018,29803.0
002_4.xls,2.4  Azərbaycana gələn əcnəbilər və vətəndaşlığı olmayan şəxslərin ölkələr üzrə ,Küveyt,2019,30303.0
002_4.xls,2.4  Azərbaycana gələn əcnəbilər və vətəndaşlığı olmayan şəxslərin ölkələr üzrə ,Küveyt,2020,7076.0
002_4.xls,2.4  Azərbaycana gələn əcnəbilər və vətəndaşlığı olmayan şəxslərin ölkələr üzrə ,Küveyt,2021,2289.0
002_4.xls,2.4  Azərbaycana gələn əcnəbilər və vətəndaşlığı olmayan şəxslərin ölkələr üzrə ,Küveyt,2022,22609.0
002_4.xls,2.4  Azərbaycana gələn əcnəbilər və vətəndaşlığı olmayan şəxslərin ölkələr üzrə ,Küveyt,2023,29692.0
002_4.xls,2.4  Azərbaycana gələn əcnəbilər və vətəndaşlığı olmayan şəxslərin ölkələr üzrə ,Küveyt,2024,31369.0
002_4.xls,2.4  Azərbaycana gələn əcnəbilər və vətəndaşlığı olmayan şəxslərin ölkələr üzrə ,Latviya,2008,1101.0
002_4.xls,2.4  Azərbaycana gələn əcnəbilər və vətəndaşlığı olmayan şəxslərin ölkələr üzrə ,Latviya,2009,1281.0
002_4.xls,2.4  Azərbaycana gələn əcnəbilər və vətəndaşlığı olmayan şəxslərin ölkələr üzrə ,Latviya,2010,1295.0
002_4.xls,2.4  Azərbaycana gələn əcnəbilər və vətəndaşlığı olmayan şəxslərin ölkələr üzrə ,Latviya,2011,1536.0
002_4.xls,2.4  Azərbaycana gələn əcnəbilər və vətəndaşlığı olmayan şəxslərin ölkələr üzrə ,Latviya,2012,1875.0
002_4.xls,2.4  Azərbaycana gələn əcnəbilər və vətəndaşlığı olmayan şəxslərin ölkələr üzrə ,Latviya,2013,1731.0
002_4.xls,2.4  Azərbaycana gələn əcnəbilər və vətəndaşlığı olmayan şəxslərin ölkələr üzrə ,Latviya,2014,1750.0
002_4.xls,2.4  Azərbaycana gələn əcnəbilər və vətəndaşlığı olmayan şəxslərin ölkələr üzrə ,Latviya,2015,1967.0
002_4.xls,2.4  Azərbaycana gələn əcnəbilər və vətəndaşlığı olmayan şəxslərin ölkələr üzrə ,Latviya,2016,1566.0
002_4.xls,2.4  Azərbaycana gələn əcnəbilər və vətəndaşlığı olmayan şəxslərin ölkələr üzrə ,Latviya,2017,1796.0
002_4.xls,2.4  Azərbaycana gələn əcnəbilər və vətəndaşlığı olmayan şəxslərin ölkələr üzrə ,Latviya,2018,2433.0
002_4.xls,2.4  Azərbaycana gələn əcnəbilər və vətəndaşlığı olmayan şəxslərin ölkələr üzrə ,Latviya,2019,2469.0
002_4.xls,2.4  Azərbaycana gələn əcnəbilər və vətəndaşlığı olmayan şəxslərin ölkələr üzrə ,Latviya,2020,263.0
002_4.xls,2.4  Azərbaycana gələn əcnəbilər və vətəndaşlığı olmayan şəxslərin ölkələr üzrə ,Latviya,2021,309.0
002_4.xls,2.4  Azərbaycana gələn əcnəbilər və vətəndaşlığı olmayan şəxslərin ölkələr üzrə ,Latviya,2022,1095.0
002_4.xls,2.4  Azərbaycana gələn əcnəbilər və vətəndaşlığı olmayan şəxslərin ölkələr üzrə ,Latviya,2023,2298.0
002_4.xls,2.4  Azərbaycana gələn əcnəbilər və vətəndaşlığı olmayan şəxslərin ölkələr üzrə ,Latviya,2024,2747.0
002_4.xls,2.4  Azərbaycana gələn əcnəbilər və vətəndaşlığı olmayan şəxslərin ölkələr üzrə ,Litva,2008,1063.0
002_4.xls,2.4  Azərbaycana gələn əcnəbilər və vətəndaşlığı olmayan şəxslərin ölkələr üzrə ,Litva,2009,1133.0
002_4.xls,2.4  Azərbaycana gələn əcnəbilər və vətəndaşlığı olmayan şəxslərin ölkələr üzrə ,Litva,2010,1372.0
002_4.xls,2.4  Azərbaycana gələn əcnəbilər və vətəndaşlığı olmayan şəxslərin ölkələr üzrə ,Litva,2011,1557.0
002_4.xls,2.4  Azərbaycana gələn əcnəbilər və vətəndaşlığı olmayan şəxslərin ölkələr üzrə ,Litva,2012,1698.0
002_4.xls,2.4  Azərbaycana gələn əcnəbilər və vətəndaşlığı olmayan şəxslərin ölkələr üzrə ,Litva,2013,1797.0
002_4.xls,2.4  Azərbaycana gələn əcnəbilər və vətəndaşlığı olmayan şəxslərin ölkələr üzrə ,Litva,2014,1743.0
002_4.xls,2.4  Azərbaycana gələn əcnəbilər və vətəndaşlığı olmayan şəxslərin ölkələr üzrə ,Litva,2015,1621.0
002_4.xls,2.4  Azərbaycana gələn əcnəbilər və vətəndaşlığı olmayan şəxslərin ölkələr üzrə ,Litva,2016,1344.0
002_4.xls,2.4  Azərbaycana gələn əcnəbilər və vətəndaşlığı olmayan şəxslərin ölkələr üzrə ,Litva,2017,1708.0
002_4.xls,2.4  Azərbaycana gələn əcnəbilər və vətəndaşlığı olmayan şəxslərin ölkələr üzrə ,Litva,2018,1903.0
002_4.xls,2.4  Azərbaycana gələn əcnəbilər və vətəndaşlığı olmayan şəxslərin ölkələr üzrə ,Litva,2019,2480.0
002_4.xls,2.4  Azərbaycana gələn əcnəbilər və vətəndaşlığı olmayan şəxslərin ölkələr üzrə ,Litva,2020,269.0
002_4.xls,2.4  Azərbaycana gələn əcnəbilər və vətəndaşlığı olmayan şəxslərin ölkələr üzrə ,Litva,2021,474.0
002_4.xls,2.4  Azərbaycana gələn əcnəbilər və vətəndaşlığı olmayan şəxslərin ölkələr üzrə ,Litva,2022,1403.0
002_4.xls,2.4  Azərbaycana gələn əcnəbilər və vətəndaşlığı olmayan şəxslərin ölkələr üzrə ,Litva,2023,3033.0
002_4.xls,2.4  Azərbaycana gələn əcnəbilər və vətəndaşlığı olmayan şəxslərin ölkələr üzrə ,Litva,2024,3604.0
002_4.xls,2.4  Azərbaycana gələn əcnəbilər və vətəndaşlığı olmayan şəxslərin ölkələr üzrə ,Livan,2008,239.0
002_4.xls,2.4  Azərbaycana gələn əcnəbilər və vətəndaşlığı olmayan şəxslərin ölkələr üzrə ,Livan,2009,282.0
002_4.xls,2.4  Azərbaycana gələn əcnəbilər və vətəndaşlığı olmayan şəxslərin ölkələr üzrə ,Livan,2010,270.0
002_4.xls,2.4  Azərbaycana gələn əcnəbilər və vətəndaşlığı olmayan şəxslərin ölkələr üzrə ,Livan,2011,308.0
002_4.xls,2.4  Azərbaycana gələn əcnəbilər və vətəndaşlığı olmayan şəxslərin ölkələr üzrə ,Livan,2012,363.0
002_4.xls,2.4  Azərbaycana gələn əcnəbilər və vətəndaşlığı olmayan şəxslərin ölkələr üzrə ,Livan,2013,382.0
002_4.xls,2.4  Azərbaycana gələn əcnəbilər və vətəndaşlığı olmayan şəxslərin ölkələr üzrə ,Livan,2014,438.0
002_4.xls,2.4  Azərbaycana gələn əcnəbilər və vətəndaşlığı olmayan şəxslərin ölkələr üzrə ,Livan,2015,446.0
002_4.xls,2.4  Azərbaycana gələn əcnəbilər və vətəndaşlığı olmayan şəxslərin ölkələr üzrə ,Livan,2016,492.0
002_4.xls,2.4  Azərbaycana gələn əcnəbilər və vətəndaşlığı olmayan şəxslərin ölkələr üzrə ,Livan,2017,686.0
002_4.xls,2.4  Azərbaycana gələn əcnəbilər və vətəndaşlığı olmayan şəxslərin ölkələr üzrə ,Livan,2018,890.0
002_4.xls,2.4  Azərbaycana gələn əcnəbilər və vətəndaşlığı olmayan şəxslərin ölkələr üzrə ,Livan,2019,1237.0
002_4.xls,2.4  Azərbaycana gələn əcnəbilər və vətəndaşlığı olmayan şəxslərin ölkələr üzrə ,Livan,2020,239.0
002_4.xls,2.4  Azərbaycana gələn əcnəbilər və vətəndaşlığı olmayan şəxslərin ölkələr üzrə ,Livan,2021,305.0
002_4.xls,2.4  Azərbaycana gələn əcnəbilər və vətəndaşlığı olmayan şəxslərin ölkələr üzrə ,Livan,2022,757.0
002_4.xls,2.4  Azərbaycana gələn əcnəbilər və vətəndaşlığı olmayan şəxslərin ölkələr üzrə ,Livan,2023,1002.0
002_4.xls,2.4  Azərbaycana gələn əcnəbilər və vətəndaşlığı olmayan şəxslərin ölkələr üzrə ,Livan,2024,1482.0
002_4.xls,2.4  Azərbaycana gələn əcnəbilər və vətəndaşlığı olmayan şəxslərin ölkələr üzrə ,Liviya Ərəb Cumhuriyyəti,2008,45.0
002_4.xls,2.4  Azərbaycana gələn əcnəbilər və vətəndaşlığı olmayan şəxslərin ölkələr üzrə ,Liviya Ərəb Cumhuriyyəti,2009,38.0
002_4.xls,2.4  Azərbaycana gələn əcnəbilər və vətəndaşlığı olmayan şəxslərin ölkələr üzrə ,Liviya Ərəb Cumhuriyyəti,2010,36.0
002_4.xls,2.4  Azərbaycana gələn əcnəbilər və vətəndaşlığı olmayan şəxslərin ölkələr üzrə ,Liviya Ərəb Cumhuriyyəti,2011,27.0
002_4.xls,2.4  Azərbaycana gələn əcnəbilər və vətəndaşlığı olmayan şəxslərin ölkələr üzrə ,Liviya Ərəb Cumhuriyyəti,2012,54.0
002_4.xls,2.4  Azərbaycana gələn əcnəbilər və vətəndaşlığı olmayan şəxslərin ölkələr üzrə ,Liviya Ərəb Cumhuriyyəti,2013,163.0
002_4.xls,2.4  Azərbaycana gələn əcnəbilər və vətəndaşlığı olmayan şəxslərin ölkələr üzrə ,Liviya Ərəb Cumhuriyyəti,2014,160.0
002_4.xls,2.4  Azərbaycana gələn əcnəbilər və vətəndaşlığı olmayan şəxslərin ölkələr üzrə ,Liviya Ərəb Cumhuriyyəti,2015,102.0
002_4.xls,2.4  Azərbaycana gələn əcnəbilər və vətəndaşlığı olmayan şəxslərin ölkələr üzrə ,Liviya Ərəb Cumhuriyyəti,2016,128.0
002_4.xls,2.4  Azərbaycana gələn əcnəbilər və vətəndaşlığı olmayan şəxslərin ölkələr üzrə ,Liviya Ərəb Cumhuriyyəti,2017,225.0
002_4.xls,2.4  Azərbaycana gələn əcnəbilər və vətəndaşlığı olmayan şəxslərin ölkələr üzrə ,Liviya Ərəb Cumhuriyyəti,2018,148.0
002_4.xls,2.4  Azərbaycana gələn əcnəbilər və vətəndaşlığı olmayan şəxslərin ölkələr üzrə ,Liviya Ərəb Cumhuriyyəti,2019,267.0
002_4.xls,2.4  Azərbaycana gələn əcnəbilər və vətəndaşlığı olmayan şəxslərin ölkələr üzrə ,Liviya Ərəb Cumhuriyyəti,2020,47.0
002_4.xls,2.4  Azərbaycana gələn əcnəbilər və vətəndaşlığı olmayan şəxslərin ölkələr üzrə ,Liviya Ərəb Cumhuriyyəti,2021,58.0
002_4.xls,2.4  Azərbaycana gələn əcnəbilər və vətəndaşlığı olmayan şəxslərin ölkələr üzrə ,Liviya Ərəb Cumhuriyyəti,2022,81.0
002_4.xls,2.4  Azərbaycana gələn əcnəbilər və vətəndaşlığı olmayan şəxslərin ölkələr üzrə ,Liviya Ərəb Cumhuriyyəti,2023,247.0
002_4.xls,2.4  Azərbaycana gələn əcnəbilər və vətəndaşlığı olmayan şəxslərin ölkələr üzrə ,Liviya Ərəb Cumhuriyyəti,2024,236.0
002_4.xls,2.4  Azərbaycana gələn əcnəbilər və vətəndaşlığı olmayan şəxslərin ölkələr üzrə ,Lüksemburq,2008,154.0
002_4.xls,2.4  Azərbaycana gələn əcnəbilər və vətəndaşlığı olmayan şəxslərin ölkələr üzrə ,Lüksemburq,2009,527.0
002_4.xls,2.4  Azərbaycana gələn əcnəbilər və vətəndaşlığı olmayan şəxslərin ölkələr üzrə ,Lüksemburq,2010,378.0
002_4.xls,2.4  Azərbaycana gələn əcnəbilər və vətəndaşlığı olmayan şəxslərin ölkələr üzrə ,Lüksemburq,2011,316.0
002_4.xls,2.4  Azərbaycana gələn əcnəbilər və vətəndaşlığı olmayan şəxslərin ölkələr üzrə ,Lüksemburq,2012,460.0
002_4.xls,2.4  Azərbaycana gələn əcnəbilər və vətəndaşlığı olmayan şəxslərin ölkələr üzrə ,Lüksemburq,2013,498.0
002_4.xls,2.4  Azərbaycana gələn əcnəbilər və vətəndaşlığı olmayan şəxslərin ölkələr üzrə ,Lüksemburq,2014,413.0
002_4.xls,2.4  Azərbaycana gələn əcnəbilər və vətəndaşlığı olmayan şəxslərin ölkələr üzrə ,Lüksemburq,2015,490.0
002_4.xls,2.4  Azərbaycana gələn əcnəbilər və vətəndaşlığı olmayan şəxslərin ölkələr üzrə ,Lüksemburq,2016,322.0
002_4.xls,2.4  Azərbaycana gələn əcnəbilər və vətəndaşlığı olmayan şəxslərin ölkələr üzrə ,Lüksemburq,2017,303.0
002_4.xls,2.4  Azərbaycana gələn əcnəbilər və vətəndaşlığı olmayan şəxslərin ölkələr üzrə ,Lüksemburq,2018,345.0
002_4.xls,2.4  Azərbaycana gələn əcnəbilər və vətəndaşlığı olmayan şəxslərin ölkələr üzrə ,Lüksemburq,2019,362.0
002_4.xls,2.4  Azərbaycana gələn əcnəbilər və vətəndaşlığı olmayan şəxslərin ölkələr üzrə ,Lüksemburq,2020,162.0
002_4.xls,2.4  Azərbaycana gələn əcnəbilər və vətəndaşlığı olmayan şəxslərin ölkələr üzrə ,Lüksemburq,2021,249.0
002_4.xls,2.4  Azərbaycana gələn əcnəbilər və vətəndaşlığı olmayan şəxslərin ölkələr üzrə ,Lüksemburq,2022,381.0
002_4.xls,2.4  Azərbaycana gələn əcnəbilər və vətəndaşlığı olmayan şəxslərin ölkələr üzrə ,Lüksemburq,2023,328.0
002_4.xls,2.4  Azərbaycana gələn əcnəbilər və vətəndaşlığı olmayan şəxslərin ölkələr üzrə ,Lüksemburq,2024,447.0
002_4.xls,2.4  Azərbaycana gələn əcnəbilər və vətəndaşlığı olmayan şəxslərin ölkələr üzrə ,Macarıstan,2008,510.0
002_4.xls,2.4  Azərbaycana gələn əcnəbilər və vətəndaşlığı olmayan şəxslərin ölkələr üzrə ,Macarıstan,2009,597.0
002_4.xls,2.4  Azərbaycana gələn əcnəbilər və vətəndaşlığı olmayan şəxslərin ölkələr üzrə ,Macarıstan,2010,737.0
002_4.xls,2.4  Azərbaycana gələn əcnəbilər və vətəndaşlığı olmayan şəxslərin ölkələr üzrə ,Macarıstan,2011,910.0
002_4.xls,2.4  Azərbaycana gələn əcnəbilər və vətəndaşlığı olmayan şəxslərin ölkələr üzrə ,Macarıstan,2012,950.0
002_4.xls,2.4  Azərbaycana gələn əcnəbilər və vətəndaşlığı olmayan şəxslərin ölkələr üzrə ,Macarıstan,2013,1825.0
002_4.xls,2.4  Azərbaycana gələn əcnəbilər və vətəndaşlığı olmayan şəxslərin ölkələr üzrə ,Macarıstan,2014,2536.0
002_4.xls,2.4  Azərbaycana gələn əcnəbilər və vətəndaşlığı olmayan şəxslərin ölkələr üzrə ,Macarıstan,2015,1650.0
002_4.xls,2.4  Azərbaycana gələn əcnəbilər və vətəndaşlığı olmayan şəxslərin ölkələr üzrə ,Macarıstan,2016,1747.0
002_4.xls,2.4  Azərbaycana gələn əcnəbilər və vətəndaşlığı olmayan şəxslərin ölkələr üzrə ,Macarıstan,2017,2256.0
002_4.xls,2.4  Azərbaycana gələn əcnəbilər və vətəndaşlığı olmayan şəxslərin ölkələr üzrə ,Macarıstan,2018,2516.0
002_4.xls,2.4  Azərbaycana gələn əcnəbilər və vətəndaşlığı olmayan şəxslərin ölkələr üzrə ,Macarıstan,2019,3361.0
002_4.xls,2.4  Azərbaycana gələn əcnəbilər və vətəndaşlığı olmayan şəxslərin ölkələr üzrə ,Macarıstan,2020,406.0
002_4.xls,2.4  Azərbaycana gələn əcnəbilər və vətəndaşlığı olmayan şəxslərin ölkələr üzrə ,Macarıstan,2021,611.0
002_4.xls,2.4  Azərbaycana gələn əcnəbilər və vətəndaşlığı olmayan şəxslərin ölkələr üzrə ,Macarıstan,2022,1510.0
002_4.xls,2.4  Azərbaycana gələn əcnəbilər və vətəndaşlığı olmayan şəxslərin ölkələr üzrə ,Macarıstan,2023,3083.0
002_4.xls,2.4  Azərbaycana gələn əcnəbilər və vətəndaşlığı olmayan şəxslərin ölkələr üzrə ,Macarıstan,2024,3901.0
002_4.xls,2.4  Azərbaycana gələn əcnəbilər və vətəndaşlığı olmayan şəxslərin ölkələr üzrə ,Şimali Makedoniya,2008,254.0
002_4.xls,2.4  Azərbaycana gələn əcnəbilər və vətəndaşlığı olmayan şəxslərin ölkələr üzrə ,Şimali Makedoniya,2009,175.0
002_4.xls,2.4  Azərbaycana gələn əcnəbilər və vətəndaşlığı olmayan şəxslərin ölkələr üzrə ,Şimali Makedoniya,2010,292.0
002_4.xls,2.4  Azərbaycana gələn əcnəbilər və vətəndaşlığı olmayan şəxslərin ölkələr üzrə ,Şimali Makedoniya,2011,221.0
002_4.xls,2.4  Azərbaycana gələn əcnəbilər və vətəndaşlığı olmayan şəxslərin ölkələr üzrə ,Şimali Makedoniya,2012,301.0
002_4.xls,2.4  Azərbaycana gələn əcnəbilər və vətəndaşlığı olmayan şəxslərin ölkələr üzrə ,Şimali Makedoniya,2013,298.0
002_4.xls,2.4  Azərbaycana gələn əcnəbilər və vətəndaşlığı olmayan şəxslərin ölkələr üzrə ,Şimali Makedoniya,2014,283.0
002_4.xls,2.4  Azərbaycana gələn əcnəbilər və vətəndaşlığı olmayan şəxslərin ölkələr üzrə ,Şimali Makedoniya,2015,269.0
002_4.xls,2.4  Azərbaycana gələn əcnəbilər və vətəndaşlığı olmayan şəxslərin ölkələr üzrə ,Şimali Makedoniya,2016,278.0
002_4.xls,2.4  Azərbaycana gələn əcnəbilər və vətəndaşlığı olmayan şəxslərin ölkələr üzrə ,Şimali Makedoniya,2017,262.0
002_4.xls,2.4  Azərbaycana gələn əcnəbilər və vətəndaşlığı olmayan şəxslərin ölkələr üzrə ,Şimali Makedoniya,2018,325.0
002_4.xls,2.4  Azərbaycana gələn əcnəbilər və vətəndaşlığı olmayan şəxslərin ölkələr üzrə ,Şimali Makedoniya,2019,356.0
002_4.xls,2.4  Azərbaycana gələn əcnəbilər və vətəndaşlığı olmayan şəxslərin ölkələr üzrə ,Şimali Makedoniya,2020,130.0
002_4.xls,2.4  Azərbaycana gələn əcnəbilər və vətəndaşlığı olmayan şəxslərin ölkələr üzrə ,Şimali Makedoniya,2021,93.0
002_4.xls,2.4  Azərbaycana gələn əcnəbilər və vətəndaşlığı olmayan şəxslərin ölkələr üzrə ,Şimali Makedoniya,2022,172.0
002_4.xls,2.4  Azərbaycana gələn əcnəbilər və vətəndaşlığı olmayan şəxslərin ölkələr üzrə ,Şimali Makedoniya,2023,291.0
002_4.xls,2.4  Azərbaycana gələn əcnəbilər və vətəndaşlığı olmayan şəxslərin ölkələr üzrə ,Şimali Makedoniya,2024,351.0
002_4.xls,2.4  Azərbaycana gələn əcnəbilər və vətəndaşlığı olmayan şəxslərin ölkələr üzrə ,Malayziya,2008,802.0
002_4.xls,2.4  Azərbaycana gələn əcnəbilər və vətəndaşlığı olmayan şəxslərin ölkələr üzrə ,Malayziya,2009,603.0
002_4.xls,2.4  Azərbaycana gələn əcnəbilər və vətəndaşlığı olmayan şəxslərin ölkələr üzrə ,Malayziya,2010,550.0
002_4.xls,2.4  Azərbaycana gələn əcnəbilər və vətəndaşlığı olmayan şəxslərin ölkələr üzrə ,Malayziya,2011,402.0
002_4.xls,2.4  Azərbaycana gələn əcnəbilər və vətəndaşlığı olmayan şəxslərin ölkələr üzrə ,Malayziya,2012,805.0
002_4.xls,2.4  Azərbaycana gələn əcnəbilər və vətəndaşlığı olmayan şəxslərin ölkələr üzrə ,Malayziya,2013,2058.0
002_4.xls,2.4  Azərbaycana gələn əcnəbilər və vətəndaşlığı olmayan şəxslərin ölkələr üzrə ,Malayziya,2014,2161.0
002_4.xls,2.4  Azərbaycana gələn əcnəbilər və vətəndaşlığı olmayan şəxslərin ölkələr üzrə ,Malayziya,2015,1077.0
002_4.xls,2.4  Azərbaycana gələn əcnəbilər və vətəndaşlığı olmayan şəxslərin ölkələr üzrə ,Malayziya,2016,1337.0
002_4.xls,2.4  Azərbaycana gələn əcnəbilər və vətəndaşlığı olmayan şəxslərin ölkələr üzrə ,Malayziya,2017,1611.0
002_4.xls,2.4  Azərbaycana gələn əcnəbilər və vətəndaşlığı olmayan şəxslərin ölkələr üzrə ,Malayziya,2018,1484.0
002_4.xls,2.4  Azərbaycana gələn əcnəbilər və vətəndaşlığı olmayan şəxslərin ölkələr üzrə ,Malayziya,2019,2299.0
002_4.xls,2.4  Azərbaycana gələn əcnəbilər və vətəndaşlığı olmayan şəxslərin ölkələr üzrə ,Malayziya,2020,530.0
002_4.xls,2.4  Azərbaycana gələn əcnəbilər və vətəndaşlığı olmayan şəxslərin ölkələr üzrə ,Malayziya,2021,523.0
002_4.xls,2.4  Azərbaycana gələn əcnəbilər və vətəndaşlığı olmayan şəxslərin ölkələr üzrə ,Malayziya,2022,1053.0
002_4.xls,2.4  Azərbaycana gələn əcnəbilər və vətəndaşlığı olmayan şəxslərin ölkələr üzrə ,Malayziya,2023,2669.0
002_4.xls,2.4  Azərbaycana gələn əcnəbilər və vətəndaşlığı olmayan şəxslərin ölkələr üzrə ,Malayziya,2024,2676.0
002_4.xls,2.4  Azərbaycana gələn əcnəbilər və vətəndaşlığı olmayan şəxslərin ölkələr üzrə ,Malta,2008,37.0
002_4.xls,2.4  Azərbaycana gələn əcnəbilər və vətəndaşlığı olmayan şəxslərin ölkələr üzrə ,Malta,2009,30.0
002_4.xls,2.4  Azərbaycana gələn əcnəbilər və vətəndaşlığı olmayan şəxslərin ölkələr üzrə ,Malta,2010,61.0
002_4.xls,2.4  Azərbaycana gələn əcnəbilər və vətəndaşlığı olmayan şəxslərin ölkələr üzrə ,Malta,2011,68.0
002_4.xls,2.4  Azərbaycana gələn əcnəbilər və vətəndaşlığı olmayan şəxslərin ölkələr üzrə ,Malta,2012,84.0
002_4.xls,2.4  Azərbaycana gələn əcnəbilər və vətəndaşlığı olmayan şəxslərin ölkələr üzrə ,Malta,2013,114.0
002_4.xls,2.4  Azərbaycana gələn əcnəbilər və vətəndaşlığı olmayan şəxslərin ölkələr üzrə ,Malta,2014,153.0
002_4.xls,2.4  Azərbaycana gələn əcnəbilər və vətəndaşlığı olmayan şəxslərin ölkələr üzrə ,Malta,2015,270.0
002_4.xls,2.4  Azərbaycana gələn əcnəbilər və vətəndaşlığı olmayan şəxslərin ölkələr üzrə ,Malta,2016,120.0
002_4.xls,2.4  Azərbaycana gələn əcnəbilər və vətəndaşlığı olmayan şəxslərin ölkələr üzrə ,Malta,2017,124.0
002_4.xls,2.4  Azərbaycana gələn əcnəbilər və vətəndaşlığı olmayan şəxslərin ölkələr üzrə ,Malta,2018,174.0
002_4.xls,2.4  Azərbaycana gələn əcnəbilər və vətəndaşlığı olmayan şəxslərin ölkələr üzrə ,Malta,2019,187.0
002_4.xls,2.4  Azərbaycana gələn əcnəbilər və vətəndaşlığı olmayan şəxslərin ölkələr üzrə ,Malta,2020,24.0
002_4.xls,2.4  Azərbaycana gələn əcnəbilər və vətəndaşlığı olmayan şəxslərin ölkələr üzrə ,Malta,2021,42.0
002_4.xls,2.4  Azərbaycana gələn əcnəbilər və vətəndaşlığı olmayan şəxslərin ölkələr üzrə ,Malta,2022,111.0
002_4.xls,2.4  Azərbaycana gələn əcnəbilər və vətəndaşlığı olmayan şəxslərin ölkələr üzrə ,Malta,2023,251.0
002_4.xls,2.4  Azərbaycana gələn əcnəbilər və vətəndaşlığı olmayan şəxslərin ölkələr üzrə ,Malta,2024,327.0
002_4.xls,2.4  Azərbaycana gələn əcnəbilər və vətəndaşlığı olmayan şəxslərin ölkələr üzrə ,Mərakeş,2008,123.0
002_4.xls,2.4  Azərbaycana gələn əcnəbilər və vətəndaşlığı olmayan şəxslərin ölkələr üzrə ,Mərakeş,2009,196.0
002_4.xls,2.4  Azərbaycana gələn əcnəbilər və vətəndaşlığı olmayan şəxslərin ölkələr üzrə ,Mərakeş,2010,155.0
002_4.xls,2.4  Azərbaycana gələn əcnəbilər və vətəndaşlığı olmayan şəxslərin ölkələr üzrə ,Mərakeş,2011,183.0
002_4.xls,2.4  Azərbaycana gələn əcnəbilər və vətəndaşlığı olmayan şəxslərin ölkələr üzrə ,Mərakeş,2012,158.0
002_4.xls,2.4  Azərbaycana gələn əcnəbilər və vətəndaşlığı olmayan şəxslərin ölkələr üzrə ,Mərakeş,2013,250.0
002_4.xls,2.4  Azərbaycana gələn əcnəbilər və vətəndaşlığı olmayan şəxslərin ölkələr üzrə ,Mərakeş,2014,264.0
002_4.xls,2.4  Azərbaycana gələn əcnəbilər və vətəndaşlığı olmayan şəxslərin ölkələr üzrə ,Mərakeş,2015,255.0
002_4.xls,2.4  Azərbaycana gələn əcnəbilər və vətəndaşlığı olmayan şəxslərin ölkələr üzrə ,Mərakeş,2016,338.0
002_4.xls,2.4  Azərbaycana gələn əcnəbilər və vətəndaşlığı olmayan şəxslərin ölkələr üzrə ,Mərakeş,2017,949.0
002_4.xls,2.4  Azərbaycana gələn əcnəbilər və vətəndaşlığı olmayan şəxslərin ölkələr üzrə ,Mərakeş,2018,1127.0
002_4.xls,2.4  Azərbaycana gələn əcnəbilər və vətəndaşlığı olmayan şəxslərin ölkələr üzrə ,Mərakeş,2019,1465.0
002_4.xls,2.4  Azərbaycana gələn əcnəbilər və vətəndaşlığı olmayan şəxslərin ölkələr üzrə ,Mərakeş,2020,310.0
002_4.xls,2.4  Azərbaycana gələn əcnəbilər və vətəndaşlığı olmayan şəxslərin ölkələr üzrə ,Mərakeş,2021,363.0
002_4.xls,2.4  Azərbaycana gələn əcnəbilər və vətəndaşlığı olmayan şəxslərin ölkələr üzrə ,Mərakeş,2022,1330.0
002_4.xls,2.4  Azərbaycana gələn əcnəbilər və vətəndaşlığı olmayan şəxslərin ölkələr üzrə ,Mərakeş,2023,1739.0
002_4.xls,2.4  Azərbaycana gələn əcnəbilər və vətəndaşlığı olmayan şəxslərin ölkələr üzrə ,Mərakeş,2024,3310.0
002_4.xls,2.4  Azərbaycana gələn əcnəbilər və vətəndaşlığı olmayan şəxslərin ölkələr üzrə ,Misir,2008,541.0
002_4.xls,2.4  Azərbaycana gələn əcnəbilər və vətəndaşlığı olmayan şəxslərin ölkələr üzrə ,Misir,2009,407.0
002_4.xls,2.4  Azərbaycana gələn əcnəbilər və vətəndaşlığı olmayan şəxslərin ölkələr üzrə ,Misir,2010,559.0
002_4.xls,2.4  Azərbaycana gələn əcnəbilər və vətəndaşlığı olmayan şəxslərin ölkələr üzrə ,Misir,2011,663.0
002_4.xls,2.4  Azərbaycana gələn əcnəbilər və vətəndaşlığı olmayan şəxslərin ölkələr üzrə ,Misir,2012,955.0
002_4.xls,2.4  Azərbaycana gələn əcnəbilər və vətəndaşlığı olmayan şəxslərin ölkələr üzrə ,Misir,2013,963.0
002_4.xls,2.4  Azərbaycana gələn əcnəbilər və vətəndaşlığı olmayan şəxslərin ölkələr üzrə ,Misir,2014,786.0
002_4.xls,2.4  Azərbaycana gələn əcnəbilər və vətəndaşlığı olmayan şəxslərin ölkələr üzrə ,Misir,2015,928.0
002_4.xls,2.4  Azərbaycana gələn əcnəbilər və vətəndaşlığı olmayan şəxslərin ölkələr üzrə ,Misir,2016,1409.0
002_4.xls,2.4  Azərbaycana gələn əcnəbilər və vətəndaşlığı olmayan şəxslərin ölkələr üzrə ,Misir,2017,2148.0
002_4.xls,2.4  Azərbaycana gələn əcnəbilər və vətəndaşlığı olmayan şəxslərin ölkələr üzrə ,Misir,2018,3711.0
002_4.xls,2.4  Azərbaycana gələn əcnəbilər və vətəndaşlığı olmayan şəxslərin ölkələr üzrə ,Misir,2019,5775.0
002_4.xls,2.4  Azərbaycana gələn əcnəbilər və vətəndaşlığı olmayan şəxslərin ölkələr üzrə ,Misir,2020,1134.0
002_4.xls,2.4  Azərbaycana gələn əcnəbilər və vətəndaşlığı olmayan şəxslərin ölkələr üzrə ,Misir,2021,1169.0
002_4.xls,2.4  Azərbaycana gələn əcnəbilər və vətəndaşlığı olmayan şəxslərin ölkələr üzrə ,Misir,2022,3954.0
002_4.xls,2.4  Azərbaycana gələn əcnəbilər və vətəndaşlığı olmayan şəxslərin ölkələr üzrə ,Misir,2023,7382.0
002_4.xls,2.4  Azərbaycana gələn əcnəbilər və vətəndaşlığı olmayan şəxslərin ölkələr üzrə ,Misir,2024,8651.0
002_4.xls,2.4  Azərbaycana gələn əcnəbilər və vətəndaşlığı olmayan şəxslərin ölkələr üzrə ,Moldova,2008,1705.0
002_4.xls,2.4  Azərbaycana gələn əcnəbilər və vətəndaşlığı olmayan şəxslərin ölkələr üzrə ,Moldova,2009,4289.0
002_4.xls,2.4  Azərbaycana gələn əcnəbilər və vətəndaşlığı olmayan şəxslərin ölkələr üzrə ,Moldova,2010,3645.0
002_4.xls,2.4  Azərbaycana gələn əcnəbilər və vətəndaşlığı olmayan şəxslərin ölkələr üzrə ,Moldova,2011,3753.0
002_4.xls,2.4  Azərbaycana gələn əcnəbilər və vətəndaşlığı olmayan şəxslərin ölkələr üzrə ,Moldova,2012,4375.0
002_4.xls,2.4  Azərbaycana gələn əcnəbilər və vətəndaşlığı olmayan şəxslərin ölkələr üzrə ,Moldova,2013,4448.0
002_4.xls,2.4  Azərbaycana gələn əcnəbilər və vətəndaşlığı olmayan şəxslərin ölkələr üzrə ,Moldova,2014,5843.0
002_4.xls,2.4  Azərbaycana gələn əcnəbilər və vətəndaşlığı olmayan şəxslərin ölkələr üzrə ,Moldova,2015,5183.0
002_4.xls,2.4  Azərbaycana gələn əcnəbilər və vətəndaşlığı olmayan şəxslərin ölkələr üzrə ,Moldova,2016,3735.0
002_4.xls,2.4  Azərbaycana gələn əcnəbilər və vətəndaşlığı olmayan şəxslərin ölkələr üzrə ,Moldova,2017,3628.0
002_4.xls,2.4  Azərbaycana gələn əcnəbilər və vətəndaşlığı olmayan şəxslərin ölkələr üzrə ,Moldova,2018,3574.0
002_4.xls,2.4  Azərbaycana gələn əcnəbilər və vətəndaşlığı olmayan şəxslərin ölkələr üzrə ,Moldova,2019,3403.0
002_4.xls,2.4  Azərbaycana gələn əcnəbilər və vətəndaşlığı olmayan şəxslərin ölkələr üzrə ,Moldova,2020,868.0
002_4.xls,2.4  Azərbaycana gələn əcnəbilər və vətəndaşlığı olmayan şəxslərin ölkələr üzrə ,Moldova,2021,656.0
002_4.xls,2.4  Azərbaycana gələn əcnəbilər və vətəndaşlığı olmayan şəxslərin ölkələr üzrə ,Moldova,2022,2950.0
002_4.xls,2.4  Azərbaycana gələn əcnəbilər və vətəndaşlığı olmayan şəxslərin ölkələr üzrə ,Moldova,2023,4372.0
002_4.xls,2.4  Azərbaycana gələn əcnəbilər və vətəndaşlığı olmayan şəxslərin ölkələr üzrə ,Moldova,2024,4887.0
002_4.xls,2.4  Azərbaycana gələn əcnəbilər və vətəndaşlığı olmayan şəxslərin ölkələr üzrə ,Niderland,2008,2180.0
002_4.xls,2.4  Azərbaycana gələn əcnəbilər və vətəndaşlığı olmayan şəxslərin ölkələr üzrə ,Niderland,2009,2595.0
002_4.xls,2.4  Azərbaycana gələn əcnəbilər və vətəndaşlığı olmayan şəxslərin ölkələr üzrə ,Niderland,2010,2689.0
002_4.xls,2.4  Azərbaycana gələn əcnəbilər və vətəndaşlığı olmayan şəxslərin ölkələr üzrə ,Niderland,2011,3026.0
002_4.xls,2.4  Azərbaycana gələn əcnəbilər və vətəndaşlığı olmayan şəxslərin ölkələr üzrə ,Niderland,2012,3970.0
002_4.xls,2.4  Azərbaycana gələn əcnəbilər və vətəndaşlığı olmayan şəxslərin ölkələr üzrə ,Niderland,2013,4036.0
002_4.xls,2.4  Azərbaycana gələn əcnəbilər və vətəndaşlığı olmayan şəxslərin ölkələr üzrə ,Niderland,2014,4425.0
002_4.xls,2.4  Azərbaycana gələn əcnəbilər və vətəndaşlığı olmayan şəxslərin ölkələr üzrə ,Niderland,2015,4714.0
002_4.xls,2.4  Azərbaycana gələn əcnəbilər və vətəndaşlığı olmayan şəxslərin ölkələr üzrə ,Niderland,2016,3764.0
002_4.xls,2.4  Azərbaycana gələn əcnəbilər və vətəndaşlığı olmayan şəxslərin ölkələr üzrə ,Niderland,2017,4703.0
002_4.xls,2.4  Azərbaycana gələn əcnəbilər və vətəndaşlığı olmayan şəxslərin ölkələr üzrə ,Niderland,2018,5892.0
002_4.xls,2.4  Azərbaycana gələn əcnəbilər və vətəndaşlığı olmayan şəxslərin ölkələr üzrə ,Niderland,2019,6104.0
002_4.xls,2.4  Azərbaycana gələn əcnəbilər və vətəndaşlığı olmayan şəxslərin ölkələr üzrə ,Niderland,2020,1143.0
002_4.xls,2.4  Azərbaycana gələn əcnəbilər və vətəndaşlığı olmayan şəxslərin ölkələr üzrə ,Niderland,2021,1741.0
002_4.xls,2.4  Azərbaycana gələn əcnəbilər və vətəndaşlığı olmayan şəxslərin ölkələr üzrə ,Niderland,2022,3807.0
002_4.xls,2.4  Azərbaycana gələn əcnəbilər və vətəndaşlığı olmayan şəxslərin ölkələr üzrə ,Niderland,2023,4798.0
002_4.xls,2.4  Azərbaycana gələn əcnəbilər və vətəndaşlığı olmayan şəxslərin ölkələr üzrə ,Niderland,2024,6097.0
002_4.xls,2.4  Azərbaycana gələn əcnəbilər və vətəndaşlığı olmayan şəxslərin ölkələr üzrə ,Nigeriya,2008,209.0
002_4.xls,2.4  Azərbaycana gələn əcnəbilər və vətəndaşlığı olmayan şəxslərin ölkələr üzrə ,Nigeriya,2009,218.0
002_4.xls,2.4  Azərbaycana gələn əcnəbilər və vətəndaşlığı olmayan şəxslərin ölkələr üzrə ,Nigeriya,2010,223.0
002_4.xls,2.4  Azərbaycana gələn əcnəbilər və vətəndaşlığı olmayan şəxslərin ölkələr üzrə ,Nigeriya,2011,178.0
002_4.xls,2.4  Azərbaycana gələn əcnəbilər və vətəndaşlığı olmayan şəxslərin ölkələr üzrə ,Nigeriya,2012,263.0
002_4.xls,2.4  Azərbaycana gələn əcnəbilər və vətəndaşlığı olmayan şəxslərin ölkələr üzrə ,Nigeriya,2013,249.0
002_4.xls,2.4  Azərbaycana gələn əcnəbilər və vətəndaşlığı olmayan şəxslərin ölkələr üzrə ,Nigeriya,2014,250.0
002_4.xls,2.4  Azərbaycana gələn əcnəbilər və vətəndaşlığı olmayan şəxslərin ölkələr üzrə ,Nigeriya,2015,283.0
002_4.xls,2.4  Azərbaycana gələn əcnəbilər və vətəndaşlığı olmayan şəxslərin ölkələr üzrə ,Nigeriya,2016,354.0
002_4.xls,2.4  Azərbaycana gələn əcnəbilər və vətəndaşlığı olmayan şəxslərin ölkələr üzrə ,Nigeriya,2017,243.0
002_4.xls,2.4  Azərbaycana gələn əcnəbilər və vətəndaşlığı olmayan şəxslərin ölkələr üzrə ,Nigeriya,2018,350.0
002_4.xls,2.4  Azərbaycana gələn əcnəbilər və vətəndaşlığı olmayan şəxslərin ölkələr üzrə ,Nigeriya,2019,783.0
002_4.xls,2.4  Azərbaycana gələn əcnəbilər və vətəndaşlığı olmayan şəxslərin ölkələr üzrə ,Nigeriya,2020,224.0
002_4.xls,2.4  Azərbaycana gələn əcnəbilər və vətəndaşlığı olmayan şəxslərin ölkələr üzrə ,Nigeriya,2021,246.0
002_4.xls,2.4  Azərbaycana gələn əcnəbilər və vətəndaşlığı olmayan şəxslərin ölkələr üzrə ,Nigeriya,2022,596.0
002_4.xls,2.4  Azərbaycana gələn əcnəbilər və vətəndaşlığı olmayan şəxslərin ölkələr üzrə ,Nigeriya,2023,715.0
002_4.xls,2.4  Azərbaycana gələn əcnəbilər və vətəndaşlığı olmayan şəxslərin ölkələr üzrə ,Nigeriya,2024,1381.0
002_4.xls,2.4  Azərbaycana gələn əcnəbilər və vətəndaşlığı olmayan şəxslərin ölkələr üzrə ,Norveç,2008,2300.0
002_4.xls,2.4  Azərbaycana gələn əcnəbilər və vətəndaşlığı olmayan şəxslərin ölkələr üzrə ,Norveç,2009,1921.0
002_4.xls,2.4  Azərbaycana gələn əcnəbilər və vətəndaşlığı olmayan şəxslərin ölkələr üzrə ,Norveç,2010,2054.0
002_4.xls,2.4  Azərbaycana gələn əcnəbilər və vətəndaşlığı olmayan şəxslərin ölkələr üzrə ,Norveç,2011,1874.0
002_4.xls,2.4  Azərbaycana gələn əcnəbilər və vətəndaşlığı olmayan şəxslərin ölkələr üzrə ,Norveç,2012,1981.0
002_4.xls,2.4  Azərbaycana gələn əcnəbilər və vətəndaşlığı olmayan şəxslərin ölkələr üzrə ,Norveç,2013,2024.0
002_4.xls,2.4  Azərbaycana gələn əcnəbilər və vətəndaşlığı olmayan şəxslərin ölkələr üzrə ,Norveç,2014,2056.0
002_4.xls,2.4  Azərbaycana gələn əcnəbilər və vətəndaşlığı olmayan şəxslərin ölkələr üzrə ,Norveç,2015,1932.0
002_4.xls,2.4  Azərbaycana gələn əcnəbilər və vətəndaşlığı olmayan şəxslərin ölkələr üzrə ,Norveç,2016,1937.0
002_4.xls,2.4  Azərbaycana gələn əcnəbilər və vətəndaşlığı olmayan şəxslərin ölkələr üzrə ,Norveç,2017,2054.0
002_4.xls,2.4  Azərbaycana gələn əcnəbilər və vətəndaşlığı olmayan şəxslərin ölkələr üzrə ,Norveç,2018,2364.0
002_4.xls,2.4  Azərbaycana gələn əcnəbilər və vətəndaşlığı olmayan şəxslərin ölkələr üzrə ,Norveç,2019,2658.0
002_4.xls,2.4  Azərbaycana gələn əcnəbilər və vətəndaşlığı olmayan şəxslərin ölkələr üzrə ,Norveç,2020,447.0
002_4.xls,2.4  Azərbaycana gələn əcnəbilər və vətəndaşlığı olmayan şəxslərin ölkələr üzrə ,Norveç,2021,507.0
002_4.xls,2.4  Azərbaycana gələn əcnəbilər və vətəndaşlığı olmayan şəxslərin ölkələr üzrə ,Norveç,2022,1435.0
002_4.xls,2.4  Azərbaycana gələn əcnəbilər və vətəndaşlığı olmayan şəxslərin ölkələr üzrə ,Norveç,2023,1698.0
002_4.xls,2.4  Azərbaycana gələn əcnəbilər və vətəndaşlığı olmayan şəxslərin ölkələr üzrə ,Norveç,2024,2054.0
002_4.xls,2.4  Azərbaycana gələn əcnəbilər və vətəndaşlığı olmayan şəxslərin ölkələr üzrə ,Oman,2019,18229.0
002_4.xls,2.4  Azərbaycana gələn əcnəbilər və vətəndaşlığı olmayan şəxslərin ölkələr üzrə ,Oman,2020,2431.0
002_4.xls,2.4  Azərbaycana gələn əcnəbilər və vətəndaşlığı olmayan şəxslərin ölkələr üzrə ,Oman,2021,910.0
002_4.xls,2.4  Azərbaycana gələn əcnəbilər və vətəndaşlığı olmayan şəxslərin ölkələr üzrə ,Oman,2022,18527.0
002_4.xls,2.4  Azərbaycana gələn əcnəbilər və vətəndaşlığı olmayan şəxslərin ölkələr üzrə ,Oman,2023,17046.0
002_4.xls,2.4  Azərbaycana gələn əcnəbilər və vətəndaşlığı olmayan şəxslərin ölkələr üzrə ,Oman,2024,24144.0
002_4.xls,2.4  Azərbaycana gələn əcnəbilər və vətəndaşlığı olmayan şəxslərin ölkələr üzrə ,Özbəkistan,2008,8107.0
002_4.xls,2.4  Azərbaycana gələn əcnəbilər və vətəndaşlığı olmayan şəxslərin ölkələr üzrə ,Özbəkistan,2009,7067.0
002_4.xls,2.4  Azərbaycana gələn əcnəbilər və vətəndaşlığı olmayan şəxslərin ölkələr üzrə ,Özbəkistan,2010,11879.0
002_4.xls,2.4  Azərbaycana gələn əcnəbilər və vətəndaşlığı olmayan şəxslərin ölkələr üzrə ,Özbəkistan,2011,14513.0
002_4.xls,2.4  Azərbaycana gələn əcnəbilər və vətəndaşlığı olmayan şəxslərin ölkələr üzrə ,Özbəkistan,2012,18417.0
002_4.xls,2.4  Azərbaycana gələn əcnəbilər və vətəndaşlığı olmayan şəxslərin ölkələr üzrə ,Özbəkistan,2013,18627.0
002_4.xls,2.4  Azərbaycana gələn əcnəbilər və vətəndaşlığı olmayan şəxslərin ölkələr üzrə ,Özbəkistan,2014,19336.0
002_4.xls,2.4  Azərbaycana gələn əcnəbilər və vətəndaşlığı olmayan şəxslərin ölkələr üzrə ,Özbəkistan,2015,15185.0
002_4.xls,2.4  Azərbaycana gələn əcnəbilər və vətəndaşlığı olmayan şəxslərin ölkələr üzrə ,Özbəkistan,2016,16093.0
002_4.xls,2.4  Azərbaycana gələn əcnəbilər və vətəndaşlığı olmayan şəxslərin ölkələr üzrə ,Özbəkistan,2017,18795.0
002_4.xls,2.4  Azərbaycana gələn əcnəbilər və vətəndaşlığı olmayan şəxslərin ölkələr üzrə ,Özbəkistan,2018,18306.0
002_4.xls,2.4  Azərbaycana gələn əcnəbilər və vətəndaşlığı olmayan şəxslərin ölkələr üzrə ,Özbəkistan,2019,23507.0
002_4.xls,2.4  Azərbaycana gələn əcnəbilər və vətəndaşlığı olmayan şəxslərin ölkələr üzrə ,Özbəkistan,2020,5283.0
002_4.xls,2.4  Azərbaycana gələn əcnəbilər və vətəndaşlığı olmayan şəxslərin ölkələr üzrə ,Özbəkistan,2021,4213.0
002_4.xls,2.4  Azərbaycana gələn əcnəbilər və vətəndaşlığı olmayan şəxslərin ölkələr üzrə ,Özbəkistan,2022,26301.0
002_4.xls,2.4  Azərbaycana gələn əcnəbilər və vətəndaşlığı olmayan şəxslərin ölkələr üzrə ,Özbəkistan,2023,39655.0
002_4.xls,2.4  Azərbaycana gələn əcnəbilər və vətəndaşlığı olmayan şəxslərin ölkələr üzrə ,Özbəkistan,2024,46391.0
002_4.xls,2.4  Azərbaycana gələn əcnəbilər və vətəndaşlığı olmayan şəxslərin ölkələr üzrə ,Pakistan,2008,2738.0
002_4.xls,2.4  Azərbaycana gələn əcnəbilər və vətəndaşlığı olmayan şəxslərin ölkələr üzrə ,Pakistan,2009,5416.0
002_4.xls,2.4  Azərbaycana gələn əcnəbilər və vətəndaşlığı olmayan şəxslərin ölkələr üzrə ,Pakistan,2010,1949.0
002_4.xls,2.4  Azərbaycana gələn əcnəbilər və vətəndaşlığı olmayan şəxslərin ölkələr üzrə ,Pakistan,2011,1743.0
002_4.xls,2.4  Azərbaycana gələn əcnəbilər və vətəndaşlığı olmayan şəxslərin ölkələr üzrə ,Pakistan,2012,1675.0
002_4.xls,2.4  Azərbaycana gələn əcnəbilər və vətəndaşlığı olmayan şəxslərin ölkələr üzrə ,Pakistan,2013,1767.0
002_4.xls,2.4  Azərbaycana gələn əcnəbilər və vətəndaşlığı olmayan şəxslərin ölkələr üzrə ,Pakistan,2014,1817.0
002_4.xls,2.4  Azərbaycana gələn əcnəbilər və vətəndaşlığı olmayan şəxslərin ölkələr üzrə ,Pakistan,2015,2193.0
002_4.xls,2.4  Azərbaycana gələn əcnəbilər və vətəndaşlığı olmayan şəxslərin ölkələr üzrə ,Pakistan,2016,3998.0
002_4.xls,2.4  Azərbaycana gələn əcnəbilər və vətəndaşlığı olmayan şəxslərin ölkələr üzrə ,Pakistan,2017,17579.0
002_4.xls,2.4  Azərbaycana gələn əcnəbilər və vətəndaşlığı olmayan şəxslərin ölkələr üzrə ,Pakistan,2018,41307.0
002_4.xls,2.4  Azərbaycana gələn əcnəbilər və vətəndaşlığı olmayan şəxslərin ölkələr üzrə ,Pakistan,2019,46602.0
002_4.xls,2.4  Azərbaycana gələn əcnəbilər və vətəndaşlığı olmayan şəxslərin ölkələr üzrə ,Pakistan,2020,7773.0
002_4.xls,2.4  Azərbaycana gələn əcnəbilər və vətəndaşlığı olmayan şəxslərin ölkələr üzrə ,Pakistan,2021,2948.0
002_4.xls,2.4  Azərbaycana gələn əcnəbilər və vətəndaşlığı olmayan şəxslərin ölkələr üzrə ,Pakistan,2022,51691.0
002_4.xls,2.4  Azərbaycana gələn əcnəbilər və vətəndaşlığı olmayan şəxslərin ölkələr üzrə ,Pakistan,2023,55148.0
002_4.xls,2.4  Azərbaycana gələn əcnəbilər və vətəndaşlığı olmayan şəxslərin ölkələr üzrə ,Pakistan,2024,80919.0
002_4.xls,2.4  Azərbaycana gələn əcnəbilər və vətəndaşlığı olmayan şəxslərin ölkələr üzrə ,Polşa,2008,1830.0
002_4.xls,2.4  Azərbaycana gələn əcnəbilər və vətəndaşlığı olmayan şəxslərin ölkələr üzrə ,Polşa,2009,1699.0
002_4.xls,2.4  Azərbaycana gələn əcnəbilər və vətəndaşlığı olmayan şəxslərin ölkələr üzrə ,Polşa,2010,2455.0
002_4.xls,2.4  Azərbaycana gələn əcnəbilər və vətəndaşlığı olmayan şəxslərin ölkələr üzrə ,Polşa,2011,2224.0
002_4.xls,2.4  Azərbaycana gələn əcnəbilər və vətəndaşlığı olmayan şəxslərin ölkələr üzrə ,Polşa,2012,3168.0
002_4.xls,2.4  Azərbaycana gələn əcnəbilər və vətəndaşlığı olmayan şəxslərin ölkələr üzrə ,Polşa,2013,3716.0
002_4.xls,2.4  Azərbaycana gələn əcnəbilər və vətəndaşlığı olmayan şəxslərin ölkələr üzrə ,Polşa,2014,4209.0
002_4.xls,2.4  Azərbaycana gələn əcnəbilər və vətəndaşlığı olmayan şəxslərin ölkələr üzrə ,Polşa,2015,3473.0
002_4.xls,2.4  Azərbaycana gələn əcnəbilər və vətəndaşlığı olmayan şəxslərin ölkələr üzrə ,Polşa,2016,3014.0
002_4.xls,2.4  Azərbaycana gələn əcnəbilər və vətəndaşlığı olmayan şəxslərin ölkələr üzrə ,Polşa,2017,4683.0
002_4.xls,2.4  Azərbaycana gələn əcnəbilər və vətəndaşlığı olmayan şəxslərin ölkələr üzrə ,Polşa,2018,5049.0
002_4.xls,2.4  Azərbaycana gələn əcnəbilər və vətəndaşlığı olmayan şəxslərin ölkələr üzrə ,Polşa,2019,6617.0
002_4.xls,2.4  Azərbaycana gələn əcnəbilər və vətəndaşlığı olmayan şəxslərin ölkələr üzrə ,Polşa,2020,664.0
002_4.xls,2.4  Azərbaycana gələn əcnəbilər və vətəndaşlığı olmayan şəxslərin ölkələr üzrə ,Polşa,2021,723.0
002_4.xls,2.4  Azərbaycana gələn əcnəbilər və vətəndaşlığı olmayan şəxslərin ölkələr üzrə ,Polşa,2022,4125.0
002_4.xls,2.4  Azərbaycana gələn əcnəbilər və vətəndaşlığı olmayan şəxslərin ölkələr üzrə ,Polşa,2023,7505.0
002_4.xls,2.4  Azərbaycana gələn əcnəbilər və vətəndaşlığı olmayan şəxslərin ölkələr üzrə ,Polşa,2024,10284.0
002_4.xls,2.4  Azərbaycana gələn əcnəbilər və vətəndaşlığı olmayan şəxslərin ölkələr üzrə ,Portuqaliya,2008,867.0
002_4.xls,2.4  Azərbaycana gələn əcnəbilər və vətəndaşlığı olmayan şəxslərin ölkələr üzrə ,Portuqaliya,2009,976.0
002_4.xls,2.4  Azərbaycana gələn əcnəbilər və vətəndaşlığı olmayan şəxslərin ölkələr üzrə ,Portuqaliya,2010,948.0
002_4.xls,2.4  Azərbaycana gələn əcnəbilər və vətəndaşlığı olmayan şəxslərin ölkələr üzrə ,Portuqaliya,2011,414.0
002_4.xls,2.4  Azərbaycana gələn əcnəbilər və vətəndaşlığı olmayan şəxslərin ölkələr üzrə ,Portuqaliya,2012,512.0
002_4.xls,2.4  Azərbaycana gələn əcnəbilər və vətəndaşlığı olmayan şəxslərin ölkələr üzrə ,Portuqaliya,2013,773.0
002_4.xls,2.4  Azərbaycana gələn əcnəbilər və vətəndaşlığı olmayan şəxslərin ölkələr üzrə ,Portuqaliya,2014,735.0
002_4.xls,2.4  Azərbaycana gələn əcnəbilər və vətəndaşlığı olmayan şəxslərin ölkələr üzrə ,Portuqaliya,2015,983.0
002_4.xls,2.4  Azərbaycana gələn əcnəbilər və vətəndaşlığı olmayan şəxslərin ölkələr üzrə ,Portuqaliya,2016,872.0
002_4.xls,2.4  Azərbaycana gələn əcnəbilər və vətəndaşlığı olmayan şəxslərin ölkələr üzrə ,Portuqaliya,2017,990.0
002_4.xls,2.4  Azərbaycana gələn əcnəbilər və vətəndaşlığı olmayan şəxslərin ölkələr üzrə ,Portuqaliya,2018,1324.0
002_4.xls,2.4  Azərbaycana gələn əcnəbilər və vətəndaşlığı olmayan şəxslərin ölkələr üzrə ,Portuqaliya,2019,1768.0
002_4.xls,2.4  Azərbaycana gələn əcnəbilər və vətəndaşlığı olmayan şəxslərin ölkələr üzrə ,Portuqaliya,2020,166.0
002_4.xls,2.4  Azərbaycana gələn əcnəbilər və vətəndaşlığı olmayan şəxslərin ölkələr üzrə ,Portuqaliya,2021,597.0
002_4.xls,2.4  Azərbaycana gələn əcnəbilər və vətəndaşlığı olmayan şəxslərin ölkələr üzrə ,Portuqaliya,2022,906.0
002_4.xls,2.4  Azərbaycana gələn əcnəbilər və vətəndaşlığı olmayan şəxslərin ölkələr üzrə ,Portuqaliya,2023,1487.0
002_4.xls,2.4  Azərbaycana gələn əcnəbilər və vətəndaşlığı olmayan şəxslərin ölkələr üzrə ,Portuqaliya,2024,2739.0
002_4.xls,2.4  Azərbaycana gələn əcnəbilər və vətəndaşlığı olmayan şəxslərin ölkələr üzrə ,Qatar,2008,89.0
002_4.xls,2.4  Azərbaycana gələn əcnəbilər və vətəndaşlığı olmayan şəxslərin ölkələr üzrə ,Qatar,2009,131.0
002_4.xls,2.4  Azərbaycana gələn əcnəbilər və vətəndaşlığı olmayan şəxslərin ölkələr üzrə ,Qatar,2010,83.0
002_4.xls,2.4  Azərbaycana gələn əcnəbilər və vətəndaşlığı olmayan şəxslərin ölkələr üzrə ,Qatar,2011,123.0
002_4.xls,2.4  Azərbaycana gələn əcnəbilər və vətəndaşlığı olmayan şəxslərin ölkələr üzrə ,Qatar,2012,470.0
002_4.xls,2.4  Azərbaycana gələn əcnəbilər və vətəndaşlığı olmayan şəxslərin ölkələr üzrə ,Qatar,2013,309.0
002_4.xls,2.4  Azərbaycana gələn əcnəbilər və vətəndaşlığı olmayan şəxslərin ölkələr üzrə ,Qatar,2014,292.0
002_4.xls,2.4  Azərbaycana gələn əcnəbilər və vətəndaşlığı olmayan şəxslərin ölkələr üzrə ,Qatar,2015,599.0
002_4.xls,2.4  Azərbaycana gələn əcnəbilər və vətəndaşlığı olmayan şəxslərin ölkələr üzrə ,Qatar,2016,3323.0
002_4.xls,2.4  Azərbaycana gələn əcnəbilər və vətəndaşlığı olmayan şəxslərin ölkələr üzrə ,Qatar,2017,7896.0
002_4.xls,2.4  Azərbaycana gələn əcnəbilər və vətəndaşlığı olmayan şəxslərin ölkələr üzrə ,Qatar,2018,12461.0
002_4.xls,2.4  Azərbaycana gələn əcnəbilər və vətəndaşlığı olmayan şəxslərin ölkələr üzrə ,Qatar,2019,10472.0
002_4.xls,2.4  Azərbaycana gələn əcnəbilər və vətəndaşlığı olmayan şəxslərin ölkələr üzrə ,Qatar,2020,1567.0
002_4.xls,2.4  Azərbaycana gələn əcnəbilər və vətəndaşlığı olmayan şəxslərin ölkələr üzrə ,Qatar,2021,1912.0
002_4.xls,2.4  Azərbaycana gələn əcnəbilər və vətəndaşlığı olmayan şəxslərin ölkələr üzrə ,Qatar,2022,3411.0
002_4.xls,2.4  Azərbaycana gələn əcnəbilər və vətəndaşlığı olmayan şəxslərin ölkələr üzrə ,Qatar,2023,3552.0
002_4.xls,2.4  Azərbaycana gələn əcnəbilər və vətəndaşlığı olmayan şəxslərin ölkələr üzrə ,Qatar,2024,3369.0
002_4.xls,2.4  Azərbaycana gələn əcnəbilər və vətəndaşlığı olmayan şəxslərin ölkələr üzrə ,Qazaxıstan,2008,15335.0
002_4.xls,2.4  Azərbaycana gələn əcnəbilər və vətəndaşlığı olmayan şəxslərin ölkələr üzrə ,Qazaxıstan,2009,16048.0
002_4.xls,2.4  Azərbaycana gələn əcnəbilər və vətəndaşlığı olmayan şəxslərin ölkələr üzrə ,Qazaxıstan,2010,19209.0
002_4.xls,2.4  Azərbaycana gələn əcnəbilər və vətəndaşlığı olmayan şəxslərin ölkələr üzrə ,Qazaxıstan,2011,28225.0
002_4.xls,2.4  Azərbaycana gələn əcnəbilər və vətəndaşlığı olmayan şəxslərin ölkələr üzrə ,Qazaxıstan,2012,25295.0
002_4.xls,2.4  Azərbaycana gələn əcnəbilər və vətəndaşlığı olmayan şəxslərin ölkələr üzrə ,Qazaxıstan,2013,28226.0
002_4.xls,2.4  Azərbaycana gələn əcnəbilər və vətəndaşlığı olmayan şəxslərin ölkələr üzrə ,Qazaxıstan,2014,29468.0
002_4.xls,2.4  Azərbaycana gələn əcnəbilər və vətəndaşlığı olmayan şəxslərin ölkələr üzrə ,Qazaxıstan,2015,27145.0
002_4.xls,2.4  Azərbaycana gələn əcnəbilər və vətəndaşlığı olmayan şəxslərin ölkələr üzrə ,Qazaxıstan,2016,31994.0
002_4.xls,2.4  Azərbaycana gələn əcnəbilər və vətəndaşlığı olmayan şəxslərin ölkələr üzrə ,Qazaxıstan,2017,36360.0
002_4.xls,2.4  Azərbaycana gələn əcnəbilər və vətəndaşlığı olmayan şəxslərin ölkələr üzrə ,Qazaxıstan,2018,37824.0
002_4.xls,2.4  Azərbaycana gələn əcnəbilər və vətəndaşlığı olmayan şəxslərin ölkələr üzrə ,Qazaxıstan,2019,47551.0
002_4.xls,2.4  Azərbaycana gələn əcnəbilər və vətəndaşlığı olmayan şəxslərin ölkələr üzrə ,Qazaxıstan,2020,8498.0
002_4.xls,2.4  Azərbaycana gələn əcnəbilər və vətəndaşlığı olmayan şəxslərin ölkələr üzrə ,Qazaxıstan,2021,6928.0
002_4.xls,2.4  Azərbaycana gələn əcnəbilər və vətəndaşlığı olmayan şəxslərin ölkələr üzrə ,Qazaxıstan,2022,30350.0
002_4.xls,2.4  Azərbaycana gələn əcnəbilər və vətəndaşlığı olmayan şəxslərin ölkələr üzrə ,Qazaxıstan,2023,58062.0
002_4.xls,2.4  Azərbaycana gələn əcnəbilər və vətəndaşlığı olmayan şəxslərin ölkələr üzrə ,Qazaxıstan,2024,86302.0
002_4.xls,2.4  Azərbaycana gələn əcnəbilər və vətəndaşlığı olmayan şəxslərin ölkələr üzrə ,Qırğızıstan,2008,1850.0
002_4.xls,2.4  Azərbaycana gələn əcnəbilər və vətəndaşlığı olmayan şəxslərin ölkələr üzrə ,Qırğızıstan,2009,1921.0
002_4.xls,2.4  Azərbaycana gələn əcnəbilər və vətəndaşlığı olmayan şəxslərin ölkələr üzrə ,Qırğızıstan,2010,2279.0
002_4.xls,2.4  Azərbaycana gələn əcnəbilər və vətəndaşlığı olmayan şəxslərin ölkələr üzrə ,Qırğızıstan,2011,2337.0
002_4.xls,2.4  Azərbaycana gələn əcnəbilər və vətəndaşlığı olmayan şəxslərin ölkələr üzrə ,Qırğızıstan,2012,2905.0
002_4.xls,2.4  Azərbaycana gələn əcnəbilər və vətəndaşlığı olmayan şəxslərin ölkələr üzrə ,Qırğızıstan,2013,2594.0
002_4.xls,2.4  Azərbaycana gələn əcnəbilər və vətəndaşlığı olmayan şəxslərin ölkələr üzrə ,Qırğızıstan,2014,2556.0
002_4.xls,2.4  Azərbaycana gələn əcnəbilər və vətəndaşlığı olmayan şəxslərin ölkələr üzrə ,Qırğızıstan,2015,2490.0
002_4.xls,2.4  Azərbaycana gələn əcnəbilər və vətəndaşlığı olmayan şəxslərin ölkələr üzrə ,Qırğızıstan,2016,2705.0
002_4.xls,2.4  Azərbaycana gələn əcnəbilər və vətəndaşlığı olmayan şəxslərin ölkələr üzrə ,Qırğızıstan,2017,2865.0
002_4.xls,2.4  Azərbaycana gələn əcnəbilər və vətəndaşlığı olmayan şəxslərin ölkələr üzrə ,Qırğızıstan,2018,3226.0
002_4.xls,2.4  Azərbaycana gələn əcnəbilər və vətəndaşlığı olmayan şəxslərin ölkələr üzrə ,Qırğızıstan,2019,4468.0
002_4.xls,2.4  Azərbaycana gələn əcnəbilər və vətəndaşlığı olmayan şəxslərin ölkələr üzrə ,Qırğızıstan,2020,859.0
002_4.xls,2.4  Azərbaycana gələn əcnəbilər və vətəndaşlığı olmayan şəxslərin ölkələr üzrə ,Qırğızıstan,2021,838.0
002_4.xls,2.4  Azərbaycana gələn əcnəbilər və vətəndaşlığı olmayan şəxslərin ölkələr üzrə ,Qırğızıstan,2022,3240.0
002_4.xls,2.4  Azərbaycana gələn əcnəbilər və vətəndaşlığı olmayan şəxslərin ölkələr üzrə ,Qırğızıstan,2023,5828.0
002_4.xls,2.4  Azərbaycana gələn əcnəbilər və vətəndaşlığı olmayan şəxslərin ölkələr üzrə ,Qırğızıstan,2024,8716.0
002_4.xls,2.4  Azərbaycana gələn əcnəbilər və vətəndaşlığı olmayan şəxslərin ölkələr üzrə ,Rumıniya,2008,885.0
002_4.xls,2.4  Azərbaycana gələn əcnəbilər və vətəndaşlığı olmayan şəxslərin ölkələr üzrə ,Rumıniya,2009,1039.0
002_4.xls,2.4  Azərbaycana gələn əcnəbilər və vətəndaşlığı olmayan şəxslərin ölkələr üzrə ,Rumıniya,2010,1296.0
002_4.xls,2.4  Azərbaycana gələn əcnəbilər və vətəndaşlığı olmayan şəxslərin ölkələr üzrə ,Rumıniya,2011,1417.0
002_4.xls,2.4  Azərbaycana gələn əcnəbilər və vətəndaşlığı olmayan şəxslərin ölkələr üzrə ,Rumıniya,2012,1678.0
002_4.xls,2.4  Azərbaycana gələn əcnəbilər və vətəndaşlığı olmayan şəxslərin ölkələr üzrə ,Rumıniya,2013,2053.0
002_4.xls,2.4  Azərbaycana gələn əcnəbilər və vətəndaşlığı olmayan şəxslərin ölkələr üzrə ,Rumıniya,2014,2052.0
002_4.xls,2.4  Azərbaycana gələn əcnəbilər və vətəndaşlığı olmayan şəxslərin ölkələr üzrə ,Rumıniya,2015,1967.0
002_4.xls,2.4  Azərbaycana gələn əcnəbilər və vətəndaşlığı olmayan şəxslərin ölkələr üzrə ,Rumıniya,2016,1427.0
002_4.xls,2.4  Azərbaycana gələn əcnəbilər və vətəndaşlığı olmayan şəxslərin ölkələr üzrə ,Rumıniya,2017,1735.0
002_4.xls,2.4  Azərbaycana gələn əcnəbilər və vətəndaşlığı olmayan şəxslərin ölkələr üzrə ,Rumıniya,2018,1601.0
002_4.xls,2.4  Azərbaycana gələn əcnəbilər və vətəndaşlığı olmayan şəxslərin ölkələr üzrə ,Rumıniya,2019,2644.0
002_4.xls,2.4  Azərbaycana gələn əcnəbilər və vətəndaşlığı olmayan şəxslərin ölkələr üzrə ,Rumıniya,2020,404.0
002_4.xls,2.4  Azərbaycana gələn əcnəbilər və vətəndaşlığı olmayan şəxslərin ölkələr üzrə ,Rumıniya,2021,463.0
002_4.xls,2.4  Azərbaycana gələn əcnəbilər və vətəndaşlığı olmayan şəxslərin ölkələr üzrə ,Rumıniya,2022,988.0
002_4.xls,2.4  Azərbaycana gələn əcnəbilər və vətəndaşlığı olmayan şəxslərin ölkələr üzrə ,Rumıniya,2023,2206.0
002_4.xls,2.4  Azərbaycana gələn əcnəbilər və vətəndaşlığı olmayan şəxslərin ölkələr üzrə ,Rumıniya,2024,3505.0
002_4.xls,2.4  Azərbaycana gələn əcnəbilər və vətəndaşlığı olmayan şəxslərin ölkələr üzrə ,Rusiya Federasiyası,2008,630860.0
002_4.xls,2.4  Azərbaycana gələn əcnəbilər və vətəndaşlığı olmayan şəxslərin ölkələr üzrə ,Rusiya Federasiyası,2009,598894.0
002_4.xls,2.4  Azərbaycana gələn əcnəbilər və vətəndaşlığı olmayan şəxslərin ölkələr üzrə ,Rusiya Federasiyası,2010,701110.0
002_4.xls,2.4  Azərbaycana gələn əcnəbilər və vətəndaşlığı olmayan şəxslərin ölkələr üzrə ,Rusiya Federasiyası,2011,786684.0
002_4.xls,2.4  Azərbaycana gələn əcnəbilər və vətəndaşlığı olmayan şəxslərin ölkələr üzrə ,Rusiya Federasiyası,2012,876013.0
002_4.xls,2.4  Azərbaycana gələn əcnəbilər və vətəndaşlığı olmayan şəxslərin ölkələr üzrə ,Rusiya Federasiyası,2013,903242.0
002_4.xls,2.4  Azərbaycana gələn əcnəbilər və vətəndaşlığı olmayan şəxslərin ölkələr üzrə ,Rusiya Federasiyası,2014,843851.0
002_4.xls,2.4  Azərbaycana gələn əcnəbilər və vətəndaşlığı olmayan şəxslərin ölkələr üzrə ,Rusiya Federasiyası,2015,685555.0
002_4.xls,2.4  Azərbaycana gələn əcnəbilər və vətəndaşlığı olmayan şəxslərin ölkələr üzrə ,Rusiya Federasiyası,2016,744125.0
002_4.xls,2.4  Azərbaycana gələn əcnəbilər və vətəndaşlığı olmayan şəxslərin ölkələr üzrə ,Rusiya Federasiyası,2017,854331.0
002_4.xls,2.4  Azərbaycana gələn əcnəbilər və vətəndaşlığı olmayan şəxslərin ölkələr üzrə ,Rusiya Federasiyası,2018,880029.0
002_4.xls,2.4  Azərbaycana gələn əcnəbilər və vətəndaşlığı olmayan şəxslərin ölkələr üzrə ,Rusiya Federasiyası,2019,932984.0
002_4.xls,2.4  Azərbaycana gələn əcnəbilər və vətəndaşlığı olmayan şəxslərin ölkələr üzrə ,Rusiya Federasiyası,2020,225201.0
002_4.xls,2.4  Azərbaycana gələn əcnəbilər və vətəndaşlığı olmayan şəxslərin ölkələr üzrə ,Rusiya Federasiyası,2021,258315.0
002_4.xls,2.4  Azərbaycana gələn əcnəbilər və vətəndaşlığı olmayan şəxslərin ölkələr üzrə ,Rusiya Federasiyası,2022,446712.0
002_4.xls,2.4  Azərbaycana gələn əcnəbilər və vətəndaşlığı olmayan şəxslərin ölkələr üzrə ,Rusiya Federasiyası,2023,624753.0
002_4.xls,2.4  Azərbaycana gələn əcnəbilər və vətəndaşlığı olmayan şəxslərin ölkələr üzrə ,Rusiya Federasiyası,2024,730971.0
002_4.xls,2.4  Azərbaycana gələn əcnəbilər və vətəndaşlığı olmayan şəxslərin ölkələr üzrə ,Serbiya,2010,655.0
002_4.xls,2.4  Azərbaycana gələn əcnəbilər və vətəndaşlığı olmayan şəxslərin ölkələr üzrə ,Serbiya,2011,907.0
002_4.xls,2.4  Azərbaycana gələn əcnəbilər və vətəndaşlığı olmayan şəxslərin ölkələr üzrə ,Serbiya,2012,1589.0
002_4.xls,2.4  Azərbaycana gələn əcnəbilər və vətəndaşlığı olmayan şəxslərin ölkələr üzrə ,Serbiya,2013,1407.0
002_4.xls,2.4  Azərbaycana gələn əcnəbilər və vətəndaşlığı olmayan şəxslərin ölkələr üzrə ,Serbiya,2014,1573.0
002_4.xls,2.4  Azərbaycana gələn əcnəbilər və vətəndaşlığı olmayan şəxslərin ölkələr üzrə ,Serbiya,2015,1784.0
002_4.xls,2.4  Azərbaycana gələn əcnəbilər və vətəndaşlığı olmayan şəxslərin ölkələr üzrə ,Serbiya,2016,1048.0
002_4.xls,2.4  Azərbaycana gələn əcnəbilər və vətəndaşlığı olmayan şəxslərin ölkələr üzrə ,Serbiya,2017,1198.0
002_4.xls,2.4  Azərbaycana gələn əcnəbilər və vətəndaşlığı olmayan şəxslərin ölkələr üzrə ,Serbiya,2018,1137.0
002_4.xls,2.4  Azərbaycana gələn əcnəbilər və vətəndaşlığı olmayan şəxslərin ölkələr üzrə ,Serbiya,2019,1339.0
002_4.xls,2.4  Azərbaycana gələn əcnəbilər və vətəndaşlığı olmayan şəxslərin ölkələr üzrə ,Serbiya,2020,343.0
002_4.xls,2.4  Azərbaycana gələn əcnəbilər və vətəndaşlığı olmayan şəxslərin ölkələr üzrə ,Serbiya,2021,504.0
002_4.xls,2.4  Azərbaycana gələn əcnəbilər və vətəndaşlığı olmayan şəxslərin ölkələr üzrə ,Serbiya,2022,722.0
002_4.xls,2.4  Azərbaycana gələn əcnəbilər və vətəndaşlığı olmayan şəxslərin ölkələr üzrə ,Serbiya,2023,1393.0
002_4.xls,2.4  Azərbaycana gələn əcnəbilər və vətəndaşlığı olmayan şəxslərin ölkələr üzrə ,Serbiya,2024,2125.0
002_4.xls,2.4  Azərbaycana gələn əcnəbilər və vətəndaşlığı olmayan şəxslərin ölkələr üzrə ,Səudiyyə Ərəbistanı,2008,416.0
002_4.xls,2.4  Azərbaycana gələn əcnəbilər və vətəndaşlığı olmayan şəxslərin ölkələr üzrə ,Səudiyyə Ərəbistanı,2009,290.0
002_4.xls,2.4  Azərbaycana gələn əcnəbilər və vətəndaşlığı olmayan şəxslərin ölkələr üzrə ,Səudiyyə Ərəbistanı,2010,312.0
002_4.xls,2.4  Azərbaycana gələn əcnəbilər və vətəndaşlığı olmayan şəxslərin ölkələr üzrə ,Səudiyyə Ərəbistanı,2011,284.0
002_4.xls,2.4  Azərbaycana gələn əcnəbilər və vətəndaşlığı olmayan şəxslərin ölkələr üzrə ,Səudiyyə Ərəbistanı,2012,380.0
002_4.xls,2.4  Azərbaycana gələn əcnəbilər və vətəndaşlığı olmayan şəxslərin ölkələr üzrə ,Səudiyyə Ərəbistanı,2013,479.0
002_4.xls,2.4  Azərbaycana gələn əcnəbilər və vətəndaşlığı olmayan şəxslərin ölkələr üzrə ,Səudiyyə Ərəbistanı,2014,507.0
002_4.xls,2.4  Azərbaycana gələn əcnəbilər və vətəndaşlığı olmayan şəxslərin ölkələr üzrə ,Səudiyyə Ərəbistanı,2015,727.0
002_4.xls,2.4  Azərbaycana gələn əcnəbilər və vətəndaşlığı olmayan şəxslərin ölkələr üzrə ,Səudiyyə Ərəbistanı,2016,7463.0
002_4.xls,2.4  Azərbaycana gələn əcnəbilər və vətəndaşlığı olmayan şəxslərin ölkələr üzrə ,Səudiyyə Ərəbistanı,2017,33312.0
002_4.xls,2.4  Azərbaycana gələn əcnəbilər və vətəndaşlığı olmayan şəxslərin ölkələr üzrə ,Səudiyyə Ərəbistanı,2018,73284.0
002_4.xls,2.4  Azərbaycana gələn əcnəbilər və vətəndaşlığı olmayan şəxslərin ölkələr üzrə ,Səudiyyə Ərəbistanı,2019,107230.0
002_4.xls,2.4  Azərbaycana gələn əcnəbilər və vətəndaşlığı olmayan şəxslərin ölkələr üzrə ,Səudiyyə Ərəbistanı,2020,11945.0
002_4.xls,2.4  Azərbaycana gələn əcnəbilər və vətəndaşlığı olmayan şəxslərin ölkələr üzrə ,Səudiyyə Ərəbistanı,2021,8834.0
002_4.xls,2.4  Azərbaycana gələn əcnəbilər və vətəndaşlığı olmayan şəxslərin ölkələr üzrə ,Səudiyyə Ərəbistanı,2022,96233.0
002_4.xls,2.4  Azərbaycana gələn əcnəbilər və vətəndaşlığı olmayan şəxslərin ölkələr üzrə ,Səudiyyə Ərəbistanı,2023,80675.0
002_4.xls,2.4  Azərbaycana gələn əcnəbilər və vətəndaşlığı olmayan şəxslərin ölkələr üzrə ,Səudiyyə Ərəbistanı,2024,98113.0
002_4.xls,2.4  Azərbaycana gələn əcnəbilər və vətəndaşlığı olmayan şəxslərin ölkələr üzrə ,Sinqapur,2008,254.0
002_4.xls,2.4  Azərbaycana gələn əcnəbilər və vətəndaşlığı olmayan şəxslərin ölkələr üzrə ,Sinqapur,2009,246.0
002_4.xls,2.4  Azərbaycana gələn əcnəbilər və vətəndaşlığı olmayan şəxslərin ölkələr üzrə ,Sinqapur,2010,316.0
002_4.xls,2.4  Azərbaycana gələn əcnəbilər və vətəndaşlığı olmayan şəxslərin ölkələr üzrə ,Sinqapur,2011,203.0
002_4.xls,2.4  Azərbaycana gələn əcnəbilər və vətəndaşlığı olmayan şəxslərin ölkələr üzrə ,Sinqapur,2012,315.0
002_4.xls,2.4  Azərbaycana gələn əcnəbilər və vətəndaşlığı olmayan şəxslərin ölkələr üzrə ,Sinqapur,2013,429.0
002_4.xls,2.4  Azərbaycana gələn əcnəbilər və vətəndaşlığı olmayan şəxslərin ölkələr üzrə ,Sinqapur,2014,501.0
002_4.xls,2.4  Azərbaycana gələn əcnəbilər və vətəndaşlığı olmayan şəxslərin ölkələr üzrə ,Sinqapur,2015,630.0
002_4.xls,2.4  Azərbaycana gələn əcnəbilər və vətəndaşlığı olmayan şəxslərin ölkələr üzrə ,Sinqapur,2016,860.0
002_4.xls,2.4  Azərbaycana gələn əcnəbilər və vətəndaşlığı olmayan şəxslərin ölkələr üzrə ,Sinqapur,2017,858.0
002_4.xls,2.4  Azərbaycana gələn əcnəbilər və vətəndaşlığı olmayan şəxslərin ölkələr üzrə ,Sinqapur,2018,1033.0
002_4.xls,2.4  Azərbaycana gələn əcnəbilər və vətəndaşlığı olmayan şəxslərin ölkələr üzrə ,Sinqapur,2019,1554.0
002_4.xls,2.4  Azərbaycana gələn əcnəbilər və vətəndaşlığı olmayan şəxslərin ölkələr üzrə ,Sinqapur,2020,140.0
002_4.xls,2.4  Azərbaycana gələn əcnəbilər və vətəndaşlığı olmayan şəxslərin ölkələr üzrə ,Sinqapur,2021,64.0
002_4.xls,2.4  Azərbaycana gələn əcnəbilər və vətəndaşlığı olmayan şəxslərin ölkələr üzrə ,Sinqapur,2022,403.0
002_4.xls,2.4  Azərbaycana gələn əcnəbilər və vətəndaşlığı olmayan şəxslərin ölkələr üzrə ,Sinqapur,2023,840.0
002_4.xls,2.4  Azərbaycana gələn əcnəbilər və vətəndaşlığı olmayan şəxslərin ölkələr üzrə ,Sinqapur,2024,1745.0
002_4.xls,2.4  Azərbaycana gələn əcnəbilər və vətəndaşlığı olmayan şəxslərin ölkələr üzrə ,Slovakiya,2008,405.0
002_4.xls,2.4  Azərbaycana gələn əcnəbilər və vətəndaşlığı olmayan şəxslərin ölkələr üzrə ,Slovakiya,2009,511.0
002_4.xls,2.4  Azərbaycana gələn əcnəbilər və vətəndaşlığı olmayan şəxslərin ölkələr üzrə ,Slovakiya,2010,518.0
002_4.xls,2.4  Azərbaycana gələn əcnəbilər və vətəndaşlığı olmayan şəxslərin ölkələr üzrə ,Slovakiya,2011,445.0
002_4.xls,2.4  Azərbaycana gələn əcnəbilər və vətəndaşlığı olmayan şəxslərin ölkələr üzrə ,Slovakiya,2012,622.0
002_4.xls,2.4  Azərbaycana gələn əcnəbilər və vətəndaşlığı olmayan şəxslərin ölkələr üzrə ,Slovakiya,2013,659.0
002_4.xls,2.4  Azərbaycana gələn əcnəbilər və vətəndaşlığı olmayan şəxslərin ölkələr üzrə ,Slovakiya,2014,783.0
002_4.xls,2.4  Azərbaycana gələn əcnəbilər və vətəndaşlığı olmayan şəxslərin ölkələr üzrə ,Slovakiya,2015,1111.0
002_4.xls,2.4  Azərbaycana gələn əcnəbilər və vətəndaşlığı olmayan şəxslərin ölkələr üzrə ,Slovakiya,2016,797.0
002_4.xls,2.4  Azərbaycana gələn əcnəbilər və vətəndaşlığı olmayan şəxslərin ölkələr üzrə ,Slovakiya,2017,1404.0
002_4.xls,2.4  Azərbaycana gələn əcnəbilər və vətəndaşlığı olmayan şəxslərin ölkələr üzrə ,Slovakiya,2018,1454.0
002_4.xls,2.4  Azərbaycana gələn əcnəbilər və vətəndaşlığı olmayan şəxslərin ölkələr üzrə ,Slovakiya,2019,1980.0
002_4.xls,2.4  Azərbaycana gələn əcnəbilər və vətəndaşlığı olmayan şəxslərin ölkələr üzrə ,Slovakiya,2020,194.0
002_4.xls,2.4  Azərbaycana gələn əcnəbilər və vətəndaşlığı olmayan şəxslərin ölkələr üzrə ,Slovakiya,2021,251.0
002_4.xls,2.4  Azərbaycana gələn əcnəbilər və vətəndaşlığı olmayan şəxslərin ölkələr üzrə ,Slovakiya,2022,920.0
002_4.xls,2.4  Azərbaycana gələn əcnəbilər və vətəndaşlığı olmayan şəxslərin ölkələr üzrə ,Slovakiya,2023,1299.0
002_4.xls,2.4  Azərbaycana gələn əcnəbilər və vətəndaşlığı olmayan şəxslərin ölkələr üzrə ,Slovakiya,2024,2133.0
002_4.xls,2.4  Azərbaycana gələn əcnəbilər və vətəndaşlığı olmayan şəxslərin ölkələr üzrə ,Sloveniya,2008,247.0
002_4.xls,2.4  Azərbaycana gələn əcnəbilər və vətəndaşlığı olmayan şəxslərin ölkələr üzrə ,Sloveniya,2009,254.0
002_4.xls,2.4  Azərbaycana gələn əcnəbilər və vətəndaşlığı olmayan şəxslərin ölkələr üzrə ,Sloveniya,2010,237.0
002_4.xls,2.4  Azərbaycana gələn əcnəbilər və vətəndaşlığı olmayan şəxslərin ölkələr üzrə ,Sloveniya,2011,265.0
002_4.xls,2.4  Azərbaycana gələn əcnəbilər və vətəndaşlığı olmayan şəxslərin ölkələr üzrə ,Sloveniya,2012,491.0
002_4.xls,2.4  Azərbaycana gələn əcnəbilər və vətəndaşlığı olmayan şəxslərin ölkələr üzrə ,Sloveniya,2013,675.0
002_4.xls,2.4  Azərbaycana gələn əcnəbilər və vətəndaşlığı olmayan şəxslərin ölkələr üzrə ,Sloveniya,2014,646.0
002_4.xls,2.4  Azərbaycana gələn əcnəbilər və vətəndaşlığı olmayan şəxslərin ölkələr üzrə ,Sloveniya,2015,701.0
002_4.xls,2.4  Azərbaycana gələn əcnəbilər və vətəndaşlığı olmayan şəxslərin ölkələr üzrə ,Sloveniya,2016,611.0
002_4.xls,2.4  Azərbaycana gələn əcnəbilər və vətəndaşlığı olmayan şəxslərin ölkələr üzrə ,Sloveniya,2017,623.0
002_4.xls,2.4  Azərbaycana gələn əcnəbilər və vətəndaşlığı olmayan şəxslərin ölkələr üzrə ,Sloveniya,2018,586.0
002_4.xls,2.4  Azərbaycana gələn əcnəbilər və vətəndaşlığı olmayan şəxslərin ölkələr üzrə ,Sloveniya,2019,772.0
002_4.xls,2.4  Azərbaycana gələn əcnəbilər və vətəndaşlığı olmayan şəxslərin ölkələr üzrə ,Sloveniya,2020,131.0
002_4.xls,2.4  Azərbaycana gələn əcnəbilər və vətəndaşlığı olmayan şəxslərin ölkələr üzrə ,Sloveniya,2021,152.0
002_4.xls,2.4  Azərbaycana gələn əcnəbilər və vətəndaşlığı olmayan şəxslərin ölkələr üzrə ,Sloveniya,2022,352.0
002_4.xls,2.4  Azərbaycana gələn əcnəbilər və vətəndaşlığı olmayan şəxslərin ölkələr üzrə ,Sloveniya,2023,598.0
002_4.xls,2.4  Azərbaycana gələn əcnəbilər və vətəndaşlığı olmayan şəxslərin ölkələr üzrə ,Sloveniya,2024,675.0
002_4.xls,2.4  Azərbaycana gələn əcnəbilər və vətəndaşlığı olmayan şəxslərin ölkələr üzrə ,Suriya,2008,375.0
002_4.xls,2.4  Azərbaycana gələn əcnəbilər və vətəndaşlığı olmayan şəxslərin ölkələr üzrə ,Suriya,2009,492.0
002_4.xls,2.4  Azərbaycana gələn əcnəbilər və vətəndaşlığı olmayan şəxslərin ölkələr üzrə ,Suriya,2010,390.0
002_4.xls,2.4  Azərbaycana gələn əcnəbilər və vətəndaşlığı olmayan şəxslərin ölkələr üzrə ,Suriya,2011,426.0
002_4.xls,2.4  Azərbaycana gələn əcnəbilər və vətəndaşlığı olmayan şəxslərin ölkələr üzrə ,Suriya,2012,414.0
002_4.xls,2.4  Azərbaycana gələn əcnəbilər və vətəndaşlığı olmayan şəxslərin ölkələr üzrə ,Suriya,2013,375.0
002_4.xls,2.4  Azərbaycana gələn əcnəbilər və vətəndaşlığı olmayan şəxslərin ölkələr üzrə ,Suriya,2014,313.0
002_4.xls,2.4  Azərbaycana gələn əcnəbilər və vətəndaşlığı olmayan şəxslərin ölkələr üzrə ,Suriya,2015,328.0
002_4.xls,2.4  Azərbaycana gələn əcnəbilər və vətəndaşlığı olmayan şəxslərin ölkələr üzrə ,Suriya,2016,654.0
002_4.xls,2.4  Azərbaycana gələn əcnəbilər və vətəndaşlığı olmayan şəxslərin ölkələr üzrə ,Suriya,2017,1625.0
002_4.xls,2.4  Azərbaycana gələn əcnəbilər və vətəndaşlığı olmayan şəxslərin ölkələr üzrə ,Suriya,2018,4811.0
002_4.xls,2.4  Azərbaycana gələn əcnəbilər və vətəndaşlığı olmayan şəxslərin ölkələr üzrə ,Suriya,2019,4389.0
002_4.xls,2.4  Azərbaycana gələn əcnəbilər və vətəndaşlığı olmayan şəxslərin ölkələr üzrə ,Suriya,2020,534.0
002_4.xls,2.4  Azərbaycana gələn əcnəbilər və vətəndaşlığı olmayan şəxslərin ölkələr üzrə ,Suriya,2021,944.0
002_4.xls,2.4  Azərbaycana gələn əcnəbilər və vətəndaşlığı olmayan şəxslərin ölkələr üzrə ,Suriya,2022,3702.0
002_4.xls,2.4  Azərbaycana gələn əcnəbilər və vətəndaşlığı olmayan şəxslərin ölkələr üzrə ,Suriya,2023,481.0
002_4.xls,2.4  Azərbaycana gələn əcnəbilər və vətəndaşlığı olmayan şəxslərin ölkələr üzrə ,Suriya,2024,402.0
002_4.xls,2.4  Azərbaycana gələn əcnəbilər və vətəndaşlığı olmayan şəxslərin ölkələr üzrə ,Tacikistan,2008,703.0
002_4.xls,2.4  Azərbaycana gələn əcnəbilər və vətəndaşlığı olmayan şəxslərin ölkələr üzrə ,Tacikistan,2009,675.0
002_4.xls,2.4  Azərbaycana gələn əcnəbilər və vətəndaşlığı olmayan şəxslərin ölkələr üzrə ,Tacikistan,2010,742.0
002_4.xls,2.4  Azərbaycana gələn əcnəbilər və vətəndaşlığı olmayan şəxslərin ölkələr üzrə ,Tacikistan,2011,1009.0
002_4.xls,2.4  Azərbaycana gələn əcnəbilər və vətəndaşlığı olmayan şəxslərin ölkələr üzrə ,Tacikistan,2012,1264.0
002_4.xls,2.4  Azərbaycana gələn əcnəbilər və vətəndaşlığı olmayan şəxslərin ölkələr üzrə ,Tacikistan,2013,1515.0
002_4.xls,2.4  Azərbaycana gələn əcnəbilər və vətəndaşlığı olmayan şəxslərin ölkələr üzrə ,Tacikistan,2014,1285.0
002_4.xls,2.4  Azərbaycana gələn əcnəbilər və vətəndaşlığı olmayan şəxslərin ölkələr üzrə ,Tacikistan,2015,1224.0
002_4.xls,2.4  Azərbaycana gələn əcnəbilər və vətəndaşlığı olmayan şəxslərin ölkələr üzrə ,Tacikistan,2016,1541.0
002_4.xls,2.4  Azərbaycana gələn əcnəbilər və vətəndaşlığı olmayan şəxslərin ölkələr üzrə ,Tacikistan,2017,2434.0
002_4.xls,2.4  Azərbaycana gələn əcnəbilər və vətəndaşlığı olmayan şəxslərin ölkələr üzrə ,Tacikistan,2018,2246.0
002_4.xls,2.4  Azərbaycana gələn əcnəbilər və vətəndaşlığı olmayan şəxslərin ölkələr üzrə ,Tacikistan,2019,3453.0
002_4.xls,2.4  Azərbaycana gələn əcnəbilər və vətəndaşlığı olmayan şəxslərin ölkələr üzrə ,Tacikistan,2020,1483.0
002_4.xls,2.4  Azərbaycana gələn əcnəbilər və vətəndaşlığı olmayan şəxslərin ölkələr üzrə ,Tacikistan,2021,819.0
002_4.xls,2.4  Azərbaycana gələn əcnəbilər və vətəndaşlığı olmayan şəxslərin ölkələr üzrə ,Tacikistan,2022,2733.0
002_4.xls,2.4  Azərbaycana gələn əcnəbilər və vətəndaşlığı olmayan şəxslərin ölkələr üzrə ,Tacikistan,2023,5008.0
002_4.xls,2.4  Azərbaycana gələn əcnəbilər və vətəndaşlığı olmayan şəxslərin ölkələr üzrə ,Tacikistan,2024,6094.0
002_4.xls,2.4  Azərbaycana gələn əcnəbilər və vətəndaşlığı olmayan şəxslərin ölkələr üzrə ,Tayland,2008,309.0
002_4.xls,2.4  Azərbaycana gələn əcnəbilər və vətəndaşlığı olmayan şəxslərin ölkələr üzrə ,Tayland,2009,245.0
002_4.xls,2.4  Azərbaycana gələn əcnəbilər və vətəndaşlığı olmayan şəxslərin ölkələr üzrə ,Tayland,2010,298.0
002_4.xls,2.4  Azərbaycana gələn əcnəbilər və vətəndaşlığı olmayan şəxslərin ölkələr üzrə ,Tayland,2011,207.0
002_4.xls,2.4  Azərbaycana gələn əcnəbilər və vətəndaşlığı olmayan şəxslərin ölkələr üzrə ,Tayland,2012,386.0
002_4.xls,2.4  Azərbaycana gələn əcnəbilər və vətəndaşlığı olmayan şəxslərin ölkələr üzrə ,Tayland,2013,481.0
002_4.xls,2.4  Azərbaycana gələn əcnəbilər və vətəndaşlığı olmayan şəxslərin ölkələr üzrə ,Tayland,2014,324.0
002_4.xls,2.4  Azərbaycana gələn əcnəbilər və vətəndaşlığı olmayan şəxslərin ölkələr üzrə ,Tayland,2015,374.0
002_4.xls,2.4  Azərbaycana gələn əcnəbilər və vətəndaşlığı olmayan şəxslərin ölkələr üzrə ,Tayland,2016,550.0
002_4.xls,2.4  Azərbaycana gələn əcnəbilər və vətəndaşlığı olmayan şəxslərin ölkələr üzrə ,Tayland,2017,604.0
002_4.xls,2.4  Azərbaycana gələn əcnəbilər və vətəndaşlığı olmayan şəxslərin ölkələr üzrə ,Tayland,2018,630.0
002_4.xls,2.4  Azərbaycana gələn əcnəbilər və vətəndaşlığı olmayan şəxslərin ölkələr üzrə ,Tayland,2019,1388.0
002_4.xls,2.4  Azərbaycana gələn əcnəbilər və vətəndaşlığı olmayan şəxslərin ölkələr üzrə ,Tayland,2020,220.0
002_4.xls,2.4  Azərbaycana gələn əcnəbilər və vətəndaşlığı olmayan şəxslərin ölkələr üzrə ,Tayland,2021,56.0
002_4.xls,2.4  Azərbaycana gələn əcnəbilər və vətəndaşlığı olmayan şəxslərin ölkələr üzrə ,Tayland,2022,330.0
002_4.xls,2.4  Azərbaycana gələn əcnəbilər və vətəndaşlığı olmayan şəxslərin ölkələr üzrə ,Tayland,2023,699.0
002_4.xls,2.4  Azərbaycana gələn əcnəbilər və vətəndaşlığı olmayan şəxslərin ölkələr üzrə ,Tayland,2024,963.0
002_4.xls,2.4  Azərbaycana gələn əcnəbilər və vətəndaşlığı olmayan şəxslərin ölkələr üzrə ,Trinidad və Tobaqo,2008,168.0
002_4.xls,2.4  Azərbaycana gələn əcnəbilər və vətəndaşlığı olmayan şəxslərin ölkələr üzrə ,Trinidad və Tobaqo,2009,253.0
002_4.xls,2.4  Azərbaycana gələn əcnəbilər və vətəndaşlığı olmayan şəxslərin ölkələr üzrə ,Trinidad və Tobaqo,2010,274.0
002_4.xls,2.4  Azərbaycana gələn əcnəbilər və vətəndaşlığı olmayan şəxslərin ölkələr üzrə ,Trinidad və Tobaqo,2011,336.0
002_4.xls,2.4  Azərbaycana gələn əcnəbilər və vətəndaşlığı olmayan şəxslərin ölkələr üzrə ,Trinidad və Tobaqo,2012,276.0
002_4.xls,2.4  Azərbaycana gələn əcnəbilər və vətəndaşlığı olmayan şəxslərin ölkələr üzrə ,Trinidad və Tobaqo,2013,340.0
002_4.xls,2.4  Azərbaycana gələn əcnəbilər və vətəndaşlığı olmayan şəxslərin ölkələr üzrə ,Trinidad və Tobaqo,2014,329.0
002_4.xls,2.4  Azərbaycana gələn əcnəbilər və vətəndaşlığı olmayan şəxslərin ölkələr üzrə ,Trinidad və Tobaqo,2015,282.0
002_4.xls,2.4  Azərbaycana gələn əcnəbilər və vətəndaşlığı olmayan şəxslərin ölkələr üzrə ,Trinidad və Tobaqo,2016,226.0
002_4.xls,2.4  Azərbaycana gələn əcnəbilər və vətəndaşlığı olmayan şəxslərin ölkələr üzrə ,Trinidad və Tobaqo,2017,162.0
002_4.xls,2.4  Azərbaycana gələn əcnəbilər və vətəndaşlığı olmayan şəxslərin ölkələr üzrə ,Trinidad və Tobaqo,2018,171.0
002_4.xls,2.4  Azərbaycana gələn əcnəbilər və vətəndaşlığı olmayan şəxslərin ölkələr üzrə ,Trinidad və Tobaqo,2019,248.0
002_4.xls,2.4  Azərbaycana gələn əcnəbilər və vətəndaşlığı olmayan şəxslərin ölkələr üzrə ,Trinidad və Tobaqo,2020,51.0
002_4.xls,2.4  Azərbaycana gələn əcnəbilər və vətəndaşlığı olmayan şəxslərin ölkələr üzrə ,Trinidad və Tobaqo,2021,46.0
002_4.xls,2.4  Azərbaycana gələn əcnəbilər və vətəndaşlığı olmayan şəxslərin ölkələr üzrə ,Trinidad və Tobaqo,2022,81.0
002_4.xls,2.4  Azərbaycana gələn əcnəbilər və vətəndaşlığı olmayan şəxslərin ölkələr üzrə ,Trinidad və Tobaqo,2023,123.0
002_4.xls,2.4  Azərbaycana gələn əcnəbilər və vətəndaşlığı olmayan şəxslərin ölkələr üzrə ,Trinidad və Tobaqo,2024,179.0
002_4.xls,2.4  Azərbaycana gələn əcnəbilər və vətəndaşlığı olmayan şəxslərin ölkələr üzrə ,Türkiyə,2008,157827.0
002_4.xls,2.4  Azərbaycana gələn əcnəbilər və vətəndaşlığı olmayan şəxslərin ölkələr üzrə ,Türkiyə,2009,177308.0
002_4.xls,2.4  Azərbaycana gələn əcnəbilər və vətəndaşlığı olmayan şəxslərin ölkələr üzrə ,Türkiyə,2010,214594.0
002_4.xls,2.4  Azərbaycana gələn əcnəbilər və vətəndaşlığı olmayan şəxslərin ölkələr üzrə ,Türkiyə,2011,242606.0
002_4.xls,2.4  Azərbaycana gələn əcnəbilər və vətəndaşlığı olmayan şəxslərin ölkələr üzrə ,Türkiyə,2012,295549.0
002_4.xls,2.4  Azərbaycana gələn əcnəbilər və vətəndaşlığı olmayan şəxslərin ölkələr üzrə ,Türkiyə,2013,361413.0
002_4.xls,2.4  Azərbaycana gələn əcnəbilər və vətəndaşlığı olmayan şəxslərin ölkələr üzrə ,Türkiyə,2014,314476.0
002_4.xls,2.4  Azərbaycana gələn əcnəbilər və vətəndaşlığı olmayan şəxslərin ölkələr üzrə ,Türkiyə,2015,288620.0
002_4.xls,2.4  Azərbaycana gələn əcnəbilər və vətəndaşlığı olmayan şəxslərin ölkələr üzrə ,Türkiyə,2016,313341.0
002_4.xls,2.4  Azərbaycana gələn əcnəbilər və vətəndaşlığı olmayan şəxslərin ölkələr üzrə ,Türkiyə,2017,301924.0
002_4.xls,2.4  Azərbaycana gələn əcnəbilər və vətəndaşlığı olmayan şəxslərin ölkələr üzrə ,Türkiyə,2018,291499.0
002_4.xls,2.4  Azərbaycana gələn əcnəbilər və vətəndaşlığı olmayan şəxslərin ölkələr üzrə ,Türkiyə,2019,316628.0
002_4.xls,2.4  Azərbaycana gələn əcnəbilər və vətəndaşlığı olmayan şəxslərin ölkələr üzrə ,Türkiyə,2020,160504.0
002_4.xls,2.4  Azərbaycana gələn əcnəbilər və vətəndaşlığı olmayan şəxslərin ölkələr üzrə ,Türkiyə,2021,197907.0
002_4.xls,2.4  Azərbaycana gələn əcnəbilər və vətəndaşlığı olmayan şəxslərin ölkələr üzrə ,Türkiyə,2022,311804.0
002_4.xls,2.4  Azərbaycana gələn əcnəbilər və vətəndaşlığı olmayan şəxslərin ölkələr üzrə ,Türkiyə,2023,378045.0
002_4.xls,2.4  Azərbaycana gələn əcnəbilər və vətəndaşlığı olmayan şəxslərin ölkələr üzrə ,Türkiyə,2024,426132.0
002_4.xls,2.4  Azərbaycana gələn əcnəbilər və vətəndaşlığı olmayan şəxslərin ölkələr üzrə ,Türkmənistan,2008,5155.0
002_4.xls,2.4  Azərbaycana gələn əcnəbilər və vətəndaşlığı olmayan şəxslərin ölkələr üzrə ,Türkmənistan,2009,3687.0
002_4.xls,2.4  Azərbaycana gələn əcnəbilər və vətəndaşlığı olmayan şəxslərin ölkələr üzrə ,Türkmənistan,2010,4072.0
002_4.xls,2.4  Azərbaycana gələn əcnəbilər və vətəndaşlığı olmayan şəxslərin ölkələr üzrə ,Türkmənistan,2011,3969.0
002_4.xls,2.4  Azərbaycana gələn əcnəbilər və vətəndaşlığı olmayan şəxslərin ölkələr üzrə ,Türkmənistan,2012,4906.0
002_4.xls,2.4  Azərbaycana gələn əcnəbilər və vətəndaşlığı olmayan şəxslərin ölkələr üzrə ,Türkmənistan,2013,4766.0
002_4.xls,2.4  Azərbaycana gələn əcnəbilər və vətəndaşlığı olmayan şəxslərin ölkələr üzrə ,Türkmənistan,2014,5398.0
002_4.xls,2.4  Azərbaycana gələn əcnəbilər və vətəndaşlığı olmayan şəxslərin ölkələr üzrə ,Türkmənistan,2015,6800.0
002_4.xls,2.4  Azərbaycana gələn əcnəbilər və vətəndaşlığı olmayan şəxslərin ölkələr üzrə ,Türkmənistan,2016,7637.0
002_4.xls,2.4  Azərbaycana gələn əcnəbilər və vətəndaşlığı olmayan şəxslərin ölkələr üzrə ,Türkmənistan,2017,17101.0
002_4.xls,2.4  Azərbaycana gələn əcnəbilər və vətəndaşlığı olmayan şəxslərin ölkələr üzrə ,Türkmənistan,2018,28305.0
002_4.xls,2.4  Azərbaycana gələn əcnəbilər və vətəndaşlığı olmayan şəxslərin ölkələr üzrə ,Türkmənistan,2019,52127.0
002_4.xls,2.4  Azərbaycana gələn əcnəbilər və vətəndaşlığı olmayan şəxslərin ölkələr üzrə ,Türkmənistan,2020,8257.0
002_4.xls,2.4  Azərbaycana gələn əcnəbilər və vətəndaşlığı olmayan şəxslərin ölkələr üzrə ,Türkmənistan,2021,2738.0
002_4.xls,2.4  Azərbaycana gələn əcnəbilər və vətəndaşlığı olmayan şəxslərin ölkələr üzrə ,Türkmənistan,2022,11188.0
002_4.xls,2.4  Azərbaycana gələn əcnəbilər və vətəndaşlığı olmayan şəxslərin ölkələr üzrə ,Türkmənistan,2023,26010.0
002_4.xls,2.4  Azərbaycana gələn əcnəbilər və vətəndaşlığı olmayan şəxslərin ölkələr üzrə ,Türkmənistan,2024,33020.0
002_4.xls,2.4  Azərbaycana gələn əcnəbilər və vətəndaşlığı olmayan şəxslərin ölkələr üzrə ,Ukrayna,2008,28420.0
002_4.xls,2.4  Azərbaycana gələn əcnəbilər və vətəndaşlığı olmayan şəxslərin ölkələr üzrə ,Ukrayna,2009,28606.0
002_4.xls,2.4  Azərbaycana gələn əcnəbilər və vətəndaşlığı olmayan şəxslərin ölkələr üzrə ,Ukrayna,2010,31500.0
002_4.xls,2.4  Azərbaycana gələn əcnəbilər və vətəndaşlığı olmayan şəxslərin ölkələr üzrə ,Ukrayna,2011,40030.0
002_4.xls,2.4  Azərbaycana gələn əcnəbilər və vətəndaşlığı olmayan şəxslərin ölkələr üzrə ,Ukrayna,2012,42393.0
002_4.xls,2.4  Azərbaycana gələn əcnəbilər və vətəndaşlığı olmayan şəxslərin ölkələr üzrə ,Ukrayna,2013,51802.0
002_4.xls,2.4  Azərbaycana gələn əcnəbilər və vətəndaşlığı olmayan şəxslərin ölkələr üzrə ,Ukrayna,2014,58201.0
002_4.xls,2.4  Azərbaycana gələn əcnəbilər və vətəndaşlığı olmayan şəxslərin ölkələr üzrə ,Ukrayna,2015,55119.0
002_4.xls,2.4  Azərbaycana gələn əcnəbilər və vətəndaşlığı olmayan şəxslərin ölkələr üzrə ,Ukrayna,2016,55508.0
002_4.xls,2.4  Azərbaycana gələn əcnəbilər və vətəndaşlığı olmayan şəxslərin ölkələr üzrə ,Ukrayna,2017,57818.0
002_4.xls,2.4  Azərbaycana gələn əcnəbilər və vətəndaşlığı olmayan şəxslərin ölkələr üzrə ,Ukrayna,2018,57707.0
002_4.xls,2.4  Azərbaycana gələn əcnəbilər və vətəndaşlığı olmayan şəxslərin ölkələr üzrə ,Ukrayna,2019,59116.0
002_4.xls,2.4  Azərbaycana gələn əcnəbilər və vətəndaşlığı olmayan şəxslərin ölkələr üzrə ,Ukrayna,2020,16953.0
002_4.xls,2.4  Azərbaycana gələn əcnəbilər və vətəndaşlığı olmayan şəxslərin ölkələr üzrə ,Ukrayna,2021,17428.0
002_4.xls,2.4  Azərbaycana gələn əcnəbilər və vətəndaşlığı olmayan şəxslərin ölkələr üzrə ,Ukrayna,2022,27741.0
002_4.xls,2.4  Azərbaycana gələn əcnəbilər və vətəndaşlığı olmayan şəxslərin ölkələr üzrə ,Ukrayna,2023,31267.0
002_4.xls,2.4  Azərbaycana gələn əcnəbilər və vətəndaşlığı olmayan şəxslərin ölkələr üzrə ,Ukrayna,2024,36144.0
002_4.xls,2.4  Azərbaycana gələn əcnəbilər və vətəndaşlığı olmayan şəxslərin ölkələr üzrə ,Venesuela,2008,150.0
002_4.xls,2.4  Azərbaycana gələn əcnəbilər və vətəndaşlığı olmayan şəxslərin ölkələr üzrə ,Venesuela,2009,209.0
002_4.xls,2.4  Azərbaycana gələn əcnəbilər və vətəndaşlığı olmayan şəxslərin ölkələr üzrə ,Venesuela,2010,187.0
002_4.xls,2.4  Azərbaycana gələn əcnəbilər və vətəndaşlığı olmayan şəxslərin ölkələr üzrə ,Venesuela,2011,174.0
002_4.xls,2.4  Azərbaycana gələn əcnəbilər və vətəndaşlığı olmayan şəxslərin ölkələr üzrə ,Venesuela,2012,125.0
002_4.xls,2.4  Azərbaycana gələn əcnəbilər və vətəndaşlığı olmayan şəxslərin ölkələr üzrə ,Venesuela,2013,203.0
002_4.xls,2.4  Azərbaycana gələn əcnəbilər və vətəndaşlığı olmayan şəxslərin ölkələr üzrə ,Venesuela,2014,248.0
002_4.xls,2.4  Azərbaycana gələn əcnəbilər və vətəndaşlığı olmayan şəxslərin ölkələr üzrə ,Venesuela,2015,288.0
002_4.xls,2.4  Azərbaycana gələn əcnəbilər və vətəndaşlığı olmayan şəxslərin ölkələr üzrə ,Venesuela,2016,436.0
002_4.xls,2.4  Azərbaycana gələn əcnəbilər və vətəndaşlığı olmayan şəxslərin ölkələr üzrə ,Venesuela,2017,287.0
002_4.xls,2.4  Azərbaycana gələn əcnəbilər və vətəndaşlığı olmayan şəxslərin ölkələr üzrə ,Venesuela,2018,301.0
002_4.xls,2.4  Azərbaycana gələn əcnəbilər və vətəndaşlığı olmayan şəxslərin ölkələr üzrə ,Venesuela,2019,409.0
002_4.xls,2.4  Azərbaycana gələn əcnəbilər və vətəndaşlığı olmayan şəxslərin ölkələr üzrə ,Venesuela,2020,51.0
002_4.xls,2.4  Azərbaycana gələn əcnəbilər və vətəndaşlığı olmayan şəxslərin ölkələr üzrə ,Venesuela,2021,83.0
002_4.xls,2.4  Azərbaycana gələn əcnəbilər və vətəndaşlığı olmayan şəxslərin ölkələr üzrə ,Venesuela,2022,328.0
002_4.xls,2.4  Azərbaycana gələn əcnəbilər və vətəndaşlığı olmayan şəxslərin ölkələr üzrə ,Venesuela,2023,227.0
002_4.xls,2.4  Azərbaycana gələn əcnəbilər və vətəndaşlığı olmayan şəxslərin ölkələr üzrə ,Venesuela,2024,179.0
002_4.xls,2.4  Azərbaycana gələn əcnəbilər və vətəndaşlığı olmayan şəxslərin ölkələr üzrə ,Vyetnam,2008,53.0
002_4.xls,2.4  Azərbaycana gələn əcnəbilər və vətəndaşlığı olmayan şəxslərin ölkələr üzrə ,Vyetnam,2009,95.0
002_4.xls,2.4  Azərbaycana gələn əcnəbilər və vətəndaşlığı olmayan şəxslərin ölkələr üzrə ,Vyetnam,2010,178.0
002_4.xls,2.4  Azərbaycana gələn əcnəbilər və vətəndaşlığı olmayan şəxslərin ölkələr üzrə ,Vyetnam,2011,252.0
002_4.xls,2.4  Azərbaycana gələn əcnəbilər və vətəndaşlığı olmayan şəxslərin ölkələr üzrə ,Vyetnam,2012,309.0
002_4.xls,2.4  Azərbaycana gələn əcnəbilər və vətəndaşlığı olmayan şəxslərin ölkələr üzrə ,Vyetnam,2013,203.0
002_4.xls,2.4  Azərbaycana gələn əcnəbilər və vətəndaşlığı olmayan şəxslərin ölkələr üzrə ,Vyetnam,2014,184.0
002_4.xls,2.4  Azərbaycana gələn əcnəbilər və vətəndaşlığı olmayan şəxslərin ölkələr üzrə ,Vyetnam,2015,459.0
002_4.xls,2.4  Azərbaycana gələn əcnəbilər və vətəndaşlığı olmayan şəxslərin ölkələr üzrə ,Vyetnam,2016,146.0
002_4.xls,2.4  Azərbaycana gələn əcnəbilər və vətəndaşlığı olmayan şəxslərin ölkələr üzrə ,Vyetnam,2017,248.0
002_4.xls,2.4  Azərbaycana gələn əcnəbilər və vətəndaşlığı olmayan şəxslərin ölkələr üzrə ,Vyetnam,2018,322.0
002_4.xls,2.4  Azərbaycana gələn əcnəbilər və vətəndaşlığı olmayan şəxslərin ölkələr üzrə ,Vyetnam,2019,728.0
002_4.xls,2.4  Azərbaycana gələn əcnəbilər və vətəndaşlığı olmayan şəxslərin ölkələr üzrə ,Vyetnam,2020,35.0
002_4.xls,2.4  Azərbaycana gələn əcnəbilər və vətəndaşlığı olmayan şəxslərin ölkələr üzrə ,Vyetnam,2021,14.0
002_4.xls,2.4  Azərbaycana gələn əcnəbilər və vətəndaşlığı olmayan şəxslərin ölkələr üzrə ,Vyetnam,2022,146.0
002_4.xls,2.4  Azərbaycana gələn əcnəbilər və vətəndaşlığı olmayan şəxslərin ölkələr üzrə ,Vyetnam,2023,402.0
002_4.xls,2.4  Azərbaycana gələn əcnəbilər və vətəndaşlığı olmayan şəxslərin ölkələr üzrə ,Vyetnam,2024,579.0
002_4.xls,2.4  Azərbaycana gələn əcnəbilər və vətəndaşlığı olmayan şəxslərin ölkələr üzrə ,Xorvatiya,2008,519.0
002_4.xls,2.4  Azərbaycana gələn əcnəbilər və vətəndaşlığı olmayan şəxslərin ölkələr üzrə ,Xorvatiya,2009,415.0
002_4.xls,2.4  Azərbaycana gələn əcnəbilər və vətəndaşlığı olmayan şəxslərin ölkələr üzrə ,Xorvatiya,2010,497.0
002_4.xls,2.4  Azərbaycana gələn əcnəbilər və vətəndaşlığı olmayan şəxslərin ölkələr üzrə ,Xorvatiya,2011,730.0
002_4.xls,2.4  Azərbaycana gələn əcnəbilər və vətəndaşlığı olmayan şəxslərin ölkələr üzrə ,Xorvatiya,2012,1092.0
002_4.xls,2.4  Azərbaycana gələn əcnəbilər və vətəndaşlığı olmayan şəxslərin ölkələr üzrə ,Xorvatiya,2013,1126.0
002_4.xls,2.4  Azərbaycana gələn əcnəbilər və vətəndaşlığı olmayan şəxslərin ölkələr üzrə ,Xorvatiya,2014,1326.0
002_4.xls,2.4  Azərbaycana gələn əcnəbilər və vətəndaşlığı olmayan şəxslərin ölkələr üzrə ,Xorvatiya,2015,1635.0
002_4.xls,2.4  Azərbaycana gələn əcnəbilər və vətəndaşlığı olmayan şəxslərin ölkələr üzrə ,Xorvatiya,2016,1185.0
002_4.xls,2.4  Azərbaycana gələn əcnəbilər və vətəndaşlığı olmayan şəxslərin ölkələr üzrə ,Xorvatiya,2017,1126.0
002_4.xls,2.4  Azərbaycana gələn əcnəbilər və vətəndaşlığı olmayan şəxslərin ölkələr üzrə ,Xorvatiya,2018,1053.0
002_4.xls,2.4  Azərbaycana gələn əcnəbilər və vətəndaşlığı olmayan şəxslərin ölkələr üzrə ,Xorvatiya,2019,1866.0
002_4.xls,2.4  Azərbaycana gələn əcnəbilər və vətəndaşlığı olmayan şəxslərin ölkələr üzrə ,Xorvatiya,2020,558.0
002_4.xls,2.4  Azərbaycana gələn əcnəbilər və vətəndaşlığı olmayan şəxslərin ölkələr üzrə ,Xorvatiya,2021,660.0
002_4.xls,2.4  Azərbaycana gələn əcnəbilər və vətəndaşlığı olmayan şəxslərin ölkələr üzrə ,Xorvatiya,2022,883.0
002_4.xls,2.4  Azərbaycana gələn əcnəbilər və vətəndaşlığı olmayan şəxslərin ölkələr üzrə ,Xorvatiya,2023,1051.0
002_4.xls,2.4  Azərbaycana gələn əcnəbilər və vətəndaşlığı olmayan şəxslərin ölkələr üzrə ,Xorvatiya,2024,1344.0
002_4.xls,2.4  Azərbaycana gələn əcnəbilər və vətəndaşlığı olmayan şəxslərin ölkələr üzrə ,Yaponiya,2008,1434.0
002_4.xls,2.4  Azərbaycana gələn əcnəbilər və vətəndaşlığı olmayan şəxslərin ölkələr üzrə ,Yaponiya,2009,1076.0
002_4.xls,2.4  Azərbaycana gələn əcnəbilər və vətəndaşlığı olmayan şəxslərin ölkələr üzrə ,Yaponiya,2010,1809.0
002_4.xls,2.4  Azərbaycana gələn əcnəbilər və vətəndaşlığı olmayan şəxslərin ölkələr üzrə ,Yaponiya,2011,2098.0
002_4.xls,2.4  Azərbaycana gələn əcnəbilər və vətəndaşlığı olmayan şəxslərin ölkələr üzrə ,Yaponiya,2012,2230.0
002_4.xls,2.4  Azərbaycana gələn əcnəbilər və vətəndaşlığı olmayan şəxslərin ölkələr üzrə ,Yaponiya,2013,2471.0
002_4.xls,2.4  Azərbaycana gələn əcnəbilər və vətəndaşlığı olmayan şəxslərin ölkələr üzrə ,Yaponiya,2014,2607.0
002_4.xls,2.4  Azərbaycana gələn əcnəbilər və vətəndaşlığı olmayan şəxslərin ölkələr üzrə ,Yaponiya,2015,3277.0
002_4.xls,2.4  Azərbaycana gələn əcnəbilər və vətəndaşlığı olmayan şəxslərin ölkələr üzrə ,Yaponiya,2016,3383.0
002_4.xls,2.4  Azərbaycana gələn əcnəbilər və vətəndaşlığı olmayan şəxslərin ölkələr üzrə ,Yaponiya,2017,4347.0
002_4.xls,2.4  Azərbaycana gələn əcnəbilər və vətəndaşlığı olmayan şəxslərin ölkələr üzrə ,Yaponiya,2018,5539.0
002_4.xls,2.4  Azərbaycana gələn əcnəbilər və vətəndaşlığı olmayan şəxslərin ölkələr üzrə ,Yaponiya,2019,6143.0
002_4.xls,2.4  Azərbaycana gələn əcnəbilər və vətəndaşlığı olmayan şəxslərin ölkələr üzrə ,Yaponiya,2020,604.0
002_4.xls,2.4  Azərbaycana gələn əcnəbilər və vətəndaşlığı olmayan şəxslərin ölkələr üzrə ,Yaponiya,2021,398.0
002_4.xls,2.4  Azərbaycana gələn əcnəbilər və vətəndaşlığı olmayan şəxslərin ölkələr üzrə ,Yaponiya,2022,1025.0
002_4.xls,2.4  Azərbaycana gələn əcnəbilər və vətəndaşlığı olmayan şəxslərin ölkələr üzrə ,Yaponiya,2023,2321.0
002_4.xls,2.4  Azərbaycana gələn əcnəbilər və vətəndaşlığı olmayan şəxslərin ölkələr üzrə ,Yaponiya,2024,3816.0
002_4.xls,2.4  Azərbaycana gələn əcnəbilər və vətəndaşlığı olmayan şəxslərin ölkələr üzrə ,Yeni Zelandiya,2008,380.0
002_4.xls,2.4  Azərbaycana gələn əcnəbilər və vətəndaşlığı olmayan şəxslərin ölkələr üzrə ,Yeni Zelandiya,2009,281.0
002_4.xls,2.4  Azərbaycana gələn əcnəbilər və vətəndaşlığı olmayan şəxslərin ölkələr üzrə ,Yeni Zelandiya,2010,297.0
002_4.xls,2.4  Azərbaycana gələn əcnəbilər və vətəndaşlığı olmayan şəxslərin ölkələr üzrə ,Yeni Zelandiya,2011,356.0
002_4.xls,2.4  Azərbaycana gələn əcnəbilər və vətəndaşlığı olmayan şəxslərin ölkələr üzrə ,Yeni Zelandiya,2012,449.0
002_4.xls,2.4  Azərbaycana gələn əcnəbilər və vətəndaşlığı olmayan şəxslərin ölkələr üzrə ,Yeni Zelandiya,2013,492.0
002_4.xls,2.4  Azərbaycana gələn əcnəbilər və vətəndaşlığı olmayan şəxslərin ölkələr üzrə ,Yeni Zelandiya,2014,450.0
002_4.xls,2.4  Azərbaycana gələn əcnəbilər və vətəndaşlığı olmayan şəxslərin ölkələr üzrə ,Yeni Zelandiya,2015,520.0
002_4.xls,2.4  Azərbaycana gələn əcnəbilər və vətəndaşlığı olmayan şəxslərin ölkələr üzrə ,Yeni Zelandiya,2016,480.0
002_4.xls,2.4  Azərbaycana gələn əcnəbilər və vətəndaşlığı olmayan şəxslərin ölkələr üzrə ,Yeni Zelandiya,2017,473.0
002_4.xls,2.4  Azərbaycana gələn əcnəbilər və vətəndaşlığı olmayan şəxslərin ölkələr üzrə ,Yeni Zelandiya,2018,869.0
002_4.xls,2.4  Azərbaycana gələn əcnəbilər və vətəndaşlığı olmayan şəxslərin ölkələr üzrə ,Yeni Zelandiya,2019,813.0
002_4.xls,2.4  Azərbaycana gələn əcnəbilər və vətəndaşlığı olmayan şəxslərin ölkələr üzrə ,Yeni Zelandiya,2020,169.0
002_4.xls,2.4  Azərbaycana gələn əcnəbilər və vətəndaşlığı olmayan şəxslərin ölkələr üzrə ,Yeni Zelandiya,2021,113.0
002_4.xls,2.4  Azərbaycana gələn əcnəbilər və vətəndaşlığı olmayan şəxslərin ölkələr üzrə ,Yeni Zelandiya,2022,344.0
002_4.xls,2.4  Azərbaycana gələn əcnəbilər və vətəndaşlığı olmayan şəxslərin ölkələr üzrə ,Yeni Zelandiya,2023,531.0
002_4.xls,2.4  Azərbaycana gələn əcnəbilər və vətəndaşlığı olmayan şəxslərin ölkələr üzrə ,Yeni Zelandiya,2024,825.0
002_4.xls,2.4  Azərbaycana gələn əcnəbilər və vətəndaşlığı olmayan şəxslərin ölkələr üzrə ,Yunanıstan,2008,680.0
002_4.xls,2.4  Azərbaycana gələn əcnəbilər və vətəndaşlığı olmayan şəxslərin ölkələr üzrə ,Yunanıstan,2009,736.0
002_4.xls,2.4  Azərbaycana gələn əcnəbilər və vətəndaşlığı olmayan şəxslərin ölkələr üzrə ,Yunanıstan,2010,729.0
002_4.xls,2.4  Azərbaycana gələn əcnəbilər və vətəndaşlığı olmayan şəxslərin ölkələr üzrə ,Yunanıstan,2011,832.0
002_4.xls,2.4  Azərbaycana gələn əcnəbilər və vətəndaşlığı olmayan şəxslərin ölkələr üzrə ,Yunanıstan,2012,1213.0
002_4.xls,2.4  Azərbaycana gələn əcnəbilər və vətəndaşlığı olmayan şəxslərin ölkələr üzrə ,Yunanıstan,2013,1320.0
002_4.xls,2.4  Azərbaycana gələn əcnəbilər və vətəndaşlığı olmayan şəxslərin ölkələr üzrə ,Yunanıstan,2014,1712.0
002_4.xls,2.4  Azərbaycana gələn əcnəbilər və vətəndaşlığı olmayan şəxslərin ölkələr üzrə ,Yunanıstan,2015,2112.0
002_4.xls,2.4  Azərbaycana gələn əcnəbilər və vətəndaşlığı olmayan şəxslərin ölkələr üzrə ,Yunanıstan,2016,1276.0
002_4.xls,2.4  Azərbaycana gələn əcnəbilər və vətəndaşlığı olmayan şəxslərin ölkələr üzrə ,Yunanıstan,2017,1464.0
002_4.xls,2.4  Azərbaycana gələn əcnəbilər və vətəndaşlığı olmayan şəxslərin ölkələr üzrə ,Yunanıstan,2018,1519.0
002_4.xls,2.4  Azərbaycana gələn əcnəbilər və vətəndaşlığı olmayan şəxslərin ölkələr üzrə ,Yunanıstan,2019,1956.0
002_4.xls,2.4  Azərbaycana gələn əcnəbilər və vətəndaşlığı olmayan şəxslərin ölkələr üzrə ,Yunanıstan,2020,325.0
002_4.xls,2.4  Azərbaycana gələn əcnəbilər və vətəndaşlığı olmayan şəxslərin ölkələr üzrə ,Yunanıstan,2021,345.0
002_4.xls,2.4  Azərbaycana gələn əcnəbilər və vətəndaşlığı olmayan şəxslərin ölkələr üzrə ,Yunanıstan,2022,715.0
002_4.xls,2.4  Azərbaycana gələn əcnəbilər və vətəndaşlığı olmayan şəxslərin ölkələr üzrə ,Yunanıstan,2023,1530.0
002_4.xls,2.4  Azərbaycana gələn əcnəbilər və vətəndaşlığı olmayan şəxslərin ölkələr üzrə ,Yunanıstan,2024,1948.0
002_4.xls,2.4  Azərbaycana gələn əcnəbilər və vətəndaşlığı olmayan şəxslərin ölkələr üzrə ,Digər ölkələr,2008,5142.0
002_4.xls,2.4  Azərbaycana gələn əcnəbilər və vətəndaşlığı olmayan şəxslərin ölkələr üzrə ,Digər ölkələr,2009,4852.0
002_4.xls,2.4  Azərbaycana gələn əcnəbilər və vətəndaşlığı olmayan şəxslərin ölkələr üzrə ,Digər ölkələr,2010,4195.0
002_4.xls,2.4  Azərbaycana gələn əcnəbilər və vətəndaşlığı olmayan şəxslərin ölkələr üzrə ,Digər ölkələr,2011,4333.0
002_4.xls,2.4  Azərbaycana gələn əcnəbilər və vətəndaşlığı olmayan şəxslərin ölkələr üzrə ,Digər ölkələr,2012,5281.0
002_4.xls,2.4  Azərbaycana gələn əcnəbilər və vətəndaşlığı olmayan şəxslərin ölkələr üzrə ,Digər ölkələr,2013,4941.0
002_4.xls,2.4  Azərbaycana gələn əcnəbilər və vətəndaşlığı olmayan şəxslərin ölkələr üzrə ,Digər ölkələr,2014,5199.0
002_4.xls,2.4  Azərbaycana gələn əcnəbilər və vətəndaşlığı olmayan şəxslərin ölkələr üzrə ,Digər ölkələr,2015,5414.0
002_4.xls,2.4  Azərbaycana gələn əcnəbilər və vətəndaşlığı olmayan şəxslərin ölkələr üzrə ,Digər ölkələr,2016,10499.0
002_4.xls,2.4  Azərbaycana gələn əcnəbilər və vətəndaşlığı olmayan şəxslərin ölkələr üzrə ,Digər ölkələr,2017,35594.0
002_4.xls,2.4  Azərbaycana gələn əcnəbilər və vətəndaşlığı olmayan şəxslərin ölkələr üzrə ,Digər ölkələr,2018,44253.0
002_4.xls,2.4  Azərbaycana gələn əcnəbilər və vətəndaşlığı olmayan şəxslərin ölkələr üzrə ,Digər ölkələr,2019,22090.0
002_4.xls,2.4  Azərbaycana gələn əcnəbilər və vətəndaşlığı olmayan şəxslərin ölkələr üzrə ,Digər ölkələr,2020,3000.0
002_4.xls,2.4  Azərbaycana gələn əcnəbilər və vətəndaşlığı olmayan şəxslərin ölkələr üzrə ,Digər ölkələr,2021,3617.0
002_4.xls,2.4  Azərbaycana gələn əcnəbilər və vətəndaşlığı olmayan şəxslərin ölkələr üzrə ,Digər ölkələr,2022,13109.0
002_4.xls,2.4  Azərbaycana gələn əcnəbilər və vətəndaşlığı olmayan şəxslərin ölkələr üzrə ,Digər ölkələr,2023,20658.0
002_4.xls,2.4  Azərbaycana gələn əcnəbilər və vətəndaşlığı olmayan şəxslərin ölkələr üzrə ,Digər ölkələr,2024,30050.0
