file,title,region,year,value
004_1.xls,4.1  Satılmış turizm zərflərinin iqtisadi rayonlar və inzibati ərazi vahidləri ü,Ölkə üzrə cəmi,2006,20256.0
004_1.xls,4.1  Satılmış turizm zərflərinin iqtisadi rayonlar və inzibati ərazi vahidləri ü,Ölkə üzrə cəmi,2007,26008.0
004_1.xls,4.1  Satılmış turizm zərflərinin iqtisadi rayonlar və inzibati ərazi vahidləri ü,Ölkə üzrə cəmi,2008,27055.0
004_1.xls,4.1  Satılmış turizm zərflərinin iqtisadi rayonlar və inzibati ərazi vahidləri ü,Ölkə üzrə cəmi,2009,28509.0
004_1.xls,4.1  Satılmış turizm zərflərinin iqtisadi rayonlar və inzibati ərazi vahidləri ü,Ölkə üzrə cəmi,2010,34121.0
004_1.xls,4.1  Satılmış turizm zərflərinin iqtisadi rayonlar və inzibati ərazi vahidləri ü,Ölkə üzrə cəmi,2011,42583.0
004_1.xls,4.1  Satılmış turizm zərflərinin iqtisadi rayonlar və inzibati ərazi vahidləri ü,Ölkə üzrə cəmi,2012,62866.0
004_1.xls,4.1  Satılmış turizm zərflərinin iqtisadi rayonlar və inzibati ərazi vahidləri ü,Ölkə üzrə cəmi,2013,65448.0
004_1.xls,4.1  Satılmış turizm zərflərinin iqtisadi rayonlar və inzibati ərazi vahidləri ü,Ölkə üzrə cəmi,2014,66233.0
004_1.xls,4.1  Satılmış turizm zərflərinin iqtisadi rayonlar və inzibati ərazi vahidləri ü,Ölkə üzrə cəmi,2015,44615.0
004_1.xls,4.1  Satılmış turizm zərflərinin iqtisadi rayonlar və inzibati ərazi vahidləri ü,Ölkə üzrə cəmi,2016,36978.0
004_1.xls,4.1  Satılmış turizm zərflərinin iqtisadi rayonlar və inzibati ərazi vahidləri ü,Ölkə üzrə cəmi,2017,44066.0
004_1.xls,4.1  Satılmış turizm zərflərinin iqtisadi rayonlar və inzibati ərazi vahidləri ü,Ölkə üzrə cəmi,2018,49992.0
004_1.xls,4.1  Satılmış turizm zərflərinin iqtisadi rayonlar və inzibati ərazi vahidləri ü,Ölkə üzrə cəmi,2019,63885.0
004_1.xls,4.1  Satılmış turizm zərflərinin iqtisadi rayonlar və inzibati ərazi vahidləri ü,Ölkə üzrə cəmi,2020,5342.0
004_1.xls,4.1  Satılmış turizm zərflərinin iqtisadi rayonlar və inzibati ərazi vahidləri ü,Ölkə üzrə cəmi,2021,9811.0
004_1.xls,4.1  Satılmış turizm zərflərinin iqtisadi rayonlar və inzibati ərazi vahidləri ü,Ölkə üzrə cəmi,2022,16803.0
004_1.xls,4.1  Satılmış turizm zərflərinin iqtisadi rayonlar və inzibati ərazi vahidləri ü,Ölkə üzrə cəmi,2023,27007.0
004_1.xls,4.1  Satılmış turizm zərflərinin iqtisadi rayonlar və inzibati ərazi vahidləri ü,Ölkə üzrə cəmi,2024,78447.0
004_1.xls,4.1  Satılmış turizm zərflərinin iqtisadi rayonlar və inzibati ərazi vahidləri ü,Bakı şəhəri,2006,18429.0
004_1.xls,4.1  Satılmış turizm zərflərinin iqtisadi rayonlar və inzibati ərazi vahidləri ü,Bakı şəhəri,2007,25782.0
004_1.xls,4.1  Satılmış turizm zərflərinin iqtisadi rayonlar və inzibati ərazi vahidləri ü,Bakı şəhəri,2008,26795.0
004_1.xls,4.1  Satılmış turizm zərflərinin iqtisadi rayonlar və inzibati ərazi vahidləri ü,Bakı şəhəri,2009,27590.0
004_1.xls,4.1  Satılmış turizm zərflərinin iqtisadi rayonlar və inzibati ərazi vahidləri ü,Bakı şəhəri,2010,31212.0
004_1.xls,4.1  Satılmış turizm zərflərinin iqtisadi rayonlar və inzibati ərazi vahidləri ü,Bakı şəhəri,2011,39407.0
004_1.xls,4.1  Satılmış turizm zərflərinin iqtisadi rayonlar və inzibati ərazi vahidləri ü,Bakı şəhəri,2012,59294.0
004_1.xls,4.1  Satılmış turizm zərflərinin iqtisadi rayonlar və inzibati ərazi vahidləri ü,Bakı şəhəri,2013,61709.0
004_1.xls,4.1  Satılmış turizm zərflərinin iqtisadi rayonlar və inzibati ərazi vahidləri ü,Bakı şəhəri,2014,62430.0
004_1.xls,4.1  Satılmış turizm zərflərinin iqtisadi rayonlar və inzibati ərazi vahidləri ü,Bakı şəhəri,2015,40621.0
004_1.xls,4.1  Satılmış turizm zərflərinin iqtisadi rayonlar və inzibati ərazi vahidləri ü,Bakı şəhəri,2016,32800.0
004_1.xls,4.1  Satılmış turizm zərflərinin iqtisadi rayonlar və inzibati ərazi vahidləri ü,Bakı şəhəri,2017,31730.0
004_1.xls,4.1  Satılmış turizm zərflərinin iqtisadi rayonlar və inzibati ərazi vahidləri ü,Bakı şəhəri,2018,40760.0
004_1.xls,4.1  Satılmış turizm zərflərinin iqtisadi rayonlar və inzibati ərazi vahidləri ü,Bakı şəhəri,2019,59290.0
004_1.xls,4.1  Satılmış turizm zərflərinin iqtisadi rayonlar və inzibati ərazi vahidləri ü,Bakı şəhəri,2020,4817.0
004_1.xls,4.1  Satılmış turizm zərflərinin iqtisadi rayonlar və inzibati ərazi vahidləri ü,Bakı şəhəri,2021,8513.0
004_1.xls,4.1  Satılmış turizm zərflərinin iqtisadi rayonlar və inzibati ərazi vahidləri ü,Bakı şəhəri,2022,13528.0
004_1.xls,4.1  Satılmış turizm zərflərinin iqtisadi rayonlar və inzibati ərazi vahidləri ü,Bakı şəhəri,2023,23509.0
004_1.xls,4.1  Satılmış turizm zərflərinin iqtisadi rayonlar və inzibati ərazi vahidləri ü,Bakı şəhəri,2024,71836.0
004_1.xls,4.1  Satılmış turizm zərflərinin iqtisadi rayonlar və inzibati ərazi vahidləri ü,Binəqədi rayonu,2006,17.0
004_1.xls,4.1  Satılmış turizm zərflərinin iqtisadi rayonlar və inzibati ərazi vahidləri ü,Binəqədi rayonu,2007,4.0
004_1.xls,4.1  Satılmış turizm zərflərinin iqtisadi rayonlar və inzibati ərazi vahidləri ü,Binəqədi rayonu,2009,25.0
004_1.xls,4.1  Satılmış turizm zərflərinin iqtisadi rayonlar və inzibati ərazi vahidləri ü,Binəqədi rayonu,2010,3918.0
004_1.xls,4.1  Satılmış turizm zərflərinin iqtisadi rayonlar və inzibati ərazi vahidləri ü,Binəqədi rayonu,2011,4741.0
004_1.xls,4.1  Satılmış turizm zərflərinin iqtisadi rayonlar və inzibati ərazi vahidləri ü,Binəqədi rayonu,2012,7644.0
004_1.xls,4.1  Satılmış turizm zərflərinin iqtisadi rayonlar və inzibati ərazi vahidləri ü,Binəqədi rayonu,2013,6863.0
004_1.xls,4.1  Satılmış turizm zərflərinin iqtisadi rayonlar və inzibati ərazi vahidləri ü,Binəqədi rayonu,2014,3893.0
004_1.xls,4.1  Satılmış turizm zərflərinin iqtisadi rayonlar və inzibati ərazi vahidləri ü,Binəqədi rayonu,2015,1750.0
004_1.xls,4.1  Satılmış turizm zərflərinin iqtisadi rayonlar və inzibati ərazi vahidləri ü,Binəqədi rayonu,2016,1078.0
004_1.xls,4.1  Satılmış turizm zərflərinin iqtisadi rayonlar və inzibati ərazi vahidləri ü,Binəqədi rayonu,2017,1083.0
004_1.xls,4.1  Satılmış turizm zərflərinin iqtisadi rayonlar və inzibati ərazi vahidləri ü,Binəqədi rayonu,2018,2825.0
004_1.xls,4.1  Satılmış turizm zərflərinin iqtisadi rayonlar və inzibati ərazi vahidləri ü,Binəqədi rayonu,2019,966.0
004_1.xls,4.1  Satılmış turizm zərflərinin iqtisadi rayonlar və inzibati ərazi vahidləri ü,Binəqədi rayonu,2020,233.0
004_1.xls,4.1  Satılmış turizm zərflərinin iqtisadi rayonlar və inzibati ərazi vahidləri ü,Binəqədi rayonu,2021,23.0
004_1.xls,4.1  Satılmış turizm zərflərinin iqtisadi rayonlar və inzibati ərazi vahidləri ü,Binəqədi rayonu,2022,21.0
004_1.xls,4.1  Satılmış turizm zərflərinin iqtisadi rayonlar və inzibati ərazi vahidləri ü,Binəqədi rayonu,2023,51.0
004_1.xls,4.1  Satılmış turizm zərflərinin iqtisadi rayonlar və inzibati ərazi vahidləri ü,Binəqədi rayonu,2024,17.0
004_1.xls,4.1  Satılmış turizm zərflərinin iqtisadi rayonlar və inzibati ərazi vahidləri ü,Xətai rayonu,2006,1258.0
004_1.xls,4.1  Satılmış turizm zərflərinin iqtisadi rayonlar və inzibati ərazi vahidləri ü,Xətai rayonu,2007,3432.0
004_1.xls,4.1  Satılmış turizm zərflərinin iqtisadi rayonlar və inzibati ərazi vahidləri ü,Xətai rayonu,2008,3711.0
004_1.xls,4.1  Satılmış turizm zərflərinin iqtisadi rayonlar və inzibati ərazi vahidləri ü,Xətai rayonu,2009,3345.0
004_1.xls,4.1  Satılmış turizm zərflərinin iqtisadi rayonlar və inzibati ərazi vahidləri ü,Xətai rayonu,2010,1935.0
004_1.xls,4.1  Satılmış turizm zərflərinin iqtisadi rayonlar və inzibati ərazi vahidləri ü,Xətai rayonu,2011,1637.0
004_1.xls,4.1  Satılmış turizm zərflərinin iqtisadi rayonlar və inzibati ərazi vahidləri ü,Xətai rayonu,2012,1550.0
004_1.xls,4.1  Satılmış turizm zərflərinin iqtisadi rayonlar və inzibati ərazi vahidləri ü,Xətai rayonu,2013,1414.0
004_1.xls,4.1  Satılmış turizm zərflərinin iqtisadi rayonlar və inzibati ərazi vahidləri ü,Xətai rayonu,2014,1368.0
004_1.xls,4.1  Satılmış turizm zərflərinin iqtisadi rayonlar və inzibati ərazi vahidləri ü,Xətai rayonu,2015,557.0
004_1.xls,4.1  Satılmış turizm zərflərinin iqtisadi rayonlar və inzibati ərazi vahidləri ü,Xətai rayonu,2016,439.0
004_1.xls,4.1  Satılmış turizm zərflərinin iqtisadi rayonlar və inzibati ərazi vahidləri ü,Xətai rayonu,2017,706.0
004_1.xls,4.1  Satılmış turizm zərflərinin iqtisadi rayonlar və inzibati ərazi vahidləri ü,Xətai rayonu,2018,2132.0
004_1.xls,4.1  Satılmış turizm zərflərinin iqtisadi rayonlar və inzibati ərazi vahidləri ü,Xətai rayonu,2019,7404.0
004_1.xls,4.1  Satılmış turizm zərflərinin iqtisadi rayonlar və inzibati ərazi vahidləri ü,Xətai rayonu,2020,648.0
004_1.xls,4.1  Satılmış turizm zərflərinin iqtisadi rayonlar və inzibati ərazi vahidləri ü,Xətai rayonu,2021,914.0
004_1.xls,4.1  Satılmış turizm zərflərinin iqtisadi rayonlar və inzibati ərazi vahidləri ü,Xətai rayonu,2022,1125.0
004_1.xls,4.1  Satılmış turizm zərflərinin iqtisadi rayonlar və inzibati ərazi vahidləri ü,Xətai rayonu,2023,2260.0
004_1.xls,4.1  Satılmış turizm zərflərinin iqtisadi rayonlar və inzibati ərazi vahidləri ü,Xətai rayonu,2024,3987.0
004_1.xls,4.1  Satılmış turizm zərflərinin iqtisadi rayonlar və inzibati ərazi vahidləri ü,Xəzər rayonu,2006,7275.0
004_1.xls,4.1  Satılmış turizm zərflərinin iqtisadi rayonlar və inzibati ərazi vahidləri ü,Xəzər rayonu,2007,7498.0
004_1.xls,4.1  Satılmış turizm zərflərinin iqtisadi rayonlar və inzibati ərazi vahidləri ü,Xəzər rayonu,2008,6121.0
004_1.xls,4.1  Satılmış turizm zərflərinin iqtisadi rayonlar və inzibati ərazi vahidləri ü,Xəzər rayonu,2009,5167.0
004_1.xls,4.1  Satılmış turizm zərflərinin iqtisadi rayonlar və inzibati ərazi vahidləri ü,Xəzər rayonu,2015,64.0
004_1.xls,4.1  Satılmış turizm zərflərinin iqtisadi rayonlar və inzibati ərazi vahidləri ü,Xəzər rayonu,2016,647.0
004_1.xls,4.1  Satılmış turizm zərflərinin iqtisadi rayonlar və inzibati ərazi vahidləri ü,Xəzər rayonu,2017,106.0
004_1.xls,4.1  Satılmış turizm zərflərinin iqtisadi rayonlar və inzibati ərazi vahidləri ü,Xəzər rayonu,2018,488.0
004_1.xls,4.1  Satılmış turizm zərflərinin iqtisadi rayonlar və inzibati ərazi vahidləri ü,Xəzər rayonu,2019,127.0
004_1.xls,4.1  Satılmış turizm zərflərinin iqtisadi rayonlar və inzibati ərazi vahidləri ü,Xəzər rayonu,2020,3.0
004_1.xls,4.1  Satılmış turizm zərflərinin iqtisadi rayonlar və inzibati ərazi vahidləri ü,Xəzər rayonu,2022,121.0
004_1.xls,4.1  Satılmış turizm zərflərinin iqtisadi rayonlar və inzibati ərazi vahidləri ü,Xəzər rayonu,2023,212.0
004_1.xls,4.1  Satılmış turizm zərflərinin iqtisadi rayonlar və inzibati ərazi vahidləri ü,Xəzər rayonu,2024,1133.0
004_1.xls,4.1  Satılmış turizm zərflərinin iqtisadi rayonlar və inzibati ərazi vahidləri ü,Qaradağ rayonu,2018,102.0
004_1.xls,4.1  Satılmış turizm zərflərinin iqtisadi rayonlar və inzibati ərazi vahidləri ü,Qaradağ rayonu,2019,262.0
004_1.xls,4.1  Satılmış turizm zərflərinin iqtisadi rayonlar və inzibati ərazi vahidləri ü,Qaradağ rayonu,2020,34.0
004_1.xls,4.1  Satılmış turizm zərflərinin iqtisadi rayonlar və inzibati ərazi vahidləri ü,Qaradağ rayonu,2024,50.0
004_1.xls,4.1  Satılmış turizm zərflərinin iqtisadi rayonlar və inzibati ərazi vahidləri ü,Nərimanov rayonu,2006,1643.0
004_1.xls,4.1  Satılmış turizm zərflərinin iqtisadi rayonlar və inzibati ərazi vahidləri ü,Nərimanov rayonu,2007,2851.0
004_1.xls,4.1  Satılmış turizm zərflərinin iqtisadi rayonlar və inzibati ərazi vahidləri ü,Nərimanov rayonu,2008,4983.0
004_1.xls,4.1  Satılmış turizm zərflərinin iqtisadi rayonlar və inzibati ərazi vahidləri ü,Nərimanov rayonu,2009,4240.0
004_1.xls,4.1  Satılmış turizm zərflərinin iqtisadi rayonlar və inzibati ərazi vahidləri ü,Nərimanov rayonu,2010,764.0
004_1.xls,4.1  Satılmış turizm zərflərinin iqtisadi rayonlar və inzibati ərazi vahidləri ü,Nərimanov rayonu,2011,689.0
004_1.xls,4.1  Satılmış turizm zərflərinin iqtisadi rayonlar və inzibati ərazi vahidləri ü,Nərimanov rayonu,2012,9204.0
004_1.xls,4.1  Satılmış turizm zərflərinin iqtisadi rayonlar və inzibati ərazi vahidləri ü,Nərimanov rayonu,2013,9930.0
004_1.xls,4.1  Satılmış turizm zərflərinin iqtisadi rayonlar və inzibati ərazi vahidləri ü,Nərimanov rayonu,2014,11228.0
004_1.xls,4.1  Satılmış turizm zərflərinin iqtisadi rayonlar və inzibati ərazi vahidləri ü,Nərimanov rayonu,2015,11111.0
004_1.xls,4.1  Satılmış turizm zərflərinin iqtisadi rayonlar və inzibati ərazi vahidləri ü,Nərimanov rayonu,2016,3244.0
004_1.xls,4.1  Satılmış turizm zərflərinin iqtisadi rayonlar və inzibati ərazi vahidləri ü,Nərimanov rayonu,2017,4862.0
004_1.xls,4.1  Satılmış turizm zərflərinin iqtisadi rayonlar və inzibati ərazi vahidləri ü,Nərimanov rayonu,2018,3656.0
004_1.xls,4.1  Satılmış turizm zərflərinin iqtisadi rayonlar və inzibati ərazi vahidləri ü,Nərimanov rayonu,2019,5352.0
004_1.xls,4.1  Satılmış turizm zərflərinin iqtisadi rayonlar və inzibati ərazi vahidləri ü,Nərimanov rayonu,2020,819.0
004_1.xls,4.1  Satılmış turizm zərflərinin iqtisadi rayonlar və inzibati ərazi vahidləri ü,Nərimanov rayonu,2021,3355.0
004_1.xls,4.1  Satılmış turizm zərflərinin iqtisadi rayonlar və inzibati ərazi vahidləri ü,Nərimanov rayonu,2022,2690.0
004_1.xls,4.1  Satılmış turizm zərflərinin iqtisadi rayonlar və inzibati ərazi vahidləri ü,Nərimanov rayonu,2023,5602.0
004_1.xls,4.1  Satılmış turizm zərflərinin iqtisadi rayonlar və inzibati ərazi vahidləri ü,Nərimanov rayonu,2024,2275.0
004_1.xls,4.1  Satılmış turizm zərflərinin iqtisadi rayonlar və inzibati ərazi vahidləri ü,Nəsimi rayonu,2006,5253.0
004_1.xls,4.1  Satılmış turizm zərflərinin iqtisadi rayonlar və inzibati ərazi vahidləri ü,Nəsimi rayonu,2007,6739.0
004_1.xls,4.1  Satılmış turizm zərflərinin iqtisadi rayonlar və inzibati ərazi vahidləri ü,Nəsimi rayonu,2008,6348.0
004_1.xls,4.1  Satılmış turizm zərflərinin iqtisadi rayonlar və inzibati ərazi vahidləri ü,Nəsimi rayonu,2009,6654.0
004_1.xls,4.1  Satılmış turizm zərflərinin iqtisadi rayonlar və inzibati ərazi vahidləri ü,Nəsimi rayonu,2010,5708.0
004_1.xls,4.1  Satılmış turizm zərflərinin iqtisadi rayonlar və inzibati ərazi vahidləri ü,Nəsimi rayonu,2011,3873.0
004_1.xls,4.1  Satılmış turizm zərflərinin iqtisadi rayonlar və inzibati ərazi vahidləri ü,Nəsimi rayonu,2012,3488.0
004_1.xls,4.1  Satılmış turizm zərflərinin iqtisadi rayonlar və inzibati ərazi vahidləri ü,Nəsimi rayonu,2013,4662.0
004_1.xls,4.1  Satılmış turizm zərflərinin iqtisadi rayonlar və inzibati ərazi vahidləri ü,Nəsimi rayonu,2014,8278.0
004_1.xls,4.1  Satılmış turizm zərflərinin iqtisadi rayonlar və inzibati ərazi vahidləri ü,Nəsimi rayonu,2015,8030.0
004_1.xls,4.1  Satılmış turizm zərflərinin iqtisadi rayonlar və inzibati ərazi vahidləri ü,Nəsimi rayonu,2016,5698.0
004_1.xls,4.1  Satılmış turizm zərflərinin iqtisadi rayonlar və inzibati ərazi vahidləri ü,Nəsimi rayonu,2017,6860.0
004_1.xls,4.1  Satılmış turizm zərflərinin iqtisadi rayonlar və inzibati ərazi vahidləri ü,Nəsimi rayonu,2018,10926.0
004_1.xls,4.1  Satılmış turizm zərflərinin iqtisadi rayonlar və inzibati ərazi vahidləri ü,Nəsimi rayonu,2019,20753.0
004_1.xls,4.1  Satılmış turizm zərflərinin iqtisadi rayonlar və inzibati ərazi vahidləri ü,Nəsimi rayonu,2020,458.0
004_1.xls,4.1  Satılmış turizm zərflərinin iqtisadi rayonlar və inzibati ərazi vahidləri ü,Nəsimi rayonu,2021,402.0
004_1.xls,4.1  Satılmış turizm zərflərinin iqtisadi rayonlar və inzibati ərazi vahidləri ü,Nəsimi rayonu,2022,1633.0
004_1.xls,4.1  Satılmış turizm zərflərinin iqtisadi rayonlar və inzibati ərazi vahidləri ü,Nəsimi rayonu,2023,2337.0
004_1.xls,4.1  Satılmış turizm zərflərinin iqtisadi rayonlar və inzibati ərazi vahidləri ü,Nəsimi rayonu,2024,45032.0
004_1.xls,4.1  Satılmış turizm zərflərinin iqtisadi rayonlar və inzibati ərazi vahidləri ü,Nizami rayonu,2006,198.0
004_1.xls,4.1  Satılmış turizm zərflərinin iqtisadi rayonlar və inzibati ərazi vahidləri ü,Nizami rayonu,2007,1283.0
004_1.xls,4.1  Satılmış turizm zərflərinin iqtisadi rayonlar və inzibati ərazi vahidləri ü,Nizami rayonu,2008,994.0
004_1.xls,4.1  Satılmış turizm zərflərinin iqtisadi rayonlar və inzibati ərazi vahidləri ü,Nizami rayonu,2009,631.0
004_1.xls,4.1  Satılmış turizm zərflərinin iqtisadi rayonlar və inzibati ərazi vahidləri ü,Nizami rayonu,2010,461.0
004_1.xls,4.1  Satılmış turizm zərflərinin iqtisadi rayonlar və inzibati ərazi vahidləri ü,Nizami rayonu,2011,1184.0
004_1.xls,4.1  Satılmış turizm zərflərinin iqtisadi rayonlar və inzibati ərazi vahidləri ü,Nizami rayonu,2012,1353.0
004_1.xls,4.1  Satılmış turizm zərflərinin iqtisadi rayonlar və inzibati ərazi vahidləri ü,Nizami rayonu,2013,2957.0
004_1.xls,4.1  Satılmış turizm zərflərinin iqtisadi rayonlar və inzibati ərazi vahidləri ü,Nizami rayonu,2014,2665.0
004_1.xls,4.1  Satılmış turizm zərflərinin iqtisadi rayonlar və inzibati ərazi vahidləri ü,Nizami rayonu,2015,22.0
004_1.xls,4.1  Satılmış turizm zərflərinin iqtisadi rayonlar və inzibati ərazi vahidləri ü,Nizami rayonu,2016,1993.0
004_1.xls,4.1  Satılmış turizm zərflərinin iqtisadi rayonlar və inzibati ərazi vahidləri ü,Nizami rayonu,2017,401.0
004_1.xls,4.1  Satılmış turizm zərflərinin iqtisadi rayonlar və inzibati ərazi vahidləri ü,Nizami rayonu,2018,773.0
004_1.xls,4.1  Satılmış turizm zərflərinin iqtisadi rayonlar və inzibati ərazi vahidləri ü,Nizami rayonu,2019,433.0
004_1.xls,4.1  Satılmış turizm zərflərinin iqtisadi rayonlar və inzibati ərazi vahidləri ü,Nizami rayonu,2020,39.0
004_1.xls,4.1  Satılmış turizm zərflərinin iqtisadi rayonlar və inzibati ərazi vahidləri ü,Nizami rayonu,2021,1075.0
004_1.xls,4.1  Satılmış turizm zərflərinin iqtisadi rayonlar və inzibati ərazi vahidləri ü,Nizami rayonu,2022,1023.0
004_1.xls,4.1  Satılmış turizm zərflərinin iqtisadi rayonlar və inzibati ərazi vahidləri ü,Nizami rayonu,2023,1132.0
004_1.xls,4.1  Satılmış turizm zərflərinin iqtisadi rayonlar və inzibati ərazi vahidləri ü,Nizami rayonu,2024,1710.0
004_1.xls,4.1  Satılmış turizm zərflərinin iqtisadi rayonlar və inzibati ərazi vahidləri ü,Sabunçu rayonu,2006,30.0
004_1.xls,4.1  Satılmış turizm zərflərinin iqtisadi rayonlar və inzibati ərazi vahidləri ü,Sabunçu rayonu,2007,666.0
004_1.xls,4.1  Satılmış turizm zərflərinin iqtisadi rayonlar və inzibati ərazi vahidləri ü,Sabunçu rayonu,2008,734.0
004_1.xls,4.1  Satılmış turizm zərflərinin iqtisadi rayonlar və inzibati ərazi vahidləri ü,Sabunçu rayonu,2009,617.0
004_1.xls,4.1  Satılmış turizm zərflərinin iqtisadi rayonlar və inzibati ərazi vahidləri ü,Sabunçu rayonu,2010,290.0
004_1.xls,4.1  Satılmış turizm zərflərinin iqtisadi rayonlar və inzibati ərazi vahidləri ü,Sabunçu rayonu,2011,387.0
004_1.xls,4.1  Satılmış turizm zərflərinin iqtisadi rayonlar və inzibati ərazi vahidləri ü,Sabunçu rayonu,2012,802.0
004_1.xls,4.1  Satılmış turizm zərflərinin iqtisadi rayonlar və inzibati ərazi vahidləri ü,Sabunçu rayonu,2013,263.0
004_1.xls,4.1  Satılmış turizm zərflərinin iqtisadi rayonlar və inzibati ərazi vahidləri ü,Sabunçu rayonu,2014,908.0
004_1.xls,4.1  Satılmış turizm zərflərinin iqtisadi rayonlar və inzibati ərazi vahidləri ü,Sabunçu rayonu,2015,1076.0
004_1.xls,4.1  Satılmış turizm zərflərinin iqtisadi rayonlar və inzibati ərazi vahidləri ü,Sabunçu rayonu,2016,1153.0
004_1.xls,4.1  Satılmış turizm zərflərinin iqtisadi rayonlar və inzibati ərazi vahidləri ü,Sabunçu rayonu,2017,1820.0
004_1.xls,4.1  Satılmış turizm zərflərinin iqtisadi rayonlar və inzibati ərazi vahidləri ü,Sabunçu rayonu,2018,1978.0
004_1.xls,4.1  Satılmış turizm zərflərinin iqtisadi rayonlar və inzibati ərazi vahidləri ü,Sabunçu rayonu,2019,2439.0
004_1.xls,4.1  Satılmış turizm zərflərinin iqtisadi rayonlar və inzibati ərazi vahidləri ü,Sabunçu rayonu,2020,262.0
004_1.xls,4.1  Satılmış turizm zərflərinin iqtisadi rayonlar və inzibati ərazi vahidləri ü,Sabunçu rayonu,2021,134.0
004_1.xls,4.1  Satılmış turizm zərflərinin iqtisadi rayonlar və inzibati ərazi vahidləri ü,Sabunçu rayonu,2022,1333.0
004_1.xls,4.1  Satılmış turizm zərflərinin iqtisadi rayonlar və inzibati ərazi vahidləri ü,Sabunçu rayonu,2023,429.0
004_1.xls,4.1  Satılmış turizm zərflərinin iqtisadi rayonlar və inzibati ərazi vahidləri ü,Sabunçu rayonu,2024,667.0
004_1.xls,4.1  Satılmış turizm zərflərinin iqtisadi rayonlar və inzibati ərazi vahidləri ü,Səbail rayonu,2006,974.0
004_1.xls,4.1  Satılmış turizm zərflərinin iqtisadi rayonlar və inzibati ərazi vahidləri ü,Səbail rayonu,2007,647.0
004_1.xls,4.1  Satılmış turizm zərflərinin iqtisadi rayonlar və inzibati ərazi vahidləri ü,Səbail rayonu,2008,1879.0
004_1.xls,4.1  Satılmış turizm zərflərinin iqtisadi rayonlar və inzibati ərazi vahidləri ü,Səbail rayonu,2009,4171.0
004_1.xls,4.1  Satılmış turizm zərflərinin iqtisadi rayonlar və inzibati ərazi vahidləri ü,Səbail rayonu,2010,12027.0
004_1.xls,4.1  Satılmış turizm zərflərinin iqtisadi rayonlar və inzibati ərazi vahidləri ü,Səbail rayonu,2011,10454.0
004_1.xls,4.1  Satılmış turizm zərflərinin iqtisadi rayonlar və inzibati ərazi vahidləri ü,Səbail rayonu,2012,20040.0
004_1.xls,4.1  Satılmış turizm zərflərinin iqtisadi rayonlar və inzibati ərazi vahidləri ü,Səbail rayonu,2013,18806.0
004_1.xls,4.1  Satılmış turizm zərflərinin iqtisadi rayonlar və inzibati ərazi vahidləri ü,Səbail rayonu,2014,17765.0
004_1.xls,4.1  Satılmış turizm zərflərinin iqtisadi rayonlar və inzibati ərazi vahidləri ü,Səbail rayonu,2015,8767.0
004_1.xls,4.1  Satılmış turizm zərflərinin iqtisadi rayonlar və inzibati ərazi vahidləri ü,Səbail rayonu,2016,12185.0
004_1.xls,4.1  Satılmış turizm zərflərinin iqtisadi rayonlar və inzibati ərazi vahidləri ü,Səbail rayonu,2017,9058.0
004_1.xls,4.1  Satılmış turizm zərflərinin iqtisadi rayonlar və inzibati ərazi vahidləri ü,Səbail rayonu,2018,9823.0
004_1.xls,4.1  Satılmış turizm zərflərinin iqtisadi rayonlar və inzibati ərazi vahidləri ü,Səbail rayonu,2019,13525.0
004_1.xls,4.1  Satılmış turizm zərflərinin iqtisadi rayonlar və inzibati ərazi vahidləri ü,Səbail rayonu,2020,1582.0
004_1.xls,4.1  Satılmış turizm zərflərinin iqtisadi rayonlar və inzibati ərazi vahidləri ü,Səbail rayonu,2021,2291.0
004_1.xls,4.1  Satılmış turizm zərflərinin iqtisadi rayonlar və inzibati ərazi vahidləri ü,Səbail rayonu,2022,4767.0
004_1.xls,4.1  Satılmış turizm zərflərinin iqtisadi rayonlar və inzibati ərazi vahidləri ü,Səbail rayonu,2023,10462.0
004_1.xls,4.1  Satılmış turizm zərflərinin iqtisadi rayonlar və inzibati ərazi vahidləri ü,Səbail rayonu,2024,11906.0
004_1.xls,4.1  Satılmış turizm zərflərinin iqtisadi rayonlar və inzibati ərazi vahidləri ü,Suraxanı rayonu,2006,2.0
004_1.xls,4.1  Satılmış turizm zərflərinin iqtisadi rayonlar və inzibati ərazi vahidləri ü,Suraxanı rayonu,2007,39.0
004_1.xls,4.1  Satılmış turizm zərflərinin iqtisadi rayonlar və inzibati ərazi vahidləri ü,Suraxanı rayonu,2008,5.0
004_1.xls,4.1  Satılmış turizm zərflərinin iqtisadi rayonlar və inzibati ərazi vahidləri ü,Suraxanı rayonu,2009,127.0
004_1.xls,4.1  Satılmış turizm zərflərinin iqtisadi rayonlar və inzibati ərazi vahidləri ü,Suraxanı rayonu,2010,111.0
004_1.xls,4.1  Satılmış turizm zərflərinin iqtisadi rayonlar və inzibati ərazi vahidləri ü,Suraxanı rayonu,2011,240.0
004_1.xls,4.1  Satılmış turizm zərflərinin iqtisadi rayonlar və inzibati ərazi vahidləri ü,Suraxanı rayonu,2012,99.0
004_1.xls,4.1  Satılmış turizm zərflərinin iqtisadi rayonlar və inzibati ərazi vahidləri ü,Suraxanı rayonu,2013,91.0
004_1.xls,4.1  Satılmış turizm zərflərinin iqtisadi rayonlar və inzibati ərazi vahidləri ü,Suraxanı rayonu,2014,95.0
004_1.xls,4.1  Satılmış turizm zərflərinin iqtisadi rayonlar və inzibati ərazi vahidləri ü,Suraxanı rayonu,2015,600.0
004_1.xls,4.1  Satılmış turizm zərflərinin iqtisadi rayonlar və inzibati ərazi vahidləri ü,Suraxanı rayonu,2016,1181.0
004_1.xls,4.1  Satılmış turizm zərflərinin iqtisadi rayonlar və inzibati ərazi vahidləri ü,Suraxanı rayonu,2017,462.0
004_1.xls,4.1  Satılmış turizm zərflərinin iqtisadi rayonlar və inzibati ərazi vahidləri ü,Suraxanı rayonu,2018,215.0
004_1.xls,4.1  Satılmış turizm zərflərinin iqtisadi rayonlar və inzibati ərazi vahidləri ü,Suraxanı rayonu,2019,246.0
004_1.xls,4.1  Satılmış turizm zərflərinin iqtisadi rayonlar və inzibati ərazi vahidləri ü,Suraxanı rayonu,2022,203.0
004_1.xls,4.1  Satılmış turizm zərflərinin iqtisadi rayonlar və inzibati ərazi vahidləri ü,Suraxanı rayonu,2023,15.0
004_1.xls,4.1  Satılmış turizm zərflərinin iqtisadi rayonlar və inzibati ərazi vahidləri ü,Suraxanı rayonu,2024,264.0
004_1.xls,4.1  Satılmış turizm zərflərinin iqtisadi rayonlar və inzibati ərazi vahidləri ü,Yasamal rayonu,2006,1779.0
004_1.xls,4.1  Satılmış turizm zərflərinin iqtisadi rayonlar və inzibati ərazi vahidləri ü,Yasamal rayonu,2007,2623.0
004_1.xls,4.1  Satılmış turizm zərflərinin iqtisadi rayonlar və inzibati ərazi vahidləri ü,Yasamal rayonu,2008,2020.0
004_1.xls,4.1  Satılmış turizm zərflərinin iqtisadi rayonlar və inzibati ərazi vahidləri ü,Yasamal rayonu,2009,2613.0
004_1.xls,4.1  Satılmış turizm zərflərinin iqtisadi rayonlar və inzibati ərazi vahidləri ü,Yasamal rayonu,2010,5998.0
004_1.xls,4.1  Satılmış turizm zərflərinin iqtisadi rayonlar və inzibati ərazi vahidləri ü,Yasamal rayonu,2011,16202.0
004_1.xls,4.1  Satılmış turizm zərflərinin iqtisadi rayonlar və inzibati ərazi vahidləri ü,Yasamal rayonu,2012,15114.0
004_1.xls,4.1  Satılmış turizm zərflərinin iqtisadi rayonlar və inzibati ərazi vahidləri ü,Yasamal rayonu,2013,16723.0
004_1.xls,4.1  Satılmış turizm zərflərinin iqtisadi rayonlar və inzibati ərazi vahidləri ü,Yasamal rayonu,2014,16230.0
004_1.xls,4.1  Satılmış turizm zərflərinin iqtisadi rayonlar və inzibati ərazi vahidləri ü,Yasamal rayonu,2015,8644.0
004_1.xls,4.1  Satılmış turizm zərflərinin iqtisadi rayonlar və inzibati ərazi vahidləri ü,Yasamal rayonu,2016,5182.0
004_1.xls,4.1  Satılmış turizm zərflərinin iqtisadi rayonlar və inzibati ərazi vahidləri ü,Yasamal rayonu,2017,6372.0
004_1.xls,4.1  Satılmış turizm zərflərinin iqtisadi rayonlar və inzibati ərazi vahidləri ü,Yasamal rayonu,2018,7842.0
004_1.xls,4.1  Satılmış turizm zərflərinin iqtisadi rayonlar və inzibati ərazi vahidləri ü,Yasamal rayonu,2019,7783.0
004_1.xls,4.1  Satılmış turizm zərflərinin iqtisadi rayonlar və inzibati ərazi vahidləri ü,Yasamal rayonu,2020,739.0
004_1.xls,4.1  Satılmış turizm zərflərinin iqtisadi rayonlar və inzibati ərazi vahidləri ü,Yasamal rayonu,2021,319.0
004_1.xls,4.1  Satılmış turizm zərflərinin iqtisadi rayonlar və inzibati ərazi vahidləri ü,Yasamal rayonu,2022,612.0
004_1.xls,4.1  Satılmış turizm zərflərinin iqtisadi rayonlar və inzibati ərazi vahidləri ü,Yasamal rayonu,2023,1009.0
004_1.xls,4.1  Satılmış turizm zərflərinin iqtisadi rayonlar və inzibati ərazi vahidləri ü,Yasamal rayonu,2024,4795.0
004_1.xls,4.1  Satılmış turizm zərflərinin iqtisadi rayonlar və inzibati ərazi vahidləri ü,Abşeron iqtisadi rayonu,2006,141.0
004_1.xls,4.1  Satılmış turizm zərflərinin iqtisadi rayonlar və inzibati ərazi vahidləri ü,Abşeron iqtisadi rayonu,2007,77.0
004_1.xls,4.1  Satılmış turizm zərflərinin iqtisadi rayonlar və inzibati ərazi vahidləri ü,Abşeron iqtisadi rayonu,2008,82.0
004_1.xls,4.1  Satılmış turizm zərflərinin iqtisadi rayonlar və inzibati ərazi vahidləri ü,Abşeron iqtisadi rayonu,2009,46.0
004_1.xls,4.1  Satılmış turizm zərflərinin iqtisadi rayonlar və inzibati ərazi vahidləri ü,Abşeron iqtisadi rayonu,2010,97.0
004_1.xls,4.1  Satılmış turizm zərflərinin iqtisadi rayonlar və inzibati ərazi vahidləri ü,Abşeron iqtisadi rayonu,2011,94.0
004_1.xls,4.1  Satılmış turizm zərflərinin iqtisadi rayonlar və inzibati ərazi vahidləri ü,Abşeron iqtisadi rayonu,2012,201.0
004_1.xls,4.1  Satılmış turizm zərflərinin iqtisadi rayonlar və inzibati ərazi vahidləri ü,Abşeron iqtisadi rayonu,2013,124.0
004_1.xls,4.1  Satılmış turizm zərflərinin iqtisadi rayonlar və inzibati ərazi vahidləri ü,Abşeron iqtisadi rayonu,2014,120.0
004_1.xls,4.1  Satılmış turizm zərflərinin iqtisadi rayonlar və inzibati ərazi vahidləri ü,Abşeron iqtisadi rayonu,2015,54.0
004_1.xls,4.1  Satılmış turizm zərflərinin iqtisadi rayonlar və inzibati ərazi vahidləri ü,Abşeron iqtisadi rayonu,2016,11.0
004_1.xls,4.1  Satılmış turizm zərflərinin iqtisadi rayonlar və inzibati ərazi vahidləri ü,Abşeron iqtisadi rayonu,2017,114.0
004_1.xls,4.1  Satılmış turizm zərflərinin iqtisadi rayonlar və inzibati ərazi vahidləri ü,Abşeron iqtisadi rayonu,2018,1655.0
004_1.xls,4.1  Satılmış turizm zərflərinin iqtisadi rayonlar və inzibati ərazi vahidləri ü,Abşeron iqtisadi rayonu,2019,1931.0
004_1.xls,4.1  Satılmış turizm zərflərinin iqtisadi rayonlar və inzibati ərazi vahidləri ü,Abşeron iqtisadi rayonu,2021,70.0
004_1.xls,4.1  Satılmış turizm zərflərinin iqtisadi rayonlar və inzibati ərazi vahidləri ü,Abşeron iqtisadi rayonu,2022,423.0
004_1.xls,4.1  Satılmış turizm zərflərinin iqtisadi rayonlar və inzibati ərazi vahidləri ü,Abşeron iqtisadi rayonu,2023,829.0
004_1.xls,4.1  Satılmış turizm zərflərinin iqtisadi rayonlar və inzibati ərazi vahidləri ü,Abşeron iqtisadi rayonu,2024,1086.0
004_1.xls,4.1  Satılmış turizm zərflərinin iqtisadi rayonlar və inzibati ərazi vahidləri ü,Sumqayıt şəhəri,2006,141.0
004_1.xls,4.1  Satılmış turizm zərflərinin iqtisadi rayonlar və inzibati ərazi vahidləri ü,Sumqayıt şəhəri,2007,77.0
004_1.xls,4.1  Satılmış turizm zərflərinin iqtisadi rayonlar və inzibati ərazi vahidləri ü,Sumqayıt şəhəri,2008,82.0
004_1.xls,4.1  Satılmış turizm zərflərinin iqtisadi rayonlar və inzibati ərazi vahidləri ü,Sumqayıt şəhəri,2009,46.0
004_1.xls,4.1  Satılmış turizm zərflərinin iqtisadi rayonlar və inzibati ərazi vahidləri ü,Sumqayıt şəhəri,2010,97.0
004_1.xls,4.1  Satılmış turizm zərflərinin iqtisadi rayonlar və inzibati ərazi vahidləri ü,Sumqayıt şəhəri,2011,94.0
004_1.xls,4.1  Satılmış turizm zərflərinin iqtisadi rayonlar və inzibati ərazi vahidləri ü,Sumqayıt şəhəri,2012,201.0
004_1.xls,4.1  Satılmış turizm zərflərinin iqtisadi rayonlar və inzibati ərazi vahidləri ü,Sumqayıt şəhəri,2013,124.0
004_1.xls,4.1  Satılmış turizm zərflərinin iqtisadi rayonlar və inzibati ərazi vahidləri ü,Sumqayıt şəhəri,2014,120.0
004_1.xls,4.1  Satılmış turizm zərflərinin iqtisadi rayonlar və inzibati ərazi vahidləri ü,Sumqayıt şəhəri,2015,54.0
004_1.xls,4.1  Satılmış turizm zərflərinin iqtisadi rayonlar və inzibati ərazi vahidləri ü,Sumqayıt şəhəri,2016,11.0
004_1.xls,4.1  Satılmış turizm zərflərinin iqtisadi rayonlar və inzibati ərazi vahidləri ü,Sumqayıt şəhəri,2017,114.0
004_1.xls,4.1  Satılmış turizm zərflərinin iqtisadi rayonlar və inzibati ərazi vahidləri ü,Sumqayıt şəhəri,2018,691.0
004_1.xls,4.1  Satılmış turizm zərflərinin iqtisadi rayonlar və inzibati ərazi vahidləri ü,Sumqayıt şəhəri,2019,935.0
004_1.xls,4.1  Satılmış turizm zərflərinin iqtisadi rayonlar və inzibati ərazi vahidləri ü,Sumqayıt şəhəri,2021,70.0
004_1.xls,4.1  Satılmış turizm zərflərinin iqtisadi rayonlar və inzibati ərazi vahidləri ü,Sumqayıt şəhəri,2022,391.0
004_1.xls,4.1  Satılmış turizm zərflərinin iqtisadi rayonlar və inzibati ərazi vahidləri ü,Sumqayıt şəhəri,2023,825.0
004_1.xls,4.1  Satılmış turizm zərflərinin iqtisadi rayonlar və inzibati ərazi vahidləri ü,Sumqayıt şəhəri,2024,791.0
004_1.xls,4.1  Satılmış turizm zərflərinin iqtisadi rayonlar və inzibati ərazi vahidləri ü,Abşeron rayonu,2018,964.0
004_1.xls,4.1  Satılmış turizm zərflərinin iqtisadi rayonlar və inzibati ərazi vahidləri ü,Abşeron rayonu,2019,996.0
004_1.xls,4.1  Satılmış turizm zərflərinin iqtisadi rayonlar və inzibati ərazi vahidləri ü,Abşeron rayonu,2022,32.0
004_1.xls,4.1  Satılmış turizm zərflərinin iqtisadi rayonlar və inzibati ərazi vahidləri ü,Abşeron rayonu,2023,4.0
004_1.xls,4.1  Satılmış turizm zərflərinin iqtisadi rayonlar və inzibati ərazi vahidləri ü,Abşeron rayonu,2024,295.0
004_1.xls,4.1  Satılmış turizm zərflərinin iqtisadi rayonlar və inzibati ərazi vahidləri ü,Gəncə-Daşkəsən iqtisadi rayonu,2006,3.0
004_1.xls,4.1  Satılmış turizm zərflərinin iqtisadi rayonlar və inzibati ərazi vahidləri ü,Gəncə-Daşkəsən iqtisadi rayonu,2013,48.0
004_1.xls,4.1  Satılmış turizm zərflərinin iqtisadi rayonlar və inzibati ərazi vahidləri ü,Gəncə-Daşkəsən iqtisadi rayonu,2014,60.0
004_1.xls,4.1  Satılmış turizm zərflərinin iqtisadi rayonlar və inzibati ərazi vahidləri ü,Gəncə-Daşkəsən iqtisadi rayonu,2015,232.0
004_1.xls,4.1  Satılmış turizm zərflərinin iqtisadi rayonlar və inzibati ərazi vahidləri ü,Gəncə-Daşkəsən iqtisadi rayonu,2016,331.0
004_1.xls,4.1  Satılmış turizm zərflərinin iqtisadi rayonlar və inzibati ərazi vahidləri ü,Gəncə-Daşkəsən iqtisadi rayonu,2017,295.0
004_1.xls,4.1  Satılmış turizm zərflərinin iqtisadi rayonlar və inzibati ərazi vahidləri ü,Gəncə-Daşkəsən iqtisadi rayonu,2018,562.0
004_1.xls,4.1  Satılmış turizm zərflərinin iqtisadi rayonlar və inzibati ərazi vahidləri ü,Gəncə-Daşkəsən iqtisadi rayonu,2019,728.0
004_1.xls,4.1  Satılmış turizm zərflərinin iqtisadi rayonlar və inzibati ərazi vahidləri ü,Gəncə-Daşkəsən iqtisadi rayonu,2021,236.0
004_1.xls,4.1  Satılmış turizm zərflərinin iqtisadi rayonlar və inzibati ərazi vahidləri ü,Gəncə-Daşkəsən iqtisadi rayonu,2022,379.0
004_1.xls,4.1  Satılmış turizm zərflərinin iqtisadi rayonlar və inzibati ərazi vahidləri ü,Gəncə-Daşkəsən iqtisadi rayonu,2023,393.0
004_1.xls,4.1  Satılmış turizm zərflərinin iqtisadi rayonlar və inzibati ərazi vahidləri ü,Gəncə-Daşkəsən iqtisadi rayonu,2024,1711.0
004_1.xls,4.1  Satılmış turizm zərflərinin iqtisadi rayonlar və inzibati ərazi vahidləri ü,Gəncə şəhəri,2006,3.0
004_1.xls,4.1  Satılmış turizm zərflərinin iqtisadi rayonlar və inzibati ərazi vahidləri ü,Gəncə şəhəri,2013,48.0
004_1.xls,4.1  Satılmış turizm zərflərinin iqtisadi rayonlar və inzibati ərazi vahidləri ü,Gəncə şəhəri,2014,60.0
004_1.xls,4.1  Satılmış turizm zərflərinin iqtisadi rayonlar və inzibati ərazi vahidləri ü,Gəncə şəhəri,2015,232.0
004_1.xls,4.1  Satılmış turizm zərflərinin iqtisadi rayonlar və inzibati ərazi vahidləri ü,Gəncə şəhəri,2016,331.0
004_1.xls,4.1  Satılmış turizm zərflərinin iqtisadi rayonlar və inzibati ərazi vahidləri ü,Gəncə şəhəri,2017,295.0
004_1.xls,4.1  Satılmış turizm zərflərinin iqtisadi rayonlar və inzibati ərazi vahidləri ü,Gəncə şəhəri,2018,477.0
004_1.xls,4.1  Satılmış turizm zərflərinin iqtisadi rayonlar və inzibati ərazi vahidləri ü,Gəncə şəhəri,2019,728.0
004_1.xls,4.1  Satılmış turizm zərflərinin iqtisadi rayonlar və inzibati ərazi vahidləri ü,Gəncə şəhəri,2021,29.0
004_1.xls,4.1  Satılmış turizm zərflərinin iqtisadi rayonlar və inzibati ərazi vahidləri ü,Gəncə şəhəri,2024,191.0
004_1.xls,4.1  Satılmış turizm zərflərinin iqtisadi rayonlar və inzibati ərazi vahidləri ü,Naftalan şəhəri,2018,85.0
004_1.xls,4.1  Satılmış turizm zərflərinin iqtisadi rayonlar və inzibati ərazi vahidləri ü,Naftalan şəhəri,2021,207.0
004_1.xls,4.1  Satılmış turizm zərflərinin iqtisadi rayonlar və inzibati ərazi vahidləri ü,Naftalan şəhəri,2022,379.0
004_1.xls,4.1  Satılmış turizm zərflərinin iqtisadi rayonlar və inzibati ərazi vahidləri ü,Naftalan şəhəri,2023,393.0
004_1.xls,4.1  Satılmış turizm zərflərinin iqtisadi rayonlar və inzibati ərazi vahidləri ü,Naftalan şəhəri,2024,1425.0
004_1.xls,4.1  Satılmış turizm zərflərinin iqtisadi rayonlar və inzibati ərazi vahidləri ü,Goranboy rayonu,2024,95.0
004_1.xls,4.1  Satılmış turizm zərflərinin iqtisadi rayonlar və inzibati ərazi vahidləri ü,Qazax-Tovuz iqtisadi rayonu,2017,7903.0
004_1.xls,4.1  Satılmış turizm zərflərinin iqtisadi rayonlar və inzibati ərazi vahidləri ü,Qazax-Tovuz iqtisadi rayonu,2018,1747.0
004_1.xls,4.1  Satılmış turizm zərflərinin iqtisadi rayonlar və inzibati ərazi vahidləri ü,Qazax-Tovuz iqtisadi rayonu,2022,118.0
004_1.xls,4.1  Satılmış turizm zərflərinin iqtisadi rayonlar və inzibati ərazi vahidləri ü,Qazax-Tovuz iqtisadi rayonu,2023,282.0
004_1.xls,4.1  Satılmış turizm zərflərinin iqtisadi rayonlar və inzibati ərazi vahidləri ü,Qazax-Tovuz iqtisadi rayonu,2024,167.0
004_1.xls,4.1  Satılmış turizm zərflərinin iqtisadi rayonlar və inzibati ərazi vahidləri ü,Şəmkir rayonu,2018,1079.0
004_1.xls,4.1  Satılmış turizm zərflərinin iqtisadi rayonlar və inzibati ərazi vahidləri ü,Tovuz rayonu,2017,7903.0
004_1.xls,4.1  Satılmış turizm zərflərinin iqtisadi rayonlar və inzibati ərazi vahidləri ü,Tovuz rayonu,2018,668.0
004_1.xls,4.1  Satılmış turizm zərflərinin iqtisadi rayonlar və inzibati ərazi vahidləri ü,Tovuz rayonu,2022,118.0
004_1.xls,4.1  Satılmış turizm zərflərinin iqtisadi rayonlar və inzibati ərazi vahidləri ü,Tovuz rayonu,2023,282.0
004_1.xls,4.1  Satılmış turizm zərflərinin iqtisadi rayonlar və inzibati ərazi vahidləri ü,Tovuz rayonu,2024,167.0
004_1.xls,4.1  Satılmış turizm zərflərinin iqtisadi rayonlar və inzibati ərazi vahidləri ü,Quba-Xaçmaz iqtisadi rayonu,2006,1244.0
004_1.xls,4.1  Satılmış turizm zərflərinin iqtisadi rayonlar və inzibati ərazi vahidləri ü,Quba-Xaçmaz iqtisadi rayonu,2007,113.0
004_1.xls,4.1  Satılmış turizm zərflərinin iqtisadi rayonlar və inzibati ərazi vahidləri ü,Quba-Xaçmaz iqtisadi rayonu,2008,113.0
004_1.xls,4.1  Satılmış turizm zərflərinin iqtisadi rayonlar və inzibati ərazi vahidləri ü,Quba-Xaçmaz iqtisadi rayonu,2009,800.0
004_1.xls,4.1  Satılmış turizm zərflərinin iqtisadi rayonlar və inzibati ərazi vahidləri ü,Xaçmaz rayonu,2006,1244.0
004_1.xls,4.1  Satılmış turizm zərflərinin iqtisadi rayonlar və inzibati ərazi vahidləri ü,Xaçmaz rayonu,2007,113.0
004_1.xls,4.1  Satılmış turizm zərflərinin iqtisadi rayonlar və inzibati ərazi vahidləri ü,Xaçmaz rayonu,2008,113.0
004_1.xls,4.1  Satılmış turizm zərflərinin iqtisadi rayonlar və inzibati ərazi vahidləri ü,Xaçmaz rayonu,2009,800.0
004_1.xls,4.1  Satılmış turizm zərflərinin iqtisadi rayonlar və inzibati ərazi vahidləri ü,Lənkəran-Astara iqtisadi rayonu,2018,452.0
004_1.xls,4.1  Satılmış turizm zərflərinin iqtisadi rayonlar və inzibati ərazi vahidləri ü,Lənkəran-Astara iqtisadi rayonu,2019,631.0
004_1.xls,4.1  Satılmış turizm zərflərinin iqtisadi rayonlar və inzibati ərazi vahidləri ü,Lənkəran-Astara iqtisadi rayonu,2020,247.0
004_1.xls,4.1  Satılmış turizm zərflərinin iqtisadi rayonlar və inzibati ərazi vahidləri ü,Lənkəran-Astara iqtisadi rayonu,2022,917.0
004_1.xls,4.1  Satılmış turizm zərflərinin iqtisadi rayonlar və inzibati ərazi vahidləri ü,Lənkəran-Astara iqtisadi rayonu,2023,319.0
004_1.xls,4.1  Satılmış turizm zərflərinin iqtisadi rayonlar və inzibati ərazi vahidləri ü,Lənkəran-Astara iqtisadi rayonu,2024,72.0
004_1.xls,4.1  Satılmış turizm zərflərinin iqtisadi rayonlar və inzibati ərazi vahidləri ü,Lənkəran şəhəri,2018,452.0
004_1.xls,4.1  Satılmış turizm zərflərinin iqtisadi rayonlar və inzibati ərazi vahidləri ü,Lənkəran şəhəri,2019,631.0
004_1.xls,4.1  Satılmış turizm zərflərinin iqtisadi rayonlar və inzibati ərazi vahidləri ü,Lənkəran şəhəri,2020,247.0
004_1.xls,4.1  Satılmış turizm zərflərinin iqtisadi rayonlar və inzibati ərazi vahidləri ü,Lənkəran şəhəri,2022,912.0
004_1.xls,4.1  Satılmış turizm zərflərinin iqtisadi rayonlar və inzibati ərazi vahidləri ü,Lənkəran şəhəri,2023,318.0
004_1.xls,4.1  Satılmış turizm zərflərinin iqtisadi rayonlar və inzibati ərazi vahidləri ü,Lənkəran şəhəri,2024,72.0
004_1.xls,4.1  Satılmış turizm zərflərinin iqtisadi rayonlar və inzibati ərazi vahidləri ü,Masallı rayonu,2022,5.0
004_1.xls,4.1  Satılmış turizm zərflərinin iqtisadi rayonlar və inzibati ərazi vahidləri ü,Masallı rayonu,2023,1.0
004_1.xls,4.1  Satılmış turizm zərflərinin iqtisadi rayonlar və inzibati ərazi vahidləri ü,Mərkəzi Aran iqtisadi rayonu,2006,438.0
004_1.xls,4.1  Satılmış turizm zərflərinin iqtisadi rayonlar və inzibati ərazi vahidləri ü,Mərkəzi Aran iqtisadi rayonu,2007,34.0
004_1.xls,4.1  Satılmış turizm zərflərinin iqtisadi rayonlar və inzibati ərazi vahidləri ü,Mərkəzi Aran iqtisadi rayonu,2008,43.0
004_1.xls,4.1  Satılmış turizm zərflərinin iqtisadi rayonlar və inzibati ərazi vahidləri ü,Mərkəzi Aran iqtisadi rayonu,2009,43.0
004_1.xls,4.1  Satılmış turizm zərflərinin iqtisadi rayonlar və inzibati ərazi vahidləri ü,Mərkəzi Aran iqtisadi rayonu,2010,49.0
004_1.xls,4.1  Satılmış turizm zərflərinin iqtisadi rayonlar və inzibati ərazi vahidləri ü,Mərkəzi Aran iqtisadi rayonu,2011,9.0
004_1.xls,4.1  Satılmış turizm zərflərinin iqtisadi rayonlar və inzibati ərazi vahidləri ü,Mərkəzi Aran iqtisadi rayonu,2012,33.0
004_1.xls,4.1  Satılmış turizm zərflərinin iqtisadi rayonlar və inzibati ərazi vahidləri ü,Mərkəzi Aran iqtisadi rayonu,2013,82.0
004_1.xls,4.1  Satılmış turizm zərflərinin iqtisadi rayonlar və inzibati ərazi vahidləri ü,Mərkəzi Aran iqtisadi rayonu,2014,68.0
004_1.xls,4.1  Satılmış turizm zərflərinin iqtisadi rayonlar və inzibati ərazi vahidləri ü,Mərkəzi Aran iqtisadi rayonu,2015,81.0
004_1.xls,4.1  Satılmış turizm zərflərinin iqtisadi rayonlar və inzibati ərazi vahidləri ü,Mərkəzi Aran iqtisadi rayonu,2016,7.0
004_1.xls,4.1  Satılmış turizm zərflərinin iqtisadi rayonlar və inzibati ərazi vahidləri ü,Mərkəzi Aran iqtisadi rayonu,2018,265.0
004_1.xls,4.1  Satılmış turizm zərflərinin iqtisadi rayonlar və inzibati ərazi vahidləri ü,Mərkəzi Aran iqtisadi rayonu,2019,929.0
004_1.xls,4.1  Satılmış turizm zərflərinin iqtisadi rayonlar və inzibati ərazi vahidləri ü,Mərkəzi Aran iqtisadi rayonu,2020,255.0
004_1.xls,4.1  Satılmış turizm zərflərinin iqtisadi rayonlar və inzibati ərazi vahidləri ü,Mərkəzi Aran iqtisadi rayonu,2021,410.0
004_1.xls,4.1  Satılmış turizm zərflərinin iqtisadi rayonlar və inzibati ərazi vahidləri ü,Mərkəzi Aran iqtisadi rayonu,2022,199.0
004_1.xls,4.1  Satılmış turizm zərflərinin iqtisadi rayonlar və inzibati ərazi vahidləri ü,Mərkəzi Aran iqtisadi rayonu,2023,615.0
004_1.xls,4.1  Satılmış turizm zərflərinin iqtisadi rayonlar və inzibati ərazi vahidləri ü,Mərkəzi Aran iqtisadi rayonu,2024,833.0
004_1.xls,4.1  Satılmış turizm zərflərinin iqtisadi rayonlar və inzibati ərazi vahidləri ü,Mingəçevir şəhəri,2006,438.0
004_1.xls,4.1  Satılmış turizm zərflərinin iqtisadi rayonlar və inzibati ərazi vahidləri ü,Mingəçevir şəhəri,2007,34.0
004_1.xls,4.1  Satılmış turizm zərflərinin iqtisadi rayonlar və inzibati ərazi vahidləri ü,Mingəçevir şəhəri,2008,43.0
004_1.xls,4.1  Satılmış turizm zərflərinin iqtisadi rayonlar və inzibati ərazi vahidləri ü,Mingəçevir şəhəri,2009,43.0
004_1.xls,4.1  Satılmış turizm zərflərinin iqtisadi rayonlar və inzibati ərazi vahidləri ü,Mingəçevir şəhəri,2010,49.0
004_1.xls,4.1  Satılmış turizm zərflərinin iqtisadi rayonlar və inzibati ərazi vahidləri ü,Mingəçevir şəhəri,2011,9.0
004_1.xls,4.1  Satılmış turizm zərflərinin iqtisadi rayonlar və inzibati ərazi vahidləri ü,Mingəçevir şəhəri,2012,33.0
004_1.xls,4.1  Satılmış turizm zərflərinin iqtisadi rayonlar və inzibati ərazi vahidləri ü,Mingəçevir şəhəri,2013,37.0
004_1.xls,4.1  Satılmış turizm zərflərinin iqtisadi rayonlar və inzibati ərazi vahidləri ü,Mingəçevir şəhəri,2014,39.0
004_1.xls,4.1  Satılmış turizm zərflərinin iqtisadi rayonlar və inzibati ərazi vahidləri ü,Mingəçevir şəhəri,2015,44.0
004_1.xls,4.1  Satılmış turizm zərflərinin iqtisadi rayonlar və inzibati ərazi vahidləri ü,Mingəçevir şəhəri,2016,7.0
004_1.xls,4.1  Satılmış turizm zərflərinin iqtisadi rayonlar və inzibati ərazi vahidləri ü,Mingəçevir şəhəri,2019,1.0
004_1.xls,4.1  Satılmış turizm zərflərinin iqtisadi rayonlar və inzibati ərazi vahidləri ü,Mingəçevir şəhəri,2023,11.0
004_1.xls,4.1  Satılmış turizm zərflərinin iqtisadi rayonlar və inzibati ərazi vahidləri ü,Mingəçevir şəhəri,2024,18.0
004_1.xls,4.1  Satılmış turizm zərflərinin iqtisadi rayonlar və inzibati ərazi vahidləri ü,Kürdəmir rayonu,2018,255.0
004_1.xls,4.1  Satılmış turizm zərflərinin iqtisadi rayonlar və inzibati ərazi vahidləri ü,Kürdəmir rayonu,2019,928.0
004_1.xls,4.1  Satılmış turizm zərflərinin iqtisadi rayonlar və inzibati ərazi vahidləri ü,Kürdəmir rayonu,2020,255.0
004_1.xls,4.1  Satılmış turizm zərflərinin iqtisadi rayonlar və inzibati ərazi vahidləri ü,Kürdəmir rayonu,2021,410.0
004_1.xls,4.1  Satılmış turizm zərflərinin iqtisadi rayonlar və inzibati ərazi vahidləri ü,Kürdəmir rayonu,2022,199.0
004_1.xls,4.1  Satılmış turizm zərflərinin iqtisadi rayonlar və inzibati ərazi vahidləri ü,Yevlax rayonu,2013,45.0
004_1.xls,4.1  Satılmış turizm zərflərinin iqtisadi rayonlar və inzibati ərazi vahidləri ü,Yevlax rayonu,2014,29.0
004_1.xls,4.1  Satılmış turizm zərflərinin iqtisadi rayonlar və inzibati ərazi vahidləri ü,Yevlax rayonu,2015,37.0
004_1.xls,4.1  Satılmış turizm zərflərinin iqtisadi rayonlar və inzibati ərazi vahidləri ü,Yevlax rayonu,2018,10.0
004_1.xls,4.1  Satılmış turizm zərflərinin iqtisadi rayonlar və inzibati ərazi vahidləri ü,Yevlax rayonu,2023,604.0
004_1.xls,4.1  Satılmış turizm zərflərinin iqtisadi rayonlar və inzibati ərazi vahidləri ü,Yevlax rayonu,2024,815.0
004_1.xls,4.1  Satılmış turizm zərflərinin iqtisadi rayonlar və inzibati ərazi vahidləri ü,Mil-Muğan iqtisadi rayonu,2023,22.0
004_1.xls,4.1  Satılmış turizm zərflərinin iqtisadi rayonlar və inzibati ərazi vahidləri ü,Mil-Muğan iqtisadi rayonu,2024,168.0
004_1.xls,4.1  Satılmış turizm zərflərinin iqtisadi rayonlar və inzibati ərazi vahidləri ü,Beyləqan rayonu,2023,22.0
004_1.xls,4.1  Satılmış turizm zərflərinin iqtisadi rayonlar və inzibati ərazi vahidləri ü,İmişli rayonu,2024,168.0
004_1.xls,4.1  Satılmış turizm zərflərinin iqtisadi rayonlar və inzibati ərazi vahidləri ü,Şəki-Zaqatala iqtisadi rayonu,2017,210.0
004_1.xls,4.1  Satılmış turizm zərflərinin iqtisadi rayonlar və inzibati ərazi vahidləri ü,Şəki-Zaqatala iqtisadi rayonu,2018,650.0
004_1.xls,4.1  Satılmış turizm zərflərinin iqtisadi rayonlar və inzibati ərazi vahidləri ü,Şəki-Zaqatala iqtisadi rayonu,2019,226.0
004_1.xls,4.1  Satılmış turizm zərflərinin iqtisadi rayonlar və inzibati ərazi vahidləri ü,Şəki-Zaqatala iqtisadi rayonu,2021,582.0
004_1.xls,4.1  Satılmış turizm zərflərinin iqtisadi rayonlar və inzibati ərazi vahidləri ü,Şəki-Zaqatala iqtisadi rayonu,2022,1239.0
004_1.xls,4.1  Satılmış turizm zərflərinin iqtisadi rayonlar və inzibati ərazi vahidləri ü,Şəki-Zaqatala iqtisadi rayonu,2023,1026.0
004_1.xls,4.1  Satılmış turizm zərflərinin iqtisadi rayonlar və inzibati ərazi vahidləri ü,Şəki-Zaqatala iqtisadi rayonu,2024,2354.0
004_1.xls,4.1  Satılmış turizm zərflərinin iqtisadi rayonlar və inzibati ərazi vahidləri ü,Balakən rayonu,2024,6.0
004_1.xls,4.1  Satılmış turizm zərflərinin iqtisadi rayonlar və inzibati ərazi vahidləri ü,Qax rayonu,2019,8.0
004_1.xls,4.1  Satılmış turizm zərflərinin iqtisadi rayonlar və inzibati ərazi vahidləri ü,Qəbələ rayonu,2017,210.0
004_1.xls,4.1  Satılmış turizm zərflərinin iqtisadi rayonlar və inzibati ərazi vahidləri ü,Qəbələ rayonu,2018,650.0
004_1.xls,4.1  Satılmış turizm zərflərinin iqtisadi rayonlar və inzibati ərazi vahidləri ü,Şəki rayonu,2019,218.0
004_1.xls,4.1  Satılmış turizm zərflərinin iqtisadi rayonlar və inzibati ərazi vahidləri ü,Şəki rayonu,2021,582.0
004_1.xls,4.1  Satılmış turizm zərflərinin iqtisadi rayonlar və inzibati ərazi vahidləri ü,Şəki rayonu,2022,1239.0
004_1.xls,4.1  Satılmış turizm zərflərinin iqtisadi rayonlar və inzibati ərazi vahidləri ü,Şəki rayonu,2023,1026.0
004_1.xls,4.1  Satılmış turizm zərflərinin iqtisadi rayonlar və inzibati ərazi vahidləri ü,Şəki rayonu,2024,2268.0
004_1.xls,4.1  Satılmış turizm zərflərinin iqtisadi rayonlar və inzibati ərazi vahidləri ü,Zaqatala rayonu,2024,80.0
004_1.xls,4.1  Satılmış turizm zərflərinin iqtisadi rayonlar və inzibati ərazi vahidləri ü,Şirvan-Salyan iqtisadi rayonu,2016,185.0
004_1.xls,4.1  Satılmış turizm zərflərinin iqtisadi rayonlar və inzibati ərazi vahidləri ü,Şirvan-Salyan iqtisadi rayonu,2017,157.0
004_1.xls,4.1  Satılmış turizm zərflərinin iqtisadi rayonlar və inzibati ərazi vahidləri ü,Şirvan-Salyan iqtisadi rayonu,2018,184.0
004_1.xls,4.1  Satılmış turizm zərflərinin iqtisadi rayonlar və inzibati ərazi vahidləri ü,Şirvan-Salyan iqtisadi rayonu,2019,107.0
004_1.xls,4.1  Satılmış turizm zərflərinin iqtisadi rayonlar və inzibati ərazi vahidləri ü,Şirvan-Salyan iqtisadi rayonu,2020,5.0
004_1.xls,4.1  Satılmış turizm zərflərinin iqtisadi rayonlar və inzibati ərazi vahidləri ü,Şirvan-Salyan iqtisadi rayonu,2023,7.0
004_1.xls,4.1  Satılmış turizm zərflərinin iqtisadi rayonlar və inzibati ərazi vahidləri ü,Şirvan-Salyan iqtisadi rayonu,2024,6.0
004_1.xls,4.1  Satılmış turizm zərflərinin iqtisadi rayonlar və inzibati ərazi vahidləri ü,Şirvan şəhəri,2016,185.0
004_1.xls,4.1  Satılmış turizm zərflərinin iqtisadi rayonlar və inzibati ərazi vahidləri ü,Şirvan şəhəri,2017,157.0
004_1.xls,4.1  Satılmış turizm zərflərinin iqtisadi rayonlar və inzibati ərazi vahidləri ü,Şirvan şəhəri,2018,184.0
004_1.xls,4.1  Satılmış turizm zərflərinin iqtisadi rayonlar və inzibati ərazi vahidləri ü,Şirvan şəhəri,2019,107.0
004_1.xls,4.1  Satılmış turizm zərflərinin iqtisadi rayonlar və inzibati ərazi vahidləri ü,Şirvan şəhəri,2020,5.0
004_1.xls,4.1  Satılmış turizm zərflərinin iqtisadi rayonlar və inzibati ərazi vahidləri ü,Biləsuvar rayonu,2023,7.0
004_1.xls,4.1  Satılmış turizm zərflərinin iqtisadi rayonlar və inzibati ərazi vahidləri ü,Biləsuvar rayonu,2024,6.0
004_2.xls,4.2 Ölkə daxilində səyahət etmək üçün Azərbaycan vətəndaşlarına satılmış  turizm,Ölkə üzrə cəmi,2006,2634.0
004_2.xls,4.2 Ölkə daxilində səyahət etmək üçün Azərbaycan vətəndaşlarına satılmış  turizm,Ölkə üzrə cəmi,2007,2820.0
004_2.xls,4.2 Ölkə daxilində səyahət etmək üçün Azərbaycan vətəndaşlarına satılmış  turizm,Ölkə üzrə cəmi,2008,2517.0
004_2.xls,4.2 Ölkə daxilində səyahət etmək üçün Azərbaycan vətəndaşlarına satılmış  turizm,Ölkə üzrə cəmi,2009,3259.0
004_2.xls,4.2 Ölkə daxilində səyahət etmək üçün Azərbaycan vətəndaşlarına satılmış  turizm,Ölkə üzrə cəmi,2010,3385.0
004_2.xls,4.2 Ölkə daxilində səyahət etmək üçün Azərbaycan vətəndaşlarına satılmış  turizm,Ölkə üzrə cəmi,2011,4045.0
004_2.xls,4.2 Ölkə daxilində səyahət etmək üçün Azərbaycan vətəndaşlarına satılmış  turizm,Ölkə üzrə cəmi,2012,5121.0
004_2.xls,4.2 Ölkə daxilində səyahət etmək üçün Azərbaycan vətəndaşlarına satılmış  turizm,Ölkə üzrə cəmi,2013,7078.0
004_2.xls,4.2 Ölkə daxilində səyahət etmək üçün Azərbaycan vətəndaşlarına satılmış  turizm,Ölkə üzrə cəmi,2014,6990.0
004_2.xls,4.2 Ölkə daxilində səyahət etmək üçün Azərbaycan vətəndaşlarına satılmış  turizm,Ölkə üzrə cəmi,2015,4695.0
004_2.xls,4.2 Ölkə daxilində səyahət etmək üçün Azərbaycan vətəndaşlarına satılmış  turizm,Ölkə üzrə cəmi,2016,5842.0
004_2.xls,4.2 Ölkə daxilində səyahət etmək üçün Azərbaycan vətəndaşlarına satılmış  turizm,Ölkə üzrə cəmi,2017,5850.0
004_2.xls,4.2 Ölkə daxilində səyahət etmək üçün Azərbaycan vətəndaşlarına satılmış  turizm,Ölkə üzrə cəmi,2018,7390.0
004_2.xls,4.2 Ölkə daxilində səyahət etmək üçün Azərbaycan vətəndaşlarına satılmış  turizm,Ölkə üzrə cəmi,2019,7501.0
004_2.xls,4.2 Ölkə daxilində səyahət etmək üçün Azərbaycan vətəndaşlarına satılmış  turizm,Ölkə üzrə cəmi,2020,46.0
004_2.xls,4.2 Ölkə daxilində səyahət etmək üçün Azərbaycan vətəndaşlarına satılmış  turizm,Ölkə üzrə cəmi,2021,1974.0
004_2.xls,4.2 Ölkə daxilində səyahət etmək üçün Azərbaycan vətəndaşlarına satılmış  turizm,Ölkə üzrə cəmi,2022,2392.0
004_2.xls,4.2 Ölkə daxilində səyahət etmək üçün Azərbaycan vətəndaşlarına satılmış  turizm,Ölkə üzrə cəmi,2023,5399.0
004_2.xls,4.2 Ölkə daxilində səyahət etmək üçün Azərbaycan vətəndaşlarına satılmış  turizm,Ölkə üzrə cəmi,2024,6841.0
004_2.xls,4.2 Ölkə daxilində səyahət etmək üçün Azərbaycan vətəndaşlarına satılmış  turizm,Bakı şəhəri,2006,1249.0
004_2.xls,4.2 Ölkə daxilində səyahət etmək üçün Azərbaycan vətəndaşlarına satılmış  turizm,Bakı şəhəri,2007,2596.0
004_2.xls,4.2 Ölkə daxilində səyahət etmək üçün Azərbaycan vətəndaşlarına satılmış  turizm,Bakı şəhəri,2008,2279.0
004_2.xls,4.2 Ölkə daxilində səyahət etmək üçün Azərbaycan vətəndaşlarına satılmış  turizm,Bakı şəhəri,2009,2370.0
004_2.xls,4.2 Ölkə daxilində səyahət etmək üçün Azərbaycan vətəndaşlarına satılmış  turizm,Bakı şəhəri,2010,2192.0
004_2.xls,4.2 Ölkə daxilində səyahət etmək üçün Azərbaycan vətəndaşlarına satılmış  turizm,Bakı şəhəri,2011,2661.0
004_2.xls,4.2 Ölkə daxilində səyahət etmək üçün Azərbaycan vətəndaşlarına satılmış  turizm,Bakı şəhəri,2012,3577.0
004_2.xls,4.2 Ölkə daxilində səyahət etmək üçün Azərbaycan vətəndaşlarına satılmış  turizm,Bakı şəhəri,2013,5561.0
004_2.xls,4.2 Ölkə daxilində səyahət etmək üçün Azərbaycan vətəndaşlarına satılmış  turizm,Bakı şəhəri,2014,5434.0
004_2.xls,4.2 Ölkə daxilində səyahət etmək üçün Azərbaycan vətəndaşlarına satılmış  turizm,Bakı şəhəri,2015,3119.0
004_2.xls,4.2 Ölkə daxilində səyahət etmək üçün Azərbaycan vətəndaşlarına satılmış  turizm,Bakı şəhəri,2016,4211.0
004_2.xls,4.2 Ölkə daxilində səyahət etmək üçün Azərbaycan vətəndaşlarına satılmış  turizm,Bakı şəhəri,2017,3849.0
004_2.xls,4.2 Ölkə daxilində səyahət etmək üçün Azərbaycan vətəndaşlarına satılmış  turizm,Bakı şəhəri,2018,5207.0
004_2.xls,4.2 Ölkə daxilində səyahət etmək üçün Azərbaycan vətəndaşlarına satılmış  turizm,Bakı şəhəri,2019,7419.0
004_2.xls,4.2 Ölkə daxilində səyahət etmək üçün Azərbaycan vətəndaşlarına satılmış  turizm,Bakı şəhəri,2020,37.0
004_2.xls,4.2 Ölkə daxilində səyahət etmək üçün Azərbaycan vətəndaşlarına satılmış  turizm,Bakı şəhəri,2021,1315.0
004_2.xls,4.2 Ölkə daxilində səyahət etmək üçün Azərbaycan vətəndaşlarına satılmış  turizm,Bakı şəhəri,2022,1741.0
004_2.xls,4.2 Ölkə daxilində səyahət etmək üçün Azərbaycan vətəndaşlarına satılmış  turizm,Bakı şəhəri,2023,4995.0
004_2.xls,4.2 Ölkə daxilində səyahət etmək üçün Azərbaycan vətəndaşlarına satılmış  turizm,Bakı şəhəri,2024,6062.0
004_2.xls,4.2 Ölkə daxilində səyahət etmək üçün Azərbaycan vətəndaşlarına satılmış  turizm,Binəqədi rayonu,2017,28.0
004_2.xls,4.2 Ölkə daxilində səyahət etmək üçün Azərbaycan vətəndaşlarına satılmış  turizm,Binəqədi rayonu,2019,1.0
004_2.xls,4.2 Ölkə daxilində səyahət etmək üçün Azərbaycan vətəndaşlarına satılmış  turizm,Binəqədi rayonu,2021,12.0
004_2.xls,4.2 Ölkə daxilində səyahət etmək üçün Azərbaycan vətəndaşlarına satılmış  turizm,Xətai rayonu,2010,1.0
004_2.xls,4.2 Ölkə daxilində səyahət etmək üçün Azərbaycan vətəndaşlarına satılmış  turizm,Xətai rayonu,2017,87.0
004_2.xls,4.2 Ölkə daxilində səyahət etmək üçün Azərbaycan vətəndaşlarına satılmış  turizm,Xətai rayonu,2021,10.0
004_2.xls,4.2 Ölkə daxilində səyahət etmək üçün Azərbaycan vətəndaşlarına satılmış  turizm,Xətai rayonu,2023,152.0
004_2.xls,4.2 Ölkə daxilində səyahət etmək üçün Azərbaycan vətəndaşlarına satılmış  turizm,Xətai rayonu,2024,1629.0
004_2.xls,4.2 Ölkə daxilində səyahət etmək üçün Azərbaycan vətəndaşlarına satılmış  turizm,Xəzər,2024,15.0
004_2.xls,4.2 Ölkə daxilində səyahət etmək üçün Azərbaycan vətəndaşlarına satılmış  turizm,Qaradağ rayonu,2018,102.0
004_2.xls,4.2 Ölkə daxilində səyahət etmək üçün Azərbaycan vətəndaşlarına satılmış  turizm,Qaradağ rayonu,2024,50.0
004_2.xls,4.2 Ölkə daxilində səyahət etmək üçün Azərbaycan vətəndaşlarına satılmış  turizm,Nərimanov rayonu,2006,671.0
004_2.xls,4.2 Ölkə daxilində səyahət etmək üçün Azərbaycan vətəndaşlarına satılmış  turizm,Nərimanov rayonu,2007,689.0
004_2.xls,4.2 Ölkə daxilində səyahət etmək üçün Azərbaycan vətəndaşlarına satılmış  turizm,Nərimanov rayonu,2008,1256.0
004_2.xls,4.2 Ölkə daxilində səyahət etmək üçün Azərbaycan vətəndaşlarına satılmış  turizm,Nərimanov rayonu,2009,1040.0
004_2.xls,4.2 Ölkə daxilində səyahət etmək üçün Azərbaycan vətəndaşlarına satılmış  turizm,Nərimanov rayonu,2010,600.0
004_2.xls,4.2 Ölkə daxilində səyahət etmək üçün Azərbaycan vətəndaşlarına satılmış  turizm,Nərimanov rayonu,2011,200.0
004_2.xls,4.2 Ölkə daxilində səyahət etmək üçün Azərbaycan vətəndaşlarına satılmış  turizm,Nərimanov rayonu,2012,30.0
004_2.xls,4.2 Ölkə daxilində səyahət etmək üçün Azərbaycan vətəndaşlarına satılmış  turizm,Nərimanov rayonu,2014,99.0
004_2.xls,4.2 Ölkə daxilində səyahət etmək üçün Azərbaycan vətəndaşlarına satılmış  turizm,Nərimanov rayonu,2015,1030.0
004_2.xls,4.2 Ölkə daxilində səyahət etmək üçün Azərbaycan vətəndaşlarına satılmış  turizm,Nərimanov rayonu,2016,160.0
004_2.xls,4.2 Ölkə daxilində səyahət etmək üçün Azərbaycan vətəndaşlarına satılmış  turizm,Nərimanov rayonu,2017,313.0
004_2.xls,4.2 Ölkə daxilində səyahət etmək üçün Azərbaycan vətəndaşlarına satılmış  turizm,Nərimanov rayonu,2018,70.0
004_2.xls,4.2 Ölkə daxilində səyahət etmək üçün Azərbaycan vətəndaşlarına satılmış  turizm,Nərimanov rayonu,2019,86.0
004_2.xls,4.2 Ölkə daxilində səyahət etmək üçün Azərbaycan vətəndaşlarına satılmış  turizm,Nərimanov rayonu,2020,35.0
004_2.xls,4.2 Ölkə daxilində səyahət etmək üçün Azərbaycan vətəndaşlarına satılmış  turizm,Nərimanov rayonu,2022,82.0
004_2.xls,4.2 Ölkə daxilində səyahət etmək üçün Azərbaycan vətəndaşlarına satılmış  turizm,Nərimanov rayonu,2023,31.0
004_2.xls,4.2 Ölkə daxilində səyahət etmək üçün Azərbaycan vətəndaşlarına satılmış  turizm,Nərimanov rayonu,2024,9.0
004_2.xls,4.2 Ölkə daxilində səyahət etmək üçün Azərbaycan vətəndaşlarına satılmış  turizm,Nəsimi rayonu,2006,334.0
004_2.xls,4.2 Ölkə daxilində səyahət etmək üçün Azərbaycan vətəndaşlarına satılmış  turizm,Nəsimi rayonu,2007,177.0
004_2.xls,4.2 Ölkə daxilində səyahət etmək üçün Azərbaycan vətəndaşlarına satılmış  turizm,Nəsimi rayonu,2008,265.0
004_2.xls,4.2 Ölkə daxilində səyahət etmək üçün Azərbaycan vətəndaşlarına satılmış  turizm,Nəsimi rayonu,2009,163.0
004_2.xls,4.2 Ölkə daxilində səyahət etmək üçün Azərbaycan vətəndaşlarına satılmış  turizm,Nəsimi rayonu,2010,10.0
004_2.xls,4.2 Ölkə daxilində səyahət etmək üçün Azərbaycan vətəndaşlarına satılmış  turizm,Nəsimi rayonu,2011,64.0
004_2.xls,4.2 Ölkə daxilində səyahət etmək üçün Azərbaycan vətəndaşlarına satılmış  turizm,Nəsimi rayonu,2012,65.0
004_2.xls,4.2 Ölkə daxilində səyahət etmək üçün Azərbaycan vətəndaşlarına satılmış  turizm,Nəsimi rayonu,2013,117.0
004_2.xls,4.2 Ölkə daxilində səyahət etmək üçün Azərbaycan vətəndaşlarına satılmış  turizm,Nəsimi rayonu,2014,85.0
004_2.xls,4.2 Ölkə daxilində səyahət etmək üçün Azərbaycan vətəndaşlarına satılmış  turizm,Nəsimi rayonu,2015,106.0
004_2.xls,4.2 Ölkə daxilində səyahət etmək üçün Azərbaycan vətəndaşlarına satılmış  turizm,Nəsimi rayonu,2016,182.0
004_2.xls,4.2 Ölkə daxilində səyahət etmək üçün Azərbaycan vətəndaşlarına satılmış  turizm,Nəsimi rayonu,2018,2826.0
004_2.xls,4.2 Ölkə daxilində səyahət etmək üçün Azərbaycan vətəndaşlarına satılmış  turizm,Nəsimi rayonu,2019,3664.0
004_2.xls,4.2 Ölkə daxilində səyahət etmək üçün Azərbaycan vətəndaşlarına satılmış  turizm,Nəsimi rayonu,2022,58.0
004_2.xls,4.2 Ölkə daxilində səyahət etmək üçün Azərbaycan vətəndaşlarına satılmış  turizm,Nəsimi rayonu,2023,138.0
004_2.xls,4.2 Ölkə daxilində səyahət etmək üçün Azərbaycan vətəndaşlarına satılmış  turizm,Nəsimi rayonu,2024,558.0
004_2.xls,4.2 Ölkə daxilində səyahət etmək üçün Azərbaycan vətəndaşlarına satılmış  turizm,Nizami rayonu,2006,77.0
004_2.xls,4.2 Ölkə daxilində səyahət etmək üçün Azərbaycan vətəndaşlarına satılmış  turizm,Nizami rayonu,2007,954.0
004_2.xls,4.2 Ölkə daxilində səyahət etmək üçün Azərbaycan vətəndaşlarına satılmış  turizm,Nizami rayonu,2008,330.0
004_2.xls,4.2 Ölkə daxilində səyahət etmək üçün Azərbaycan vətəndaşlarına satılmış  turizm,Nizami rayonu,2009,408.0
004_2.xls,4.2 Ölkə daxilində səyahət etmək üçün Azərbaycan vətəndaşlarına satılmış  turizm,Nizami rayonu,2010,400.0
004_2.xls,4.2 Ölkə daxilində səyahət etmək üçün Azərbaycan vətəndaşlarına satılmış  turizm,Nizami rayonu,2011,1046.0
004_2.xls,4.2 Ölkə daxilində səyahət etmək üçün Azərbaycan vətəndaşlarına satılmış  turizm,Nizami rayonu,2012,1216.0
004_2.xls,4.2 Ölkə daxilində səyahət etmək üçün Azərbaycan vətəndaşlarına satılmış  turizm,Nizami rayonu,2013,2898.0
004_2.xls,4.2 Ölkə daxilində səyahət etmək üçün Azərbaycan vətəndaşlarına satılmış  turizm,Nizami rayonu,2014,2650.0
004_2.xls,4.2 Ölkə daxilində səyahət etmək üçün Azərbaycan vətəndaşlarına satılmış  turizm,Nizami rayonu,2016,1700.0
004_2.xls,4.2 Ölkə daxilində səyahət etmək üçün Azərbaycan vətəndaşlarına satılmış  turizm,Nizami rayonu,2021,1075.0
004_2.xls,4.2 Ölkə daxilində səyahət etmək üçün Azərbaycan vətəndaşlarına satılmış  turizm,Nizami rayonu,2022,1013.0
004_2.xls,4.2 Ölkə daxilində səyahət etmək üçün Azərbaycan vətəndaşlarına satılmış  turizm,Nizami rayonu,2023,1130.0
004_2.xls,4.2 Ölkə daxilində səyahət etmək üçün Azərbaycan vətəndaşlarına satılmış  turizm,Nizami rayonu,2024,1670.0
004_2.xls,4.2 Ölkə daxilində səyahət etmək üçün Azərbaycan vətəndaşlarına satılmış  turizm,Sabunçu rayonu,2007,653.0
004_2.xls,4.2 Ölkə daxilində səyahət etmək üçün Azərbaycan vətəndaşlarına satılmış  turizm,Sabunçu rayonu,2012,14.0
004_2.xls,4.2 Ölkə daxilində səyahət etmək üçün Azərbaycan vətəndaşlarına satılmış  turizm,Sabunçu rayonu,2013,14.0
004_2.xls,4.2 Ölkə daxilində səyahət etmək üçün Azərbaycan vətəndaşlarına satılmış  turizm,Sabunçu rayonu,2017,22.0
004_2.xls,4.2 Ölkə daxilində səyahət etmək üçün Azərbaycan vətəndaşlarına satılmış  turizm,Sabunçu rayonu,2018,1.0
004_2.xls,4.2 Ölkə daxilində səyahət etmək üçün Azərbaycan vətəndaşlarına satılmış  turizm,Sabunçu rayonu,2019,1.0
004_2.xls,4.2 Ölkə daxilində səyahət etmək üçün Azərbaycan vətəndaşlarına satılmış  turizm,Sabunçu rayonu,2022,38.0
004_2.xls,4.2 Ölkə daxilində səyahət etmək üçün Azərbaycan vətəndaşlarına satılmış  turizm,Sabunçu rayonu,2023,45.0
004_2.xls,4.2 Ölkə daxilində səyahət etmək üçün Azərbaycan vətəndaşlarına satılmış  turizm,Səbail rayonu,2006,97.0
004_2.xls,4.2 Ölkə daxilində səyahət etmək üçün Azərbaycan vətəndaşlarına satılmış  turizm,Səbail rayonu,2007,111.0
004_2.xls,4.2 Ölkə daxilində səyahət etmək üçün Azərbaycan vətəndaşlarına satılmış  turizm,Səbail rayonu,2008,423.0
004_2.xls,4.2 Ölkə daxilində səyahət etmək üçün Azərbaycan vətəndaşlarına satılmış  turizm,Səbail rayonu,2009,759.0
004_2.xls,4.2 Ölkə daxilində səyahət etmək üçün Azərbaycan vətəndaşlarına satılmış  turizm,Səbail rayonu,2010,649.0
004_2.xls,4.2 Ölkə daxilində səyahət etmək üçün Azərbaycan vətəndaşlarına satılmış  turizm,Səbail rayonu,2011,735.0
004_2.xls,4.2 Ölkə daxilində səyahət etmək üçün Azərbaycan vətəndaşlarına satılmış  turizm,Səbail rayonu,2012,1603.0
004_2.xls,4.2 Ölkə daxilində səyahət etmək üçün Azərbaycan vətəndaşlarına satılmış  turizm,Səbail rayonu,2013,1815.0
004_2.xls,4.2 Ölkə daxilində səyahət etmək üçün Azərbaycan vətəndaşlarına satılmış  turizm,Səbail rayonu,2014,1770.0
004_2.xls,4.2 Ölkə daxilində səyahət etmək üçün Azərbaycan vətəndaşlarına satılmış  turizm,Səbail rayonu,2015,1720.0
004_2.xls,4.2 Ölkə daxilində səyahət etmək üçün Azərbaycan vətəndaşlarına satılmış  turizm,Səbail rayonu,2016,1882.0
004_2.xls,4.2 Ölkə daxilində səyahət etmək üçün Azərbaycan vətəndaşlarına satılmış  turizm,Səbail rayonu,2017,1957.0
004_2.xls,4.2 Ölkə daxilində səyahət etmək üçün Azərbaycan vətəndaşlarına satılmış  turizm,Səbail rayonu,2018,1419.0
004_2.xls,4.2 Ölkə daxilində səyahət etmək üçün Azərbaycan vətəndaşlarına satılmış  turizm,Səbail rayonu,2019,2851.0
004_2.xls,4.2 Ölkə daxilində səyahət etmək üçün Azərbaycan vətəndaşlarına satılmış  turizm,Səbail rayonu,2020,2.0
004_2.xls,4.2 Ölkə daxilində səyahət etmək üçün Azərbaycan vətəndaşlarına satılmış  turizm,Səbail rayonu,2021,218.0
004_2.xls,4.2 Ölkə daxilində səyahət etmək üçün Azərbaycan vətəndaşlarına satılmış  turizm,Səbail rayonu,2022,505.0
004_2.xls,4.2 Ölkə daxilində səyahət etmək üçün Azərbaycan vətəndaşlarına satılmış  turizm,Səbail rayonu,2023,3499.0
004_2.xls,4.2 Ölkə daxilində səyahət etmək üçün Azərbaycan vətəndaşlarına satılmış  turizm,Səbail rayonu,2024,979.0
004_2.xls,4.2 Ölkə daxilində səyahət etmək üçün Azərbaycan vətəndaşlarına satılmış  turizm,Suraxanı,2024,11.0
004_2.xls,4.2 Ölkə daxilində səyahət etmək üçün Azərbaycan vətəndaşlarına satılmış  turizm,Yasamal rayonu,2006,70.0
004_2.xls,4.2 Ölkə daxilində səyahət etmək üçün Azərbaycan vətəndaşlarına satılmış  turizm,Yasamal rayonu,2007,12.0
004_2.xls,4.2 Ölkə daxilində səyahət etmək üçün Azərbaycan vətəndaşlarına satılmış  turizm,Yasamal rayonu,2008,5.0
004_2.xls,4.2 Ölkə daxilində səyahət etmək üçün Azərbaycan vətəndaşlarına satılmış  turizm,Yasamal rayonu,2010,532.0
004_2.xls,4.2 Ölkə daxilində səyahət etmək üçün Azərbaycan vətəndaşlarına satılmış  turizm,Yasamal rayonu,2011,616.0
004_2.xls,4.2 Ölkə daxilində səyahət etmək üçün Azərbaycan vətəndaşlarına satılmış  turizm,Yasamal rayonu,2012,649.0
004_2.xls,4.2 Ölkə daxilində səyahət etmək üçün Azərbaycan vətəndaşlarına satılmış  turizm,Yasamal rayonu,2013,717.0
004_2.xls,4.2 Ölkə daxilində səyahət etmək üçün Azərbaycan vətəndaşlarına satılmış  turizm,Yasamal rayonu,2014,830.0
004_2.xls,4.2 Ölkə daxilində səyahət etmək üçün Azərbaycan vətəndaşlarına satılmış  turizm,Yasamal rayonu,2015,263.0
004_2.xls,4.2 Ölkə daxilində səyahət etmək üçün Azərbaycan vətəndaşlarına satılmış  turizm,Yasamal rayonu,2016,287.0
004_2.xls,4.2 Ölkə daxilində səyahət etmək üçün Azərbaycan vətəndaşlarına satılmış  turizm,Yasamal rayonu,2017,1442.0
004_2.xls,4.2 Ölkə daxilində səyahət etmək üçün Azərbaycan vətəndaşlarına satılmış  turizm,Yasamal rayonu,2018,789.0
004_2.xls,4.2 Ölkə daxilində səyahət etmək üçün Azərbaycan vətəndaşlarına satılmış  turizm,Yasamal rayonu,2019,816.0
004_2.xls,4.2 Ölkə daxilində səyahət etmək üçün Azərbaycan vətəndaşlarına satılmış  turizm,Yasamal rayonu,2022,45.0
004_2.xls,4.2 Ölkə daxilində səyahət etmək üçün Azərbaycan vətəndaşlarına satılmış  turizm,Yasamal rayonu,2024,1141.0
004_2.xls,4.2 Ölkə daxilində səyahət etmək üçün Azərbaycan vətəndaşlarına satılmış  turizm,Abşeron-Xızı iqtisadi rayonu,2006,141.0
004_2.xls,4.2 Ölkə daxilində səyahət etmək üçün Azərbaycan vətəndaşlarına satılmış  turizm,Abşeron-Xızı iqtisadi rayonu,2007,77.0
004_2.xls,4.2 Ölkə daxilində səyahət etmək üçün Azərbaycan vətəndaşlarına satılmış  turizm,Abşeron-Xızı iqtisadi rayonu,2008,82.0
004_2.xls,4.2 Ölkə daxilində səyahət etmək üçün Azərbaycan vətəndaşlarına satılmış  turizm,Abşeron-Xızı iqtisadi rayonu,2009,46.0
004_2.xls,4.2 Ölkə daxilində səyahət etmək üçün Azərbaycan vətəndaşlarına satılmış  turizm,Abşeron-Xızı iqtisadi rayonu,2010,97.0
004_2.xls,4.2 Ölkə daxilində səyahət etmək üçün Azərbaycan vətəndaşlarına satılmış  turizm,Abşeron-Xızı iqtisadi rayonu,2011,94.0
004_2.xls,4.2 Ölkə daxilində səyahət etmək üçün Azərbaycan vətəndaşlarına satılmış  turizm,Abşeron-Xızı iqtisadi rayonu,2012,201.0
004_2.xls,4.2 Ölkə daxilində səyahət etmək üçün Azərbaycan vətəndaşlarına satılmış  turizm,Abşeron-Xızı iqtisadi rayonu,2013,94.0
004_2.xls,4.2 Ölkə daxilində səyahət etmək üçün Azərbaycan vətəndaşlarına satılmış  turizm,Abşeron-Xızı iqtisadi rayonu,2014,90.0
004_2.xls,4.2 Ölkə daxilində səyahət etmək üçün Azərbaycan vətəndaşlarına satılmış  turizm,Abşeron-Xızı iqtisadi rayonu,2015,54.0
004_2.xls,4.2 Ölkə daxilində səyahət etmək üçün Azərbaycan vətəndaşlarına satılmış  turizm,Abşeron-Xızı iqtisadi rayonu,2016,11.0
004_2.xls,4.2 Ölkə daxilində səyahət etmək üçün Azərbaycan vətəndaşlarına satılmış  turizm,Abşeron-Xızı iqtisadi rayonu,2017,88.0
004_2.xls,4.2 Ölkə daxilində səyahət etmək üçün Azərbaycan vətəndaşlarına satılmış  turizm,Abşeron-Xızı iqtisadi rayonu,2019,43.0
004_2.xls,4.2 Ölkə daxilində səyahət etmək üçün Azərbaycan vətəndaşlarına satılmış  turizm,Abşeron-Xızı iqtisadi rayonu,2021,54.0
004_2.xls,4.2 Ölkə daxilində səyahət etmək üçün Azərbaycan vətəndaşlarına satılmış  turizm,Abşeron-Xızı iqtisadi rayonu,2022,148.0
004_2.xls,4.2 Ölkə daxilində səyahət etmək üçün Azərbaycan vətəndaşlarına satılmış  turizm,Abşeron-Xızı iqtisadi rayonu,2023,163.0
004_2.xls,4.2 Ölkə daxilində səyahət etmək üçün Azərbaycan vətəndaşlarına satılmış  turizm,Abşeron-Xızı iqtisadi rayonu,2024,55.0
004_2.xls,4.2 Ölkə daxilində səyahət etmək üçün Azərbaycan vətəndaşlarına satılmış  turizm,Sumqayıt şəhəri,2006,141.0
004_2.xls,4.2 Ölkə daxilində səyahət etmək üçün Azərbaycan vətəndaşlarına satılmış  turizm,Sumqayıt şəhəri,2007,77.0
004_2.xls,4.2 Ölkə daxilində səyahət etmək üçün Azərbaycan vətəndaşlarına satılmış  turizm,Sumqayıt şəhəri,2008,82.0
004_2.xls,4.2 Ölkə daxilində səyahət etmək üçün Azərbaycan vətəndaşlarına satılmış  turizm,Sumqayıt şəhəri,2009,46.0
004_2.xls,4.2 Ölkə daxilində səyahət etmək üçün Azərbaycan vətəndaşlarına satılmış  turizm,Sumqayıt şəhəri,2010,97.0
004_2.xls,4.2 Ölkə daxilində səyahət etmək üçün Azərbaycan vətəndaşlarına satılmış  turizm,Sumqayıt şəhəri,2011,94.0
004_2.xls,4.2 Ölkə daxilində səyahət etmək üçün Azərbaycan vətəndaşlarına satılmış  turizm,Sumqayıt şəhəri,2012,201.0
004_2.xls,4.2 Ölkə daxilində səyahət etmək üçün Azərbaycan vətəndaşlarına satılmış  turizm,Sumqayıt şəhəri,2013,94.0
004_2.xls,4.2 Ölkə daxilində səyahət etmək üçün Azərbaycan vətəndaşlarına satılmış  turizm,Sumqayıt şəhəri,2014,90.0
004_2.xls,4.2 Ölkə daxilində səyahət etmək üçün Azərbaycan vətəndaşlarına satılmış  turizm,Sumqayıt şəhəri,2015,54.0
004_2.xls,4.2 Ölkə daxilində səyahət etmək üçün Azərbaycan vətəndaşlarına satılmış  turizm,Sumqayıt şəhəri,2016,11.0
004_2.xls,4.2 Ölkə daxilində səyahət etmək üçün Azərbaycan vətəndaşlarına satılmış  turizm,Sumqayıt şəhəri,2017,88.0
004_2.xls,4.2 Ölkə daxilində səyahət etmək üçün Azərbaycan vətəndaşlarına satılmış  turizm,Sumqayıt şəhəri,2019,43.0
004_2.xls,4.2 Ölkə daxilində səyahət etmək üçün Azərbaycan vətəndaşlarına satılmış  turizm,Sumqayıt şəhəri,2021,54.0
004_2.xls,4.2 Ölkə daxilində səyahət etmək üçün Azərbaycan vətəndaşlarına satılmış  turizm,Sumqayıt şəhəri,2022,148.0
004_2.xls,4.2 Ölkə daxilində səyahət etmək üçün Azərbaycan vətəndaşlarına satılmış  turizm,Sumqayıt şəhəri,2023,159.0
004_2.xls,4.2 Ölkə daxilində səyahət etmək üçün Azərbaycan vətəndaşlarına satılmış  turizm,Sumqayıt şəhəri,2024,45.0
004_2.xls,4.2 Ölkə daxilində səyahət etmək üçün Azərbaycan vətəndaşlarına satılmış  turizm,Abşeron rayonu,2023,4.0
004_2.xls,4.2 Ölkə daxilində səyahət etmək üçün Azərbaycan vətəndaşlarına satılmış  turizm,Abşeron rayonu,2024,10.0
004_2.xls,4.2 Ölkə daxilində səyahət etmək üçün Azərbaycan vətəndaşlarına satılmış  turizm,Gəncə-Daşkəsən iqtisadi rayonu,2017,190.0
004_2.xls,4.2 Ölkə daxilində səyahət etmək üçün Azərbaycan vətəndaşlarına satılmış  turizm,Gəncə-Daşkəsən iqtisadi rayonu,2021,195.0
004_2.xls,4.2 Ölkə daxilində səyahət etmək üçün Azərbaycan vətəndaşlarına satılmış  turizm,Gəncə-Daşkəsən iqtisadi rayonu,2022,256.0
004_2.xls,4.2 Ölkə daxilində səyahət etmək üçün Azərbaycan vətəndaşlarına satılmış  turizm,Gəncə-Daşkəsən iqtisadi rayonu,2023,165.0
004_2.xls,4.2 Ölkə daxilində səyahət etmək üçün Azərbaycan vətəndaşlarına satılmış  turizm,Gəncə-Daşkəsən iqtisadi rayonu,2024,305.0
004_2.xls,4.2 Ölkə daxilində səyahət etmək üçün Azərbaycan vətəndaşlarına satılmış  turizm,Gəncə şəhəri,2017,182.0
004_2.xls,4.2 Ölkə daxilində səyahət etmək üçün Azərbaycan vətəndaşlarına satılmış  turizm,Gəncə şəhəri,2021,29.0
004_2.xls,4.2 Ölkə daxilində səyahət etmək üçün Azərbaycan vətəndaşlarına satılmış  turizm,Naftalan şəhəri,2017,8.0
004_2.xls,4.2 Ölkə daxilində səyahət etmək üçün Azərbaycan vətəndaşlarına satılmış  turizm,Naftalan şəhəri,2021,166.0
004_2.xls,4.2 Ölkə daxilində səyahət etmək üçün Azərbaycan vətəndaşlarına satılmış  turizm,Naftalan şəhəri,2022,256.0
004_2.xls,4.2 Ölkə daxilində səyahət etmək üçün Azərbaycan vətəndaşlarına satılmış  turizm,Naftalan şəhəri,2023,165.0
004_2.xls,4.2 Ölkə daxilində səyahət etmək üçün Azərbaycan vətəndaşlarına satılmış  turizm,Naftalan şəhəri,2024,305.0
004_2.xls,4.2 Ölkə daxilində səyahət etmək üçün Azərbaycan vətəndaşlarına satılmış  turizm,Qazax-Tovuz iqtisadi rayonu,2018,6.0
004_2.xls,4.2 Ölkə daxilində səyahət etmək üçün Azərbaycan vətəndaşlarına satılmış  turizm,Qazax-Tovuz iqtisadi rayonu,2022,43.0
004_2.xls,4.2 Ölkə daxilində səyahət etmək üçün Azərbaycan vətəndaşlarına satılmış  turizm,Qazax-Tovuz iqtisadi rayonu,2023,70.0
004_2.xls,4.2 Ölkə daxilində səyahət etmək üçün Azərbaycan vətəndaşlarına satılmış  turizm,Qazax-Tovuz iqtisadi rayonu,2024,65.0
004_2.xls,4.2 Ölkə daxilində səyahət etmək üçün Azərbaycan vətəndaşlarına satılmış  turizm,Tovuz rayonu,2018,6.0
004_2.xls,4.2 Ölkə daxilində səyahət etmək üçün Azərbaycan vətəndaşlarına satılmış  turizm,Tovuz rayonu,2022,43.0
004_2.xls,4.2 Ölkə daxilində səyahət etmək üçün Azərbaycan vətəndaşlarına satılmış  turizm,Tovuz rayonu,2023,70.0
004_2.xls,4.2 Ölkə daxilində səyahət etmək üçün Azərbaycan vətəndaşlarına satılmış  turizm,Tovuz rayonu,2024,65.0
004_2.xls,4.2 Ölkə daxilində səyahət etmək üçün Azərbaycan vətəndaşlarına satılmış  turizm,Quba-Xaçmaz iqtisadi rayonu,2006,1244.0
004_2.xls,4.2 Ölkə daxilində səyahət etmək üçün Azərbaycan vətəndaşlarına satılmış  turizm,Quba-Xaçmaz iqtisadi rayonu,2007,113.0
004_2.xls,4.2 Ölkə daxilində səyahət etmək üçün Azərbaycan vətəndaşlarına satılmış  turizm,Quba-Xaçmaz iqtisadi rayonu,2008,113.0
004_2.xls,4.2 Ölkə daxilində səyahət etmək üçün Azərbaycan vətəndaşlarına satılmış  turizm,Quba-Xaçmaz iqtisadi rayonu,2009,800.0
004_2.xls,4.2 Ölkə daxilində səyahət etmək üçün Azərbaycan vətəndaşlarına satılmış  turizm,Xaçmaz rayonu,2006,1244.0
004_2.xls,4.2 Ölkə daxilində səyahət etmək üçün Azərbaycan vətəndaşlarına satılmış  turizm,Xaçmaz rayonu,2007,113.0
004_2.xls,4.2 Ölkə daxilində səyahət etmək üçün Azərbaycan vətəndaşlarına satılmış  turizm,Xaçmaz rayonu,2008,113.0
004_2.xls,4.2 Ölkə daxilində səyahət etmək üçün Azərbaycan vətəndaşlarına satılmış  turizm,Xaçmaz rayonu,2009,800.0
004_2.xls,4.2 Ölkə daxilində səyahət etmək üçün Azərbaycan vətəndaşlarına satılmış  turizm,Lənkəran-Astara iqtisadi rayonu,2022,5.0
004_2.xls,4.2 Ölkə daxilində səyahət etmək üçün Azərbaycan vətəndaşlarına satılmış  turizm,Lənkəran-Astara iqtisadi rayonu,2023,1.0
004_2.xls,4.2 Ölkə daxilində səyahət etmək üçün Azərbaycan vətəndaşlarına satılmış  turizm,Lənkəran rayonu,2022,5.0
004_2.xls,4.2 Ölkə daxilində səyahət etmək üçün Azərbaycan vətəndaşlarına satılmış  turizm,Masallı rayonu,2023,1.0
004_2.xls,4.2 Ölkə daxilində səyahət etmək üçün Azərbaycan vətəndaşlarına satılmış  turizm,Mərkəzi Aran iqtisadi rayonu,2007,34.0
004_2.xls,4.2 Ölkə daxilində səyahət etmək üçün Azərbaycan vətəndaşlarına satılmış  turizm,Mərkəzi Aran iqtisadi rayonu,2008,43.0
004_2.xls,4.2 Ölkə daxilində səyahət etmək üçün Azərbaycan vətəndaşlarına satılmış  turizm,Mərkəzi Aran iqtisadi rayonu,2009,43.0
004_2.xls,4.2 Ölkə daxilində səyahət etmək üçün Azərbaycan vətəndaşlarına satılmış  turizm,Mərkəzi Aran iqtisadi rayonu,2010,49.0
004_2.xls,4.2 Ölkə daxilində səyahət etmək üçün Azərbaycan vətəndaşlarına satılmış  turizm,Mərkəzi Aran iqtisadi rayonu,2011,9.0
004_2.xls,4.2 Ölkə daxilində səyahət etmək üçün Azərbaycan vətəndaşlarına satılmış  turizm,Mərkəzi Aran iqtisadi rayonu,2012,33.0
004_2.xls,4.2 Ölkə daxilində səyahət etmək üçün Azərbaycan vətəndaşlarına satılmış  turizm,Mərkəzi Aran iqtisadi rayonu,2013,44.0
004_2.xls,4.2 Ölkə daxilində səyahət etmək üçün Azərbaycan vətəndaşlarına satılmış  turizm,Mərkəzi Aran iqtisadi rayonu,2014,56.0
004_2.xls,4.2 Ölkə daxilində səyahət etmək üçün Azərbaycan vətəndaşlarına satılmış  turizm,Mərkəzi Aran iqtisadi rayonu,2015,72.0
004_2.xls,4.2 Ölkə daxilində səyahət etmək üçün Azərbaycan vətəndaşlarına satılmış  turizm,Mərkəzi Aran iqtisadi rayonu,2019,1.0
004_2.xls,4.2 Ölkə daxilində səyahət etmək üçün Azərbaycan vətəndaşlarına satılmış  turizm,Mərkəzi Aran iqtisadi rayonu,2021,410.0
004_2.xls,4.2 Ölkə daxilində səyahət etmək üçün Azərbaycan vətəndaşlarına satılmış  turizm,Mərkəzi Aran iqtisadi rayonu,2022,199.0
004_2.xls,4.2 Ölkə daxilində səyahət etmək üçün Azərbaycan vətəndaşlarına satılmış  turizm,Mərkəzi Aran iqtisadi rayonu,2023,5.0
004_2.xls,4.2 Ölkə daxilində səyahət etmək üçün Azərbaycan vətəndaşlarına satılmış  turizm,Mərkəzi Aran iqtisadi rayonu,2024,5.0
004_2.xls,4.2 Ölkə daxilində səyahət etmək üçün Azərbaycan vətəndaşlarına satılmış  turizm,Mingəçevir şəhəri,2007,34.0
004_2.xls,4.2 Ölkə daxilində səyahət etmək üçün Azərbaycan vətəndaşlarına satılmış  turizm,Mingəçevir şəhəri,2008,43.0
004_2.xls,4.2 Ölkə daxilində səyahət etmək üçün Azərbaycan vətəndaşlarına satılmış  turizm,Mingəçevir şəhəri,2009,43.0
004_2.xls,4.2 Ölkə daxilində səyahət etmək üçün Azərbaycan vətəndaşlarına satılmış  turizm,Mingəçevir şəhəri,2010,49.0
004_2.xls,4.2 Ölkə daxilində səyahət etmək üçün Azərbaycan vətəndaşlarına satılmış  turizm,Mingəçevir şəhəri,2011,9.0
004_2.xls,4.2 Ölkə daxilində səyahət etmək üçün Azərbaycan vətəndaşlarına satılmış  turizm,Mingəçevir şəhəri,2012,33.0
004_2.xls,4.2 Ölkə daxilində səyahət etmək üçün Azərbaycan vətəndaşlarına satılmış  turizm,Mingəçevir şəhəri,2013,37.0
004_2.xls,4.2 Ölkə daxilində səyahət etmək üçün Azərbaycan vətəndaşlarına satılmış  turizm,Mingəçevir şəhəri,2014,39.0
004_2.xls,4.2 Ölkə daxilində səyahət etmək üçün Azərbaycan vətəndaşlarına satılmış  turizm,Mingəçevir şəhəri,2015,44.0
004_2.xls,4.2 Ölkə daxilində səyahət etmək üçün Azərbaycan vətəndaşlarına satılmış  turizm,Mingəçevir şəhəri,2019,1.0
004_2.xls,4.2 Ölkə daxilində səyahət etmək üçün Azərbaycan vətəndaşlarına satılmış  turizm,Mingəçevir şəhəri,2023,5.0
004_2.xls,4.2 Ölkə daxilində səyahət etmək üçün Azərbaycan vətəndaşlarına satılmış  turizm,Mingəçevir şəhəri,2024,5.0
004_2.xls,4.2 Ölkə daxilində səyahət etmək üçün Azərbaycan vətəndaşlarına satılmış  turizm,Kürdəmir rayonu,2021,410.0
004_2.xls,4.2 Ölkə daxilində səyahət etmək üçün Azərbaycan vətəndaşlarına satılmış  turizm,Kürdəmir rayonu,2022,199.0
004_2.xls,4.2 Ölkə daxilində səyahət etmək üçün Azərbaycan vətəndaşlarına satılmış  turizm,Yevlax rayonu,2013,7.0
004_2.xls,4.2 Ölkə daxilində səyahət etmək üçün Azərbaycan vətəndaşlarına satılmış  turizm,Yevlax rayonu,2014,17.0
004_2.xls,4.2 Ölkə daxilində səyahət etmək üçün Azərbaycan vətəndaşlarına satılmış  turizm,Yevlax rayonu,2015,28.0
004_2.xls,4.2 Ölkə daxilində səyahət etmək üçün Azərbaycan vətəndaşlarına satılmış  turizm,Şəki-Zaqatala iqtisadi rayonu,2017,210.0
004_2.xls,4.2 Ölkə daxilində səyahət etmək üçün Azərbaycan vətəndaşlarına satılmış  turizm,Şəki-Zaqatala iqtisadi rayonu,2018,650.0
004_2.xls,4.2 Ölkə daxilində səyahət etmək üçün Azərbaycan vətəndaşlarına satılmış  turizm,Şəki-Zaqatala iqtisadi rayonu,2019,8.0
004_2.xls,4.2 Ölkə daxilində səyahət etmək üçün Azərbaycan vətəndaşlarına satılmış  turizm,Şəki-Zaqatala iqtisadi rayonu,2024,141.0
004_2.xls,4.2 Ölkə daxilində səyahət etmək üçün Azərbaycan vətəndaşlarına satılmış  turizm,Qax rayonu,2019,8.0
004_2.xls,4.2 Ölkə daxilində səyahət etmək üçün Azərbaycan vətəndaşlarına satılmış  turizm,Qəbələ rayonu,2017,210.0
004_2.xls,4.2 Ölkə daxilində səyahət etmək üçün Azərbaycan vətəndaşlarına satılmış  turizm,Qəbələ rayonu,2018,650.0
004_2.xls,4.2 Ölkə daxilində səyahət etmək üçün Azərbaycan vətəndaşlarına satılmış  turizm,Şəki rayonu,2024,141.0
004_2.xls,4.2 Ölkə daxilində səyahət etmək üçün Azərbaycan vətəndaşlarına satılmış  turizm,Şirvan-Salyan iqtisadi rayonu,2016,165.0
004_2.xls,4.2 Ölkə daxilində səyahət etmək üçün Azərbaycan vətəndaşlarına satılmış  turizm,Şirvan-Salyan iqtisadi rayonu,2017,55.0
004_2.xls,4.2 Ölkə daxilində səyahət etmək üçün Azərbaycan vətəndaşlarına satılmış  turizm,Şirvan-Salyan iqtisadi rayonu,2018,41.0
004_2.xls,4.2 Ölkə daxilində səyahət etmək üçün Azərbaycan vətəndaşlarına satılmış  turizm,Şirvan şəhəri,2016,165.0
004_2.xls,4.2 Ölkə daxilində səyahət etmək üçün Azərbaycan vətəndaşlarına satılmış  turizm,Şirvan şəhəri,2017,55.0
004_2.xls,4.2 Ölkə daxilində səyahət etmək üçün Azərbaycan vətəndaşlarına satılmış  turizm,Şirvan şəhəri,2018,41.0
004_3.xls,4.3 Xarici ölkələrə səyahət etmək üçün Azərbaycan vətəndaşlarına satılmış turizm,Ölkə üzrə cəmi,2006,17385.0
004_3.xls,4.3 Xarici ölkələrə səyahət etmək üçün Azərbaycan vətəndaşlarına satılmış turizm,Ölkə üzrə cəmi,2007,20777.0
004_3.xls,4.3 Xarici ölkələrə səyahət etmək üçün Azərbaycan vətəndaşlarına satılmış turizm,Ölkə üzrə cəmi,2008,20843.0
004_3.xls,4.3 Xarici ölkələrə səyahət etmək üçün Azərbaycan vətəndaşlarına satılmış turizm,Ölkə üzrə cəmi,2009,21776.0
004_3.xls,4.3 Xarici ölkələrə səyahət etmək üçün Azərbaycan vətəndaşlarına satılmış turizm,Ölkə üzrə cəmi,2010,27030.0
004_3.xls,4.3 Xarici ölkələrə səyahət etmək üçün Azərbaycan vətəndaşlarına satılmış turizm,Ölkə üzrə cəmi,2011,34254.0
004_3.xls,4.3 Xarici ölkələrə səyahət etmək üçün Azərbaycan vətəndaşlarına satılmış turizm,Ölkə üzrə cəmi,2012,52378.0
004_3.xls,4.3 Xarici ölkələrə səyahət etmək üçün Azərbaycan vətəndaşlarına satılmış turizm,Ölkə üzrə cəmi,2013,53771.0
004_3.xls,4.3 Xarici ölkələrə səyahət etmək üçün Azərbaycan vətəndaşlarına satılmış turizm,Ölkə üzrə cəmi,2014,54900.0
004_3.xls,4.3 Xarici ölkələrə səyahət etmək üçün Azərbaycan vətəndaşlarına satılmış turizm,Ölkə üzrə cəmi,2015,38002.0
004_3.xls,4.3 Xarici ölkələrə səyahət etmək üçün Azərbaycan vətəndaşlarına satılmış turizm,Ölkə üzrə cəmi,2016,24368.0
004_3.xls,4.3 Xarici ölkələrə səyahət etmək üçün Azərbaycan vətəndaşlarına satılmış turizm,Ölkə üzrə cəmi,2017,31612.0
004_3.xls,4.3 Xarici ölkələrə səyahət etmək üçün Azərbaycan vətəndaşlarına satılmış turizm,Ölkə üzrə cəmi,2018,36463.0
004_3.xls,4.3 Xarici ölkələrə səyahət etmək üçün Azərbaycan vətəndaşlarına satılmış turizm,Ölkə üzrə cəmi,2019,44915.0
004_3.xls,4.3 Xarici ölkələrə səyahət etmək üçün Azərbaycan vətəndaşlarına satılmış turizm,Ölkə üzrə cəmi,2020,4525.0
004_3.xls,4.3 Xarici ölkələrə səyahət etmək üçün Azərbaycan vətəndaşlarına satılmış turizm,Ölkə üzrə cəmi,2021,7642.0
004_3.xls,4.3 Xarici ölkələrə səyahət etmək üçün Azərbaycan vətəndaşlarına satılmış turizm,Ölkə üzrə cəmi,2022,10632.0
004_3.xls,4.3 Xarici ölkələrə səyahət etmək üçün Azərbaycan vətəndaşlarına satılmış turizm,Ölkə üzrə cəmi,2023,16867.0
004_3.xls,4.3 Xarici ölkələrə səyahət etmək üçün Azərbaycan vətəndaşlarına satılmış turizm,Ölkə üzrə cəmi,2024,63512.0
004_3.xls,4.3 Xarici ölkələrə səyahət etmək üçün Azərbaycan vətəndaşlarına satılmış turizm,Bakı şəhəri,2006,16943.0
004_3.xls,4.3 Xarici ölkələrə səyahət etmək üçün Azərbaycan vətəndaşlarına satılmış turizm,Bakı şəhəri,2007,20775.0
004_3.xls,4.3 Xarici ölkələrə səyahət etmək üçün Azərbaycan vətəndaşlarına satılmış turizm,Bakı şəhəri,2008,20821.0
004_3.xls,4.3 Xarici ölkələrə səyahət etmək üçün Azərbaycan vətəndaşlarına satılmış turizm,Bakı şəhəri,2009,21746.0
004_3.xls,4.3 Xarici ölkələrə səyahət etmək üçün Azərbaycan vətəndaşlarına satılmış turizm,Bakı şəhəri,2010,25314.0
004_3.xls,4.3 Xarici ölkələrə səyahət etmək üçün Azərbaycan vətəndaşlarına satılmış turizm,Bakı şəhəri,2011,32462.0
004_3.xls,4.3 Xarici ölkələrə səyahət etmək üçün Azərbaycan vətəndaşlarına satılmış turizm,Bakı şəhəri,2012,50350.0
004_3.xls,4.3 Xarici ölkələrə səyahət etmək üçün Azərbaycan vətəndaşlarına satılmış turizm,Bakı şəhəri,2013,51549.0
004_3.xls,4.3 Xarici ölkələrə səyahət etmək üçün Azərbaycan vətəndaşlarına satılmış turizm,Bakı şəhəri,2014,52653.0
004_3.xls,4.3 Xarici ölkələrə səyahət etmək üçün Azərbaycan vətəndaşlarına satılmış turizm,Bakı şəhəri,2015,35584.0
004_3.xls,4.3 Xarici ölkələrə səyahət etmək üçün Azərbaycan vətəndaşlarına satılmış turizm,Bakı şəhəri,2016,21821.0
004_3.xls,4.3 Xarici ölkələrə səyahət etmək üçün Azərbaycan vətəndaşlarına satılmış turizm,Bakı şəhəri,2017,23545.0
004_3.xls,4.3 Xarici ölkələrə səyahət etmək üçün Azərbaycan vətəndaşlarına satılmış turizm,Bakı şəhəri,2018,31035.0
004_3.xls,4.3 Xarici ölkələrə səyahət etmək üçün Azərbaycan vətəndaşlarına satılmış turizm,Bakı şəhəri,2019,40490.0
004_3.xls,4.3 Xarici ölkələrə səyahət etmək üçün Azərbaycan vətəndaşlarına satılmış turizm,Bakı şəhəri,2020,4009.0
004_3.xls,4.3 Xarici ölkələrə səyahət etmək üçün Azərbaycan vətəndaşlarına satılmış turizm,Bakı şəhəri,2021,7052.0
004_3.xls,4.3 Xarici ölkələrə səyahət etmək üçün Azərbaycan vətəndaşlarına satılmış turizm,Bakı şəhəri,2022,9497.0
004_3.xls,4.3 Xarici ölkələrə səyahət etmək üçün Azərbaycan vətəndaşlarına satılmış turizm,Bakı şəhəri,2023,15434.0
004_3.xls,4.3 Xarici ölkələrə səyahət etmək üçün Azərbaycan vətəndaşlarına satılmış turizm,Bakı şəhəri,2024,61924.0
004_3.xls,4.3 Xarici ölkələrə səyahət etmək üçün Azərbaycan vətəndaşlarına satılmış turizm,Binəqədi rayonu,2006,17.0
004_3.xls,4.3 Xarici ölkələrə səyahət etmək üçün Azərbaycan vətəndaşlarına satılmış turizm,Binəqədi rayonu,2007,4.0
004_3.xls,4.3 Xarici ölkələrə səyahət etmək üçün Azərbaycan vətəndaşlarına satılmış turizm,Binəqədi rayonu,2009,25.0
004_3.xls,4.3 Xarici ölkələrə səyahət etmək üçün Azərbaycan vətəndaşlarına satılmış turizm,Binəqədi rayonu,2010,3918.0
004_3.xls,4.3 Xarici ölkələrə səyahət etmək üçün Azərbaycan vətəndaşlarına satılmış turizm,Binəqədi rayonu,2011,4741.0
004_3.xls,4.3 Xarici ölkələrə səyahət etmək üçün Azərbaycan vətəndaşlarına satılmış turizm,Binəqədi rayonu,2012,7644.0
004_3.xls,4.3 Xarici ölkələrə səyahət etmək üçün Azərbaycan vətəndaşlarına satılmış turizm,Binəqədi rayonu,2013,6863.0
004_3.xls,4.3 Xarici ölkələrə səyahət etmək üçün Azərbaycan vətəndaşlarına satılmış turizm,Binəqədi rayonu,2014,3893.0
004_3.xls,4.3 Xarici ölkələrə səyahət etmək üçün Azərbaycan vətəndaşlarına satılmış turizm,Binəqədi rayonu,2015,1750.0
004_3.xls,4.3 Xarici ölkələrə səyahət etmək üçün Azərbaycan vətəndaşlarına satılmış turizm,Binəqədi rayonu,2016,1078.0
004_3.xls,4.3 Xarici ölkələrə səyahət etmək üçün Azərbaycan vətəndaşlarına satılmış turizm,Binəqədi rayonu,2017,915.0
004_3.xls,4.3 Xarici ölkələrə səyahət etmək üçün Azərbaycan vətəndaşlarına satılmış turizm,Binəqədi rayonu,2018,2701.0
004_3.xls,4.3 Xarici ölkələrə səyahət etmək üçün Azərbaycan vətəndaşlarına satılmış turizm,Binəqədi rayonu,2019,876.0
004_3.xls,4.3 Xarici ölkələrə səyahət etmək üçün Azərbaycan vətəndaşlarına satılmış turizm,Binəqədi rayonu,2020,233.0
004_3.xls,4.3 Xarici ölkələrə səyahət etmək üçün Azərbaycan vətəndaşlarına satılmış turizm,Binəqədi rayonu,2021,11.0
004_3.xls,4.3 Xarici ölkələrə səyahət etmək üçün Azərbaycan vətəndaşlarına satılmış turizm,Binəqədi rayonu,2022,21.0
004_3.xls,4.3 Xarici ölkələrə səyahət etmək üçün Azərbaycan vətəndaşlarına satılmış turizm,Binəqədi rayonu,2023,50.0
004_3.xls,4.3 Xarici ölkələrə səyahət etmək üçün Azərbaycan vətəndaşlarına satılmış turizm,Binəqədi rayonu,2024,16.0
004_3.xls,4.3 Xarici ölkələrə səyahət etmək üçün Azərbaycan vətəndaşlarına satılmış turizm,Xətai rayonu,2006,1258.0
004_3.xls,4.3 Xarici ölkələrə səyahət etmək üçün Azərbaycan vətəndaşlarına satılmış turizm,Xətai rayonu,2007,3432.0
004_3.xls,4.3 Xarici ölkələrə səyahət etmək üçün Azərbaycan vətəndaşlarına satılmış turizm,Xətai rayonu,2008,3711.0
004_3.xls,4.3 Xarici ölkələrə səyahət etmək üçün Azərbaycan vətəndaşlarına satılmış turizm,Xətai rayonu,2009,3345.0
004_3.xls,4.3 Xarici ölkələrə səyahət etmək üçün Azərbaycan vətəndaşlarına satılmış turizm,Xətai rayonu,2010,1892.0
004_3.xls,4.3 Xarici ölkələrə səyahət etmək üçün Azərbaycan vətəndaşlarına satılmış turizm,Xətai rayonu,2011,1614.0
004_3.xls,4.3 Xarici ölkələrə səyahət etmək üçün Azərbaycan vətəndaşlarına satılmış turizm,Xətai rayonu,2012,1350.0
004_3.xls,4.3 Xarici ölkələrə səyahət etmək üçün Azərbaycan vətəndaşlarına satılmış turizm,Xətai rayonu,2013,1069.0
004_3.xls,4.3 Xarici ölkələrə səyahət etmək üçün Azərbaycan vətəndaşlarına satılmış turizm,Xətai rayonu,2014,1303.0
004_3.xls,4.3 Xarici ölkələrə səyahət etmək üçün Azərbaycan vətəndaşlarına satılmış turizm,Xətai rayonu,2015,512.0
004_3.xls,4.3 Xarici ölkələrə səyahət etmək üçün Azərbaycan vətəndaşlarına satılmış turizm,Xətai rayonu,2016,394.0
004_3.xls,4.3 Xarici ölkələrə səyahət etmək üçün Azərbaycan vətəndaşlarına satılmış turizm,Xətai rayonu,2017,576.0
004_3.xls,4.3 Xarici ölkələrə səyahət etmək üçün Azərbaycan vətəndaşlarına satılmış turizm,Xətai rayonu,2018,1917.0
004_3.xls,4.3 Xarici ölkələrə səyahət etmək üçün Azərbaycan vətəndaşlarına satılmış turizm,Xətai rayonu,2019,2693.0
004_3.xls,4.3 Xarici ölkələrə səyahət etmək üçün Azərbaycan vətəndaşlarına satılmış turizm,Xətai rayonu,2020,352.0
004_3.xls,4.3 Xarici ölkələrə səyahət etmək üçün Azərbaycan vətəndaşlarına satılmış turizm,Xətai rayonu,2021,904.0
004_3.xls,4.3 Xarici ölkələrə səyahət etmək üçün Azərbaycan vətəndaşlarına satılmış turizm,Xətai rayonu,2022,1053.0
004_3.xls,4.3 Xarici ölkələrə səyahət etmək üçün Azərbaycan vətəndaşlarına satılmış turizm,Xətai rayonu,2023,2094.0
004_3.xls,4.3 Xarici ölkələrə səyahət etmək üçün Azərbaycan vətəndaşlarına satılmış turizm,Xətai rayonu,2024,1665.0
004_3.xls,4.3 Xarici ölkələrə səyahət etmək üçün Azərbaycan vətəndaşlarına satılmış turizm,Xəzər rayonu,2006,7275.0
004_3.xls,4.3 Xarici ölkələrə səyahət etmək üçün Azərbaycan vətəndaşlarına satılmış turizm,Xəzər rayonu,2007,7498.0
004_3.xls,4.3 Xarici ölkələrə səyahət etmək üçün Azərbaycan vətəndaşlarına satılmış turizm,Xəzər rayonu,2008,6121.0
004_3.xls,4.3 Xarici ölkələrə səyahət etmək üçün Azərbaycan vətəndaşlarına satılmış turizm,Xəzər rayonu,2009,5167.0
004_3.xls,4.3 Xarici ölkələrə səyahət etmək üçün Azərbaycan vətəndaşlarına satılmış turizm,Xəzər rayonu,2015,64.0
004_3.xls,4.3 Xarici ölkələrə səyahət etmək üçün Azərbaycan vətəndaşlarına satılmış turizm,Xəzər rayonu,2016,647.0
004_3.xls,4.3 Xarici ölkələrə səyahət etmək üçün Azərbaycan vətəndaşlarına satılmış turizm,Xəzər rayonu,2017,106.0
004_3.xls,4.3 Xarici ölkələrə səyahət etmək üçün Azərbaycan vətəndaşlarına satılmış turizm,Xəzər rayonu,2018,481.0
004_3.xls,4.3 Xarici ölkələrə səyahət etmək üçün Azərbaycan vətəndaşlarına satılmış turizm,Xəzər rayonu,2019,120.0
004_3.xls,4.3 Xarici ölkələrə səyahət etmək üçün Azərbaycan vətəndaşlarına satılmış turizm,Xəzər rayonu,2020,3.0
004_3.xls,4.3 Xarici ölkələrə səyahət etmək üçün Azərbaycan vətəndaşlarına satılmış turizm,Xəzər rayonu,2022,6.0
004_3.xls,4.3 Xarici ölkələrə səyahət etmək üçün Azərbaycan vətəndaşlarına satılmış turizm,Xəzər rayonu,2023,53.0
004_3.xls,4.3 Xarici ölkələrə səyahət etmək üçün Azərbaycan vətəndaşlarına satılmış turizm,Xəzər rayonu,2024,828.0
004_3.xls,4.3 Xarici ölkələrə səyahət etmək üçün Azərbaycan vətəndaşlarına satılmış turizm,Nərimanov rayonu,2006,972.0
004_3.xls,4.3 Xarici ölkələrə səyahət etmək üçün Azərbaycan vətəndaşlarına satılmış turizm,Nərimanov rayonu,2007,2162.0
004_3.xls,4.3 Xarici ölkələrə səyahət etmək üçün Azərbaycan vətəndaşlarına satılmış turizm,Nərimanov rayonu,2008,3616.0
004_3.xls,4.3 Xarici ölkələrə səyahət etmək üçün Azərbaycan vətəndaşlarına satılmış turizm,Nərimanov rayonu,2009,3000.0
004_3.xls,4.3 Xarici ölkələrə səyahət etmək üçün Azərbaycan vətəndaşlarına satılmış turizm,Nərimanov rayonu,2010,164.0
004_3.xls,4.3 Xarici ölkələrə səyahət etmək üçün Azərbaycan vətəndaşlarına satılmış turizm,Nərimanov rayonu,2011,486.0
004_3.xls,4.3 Xarici ölkələrə səyahət etmək üçün Azərbaycan vətəndaşlarına satılmış turizm,Nərimanov rayonu,2012,9100.0
004_3.xls,4.3 Xarici ölkələrə səyahət etmək üçün Azərbaycan vətəndaşlarına satılmış turizm,Nərimanov rayonu,2013,9887.0
004_3.xls,4.3 Xarici ölkələrə səyahət etmək üçün Azərbaycan vətəndaşlarına satılmış turizm,Nərimanov rayonu,2014,11051.0
004_3.xls,4.3 Xarici ölkələrə səyahət etmək üçün Azərbaycan vətəndaşlarına satılmış turizm,Nərimanov rayonu,2015,10012.0
004_3.xls,4.3 Xarici ölkələrə səyahət etmək üçün Azərbaycan vətəndaşlarına satılmış turizm,Nərimanov rayonu,2016,3084.0
004_3.xls,4.3 Xarici ölkələrə səyahət etmək üçün Azərbaycan vətəndaşlarına satılmış turizm,Nərimanov rayonu,2017,4057.0
004_3.xls,4.3 Xarici ölkələrə səyahət etmək üçün Azərbaycan vətəndaşlarına satılmış turizm,Nərimanov rayonu,2018,3320.0
004_3.xls,4.3 Xarici ölkələrə səyahət etmək üçün Azərbaycan vətəndaşlarına satılmış turizm,Nərimanov rayonu,2019,5192.0
004_3.xls,4.3 Xarici ölkələrə səyahət etmək üçün Azərbaycan vətəndaşlarına satılmış turizm,Nərimanov rayonu,2020,783.0
004_3.xls,4.3 Xarici ölkələrə səyahət etmək üçün Azərbaycan vətəndaşlarına satılmış turizm,Nərimanov rayonu,2021,3350.0
004_3.xls,4.3 Xarici ölkələrə səyahət etmək üçün Azərbaycan vətəndaşlarına satılmış turizm,Nərimanov rayonu,2022,2552.0
004_3.xls,4.3 Xarici ölkələrə səyahət etmək üçün Azərbaycan vətəndaşlarına satılmış turizm,Nərimanov rayonu,2023,5363.0
004_3.xls,4.3 Xarici ölkələrə səyahət etmək üçün Azərbaycan vətəndaşlarına satılmış turizm,Nərimanov rayonu,2024,2217.0
004_3.xls,4.3 Xarici ölkələrə səyahət etmək üçün Azərbaycan vətəndaşlarına satılmış turizm,Nəsimi rayonu,2006,4714.0
004_3.xls,4.3 Xarici ölkələrə səyahət etmək üçün Azərbaycan vətəndaşlarına satılmış turizm,Nəsimi rayonu,2007,4230.0
004_3.xls,4.3 Xarici ölkələrə səyahət etmək üçün Azərbaycan vətəndaşlarına satılmış turizm,Nəsimi rayonu,2008,2709.0
004_3.xls,4.3 Xarici ölkələrə səyahət etmək üçün Azərbaycan vətəndaşlarına satılmış turizm,Nəsimi rayonu,2009,4095.0
004_3.xls,4.3 Xarici ölkələrə səyahət etmək üçün Azərbaycan vətəndaşlarına satılmış turizm,Nəsimi rayonu,2010,3249.0
004_3.xls,4.3 Xarici ölkələrə səyahət etmək üçün Azərbaycan vətəndaşlarına satılmış turizm,Nəsimi rayonu,2011,3003.0
004_3.xls,4.3 Xarici ölkələrə səyahət etmək üçün Azərbaycan vətəndaşlarına satılmış turizm,Nəsimi rayonu,2012,2573.0
004_3.xls,4.3 Xarici ölkələrə səyahət etmək üçün Azərbaycan vətəndaşlarına satılmış turizm,Nəsimi rayonu,2013,3879.0
004_3.xls,4.3 Xarici ölkələrə səyahət etmək üçün Azərbaycan vətəndaşlarına satılmış turizm,Nəsimi rayonu,2014,7302.0
004_3.xls,4.3 Xarici ölkələrə səyahət etmək üçün Azərbaycan vətəndaşlarına satılmış turizm,Nəsimi rayonu,2015,7727.0
004_3.xls,4.3 Xarici ölkələrə səyahət etmək üçün Azərbaycan vətəndaşlarına satılmış turizm,Nəsimi rayonu,2016,5136.0
004_3.xls,4.3 Xarici ölkələrə səyahət etmək üçün Azərbaycan vətəndaşlarına satılmış turizm,Nəsimi rayonu,2017,6282.0
004_3.xls,4.3 Xarici ölkələrə səyahət etmək üçün Azərbaycan vətəndaşlarına satılmış turizm,Nəsimi rayonu,2018,7555.0
004_3.xls,4.3 Xarici ölkələrə səyahət etmək üçün Azərbaycan vətəndaşlarına satılmış turizm,Nəsimi rayonu,2019,15710.0
004_3.xls,4.3 Xarici ölkələrə səyahət etmək üçün Azərbaycan vətəndaşlarına satılmış turizm,Nəsimi rayonu,2020,381.0
004_3.xls,4.3 Xarici ölkələrə səyahət etmək üçün Azərbaycan vətəndaşlarına satılmış turizm,Nəsimi rayonu,2021,402.0
004_3.xls,4.3 Xarici ölkələrə səyahət etmək üçün Azərbaycan vətəndaşlarına satılmış turizm,Nəsimi rayonu,2022,1546.0
004_3.xls,4.3 Xarici ölkələrə səyahət etmək üçün Azərbaycan vətəndaşlarına satılmış turizm,Nəsimi rayonu,2023,2036.0
004_3.xls,4.3 Xarici ölkələrə səyahət etmək üçün Azərbaycan vətəndaşlarına satılmış turizm,Nəsimi rayonu,2024,44154.0
004_3.xls,4.3 Xarici ölkələrə səyahət etmək üçün Azərbaycan vətəndaşlarına satılmış turizm,Nizami rayonu,2006,120.0
004_3.xls,4.3 Xarici ölkələrə səyahət etmək üçün Azərbaycan vətəndaşlarına satılmış turizm,Nizami rayonu,2007,288.0
004_3.xls,4.3 Xarici ölkələrə səyahət etmək üçün Azərbaycan vətəndaşlarına satılmış turizm,Nizami rayonu,2008,601.0
004_3.xls,4.3 Xarici ölkələrə səyahət etmək üçün Azərbaycan vətəndaşlarına satılmış turizm,Nizami rayonu,2009,179.0
004_3.xls,4.3 Xarici ölkələrə səyahət etmək üçün Azərbaycan vətəndaşlarına satılmış turizm,Nizami rayonu,2010,61.0
004_3.xls,4.3 Xarici ölkələrə səyahət etmək üçün Azərbaycan vətəndaşlarına satılmış turizm,Nizami rayonu,2011,138.0
004_3.xls,4.3 Xarici ölkələrə səyahət etmək üçün Azərbaycan vətəndaşlarına satılmış turizm,Nizami rayonu,2012,137.0
004_3.xls,4.3 Xarici ölkələrə səyahət etmək üçün Azərbaycan vətəndaşlarına satılmış turizm,Nizami rayonu,2013,59.0
004_3.xls,4.3 Xarici ölkələrə səyahət etmək üçün Azərbaycan vətəndaşlarına satılmış turizm,Nizami rayonu,2014,15.0
004_3.xls,4.3 Xarici ölkələrə səyahət etmək üçün Azərbaycan vətəndaşlarına satılmış turizm,Nizami rayonu,2015,22.0
004_3.xls,4.3 Xarici ölkələrə səyahət etmək üçün Azərbaycan vətəndaşlarına satılmış turizm,Nizami rayonu,2016,293.0
004_3.xls,4.3 Xarici ölkələrə səyahət etmək üçün Azərbaycan vətəndaşlarına satılmış turizm,Nizami rayonu,2017,401.0
004_3.xls,4.3 Xarici ölkələrə səyahət etmək üçün Azərbaycan vətəndaşlarına satılmış turizm,Nizami rayonu,2018,710.0
004_3.xls,4.3 Xarici ölkələrə səyahət etmək üçün Azərbaycan vətəndaşlarına satılmış turizm,Nizami rayonu,2019,433.0
004_3.xls,4.3 Xarici ölkələrə səyahət etmək üçün Azərbaycan vətəndaşlarına satılmış turizm,Nizami rayonu,2020,39.0
004_3.xls,4.3 Xarici ölkələrə səyahət etmək üçün Azərbaycan vətəndaşlarına satılmış turizm,Nizami rayonu,2022,10.0
004_3.xls,4.3 Xarici ölkələrə səyahət etmək üçün Azərbaycan vətəndaşlarına satılmış turizm,Nizami rayonu,2023,2.0
004_3.xls,4.3 Xarici ölkələrə səyahət etmək üçün Azərbaycan vətəndaşlarına satılmış turizm,Nizami rayonu,2024,40.0
004_3.xls,4.3 Xarici ölkələrə səyahət etmək üçün Azərbaycan vətəndaşlarına satılmış turizm,Sabunçu rayonu,2006,30.0
004_3.xls,4.3 Xarici ölkələrə səyahət etmək üçün Azərbaycan vətəndaşlarına satılmış turizm,Sabunçu rayonu,2007,14.0
004_3.xls,4.3 Xarici ölkələrə səyahət etmək üçün Azərbaycan vətəndaşlarına satılmış turizm,Sabunçu rayonu,2008,734.0
004_3.xls,4.3 Xarici ölkələrə səyahət etmək üçün Azərbaycan vətəndaşlarına satılmış turizm,Sabunçu rayonu,2009,412.0
004_3.xls,4.3 Xarici ölkələrə səyahət etmək üçün Azərbaycan vətəndaşlarına satılmış turizm,Sabunçu rayonu,2010,290.0
004_3.xls,4.3 Xarici ölkələrə səyahət etmək üçün Azərbaycan vətəndaşlarına satılmış turizm,Sabunçu rayonu,2011,387.0
004_3.xls,4.3 Xarici ölkələrə səyahət etmək üçün Azərbaycan vətəndaşlarına satılmış turizm,Sabunçu rayonu,2012,788.0
004_3.xls,4.3 Xarici ölkələrə səyahət etmək üçün Azərbaycan vətəndaşlarına satılmış turizm,Sabunçu rayonu,2013,249.0
004_3.xls,4.3 Xarici ölkələrə səyahət etmək üçün Azərbaycan vətəndaşlarına satılmış turizm,Sabunçu rayonu,2014,908.0
004_3.xls,4.3 Xarici ölkələrə səyahət etmək üçün Azərbaycan vətəndaşlarına satılmış turizm,Sabunçu rayonu,2015,1076.0
004_3.xls,4.3 Xarici ölkələrə səyahət etmək üçün Azərbaycan vətəndaşlarına satılmış turizm,Sabunçu rayonu,2016,1153.0
004_3.xls,4.3 Xarici ölkələrə səyahət etmək üçün Azərbaycan vətəndaşlarına satılmış turizm,Sabunçu rayonu,2017,1795.0
004_3.xls,4.3 Xarici ölkələrə səyahət etmək üçün Azərbaycan vətəndaşlarına satılmış turizm,Sabunçu rayonu,2018,1977.0
004_3.xls,4.3 Xarici ölkələrə səyahət etmək üçün Azərbaycan vətəndaşlarına satılmış turizm,Sabunçu rayonu,2019,1989.0
004_3.xls,4.3 Xarici ölkələrə səyahət etmək üçün Azərbaycan vətəndaşlarına satılmış turizm,Sabunçu rayonu,2020,145.0
004_3.xls,4.3 Xarici ölkələrə səyahət etmək üçün Azərbaycan vətəndaşlarına satılmış turizm,Sabunçu rayonu,2021,122.0
004_3.xls,4.3 Xarici ölkələrə səyahət etmək üçün Azərbaycan vətəndaşlarına satılmış turizm,Sabunçu rayonu,2022,1011.0
004_3.xls,4.3 Xarici ölkələrə səyahət etmək üçün Azərbaycan vətəndaşlarına satılmış turizm,Sabunçu rayonu,2023,384.0
004_3.xls,4.3 Xarici ölkələrə səyahət etmək üçün Azərbaycan vətəndaşlarına satılmış turizm,Sabunçu rayonu,2024,619.0
004_3.xls,4.3 Xarici ölkələrə səyahət etmək üçün Azərbaycan vətəndaşlarına satılmış turizm,Səbail rayonu,2006,853.0
004_3.xls,4.3 Xarici ölkələrə səyahət etmək üçün Azərbaycan vətəndaşlarına satılmış turizm,Səbail rayonu,2007,502.0
004_3.xls,4.3 Xarici ölkələrə səyahət etmək üçün Azərbaycan vətəndaşlarına satılmış turizm,Səbail rayonu,2008,1349.0
004_3.xls,4.3 Xarici ölkələrə səyahət etmək üçün Azərbaycan vətəndaşlarına satılmış turizm,Səbail rayonu,2009,3086.0
004_3.xls,4.3 Xarici ölkələrə səyahət etmək üçün Azərbaycan vətəndaşlarına satılmış turizm,Səbail rayonu,2010,10333.0
004_3.xls,4.3 Xarici ölkələrə səyahət etmək üçün Azərbaycan vətəndaşlarına satılmış turizm,Səbail rayonu,2011,8120.0
004_3.xls,4.3 Xarici ölkələrə səyahət etmək üçün Azərbaycan vətəndaşlarına satılmış turizm,Səbail rayonu,2012,14354.0
004_3.xls,4.3 Xarici ölkələrə səyahət etmək üçün Azərbaycan vətəndaşlarına satılmış turizm,Səbail rayonu,2013,13596.0
004_3.xls,4.3 Xarici ölkələrə səyahət etmək üçün Azərbaycan vətəndaşlarına satılmış turizm,Səbail rayonu,2014,12726.0
004_3.xls,4.3 Xarici ölkələrə səyahət etmək üçün Azərbaycan vətəndaşlarına satılmış turizm,Səbail rayonu,2015,5471.0
004_3.xls,4.3 Xarici ölkələrə səyahət etmək üçün Azərbaycan vətəndaşlarına satılmış turizm,Səbail rayonu,2016,3996.0
004_3.xls,4.3 Xarici ölkələrə səyahət etmək üçün Azərbaycan vətəndaşlarına satılmış turizm,Səbail rayonu,2017,4477.0
004_3.xls,4.3 Xarici ölkələrə səyahət etmək üçün Azərbaycan vətəndaşlarına satılmış turizm,Səbail rayonu,2018,5740.0
004_3.xls,4.3 Xarici ölkələrə səyahət etmək üçün Azərbaycan vətəndaşlarına satılmış turizm,Səbail rayonu,2019,6721.0
004_3.xls,4.3 Xarici ölkələrə səyahət etmək üçün Azərbaycan vətəndaşlarına satılmış turizm,Səbail rayonu,2020,1339.0
004_3.xls,4.3 Xarici ölkələrə səyahət etmək üçün Azərbaycan vətəndaşlarına satılmış turizm,Səbail rayonu,2021,1944.0
004_3.xls,4.3 Xarici ölkələrə səyahət etmək üçün Azərbaycan vətəndaşlarına satılmış turizm,Səbail rayonu,2022,2530.0
004_3.xls,4.3 Xarici ölkələrə səyahət etmək üçün Azərbaycan vətəndaşlarına satılmış turizm,Səbail rayonu,2023,4483.0
004_3.xls,4.3 Xarici ölkələrə səyahət etmək üçün Azərbaycan vətəndaşlarına satılmış turizm,Səbail rayonu,2024,9108.0
004_3.xls,4.3 Xarici ölkələrə səyahət etmək üçün Azərbaycan vətəndaşlarına satılmış turizm,Suraxanı rayonu,2006,2.0
004_3.xls,4.3 Xarici ölkələrə səyahət etmək üçün Azərbaycan vətəndaşlarına satılmış turizm,Suraxanı rayonu,2007,38.0
004_3.xls,4.3 Xarici ölkələrə səyahət etmək üçün Azərbaycan vətəndaşlarına satılmış turizm,Suraxanı rayonu,2008,5.0
004_3.xls,4.3 Xarici ölkələrə səyahət etmək üçün Azərbaycan vətəndaşlarına satılmış turizm,Suraxanı rayonu,2009,121.0
004_3.xls,4.3 Xarici ölkələrə səyahət etmək üçün Azərbaycan vətəndaşlarına satılmış turizm,Suraxanı rayonu,2010,111.0
004_3.xls,4.3 Xarici ölkələrə səyahət etmək üçün Azərbaycan vətəndaşlarına satılmış turizm,Suraxanı rayonu,2011,240.0
004_3.xls,4.3 Xarici ölkələrə səyahət etmək üçün Azərbaycan vətəndaşlarına satılmış turizm,Suraxanı rayonu,2012,99.0
004_3.xls,4.3 Xarici ölkələrə səyahət etmək üçün Azərbaycan vətəndaşlarına satılmış turizm,Suraxanı rayonu,2013,91.0
004_3.xls,4.3 Xarici ölkələrə səyahət etmək üçün Azərbaycan vətəndaşlarına satılmış turizm,Suraxanı rayonu,2014,95.0
004_3.xls,4.3 Xarici ölkələrə səyahət etmək üçün Azərbaycan vətəndaşlarına satılmış turizm,Suraxanı rayonu,2015,600.0
004_3.xls,4.3 Xarici ölkələrə səyahət etmək üçün Azərbaycan vətəndaşlarına satılmış turizm,Suraxanı rayonu,2016,1181.0
004_3.xls,4.3 Xarici ölkələrə səyahət etmək üçün Azərbaycan vətəndaşlarına satılmış turizm,Suraxanı rayonu,2017,408.0
004_3.xls,4.3 Xarici ölkələrə səyahət etmək üçün Azərbaycan vətəndaşlarına satılmış turizm,Suraxanı rayonu,2018,165.0
004_3.xls,4.3 Xarici ölkələrə səyahət etmək üçün Azərbaycan vətəndaşlarına satılmış turizm,Suraxanı rayonu,2019,246.0
004_3.xls,4.3 Xarici ölkələrə səyahət etmək üçün Azərbaycan vətəndaşlarına satılmış turizm,Suraxanı rayonu,2022,201.0
004_3.xls,4.3 Xarici ölkələrə səyahət etmək üçün Azərbaycan vətəndaşlarına satılmış turizm,Suraxanı rayonu,2023,15.0
004_3.xls,4.3 Xarici ölkələrə səyahət etmək üçün Azərbaycan vətəndaşlarına satılmış turizm,Suraxanı rayonu,2024,246.0
004_3.xls,4.3 Xarici ölkələrə səyahət etmək üçün Azərbaycan vətəndaşlarına satılmış turizm,Yasamal rayonu,2006,1702.0
004_3.xls,4.3 Xarici ölkələrə səyahət etmək üçün Azərbaycan vətəndaşlarına satılmış turizm,Yasamal rayonu,2007,2607.0
004_3.xls,4.3 Xarici ölkələrə səyahət etmək üçün Azərbaycan vətəndaşlarına satılmış turizm,Yasamal rayonu,2008,1975.0
004_3.xls,4.3 Xarici ölkələrə səyahət etmək üçün Azərbaycan vətəndaşlarına satılmış turizm,Yasamal rayonu,2009,2316.0
004_3.xls,4.3 Xarici ölkələrə səyahət etmək üçün Azərbaycan vətəndaşlarına satılmış turizm,Yasamal rayonu,2010,5296.0
004_3.xls,4.3 Xarici ölkələrə səyahət etmək üçün Azərbaycan vətəndaşlarına satılmış turizm,Yasamal rayonu,2011,13733.0
004_3.xls,4.3 Xarici ölkələrə səyahət etmək üçün Azərbaycan vətəndaşlarına satılmış turizm,Yasamal rayonu,2012,14305.0
004_3.xls,4.3 Xarici ölkələrə səyahət etmək üçün Azərbaycan vətəndaşlarına satılmış turizm,Yasamal rayonu,2013,15856.0
004_3.xls,4.3 Xarici ölkələrə səyahət etmək üçün Azərbaycan vətəndaşlarına satılmış turizm,Yasamal rayonu,2014,15360.0
004_3.xls,4.3 Xarici ölkələrə səyahət etmək üçün Azərbaycan vətəndaşlarına satılmış turizm,Yasamal rayonu,2015,8350.0
004_3.xls,4.3 Xarici ölkələrə səyahət etmək üçün Azərbaycan vətəndaşlarına satılmış turizm,Yasamal rayonu,2016,4859.0
004_3.xls,4.3 Xarici ölkələrə səyahət etmək üçün Azərbaycan vətəndaşlarına satılmış turizm,Yasamal rayonu,2017,4528.0
004_3.xls,4.3 Xarici ölkələrə səyahət etmək üçün Azərbaycan vətəndaşlarına satılmış turizm,Yasamal rayonu,2018,6469.0
004_3.xls,4.3 Xarici ölkələrə səyahət etmək üçün Azərbaycan vətəndaşlarına satılmış turizm,Yasamal rayonu,2019,6510.0
004_3.xls,4.3 Xarici ölkələrə səyahət etmək üçün Azərbaycan vətəndaşlarına satılmış turizm,Yasamal rayonu,2020,734.0
004_3.xls,4.3 Xarici ölkələrə səyahət etmək üçün Azərbaycan vətəndaşlarına satılmış turizm,Yasamal rayonu,2021,319.0
004_3.xls,4.3 Xarici ölkələrə səyahət etmək üçün Azərbaycan vətəndaşlarına satılmış turizm,Yasamal rayonu,2022,567.0
004_3.xls,4.3 Xarici ölkələrə səyahət etmək üçün Azərbaycan vətəndaşlarına satılmış turizm,Yasamal rayonu,2023,954.0
004_3.xls,4.3 Xarici ölkələrə səyahət etmək üçün Azərbaycan vətəndaşlarına satılmış turizm,Yasamal rayonu,2024,3031.0
004_3.xls,4.3 Xarici ölkələrə səyahət etmək üçün Azərbaycan vətəndaşlarına satılmış turizm,Abşeron-Xızı iqtisadi rayonu,2013,30.0
004_3.xls,4.3 Xarici ölkələrə səyahət etmək üçün Azərbaycan vətəndaşlarına satılmış turizm,Abşeron-Xızı iqtisadi rayonu,2014,30.0
004_3.xls,4.3 Xarici ölkələrə səyahət etmək üçün Azərbaycan vətəndaşlarına satılmış turizm,Abşeron-Xızı iqtisadi rayonu,2017,21.0
004_3.xls,4.3 Xarici ölkələrə səyahət etmək üçün Azərbaycan vətəndaşlarına satılmış turizm,Abşeron-Xızı iqtisadi rayonu,2018,1269.0
004_3.xls,4.3 Xarici ölkələrə səyahət etmək üçün Azərbaycan vətəndaşlarına satılmış turizm,Abşeron-Xızı iqtisadi rayonu,2019,1830.0
004_3.xls,4.3 Xarici ölkələrə səyahət etmək üçün Azərbaycan vətəndaşlarına satılmış turizm,Abşeron-Xızı iqtisadi rayonu,2021,8.0
004_3.xls,4.3 Xarici ölkələrə səyahət etmək üçün Azərbaycan vətəndaşlarına satılmış turizm,Abşeron-Xızı iqtisadi rayonu,2022,275.0
004_3.xls,4.3 Xarici ölkələrə səyahət etmək üçün Azərbaycan vətəndaşlarına satılmış turizm,Abşeron-Xızı iqtisadi rayonu,2023,566.0
004_3.xls,4.3 Xarici ölkələrə səyahət etmək üçün Azərbaycan vətəndaşlarına satılmış turizm,Abşeron-Xızı iqtisadi rayonu,2024,767.0
004_3.xls,4.3 Xarici ölkələrə səyahət etmək üçün Azərbaycan vətəndaşlarına satılmış turizm,Sumqayıt şəhəri,2013,30.0
004_3.xls,4.3 Xarici ölkələrə səyahət etmək üçün Azərbaycan vətəndaşlarına satılmış turizm,Sumqayıt şəhəri,2014,30.0
004_3.xls,4.3 Xarici ölkələrə səyahət etmək üçün Azərbaycan vətəndaşlarına satılmış turizm,Sumqayıt şəhəri,2017,21.0
004_3.xls,4.3 Xarici ölkələrə səyahət etmək üçün Azərbaycan vətəndaşlarına satılmış turizm,Sumqayıt şəhəri,2018,367.0
004_3.xls,4.3 Xarici ölkələrə səyahət etmək üçün Azərbaycan vətəndaşlarına satılmış turizm,Sumqayıt şəhəri,2019,875.0
004_3.xls,4.3 Xarici ölkələrə səyahət etmək üçün Azərbaycan vətəndaşlarına satılmış turizm,Sumqayıt şəhəri,2021,8.0
004_3.xls,4.3 Xarici ölkələrə səyahət etmək üçün Azərbaycan vətəndaşlarına satılmış turizm,Sumqayıt şəhəri,2022,243.0
004_3.xls,4.3 Xarici ölkələrə səyahət etmək üçün Azərbaycan vətəndaşlarına satılmış turizm,Sumqayıt şəhəri,2023,566.0
004_3.xls,4.3 Xarici ölkələrə səyahət etmək üçün Azərbaycan vətəndaşlarına satılmış turizm,Sumqayıt şəhəri,2024,683.0
004_3.xls,4.3 Xarici ölkələrə səyahət etmək üçün Azərbaycan vətəndaşlarına satılmış turizm,Abşeron rayonu,2018,902.0
004_3.xls,4.3 Xarici ölkələrə səyahət etmək üçün Azərbaycan vətəndaşlarına satılmış turizm,Abşeron rayonu,2019,955.0
004_3.xls,4.3 Xarici ölkələrə səyahət etmək üçün Azərbaycan vətəndaşlarına satılmış turizm,Abşeron rayonu,2022,32.0
004_3.xls,4.3 Xarici ölkələrə səyahət etmək üçün Azərbaycan vətəndaşlarına satılmış turizm,Abşeron rayonu,2024,84.0
004_3.xls,4.3 Xarici ölkələrə səyahət etmək üçün Azərbaycan vətəndaşlarına satılmış turizm,Gəncə-Daşkəsən iqtisadi rayonu,2006,3.0
004_3.xls,4.3 Xarici ölkələrə səyahət etmək üçün Azərbaycan vətəndaşlarına satılmış turizm,Gəncə-Daşkəsən iqtisadi rayonu,2013,48.0
004_3.xls,4.3 Xarici ölkələrə səyahət etmək üçün Azərbaycan vətəndaşlarına satılmış turizm,Gəncə-Daşkəsən iqtisadi rayonu,2014,60.0
004_3.xls,4.3 Xarici ölkələrə səyahət etmək üçün Azərbaycan vətəndaşlarına satılmış turizm,Gəncə-Daşkəsən iqtisadi rayonu,2015,232.0
004_3.xls,4.3 Xarici ölkələrə səyahət etmək üçün Azərbaycan vətəndaşlarına satılmış turizm,Gəncə-Daşkəsən iqtisadi rayonu,2016,331.0
004_3.xls,4.3 Xarici ölkələrə səyahət etmək üçün Azərbaycan vətəndaşlarına satılmış turizm,Gəncə-Daşkəsən iqtisadi rayonu,2017,105.0
004_3.xls,4.3 Xarici ölkələrə səyahət etmək üçün Azərbaycan vətəndaşlarına satılmış turizm,Gəncə-Daşkəsən iqtisadi rayonu,2018,471.0
004_3.xls,4.3 Xarici ölkələrə səyahət etmək üçün Azərbaycan vətəndaşlarına satılmış turizm,Gəncə-Daşkəsən iqtisadi rayonu,2019,728.0
004_3.xls,4.3 Xarici ölkələrə səyahət etmək üçün Azərbaycan vətəndaşlarına satılmış turizm,Gəncə-Daşkəsən iqtisadi rayonu,2024,191.0
004_3.xls,4.3 Xarici ölkələrə səyahət etmək üçün Azərbaycan vətəndaşlarına satılmış turizm,Gəncə şəhəri,2006,3.0
004_3.xls,4.3 Xarici ölkələrə səyahət etmək üçün Azərbaycan vətəndaşlarına satılmış turizm,Gəncə şəhəri,2013,48.0
004_3.xls,4.3 Xarici ölkələrə səyahət etmək üçün Azərbaycan vətəndaşlarına satılmış turizm,Gəncə şəhəri,2014,60.0
004_3.xls,4.3 Xarici ölkələrə səyahət etmək üçün Azərbaycan vətəndaşlarına satılmış turizm,Gəncə şəhəri,2015,232.0
004_3.xls,4.3 Xarici ölkələrə səyahət etmək üçün Azərbaycan vətəndaşlarına satılmış turizm,Gəncə şəhəri,2016,331.0
004_3.xls,4.3 Xarici ölkələrə səyahət etmək üçün Azərbaycan vətəndaşlarına satılmış turizm,Gəncə şəhəri,2017,105.0
004_3.xls,4.3 Xarici ölkələrə səyahət etmək üçün Azərbaycan vətəndaşlarına satılmış turizm,Gəncə şəhəri,2018,471.0
004_3.xls,4.3 Xarici ölkələrə səyahət etmək üçün Azərbaycan vətəndaşlarına satılmış turizm,Gəncə şəhəri,2019,728.0
004_3.xls,4.3 Xarici ölkələrə səyahət etmək üçün Azərbaycan vətəndaşlarına satılmış turizm,Gəncə şəhəri,2024,191.0
004_3.xls,4.3 Xarici ölkələrə səyahət etmək üçün Azərbaycan vətəndaşlarına satılmış turizm,Qazax-Tovuz iqtisadi rayonu,2017,5642.0
004_3.xls,4.3 Xarici ölkələrə səyahət etmək üçün Azərbaycan vətəndaşlarına satılmış turizm,Qazax-Tovuz iqtisadi rayonu,2018,607.0
004_3.xls,4.3 Xarici ölkələrə səyahət etmək üçün Azərbaycan vətəndaşlarına satılmış turizm,Qazax-Tovuz iqtisadi rayonu,2022,52.0
004_3.xls,4.3 Xarici ölkələrə səyahət etmək üçün Azərbaycan vətəndaşlarına satılmış turizm,Qazax-Tovuz iqtisadi rayonu,2023,209.0
004_3.xls,4.3 Xarici ölkələrə səyahət etmək üçün Azərbaycan vətəndaşlarına satılmış turizm,Qazax-Tovuz iqtisadi rayonu,2024,102.0
004_3.xls,4.3 Xarici ölkələrə səyahət etmək üçün Azərbaycan vətəndaşlarına satılmış turizm,Tovuz rayonu,2017,5642.0
004_3.xls,4.3 Xarici ölkələrə səyahət etmək üçün Azərbaycan vətəndaşlarına satılmış turizm,Tovuz rayonu,2018,607.0
004_3.xls,4.3 Xarici ölkələrə səyahət etmək üçün Azərbaycan vətəndaşlarına satılmış turizm,Tovuz rayonu,2022,52.0
004_3.xls,4.3 Xarici ölkələrə səyahət etmək üçün Azərbaycan vətəndaşlarına satılmış turizm,Tovuz rayonu,2023,209.0
004_3.xls,4.3 Xarici ölkələrə səyahət etmək üçün Azərbaycan vətəndaşlarına satılmış turizm,Tovuz rayonu,2024,102.0
004_3.xls,4.3 Xarici ölkələrə səyahət etmək üçün Azərbaycan vətəndaşlarına satılmış turizm,Lənkəran-Astara iqtisadi rayonu,2018,452.0
004_3.xls,4.3 Xarici ölkələrə səyahət etmək üçün Azərbaycan vətəndaşlarına satılmış turizm,Lənkəran-Astara iqtisadi rayonu,2019,601.0
004_3.xls,4.3 Xarici ölkələrə səyahət etmək üçün Azərbaycan vətəndaşlarına satılmış turizm,Lənkəran-Astara iqtisadi rayonu,2020,247.0
004_3.xls,4.3 Xarici ölkələrə səyahət etmək üçün Azərbaycan vətəndaşlarına satılmış turizm,Lənkəran rayonu,2018,452.0
004_3.xls,4.3 Xarici ölkələrə səyahət etmək üçün Azərbaycan vətəndaşlarına satılmış turizm,Lənkəran rayonu,2019,601.0
004_3.xls,4.3 Xarici ölkələrə səyahət etmək üçün Azərbaycan vətəndaşlarına satılmış turizm,Lənkəran rayonu,2020,247.0
004_3.xls,4.3 Xarici ölkələrə səyahət etmək üçün Azərbaycan vətəndaşlarına satılmış turizm,Mərkəzi Aran iqtisadi rayonu,2006,438.0
004_3.xls,4.3 Xarici ölkələrə səyahət etmək üçün Azərbaycan vətəndaşlarına satılmış turizm,Mərkəzi Aran iqtisadi rayonu,2013,38.0
004_3.xls,4.3 Xarici ölkələrə səyahət etmək üçün Azərbaycan vətəndaşlarına satılmış turizm,Mərkəzi Aran iqtisadi rayonu,2014,12.0
004_3.xls,4.3 Xarici ölkələrə səyahət etmək üçün Azərbaycan vətəndaşlarına satılmış turizm,Mərkəzi Aran iqtisadi rayonu,2015,9.0
004_3.xls,4.3 Xarici ölkələrə səyahət etmək üçün Azərbaycan vətəndaşlarına satılmış turizm,Mərkəzi Aran iqtisadi rayonu,2016,7.0
004_3.xls,4.3 Xarici ölkələrə səyahət etmək üçün Azərbaycan vətəndaşlarına satılmış turizm,Mərkəzi Aran iqtisadi rayonu,2018,255.0
004_3.xls,4.3 Xarici ölkələrə səyahət etmək üçün Azərbaycan vətəndaşlarına satılmış turizm,Mərkəzi Aran iqtisadi rayonu,2019,928.0
004_3.xls,4.3 Xarici ölkələrə səyahət etmək üçün Azərbaycan vətəndaşlarına satılmış turizm,Mərkəzi Aran iqtisadi rayonu,2020,255.0
004_3.xls,4.3 Xarici ölkələrə səyahət etmək üçün Azərbaycan vətəndaşlarına satılmış turizm,Mərkəzi Aran iqtisadi rayonu,2024,8.0
004_3.xls,4.3 Xarici ölkələrə səyahət etmək üçün Azərbaycan vətəndaşlarına satılmış turizm,Mingəçevir şəhəri,2006,438.0
004_3.xls,4.3 Xarici ölkələrə səyahət etmək üçün Azərbaycan vətəndaşlarına satılmış turizm,Mingəçevir şəhəri,2016,7.0
004_3.xls,4.3 Xarici ölkələrə səyahət etmək üçün Azərbaycan vətəndaşlarına satılmış turizm,Mingəçevir şəhəri,2024,8.0
004_3.xls,4.3 Xarici ölkələrə səyahət etmək üçün Azərbaycan vətəndaşlarına satılmış turizm,Kürdəmir rayonu,2018,255.0
004_3.xls,4.3 Xarici ölkələrə səyahət etmək üçün Azərbaycan vətəndaşlarına satılmış turizm,Kürdəmir rayonu,2019,928.0
004_3.xls,4.3 Xarici ölkələrə səyahət etmək üçün Azərbaycan vətəndaşlarına satılmış turizm,Kürdəmir rayonu,2020,255.0
004_3.xls,4.3 Xarici ölkələrə səyahət etmək üçün Azərbaycan vətəndaşlarına satılmış turizm,Yevlax rayonu,2013,38.0
004_3.xls,4.3 Xarici ölkələrə səyahət etmək üçün Azərbaycan vətəndaşlarına satılmış turizm,Yevlax rayonu,2014,12.0
004_3.xls,4.3 Xarici ölkələrə səyahət etmək üçün Azərbaycan vətəndaşlarına satılmış turizm,Yevlax rayonu,2015,9.0
004_3.xls,4.3 Xarici ölkələrə səyahət etmək üçün Azərbaycan vətəndaşlarına satılmış turizm,Mil-Muğan iqtisadi rayonu,2023,22.0
004_3.xls,4.3 Xarici ölkələrə səyahət etmək üçün Azərbaycan vətəndaşlarına satılmış turizm,Beyləqan rayonu,2023,22.0
004_3.xls,4.3 Xarici ölkələrə səyahət etmək üçün Azərbaycan vətəndaşlarına satılmış turizm,Şəki-Zaqatala iqtisadi rayonu,2019,218.0
004_3.xls,4.3 Xarici ölkələrə səyahət etmək üçün Azərbaycan vətəndaşlarına satılmış turizm,Şəki-Zaqatala iqtisadi rayonu,2021,582.0
004_3.xls,4.3 Xarici ölkələrə səyahət etmək üçün Azərbaycan vətəndaşlarına satılmış turizm,Şəki-Zaqatala iqtisadi rayonu,2022,808.0
004_3.xls,4.3 Xarici ölkələrə səyahət etmək üçün Azərbaycan vətəndaşlarına satılmış turizm,Şəki-Zaqatala iqtisadi rayonu,2023,624.0
004_3.xls,4.3 Xarici ölkələrə səyahət etmək üçün Azərbaycan vətəndaşlarına satılmış turizm,Şəki-Zaqatala iqtisadi rayonu,2024,510.0
004_3.xls,4.3 Xarici ölkələrə səyahət etmək üçün Azərbaycan vətəndaşlarına satılmış turizm,Balakən rayonu,2024,6.0
004_3.xls,4.3 Xarici ölkələrə səyahət etmək üçün Azərbaycan vətəndaşlarına satılmış turizm,Şəki rayonu,2019,218.0
004_3.xls,4.3 Xarici ölkələrə səyahət etmək üçün Azərbaycan vətəndaşlarına satılmış turizm,Şəki rayonu,2021,582.0
004_3.xls,4.3 Xarici ölkələrə səyahət etmək üçün Azərbaycan vətəndaşlarına satılmış turizm,Şəki rayonu,2022,808.0
004_3.xls,4.3 Xarici ölkələrə səyahət etmək üçün Azərbaycan vətəndaşlarına satılmış turizm,Şəki rayonu,2023,624.0
004_3.xls,4.3 Xarici ölkələrə səyahət etmək üçün Azərbaycan vətəndaşlarına satılmış turizm,Şəki rayonu,2024,504.0
004_3.xls,4.3 Xarici ölkələrə səyahət etmək üçün Azərbaycan vətəndaşlarına satılmış turizm,Şirvan-Salyan iqtisadi rayonu,2016,20.0
004_3.xls,4.3 Xarici ölkələrə səyahət etmək üçün Azərbaycan vətəndaşlarına satılmış turizm,Şirvan-Salyan iqtisadi rayonu,2017,100.0
004_3.xls,4.3 Xarici ölkələrə səyahət etmək üçün Azərbaycan vətəndaşlarına satılmış turizm,Şirvan-Salyan iqtisadi rayonu,2018,143.0
004_3.xls,4.3 Xarici ölkələrə səyahət etmək üçün Azərbaycan vətəndaşlarına satılmış turizm,Şirvan-Salyan iqtisadi rayonu,2019,107.0
004_3.xls,4.3 Xarici ölkələrə səyahət etmək üçün Azərbaycan vətəndaşlarına satılmış turizm,Şirvan-Salyan iqtisadi rayonu,2020,5.0
004_3.xls,4.3 Xarici ölkələrə səyahət etmək üçün Azərbaycan vətəndaşlarına satılmış turizm,Şirvan-Salyan iqtisadi rayonu,2023,7.0
004_3.xls,4.3 Xarici ölkələrə səyahət etmək üçün Azərbaycan vətəndaşlarına satılmış turizm,Şirvan-Salyan iqtisadi rayonu,2024,6.0
004_3.xls,4.3 Xarici ölkələrə səyahət etmək üçün Azərbaycan vətəndaşlarına satılmış turizm,Şirvan şəhəri,2016,20.0
004_3.xls,4.3 Xarici ölkələrə səyahət etmək üçün Azərbaycan vətəndaşlarına satılmış turizm,Şirvan şəhəri,2017,100.0
004_3.xls,4.3 Xarici ölkələrə səyahət etmək üçün Azərbaycan vətəndaşlarına satılmış turizm,Şirvan şəhəri,2018,143.0
004_3.xls,4.3 Xarici ölkələrə səyahət etmək üçün Azərbaycan vətəndaşlarına satılmış turizm,Şirvan şəhəri,2019,107.0
004_3.xls,4.3 Xarici ölkələrə səyahət etmək üçün Azərbaycan vətəndaşlarına satılmış turizm,Şirvan şəhəri,2020,5.0
004_3.xls,4.3 Xarici ölkələrə səyahət etmək üçün Azərbaycan vətəndaşlarına satılmış turizm,Biləsuvar rayonu,2023,7.0
004_3.xls,4.3 Xarici ölkələrə səyahət etmək üçün Azərbaycan vətəndaşlarına satılmış turizm,Biləsuvar rayonu,2024,6.0
004_4.xls,4.4  Azərbaycan ərazisində səyahət etmək üçün əcnəbilər və vətəndaşlığı olmayan ,Ölkə üzrə cəmi,2006,237.0
004_4.xls,4.4  Azərbaycan ərazisində səyahət etmək üçün əcnəbilər və vətəndaşlığı olmayan ,Ölkə üzrə cəmi,2007,2411.0
004_4.xls,4.4  Azərbaycan ərazisində səyahət etmək üçün əcnəbilər və vətəndaşlığı olmayan ,Ölkə üzrə cəmi,2008,3695.0
004_4.xls,4.4  Azərbaycan ərazisində səyahət etmək üçün əcnəbilər və vətəndaşlığı olmayan ,Ölkə üzrə cəmi,2009,3474.0
004_4.xls,4.4  Azərbaycan ərazisində səyahət etmək üçün əcnəbilər və vətəndaşlığı olmayan ,Ölkə üzrə cəmi,2010,3706.0
004_4.xls,4.4  Azərbaycan ərazisində səyahət etmək üçün əcnəbilər və vətəndaşlığı olmayan ,Ölkə üzrə cəmi,2011,4284.0
004_4.xls,4.4  Azərbaycan ərazisində səyahət etmək üçün əcnəbilər və vətəndaşlığı olmayan ,Ölkə üzrə cəmi,2012,5367.0
004_4.xls,4.4  Azərbaycan ərazisində səyahət etmək üçün əcnəbilər və vətəndaşlığı olmayan ,Ölkə üzrə cəmi,2013,4599.0
004_4.xls,4.4  Azərbaycan ərazisində səyahət etmək üçün əcnəbilər və vətəndaşlığı olmayan ,Ölkə üzrə cəmi,2014,4343.0
004_4.xls,4.4  Azərbaycan ərazisində səyahət etmək üçün əcnəbilər və vətəndaşlığı olmayan ,Ölkə üzrə cəmi,2015,1918.0
004_4.xls,4.4  Azərbaycan ərazisində səyahət etmək üçün əcnəbilər və vətəndaşlığı olmayan ,Ölkə üzrə cəmi,2016,6768.0
004_4.xls,4.4  Azərbaycan ərazisində səyahət etmək üçün əcnəbilər və vətəndaşlığı olmayan ,Ölkə üzrə cəmi,2017,6604.0
004_4.xls,4.4  Azərbaycan ərazisində səyahət etmək üçün əcnəbilər və vətəndaşlığı olmayan ,Ölkə üzrə cəmi,2018,6139.0
004_4.xls,4.4  Azərbaycan ərazisində səyahət etmək üçün əcnəbilər və vətəndaşlığı olmayan ,Ölkə üzrə cəmi,2019,11469.0
004_4.xls,4.4  Azərbaycan ərazisində səyahət etmək üçün əcnəbilər və vətəndaşlığı olmayan ,Ölkə üzrə cəmi,2020,771.0
004_4.xls,4.4  Azərbaycan ərazisində səyahət etmək üçün əcnəbilər və vətəndaşlığı olmayan ,Ölkə üzrə cəmi,2021,195.0
004_4.xls,4.4  Azərbaycan ərazisində səyahət etmək üçün əcnəbilər və vətəndaşlığı olmayan ,Ölkə üzrə cəmi,2022,3779.0
004_4.xls,4.4  Azərbaycan ərazisində səyahət etmək üçün əcnəbilər və vətəndaşlığı olmayan ,Ölkə üzrə cəmi,2023,4741.0
004_4.xls,4.4  Azərbaycan ərazisində səyahət etmək üçün əcnəbilər və vətəndaşlığı olmayan ,Ölkə üzrə cəmi,2024,8094.0
004_4.xls,4.4  Azərbaycan ərazisində səyahət etmək üçün əcnəbilər və vətəndaşlığı olmayan ,Bakı şəhəri,2006,237.0
004_4.xls,4.4  Azərbaycan ərazisində səyahət etmək üçün əcnəbilər və vətəndaşlığı olmayan ,Bakı şəhəri,2007,2411.0
004_4.xls,4.4  Azərbaycan ərazisində səyahət etmək üçün əcnəbilər və vətəndaşlığı olmayan ,Bakı şəhəri,2008,3695.0
004_4.xls,4.4  Azərbaycan ərazisində səyahət etmək üçün əcnəbilər və vətəndaşlığı olmayan ,Bakı şəhəri,2009,3474.0
004_4.xls,4.4  Azərbaycan ərazisində səyahət etmək üçün əcnəbilər və vətəndaşlığı olmayan ,Bakı şəhəri,2010,3706.0
004_4.xls,4.4  Azərbaycan ərazisində səyahət etmək üçün əcnəbilər və vətəndaşlığı olmayan ,Bakı şəhəri,2011,4284.0
004_4.xls,4.4  Azərbaycan ərazisində səyahət etmək üçün əcnəbilər və vətəndaşlığı olmayan ,Bakı şəhəri,2012,5367.0
004_4.xls,4.4  Azərbaycan ərazisində səyahət etmək üçün əcnəbilər və vətəndaşlığı olmayan ,Bakı şəhəri,2013,4599.0
004_4.xls,4.4  Azərbaycan ərazisində səyahət etmək üçün əcnəbilər və vətəndaşlığı olmayan ,Bakı şəhəri,2014,4343.0
004_4.xls,4.4  Azərbaycan ərazisində səyahət etmək üçün əcnəbilər və vətəndaşlığı olmayan ,Bakı şəhəri,2015,1918.0
004_4.xls,4.4  Azərbaycan ərazisində səyahət etmək üçün əcnəbilər və vətəndaşlığı olmayan ,Bakı şəhəri,2016,6768.0
004_4.xls,4.4  Azərbaycan ərazisində səyahət etmək üçün əcnəbilər və vətəndaşlığı olmayan ,Bakı şəhəri,2017,4336.0
004_4.xls,4.4  Azərbaycan ərazisində səyahət etmək üçün əcnəbilər və vətəndaşlığı olmayan ,Bakı şəhəri,2018,4518.0
004_4.xls,4.4  Azərbaycan ərazisində səyahət etmək üçün əcnəbilər və vətəndaşlığı olmayan ,Bakı şəhəri,2019,11381.0
004_4.xls,4.4  Azərbaycan ərazisində səyahət etmək üçün əcnəbilər və vətəndaşlığı olmayan ,Bakı şəhəri,2020,771.0
004_4.xls,4.4  Azərbaycan ərazisində səyahət etmək üçün əcnəbilər və vətəndaşlığı olmayan ,Bakı şəhəri,2021,146.0
004_4.xls,4.4  Azərbaycan ərazisində səyahət etmək üçün əcnəbilər və vətəndaşlığı olmayan ,Bakı şəhəri,2022,2290.0
004_4.xls,4.4  Azərbaycan ərazisində səyahət etmək üçün əcnəbilər və vətəndaşlığı olmayan ,Bakı şəhəri,2023,3080.0
004_4.xls,4.4  Azərbaycan ərazisində səyahət etmək üçün əcnəbilər və vətəndaşlığı olmayan ,Bakı şəhəri,2024,3850.0
004_4.xls,4.4  Azərbaycan ərazisində səyahət etmək üçün əcnəbilər və vətəndaşlığı olmayan ,Binəqədi rayonu,2017,140.0
004_4.xls,4.4  Azərbaycan ərazisində səyahət etmək üçün əcnəbilər və vətəndaşlığı olmayan ,Binəqədi rayonu,2018,124.0
004_4.xls,4.4  Azərbaycan ərazisində səyahət etmək üçün əcnəbilər və vətəndaşlığı olmayan ,Binəqədi rayonu,2019,89.0
004_4.xls,4.4  Azərbaycan ərazisində səyahət etmək üçün əcnəbilər və vətəndaşlığı olmayan ,Binəqədi rayonu,2023,1.0
004_4.xls,4.4  Azərbaycan ərazisində səyahət etmək üçün əcnəbilər və vətəndaşlığı olmayan ,Binəqədi rayonu,2024,1.0
004_4.xls,4.4  Azərbaycan ərazisində səyahət etmək üçün əcnəbilər və vətəndaşlığı olmayan ,Xətai rayonu,2010,42.0
004_4.xls,4.4  Azərbaycan ərazisində səyahət etmək üçün əcnəbilər və vətəndaşlığı olmayan ,Xətai rayonu,2011,23.0
004_4.xls,4.4  Azərbaycan ərazisində səyahət etmək üçün əcnəbilər və vətəndaşlığı olmayan ,Xətai rayonu,2012,200.0
004_4.xls,4.4  Azərbaycan ərazisində səyahət etmək üçün əcnəbilər və vətəndaşlığı olmayan ,Xətai rayonu,2013,345.0
004_4.xls,4.4  Azərbaycan ərazisində səyahət etmək üçün əcnəbilər və vətəndaşlığı olmayan ,Xətai rayonu,2014,65.0
004_4.xls,4.4  Azərbaycan ərazisində səyahət etmək üçün əcnəbilər və vətəndaşlığı olmayan ,Xətai rayonu,2015,45.0
004_4.xls,4.4  Azərbaycan ərazisində səyahət etmək üçün əcnəbilər və vətəndaşlığı olmayan ,Xətai rayonu,2016,45.0
004_4.xls,4.4  Azərbaycan ərazisində səyahət etmək üçün əcnəbilər və vətəndaşlığı olmayan ,Xətai rayonu,2017,43.0
004_4.xls,4.4  Azərbaycan ərazisində səyahət etmək üçün əcnəbilər və vətəndaşlığı olmayan ,Xətai rayonu,2018,215.0
004_4.xls,4.4  Azərbaycan ərazisində səyahət etmək üçün əcnəbilər və vətəndaşlığı olmayan ,Xətai rayonu,2019,4711.0
004_4.xls,4.4  Azərbaycan ərazisində səyahət etmək üçün əcnəbilər və vətəndaşlığı olmayan ,Xətai rayonu,2020,296.0
004_4.xls,4.4  Azərbaycan ərazisində səyahət etmək üçün əcnəbilər və vətəndaşlığı olmayan ,Xətai rayonu,2022,72.0
004_4.xls,4.4  Azərbaycan ərazisində səyahət etmək üçün əcnəbilər və vətəndaşlığı olmayan ,Xətai rayonu,2023,14.0
004_4.xls,4.4  Azərbaycan ərazisində səyahət etmək üçün əcnəbilər və vətəndaşlığı olmayan ,Xətai rayonu,2024,693.0
004_4.xls,4.4  Azərbaycan ərazisində səyahət etmək üçün əcnəbilər və vətəndaşlığı olmayan ,Xəzər rayonu,2018,7.0
004_4.xls,4.4  Azərbaycan ərazisində səyahət etmək üçün əcnəbilər və vətəndaşlığı olmayan ,Xəzər rayonu,2019,7.0
004_4.xls,4.4  Azərbaycan ərazisində səyahət etmək üçün əcnəbilər və vətəndaşlığı olmayan ,Xəzər rayonu,2022,115.0
004_4.xls,4.4  Azərbaycan ərazisində səyahət etmək üçün əcnəbilər və vətəndaşlığı olmayan ,Xəzər rayonu,2023,159.0
004_4.xls,4.4  Azərbaycan ərazisində səyahət etmək üçün əcnəbilər və vətəndaşlığı olmayan ,Xəzər rayonu,2024,290.0
004_4.xls,4.4  Azərbaycan ərazisində səyahət etmək üçün əcnəbilər və vətəndaşlığı olmayan ,Qaradağ rayonu,2019,262.0
004_4.xls,4.4  Azərbaycan ərazisində səyahət etmək üçün əcnəbilər və vətəndaşlığı olmayan ,Qaradağ rayonu,2020,34.0
004_4.xls,4.4  Azərbaycan ərazisində səyahət etmək üçün əcnəbilər və vətəndaşlığı olmayan ,Nərimanov rayonu,2008,111.0
004_4.xls,4.4  Azərbaycan ərazisində səyahət etmək üçün əcnəbilər və vətəndaşlığı olmayan ,Nərimanov rayonu,2009,200.0
004_4.xls,4.4  Azərbaycan ərazisində səyahət etmək üçün əcnəbilər və vətəndaşlığı olmayan ,Nərimanov rayonu,2011,3.0
004_4.xls,4.4  Azərbaycan ərazisində səyahət etmək üçün əcnəbilər və vətəndaşlığı olmayan ,Nərimanov rayonu,2012,74.0
004_4.xls,4.4  Azərbaycan ərazisində səyahət etmək üçün əcnəbilər və vətəndaşlığı olmayan ,Nərimanov rayonu,2013,43.0
004_4.xls,4.4  Azərbaycan ərazisində səyahət etmək üçün əcnəbilər və vətəndaşlığı olmayan ,Nərimanov rayonu,2014,78.0
004_4.xls,4.4  Azərbaycan ərazisində səyahət etmək üçün əcnəbilər və vətəndaşlığı olmayan ,Nərimanov rayonu,2015,69.0
004_4.xls,4.4  Azərbaycan ərazisində səyahət etmək üçün əcnəbilər və vətəndaşlığı olmayan ,Nərimanov rayonu,2017,492.0
004_4.xls,4.4  Azərbaycan ərazisində səyahət etmək üçün əcnəbilər və vətəndaşlığı olmayan ,Nərimanov rayonu,2018,266.0
004_4.xls,4.4  Azərbaycan ərazisində səyahət etmək üçün əcnəbilər və vətəndaşlığı olmayan ,Nərimanov rayonu,2019,74.0
004_4.xls,4.4  Azərbaycan ərazisində səyahət etmək üçün əcnəbilər və vətəndaşlığı olmayan ,Nərimanov rayonu,2020,1.0
004_4.xls,4.4  Azərbaycan ərazisində səyahət etmək üçün əcnəbilər və vətəndaşlığı olmayan ,Nərimanov rayonu,2021,5.0
004_4.xls,4.4  Azərbaycan ərazisində səyahət etmək üçün əcnəbilər və vətəndaşlığı olmayan ,Nərimanov rayonu,2022,56.0
004_4.xls,4.4  Azərbaycan ərazisində səyahət etmək üçün əcnəbilər və vətəndaşlığı olmayan ,Nərimanov rayonu,2023,208.0
004_4.xls,4.4  Azərbaycan ərazisində səyahət etmək üçün əcnəbilər və vətəndaşlığı olmayan ,Nərimanov rayonu,2024,49.0
004_4.xls,4.4  Azərbaycan ərazisində səyahət etmək üçün əcnəbilər və vətəndaşlığı olmayan ,Nəsimi rayonu,2006,205.0
004_4.xls,4.4  Azərbaycan ərazisində səyahət etmək üçün əcnəbilər və vətəndaşlığı olmayan ,Nəsimi rayonu,2007,2332.0
004_4.xls,4.4  Azərbaycan ərazisində səyahət etmək üçün əcnəbilər və vətəndaşlığı olmayan ,Nəsimi rayonu,2008,3374.0
004_4.xls,4.4  Azərbaycan ərazisində səyahət etmək üçün əcnəbilər və vətəndaşlığı olmayan ,Nəsimi rayonu,2009,2396.0
004_4.xls,4.4  Azərbaycan ərazisində səyahət etmək üçün əcnəbilər və vətəndaşlığı olmayan ,Nəsimi rayonu,2010,2449.0
004_4.xls,4.4  Azərbaycan ərazisində səyahət etmək üçün əcnəbilər və vətəndaşlığı olmayan ,Nəsimi rayonu,2011,806.0
004_4.xls,4.4  Azərbaycan ərazisində səyahət etmək üçün əcnəbilər və vətəndaşlığı olmayan ,Nəsimi rayonu,2012,850.0
004_4.xls,4.4  Azərbaycan ərazisində səyahət etmək üçün əcnəbilər və vətəndaşlığı olmayan ,Nəsimi rayonu,2013,666.0
004_4.xls,4.4  Azərbaycan ərazisində səyahət etmək üçün əcnəbilər və vətəndaşlığı olmayan ,Nəsimi rayonu,2014,891.0
004_4.xls,4.4  Azərbaycan ərazisində səyahət etmək üçün əcnəbilər və vətəndaşlığı olmayan ,Nəsimi rayonu,2015,197.0
004_4.xls,4.4  Azərbaycan ərazisində səyahət etmək üçün əcnəbilər və vətəndaşlığı olmayan ,Nəsimi rayonu,2016,380.0
004_4.xls,4.4  Azərbaycan ərazisində səyahət etmək üçün əcnəbilər və vətəndaşlığı olmayan ,Nəsimi rayonu,2017,578.0
004_4.xls,4.4  Azərbaycan ərazisində səyahət etmək üçün əcnəbilər və vətəndaşlığı olmayan ,Nəsimi rayonu,2018,545.0
004_4.xls,4.4  Azərbaycan ərazisində səyahət etmək üçün əcnəbilər və vətəndaşlığı olmayan ,Nəsimi rayonu,2019,1379.0
004_4.xls,4.4  Azərbaycan ərazisində səyahət etmək üçün əcnəbilər və vətəndaşlığı olmayan ,Nəsimi rayonu,2020,77.0
004_4.xls,4.4  Azərbaycan ərazisində səyahət etmək üçün əcnəbilər və vətəndaşlığı olmayan ,Nəsimi rayonu,2022,29.0
004_4.xls,4.4  Azərbaycan ərazisində səyahət etmək üçün əcnəbilər və vətəndaşlığı olmayan ,Nəsimi rayonu,2023,163.0
004_4.xls,4.4  Azərbaycan ərazisində səyahət etmək üçün əcnəbilər və vətəndaşlığı olmayan ,Nəsimi rayonu,2024,320.0
004_4.xls,4.4  Azərbaycan ərazisində səyahət etmək üçün əcnəbilər və vətəndaşlığı olmayan ,Nizami rayonu,2006,1.0
004_4.xls,4.4  Azərbaycan ərazisində səyahət etmək üçün əcnəbilər və vətəndaşlığı olmayan ,Nizami rayonu,2007,41.0
004_4.xls,4.4  Azərbaycan ərazisində səyahət etmək üçün əcnəbilər və vətəndaşlığı olmayan ,Nizami rayonu,2008,63.0
004_4.xls,4.4  Azərbaycan ərazisində səyahət etmək üçün əcnəbilər və vətəndaşlığı olmayan ,Nizami rayonu,2009,44.0
004_4.xls,4.4  Azərbaycan ərazisində səyahət etmək üçün əcnəbilər və vətəndaşlığı olmayan ,Nizami rayonu,2018,63.0
004_4.xls,4.4  Azərbaycan ərazisində səyahət etmək üçün əcnəbilər və vətəndaşlığı olmayan ,Sabunçu rayonu,2009,205.0
004_4.xls,4.4  Azərbaycan ərazisində səyahət etmək üçün əcnəbilər və vətəndaşlığı olmayan ,Sabunçu rayonu,2017,3.0
004_4.xls,4.4  Azərbaycan ərazisində səyahət etmək üçün əcnəbilər və vətəndaşlığı olmayan ,Sabunçu rayonu,2019,449.0
004_4.xls,4.4  Azərbaycan ərazisində səyahət etmək üçün əcnəbilər və vətəndaşlığı olmayan ,Sabunçu rayonu,2020,117.0
004_4.xls,4.4  Azərbaycan ərazisində səyahət etmək üçün əcnəbilər və vətəndaşlığı olmayan ,Sabunçu rayonu,2021,12.0
004_4.xls,4.4  Azərbaycan ərazisində səyahət etmək üçün əcnəbilər və vətəndaşlığı olmayan ,Sabunçu rayonu,2022,284.0
004_4.xls,4.4  Azərbaycan ərazisində səyahət etmək üçün əcnəbilər və vətəndaşlığı olmayan ,Sabunçu rayonu,2024,48.0
004_4.xls,4.4  Azərbaycan ərazisində səyahət etmək üçün əcnəbilər və vətəndaşlığı olmayan ,Səbail rayonu,2006,24.0
004_4.xls,4.4  Azərbaycan ərazisində səyahət etmək üçün əcnəbilər və vətəndaşlığı olmayan ,Səbail rayonu,2007,34.0
004_4.xls,4.4  Azərbaycan ərazisində səyahət etmək üçün əcnəbilər və vətəndaşlığı olmayan ,Səbail rayonu,2008,107.0
004_4.xls,4.4  Azərbaycan ərazisində səyahət etmək üçün əcnəbilər və vətəndaşlığı olmayan ,Səbail rayonu,2009,326.0
004_4.xls,4.4  Azərbaycan ərazisində səyahət etmək üçün əcnəbilər və vətəndaşlığı olmayan ,Səbail rayonu,2010,1045.0
004_4.xls,4.4  Azərbaycan ərazisində səyahət etmək üçün əcnəbilər və vətəndaşlığı olmayan ,Səbail rayonu,2011,1599.0
004_4.xls,4.4  Azərbaycan ərazisində səyahət etmək üçün əcnəbilər və vətəndaşlığı olmayan ,Səbail rayonu,2012,4083.0
004_4.xls,4.4  Azərbaycan ərazisində səyahət etmək üçün əcnəbilər və vətəndaşlığı olmayan ,Səbail rayonu,2013,3395.0
004_4.xls,4.4  Azərbaycan ərazisində səyahət etmək üçün əcnəbilər və vətəndaşlığı olmayan ,Səbail rayonu,2014,3269.0
004_4.xls,4.4  Azərbaycan ərazisində səyahət etmək üçün əcnəbilər və vətəndaşlığı olmayan ,Səbail rayonu,2015,1576.0
004_4.xls,4.4  Azərbaycan ərazisində səyahət etmək üçün əcnəbilər və vətəndaşlığı olmayan ,Səbail rayonu,2016,6307.0
004_4.xls,4.4  Azərbaycan ərazisində səyahət etmək üçün əcnəbilər və vətəndaşlığı olmayan ,Səbail rayonu,2017,2624.0
004_4.xls,4.4  Azərbaycan ərazisində səyahət etmək üçün əcnəbilər və vətəndaşlığı olmayan ,Səbail rayonu,2018,2664.0
004_4.xls,4.4  Azərbaycan ərazisində səyahət etmək üçün əcnəbilər və vətəndaşlığı olmayan ,Səbail rayonu,2019,3953.0
004_4.xls,4.4  Azərbaycan ərazisində səyahət etmək üçün əcnəbilər və vətəndaşlığı olmayan ,Səbail rayonu,2020,241.0
004_4.xls,4.4  Azərbaycan ərazisində səyahət etmək üçün əcnəbilər və vətəndaşlığı olmayan ,Səbail rayonu,2021,129.0
004_4.xls,4.4  Azərbaycan ərazisində səyahət etmək üçün əcnəbilər və vətəndaşlığı olmayan ,Səbail rayonu,2022,1732.0
004_4.xls,4.4  Azərbaycan ərazisində səyahət etmək üçün əcnəbilər və vətəndaşlığı olmayan ,Səbail rayonu,2023,2480.0
004_4.xls,4.4  Azərbaycan ərazisində səyahət etmək üçün əcnəbilər və vətəndaşlığı olmayan ,Səbail rayonu,2024,1819.0
004_4.xls,4.4  Azərbaycan ərazisində səyahət etmək üçün əcnəbilər və vətəndaşlığı olmayan ,Suraxanı rayonu,2009,6.0
004_4.xls,4.4  Azərbaycan ərazisində səyahət etmək üçün əcnəbilər və vətəndaşlığı olmayan ,Suraxanı rayonu,2017,54.0
004_4.xls,4.4  Azərbaycan ərazisində səyahət etmək üçün əcnəbilər və vətəndaşlığı olmayan ,Suraxanı rayonu,2018,50.0
004_4.xls,4.4  Azərbaycan ərazisində səyahət etmək üçün əcnəbilər və vətəndaşlığı olmayan ,Suraxanı rayonu,2022,2.0
004_4.xls,4.4  Azərbaycan ərazisində səyahət etmək üçün əcnəbilər və vətəndaşlığı olmayan ,Suraxanı rayonu,2024,7.0
004_4.xls,4.4  Azərbaycan ərazisində səyahət etmək üçün əcnəbilər və vətəndaşlığı olmayan ,Yasamal rayonu,2006,7.0
004_4.xls,4.4  Azərbaycan ərazisində səyahət etmək üçün əcnəbilər və vətəndaşlığı olmayan ,Yasamal rayonu,2007,4.0
004_4.xls,4.4  Azərbaycan ərazisində səyahət etmək üçün əcnəbilər və vətəndaşlığı olmayan ,Yasamal rayonu,2008,40.0
004_4.xls,4.4  Azərbaycan ərazisində səyahət etmək üçün əcnəbilər və vətəndaşlığı olmayan ,Yasamal rayonu,2009,297.0
004_4.xls,4.4  Azərbaycan ərazisində səyahət etmək üçün əcnəbilər və vətəndaşlığı olmayan ,Yasamal rayonu,2010,170.0
004_4.xls,4.4  Azərbaycan ərazisində səyahət etmək üçün əcnəbilər və vətəndaşlığı olmayan ,Yasamal rayonu,2011,1853.0
004_4.xls,4.4  Azərbaycan ərazisində səyahət etmək üçün əcnəbilər və vətəndaşlığı olmayan ,Yasamal rayonu,2012,160.0
004_4.xls,4.4  Azərbaycan ərazisində səyahət etmək üçün əcnəbilər və vətəndaşlığı olmayan ,Yasamal rayonu,2013,150.0
004_4.xls,4.4  Azərbaycan ərazisində səyahət etmək üçün əcnəbilər və vətəndaşlığı olmayan ,Yasamal rayonu,2014,40.0
004_4.xls,4.4  Azərbaycan ərazisində səyahət etmək üçün əcnəbilər və vətəndaşlığı olmayan ,Yasamal rayonu,2015,31.0
004_4.xls,4.4  Azərbaycan ərazisində səyahət etmək üçün əcnəbilər və vətəndaşlığı olmayan ,Yasamal rayonu,2016,36.0
004_4.xls,4.4  Azərbaycan ərazisində səyahət etmək üçün əcnəbilər və vətəndaşlığı olmayan ,Yasamal rayonu,2017,402.0
004_4.xls,4.4  Azərbaycan ərazisində səyahət etmək üçün əcnəbilər və vətəndaşlığı olmayan ,Yasamal rayonu,2018,584.0
004_4.xls,4.4  Azərbaycan ərazisində səyahət etmək üçün əcnəbilər və vətəndaşlığı olmayan ,Yasamal rayonu,2019,457.0
004_4.xls,4.4  Azərbaycan ərazisində səyahət etmək üçün əcnəbilər və vətəndaşlığı olmayan ,Yasamal rayonu,2020,5.0
004_4.xls,4.4  Azərbaycan ərazisində səyahət etmək üçün əcnəbilər və vətəndaşlığı olmayan ,Yasamal rayonu,2023,55.0
004_4.xls,4.4  Azərbaycan ərazisində səyahət etmək üçün əcnəbilər və vətəndaşlığı olmayan ,Yasamal rayonu,2024,623.0
004_4.xls,4.4  Azərbaycan ərazisində səyahət etmək üçün əcnəbilər və vətəndaşlığı olmayan ,Abşeron-Xızı iqtisadi rayonu,2017,5.0
004_4.xls,4.4  Azərbaycan ərazisində səyahət etmək üçün əcnəbilər və vətəndaşlığı olmayan ,Abşeron-Xızı iqtisadi rayonu,2018,386.0
004_4.xls,4.4  Azərbaycan ərazisində səyahət etmək üçün əcnəbilər və vətəndaşlığı olmayan ,Abşeron-Xızı iqtisadi rayonu,2019,58.0
004_4.xls,4.4  Azərbaycan ərazisində səyahət etmək üçün əcnəbilər və vətəndaşlığı olmayan ,Abşeron-Xızı iqtisadi rayonu,2021,8.0
004_4.xls,4.4  Azərbaycan ərazisində səyahət etmək üçün əcnəbilər və vətəndaşlığı olmayan ,Abşeron-Xızı iqtisadi rayonu,2023,100.0
004_4.xls,4.4  Azərbaycan ərazisində səyahət etmək üçün əcnəbilər və vətəndaşlığı olmayan ,Abşeron-Xızı iqtisadi rayonu,2024,264.0
004_4.xls,4.4  Azərbaycan ərazisində səyahət etmək üçün əcnəbilər və vətəndaşlığı olmayan ,Sumqayıt şəhəri,2017,5.0
004_4.xls,4.4  Azərbaycan ərazisində səyahət etmək üçün əcnəbilər və vətəndaşlığı olmayan ,Sumqayıt şəhəri,2018,324.0
004_4.xls,4.4  Azərbaycan ərazisində səyahət etmək üçün əcnəbilər və vətəndaşlığı olmayan ,Sumqayıt şəhəri,2019,17.0
004_4.xls,4.4  Azərbaycan ərazisində səyahət etmək üçün əcnəbilər və vətəndaşlığı olmayan ,Sumqayıt şəhəri,2021,8.0
004_4.xls,4.4  Azərbaycan ərazisində səyahət etmək üçün əcnəbilər və vətəndaşlığı olmayan ,Sumqayıt şəhəri,2023,100.0
004_4.xls,4.4  Azərbaycan ərazisində səyahət etmək üçün əcnəbilər və vətəndaşlığı olmayan ,Sumqayıt şəhəri,2024,63.0
004_4.xls,4.4  Azərbaycan ərazisində səyahət etmək üçün əcnəbilər və vətəndaşlığı olmayan ,Abşeron rayonu,2018,62.0
004_4.xls,4.4  Azərbaycan ərazisində səyahət etmək üçün əcnəbilər və vətəndaşlığı olmayan ,Abşeron rayonu,2019,41.0
004_4.xls,4.4  Azərbaycan ərazisində səyahət etmək üçün əcnəbilər və vətəndaşlığı olmayan ,Abşeron rayonu,2024,201.0
004_4.xls,4.4  Azərbaycan ərazisində səyahət etmək üçün əcnəbilər və vətəndaşlığı olmayan ,Gəncə-Daşkəsən iqtisadi rayonu,2017,8.0
004_4.xls,4.4  Azərbaycan ərazisində səyahət etmək üçün əcnəbilər və vətəndaşlığı olmayan ,Gəncə-Daşkəsən iqtisadi rayonu,2018,91.0
004_4.xls,4.4  Azərbaycan ərazisində səyahət etmək üçün əcnəbilər və vətəndaşlığı olmayan ,Gəncə-Daşkəsən iqtisadi rayonu,2021,41.0
004_4.xls,4.4  Azərbaycan ərazisində səyahət etmək üçün əcnəbilər və vətəndaşlığı olmayan ,Gəncə-Daşkəsən iqtisadi rayonu,2022,123.0
004_4.xls,4.4  Azərbaycan ərazisində səyahət etmək üçün əcnəbilər və vətəndaşlığı olmayan ,Gəncə-Daşkəsən iqtisadi rayonu,2023,228.0
004_4.xls,4.4  Azərbaycan ərazisində səyahət etmək üçün əcnəbilər və vətəndaşlığı olmayan ,Gəncə-Daşkəsən iqtisadi rayonu,2024,1215.0
004_4.xls,4.4  Azərbaycan ərazisində səyahət etmək üçün əcnəbilər və vətəndaşlığı olmayan ,Gəncə şəhəri,2018,6.0
004_4.xls,4.4  Azərbaycan ərazisində səyahət etmək üçün əcnəbilər və vətəndaşlığı olmayan ,Naftalan şəhəri,2017,8.0
004_4.xls,4.4  Azərbaycan ərazisində səyahət etmək üçün əcnəbilər və vətəndaşlığı olmayan ,Naftalan şəhəri,2018,85.0
004_4.xls,4.4  Azərbaycan ərazisində səyahət etmək üçün əcnəbilər və vətəndaşlığı olmayan ,Naftalan şəhəri,2021,41.0
004_4.xls,4.4  Azərbaycan ərazisində səyahət etmək üçün əcnəbilər və vətəndaşlığı olmayan ,Naftalan şəhəri,2022,123.0
004_4.xls,4.4  Azərbaycan ərazisində səyahət etmək üçün əcnəbilər və vətəndaşlığı olmayan ,Naftalan şəhəri,2023,228.0
004_4.xls,4.4  Azərbaycan ərazisində səyahət etmək üçün əcnəbilər və vətəndaşlığı olmayan ,Naftalan şəhəri,2024,1120.0
004_4.xls,4.4  Azərbaycan ərazisində səyahət etmək üçün əcnəbilər və vətəndaşlığı olmayan ,Goranboy rayonu,2024,95.0
004_4.xls,4.4  Azərbaycan ərazisində səyahət etmək üçün əcnəbilər və vətəndaşlığı olmayan ,Qazax-Tovuz iqtisadi rayonu,2017,2253.0
004_4.xls,4.4  Azərbaycan ərazisində səyahət etmək üçün əcnəbilər və vətəndaşlığı olmayan ,Qazax-Tovuz iqtisadi rayonu,2018,1134.0
004_4.xls,4.4  Azərbaycan ərazisində səyahət etmək üçün əcnəbilər və vətəndaşlığı olmayan ,Qazax-Tovuz iqtisadi rayonu,2022,23.0
004_4.xls,4.4  Azərbaycan ərazisində səyahət etmək üçün əcnəbilər və vətəndaşlığı olmayan ,Qazax-Tovuz iqtisadi rayonu,2023,3.0
004_4.xls,4.4  Azərbaycan ərazisində səyahət etmək üçün əcnəbilər və vətəndaşlığı olmayan ,Şəmkir rayonu,2018,1079.0
004_4.xls,4.4  Azərbaycan ərazisində səyahət etmək üçün əcnəbilər və vətəndaşlığı olmayan ,Tovuz rayonu,2017,2253.0
004_4.xls,4.4  Azərbaycan ərazisində səyahət etmək üçün əcnəbilər və vətəndaşlığı olmayan ,Tovuz rayonu,2018,55.0
004_4.xls,4.4  Azərbaycan ərazisində səyahət etmək üçün əcnəbilər və vətəndaşlığı olmayan ,Tovuz rayonu,2022,23.0
004_4.xls,4.4  Azərbaycan ərazisində səyahət etmək üçün əcnəbilər və vətəndaşlığı olmayan ,Tovuz rayonu,2023,3.0
004_4.xls,4.4  Azərbaycan ərazisində səyahət etmək üçün əcnəbilər və vətəndaşlığı olmayan ,Lənkəran-Astara iqtisadi rayonu,2019,30.0
004_4.xls,4.4  Azərbaycan ərazisində səyahət etmək üçün əcnəbilər və vətəndaşlığı olmayan ,Lənkəran-Astara iqtisadi rayonu,2022,912.0
004_4.xls,4.4  Azərbaycan ərazisində səyahət etmək üçün əcnəbilər və vətəndaşlığı olmayan ,Lənkəran-Astara iqtisadi rayonu,2023,318.0
004_4.xls,4.4  Azərbaycan ərazisində səyahət etmək üçün əcnəbilər və vətəndaşlığı olmayan ,Lənkəran-Astara iqtisadi rayonu,2024,72.0
004_4.xls,4.4  Azərbaycan ərazisində səyahət etmək üçün əcnəbilər və vətəndaşlığı olmayan ,Lənkəran rayonu,2019,30.0
004_4.xls,4.4  Azərbaycan ərazisində səyahət etmək üçün əcnəbilər və vətəndaşlığı olmayan ,Lənkəran rayonu,2022,912.0
004_4.xls,4.4  Azərbaycan ərazisində səyahət etmək üçün əcnəbilər və vətəndaşlığı olmayan ,Lənkəran rayonu,2023,318.0
004_4.xls,4.4  Azərbaycan ərazisində səyahət etmək üçün əcnəbilər və vətəndaşlığı olmayan ,Lənkəran rayonu,2024,72.0
004_4.xls,4.4  Azərbaycan ərazisində səyahət etmək üçün əcnəbilər və vətəndaşlığı olmayan ,Mərkəzi Aran iqtisadi rayonu,2018,10.0
004_4.xls,4.4  Azərbaycan ərazisində səyahət etmək üçün əcnəbilər və vətəndaşlığı olmayan ,Mərkəzi Aran iqtisadi rayonu,2023,610.0
004_4.xls,4.4  Azərbaycan ərazisində səyahət etmək üçün əcnəbilər və vətəndaşlığı olmayan ,Mərkəzi Aran iqtisadi rayonu,2024,820.0
004_4.xls,4.4  Azərbaycan ərazisində səyahət etmək üçün əcnəbilər və vətəndaşlığı olmayan ,Mingəçevir şəhəri,2023,6.0
004_4.xls,4.4  Azərbaycan ərazisində səyahət etmək üçün əcnəbilər və vətəndaşlığı olmayan ,Mingəçevir şəhəri,2024,5.0
004_4.xls,4.4  Azərbaycan ərazisində səyahət etmək üçün əcnəbilər və vətəndaşlığı olmayan ,Yevlax rayonu,2018,10.0
004_4.xls,4.4  Azərbaycan ərazisində səyahət etmək üçün əcnəbilər və vətəndaşlığı olmayan ,Yevlax rayonu,2023,604.0
004_4.xls,4.4  Azərbaycan ərazisində səyahət etmək üçün əcnəbilər və vətəndaşlığı olmayan ,Yevlax rayonu,2024,815.0
004_4.xls,4.4  Azərbaycan ərazisində səyahət etmək üçün əcnəbilər və vətəndaşlığı olmayan ,Mil-Muğan iqtisadi rayonu,2024,168.0
004_4.xls,4.4  Azərbaycan ərazisində səyahət etmək üçün əcnəbilər və vətəndaşlığı olmayan ,İmişli rayonu,2024,168.0
004_4.xls,4.4  Azərbaycan ərazisində səyahət etmək üçün əcnəbilər və vətəndaşlığı olmayan ,Şəki-Zaqatala iqtisadi rayonu,2022,431.0
004_4.xls,4.4  Azərbaycan ərazisində səyahət etmək üçün əcnəbilər və vətəndaşlığı olmayan ,Şəki-Zaqatala iqtisadi rayonu,2023,402.0
004_4.xls,4.4  Azərbaycan ərazisində səyahət etmək üçün əcnəbilər və vətəndaşlığı olmayan ,Şəki-Zaqatala iqtisadi rayonu,2024,1703.0
004_4.xls,4.4  Azərbaycan ərazisində səyahət etmək üçün əcnəbilər və vətəndaşlığı olmayan ,Şəki rayonu,2022,431.0
004_4.xls,4.4  Azərbaycan ərazisində səyahət etmək üçün əcnəbilər və vətəndaşlığı olmayan ,Şəki rayonu,2023,402.0
004_4.xls,4.4  Azərbaycan ərazisində səyahət etmək üçün əcnəbilər və vətəndaşlığı olmayan ,Şəki rayonu,2024,1623.0
004_4.xls,4.4  Azərbaycan ərazisində səyahət etmək üçün əcnəbilər və vətəndaşlığı olmayan ,Zaqatala rayonu,2024,80.0
004_4.xls,4.4  Azərbaycan ərazisində səyahət etmək üçün əcnəbilər və vətəndaşlığı olmayan ,Şirvan-Salyan iqtisadi rayonu,2017,2.0
004_4.xls,4.4  Azərbaycan ərazisində səyahət etmək üçün əcnəbilər və vətəndaşlığı olmayan ,Şirvan şəhəri,2017,2.0
004_5.xls,4.5  Satılmış turizm zərflərinin iqtisadi rayonlar və inzibati ərazi vahidləri ü,Ölkə üzrə cəmi,2006,7697.0
004_5.xls,4.5  Satılmış turizm zərflərinin iqtisadi rayonlar və inzibati ərazi vahidləri ü,Ölkə üzrə cəmi,2007,10356.9
004_5.xls,4.5  Satılmış turizm zərflərinin iqtisadi rayonlar və inzibati ərazi vahidləri ü,Ölkə üzrə cəmi,2008,11148.9
004_5.xls,4.5  Satılmış turizm zərflərinin iqtisadi rayonlar və inzibati ərazi vahidləri ü,Ölkə üzrə cəmi,2009,15071.7
004_5.xls,4.5  Satılmış turizm zərflərinin iqtisadi rayonlar və inzibati ərazi vahidləri ü,Ölkə üzrə cəmi,2010,25848.7
004_5.xls,4.5  Satılmış turizm zərflərinin iqtisadi rayonlar və inzibati ərazi vahidləri ü,Ölkə üzrə cəmi,2011,29316.6
004_5.xls,4.5  Satılmış turizm zərflərinin iqtisadi rayonlar və inzibati ərazi vahidləri ü,Ölkə üzrə cəmi,2012,40693.2
004_5.xls,4.5  Satılmış turizm zərflərinin iqtisadi rayonlar və inzibati ərazi vahidləri ü,Ölkə üzrə cəmi,2013,42892.3
004_5.xls,4.5  Satılmış turizm zərflərinin iqtisadi rayonlar və inzibati ərazi vahidləri ü,Ölkə üzrə cəmi,2014,44820.3
004_5.xls,4.5  Satılmış turizm zərflərinin iqtisadi rayonlar və inzibati ərazi vahidləri ü,Ölkə üzrə cəmi,2015,33474.7
004_5.xls,4.5  Satılmış turizm zərflərinin iqtisadi rayonlar və inzibati ərazi vahidləri ü,Ölkə üzrə cəmi,2016,33466.5
004_5.xls,4.5  Satılmış turizm zərflərinin iqtisadi rayonlar və inzibati ərazi vahidləri ü,Ölkə üzrə cəmi,2017,54612.2
004_5.xls,4.5  Satılmış turizm zərflərinin iqtisadi rayonlar və inzibati ərazi vahidləri ü,Ölkə üzrə cəmi,2018,66570.7
004_5.xls,4.5  Satılmış turizm zərflərinin iqtisadi rayonlar və inzibati ərazi vahidləri ü,Ölkə üzrə cəmi,2019,78132.2
004_5.xls,4.5  Satılmış turizm zərflərinin iqtisadi rayonlar və inzibati ərazi vahidləri ü,Ölkə üzrə cəmi,2020,4988.4
004_5.xls,4.5  Satılmış turizm zərflərinin iqtisadi rayonlar və inzibati ərazi vahidləri ü,Ölkə üzrə cəmi,2021,5374.0
004_5.xls,4.5  Satılmış turizm zərflərinin iqtisadi rayonlar və inzibati ərazi vahidləri ü,Ölkə üzrə cəmi,2022,15915.2
004_5.xls,4.5  Satılmış turizm zərflərinin iqtisadi rayonlar və inzibati ərazi vahidləri ü,Ölkə üzrə cəmi,2023,26915.5
004_5.xls,4.5  Satılmış turizm zərflərinin iqtisadi rayonlar və inzibati ərazi vahidləri ü,Ölkə üzrə cəmi,2024,128675.6
004_5.xls,4.5  Satılmış turizm zərflərinin iqtisadi rayonlar və inzibati ərazi vahidləri ü,Bakı şəhəri,2006,7177.1
004_5.xls,4.5  Satılmış turizm zərflərinin iqtisadi rayonlar və inzibati ərazi vahidləri ü,Bakı şəhəri,2007,10163.2
004_5.xls,4.5  Satılmış turizm zərflərinin iqtisadi rayonlar və inzibati ərazi vahidləri ü,Bakı şəhəri,2008,10966.6
004_5.xls,4.5  Satılmış turizm zərflərinin iqtisadi rayonlar və inzibati ərazi vahidləri ü,Bakı şəhəri,2009,14803.7
004_5.xls,4.5  Satılmış turizm zərflərinin iqtisadi rayonlar və inzibati ərazi vahidləri ü,Bakı şəhəri,2010,20073.1
004_5.xls,4.5  Satılmış turizm zərflərinin iqtisadi rayonlar və inzibati ərazi vahidləri ü,Bakı şəhəri,2011,23505.200000000004
004_5.xls,4.5  Satılmış turizm zərflərinin iqtisadi rayonlar və inzibati ərazi vahidləri ü,Bakı şəhəri,2012,34411.0
004_5.xls,4.5  Satılmış turizm zərflərinin iqtisadi rayonlar və inzibati ərazi vahidləri ü,Bakı şəhəri,2013,36347.0
004_5.xls,4.5  Satılmış turizm zərflərinin iqtisadi rayonlar və inzibati ərazi vahidləri ü,Bakı şəhəri,2014,38016.9
004_5.xls,4.5  Satılmış turizm zərflərinin iqtisadi rayonlar və inzibati ərazi vahidləri ü,Bakı şəhəri,2015,26620.3
004_5.xls,4.5  Satılmış turizm zərflərinin iqtisadi rayonlar və inzibati ərazi vahidləri ü,Bakı şəhəri,2016,26583.9
004_5.xls,4.5  Satılmış turizm zərflərinin iqtisadi rayonlar və inzibati ərazi vahidləri ü,Bakı şəhəri,2017,36859.4
004_5.xls,4.5  Satılmış turizm zərflərinin iqtisadi rayonlar və inzibati ərazi vahidləri ü,Bakı şəhəri,2018,52785.6
004_5.xls,4.5  Satılmış turizm zərflərinin iqtisadi rayonlar və inzibati ərazi vahidləri ü,Bakı şəhəri,2019,74673.0
004_5.xls,4.5  Satılmış turizm zərflərinin iqtisadi rayonlar və inzibati ərazi vahidləri ü,Bakı şəhəri,2020,4681.1
004_5.xls,4.5  Satılmış turizm zərflərinin iqtisadi rayonlar və inzibati ərazi vahidləri ü,Bakı şəhəri,2021,5139.4
004_5.xls,4.5  Satılmış turizm zərflərinin iqtisadi rayonlar və inzibati ərazi vahidləri ü,Bakı şəhəri,2022,13335.2
004_5.xls,4.5  Satılmış turizm zərflərinin iqtisadi rayonlar və inzibati ərazi vahidləri ü,Bakı şəhəri,2023,24292.6
004_5.xls,4.5  Satılmış turizm zərflərinin iqtisadi rayonlar və inzibati ərazi vahidləri ü,Bakı şəhəri,2024,121414.9
004_5.xls,4.5  Satılmış turizm zərflərinin iqtisadi rayonlar və inzibati ərazi vahidləri ü,Binəqədi rayonu,2006,8.5
004_5.xls,4.5  Satılmış turizm zərflərinin iqtisadi rayonlar və inzibati ərazi vahidləri ü,Binəqədi rayonu,2007,3.3
004_5.xls,4.5  Satılmış turizm zərflərinin iqtisadi rayonlar və inzibati ərazi vahidləri ü,Binəqədi rayonu,2009,62.0
004_5.xls,4.5  Satılmış turizm zərflərinin iqtisadi rayonlar və inzibati ərazi vahidləri ü,Binəqədi rayonu,2010,1098.7
004_5.xls,4.5  Satılmış turizm zərflərinin iqtisadi rayonlar və inzibati ərazi vahidləri ü,Binəqədi rayonu,2011,2018.4
004_5.xls,4.5  Satılmış turizm zərflərinin iqtisadi rayonlar və inzibati ərazi vahidləri ü,Binəqədi rayonu,2012,3073.4
004_5.xls,4.5  Satılmış turizm zərflərinin iqtisadi rayonlar və inzibati ərazi vahidləri ü,Binəqədi rayonu,2013,2988.9
004_5.xls,4.5  Satılmış turizm zərflərinin iqtisadi rayonlar və inzibati ərazi vahidləri ü,Binəqədi rayonu,2014,3405.5
004_5.xls,4.5  Satılmış turizm zərflərinin iqtisadi rayonlar və inzibati ərazi vahidləri ü,Binəqədi rayonu,2015,1818.0
004_5.xls,4.5  Satılmış turizm zərflərinin iqtisadi rayonlar və inzibati ərazi vahidləri ü,Binəqədi rayonu,2016,791.9
004_5.xls,4.5  Satılmış turizm zərflərinin iqtisadi rayonlar və inzibati ərazi vahidləri ü,Binəqədi rayonu,2017,1117.8
004_5.xls,4.5  Satılmış turizm zərflərinin iqtisadi rayonlar və inzibati ərazi vahidləri ü,Binəqədi rayonu,2018,3383.5
004_5.xls,4.5  Satılmış turizm zərflərinin iqtisadi rayonlar və inzibati ərazi vahidləri ü,Binəqədi rayonu,2019,991.6
004_5.xls,4.5  Satılmış turizm zərflərinin iqtisadi rayonlar və inzibati ərazi vahidləri ü,Binəqədi rayonu,2020,459.1
004_5.xls,4.5  Satılmış turizm zərflərinin iqtisadi rayonlar və inzibati ərazi vahidləri ü,Binəqədi rayonu,2021,72.9
004_5.xls,4.5  Satılmış turizm zərflərinin iqtisadi rayonlar və inzibati ərazi vahidləri ü,Binəqədi rayonu,2022,17.2
004_5.xls,4.5  Satılmış turizm zərflərinin iqtisadi rayonlar və inzibati ərazi vahidləri ü,Binəqədi rayonu,2023,64.5
004_5.xls,4.5  Satılmış turizm zərflərinin iqtisadi rayonlar və inzibati ərazi vahidləri ü,Binəqədi rayonu,2024,14.8
004_5.xls,4.5  Satılmış turizm zərflərinin iqtisadi rayonlar və inzibati ərazi vahidləri ü,Xətai rayonu,2006,156.4
004_5.xls,4.5  Satılmış turizm zərflərinin iqtisadi rayonlar və inzibati ərazi vahidləri ü,Xətai rayonu,2007,732.7
004_5.xls,4.5  Satılmış turizm zərflərinin iqtisadi rayonlar və inzibati ərazi vahidləri ü,Xətai rayonu,2008,591.1
004_5.xls,4.5  Satılmış turizm zərflərinin iqtisadi rayonlar və inzibati ərazi vahidləri ü,Xətai rayonu,2009,1930.7
004_5.xls,4.5  Satılmış turizm zərflərinin iqtisadi rayonlar və inzibati ərazi vahidləri ü,Xətai rayonu,2010,1031.2
004_5.xls,4.5  Satılmış turizm zərflərinin iqtisadi rayonlar və inzibati ərazi vahidləri ü,Xətai rayonu,2011,1033.7
004_5.xls,4.5  Satılmış turizm zərflərinin iqtisadi rayonlar və inzibati ərazi vahidləri ü,Xətai rayonu,2012,1061.0
004_5.xls,4.5  Satılmış turizm zərflərinin iqtisadi rayonlar və inzibati ərazi vahidləri ü,Xətai rayonu,2013,755.2
004_5.xls,4.5  Satılmış turizm zərflərinin iqtisadi rayonlar və inzibati ərazi vahidləri ü,Xətai rayonu,2014,997.2
004_5.xls,4.5  Satılmış turizm zərflərinin iqtisadi rayonlar və inzibati ərazi vahidləri ü,Xətai rayonu,2015,476.2
004_5.xls,4.5  Satılmış turizm zərflərinin iqtisadi rayonlar və inzibati ərazi vahidləri ü,Xətai rayonu,2016,459.3
004_5.xls,4.5  Satılmış turizm zərflərinin iqtisadi rayonlar və inzibati ərazi vahidləri ü,Xətai rayonu,2017,798.8
004_5.xls,4.5  Satılmış turizm zərflərinin iqtisadi rayonlar və inzibati ərazi vahidləri ü,Xətai rayonu,2018,4340.1
004_5.xls,4.5  Satılmış turizm zərflərinin iqtisadi rayonlar və inzibati ərazi vahidləri ü,Xətai rayonu,2019,7709.6
004_5.xls,4.5  Satılmış turizm zərflərinin iqtisadi rayonlar və inzibati ərazi vahidləri ü,Xətai rayonu,2020,521.6
004_5.xls,4.5  Satılmış turizm zərflərinin iqtisadi rayonlar və inzibati ərazi vahidləri ü,Xətai rayonu,2021,1027.9
004_5.xls,4.5  Satılmış turizm zərflərinin iqtisadi rayonlar və inzibati ərazi vahidləri ü,Xətai rayonu,2022,1524.4
004_5.xls,4.5  Satılmış turizm zərflərinin iqtisadi rayonlar və inzibati ərazi vahidləri ü,Xətai rayonu,2023,2077.8
004_5.xls,4.5  Satılmış turizm zərflərinin iqtisadi rayonlar və inzibati ərazi vahidləri ü,Xətai rayonu,2024,2455.5
004_5.xls,4.5  Satılmış turizm zərflərinin iqtisadi rayonlar və inzibati ərazi vahidləri ü,Xəzər rayonu,2006,1019.0
004_5.xls,4.5  Satılmış turizm zərflərinin iqtisadi rayonlar və inzibati ərazi vahidləri ü,Xəzər rayonu,2007,1158.8
004_5.xls,4.5  Satılmış turizm zərflərinin iqtisadi rayonlar və inzibati ərazi vahidləri ü,Xəzər rayonu,2008,1015.6
004_5.xls,4.5  Satılmış turizm zərflərinin iqtisadi rayonlar və inzibati ərazi vahidləri ü,Xəzər rayonu,2009,724.1
004_5.xls,4.5  Satılmış turizm zərflərinin iqtisadi rayonlar və inzibati ərazi vahidləri ü,Xəzər rayonu,2015,21.0
004_5.xls,4.5  Satılmış turizm zərflərinin iqtisadi rayonlar və inzibati ərazi vahidləri ü,Xəzər rayonu,2016,147.5
004_5.xls,4.5  Satılmış turizm zərflərinin iqtisadi rayonlar və inzibati ərazi vahidləri ü,Xəzər rayonu,2017,121.0
004_5.xls,4.5  Satılmış turizm zərflərinin iqtisadi rayonlar və inzibati ərazi vahidləri ü,Xəzər rayonu,2018,996.3
004_5.xls,4.5  Satılmış turizm zərflərinin iqtisadi rayonlar və inzibati ərazi vahidləri ü,Xəzər rayonu,2019,190.4
004_5.xls,4.5  Satılmış turizm zərflərinin iqtisadi rayonlar və inzibati ərazi vahidləri ü,Xəzər rayonu,2020,2.7
004_5.xls,4.5  Satılmış turizm zərflərinin iqtisadi rayonlar və inzibati ərazi vahidləri ü,Xəzər rayonu,2022,321.8
004_5.xls,4.5  Satılmış turizm zərflərinin iqtisadi rayonlar və inzibati ərazi vahidləri ü,Xəzər rayonu,2023,391.3
004_5.xls,4.5  Satılmış turizm zərflərinin iqtisadi rayonlar və inzibati ərazi vahidləri ü,Xəzər rayonu,2024,772.0
004_5.xls,4.5  Satılmış turizm zərflərinin iqtisadi rayonlar və inzibati ərazi vahidləri ü,Qaradağ rayonu,2018,1.4
004_5.xls,4.5  Satılmış turizm zərflərinin iqtisadi rayonlar və inzibati ərazi vahidləri ü,Qaradağ rayonu,2019,437.1
004_5.xls,4.5  Satılmış turizm zərflərinin iqtisadi rayonlar və inzibati ərazi vahidləri ü,Qaradağ rayonu,2020,49.4
004_5.xls,4.5  Satılmış turizm zərflərinin iqtisadi rayonlar və inzibati ərazi vahidləri ü,Qaradağ rayonu,2024,8.6
004_5.xls,4.5  Satılmış turizm zərflərinin iqtisadi rayonlar və inzibati ərazi vahidləri ü,Nərimanov rayonu,2006,777.0
004_5.xls,4.5  Satılmış turizm zərflərinin iqtisadi rayonlar və inzibati ərazi vahidləri ü,Nərimanov rayonu,2007,976.5
004_5.xls,4.5  Satılmış turizm zərflərinin iqtisadi rayonlar və inzibati ərazi vahidləri ü,Nərimanov rayonu,2008,1609.6
004_5.xls,4.5  Satılmış turizm zərflərinin iqtisadi rayonlar və inzibati ərazi vahidləri ü,Nərimanov rayonu,2009,2074.3
004_5.xls,4.5  Satılmış turizm zərflərinin iqtisadi rayonlar və inzibati ərazi vahidləri ü,Nərimanov rayonu,2010,143.4
004_5.xls,4.5  Satılmış turizm zərflərinin iqtisadi rayonlar və inzibati ərazi vahidləri ü,Nərimanov rayonu,2011,308.8
004_5.xls,4.5  Satılmış turizm zərflərinin iqtisadi rayonlar və inzibati ərazi vahidləri ü,Nərimanov rayonu,2012,4628.5
004_5.xls,4.5  Satılmış turizm zərflərinin iqtisadi rayonlar və inzibati ərazi vahidləri ü,Nərimanov rayonu,2013,7737.1
004_5.xls,4.5  Satılmış turizm zərflərinin iqtisadi rayonlar və inzibati ərazi vahidləri ü,Nərimanov rayonu,2014,6088.2
004_5.xls,4.5  Satılmış turizm zərflərinin iqtisadi rayonlar və inzibati ərazi vahidləri ü,Nərimanov rayonu,2015,4802.9
004_5.xls,4.5  Satılmış turizm zərflərinin iqtisadi rayonlar və inzibati ərazi vahidləri ü,Nərimanov rayonu,2016,1733.0
004_5.xls,4.5  Satılmış turizm zərflərinin iqtisadi rayonlar və inzibati ərazi vahidləri ü,Nərimanov rayonu,2017,3722.4
004_5.xls,4.5  Satılmış turizm zərflərinin iqtisadi rayonlar və inzibati ərazi vahidləri ü,Nərimanov rayonu,2018,3891.2
004_5.xls,4.5  Satılmış turizm zərflərinin iqtisadi rayonlar və inzibati ərazi vahidləri ü,Nərimanov rayonu,2019,4692.0
004_5.xls,4.5  Satılmış turizm zərflərinin iqtisadi rayonlar və inzibati ərazi vahidləri ü,Nərimanov rayonu,2020,508.2
004_5.xls,4.5  Satılmış turizm zərflərinin iqtisadi rayonlar və inzibati ərazi vahidləri ü,Nərimanov rayonu,2021,1052.2
004_5.xls,4.5  Satılmış turizm zərflərinin iqtisadi rayonlar və inzibati ərazi vahidləri ü,Nərimanov rayonu,2022,2347.9
004_5.xls,4.5  Satılmış turizm zərflərinin iqtisadi rayonlar və inzibati ərazi vahidləri ü,Nərimanov rayonu,2023,4127.4
004_5.xls,4.5  Satılmış turizm zərflərinin iqtisadi rayonlar və inzibati ərazi vahidləri ü,Nərimanov rayonu,2024,3166.3
004_5.xls,4.5  Satılmış turizm zərflərinin iqtisadi rayonlar və inzibati ərazi vahidləri ü,Nəsimi rayonu,2006,3344.2
004_5.xls,4.5  Satılmış turizm zərflərinin iqtisadi rayonlar və inzibati ərazi vahidləri ü,Nəsimi rayonu,2007,3883.0
004_5.xls,4.5  Satılmış turizm zərflərinin iqtisadi rayonlar və inzibati ərazi vahidləri ü,Nəsimi rayonu,2008,4007.8
004_5.xls,4.5  Satılmış turizm zərflərinin iqtisadi rayonlar və inzibati ərazi vahidləri ü,Nəsimi rayonu,2009,4028.2
004_5.xls,4.5  Satılmış turizm zərflərinin iqtisadi rayonlar və inzibati ərazi vahidləri ü,Nəsimi rayonu,2010,3797.4
004_5.xls,4.5  Satılmış turizm zərflərinin iqtisadi rayonlar və inzibati ərazi vahidləri ü,Nəsimi rayonu,2011,3639.4
004_5.xls,4.5  Satılmış turizm zərflərinin iqtisadi rayonlar və inzibati ərazi vahidləri ü,Nəsimi rayonu,2012,3169.0
004_5.xls,4.5  Satılmış turizm zərflərinin iqtisadi rayonlar və inzibati ərazi vahidləri ü,Nəsimi rayonu,2013,4603.5
004_5.xls,4.5  Satılmış turizm zərflərinin iqtisadi rayonlar və inzibati ərazi vahidləri ü,Nəsimi rayonu,2014,8135.5
004_5.xls,4.5  Satılmış turizm zərflərinin iqtisadi rayonlar və inzibati ərazi vahidləri ü,Nəsimi rayonu,2015,7296.8
004_5.xls,4.5  Satılmış turizm zərflərinin iqtisadi rayonlar və inzibati ərazi vahidləri ü,Nəsimi rayonu,2016,5272.1
004_5.xls,4.5  Satılmış turizm zərflərinin iqtisadi rayonlar və inzibati ərazi vahidləri ü,Nəsimi rayonu,2017,7027.6
004_5.xls,4.5  Satılmış turizm zərflərinin iqtisadi rayonlar və inzibati ərazi vahidləri ü,Nəsimi rayonu,2018,13860.4
004_5.xls,4.5  Satılmış turizm zərflərinin iqtisadi rayonlar və inzibati ərazi vahidləri ü,Nəsimi rayonu,2019,23484.8
004_5.xls,4.5  Satılmış turizm zərflərinin iqtisadi rayonlar və inzibati ərazi vahidləri ü,Nəsimi rayonu,2020,447.4
004_5.xls,4.5  Satılmış turizm zərflərinin iqtisadi rayonlar və inzibati ərazi vahidləri ü,Nəsimi rayonu,2021,501.4
004_5.xls,4.5  Satılmış turizm zərflərinin iqtisadi rayonlar və inzibati ərazi vahidləri ü,Nəsimi rayonu,2022,2068.6
004_5.xls,4.5  Satılmış turizm zərflərinin iqtisadi rayonlar və inzibati ərazi vahidləri ü,Nəsimi rayonu,2023,3975.2
004_5.xls,4.5  Satılmış turizm zərflərinin iqtisadi rayonlar və inzibati ərazi vahidləri ü,Nəsimi rayonu,2024,88769.8
004_5.xls,4.5  Satılmış turizm zərflərinin iqtisadi rayonlar və inzibati ərazi vahidləri ü,Nizami rayonu,2006,115.9
004_5.xls,4.5  Satılmış turizm zərflərinin iqtisadi rayonlar və inzibati ərazi vahidləri ü,Nizami rayonu,2007,968.0
004_5.xls,4.5  Satılmış turizm zərflərinin iqtisadi rayonlar və inzibati ərazi vahidləri ü,Nizami rayonu,2008,947.9
004_5.xls,4.5  Satılmış turizm zərflərinin iqtisadi rayonlar və inzibati ərazi vahidləri ü,Nizami rayonu,2009,125.4
004_5.xls,4.5  Satılmış turizm zərflərinin iqtisadi rayonlar və inzibati ərazi vahidləri ü,Nizami rayonu,2010,42.9
004_5.xls,4.5  Satılmış turizm zərflərinin iqtisadi rayonlar və inzibati ərazi vahidləri ü,Nizami rayonu,2011,127.7
004_5.xls,4.5  Satılmış turizm zərflərinin iqtisadi rayonlar və inzibati ərazi vahidləri ü,Nizami rayonu,2012,922.7
004_5.xls,4.5  Satılmış turizm zərflərinin iqtisadi rayonlar və inzibati ərazi vahidləri ü,Nizami rayonu,2013,199.5
004_5.xls,4.5  Satılmış turizm zərflərinin iqtisadi rayonlar və inzibati ərazi vahidləri ü,Nizami rayonu,2014,271.0
004_5.xls,4.5  Satılmış turizm zərflərinin iqtisadi rayonlar və inzibati ərazi vahidləri ü,Nizami rayonu,2015,6.5
004_5.xls,4.5  Satılmış turizm zərflərinin iqtisadi rayonlar və inzibati ərazi vahidləri ü,Nizami rayonu,2016,453.0
004_5.xls,4.5  Satılmış turizm zərflərinin iqtisadi rayonlar və inzibati ərazi vahidləri ü,Nizami rayonu,2017,568.9
004_5.xls,4.5  Satılmış turizm zərflərinin iqtisadi rayonlar və inzibati ərazi vahidləri ü,Nizami rayonu,2018,621.2
004_5.xls,4.5  Satılmış turizm zərflərinin iqtisadi rayonlar və inzibati ərazi vahidləri ü,Nizami rayonu,2019,610.3
004_5.xls,4.5  Satılmış turizm zərflərinin iqtisadi rayonlar və inzibati ərazi vahidləri ü,Nizami rayonu,2020,41.5
004_5.xls,4.5  Satılmış turizm zərflərinin iqtisadi rayonlar və inzibati ərazi vahidləri ü,Nizami rayonu,2021,65.0
004_5.xls,4.5  Satılmış turizm zərflərinin iqtisadi rayonlar və inzibati ərazi vahidləri ü,Nizami rayonu,2022,92.0
004_5.xls,4.5  Satılmış turizm zərflərinin iqtisadi rayonlar və inzibati ərazi vahidləri ü,Nizami rayonu,2023,93.2
004_5.xls,4.5  Satılmış turizm zərflərinin iqtisadi rayonlar və inzibati ərazi vahidləri ü,Nizami rayonu,2024,181.5
004_5.xls,4.5  Satılmış turizm zərflərinin iqtisadi rayonlar və inzibati ərazi vahidləri ü,Sabunçu rayonu,2006,1.8
004_5.xls,4.5  Satılmış turizm zərflərinin iqtisadi rayonlar və inzibati ərazi vahidləri ü,Sabunçu rayonu,2007,53.2
004_5.xls,4.5  Satılmış turizm zərflərinin iqtisadi rayonlar və inzibati ərazi vahidləri ü,Sabunçu rayonu,2008,114.1
004_5.xls,4.5  Satılmış turizm zərflərinin iqtisadi rayonlar və inzibati ərazi vahidləri ü,Sabunçu rayonu,2009,242.5
004_5.xls,4.5  Satılmış turizm zərflərinin iqtisadi rayonlar və inzibati ərazi vahidləri ü,Sabunçu rayonu,2010,88.6
004_5.xls,4.5  Satılmış turizm zərflərinin iqtisadi rayonlar və inzibati ərazi vahidləri ü,Sabunçu rayonu,2011,104.1
004_5.xls,4.5  Satılmış turizm zərflərinin iqtisadi rayonlar və inzibati ərazi vahidləri ü,Sabunçu rayonu,2012,293.3
004_5.xls,4.5  Satılmış turizm zərflərinin iqtisadi rayonlar və inzibati ərazi vahidləri ü,Sabunçu rayonu,2013,172.3
004_5.xls,4.5  Satılmış turizm zərflərinin iqtisadi rayonlar və inzibati ərazi vahidləri ü,Sabunçu rayonu,2014,301.3
004_5.xls,4.5  Satılmış turizm zərflərinin iqtisadi rayonlar və inzibati ərazi vahidləri ü,Sabunçu rayonu,2015,388.0
004_5.xls,4.5  Satılmış turizm zərflərinin iqtisadi rayonlar və inzibati ərazi vahidləri ü,Sabunçu rayonu,2016,449.4
004_5.xls,4.5  Satılmış turizm zərflərinin iqtisadi rayonlar və inzibati ərazi vahidləri ü,Sabunçu rayonu,2017,1401.8
004_5.xls,4.5  Satılmış turizm zərflərinin iqtisadi rayonlar və inzibati ərazi vahidləri ü,Sabunçu rayonu,2018,2499.3
004_5.xls,4.5  Satılmış turizm zərflərinin iqtisadi rayonlar və inzibati ərazi vahidləri ü,Sabunçu rayonu,2019,3169.9
004_5.xls,4.5  Satılmış turizm zərflərinin iqtisadi rayonlar və inzibati ərazi vahidləri ü,Sabunçu rayonu,2020,309.3
004_5.xls,4.5  Satılmış turizm zərflərinin iqtisadi rayonlar və inzibati ərazi vahidləri ü,Sabunçu rayonu,2021,185.8
004_5.xls,4.5  Satılmış turizm zərflərinin iqtisadi rayonlar və inzibati ərazi vahidləri ü,Sabunçu rayonu,2022,1417.8
004_5.xls,4.5  Satılmış turizm zərflərinin iqtisadi rayonlar və inzibati ərazi vahidləri ü,Sabunçu rayonu,2023,389.8
004_5.xls,4.5  Satılmış turizm zərflərinin iqtisadi rayonlar və inzibati ərazi vahidləri ü,Sabunçu rayonu,2024,1443.7
004_5.xls,4.5  Satılmış turizm zərflərinin iqtisadi rayonlar və inzibati ərazi vahidləri ü,Səbail rayonu,2006,886.5
004_5.xls,4.5  Satılmış turizm zərflərinin iqtisadi rayonlar və inzibati ərazi vahidləri ü,Səbail rayonu,2007,1095.8
004_5.xls,4.5  Satılmış turizm zərflərinin iqtisadi rayonlar və inzibati ərazi vahidləri ü,Səbail rayonu,2008,1006.6
004_5.xls,4.5  Satılmış turizm zərflərinin iqtisadi rayonlar və inzibati ərazi vahidləri ü,Səbail rayonu,2009,4321.6
004_5.xls,4.5  Satılmış turizm zərflərinin iqtisadi rayonlar və inzibati ərazi vahidləri ü,Səbail rayonu,2010,5534.7
004_5.xls,4.5  Satılmış turizm zərflərinin iqtisadi rayonlar və inzibati ərazi vahidləri ü,Səbail rayonu,2011,6032.0
004_5.xls,4.5  Satılmış turizm zərflərinin iqtisadi rayonlar və inzibati ərazi vahidləri ü,Səbail rayonu,2012,12082.6
004_5.xls,4.5  Satılmış turizm zərflərinin iqtisadi rayonlar və inzibati ərazi vahidləri ü,Səbail rayonu,2013,12931.5
004_5.xls,4.5  Satılmış turizm zərflərinin iqtisadi rayonlar və inzibati ərazi vahidləri ü,Səbail rayonu,2014,10230.2
004_5.xls,4.5  Satılmış turizm zərflərinin iqtisadi rayonlar və inzibati ərazi vahidləri ü,Səbail rayonu,2015,7012.4
004_5.xls,4.5  Satılmış turizm zərflərinin iqtisadi rayonlar və inzibati ərazi vahidləri ü,Səbail rayonu,2016,13083.9
004_5.xls,4.5  Satılmış turizm zərflərinin iqtisadi rayonlar və inzibati ərazi vahidləri ü,Səbail rayonu,2017,15436.3
004_5.xls,4.5  Satılmış turizm zərflərinin iqtisadi rayonlar və inzibati ərazi vahidləri ü,Səbail rayonu,2018,15337.6
004_5.xls,4.5  Satılmış turizm zərflərinin iqtisadi rayonlar və inzibati ərazi vahidləri ü,Səbail rayonu,2019,25378.8
004_5.xls,4.5  Satılmış turizm zərflərinin iqtisadi rayonlar və inzibati ərazi vahidləri ü,Səbail rayonu,2020,1690.2
004_5.xls,4.5  Satılmış turizm zərflərinin iqtisadi rayonlar və inzibati ərazi vahidləri ü,Səbail rayonu,2021,1748.7
004_5.xls,4.5  Satılmış turizm zərflərinin iqtisadi rayonlar və inzibati ərazi vahidləri ü,Səbail rayonu,2022,4816.7
004_5.xls,4.5  Satılmış turizm zərflərinin iqtisadi rayonlar və inzibati ərazi vahidləri ü,Səbail rayonu,2023,10876.6
004_5.xls,4.5  Satılmış turizm zərflərinin iqtisadi rayonlar və inzibati ərazi vahidləri ü,Səbail rayonu,2024,15040.3
004_5.xls,4.5  Satılmış turizm zərflərinin iqtisadi rayonlar və inzibati ərazi vahidləri ü,Suraxanı rayonu,2006,1.0
004_5.xls,4.5  Satılmış turizm zərflərinin iqtisadi rayonlar və inzibati ərazi vahidləri ü,Suraxanı rayonu,2007,32.7
004_5.xls,4.5  Satılmış turizm zərflərinin iqtisadi rayonlar və inzibati ərazi vahidləri ü,Suraxanı rayonu,2008,8.0
004_5.xls,4.5  Satılmış turizm zərflərinin iqtisadi rayonlar və inzibati ərazi vahidləri ü,Suraxanı rayonu,2009,114.4
004_5.xls,4.5  Satılmış turizm zərflərinin iqtisadi rayonlar və inzibati ərazi vahidləri ü,Suraxanı rayonu,2010,485.3
004_5.xls,4.5  Satılmış turizm zərflərinin iqtisadi rayonlar və inzibati ərazi vahidləri ü,Suraxanı rayonu,2011,419.6
004_5.xls,4.5  Satılmış turizm zərflərinin iqtisadi rayonlar və inzibati ərazi vahidləri ü,Suraxanı rayonu,2012,171.7
004_5.xls,4.5  Satılmış turizm zərflərinin iqtisadi rayonlar və inzibati ərazi vahidləri ü,Suraxanı rayonu,2013,242.2
004_5.xls,4.5  Satılmış turizm zərflərinin iqtisadi rayonlar və inzibati ərazi vahidləri ü,Suraxanı rayonu,2014,138.0
004_5.xls,4.5  Satılmış turizm zərflərinin iqtisadi rayonlar və inzibati ərazi vahidləri ü,Suraxanı rayonu,2015,413.9
004_5.xls,4.5  Satılmış turizm zərflərinin iqtisadi rayonlar və inzibati ərazi vahidləri ü,Suraxanı rayonu,2016,997.0
004_5.xls,4.5  Satılmış turizm zərflərinin iqtisadi rayonlar və inzibati ərazi vahidləri ü,Suraxanı rayonu,2017,466.0
004_5.xls,4.5  Satılmış turizm zərflərinin iqtisadi rayonlar və inzibati ərazi vahidləri ü,Suraxanı rayonu,2018,204.1
004_5.xls,4.5  Satılmış turizm zərflərinin iqtisadi rayonlar və inzibati ərazi vahidləri ü,Suraxanı rayonu,2019,71.6
004_5.xls,4.5  Satılmış turizm zərflərinin iqtisadi rayonlar və inzibati ərazi vahidləri ü,Suraxanı rayonu,2022,12.3
004_5.xls,4.5  Satılmış turizm zərflərinin iqtisadi rayonlar və inzibati ərazi vahidləri ü,Suraxanı rayonu,2023,5.3
004_5.xls,4.5  Satılmış turizm zərflərinin iqtisadi rayonlar və inzibati ərazi vahidləri ü,Suraxanı rayonu,2024,271.3
004_5.xls,4.5  Satılmış turizm zərflərinin iqtisadi rayonlar və inzibati ərazi vahidləri ü,Yasamal rayonu,2006,866.8
004_5.xls,4.5  Satılmış turizm zərflərinin iqtisadi rayonlar və inzibati ərazi vahidləri ü,Yasamal rayonu,2007,1259.2
004_5.xls,4.5  Satılmış turizm zərflərinin iqtisadi rayonlar və inzibati ərazi vahidləri ü,Yasamal rayonu,2008,1665.9
004_5.xls,4.5  Satılmış turizm zərflərinin iqtisadi rayonlar və inzibati ərazi vahidləri ü,Yasamal rayonu,2009,1180.4
004_5.xls,4.5  Satılmış turizm zərflərinin iqtisadi rayonlar və inzibati ərazi vahidləri ü,Yasamal rayonu,2010,7850.9
004_5.xls,4.5  Satılmış turizm zərflərinin iqtisadi rayonlar və inzibati ərazi vahidləri ü,Yasamal rayonu,2011,9821.5
004_5.xls,4.5  Satılmış turizm zərflərinin iqtisadi rayonlar və inzibati ərazi vahidləri ü,Yasamal rayonu,2012,9008.8
004_5.xls,4.5  Satılmış turizm zərflərinin iqtisadi rayonlar və inzibati ərazi vahidləri ü,Yasamal rayonu,2013,6716.9
004_5.xls,4.5  Satılmış turizm zərflərinin iqtisadi rayonlar və inzibati ərazi vahidləri ü,Yasamal rayonu,2014,8450.0
004_5.xls,4.5  Satılmış turizm zərflərinin iqtisadi rayonlar və inzibati ərazi vahidləri ü,Yasamal rayonu,2015,4384.6
004_5.xls,4.5  Satılmış turizm zərflərinin iqtisadi rayonlar və inzibati ərazi vahidləri ü,Yasamal rayonu,2016,3196.8
004_5.xls,4.5  Satılmış turizm zərflərinin iqtisadi rayonlar və inzibati ərazi vahidləri ü,Yasamal rayonu,2017,6198.8
004_5.xls,4.5  Satılmış turizm zərflərinin iqtisadi rayonlar və inzibati ərazi vahidləri ü,Yasamal rayonu,2018,7650.5
004_5.xls,4.5  Satılmış turizm zərflərinin iqtisadi rayonlar və inzibati ərazi vahidləri ü,Yasamal rayonu,2019,7936.9
004_5.xls,4.5  Satılmış turizm zərflərinin iqtisadi rayonlar və inzibati ərazi vahidləri ü,Yasamal rayonu,2020,651.7
004_5.xls,4.5  Satılmış turizm zərflərinin iqtisadi rayonlar və inzibati ərazi vahidləri ü,Yasamal rayonu,2021,485.5
004_5.xls,4.5  Satılmış turizm zərflərinin iqtisadi rayonlar və inzibati ərazi vahidləri ü,Yasamal rayonu,2022,716.5
004_5.xls,4.5  Satılmış turizm zərflərinin iqtisadi rayonlar və inzibati ərazi vahidləri ü,Yasamal rayonu,2023,2291.5
004_5.xls,4.5  Satılmış turizm zərflərinin iqtisadi rayonlar və inzibati ərazi vahidləri ü,Yasamal rayonu,2024,9291.1
004_5.xls,4.5  Satılmış turizm zərflərinin iqtisadi rayonlar və inzibati ərazi vahidləri ü,Abşeron-Xızı iqtisadi rayonu,2006,56.4
004_5.xls,4.5  Satılmış turizm zərflərinin iqtisadi rayonlar və inzibati ərazi vahidləri ü,Abşeron-Xızı iqtisadi rayonu,2007,78.2
004_5.xls,4.5  Satılmış turizm zərflərinin iqtisadi rayonlar və inzibati ərazi vahidləri ü,Abşeron-Xızı iqtisadi rayonu,2008,56.0
004_5.xls,4.5  Satılmış turizm zərflərinin iqtisadi rayonlar və inzibati ərazi vahidləri ü,Abşeron-Xızı iqtisadi rayonu,2009,31.6
004_5.xls,4.5  Satılmış turizm zərflərinin iqtisadi rayonlar və inzibati ərazi vahidləri ü,Abşeron-Xızı iqtisadi rayonu,2010,78.4
004_5.xls,4.5  Satılmış turizm zərflərinin iqtisadi rayonlar və inzibati ərazi vahidləri ü,Abşeron-Xızı iqtisadi rayonu,2011,76.9
004_5.xls,4.5  Satılmış turizm zərflərinin iqtisadi rayonlar və inzibati ərazi vahidləri ü,Abşeron-Xızı iqtisadi rayonu,2012,101.6
004_5.xls,4.5  Satılmış turizm zərflərinin iqtisadi rayonlar və inzibati ərazi vahidləri ü,Abşeron-Xızı iqtisadi rayonu,2013,99.2
004_5.xls,4.5  Satılmış turizm zərflərinin iqtisadi rayonlar və inzibati ərazi vahidləri ü,Abşeron-Xızı iqtisadi rayonu,2014,113.8
004_5.xls,4.5  Satılmış turizm zərflərinin iqtisadi rayonlar və inzibati ərazi vahidləri ü,Abşeron-Xızı iqtisadi rayonu,2015,60.8
004_5.xls,4.5  Satılmış turizm zərflərinin iqtisadi rayonlar və inzibati ərazi vahidləri ü,Abşeron-Xızı iqtisadi rayonu,2016,10.7
004_5.xls,4.5  Satılmış turizm zərflərinin iqtisadi rayonlar və inzibati ərazi vahidləri ü,Abşeron-Xızı iqtisadi rayonu,2017,115.8
004_5.xls,4.5  Satılmış turizm zərflərinin iqtisadi rayonlar və inzibati ərazi vahidləri ü,Abşeron-Xızı iqtisadi rayonu,2018,1511.3
004_5.xls,4.5  Satılmış turizm zərflərinin iqtisadi rayonlar və inzibati ərazi vahidləri ü,Abşeron-Xızı iqtisadi rayonu,2019,1405.4
004_5.xls,4.5  Satılmış turizm zərflərinin iqtisadi rayonlar və inzibati ərazi vahidləri ü,Abşeron-Xızı iqtisadi rayonu,2021,72.6
004_5.xls,4.5  Satılmış turizm zərflərinin iqtisadi rayonlar və inzibati ərazi vahidləri ü,Abşeron-Xızı iqtisadi rayonu,2022,191.8
004_5.xls,4.5  Satılmış turizm zərflərinin iqtisadi rayonlar və inzibati ərazi vahidləri ü,Abşeron-Xızı iqtisadi rayonu,2023,189.1
004_5.xls,4.5  Satılmış turizm zərflərinin iqtisadi rayonlar və inzibati ərazi vahidləri ü,Abşeron-Xızı iqtisadi rayonu,2024,1721.2
004_5.xls,4.5  Satılmış turizm zərflərinin iqtisadi rayonlar və inzibati ərazi vahidləri ü,Sumqayıt şəhəri,2006,56.4
004_5.xls,4.5  Satılmış turizm zərflərinin iqtisadi rayonlar və inzibati ərazi vahidləri ü,Sumqayıt şəhəri,2007,78.2
004_5.xls,4.5  Satılmış turizm zərflərinin iqtisadi rayonlar və inzibati ərazi vahidləri ü,Sumqayıt şəhəri,2008,56.0
004_5.xls,4.5  Satılmış turizm zərflərinin iqtisadi rayonlar və inzibati ərazi vahidləri ü,Sumqayıt şəhəri,2009,31.6
004_5.xls,4.5  Satılmış turizm zərflərinin iqtisadi rayonlar və inzibati ərazi vahidləri ü,Sumqayıt şəhəri,2010,78.4
004_5.xls,4.5  Satılmış turizm zərflərinin iqtisadi rayonlar və inzibati ərazi vahidləri ü,Sumqayıt şəhəri,2011,76.9
004_5.xls,4.5  Satılmış turizm zərflərinin iqtisadi rayonlar və inzibati ərazi vahidləri ü,Sumqayıt şəhəri,2012,101.6
004_5.xls,4.5  Satılmış turizm zərflərinin iqtisadi rayonlar və inzibati ərazi vahidləri ü,Sumqayıt şəhəri,2013,99.2
004_5.xls,4.5  Satılmış turizm zərflərinin iqtisadi rayonlar və inzibati ərazi vahidləri ü,Sumqayıt şəhəri,2014,113.8
004_5.xls,4.5  Satılmış turizm zərflərinin iqtisadi rayonlar və inzibati ərazi vahidləri ü,Sumqayıt şəhəri,2015,60.8
004_5.xls,4.5  Satılmış turizm zərflərinin iqtisadi rayonlar və inzibati ərazi vahidləri ü,Sumqayıt şəhəri,2016,10.7
004_5.xls,4.5  Satılmış turizm zərflərinin iqtisadi rayonlar və inzibati ərazi vahidləri ü,Sumqayıt şəhəri,2017,115.8
004_5.xls,4.5  Satılmış turizm zərflərinin iqtisadi rayonlar və inzibati ərazi vahidləri ü,Sumqayıt şəhəri,2018,533.4
004_5.xls,4.5  Satılmış turizm zərflərinin iqtisadi rayonlar və inzibati ərazi vahidləri ü,Sumqayıt şəhəri,2019,376.7
004_5.xls,4.5  Satılmış turizm zərflərinin iqtisadi rayonlar və inzibati ərazi vahidləri ü,Sumqayıt şəhəri,2021,72.6
004_5.xls,4.5  Satılmış turizm zərflərinin iqtisadi rayonlar və inzibati ərazi vahidləri ü,Sumqayıt şəhəri,2022,103.0
004_5.xls,4.5  Satılmış turizm zərflərinin iqtisadi rayonlar və inzibati ərazi vahidləri ü,Sumqayıt şəhəri,2023,186.7
004_5.xls,4.5  Satılmış turizm zərflərinin iqtisadi rayonlar və inzibati ərazi vahidləri ü,Sumqayıt şəhəri,2024,1252.9
004_5.xls,4.5  Satılmış turizm zərflərinin iqtisadi rayonlar və inzibati ərazi vahidləri ü,Abşeron rayonu,2018,977.9
004_5.xls,4.5  Satılmış turizm zərflərinin iqtisadi rayonlar və inzibati ərazi vahidləri ü,Abşeron rayonu,2019,1028.7
004_5.xls,4.5  Satılmış turizm zərflərinin iqtisadi rayonlar və inzibati ərazi vahidləri ü,Abşeron rayonu,2022,88.8
004_5.xls,4.5  Satılmış turizm zərflərinin iqtisadi rayonlar və inzibati ərazi vahidləri ü,Abşeron rayonu,2023,2.4
004_5.xls,4.5  Satılmış turizm zərflərinin iqtisadi rayonlar və inzibati ərazi vahidləri ü,Abşeron rayonu,2024,468.3
004_5.xls,4.5  Satılmış turizm zərflərinin iqtisadi rayonlar və inzibati ərazi vahidləri ü,Gəncə-Daşkəsən iqtisadi rayonu,2006,1.1
004_5.xls,4.5  Satılmış turizm zərflərinin iqtisadi rayonlar və inzibati ərazi vahidləri ü,Gəncə-Daşkəsən iqtisadi rayonu,2013,16.3
004_5.xls,4.5  Satılmış turizm zərflərinin iqtisadi rayonlar və inzibati ərazi vahidləri ü,Gəncə-Daşkəsən iqtisadi rayonu,2014,136.4
004_5.xls,4.5  Satılmış turizm zərflərinin iqtisadi rayonlar və inzibati ərazi vahidləri ü,Gəncə-Daşkəsən iqtisadi rayonu,2015,87.0
004_5.xls,4.5  Satılmış turizm zərflərinin iqtisadi rayonlar və inzibati ərazi vahidləri ü,Gəncə-Daşkəsən iqtisadi rayonu,2016,141.8
004_5.xls,4.5  Satılmış turizm zərflərinin iqtisadi rayonlar və inzibati ərazi vahidləri ü,Gəncə-Daşkəsən iqtisadi rayonu,2017,301.4
004_5.xls,4.5  Satılmış turizm zərflərinin iqtisadi rayonlar və inzibati ərazi vahidləri ü,Gəncə-Daşkəsən iqtisadi rayonu,2018,286.8
004_5.xls,4.5  Satılmış turizm zərflərinin iqtisadi rayonlar və inzibati ərazi vahidləri ü,Gəncə-Daşkəsən iqtisadi rayonu,2019,354.7
004_5.xls,4.5  Satılmış turizm zərflərinin iqtisadi rayonlar və inzibati ərazi vahidləri ü,Gəncə-Daşkəsən iqtisadi rayonu,2021,77.2
004_5.xls,4.5  Satılmış turizm zərflərinin iqtisadi rayonlar və inzibati ərazi vahidləri ü,Gəncə-Daşkəsən iqtisadi rayonu,2022,130.7
004_5.xls,4.5  Satılmış turizm zərflərinin iqtisadi rayonlar və inzibati ərazi vahidləri ü,Gəncə-Daşkəsən iqtisadi rayonu,2023,151.0
004_5.xls,4.5  Satılmış turizm zərflərinin iqtisadi rayonlar və inzibati ərazi vahidləri ü,Gəncə-Daşkəsən iqtisadi rayonu,2024,1813.3
004_5.xls,4.5  Satılmış turizm zərflərinin iqtisadi rayonlar və inzibati ərazi vahidləri ü,Gəncə şəhəri,2006,1.1
004_5.xls,4.5  Satılmış turizm zərflərinin iqtisadi rayonlar və inzibati ərazi vahidləri ü,Gəncə şəhəri,2013,16.3
004_5.xls,4.5  Satılmış turizm zərflərinin iqtisadi rayonlar və inzibati ərazi vahidləri ü,Gəncə şəhəri,2014,136.4
004_5.xls,4.5  Satılmış turizm zərflərinin iqtisadi rayonlar və inzibati ərazi vahidləri ü,Gəncə şəhəri,2015,87.0
004_5.xls,4.5  Satılmış turizm zərflərinin iqtisadi rayonlar və inzibati ərazi vahidləri ü,Gəncə şəhəri,2016,141.8
004_5.xls,4.5  Satılmış turizm zərflərinin iqtisadi rayonlar və inzibati ərazi vahidləri ü,Gəncə şəhəri,2017,301.4
004_5.xls,4.5  Satılmış turizm zərflərinin iqtisadi rayonlar və inzibati ərazi vahidləri ü,Gəncə şəhəri,2018,231.7
004_5.xls,4.5  Satılmış turizm zərflərinin iqtisadi rayonlar və inzibati ərazi vahidləri ü,Gəncə şəhəri,2019,354.7
004_5.xls,4.5  Satılmış turizm zərflərinin iqtisadi rayonlar və inzibati ərazi vahidləri ü,Gəncə şəhəri,2021,4.1
004_5.xls,4.5  Satılmış turizm zərflərinin iqtisadi rayonlar və inzibati ərazi vahidləri ü,Gəncə şəhəri,2024,160.9
004_5.xls,4.5  Satılmış turizm zərflərinin iqtisadi rayonlar və inzibati ərazi vahidləri ü,Naftalan şəhəri,2018,55.1
004_5.xls,4.5  Satılmış turizm zərflərinin iqtisadi rayonlar və inzibati ərazi vahidləri ü,Naftalan şəhəri,2021,73.1
004_5.xls,4.5  Satılmış turizm zərflərinin iqtisadi rayonlar və inzibati ərazi vahidləri ü,Naftalan şəhəri,2022,130.7
004_5.xls,4.5  Satılmış turizm zərflərinin iqtisadi rayonlar və inzibati ərazi vahidləri ü,Naftalan şəhəri,2023,151.0
004_5.xls,4.5  Satılmış turizm zərflərinin iqtisadi rayonlar və inzibati ərazi vahidləri ü,Naftalan şəhəri,2024,1613.3
004_5.xls,4.5  Satılmış turizm zərflərinin iqtisadi rayonlar və inzibati ərazi vahidləri ü,Goranboy rayonu,2024,39.1
004_5.xls,4.5  Satılmış turizm zərflərinin iqtisadi rayonlar və inzibati ərazi vahidləri ü,Qazax-Tovuz iqtisadi rayonu,2017,10457.4
004_5.xls,4.5  Satılmış turizm zərflərinin iqtisadi rayonlar və inzibati ərazi vahidləri ü,Qazax-Tovuz iqtisadi rayonu,2018,3302.7
004_5.xls,4.5  Satılmış turizm zərflərinin iqtisadi rayonlar və inzibati ərazi vahidləri ü,Qazax-Tovuz iqtisadi rayonu,2022,60.7
004_5.xls,4.5  Satılmış turizm zərflərinin iqtisadi rayonlar və inzibati ərazi vahidləri ü,Qazax-Tovuz iqtisadi rayonu,2023,462.3
004_5.xls,4.5  Satılmış turizm zərflərinin iqtisadi rayonlar və inzibati ərazi vahidləri ü,Qazax-Tovuz iqtisadi rayonu,2024,151.0
004_5.xls,4.5  Satılmış turizm zərflərinin iqtisadi rayonlar və inzibati ərazi vahidləri ü,Şəmkir rayonu,2018,1689.0
004_5.xls,4.5  Satılmış turizm zərflərinin iqtisadi rayonlar və inzibati ərazi vahidləri ü,Tovuz rayonu,2017,10457.4
004_5.xls,4.5  Satılmış turizm zərflərinin iqtisadi rayonlar və inzibati ərazi vahidləri ü,Tovuz rayonu,2018,1613.7
004_5.xls,4.5  Satılmış turizm zərflərinin iqtisadi rayonlar və inzibati ərazi vahidləri ü,Tovuz rayonu,2022,60.7
004_5.xls,4.5  Satılmış turizm zərflərinin iqtisadi rayonlar və inzibati ərazi vahidləri ü,Tovuz rayonu,2023,462.3
004_5.xls,4.5  Satılmış turizm zərflərinin iqtisadi rayonlar və inzibati ərazi vahidləri ü,Tovuz rayonu,2024,151.0
004_5.xls,4.5  Satılmış turizm zərflərinin iqtisadi rayonlar və inzibati ərazi vahidləri ü,Quba-Xaçmaz iqtisadi rayonu,2006,452.5
004_5.xls,4.5  Satılmış turizm zərflərinin iqtisadi rayonlar və inzibati ərazi vahidləri ü,Quba-Xaçmaz iqtisadi rayonu,2007,85.9
004_5.xls,4.5  Satılmış turizm zərflərinin iqtisadi rayonlar və inzibati ərazi vahidləri ü,Quba-Xaçmaz iqtisadi rayonu,2008,85.9
004_5.xls,4.5  Satılmış turizm zərflərinin iqtisadi rayonlar və inzibati ərazi vahidləri ü,Quba-Xaçmaz iqtisadi rayonu,2009,211.8
004_5.xls,4.5  Satılmış turizm zərflərinin iqtisadi rayonlar və inzibati ərazi vahidləri ü,Xaçmaz rayonu,2006,452.5
004_5.xls,4.5  Satılmış turizm zərflərinin iqtisadi rayonlar və inzibati ərazi vahidləri ü,Xaçmaz rayonu,2007,85.9
004_5.xls,4.5  Satılmış turizm zərflərinin iqtisadi rayonlar və inzibati ərazi vahidləri ü,Xaçmaz rayonu,2008,85.9
004_5.xls,4.5  Satılmış turizm zərflərinin iqtisadi rayonlar və inzibati ərazi vahidləri ü,Xaçmaz rayonu,2009,211.8
004_5.xls,4.5  Satılmış turizm zərflərinin iqtisadi rayonlar və inzibati ərazi vahidləri ü,Lənkəran-Astara iqtisadi rayonu,2018,360.0
004_5.xls,4.5  Satılmış turizm zərflərinin iqtisadi rayonlar və inzibati ərazi vahidləri ü,Lənkəran-Astara iqtisadi rayonu,2019,778.3
004_5.xls,4.5  Satılmış turizm zərflərinin iqtisadi rayonlar və inzibati ərazi vahidləri ü,Lənkəran-Astara iqtisadi rayonu,2020,114.0
004_5.xls,4.5  Satılmış turizm zərflərinin iqtisadi rayonlar və inzibati ərazi vahidləri ü,Lənkəran-Astara iqtisadi rayonu,2022,1202.4
004_5.xls,4.5  Satılmış turizm zərflərinin iqtisadi rayonlar və inzibati ərazi vahidləri ü,Lənkəran-Astara iqtisadi rayonu,2023,328.1
004_5.xls,4.5  Satılmış turizm zərflərinin iqtisadi rayonlar və inzibati ərazi vahidləri ü,Lənkəran-Astara iqtisadi rayonu,2024,50.6
004_5.xls,4.5  Satılmış turizm zərflərinin iqtisadi rayonlar və inzibati ərazi vahidləri ü,Lənkəran rayonu,2018,360.0
004_5.xls,4.5  Satılmış turizm zərflərinin iqtisadi rayonlar və inzibati ərazi vahidləri ü,Lənkəran rayonu,2019,778.3
004_5.xls,4.5  Satılmış turizm zərflərinin iqtisadi rayonlar və inzibati ərazi vahidləri ü,Lənkəran rayonu,2020,114.0
004_5.xls,4.5  Satılmış turizm zərflərinin iqtisadi rayonlar və inzibati ərazi vahidləri ü,Lənkəran rayonu,2022,1194.4
004_5.xls,4.5  Satılmış turizm zərflərinin iqtisadi rayonlar və inzibati ərazi vahidləri ü,Lənkəran rayonu,2023,327.5
004_5.xls,4.5  Satılmış turizm zərflərinin iqtisadi rayonlar və inzibati ərazi vahidləri ü,Lənkəran rayonu,2024,50.6
004_5.xls,4.5  Satılmış turizm zərflərinin iqtisadi rayonlar və inzibati ərazi vahidləri ü,Masallı rayonu,2022,8.0
004_5.xls,4.5  Satılmış turizm zərflərinin iqtisadi rayonlar və inzibati ərazi vahidləri ü,Masallı rayonu,2023,0.6
004_5.xls,4.5  Satılmış turizm zərflərinin iqtisadi rayonlar və inzibati ərazi vahidləri ü,Mərkəzi Aran iqtisadi rayonu,2006,1.2
004_5.xls,4.5  Satılmış turizm zərflərinin iqtisadi rayonlar və inzibati ərazi vahidləri ü,Mərkəzi Aran iqtisadi rayonu,2007,7.8
004_5.xls,4.5  Satılmış turizm zərflərinin iqtisadi rayonlar və inzibati ərazi vahidləri ü,Mərkəzi Aran iqtisadi rayonu,2008,8.5
004_5.xls,4.5  Satılmış turizm zərflərinin iqtisadi rayonlar və inzibati ərazi vahidləri ü,Mərkəzi Aran iqtisadi rayonu,2009,13.7
004_5.xls,4.5  Satılmış turizm zərflərinin iqtisadi rayonlar və inzibati ərazi vahidləri ü,Mərkəzi Aran iqtisadi rayonu,2010,7.0
004_5.xls,4.5  Satılmış turizm zərflərinin iqtisadi rayonlar və inzibati ərazi vahidləri ü,Mərkəzi Aran iqtisadi rayonu,2011,1.3
004_5.xls,4.5  Satılmış turizm zərflərinin iqtisadi rayonlar və inzibati ərazi vahidləri ü,Mərkəzi Aran iqtisadi rayonu,2012,5.0
004_5.xls,4.5  Satılmış turizm zərflərinin iqtisadi rayonlar və inzibati ərazi vahidləri ü,Mərkəzi Aran iqtisadi rayonu,2013,45.9
004_5.xls,4.5  Satılmış turizm zərflərinin iqtisadi rayonlar və inzibati ərazi vahidləri ü,Mərkəzi Aran iqtisadi rayonu,2014,51.199999999999996
004_5.xls,4.5  Satılmış turizm zərflərinin iqtisadi rayonlar və inzibati ərazi vahidləri ü,Mərkəzi Aran iqtisadi rayonu,2015,67.1
004_5.xls,4.5  Satılmış turizm zərflərinin iqtisadi rayonlar və inzibati ərazi vahidləri ü,Mərkəzi Aran iqtisadi rayonu,2016,37.4
004_5.xls,4.5  Satılmış turizm zərflərinin iqtisadi rayonlar və inzibati ərazi vahidləri ü,Mərkəzi Aran iqtisadi rayonu,2018,330.1
004_5.xls,4.5  Satılmış turizm zərflərinin iqtisadi rayonlar və inzibati ərazi vahidləri ü,Mərkəzi Aran iqtisadi rayonu,2019,613.2
004_5.xls,4.5  Satılmış turizm zərflərinin iqtisadi rayonlar və inzibati ərazi vahidləri ü,Mərkəzi Aran iqtisadi rayonu,2020,168.3
004_5.xls,4.5  Satılmış turizm zərflərinin iqtisadi rayonlar və inzibati ərazi vahidləri ü,Mərkəzi Aran iqtisadi rayonu,2021,15.6
004_5.xls,4.5  Satılmış turizm zərflərinin iqtisadi rayonlar və inzibati ərazi vahidləri ü,Mərkəzi Aran iqtisadi rayonu,2022,10.3
004_5.xls,4.5  Satılmış turizm zərflərinin iqtisadi rayonlar və inzibati ərazi vahidləri ü,Mərkəzi Aran iqtisadi rayonu,2023,477.6
004_5.xls,4.5  Satılmış turizm zərflərinin iqtisadi rayonlar və inzibati ərazi vahidləri ü,Mərkəzi Aran iqtisadi rayonu,2024,1005.0
004_5.xls,4.5  Satılmış turizm zərflərinin iqtisadi rayonlar və inzibati ərazi vahidləri ü,Mingəçevir şəhəri,2006,1.2
004_5.xls,4.5  Satılmış turizm zərflərinin iqtisadi rayonlar və inzibati ərazi vahidləri ü,Mingəçevir şəhəri,2007,7.8
004_5.xls,4.5  Satılmış turizm zərflərinin iqtisadi rayonlar və inzibati ərazi vahidləri ü,Mingəçevir şəhəri,2008,8.5
004_5.xls,4.5  Satılmış turizm zərflərinin iqtisadi rayonlar və inzibati ərazi vahidləri ü,Mingəçevir şəhəri,2009,13.7
004_5.xls,4.5  Satılmış turizm zərflərinin iqtisadi rayonlar və inzibati ərazi vahidləri ü,Mingəçevir şəhəri,2010,7.0
004_5.xls,4.5  Satılmış turizm zərflərinin iqtisadi rayonlar və inzibati ərazi vahidləri ü,Mingəçevir şəhəri,2011,1.3
004_5.xls,4.5  Satılmış turizm zərflərinin iqtisadi rayonlar və inzibati ərazi vahidləri ü,Mingəçevir şəhəri,2012,5.0
004_5.xls,4.5  Satılmış turizm zərflərinin iqtisadi rayonlar və inzibati ərazi vahidləri ü,Mingəçevir şəhəri,2013,6.3
004_5.xls,4.5  Satılmış turizm zərflərinin iqtisadi rayonlar və inzibati ərazi vahidləri ü,Mingəçevir şəhəri,2014,7.3
004_5.xls,4.5  Satılmış turizm zərflərinin iqtisadi rayonlar və inzibati ərazi vahidləri ü,Mingəçevir şəhəri,2015,8.7
004_5.xls,4.5  Satılmış turizm zərflərinin iqtisadi rayonlar və inzibati ərazi vahidləri ü,Mingəçevir şəhəri,2016,32.3
004_5.xls,4.5  Satılmış turizm zərflərinin iqtisadi rayonlar və inzibati ərazi vahidləri ü,Mingəçevir şəhəri,2019,0.7
004_5.xls,4.5  Satılmış turizm zərflərinin iqtisadi rayonlar və inzibati ərazi vahidləri ü,Mingəçevir şəhəri,2023,5.2
004_5.xls,4.5  Satılmış turizm zərflərinin iqtisadi rayonlar və inzibati ərazi vahidləri ü,Mingəçevir şəhəri,2024,13.1
004_5.xls,4.5  Satılmış turizm zərflərinin iqtisadi rayonlar və inzibati ərazi vahidləri ü,Kürdəmir rayonu,2018,169.6
004_5.xls,4.5  Satılmış turizm zərflərinin iqtisadi rayonlar və inzibati ərazi vahidləri ü,Kürdəmir rayonu,2019,612.5
004_5.xls,4.5  Satılmış turizm zərflərinin iqtisadi rayonlar və inzibati ərazi vahidləri ü,Kürdəmir rayonu,2020,168.3
004_5.xls,4.5  Satılmış turizm zərflərinin iqtisadi rayonlar və inzibati ərazi vahidləri ü,Kürdəmir rayonu,2021,15.6
004_5.xls,4.5  Satılmış turizm zərflərinin iqtisadi rayonlar və inzibati ərazi vahidləri ü,Kürdəmir rayonu,2022,10.3
004_5.xls,4.5  Satılmış turizm zərflərinin iqtisadi rayonlar və inzibati ərazi vahidləri ü,Yevlax rayonu,2013,39.6
004_5.xls,4.5  Satılmış turizm zərflərinin iqtisadi rayonlar və inzibati ərazi vahidləri ü,Yevlax rayonu,2014,43.9
004_5.xls,4.5  Satılmış turizm zərflərinin iqtisadi rayonlar və inzibati ərazi vahidləri ü,Yevlax rayonu,2015,58.4
004_5.xls,4.5  Satılmış turizm zərflərinin iqtisadi rayonlar və inzibati ərazi vahidləri ü,Yevlax rayonu,2016,5.1
004_5.xls,4.5  Satılmış turizm zərflərinin iqtisadi rayonlar və inzibati ərazi vahidləri ü,Yevlax rayonu,2018,160.5
004_5.xls,4.5  Satılmış turizm zərflərinin iqtisadi rayonlar və inzibati ərazi vahidləri ü,Yevlax rayonu,2023,472.4
004_5.xls,4.5  Satılmış turizm zərflərinin iqtisadi rayonlar və inzibati ərazi vahidləri ü,Yevlax rayonu,2024,991.9
004_5.xls,4.5  Satılmış turizm zərflərinin iqtisadi rayonlar və inzibati ərazi vahidləri ü,Mil-Muğan iqtisadi rayonu,2023,12.0
004_5.xls,4.5  Satılmış turizm zərflərinin iqtisadi rayonlar və inzibati ərazi vahidləri ü,Mil-Muğan iqtisadi rayonu,2024,97.4
004_5.xls,4.5  Satılmış turizm zərflərinin iqtisadi rayonlar və inzibati ərazi vahidləri ü,Beyləqan rayonu,2023,12.0
004_5.xls,4.5  Satılmış turizm zərflərinin iqtisadi rayonlar və inzibati ərazi vahidləri ü,İmişli rayonu,2024,97.4
004_5.xls,4.5  Satılmış turizm zərflərinin iqtisadi rayonlar və inzibati ərazi vahidləri ü,Şəki-Zaqatala iqtisadi rayonu,2017,103.0
004_5.xls,4.5  Satılmış turizm zərflərinin iqtisadi rayonlar və inzibati ərazi vahidləri ü,Şəki-Zaqatala iqtisadi rayonu,2018,1062.0
004_5.xls,4.5  Satılmış turizm zərflərinin iqtisadi rayonlar və inzibati ərazi vahidləri ü,Şəki-Zaqatala iqtisadi rayonu,2019,191.4
004_5.xls,4.5  Satılmış turizm zərflərinin iqtisadi rayonlar və inzibati ərazi vahidləri ü,Şəki-Zaqatala iqtisadi rayonu,2021,69.2
004_5.xls,4.5  Satılmış turizm zərflərinin iqtisadi rayonlar və inzibati ərazi vahidləri ü,Şəki-Zaqatala iqtisadi rayonu,2022,984.1
004_5.xls,4.5  Satılmış turizm zərflərinin iqtisadi rayonlar və inzibati ərazi vahidləri ü,Şəki-Zaqatala iqtisadi rayonu,2023,993.3
004_5.xls,4.5  Satılmış turizm zərflərinin iqtisadi rayonlar və inzibati ərazi vahidləri ü,Şəki-Zaqatala iqtisadi rayonu,2024,2372.4
004_5.xls,4.5  Satılmış turizm zərflərinin iqtisadi rayonlar və inzibati ərazi vahidləri ü,Balakən rayonu,2024,11.4
004_5.xls,4.5  Satılmış turizm zərflərinin iqtisadi rayonlar və inzibati ərazi vahidləri ü,Qax rayonu,2019,0.5
004_5.xls,4.5  Satılmış turizm zərflərinin iqtisadi rayonlar və inzibati ərazi vahidləri ü,Qəbələ rayonu,2017,103.0
004_5.xls,4.5  Satılmış turizm zərflərinin iqtisadi rayonlar və inzibati ərazi vahidləri ü,Qəbələ rayonu,2018,1062.0
004_5.xls,4.5  Satılmış turizm zərflərinin iqtisadi rayonlar və inzibati ərazi vahidləri ü,Şəki rayonu,2019,190.9
004_5.xls,4.5  Satılmış turizm zərflərinin iqtisadi rayonlar və inzibati ərazi vahidləri ü,Şəki rayonu,2021,69.2
004_5.xls,4.5  Satılmış turizm zərflərinin iqtisadi rayonlar və inzibati ərazi vahidləri ü,Şəki rayonu,2022,984.1
004_5.xls,4.5  Satılmış turizm zərflərinin iqtisadi rayonlar və inzibati ərazi vahidləri ü,Şəki rayonu,2023,993.3
004_5.xls,4.5  Satılmış turizm zərflərinin iqtisadi rayonlar və inzibati ərazi vahidləri ü,Şəki rayonu,2024,2349.0
004_5.xls,4.5  Satılmış turizm zərflərinin iqtisadi rayonlar və inzibati ərazi vahidləri ü,Zaqatala rayonu,2024,12.0
004_5.xls,4.5  Satılmış turizm zərflərinin iqtisadi rayonlar və inzibati ərazi vahidləri ü,Şirvan-Salyan iqtisadi rayonu,2017,45.0
004_5.xls,4.5  Satılmış turizm zərflərinin iqtisadi rayonlar və inzibati ərazi vahidləri ü,Şirvan-Salyan iqtisadi rayonu,2018,117.2
004_5.xls,4.5  Satılmış turizm zərflərinin iqtisadi rayonlar və inzibati ərazi vahidləri ü,Şirvan-Salyan iqtisadi rayonu,2019,67.4
004_5.xls,4.5  Satılmış turizm zərflərinin iqtisadi rayonlar və inzibati ərazi vahidləri ü,Şirvan-Salyan iqtisadi rayonu,2020,11.5
004_5.xls,4.5  Satılmış turizm zərflərinin iqtisadi rayonlar və inzibati ərazi vahidləri ü,Şirvan-Salyan iqtisadi rayonu,2023,3.5
004_5.xls,4.5  Satılmış turizm zərflərinin iqtisadi rayonlar və inzibati ərazi vahidləri ü,Şirvan-Salyan iqtisadi rayonu,2024,7.2
004_5.xls,4.5  Satılmış turizm zərflərinin iqtisadi rayonlar və inzibati ərazi vahidləri ü,Şirvan şəhəri,2017,45.0
004_5.xls,4.5  Satılmış turizm zərflərinin iqtisadi rayonlar və inzibati ərazi vahidləri ü,Şirvan şəhəri,2018,117.2
004_5.xls,4.5  Satılmış turizm zərflərinin iqtisadi rayonlar və inzibati ərazi vahidləri ü,Şirvan şəhəri,2019,67.4
004_5.xls,4.5  Satılmış turizm zərflərinin iqtisadi rayonlar və inzibati ərazi vahidləri ü,Şirvan şəhəri,2020,11.5
004_5.xls,4.5  Satılmış turizm zərflərinin iqtisadi rayonlar və inzibati ərazi vahidləri ü,Biləsuvar rayonu,2023,3.5
004_5.xls,4.5  Satılmış turizm zərflərinin iqtisadi rayonlar və inzibati ərazi vahidləri ü,Biləsuvar rayonu,2024,7.2
004_6.xls,4.6  Ölkə daxilində səyahət etmək üçün Azərbaycan vətəndaşlarına satılmış  turiz,Ölkə üzrə cəmi,2006,2270.8
004_6.xls,4.6  Ölkə daxilində səyahət etmək üçün Azərbaycan vətəndaşlarına satılmış  turiz,Ölkə üzrə cəmi,2007,1945.8
004_6.xls,4.6  Ölkə daxilində səyahət etmək üçün Azərbaycan vətəndaşlarına satılmış  turiz,Ölkə üzrə cəmi,2008,1099.5
004_6.xls,4.6  Ölkə daxilində səyahət etmək üçün Azərbaycan vətəndaşlarına satılmış  turiz,Ölkə üzrə cəmi,2009,1291.8
004_6.xls,4.6  Ölkə daxilində səyahət etmək üçün Azərbaycan vətəndaşlarına satılmış  turiz,Ölkə üzrə cəmi,2010,1708.4
004_6.xls,4.6  Ölkə daxilində səyahət etmək üçün Azərbaycan vətəndaşlarına satılmış  turiz,Ölkə üzrə cəmi,2011,2021.1
004_6.xls,4.6  Ölkə daxilində səyahət etmək üçün Azərbaycan vətəndaşlarına satılmış  turiz,Ölkə üzrə cəmi,2012,3147.4
004_6.xls,4.6  Ölkə daxilində səyahət etmək üçün Azərbaycan vətəndaşlarına satılmış  turiz,Ölkə üzrə cəmi,2013,2747.9
004_6.xls,4.6  Ölkə daxilində səyahət etmək üçün Azərbaycan vətəndaşlarına satılmış  turiz,Ölkə üzrə cəmi,2014,2764.0
004_6.xls,4.6  Ölkə daxilində səyahət etmək üçün Azərbaycan vətəndaşlarına satılmış  turiz,Ölkə üzrə cəmi,2015,4039.7
004_6.xls,4.6  Ölkə daxilində səyahət etmək üçün Azərbaycan vətəndaşlarına satılmış  turiz,Ölkə üzrə cəmi,2016,3932.2
004_6.xls,4.6  Ölkə daxilində səyahət etmək üçün Azərbaycan vətəndaşlarına satılmış  turiz,Ölkə üzrə cəmi,2017,5608.4
004_6.xls,4.6  Ölkə daxilində səyahət etmək üçün Azərbaycan vətəndaşlarına satılmış  turiz,Ölkə üzrə cəmi,2018,6979.3
004_6.xls,4.6  Ölkə daxilində səyahət etmək üçün Azərbaycan vətəndaşlarına satılmış  turiz,Ölkə üzrə cəmi,2019,7071.8
004_6.xls,4.6  Ölkə daxilində səyahət etmək üçün Azərbaycan vətəndaşlarına satılmış  turiz,Ölkə üzrə cəmi,2020,15.8
004_6.xls,4.6  Ölkə daxilində səyahət etmək üçün Azərbaycan vətəndaşlarına satılmış  turiz,Ölkə üzrə cəmi,2021,467.0
004_6.xls,4.6  Ölkə daxilində səyahət etmək üçün Azərbaycan vətəndaşlarına satılmış  turiz,Ölkə üzrə cəmi,2022,803.3
004_6.xls,4.6  Ölkə daxilində səyahət etmək üçün Azərbaycan vətəndaşlarına satılmış  turiz,Ölkə üzrə cəmi,2023,2098.0
004_6.xls,4.6  Ölkə daxilində səyahət etmək üçün Azərbaycan vətəndaşlarına satılmış  turiz,Ölkə üzrə cəmi,2024,2404.7
004_6.xls,4.6  Ölkə daxilində səyahət etmək üçün Azərbaycan vətəndaşlarına satılmış  turiz,Bakı şəhəri,2006,1762.0
004_6.xls,4.6  Ölkə daxilində səyahət etmək üçün Azərbaycan vətəndaşlarına satılmış  turiz,Bakı şəhəri,2007,1774.0
004_6.xls,4.6  Ölkə daxilində səyahət etmək üçün Azərbaycan vətəndaşlarına satılmış  turiz,Bakı şəhəri,2008,949.2
004_6.xls,4.6  Ölkə daxilində səyahət etmək üçün Azərbaycan vətəndaşlarına satılmış  turiz,Bakı şəhəri,2009,1034.7
004_6.xls,4.6  Ölkə daxilində səyahət etmək üçün Azərbaycan vətəndaşlarına satılmış  turiz,Bakı şəhəri,2010,1133.6
004_6.xls,4.6  Ölkə daxilində səyahət etmək üçün Azərbaycan vətəndaşlarına satılmış  turiz,Bakı şəhəri,2011,1205.9
004_6.xls,4.6  Ölkə daxilində səyahət etmək üçün Azərbaycan vətəndaşlarına satılmış  turiz,Bakı şəhəri,2012,2438.2
004_6.xls,4.6  Ölkə daxilində səyahət etmək üçün Azərbaycan vətəndaşlarına satılmış  turiz,Bakı şəhəri,2013,2003.7
004_6.xls,4.6  Ölkə daxilində səyahət etmək üçün Azərbaycan vətəndaşlarına satılmış  turiz,Bakı şəhəri,2014,1964.7
004_6.xls,4.6  Ölkə daxilində səyahət etmək üçün Azərbaycan vətəndaşlarına satılmış  turiz,Bakı şəhəri,2015,3236.2
004_6.xls,4.6  Ölkə daxilində səyahət etmək üçün Azərbaycan vətəndaşlarına satılmış  turiz,Bakı şəhəri,2016,3229.9
004_6.xls,4.6  Ölkə daxilində səyahət etmək üçün Azərbaycan vətəndaşlarına satılmış  turiz,Bakı şəhəri,2017,4519.5
004_6.xls,4.6  Ölkə daxilində səyahət etmək üçün Azərbaycan vətəndaşlarına satılmış  turiz,Bakı şəhəri,2018,5189.4
004_6.xls,4.6  Ölkə daxilində səyahət etmək üçün Azərbaycan vətəndaşlarına satılmış  turiz,Bakı şəhəri,2019,6971.5
004_6.xls,4.6  Ölkə daxilində səyahət etmək üçün Azərbaycan vətəndaşlarına satılmış  turiz,Bakı şəhəri,2020,9.1
004_6.xls,4.6  Ölkə daxilində səyahət etmək üçün Azərbaycan vətəndaşlarına satılmış  turiz,Bakı şəhəri,2021,351.4
004_6.xls,4.6  Ölkə daxilində səyahət etmək üçün Azərbaycan vətəndaşlarına satılmış  turiz,Bakı şəhəri,2022,668.0
004_6.xls,4.6  Ölkə daxilində səyahət etmək üçün Azərbaycan vətəndaşlarına satılmış  turiz,Bakı şəhəri,2023,1958.6
004_6.xls,4.6  Ölkə daxilində səyahət etmək üçün Azərbaycan vətəndaşlarına satılmış  turiz,Bakı şəhəri,2024,2148.7
004_6.xls,4.6  Ölkə daxilində səyahət etmək üçün Azərbaycan vətəndaşlarına satılmış  turiz,Binəqədi rayonu,2017,73.5
004_6.xls,4.6  Ölkə daxilində səyahət etmək üçün Azərbaycan vətəndaşlarına satılmış  turiz,Binəqədi rayonu,2019,0.2
004_6.xls,4.6  Ölkə daxilində səyahət etmək üçün Azərbaycan vətəndaşlarına satılmış  turiz,Binəqədi rayonu,2021,49.1
004_6.xls,4.6  Ölkə daxilində səyahət etmək üçün Azərbaycan vətəndaşlarına satılmış  turiz,Xətai rayonu,2010,2.2
004_6.xls,4.6  Ölkə daxilində səyahət etmək üçün Azərbaycan vətəndaşlarına satılmış  turiz,Xətai rayonu,2017,140.3
004_6.xls,4.6  Ölkə daxilində səyahət etmək üçün Azərbaycan vətəndaşlarına satılmış  turiz,Xətai rayonu,2021,1.0
004_6.xls,4.6  Ölkə daxilində səyahət etmək üçün Azərbaycan vətəndaşlarına satılmış  turiz,Xətai rayonu,2023,33.0
004_6.xls,4.6  Ölkə daxilində səyahət etmək üçün Azərbaycan vətəndaşlarına satılmış  turiz,Xətai rayonu,2024,122.3
004_6.xls,4.6  Ölkə daxilində səyahət etmək üçün Azərbaycan vətəndaşlarına satılmış  turiz,Qaradağ rayonu,2018,1.4
004_6.xls,4.6  Ölkə daxilində səyahət etmək üçün Azərbaycan vətəndaşlarına satılmış  turiz,Qaradağ rayonu,2024,8.6
004_6.xls,4.6  Ölkə daxilində səyahət etmək üçün Azərbaycan vətəndaşlarına satılmış  turiz,Xəzər,2024,7.9
004_6.xls,4.6  Ölkə daxilində səyahət etmək üçün Azərbaycan vətəndaşlarına satılmış  turiz,Nərimanov rayonu,2006,344.8
004_6.xls,4.6  Ölkə daxilində səyahət etmək üçün Azərbaycan vətəndaşlarına satılmış  turiz,Nərimanov rayonu,2007,309.2
004_6.xls,4.6  Ölkə daxilində səyahət etmək üçün Azərbaycan vətəndaşlarına satılmış  turiz,Nərimanov rayonu,2008,324.9
004_6.xls,4.6  Ölkə daxilində səyahət etmək üçün Azərbaycan vətəndaşlarına satılmış  turiz,Nərimanov rayonu,2009,469.9
004_6.xls,4.6  Ölkə daxilində səyahət etmək üçün Azərbaycan vətəndaşlarına satılmış  turiz,Nərimanov rayonu,2010,53.0
004_6.xls,4.6  Ölkə daxilində səyahət etmək üçün Azərbaycan vətəndaşlarına satılmış  turiz,Nərimanov rayonu,2011,30.0
004_6.xls,4.6  Ölkə daxilində səyahət etmək üçün Azərbaycan vətəndaşlarına satılmış  turiz,Nərimanov rayonu,2012,9.5
004_6.xls,4.6  Ölkə daxilində səyahət etmək üçün Azərbaycan vətəndaşlarına satılmış  turiz,Nərimanov rayonu,2014,6.9
004_6.xls,4.6  Ölkə daxilində səyahət etmək üçün Azərbaycan vətəndaşlarına satılmış  turiz,Nərimanov rayonu,2015,311.4
004_6.xls,4.6  Ölkə daxilində səyahət etmək üçün Azərbaycan vətəndaşlarına satılmış  turiz,Nərimanov rayonu,2016,5.0
004_6.xls,4.6  Ölkə daxilində səyahət etmək üçün Azərbaycan vətəndaşlarına satılmış  turiz,Nərimanov rayonu,2017,109.7
004_6.xls,4.6  Ölkə daxilində səyahət etmək üçün Azərbaycan vətəndaşlarına satılmış  turiz,Nərimanov rayonu,2018,20.5
004_6.xls,4.6  Ölkə daxilində səyahət etmək üçün Azərbaycan vətəndaşlarına satılmış  turiz,Nərimanov rayonu,2019,59.8
004_6.xls,4.6  Ölkə daxilində səyahət etmək üçün Azərbaycan vətəndaşlarına satılmış  turiz,Nərimanov rayonu,2020,8.8
004_6.xls,4.6  Ölkə daxilində səyahət etmək üçün Azərbaycan vətəndaşlarına satılmış  turiz,Nərimanov rayonu,2022,80.9
004_6.xls,4.6  Ölkə daxilində səyahət etmək üçün Azərbaycan vətəndaşlarına satılmış  turiz,Nərimanov rayonu,2023,21.2
004_6.xls,4.6  Ölkə daxilində səyahət etmək üçün Azərbaycan vətəndaşlarına satılmış  turiz,Nərimanov rayonu,2024,57.2
004_6.xls,4.6  Ölkə daxilində səyahət etmək üçün Azərbaycan vətəndaşlarına satılmış  turiz,Nəsimi rayonu,2006,448.5
004_6.xls,4.6  Ölkə daxilində səyahət etmək üçün Azərbaycan vətəndaşlarına satılmış  turiz,Nəsimi rayonu,2007,432.5
004_6.xls,4.6  Ölkə daxilində səyahət etmək üçün Azərbaycan vətəndaşlarına satılmış  turiz,Nəsimi rayonu,2008,142.8
004_6.xls,4.6  Ölkə daxilində səyahət etmək üçün Azərbaycan vətəndaşlarına satılmış  turiz,Nəsimi rayonu,2009,64.0
004_6.xls,4.6  Ölkə daxilində səyahət etmək üçün Azərbaycan vətəndaşlarına satılmış  turiz,Nəsimi rayonu,2010,37.4
004_6.xls,4.6  Ölkə daxilində səyahət etmək üçün Azərbaycan vətəndaşlarına satılmış  turiz,Nəsimi rayonu,2011,44.2
004_6.xls,4.6  Ölkə daxilində səyahət etmək üçün Azərbaycan vətəndaşlarına satılmış  turiz,Nəsimi rayonu,2012,36.4
004_6.xls,4.6  Ölkə daxilində səyahət etmək üçün Azərbaycan vətəndaşlarına satılmış  turiz,Nəsimi rayonu,2013,60.1
004_6.xls,4.6  Ölkə daxilində səyahət etmək üçün Azərbaycan vətəndaşlarına satılmış  turiz,Nəsimi rayonu,2014,40.9
004_6.xls,4.6  Ölkə daxilində səyahət etmək üçün Azərbaycan vətəndaşlarına satılmış  turiz,Nəsimi rayonu,2015,51.1
004_6.xls,4.6  Ölkə daxilində səyahət etmək üçün Azərbaycan vətəndaşlarına satılmış  turiz,Nəsimi rayonu,2016,89.0
004_6.xls,4.6  Ölkə daxilində səyahət etmək üçün Azərbaycan vətəndaşlarına satılmış  turiz,Nəsimi rayonu,2018,2604.9
004_6.xls,4.6  Ölkə daxilində səyahət etmək üçün Azərbaycan vətəndaşlarına satılmış  turiz,Nəsimi rayonu,2019,719.3
004_6.xls,4.6  Ölkə daxilində səyahət etmək üçün Azərbaycan vətəndaşlarına satılmış  turiz,Nəsimi rayonu,2022,150.6
004_6.xls,4.6  Ölkə daxilində səyahət etmək üçün Azərbaycan vətəndaşlarına satılmış  turiz,Nəsimi rayonu,2023,388.5
004_6.xls,4.6  Ölkə daxilində səyahət etmək üçün Azərbaycan vətəndaşlarına satılmış  turiz,Nəsimi rayonu,2024,1180.9
004_6.xls,4.6  Ölkə daxilində səyahət etmək üçün Azərbaycan vətəndaşlarına satılmış  turiz,Nizami rayonu,2006,98.9
004_6.xls,4.6  Ölkə daxilində səyahət etmək üçün Azərbaycan vətəndaşlarına satılmış  turiz,Nizami rayonu,2007,615.4
004_6.xls,4.6  Ölkə daxilində səyahət etmək üçün Azərbaycan vətəndaşlarına satılmış  turiz,Nizami rayonu,2008,165.0
004_6.xls,4.6  Ölkə daxilində səyahət etmək üçün Azərbaycan vətəndaşlarına satılmış  turiz,Nizami rayonu,2009,27.4
004_6.xls,4.6  Ölkə daxilində səyahət etmək üçün Azərbaycan vətəndaşlarına satılmış  turiz,Nizami rayonu,2010,18.0
004_6.xls,4.6  Ölkə daxilində səyahət etmək üçün Azərbaycan vətəndaşlarına satılmış  turiz,Nizami rayonu,2011,46.5
004_6.xls,4.6  Ölkə daxilində səyahət etmək üçün Azərbaycan vətəndaşlarına satılmış  turiz,Nizami rayonu,2012,788.4
004_6.xls,4.6  Ölkə daxilində səyahət etmək üçün Azərbaycan vətəndaşlarına satılmış  turiz,Nizami rayonu,2013,89.6
004_6.xls,4.6  Ölkə daxilində səyahət etmək üçün Azərbaycan vətəndaşlarına satılmış  turiz,Nizami rayonu,2014,265.0
004_6.xls,4.6  Ölkə daxilində səyahət etmək üçün Azərbaycan vətəndaşlarına satılmış  turiz,Nizami rayonu,2016,204.0
004_6.xls,4.6  Ölkə daxilində səyahət etmək üçün Azərbaycan vətəndaşlarına satılmış  turiz,Nizami rayonu,2019,237.3
004_6.xls,4.6  Ölkə daxilində səyahət etmək üçün Azərbaycan vətəndaşlarına satılmış  turiz,Nizami rayonu,2021,65.0
004_6.xls,4.6  Ölkə daxilində səyahət etmək üçün Azərbaycan vətəndaşlarına satılmış  turiz,Nizami rayonu,2022,78.2
004_6.xls,4.6  Ölkə daxilində səyahət etmək üçün Azərbaycan vətəndaşlarına satılmış  turiz,Nizami rayonu,2023,90.5
004_6.xls,4.6  Ölkə daxilində səyahət etmək üçün Azərbaycan vətəndaşlarına satılmış  turiz,Nizami rayonu,2024,141.1
004_6.xls,4.6  Ölkə daxilində səyahət etmək üçün Azərbaycan vətəndaşlarına satılmış  turiz,Sabunçu rayonu,2007,52.1
004_6.xls,4.6  Ölkə daxilində səyahət etmək üçün Azərbaycan vətəndaşlarına satılmış  turiz,Sabunçu rayonu,2012,1.6
004_6.xls,4.6  Ölkə daxilində səyahət etmək üçün Azərbaycan vətəndaşlarına satılmış  turiz,Sabunçu rayonu,2013,1.6
004_6.xls,4.6  Ölkə daxilində səyahət etmək üçün Azərbaycan vətəndaşlarına satılmış  turiz,Sabunçu rayonu,2017,12.3
004_6.xls,4.6  Ölkə daxilində səyahət etmək üçün Azərbaycan vətəndaşlarına satılmış  turiz,Sabunçu rayonu,2018,1.2
004_6.xls,4.6  Ölkə daxilində səyahət etmək üçün Azərbaycan vətəndaşlarına satılmış  turiz,Sabunçu rayonu,2019,1.2
004_6.xls,4.6  Ölkə daxilində səyahət etmək üçün Azərbaycan vətəndaşlarına satılmış  turiz,Sabunçu rayonu,2022,77.2
004_6.xls,4.6  Ölkə daxilində səyahət etmək üçün Azərbaycan vətəndaşlarına satılmış  turiz,Sabunçu rayonu,2023,20.3
004_6.xls,4.6  Ölkə daxilində səyahət etmək üçün Azərbaycan vətəndaşlarına satılmış  turiz,Səbail rayonu,2006,591.7
004_6.xls,4.6  Ölkə daxilində səyahət etmək üçün Azərbaycan vətəndaşlarına satılmış  turiz,Səbail rayonu,2007,351.2
004_6.xls,4.6  Ölkə daxilində səyahət etmək üçün Azərbaycan vətəndaşlarına satılmış  turiz,Səbail rayonu,2008,292.4
004_6.xls,4.6  Ölkə daxilində səyahət etmək üçün Azərbaycan vətəndaşlarına satılmış  turiz,Səbail rayonu,2009,473.4
004_6.xls,4.6  Ölkə daxilində səyahət etmək üçün Azərbaycan vətəndaşlarına satılmış  turiz,Səbail rayonu,2010,661.7
004_6.xls,4.6  Ölkə daxilində səyahət etmək üçün Azərbaycan vətəndaşlarına satılmış  turiz,Səbail rayonu,2011,694.3
004_6.xls,4.6  Ölkə daxilində səyahət etmək üçün Azərbaycan vətəndaşlarına satılmış  turiz,Səbail rayonu,2012,1398.9
004_6.xls,4.6  Ölkə daxilində səyahət etmək üçün Azərbaycan vətəndaşlarına satılmış  turiz,Səbail rayonu,2013,1639.7
004_6.xls,4.6  Ölkə daxilində səyahət etmək üçün Azərbaycan vətəndaşlarına satılmış  turiz,Səbail rayonu,2014,1358.7
004_6.xls,4.6  Ölkə daxilində səyahət etmək üçün Azərbaycan vətəndaşlarına satılmış  turiz,Səbail rayonu,2015,2749.7
004_6.xls,4.6  Ölkə daxilində səyahət etmək üçün Azərbaycan vətəndaşlarına satılmış  turiz,Səbail rayonu,2016,2837.1
004_6.xls,4.6  Ölkə daxilində səyahət etmək üçün Azərbaycan vətəndaşlarına satılmış  turiz,Səbail rayonu,2017,2870.9
004_6.xls,4.6  Ölkə daxilində səyahət etmək üçün Azərbaycan vətəndaşlarına satılmış  turiz,Səbail rayonu,2018,2493.5
004_6.xls,4.6  Ölkə daxilində səyahət etmək üçün Azərbaycan vətəndaşlarına satılmış  turiz,Səbail rayonu,2019,5953.7
004_6.xls,4.6  Ölkə daxilində səyahət etmək üçün Azərbaycan vətəndaşlarına satılmış  turiz,Səbail rayonu,2020,0.3
004_6.xls,4.6  Ölkə daxilində səyahət etmək üçün Azərbaycan vətəndaşlarına satılmış  turiz,Səbail rayonu,2021,236.3
004_6.xls,4.6  Ölkə daxilində səyahət etmək üçün Azərbaycan vətəndaşlarına satılmış  turiz,Səbail rayonu,2022,280.5
004_6.xls,4.6  Ölkə daxilində səyahət etmək üçün Azərbaycan vətəndaşlarına satılmış  turiz,Səbail rayonu,2023,1405.1
004_6.xls,4.6  Ölkə daxilində səyahət etmək üçün Azərbaycan vətəndaşlarına satılmış  turiz,Səbail rayonu,2024,75.4
004_6.xls,4.6  Ölkə daxilində səyahət etmək üçün Azərbaycan vətəndaşlarına satılmış  turiz,Suraxanı rayonu,2007,0.4
004_6.xls,4.6  Ölkə daxilində səyahət etmək üçün Azərbaycan vətəndaşlarına satılmış  turiz,Suraxanı rayonu,2024,1.5
004_6.xls,4.6  Ölkə daxilində səyahət etmək üçün Azərbaycan vətəndaşlarına satılmış  turiz,Yasamal rayonu,2006,278.1
004_6.xls,4.6  Ölkə daxilində səyahət etmək üçün Azərbaycan vətəndaşlarına satılmış  turiz,Yasamal rayonu,2007,13.2
004_6.xls,4.6  Ölkə daxilində səyahət etmək üçün Azərbaycan vətəndaşlarına satılmış  turiz,Yasamal rayonu,2008,24.1
004_6.xls,4.6  Ölkə daxilində səyahət etmək üçün Azərbaycan vətəndaşlarına satılmış  turiz,Yasamal rayonu,2010,361.4
004_6.xls,4.6  Ölkə daxilində səyahət etmək üçün Azərbaycan vətəndaşlarına satılmış  turiz,Yasamal rayonu,2011,511.6
004_6.xls,4.6  Ölkə daxilində səyahət etmək üçün Azərbaycan vətəndaşlarına satılmış  turiz,Yasamal rayonu,2012,203.4
004_6.xls,4.6  Ölkə daxilində səyahət etmək üçün Azərbaycan vətəndaşlarına satılmış  turiz,Yasamal rayonu,2013,212.7
004_6.xls,4.6  Ölkə daxilində səyahət etmək üçün Azərbaycan vətəndaşlarına satılmış  turiz,Yasamal rayonu,2014,293.2
004_6.xls,4.6  Ölkə daxilində səyahət etmək üçün Azərbaycan vətəndaşlarına satılmış  turiz,Yasamal rayonu,2015,124.0
004_6.xls,4.6  Ölkə daxilində səyahət etmək üçün Azərbaycan vətəndaşlarına satılmış  turiz,Yasamal rayonu,2016,94.8
004_6.xls,4.6  Ölkə daxilində səyahət etmək üçün Azərbaycan vətəndaşlarına satılmış  turiz,Yasamal rayonu,2017,1312.8
004_6.xls,4.6  Ölkə daxilində səyahət etmək üçün Azərbaycan vətəndaşlarına satılmış  turiz,Yasamal rayonu,2018,67.9
004_6.xls,4.6  Ölkə daxilində səyahət etmək üçün Azərbaycan vətəndaşlarına satılmış  turiz,Yasamal rayonu,2022,0.6
004_6.xls,4.6  Ölkə daxilində səyahət etmək üçün Azərbaycan vətəndaşlarına satılmış  turiz,Yasamal rayonu,2024,553.8
004_6.xls,4.6  Ölkə daxilində səyahət etmək üçün Azərbaycan vətəndaşlarına satılmış  turiz,Abşeron-Xızı iqtisadi rayonu,2006,56.4
004_6.xls,4.6  Ölkə daxilində səyahət etmək üçün Azərbaycan vətəndaşlarına satılmış  turiz,Abşeron-Xızı iqtisadi rayonu,2007,78.2
004_6.xls,4.6  Ölkə daxilində səyahət etmək üçün Azərbaycan vətəndaşlarına satılmış  turiz,Abşeron-Xızı iqtisadi rayonu,2008,56.0
004_6.xls,4.6  Ölkə daxilində səyahət etmək üçün Azərbaycan vətəndaşlarına satılmış  turiz,Abşeron-Xızı iqtisadi rayonu,2009,31.6
004_6.xls,4.6  Ölkə daxilində səyahət etmək üçün Azərbaycan vətəndaşlarına satılmış  turiz,Abşeron-Xızı iqtisadi rayonu,2010,78.4
004_6.xls,4.6  Ölkə daxilində səyahət etmək üçün Azərbaycan vətəndaşlarına satılmış  turiz,Abşeron-Xızı iqtisadi rayonu,2011,76.9
004_6.xls,4.6  Ölkə daxilində səyahət etmək üçün Azərbaycan vətəndaşlarına satılmış  turiz,Abşeron-Xızı iqtisadi rayonu,2012,101.6
004_6.xls,4.6  Ölkə daxilində səyahət etmək üçün Azərbaycan vətəndaşlarına satılmış  turiz,Abşeron-Xızı iqtisadi rayonu,2013,78.2
004_6.xls,4.6  Ölkə daxilində səyahət etmək üçün Azərbaycan vətəndaşlarına satılmış  turiz,Abşeron-Xızı iqtisadi rayonu,2014,92.8
004_6.xls,4.6  Ölkə daxilində səyahət etmək üçün Azərbaycan vətəndaşlarına satılmış  turiz,Abşeron-Xızı iqtisadi rayonu,2015,60.8
004_6.xls,4.6  Ölkə daxilində səyahət etmək üçün Azərbaycan vətəndaşlarına satılmış  turiz,Abşeron-Xızı iqtisadi rayonu,2016,10.7
004_6.xls,4.6  Ölkə daxilində səyahət etmək üçün Azərbaycan vətəndaşlarına satılmış  turiz,Abşeron-Xızı iqtisadi rayonu,2017,95.8
004_6.xls,4.6  Ölkə daxilində səyahət etmək üçün Azərbaycan vətəndaşlarına satılmış  turiz,Abşeron-Xızı iqtisadi rayonu,2019,61.6
004_6.xls,4.6  Ölkə daxilində səyahət etmək üçün Azərbaycan vətəndaşlarına satılmış  turiz,Abşeron-Xızı iqtisadi rayonu,2021,41.2
004_6.xls,4.6  Ölkə daxilində səyahət etmək üçün Azərbaycan vətəndaşlarına satılmış  turiz,Abşeron-Xızı iqtisadi rayonu,2022,18.5
004_6.xls,4.6  Ölkə daxilində səyahət etmək üçün Azərbaycan vətəndaşlarına satılmış  turiz,Abşeron-Xızı iqtisadi rayonu,2023,45.4
004_6.xls,4.6  Ölkə daxilində səyahət etmək üçün Azərbaycan vətəndaşlarına satılmış  turiz,Abşeron-Xızı iqtisadi rayonu,2024,81.1
004_6.xls,4.6  Ölkə daxilində səyahət etmək üçün Azərbaycan vətəndaşlarına satılmış  turiz,Sumqayıt şəhəri,2006,56.4
004_6.xls,4.6  Ölkə daxilində səyahət etmək üçün Azərbaycan vətəndaşlarına satılmış  turiz,Sumqayıt şəhəri,2007,78.2
004_6.xls,4.6  Ölkə daxilində səyahət etmək üçün Azərbaycan vətəndaşlarına satılmış  turiz,Sumqayıt şəhəri,2008,56.0
004_6.xls,4.6  Ölkə daxilində səyahət etmək üçün Azərbaycan vətəndaşlarına satılmış  turiz,Sumqayıt şəhəri,2009,31.6
004_6.xls,4.6  Ölkə daxilində səyahət etmək üçün Azərbaycan vətəndaşlarına satılmış  turiz,Sumqayıt şəhəri,2010,78.4
004_6.xls,4.6  Ölkə daxilində səyahət etmək üçün Azərbaycan vətəndaşlarına satılmış  turiz,Sumqayıt şəhəri,2011,76.9
004_6.xls,4.6  Ölkə daxilində səyahət etmək üçün Azərbaycan vətəndaşlarına satılmış  turiz,Sumqayıt şəhəri,2012,101.6
004_6.xls,4.6  Ölkə daxilində səyahət etmək üçün Azərbaycan vətəndaşlarına satılmış  turiz,Sumqayıt şəhəri,2013,78.2
004_6.xls,4.6  Ölkə daxilində səyahət etmək üçün Azərbaycan vətəndaşlarına satılmış  turiz,Sumqayıt şəhəri,2014,92.8
004_6.xls,4.6  Ölkə daxilində səyahət etmək üçün Azərbaycan vətəndaşlarına satılmış  turiz,Sumqayıt şəhəri,2015,60.8
004_6.xls,4.6  Ölkə daxilində səyahət etmək üçün Azərbaycan vətəndaşlarına satılmış  turiz,Sumqayıt şəhəri,2016,10.7
004_6.xls,4.6  Ölkə daxilində səyahət etmək üçün Azərbaycan vətəndaşlarına satılmış  turiz,Sumqayıt şəhəri,2017,95.8
004_6.xls,4.6  Ölkə daxilində səyahət etmək üçün Azərbaycan vətəndaşlarına satılmış  turiz,Sumqayıt şəhəri,2021,41.2
004_6.xls,4.6  Ölkə daxilində səyahət etmək üçün Azərbaycan vətəndaşlarına satılmış  turiz,Sumqayıt şəhəri,2022,18.5
004_6.xls,4.6  Ölkə daxilində səyahət etmək üçün Azərbaycan vətəndaşlarına satılmış  turiz,Sumqayıt şəhəri,2023,43.0
004_6.xls,4.6  Ölkə daxilində səyahət etmək üçün Azərbaycan vətəndaşlarına satılmış  turiz,Sumqayıt şəhəri,2024,59.4
004_6.xls,4.6  Ölkə daxilində səyahət etmək üçün Azərbaycan vətəndaşlarına satılmış  turiz,Abşeron rayonu,2023,2.4
004_6.xls,4.6  Ölkə daxilində səyahət etmək üçün Azərbaycan vətəndaşlarına satılmış  turiz,Abşeron rayonu,2024,21.7
004_6.xls,4.6  Ölkə daxilində səyahət etmək üçün Azərbaycan vətəndaşlarına satılmış  turiz,Gəncə-Daşkəsən iqtisadi rayonu,2017,192.8
004_6.xls,4.6  Ölkə daxilində səyahət etmək üçün Azərbaycan vətəndaşlarına satılmış  turiz,Gəncə-Daşkəsən iqtisadi rayonu,2021,58.8
004_6.xls,4.6  Ölkə daxilində səyahət etmək üçün Azərbaycan vətəndaşlarına satılmış  turiz,Gəncə-Daşkəsən iqtisadi rayonu,2022,83.1
004_6.xls,4.6  Ölkə daxilində səyahət etmək üçün Azərbaycan vətəndaşlarına satılmış  turiz,Gəncə-Daşkəsən iqtisadi rayonu,2023,64.9
004_6.xls,4.6  Ölkə daxilində səyahət etmək üçün Azərbaycan vətəndaşlarına satılmış  turiz,Gəncə-Daşkəsən iqtisadi rayonu,2024,90.8
004_6.xls,4.6  Ölkə daxilində səyahət etmək üçün Azərbaycan vətəndaşlarına satılmış  turiz,Gəncə şəhəri,2017,192.8
004_6.xls,4.6  Ölkə daxilində səyahət etmək üçün Azərbaycan vətəndaşlarına satılmış  turiz,Gəncə şəhəri,2021,4.1
004_6.xls,4.6  Ölkə daxilində səyahət etmək üçün Azərbaycan vətəndaşlarına satılmış  turiz,Naftalan şəhəri,2021,54.7
004_6.xls,4.6  Ölkə daxilində səyahət etmək üçün Azərbaycan vətəndaşlarına satılmış  turiz,Naftalan şəhəri,2022,83.1
004_6.xls,4.6  Ölkə daxilində səyahət etmək üçün Azərbaycan vətəndaşlarına satılmış  turiz,Naftalan şəhəri,2023,64.9
004_6.xls,4.6  Ölkə daxilində səyahət etmək üçün Azərbaycan vətəndaşlarına satılmış  turiz,Naftalan şəhəri,2024,90.8
004_6.xls,4.6  Ölkə daxilində səyahət etmək üçün Azərbaycan vətəndaşlarına satılmış  turiz,Qazax-Tovuz iqtisadi rayonu,2018,8.0
004_6.xls,4.6  Ölkə daxilində səyahət etmək üçün Azərbaycan vətəndaşlarına satılmış  turiz,Qazax-Tovuz iqtisadi rayonu,2022,15.4
004_6.xls,4.6  Ölkə daxilində səyahət etmək üçün Azərbaycan vətəndaşlarına satılmış  turiz,Qazax-Tovuz iqtisadi rayonu,2023,26.6
004_6.xls,4.6  Ölkə daxilində səyahət etmək üçün Azərbaycan vətəndaşlarına satılmış  turiz,Qazax-Tovuz iqtisadi rayonu,2024,39.3
004_6.xls,4.6  Ölkə daxilində səyahət etmək üçün Azərbaycan vətəndaşlarına satılmış  turiz,Tovuz rayonu,2018,8.0
004_6.xls,4.6  Ölkə daxilində səyahət etmək üçün Azərbaycan vətəndaşlarına satılmış  turiz,Tovuz rayonu,2022,15.4
004_6.xls,4.6  Ölkə daxilində səyahət etmək üçün Azərbaycan vətəndaşlarına satılmış  turiz,Tovuz rayonu,2023,26.6
004_6.xls,4.6  Ölkə daxilində səyahət etmək üçün Azərbaycan vətəndaşlarına satılmış  turiz,Tovuz rayonu,2024,39.3
004_6.xls,4.6  Ölkə daxilində səyahət etmək üçün Azərbaycan vətəndaşlarına satılmış  turiz,Quba-Xaçmaz iqtisadi rayonu,2006,452.5
004_6.xls,4.6  Ölkə daxilində səyahət etmək üçün Azərbaycan vətəndaşlarına satılmış  turiz,Quba-Xaçmaz iqtisadi rayonu,2007,85.9
004_6.xls,4.6  Ölkə daxilində səyahət etmək üçün Azərbaycan vətəndaşlarına satılmış  turiz,Quba-Xaçmaz iqtisadi rayonu,2008,85.9
004_6.xls,4.6  Ölkə daxilində səyahət etmək üçün Azərbaycan vətəndaşlarına satılmış  turiz,Quba-Xaçmaz iqtisadi rayonu,2009,211.8
004_6.xls,4.6  Ölkə daxilində səyahət etmək üçün Azərbaycan vətəndaşlarına satılmış  turiz,Xaçmaz rayonu,2006,452.5
004_6.xls,4.6  Ölkə daxilində səyahət etmək üçün Azərbaycan vətəndaşlarına satılmış  turiz,Xaçmaz rayonu,2007,85.9
004_6.xls,4.6  Ölkə daxilində səyahət etmək üçün Azərbaycan vətəndaşlarına satılmış  turiz,Xaçmaz rayonu,2008,85.9
004_6.xls,4.6  Ölkə daxilində səyahət etmək üçün Azərbaycan vətəndaşlarına satılmış  turiz,Xaçmaz rayonu,2009,211.8
004_6.xls,4.6  Ölkə daxilində səyahət etmək üçün Azərbaycan vətəndaşlarına satılmış  turiz,Lənkəran-Astara iqtisadi rayonu,2022,8.0
004_6.xls,4.6  Ölkə daxilində səyahət etmək üçün Azərbaycan vətəndaşlarına satılmış  turiz,Lənkəran-Astara iqtisadi rayonu,2023,0.6
004_6.xls,4.6  Ölkə daxilində səyahət etmək üçün Azərbaycan vətəndaşlarına satılmış  turiz,Lənkəran rayonu,2022,8.0
004_6.xls,4.6  Ölkə daxilində səyahət etmək üçün Azərbaycan vətəndaşlarına satılmış  turiz,Masallı rayonu,2023,0.6
004_6.xls,4.6  Ölkə daxilində səyahət etmək üçün Azərbaycan vətəndaşlarına satılmış  turiz,Mərkəzi Aran iqtisadi rayonu,2007,7.8
004_6.xls,4.6  Ölkə daxilində səyahət etmək üçün Azərbaycan vətəndaşlarına satılmış  turiz,Mərkəzi Aran iqtisadi rayonu,2008,8.5
004_6.xls,4.6  Ölkə daxilində səyahət etmək üçün Azərbaycan vətəndaşlarına satılmış  turiz,Mərkəzi Aran iqtisadi rayonu,2009,13.7
004_6.xls,4.6  Ölkə daxilində səyahət etmək üçün Azərbaycan vətəndaşlarına satılmış  turiz,Mərkəzi Aran iqtisadi rayonu,2010,7.0
004_6.xls,4.6  Ölkə daxilində səyahət etmək üçün Azərbaycan vətəndaşlarına satılmış  turiz,Mərkəzi Aran iqtisadi rayonu,2011,1.3
004_6.xls,4.6  Ölkə daxilində səyahət etmək üçün Azərbaycan vətəndaşlarına satılmış  turiz,Mərkəzi Aran iqtisadi rayonu,2012,5.0
004_6.xls,4.6  Ölkə daxilində səyahət etmək üçün Azərbaycan vətəndaşlarına satılmış  turiz,Mərkəzi Aran iqtisadi rayonu,2013,27.6
004_6.xls,4.6  Ölkə daxilində səyahət etmək üçün Azərbaycan vətəndaşlarına satılmış  turiz,Mərkəzi Aran iqtisadi rayonu,2014,42.8
004_6.xls,4.6  Ölkə daxilində səyahət etmək üçün Azərbaycan vətəndaşlarına satılmış  turiz,Mərkəzi Aran iqtisadi rayonu,2015,60.2
004_6.xls,4.6  Ölkə daxilində səyahət etmək üçün Azərbaycan vətəndaşlarına satılmış  turiz,Mərkəzi Aran iqtisadi rayonu,2019,0.7
004_6.xls,4.6  Ölkə daxilində səyahət etmək üçün Azərbaycan vətəndaşlarına satılmış  turiz,Mərkəzi Aran iqtisadi rayonu,2021,15.6
004_6.xls,4.6  Ölkə daxilində səyahət etmək üçün Azərbaycan vətəndaşlarına satılmış  turiz,Mərkəzi Aran iqtisadi rayonu,2022,10.3
004_6.xls,4.6  Ölkə daxilində səyahət etmək üçün Azərbaycan vətəndaşlarına satılmış  turiz,Mərkəzi Aran iqtisadi rayonu,2023,1.9
004_6.xls,4.6  Ölkə daxilində səyahət etmək üçün Azərbaycan vətəndaşlarına satılmış  turiz,Mərkəzi Aran iqtisadi rayonu,2024,1.8
004_6.xls,4.6  Ölkə daxilində səyahət etmək üçün Azərbaycan vətəndaşlarına satılmış  turiz,Mingəçevir şəhəri,2007,7.8
004_6.xls,4.6  Ölkə daxilində səyahət etmək üçün Azərbaycan vətəndaşlarına satılmış  turiz,Mingəçevir şəhəri,2008,8.5
004_6.xls,4.6  Ölkə daxilində səyahət etmək üçün Azərbaycan vətəndaşlarına satılmış  turiz,Mingəçevir şəhəri,2009,13.7
004_6.xls,4.6  Ölkə daxilində səyahət etmək üçün Azərbaycan vətəndaşlarına satılmış  turiz,Mingəçevir şəhəri,2010,7.0
004_6.xls,4.6  Ölkə daxilində səyahət etmək üçün Azərbaycan vətəndaşlarına satılmış  turiz,Mingəçevir şəhəri,2011,1.3
004_6.xls,4.6  Ölkə daxilində səyahət etmək üçün Azərbaycan vətəndaşlarına satılmış  turiz,Mingəçevir şəhəri,2012,5.0
004_6.xls,4.6  Ölkə daxilində səyahət etmək üçün Azərbaycan vətəndaşlarına satılmış  turiz,Mingəçevir şəhəri,2013,6.3
004_6.xls,4.6  Ölkə daxilində səyahət etmək üçün Azərbaycan vətəndaşlarına satılmış  turiz,Mingəçevir şəhəri,2014,7.3
004_6.xls,4.6  Ölkə daxilində səyahət etmək üçün Azərbaycan vətəndaşlarına satılmış  turiz,Mingəçevir şəhəri,2015,8.7
004_6.xls,4.6  Ölkə daxilində səyahət etmək üçün Azərbaycan vətəndaşlarına satılmış  turiz,Mingəçevir şəhəri,2019,0.7
004_6.xls,4.6  Ölkə daxilində səyahət etmək üçün Azərbaycan vətəndaşlarına satılmış  turiz,Mingəçevir şəhəri,2023,1.9
004_6.xls,4.6  Ölkə daxilində səyahət etmək üçün Azərbaycan vətəndaşlarına satılmış  turiz,Mingəçevir şəhəri,2024,1.8
004_6.xls,4.6  Ölkə daxilində səyahət etmək üçün Azərbaycan vətəndaşlarına satılmış  turiz,Kürdəmir rayonu,2021,15.6
004_6.xls,4.6  Ölkə daxilində səyahət etmək üçün Azərbaycan vətəndaşlarına satılmış  turiz,Kürdəmir rayonu,2022,10.3
004_6.xls,4.6  Ölkə daxilində səyahət etmək üçün Azərbaycan vətəndaşlarına satılmış  turiz,Yevlax rayonu,2013,21.3
004_6.xls,4.6  Ölkə daxilində səyahət etmək üçün Azərbaycan vətəndaşlarına satılmış  turiz,Yevlax rayonu,2014,35.5
004_6.xls,4.6  Ölkə daxilində səyahət etmək üçün Azərbaycan vətəndaşlarına satılmış  turiz,Yevlax rayonu,2015,51.5
004_6.xls,4.6  Ölkə daxilində səyahət etmək üçün Azərbaycan vətəndaşlarına satılmış  turiz,Şəki-Zaqatala iqtisadi rayonu,2017,103.0
004_6.xls,4.6  Ölkə daxilində səyahət etmək üçün Azərbaycan vətəndaşlarına satılmış  turiz,Şəki-Zaqatala iqtisadi rayonu,2018,1062.0
004_6.xls,4.6  Ölkə daxilində səyahət etmək üçün Azərbaycan vətəndaşlarına satılmış  turiz,Şəki-Zaqatala iqtisadi rayonu,2019,0.5
004_6.xls,4.6  Ölkə daxilində səyahət etmək üçün Azərbaycan vətəndaşlarına satılmış  turiz,Şəki-Zaqatala iqtisadi rayonu,2024,5.0
004_6.xls,4.6  Ölkə daxilində səyahət etmək üçün Azərbaycan vətəndaşlarına satılmış  turiz,Qax rayonu,2019,0.5
004_6.xls,4.6  Ölkə daxilində səyahət etmək üçün Azərbaycan vətəndaşlarına satılmış  turiz,Qəbələ rayonu,2017,103.0
004_6.xls,4.6  Ölkə daxilində səyahət etmək üçün Azərbaycan vətəndaşlarına satılmış  turiz,Qəbələ rayonu,2018,1062.0
004_6.xls,4.6  Ölkə daxilində səyahət etmək üçün Azərbaycan vətəndaşlarına satılmış  turiz,Şəki rayonu,2024,5.0
004_6.xls,4.6  Ölkə daxilində səyahət etmək üçün Azərbaycan vətəndaşlarına satılmış  turiz,Şirvan-Salyan iqtisadi rayonu,2016,6.7
004_6.xls,4.6  Ölkə daxilində səyahət etmək üçün Azərbaycan vətəndaşlarına satılmış  turiz,Şirvan-Salyan iqtisadi rayonu,2017,11.0
004_6.xls,4.6  Ölkə daxilində səyahət etmək üçün Azərbaycan vətəndaşlarına satılmış  turiz,Şirvan-Salyan iqtisadi rayonu,2018,14.9
004_6.xls,4.6  Ölkə daxilində səyahət etmək üçün Azərbaycan vətəndaşlarına satılmış  turiz,Şirvan şəhəri,2016,6.7
004_6.xls,4.6  Ölkə daxilində səyahət etmək üçün Azərbaycan vətəndaşlarına satılmış  turiz,Şirvan şəhəri,2017,11.0
004_6.xls,4.6  Ölkə daxilində səyahət etmək üçün Azərbaycan vətəndaşlarına satılmış  turiz,Şirvan şəhəri,2018,14.9
004_7.xls,4.7  Xarici ölkələrə səyahət etmək üçün Azərbaycan vətəndaşlarına satılmış turiz,Ölkə üzrə cəmi,2006,5375.8
004_7.xls,4.7  Xarici ölkələrə səyahət etmək üçün Azərbaycan vətəndaşlarına satılmış turiz,Ölkə üzrə cəmi,2007,8152.6
004_7.xls,4.7  Xarici ölkələrə səyahət etmək üçün Azərbaycan vətəndaşlarına satılmış turiz,Ölkə üzrə cəmi,2008,8112.2
004_7.xls,4.7  Xarici ölkələrə səyahət etmək üçün Azərbaycan vətəndaşlarına satılmış turiz,Ölkə üzrə cəmi,2009,12039.8
004_7.xls,4.7  Xarici ölkələrə səyahət etmək üçün Azərbaycan vətəndaşlarına satılmış turiz,Ölkə üzrə cəmi,2010,19750.2
004_7.xls,4.7  Xarici ölkələrə səyahət etmək üçün Azərbaycan vətəndaşlarına satılmış turiz,Ölkə üzrə cəmi,2011,22583.4
004_7.xls,4.7  Xarici ölkələrə səyahət etmək üçün Azərbaycan vətəndaşlarına satılmış turiz,Ölkə üzrə cəmi,2012,33652.3
004_7.xls,4.7  Xarici ölkələrə səyahət etmək üçün Azərbaycan vətəndaşlarına satılmış turiz,Ölkə üzrə cəmi,2013,36991.0
004_7.xls,4.7  Xarici ölkələrə səyahət etmək üçün Azərbaycan vətəndaşlarına satılmış turiz,Ölkə üzrə cəmi,2014,39708.5
004_7.xls,4.7  Xarici ölkələrə səyahət etmək üçün Azərbaycan vətəndaşlarına satılmış turiz,Ölkə üzrə cəmi,2015,28622.7
004_7.xls,4.7  Xarici ölkələrə səyahət etmək üçün Azərbaycan vətəndaşlarına satılmış turiz,Ölkə üzrə cəmi,2016,23893.5
004_7.xls,4.7  Xarici ölkələrə səyahət etmək üçün Azərbaycan vətəndaşlarına satılmış turiz,Ölkə üzrə cəmi,2017,37718.9
004_7.xls,4.7  Xarici ölkələrə səyahət etmək üçün Azərbaycan vətəndaşlarına satılmış turiz,Ölkə üzrə cəmi,2018,47108.8
004_7.xls,4.7  Xarici ölkələrə səyahət etmək üçün Azərbaycan vətəndaşlarına satılmış turiz,Ölkə üzrə cəmi,2019,50771.4
004_7.xls,4.7  Xarici ölkələrə səyahət etmək üçün Azərbaycan vətəndaşlarına satılmış turiz,Ölkə üzrə cəmi,2020,4162.4
004_7.xls,4.7  Xarici ölkələrə səyahət etmək üçün Azərbaycan vətəndaşlarına satılmış turiz,Ölkə üzrə cəmi,2021,4639.1
004_7.xls,4.7  Xarici ölkələrə səyahət etmək üçün Azərbaycan vətəndaşlarına satılmış turiz,Ölkə üzrə cəmi,2022,11206.8
004_7.xls,4.7  Xarici ölkələrə səyahət etmək üçün Azərbaycan vətəndaşlarına satılmış turiz,Ölkə üzrə cəmi,2023,19889.8
004_7.xls,4.7  Xarici ölkələrə səyahət etmək üçün Azərbaycan vətəndaşlarına satılmış turiz,Ölkə üzrə cəmi,2024,117158.1
004_7.xls,4.7  Xarici ölkələrə səyahət etmək üçün Azərbaycan vətəndaşlarına satılmış turiz,Bakı şəhəri,2006,5364.7
004_7.xls,4.7  Xarici ölkələrə səyahət etmək üçün Azərbaycan vətəndaşlarına satılmış turiz,Bakı şəhəri,2007,8130.6
004_7.xls,4.7  Xarici ölkələrə səyahət etmək üçün Azərbaycan vətəndaşlarına satılmış turiz,Bakı şəhəri,2008,8080.1
004_7.xls,4.7  Xarici ölkələrə səyahət etmək üçün Azərbaycan vətəndaşlarına satılmış turiz,Bakı şəhəri,2009,12028.8
004_7.xls,4.7  Xarici ölkələrə səyahət etmək üçün Azərbaycan vətəndaşlarına satılmış turiz,Bakı şəhəri,2010,14549.3
004_7.xls,4.7  Xarici ölkələrə səyahət etmək üçün Azərbaycan vətəndaşlarına satılmış turiz,Bakı şəhəri,2011,17466.600000000002
004_7.xls,4.7  Xarici ölkələrə səyahət etmək üçün Azərbaycan vətəndaşlarına satılmış turiz,Bakı şəhəri,2012,28079.3
004_7.xls,4.7  Xarici ölkələrə səyahət etmək üçün Azərbaycan vətəndaşlarına satılmış turiz,Bakı şəhəri,2013,31189.9
004_7.xls,4.7  Xarici ölkələrə səyahət etmək üçün Azərbaycan vətəndaşlarına satılmış turiz,Bakı şəhəri,2014,33704.4
004_7.xls,4.7  Xarici ölkələrə səyahət etmək üçün Azərbaycan vətəndaşlarına satılmış turiz,Bakı şəhəri,2015,22571.8
004_7.xls,4.7  Xarici ölkələrə səyahət etmək üçün Azərbaycan vətəndaşlarına satılmış turiz,Bakı şəhəri,2016,17713.1
004_7.xls,4.7  Xarici ölkələrə səyahət etmək üçün Azərbaycan vətəndaşlarına satılmış turiz,Bakı şəhəri,2017,24539.9
004_7.xls,4.7  Xarici ölkələrə səyahət etmək üçün Azərbaycan vətəndaşlarına satılmış turiz,Bakı şəhəri,2018,37916.4
004_7.xls,4.7  Xarici ölkələrə səyahət etmək üçün Azərbaycan vətəndaşlarına satılmış turiz,Bakı şəhəri,2019,47491.3
004_7.xls,4.7  Xarici ölkələrə səyahət etmək üçün Azərbaycan vətəndaşlarına satılmış turiz,Bakı şəhəri,2020,3861.7
004_7.xls,4.7  Xarici ölkələrə səyahət etmək üçün Azərbaycan vətəndaşlarına satılmış turiz,Bakı şəhəri,2021,4557.9
004_7.xls,4.7  Xarici ölkələrə səyahət etmək üçün Azərbaycan vətəndaşlarına satılmış turiz,Bakı şəhəri,2022,10379.7
004_7.xls,4.7  Xarici ölkələrə səyahət etmək üçün Azərbaycan vətəndaşlarına satılmış turiz,Bakı şəhəri,2023,18727.8
004_7.xls,4.7  Xarici ölkələrə səyahət etmək üçün Azərbaycan vətəndaşlarına satılmış turiz,Bakı şəhəri,2024,115364.4
004_7.xls,4.7  Xarici ölkələrə səyahət etmək üçün Azərbaycan vətəndaşlarına satılmış turiz,Binəqədi rayonu,2006,8.5
004_7.xls,4.7  Xarici ölkələrə səyahət etmək üçün Azərbaycan vətəndaşlarına satılmış turiz,Binəqədi rayonu,2007,3.3
004_7.xls,4.7  Xarici ölkələrə səyahət etmək üçün Azərbaycan vətəndaşlarına satılmış turiz,Binəqədi rayonu,2009,62.0
004_7.xls,4.7  Xarici ölkələrə səyahət etmək üçün Azərbaycan vətəndaşlarına satılmış turiz,Binəqədi rayonu,2010,1098.7
004_7.xls,4.7  Xarici ölkələrə səyahət etmək üçün Azərbaycan vətəndaşlarına satılmış turiz,Binəqədi rayonu,2011,2018.4
004_7.xls,4.7  Xarici ölkələrə səyahət etmək üçün Azərbaycan vətəndaşlarına satılmış turiz,Binəqədi rayonu,2012,3073.4
004_7.xls,4.7  Xarici ölkələrə səyahət etmək üçün Azərbaycan vətəndaşlarına satılmış turiz,Binəqədi rayonu,2013,2988.9
004_7.xls,4.7  Xarici ölkələrə səyahət etmək üçün Azərbaycan vətəndaşlarına satılmış turiz,Binəqədi rayonu,2014,3405.5
004_7.xls,4.7  Xarici ölkələrə səyahət etmək üçün Azərbaycan vətəndaşlarına satılmış turiz,Binəqədi rayonu,2015,1818.0
004_7.xls,4.7  Xarici ölkələrə səyahət etmək üçün Azərbaycan vətəndaşlarına satılmış turiz,Binəqədi rayonu,2016,791.9
004_7.xls,4.7  Xarici ölkələrə səyahət etmək üçün Azərbaycan vətəndaşlarına satılmış turiz,Binəqədi rayonu,2017,892.9
004_7.xls,4.7  Xarici ölkələrə səyahət etmək üçün Azərbaycan vətəndaşlarına satılmış turiz,Binəqədi rayonu,2018,3093.4
004_7.xls,4.7  Xarici ölkələrə səyahət etmək üçün Azərbaycan vətəndaşlarına satılmış turiz,Binəqədi rayonu,2019,909.7
004_7.xls,4.7  Xarici ölkələrə səyahət etmək üçün Azərbaycan vətəndaşlarına satılmış turiz,Binəqədi rayonu,2020,459.1
004_7.xls,4.7  Xarici ölkələrə səyahət etmək üçün Azərbaycan vətəndaşlarına satılmış turiz,Binəqədi rayonu,2021,23.8
004_7.xls,4.7  Xarici ölkələrə səyahət etmək üçün Azərbaycan vətəndaşlarına satılmış turiz,Binəqədi rayonu,2022,17.2
004_7.xls,4.7  Xarici ölkələrə səyahət etmək üçün Azərbaycan vətəndaşlarına satılmış turiz,Binəqədi rayonu,2023,64.3
004_7.xls,4.7  Xarici ölkələrə səyahət etmək üçün Azərbaycan vətəndaşlarına satılmış turiz,Binəqədi rayonu,2024,10.4
004_7.xls,4.7  Xarici ölkələrə səyahət etmək üçün Azərbaycan vətəndaşlarına satılmış turiz,Xətai rayonu,2006,156.4
004_7.xls,4.7  Xarici ölkələrə səyahət etmək üçün Azərbaycan vətəndaşlarına satılmış turiz,Xətai rayonu,2007,732.7
004_7.xls,4.7  Xarici ölkələrə səyahət etmək üçün Azərbaycan vətəndaşlarına satılmış turiz,Xətai rayonu,2008,591.1
004_7.xls,4.7  Xarici ölkələrə səyahət etmək üçün Azərbaycan vətəndaşlarına satılmış turiz,Xətai rayonu,2009,1930.7
004_7.xls,4.7  Xarici ölkələrə səyahət etmək üçün Azərbaycan vətəndaşlarına satılmış turiz,Xətai rayonu,2010,1024.1
004_7.xls,4.7  Xarici ölkələrə səyahət etmək üçün Azərbaycan vətəndaşlarına satılmış turiz,Xətai rayonu,2011,1026.3
004_7.xls,4.7  Xarici ölkələrə səyahət etmək üçün Azərbaycan vətəndaşlarına satılmış turiz,Xətai rayonu,2012,901.0
004_7.xls,4.7  Xarici ölkələrə səyahət etmək üçün Azərbaycan vətəndaşlarına satılmış turiz,Xətai rayonu,2013,583.5
004_7.xls,4.7  Xarici ölkələrə səyahət etmək üçün Azərbaycan vətəndaşlarına satılmış turiz,Xətai rayonu,2014,937.1
004_7.xls,4.7  Xarici ölkələrə səyahət etmək üçün Azərbaycan vətəndaşlarına satılmış turiz,Xətai rayonu,2015,406.6
004_7.xls,4.7  Xarici ölkələrə səyahət etmək üçün Azərbaycan vətəndaşlarına satılmış turiz,Xətai rayonu,2016,393.9
004_7.xls,4.7  Xarici ölkələrə səyahət etmək üçün Azərbaycan vətəndaşlarına satılmış turiz,Xətai rayonu,2017,557.2
004_7.xls,4.7  Xarici ölkələrə səyahət etmək üçün Azərbaycan vətəndaşlarına satılmış turiz,Xətai rayonu,2018,3521.1
004_7.xls,4.7  Xarici ölkələrə səyahət etmək üçün Azərbaycan vətəndaşlarına satılmış turiz,Xətai rayonu,2019,4235.7
004_7.xls,4.7  Xarici ölkələrə səyahət etmək üçün Azərbaycan vətəndaşlarına satılmış turiz,Xətai rayonu,2020,304.9
004_7.xls,4.7  Xarici ölkələrə səyahət etmək üçün Azərbaycan vətəndaşlarına satılmış turiz,Xətai rayonu,2021,1026.9
004_7.xls,4.7  Xarici ölkələrə səyahət etmək üçün Azərbaycan vətəndaşlarına satılmış turiz,Xətai rayonu,2022,1429.1
004_7.xls,4.7  Xarici ölkələrə səyahət etmək üçün Azərbaycan vətəndaşlarına satılmış turiz,Xətai rayonu,2023,2010.3
004_7.xls,4.7  Xarici ölkələrə səyahət etmək üçün Azərbaycan vətəndaşlarına satılmış turiz,Xətai rayonu,2024,1767.8
004_7.xls,4.7  Xarici ölkələrə səyahət etmək üçün Azərbaycan vətəndaşlarına satılmış turiz,Xəzər rayonu,2006,1019.0
004_7.xls,4.7  Xarici ölkələrə səyahət etmək üçün Azərbaycan vətəndaşlarına satılmış turiz,Xəzər rayonu,2007,1158.8
004_7.xls,4.7  Xarici ölkələrə səyahət etmək üçün Azərbaycan vətəndaşlarına satılmış turiz,Xəzər rayonu,2008,1015.6
004_7.xls,4.7  Xarici ölkələrə səyahət etmək üçün Azərbaycan vətəndaşlarına satılmış turiz,Xəzər rayonu,2009,724.1
004_7.xls,4.7  Xarici ölkələrə səyahət etmək üçün Azərbaycan vətəndaşlarına satılmış turiz,Xəzər rayonu,2015,21.0
004_7.xls,4.7  Xarici ölkələrə səyahət etmək üçün Azərbaycan vətəndaşlarına satılmış turiz,Xəzər rayonu,2016,147.5
004_7.xls,4.7  Xarici ölkələrə səyahət etmək üçün Azərbaycan vətəndaşlarına satılmış turiz,Xəzər rayonu,2017,121.0
004_7.xls,4.7  Xarici ölkələrə səyahət etmək üçün Azərbaycan vətəndaşlarına satılmış turiz,Xəzər rayonu,2018,787.6
004_7.xls,4.7  Xarici ölkələrə səyahət etmək üçün Azərbaycan vətəndaşlarına satılmış turiz,Xəzər rayonu,2019,152.2
004_7.xls,4.7  Xarici ölkələrə səyahət etmək üçün Azərbaycan vətəndaşlarına satılmış turiz,Xəzər rayonu,2020,2.7
004_7.xls,4.7  Xarici ölkələrə səyahət etmək üçün Azərbaycan vətəndaşlarına satılmış turiz,Xəzər rayonu,2022,13.2
004_7.xls,4.7  Xarici ölkələrə səyahət etmək üçün Azərbaycan vətəndaşlarına satılmış turiz,Xəzər rayonu,2023,97.7
004_7.xls,4.7  Xarici ölkələrə səyahət etmək üçün Azərbaycan vətəndaşlarına satılmış turiz,Xəzər rayonu,2024,388.1
004_7.xls,4.7  Xarici ölkələrə səyahət etmək üçün Azərbaycan vətəndaşlarına satılmış turiz,Nərimanov rayonu,2006,432.2
004_7.xls,4.7  Xarici ölkələrə səyahət etmək üçün Azərbaycan vətəndaşlarına satılmış turiz,Nərimanov rayonu,2007,667.3
004_7.xls,4.7  Xarici ölkələrə səyahət etmək üçün Azərbaycan vətəndaşlarına satılmış turiz,Nərimanov rayonu,2008,1245.2
004_7.xls,4.7  Xarici ölkələrə səyahət etmək üçün Azərbaycan vətəndaşlarına satılmış turiz,Nərimanov rayonu,2009,1524.4
004_7.xls,4.7  Xarici ölkələrə səyahət etmək üçün Azərbaycan vətəndaşlarına satılmış turiz,Nərimanov rayonu,2010,90.4
004_7.xls,4.7  Xarici ölkələrə səyahət etmək üçün Azərbaycan vətəndaşlarına satılmış turiz,Nərimanov rayonu,2011,277.1
004_7.xls,4.7  Xarici ölkələrə səyahət etmək üçün Azərbaycan vətəndaşlarına satılmış turiz,Nərimanov rayonu,2012,4549.7
004_7.xls,4.7  Xarici ölkələrə səyahət etmək üçün Azərbaycan vətəndaşlarına satılmış turiz,Nərimanov rayonu,2013,7733.5
004_7.xls,4.7  Xarici ölkələrə səyahət etmək üçün Azərbaycan vətəndaşlarına satılmış turiz,Nərimanov rayonu,2014,6049.9
004_7.xls,4.7  Xarici ölkələrə səyahət etmək üçün Azərbaycan vətəndaşlarına satılmış turiz,Nərimanov rayonu,2015,4451.1
004_7.xls,4.7  Xarici ölkələrə səyahət etmək üçün Azərbaycan vətəndaşlarına satılmış turiz,Nərimanov rayonu,2016,1728.0
004_7.xls,4.7  Xarici ölkələrə səyahət etmək üçün Azərbaycan vətəndaşlarına satılmış turiz,Nərimanov rayonu,2017,3219.7
004_7.xls,4.7  Xarici ölkələrə səyahət etmək üçün Azərbaycan vətəndaşlarına satılmış turiz,Nərimanov rayonu,2018,3646.1
004_7.xls,4.7  Xarici ölkələrə səyahət etmək üçün Azərbaycan vətəndaşlarına satılmış turiz,Nərimanov rayonu,2019,4545.0
004_7.xls,4.7  Xarici ölkələrə səyahət etmək üçün Azərbaycan vətəndaşlarına satılmış turiz,Nərimanov rayonu,2020,496.2
004_7.xls,4.7  Xarici ölkələrə səyahət etmək üçün Azərbaycan vətəndaşlarına satılmış turiz,Nərimanov rayonu,2021,1049.8
004_7.xls,4.7  Xarici ölkələrə səyahət etmək üçün Azərbaycan vətəndaşlarına satılmış turiz,Nərimanov rayonu,2022,2222.6
004_7.xls,4.7  Xarici ölkələrə səyahət etmək üçün Azərbaycan vətəndaşlarına satılmış turiz,Nərimanov rayonu,2023,3930.6
004_7.xls,4.7  Xarici ölkələrə səyahət etmək üçün Azərbaycan vətəndaşlarına satılmış turiz,Nərimanov rayonu,2024,2964.7
004_7.xls,4.7  Xarici ölkələrə səyahət etmək üçün Azərbaycan vətəndaşlarına satılmış turiz,Nəsimi rayonu,2006,2864.9
004_7.xls,4.7  Xarici ölkələrə səyahət etmək üçün Azərbaycan vətəndaşlarına satılmış turiz,Nəsimi rayonu,2007,3300.9
004_7.xls,4.7  Xarici ölkələrə səyahət etmək üçün Azərbaycan vətəndaşlarına satılmış turiz,Nəsimi rayonu,2008,2093.6
004_7.xls,4.7  Xarici ölkələrə səyahət etmək üçün Azərbaycan vətəndaşlarına satılmış turiz,Nəsimi rayonu,2009,2766.2
004_7.xls,4.7  Xarici ölkələrə səyahət etmək üçün Azərbaycan vətəndaşlarına satılmış turiz,Nəsimi rayonu,2010,2403.5
004_7.xls,4.7  Xarici ölkələrə səyahət etmək üçün Azərbaycan vətəndaşlarına satılmış turiz,Nəsimi rayonu,2011,2620.8
004_7.xls,4.7  Xarici ölkələrə səyahət etmək üçün Azərbaycan vətəndaşlarına satılmış turiz,Nəsimi rayonu,2012,2345.9
004_7.xls,4.7  Xarici ölkələrə səyahət etmək üçün Azərbaycan vətəndaşlarına satılmış turiz,Nəsimi rayonu,2013,4237.3
004_7.xls,4.7  Xarici ölkələrə səyahət etmək üçün Azərbaycan vətəndaşlarına satılmış turiz,Nəsimi rayonu,2014,7667.2
004_7.xls,4.7  Xarici ölkələrə səyahət etmək üçün Azərbaycan vətəndaşlarına satılmış turiz,Nəsimi rayonu,2015,7125.2
004_7.xls,4.7  Xarici ölkələrə səyahət etmək üçün Azərbaycan vətəndaşlarına satılmış turiz,Nəsimi rayonu,2016,5045.2
004_7.xls,4.7  Xarici ölkələrə səyahət etmək üçün Azərbaycan vətəndaşlarına satılmış turiz,Nəsimi rayonu,2017,6464.9
004_7.xls,4.7  Xarici ölkələrə səyahət etmək üçün Azərbaycan vətəndaşlarına satılmış turiz,Nəsimi rayonu,2018,10933.0
004_7.xls,4.7  Xarici ölkələrə səyahət etmək üçün Azərbaycan vətəndaşlarına satılmış turiz,Nəsimi rayonu,2019,21326.2
004_7.xls,4.7  Xarici ölkələrə səyahət etmək üçün Azərbaycan vətəndaşlarına satılmış turiz,Nəsimi rayonu,2020,327.3
004_7.xls,4.7  Xarici ölkələrə səyahət etmək üçün Azərbaycan vətəndaşlarına satılmış turiz,Nəsimi rayonu,2021,501.4
004_7.xls,4.7  Xarici ölkələrə səyahət etmək üçün Azərbaycan vətəndaşlarına satılmış turiz,Nəsimi rayonu,2022,1779.4
004_7.xls,4.7  Xarici ölkələrə səyahət etmək üçün Azərbaycan vətəndaşlarına satılmış turiz,Nəsimi rayonu,2023,2651.2
004_7.xls,4.7  Xarici ölkələrə səyahət etmək üçün Azərbaycan vətəndaşlarına satılmış turiz,Nəsimi rayonu,2024,87185.8
004_7.xls,4.7  Xarici ölkələrə səyahət etmək üçün Azərbaycan vətəndaşlarına satılmış turiz,Nizami rayonu,2006,16.8
004_7.xls,4.7  Xarici ölkələrə səyahət etmək üçün Azərbaycan vətəndaşlarına satılmış turiz,Nizami rayonu,2007,350.8
004_7.xls,4.7  Xarici ölkələrə səyahət etmək üçün Azərbaycan vətəndaşlarına satılmış turiz,Nizami rayonu,2008,773.1
004_7.xls,4.7  Xarici ölkələrə səyahət etmək üçün Azərbaycan vətəndaşlarına satılmış turiz,Nizami rayonu,2009,71.6
004_7.xls,4.7  Xarici ölkələrə səyahət etmək üçün Azərbaycan vətəndaşlarına satılmış turiz,Nizami rayonu,2010,24.9
004_7.xls,4.7  Xarici ölkələrə səyahət etmək üçün Azərbaycan vətəndaşlarına satılmış turiz,Nizami rayonu,2011,81.2
004_7.xls,4.7  Xarici ölkələrə səyahət etmək üçün Azərbaycan vətəndaşlarına satılmış turiz,Nizami rayonu,2012,134.3
004_7.xls,4.7  Xarici ölkələrə səyahət etmək üçün Azərbaycan vətəndaşlarına satılmış turiz,Nizami rayonu,2013,109.9
004_7.xls,4.7  Xarici ölkələrə səyahət etmək üçün Azərbaycan vətəndaşlarına satılmış turiz,Nizami rayonu,2014,6.0
004_7.xls,4.7  Xarici ölkələrə səyahət etmək üçün Azərbaycan vətəndaşlarına satılmış turiz,Nizami rayonu,2015,6.5
004_7.xls,4.7  Xarici ölkələrə səyahət etmək üçün Azərbaycan vətəndaşlarına satılmış turiz,Nizami rayonu,2016,249.0
004_7.xls,4.7  Xarici ölkələrə səyahət etmək üçün Azərbaycan vətəndaşlarına satılmış turiz,Nizami rayonu,2017,568.9
004_7.xls,4.7  Xarici ölkələrə səyahət etmək üçün Azərbaycan vətəndaşlarına satılmış turiz,Nizami rayonu,2018,562.9
004_7.xls,4.7  Xarici ölkələrə səyahət etmək üçün Azərbaycan vətəndaşlarına satılmış turiz,Nizami rayonu,2019,610.3
004_7.xls,4.7  Xarici ölkələrə səyahət etmək üçün Azərbaycan vətəndaşlarına satılmış turiz,Nizami rayonu,2020,41.5
004_7.xls,4.7  Xarici ölkələrə səyahət etmək üçün Azərbaycan vətəndaşlarına satılmış turiz,Nizami rayonu,2022,13.8
004_7.xls,4.7  Xarici ölkələrə səyahət etmək üçün Azərbaycan vətəndaşlarına satılmış turiz,Nizami rayonu,2023,2.7
004_7.xls,4.7  Xarici ölkələrə səyahət etmək üçün Azərbaycan vətəndaşlarına satılmış turiz,Nizami rayonu,2024,40.4
004_7.xls,4.7  Xarici ölkələrə səyahət etmək üçün Azərbaycan vətəndaşlarına satılmış turiz,Sabunçu rayonu,2006,1.8
004_7.xls,4.7  Xarici ölkələrə səyahət etmək üçün Azərbaycan vətəndaşlarına satılmış turiz,Sabunçu rayonu,2007,1.1
004_7.xls,4.7  Xarici ölkələrə səyahət etmək üçün Azərbaycan vətəndaşlarına satılmış turiz,Sabunçu rayonu,2008,114.1
004_7.xls,4.7  Xarici ölkələrə səyahət etmək üçün Azərbaycan vətəndaşlarına satılmış turiz,Sabunçu rayonu,2009,150.4
004_7.xls,4.7  Xarici ölkələrə səyahət etmək üçün Azərbaycan vətəndaşlarına satılmış turiz,Sabunçu rayonu,2010,88.6
004_7.xls,4.7  Xarici ölkələrə səyahət etmək üçün Azərbaycan vətəndaşlarına satılmış turiz,Sabunçu rayonu,2011,104.1
004_7.xls,4.7  Xarici ölkələrə səyahət etmək üçün Azərbaycan vətəndaşlarına satılmış turiz,Sabunçu rayonu,2012,291.7
004_7.xls,4.7  Xarici ölkələrə səyahət etmək üçün Azərbaycan vətəndaşlarına satılmış turiz,Sabunçu rayonu,2013,170.6
004_7.xls,4.7  Xarici ölkələrə səyahət etmək üçün Azərbaycan vətəndaşlarına satılmış turiz,Sabunçu rayonu,2014,301.3
004_7.xls,4.7  Xarici ölkələrə səyahət etmək üçün Azərbaycan vətəndaşlarına satılmış turiz,Sabunçu rayonu,2015,388.0
004_7.xls,4.7  Xarici ölkələrə səyahət etmək üçün Azərbaycan vətəndaşlarına satılmış turiz,Sabunçu rayonu,2016,449.4
004_7.xls,4.7  Xarici ölkələrə səyahət etmək üçün Azərbaycan vətəndaşlarına satılmış turiz,Sabunçu rayonu,2017,1387.1
004_7.xls,4.7  Xarici ölkələrə səyahət etmək üçün Azərbaycan vətəndaşlarına satılmış turiz,Sabunçu rayonu,2018,2498.1
004_7.xls,4.7  Xarici ölkələrə səyahət etmək üçün Azərbaycan vətəndaşlarına satılmış turiz,Sabunçu rayonu,2019,2059.5
004_7.xls,4.7  Xarici ölkələrə səyahət etmək üçün Azərbaycan vətəndaşlarına satılmış turiz,Sabunçu rayonu,2020,116.9
004_7.xls,4.7  Xarici ölkələrə səyahət etmək üçün Azərbaycan vətəndaşlarına satılmış turiz,Sabunçu rayonu,2021,159.6
004_7.xls,4.7  Xarici ölkələrə səyahət etmək üçün Azərbaycan vətəndaşlarına satılmış turiz,Sabunçu rayonu,2022,1005.0
004_7.xls,4.7  Xarici ölkələrə səyahət etmək üçün Azərbaycan vətəndaşlarına satılmış turiz,Sabunçu rayonu,2023,369.4
004_7.xls,4.7  Xarici ölkələrə səyahət etmək üçün Azərbaycan vətəndaşlarına satılmış turiz,Sabunçu rayonu,2024,1424.1
004_7.xls,4.7  Xarici ölkələrə səyahət etmək üçün Azərbaycan vətəndaşlarına satılmış turiz,Səbail rayonu,2006,281.7
004_7.xls,4.7  Xarici ölkələrə səyahət etmək üçün Azərbaycan vətəndaşlarına satılmış turiz,Səbail rayonu,2007,642.7
004_7.xls,4.7  Xarici ölkələrə səyahət etmək üçün Azərbaycan vətəndaşlarına satılmış turiz,Səbail rayonu,2008,671.0
004_7.xls,4.7  Xarici ölkələrə səyahət etmək üçün Azərbaycan vətəndaşlarına satılmış turiz,Səbail rayonu,2009,3662.9
004_7.xls,4.7  Xarici ölkələrə səyahət etmək üçün Azərbaycan vətəndaşlarına satılmış turiz,Səbail rayonu,2010,4422.5
004_7.xls,4.7  Xarici ölkələrə səyahət etmək üçün Azərbaycan vətəndaşlarına satılmış turiz,Səbail rayonu,2011,4397.3
004_7.xls,4.7  Xarici ölkələrə səyahət etmək üçün Azərbaycan vətəndaşlarına satılmış turiz,Səbail rayonu,2012,7898.4
004_7.xls,4.7  Xarici ölkələrə səyahət etmək üçün Azərbaycan vətəndaşlarına satılmış turiz,Səbail rayonu,2013,8735.6
004_7.xls,4.7  Xarici ölkələrə səyahət etmək üçün Azərbaycan vətəndaşlarına satılmış turiz,Səbail rayonu,2014,7062.7
004_7.xls,4.7  Xarici ölkələrə səyahət etmək üçün Azərbaycan vətəndaşlarına satılmış turiz,Səbail rayonu,2015,3703.8
004_7.xls,4.7  Xarici ölkələrə səyahət etmək üçün Azərbaycan vətəndaşlarına satılmış turiz,Səbail rayonu,2016,4833.2
004_7.xls,4.7  Xarici ölkələrə səyahət etmək üçün Azərbaycan vətəndaşlarına satılmış turiz,Səbail rayonu,2017,6487.0
004_7.xls,4.7  Xarici ölkələrə səyahət etmək üçün Azərbaycan vətəndaşlarına satılmış turiz,Səbail rayonu,2018,5759.6
004_7.xls,4.7  Xarici ölkələrə səyahət etmək üçün Azərbaycan vətəndaşlarına satılmış turiz,Səbail rayonu,2019,6671.9
004_7.xls,4.7  Xarici ölkələrə səyahət etmək üçün Azərbaycan vətəndaşlarına satılmış turiz,Səbail rayonu,2020,1468.5
004_7.xls,4.7  Xarici ölkələrə səyahət etmək üçün Azərbaycan vətəndaşlarına satılmış turiz,Səbail rayonu,2021,1311.1
004_7.xls,4.7  Xarici ölkələrə səyahət etmək üçün Azərbaycan vətəndaşlarına satılmış turiz,Səbail rayonu,2022,3173.1
004_7.xls,4.7  Xarici ölkələrə səyahət etmək üçün Azərbaycan vətəndaşlarına satılmış turiz,Səbail rayonu,2023,7352.0
004_7.xls,4.7  Xarici ölkələrə səyahət etmək üçün Azərbaycan vətəndaşlarına satılmış turiz,Səbail rayonu,2024,13199.6
004_7.xls,4.7  Xarici ölkələrə səyahət etmək üçün Azərbaycan vətəndaşlarına satılmış turiz,Suraxanı rayonu,2006,1.0
004_7.xls,4.7  Xarici ölkələrə səyahət etmək üçün Azərbaycan vətəndaşlarına satılmış turiz,Suraxanı rayonu,2007,32.3
004_7.xls,4.7  Xarici ölkələrə səyahət etmək üçün Azərbaycan vətəndaşlarına satılmış turiz,Suraxanı rayonu,2008,8.0
004_7.xls,4.7  Xarici ölkələrə səyahət etmək üçün Azərbaycan vətəndaşlarına satılmış turiz,Suraxanı rayonu,2009,109.7
004_7.xls,4.7  Xarici ölkələrə səyahət etmək üçün Azərbaycan vətəndaşlarına satılmış turiz,Suraxanı rayonu,2010,485.3
004_7.xls,4.7  Xarici ölkələrə səyahət etmək üçün Azərbaycan vətəndaşlarına satılmış turiz,Suraxanı rayonu,2011,419.6
004_7.xls,4.7  Xarici ölkələrə səyahət etmək üçün Azərbaycan vətəndaşlarına satılmış turiz,Suraxanı rayonu,2012,171.7
004_7.xls,4.7  Xarici ölkələrə səyahət etmək üçün Azərbaycan vətəndaşlarına satılmış turiz,Suraxanı rayonu,2013,242.1
004_7.xls,4.7  Xarici ölkələrə səyahət etmək üçün Azərbaycan vətəndaşlarına satılmış turiz,Suraxanı rayonu,2014,138.0
004_7.xls,4.7  Xarici ölkələrə səyahət etmək üçün Azərbaycan vətəndaşlarına satılmış turiz,Suraxanı rayonu,2015,413.9
004_7.xls,4.7  Xarici ölkələrə səyahət etmək üçün Azərbaycan vətəndaşlarına satılmış turiz,Suraxanı rayonu,2016,997.0
004_7.xls,4.7  Xarici ölkələrə səyahət etmək üçün Azərbaycan vətəndaşlarına satılmış turiz,Suraxanı rayonu,2017,351.5
004_7.xls,4.7  Xarici ölkələrə səyahət etmək üçün Azərbaycan vətəndaşlarına satılmış turiz,Suraxanı rayonu,2018,163.4
004_7.xls,4.7  Xarici ölkələrə səyahət etmək üçün Azərbaycan vətəndaşlarına satılmış turiz,Suraxanı rayonu,2019,71.6
004_7.xls,4.7  Xarici ölkələrə səyahət etmək üçün Azərbaycan vətəndaşlarına satılmış turiz,Suraxanı rayonu,2022,10.4
004_7.xls,4.7  Xarici ölkələrə səyahət etmək üçün Azərbaycan vətəndaşlarına satılmış turiz,Suraxanı rayonu,2023,5.3
004_7.xls,4.7  Xarici ölkələrə səyahət etmək üçün Azərbaycan vətəndaşlarına satılmış turiz,Suraxanı rayonu,2024,266.6
004_7.xls,4.7  Xarici ölkələrə səyahət etmək üçün Azərbaycan vətəndaşlarına satılmış turiz,Yasamal rayonu,2006,582.4
004_7.xls,4.7  Xarici ölkələrə səyahət etmək üçün Azərbaycan vətəndaşlarına satılmış turiz,Yasamal rayonu,2007,1240.7
004_7.xls,4.7  Xarici ölkələrə səyahət etmək üçün Azərbaycan vətəndaşlarına satılmış turiz,Yasamal rayonu,2008,1568.4
004_7.xls,4.7  Xarici ölkələrə səyahət etmək üçün Azərbaycan vətəndaşlarına satılmış turiz,Yasamal rayonu,2009,1026.7
004_7.xls,4.7  Xarici ölkələrə səyahət etmək üçün Azərbaycan vətəndaşlarına satılmış turiz,Yasamal rayonu,2010,4911.3
004_7.xls,4.7  Xarici ölkələrə səyahət etmək üçün Azərbaycan vətəndaşlarına satılmış turiz,Yasamal rayonu,2011,6521.8
004_7.xls,4.7  Xarici ölkələrə səyahət etmək üçün Azərbaycan vətəndaşlarına satılmış turiz,Yasamal rayonu,2012,8713.2
004_7.xls,4.7  Xarici ölkələrə səyahət etmək üçün Azərbaycan vətəndaşlarına satılmış turiz,Yasamal rayonu,2013,6388.5
004_7.xls,4.7  Xarici ölkələrə səyahət etmək üçün Azərbaycan vətəndaşlarına satılmış turiz,Yasamal rayonu,2014,8136.7
004_7.xls,4.7  Xarici ölkələrə səyahət etmək üçün Azərbaycan vətəndaşlarına satılmış turiz,Yasamal rayonu,2015,4237.7
004_7.xls,4.7  Xarici ölkələrə səyahət etmək üçün Azərbaycan vətəndaşlarına satılmış turiz,Yasamal rayonu,2016,3077.9
004_7.xls,4.7  Xarici ölkələrə səyahət etmək üçün Azərbaycan vətəndaşlarına satılmış turiz,Yasamal rayonu,2017,4489.7
004_7.xls,4.7  Xarici ölkələrə səyahət etmək üçün Azərbaycan vətəndaşlarına satılmış turiz,Yasamal rayonu,2018,6951.2
004_7.xls,4.7  Xarici ölkələrə səyahət etmək üçün Azərbaycan vətəndaşlarına satılmış turiz,Yasamal rayonu,2019,6909.2
004_7.xls,4.7  Xarici ölkələrə səyahət etmək üçün Azərbaycan vətəndaşlarına satılmış turiz,Yasamal rayonu,2020,644.6
004_7.xls,4.7  Xarici ölkələrə səyahət etmək üçün Azərbaycan vətəndaşlarına satılmış turiz,Yasamal rayonu,2021,485.3
004_7.xls,4.7  Xarici ölkələrə səyahət etmək üçün Azərbaycan vətəndaşlarına satılmış turiz,Yasamal rayonu,2022,715.9
004_7.xls,4.7  Xarici ölkələrə səyahət etmək üçün Azərbaycan vətəndaşlarına satılmış turiz,Yasamal rayonu,2023,2244.3
004_7.xls,4.7  Xarici ölkələrə səyahət etmək üçün Azərbaycan vətəndaşlarına satılmış turiz,Yasamal rayonu,2024,8116.9
004_7.xls,4.7  Xarici ölkələrə səyahət etmək üçün Azərbaycan vətəndaşlarına satılmış turiz,Abşeron-Xızı iqtisadi rayonu,2013,21.0
004_7.xls,4.7  Xarici ölkələrə səyahət etmək üçün Azərbaycan vətəndaşlarına satılmış turiz,Abşeron-Xızı iqtisadi rayonu,2014,21.0
004_7.xls,4.7  Xarici ölkələrə səyahət etmək üçün Azərbaycan vətəndaşlarına satılmış turiz,Abşeron-Xızı iqtisadi rayonu,2017,17.4
004_7.xls,4.7  Xarici ölkələrə səyahət etmək üçün Azərbaycan vətəndaşlarına satılmış turiz,Abşeron-Xızı iqtisadi rayonu,2018,1185.3
004_7.xls,4.7  Xarici ölkələrə səyahət etmək üçün Azərbaycan vətəndaşlarına satılmış turiz,Abşeron-Xızı iqtisadi rayonu,2019,1285.0
004_7.xls,4.7  Xarici ölkələrə səyahət etmək üçün Azərbaycan vətəndaşlarına satılmış turiz,Abşeron-Xızı iqtisadi rayonu,2021,12.0
004_7.xls,4.7  Xarici ölkələrə səyahət etmək üçün Azərbaycan vətəndaşlarına satılmış turiz,Abşeron-Xızı iqtisadi rayonu,2022,173.3
004_7.xls,4.7  Xarici ölkələrə səyahət etmək üçün Azərbaycan vətəndaşlarına satılmış turiz,Abşeron-Xızı iqtisadi rayonu,2023,121.2
004_7.xls,4.7  Xarici ölkələrə səyahət etmək üçün Azərbaycan vətəndaşlarına satılmış turiz,Abşeron-Xızı iqtisadi rayonu,2024,1092.4
004_7.xls,4.7  Xarici ölkələrə səyahət etmək üçün Azərbaycan vətəndaşlarına satılmış turiz,Sumqayıt şəhəri,2013,21.0
004_7.xls,4.7  Xarici ölkələrə səyahət etmək üçün Azərbaycan vətəndaşlarına satılmış turiz,Sumqayıt şəhəri,2014,21.0
004_7.xls,4.7  Xarici ölkələrə səyahət etmək üçün Azərbaycan vətəndaşlarına satılmış turiz,Sumqayıt şəhəri,2017,17.4
004_7.xls,4.7  Xarici ölkələrə səyahət etmək üçün Azərbaycan vətəndaşlarına satılmış turiz,Sumqayıt şəhəri,2018,296.1
004_7.xls,4.7  Xarici ölkələrə səyahət etmək üçün Azərbaycan vətəndaşlarına satılmış turiz,Sumqayıt şəhəri,2019,312.9
004_7.xls,4.7  Xarici ölkələrə səyahət etmək üçün Azərbaycan vətəndaşlarına satılmış turiz,Sumqayıt şəhəri,2021,12.0
004_7.xls,4.7  Xarici ölkələrə səyahət etmək üçün Azərbaycan vətəndaşlarına satılmış turiz,Sumqayıt şəhəri,2022,84.5
004_7.xls,4.7  Xarici ölkələrə səyahət etmək üçün Azərbaycan vətəndaşlarına satılmış turiz,Sumqayıt şəhəri,2023,121.2
004_7.xls,4.7  Xarici ölkələrə səyahət etmək üçün Azərbaycan vətəndaşlarına satılmış turiz,Sumqayıt şəhəri,2024,1058.1
004_7.xls,4.7  Xarici ölkələrə səyahət etmək üçün Azərbaycan vətəndaşlarına satılmış turiz,Abşeron rayonu,2018,889.2
004_7.xls,4.7  Xarici ölkələrə səyahət etmək üçün Azərbaycan vətəndaşlarına satılmış turiz,Abşeron rayonu,2019,972.1
004_7.xls,4.7  Xarici ölkələrə səyahət etmək üçün Azərbaycan vətəndaşlarına satılmış turiz,Abşeron rayonu,2022,88.8
004_7.xls,4.7  Xarici ölkələrə səyahət etmək üçün Azərbaycan vətəndaşlarına satılmış turiz,Abşeron rayonu,2024,34.3
004_7.xls,4.7  Xarici ölkələrə səyahət etmək üçün Azərbaycan vətəndaşlarına satılmış turiz,Gəncə-Daşkəsən iqtisadi rayonu,2006,1.1
004_7.xls,4.7  Xarici ölkələrə səyahət etmək üçün Azərbaycan vətəndaşlarına satılmış turiz,Gəncə-Daşkəsən iqtisadi rayonu,2013,16.3
004_7.xls,4.7  Xarici ölkələrə səyahət etmək üçün Azərbaycan vətəndaşlarına satılmış turiz,Gəncə-Daşkəsən iqtisadi rayonu,2014,136.4
004_7.xls,4.7  Xarici ölkələrə səyahət etmək üçün Azərbaycan vətəndaşlarına satılmış turiz,Gəncə-Daşkəsən iqtisadi rayonu,2015,87.0
004_7.xls,4.7  Xarici ölkələrə səyahət etmək üçün Azərbaycan vətəndaşlarına satılmış turiz,Gəncə-Daşkəsən iqtisadi rayonu,2016,141.8
004_7.xls,4.7  Xarici ölkələrə səyahət etmək üçün Azərbaycan vətəndaşlarına satılmış turiz,Gəncə-Daşkəsən iqtisadi rayonu,2017,108.6
004_7.xls,4.7  Xarici ölkələrə səyahət etmək üçün Azərbaycan vətəndaşlarına satılmış turiz,Gəncə-Daşkəsən iqtisadi rayonu,2018,227.2
004_7.xls,4.7  Xarici ölkələrə səyahət etmək üçün Azərbaycan vətəndaşlarına satılmış turiz,Gəncə-Daşkəsən iqtisadi rayonu,2019,354.7
004_7.xls,4.7  Xarici ölkələrə səyahət etmək üçün Azərbaycan vətəndaşlarına satılmış turiz,Gəncə-Daşkəsən iqtisadi rayonu,2024,160.9
004_7.xls,4.7  Xarici ölkələrə səyahət etmək üçün Azərbaycan vətəndaşlarına satılmış turiz,Gəncə şəhəri,2006,1.1
004_7.xls,4.7  Xarici ölkələrə səyahət etmək üçün Azərbaycan vətəndaşlarına satılmış turiz,Gəncə şəhəri,2013,16.3
004_7.xls,4.7  Xarici ölkələrə səyahət etmək üçün Azərbaycan vətəndaşlarına satılmış turiz,Gəncə şəhəri,2014,136.4
004_7.xls,4.7  Xarici ölkələrə səyahət etmək üçün Azərbaycan vətəndaşlarına satılmış turiz,Gəncə şəhəri,2015,87.0
004_7.xls,4.7  Xarici ölkələrə səyahət etmək üçün Azərbaycan vətəndaşlarına satılmış turiz,Gəncə şəhəri,2016,141.8
004_7.xls,4.7  Xarici ölkələrə səyahət etmək üçün Azərbaycan vətəndaşlarına satılmış turiz,Gəncə şəhəri,2017,108.6
004_7.xls,4.7  Xarici ölkələrə səyahət etmək üçün Azərbaycan vətəndaşlarına satılmış turiz,Gəncə şəhəri,2018,227.2
004_7.xls,4.7  Xarici ölkələrə səyahət etmək üçün Azərbaycan vətəndaşlarına satılmış turiz,Gəncə şəhəri,2019,354.7
004_7.xls,4.7  Xarici ölkələrə səyahət etmək üçün Azərbaycan vətəndaşlarına satılmış turiz,Gəncə şəhəri,2024,160.9
004_7.xls,4.7  Xarici ölkələrə səyahət etmək üçün Azərbaycan vətəndaşlarına satılmış turiz,Qazax-Tovuz iqtisadi rayonu,2017,6989.1
004_7.xls,4.7  Xarici ölkələrə səyahət etmək üçün Azərbaycan vətəndaşlarına satılmış turiz,Qazax-Tovuz iqtisadi rayonu,2018,1038.1
004_7.xls,4.7  Xarici ölkələrə səyahət etmək üçün Azərbaycan vətəndaşlarına satılmış turiz,Qazax-Tovuz iqtisadi rayonu,2022,40.1
004_7.xls,4.7  Xarici ölkələrə səyahət etmək üçün Azərbaycan vətəndaşlarına satılmış turiz,Qazax-Tovuz iqtisadi rayonu,2023,430.4
004_7.xls,4.7  Xarici ölkələrə səyahət etmək üçün Azərbaycan vətəndaşlarına satılmış turiz,Qazax-Tovuz iqtisadi rayonu,2024,111.7
004_7.xls,4.7  Xarici ölkələrə səyahət etmək üçün Azərbaycan vətəndaşlarına satılmış turiz,Tovuz rayonu,2017,6989.1
004_7.xls,4.7  Xarici ölkələrə səyahət etmək üçün Azərbaycan vətəndaşlarına satılmış turiz,Tovuz rayonu,2018,1038.1
004_7.xls,4.7  Xarici ölkələrə səyahət etmək üçün Azərbaycan vətəndaşlarına satılmış turiz,Tovuz rayonu,2022,40.1
004_7.xls,4.7  Xarici ölkələrə səyahət etmək üçün Azərbaycan vətəndaşlarına satılmış turiz,Tovuz rayonu,2023,430.4
004_7.xls,4.7  Xarici ölkələrə səyahət etmək üçün Azərbaycan vətəndaşlarına satılmış turiz,Tovuz rayonu,2024,111.7
004_7.xls,4.7  Xarici ölkələrə səyahət etmək üçün Azərbaycan vətəndaşlarına satılmış turiz,Lənkəran-Astara iqtisadi rayonu,2018,360.0
004_7.xls,4.7  Xarici ölkələrə səyahət etmək üçün Azərbaycan vətəndaşlarına satılmış turiz,Lənkəran-Astara iqtisadi rayonu,2019,758.3
004_7.xls,4.7  Xarici ölkələrə səyahət etmək üçün Azərbaycan vətəndaşlarına satılmış turiz,Lənkəran-Astara iqtisadi rayonu,2020,114.0
004_7.xls,4.7  Xarici ölkələrə səyahət etmək üçün Azərbaycan vətəndaşlarına satılmış turiz,Lənkəran rayonu,2018,360.0
004_7.xls,4.7  Xarici ölkələrə səyahət etmək üçün Azərbaycan vətəndaşlarına satılmış turiz,Lənkəran rayonu,2019,758.3
004_7.xls,4.7  Xarici ölkələrə səyahət etmək üçün Azərbaycan vətəndaşlarına satılmış turiz,Lənkəran rayonu,2020,114.0
004_7.xls,4.7  Xarici ölkələrə səyahət etmək üçün Azərbaycan vətəndaşlarına satılmış turiz,Mərkəzi Aran iqtisadi rayonu,2006,1.2
004_7.xls,4.7  Xarici ölkələrə səyahət etmək üçün Azərbaycan vətəndaşlarına satılmış turiz,Mərkəzi Aran iqtisadi rayonu,2009,0.0
004_7.xls,4.7  Xarici ölkələrə səyahət etmək üçün Azərbaycan vətəndaşlarına satılmış turiz,Mərkəzi Aran iqtisadi rayonu,2010,0.0
004_7.xls,4.7  Xarici ölkələrə səyahət etmək üçün Azərbaycan vətəndaşlarına satılmış turiz,Mərkəzi Aran iqtisadi rayonu,2011,0.0
004_7.xls,4.7  Xarici ölkələrə səyahət etmək üçün Azərbaycan vətəndaşlarına satılmış turiz,Mərkəzi Aran iqtisadi rayonu,2012,0.0
004_7.xls,4.7  Xarici ölkələrə səyahət etmək üçün Azərbaycan vətəndaşlarına satılmış turiz,Mərkəzi Aran iqtisadi rayonu,2013,18.3
004_7.xls,4.7  Xarici ölkələrə səyahət etmək üçün Azərbaycan vətəndaşlarına satılmış turiz,Mərkəzi Aran iqtisadi rayonu,2014,8.4
004_7.xls,4.7  Xarici ölkələrə səyahət etmək üçün Azərbaycan vətəndaşlarına satılmış turiz,Mərkəzi Aran iqtisadi rayonu,2015,6.9
004_7.xls,4.7  Xarici ölkələrə səyahət etmək üçün Azərbaycan vətəndaşlarına satılmış turiz,Mərkəzi Aran iqtisadi rayonu,2016,5.1
004_7.xls,4.7  Xarici ölkələrə səyahət etmək üçün Azərbaycan vətəndaşlarına satılmış turiz,Mərkəzi Aran iqtisadi rayonu,2017,0.0
004_7.xls,4.7  Xarici ölkələrə səyahət etmək üçün Azərbaycan vətəndaşlarına satılmış turiz,Mərkəzi Aran iqtisadi rayonu,2018,169.6
004_7.xls,4.7  Xarici ölkələrə səyahət etmək üçün Azərbaycan vətəndaşlarına satılmış turiz,Mərkəzi Aran iqtisadi rayonu,2019,612.5
004_7.xls,4.7  Xarici ölkələrə səyahət etmək üçün Azərbaycan vətəndaşlarına satılmış turiz,Mərkəzi Aran iqtisadi rayonu,2020,168.3
004_7.xls,4.7  Xarici ölkələrə səyahət etmək üçün Azərbaycan vətəndaşlarına satılmış turiz,Mərkəzi Aran iqtisadi rayonu,2024,9.6
004_7.xls,4.7  Xarici ölkələrə səyahət etmək üçün Azərbaycan vətəndaşlarına satılmış turiz,Mingəçevir şəhəri,2006,1.2
004_7.xls,4.7  Xarici ölkələrə səyahət etmək üçün Azərbaycan vətəndaşlarına satılmış turiz,Mingəçevir şəhəri,2016,5.1
004_7.xls,4.7  Xarici ölkələrə səyahət etmək üçün Azərbaycan vətəndaşlarına satılmış turiz,Mingəçevir şəhəri,2024,9.6
004_7.xls,4.7  Xarici ölkələrə səyahət etmək üçün Azərbaycan vətəndaşlarına satılmış turiz,Kürdəmir rayonu,2018,169.6
004_7.xls,4.7  Xarici ölkələrə səyahət etmək üçün Azərbaycan vətəndaşlarına satılmış turiz,Kürdəmir rayonu,2019,612.5
004_7.xls,4.7  Xarici ölkələrə səyahət etmək üçün Azərbaycan vətəndaşlarına satılmış turiz,Kürdəmir rayonu,2020,168.3
004_7.xls,4.7  Xarici ölkələrə səyahət etmək üçün Azərbaycan vətəndaşlarına satılmış turiz,Yevlax rayonu,2013,18.3
004_7.xls,4.7  Xarici ölkələrə səyahət etmək üçün Azərbaycan vətəndaşlarına satılmış turiz,Yevlax rayonu,2014,8.4
004_7.xls,4.7  Xarici ölkələrə səyahət etmək üçün Azərbaycan vətəndaşlarına satılmış turiz,Yevlax rayonu,2015,6.9
004_7.xls,4.7  Xarici ölkələrə səyahət etmək üçün Azərbaycan vətəndaşlarına satılmış turiz,Mil-Muğan iqtisadi rayonu,2023,12.0
004_7.xls,4.7  Xarici ölkələrə səyahət etmək üçün Azərbaycan vətəndaşlarına satılmış turiz,Beyləqan rayonu,2023,12.0
004_7.xls,4.7  Xarici ölkələrə səyahət etmək üçün Azərbaycan vətəndaşlarına satılmış turiz,Şəki-Zaqatala iqtisadi rayonu,2019,190.9
004_7.xls,4.7  Xarici ölkələrə səyahət etmək üçün Azərbaycan vətəndaşlarına satılmış turiz,Şəki-Zaqatala iqtisadi rayonu,2021,69.2
004_7.xls,4.7  Xarici ölkələrə səyahət etmək üçün Azərbaycan vətəndaşlarına satılmış turiz,Şəki-Zaqatala iqtisadi rayonu,2022,613.7
004_7.xls,4.7  Xarici ölkələrə səyahət etmək üçün Azərbaycan vətəndaşlarına satılmış turiz,Şəki-Zaqatala iqtisadi rayonu,2023,588.9
004_7.xls,4.7  Xarici ölkələrə səyahət etmək üçün Azərbaycan vətəndaşlarına satılmış turiz,Şəki-Zaqatala iqtisadi rayonu,2024,407.8
004_7.xls,4.7  Xarici ölkələrə səyahət etmək üçün Azərbaycan vətəndaşlarına satılmış turiz,Balakən rayonu,2024,11.4
004_7.xls,4.7  Xarici ölkələrə səyahət etmək üçün Azərbaycan vətəndaşlarına satılmış turiz,Şəki rayonu,2019,190.9
004_7.xls,4.7  Xarici ölkələrə səyahət etmək üçün Azərbaycan vətəndaşlarına satılmış turiz,Şəki rayonu,2021,69.2
004_7.xls,4.7  Xarici ölkələrə səyahət etmək üçün Azərbaycan vətəndaşlarına satılmış turiz,Şəki rayonu,2022,613.7
004_7.xls,4.7  Xarici ölkələrə səyahət etmək üçün Azərbaycan vətəndaşlarına satılmış turiz,Şəki rayonu,2023,588.9
004_7.xls,4.7  Xarici ölkələrə səyahət etmək üçün Azərbaycan vətəndaşlarına satılmış turiz,Şəki rayonu,2024,396.4
004_7.xls,4.7  Xarici ölkələrə səyahət etmək üçün Azərbaycan vətəndaşlarına satılmış turiz,Şirvan-Salyan iqtisadi rayonu,2016,25.6
004_7.xls,4.7  Xarici ölkələrə səyahət etmək üçün Azərbaycan vətəndaşlarına satılmış turiz,Şirvan-Salyan iqtisadi rayonu,2017,20.0
004_7.xls,4.7  Xarici ölkələrə səyahət etmək üçün Azərbaycan vətəndaşlarına satılmış turiz,Şirvan-Salyan iqtisadi rayonu,2018,102.2
004_7.xls,4.7  Xarici ölkələrə səyahət etmək üçün Azərbaycan vətəndaşlarına satılmış turiz,Şirvan-Salyan iqtisadi rayonu,2019,67.4
004_7.xls,4.7  Xarici ölkələrə səyahət etmək üçün Azərbaycan vətəndaşlarına satılmış turiz,Şirvan-Salyan iqtisadi rayonu,2020,11.5
004_7.xls,4.7  Xarici ölkələrə səyahət etmək üçün Azərbaycan vətəndaşlarına satılmış turiz,Şirvan-Salyan iqtisadi rayonu,2023,3.5
004_7.xls,4.7  Xarici ölkələrə səyahət etmək üçün Azərbaycan vətəndaşlarına satılmış turiz,Şirvan-Salyan iqtisadi rayonu,2024,7.2
004_7.xls,4.7  Xarici ölkələrə səyahət etmək üçün Azərbaycan vətəndaşlarına satılmış turiz,Şirvan şəhəri,2016,25.6
004_7.xls,4.7  Xarici ölkələrə səyahət etmək üçün Azərbaycan vətəndaşlarına satılmış turiz,Şirvan şəhəri,2017,20.0
004_7.xls,4.7  Xarici ölkələrə səyahət etmək üçün Azərbaycan vətəndaşlarına satılmış turiz,Şirvan şəhəri,2018,102.2
004_7.xls,4.7  Xarici ölkələrə səyahət etmək üçün Azərbaycan vətəndaşlarına satılmış turiz,Şirvan şəhəri,2019,67.4
004_7.xls,4.7  Xarici ölkələrə səyahət etmək üçün Azərbaycan vətəndaşlarına satılmış turiz,Şirvan şəhəri,2020,11.5
004_7.xls,4.7  Xarici ölkələrə səyahət etmək üçün Azərbaycan vətəndaşlarına satılmış turiz,Biləsuvar rayonu,2023,3.5
004_7.xls,4.7  Xarici ölkələrə səyahət etmək üçün Azərbaycan vətəndaşlarına satılmış turiz,Biləsuvar rayonu,2024,7.2
004_8.xls,4.8   Azərbaycan ərazisində səyahət etmək üçün əcnəbilər və vətəndaşlığı olmayan,Ölkə üzrə cəmi,2006,50.4
004_8.xls,4.8   Azərbaycan ərazisində səyahət etmək üçün əcnəbilər və vətəndaşlığı olmayan,Ölkə üzrə cəmi,2007,258.6
004_8.xls,4.8   Azərbaycan ərazisində səyahət etmək üçün əcnəbilər və vətəndaşlığı olmayan,Ölkə üzrə cəmi,2008,1937.2
004_8.xls,4.8   Azərbaycan ərazisində səyahət etmək üçün əcnəbilər və vətəndaşlığı olmayan,Ölkə üzrə cəmi,2009,1740.2
004_8.xls,4.8   Azərbaycan ərazisində səyahət etmək üçün əcnəbilər və vətəndaşlığı olmayan,Ölkə üzrə cəmi,2010,4390.2
004_8.xls,4.8   Azərbaycan ərazisində səyahət etmək üçün əcnəbilər və vətəndaşlığı olmayan,Ölkə üzrə cəmi,2011,4712.1
004_8.xls,4.8   Azərbaycan ərazisində səyahət etmək üçün əcnəbilər və vətəndaşlığı olmayan,Ölkə üzrə cəmi,2012,3893.5
004_8.xls,4.8   Azərbaycan ərazisində səyahət etmək üçün əcnəbilər və vətəndaşlığı olmayan,Ölkə üzrə cəmi,2013,3153.4
004_8.xls,4.8   Azərbaycan ərazisində səyahət etmək üçün əcnəbilər və vətəndaşlığı olmayan,Ölkə üzrə cəmi,2014,2347.8
004_8.xls,4.8   Azərbaycan ərazisində səyahət etmək üçün əcnəbilər və vətəndaşlığı olmayan,Ölkə üzrə cəmi,2015,812.3
004_8.xls,4.8   Azərbaycan ərazisində səyahət etmək üçün əcnəbilər və vətəndaşlığı olmayan,Ölkə üzrə cəmi,2016,811.7
004_8.xls,4.8   Azərbaycan ərazisində səyahət etmək üçün əcnəbilər və vətəndaşlığı olmayan,Ölkə üzrə cəmi,2017,11285.0
004_8.xls,4.8   Azərbaycan ərazisində səyahət etmək üçün əcnəbilər və vətəndaşlığı olmayan,Ölkə üzrə cəmi,2018,12482.6
004_8.xls,4.8   Azərbaycan ərazisində səyahət etmək üçün əcnəbilər və vətəndaşlığı olmayan,Ölkə üzrə cəmi,2019,20289.0
004_8.xls,4.8   Azərbaycan ərazisində səyahət etmək üçün əcnəbilər və vətəndaşlığı olmayan,Ölkə üzrə cəmi,2020,810.2
004_8.xls,4.8   Azərbaycan ərazisində səyahət etmək üçün əcnəbilər və vətəndaşlığı olmayan,Ölkə üzrə cəmi,2021,267.9
004_8.xls,4.8   Azərbaycan ərazisində səyahət etmək üçün əcnəbilər və vətəndaşlığı olmayan,Ölkə üzrə cəmi,2022,3905.1
004_8.xls,4.8   Azərbaycan ərazisində səyahət etmək üçün əcnəbilər və vətəndaşlığı olmayan,Ölkə üzrə cəmi,2023,4927.7
004_8.xls,4.8   Azərbaycan ərazisində səyahət etmək üçün əcnəbilər və vətəndaşlığı olmayan,Ölkə üzrə cəmi,2024,9112.8
004_8.xls,4.8   Azərbaycan ərazisində səyahət etmək üçün əcnəbilər və vətəndaşlığı olmayan,Bakı şəhəri,2006,50.4
004_8.xls,4.8   Azərbaycan ərazisində səyahət etmək üçün əcnəbilər və vətəndaşlığı olmayan,Bakı şəhəri,2007,258.6
004_8.xls,4.8   Azərbaycan ərazisində səyahət etmək üçün əcnəbilər və vətəndaşlığı olmayan,Bakı şəhəri,2008,1937.2
004_8.xls,4.8   Azərbaycan ərazisində səyahət etmək üçün əcnəbilər və vətəndaşlığı olmayan,Bakı şəhəri,2009,1740.2
004_8.xls,4.8   Azərbaycan ərazisində səyahət etmək üçün əcnəbilər və vətəndaşlığı olmayan,Bakı şəhəri,2010,4390.2
004_8.xls,4.8   Azərbaycan ərazisində səyahət etmək üçün əcnəbilər və vətəndaşlığı olmayan,Bakı şəhəri,2011,3728.3999999999996
004_8.xls,4.8   Azərbaycan ərazisində səyahət etmək üçün əcnəbilər və vətəndaşlığı olmayan,Bakı şəhəri,2012,3893.5
004_8.xls,4.8   Azərbaycan ərazisində səyahət etmək üçün əcnəbilər və vətəndaşlığı olmayan,Bakı şəhəri,2013,3153.4
004_8.xls,4.8   Azərbaycan ərazisində səyahət etmək üçün əcnəbilər və vətəndaşlığı olmayan,Bakı şəhəri,2014,2347.8
004_8.xls,4.8   Azərbaycan ərazisində səyahət etmək üçün əcnəbilər və vətəndaşlığı olmayan,Bakı şəhəri,2015,812.3
004_8.xls,4.8   Azərbaycan ərazisində səyahət etmək üçün əcnəbilər və vətəndaşlığı olmayan,Bakı şəhəri,2016,811.7
004_8.xls,4.8   Azərbaycan ərazisində səyahət etmək üçün əcnəbilər və vətəndaşlığı olmayan,Bakı şəhəri,2017,7800.0
004_8.xls,4.8   Azərbaycan ərazisində səyahət etmək üçün əcnəbilər və vətəndaşlığı olmayan,Bakı şəhəri,2018,9680.0
004_8.xls,4.8   Azərbaycan ərazisində səyahət etmək üçün əcnəbilər və vətəndaşlığı olmayan,Bakı şəhəri,2019,20210.3
004_8.xls,4.8   Azərbaycan ərazisində səyahət etmək üçün əcnəbilər və vətəndaşlığı olmayan,Bakı şəhəri,2020,810.2
004_8.xls,4.8   Azərbaycan ərazisində səyahət etmək üçün əcnəbilər və vətəndaşlığı olmayan,Bakı şəhəri,2021,230.1
004_8.xls,4.8   Azərbaycan ərazisində səyahət etmək üçün əcnəbilər və vətəndaşlığı olmayan,Bakı şəhəri,2022,2287.3
004_8.xls,4.8   Azərbaycan ərazisində səyahət etmək üçün əcnəbilər və vətəndaşlığı olmayan,Bakı şəhəri,2023,3606.0
004_8.xls,4.8   Azərbaycan ərazisində səyahət etmək üçün əcnəbilər və vətəndaşlığı olmayan,Bakı şəhəri,2024,3901.7
004_8.xls,4.8   Azərbaycan ərazisində səyahət etmək üçün əcnəbilər və vətəndaşlığı olmayan,Binəqədi rayonu,2018,290.2
004_8.xls,4.8   Azərbaycan ərazisində səyahət etmək üçün əcnəbilər və vətəndaşlığı olmayan,Binəqədi rayonu,2019,81.7
004_8.xls,4.8   Azərbaycan ərazisində səyahət etmək üçün əcnəbilər və vətəndaşlığı olmayan,Binəqədi rayonu,2023,0.2
004_8.xls,4.8   Azərbaycan ərazisində səyahət etmək üçün əcnəbilər və vətəndaşlığı olmayan,Binəqədi rayonu,2024,4.4
004_8.xls,4.8   Azərbaycan ərazisində səyahət etmək üçün əcnəbilər və vətəndaşlığı olmayan,Xətai rayonu,2010,4.9
004_8.xls,4.8   Azərbaycan ərazisində səyahət etmək üçün əcnəbilər və vətəndaşlığı olmayan,Xətai rayonu,2011,7.4
004_8.xls,4.8   Azərbaycan ərazisində səyahət etmək üçün əcnəbilər və vətəndaşlığı olmayan,Xətai rayonu,2012,160.0
004_8.xls,4.8   Azərbaycan ərazisində səyahət etmək üçün əcnəbilər və vətəndaşlığı olmayan,Xətai rayonu,2013,171.7
004_8.xls,4.8   Azərbaycan ərazisində səyahət etmək üçün əcnəbilər və vətəndaşlığı olmayan,Xətai rayonu,2014,60.1
004_8.xls,4.8   Azərbaycan ərazisində səyahət etmək üçün əcnəbilər və vətəndaşlığı olmayan,Xətai rayonu,2015,69.6
004_8.xls,4.8   Azərbaycan ərazisində səyahət etmək üçün əcnəbilər və vətəndaşlığı olmayan,Xətai rayonu,2016,69.6
004_8.xls,4.8   Azərbaycan ərazisində səyahət etmək üçün əcnəbilər və vətəndaşlığı olmayan,Xətai rayonu,2017,101.3
004_8.xls,4.8   Azərbaycan ərazisində səyahət etmək üçün əcnəbilər və vətəndaşlığı olmayan,Xətai rayonu,2018,819.0
004_8.xls,4.8   Azərbaycan ərazisində səyahət etmək üçün əcnəbilər və vətəndaşlığı olmayan,Xətai rayonu,2019,3473.9
004_8.xls,4.8   Azərbaycan ərazisində səyahət etmək üçün əcnəbilər və vətəndaşlığı olmayan,Xətai rayonu,2020,216.7
004_8.xls,4.8   Azərbaycan ərazisində səyahət etmək üçün əcnəbilər və vətəndaşlığı olmayan,Xətai rayonu,2022,95.3
004_8.xls,4.8   Azərbaycan ərazisində səyahət etmək üçün əcnəbilər və vətəndaşlığı olmayan,Xətai rayonu,2023,34.5
004_8.xls,4.8   Azərbaycan ərazisində səyahət etmək üçün əcnəbilər və vətəndaşlığı olmayan,Xətai rayonu,2024,565.4
004_8.xls,4.8   Azərbaycan ərazisində səyahət etmək üçün əcnəbilər və vətəndaşlığı olmayan,Xəzər rayonu,2018,208.7
004_8.xls,4.8   Azərbaycan ərazisində səyahət etmək üçün əcnəbilər və vətəndaşlığı olmayan,Xəzər rayonu,2019,38.2
004_8.xls,4.8   Azərbaycan ərazisində səyahət etmək üçün əcnəbilər və vətəndaşlığı olmayan,Xəzər rayonu,2022,308.6
004_8.xls,4.8   Azərbaycan ərazisində səyahət etmək üçün əcnəbilər və vətəndaşlığı olmayan,Xəzər rayonu,2023,293.8
004_8.xls,4.8   Azərbaycan ərazisində səyahət etmək üçün əcnəbilər və vətəndaşlığı olmayan,Xəzər rayonu,2024,376.0
004_8.xls,4.8   Azərbaycan ərazisində səyahət etmək üçün əcnəbilər və vətəndaşlığı olmayan,Qaradağ rayonu,2019,437.1
004_8.xls,4.8   Azərbaycan ərazisində səyahət etmək üçün əcnəbilər və vətəndaşlığı olmayan,Qaradağ rayonu,2020,49.4
004_8.xls,4.8   Azərbaycan ərazisində səyahət etmək üçün əcnəbilər və vətəndaşlığı olmayan,Nərimanov rayonu,2008,39.5
004_8.xls,4.8   Azərbaycan ərazisində səyahət etmək üçün əcnəbilər və vətəndaşlığı olmayan,Nərimanov rayonu,2009,80.0
004_8.xls,4.8   Azərbaycan ərazisində səyahət etmək üçün əcnəbilər və vətəndaşlığı olmayan,Nərimanov rayonu,2011,1.8
004_8.xls,4.8   Azərbaycan ərazisində səyahət etmək üçün əcnəbilər və vətəndaşlığı olmayan,Nərimanov rayonu,2012,69.4
004_8.xls,4.8   Azərbaycan ərazisində səyahət etmək üçün əcnəbilər və vətəndaşlığı olmayan,Nərimanov rayonu,2013,3.7
004_8.xls,4.8   Azərbaycan ərazisində səyahət etmək üçün əcnəbilər və vətəndaşlığı olmayan,Nərimanov rayonu,2014,31.5
004_8.xls,4.8   Azərbaycan ərazisində səyahət etmək üçün əcnəbilər və vətəndaşlığı olmayan,Nərimanov rayonu,2015,40.5
004_8.xls,4.8   Azərbaycan ərazisində səyahət etmək üçün əcnəbilər və vətəndaşlığı olmayan,Nərimanov rayonu,2016,40.5
004_8.xls,4.8   Azərbaycan ərazisində səyahət etmək üçün əcnəbilər və vətəndaşlığı olmayan,Nərimanov rayonu,2017,114.5
004_8.xls,4.8   Azərbaycan ərazisində səyahət etmək üçün əcnəbilər və vətəndaşlığı olmayan,Nərimanov rayonu,2018,224.8
004_8.xls,4.8   Azərbaycan ərazisində səyahət etmək üçün əcnəbilər və vətəndaşlığı olmayan,Nərimanov rayonu,2019,87.2
004_8.xls,4.8   Azərbaycan ərazisində səyahət etmək üçün əcnəbilər və vətəndaşlığı olmayan,Nərimanov rayonu,2020,3.2
004_8.xls,4.8   Azərbaycan ərazisində səyahət etmək üçün əcnəbilər və vətəndaşlığı olmayan,Nərimanov rayonu,2021,2.5
004_8.xls,4.8   Azərbaycan ərazisində səyahət etmək üçün əcnəbilər və vətəndaşlığı olmayan,Nərimanov rayonu,2022,44.4
004_8.xls,4.8   Azərbaycan ərazisində səyahət etmək üçün əcnəbilər və vətəndaşlığı olmayan,Nərimanov rayonu,2023,175.8
004_8.xls,4.8   Azərbaycan ərazisində səyahət etmək üçün əcnəbilər və vətəndaşlığı olmayan,Nərimanov rayonu,2024,144.4
004_8.xls,4.8   Azərbaycan ərazisində səyahət etmək üçün əcnəbilər və vətəndaşlığı olmayan,Nəsimi rayonu,2006,30.8
004_8.xls,4.8   Azərbaycan ərazisində səyahət etmək üçün əcnəbilər və vətəndaşlığı olmayan,Nəsimi rayonu,2007,149.6
004_8.xls,4.8   Azərbaycan ərazisində səyahət etmək üçün əcnəbilər və vətəndaşlığı olmayan,Nəsimi rayonu,2008,1771.4
004_8.xls,4.8   Azərbaycan ərazisində səyahət etmək üçün əcnəbilər və vətəndaşlığı olmayan,Nəsimi rayonu,2009,1198.0
004_8.xls,4.8   Azərbaycan ərazisində səyahət etmək üçün əcnəbilər və vətəndaşlığı olmayan,Nəsimi rayonu,2010,1356.5
004_8.xls,4.8   Azərbaycan ərazisində səyahət etmək üçün əcnəbilər və vətəndaşlığı olmayan,Nəsimi rayonu,2011,974.5
004_8.xls,4.8   Azərbaycan ərazisində səyahət etmək üçün əcnəbilər və vətəndaşlığı olmayan,Nəsimi rayonu,2012,786.8
004_8.xls,4.8   Azərbaycan ərazisində səyahət etmək üçün əcnəbilər və vətəndaşlığı olmayan,Nəsimi rayonu,2013,306.1
004_8.xls,4.8   Azərbaycan ərazisində səyahət etmək üçün əcnəbilər və vətəndaşlığı olmayan,Nəsimi rayonu,2014,427.3
004_8.xls,4.8   Azərbaycan ərazisində səyahət etmək üçün əcnəbilər və vətəndaşlığı olmayan,Nəsimi rayonu,2015,120.5
004_8.xls,4.8   Azərbaycan ərazisində səyahət etmək üçün əcnəbilər və vətəndaşlığı olmayan,Nəsimi rayonu,2016,120.5
004_8.xls,4.8   Azərbaycan ərazisində səyahət etmək üçün əcnəbilər və vətəndaşlığı olmayan,Nəsimi rayonu,2017,393.0
004_8.xls,4.8   Azərbaycan ərazisində səyahət etmək üçün əcnəbilər və vətəndaşlığı olmayan,Nəsimi rayonu,2018,322.5
004_8.xls,4.8   Azərbaycan ərazisində səyahət etmək üçün əcnəbilər və vətəndaşlığı olmayan,Nəsimi rayonu,2019,1439.2
004_8.xls,4.8   Azərbaycan ərazisində səyahət etmək üçün əcnəbilər və vətəndaşlığı olmayan,Nəsimi rayonu,2020,120.1
004_8.xls,4.8   Azərbaycan ərazisində səyahət etmək üçün əcnəbilər və vətəndaşlığı olmayan,Nəsimi rayonu,2022,138.6
004_8.xls,4.8   Azərbaycan ərazisində səyahət etmək üçün əcnəbilər və vətəndaşlığı olmayan,Nəsimi rayonu,2023,935.5
004_8.xls,4.8   Azərbaycan ərazisində səyahət etmək üçün əcnəbilər və vətəndaşlığı olmayan,Nəsimi rayonu,2024,403.1
004_8.xls,4.8   Azərbaycan ərazisində səyahət etmək üçün əcnəbilər və vətəndaşlığı olmayan,Nizami rayonu,2006,0.2
004_8.xls,4.8   Azərbaycan ərazisində səyahət etmək üçün əcnəbilər və vətəndaşlığı olmayan,Nizami rayonu,2007,1.8
004_8.xls,4.8   Azərbaycan ərazisində səyahət etmək üçün əcnəbilər və vətəndaşlığı olmayan,Nizami rayonu,2008,9.8
004_8.xls,4.8   Azərbaycan ərazisində səyahət etmək üçün əcnəbilər və vətəndaşlığı olmayan,Nizami rayonu,2009,26.4
004_8.xls,4.8   Azərbaycan ərazisində səyahət etmək üçün əcnəbilər və vətəndaşlığı olmayan,Nizami rayonu,2017,562.7
004_8.xls,4.8   Azərbaycan ərazisində səyahət etmək üçün əcnəbilər və vətəndaşlığı olmayan,Nizami rayonu,2018,58.3
004_8.xls,4.8   Azərbaycan ərazisində səyahət etmək üçün əcnəbilər və vətəndaşlığı olmayan,Sabunçu rayonu,2009,92.2
004_8.xls,4.8   Azərbaycan ərazisində səyahət etmək üçün əcnəbilər və vətəndaşlığı olmayan,Sabunçu rayonu,2017,6078.7
004_8.xls,4.8   Azərbaycan ərazisində səyahət etmək üçün əcnəbilər və vətəndaşlığı olmayan,Sabunçu rayonu,2019,1109.2
004_8.xls,4.8   Azərbaycan ərazisində səyahət etmək üçün əcnəbilər və vətəndaşlığı olmayan,Sabunçu rayonu,2020,192.4
004_8.xls,4.8   Azərbaycan ərazisində səyahət etmək üçün əcnəbilər və vətəndaşlığı olmayan,Sabunçu rayonu,2021,26.2
004_8.xls,4.8   Azərbaycan ərazisində səyahət etmək üçün əcnəbilər və vətəndaşlığı olmayan,Sabunçu rayonu,2022,335.6
004_8.xls,4.8   Azərbaycan ərazisində səyahət etmək üçün əcnəbilər və vətəndaşlığı olmayan,Sabunçu rayonu,2024,19.6
004_8.xls,4.8   Azərbaycan ərazisində səyahət etmək üçün əcnəbilər və vətəndaşlığı olmayan,Səbail rayonu,2006,13.1
004_8.xls,4.8   Azərbaycan ərazisində səyahət etmək üçün əcnəbilər və vətəndaşlığı olmayan,Səbail rayonu,2007,101.9
004_8.xls,4.8   Azərbaycan ərazisində səyahət etmək üçün əcnəbilər və vətəndaşlığı olmayan,Səbail rayonu,2008,43.1
004_8.xls,4.8   Azərbaycan ərazisində səyahət etmək üçün əcnəbilər və vətəndaşlığı olmayan,Səbail rayonu,2009,185.3
004_8.xls,4.8   Azərbaycan ərazisində səyahət etmək üçün əcnəbilər və vətəndaşlığı olmayan,Səbail rayonu,2010,450.6
004_8.xls,4.8   Azərbaycan ərazisində səyahət etmək üçün əcnəbilər və vətəndaşlığı olmayan,Səbail rayonu,2011,940.3
004_8.xls,4.8   Azərbaycan ərazisində səyahət etmək üçün əcnəbilər və vətəndaşlığı olmayan,Səbail rayonu,2012,2785.1
004_8.xls,4.8   Azərbaycan ərazisində səyahət etmək üçün əcnəbilər və vətəndaşlığı olmayan,Səbail rayonu,2013,2556.2
004_8.xls,4.8   Azərbaycan ərazisində səyahət etmək üçün əcnəbilər və vətəndaşlığı olmayan,Səbail rayonu,2014,1808.8
004_8.xls,4.8   Azərbaycan ərazisində səyahət etmək üçün əcnəbilər və vətəndaşlığı olmayan,Səbail rayonu,2015,558.9
004_8.xls,4.8   Azərbaycan ərazisində səyahət etmək üçün əcnəbilər və vətəndaşlığı olmayan,Səbail rayonu,2016,558.3
004_8.xls,4.8   Azərbaycan ərazisində səyahət etmək üçün əcnəbilər və vətəndaşlığı olmayan,Səbail rayonu,2017,151.4
004_8.xls,4.8   Azərbaycan ərazisində səyahət etmək üçün əcnəbilər və vətəndaşlığı olmayan,Səbail rayonu,2018,7084.4
004_8.xls,4.8   Azərbaycan ərazisində səyahət etmək üçün əcnəbilər və vətəndaşlığı olmayan,Səbail rayonu,2019,12753.2
004_8.xls,4.8   Azərbaycan ərazisində səyahət etmək üçün əcnəbilər və vətəndaşlığı olmayan,Səbail rayonu,2020,221.4
004_8.xls,4.8   Azərbaycan ərazisində səyahət etmək üçün əcnəbilər və vətəndaşlığı olmayan,Səbail rayonu,2021,201.4
004_8.xls,4.8   Azərbaycan ərazisində səyahət etmək üçün əcnəbilər və vətəndaşlığı olmayan,Səbail rayonu,2022,1362.9
004_8.xls,4.8   Azərbaycan ərazisində səyahət etmək üçün əcnəbilər və vətəndaşlığı olmayan,Səbail rayonu,2023,2119.4
004_8.xls,4.8   Azərbaycan ərazisində səyahət etmək üçün əcnəbilər və vətəndaşlığı olmayan,Səbail rayonu,2024,1765.3
004_8.xls,4.8   Azərbaycan ərazisində səyahət etmək üçün əcnəbilər və vətəndaşlığı olmayan,Suraxanı rayonu,2009,4.7
004_8.xls,4.8   Azərbaycan ərazisində səyahət etmək üçün əcnəbilər və vətəndaşlığı olmayan,Suraxanı rayonu,2017,2.4
004_8.xls,4.8   Azərbaycan ərazisində səyahət etmək üçün əcnəbilər və vətəndaşlığı olmayan,Suraxanı rayonu,2018,40.7
004_8.xls,4.8   Azərbaycan ərazisində səyahət etmək üçün əcnəbilər və vətəndaşlığı olmayan,Suraxanı rayonu,2022,1.9
004_8.xls,4.8   Azərbaycan ərazisində səyahət etmək üçün əcnəbilər və vətəndaşlığı olmayan,Suraxanı rayonu,2024,3.2
004_8.xls,4.8   Azərbaycan ərazisində səyahət etmək üçün əcnəbilər və vətəndaşlığı olmayan,Yasamal rayonu,2006,6.3
004_8.xls,4.8   Azərbaycan ərazisində səyahət etmək üçün əcnəbilər və vətəndaşlığı olmayan,Yasamal rayonu,2007,5.3
004_8.xls,4.8   Azərbaycan ərazisində səyahət etmək üçün əcnəbilər və vətəndaşlığı olmayan,Yasamal rayonu,2008,73.4
004_8.xls,4.8   Azərbaycan ərazisində səyahət etmək üçün əcnəbilər və vətəndaşlığı olmayan,Yasamal rayonu,2009,153.7
004_8.xls,4.8   Azərbaycan ərazisində səyahət etmək üçün əcnəbilər və vətəndaşlığı olmayan,Yasamal rayonu,2010,2578.2
004_8.xls,4.8   Azərbaycan ərazisində səyahət etmək üçün əcnəbilər və vətəndaşlığı olmayan,Yasamal rayonu,2011,2788.1
004_8.xls,4.8   Azərbaycan ərazisində səyahət etmək üçün əcnəbilər və vətəndaşlığı olmayan,Yasamal rayonu,2012,92.2
004_8.xls,4.8   Azərbaycan ərazisində səyahət etmək üçün əcnəbilər və vətəndaşlığı olmayan,Yasamal rayonu,2013,115.7
004_8.xls,4.8   Azərbaycan ərazisində səyahət etmək üçün əcnəbilər və vətəndaşlığı olmayan,Yasamal rayonu,2014,20.1
004_8.xls,4.8   Azərbaycan ərazisində səyahət etmək üçün əcnəbilər və vətəndaşlığı olmayan,Yasamal rayonu,2015,22.8
004_8.xls,4.8   Azərbaycan ərazisində səyahət etmək üçün əcnəbilər və vətəndaşlığı olmayan,Yasamal rayonu,2016,22.8
004_8.xls,4.8   Azərbaycan ərazisində səyahət etmək üçün əcnəbilər və vətəndaşlığı olmayan,Yasamal rayonu,2017,396.0
004_8.xls,4.8   Azərbaycan ərazisində səyahət etmək üçün əcnəbilər və vətəndaşlığı olmayan,Yasamal rayonu,2018,631.4
004_8.xls,4.8   Azərbaycan ərazisində səyahət etmək üçün əcnəbilər və vətəndaşlığı olmayan,Yasamal rayonu,2019,790.6
004_8.xls,4.8   Azərbaycan ərazisində səyahət etmək üçün əcnəbilər və vətəndaşlığı olmayan,Yasamal rayonu,2020,7.0
004_8.xls,4.8   Azərbaycan ərazisində səyahət etmək üçün əcnəbilər və vətəndaşlığı olmayan,Yasamal rayonu,2023,46.8
004_8.xls,4.8   Azərbaycan ərazisində səyahət etmək üçün əcnəbilər və vətəndaşlığı olmayan,Yasamal rayonu,2024,620.3
004_8.xls,4.8   Azərbaycan ərazisində səyahət etmək üçün əcnəbilər və vətəndaşlığı olmayan,Abşeron-Xızı iqtisadi rayonu,2017,2.6
004_8.xls,4.8   Azərbaycan ərazisində səyahət etmək üçün əcnəbilər və vətəndaşlığı olmayan,Abşeron-Xızı iqtisadi rayonu,2018,326.0
004_8.xls,4.8   Azərbaycan ərazisində səyahət etmək üçün əcnəbilər və vətəndaşlığı olmayan,Abşeron-Xızı iqtisadi rayonu,2019,58.7
004_8.xls,4.8   Azərbaycan ərazisində səyahət etmək üçün əcnəbilər və vətəndaşlığı olmayan,Abşeron-Xızı iqtisadi rayonu,2021,19.4
004_8.xls,4.8   Azərbaycan ərazisində səyahət etmək üçün əcnəbilər və vətəndaşlığı olmayan,Abşeron-Xızı iqtisadi rayonu,2023,22.5
004_8.xls,4.8   Azərbaycan ərazisində səyahət etmək üçün əcnəbilər və vətəndaşlığı olmayan,Abşeron-Xızı iqtisadi rayonu,2024,547.7
004_8.xls,4.8   Azərbaycan ərazisində səyahət etmək üçün əcnəbilər və vətəndaşlığı olmayan,Sumqayıt şəhəri,2017,2.6
004_8.xls,4.8   Azərbaycan ərazisində səyahət etmək üçün əcnəbilər və vətəndaşlığı olmayan,Sumqayıt şəhəri,2018,237.3
004_8.xls,4.8   Azərbaycan ərazisində səyahət etmək üçün əcnəbilər və vətəndaşlığı olmayan,Sumqayıt şəhəri,2019,2.1
004_8.xls,4.8   Azərbaycan ərazisində səyahət etmək üçün əcnəbilər və vətəndaşlığı olmayan,Sumqayıt şəhəri,2021,19.4
004_8.xls,4.8   Azərbaycan ərazisində səyahət etmək üçün əcnəbilər və vətəndaşlığı olmayan,Sumqayıt şəhəri,2023,22.5
004_8.xls,4.8   Azərbaycan ərazisində səyahət etmək üçün əcnəbilər və vətəndaşlığı olmayan,Sumqayıt şəhəri,2024,135.4
004_8.xls,4.8   Azərbaycan ərazisində səyahət etmək üçün əcnəbilər və vətəndaşlığı olmayan,Abşeron rayonu,2018,88.7
004_8.xls,4.8   Azərbaycan ərazisində səyahət etmək üçün əcnəbilər və vətəndaşlığı olmayan,Abşeron rayonu,2019,56.6
004_8.xls,4.8   Azərbaycan ərazisində səyahət etmək üçün əcnəbilər və vətəndaşlığı olmayan,Abşeron rayonu,2024,412.3
004_8.xls,4.8   Azərbaycan ərazisində səyahət etmək üçün əcnəbilər və vətəndaşlığı olmayan,Gəncə-Daşkəsən iqtisadi rayonu,2018,59.6
004_8.xls,4.8   Azərbaycan ərazisində səyahət etmək üçün əcnəbilər və vətəndaşlığı olmayan,Gəncə-Daşkəsən iqtisadi rayonu,2021,18.4
004_8.xls,4.8   Azərbaycan ərazisində səyahət etmək üçün əcnəbilər və vətəndaşlığı olmayan,Gəncə-Daşkəsən iqtisadi rayonu,2022,48.0
004_8.xls,4.8   Azərbaycan ərazisində səyahət etmək üçün əcnəbilər və vətəndaşlığı olmayan,Gəncə-Daşkəsən iqtisadi rayonu,2023,86.2
004_8.xls,4.8   Azərbaycan ərazisində səyahət etmək üçün əcnəbilər və vətəndaşlığı olmayan,Gəncə-Daşkəsən iqtisadi rayonu,2024,1561.6
004_8.xls,4.8   Azərbaycan ərazisində səyahət etmək üçün əcnəbilər və vətəndaşlığı olmayan,Gəncə şəhəri,2018,4.5
004_8.xls,4.8   Azərbaycan ərazisində səyahət etmək üçün əcnəbilər və vətəndaşlığı olmayan,Naftalan şəhəri,2018,55.1
004_8.xls,4.8   Azərbaycan ərazisində səyahət etmək üçün əcnəbilər və vətəndaşlığı olmayan,Naftalan şəhəri,2021,18.4
004_8.xls,4.8   Azərbaycan ərazisində səyahət etmək üçün əcnəbilər və vətəndaşlığı olmayan,Naftalan şəhəri,2022,48.0
004_8.xls,4.8   Azərbaycan ərazisində səyahət etmək üçün əcnəbilər və vətəndaşlığı olmayan,Naftalan şəhəri,2023,86.2
004_8.xls,4.8   Azərbaycan ərazisində səyahət etmək üçün əcnəbilər və vətəndaşlığı olmayan,Naftalan şəhəri,2024,1522.5
004_8.xls,4.8   Azərbaycan ərazisində səyahət etmək üçün əcnəbilər və vətəndaşlığı olmayan,Goranboy rayonu,2024,39.1
004_8.xls,4.8   Azərbaycan ərazisində səyahət etmək üçün əcnəbilər və vətəndaşlığı olmayan,Qazax-Tovuz iqtisadi rayonu,2017,3468.4
004_8.xls,4.8   Azərbaycan ərazisində səyahət etmək üçün əcnəbilər və vətəndaşlığı olmayan,Qazax-Tovuz iqtisadi rayonu,2018,2256.6
004_8.xls,4.8   Azərbaycan ərazisində səyahət etmək üçün əcnəbilər və vətəndaşlığı olmayan,Qazax-Tovuz iqtisadi rayonu,2022,5.2
004_8.xls,4.8   Azərbaycan ərazisində səyahət etmək üçün əcnəbilər və vətəndaşlığı olmayan,Qazax-Tovuz iqtisadi rayonu,2023,5.3
004_8.xls,4.8   Azərbaycan ərazisində səyahət etmək üçün əcnəbilər və vətəndaşlığı olmayan,Şəmkir rayonu,2018,1689.0
004_8.xls,4.8   Azərbaycan ərazisində səyahət etmək üçün əcnəbilər və vətəndaşlığı olmayan,Tovuz rayonu,2017,3468.4
004_8.xls,4.8   Azərbaycan ərazisində səyahət etmək üçün əcnəbilər və vətəndaşlığı olmayan,Tovuz rayonu,2018,567.6
004_8.xls,4.8   Azərbaycan ərazisində səyahət etmək üçün əcnəbilər və vətəndaşlığı olmayan,Tovuz rayonu,2022,5.2
004_8.xls,4.8   Azərbaycan ərazisində səyahət etmək üçün əcnəbilər və vətəndaşlığı olmayan,Tovuz rayonu,2023,5.3
004_8.xls,4.8   Azərbaycan ərazisində səyahət etmək üçün əcnəbilər və vətəndaşlığı olmayan,Lənkəran-Astara iqtisadi rayonu,2019,20.0
004_8.xls,4.8   Azərbaycan ərazisində səyahət etmək üçün əcnəbilər və vətəndaşlığı olmayan,Lənkəran-Astara iqtisadi rayonu,2022,1194.2
004_8.xls,4.8   Azərbaycan ərazisində səyahət etmək üçün əcnəbilər və vətəndaşlığı olmayan,Lənkəran-Astara iqtisadi rayonu,2023,327.5
004_8.xls,4.8   Azərbaycan ərazisində səyahət etmək üçün əcnəbilər və vətəndaşlığı olmayan,Lənkəran-Astara iqtisadi rayonu,2024,50.6
004_8.xls,4.8   Azərbaycan ərazisində səyahət etmək üçün əcnəbilər və vətəndaşlığı olmayan,Lənkəran rayonu,2019,20.0
004_8.xls,4.8   Azərbaycan ərazisində səyahət etmək üçün əcnəbilər və vətəndaşlığı olmayan,Lənkəran rayonu,2022,1194.2
004_8.xls,4.8   Azərbaycan ərazisində səyahət etmək üçün əcnəbilər və vətəndaşlığı olmayan,Lənkəran rayonu,2023,327.5
004_8.xls,4.8   Azərbaycan ərazisində səyahət etmək üçün əcnəbilər və vətəndaşlığı olmayan,Lənkəran rayonu,2024,50.6
004_8.xls,4.8   Azərbaycan ərazisində səyahət etmək üçün əcnəbilər və vətəndaşlığı olmayan,Mərkəzi Aran iqtisadi rayonu,2018,160.4
004_8.xls,4.8   Azərbaycan ərazisində səyahət etmək üçün əcnəbilər və vətəndaşlığı olmayan,Mərkəzi Aran iqtisadi rayonu,2023,475.8
004_8.xls,4.8   Azərbaycan ərazisində səyahət etmək üçün əcnəbilər və vətəndaşlığı olmayan,Mərkəzi Aran iqtisadi rayonu,2024,993.7
004_8.xls,4.8   Azərbaycan ərazisində səyahət etmək üçün əcnəbilər və vətəndaşlığı olmayan,Mingəçevir şəhəri,2023,3.4
004_8.xls,4.8   Azərbaycan ərazisində səyahət etmək üçün əcnəbilər və vətəndaşlığı olmayan,Mingəçevir şəhəri,2024,1.8
004_8.xls,4.8   Azərbaycan ərazisində səyahət etmək üçün əcnəbilər və vətəndaşlığı olmayan,Yevlax rayonu,2018,160.4
004_8.xls,4.8   Azərbaycan ərazisində səyahət etmək üçün əcnəbilər və vətəndaşlığı olmayan,Yevlax rayonu,2023,472.4
004_8.xls,4.8   Azərbaycan ərazisində səyahət etmək üçün əcnəbilər və vətəndaşlığı olmayan,Yevlax rayonu,2024,991.9
004_8.xls,4.8   Azərbaycan ərazisində səyahət etmək üçün əcnəbilər və vətəndaşlığı olmayan,Mil-Muğan iqtisadi rayonu,2024,97.4
004_8.xls,4.8   Azərbaycan ərazisində səyahət etmək üçün əcnəbilər və vətəndaşlığı olmayan,İmişli rayonu,2024,97.4
004_8.xls,4.8   Azərbaycan ərazisində səyahət etmək üçün əcnəbilər və vətəndaşlığı olmayan,Şəki-Zaqatala iqtisadi rayonu,2022,370.4
004_8.xls,4.8   Azərbaycan ərazisində səyahət etmək üçün əcnəbilər və vətəndaşlığı olmayan,Şəki-Zaqatala iqtisadi rayonu,2023,404.4
004_8.xls,4.8   Azərbaycan ərazisində səyahət etmək üçün əcnəbilər və vətəndaşlığı olmayan,Şəki-Zaqatala iqtisadi rayonu,2024,1959.6
004_8.xls,4.8   Azərbaycan ərazisində səyahət etmək üçün əcnəbilər və vətəndaşlığı olmayan,Şəki rayonu,2022,370.4
004_8.xls,4.8   Azərbaycan ərazisində səyahət etmək üçün əcnəbilər və vətəndaşlığı olmayan,Şəki rayonu,2023,404.4
004_8.xls,4.8   Azərbaycan ərazisində səyahət etmək üçün əcnəbilər və vətəndaşlığı olmayan,Şəki rayonu,2024,1947.6
004_8.xls,4.8   Azərbaycan ərazisində səyahət etmək üçün əcnəbilər və vətəndaşlığı olmayan,Zaqatala rayonu,2024,12.0
004_8.xls,4.8   Azərbaycan ərazisində səyahət etmək üçün əcnəbilər və vətəndaşlığı olmayan,Şirvan-Salyan iqtisadi rayonu,2017,14.0
004_8.xls,4.8   Azərbaycan ərazisində səyahət etmək üçün əcnəbilər və vətəndaşlığı olmayan,Şirvan şəhəri,2017,14.0
004_9.xls,4.9  Turagent və turoperatorların iqtisadi rayonlar və inzibati ərazi vahidləri ,Ölkə üzrə - c ə m i,2006,8480.0
004_9.xls,4.9  Turagent və turoperatorların iqtisadi rayonlar və inzibati ərazi vahidləri ,Ölkə üzrə - c ə m i,2007,15966.6
004_9.xls,4.9  Turagent və turoperatorların iqtisadi rayonlar və inzibati ərazi vahidləri ,Ölkə üzrə - c ə m i,2008,17120.5
004_9.xls,4.9  Turagent və turoperatorların iqtisadi rayonlar və inzibati ərazi vahidləri ,Ölkə üzrə - c ə m i,2009,17839.6
004_9.xls,4.9  Turagent və turoperatorların iqtisadi rayonlar və inzibati ərazi vahidləri ,Ölkə üzrə - c ə m i,2010,19065.3
004_9.xls,4.9  Turagent və turoperatorların iqtisadi rayonlar və inzibati ərazi vahidləri ,Ölkə üzrə - c ə m i,2011,22634.8
004_9.xls,4.9  Turagent və turoperatorların iqtisadi rayonlar və inzibati ərazi vahidləri ,Ölkə üzrə - c ə m i,2012,27121.5
004_9.xls,4.9  Turagent və turoperatorların iqtisadi rayonlar və inzibati ərazi vahidləri ,Ölkə üzrə - c ə m i,2013,29600.9
004_9.xls,4.9  Turagent və turoperatorların iqtisadi rayonlar və inzibati ərazi vahidləri ,Ölkə üzrə - c ə m i,2014,31107.1
004_9.xls,4.9  Turagent və turoperatorların iqtisadi rayonlar və inzibati ərazi vahidləri ,Ölkə üzrə - c ə m i,2015,36482.2
004_9.xls,4.9  Turagent və turoperatorların iqtisadi rayonlar və inzibati ərazi vahidləri ,Ölkə üzrə - c ə m i,2016,36758.3
004_9.xls,4.9  Turagent və turoperatorların iqtisadi rayonlar və inzibati ərazi vahidləri ,Ölkə üzrə - c ə m i,2017,41034.2
004_9.xls,4.9  Turagent və turoperatorların iqtisadi rayonlar və inzibati ərazi vahidləri ,Ölkə üzrə - c ə m i,2018,56439.4
004_9.xls,4.9  Turagent və turoperatorların iqtisadi rayonlar və inzibati ərazi vahidləri ,Ölkə üzrə - c ə m i,2019,63363.8
004_9.xls,4.9  Turagent və turoperatorların iqtisadi rayonlar və inzibati ərazi vahidləri ,Ölkə üzrə - c ə m i,2020,16147.3
004_9.xls,4.9  Turagent və turoperatorların iqtisadi rayonlar və inzibati ərazi vahidləri ,Ölkə üzrə - c ə m i,2021,22614.8
004_9.xls,4.9  Turagent və turoperatorların iqtisadi rayonlar və inzibati ərazi vahidləri ,Ölkə üzrə - c ə m i,2022,53350.3
004_9.xls,4.9  Turagent və turoperatorların iqtisadi rayonlar və inzibati ərazi vahidləri ,Ölkə üzrə - c ə m i,2023,78772.7
004_9.xls,4.9  Turagent və turoperatorların iqtisadi rayonlar və inzibati ərazi vahidləri ,Ölkə üzrə - c ə m i,2024,166392.3
004_9.xls,4.9  Turagent və turoperatorların iqtisadi rayonlar və inzibati ərazi vahidləri ,Bakı şəhəri,2006,7918.9
004_9.xls,4.9  Turagent və turoperatorların iqtisadi rayonlar və inzibati ərazi vahidləri ,Bakı şəhəri,2007,15577.2
004_9.xls,4.9  Turagent və turoperatorların iqtisadi rayonlar və inzibati ərazi vahidləri ,Bakı şəhəri,2008,15392.0
004_9.xls,4.9  Turagent və turoperatorların iqtisadi rayonlar və inzibati ərazi vahidləri ,Bakı şəhəri,2009,17490.6
004_9.xls,4.9  Turagent və turoperatorların iqtisadi rayonlar və inzibati ərazi vahidləri ,Bakı şəhəri,2010,13692.8
004_9.xls,4.9  Turagent və turoperatorların iqtisadi rayonlar və inzibati ərazi vahidləri ,Bakı şəhəri,2011,16022.400000000001
004_9.xls,4.9  Turagent və turoperatorların iqtisadi rayonlar və inzibati ərazi vahidləri ,Bakı şəhəri,2012,20312.8
004_9.xls,4.9  Turagent və turoperatorların iqtisadi rayonlar və inzibati ərazi vahidləri ,Bakı şəhəri,2013,22668.7
004_9.xls,4.9  Turagent və turoperatorların iqtisadi rayonlar və inzibati ərazi vahidləri ,Bakı şəhəri,2014,24086.5
004_9.xls,4.9  Turagent və turoperatorların iqtisadi rayonlar və inzibati ərazi vahidləri ,Bakı şəhəri,2015,29432.1
004_9.xls,4.9  Turagent və turoperatorların iqtisadi rayonlar və inzibati ərazi vahidləri ,Bakı şəhəri,2016,28796.5
004_9.xls,4.9  Turagent və turoperatorların iqtisadi rayonlar və inzibati ərazi vahidləri ,Bakı şəhəri,2017,32339.4
004_9.xls,4.9  Turagent və turoperatorların iqtisadi rayonlar və inzibati ərazi vahidləri ,Bakı şəhəri,2018,47178.0
004_9.xls,4.9  Turagent və turoperatorların iqtisadi rayonlar və inzibati ərazi vahidləri ,Bakı şəhəri,2019,61718.9
004_9.xls,4.9  Turagent və turoperatorların iqtisadi rayonlar və inzibati ərazi vahidləri ,Bakı şəhəri,2020,15992.6
004_9.xls,4.9  Turagent və turoperatorların iqtisadi rayonlar və inzibati ərazi vahidləri ,Bakı şəhəri,2021,22105.5
004_9.xls,4.9  Turagent və turoperatorların iqtisadi rayonlar və inzibati ərazi vahidləri ,Bakı şəhəri,2022,49623.3
004_9.xls,4.9  Turagent və turoperatorların iqtisadi rayonlar və inzibati ərazi vahidləri ,Bakı şəhəri,2023,72691.4
004_9.xls,4.9  Turagent və turoperatorların iqtisadi rayonlar və inzibati ərazi vahidləri ,Bakı şəhəri,2024,155189.8
004_9.xls,4.9  Turagent və turoperatorların iqtisadi rayonlar və inzibati ərazi vahidləri ,Binəqədi rayonu,2006,8.5
004_9.xls,4.9  Turagent və turoperatorların iqtisadi rayonlar və inzibati ərazi vahidləri ,Binəqədi rayonu,2007,54.7
004_9.xls,4.9  Turagent və turoperatorların iqtisadi rayonlar və inzibati ərazi vahidləri ,Binəqədi rayonu,2008,124.3
004_9.xls,4.9  Turagent və turoperatorların iqtisadi rayonlar və inzibati ərazi vahidləri ,Binəqədi rayonu,2009,176.2
004_9.xls,4.9  Turagent və turoperatorların iqtisadi rayonlar və inzibati ərazi vahidləri ,Binəqədi rayonu,2013,255.0
004_9.xls,4.9  Turagent və turoperatorların iqtisadi rayonlar və inzibati ərazi vahidləri ,Binəqədi rayonu,2014,259.8
004_9.xls,4.9  Turagent və turoperatorların iqtisadi rayonlar və inzibati ərazi vahidləri ,Binəqədi rayonu,2015,284.8
004_9.xls,4.9  Turagent və turoperatorların iqtisadi rayonlar və inzibati ərazi vahidləri ,Binəqədi rayonu,2016,359.5
004_9.xls,4.9  Turagent və turoperatorların iqtisadi rayonlar və inzibati ərazi vahidləri ,Binəqədi rayonu,2017,483.5
004_9.xls,4.9  Turagent və turoperatorların iqtisadi rayonlar və inzibati ərazi vahidləri ,Binəqədi rayonu,2018,466.9
004_9.xls,4.9  Turagent və turoperatorların iqtisadi rayonlar və inzibati ərazi vahidləri ,Binəqədi rayonu,2019,775.2
004_9.xls,4.9  Turagent və turoperatorların iqtisadi rayonlar və inzibati ərazi vahidləri ,Binəqədi rayonu,2020,416.0
004_9.xls,4.9  Turagent və turoperatorların iqtisadi rayonlar və inzibati ərazi vahidləri ,Binəqədi rayonu,2021,329.1
004_9.xls,4.9  Turagent və turoperatorların iqtisadi rayonlar və inzibati ərazi vahidləri ,Binəqədi rayonu,2022,847.5
004_9.xls,4.9  Turagent və turoperatorların iqtisadi rayonlar və inzibati ərazi vahidləri ,Binəqədi rayonu,2023,1109.1
004_9.xls,4.9  Turagent və turoperatorların iqtisadi rayonlar və inzibati ərazi vahidləri ,Binəqədi rayonu,2024,1089.4
004_9.xls,4.9  Turagent və turoperatorların iqtisadi rayonlar və inzibati ərazi vahidləri ,Xətai rayonu,2006,163.9
004_9.xls,4.9  Turagent və turoperatorların iqtisadi rayonlar və inzibati ərazi vahidləri ,Xətai rayonu,2007,122.7
004_9.xls,4.9  Turagent və turoperatorların iqtisadi rayonlar və inzibati ərazi vahidləri ,Xətai rayonu,2008,188.8
004_9.xls,4.9  Turagent və turoperatorların iqtisadi rayonlar və inzibati ərazi vahidləri ,Xətai rayonu,2009,292.3
004_9.xls,4.9  Turagent və turoperatorların iqtisadi rayonlar və inzibati ərazi vahidləri ,Xətai rayonu,2010,1038.4
004_9.xls,4.9  Turagent və turoperatorların iqtisadi rayonlar və inzibati ərazi vahidləri ,Xətai rayonu,2011,1801.4
004_9.xls,4.9  Turagent və turoperatorların iqtisadi rayonlar və inzibati ərazi vahidləri ,Xətai rayonu,2012,1824.8
004_9.xls,4.9  Turagent və turoperatorların iqtisadi rayonlar və inzibati ərazi vahidləri ,Xətai rayonu,2013,1345.9
004_9.xls,4.9  Turagent və turoperatorların iqtisadi rayonlar və inzibati ərazi vahidləri ,Xətai rayonu,2014,820.1
004_9.xls,4.9  Turagent və turoperatorların iqtisadi rayonlar və inzibati ərazi vahidləri ,Xətai rayonu,2015,858.1
004_9.xls,4.9  Turagent və turoperatorların iqtisadi rayonlar və inzibati ərazi vahidləri ,Xətai rayonu,2016,807.4
004_9.xls,4.9  Turagent və turoperatorların iqtisadi rayonlar və inzibati ərazi vahidləri ,Xətai rayonu,2017,1513.3
004_9.xls,4.9  Turagent və turoperatorların iqtisadi rayonlar və inzibati ərazi vahidləri ,Xətai rayonu,2018,2699.9
004_9.xls,4.9  Turagent və turoperatorların iqtisadi rayonlar və inzibati ərazi vahidləri ,Xətai rayonu,2019,3361.3
004_9.xls,4.9  Turagent və turoperatorların iqtisadi rayonlar və inzibati ərazi vahidləri ,Xətai rayonu,2020,800.2
004_9.xls,4.9  Turagent və turoperatorların iqtisadi rayonlar və inzibati ərazi vahidləri ,Xətai rayonu,2021,1121.5
004_9.xls,4.9  Turagent və turoperatorların iqtisadi rayonlar və inzibati ərazi vahidləri ,Xətai rayonu,2022,1990.0
004_9.xls,4.9  Turagent və turoperatorların iqtisadi rayonlar və inzibati ərazi vahidləri ,Xətai rayonu,2023,3255.5
004_9.xls,4.9  Turagent və turoperatorların iqtisadi rayonlar və inzibati ərazi vahidləri ,Xətai rayonu,2024,6832.9
004_9.xls,4.9  Turagent və turoperatorların iqtisadi rayonlar və inzibati ərazi vahidləri ,Xəzər rayonu,2006,36.4
004_9.xls,4.9  Turagent və turoperatorların iqtisadi rayonlar və inzibati ərazi vahidləri ,Xəzər rayonu,2007,1158.8
004_9.xls,4.9  Turagent və turoperatorların iqtisadi rayonlar və inzibati ərazi vahidləri ,Xəzər rayonu,2008,952.7
004_9.xls,4.9  Turagent və turoperatorların iqtisadi rayonlar və inzibati ərazi vahidləri ,Xəzər rayonu,2009,990.0
004_9.xls,4.9  Turagent və turoperatorların iqtisadi rayonlar və inzibati ərazi vahidləri ,Xəzər rayonu,2015,21.0
004_9.xls,4.9  Turagent və turoperatorların iqtisadi rayonlar və inzibati ərazi vahidləri ,Xəzər rayonu,2016,324.8
004_9.xls,4.9  Turagent və turoperatorların iqtisadi rayonlar və inzibati ərazi vahidləri ,Xəzər rayonu,2017,129.5
004_9.xls,4.9  Turagent və turoperatorların iqtisadi rayonlar və inzibati ərazi vahidləri ,Xəzər rayonu,2018,167.3
004_9.xls,4.9  Turagent və turoperatorların iqtisadi rayonlar və inzibati ərazi vahidləri ,Xəzər rayonu,2019,209.7
004_9.xls,4.9  Turagent və turoperatorların iqtisadi rayonlar və inzibati ərazi vahidləri ,Xəzər rayonu,2020,8.9
004_9.xls,4.9  Turagent və turoperatorların iqtisadi rayonlar və inzibati ərazi vahidləri ,Xəzər rayonu,2021,8.7
004_9.xls,4.9  Turagent və turoperatorların iqtisadi rayonlar və inzibati ərazi vahidləri ,Xəzər rayonu,2022,567.4
004_9.xls,4.9  Turagent və turoperatorların iqtisadi rayonlar və inzibati ərazi vahidləri ,Xəzər rayonu,2023,118.2
004_9.xls,4.9  Turagent və turoperatorların iqtisadi rayonlar və inzibati ərazi vahidləri ,Xəzər rayonu,2024,1148.8
004_9.xls,4.9  Turagent və turoperatorların iqtisadi rayonlar və inzibati ərazi vahidləri ,Qaradağ rayonu,2018,142.2
004_9.xls,4.9  Turagent və turoperatorların iqtisadi rayonlar və inzibati ərazi vahidləri ,Qaradağ rayonu,2019,278.4
004_9.xls,4.9  Turagent və turoperatorların iqtisadi rayonlar və inzibati ərazi vahidləri ,Qaradağ rayonu,2020,50.4
004_9.xls,4.9  Turagent və turoperatorların iqtisadi rayonlar və inzibati ərazi vahidləri ,Qaradağ rayonu,2022,9.1
004_9.xls,4.9  Turagent və turoperatorların iqtisadi rayonlar və inzibati ərazi vahidləri ,Qaradağ rayonu,2024,61.1
004_9.xls,4.9  Turagent və turoperatorların iqtisadi rayonlar və inzibati ərazi vahidləri ,Nərimanov rayonu,2006,1146.9
004_9.xls,4.9  Turagent və turoperatorların iqtisadi rayonlar və inzibati ərazi vahidləri ,Nərimanov rayonu,2007,5926.8
004_9.xls,4.9  Turagent və turoperatorların iqtisadi rayonlar və inzibati ərazi vahidləri ,Nərimanov rayonu,2008,6201.6
004_9.xls,4.9  Turagent və turoperatorların iqtisadi rayonlar və inzibati ərazi vahidləri ,Nərimanov rayonu,2009,6843.2
004_9.xls,4.9  Turagent və turoperatorların iqtisadi rayonlar və inzibati ərazi vahidləri ,Nərimanov rayonu,2010,681.8
004_9.xls,4.9  Turagent və turoperatorların iqtisadi rayonlar və inzibati ərazi vahidləri ,Nərimanov rayonu,2011,1146.7
004_9.xls,4.9  Turagent və turoperatorların iqtisadi rayonlar və inzibati ərazi vahidləri ,Nərimanov rayonu,2012,1413.2
004_9.xls,4.9  Turagent və turoperatorların iqtisadi rayonlar və inzibati ərazi vahidləri ,Nərimanov rayonu,2013,1939.7
004_9.xls,4.9  Turagent və turoperatorların iqtisadi rayonlar və inzibati ərazi vahidləri ,Nərimanov rayonu,2014,1792.9
004_9.xls,4.9  Turagent və turoperatorların iqtisadi rayonlar və inzibati ərazi vahidləri ,Nərimanov rayonu,2015,2249.6
004_9.xls,4.9  Turagent və turoperatorların iqtisadi rayonlar və inzibati ərazi vahidləri ,Nərimanov rayonu,2016,1589.6
004_9.xls,4.9  Turagent və turoperatorların iqtisadi rayonlar və inzibati ərazi vahidləri ,Nərimanov rayonu,2017,2512.7
004_9.xls,4.9  Turagent və turoperatorların iqtisadi rayonlar və inzibati ərazi vahidləri ,Nərimanov rayonu,2018,1647.9
004_9.xls,4.9  Turagent və turoperatorların iqtisadi rayonlar və inzibati ərazi vahidləri ,Nərimanov rayonu,2019,1724.0
004_9.xls,4.9  Turagent və turoperatorların iqtisadi rayonlar və inzibati ərazi vahidləri ,Nərimanov rayonu,2020,241.0
004_9.xls,4.9  Turagent və turoperatorların iqtisadi rayonlar və inzibati ərazi vahidləri ,Nərimanov rayonu,2021,498.9
004_9.xls,4.9  Turagent və turoperatorların iqtisadi rayonlar və inzibati ərazi vahidləri ,Nərimanov rayonu,2022,3748.0
004_9.xls,4.9  Turagent və turoperatorların iqtisadi rayonlar və inzibati ərazi vahidləri ,Nərimanov rayonu,2023,5370.0
004_9.xls,4.9  Turagent və turoperatorların iqtisadi rayonlar və inzibati ərazi vahidləri ,Nərimanov rayonu,2024,9304.4
004_9.xls,4.9  Turagent və turoperatorların iqtisadi rayonlar və inzibati ərazi vahidləri ,Nəsimi rayonu,2006,1963.0
004_9.xls,4.9  Turagent və turoperatorların iqtisadi rayonlar və inzibati ərazi vahidləri ,Nəsimi rayonu,2007,2483.0
004_9.xls,4.9  Turagent və turoperatorların iqtisadi rayonlar və inzibati ərazi vahidləri ,Nəsimi rayonu,2008,2004.8
004_9.xls,4.9  Turagent və turoperatorların iqtisadi rayonlar və inzibati ərazi vahidləri ,Nəsimi rayonu,2009,1934.3
004_9.xls,4.9  Turagent və turoperatorların iqtisadi rayonlar və inzibati ərazi vahidləri ,Nəsimi rayonu,2010,2369.1
004_9.xls,4.9  Turagent və turoperatorların iqtisadi rayonlar və inzibati ərazi vahidləri ,Nəsimi rayonu,2011,1961.1
004_9.xls,4.9  Turagent və turoperatorların iqtisadi rayonlar və inzibati ərazi vahidləri ,Nəsimi rayonu,2012,2399.1
004_9.xls,4.9  Turagent və turoperatorların iqtisadi rayonlar və inzibati ərazi vahidləri ,Nəsimi rayonu,2013,2695.7
004_9.xls,4.9  Turagent və turoperatorların iqtisadi rayonlar və inzibati ərazi vahidləri ,Nəsimi rayonu,2014,3033.8
004_9.xls,4.9  Turagent və turoperatorların iqtisadi rayonlar və inzibati ərazi vahidləri ,Nəsimi rayonu,2015,3490.7
004_9.xls,4.9  Turagent və turoperatorların iqtisadi rayonlar və inzibati ərazi vahidləri ,Nəsimi rayonu,2016,2707.3
004_9.xls,4.9  Turagent və turoperatorların iqtisadi rayonlar və inzibati ərazi vahidləri ,Nəsimi rayonu,2017,3252.3
004_9.xls,4.9  Turagent və turoperatorların iqtisadi rayonlar və inzibati ərazi vahidləri ,Nəsimi rayonu,2018,5120.6
004_9.xls,4.9  Turagent və turoperatorların iqtisadi rayonlar və inzibati ərazi vahidləri ,Nəsimi rayonu,2019,8778.8
004_9.xls,4.9  Turagent və turoperatorların iqtisadi rayonlar və inzibati ərazi vahidləri ,Nəsimi rayonu,2020,2924.1
004_9.xls,4.9  Turagent və turoperatorların iqtisadi rayonlar və inzibati ərazi vahidləri ,Nəsimi rayonu,2021,3689.1
004_9.xls,4.9  Turagent və turoperatorların iqtisadi rayonlar və inzibati ərazi vahidləri ,Nəsimi rayonu,2022,11009.7
004_9.xls,4.9  Turagent və turoperatorların iqtisadi rayonlar və inzibati ərazi vahidləri ,Nəsimi rayonu,2023,32136.6
004_9.xls,4.9  Turagent və turoperatorların iqtisadi rayonlar və inzibati ərazi vahidləri ,Nəsimi rayonu,2024,106526.3
004_9.xls,4.9  Turagent və turoperatorların iqtisadi rayonlar və inzibati ərazi vahidləri ,Nizami rayonu,2006,150.4
004_9.xls,4.9  Turagent və turoperatorların iqtisadi rayonlar və inzibati ərazi vahidləri ,Nizami rayonu,2007,1332.4
004_9.xls,4.9  Turagent və turoperatorların iqtisadi rayonlar və inzibati ərazi vahidləri ,Nizami rayonu,2008,1118.5
004_9.xls,4.9  Turagent və turoperatorların iqtisadi rayonlar və inzibati ərazi vahidləri ,Nizami rayonu,2009,1147.9
004_9.xls,4.9  Turagent və turoperatorların iqtisadi rayonlar və inzibati ərazi vahidləri ,Nizami rayonu,2010,896.1
004_9.xls,4.9  Turagent və turoperatorların iqtisadi rayonlar və inzibati ərazi vahidləri ,Nizami rayonu,2011,1626.2
004_9.xls,4.9  Turagent və turoperatorların iqtisadi rayonlar və inzibati ərazi vahidləri ,Nizami rayonu,2012,1652.0
004_9.xls,4.9  Turagent və turoperatorların iqtisadi rayonlar və inzibati ərazi vahidləri ,Nizami rayonu,2013,2180.6
004_9.xls,4.9  Turagent və turoperatorların iqtisadi rayonlar və inzibati ərazi vahidləri ,Nizami rayonu,2014,432.7
004_9.xls,4.9  Turagent və turoperatorların iqtisadi rayonlar və inzibati ərazi vahidləri ,Nizami rayonu,2015,129.3
004_9.xls,4.9  Turagent və turoperatorların iqtisadi rayonlar və inzibati ərazi vahidləri ,Nizami rayonu,2016,246.5
004_9.xls,4.9  Turagent və turoperatorların iqtisadi rayonlar və inzibati ərazi vahidləri ,Nizami rayonu,2017,274.5
004_9.xls,4.9  Turagent və turoperatorların iqtisadi rayonlar və inzibati ərazi vahidləri ,Nizami rayonu,2018,271.3
004_9.xls,4.9  Turagent və turoperatorların iqtisadi rayonlar və inzibati ərazi vahidləri ,Nizami rayonu,2019,332.5
004_9.xls,4.9  Turagent və turoperatorların iqtisadi rayonlar və inzibati ərazi vahidləri ,Nizami rayonu,2020,220.3
004_9.xls,4.9  Turagent və turoperatorların iqtisadi rayonlar və inzibati ərazi vahidləri ,Nizami rayonu,2021,88.5
004_9.xls,4.9  Turagent və turoperatorların iqtisadi rayonlar və inzibati ərazi vahidləri ,Nizami rayonu,2022,268.8
004_9.xls,4.9  Turagent və turoperatorların iqtisadi rayonlar və inzibati ərazi vahidləri ,Nizami rayonu,2023,291.8
004_9.xls,4.9  Turagent və turoperatorların iqtisadi rayonlar və inzibati ərazi vahidləri ,Nizami rayonu,2024,854.0
004_9.xls,4.9  Turagent və turoperatorların iqtisadi rayonlar və inzibati ərazi vahidləri ,Sabunçu rayonu,2006,4.8
004_9.xls,4.9  Turagent və turoperatorların iqtisadi rayonlar və inzibati ərazi vahidləri ,Sabunçu rayonu,2007,17.0
004_9.xls,4.9  Turagent və turoperatorların iqtisadi rayonlar və inzibati ərazi vahidləri ,Sabunçu rayonu,2008,25.3
004_9.xls,4.9  Turagent və turoperatorların iqtisadi rayonlar və inzibati ərazi vahidləri ,Sabunçu rayonu,2009,157.8
004_9.xls,4.9  Turagent və turoperatorların iqtisadi rayonlar və inzibati ərazi vahidləri ,Sabunçu rayonu,2010,136.9
004_9.xls,4.9  Turagent və turoperatorların iqtisadi rayonlar və inzibati ərazi vahidləri ,Sabunçu rayonu,2011,119.8
004_9.xls,4.9  Turagent və turoperatorların iqtisadi rayonlar və inzibati ərazi vahidləri ,Sabunçu rayonu,2012,513.0
004_9.xls,4.9  Turagent və turoperatorların iqtisadi rayonlar və inzibati ərazi vahidləri ,Sabunçu rayonu,2013,452.6
004_9.xls,4.9  Turagent və turoperatorların iqtisadi rayonlar və inzibati ərazi vahidləri ,Sabunçu rayonu,2014,782.7
004_9.xls,4.9  Turagent və turoperatorların iqtisadi rayonlar və inzibati ərazi vahidləri ,Sabunçu rayonu,2015,1014.8
004_9.xls,4.9  Turagent və turoperatorların iqtisadi rayonlar və inzibati ərazi vahidləri ,Sabunçu rayonu,2016,1084.1
004_9.xls,4.9  Turagent və turoperatorların iqtisadi rayonlar və inzibati ərazi vahidləri ,Sabunçu rayonu,2017,1505.6
004_9.xls,4.9  Turagent və turoperatorların iqtisadi rayonlar və inzibati ərazi vahidləri ,Sabunçu rayonu,2018,1751.4
004_9.xls,4.9  Turagent və turoperatorların iqtisadi rayonlar və inzibati ərazi vahidləri ,Sabunçu rayonu,2019,3377.9
004_9.xls,4.9  Turagent və turoperatorların iqtisadi rayonlar və inzibati ərazi vahidləri ,Sabunçu rayonu,2020,409.1
004_9.xls,4.9  Turagent və turoperatorların iqtisadi rayonlar və inzibati ərazi vahidləri ,Sabunçu rayonu,2021,267.3
004_9.xls,4.9  Turagent və turoperatorların iqtisadi rayonlar və inzibati ərazi vahidləri ,Sabunçu rayonu,2022,2230.4
004_9.xls,4.9  Turagent və turoperatorların iqtisadi rayonlar və inzibati ərazi vahidləri ,Sabunçu rayonu,2023,891.8
004_9.xls,4.9  Turagent və turoperatorların iqtisadi rayonlar və inzibati ərazi vahidləri ,Sabunçu rayonu,2024,1374.7
004_9.xls,4.9  Turagent və turoperatorların iqtisadi rayonlar və inzibati ərazi vahidləri ,Səbail rayonu,2006,3933.0
004_9.xls,4.9  Turagent və turoperatorların iqtisadi rayonlar və inzibati ərazi vahidləri ,Səbail rayonu,2007,3557.1
004_9.xls,4.9  Turagent və turoperatorların iqtisadi rayonlar və inzibati ərazi vahidləri ,Səbail rayonu,2008,2900.5
004_9.xls,4.9  Turagent və turoperatorların iqtisadi rayonlar və inzibati ərazi vahidləri ,Səbail rayonu,2009,3376.4
004_9.xls,4.9  Turagent və turoperatorların iqtisadi rayonlar və inzibati ərazi vahidləri ,Səbail rayonu,2010,4648.1
004_9.xls,4.9  Turagent və turoperatorların iqtisadi rayonlar və inzibati ərazi vahidləri ,Səbail rayonu,2011,6425.7
004_9.xls,4.9  Turagent və turoperatorların iqtisadi rayonlar və inzibati ərazi vahidləri ,Səbail rayonu,2012,9677.2
004_9.xls,4.9  Turagent və turoperatorların iqtisadi rayonlar və inzibati ərazi vahidləri ,Səbail rayonu,2013,12115.0
004_9.xls,4.9  Turagent və turoperatorların iqtisadi rayonlar və inzibati ərazi vahidləri ,Səbail rayonu,2014,14377.3
004_9.xls,4.9  Turagent və turoperatorların iqtisadi rayonlar və inzibati ərazi vahidləri ,Səbail rayonu,2015,17976.7
004_9.xls,4.9  Turagent və turoperatorların iqtisadi rayonlar və inzibati ərazi vahidləri ,Səbail rayonu,2016,15807.5
004_9.xls,4.9  Turagent və turoperatorların iqtisadi rayonlar və inzibati ərazi vahidləri ,Səbail rayonu,2017,17692.3
004_9.xls,4.9  Turagent və turoperatorların iqtisadi rayonlar və inzibati ərazi vahidləri ,Səbail rayonu,2018,31866.5
004_9.xls,4.9  Turagent və turoperatorların iqtisadi rayonlar və inzibati ərazi vahidləri ,Səbail rayonu,2019,37120.2
004_9.xls,4.9  Turagent və turoperatorların iqtisadi rayonlar və inzibati ərazi vahidləri ,Səbail rayonu,2020,9921.3
004_9.xls,4.9  Turagent və turoperatorların iqtisadi rayonlar və inzibati ərazi vahidləri ,Səbail rayonu,2021,14059.7
004_9.xls,4.9  Turagent və turoperatorların iqtisadi rayonlar və inzibati ərazi vahidləri ,Səbail rayonu,2022,20767.4
004_9.xls,4.9  Turagent və turoperatorların iqtisadi rayonlar və inzibati ərazi vahidləri ,Səbail rayonu,2023,10898.4
004_9.xls,4.9  Turagent və turoperatorların iqtisadi rayonlar və inzibati ərazi vahidləri ,Səbail rayonu,2024,12795.7
004_9.xls,4.9  Turagent və turoperatorların iqtisadi rayonlar və inzibati ərazi vahidləri ,Suraxanı rayonu,2006,87.5
004_9.xls,4.9  Turagent və turoperatorların iqtisadi rayonlar və inzibati ərazi vahidləri ,Suraxanı rayonu,2007,348.9
004_9.xls,4.9  Turagent və turoperatorların iqtisadi rayonlar və inzibati ərazi vahidləri ,Suraxanı rayonu,2008,1106.4
004_9.xls,4.9  Turagent və turoperatorların iqtisadi rayonlar və inzibati ərazi vahidləri ,Suraxanı rayonu,2009,817.5
004_9.xls,4.9  Turagent və turoperatorların iqtisadi rayonlar və inzibati ərazi vahidləri ,Suraxanı rayonu,2010,670.0
004_9.xls,4.9  Turagent və turoperatorların iqtisadi rayonlar və inzibati ərazi vahidləri ,Suraxanı rayonu,2012,14.3
004_9.xls,4.9  Turagent və turoperatorların iqtisadi rayonlar və inzibati ərazi vahidləri ,Suraxanı rayonu,2013,44.2
004_9.xls,4.9  Turagent və turoperatorların iqtisadi rayonlar və inzibati ərazi vahidləri ,Suraxanı rayonu,2014,41.5
004_9.xls,4.9  Turagent və turoperatorların iqtisadi rayonlar və inzibati ərazi vahidləri ,Suraxanı rayonu,2015,107.3
004_9.xls,4.9  Turagent və turoperatorların iqtisadi rayonlar və inzibati ərazi vahidləri ,Suraxanı rayonu,2016,246.6
004_9.xls,4.9  Turagent və turoperatorların iqtisadi rayonlar və inzibati ərazi vahidləri ,Suraxanı rayonu,2017,310.2
004_9.xls,4.9  Turagent və turoperatorların iqtisadi rayonlar və inzibati ərazi vahidləri ,Suraxanı rayonu,2018,77.2
004_9.xls,4.9  Turagent və turoperatorların iqtisadi rayonlar və inzibati ərazi vahidləri ,Suraxanı rayonu,2019,97.7
004_9.xls,4.9  Turagent və turoperatorların iqtisadi rayonlar və inzibati ərazi vahidləri ,Suraxanı rayonu,2020,4.8
004_9.xls,4.9  Turagent və turoperatorların iqtisadi rayonlar və inzibati ərazi vahidləri ,Suraxanı rayonu,2021,4.7
004_9.xls,4.9  Turagent və turoperatorların iqtisadi rayonlar və inzibati ərazi vahidləri ,Suraxanı rayonu,2022,173.1
004_9.xls,4.9  Turagent və turoperatorların iqtisadi rayonlar və inzibati ərazi vahidləri ,Suraxanı rayonu,2023,178.9
004_9.xls,4.9  Turagent və turoperatorların iqtisadi rayonlar və inzibati ərazi vahidləri ,Suraxanı rayonu,2024,994.9
004_9.xls,4.9  Turagent və turoperatorların iqtisadi rayonlar və inzibati ərazi vahidləri ,Yasamal rayonu,2006,424.5
004_9.xls,4.9  Turagent və turoperatorların iqtisadi rayonlar və inzibati ərazi vahidləri ,Yasamal rayonu,2007,575.8
004_9.xls,4.9  Turagent və turoperatorların iqtisadi rayonlar və inzibati ərazi vahidləri ,Yasamal rayonu,2008,769.1
004_9.xls,4.9  Turagent və turoperatorların iqtisadi rayonlar və inzibati ərazi vahidləri ,Yasamal rayonu,2009,1755.0
004_9.xls,4.9  Turagent və turoperatorların iqtisadi rayonlar və inzibati ərazi vahidləri ,Yasamal rayonu,2010,3252.4
004_9.xls,4.9  Turagent və turoperatorların iqtisadi rayonlar və inzibati ərazi vahidləri ,Yasamal rayonu,2011,2941.5
004_9.xls,4.9  Turagent və turoperatorların iqtisadi rayonlar və inzibati ərazi vahidləri ,Yasamal rayonu,2012,2819.2
004_9.xls,4.9  Turagent və turoperatorların iqtisadi rayonlar və inzibati ərazi vahidləri ,Yasamal rayonu,2013,1640.0
004_9.xls,4.9  Turagent və turoperatorların iqtisadi rayonlar və inzibati ərazi vahidləri ,Yasamal rayonu,2014,2545.7
004_9.xls,4.9  Turagent və turoperatorların iqtisadi rayonlar və inzibati ərazi vahidləri ,Yasamal rayonu,2015,3299.8
004_9.xls,4.9  Turagent və turoperatorların iqtisadi rayonlar və inzibati ərazi vahidləri ,Yasamal rayonu,2016,5623.1
004_9.xls,4.9  Turagent və turoperatorların iqtisadi rayonlar və inzibati ərazi vahidləri ,Yasamal rayonu,2017,4665.5
004_9.xls,4.9  Turagent və turoperatorların iqtisadi rayonlar və inzibati ərazi vahidləri ,Yasamal rayonu,2018,2966.8
004_9.xls,4.9  Turagent və turoperatorların iqtisadi rayonlar və inzibati ərazi vahidləri ,Yasamal rayonu,2019,5663.2
004_9.xls,4.9  Turagent və turoperatorların iqtisadi rayonlar və inzibati ərazi vahidləri ,Yasamal rayonu,2020,996.5
004_9.xls,4.9  Turagent və turoperatorların iqtisadi rayonlar və inzibati ərazi vahidləri ,Yasamal rayonu,2021,2038.0
004_9.xls,4.9  Turagent və turoperatorların iqtisadi rayonlar və inzibati ərazi vahidləri ,Yasamal rayonu,2022,8011.9
004_9.xls,4.9  Turagent və turoperatorların iqtisadi rayonlar və inzibati ərazi vahidləri ,Yasamal rayonu,2023,18441.1
004_9.xls,4.9  Turagent və turoperatorların iqtisadi rayonlar və inzibati ərazi vahidləri ,Yasamal rayonu,2024,14207.6
004_9.xls,4.9  Turagent və turoperatorların iqtisadi rayonlar və inzibati ərazi vahidləri ,Abşeron-Xızı iqtisadi rayonu,2006,59.6
004_9.xls,4.9  Turagent və turoperatorların iqtisadi rayonlar və inzibati ərazi vahidləri ,Abşeron-Xızı iqtisadi rayonu,2007,78.8
004_9.xls,4.9  Turagent və turoperatorların iqtisadi rayonlar və inzibati ərazi vahidləri ,Abşeron-Xızı iqtisadi rayonu,2008,54.2
004_9.xls,4.9  Turagent və turoperatorların iqtisadi rayonlar və inzibati ərazi vahidləri ,Abşeron-Xızı iqtisadi rayonu,2009,51.6
004_9.xls,4.9  Turagent və turoperatorların iqtisadi rayonlar və inzibati ərazi vahidləri ,Abşeron-Xızı iqtisadi rayonu,2010,78.8
004_9.xls,4.9  Turagent və turoperatorların iqtisadi rayonlar və inzibati ərazi vahidləri ,Abşeron-Xızı iqtisadi rayonu,2011,97.1
004_9.xls,4.9  Turagent və turoperatorların iqtisadi rayonlar və inzibati ərazi vahidləri ,Abşeron-Xızı iqtisadi rayonu,2012,79.1
004_9.xls,4.9  Turagent və turoperatorların iqtisadi rayonlar və inzibati ərazi vahidləri ,Abşeron-Xızı iqtisadi rayonu,2013,104.9
004_9.xls,4.9  Turagent və turoperatorların iqtisadi rayonlar və inzibati ərazi vahidləri ,Abşeron-Xızı iqtisadi rayonu,2014,123.9
004_9.xls,4.9  Turagent və turoperatorların iqtisadi rayonlar və inzibati ərazi vahidləri ,Abşeron-Xızı iqtisadi rayonu,2015,68.5
004_9.xls,4.9  Turagent və turoperatorların iqtisadi rayonlar və inzibati ərazi vahidləri ,Abşeron-Xızı iqtisadi rayonu,2016,614.8
004_9.xls,4.9  Turagent və turoperatorların iqtisadi rayonlar və inzibati ərazi vahidləri ,Abşeron-Xızı iqtisadi rayonu,2017,226.9
004_9.xls,4.9  Turagent və turoperatorların iqtisadi rayonlar və inzibati ərazi vahidləri ,Abşeron-Xızı iqtisadi rayonu,2018,836.1
004_9.xls,4.9  Turagent və turoperatorların iqtisadi rayonlar və inzibati ərazi vahidləri ,Abşeron-Xızı iqtisadi rayonu,2019,1058.3
004_9.xls,4.9  Turagent və turoperatorların iqtisadi rayonlar və inzibati ərazi vahidləri ,Abşeron-Xızı iqtisadi rayonu,2020,37.0
004_9.xls,4.9  Turagent və turoperatorların iqtisadi rayonlar və inzibati ərazi vahidləri ,Abşeron-Xızı iqtisadi rayonu,2021,34.8
004_9.xls,4.9  Turagent və turoperatorların iqtisadi rayonlar və inzibati ərazi vahidləri ,Abşeron-Xızı iqtisadi rayonu,2022,441.3
004_9.xls,4.9  Turagent və turoperatorların iqtisadi rayonlar və inzibati ərazi vahidləri ,Abşeron-Xızı iqtisadi rayonu,2023,2382.1
004_9.xls,4.9  Turagent və turoperatorların iqtisadi rayonlar və inzibati ərazi vahidləri ,Abşeron-Xızı iqtisadi rayonu,2024,3121.1
004_9.xls,4.9  Turagent və turoperatorların iqtisadi rayonlar və inzibati ərazi vahidləri ,Sumqayıt şəhəri,2006,59.6
004_9.xls,4.9  Turagent və turoperatorların iqtisadi rayonlar və inzibati ərazi vahidləri ,Sumqayıt şəhəri,2007,78.8
004_9.xls,4.9  Turagent və turoperatorların iqtisadi rayonlar və inzibati ərazi vahidləri ,Sumqayıt şəhəri,2008,54.2
004_9.xls,4.9  Turagent və turoperatorların iqtisadi rayonlar və inzibati ərazi vahidləri ,Sumqayıt şəhəri,2009,51.6
004_9.xls,4.9  Turagent və turoperatorların iqtisadi rayonlar və inzibati ərazi vahidləri ,Sumqayıt şəhəri,2010,78.8
004_9.xls,4.9  Turagent və turoperatorların iqtisadi rayonlar və inzibati ərazi vahidləri ,Sumqayıt şəhəri,2011,97.1
004_9.xls,4.9  Turagent və turoperatorların iqtisadi rayonlar və inzibati ərazi vahidləri ,Sumqayıt şəhəri,2012,79.1
004_9.xls,4.9  Turagent və turoperatorların iqtisadi rayonlar və inzibati ərazi vahidləri ,Sumqayıt şəhəri,2013,104.9
004_9.xls,4.9  Turagent və turoperatorların iqtisadi rayonlar və inzibati ərazi vahidləri ,Sumqayıt şəhəri,2014,123.9
004_9.xls,4.9  Turagent və turoperatorların iqtisadi rayonlar və inzibati ərazi vahidləri ,Sumqayıt şəhəri,2015,68.5
004_9.xls,4.9  Turagent və turoperatorların iqtisadi rayonlar və inzibati ərazi vahidləri ,Sumqayıt şəhəri,2016,15.5
004_9.xls,4.9  Turagent və turoperatorların iqtisadi rayonlar və inzibati ərazi vahidləri ,Sumqayıt şəhəri,2017,118.4
004_9.xls,4.9  Turagent və turoperatorların iqtisadi rayonlar və inzibati ərazi vahidləri ,Sumqayıt şəhəri,2018,381.0
004_9.xls,4.9  Turagent və turoperatorların iqtisadi rayonlar və inzibati ərazi vahidləri ,Sumqayıt şəhəri,2019,269.8
004_9.xls,4.9  Turagent və turoperatorların iqtisadi rayonlar və inzibati ərazi vahidləri ,Sumqayıt şəhəri,2020,24.1
004_9.xls,4.9  Turagent və turoperatorların iqtisadi rayonlar və inzibati ərazi vahidləri ,Sumqayıt şəhəri,2021,34.8
004_9.xls,4.9  Turagent və turoperatorların iqtisadi rayonlar və inzibati ərazi vahidləri ,Sumqayıt şəhəri,2022,269.9
004_9.xls,4.9  Turagent və turoperatorların iqtisadi rayonlar və inzibati ərazi vahidləri ,Sumqayıt şəhəri,2023,317.3
004_9.xls,4.9  Turagent və turoperatorların iqtisadi rayonlar və inzibati ərazi vahidləri ,Sumqayıt şəhəri,2024,1775.9
004_9.xls,4.9  Turagent və turoperatorların iqtisadi rayonlar və inzibati ərazi vahidləri ,Abşeron rayonu,2016,599.3
004_9.xls,4.9  Turagent və turoperatorların iqtisadi rayonlar və inzibati ərazi vahidləri ,Abşeron rayonu,2017,108.5
004_9.xls,4.9  Turagent və turoperatorların iqtisadi rayonlar və inzibati ərazi vahidləri ,Abşeron rayonu,2018,455.1
004_9.xls,4.9  Turagent və turoperatorların iqtisadi rayonlar və inzibati ərazi vahidləri ,Abşeron rayonu,2019,788.5
004_9.xls,4.9  Turagent və turoperatorların iqtisadi rayonlar və inzibati ərazi vahidləri ,Abşeron rayonu,2020,12.9
004_9.xls,4.9  Turagent və turoperatorların iqtisadi rayonlar və inzibati ərazi vahidləri ,Abşeron rayonu,2022,171.4
004_9.xls,4.9  Turagent və turoperatorların iqtisadi rayonlar və inzibati ərazi vahidləri ,Abşeron rayonu,2023,2064.8
004_9.xls,4.9  Turagent və turoperatorların iqtisadi rayonlar və inzibati ərazi vahidləri ,Abşeron rayonu,2024,1345.2
004_9.xls,4.9  Turagent və turoperatorların iqtisadi rayonlar və inzibati ərazi vahidləri ,Dağlıq Şirvan iqtisadi rayonu,2006,6.1
004_9.xls,4.9  Turagent və turoperatorların iqtisadi rayonlar və inzibati ərazi vahidləri ,Dağlıq Şirvan iqtisadi rayonu,2016,2.2
004_9.xls,4.9  Turagent və turoperatorların iqtisadi rayonlar və inzibati ərazi vahidləri ,Dağlıq Şirvan iqtisadi rayonu,2017,0.6
004_9.xls,4.9  Turagent və turoperatorların iqtisadi rayonlar və inzibati ərazi vahidləri ,Dağlıq Şirvan iqtisadi rayonu,2021,1.3
004_9.xls,4.9  Turagent və turoperatorların iqtisadi rayonlar və inzibati ərazi vahidləri ,Dağlıq Şirvan iqtisadi rayonu,2024,5.9
004_9.xls,4.9  Turagent və turoperatorların iqtisadi rayonlar və inzibati ərazi vahidləri ,İsmayıllı rayonu,2016,2.2
004_9.xls,4.9  Turagent və turoperatorların iqtisadi rayonlar və inzibati ərazi vahidləri ,İsmayıllı rayonu,2017,0.6
004_9.xls,4.9  Turagent və turoperatorların iqtisadi rayonlar və inzibati ərazi vahidləri ,İsmayıllı rayonu,2021,1.3
004_9.xls,4.9  Turagent və turoperatorların iqtisadi rayonlar və inzibati ərazi vahidləri ,İsmayıllı rayonu,2024,5.9
004_9.xls,4.9  Turagent və turoperatorların iqtisadi rayonlar və inzibati ərazi vahidləri ,Şamaxı rayonu,2006,6.1
004_9.xls,4.9  Turagent və turoperatorların iqtisadi rayonlar və inzibati ərazi vahidləri ,Gəncə-Daşkəsən iqtisadi rayonu,2006,44.7
004_9.xls,4.9  Turagent və turoperatorların iqtisadi rayonlar və inzibati ərazi vahidləri ,Gəncə-Daşkəsən iqtisadi rayonu,2007,75.2
004_9.xls,4.9  Turagent və turoperatorların iqtisadi rayonlar və inzibati ərazi vahidləri ,Gəncə-Daşkəsən iqtisadi rayonu,2008,60.8
004_9.xls,4.9  Turagent və turoperatorların iqtisadi rayonlar və inzibati ərazi vahidləri ,Gəncə-Daşkəsən iqtisadi rayonu,2013,13.3
004_9.xls,4.9  Turagent və turoperatorların iqtisadi rayonlar və inzibati ərazi vahidləri ,Gəncə-Daşkəsən iqtisadi rayonu,2014,62.6
004_9.xls,4.9  Turagent və turoperatorların iqtisadi rayonlar və inzibati ərazi vahidləri ,Gəncə-Daşkəsən iqtisadi rayonu,2015,73.6
004_9.xls,4.9  Turagent və turoperatorların iqtisadi rayonlar və inzibati ərazi vahidləri ,Gəncə-Daşkəsən iqtisadi rayonu,2016,124.3
004_9.xls,4.9  Turagent və turoperatorların iqtisadi rayonlar və inzibati ərazi vahidləri ,Gəncə-Daşkəsən iqtisadi rayonu,2017,683.2
004_9.xls,4.9  Turagent və turoperatorların iqtisadi rayonlar və inzibati ərazi vahidləri ,Gəncə-Daşkəsən iqtisadi rayonu,2018,176.9
004_9.xls,4.9  Turagent və turoperatorların iqtisadi rayonlar və inzibati ərazi vahidləri ,Gəncə-Daşkəsən iqtisadi rayonu,2019,170.1
004_9.xls,4.9  Turagent və turoperatorların iqtisadi rayonlar və inzibati ərazi vahidləri ,Gəncə-Daşkəsən iqtisadi rayonu,2020,35.6
004_9.xls,4.9  Turagent və turoperatorların iqtisadi rayonlar və inzibati ərazi vahidləri ,Gəncə-Daşkəsən iqtisadi rayonu,2021,121.7
004_9.xls,4.9  Turagent və turoperatorların iqtisadi rayonlar və inzibati ərazi vahidləri ,Gəncə-Daşkəsən iqtisadi rayonu,2022,216.7
004_9.xls,4.9  Turagent və turoperatorların iqtisadi rayonlar və inzibati ərazi vahidləri ,Gəncə-Daşkəsən iqtisadi rayonu,2023,284.5
004_9.xls,4.9  Turagent və turoperatorların iqtisadi rayonlar və inzibati ərazi vahidləri ,Gəncə-Daşkəsən iqtisadi rayonu,2024,4031.0
004_9.xls,4.9  Turagent və turoperatorların iqtisadi rayonlar və inzibati ərazi vahidləri ,Gəncə şəhəri,2006,44.7
004_9.xls,4.9  Turagent və turoperatorların iqtisadi rayonlar və inzibati ərazi vahidləri ,Gəncə şəhəri,2007,75.2
004_9.xls,4.9  Turagent və turoperatorların iqtisadi rayonlar və inzibati ərazi vahidləri ,Gəncə şəhəri,2008,60.8
004_9.xls,4.9  Turagent və turoperatorların iqtisadi rayonlar və inzibati ərazi vahidləri ,Gəncə şəhəri,2013,13.3
004_9.xls,4.9  Turagent və turoperatorların iqtisadi rayonlar və inzibati ərazi vahidləri ,Gəncə şəhəri,2014,62.6
004_9.xls,4.9  Turagent və turoperatorların iqtisadi rayonlar və inzibati ərazi vahidləri ,Gəncə şəhəri,2015,73.6
004_9.xls,4.9  Turagent və turoperatorların iqtisadi rayonlar və inzibati ərazi vahidləri ,Gəncə şəhəri,2016,124.3
004_9.xls,4.9  Turagent və turoperatorların iqtisadi rayonlar və inzibati ərazi vahidləri ,Gəncə şəhəri,2017,678.5
004_9.xls,4.9  Turagent və turoperatorların iqtisadi rayonlar və inzibati ərazi vahidləri ,Gəncə şəhəri,2018,121.8
004_9.xls,4.9  Turagent və turoperatorların iqtisadi rayonlar və inzibati ərazi vahidləri ,Gəncə şəhəri,2019,152.6
004_9.xls,4.9  Turagent və turoperatorların iqtisadi rayonlar və inzibati ərazi vahidləri ,Gəncə şəhəri,2020,35.6
004_9.xls,4.9  Turagent və turoperatorların iqtisadi rayonlar və inzibati ərazi vahidləri ,Gəncə şəhəri,2021,48.5
004_9.xls,4.9  Turagent və turoperatorların iqtisadi rayonlar və inzibati ərazi vahidləri ,Gəncə şəhəri,2022,81.6
004_9.xls,4.9  Turagent və turoperatorların iqtisadi rayonlar və inzibati ərazi vahidləri ,Gəncə şəhəri,2023,115.0
004_9.xls,4.9  Turagent və turoperatorların iqtisadi rayonlar və inzibati ərazi vahidləri ,Gəncə şəhəri,2024,1890.1
004_9.xls,4.9  Turagent və turoperatorların iqtisadi rayonlar və inzibati ərazi vahidləri ,Naftalan şəhəri,2017,4.7
004_9.xls,4.9  Turagent və turoperatorların iqtisadi rayonlar və inzibati ərazi vahidləri ,Naftalan şəhəri,2018,55.1
004_9.xls,4.9  Turagent və turoperatorların iqtisadi rayonlar və inzibati ərazi vahidləri ,Naftalan şəhəri,2021,73.2
004_9.xls,4.9  Turagent və turoperatorların iqtisadi rayonlar və inzibati ərazi vahidləri ,Naftalan şəhəri,2022,135.1
004_9.xls,4.9  Turagent və turoperatorların iqtisadi rayonlar və inzibati ərazi vahidləri ,Naftalan şəhəri,2023,161.1
004_9.xls,4.9  Turagent və turoperatorların iqtisadi rayonlar və inzibati ərazi vahidləri ,Naftalan şəhəri,2024,2101.9
004_9.xls,4.9  Turagent və turoperatorların iqtisadi rayonlar və inzibati ərazi vahidləri ,Goranboy rayonu,2019,17.5
004_9.xls,4.9  Turagent və turoperatorların iqtisadi rayonlar və inzibati ərazi vahidləri ,Goranboy rayonu,2023,8.4
004_9.xls,4.9  Turagent və turoperatorların iqtisadi rayonlar və inzibati ərazi vahidləri ,Goranboy rayonu,2024,39.0
004_9.xls,4.9  Turagent və turoperatorların iqtisadi rayonlar və inzibati ərazi vahidləri ,Qarabağ iqtisadi rayonu,2021,71.3
004_9.xls,4.9  Turagent və turoperatorların iqtisadi rayonlar və inzibati ərazi vahidləri ,Qarabağ iqtisadi rayonu,2024,0.9
004_9.xls,4.9  Turagent və turoperatorların iqtisadi rayonlar və inzibati ərazi vahidləri ,Ağcabədi rayonu,2021,71.3
004_9.xls,4.9  Turagent və turoperatorların iqtisadi rayonlar və inzibati ərazi vahidləri ,Bərdə rayonu,2024,0.9
004_9.xls,4.9  Turagent və turoperatorların iqtisadi rayonlar və inzibati ərazi vahidləri ,Qazax-Tovuz iqtisadi rayonu,2015,56.8
004_9.xls,4.9  Turagent və turoperatorların iqtisadi rayonlar və inzibati ərazi vahidləri ,Qazax-Tovuz iqtisadi rayonu,2016,94.5
004_9.xls,4.9  Turagent və turoperatorların iqtisadi rayonlar və inzibati ərazi vahidləri ,Qazax-Tovuz iqtisadi rayonu,2017,318.8
004_9.xls,4.9  Turagent və turoperatorların iqtisadi rayonlar və inzibati ərazi vahidləri ,Qazax-Tovuz iqtisadi rayonu,2018,745.3
004_9.xls,4.9  Turagent və turoperatorların iqtisadi rayonlar və inzibati ərazi vahidləri ,Qazax-Tovuz iqtisadi rayonu,2020,1.9
004_9.xls,4.9  Turagent və turoperatorların iqtisadi rayonlar və inzibati ərazi vahidləri ,Qazax-Tovuz iqtisadi rayonu,2022,35.2
004_9.xls,4.9  Turagent və turoperatorların iqtisadi rayonlar və inzibati ərazi vahidləri ,Qazax-Tovuz iqtisadi rayonu,2023,547.0
004_9.xls,4.9  Turagent və turoperatorların iqtisadi rayonlar və inzibati ərazi vahidləri ,Qazax-Tovuz iqtisadi rayonu,2024,210.2
004_9.xls,4.9  Turagent və turoperatorların iqtisadi rayonlar və inzibati ərazi vahidləri ,Şəmkir rayonu,2017,192.0
004_9.xls,4.9  Turagent və turoperatorların iqtisadi rayonlar və inzibati ərazi vahidləri ,Şəmkir rayonu,2018,615.3
004_9.xls,4.9  Turagent və turoperatorların iqtisadi rayonlar və inzibati ərazi vahidləri ,Tovuz rayonu,2015,56.8
004_9.xls,4.9  Turagent və turoperatorların iqtisadi rayonlar və inzibati ərazi vahidləri ,Tovuz rayonu,2016,94.5
004_9.xls,4.9  Turagent və turoperatorların iqtisadi rayonlar və inzibati ərazi vahidləri ,Tovuz rayonu,2017,126.8
004_9.xls,4.9  Turagent və turoperatorların iqtisadi rayonlar və inzibati ərazi vahidləri ,Tovuz rayonu,2018,130.0
004_9.xls,4.9  Turagent və turoperatorların iqtisadi rayonlar və inzibati ərazi vahidləri ,Tovuz rayonu,2020,1.9
004_9.xls,4.9  Turagent və turoperatorların iqtisadi rayonlar və inzibati ərazi vahidləri ,Tovuz rayonu,2022,35.2
004_9.xls,4.9  Turagent və turoperatorların iqtisadi rayonlar və inzibati ərazi vahidləri ,Tovuz rayonu,2023,547.0
004_9.xls,4.9  Turagent və turoperatorların iqtisadi rayonlar və inzibati ərazi vahidləri ,Tovuz rayonu,2024,210.2
004_9.xls,4.9  Turagent və turoperatorların iqtisadi rayonlar və inzibati ərazi vahidləri ,Quba-Xaçmaz iqtisadi rayonu,2006,392.8
004_9.xls,4.9  Turagent və turoperatorların iqtisadi rayonlar və inzibati ərazi vahidləri ,Quba-Xaçmaz iqtisadi rayonu,2007,101.0
004_9.xls,4.9  Turagent və turoperatorların iqtisadi rayonlar və inzibati ərazi vahidləri ,Quba-Xaçmaz iqtisadi rayonu,2008,1273.2
004_9.xls,4.9  Turagent və turoperatorların iqtisadi rayonlar və inzibati ərazi vahidləri ,Quba-Xaçmaz iqtisadi rayonu,2009,255.1
004_9.xls,4.9  Turagent və turoperatorların iqtisadi rayonlar və inzibati ərazi vahidləri ,Quba-Xaçmaz iqtisadi rayonu,2017,12.1
004_9.xls,4.9  Turagent və turoperatorların iqtisadi rayonlar və inzibati ərazi vahidləri ,Quba-Xaçmaz iqtisadi rayonu,2022,0.6
004_9.xls,4.9  Turagent və turoperatorların iqtisadi rayonlar və inzibati ərazi vahidləri ,Quba-Xaçmaz iqtisadi rayonu,2024,21.9
004_9.xls,4.9  Turagent və turoperatorların iqtisadi rayonlar və inzibati ərazi vahidləri ,Xaçmaz rayonu,2006,383.5
004_9.xls,4.9  Turagent və turoperatorların iqtisadi rayonlar və inzibati ərazi vahidləri ,Xaçmaz rayonu,2007,93.0
004_9.xls,4.9  Turagent və turoperatorların iqtisadi rayonlar və inzibati ərazi vahidləri ,Xaçmaz rayonu,2008,1271.3
004_9.xls,4.9  Turagent və turoperatorların iqtisadi rayonlar və inzibati ərazi vahidləri ,Xaçmaz rayonu,2009,255.1
004_9.xls,4.9  Turagent və turoperatorların iqtisadi rayonlar və inzibati ərazi vahidləri ,Quba rayonu,2006,6.7
004_9.xls,4.9  Turagent və turoperatorların iqtisadi rayonlar və inzibati ərazi vahidləri ,Quba rayonu,2022,0.6
004_9.xls,4.9  Turagent və turoperatorların iqtisadi rayonlar və inzibati ərazi vahidləri ,Qusar rayonu,2006,2.6
004_9.xls,4.9  Turagent və turoperatorların iqtisadi rayonlar və inzibati ərazi vahidləri ,Qusar rayonu,2007,8.0
004_9.xls,4.9  Turagent və turoperatorların iqtisadi rayonlar və inzibati ərazi vahidləri ,Qusar rayonu,2008,1.9
004_9.xls,4.9  Turagent və turoperatorların iqtisadi rayonlar və inzibati ərazi vahidləri ,Qusar rayonu,2017,12.1
004_9.xls,4.9  Turagent və turoperatorların iqtisadi rayonlar və inzibati ərazi vahidləri ,Qusar rayonu,2024,21.9
004_9.xls,4.9  Turagent və turoperatorların iqtisadi rayonlar və inzibati ərazi vahidləri ,Lənkəran-Astara iqtisadi rayonu,2017,40.8
004_9.xls,4.9  Turagent və turoperatorların iqtisadi rayonlar və inzibati ərazi vahidləri ,Lənkəran-Astara iqtisadi rayonu,2018,14.5
004_9.xls,4.9  Turagent və turoperatorların iqtisadi rayonlar və inzibati ərazi vahidləri ,Lənkəran-Astara iqtisadi rayonu,2019,72.3
004_9.xls,4.9  Turagent və turoperatorların iqtisadi rayonlar və inzibati ərazi vahidləri ,Lənkəran-Astara iqtisadi rayonu,2020,29.9
004_9.xls,4.9  Turagent və turoperatorların iqtisadi rayonlar və inzibati ərazi vahidləri ,Lənkəran-Astara iqtisadi rayonu,2021,64.8
004_9.xls,4.9  Turagent və turoperatorların iqtisadi rayonlar və inzibati ərazi vahidləri ,Lənkəran-Astara iqtisadi rayonu,2022,2018.2
004_9.xls,4.9  Turagent və turoperatorların iqtisadi rayonlar və inzibati ərazi vahidləri ,Lənkəran-Astara iqtisadi rayonu,2023,618.0
004_9.xls,4.9  Turagent və turoperatorların iqtisadi rayonlar və inzibati ərazi vahidləri ,Lənkəran-Astara iqtisadi rayonu,2024,193.8
004_9.xls,4.9  Turagent və turoperatorların iqtisadi rayonlar və inzibati ərazi vahidləri ,Cəlilabad rayonu,2017,40.8
004_9.xls,4.9  Turagent və turoperatorların iqtisadi rayonlar və inzibati ərazi vahidləri ,Cəlilabad rayonu,2021,16.9
004_9.xls,4.9  Turagent və turoperatorların iqtisadi rayonlar və inzibati ərazi vahidləri ,Cəlilabad rayonu,2022,651.1
004_9.xls,4.9  Turagent və turoperatorların iqtisadi rayonlar və inzibati ərazi vahidləri ,Cəlilabad rayonu,2023,134.0
004_9.xls,4.9  Turagent və turoperatorların iqtisadi rayonlar və inzibati ərazi vahidləri ,Lənkəran rayonu,2018,14.5
004_9.xls,4.9  Turagent və turoperatorların iqtisadi rayonlar və inzibati ərazi vahidləri ,Lənkəran rayonu,2019,72.3
004_9.xls,4.9  Turagent və turoperatorların iqtisadi rayonlar və inzibati ərazi vahidləri ,Lənkəran rayonu,2020,29.9
004_9.xls,4.9  Turagent və turoperatorların iqtisadi rayonlar və inzibati ərazi vahidləri ,Lənkəran rayonu,2021,47.9
004_9.xls,4.9  Turagent və turoperatorların iqtisadi rayonlar və inzibati ərazi vahidləri ,Lənkəran rayonu,2022,1359.1
004_9.xls,4.9  Turagent və turoperatorların iqtisadi rayonlar və inzibati ərazi vahidləri ,Lənkəran rayonu,2023,483.4
004_9.xls,4.9  Turagent və turoperatorların iqtisadi rayonlar və inzibati ərazi vahidləri ,Lənkəran rayonu,2024,193.8
004_9.xls,4.9  Turagent və turoperatorların iqtisadi rayonlar və inzibati ərazi vahidləri ,Masallı rayonu,2022,8.0
004_9.xls,4.9  Turagent və turoperatorların iqtisadi rayonlar və inzibati ərazi vahidləri ,Masallı rayonu,2023,0.6
004_9.xls,4.9  Turagent və turoperatorların iqtisadi rayonlar və inzibati ərazi vahidləri ,Mərkəzi Aran iqtisadi rayonu,2006,6.3
004_9.xls,4.9  Turagent və turoperatorların iqtisadi rayonlar və inzibati ərazi vahidləri ,Mərkəzi Aran iqtisadi rayonu,2007,7.6
004_9.xls,4.9  Turagent və turoperatorların iqtisadi rayonlar və inzibati ərazi vahidləri ,Mərkəzi Aran iqtisadi rayonu,2008,8.3
004_9.xls,4.9  Turagent və turoperatorların iqtisadi rayonlar və inzibati ərazi vahidləri ,Mərkəzi Aran iqtisadi rayonu,2009,14.1
004_9.xls,4.9  Turagent və turoperatorların iqtisadi rayonlar və inzibati ərazi vahidləri ,Mərkəzi Aran iqtisadi rayonu,2010,15.5
004_9.xls,4.9  Turagent və turoperatorların iqtisadi rayonlar və inzibati ərazi vahidləri ,Mərkəzi Aran iqtisadi rayonu,2011,1.3
004_9.xls,4.9  Turagent və turoperatorların iqtisadi rayonlar və inzibati ərazi vahidləri ,Mərkəzi Aran iqtisadi rayonu,2012,5.0
004_9.xls,4.9  Turagent və turoperatorların iqtisadi rayonlar və inzibati ərazi vahidləri ,Mərkəzi Aran iqtisadi rayonu,2013,58.800000000000004
004_9.xls,4.9  Turagent və turoperatorların iqtisadi rayonlar və inzibati ərazi vahidləri ,Mərkəzi Aran iqtisadi rayonu,2014,41.099999999999994
004_9.xls,4.9  Turagent və turoperatorların iqtisadi rayonlar və inzibati ərazi vahidləri ,Mərkəzi Aran iqtisadi rayonu,2015,35.5
004_9.xls,4.9  Turagent və turoperatorların iqtisadi rayonlar və inzibati ərazi vahidləri ,Mərkəzi Aran iqtisadi rayonu,2016,5.4
004_9.xls,4.9  Turagent və turoperatorların iqtisadi rayonlar və inzibati ərazi vahidləri ,Mərkəzi Aran iqtisadi rayonu,2018,88.0
004_9.xls,4.9  Turagent və turoperatorların iqtisadi rayonlar və inzibati ərazi vahidləri ,Mərkəzi Aran iqtisadi rayonu,2019,244.5
004_9.xls,4.9  Turagent və turoperatorların iqtisadi rayonlar və inzibati ərazi vahidləri ,Mərkəzi Aran iqtisadi rayonu,2020,11.9
004_9.xls,4.9  Turagent və turoperatorların iqtisadi rayonlar və inzibati ərazi vahidləri ,Mərkəzi Aran iqtisadi rayonu,2021,16.3
004_9.xls,4.9  Turagent və turoperatorların iqtisadi rayonlar və inzibati ərazi vahidləri ,Mərkəzi Aran iqtisadi rayonu,2022,1.6
004_9.xls,4.9  Turagent və turoperatorların iqtisadi rayonlar və inzibati ərazi vahidləri ,Mərkəzi Aran iqtisadi rayonu,2023,481.7
004_9.xls,4.9  Turagent və turoperatorların iqtisadi rayonlar və inzibati ərazi vahidləri ,Mərkəzi Aran iqtisadi rayonu,2024,1098.5
004_9.xls,4.9  Turagent və turoperatorların iqtisadi rayonlar və inzibati ərazi vahidləri ,Mingəçevir şəhəri,2006,6.3
004_9.xls,4.9  Turagent və turoperatorların iqtisadi rayonlar və inzibati ərazi vahidləri ,Mingəçevir şəhəri,2007,7.6
004_9.xls,4.9  Turagent və turoperatorların iqtisadi rayonlar və inzibati ərazi vahidləri ,Mingəçevir şəhəri,2008,8.3
004_9.xls,4.9  Turagent və turoperatorların iqtisadi rayonlar və inzibati ərazi vahidləri ,Mingəçevir şəhəri,2009,14.1
004_9.xls,4.9  Turagent və turoperatorların iqtisadi rayonlar və inzibati ərazi vahidləri ,Mingəçevir şəhəri,2010,15.5
004_9.xls,4.9  Turagent və turoperatorların iqtisadi rayonlar və inzibati ərazi vahidləri ,Mingəçevir şəhəri,2011,1.3
004_9.xls,4.9  Turagent və turoperatorların iqtisadi rayonlar və inzibati ərazi vahidləri ,Mingəçevir şəhəri,2012,5.0
004_9.xls,4.9  Turagent və turoperatorların iqtisadi rayonlar və inzibati ərazi vahidləri ,Mingəçevir şəhəri,2013,6.2
004_9.xls,4.9  Turagent və turoperatorların iqtisadi rayonlar və inzibati ərazi vahidləri ,Mingəçevir şəhəri,2014,7.3
004_9.xls,4.9  Turagent və turoperatorların iqtisadi rayonlar və inzibati ərazi vahidləri ,Mingəçevir şəhəri,2015,8.5
004_9.xls,4.9  Turagent və turoperatorların iqtisadi rayonlar və inzibati ərazi vahidləri ,Mingəçevir şəhəri,2016,5.4
004_9.xls,4.9  Turagent və turoperatorların iqtisadi rayonlar və inzibati ərazi vahidləri ,Mingəçevir şəhəri,2019,0.7
004_9.xls,4.9  Turagent və turoperatorların iqtisadi rayonlar və inzibati ərazi vahidləri ,Mingəçevir şəhəri,2023,5.2
004_9.xls,4.9  Turagent və turoperatorların iqtisadi rayonlar və inzibati ərazi vahidləri ,Mingəçevir şəhəri,2024,13.1
004_9.xls,4.9  Turagent və turoperatorların iqtisadi rayonlar və inzibati ərazi vahidləri ,Ağdaş rayonu,2015,4.0
004_9.xls,4.9  Turagent və turoperatorların iqtisadi rayonlar və inzibati ərazi vahidləri ,Kürdəmir rayonu,2018,23.8
004_9.xls,4.9  Turagent və turoperatorların iqtisadi rayonlar və inzibati ərazi vahidləri ,Kürdəmir rayonu,2019,34.2
004_9.xls,4.9  Turagent və turoperatorların iqtisadi rayonlar və inzibati ərazi vahidləri ,Kürdəmir rayonu,2020,9.9
004_9.xls,4.9  Turagent və turoperatorların iqtisadi rayonlar və inzibati ərazi vahidləri ,Kürdəmir rayonu,2021,16.3
004_9.xls,4.9  Turagent və turoperatorların iqtisadi rayonlar və inzibati ərazi vahidləri ,Kürdəmir rayonu,2022,1.6
004_9.xls,4.9  Turagent və turoperatorların iqtisadi rayonlar və inzibati ərazi vahidləri ,Yevlax rayonu,2013,52.6
004_9.xls,4.9  Turagent və turoperatorların iqtisadi rayonlar və inzibati ərazi vahidləri ,Yevlax rayonu,2014,33.8
004_9.xls,4.9  Turagent və turoperatorların iqtisadi rayonlar və inzibati ərazi vahidləri ,Yevlax rayonu,2015,23.0
004_9.xls,4.9  Turagent və turoperatorların iqtisadi rayonlar və inzibati ərazi vahidləri ,Yevlax rayonu,2018,64.2
004_9.xls,4.9  Turagent və turoperatorların iqtisadi rayonlar və inzibati ərazi vahidləri ,Yevlax rayonu,2019,209.6
004_9.xls,4.9  Turagent və turoperatorların iqtisadi rayonlar və inzibati ərazi vahidləri ,Yevlax rayonu,2020,2.0
004_9.xls,4.9  Turagent və turoperatorların iqtisadi rayonlar və inzibati ərazi vahidləri ,Yevlax rayonu,2023,476.5
004_9.xls,4.9  Turagent və turoperatorların iqtisadi rayonlar və inzibati ərazi vahidləri ,Yevlax rayonu,2024,1085.4
004_9.xls,4.9  Turagent və turoperatorların iqtisadi rayonlar və inzibati ərazi vahidləri ,Mil-Muğan iqtisadi rayonu,2023,12.0
004_9.xls,4.9  Turagent və turoperatorların iqtisadi rayonlar və inzibati ərazi vahidləri ,Mil-Muğan iqtisadi rayonu,2024,97.4
004_9.xls,4.9  Turagent və turoperatorların iqtisadi rayonlar və inzibati ərazi vahidləri ,Beyləqan rayonu,2023,12.0
004_9.xls,4.9  Turagent və turoperatorların iqtisadi rayonlar və inzibati ərazi vahidləri ,İmişli rayonu,2024,97.4
004_9.xls,4.9  Turagent və turoperatorların iqtisadi rayonlar və inzibati ərazi vahidləri ,Şəki-Zaqatala iqtisadi rayonu,2006,37.7
004_9.xls,4.9  Turagent və turoperatorların iqtisadi rayonlar və inzibati ərazi vahidləri ,Şəki-Zaqatala iqtisadi rayonu,2007,96.5
004_9.xls,4.9  Turagent və turoperatorların iqtisadi rayonlar və inzibati ərazi vahidləri ,Şəki-Zaqatala iqtisadi rayonu,2008,300.0
004_9.xls,4.9  Turagent və turoperatorların iqtisadi rayonlar və inzibati ərazi vahidləri ,Şəki-Zaqatala iqtisadi rayonu,2017,152.2
004_9.xls,4.9  Turagent və turoperatorların iqtisadi rayonlar və inzibati ərazi vahidləri ,Şəki-Zaqatala iqtisadi rayonu,2018,77.7
004_9.xls,4.9  Turagent və turoperatorların iqtisadi rayonlar və inzibati ərazi vahidləri ,Şəki-Zaqatala iqtisadi rayonu,2019,18.1
004_9.xls,4.9  Turagent və turoperatorların iqtisadi rayonlar və inzibati ərazi vahidləri ,Şəki-Zaqatala iqtisadi rayonu,2020,21.5
004_9.xls,4.9  Turagent və turoperatorların iqtisadi rayonlar və inzibati ərazi vahidləri ,Şəki-Zaqatala iqtisadi rayonu,2021,198.8
004_9.xls,4.9  Turagent və turoperatorların iqtisadi rayonlar və inzibati ərazi vahidləri ,Şəki-Zaqatala iqtisadi rayonu,2022,1013.1
004_9.xls,4.9  Turagent və turoperatorların iqtisadi rayonlar və inzibati ərazi vahidləri ,Şəki-Zaqatala iqtisadi rayonu,2023,1715.7
004_9.xls,4.9  Turagent və turoperatorların iqtisadi rayonlar və inzibati ərazi vahidləri ,Şəki-Zaqatala iqtisadi rayonu,2024,2092.2
004_9.xls,4.9  Turagent və turoperatorların iqtisadi rayonlar və inzibati ərazi vahidləri ,Balakən rayonu,2024,12.1
004_9.xls,4.9  Turagent və turoperatorların iqtisadi rayonlar və inzibati ərazi vahidləri ,Qax rayonu,2019,0.5
004_9.xls,4.9  Turagent və turoperatorların iqtisadi rayonlar və inzibati ərazi vahidləri ,Qax rayonu,2023,11.6
004_9.xls,4.9  Turagent və turoperatorların iqtisadi rayonlar və inzibati ərazi vahidləri ,Qax rayonu,2024,0.9
004_9.xls,4.9  Turagent və turoperatorların iqtisadi rayonlar və inzibati ərazi vahidləri ,Qəbələ rayonu,2017,151.1
004_9.xls,4.9  Turagent və turoperatorların iqtisadi rayonlar və inzibati ərazi vahidləri ,Qəbələ rayonu,2018,77.7
004_9.xls,4.9  Turagent və turoperatorların iqtisadi rayonlar və inzibati ərazi vahidləri ,Oğuz rayonu,2024,10.5
004_9.xls,4.9  Turagent və turoperatorların iqtisadi rayonlar və inzibati ərazi vahidləri ,Şəki rayonu,2006,37.7
004_9.xls,4.9  Turagent və turoperatorların iqtisadi rayonlar və inzibati ərazi vahidləri ,Şəki rayonu,2007,96.5
004_9.xls,4.9  Turagent və turoperatorların iqtisadi rayonlar və inzibati ərazi vahidləri ,Şəki rayonu,2008,300.0
004_9.xls,4.9  Turagent və turoperatorların iqtisadi rayonlar və inzibati ərazi vahidləri ,Şəki rayonu,2019,17.6
004_9.xls,4.9  Turagent və turoperatorların iqtisadi rayonlar və inzibati ərazi vahidləri ,Şəki rayonu,2020,21.5
004_9.xls,4.9  Turagent və turoperatorların iqtisadi rayonlar və inzibati ərazi vahidləri ,Şəki rayonu,2021,198.8
004_9.xls,4.9  Turagent və turoperatorların iqtisadi rayonlar və inzibati ərazi vahidləri ,Şəki rayonu,2022,1013.1
004_9.xls,4.9  Turagent və turoperatorların iqtisadi rayonlar və inzibati ərazi vahidləri ,Şəki rayonu,2023,1704.1
004_9.xls,4.9  Turagent və turoperatorların iqtisadi rayonlar və inzibati ərazi vahidləri ,Şəki rayonu,2024,2056.7
004_9.xls,4.9  Turagent və turoperatorların iqtisadi rayonlar və inzibati ərazi vahidləri ,Zaqatala rayonu,2017,1.1
004_9.xls,4.9  Turagent və turoperatorların iqtisadi rayonlar və inzibati ərazi vahidləri ,Zaqatala rayonu,2024,12.0
004_9.xls,4.9  Turagent və turoperatorların iqtisadi rayonlar və inzibati ərazi vahidləri ,Şirvan-Salyan iqtisadi rayonu,2015,7.1
004_9.xls,4.9  Turagent və turoperatorların iqtisadi rayonlar və inzibati ərazi vahidləri ,Şirvan-Salyan iqtisadi rayonu,2016,11.6
004_9.xls,4.9  Turagent və turoperatorların iqtisadi rayonlar və inzibati ərazi vahidləri ,Şirvan-Salyan iqtisadi rayonu,2017,53.1
004_9.xls,4.9  Turagent və turoperatorların iqtisadi rayonlar və inzibati ərazi vahidləri ,Şirvan-Salyan iqtisadi rayonu,2018,81.9
004_9.xls,4.9  Turagent və turoperatorların iqtisadi rayonlar və inzibati ərazi vahidləri ,Şirvan-Salyan iqtisadi rayonu,2019,63.6
004_9.xls,4.9  Turagent və turoperatorların iqtisadi rayonlar və inzibati ərazi vahidləri ,Şirvan-Salyan iqtisadi rayonu,2020,11.4
004_9.xls,4.9  Turagent və turoperatorların iqtisadi rayonlar və inzibati ərazi vahidləri ,Şirvan-Salyan iqtisadi rayonu,2023,7.0
004_9.xls,4.9  Turagent və turoperatorların iqtisadi rayonlar və inzibati ərazi vahidləri ,Şirvan-Salyan iqtisadi rayonu,2024,7.2
004_9.xls,4.9  Turagent və turoperatorların iqtisadi rayonlar və inzibati ərazi vahidləri ,Şirvan şəhəri,2015,7.1
004_9.xls,4.9  Turagent və turoperatorların iqtisadi rayonlar və inzibati ərazi vahidləri ,Şirvan şəhəri,2016,11.6
004_9.xls,4.9  Turagent və turoperatorların iqtisadi rayonlar və inzibati ərazi vahidləri ,Şirvan şəhəri,2017,47.1
004_9.xls,4.9  Turagent və turoperatorların iqtisadi rayonlar və inzibati ərazi vahidləri ,Şirvan şəhəri,2018,41.5
004_9.xls,4.9  Turagent və turoperatorların iqtisadi rayonlar və inzibati ərazi vahidləri ,Şirvan şəhəri,2019,29.5
004_9.xls,4.9  Turagent və turoperatorların iqtisadi rayonlar və inzibati ərazi vahidləri ,Şirvan şəhəri,2020,4.5
004_9.xls,4.9  Turagent və turoperatorların iqtisadi rayonlar və inzibati ərazi vahidləri ,Biləsuvar rayonu,2017,6.0
004_9.xls,4.9  Turagent və turoperatorların iqtisadi rayonlar və inzibati ərazi vahidləri ,Biləsuvar rayonu,2018,24.4
004_9.xls,4.9  Turagent və turoperatorların iqtisadi rayonlar və inzibati ərazi vahidləri ,Biləsuvar rayonu,2019,34.1
004_9.xls,4.9  Turagent və turoperatorların iqtisadi rayonlar və inzibati ərazi vahidləri ,Biləsuvar rayonu,2020,6.9
004_9.xls,4.9  Turagent və turoperatorların iqtisadi rayonlar və inzibati ərazi vahidləri ,Biləsuvar rayonu,2023,7.0
004_9.xls,4.9  Turagent və turoperatorların iqtisadi rayonlar və inzibati ərazi vahidləri ,Biləsuvar rayonu,2024,7.2
004_9.xls,4.9  Turagent və turoperatorların iqtisadi rayonlar və inzibati ərazi vahidləri ,Salyan rayonu,2018,16.0
004_10.xls,4.10  Turagent və turoperatorların iqtisadi rayonlar üzrə ümumi xərcləri,Bakı şəhəri,2006,6535.1
004_10.xls,4.10  Turagent və turoperatorların iqtisadi rayonlar üzrə ümumi xərcləri,Bakı şəhəri,2007,13503.4
004_10.xls,4.10  Turagent və turoperatorların iqtisadi rayonlar üzrə ümumi xərcləri,Bakı şəhəri,2008,13860.9
004_10.xls,4.10  Turagent və turoperatorların iqtisadi rayonlar üzrə ümumi xərcləri,Bakı şəhəri,2009,16592.8
004_10.xls,4.10  Turagent və turoperatorların iqtisadi rayonlar üzrə ümumi xərcləri,Bakı şəhəri,2010,13811.1
004_10.xls,4.10  Turagent və turoperatorların iqtisadi rayonlar üzrə ümumi xərcləri,Bakı şəhəri,2011,16442.6
004_10.xls,4.10  Turagent və turoperatorların iqtisadi rayonlar üzrə ümumi xərcləri,Bakı şəhəri,2012,19182.5
004_10.xls,4.10  Turagent və turoperatorların iqtisadi rayonlar üzrə ümumi xərcləri,Bakı şəhəri,2013,20809.2
004_10.xls,4.10  Turagent və turoperatorların iqtisadi rayonlar üzrə ümumi xərcləri,Bakı şəhəri,2014,22504.5
004_10.xls,4.10  Turagent və turoperatorların iqtisadi rayonlar üzrə ümumi xərcləri,Bakı şəhəri,2015,26304.2
004_10.xls,4.10  Turagent və turoperatorların iqtisadi rayonlar üzrə ümumi xərcləri,Bakı şəhəri,2016,23780.3
004_10.xls,4.10  Turagent və turoperatorların iqtisadi rayonlar üzrə ümumi xərcləri,Bakı şəhəri,2017,29819.8
004_10.xls,4.10  Turagent və turoperatorların iqtisadi rayonlar üzrə ümumi xərcləri,Bakı şəhəri,2018,37369.5
004_10.xls,4.10  Turagent və turoperatorların iqtisadi rayonlar üzrə ümumi xərcləri,Bakı şəhəri,2019,48903.7
004_10.xls,4.10  Turagent və turoperatorların iqtisadi rayonlar üzrə ümumi xərcləri,Bakı şəhəri,2020,21478.0
004_10.xls,4.10  Turagent və turoperatorların iqtisadi rayonlar üzrə ümumi xərcləri,Bakı şəhəri,2021,19269.9
004_10.xls,4.10  Turagent və turoperatorların iqtisadi rayonlar üzrə ümumi xərcləri,Bakı şəhəri,2022,39699.5
004_10.xls,4.10  Turagent və turoperatorların iqtisadi rayonlar üzrə ümumi xərcləri,Bakı şəhəri,2023,52475.3
004_10.xls,4.10  Turagent və turoperatorların iqtisadi rayonlar üzrə ümumi xərcləri,Bakı şəhəri,2024,138787.5
004_10.xls,4.10  Turagent və turoperatorların iqtisadi rayonlar üzrə ümumi xərcləri,Binəqədi rayonu,2006,2.7
004_10.xls,4.10  Turagent və turoperatorların iqtisadi rayonlar üzrə ümumi xərcləri,Binəqədi rayonu,2007,46.3
004_10.xls,4.10  Turagent və turoperatorların iqtisadi rayonlar üzrə ümumi xərcləri,Binəqədi rayonu,2008,123.5
004_10.xls,4.10  Turagent və turoperatorların iqtisadi rayonlar üzrə ümumi xərcləri,Binəqədi rayonu,2009,137.6
004_10.xls,4.10  Turagent və turoperatorların iqtisadi rayonlar üzrə ümumi xərcləri,Binəqədi rayonu,2010,74.0
004_10.xls,4.10  Turagent və turoperatorların iqtisadi rayonlar üzrə ümumi xərcləri,Binəqədi rayonu,2011,64.6
004_10.xls,4.10  Turagent və turoperatorların iqtisadi rayonlar üzrə ümumi xərcləri,Binəqədi rayonu,2012,196.5
004_10.xls,4.10  Turagent və turoperatorların iqtisadi rayonlar üzrə ümumi xərcləri,Binəqədi rayonu,2013,200.1
004_10.xls,4.10  Turagent və turoperatorların iqtisadi rayonlar üzrə ümumi xərcləri,Binəqədi rayonu,2014,255.4
004_10.xls,4.10  Turagent və turoperatorların iqtisadi rayonlar üzrə ümumi xərcləri,Binəqədi rayonu,2015,254.7
004_10.xls,4.10  Turagent və turoperatorların iqtisadi rayonlar üzrə ümumi xərcləri,Binəqədi rayonu,2016,363.2
004_10.xls,4.10  Turagent və turoperatorların iqtisadi rayonlar üzrə ümumi xərcləri,Binəqədi rayonu,2017,357.1
004_10.xls,4.10  Turagent və turoperatorların iqtisadi rayonlar üzrə ümumi xərcləri,Binəqədi rayonu,2018,683.1
004_10.xls,4.10  Turagent və turoperatorların iqtisadi rayonlar üzrə ümumi xərcləri,Binəqədi rayonu,2019,542.7
004_10.xls,4.10  Turagent və turoperatorların iqtisadi rayonlar üzrə ümumi xərcləri,Binəqədi rayonu,2020,400.8
004_10.xls,4.10  Turagent və turoperatorların iqtisadi rayonlar üzrə ümumi xərcləri,Binəqədi rayonu,2021,146.9
004_10.xls,4.10  Turagent və turoperatorların iqtisadi rayonlar üzrə ümumi xərcləri,Binəqədi rayonu,2022,373.7
004_10.xls,4.10  Turagent və turoperatorların iqtisadi rayonlar üzrə ümumi xərcləri,Binəqədi rayonu,2023,448.3
004_10.xls,4.10  Turagent və turoperatorların iqtisadi rayonlar üzrə ümumi xərcləri,Binəqədi rayonu,2024,512.4
004_10.xls,4.10  Turagent və turoperatorların iqtisadi rayonlar üzrə ümumi xərcləri,Xətai rayonu,2006,97.4
004_10.xls,4.10  Turagent və turoperatorların iqtisadi rayonlar üzrə ümumi xərcləri,Xətai rayonu,2007,42.5
004_10.xls,4.10  Turagent və turoperatorların iqtisadi rayonlar üzrə ümumi xərcləri,Xətai rayonu,2008,79.5
004_10.xls,4.10  Turagent və turoperatorların iqtisadi rayonlar üzrə ümumi xərcləri,Xətai rayonu,2009,256.1
004_10.xls,4.10  Turagent və turoperatorların iqtisadi rayonlar üzrə ümumi xərcləri,Xətai rayonu,2010,937.0
004_10.xls,4.10  Turagent və turoperatorların iqtisadi rayonlar üzrə ümumi xərcləri,Xətai rayonu,2011,1600.1
004_10.xls,4.10  Turagent və turoperatorların iqtisadi rayonlar üzrə ümumi xərcləri,Xətai rayonu,2012,1011.2
004_10.xls,4.10  Turagent və turoperatorların iqtisadi rayonlar üzrə ümumi xərcləri,Xətai rayonu,2013,1283.5
004_10.xls,4.10  Turagent və turoperatorların iqtisadi rayonlar üzrə ümumi xərcləri,Xətai rayonu,2014,777.8
004_10.xls,4.10  Turagent və turoperatorların iqtisadi rayonlar üzrə ümumi xərcləri,Xətai rayonu,2015,855.9
004_10.xls,4.10  Turagent və turoperatorların iqtisadi rayonlar üzrə ümumi xərcləri,Xətai rayonu,2016,728.8
004_10.xls,4.10  Turagent və turoperatorların iqtisadi rayonlar üzrə ümumi xərcləri,Xətai rayonu,2017,1282.4
004_10.xls,4.10  Turagent və turoperatorların iqtisadi rayonlar üzrə ümumi xərcləri,Xətai rayonu,2018,2391.6
004_10.xls,4.10  Turagent və turoperatorların iqtisadi rayonlar üzrə ümumi xərcləri,Xətai rayonu,2019,3003.7
004_10.xls,4.10  Turagent və turoperatorların iqtisadi rayonlar üzrə ümumi xərcləri,Xətai rayonu,2020,1034.7
004_10.xls,4.10  Turagent və turoperatorların iqtisadi rayonlar üzrə ümumi xərcləri,Xətai rayonu,2021,1004.0
004_10.xls,4.10  Turagent və turoperatorların iqtisadi rayonlar üzrə ümumi xərcləri,Xətai rayonu,2022,1713.6
004_10.xls,4.10  Turagent və turoperatorların iqtisadi rayonlar üzrə ümumi xərcləri,Xətai rayonu,2023,2763.4
004_10.xls,4.10  Turagent və turoperatorların iqtisadi rayonlar üzrə ümumi xərcləri,Xətai rayonu,2024,5795.7
004_10.xls,4.10  Turagent və turoperatorların iqtisadi rayonlar üzrə ümumi xərcləri,Xəzər rayonu,2006,12.8
004_10.xls,4.10  Turagent və turoperatorların iqtisadi rayonlar üzrə ümumi xərcləri,Xəzər rayonu,2007,1121.3
004_10.xls,4.10  Turagent və turoperatorların iqtisadi rayonlar üzrə ümumi xərcləri,Xəzər rayonu,2008,932.2
004_10.xls,4.10  Turagent və turoperatorların iqtisadi rayonlar üzrə ümumi xərcləri,Xəzər rayonu,2009,968.0
004_10.xls,4.10  Turagent və turoperatorların iqtisadi rayonlar üzrə ümumi xərcləri,Xəzər rayonu,2015,20.2
004_10.xls,4.10  Turagent və turoperatorların iqtisadi rayonlar üzrə ümumi xərcləri,Xəzər rayonu,2016,245.1
004_10.xls,4.10  Turagent və turoperatorların iqtisadi rayonlar üzrə ümumi xərcləri,Xəzər rayonu,2017,144.1
004_10.xls,4.10  Turagent və turoperatorların iqtisadi rayonlar üzrə ümumi xərcləri,Xəzər rayonu,2018,105.9
004_10.xls,4.10  Turagent və turoperatorların iqtisadi rayonlar üzrə ümumi xərcləri,Xəzər rayonu,2019,194.6
004_10.xls,4.10  Turagent və turoperatorların iqtisadi rayonlar üzrə ümumi xərcləri,Xəzər rayonu,2020,12.8
004_10.xls,4.10  Turagent və turoperatorların iqtisadi rayonlar üzrə ümumi xərcləri,Xəzər rayonu,2021,5.4
004_10.xls,4.10  Turagent və turoperatorların iqtisadi rayonlar üzrə ümumi xərcləri,Xəzər rayonu,2022,506.9
004_10.xls,4.10  Turagent və turoperatorların iqtisadi rayonlar üzrə ümumi xərcləri,Xəzər rayonu,2023,461.4
004_10.xls,4.10  Turagent və turoperatorların iqtisadi rayonlar üzrə ümumi xərcləri,Xəzər rayonu,2024,957.0
004_10.xls,4.10  Turagent və turoperatorların iqtisadi rayonlar üzrə ümumi xərcləri,Qaradağ rayonu,2018,9.0
004_10.xls,4.10  Turagent və turoperatorların iqtisadi rayonlar üzrə ümumi xərcləri,Qaradağ rayonu,2019,171.4
004_10.xls,4.10  Turagent və turoperatorların iqtisadi rayonlar üzrə ümumi xərcləri,Qaradağ rayonu,2020,39.1
004_10.xls,4.10  Turagent və turoperatorların iqtisadi rayonlar üzrə ümumi xərcləri,Qaradağ rayonu,2022,1.4
004_10.xls,4.10  Turagent və turoperatorların iqtisadi rayonlar üzrə ümumi xərcləri,Qaradağ rayonu,2024,14.0
004_10.xls,4.10  Turagent və turoperatorların iqtisadi rayonlar üzrə ümumi xərcləri,Nərimanov rayonu,2006,1017.5
004_10.xls,4.10  Turagent və turoperatorların iqtisadi rayonlar üzrə ümumi xərcləri,Nərimanov rayonu,2007,4883.1
004_10.xls,4.10  Turagent və turoperatorların iqtisadi rayonlar üzrə ümumi xərcləri,Nərimanov rayonu,2008,5508.3
004_10.xls,4.10  Turagent və turoperatorların iqtisadi rayonlar üzrə ümumi xərcləri,Nərimanov rayonu,2009,5897.4
004_10.xls,4.10  Turagent və turoperatorların iqtisadi rayonlar üzrə ümumi xərcləri,Nərimanov rayonu,2010,637.6
004_10.xls,4.10  Turagent və turoperatorların iqtisadi rayonlar üzrə ümumi xərcləri,Nərimanov rayonu,2011,1101.9
004_10.xls,4.10  Turagent və turoperatorların iqtisadi rayonlar üzrə ümumi xərcləri,Nərimanov rayonu,2012,1539.9
004_10.xls,4.10  Turagent və turoperatorların iqtisadi rayonlar üzrə ümumi xərcləri,Nərimanov rayonu,2013,1548.8
004_10.xls,4.10  Turagent və turoperatorların iqtisadi rayonlar üzrə ümumi xərcləri,Nərimanov rayonu,2014,2134.8
004_10.xls,4.10  Turagent və turoperatorların iqtisadi rayonlar üzrə ümumi xərcləri,Nərimanov rayonu,2015,3360.7
004_10.xls,4.10  Turagent və turoperatorların iqtisadi rayonlar üzrə ümumi xərcləri,Nərimanov rayonu,2016,1574.2
004_10.xls,4.10  Turagent və turoperatorların iqtisadi rayonlar üzrə ümumi xərcləri,Nərimanov rayonu,2017,2170.0
004_10.xls,4.10  Turagent və turoperatorların iqtisadi rayonlar üzrə ümumi xərcləri,Nərimanov rayonu,2018,1232.6
004_10.xls,4.10  Turagent və turoperatorların iqtisadi rayonlar üzrə ümumi xərcləri,Nərimanov rayonu,2019,1292.1
004_10.xls,4.10  Turagent və turoperatorların iqtisadi rayonlar üzrə ümumi xərcləri,Nərimanov rayonu,2020,409.7
004_10.xls,4.10  Turagent və turoperatorların iqtisadi rayonlar üzrə ümumi xərcləri,Nərimanov rayonu,2021,300.8
004_10.xls,4.10  Turagent və turoperatorların iqtisadi rayonlar üzrə ümumi xərcləri,Nərimanov rayonu,2022,2413.8
004_10.xls,4.10  Turagent və turoperatorların iqtisadi rayonlar üzrə ümumi xərcləri,Nərimanov rayonu,2023,3992.7
004_10.xls,4.10  Turagent və turoperatorların iqtisadi rayonlar üzrə ümumi xərcləri,Nərimanov rayonu,2024,5254.6
004_10.xls,4.10  Turagent və turoperatorların iqtisadi rayonlar üzrə ümumi xərcləri,Nəsimi rayonu,2006,1809.2
004_10.xls,4.10  Turagent və turoperatorların iqtisadi rayonlar üzrə ümumi xərcləri,Nəsimi rayonu,2007,2351.2
004_10.xls,4.10  Turagent və turoperatorların iqtisadi rayonlar üzrə ümumi xərcləri,Nəsimi rayonu,2008,1960.5
004_10.xls,4.10  Turagent və turoperatorların iqtisadi rayonlar üzrə ümumi xərcləri,Nəsimi rayonu,2009,2013.3
004_10.xls,4.10  Turagent və turoperatorların iqtisadi rayonlar üzrə ümumi xərcləri,Nəsimi rayonu,2010,2480.2
004_10.xls,4.10  Turagent və turoperatorların iqtisadi rayonlar üzrə ümumi xərcləri,Nəsimi rayonu,2011,2050.4
004_10.xls,4.10  Turagent və turoperatorların iqtisadi rayonlar üzrə ümumi xərcləri,Nəsimi rayonu,2012,2090.5
004_10.xls,4.10  Turagent və turoperatorların iqtisadi rayonlar üzrə ümumi xərcləri,Nəsimi rayonu,2013,2624.3
004_10.xls,4.10  Turagent və turoperatorların iqtisadi rayonlar üzrə ümumi xərcləri,Nəsimi rayonu,2014,2904.9
004_10.xls,4.10  Turagent və turoperatorların iqtisadi rayonlar üzrə ümumi xərcləri,Nəsimi rayonu,2015,3374.8
004_10.xls,4.10  Turagent və turoperatorların iqtisadi rayonlar üzrə ümumi xərcləri,Nəsimi rayonu,2016,3572.4
004_10.xls,4.10  Turagent və turoperatorların iqtisadi rayonlar üzrə ümumi xərcləri,Nəsimi rayonu,2017,3247.0
004_10.xls,4.10  Turagent və turoperatorların iqtisadi rayonlar üzrə ümumi xərcləri,Nəsimi rayonu,2018,4681.2
004_10.xls,4.10  Turagent və turoperatorların iqtisadi rayonlar üzrə ümumi xərcləri,Nəsimi rayonu,2019,7113.1
004_10.xls,4.10  Turagent və turoperatorların iqtisadi rayonlar üzrə ümumi xərcləri,Nəsimi rayonu,2020,4379.0
004_10.xls,4.10  Turagent və turoperatorların iqtisadi rayonlar üzrə ümumi xərcləri,Nəsimi rayonu,2021,2220.8
004_10.xls,4.10  Turagent və turoperatorların iqtisadi rayonlar üzrə ümumi xərcləri,Nəsimi rayonu,2022,8238.8
004_10.xls,4.10  Turagent və turoperatorların iqtisadi rayonlar üzrə ümumi xərcləri,Nəsimi rayonu,2023,15792.3
004_10.xls,4.10  Turagent və turoperatorların iqtisadi rayonlar üzrə ümumi xərcləri,Nəsimi rayonu,2024,90237.7
004_10.xls,4.10  Turagent və turoperatorların iqtisadi rayonlar üzrə ümumi xərcləri,Nizami rayonu,2006,140.0
004_10.xls,4.10  Turagent və turoperatorların iqtisadi rayonlar üzrə ümumi xərcləri,Nizami rayonu,2007,1255.1
004_10.xls,4.10  Turagent və turoperatorların iqtisadi rayonlar üzrə ümumi xərcləri,Nizami rayonu,2008,1102.8
004_10.xls,4.10  Turagent və turoperatorların iqtisadi rayonlar üzrə ümumi xərcləri,Nizami rayonu,2009,1152.2
004_10.xls,4.10  Turagent və turoperatorların iqtisadi rayonlar üzrə ümumi xərcləri,Nizami rayonu,2010,864.5
004_10.xls,4.10  Turagent və turoperatorların iqtisadi rayonlar üzrə ümumi xərcləri,Nizami rayonu,2011,1571.9
004_10.xls,4.10  Turagent və turoperatorların iqtisadi rayonlar üzrə ümumi xərcləri,Nizami rayonu,2012,1592.0
004_10.xls,4.10  Turagent və turoperatorların iqtisadi rayonlar üzrə ümumi xərcləri,Nizami rayonu,2013,2053.1
004_10.xls,4.10  Turagent və turoperatorların iqtisadi rayonlar üzrə ümumi xərcləri,Nizami rayonu,2014,385.7
004_10.xls,4.10  Turagent və turoperatorların iqtisadi rayonlar üzrə ümumi xərcləri,Nizami rayonu,2015,140.8
004_10.xls,4.10  Turagent və turoperatorların iqtisadi rayonlar üzrə ümumi xərcləri,Nizami rayonu,2016,224.9
004_10.xls,4.10  Turagent və turoperatorların iqtisadi rayonlar üzrə ümumi xərcləri,Nizami rayonu,2017,287.2
004_10.xls,4.10  Turagent və turoperatorların iqtisadi rayonlar üzrə ümumi xərcləri,Nizami rayonu,2018,222.0
004_10.xls,4.10  Turagent və turoperatorların iqtisadi rayonlar üzrə ümumi xərcləri,Nizami rayonu,2019,333.5
004_10.xls,4.10  Turagent və turoperatorların iqtisadi rayonlar üzrə ümumi xərcləri,Nizami rayonu,2020,159.3
004_10.xls,4.10  Turagent və turoperatorların iqtisadi rayonlar üzrə ümumi xərcləri,Nizami rayonu,2021,82.9
004_10.xls,4.10  Turagent və turoperatorların iqtisadi rayonlar üzrə ümumi xərcləri,Nizami rayonu,2022,218.4
004_10.xls,4.10  Turagent və turoperatorların iqtisadi rayonlar üzrə ümumi xərcləri,Nizami rayonu,2023,244.3
004_10.xls,4.10  Turagent və turoperatorların iqtisadi rayonlar üzrə ümumi xərcləri,Nizami rayonu,2024,718.3
004_10.xls,4.10  Turagent və turoperatorların iqtisadi rayonlar üzrə ümumi xərcləri,Sabunçu rayonu,2006,4.6
004_10.xls,4.10  Turagent və turoperatorların iqtisadi rayonlar üzrə ümumi xərcləri,Sabunçu rayonu,2007,13.7
004_10.xls,4.10  Turagent və turoperatorların iqtisadi rayonlar üzrə ümumi xərcləri,Sabunçu rayonu,2008,18.0
004_10.xls,4.10  Turagent və turoperatorların iqtisadi rayonlar üzrə ümumi xərcləri,Sabunçu rayonu,2009,141.8
004_10.xls,4.10  Turagent və turoperatorların iqtisadi rayonlar üzrə ümumi xərcləri,Sabunçu rayonu,2010,129.3
004_10.xls,4.10  Turagent və turoperatorların iqtisadi rayonlar üzrə ümumi xərcləri,Sabunçu rayonu,2011,115.4
004_10.xls,4.10  Turagent və turoperatorların iqtisadi rayonlar üzrə ümumi xərcləri,Sabunçu rayonu,2012,485.7
004_10.xls,4.10  Turagent və turoperatorların iqtisadi rayonlar üzrə ümumi xərcləri,Sabunçu rayonu,2013,435.1
004_10.xls,4.10  Turagent və turoperatorların iqtisadi rayonlar üzrə ümumi xərcləri,Sabunçu rayonu,2014,750.8
004_10.xls,4.10  Turagent və turoperatorların iqtisadi rayonlar üzrə ümumi xərcləri,Sabunçu rayonu,2015,873.8
004_10.xls,4.10  Turagent və turoperatorların iqtisadi rayonlar üzrə ümumi xərcləri,Sabunçu rayonu,2016,980.2
004_10.xls,4.10  Turagent və turoperatorların iqtisadi rayonlar üzrə ümumi xərcləri,Sabunçu rayonu,2017,1343.8
004_10.xls,4.10  Turagent və turoperatorların iqtisadi rayonlar üzrə ümumi xərcləri,Sabunçu rayonu,2018,2236.9
004_10.xls,4.10  Turagent və turoperatorların iqtisadi rayonlar üzrə ümumi xərcləri,Sabunçu rayonu,2019,2506.2
004_10.xls,4.10  Turagent və turoperatorların iqtisadi rayonlar üzrə ümumi xərcləri,Sabunçu rayonu,2020,611.9
004_10.xls,4.10  Turagent və turoperatorların iqtisadi rayonlar üzrə ümumi xərcləri,Sabunçu rayonu,2021,337.2
004_10.xls,4.10  Turagent və turoperatorların iqtisadi rayonlar üzrə ümumi xərcləri,Sabunçu rayonu,2022,1607.3
004_10.xls,4.10  Turagent və turoperatorların iqtisadi rayonlar üzrə ümumi xərcləri,Sabunçu rayonu,2023,711.5
004_10.xls,4.10  Turagent və turoperatorların iqtisadi rayonlar üzrə ümumi xərcləri,Sabunçu rayonu,2024,1107.0
004_10.xls,4.10  Turagent və turoperatorların iqtisadi rayonlar üzrə ümumi xərcləri,Səbail rayonu,2006,3153.0
004_10.xls,4.10  Turagent və turoperatorların iqtisadi rayonlar üzrə ümumi xərcləri,Səbail rayonu,2007,3042.2
004_10.xls,4.10  Turagent və turoperatorların iqtisadi rayonlar üzrə ümumi xərcləri,Səbail rayonu,2008,2796.1
004_10.xls,4.10  Turagent və turoperatorların iqtisadi rayonlar üzrə ümumi xərcləri,Səbail rayonu,2009,3517.6
004_10.xls,4.10  Turagent və turoperatorların iqtisadi rayonlar üzrə ümumi xərcləri,Səbail rayonu,2010,4701.3
004_10.xls,4.10  Turagent və turoperatorların iqtisadi rayonlar üzrə ümumi xərcləri,Səbail rayonu,2011,6685.6
004_10.xls,4.10  Turagent və turoperatorların iqtisadi rayonlar üzrə ümumi xərcləri,Səbail rayonu,2012,9644.8
004_10.xls,4.10  Turagent və turoperatorların iqtisadi rayonlar üzrə ümumi xərcləri,Səbail rayonu,2013,11144.0
004_10.xls,4.10  Turagent və turoperatorların iqtisadi rayonlar üzrə ümumi xərcləri,Səbail rayonu,2014,12709.4
004_10.xls,4.10  Turagent və turoperatorların iqtisadi rayonlar üzrə ümumi xərcləri,Səbail rayonu,2015,14044.4
004_10.xls,4.10  Turagent və turoperatorların iqtisadi rayonlar üzrə ümumi xərcləri,Səbail rayonu,2016,10407.0
004_10.xls,4.10  Turagent və turoperatorların iqtisadi rayonlar üzrə ümumi xərcləri,Səbail rayonu,2017,16180.5
004_10.xls,4.10  Turagent və turoperatorların iqtisadi rayonlar üzrə ümumi xərcləri,Səbail rayonu,2018,22660.4
004_10.xls,4.10  Turagent və turoperatorların iqtisadi rayonlar üzrə ümumi xərcləri,Səbail rayonu,2019,28371.3
004_10.xls,4.10  Turagent və turoperatorların iqtisadi rayonlar üzrə ümumi xərcləri,Səbail rayonu,2020,13304.1
004_10.xls,4.10  Turagent və turoperatorların iqtisadi rayonlar üzrə ümumi xərcləri,Səbail rayonu,2021,13689.7
004_10.xls,4.10  Turagent və turoperatorların iqtisadi rayonlar üzrə ümumi xərcləri,Səbail rayonu,2022,17881.6
004_10.xls,4.10  Turagent və turoperatorların iqtisadi rayonlar üzrə ümumi xərcləri,Səbail rayonu,2023,15674.8
004_10.xls,4.10  Turagent və turoperatorların iqtisadi rayonlar üzrə ümumi xərcləri,Səbail rayonu,2024,22157.8
004_10.xls,4.10  Turagent və turoperatorların iqtisadi rayonlar üzrə ümumi xərcləri,Suraxanı rayonu,2006,76.2
004_10.xls,4.10  Turagent və turoperatorların iqtisadi rayonlar üzrə ümumi xərcləri,Suraxanı rayonu,2007,323.0
004_10.xls,4.10  Turagent və turoperatorların iqtisadi rayonlar üzrə ümumi xərcləri,Suraxanı rayonu,2008,709.4
004_10.xls,4.10  Turagent və turoperatorların iqtisadi rayonlar üzrə ümumi xərcləri,Suraxanı rayonu,2009,821.9
004_10.xls,4.10  Turagent və turoperatorların iqtisadi rayonlar üzrə ümumi xərcləri,Suraxanı rayonu,2010,651.9
004_10.xls,4.10  Turagent və turoperatorların iqtisadi rayonlar üzrə ümumi xərcləri,Suraxanı rayonu,2011,24.5
004_10.xls,4.10  Turagent və turoperatorların iqtisadi rayonlar üzrə ümumi xərcləri,Suraxanı rayonu,2012,34.1
004_10.xls,4.10  Turagent və turoperatorların iqtisadi rayonlar üzrə ümumi xərcləri,Suraxanı rayonu,2013,42.5
004_10.xls,4.10  Turagent və turoperatorların iqtisadi rayonlar üzrə ümumi xərcləri,Suraxanı rayonu,2014,46.8
004_10.xls,4.10  Turagent və turoperatorların iqtisadi rayonlar üzrə ümumi xərcləri,Suraxanı rayonu,2015,93.1
004_10.xls,4.10  Turagent və turoperatorların iqtisadi rayonlar üzrə ümumi xərcləri,Suraxanı rayonu,2016,211.9
004_10.xls,4.10  Turagent və turoperatorların iqtisadi rayonlar üzrə ümumi xərcləri,Suraxanı rayonu,2017,221.9
004_10.xls,4.10  Turagent və turoperatorların iqtisadi rayonlar üzrə ümumi xərcləri,Suraxanı rayonu,2018,80.3
004_10.xls,4.10  Turagent və turoperatorların iqtisadi rayonlar üzrə ümumi xərcləri,Suraxanı rayonu,2019,60.4
004_10.xls,4.10  Turagent və turoperatorların iqtisadi rayonlar üzrə ümumi xərcləri,Suraxanı rayonu,2020,4.8
004_10.xls,4.10  Turagent və turoperatorların iqtisadi rayonlar üzrə ümumi xərcləri,Suraxanı rayonu,2021,3.2
004_10.xls,4.10  Turagent və turoperatorların iqtisadi rayonlar üzrə ümumi xərcləri,Suraxanı rayonu,2022,74.0
004_10.xls,4.10  Turagent və turoperatorların iqtisadi rayonlar üzrə ümumi xərcləri,Suraxanı rayonu,2023,101.6
004_10.xls,4.10  Turagent və turoperatorların iqtisadi rayonlar üzrə ümumi xərcləri,Suraxanı rayonu,2024,780.5
004_10.xls,4.10  Turagent və turoperatorların iqtisadi rayonlar üzrə ümumi xərcləri,Yasamal rayonu,2006,221.7
004_10.xls,4.10  Turagent və turoperatorların iqtisadi rayonlar üzrə ümumi xərcləri,Yasamal rayonu,2007,425.0
004_10.xls,4.10  Turagent və turoperatorların iqtisadi rayonlar üzrə ümumi xərcləri,Yasamal rayonu,2008,630.6
004_10.xls,4.10  Turagent və turoperatorların iqtisadi rayonlar üzrə ümumi xərcləri,Yasamal rayonu,2009,1687.0
004_10.xls,4.10  Turagent və turoperatorların iqtisadi rayonlar üzrə ümumi xərcləri,Yasamal rayonu,2010,3335.2
004_10.xls,4.10  Turagent və turoperatorların iqtisadi rayonlar üzrə ümumi xərcləri,Yasamal rayonu,2011,3228.2
004_10.xls,4.10  Turagent və turoperatorların iqtisadi rayonlar üzrə ümumi xərcləri,Yasamal rayonu,2012,2587.8
004_10.xls,4.10  Turagent və turoperatorların iqtisadi rayonlar üzrə ümumi xərcləri,Yasamal rayonu,2013,1477.8
004_10.xls,4.10  Turagent və turoperatorların iqtisadi rayonlar üzrə ümumi xərcləri,Yasamal rayonu,2014,2538.9
004_10.xls,4.10  Turagent və turoperatorların iqtisadi rayonlar üzrə ümumi xərcləri,Yasamal rayonu,2015,3285.8
004_10.xls,4.10  Turagent və turoperatorların iqtisadi rayonlar üzrə ümumi xərcləri,Yasamal rayonu,2016,5472.6
004_10.xls,4.10  Turagent və turoperatorların iqtisadi rayonlar üzrə ümumi xərcləri,Yasamal rayonu,2017,4585.8
004_10.xls,4.10  Turagent və turoperatorların iqtisadi rayonlar üzrə ümumi xərcləri,Yasamal rayonu,2018,3066.5
004_10.xls,4.10  Turagent və turoperatorların iqtisadi rayonlar üzrə ümumi xərcləri,Yasamal rayonu,2019,5314.7
004_10.xls,4.10  Turagent və turoperatorların iqtisadi rayonlar üzrə ümumi xərcləri,Yasamal rayonu,2020,1121.8
004_10.xls,4.10  Turagent və turoperatorların iqtisadi rayonlar üzrə ümumi xərcləri,Yasamal rayonu,2021,1479.0
004_10.xls,4.10  Turagent və turoperatorların iqtisadi rayonlar üzrə ümumi xərcləri,Yasamal rayonu,2022,6670.0
004_10.xls,4.10  Turagent və turoperatorların iqtisadi rayonlar üzrə ümumi xərcləri,Yasamal rayonu,2023,12285.0
004_10.xls,4.10  Turagent və turoperatorların iqtisadi rayonlar üzrə ümumi xərcləri,Yasamal rayonu,2024,11252.5
004_10.xls,4.10  Turagent və turoperatorların iqtisadi rayonlar üzrə ümumi xərcləri,Abşeron-Xızı iqtisadi rayonu,2006,55.1
004_10.xls,4.10  Turagent və turoperatorların iqtisadi rayonlar üzrə ümumi xərcləri,Abşeron-Xızı iqtisadi rayonu,2007,72.2
004_10.xls,4.10  Turagent və turoperatorların iqtisadi rayonlar üzrə ümumi xərcləri,Abşeron-Xızı iqtisadi rayonu,2008,34.1
004_10.xls,4.10  Turagent və turoperatorların iqtisadi rayonlar üzrə ümumi xərcləri,Abşeron-Xızı iqtisadi rayonu,2009,50.0
004_10.xls,4.10  Turagent və turoperatorların iqtisadi rayonlar üzrə ümumi xərcləri,Abşeron-Xızı iqtisadi rayonu,2010,77.1
004_10.xls,4.10  Turagent və turoperatorların iqtisadi rayonlar üzrə ümumi xərcləri,Abşeron-Xızı iqtisadi rayonu,2011,89.1
004_10.xls,4.10  Turagent və turoperatorların iqtisadi rayonlar üzrə ümumi xərcləri,Abşeron-Xızı iqtisadi rayonu,2012,78.8
004_10.xls,4.10  Turagent və turoperatorların iqtisadi rayonlar üzrə ümumi xərcləri,Abşeron-Xızı iqtisadi rayonu,2013,121.5
004_10.xls,4.10  Turagent və turoperatorların iqtisadi rayonlar üzrə ümumi xərcləri,Abşeron-Xızı iqtisadi rayonu,2014,115.5
004_10.xls,4.10  Turagent və turoperatorların iqtisadi rayonlar üzrə ümumi xərcləri,Abşeron-Xızı iqtisadi rayonu,2015,59.2
004_10.xls,4.10  Turagent və turoperatorların iqtisadi rayonlar üzrə ümumi xərcləri,Abşeron-Xızı iqtisadi rayonu,2016,570.0
004_10.xls,4.10  Turagent və turoperatorların iqtisadi rayonlar üzrə ümumi xərcləri,Abşeron-Xızı iqtisadi rayonu,2017,221.6
004_10.xls,4.10  Turagent və turoperatorların iqtisadi rayonlar üzrə ümumi xərcləri,Abşeron-Xızı iqtisadi rayonu,2018,538.6
004_10.xls,4.10  Turagent və turoperatorların iqtisadi rayonlar üzrə ümumi xərcləri,Abşeron-Xızı iqtisadi rayonu,2019,935.4
004_10.xls,4.10  Turagent və turoperatorların iqtisadi rayonlar üzrə ümumi xərcləri,Abşeron-Xızı iqtisadi rayonu,2020,94.6
004_10.xls,4.10  Turagent və turoperatorların iqtisadi rayonlar üzrə ümumi xərcləri,Abşeron-Xızı iqtisadi rayonu,2021,48.5
004_10.xls,4.10  Turagent və turoperatorların iqtisadi rayonlar üzrə ümumi xərcləri,Abşeron-Xızı iqtisadi rayonu,2022,408.3
004_10.xls,4.10  Turagent və turoperatorların iqtisadi rayonlar üzrə ümumi xərcləri,Abşeron-Xızı iqtisadi rayonu,2023,1815.8
004_10.xls,4.10  Turagent və turoperatorların iqtisadi rayonlar üzrə ümumi xərcləri,Abşeron-Xızı iqtisadi rayonu,2024,2161.6
004_10.xls,4.10  Turagent və turoperatorların iqtisadi rayonlar üzrə ümumi xərcləri,Sumqayıt şəhəri,2006,55.1
004_10.xls,4.10  Turagent və turoperatorların iqtisadi rayonlar üzrə ümumi xərcləri,Sumqayıt şəhəri,2007,72.2
004_10.xls,4.10  Turagent və turoperatorların iqtisadi rayonlar üzrə ümumi xərcləri,Sumqayıt şəhəri,2008,34.1
004_10.xls,4.10  Turagent və turoperatorların iqtisadi rayonlar üzrə ümumi xərcləri,Sumqayıt şəhəri,2009,50.0
004_10.xls,4.10  Turagent və turoperatorların iqtisadi rayonlar üzrə ümumi xərcləri,Sumqayıt şəhəri,2010,77.1
004_10.xls,4.10  Turagent və turoperatorların iqtisadi rayonlar üzrə ümumi xərcləri,Sumqayıt şəhəri,2011,89.1
004_10.xls,4.10  Turagent və turoperatorların iqtisadi rayonlar üzrə ümumi xərcləri,Sumqayıt şəhəri,2012,78.8
004_10.xls,4.10  Turagent və turoperatorların iqtisadi rayonlar üzrə ümumi xərcləri,Sumqayıt şəhəri,2013,121.5
004_10.xls,4.10  Turagent və turoperatorların iqtisadi rayonlar üzrə ümumi xərcləri,Sumqayıt şəhəri,2014,115.5
004_10.xls,4.10  Turagent və turoperatorların iqtisadi rayonlar üzrə ümumi xərcləri,Sumqayıt şəhəri,2015,59.2
004_10.xls,4.10  Turagent və turoperatorların iqtisadi rayonlar üzrə ümumi xərcləri,Sumqayıt şəhəri,2016,37.6
004_10.xls,4.10  Turagent və turoperatorların iqtisadi rayonlar üzrə ümumi xərcləri,Sumqayıt şəhəri,2017,92.4
004_10.xls,4.10  Turagent və turoperatorların iqtisadi rayonlar üzrə ümumi xərcləri,Sumqayıt şəhəri,2018,54.9
004_10.xls,4.10  Turagent və turoperatorların iqtisadi rayonlar üzrə ümumi xərcləri,Sumqayıt şəhəri,2019,185.2
004_10.xls,4.10  Turagent və turoperatorların iqtisadi rayonlar üzrə ümumi xərcləri,Sumqayıt şəhəri,2020,77.6
004_10.xls,4.10  Turagent və turoperatorların iqtisadi rayonlar üzrə ümumi xərcləri,Sumqayıt şəhəri,2021,47.4
004_10.xls,4.10  Turagent və turoperatorların iqtisadi rayonlar üzrə ümumi xərcləri,Sumqayıt şəhəri,2022,267.1
004_10.xls,4.10  Turagent və turoperatorların iqtisadi rayonlar üzrə ümumi xərcləri,Sumqayıt şəhəri,2023,256.0
004_10.xls,4.10  Turagent və turoperatorların iqtisadi rayonlar üzrə ümumi xərcləri,Sumqayıt şəhəri,2024,879.8
004_10.xls,4.10  Turagent və turoperatorların iqtisadi rayonlar üzrə ümumi xərcləri,Abşeron rayonu,2016,532.4
004_10.xls,4.10  Turagent və turoperatorların iqtisadi rayonlar üzrə ümumi xərcləri,Abşeron rayonu,2017,129.2
004_10.xls,4.10  Turagent və turoperatorların iqtisadi rayonlar üzrə ümumi xərcləri,Abşeron rayonu,2018,483.7
004_10.xls,4.10  Turagent və turoperatorların iqtisadi rayonlar üzrə ümumi xərcləri,Abşeron rayonu,2019,750.2
004_10.xls,4.10  Turagent və turoperatorların iqtisadi rayonlar üzrə ümumi xərcləri,Abşeron rayonu,2020,17.0
004_10.xls,4.10  Turagent və turoperatorların iqtisadi rayonlar üzrə ümumi xərcləri,Abşeron rayonu,2021,1.1
004_10.xls,4.10  Turagent və turoperatorların iqtisadi rayonlar üzrə ümumi xərcləri,Abşeron rayonu,2022,141.2
004_10.xls,4.10  Turagent və turoperatorların iqtisadi rayonlar üzrə ümumi xərcləri,Abşeron rayonu,2023,1559.8
004_10.xls,4.10  Turagent və turoperatorların iqtisadi rayonlar üzrə ümumi xərcləri,Abşeron rayonu,2024,1281.8
004_10.xls,4.10  Turagent və turoperatorların iqtisadi rayonlar üzrə ümumi xərcləri,Dağlıq Şirvan iqtisadi rayonu,2006,4.8
004_10.xls,4.10  Turagent və turoperatorların iqtisadi rayonlar üzrə ümumi xərcləri,Dağlıq Şirvan iqtisadi rayonu,2016,2.0
004_10.xls,4.10  Turagent və turoperatorların iqtisadi rayonlar üzrə ümumi xərcləri,Dağlıq Şirvan iqtisadi rayonu,2017,0.6
004_10.xls,4.10  Turagent və turoperatorların iqtisadi rayonlar üzrə ümumi xərcləri,Dağlıq Şirvan iqtisadi rayonu,2018,15.0
004_10.xls,4.10  Turagent və turoperatorların iqtisadi rayonlar üzrə ümumi xərcləri,Dağlıq Şirvan iqtisadi rayonu,2019,21.4
004_10.xls,4.10  Turagent və turoperatorların iqtisadi rayonlar üzrə ümumi xərcləri,Dağlıq Şirvan iqtisadi rayonu,2020,29.1
004_10.xls,4.10  Turagent və turoperatorların iqtisadi rayonlar üzrə ümumi xərcləri,Dağlıq Şirvan iqtisadi rayonu,2021,1.4
004_10.xls,4.10  Turagent və turoperatorların iqtisadi rayonlar üzrə ümumi xərcləri,Dağlıq Şirvan iqtisadi rayonu,2024,5.7
004_10.xls,4.10  Turagent və turoperatorların iqtisadi rayonlar üzrə ümumi xərcləri,İsmayıllı rayonu,2018,15.0
004_10.xls,4.10  Turagent və turoperatorların iqtisadi rayonlar üzrə ümumi xərcləri,İsmayıllı rayonu,2019,21.4
004_10.xls,4.10  Turagent və turoperatorların iqtisadi rayonlar üzrə ümumi xərcləri,İsmayıllı rayonu,2020,29.1
004_10.xls,4.10  Turagent və turoperatorların iqtisadi rayonlar üzrə ümumi xərcləri,İsmayıllı rayonu,2021,1.4
004_10.xls,4.10  Turagent və turoperatorların iqtisadi rayonlar üzrə ümumi xərcləri,İsmayıllı rayonu,2024,5.7
004_10.xls,4.10  Turagent və turoperatorların iqtisadi rayonlar üzrə ümumi xərcləri,Şamaxı rayonu,2006,4.8
004_10.xls,4.10  Turagent və turoperatorların iqtisadi rayonlar üzrə ümumi xərcləri,Şamaxı rayonu,2016,2.0
004_10.xls,4.10  Turagent və turoperatorların iqtisadi rayonlar üzrə ümumi xərcləri,Şamaxı rayonu,2017,0.6
004_10.xls,4.10  Turagent və turoperatorların iqtisadi rayonlar üzrə ümumi xərcləri,Gəncə-Daşkəsən iqtisadi rayonu,2006,31.5
004_10.xls,4.10  Turagent və turoperatorların iqtisadi rayonlar üzrə ümumi xərcləri,Gəncə-Daşkəsən iqtisadi rayonu,2007,58.7
004_10.xls,4.10  Turagent və turoperatorların iqtisadi rayonlar üzrə ümumi xərcləri,Gəncə-Daşkəsən iqtisadi rayonu,2008,55.6
004_10.xls,4.10  Turagent və turoperatorların iqtisadi rayonlar üzrə ümumi xərcləri,Gəncə-Daşkəsən iqtisadi rayonu,2013,14.4
004_10.xls,4.10  Turagent və turoperatorların iqtisadi rayonlar üzrə ümumi xərcləri,Gəncə-Daşkəsən iqtisadi rayonu,2014,57.7
004_10.xls,4.10  Turagent və turoperatorların iqtisadi rayonlar üzrə ümumi xərcləri,Gəncə-Daşkəsən iqtisadi rayonu,2015,49.9
004_10.xls,4.10  Turagent və turoperatorların iqtisadi rayonlar üzrə ümumi xərcləri,Gəncə-Daşkəsən iqtisadi rayonu,2016,67.1
004_10.xls,4.10  Turagent və turoperatorların iqtisadi rayonlar üzrə ümumi xərcləri,Gəncə-Daşkəsən iqtisadi rayonu,2017,630.8
004_10.xls,4.10  Turagent və turoperatorların iqtisadi rayonlar üzrə ümumi xərcləri,Gəncə-Daşkəsən iqtisadi rayonu,2018,228.4
004_10.xls,4.10  Turagent və turoperatorların iqtisadi rayonlar üzrə ümumi xərcləri,Gəncə-Daşkəsən iqtisadi rayonu,2019,121.89999999999999
004_10.xls,4.10  Turagent və turoperatorların iqtisadi rayonlar üzrə ümumi xərcləri,Gəncə-Daşkəsən iqtisadi rayonu,2020,95.9
004_10.xls,4.10  Turagent və turoperatorların iqtisadi rayonlar üzrə ümumi xərcləri,Gəncə-Daşkəsən iqtisadi rayonu,2021,180.8
004_10.xls,4.10  Turagent və turoperatorların iqtisadi rayonlar üzrə ümumi xərcləri,Gəncə-Daşkəsən iqtisadi rayonu,2022,266.5
004_10.xls,4.10  Turagent və turoperatorların iqtisadi rayonlar üzrə ümumi xərcləri,Gəncə-Daşkəsən iqtisadi rayonu,2023,243.8
004_10.xls,4.10  Turagent və turoperatorların iqtisadi rayonlar üzrə ümumi xərcləri,Gəncə-Daşkəsən iqtisadi rayonu,2024,937.1
004_10.xls,4.10  Turagent və turoperatorların iqtisadi rayonlar üzrə ümumi xərcləri,Gəncə şəhəri,2006,31.5
004_10.xls,4.10  Turagent və turoperatorların iqtisadi rayonlar üzrə ümumi xərcləri,Gəncə şəhəri,2007,58.7
004_10.xls,4.10  Turagent və turoperatorların iqtisadi rayonlar üzrə ümumi xərcləri,Gəncə şəhəri,2008,55.6
004_10.xls,4.10  Turagent və turoperatorların iqtisadi rayonlar üzrə ümumi xərcləri,Gəncə şəhəri,2013,14.4
004_10.xls,4.10  Turagent və turoperatorların iqtisadi rayonlar üzrə ümumi xərcləri,Gəncə şəhəri,2014,57.7
004_10.xls,4.10  Turagent və turoperatorların iqtisadi rayonlar üzrə ümumi xərcləri,Gəncə şəhəri,2015,49.9
004_10.xls,4.10  Turagent və turoperatorların iqtisadi rayonlar üzrə ümumi xərcləri,Gəncə şəhəri,2016,67.1
004_10.xls,4.10  Turagent və turoperatorların iqtisadi rayonlar üzrə ümumi xərcləri,Gəncə şəhəri,2017,628.3
004_10.xls,4.10  Turagent və turoperatorların iqtisadi rayonlar üzrə ümumi xərcləri,Gəncə şəhəri,2018,174.5
004_10.xls,4.10  Turagent və turoperatorların iqtisadi rayonlar üzrə ümumi xərcləri,Gəncə şəhəri,2019,109.6
004_10.xls,4.10  Turagent və turoperatorların iqtisadi rayonlar üzrə ümumi xərcləri,Gəncə şəhəri,2020,95.9
004_10.xls,4.10  Turagent və turoperatorların iqtisadi rayonlar üzrə ümumi xərcləri,Gəncə şəhəri,2021,95.9
004_10.xls,4.10  Turagent və turoperatorların iqtisadi rayonlar üzrə ümumi xərcləri,Gəncə şəhəri,2022,133.0
004_10.xls,4.10  Turagent və turoperatorların iqtisadi rayonlar üzrə ümumi xərcləri,Gəncə şəhəri,2023,125.6
004_10.xls,4.10  Turagent və turoperatorların iqtisadi rayonlar üzrə ümumi xərcləri,Gəncə şəhəri,2024,574.7
004_10.xls,4.10  Turagent və turoperatorların iqtisadi rayonlar üzrə ümumi xərcləri,Naftalan şəhəri,2017,2.5
004_10.xls,4.10  Turagent və turoperatorların iqtisadi rayonlar üzrə ümumi xərcləri,Naftalan şəhəri,2018,53.9
004_10.xls,4.10  Turagent və turoperatorların iqtisadi rayonlar üzrə ümumi xərcləri,Naftalan şəhəri,2021,84.9
004_10.xls,4.10  Turagent və turoperatorların iqtisadi rayonlar üzrə ümumi xərcləri,Naftalan şəhəri,2022,133.5
004_10.xls,4.10  Turagent və turoperatorların iqtisadi rayonlar üzrə ümumi xərcləri,Naftalan şəhəri,2023,112.9
004_10.xls,4.10  Turagent və turoperatorların iqtisadi rayonlar üzrə ümumi xərcləri,Naftalan şəhəri,2024,345.7
004_10.xls,4.10  Turagent və turoperatorların iqtisadi rayonlar üzrə ümumi xərcləri,Goranboy rayonu,2019,12.3
004_10.xls,4.10  Turagent və turoperatorların iqtisadi rayonlar üzrə ümumi xərcləri,Goranboy rayonu,2023,5.3
004_10.xls,4.10  Turagent və turoperatorların iqtisadi rayonlar üzrə ümumi xərcləri,Goranboy rayonu,2024,16.7
004_10.xls,4.10  Turagent və turoperatorların iqtisadi rayonlar üzrə ümumi xərcləri,Qarabağ iqtisadi rayonu,2021,2.5
004_10.xls,4.10  Turagent və turoperatorların iqtisadi rayonlar üzrə ümumi xərcləri,Qarabağ iqtisadi rayonu,2024,2.0
004_10.xls,4.10  Turagent və turoperatorların iqtisadi rayonlar üzrə ümumi xərcləri,Ağcabədi rayonu,2021,2.5
004_10.xls,4.10  Turagent və turoperatorların iqtisadi rayonlar üzrə ümumi xərcləri,Bərdə rayonu,2024,2.0
004_10.xls,4.10  Turagent və turoperatorların iqtisadi rayonlar üzrə ümumi xərcləri,Qazax-Tovuz iqtisadi rayonu,2015,49.1
004_10.xls,4.10  Turagent və turoperatorların iqtisadi rayonlar üzrə ümumi xərcləri,Qazax-Tovuz iqtisadi rayonu,2016,72.6
004_10.xls,4.10  Turagent və turoperatorların iqtisadi rayonlar üzrə ümumi xərcləri,Qazax-Tovuz iqtisadi rayonu,2017,321.0
004_10.xls,4.10  Turagent və turoperatorların iqtisadi rayonlar üzrə ümumi xərcləri,Qazax-Tovuz iqtisadi rayonu,2018,1775.0
004_10.xls,4.10  Turagent və turoperatorların iqtisadi rayonlar üzrə ümumi xərcləri,Qazax-Tovuz iqtisadi rayonu,2020,101.9
004_10.xls,4.10  Turagent və turoperatorların iqtisadi rayonlar üzrə ümumi xərcləri,Qazax-Tovuz iqtisadi rayonu,2022,53.5
004_10.xls,4.10  Turagent və turoperatorların iqtisadi rayonlar üzrə ümumi xərcləri,Qazax-Tovuz iqtisadi rayonu,2023,269.9
004_10.xls,4.10  Turagent və turoperatorların iqtisadi rayonlar üzrə ümumi xərcləri,Qazax-Tovuz iqtisadi rayonu,2024,127.2
004_10.xls,4.10  Turagent və turoperatorların iqtisadi rayonlar üzrə ümumi xərcləri,Şəmkir rayonu,2017,191.0
004_10.xls,4.10  Turagent və turoperatorların iqtisadi rayonlar üzrə ümumi xərcləri,Şəmkir rayonu,2018,550.5
004_10.xls,4.10  Turagent və turoperatorların iqtisadi rayonlar üzrə ümumi xərcləri,Tovuz rayonu,2015,49.1
004_10.xls,4.10  Turagent və turoperatorların iqtisadi rayonlar üzrə ümumi xərcləri,Tovuz rayonu,2016,72.6
004_10.xls,4.10  Turagent və turoperatorların iqtisadi rayonlar üzrə ümumi xərcləri,Tovuz rayonu,2017,130.0
004_10.xls,4.10  Turagent və turoperatorların iqtisadi rayonlar üzrə ümumi xərcləri,Tovuz rayonu,2018,1224.5
004_10.xls,4.10  Turagent və turoperatorların iqtisadi rayonlar üzrə ümumi xərcləri,Tovuz rayonu,2020,101.9
004_10.xls,4.10  Turagent və turoperatorların iqtisadi rayonlar üzrə ümumi xərcləri,Tovuz rayonu,2022,53.5
004_10.xls,4.10  Turagent və turoperatorların iqtisadi rayonlar üzrə ümumi xərcləri,Tovuz rayonu,2023,269.9
004_10.xls,4.10  Turagent və turoperatorların iqtisadi rayonlar üzrə ümumi xərcləri,Tovuz rayonu,2024,127.2
004_10.xls,4.10  Turagent və turoperatorların iqtisadi rayonlar üzrə ümumi xərcləri,Quba-Xaçmaz iqtisadi rayonu,2006,377.7
004_10.xls,4.10  Turagent və turoperatorların iqtisadi rayonlar üzrə ümumi xərcləri,Quba-Xaçmaz iqtisadi rayonu,2007,86.8
004_10.xls,4.10  Turagent və turoperatorların iqtisadi rayonlar üzrə ümumi xərcləri,Quba-Xaçmaz iqtisadi rayonu,2008,1251.4
004_10.xls,4.10  Turagent və turoperatorların iqtisadi rayonlar üzrə ümumi xərcləri,Quba-Xaçmaz iqtisadi rayonu,2009,233.6
004_10.xls,4.10  Turagent və turoperatorların iqtisadi rayonlar üzrə ümumi xərcləri,Quba-Xaçmaz iqtisadi rayonu,2017,11.1
004_10.xls,4.10  Turagent və turoperatorların iqtisadi rayonlar üzrə ümumi xərcləri,Quba-Xaçmaz iqtisadi rayonu,2022,0.8
004_10.xls,4.10  Turagent və turoperatorların iqtisadi rayonlar üzrə ümumi xərcləri,Quba-Xaçmaz iqtisadi rayonu,2024,9.9
004_10.xls,4.10  Turagent və turoperatorların iqtisadi rayonlar üzrə ümumi xərcləri,Xaçmaz rayonu,2006,372.2
004_10.xls,4.10  Turagent və turoperatorların iqtisadi rayonlar üzrə ümumi xərcləri,Xaçmaz rayonu,2007,79.5
004_10.xls,4.10  Turagent və turoperatorların iqtisadi rayonlar üzrə ümumi xərcləri,Xaçmaz rayonu,2008,1249.5
004_10.xls,4.10  Turagent və turoperatorların iqtisadi rayonlar üzrə ümumi xərcləri,Xaçmaz rayonu,2009,233.6
004_10.xls,4.10  Turagent və turoperatorların iqtisadi rayonlar üzrə ümumi xərcləri,Quba rayonu,2006,3.5
004_10.xls,4.10  Turagent və turoperatorların iqtisadi rayonlar üzrə ümumi xərcləri,Quba rayonu,2022,0.8
004_10.xls,4.10  Turagent və turoperatorların iqtisadi rayonlar üzrə ümumi xərcləri,Qusar rayonu,2006,2.0
004_10.xls,4.10  Turagent və turoperatorların iqtisadi rayonlar üzrə ümumi xərcləri,Qusar rayonu,2007,7.3
004_10.xls,4.10  Turagent və turoperatorların iqtisadi rayonlar üzrə ümumi xərcləri,Qusar rayonu,2008,1.9
004_10.xls,4.10  Turagent və turoperatorların iqtisadi rayonlar üzrə ümumi xərcləri,Qusar rayonu,2017,11.1
004_10.xls,4.10  Turagent və turoperatorların iqtisadi rayonlar üzrə ümumi xərcləri,Qusar rayonu,2024,9.9
004_10.xls,4.10  Turagent və turoperatorların iqtisadi rayonlar üzrə ümumi xərcləri,Lənkəran-Astara iqtisadi rayonu,2017,35.8
004_10.xls,4.10  Turagent və turoperatorların iqtisadi rayonlar üzrə ümumi xərcləri,Lənkəran-Astara iqtisadi rayonu,2018,6.5
004_10.xls,4.10  Turagent və turoperatorların iqtisadi rayonlar üzrə ümumi xərcləri,Lənkəran-Astara iqtisadi rayonu,2019,29.6
004_10.xls,4.10  Turagent və turoperatorların iqtisadi rayonlar üzrə ümumi xərcləri,Lənkəran-Astara iqtisadi rayonu,2020,21.2
004_10.xls,4.10  Turagent və turoperatorların iqtisadi rayonlar üzrə ümumi xərcləri,Lənkəran-Astara iqtisadi rayonu,2021,15.6
004_10.xls,4.10  Turagent və turoperatorların iqtisadi rayonlar üzrə ümumi xərcləri,Lənkəran-Astara iqtisadi rayonu,2022,1329.4
004_10.xls,4.10  Turagent və turoperatorların iqtisadi rayonlar üzrə ümumi xərcləri,Lənkəran-Astara iqtisadi rayonu,2023,430.4
004_10.xls,4.10  Turagent və turoperatorların iqtisadi rayonlar üzrə ümumi xərcləri,Lənkəran-Astara iqtisadi rayonu,2024,120.1
004_10.xls,4.10  Turagent və turoperatorların iqtisadi rayonlar üzrə ümumi xərcləri,Cəlilabad rayonu,2017,35.8
004_10.xls,4.10  Turagent və turoperatorların iqtisadi rayonlar üzrə ümumi xərcləri,Cəlilabad rayonu,2021,2.3
004_10.xls,4.10  Turagent və turoperatorların iqtisadi rayonlar üzrə ümumi xərcləri,Cəlilabad rayonu,2022,95.6
004_10.xls,4.10  Turagent və turoperatorların iqtisadi rayonlar üzrə ümumi xərcləri,Cəlilabad rayonu,2023,20.1
004_10.xls,4.10  Turagent və turoperatorların iqtisadi rayonlar üzrə ümumi xərcləri,Lerik rayonu,2022,6.2
004_10.xls,4.10  Turagent və turoperatorların iqtisadi rayonlar üzrə ümumi xərcləri,Lənkəran rayonu,2018,6.5
004_10.xls,4.10  Turagent və turoperatorların iqtisadi rayonlar üzrə ümumi xərcləri,Lənkəran rayonu,2019,29.6
004_10.xls,4.10  Turagent və turoperatorların iqtisadi rayonlar üzrə ümumi xərcləri,Lənkəran rayonu,2020,21.2
004_10.xls,4.10  Turagent və turoperatorların iqtisadi rayonlar üzrə ümumi xərcləri,Lənkəran rayonu,2021,13.3
004_10.xls,4.10  Turagent və turoperatorların iqtisadi rayonlar üzrə ümumi xərcləri,Lənkəran rayonu,2022,1222.5
004_10.xls,4.10  Turagent və turoperatorların iqtisadi rayonlar üzrə ümumi xərcləri,Lənkəran rayonu,2023,410.1
004_10.xls,4.10  Turagent və turoperatorların iqtisadi rayonlar üzrə ümumi xərcləri,Lənkəran rayonu,2024,120.1
004_10.xls,4.10  Turagent və turoperatorların iqtisadi rayonlar üzrə ümumi xərcləri,Masallı rayonu,2022,5.1
004_10.xls,4.10  Turagent və turoperatorların iqtisadi rayonlar üzrə ümumi xərcləri,Masallı rayonu,2023,0.2
004_10.xls,4.10  Turagent və turoperatorların iqtisadi rayonlar üzrə ümumi xərcləri,Mərkəzi Aran iqtisadi rayonu,2006,6.3
004_10.xls,4.10  Turagent və turoperatorların iqtisadi rayonlar üzrə ümumi xərcləri,Mərkəzi Aran iqtisadi rayonu,2007,7.0
004_10.xls,4.10  Turagent və turoperatorların iqtisadi rayonlar üzrə ümumi xərcləri,Mərkəzi Aran iqtisadi rayonu,2008,8.3
004_10.xls,4.10  Turagent və turoperatorların iqtisadi rayonlar üzrə ümumi xərcləri,Mərkəzi Aran iqtisadi rayonu,2009,14.1
004_10.xls,4.10  Turagent və turoperatorların iqtisadi rayonlar üzrə ümumi xərcləri,Mərkəzi Aran iqtisadi rayonu,2010,14.9
004_10.xls,4.10  Turagent və turoperatorların iqtisadi rayonlar üzrə ümumi xərcləri,Mərkəzi Aran iqtisadi rayonu,2011,2.8
004_10.xls,4.10  Turagent və turoperatorların iqtisadi rayonlar üzrə ümumi xərcləri,Mərkəzi Aran iqtisadi rayonu,2012,4.9
004_10.xls,4.10  Turagent və turoperatorların iqtisadi rayonlar üzrə ümumi xərcləri,Mərkəzi Aran iqtisadi rayonu,2013,56.6
004_10.xls,4.10  Turagent və turoperatorların iqtisadi rayonlar üzrə ümumi xərcləri,Mərkəzi Aran iqtisadi rayonu,2014,29.700000000000003
004_10.xls,4.10  Turagent və turoperatorların iqtisadi rayonlar üzrə ümumi xərcləri,Mərkəzi Aran iqtisadi rayonu,2015,25.5
004_10.xls,4.10  Turagent və turoperatorların iqtisadi rayonlar üzrə ümumi xərcləri,Mərkəzi Aran iqtisadi rayonu,2016,5.1
004_10.xls,4.10  Turagent və turoperatorların iqtisadi rayonlar üzrə ümumi xərcləri,Mərkəzi Aran iqtisadi rayonu,2018,30.5
004_10.xls,4.10  Turagent və turoperatorların iqtisadi rayonlar üzrə ümumi xərcləri,Mərkəzi Aran iqtisadi rayonu,2019,126.4
004_10.xls,4.10  Turagent və turoperatorların iqtisadi rayonlar üzrə ümumi xərcləri,Mərkəzi Aran iqtisadi rayonu,2020,8.4
004_10.xls,4.10  Turagent və turoperatorların iqtisadi rayonlar üzrə ümumi xərcləri,Mərkəzi Aran iqtisadi rayonu,2021,16.3
004_10.xls,4.10  Turagent və turoperatorların iqtisadi rayonlar üzrə ümumi xərcləri,Mərkəzi Aran iqtisadi rayonu,2022,8.1
004_10.xls,4.10  Turagent və turoperatorların iqtisadi rayonlar üzrə ümumi xərcləri,Mərkəzi Aran iqtisadi rayonu,2023,132.4
004_10.xls,4.10  Turagent və turoperatorların iqtisadi rayonlar üzrə ümumi xərcləri,Mərkəzi Aran iqtisadi rayonu,2024,975.9
004_10.xls,4.10  Turagent və turoperatorların iqtisadi rayonlar üzrə ümumi xərcləri,Mingəçevir şəhəri,2006,6.3
004_10.xls,4.10  Turagent və turoperatorların iqtisadi rayonlar üzrə ümumi xərcləri,Mingəçevir şəhəri,2007,7.0
004_10.xls,4.10  Turagent və turoperatorların iqtisadi rayonlar üzrə ümumi xərcləri,Mingəçevir şəhəri,2008,8.3
004_10.xls,4.10  Turagent və turoperatorların iqtisadi rayonlar üzrə ümumi xərcləri,Mingəçevir şəhəri,2009,14.1
004_10.xls,4.10  Turagent və turoperatorların iqtisadi rayonlar üzrə ümumi xərcləri,Mingəçevir şəhəri,2010,14.9
004_10.xls,4.10  Turagent və turoperatorların iqtisadi rayonlar üzrə ümumi xərcləri,Mingəçevir şəhəri,2011,2.8
004_10.xls,4.10  Turagent və turoperatorların iqtisadi rayonlar üzrə ümumi xərcləri,Mingəçevir şəhəri,2012,4.9
004_10.xls,4.10  Turagent və turoperatorların iqtisadi rayonlar üzrə ümumi xərcləri,Mingəçevir şəhəri,2013,6.1
004_10.xls,4.10  Turagent və turoperatorların iqtisadi rayonlar üzrə ümumi xərcləri,Mingəçevir şəhəri,2014,6.4
004_10.xls,4.10  Turagent və turoperatorların iqtisadi rayonlar üzrə ümumi xərcləri,Mingəçevir şəhəri,2015,7.9
004_10.xls,4.10  Turagent və turoperatorların iqtisadi rayonlar üzrə ümumi xərcləri,Mingəçevir şəhəri,2016,5.1
004_10.xls,4.10  Turagent və turoperatorların iqtisadi rayonlar üzrə ümumi xərcləri,Mingəçevir şəhəri,2019,0.7
004_10.xls,4.10  Turagent və turoperatorların iqtisadi rayonlar üzrə ümumi xərcləri,Mingəçevir şəhəri,2023,3.3
004_10.xls,4.10  Turagent və turoperatorların iqtisadi rayonlar üzrə ümumi xərcləri,Mingəçevir şəhəri,2024,9.6
004_10.xls,4.10  Turagent və turoperatorların iqtisadi rayonlar üzrə ümumi xərcləri,Ağdaş rayonu,2015,1.7
004_10.xls,4.10  Turagent və turoperatorların iqtisadi rayonlar üzrə ümumi xərcləri,Kürdəmir rayonu,2018,6.5
004_10.xls,4.10  Turagent və turoperatorların iqtisadi rayonlar üzrə ümumi xərcləri,Kürdəmir rayonu,2019,8.5
004_10.xls,4.10  Turagent və turoperatorların iqtisadi rayonlar üzrə ümumi xərcləri,Kürdəmir rayonu,2020,6.4
004_10.xls,4.10  Turagent və turoperatorların iqtisadi rayonlar üzrə ümumi xərcləri,Kürdəmir rayonu,2021,16.3
004_10.xls,4.10  Turagent və turoperatorların iqtisadi rayonlar üzrə ümumi xərcləri,Kürdəmir rayonu,2022,8.1
004_10.xls,4.10  Turagent və turoperatorların iqtisadi rayonlar üzrə ümumi xərcləri,Yevlax rayonu,2013,50.5
004_10.xls,4.10  Turagent və turoperatorların iqtisadi rayonlar üzrə ümumi xərcləri,Yevlax rayonu,2014,23.3
004_10.xls,4.10  Turagent və turoperatorların iqtisadi rayonlar üzrə ümumi xərcləri,Yevlax rayonu,2015,15.9
004_10.xls,4.10  Turagent və turoperatorların iqtisadi rayonlar üzrə ümumi xərcləri,Yevlax rayonu,2018,24.0
004_10.xls,4.10  Turagent və turoperatorların iqtisadi rayonlar üzrə ümumi xərcləri,Yevlax rayonu,2019,117.2
004_10.xls,4.10  Turagent və turoperatorların iqtisadi rayonlar üzrə ümumi xərcləri,Yevlax rayonu,2020,2.0
004_10.xls,4.10  Turagent və turoperatorların iqtisadi rayonlar üzrə ümumi xərcləri,Yevlax rayonu,2023,129.1
004_10.xls,4.10  Turagent və turoperatorların iqtisadi rayonlar üzrə ümumi xərcləri,Yevlax rayonu,2024,966.3
004_10.xls,4.10  Turagent və turoperatorların iqtisadi rayonlar üzrə ümumi xərcləri,Mil-Muğan iqtisadi rayonu,2023,2.2
004_10.xls,4.10  Turagent və turoperatorların iqtisadi rayonlar üzrə ümumi xərcləri,Mil-Muğan iqtisadi rayonu,2024,88.7
004_10.xls,4.10  Turagent və turoperatorların iqtisadi rayonlar üzrə ümumi xərcləri,Beyləqan rayonu,2023,2.2
004_10.xls,4.10  Turagent və turoperatorların iqtisadi rayonlar üzrə ümumi xərcləri,İmişli rayonu,2024,88.7
004_10.xls,4.10  Turagent və turoperatorların iqtisadi rayonlar üzrə ümumi xərcləri,Şəki-Zaqatala iqtisadi rayonu,2006,36.4
004_10.xls,4.10  Turagent və turoperatorların iqtisadi rayonlar üzrə ümumi xərcləri,Şəki-Zaqatala iqtisadi rayonu,2007,95.1
004_10.xls,4.10  Turagent və turoperatorların iqtisadi rayonlar üzrə ümumi xərcləri,Şəki-Zaqatala iqtisadi rayonu,2008,381.9
004_10.xls,4.10  Turagent və turoperatorların iqtisadi rayonlar üzrə ümumi xərcləri,Şəki-Zaqatala iqtisadi rayonu,2017,87.4
004_10.xls,4.10  Turagent və turoperatorların iqtisadi rayonlar üzrə ümumi xərcləri,Şəki-Zaqatala iqtisadi rayonu,2018,473.1
004_10.xls,4.10  Turagent və turoperatorların iqtisadi rayonlar üzrə ümumi xərcləri,Şəki-Zaqatala iqtisadi rayonu,2019,185.1
004_10.xls,4.10  Turagent və turoperatorların iqtisadi rayonlar üzrə ümumi xərcləri,Şəki-Zaqatala iqtisadi rayonu,2020,48.1
004_10.xls,4.10  Turagent və turoperatorların iqtisadi rayonlar üzrə ümumi xərcləri,Şəki-Zaqatala iqtisadi rayonu,2021,103.9
004_10.xls,4.10  Turagent və turoperatorların iqtisadi rayonlar üzrə ümumi xərcləri,Şəki-Zaqatala iqtisadi rayonu,2022,814.0
004_10.xls,4.10  Turagent və turoperatorların iqtisadi rayonlar üzrə ümumi xərcləri,Şəki-Zaqatala iqtisadi rayonu,2023,1630.0
004_10.xls,4.10  Turagent və turoperatorların iqtisadi rayonlar üzrə ümumi xərcləri,Şəki-Zaqatala iqtisadi rayonu,2024,577.0
004_10.xls,4.10  Turagent və turoperatorların iqtisadi rayonlar üzrə ümumi xərcləri,Balakən rayonu,2024,12.0
004_10.xls,4.10  Turagent və turoperatorların iqtisadi rayonlar üzrə ümumi xərcləri,Qax rayonu,2019,5.3
004_10.xls,4.10  Turagent və turoperatorların iqtisadi rayonlar üzrə ümumi xərcləri,Qax rayonu,2023,3.0
004_10.xls,4.10  Turagent və turoperatorların iqtisadi rayonlar üzrə ümumi xərcləri,Qax rayonu,2024,1.2
004_10.xls,4.10  Turagent və turoperatorların iqtisadi rayonlar üzrə ümumi xərcləri,Qəbələ rayonu,2017,86.3
004_10.xls,4.10  Turagent və turoperatorların iqtisadi rayonlar üzrə ümumi xərcləri,Qəbələ rayonu,2018,473.1
004_10.xls,4.10  Turagent və turoperatorların iqtisadi rayonlar üzrə ümumi xərcləri,Oğuz rayonu,2024,6.0
004_10.xls,4.10  Turagent və turoperatorların iqtisadi rayonlar üzrə ümumi xərcləri,Şəki rayonu,2006,36.4
004_10.xls,4.10  Turagent və turoperatorların iqtisadi rayonlar üzrə ümumi xərcləri,Şəki rayonu,2007,95.1
004_10.xls,4.10  Turagent və turoperatorların iqtisadi rayonlar üzrə ümumi xərcləri,Şəki rayonu,2008,381.9
004_10.xls,4.10  Turagent və turoperatorların iqtisadi rayonlar üzrə ümumi xərcləri,Şəki rayonu,2019,179.8
004_10.xls,4.10  Turagent və turoperatorların iqtisadi rayonlar üzrə ümumi xərcləri,Şəki rayonu,2020,48.1
004_10.xls,4.10  Turagent və turoperatorların iqtisadi rayonlar üzrə ümumi xərcləri,Şəki rayonu,2021,103.9
004_10.xls,4.10  Turagent və turoperatorların iqtisadi rayonlar üzrə ümumi xərcləri,Şəki rayonu,2022,814.0
004_10.xls,4.10  Turagent və turoperatorların iqtisadi rayonlar üzrə ümumi xərcləri,Şəki rayonu,2023,1627.0
004_10.xls,4.10  Turagent və turoperatorların iqtisadi rayonlar üzrə ümumi xərcləri,Şəki rayonu,2024,555.5
004_10.xls,4.10  Turagent və turoperatorların iqtisadi rayonlar üzrə ümumi xərcləri,Zaqatala rayonu,2017,1.1
004_10.xls,4.10  Turagent və turoperatorların iqtisadi rayonlar üzrə ümumi xərcləri,Zaqatala rayonu,2024,2.3
004_10.xls,4.10  Turagent və turoperatorların iqtisadi rayonlar üzrə ümumi xərcləri,Şirvan-Salyan iqtisadi rayonu,2015,5.8
004_10.xls,4.10  Turagent və turoperatorların iqtisadi rayonlar üzrə ümumi xərcləri,Şirvan-Salyan iqtisadi rayonu,2016,11.5
004_10.xls,4.10  Turagent və turoperatorların iqtisadi rayonlar üzrə ümumi xərcləri,Şirvan-Salyan iqtisadi rayonu,2017,49.9
004_10.xls,4.10  Turagent və turoperatorların iqtisadi rayonlar üzrə ümumi xərcləri,Şirvan-Salyan iqtisadi rayonu,2018,61.900000000000006
004_10.xls,4.10  Turagent və turoperatorların iqtisadi rayonlar üzrə ümumi xərcləri,Şirvan-Salyan iqtisadi rayonu,2019,35.2
004_10.xls,4.10  Turagent və turoperatorların iqtisadi rayonlar üzrə ümumi xərcləri,Şirvan-Salyan iqtisadi rayonu,2020,8.7
004_10.xls,4.10  Turagent və turoperatorların iqtisadi rayonlar üzrə ümumi xərcləri,Şirvan-Salyan iqtisadi rayonu,2023,3.5
004_10.xls,4.10  Turagent və turoperatorların iqtisadi rayonlar üzrə ümumi xərcləri,Şirvan-Salyan iqtisadi rayonu,2024,7.0
004_10.xls,4.10  Turagent və turoperatorların iqtisadi rayonlar üzrə ümumi xərcləri,Şirvan şəhəri,2015,5.8
004_10.xls,4.10  Turagent və turoperatorların iqtisadi rayonlar üzrə ümumi xərcləri,Şirvan şəhəri,2016,11.5
004_10.xls,4.10  Turagent və turoperatorların iqtisadi rayonlar üzrə ümumi xərcləri,Şirvan şəhəri,2017,45.4
004_10.xls,4.10  Turagent və turoperatorların iqtisadi rayonlar üzrə ümumi xərcləri,Şirvan şəhəri,2018,38.0
004_10.xls,4.10  Turagent və turoperatorların iqtisadi rayonlar üzrə ümumi xərcləri,Şirvan şəhəri,2019,19.0
004_10.xls,4.10  Turagent və turoperatorların iqtisadi rayonlar üzrə ümumi xərcləri,Şirvan şəhəri,2020,4.3
004_10.xls,4.10  Turagent və turoperatorların iqtisadi rayonlar üzrə ümumi xərcləri,Biləsuvar rayonu,2017,4.5
004_10.xls,4.10  Turagent və turoperatorların iqtisadi rayonlar üzrə ümumi xərcləri,Biləsuvar rayonu,2018,9.6
004_10.xls,4.10  Turagent və turoperatorların iqtisadi rayonlar üzrə ümumi xərcləri,Biləsuvar rayonu,2019,16.2
004_10.xls,4.10  Turagent və turoperatorların iqtisadi rayonlar üzrə ümumi xərcləri,Biləsuvar rayonu,2020,4.4
004_10.xls,4.10  Turagent və turoperatorların iqtisadi rayonlar üzrə ümumi xərcləri,Biləsuvar rayonu,2023,3.5
004_10.xls,4.10  Turagent və turoperatorların iqtisadi rayonlar üzrə ümumi xərcləri,Biləsuvar rayonu,2024,7.0
004_10.xls,4.10  Turagent və turoperatorların iqtisadi rayonlar üzrə ümumi xərcləri,Salyan rayonu,2018,14.3
004_11.xls,4.11 Turagent və turoperator fəaliyyəti göstərən müəssisələrdə çalışan işçilərin,Bakı şəhəri,2006,675.0
004_11.xls,4.11 Turagent və turoperator fəaliyyəti göstərən müəssisələrdə çalışan işçilərin,Bakı şəhəri,2007,951.0
004_11.xls,4.11 Turagent və turoperator fəaliyyəti göstərən müəssisələrdə çalışan işçilərin,Bakı şəhəri,2008,971.0
004_11.xls,4.11 Turagent və turoperator fəaliyyəti göstərən müəssisələrdə çalışan işçilərin,Bakı şəhəri,2009,1368.0
004_11.xls,4.11 Turagent və turoperator fəaliyyəti göstərən müəssisələrdə çalışan işçilərin,Bakı şəhəri,2010,1331.0
004_11.xls,4.11 Turagent və turoperator fəaliyyəti göstərən müəssisələrdə çalışan işçilərin,Bakı şəhəri,2011,1451.0
004_11.xls,4.11 Turagent və turoperator fəaliyyəti göstərən müəssisələrdə çalışan işçilərin,Bakı şəhəri,2012,1643.0
004_11.xls,4.11 Turagent və turoperator fəaliyyəti göstərən müəssisələrdə çalışan işçilərin,Bakı şəhəri,2013,1634.0
004_11.xls,4.11 Turagent və turoperator fəaliyyəti göstərən müəssisələrdə çalışan işçilərin,Bakı şəhəri,2014,1688.0
004_11.xls,4.11 Turagent və turoperator fəaliyyəti göstərən müəssisələrdə çalışan işçilərin,Bakı şəhəri,2015,1473.0
004_11.xls,4.11 Turagent və turoperator fəaliyyəti göstərən müəssisələrdə çalışan işçilərin,Bakı şəhəri,2016,1628.0
004_11.xls,4.11 Turagent və turoperator fəaliyyəti göstərən müəssisələrdə çalışan işçilərin,Bakı şəhəri,2017,1640.0
004_11.xls,4.11 Turagent və turoperator fəaliyyəti göstərən müəssisələrdə çalışan işçilərin,Bakı şəhəri,2018,1659.0
004_11.xls,4.11 Turagent və turoperator fəaliyyəti göstərən müəssisələrdə çalışan işçilərin,Bakı şəhəri,2019,2053.0
004_11.xls,4.11 Turagent və turoperator fəaliyyəti göstərən müəssisələrdə çalışan işçilərin,Bakı şəhəri,2020,1361.0
004_11.xls,4.11 Turagent və turoperator fəaliyyəti göstərən müəssisələrdə çalışan işçilərin,Bakı şəhəri,2021,918.0
004_11.xls,4.11 Turagent və turoperator fəaliyyəti göstərən müəssisələrdə çalışan işçilərin,Bakı şəhəri,2022,1156.0
004_11.xls,4.11 Turagent və turoperator fəaliyyəti göstərən müəssisələrdə çalışan işçilərin,Bakı şəhəri,2023,1538.0
004_11.xls,4.11 Turagent və turoperator fəaliyyəti göstərən müəssisələrdə çalışan işçilərin,Bakı şəhəri,2024,1843.0
004_11.xls,4.11 Turagent və turoperator fəaliyyəti göstərən müəssisələrdə çalışan işçilərin,Binəqədi rayonu,2006,2.0
004_11.xls,4.11 Turagent və turoperator fəaliyyəti göstərən müəssisələrdə çalışan işçilərin,Binəqədi rayonu,2007,11.0
004_11.xls,4.11 Turagent və turoperator fəaliyyəti göstərən müəssisələrdə çalışan işçilərin,Binəqədi rayonu,2008,26.0
004_11.xls,4.11 Turagent və turoperator fəaliyyəti göstərən müəssisələrdə çalışan işçilərin,Binəqədi rayonu,2009,48.0
004_11.xls,4.11 Turagent və turoperator fəaliyyəti göstərən müəssisələrdə çalışan işçilərin,Binəqədi rayonu,2010,24.0
004_11.xls,4.11 Turagent və turoperator fəaliyyəti göstərən müəssisələrdə çalışan işçilərin,Binəqədi rayonu,2011,26.0
004_11.xls,4.11 Turagent və turoperator fəaliyyəti göstərən müəssisələrdə çalışan işçilərin,Binəqədi rayonu,2012,35.0
004_11.xls,4.11 Turagent və turoperator fəaliyyəti göstərən müəssisələrdə çalışan işçilərin,Binəqədi rayonu,2013,54.0
004_11.xls,4.11 Turagent və turoperator fəaliyyəti göstərən müəssisələrdə çalışan işçilərin,Binəqədi rayonu,2014,49.0
004_11.xls,4.11 Turagent və turoperator fəaliyyəti göstərən müəssisələrdə çalışan işçilərin,Binəqədi rayonu,2015,52.0
004_11.xls,4.11 Turagent və turoperator fəaliyyəti göstərən müəssisələrdə çalışan işçilərin,Binəqədi rayonu,2016,59.0
004_11.xls,4.11 Turagent və turoperator fəaliyyəti göstərən müəssisələrdə çalışan işçilərin,Binəqədi rayonu,2017,89.0
004_11.xls,4.11 Turagent və turoperator fəaliyyəti göstərən müəssisələrdə çalışan işçilərin,Binəqədi rayonu,2018,87.0
004_11.xls,4.11 Turagent və turoperator fəaliyyəti göstərən müəssisələrdə çalışan işçilərin,Binəqədi rayonu,2019,107.0
004_11.xls,4.11 Turagent və turoperator fəaliyyəti göstərən müəssisələrdə çalışan işçilərin,Binəqədi rayonu,2020,52.0
004_11.xls,4.11 Turagent və turoperator fəaliyyəti göstərən müəssisələrdə çalışan işçilərin,Binəqədi rayonu,2021,25.0
004_11.xls,4.11 Turagent və turoperator fəaliyyəti göstərən müəssisələrdə çalışan işçilərin,Binəqədi rayonu,2022,35.0
004_11.xls,4.11 Turagent və turoperator fəaliyyəti göstərən müəssisələrdə çalışan işçilərin,Binəqədi rayonu,2023,76.0
004_11.xls,4.11 Turagent və turoperator fəaliyyəti göstərən müəssisələrdə çalışan işçilərin,Binəqədi rayonu,2024,99.0
004_11.xls,4.11 Turagent və turoperator fəaliyyəti göstərən müəssisələrdə çalışan işçilərin,Xətai rayonu,2006,10.0
004_11.xls,4.11 Turagent və turoperator fəaliyyəti göstərən müəssisələrdə çalışan işçilərin,Xətai rayonu,2007,13.0
004_11.xls,4.11 Turagent və turoperator fəaliyyəti göstərən müəssisələrdə çalışan işçilərin,Xətai rayonu,2008,14.0
004_11.xls,4.11 Turagent və turoperator fəaliyyəti göstərən müəssisələrdə çalışan işçilərin,Xətai rayonu,2009,26.0
004_11.xls,4.11 Turagent və turoperator fəaliyyəti göstərən müəssisələrdə çalışan işçilərin,Xətai rayonu,2010,78.0
004_11.xls,4.11 Turagent və turoperator fəaliyyəti göstərən müəssisələrdə çalışan işçilərin,Xətai rayonu,2011,82.0
004_11.xls,4.11 Turagent və turoperator fəaliyyəti göstərən müəssisələrdə çalışan işçilərin,Xətai rayonu,2012,105.0
004_11.xls,4.11 Turagent və turoperator fəaliyyəti göstərən müəssisələrdə çalışan işçilərin,Xətai rayonu,2013,117.0
004_11.xls,4.11 Turagent və turoperator fəaliyyəti göstərən müəssisələrdə çalışan işçilərin,Xətai rayonu,2014,127.0
004_11.xls,4.11 Turagent və turoperator fəaliyyəti göstərən müəssisələrdə çalışan işçilərin,Xətai rayonu,2015,99.0
004_11.xls,4.11 Turagent və turoperator fəaliyyəti göstərən müəssisələrdə çalışan işçilərin,Xətai rayonu,2016,88.0
004_11.xls,4.11 Turagent və turoperator fəaliyyəti göstərən müəssisələrdə çalışan işçilərin,Xətai rayonu,2017,86.0
004_11.xls,4.11 Turagent və turoperator fəaliyyəti göstərən müəssisələrdə çalışan işçilərin,Xətai rayonu,2018,106.0
004_11.xls,4.11 Turagent və turoperator fəaliyyəti göstərən müəssisələrdə çalışan işçilərin,Xətai rayonu,2019,138.0
004_11.xls,4.11 Turagent və turoperator fəaliyyəti göstərən müəssisələrdə çalışan işçilərin,Xətai rayonu,2020,107.0
004_11.xls,4.11 Turagent və turoperator fəaliyyəti göstərən müəssisələrdə çalışan işçilərin,Xətai rayonu,2021,54.0
004_11.xls,4.11 Turagent və turoperator fəaliyyəti göstərən müəssisələrdə çalışan işçilərin,Xətai rayonu,2022,87.0
004_11.xls,4.11 Turagent və turoperator fəaliyyəti göstərən müəssisələrdə çalışan işçilərin,Xətai rayonu,2023,154.0
004_11.xls,4.11 Turagent və turoperator fəaliyyəti göstərən müəssisələrdə çalışan işçilərin,Xətai rayonu,2024,205.0
004_11.xls,4.11 Turagent və turoperator fəaliyyəti göstərən müəssisələrdə çalışan işçilərin,Xəzər rayonu,2006,6.0
004_11.xls,4.11 Turagent və turoperator fəaliyyəti göstərən müəssisələrdə çalışan işçilərin,Xəzər rayonu,2007,10.0
004_11.xls,4.11 Turagent və turoperator fəaliyyəti göstərən müəssisələrdə çalışan işçilərin,Xəzər rayonu,2008,9.0
004_11.xls,4.11 Turagent və turoperator fəaliyyəti göstərən müəssisələrdə çalışan işçilərin,Xəzər rayonu,2009,311.0
004_11.xls,4.11 Turagent və turoperator fəaliyyəti göstərən müəssisələrdə çalışan işçilərin,Xəzər rayonu,2015,4.0
004_11.xls,4.11 Turagent və turoperator fəaliyyəti göstərən müəssisələrdə çalışan işçilərin,Xəzər rayonu,2016,39.0
004_11.xls,4.11 Turagent və turoperator fəaliyyəti göstərən müəssisələrdə çalışan işçilərin,Xəzər rayonu,2017,28.0
004_11.xls,4.11 Turagent və turoperator fəaliyyəti göstərən müəssisələrdə çalışan işçilərin,Xəzər rayonu,2018,21.0
004_11.xls,4.11 Turagent və turoperator fəaliyyəti göstərən müəssisələrdə çalışan işçilərin,Xəzər rayonu,2019,22.0
004_11.xls,4.11 Turagent və turoperator fəaliyyəti göstərən müəssisələrdə çalışan işçilərin,Xəzər rayonu,2020,6.0
004_11.xls,4.11 Turagent və turoperator fəaliyyəti göstərən müəssisələrdə çalışan işçilərin,Xəzər rayonu,2021,3.0
004_11.xls,4.11 Turagent və turoperator fəaliyyəti göstərən müəssisələrdə çalışan işçilərin,Xəzər rayonu,2022,9.0
004_11.xls,4.11 Turagent və turoperator fəaliyyəti göstərən müəssisələrdə çalışan işçilərin,Xəzər rayonu,2023,12.0
004_11.xls,4.11 Turagent və turoperator fəaliyyəti göstərən müəssisələrdə çalışan işçilərin,Xəzər rayonu,2024,18.0
004_11.xls,4.11 Turagent və turoperator fəaliyyəti göstərən müəssisələrdə çalışan işçilərin,Qaradağ rayonu,2018,5.0
004_11.xls,4.11 Turagent və turoperator fəaliyyəti göstərən müəssisələrdə çalışan işçilərin,Qaradağ rayonu,2019,6.0
004_11.xls,4.11 Turagent və turoperator fəaliyyəti göstərən müəssisələrdə çalışan işçilərin,Qaradağ rayonu,2020,2.0
004_11.xls,4.11 Turagent və turoperator fəaliyyəti göstərən müəssisələrdə çalışan işçilərin,Qaradağ rayonu,2022,1.0
004_11.xls,4.11 Turagent və turoperator fəaliyyəti göstərən müəssisələrdə çalışan işçilərin,Qaradağ rayonu,2024,6.0
004_11.xls,4.11 Turagent və turoperator fəaliyyəti göstərən müəssisələrdə çalışan işçilərin,Nərimanov rayonu,2006,60.0
004_11.xls,4.11 Turagent və turoperator fəaliyyəti göstərən müəssisələrdə çalışan işçilərin,Nərimanov rayonu,2007,244.0
004_11.xls,4.11 Turagent və turoperator fəaliyyəti göstərən müəssisələrdə çalışan işçilərin,Nərimanov rayonu,2008,236.0
004_11.xls,4.11 Turagent və turoperator fəaliyyəti göstərən müəssisələrdə çalışan işçilərin,Nərimanov rayonu,2009,260.0
004_11.xls,4.11 Turagent və turoperator fəaliyyəti göstərən müəssisələrdə çalışan işçilərin,Nərimanov rayonu,2010,139.0
004_11.xls,4.11 Turagent və turoperator fəaliyyəti göstərən müəssisələrdə çalışan işçilərin,Nərimanov rayonu,2011,175.0
004_11.xls,4.11 Turagent və turoperator fəaliyyəti göstərən müəssisələrdə çalışan işçilərin,Nərimanov rayonu,2012,195.0
004_11.xls,4.11 Turagent və turoperator fəaliyyəti göstərən müəssisələrdə çalışan işçilərin,Nərimanov rayonu,2013,193.0
004_11.xls,4.11 Turagent və turoperator fəaliyyəti göstərən müəssisələrdə çalışan işçilərin,Nərimanov rayonu,2014,187.0
004_11.xls,4.11 Turagent və turoperator fəaliyyəti göstərən müəssisələrdə çalışan işçilərin,Nərimanov rayonu,2015,191.0
004_11.xls,4.11 Turagent və turoperator fəaliyyəti göstərən müəssisələrdə çalışan işçilərin,Nərimanov rayonu,2016,196.0
004_11.xls,4.11 Turagent və turoperator fəaliyyəti göstərən müəssisələrdə çalışan işçilərin,Nərimanov rayonu,2017,217.0
004_11.xls,4.11 Turagent və turoperator fəaliyyəti göstərən müəssisələrdə çalışan işçilərin,Nərimanov rayonu,2018,158.0
004_11.xls,4.11 Turagent və turoperator fəaliyyəti göstərən müəssisələrdə çalışan işçilərin,Nərimanov rayonu,2019,205.0
004_11.xls,4.11 Turagent və turoperator fəaliyyəti göstərən müəssisələrdə çalışan işçilərin,Nərimanov rayonu,2020,80.0
004_11.xls,4.11 Turagent və turoperator fəaliyyəti göstərən müəssisələrdə çalışan işçilərin,Nərimanov rayonu,2021,64.0
004_11.xls,4.11 Turagent və turoperator fəaliyyəti göstərən müəssisələrdə çalışan işçilərin,Nərimanov rayonu,2022,126.0
004_11.xls,4.11 Turagent və turoperator fəaliyyəti göstərən müəssisələrdə çalışan işçilərin,Nərimanov rayonu,2023,116.0
004_11.xls,4.11 Turagent və turoperator fəaliyyəti göstərən müəssisələrdə çalışan işçilərin,Nərimanov rayonu,2024,161.0
004_11.xls,4.11 Turagent və turoperator fəaliyyəti göstərən müəssisələrdə çalışan işçilərin,Nəsimi rayonu,2006,176.0
004_11.xls,4.11 Turagent və turoperator fəaliyyəti göstərən müəssisələrdə çalışan işçilərin,Nəsimi rayonu,2007,194.0
004_11.xls,4.11 Turagent və turoperator fəaliyyəti göstərən müəssisələrdə çalışan işçilərin,Nəsimi rayonu,2008,184.0
004_11.xls,4.11 Turagent və turoperator fəaliyyəti göstərən müəssisələrdə çalışan işçilərin,Nəsimi rayonu,2009,183.0
004_11.xls,4.11 Turagent və turoperator fəaliyyəti göstərən müəssisələrdə çalışan işçilərin,Nəsimi rayonu,2010,212.0
004_11.xls,4.11 Turagent və turoperator fəaliyyəti göstərən müəssisələrdə çalışan işçilərin,Nəsimi rayonu,2011,222.0
004_11.xls,4.11 Turagent və turoperator fəaliyyəti göstərən müəssisələrdə çalışan işçilərin,Nəsimi rayonu,2012,237.0
004_11.xls,4.11 Turagent və turoperator fəaliyyəti göstərən müəssisələrdə çalışan işçilərin,Nəsimi rayonu,2013,222.0
004_11.xls,4.11 Turagent və turoperator fəaliyyəti göstərən müəssisələrdə çalışan işçilərin,Nəsimi rayonu,2014,269.0
004_11.xls,4.11 Turagent və turoperator fəaliyyəti göstərən müəssisələrdə çalışan işçilərin,Nəsimi rayonu,2015,294.0
004_11.xls,4.11 Turagent və turoperator fəaliyyəti göstərən müəssisələrdə çalışan işçilərin,Nəsimi rayonu,2016,308.0
004_11.xls,4.11 Turagent və turoperator fəaliyyəti göstərən müəssisələrdə çalışan işçilərin,Nəsimi rayonu,2017,353.0
004_11.xls,4.11 Turagent və turoperator fəaliyyəti göstərən müəssisələrdə çalışan işçilərin,Nəsimi rayonu,2018,386.0
004_11.xls,4.11 Turagent və turoperator fəaliyyəti göstərən müəssisələrdə çalışan işçilərin,Nəsimi rayonu,2019,455.0
004_11.xls,4.11 Turagent və turoperator fəaliyyəti göstərən müəssisələrdə çalışan işçilərin,Nəsimi rayonu,2020,302.0
004_11.xls,4.11 Turagent və turoperator fəaliyyəti göstərən müəssisələrdə çalışan işçilərin,Nəsimi rayonu,2021,102.0
004_11.xls,4.11 Turagent və turoperator fəaliyyəti göstərən müəssisələrdə çalışan işçilərin,Nəsimi rayonu,2022,202.0
004_11.xls,4.11 Turagent və turoperator fəaliyyəti göstərən müəssisələrdə çalışan işçilərin,Nəsimi rayonu,2023,407.0
004_11.xls,4.11 Turagent və turoperator fəaliyyəti göstərən müəssisələrdə çalışan işçilərin,Nəsimi rayonu,2024,423.0
004_11.xls,4.11 Turagent və turoperator fəaliyyəti göstərən müəssisələrdə çalışan işçilərin,Nizami rayonu,2006,39.0
004_11.xls,4.11 Turagent və turoperator fəaliyyəti göstərən müəssisələrdə çalışan işçilərin,Nizami rayonu,2007,55.0
004_11.xls,4.11 Turagent və turoperator fəaliyyəti göstərən müəssisələrdə çalışan işçilərin,Nizami rayonu,2008,53.0
004_11.xls,4.11 Turagent və turoperator fəaliyyəti göstərən müəssisələrdə çalışan işçilərin,Nizami rayonu,2009,82.0
004_11.xls,4.11 Turagent və turoperator fəaliyyəti göstərən müəssisələrdə çalışan işçilərin,Nizami rayonu,2010,88.0
004_11.xls,4.11 Turagent və turoperator fəaliyyəti göstərən müəssisələrdə çalışan işçilərin,Nizami rayonu,2011,92.0
004_11.xls,4.11 Turagent və turoperator fəaliyyəti göstərən müəssisələrdə çalışan işçilərin,Nizami rayonu,2012,89.0
004_11.xls,4.11 Turagent və turoperator fəaliyyəti göstərən müəssisələrdə çalışan işçilərin,Nizami rayonu,2013,83.0
004_11.xls,4.11 Turagent və turoperator fəaliyyəti göstərən müəssisələrdə çalışan işçilərin,Nizami rayonu,2014,60.0
004_11.xls,4.11 Turagent və turoperator fəaliyyəti göstərən müəssisələrdə çalışan işçilərin,Nizami rayonu,2015,35.0
004_11.xls,4.11 Turagent və turoperator fəaliyyəti göstərən müəssisələrdə çalışan işçilərin,Nizami rayonu,2016,47.0
004_11.xls,4.11 Turagent və turoperator fəaliyyəti göstərən müəssisələrdə çalışan işçilərin,Nizami rayonu,2017,49.0
004_11.xls,4.11 Turagent və turoperator fəaliyyəti göstərən müəssisələrdə çalışan işçilərin,Nizami rayonu,2018,44.0
004_11.xls,4.11 Turagent və turoperator fəaliyyəti göstərən müəssisələrdə çalışan işçilərin,Nizami rayonu,2019,53.0
004_11.xls,4.11 Turagent və turoperator fəaliyyəti göstərən müəssisələrdə çalışan işçilərin,Nizami rayonu,2020,44.0
004_11.xls,4.11 Turagent və turoperator fəaliyyəti göstərən müəssisələrdə çalışan işçilərin,Nizami rayonu,2021,6.0
004_11.xls,4.11 Turagent və turoperator fəaliyyəti göstərən müəssisələrdə çalışan işçilərin,Nizami rayonu,2022,12.0
004_11.xls,4.11 Turagent və turoperator fəaliyyəti göstərən müəssisələrdə çalışan işçilərin,Nizami rayonu,2023,23.0
004_11.xls,4.11 Turagent və turoperator fəaliyyəti göstərən müəssisələrdə çalışan işçilərin,Nizami rayonu,2024,48.0
004_11.xls,4.11 Turagent və turoperator fəaliyyəti göstərən müəssisələrdə çalışan işçilərin,Sabunçu rayonu,2006,15.0
004_11.xls,4.11 Turagent və turoperator fəaliyyəti göstərən müəssisələrdə çalışan işçilərin,Sabunçu rayonu,2007,35.0
004_11.xls,4.11 Turagent və turoperator fəaliyyəti göstərən müəssisələrdə çalışan işçilərin,Sabunçu rayonu,2008,28.0
004_11.xls,4.11 Turagent və turoperator fəaliyyəti göstərən müəssisələrdə çalışan işçilərin,Sabunçu rayonu,2009,31.0
004_11.xls,4.11 Turagent və turoperator fəaliyyəti göstərən müəssisələrdə çalışan işçilərin,Sabunçu rayonu,2010,40.0
004_11.xls,4.11 Turagent və turoperator fəaliyyəti göstərən müəssisələrdə çalışan işçilərin,Sabunçu rayonu,2011,43.0
004_11.xls,4.11 Turagent və turoperator fəaliyyəti göstərən müəssisələrdə çalışan işçilərin,Sabunçu rayonu,2012,38.0
004_11.xls,4.11 Turagent və turoperator fəaliyyəti göstərən müəssisələrdə çalışan işçilərin,Sabunçu rayonu,2013,56.0
004_11.xls,4.11 Turagent və turoperator fəaliyyəti göstərən müəssisələrdə çalışan işçilərin,Sabunçu rayonu,2014,60.0
004_11.xls,4.11 Turagent və turoperator fəaliyyəti göstərən müəssisələrdə çalışan işçilərin,Sabunçu rayonu,2015,99.0
004_11.xls,4.11 Turagent və turoperator fəaliyyəti göstərən müəssisələrdə çalışan işçilərin,Sabunçu rayonu,2016,62.0
004_11.xls,4.11 Turagent və turoperator fəaliyyəti göstərən müəssisələrdə çalışan işçilərin,Sabunçu rayonu,2017,82.0
004_11.xls,4.11 Turagent və turoperator fəaliyyəti göstərən müəssisələrdə çalışan işçilərin,Sabunçu rayonu,2018,86.0
004_11.xls,4.11 Turagent və turoperator fəaliyyəti göstərən müəssisələrdə çalışan işçilərin,Sabunçu rayonu,2019,104.0
004_11.xls,4.11 Turagent və turoperator fəaliyyəti göstərən müəssisələrdə çalışan işçilərin,Sabunçu rayonu,2020,57.0
004_11.xls,4.11 Turagent və turoperator fəaliyyəti göstərən müəssisələrdə çalışan işçilərin,Sabunçu rayonu,2021,35.0
004_11.xls,4.11 Turagent və turoperator fəaliyyəti göstərən müəssisələrdə çalışan işçilərin,Sabunçu rayonu,2022,56.0
004_11.xls,4.11 Turagent və turoperator fəaliyyəti göstərən müəssisələrdə çalışan işçilərin,Sabunçu rayonu,2023,52.0
004_11.xls,4.11 Turagent və turoperator fəaliyyəti göstərən müəssisələrdə çalışan işçilərin,Sabunçu rayonu,2024,61.0
004_11.xls,4.11 Turagent və turoperator fəaliyyəti göstərən müəssisələrdə çalışan işçilərin,Səbail rayonu,2006,280.0
004_11.xls,4.11 Turagent və turoperator fəaliyyəti göstərən müəssisələrdə çalışan işçilərin,Səbail rayonu,2007,285.0
004_11.xls,4.11 Turagent və turoperator fəaliyyəti göstərən müəssisələrdə çalışan işçilərin,Səbail rayonu,2008,287.0
004_11.xls,4.11 Turagent və turoperator fəaliyyəti göstərən müəssisələrdə çalışan işçilərin,Səbail rayonu,2009,295.0
004_11.xls,4.11 Turagent və turoperator fəaliyyəti göstərən müəssisələrdə çalışan işçilərin,Səbail rayonu,2010,583.0
004_11.xls,4.11 Turagent və turoperator fəaliyyəti göstərən müəssisələrdə çalışan işçilərin,Səbail rayonu,2011,602.0
004_11.xls,4.11 Turagent və turoperator fəaliyyəti göstərən müəssisələrdə çalışan işçilərin,Səbail rayonu,2012,643.0
004_11.xls,4.11 Turagent və turoperator fəaliyyəti göstərən müəssisələrdə çalışan işçilərin,Səbail rayonu,2013,632.0
004_11.xls,4.11 Turagent və turoperator fəaliyyəti göstərən müəssisələrdə çalışan işçilərin,Səbail rayonu,2014,633.0
004_11.xls,4.11 Turagent və turoperator fəaliyyəti göstərən müəssisələrdə çalışan işçilərin,Səbail rayonu,2015,375.0
004_11.xls,4.11 Turagent və turoperator fəaliyyəti göstərən müəssisələrdə çalışan işçilərin,Səbail rayonu,2016,521.0
004_11.xls,4.11 Turagent və turoperator fəaliyyəti göstərən müəssisələrdə çalışan işçilərin,Səbail rayonu,2017,446.0
004_11.xls,4.11 Turagent və turoperator fəaliyyəti göstərən müəssisələrdə çalışan işçilərin,Səbail rayonu,2018,460.0
004_11.xls,4.11 Turagent və turoperator fəaliyyəti göstərən müəssisələrdə çalışan işçilərin,Səbail rayonu,2019,595.0
004_11.xls,4.11 Turagent və turoperator fəaliyyəti göstərən müəssisələrdə çalışan işçilərin,Səbail rayonu,2020,506.0
004_11.xls,4.11 Turagent və turoperator fəaliyyəti göstərən müəssisələrdə çalışan işçilərin,Səbail rayonu,2021,515.0
004_11.xls,4.11 Turagent və turoperator fəaliyyəti göstərən müəssisələrdə çalışan işçilərin,Səbail rayonu,2022,390.0
004_11.xls,4.11 Turagent və turoperator fəaliyyəti göstərən müəssisələrdə çalışan işçilərin,Səbail rayonu,2023,430.0
004_11.xls,4.11 Turagent və turoperator fəaliyyəti göstərən müəssisələrdə çalışan işçilərin,Səbail rayonu,2024,412.0
004_11.xls,4.11 Turagent və turoperator fəaliyyəti göstərən müəssisələrdə çalışan işçilərin,Suraxanı rayonu,2006,4.0
004_11.xls,4.11 Turagent və turoperator fəaliyyəti göstərən müəssisələrdə çalışan işçilərin,Suraxanı rayonu,2007,10.0
004_11.xls,4.11 Turagent və turoperator fəaliyyəti göstərən müəssisələrdə çalışan işçilərin,Suraxanı rayonu,2008,13.0
004_11.xls,4.11 Turagent və turoperator fəaliyyəti göstərən müəssisələrdə çalışan işçilərin,Suraxanı rayonu,2009,12.0
004_11.xls,4.11 Turagent və turoperator fəaliyyəti göstərən müəssisələrdə çalışan işçilərin,Suraxanı rayonu,2010,4.0
004_11.xls,4.11 Turagent və turoperator fəaliyyəti göstərən müəssisələrdə çalışan işçilərin,Suraxanı rayonu,2011,9.0
004_11.xls,4.11 Turagent və turoperator fəaliyyəti göstərən müəssisələrdə çalışan işçilərin,Suraxanı rayonu,2012,15.0
004_11.xls,4.11 Turagent və turoperator fəaliyyəti göstərən müəssisələrdə çalışan işçilərin,Suraxanı rayonu,2013,12.0
004_11.xls,4.11 Turagent və turoperator fəaliyyəti göstərən müəssisələrdə çalışan işçilərin,Suraxanı rayonu,2014,11.0
004_11.xls,4.11 Turagent və turoperator fəaliyyəti göstərən müəssisələrdə çalışan işçilərin,Suraxanı rayonu,2015,13.0
004_11.xls,4.11 Turagent və turoperator fəaliyyəti göstərən müəssisələrdə çalışan işçilərin,Suraxanı rayonu,2016,14.0
004_11.xls,4.11 Turagent və turoperator fəaliyyəti göstərən müəssisələrdə çalışan işçilərin,Suraxanı rayonu,2017,35.0
004_11.xls,4.11 Turagent və turoperator fəaliyyəti göstərən müəssisələrdə çalışan işçilərin,Suraxanı rayonu,2018,24.0
004_11.xls,4.11 Turagent və turoperator fəaliyyəti göstərən müəssisələrdə çalışan işçilərin,Suraxanı rayonu,2019,21.0
004_11.xls,4.11 Turagent və turoperator fəaliyyəti göstərən müəssisələrdə çalışan işçilərin,Suraxanı rayonu,2020,3.0
004_11.xls,4.11 Turagent və turoperator fəaliyyəti göstərən müəssisələrdə çalışan işçilərin,Suraxanı rayonu,2021,1.0
004_11.xls,4.11 Turagent və turoperator fəaliyyəti göstərən müəssisələrdə çalışan işçilərin,Suraxanı rayonu,2022,15.0
004_11.xls,4.11 Turagent və turoperator fəaliyyəti göstərən müəssisələrdə çalışan işçilərin,Suraxanı rayonu,2023,25.0
004_11.xls,4.11 Turagent və turoperator fəaliyyəti göstərən müəssisələrdə çalışan işçilərin,Suraxanı rayonu,2024,46.0
004_11.xls,4.11 Turagent və turoperator fəaliyyəti göstərən müəssisələrdə çalışan işçilərin,Yasamal rayonu,2006,83.0
004_11.xls,4.11 Turagent və turoperator fəaliyyəti göstərən müəssisələrdə çalışan işçilərin,Yasamal rayonu,2007,94.0
004_11.xls,4.11 Turagent və turoperator fəaliyyəti göstərən müəssisələrdə çalışan işçilərin,Yasamal rayonu,2008,121.0
004_11.xls,4.11 Turagent və turoperator fəaliyyəti göstərən müəssisələrdə çalışan işçilərin,Yasamal rayonu,2009,120.0
004_11.xls,4.11 Turagent və turoperator fəaliyyəti göstərən müəssisələrdə çalışan işçilərin,Yasamal rayonu,2010,163.0
004_11.xls,4.11 Turagent və turoperator fəaliyyəti göstərən müəssisələrdə çalışan işçilərin,Yasamal rayonu,2011,200.0
004_11.xls,4.11 Turagent və turoperator fəaliyyəti göstərən müəssisələrdə çalışan işçilərin,Yasamal rayonu,2012,286.0
004_11.xls,4.11 Turagent və turoperator fəaliyyəti göstərən müəssisələrdə çalışan işçilərin,Yasamal rayonu,2013,265.0
004_11.xls,4.11 Turagent və turoperator fəaliyyəti göstərən müəssisələrdə çalışan işçilərin,Yasamal rayonu,2014,292.0
004_11.xls,4.11 Turagent və turoperator fəaliyyəti göstərən müəssisələrdə çalışan işçilərin,Yasamal rayonu,2015,311.0
004_11.xls,4.11 Turagent və turoperator fəaliyyəti göstərən müəssisələrdə çalışan işçilərin,Yasamal rayonu,2016,294.0
004_11.xls,4.11 Turagent və turoperator fəaliyyəti göstərən müəssisələrdə çalışan işçilərin,Yasamal rayonu,2017,255.0
004_11.xls,4.11 Turagent və turoperator fəaliyyəti göstərən müəssisələrdə çalışan işçilərin,Yasamal rayonu,2018,282.0
004_11.xls,4.11 Turagent və turoperator fəaliyyəti göstərən müəssisələrdə çalışan işçilərin,Yasamal rayonu,2019,347.0
004_11.xls,4.11 Turagent və turoperator fəaliyyəti göstərən müəssisələrdə çalışan işçilərin,Yasamal rayonu,2020,202.0
004_11.xls,4.11 Turagent və turoperator fəaliyyəti göstərən müəssisələrdə çalışan işçilərin,Yasamal rayonu,2021,113.0
004_11.xls,4.11 Turagent və turoperator fəaliyyəti göstərən müəssisələrdə çalışan işçilərin,Yasamal rayonu,2022,223.0
004_11.xls,4.11 Turagent və turoperator fəaliyyəti göstərən müəssisələrdə çalışan işçilərin,Yasamal rayonu,2023,243.0
004_11.xls,4.11 Turagent və turoperator fəaliyyəti göstərən müəssisələrdə çalışan işçilərin,Yasamal rayonu,2024,364.0
004_11.xls,4.11 Turagent və turoperator fəaliyyəti göstərən müəssisələrdə çalışan işçilərin,Abşeron-Xızı iqtisadi rayonu,2006,11.0
004_11.xls,4.11 Turagent və turoperator fəaliyyəti göstərən müəssisələrdə çalışan işçilərin,Abşeron-Xızı iqtisadi rayonu,2007,7.0
004_11.xls,4.11 Turagent və turoperator fəaliyyəti göstərən müəssisələrdə çalışan işçilərin,Abşeron-Xızı iqtisadi rayonu,2008,9.0
004_11.xls,4.11 Turagent və turoperator fəaliyyəti göstərən müəssisələrdə çalışan işçilərin,Abşeron-Xızı iqtisadi rayonu,2009,8.0
004_11.xls,4.11 Turagent və turoperator fəaliyyəti göstərən müəssisələrdə çalışan işçilərin,Abşeron-Xızı iqtisadi rayonu,2010,9.0
004_11.xls,4.11 Turagent və turoperator fəaliyyəti göstərən müəssisələrdə çalışan işçilərin,Abşeron-Xızı iqtisadi rayonu,2011,11.0
004_11.xls,4.11 Turagent və turoperator fəaliyyəti göstərən müəssisələrdə çalışan işçilərin,Abşeron-Xızı iqtisadi rayonu,2012,8.0
004_11.xls,4.11 Turagent və turoperator fəaliyyəti göstərən müəssisələrdə çalışan işçilərin,Abşeron-Xızı iqtisadi rayonu,2013,8.0
004_11.xls,4.11 Turagent və turoperator fəaliyyəti göstərən müəssisələrdə çalışan işçilərin,Abşeron-Xızı iqtisadi rayonu,2014,13.0
004_11.xls,4.11 Turagent və turoperator fəaliyyəti göstərən müəssisələrdə çalışan işçilərin,Abşeron-Xızı iqtisadi rayonu,2015,4.0
004_11.xls,4.11 Turagent və turoperator fəaliyyəti göstərən müəssisələrdə çalışan işçilərin,Abşeron-Xızı iqtisadi rayonu,2016,24.0
004_11.xls,4.11 Turagent və turoperator fəaliyyəti göstərən müəssisələrdə çalışan işçilərin,Abşeron-Xızı iqtisadi rayonu,2017,36.0
004_11.xls,4.11 Turagent və turoperator fəaliyyəti göstərən müəssisələrdə çalışan işçilərin,Abşeron-Xızı iqtisadi rayonu,2018,46.0
004_11.xls,4.11 Turagent və turoperator fəaliyyəti göstərən müəssisələrdə çalışan işçilərin,Abşeron-Xızı iqtisadi rayonu,2019,72.0
004_11.xls,4.11 Turagent və turoperator fəaliyyəti göstərən müəssisələrdə çalışan işçilərin,Abşeron-Xızı iqtisadi rayonu,2020,23.0
004_11.xls,4.11 Turagent və turoperator fəaliyyəti göstərən müəssisələrdə çalışan işçilərin,Abşeron-Xızı iqtisadi rayonu,2021,4.0
004_11.xls,4.11 Turagent və turoperator fəaliyyəti göstərən müəssisələrdə çalışan işçilərin,Abşeron-Xızı iqtisadi rayonu,2022,35.0
004_11.xls,4.11 Turagent və turoperator fəaliyyəti göstərən müəssisələrdə çalışan işçilərin,Abşeron-Xızı iqtisadi rayonu,2023,62.0
004_11.xls,4.11 Turagent və turoperator fəaliyyəti göstərən müəssisələrdə çalışan işçilərin,Abşeron-Xızı iqtisadi rayonu,2024,115.0
004_11.xls,4.11 Turagent və turoperator fəaliyyəti göstərən müəssisələrdə çalışan işçilərin,Sumqayıt şəhəri,2006,11.0
004_11.xls,4.11 Turagent və turoperator fəaliyyəti göstərən müəssisələrdə çalışan işçilərin,Sumqayıt şəhəri,2007,7.0
004_11.xls,4.11 Turagent və turoperator fəaliyyəti göstərən müəssisələrdə çalışan işçilərin,Sumqayıt şəhəri,2008,9.0
004_11.xls,4.11 Turagent və turoperator fəaliyyəti göstərən müəssisələrdə çalışan işçilərin,Sumqayıt şəhəri,2009,8.0
004_11.xls,4.11 Turagent və turoperator fəaliyyəti göstərən müəssisələrdə çalışan işçilərin,Sumqayıt şəhəri,2010,9.0
004_11.xls,4.11 Turagent və turoperator fəaliyyəti göstərən müəssisələrdə çalışan işçilərin,Sumqayıt şəhəri,2011,11.0
004_11.xls,4.11 Turagent və turoperator fəaliyyəti göstərən müəssisələrdə çalışan işçilərin,Sumqayıt şəhəri,2012,8.0
004_11.xls,4.11 Turagent və turoperator fəaliyyəti göstərən müəssisələrdə çalışan işçilərin,Sumqayıt şəhəri,2013,8.0
004_11.xls,4.11 Turagent və turoperator fəaliyyəti göstərən müəssisələrdə çalışan işçilərin,Sumqayıt şəhəri,2014,13.0
004_11.xls,4.11 Turagent və turoperator fəaliyyəti göstərən müəssisələrdə çalışan işçilərin,Sumqayıt şəhəri,2015,2.0
004_11.xls,4.11 Turagent və turoperator fəaliyyəti göstərən müəssisələrdə çalışan işçilərin,Sumqayıt şəhəri,2016,8.0
004_11.xls,4.11 Turagent və turoperator fəaliyyəti göstərən müəssisələrdə çalışan işçilərin,Sumqayıt şəhəri,2017,5.0
004_11.xls,4.11 Turagent və turoperator fəaliyyəti göstərən müəssisələrdə çalışan işçilərin,Sumqayıt şəhəri,2018,16.0
004_11.xls,4.11 Turagent və turoperator fəaliyyəti göstərən müəssisələrdə çalışan işçilərin,Sumqayıt şəhəri,2019,46.0
004_11.xls,4.11 Turagent və turoperator fəaliyyəti göstərən müəssisələrdə çalışan işçilərin,Sumqayıt şəhəri,2020,20.0
004_11.xls,4.11 Turagent və turoperator fəaliyyəti göstərən müəssisələrdə çalışan işçilərin,Sumqayıt şəhəri,2021,3.0
004_11.xls,4.11 Turagent və turoperator fəaliyyəti göstərən müəssisələrdə çalışan işçilərin,Sumqayıt şəhəri,2022,24.0
004_11.xls,4.11 Turagent və turoperator fəaliyyəti göstərən müəssisələrdə çalışan işçilərin,Sumqayıt şəhəri,2023,27.0
004_11.xls,4.11 Turagent və turoperator fəaliyyəti göstərən müəssisələrdə çalışan işçilərin,Sumqayıt şəhəri,2024,70.0
004_11.xls,4.11 Turagent və turoperator fəaliyyəti göstərən müəssisələrdə çalışan işçilərin,Abşeron rayonu,2015,2.0
004_11.xls,4.11 Turagent və turoperator fəaliyyəti göstərən müəssisələrdə çalışan işçilərin,Abşeron rayonu,2016,16.0
004_11.xls,4.11 Turagent və turoperator fəaliyyəti göstərən müəssisələrdə çalışan işçilərin,Abşeron rayonu,2017,31.0
004_11.xls,4.11 Turagent və turoperator fəaliyyəti göstərən müəssisələrdə çalışan işçilərin,Abşeron rayonu,2018,30.0
004_11.xls,4.11 Turagent və turoperator fəaliyyəti göstərən müəssisələrdə çalışan işçilərin,Abşeron rayonu,2019,26.0
004_11.xls,4.11 Turagent və turoperator fəaliyyəti göstərən müəssisələrdə çalışan işçilərin,Abşeron rayonu,2020,3.0
004_11.xls,4.11 Turagent və turoperator fəaliyyəti göstərən müəssisələrdə çalışan işçilərin,Abşeron rayonu,2021,1.0
004_11.xls,4.11 Turagent və turoperator fəaliyyəti göstərən müəssisələrdə çalışan işçilərin,Abşeron rayonu,2022,11.0
004_11.xls,4.11 Turagent və turoperator fəaliyyəti göstərən müəssisələrdə çalışan işçilərin,Abşeron rayonu,2023,35.0
004_11.xls,4.11 Turagent və turoperator fəaliyyəti göstərən müəssisələrdə çalışan işçilərin,Abşeron rayonu,2024,45.0
004_11.xls,4.11 Turagent və turoperator fəaliyyəti göstərən müəssisələrdə çalışan işçilərin,Dağlıq Şirvan iqtisadi rayonu,2006,2.0
004_11.xls,4.11 Turagent və turoperator fəaliyyəti göstərən müəssisələrdə çalışan işçilərin,Dağlıq Şirvan iqtisadi rayonu,2016,1.0
004_11.xls,4.11 Turagent və turoperator fəaliyyəti göstərən müəssisələrdə çalışan işçilərin,Dağlıq Şirvan iqtisadi rayonu,2018,5.0
004_11.xls,4.11 Turagent və turoperator fəaliyyəti göstərən müəssisələrdə çalışan işçilərin,Dağlıq Şirvan iqtisadi rayonu,2019,5.0
004_11.xls,4.11 Turagent və turoperator fəaliyyəti göstərən müəssisələrdə çalışan işçilərin,Dağlıq Şirvan iqtisadi rayonu,2020,5.0
004_11.xls,4.11 Turagent və turoperator fəaliyyəti göstərən müəssisələrdə çalışan işçilərin,Dağlıq Şirvan iqtisadi rayonu,2021,2.0
004_11.xls,4.11 Turagent və turoperator fəaliyyəti göstərən müəssisələrdə çalışan işçilərin,İsmayıllı rayonu,2006,2.0
004_11.xls,4.11 Turagent və turoperator fəaliyyəti göstərən müəssisələrdə çalışan işçilərin,İsmayıllı rayonu,2016,1.0
004_11.xls,4.11 Turagent və turoperator fəaliyyəti göstərən müəssisələrdə çalışan işçilərin,İsmayıllı rayonu,2018,5.0
004_11.xls,4.11 Turagent və turoperator fəaliyyəti göstərən müəssisələrdə çalışan işçilərin,İsmayıllı rayonu,2019,5.0
004_11.xls,4.11 Turagent və turoperator fəaliyyəti göstərən müəssisələrdə çalışan işçilərin,İsmayıllı rayonu,2020,5.0
004_11.xls,4.11 Turagent və turoperator fəaliyyəti göstərən müəssisələrdə çalışan işçilərin,İsmayıllı rayonu,2021,2.0
004_11.xls,4.11 Turagent və turoperator fəaliyyəti göstərən müəssisələrdə çalışan işçilərin,Gəncə-Daşkəsən iqtisadi rayonu,2006,8.0
004_11.xls,4.11 Turagent və turoperator fəaliyyəti göstərən müəssisələrdə çalışan işçilərin,Gəncə-Daşkəsən iqtisadi rayonu,2007,11.0
004_11.xls,4.11 Turagent və turoperator fəaliyyəti göstərən müəssisələrdə çalışan işçilərin,Gəncə-Daşkəsən iqtisadi rayonu,2008,11.0
004_11.xls,4.11 Turagent və turoperator fəaliyyəti göstərən müəssisələrdə çalışan işçilərin,Gəncə-Daşkəsən iqtisadi rayonu,2013,5.0
004_11.xls,4.11 Turagent və turoperator fəaliyyəti göstərən müəssisələrdə çalışan işçilərin,Gəncə-Daşkəsən iqtisadi rayonu,2014,11.0
004_11.xls,4.11 Turagent və turoperator fəaliyyəti göstərən müəssisələrdə çalışan işçilərin,Gəncə-Daşkəsən iqtisadi rayonu,2015,9.0
004_11.xls,4.11 Turagent və turoperator fəaliyyəti göstərən müəssisələrdə çalışan işçilərin,Gəncə-Daşkəsən iqtisadi rayonu,2016,9.0
004_11.xls,4.11 Turagent və turoperator fəaliyyəti göstərən müəssisələrdə çalışan işçilərin,Gəncə-Daşkəsən iqtisadi rayonu,2017,30.0
004_11.xls,4.11 Turagent və turoperator fəaliyyəti göstərən müəssisələrdə çalışan işçilərin,Gəncə-Daşkəsən iqtisadi rayonu,2018,33.0
004_11.xls,4.11 Turagent və turoperator fəaliyyəti göstərən müəssisələrdə çalışan işçilərin,Gəncə-Daşkəsən iqtisadi rayonu,2019,51.0
004_11.xls,4.11 Turagent və turoperator fəaliyyəti göstərən müəssisələrdə çalışan işçilərin,Gəncə-Daşkəsən iqtisadi rayonu,2020,30.0
004_11.xls,4.11 Turagent və turoperator fəaliyyəti göstərən müəssisələrdə çalışan işçilərin,Gəncə-Daşkəsən iqtisadi rayonu,2021,26.0
004_11.xls,4.11 Turagent və turoperator fəaliyyəti göstərən müəssisələrdə çalışan işçilərin,Gəncə-Daşkəsən iqtisadi rayonu,2022,28.0
004_11.xls,4.11 Turagent və turoperator fəaliyyəti göstərən müəssisələrdə çalışan işçilərin,Gəncə-Daşkəsən iqtisadi rayonu,2023,27.0
004_11.xls,4.11 Turagent və turoperator fəaliyyəti göstərən müəssisələrdə çalışan işçilərin,Gəncə-Daşkəsən iqtisadi rayonu,2024,67.0
004_11.xls,4.11 Turagent və turoperator fəaliyyəti göstərən müəssisələrdə çalışan işçilərin,Gəncə şəhəri,2006,8.0
004_11.xls,4.11 Turagent və turoperator fəaliyyəti göstərən müəssisələrdə çalışan işçilərin,Gəncə şəhəri,2007,11.0
004_11.xls,4.11 Turagent və turoperator fəaliyyəti göstərən müəssisələrdə çalışan işçilərin,Gəncə şəhəri,2008,11.0
004_11.xls,4.11 Turagent və turoperator fəaliyyəti göstərən müəssisələrdə çalışan işçilərin,Gəncə şəhəri,2013,5.0
004_11.xls,4.11 Turagent və turoperator fəaliyyəti göstərən müəssisələrdə çalışan işçilərin,Gəncə şəhəri,2014,11.0
004_11.xls,4.11 Turagent və turoperator fəaliyyəti göstərən müəssisələrdə çalışan işçilərin,Gəncə şəhəri,2015,9.0
004_11.xls,4.11 Turagent və turoperator fəaliyyəti göstərən müəssisələrdə çalışan işçilərin,Gəncə şəhəri,2016,9.0
004_11.xls,4.11 Turagent və turoperator fəaliyyəti göstərən müəssisələrdə çalışan işçilərin,Gəncə şəhəri,2017,29.0
004_11.xls,4.11 Turagent və turoperator fəaliyyəti göstərən müəssisələrdə çalışan işçilərin,Gəncə şəhəri,2018,31.0
004_11.xls,4.11 Turagent və turoperator fəaliyyəti göstərən müəssisələrdə çalışan işçilərin,Gəncə şəhəri,2019,34.0
004_11.xls,4.11 Turagent və turoperator fəaliyyəti göstərən müəssisələrdə çalışan işçilərin,Gəncə şəhəri,2020,30.0
004_11.xls,4.11 Turagent və turoperator fəaliyyəti göstərən müəssisələrdə çalışan işçilərin,Gəncə şəhəri,2021,23.0
004_11.xls,4.11 Turagent və turoperator fəaliyyəti göstərən müəssisələrdə çalışan işçilərin,Gəncə şəhəri,2022,25.0
004_11.xls,4.11 Turagent və turoperator fəaliyyəti göstərən müəssisələrdə çalışan işçilərin,Gəncə şəhəri,2023,20.0
004_11.xls,4.11 Turagent və turoperator fəaliyyəti göstərən müəssisələrdə çalışan işçilərin,Gəncə şəhəri,2024,46.0
004_11.xls,4.11 Turagent və turoperator fəaliyyəti göstərən müəssisələrdə çalışan işçilərin,Naftalan şəhəri,2017,1.0
004_11.xls,4.11 Turagent və turoperator fəaliyyəti göstərən müəssisələrdə çalışan işçilərin,Naftalan şəhəri,2018,2.0
004_11.xls,4.11 Turagent və turoperator fəaliyyəti göstərən müəssisələrdə çalışan işçilərin,Naftalan şəhəri,2021,3.0
004_11.xls,4.11 Turagent və turoperator fəaliyyəti göstərən müəssisələrdə çalışan işçilərin,Naftalan şəhəri,2022,3.0
004_11.xls,4.11 Turagent və turoperator fəaliyyəti göstərən müəssisələrdə çalışan işçilərin,Naftalan şəhəri,2023,6.0
004_11.xls,4.11 Turagent və turoperator fəaliyyəti göstərən müəssisələrdə çalışan işçilərin,Naftalan şəhəri,2024,18.0
004_11.xls,4.11 Turagent və turoperator fəaliyyəti göstərən müəssisələrdə çalışan işçilərin,Goranboy rayonu,2019,17.0
004_11.xls,4.11 Turagent və turoperator fəaliyyəti göstərən müəssisələrdə çalışan işçilərin,Goranboy rayonu,2023,1.0
004_11.xls,4.11 Turagent və turoperator fəaliyyəti göstərən müəssisələrdə çalışan işçilərin,Goranboy rayonu,2024,3.0
004_11.xls,4.11 Turagent və turoperator fəaliyyəti göstərən müəssisələrdə çalışan işçilərin,Qarabağ iqtisadi rayonu,2024,2.0
004_11.xls,4.11 Turagent və turoperator fəaliyyəti göstərən müəssisələrdə çalışan işçilərin,Bərdə rayonu,2024,2.0
004_11.xls,4.11 Turagent və turoperator fəaliyyəti göstərən müəssisələrdə çalışan işçilərin,Qazax-Tovuz iqtisadi rayonu,2015,16.0
004_11.xls,4.11 Turagent və turoperator fəaliyyəti göstərən müəssisələrdə çalışan işçilərin,Qazax-Tovuz iqtisadi rayonu,2016,51.0
004_11.xls,4.11 Turagent və turoperator fəaliyyəti göstərən müəssisələrdə çalışan işçilərin,Qazax-Tovuz iqtisadi rayonu,2017,21.0
004_11.xls,4.11 Turagent və turoperator fəaliyyəti göstərən müəssisələrdə çalışan işçilərin,Qazax-Tovuz iqtisadi rayonu,2018,24.0
004_11.xls,4.11 Turagent və turoperator fəaliyyəti göstərən müəssisələrdə çalışan işçilərin,Qazax-Tovuz iqtisadi rayonu,2020,24.0
004_11.xls,4.11 Turagent və turoperator fəaliyyəti göstərən müəssisələrdə çalışan işçilərin,Qazax-Tovuz iqtisadi rayonu,2022,20.0
004_11.xls,4.11 Turagent və turoperator fəaliyyəti göstərən müəssisələrdə çalışan işçilərin,Qazax-Tovuz iqtisadi rayonu,2023,27.0
004_11.xls,4.11 Turagent və turoperator fəaliyyəti göstərən müəssisələrdə çalışan işçilərin,Qazax-Tovuz iqtisadi rayonu,2024,25.0
004_11.xls,4.11 Turagent və turoperator fəaliyyəti göstərən müəssisələrdə çalışan işçilərin,Şəmkir rayonu,2018,2.0
004_11.xls,4.11 Turagent və turoperator fəaliyyəti göstərən müəssisələrdə çalışan işçilərin,Tovuz rayonu,2015,16.0
004_11.xls,4.11 Turagent və turoperator fəaliyyəti göstərən müəssisələrdə çalışan işçilərin,Tovuz rayonu,2016,51.0
004_11.xls,4.11 Turagent və turoperator fəaliyyəti göstərən müəssisələrdə çalışan işçilərin,Tovuz rayonu,2017,21.0
004_11.xls,4.11 Turagent və turoperator fəaliyyəti göstərən müəssisələrdə çalışan işçilərin,Tovuz rayonu,2018,22.0
004_11.xls,4.11 Turagent və turoperator fəaliyyəti göstərən müəssisələrdə çalışan işçilərin,Tovuz rayonu,2020,24.0
004_11.xls,4.11 Turagent və turoperator fəaliyyəti göstərən müəssisələrdə çalışan işçilərin,Tovuz rayonu,2022,20.0
004_11.xls,4.11 Turagent və turoperator fəaliyyəti göstərən müəssisələrdə çalışan işçilərin,Tovuz rayonu,2023,27.0
004_11.xls,4.11 Turagent və turoperator fəaliyyəti göstərən müəssisələrdə çalışan işçilərin,Tovuz rayonu,2024,25.0
004_11.xls,4.11 Turagent və turoperator fəaliyyəti göstərən müəssisələrdə çalışan işçilərin,Quba-Xaçmaz iqtisadi rayonu,2006,54.0
004_11.xls,4.11 Turagent və turoperator fəaliyyəti göstərən müəssisələrdə çalışan işçilərin,Quba-Xaçmaz iqtisadi rayonu,2007,82.0
004_11.xls,4.11 Turagent və turoperator fəaliyyəti göstərən müəssisələrdə çalışan işçilərin,Quba-Xaçmaz iqtisadi rayonu,2008,108.0
004_11.xls,4.11 Turagent və turoperator fəaliyyəti göstərən müəssisələrdə çalışan işçilərin,Quba-Xaçmaz iqtisadi rayonu,2009,10.0
004_11.xls,4.11 Turagent və turoperator fəaliyyəti göstərən müəssisələrdə çalışan işçilərin,Quba-Xaçmaz iqtisadi rayonu,2017,2.0
004_11.xls,4.11 Turagent və turoperator fəaliyyəti göstərən müəssisələrdə çalışan işçilərin,Quba-Xaçmaz iqtisadi rayonu,2022,1.0
004_11.xls,4.11 Turagent və turoperator fəaliyyəti göstərən müəssisələrdə çalışan işçilərin,Quba-Xaçmaz iqtisadi rayonu,2024,3.0
004_11.xls,4.11 Turagent və turoperator fəaliyyəti göstərən müəssisələrdə çalışan işçilərin,Xaçmaz rayonu,2006,47.0
004_11.xls,4.11 Turagent və turoperator fəaliyyəti göstərən müəssisələrdə çalışan işçilərin,Xaçmaz rayonu,2007,76.0
004_11.xls,4.11 Turagent və turoperator fəaliyyəti göstərən müəssisələrdə çalışan işçilərin,Xaçmaz rayonu,2008,106.0
004_11.xls,4.11 Turagent və turoperator fəaliyyəti göstərən müəssisələrdə çalışan işçilərin,Xaçmaz rayonu,2009,10.0
004_11.xls,4.11 Turagent və turoperator fəaliyyəti göstərən müəssisələrdə çalışan işçilərin,Quba rayonu,2006,2.0
004_11.xls,4.11 Turagent və turoperator fəaliyyəti göstərən müəssisələrdə çalışan işçilərin,Quba rayonu,2022,1.0
004_11.xls,4.11 Turagent və turoperator fəaliyyəti göstərən müəssisələrdə çalışan işçilərin,Qusar rayonu,2006,5.0
004_11.xls,4.11 Turagent və turoperator fəaliyyəti göstərən müəssisələrdə çalışan işçilərin,Qusar rayonu,2007,6.0
004_11.xls,4.11 Turagent və turoperator fəaliyyəti göstərən müəssisələrdə çalışan işçilərin,Qusar rayonu,2008,2.0
004_11.xls,4.11 Turagent və turoperator fəaliyyəti göstərən müəssisələrdə çalışan işçilərin,Qusar rayonu,2017,2.0
004_11.xls,4.11 Turagent və turoperator fəaliyyəti göstərən müəssisələrdə çalışan işçilərin,Qusar rayonu,2024,3.0
004_11.xls,4.11 Turagent və turoperator fəaliyyəti göstərən müəssisələrdə çalışan işçilərin,Lənkəran-Astara iqtisadi rayonu,2017,2.0
004_11.xls,4.11 Turagent və turoperator fəaliyyəti göstərən müəssisələrdə çalışan işçilərin,Lənkəran-Astara iqtisadi rayonu,2018,2.0
004_11.xls,4.11 Turagent və turoperator fəaliyyəti göstərən müəssisələrdə çalışan işçilərin,Lənkəran-Astara iqtisadi rayonu,2019,4.0
004_11.xls,4.11 Turagent və turoperator fəaliyyəti göstərən müəssisələrdə çalışan işçilərin,Lənkəran-Astara iqtisadi rayonu,2020,4.0
004_11.xls,4.11 Turagent və turoperator fəaliyyəti göstərən müəssisələrdə çalışan işçilərin,Lənkəran-Astara iqtisadi rayonu,2021,5.0
004_11.xls,4.11 Turagent və turoperator fəaliyyəti göstərən müəssisələrdə çalışan işçilərin,Lənkəran-Astara iqtisadi rayonu,2022,17.0
004_11.xls,4.11 Turagent və turoperator fəaliyyəti göstərən müəssisələrdə çalışan işçilərin,Lənkəran-Astara iqtisadi rayonu,2023,12.0
004_11.xls,4.11 Turagent və turoperator fəaliyyəti göstərən müəssisələrdə çalışan işçilərin,Lənkəran-Astara iqtisadi rayonu,2024,16.0
004_11.xls,4.11 Turagent və turoperator fəaliyyəti göstərən müəssisələrdə çalışan işçilərin,Cəlilabad rayonu,2021,3.0
004_11.xls,4.11 Turagent və turoperator fəaliyyəti göstərən müəssisələrdə çalışan işçilərin,Cəlilabad rayonu,2022,8.0
004_11.xls,4.11 Turagent və turoperator fəaliyyəti göstərən müəssisələrdə çalışan işçilərin,Lənkəran rayonu,2017,2.0
004_11.xls,4.11 Turagent və turoperator fəaliyyəti göstərən müəssisələrdə çalışan işçilərin,Lənkəran rayonu,2018,2.0
004_11.xls,4.11 Turagent və turoperator fəaliyyəti göstərən müəssisələrdə çalışan işçilərin,Lənkəran rayonu,2019,4.0
004_11.xls,4.11 Turagent və turoperator fəaliyyəti göstərən müəssisələrdə çalışan işçilərin,Lənkəran rayonu,2020,4.0
004_11.xls,4.11 Turagent və turoperator fəaliyyəti göstərən müəssisələrdə çalışan işçilərin,Lənkəran rayonu,2021,2.0
004_11.xls,4.11 Turagent və turoperator fəaliyyəti göstərən müəssisələrdə çalışan işçilərin,Lənkəran rayonu,2022,8.0
004_11.xls,4.11 Turagent və turoperator fəaliyyəti göstərən müəssisələrdə çalışan işçilərin,Lənkəran rayonu,2023,11.0
004_11.xls,4.11 Turagent və turoperator fəaliyyəti göstərən müəssisələrdə çalışan işçilərin,Lənkəran rayonu,2024,16.0
004_11.xls,4.11 Turagent və turoperator fəaliyyəti göstərən müəssisələrdə çalışan işçilərin,Masallı rayonu,2022,1.0
004_11.xls,4.11 Turagent və turoperator fəaliyyəti göstərən müəssisələrdə çalışan işçilərin,Masallı rayonu,2023,1.0
004_11.xls,4.11 Turagent və turoperator fəaliyyəti göstərən müəssisələrdə çalışan işçilərin,Mərkəzi Aran iqtisadi rayonu,2006,2.0
004_11.xls,4.11 Turagent və turoperator fəaliyyəti göstərən müəssisələrdə çalışan işçilərin,Mərkəzi Aran iqtisadi rayonu,2007,2.0
004_11.xls,4.11 Turagent və turoperator fəaliyyəti göstərən müəssisələrdə çalışan işçilərin,Mərkəzi Aran iqtisadi rayonu,2008,2.0
004_11.xls,4.11 Turagent və turoperator fəaliyyəti göstərən müəssisələrdə çalışan işçilərin,Mərkəzi Aran iqtisadi rayonu,2009,2.0
004_11.xls,4.11 Turagent və turoperator fəaliyyəti göstərən müəssisələrdə çalışan işçilərin,Mərkəzi Aran iqtisadi rayonu,2010,2.0
004_11.xls,4.11 Turagent və turoperator fəaliyyəti göstərən müəssisələrdə çalışan işçilərin,Mərkəzi Aran iqtisadi rayonu,2011,2.0
004_11.xls,4.11 Turagent və turoperator fəaliyyəti göstərən müəssisələrdə çalışan işçilərin,Mərkəzi Aran iqtisadi rayonu,2012,2.0
004_11.xls,4.11 Turagent və turoperator fəaliyyəti göstərən müəssisələrdə çalışan işçilərin,Mərkəzi Aran iqtisadi rayonu,2013,5.0
004_11.xls,4.11 Turagent və turoperator fəaliyyəti göstərən müəssisələrdə çalışan işçilərin,Mərkəzi Aran iqtisadi rayonu,2014,5.0
004_11.xls,4.11 Turagent və turoperator fəaliyyəti göstərən müəssisələrdə çalışan işçilərin,Mərkəzi Aran iqtisadi rayonu,2015,6.0
004_11.xls,4.11 Turagent və turoperator fəaliyyəti göstərən müəssisələrdə çalışan işçilərin,Mərkəzi Aran iqtisadi rayonu,2016,1.0
004_11.xls,4.11 Turagent və turoperator fəaliyyəti göstərən müəssisələrdə çalışan işçilərin,Mərkəzi Aran iqtisadi rayonu,2018,2.0
004_11.xls,4.11 Turagent və turoperator fəaliyyəti göstərən müəssisələrdə çalışan işçilərin,Mərkəzi Aran iqtisadi rayonu,2019,6.0
004_11.xls,4.11 Turagent və turoperator fəaliyyəti göstərən müəssisələrdə çalışan işçilərin,Mərkəzi Aran iqtisadi rayonu,2020,3.0
004_11.xls,4.11 Turagent və turoperator fəaliyyəti göstərən müəssisələrdə çalışan işçilərin,Mərkəzi Aran iqtisadi rayonu,2021,1.0
004_11.xls,4.11 Turagent və turoperator fəaliyyəti göstərən müəssisələrdə çalışan işçilərin,Mərkəzi Aran iqtisadi rayonu,2022,1.0
004_11.xls,4.11 Turagent və turoperator fəaliyyəti göstərən müəssisələrdə çalışan işçilərin,Mərkəzi Aran iqtisadi rayonu,2023,5.0
004_11.xls,4.11 Turagent və turoperator fəaliyyəti göstərən müəssisələrdə çalışan işçilərin,Mərkəzi Aran iqtisadi rayonu,2024,7.0
004_11.xls,4.11 Turagent və turoperator fəaliyyəti göstərən müəssisələrdə çalışan işçilərin,Mingəçevir şəhəri,2006,2.0
004_11.xls,4.11 Turagent və turoperator fəaliyyəti göstərən müəssisələrdə çalışan işçilərin,Mingəçevir şəhəri,2007,2.0
004_11.xls,4.11 Turagent və turoperator fəaliyyəti göstərən müəssisələrdə çalışan işçilərin,Mingəçevir şəhəri,2008,2.0
004_11.xls,4.11 Turagent və turoperator fəaliyyəti göstərən müəssisələrdə çalışan işçilərin,Mingəçevir şəhəri,2009,2.0
004_11.xls,4.11 Turagent və turoperator fəaliyyəti göstərən müəssisələrdə çalışan işçilərin,Mingəçevir şəhəri,2010,2.0
004_11.xls,4.11 Turagent və turoperator fəaliyyəti göstərən müəssisələrdə çalışan işçilərin,Mingəçevir şəhəri,2011,2.0
004_11.xls,4.11 Turagent və turoperator fəaliyyəti göstərən müəssisələrdə çalışan işçilərin,Mingəçevir şəhəri,2012,2.0
004_11.xls,4.11 Turagent və turoperator fəaliyyəti göstərən müəssisələrdə çalışan işçilərin,Mingəçevir şəhəri,2013,2.0
004_11.xls,4.11 Turagent və turoperator fəaliyyəti göstərən müəssisələrdə çalışan işçilərin,Mingəçevir şəhəri,2014,2.0
004_11.xls,4.11 Turagent və turoperator fəaliyyəti göstərən müəssisələrdə çalışan işçilərin,Mingəçevir şəhəri,2015,2.0
004_11.xls,4.11 Turagent və turoperator fəaliyyəti göstərən müəssisələrdə çalışan işçilərin,Mingəçevir şəhəri,2016,1.0
004_11.xls,4.11 Turagent və turoperator fəaliyyəti göstərən müəssisələrdə çalışan işçilərin,Mingəçevir şəhəri,2019,1.0
004_11.xls,4.11 Turagent və turoperator fəaliyyəti göstərən müəssisələrdə çalışan işçilərin,Mingəçevir şəhəri,2023,1.0
004_11.xls,4.11 Turagent və turoperator fəaliyyəti göstərən müəssisələrdə çalışan işçilərin,Mingəçevir şəhəri,2024,1.0
004_11.xls,4.11 Turagent və turoperator fəaliyyəti göstərən müəssisələrdə çalışan işçilərin,Ağdaş rayonu,2015,1.0
004_11.xls,4.11 Turagent və turoperator fəaliyyəti göstərən müəssisələrdə çalışan işçilərin,Kürdəmir rayonu,2018,1.0
004_11.xls,4.11 Turagent və turoperator fəaliyyəti göstərən müəssisələrdə çalışan işçilərin,Kürdəmir rayonu,2019,2.0
004_11.xls,4.11 Turagent və turoperator fəaliyyəti göstərən müəssisələrdə çalışan işçilərin,Kürdəmir rayonu,2020,1.0
004_11.xls,4.11 Turagent və turoperator fəaliyyəti göstərən müəssisələrdə çalışan işçilərin,Kürdəmir rayonu,2021,1.0
004_11.xls,4.11 Turagent və turoperator fəaliyyəti göstərən müəssisələrdə çalışan işçilərin,Kürdəmir rayonu,2022,1.0
004_11.xls,4.11 Turagent və turoperator fəaliyyəti göstərən müəssisələrdə çalışan işçilərin,Yevlax rayonu,2013,3.0
004_11.xls,4.11 Turagent və turoperator fəaliyyəti göstərən müəssisələrdə çalışan işçilərin,Yevlax rayonu,2014,3.0
004_11.xls,4.11 Turagent və turoperator fəaliyyəti göstərən müəssisələrdə çalışan işçilərin,Yevlax rayonu,2015,3.0
004_11.xls,4.11 Turagent və turoperator fəaliyyəti göstərən müəssisələrdə çalışan işçilərin,Yevlax rayonu,2018,1.0
004_11.xls,4.11 Turagent və turoperator fəaliyyəti göstərən müəssisələrdə çalışan işçilərin,Yevlax rayonu,2019,3.0
004_11.xls,4.11 Turagent və turoperator fəaliyyəti göstərən müəssisələrdə çalışan işçilərin,Yevlax rayonu,2020,2.0
004_11.xls,4.11 Turagent və turoperator fəaliyyəti göstərən müəssisələrdə çalışan işçilərin,Yevlax rayonu,2023,4.0
004_11.xls,4.11 Turagent və turoperator fəaliyyəti göstərən müəssisələrdə çalışan işçilərin,Yevlax rayonu,2024,6.0
004_11.xls,4.11 Turagent və turoperator fəaliyyəti göstərən müəssisələrdə çalışan işçilərin,Mil-Muğan iqtisadi rayonu,2023,1.0
004_11.xls,4.11 Turagent və turoperator fəaliyyəti göstərən müəssisələrdə çalışan işçilərin,Mil-Muğan iqtisadi rayonu,2024,5.0
004_11.xls,4.11 Turagent və turoperator fəaliyyəti göstərən müəssisələrdə çalışan işçilərin,Beyləqan rayonu,2023,1.0
004_11.xls,4.11 Turagent və turoperator fəaliyyəti göstərən müəssisələrdə çalışan işçilərin,İmişli rayonu,2024,5.0
004_11.xls,4.11 Turagent və turoperator fəaliyyəti göstərən müəssisələrdə çalışan işçilərin,Şəki-Zaqatala iqtisadi rayonu,2006,19.0
004_11.xls,4.11 Turagent və turoperator fəaliyyəti göstərən müəssisələrdə çalışan işçilərin,Şəki-Zaqatala iqtisadi rayonu,2007,54.0
004_11.xls,4.11 Turagent və turoperator fəaliyyəti göstərən müəssisələrdə çalışan işçilərin,Şəki-Zaqatala iqtisadi rayonu,2008,69.0
004_11.xls,4.11 Turagent və turoperator fəaliyyəti göstərən müəssisələrdə çalışan işçilərin,Şəki-Zaqatala iqtisadi rayonu,2017,15.0
004_11.xls,4.11 Turagent və turoperator fəaliyyəti göstərən müəssisələrdə çalışan işçilərin,Şəki-Zaqatala iqtisadi rayonu,2018,151.0
004_11.xls,4.11 Turagent və turoperator fəaliyyəti göstərən müəssisələrdə çalışan işçilərin,Şəki-Zaqatala iqtisadi rayonu,2019,8.0
004_11.xls,4.11 Turagent və turoperator fəaliyyəti göstərən müəssisələrdə çalışan işçilərin,Şəki-Zaqatala iqtisadi rayonu,2020,8.0
004_11.xls,4.11 Turagent və turoperator fəaliyyəti göstərən müəssisələrdə çalışan işçilərin,Şəki-Zaqatala iqtisadi rayonu,2021,5.0
004_11.xls,4.11 Turagent və turoperator fəaliyyəti göstərən müəssisələrdə çalışan işçilərin,Şəki-Zaqatala iqtisadi rayonu,2022,9.0
004_11.xls,4.11 Turagent və turoperator fəaliyyəti göstərən müəssisələrdə çalışan işçilərin,Şəki-Zaqatala iqtisadi rayonu,2023,21.0
004_11.xls,4.11 Turagent və turoperator fəaliyyəti göstərən müəssisələrdə çalışan işçilərin,Şəki-Zaqatala iqtisadi rayonu,2024,37.0
004_11.xls,4.11 Turagent və turoperator fəaliyyəti göstərən müəssisələrdə çalışan işçilərin,Balakən rayonu,2024,6.0
004_11.xls,4.11 Turagent və turoperator fəaliyyəti göstərən müəssisələrdə çalışan işçilərin,Qax rayonu,2019,2.0
004_11.xls,4.11 Turagent və turoperator fəaliyyəti göstərən müəssisələrdə çalışan işçilərin,Qax rayonu,2023,1.0
004_11.xls,4.11 Turagent və turoperator fəaliyyəti göstərən müəssisələrdə çalışan işçilərin,Qax rayonu,2024,1.0
004_11.xls,4.11 Turagent və turoperator fəaliyyəti göstərən müəssisələrdə çalışan işçilərin,Qəbələ rayonu,2017,14.0
004_11.xls,4.11 Turagent və turoperator fəaliyyəti göstərən müəssisələrdə çalışan işçilərin,Qəbələ rayonu,2018,151.0
004_11.xls,4.11 Turagent və turoperator fəaliyyəti göstərən müəssisələrdə çalışan işçilərin,Oğuz rayonu,2024,2.0
004_11.xls,4.11 Turagent və turoperator fəaliyyəti göstərən müəssisələrdə çalışan işçilərin,Şəki rayonu,2006,19.0
004_11.xls,4.11 Turagent və turoperator fəaliyyəti göstərən müəssisələrdə çalışan işçilərin,Şəki rayonu,2007,54.0
004_11.xls,4.11 Turagent və turoperator fəaliyyəti göstərən müəssisələrdə çalışan işçilərin,Şəki rayonu,2008,69.0
004_11.xls,4.11 Turagent və turoperator fəaliyyəti göstərən müəssisələrdə çalışan işçilərin,Şəki rayonu,2017,1.0
004_11.xls,4.11 Turagent və turoperator fəaliyyəti göstərən müəssisələrdə çalışan işçilərin,Şəki rayonu,2019,6.0
004_11.xls,4.11 Turagent və turoperator fəaliyyəti göstərən müəssisələrdə çalışan işçilərin,Şəki rayonu,2021,5.0
004_11.xls,4.11 Turagent və turoperator fəaliyyəti göstərən müəssisələrdə çalışan işçilərin,Şəki rayonu,2022,9.0
004_11.xls,4.11 Turagent və turoperator fəaliyyəti göstərən müəssisələrdə çalışan işçilərin,Şəki rayonu,2023,20.0
004_11.xls,4.11 Turagent və turoperator fəaliyyəti göstərən müəssisələrdə çalışan işçilərin,Şəki rayonu,2024,28.0
004_11.xls,4.11 Turagent və turoperator fəaliyyəti göstərən müəssisələrdə çalışan işçilərin,Zaqatala rayonu,2020,8.0
004_11.xls,4.11 Turagent və turoperator fəaliyyəti göstərən müəssisələrdə çalışan işçilərin,Şirvan-Salyan iqtisadi rayonu,2015,1.0
004_11.xls,4.11 Turagent və turoperator fəaliyyəti göstərən müəssisələrdə çalışan işçilərin,Şirvan-Salyan iqtisadi rayonu,2016,1.0
004_11.xls,4.11 Turagent və turoperator fəaliyyəti göstərən müəssisələrdə çalışan işçilərin,Şirvan-Salyan iqtisadi rayonu,2017,2.0
004_11.xls,4.11 Turagent və turoperator fəaliyyəti göstərən müəssisələrdə çalışan işçilərin,Şirvan-Salyan iqtisadi rayonu,2018,7.0
004_11.xls,4.11 Turagent və turoperator fəaliyyəti göstərən müəssisələrdə çalışan işçilərin,Şirvan-Salyan iqtisadi rayonu,2019,5.0
004_11.xls,4.11 Turagent və turoperator fəaliyyəti göstərən müəssisələrdə çalışan işçilərin,Şirvan-Salyan iqtisadi rayonu,2020,5.0
004_11.xls,4.11 Turagent və turoperator fəaliyyəti göstərən müəssisələrdə çalışan işçilərin,Şirvan-Salyan iqtisadi rayonu,2023,2.0
004_11.xls,4.11 Turagent və turoperator fəaliyyəti göstərən müəssisələrdə çalışan işçilərin,Şirvan şəhəri,2015,1.0
004_11.xls,4.11 Turagent və turoperator fəaliyyəti göstərən müəssisələrdə çalışan işçilərin,Şirvan şəhəri,2016,1.0
004_11.xls,4.11 Turagent və turoperator fəaliyyəti göstərən müəssisələrdə çalışan işçilərin,Şirvan şəhəri,2017,1.0
004_11.xls,4.11 Turagent və turoperator fəaliyyəti göstərən müəssisələrdə çalışan işçilərin,Şirvan şəhəri,2018,1.0
004_11.xls,4.11 Turagent və turoperator fəaliyyəti göstərən müəssisələrdə çalışan işçilərin,Şirvan şəhəri,2019,1.0
004_11.xls,4.11 Turagent və turoperator fəaliyyəti göstərən müəssisələrdə çalışan işçilərin,Şirvan şəhəri,2020,1.0
004_11.xls,4.11 Turagent və turoperator fəaliyyəti göstərən müəssisələrdə çalışan işçilərin,Biləsuvar rayonu,2017,1.0
004_11.xls,4.11 Turagent və turoperator fəaliyyəti göstərən müəssisələrdə çalışan işçilərin,Biləsuvar rayonu,2018,4.0
004_11.xls,4.11 Turagent və turoperator fəaliyyəti göstərən müəssisələrdə çalışan işçilərin,Biləsuvar rayonu,2019,4.0
004_11.xls,4.11 Turagent və turoperator fəaliyyəti göstərən müəssisələrdə çalışan işçilərin,Biləsuvar rayonu,2020,4.0
004_11.xls,4.11 Turagent və turoperator fəaliyyəti göstərən müəssisələrdə çalışan işçilərin,Biləsuvar rayonu,2023,2.0
004_11.xls,4.11 Turagent və turoperator fəaliyyəti göstərən müəssisələrdə çalışan işçilərin,Salyan rayonu,2018,2.0
004_12.xls,4.12 Turagent və turoperatorların vasitəçiliyi ilə Azərbaycan vətəndaşlarının sə,Bakı şəhəri,2013,760.0
004_12.xls,4.12 Turagent və turoperatorların vasitəçiliyi ilə Azərbaycan vətəndaşlarının sə,Bakı şəhəri,2014,1185.0
004_12.xls,4.12 Turagent və turoperatorların vasitəçiliyi ilə Azərbaycan vətəndaşlarının sə,Bakı şəhəri,2015,168.0
004_12.xls,4.12 Turagent və turoperatorların vasitəçiliyi ilə Azərbaycan vətəndaşlarının sə,Bakı şəhəri,2016,250.0
004_12.xls,4.12 Turagent və turoperatorların vasitəçiliyi ilə Azərbaycan vətəndaşlarının sə,Bakı şəhəri,2017,1110.0
004_12.xls,4.12 Turagent və turoperatorların vasitəçiliyi ilə Azərbaycan vətəndaşlarının sə,Bakı şəhəri,2018,1657.0
004_12.xls,4.12 Turagent və turoperatorların vasitəçiliyi ilə Azərbaycan vətəndaşlarının sə,Bakı şəhəri,2019,984.0
004_12.xls,4.12 Turagent və turoperatorların vasitəçiliyi ilə Azərbaycan vətəndaşlarının sə,Bakı şəhəri,2020,25.0
004_12.xls,4.12 Turagent və turoperatorların vasitəçiliyi ilə Azərbaycan vətəndaşlarının sə,Bakı şəhəri,2021,108.0
004_12.xls,4.12 Turagent və turoperatorların vasitəçiliyi ilə Azərbaycan vətəndaşlarının sə,Bakı şəhəri,2022,921.0
004_12.xls,4.12 Turagent və turoperatorların vasitəçiliyi ilə Azərbaycan vətəndaşlarının sə,Bakı şəhəri,2023,2092.0
004_12.xls,4.12 Turagent və turoperatorların vasitəçiliyi ilə Azərbaycan vətəndaşlarının sə,Bakı şəhəri,2024,949.0
004_12.xls,4.12 Turagent və turoperatorların vasitəçiliyi ilə Azərbaycan vətəndaşlarının sə,Abşeron-Xızı iqtisadi rayonu,2014,112.0
004_12.xls,4.12 Turagent və turoperatorların vasitəçiliyi ilə Azərbaycan vətəndaşlarının sə,Abşeron-Xızı iqtisadi rayonu,2015,60.0
004_12.xls,4.12 Turagent və turoperatorların vasitəçiliyi ilə Azərbaycan vətəndaşlarının sə,Abşeron-Xızı iqtisadi rayonu,2018,4.0
004_12.xls,4.12 Turagent və turoperatorların vasitəçiliyi ilə Azərbaycan vətəndaşlarının sə,Abşeron-Xızı iqtisadi rayonu,2019,4.0
004_12.xls,4.12 Turagent və turoperatorların vasitəçiliyi ilə Azərbaycan vətəndaşlarının sə,Abşeron-Xızı iqtisadi rayonu,2022,1076.0
004_12.xls,4.12 Turagent və turoperatorların vasitəçiliyi ilə Azərbaycan vətəndaşlarının sə,Abşeron-Xızı iqtisadi rayonu,2023,1713.0
004_12.xls,4.12 Turagent və turoperatorların vasitəçiliyi ilə Azərbaycan vətəndaşlarının sə,Abşeron-Xızı iqtisadi rayonu,2024,690.0
004_12.xls,4.12 Turagent və turoperatorların vasitəçiliyi ilə Azərbaycan vətəndaşlarının sə,Abşeron rayonu,2014,99.0
004_12.xls,4.12 Turagent və turoperatorların vasitəçiliyi ilə Azərbaycan vətəndaşlarının sə,Abşeron rayonu,2015,41.0
004_12.xls,4.12 Turagent və turoperatorların vasitəçiliyi ilə Azərbaycan vətəndaşlarının sə,Abşeron rayonu,2018,4.0
004_12.xls,4.12 Turagent və turoperatorların vasitəçiliyi ilə Azərbaycan vətəndaşlarının sə,Abşeron rayonu,2019,2.0
004_12.xls,4.12 Turagent və turoperatorların vasitəçiliyi ilə Azərbaycan vətəndaşlarının sə,Abşeron rayonu,2022,963.0
004_12.xls,4.12 Turagent və turoperatorların vasitəçiliyi ilə Azərbaycan vətəndaşlarının sə,Abşeron rayonu,2023,1713.0
004_12.xls,4.12 Turagent və turoperatorların vasitəçiliyi ilə Azərbaycan vətəndaşlarının sə,Abşeron rayonu,2024,690.0
004_12.xls,4.12 Turagent və turoperatorların vasitəçiliyi ilə Azərbaycan vətəndaşlarının sə,Xızı rayonu,2014,13.0
004_12.xls,4.12 Turagent və turoperatorların vasitəçiliyi ilə Azərbaycan vətəndaşlarının sə,Xızı rayonu,2015,19.0
004_12.xls,4.12 Turagent və turoperatorların vasitəçiliyi ilə Azərbaycan vətəndaşlarının sə,Xızı rayonu,2019,2.0
004_12.xls,4.12 Turagent və turoperatorların vasitəçiliyi ilə Azərbaycan vətəndaşlarının sə,Xızı rayonu,2022,64.0
004_12.xls,4.12 Turagent və turoperatorların vasitəçiliyi ilə Azərbaycan vətəndaşlarının sə,Sumqayıt şəhəri,2022,49.0
004_12.xls,4.12 Turagent və turoperatorların vasitəçiliyi ilə Azərbaycan vətəndaşlarının sə,Dağlıq Şirvan iqtisadi rayonu,2013,3292.0
004_12.xls,4.12 Turagent və turoperatorların vasitəçiliyi ilə Azərbaycan vətəndaşlarının sə,Dağlıq Şirvan iqtisadi rayonu,2014,1084.0
004_12.xls,4.12 Turagent və turoperatorların vasitəçiliyi ilə Azərbaycan vətəndaşlarının sə,Dağlıq Şirvan iqtisadi rayonu,2015,667.0
004_12.xls,4.12 Turagent və turoperatorların vasitəçiliyi ilə Azərbaycan vətəndaşlarının sə,Dağlıq Şirvan iqtisadi rayonu,2016,2144.0
004_12.xls,4.12 Turagent və turoperatorların vasitəçiliyi ilə Azərbaycan vətəndaşlarının sə,Dağlıq Şirvan iqtisadi rayonu,2017,2611.0
004_12.xls,4.12 Turagent və turoperatorların vasitəçiliyi ilə Azərbaycan vətəndaşlarının sə,Dağlıq Şirvan iqtisadi rayonu,2018,412.0
004_12.xls,4.12 Turagent və turoperatorların vasitəçiliyi ilə Azərbaycan vətəndaşlarının sə,Dağlıq Şirvan iqtisadi rayonu,2019,1250.0
004_12.xls,4.12 Turagent və turoperatorların vasitəçiliyi ilə Azərbaycan vətəndaşlarının sə,Dağlıq Şirvan iqtisadi rayonu,2021,3974.0
004_12.xls,4.12 Turagent və turoperatorların vasitəçiliyi ilə Azərbaycan vətəndaşlarının sə,Dağlıq Şirvan iqtisadi rayonu,2022,2617.0
004_12.xls,4.12 Turagent və turoperatorların vasitəçiliyi ilə Azərbaycan vətəndaşlarının sə,Dağlıq Şirvan iqtisadi rayonu,2023,3401.0
004_12.xls,4.12 Turagent və turoperatorların vasitəçiliyi ilə Azərbaycan vətəndaşlarının sə,Dağlıq Şirvan iqtisadi rayonu,2024,6178.0
004_12.xls,4.12 Turagent və turoperatorların vasitəçiliyi ilə Azərbaycan vətəndaşlarının sə,Ağsu rayonu,2016,20.0
004_12.xls,4.12 Turagent və turoperatorların vasitəçiliyi ilə Azərbaycan vətəndaşlarının sə,İsmayıllı rayonu,2013,2830.0
004_12.xls,4.12 Turagent və turoperatorların vasitəçiliyi ilə Azərbaycan vətəndaşlarının sə,İsmayıllı rayonu,2014,741.0
004_12.xls,4.12 Turagent və turoperatorların vasitəçiliyi ilə Azərbaycan vətəndaşlarının sə,İsmayıllı rayonu,2015,433.0
004_12.xls,4.12 Turagent və turoperatorların vasitəçiliyi ilə Azərbaycan vətəndaşlarının sə,İsmayıllı rayonu,2016,2088.0
004_12.xls,4.12 Turagent və turoperatorların vasitəçiliyi ilə Azərbaycan vətəndaşlarının sə,İsmayıllı rayonu,2017,2254.0
004_12.xls,4.12 Turagent və turoperatorların vasitəçiliyi ilə Azərbaycan vətəndaşlarının sə,İsmayıllı rayonu,2018,291.0
004_12.xls,4.12 Turagent və turoperatorların vasitəçiliyi ilə Azərbaycan vətəndaşlarının sə,İsmayıllı rayonu,2019,915.0
004_12.xls,4.12 Turagent və turoperatorların vasitəçiliyi ilə Azərbaycan vətəndaşlarının sə,İsmayıllı rayonu,2021,3460.0
004_12.xls,4.12 Turagent və turoperatorların vasitəçiliyi ilə Azərbaycan vətəndaşlarının sə,İsmayıllı rayonu,2022,2485.0
004_12.xls,4.12 Turagent və turoperatorların vasitəçiliyi ilə Azərbaycan vətəndaşlarının sə,İsmayıllı rayonu,2023,3390.0
004_12.xls,4.12 Turagent və turoperatorların vasitəçiliyi ilə Azərbaycan vətəndaşlarının sə,İsmayıllı rayonu,2024,6062.0
004_12.xls,4.12 Turagent və turoperatorların vasitəçiliyi ilə Azərbaycan vətəndaşlarının sə,Qobustan rayonu,2019,2.0
004_12.xls,4.12 Turagent və turoperatorların vasitəçiliyi ilə Azərbaycan vətəndaşlarının sə,Şamaxı rayonu,2013,462.0
004_12.xls,4.12 Turagent və turoperatorların vasitəçiliyi ilə Azərbaycan vətəndaşlarının sə,Şamaxı rayonu,2014,343.0
004_12.xls,4.12 Turagent və turoperatorların vasitəçiliyi ilə Azərbaycan vətəndaşlarının sə,Şamaxı rayonu,2015,234.0
004_12.xls,4.12 Turagent və turoperatorların vasitəçiliyi ilə Azərbaycan vətəndaşlarının sə,Şamaxı rayonu,2016,36.0
004_12.xls,4.12 Turagent və turoperatorların vasitəçiliyi ilə Azərbaycan vətəndaşlarının sə,Şamaxı rayonu,2017,317.0
004_12.xls,4.12 Turagent və turoperatorların vasitəçiliyi ilə Azərbaycan vətəndaşlarının sə,Şamaxı rayonu,2018,121.0
004_12.xls,4.12 Turagent və turoperatorların vasitəçiliyi ilə Azərbaycan vətəndaşlarının sə,Şamaxı rayonu,2019,333.0
004_12.xls,4.12 Turagent və turoperatorların vasitəçiliyi ilə Azərbaycan vətəndaşlarının sə,Şamaxı rayonu,2021,514.0
004_12.xls,4.12 Turagent və turoperatorların vasitəçiliyi ilə Azərbaycan vətəndaşlarının sə,Şamaxı rayonu,2022,132.0
004_12.xls,4.12 Turagent və turoperatorların vasitəçiliyi ilə Azərbaycan vətəndaşlarının sə,Şamaxı rayonu,2023,11.0
004_12.xls,4.12 Turagent və turoperatorların vasitəçiliyi ilə Azərbaycan vətəndaşlarının sə,Şamaxı rayonu,2024,116.0
004_12.xls,4.12 Turagent və turoperatorların vasitəçiliyi ilə Azərbaycan vətəndaşlarının sə,Gəncə-Daşkəsən iqtisadi rayonu,2013,200.0
004_12.xls,4.12 Turagent və turoperatorların vasitəçiliyi ilə Azərbaycan vətəndaşlarının sə,Gəncə-Daşkəsən iqtisadi rayonu,2014,225.0
004_12.xls,4.12 Turagent və turoperatorların vasitəçiliyi ilə Azərbaycan vətəndaşlarının sə,Gəncə-Daşkəsən iqtisadi rayonu,2015,550.0
004_12.xls,4.12 Turagent və turoperatorların vasitəçiliyi ilə Azərbaycan vətəndaşlarının sə,Gəncə-Daşkəsən iqtisadi rayonu,2016,66.0
004_12.xls,4.12 Turagent və turoperatorların vasitəçiliyi ilə Azərbaycan vətəndaşlarının sə,Gəncə-Daşkəsən iqtisadi rayonu,2017,149.0
004_12.xls,4.12 Turagent və turoperatorların vasitəçiliyi ilə Azərbaycan vətəndaşlarının sə,Gəncə-Daşkəsən iqtisadi rayonu,2018,234.0
004_12.xls,4.12 Turagent və turoperatorların vasitəçiliyi ilə Azərbaycan vətəndaşlarının sə,Gəncə-Daşkəsən iqtisadi rayonu,2019,258.0
004_12.xls,4.12 Turagent və turoperatorların vasitəçiliyi ilə Azərbaycan vətəndaşlarının sə,Gəncə-Daşkəsən iqtisadi rayonu,2021,201.0
004_12.xls,4.12 Turagent və turoperatorların vasitəçiliyi ilə Azərbaycan vətəndaşlarının sə,Gəncə-Daşkəsən iqtisadi rayonu,2022,478.0
004_12.xls,4.12 Turagent və turoperatorların vasitəçiliyi ilə Azərbaycan vətəndaşlarının sə,Gəncə-Daşkəsən iqtisadi rayonu,2023,1857.0
004_12.xls,4.12 Turagent və turoperatorların vasitəçiliyi ilə Azərbaycan vətəndaşlarının sə,Gəncə-Daşkəsən iqtisadi rayonu,2024,762.0
004_12.xls,4.12 Turagent və turoperatorların vasitəçiliyi ilə Azərbaycan vətəndaşlarının sə,Gəncə şəhəri,2013,200.0
004_12.xls,4.12 Turagent və turoperatorların vasitəçiliyi ilə Azərbaycan vətəndaşlarının sə,Gəncə şəhəri,2014,15.0
004_12.xls,4.12 Turagent və turoperatorların vasitəçiliyi ilə Azərbaycan vətəndaşlarının sə,Gəncə şəhəri,2016,56.0
004_12.xls,4.12 Turagent və turoperatorların vasitəçiliyi ilə Azərbaycan vətəndaşlarının sə,Gəncə şəhəri,2017,31.0
004_12.xls,4.12 Turagent və turoperatorların vasitəçiliyi ilə Azərbaycan vətəndaşlarının sə,Gəncə şəhəri,2018,1.0
004_12.xls,4.12 Turagent və turoperatorların vasitəçiliyi ilə Azərbaycan vətəndaşlarının sə,Gəncə şəhəri,2021,3.0
004_12.xls,4.12 Turagent və turoperatorların vasitəçiliyi ilə Azərbaycan vətəndaşlarının sə,Gəncə şəhəri,2022,258.0
004_12.xls,4.12 Turagent və turoperatorların vasitəçiliyi ilə Azərbaycan vətəndaşlarının sə,Gəncə şəhəri,2023,1561.0
004_12.xls,4.12 Turagent və turoperatorların vasitəçiliyi ilə Azərbaycan vətəndaşlarının sə,Gəncə şəhəri,2024,49.0
004_12.xls,4.12 Turagent və turoperatorların vasitəçiliyi ilə Azərbaycan vətəndaşlarının sə,Naftalan şəhəri,2015,113.0
004_12.xls,4.12 Turagent və turoperatorların vasitəçiliyi ilə Azərbaycan vətəndaşlarının sə,Naftalan şəhəri,2016,10.0
004_12.xls,4.12 Turagent və turoperatorların vasitəçiliyi ilə Azərbaycan vətəndaşlarının sə,Naftalan şəhəri,2017,118.0
004_12.xls,4.12 Turagent və turoperatorların vasitəçiliyi ilə Azərbaycan vətəndaşlarının sə,Naftalan şəhəri,2019,2.0
004_12.xls,4.12 Turagent və turoperatorların vasitəçiliyi ilə Azərbaycan vətəndaşlarının sə,Naftalan şəhəri,2021,198.0
004_12.xls,4.12 Turagent və turoperatorların vasitəçiliyi ilə Azərbaycan vətəndaşlarının sə,Naftalan şəhəri,2022,150.0
004_12.xls,4.12 Turagent və turoperatorların vasitəçiliyi ilə Azərbaycan vətəndaşlarının sə,Naftalan şəhəri,2023,176.0
004_12.xls,4.12 Turagent və turoperatorların vasitəçiliyi ilə Azərbaycan vətəndaşlarının sə,Naftalan şəhəri,2024,383.0
004_12.xls,4.12 Turagent və turoperatorların vasitəçiliyi ilə Azərbaycan vətəndaşlarının sə,Daşkəsən rayonu,2015,154.0
004_12.xls,4.12 Turagent və turoperatorların vasitəçiliyi ilə Azərbaycan vətəndaşlarının sə,Daşkəsən rayonu,2018,225.0
004_12.xls,4.12 Turagent və turoperatorların vasitəçiliyi ilə Azərbaycan vətəndaşlarının sə,Daşkəsən rayonu,2019,256.0
004_12.xls,4.12 Turagent və turoperatorların vasitəçiliyi ilə Azərbaycan vətəndaşlarının sə,Göygöl rayonu,2014,210.0
004_12.xls,4.12 Turagent və turoperatorların vasitəçiliyi ilə Azərbaycan vətəndaşlarının sə,Göygöl rayonu,2015,283.0
004_12.xls,4.12 Turagent və turoperatorların vasitəçiliyi ilə Azərbaycan vətəndaşlarının sə,Göygöl rayonu,2018,8.0
004_12.xls,4.12 Turagent və turoperatorların vasitəçiliyi ilə Azərbaycan vətəndaşlarının sə,Göygöl rayonu,2022,70.0
004_12.xls,4.12 Turagent və turoperatorların vasitəçiliyi ilə Azərbaycan vətəndaşlarının sə,Göygöl rayonu,2023,120.0
004_12.xls,4.12 Turagent və turoperatorların vasitəçiliyi ilə Azərbaycan vətəndaşlarının sə,Göygöl rayonu,2024,330.0
004_12.xls,4.12 Turagent və turoperatorların vasitəçiliyi ilə Azərbaycan vətəndaşlarının sə,Qarabağ iqtisadi rayonu,2022,2.0
004_12.xls,4.12 Turagent və turoperatorların vasitəçiliyi ilə Azərbaycan vətəndaşlarının sə,Qarabağ iqtisadi rayonu,2023,600.0
004_12.xls,4.12 Turagent və turoperatorların vasitəçiliyi ilə Azərbaycan vətəndaşlarının sə,Qarabağ iqtisadi rayonu,2024,567.0
004_12.xls,4.12 Turagent və turoperatorların vasitəçiliyi ilə Azərbaycan vətəndaşlarının sə,Bərdə rayonu,2022,2.0
004_12.xls,4.12 Turagent və turoperatorların vasitəçiliyi ilə Azərbaycan vətəndaşlarının sə,Şuşa rayonu,2023,600.0
004_12.xls,4.12 Turagent və turoperatorların vasitəçiliyi ilə Azərbaycan vətəndaşlarının sə,Şuşa rayonu,2024,567.0
004_12.xls,4.12 Turagent və turoperatorların vasitəçiliyi ilə Azərbaycan vətəndaşlarının sə,Qazax-Tovuz iqtisadi rayonu,2015,128.0
004_12.xls,4.12 Turagent və turoperatorların vasitəçiliyi ilə Azərbaycan vətəndaşlarının sə,Qazax-Tovuz iqtisadi rayonu,2018,78.0
004_12.xls,4.12 Turagent və turoperatorların vasitəçiliyi ilə Azərbaycan vətəndaşlarının sə,Qazax-Tovuz iqtisadi rayonu,2019,207.0
004_12.xls,4.12 Turagent və turoperatorların vasitəçiliyi ilə Azərbaycan vətəndaşlarının sə,Qazax-Tovuz iqtisadi rayonu,2021,4.0
004_12.xls,4.12 Turagent və turoperatorların vasitəçiliyi ilə Azərbaycan vətəndaşlarının sə,Qazax-Tovuz iqtisadi rayonu,2022,11.0
004_12.xls,4.12 Turagent və turoperatorların vasitəçiliyi ilə Azərbaycan vətəndaşlarının sə,Gədəbəy rayonu,2018,78.0
004_12.xls,4.12 Turagent və turoperatorların vasitəçiliyi ilə Azərbaycan vətəndaşlarının sə,Gədəbəy rayonu,2019,207.0
004_12.xls,4.12 Turagent və turoperatorların vasitəçiliyi ilə Azərbaycan vətəndaşlarının sə,Qazax rayonu,2015,128.0
004_12.xls,4.12 Turagent və turoperatorların vasitəçiliyi ilə Azərbaycan vətəndaşlarının sə,Qazax rayonu,2021,3.0
004_12.xls,4.12 Turagent və turoperatorların vasitəçiliyi ilə Azərbaycan vətəndaşlarının sə,Qazax rayonu,2022,11.0
004_12.xls,4.12 Turagent və turoperatorların vasitəçiliyi ilə Azərbaycan vətəndaşlarının sə,Tovuz rayonu,2021,1.0
004_12.xls,4.12 Turagent və turoperatorların vasitəçiliyi ilə Azərbaycan vətəndaşlarının sə,Quba-Xaçmaz iqtisadi rayonu,2013,5672.0
004_12.xls,4.12 Turagent və turoperatorların vasitəçiliyi ilə Azərbaycan vətəndaşlarının sə,Quba-Xaçmaz iqtisadi rayonu,2014,4741.0
004_12.xls,4.12 Turagent və turoperatorların vasitəçiliyi ilə Azərbaycan vətəndaşlarının sə,Quba-Xaçmaz iqtisadi rayonu,2015,7140.0
004_12.xls,4.12 Turagent və turoperatorların vasitəçiliyi ilə Azərbaycan vətəndaşlarının sə,Quba-Xaçmaz iqtisadi rayonu,2016,4507.0
004_12.xls,4.12 Turagent və turoperatorların vasitəçiliyi ilə Azərbaycan vətəndaşlarının sə,Quba-Xaçmaz iqtisadi rayonu,2017,6499.0
004_12.xls,4.12 Turagent və turoperatorların vasitəçiliyi ilə Azərbaycan vətəndaşlarının sə,Quba-Xaçmaz iqtisadi rayonu,2018,3587.0
004_12.xls,4.12 Turagent və turoperatorların vasitəçiliyi ilə Azərbaycan vətəndaşlarının sə,Quba-Xaçmaz iqtisadi rayonu,2019,8340.0
004_12.xls,4.12 Turagent və turoperatorların vasitəçiliyi ilə Azərbaycan vətəndaşlarının sə,Quba-Xaçmaz iqtisadi rayonu,2020,14.0
004_12.xls,4.12 Turagent və turoperatorların vasitəçiliyi ilə Azərbaycan vətəndaşlarının sə,Quba-Xaçmaz iqtisadi rayonu,2021,439.0
004_12.xls,4.12 Turagent və turoperatorların vasitəçiliyi ilə Azərbaycan vətəndaşlarının sə,Quba-Xaçmaz iqtisadi rayonu,2022,738.0
004_12.xls,4.12 Turagent və turoperatorların vasitəçiliyi ilə Azərbaycan vətəndaşlarının sə,Quba-Xaçmaz iqtisadi rayonu,2023,135.0
004_12.xls,4.12 Turagent və turoperatorların vasitəçiliyi ilə Azərbaycan vətəndaşlarının sə,Quba-Xaçmaz iqtisadi rayonu,2024,2361.0
004_12.xls,4.12 Turagent və turoperatorların vasitəçiliyi ilə Azərbaycan vətəndaşlarının sə,Xaçmaz rayonu,2013,4417.0
004_12.xls,4.12 Turagent və turoperatorların vasitəçiliyi ilə Azərbaycan vətəndaşlarının sə,Xaçmaz rayonu,2014,3756.0
004_12.xls,4.12 Turagent və turoperatorların vasitəçiliyi ilə Azərbaycan vətəndaşlarının sə,Xaçmaz rayonu,2015,5040.0
004_12.xls,4.12 Turagent və turoperatorların vasitəçiliyi ilə Azərbaycan vətəndaşlarının sə,Xaçmaz rayonu,2016,2641.0
004_12.xls,4.12 Turagent və turoperatorların vasitəçiliyi ilə Azərbaycan vətəndaşlarının sə,Xaçmaz rayonu,2017,4957.0
004_12.xls,4.12 Turagent və turoperatorların vasitəçiliyi ilə Azərbaycan vətəndaşlarının sə,Xaçmaz rayonu,2018,2299.0
004_12.xls,4.12 Turagent və turoperatorların vasitəçiliyi ilə Azərbaycan vətəndaşlarının sə,Xaçmaz rayonu,2019,5819.0
004_12.xls,4.12 Turagent və turoperatorların vasitəçiliyi ilə Azərbaycan vətəndaşlarının sə,Xaçmaz rayonu,2020,4.0
004_12.xls,4.12 Turagent və turoperatorların vasitəçiliyi ilə Azərbaycan vətəndaşlarının sə,Xaçmaz rayonu,2021,362.0
004_12.xls,4.12 Turagent və turoperatorların vasitəçiliyi ilə Azərbaycan vətəndaşlarının sə,Xaçmaz rayonu,2022,77.0
004_12.xls,4.12 Turagent və turoperatorların vasitəçiliyi ilə Azərbaycan vətəndaşlarının sə,Xaçmaz rayonu,2023,17.0
004_12.xls,4.12 Turagent və turoperatorların vasitəçiliyi ilə Azərbaycan vətəndaşlarının sə,Quba rayonu,2013,474.0
004_12.xls,4.12 Turagent və turoperatorların vasitəçiliyi ilə Azərbaycan vətəndaşlarının sə,Quba rayonu,2014,461.0
004_12.xls,4.12 Turagent və turoperatorların vasitəçiliyi ilə Azərbaycan vətəndaşlarının sə,Quba rayonu,2015,1534.0
004_12.xls,4.12 Turagent və turoperatorların vasitəçiliyi ilə Azərbaycan vətəndaşlarının sə,Quba rayonu,2016,1313.0
004_12.xls,4.12 Turagent və turoperatorların vasitəçiliyi ilə Azərbaycan vətəndaşlarının sə,Quba rayonu,2017,557.0
004_12.xls,4.12 Turagent və turoperatorların vasitəçiliyi ilə Azərbaycan vətəndaşlarının sə,Quba rayonu,2018,775.0
004_12.xls,4.12 Turagent və turoperatorların vasitəçiliyi ilə Azərbaycan vətəndaşlarının sə,Quba rayonu,2019,1563.0
004_12.xls,4.12 Turagent və turoperatorların vasitəçiliyi ilə Azərbaycan vətəndaşlarının sə,Quba rayonu,2020,10.0
004_12.xls,4.12 Turagent və turoperatorların vasitəçiliyi ilə Azərbaycan vətəndaşlarının sə,Quba rayonu,2021,69.0
004_12.xls,4.12 Turagent və turoperatorların vasitəçiliyi ilə Azərbaycan vətəndaşlarının sə,Quba rayonu,2022,565.0
004_12.xls,4.12 Turagent və turoperatorların vasitəçiliyi ilə Azərbaycan vətəndaşlarının sə,Quba rayonu,2023,38.0
004_12.xls,4.12 Turagent və turoperatorların vasitəçiliyi ilə Azərbaycan vətəndaşlarının sə,Quba rayonu,2024,734.0
004_12.xls,4.12 Turagent və turoperatorların vasitəçiliyi ilə Azərbaycan vətəndaşlarının sə,Qusar rayonu,2013,781.0
004_12.xls,4.12 Turagent və turoperatorların vasitəçiliyi ilə Azərbaycan vətəndaşlarının sə,Qusar rayonu,2014,524.0
004_12.xls,4.12 Turagent və turoperatorların vasitəçiliyi ilə Azərbaycan vətəndaşlarının sə,Qusar rayonu,2015,566.0
004_12.xls,4.12 Turagent və turoperatorların vasitəçiliyi ilə Azərbaycan vətəndaşlarının sə,Qusar rayonu,2016,536.0
004_12.xls,4.12 Turagent və turoperatorların vasitəçiliyi ilə Azərbaycan vətəndaşlarının sə,Qusar rayonu,2017,748.0
004_12.xls,4.12 Turagent və turoperatorların vasitəçiliyi ilə Azərbaycan vətəndaşlarının sə,Qusar rayonu,2018,507.0
004_12.xls,4.12 Turagent və turoperatorların vasitəçiliyi ilə Azərbaycan vətəndaşlarının sə,Qusar rayonu,2019,958.0
004_12.xls,4.12 Turagent və turoperatorların vasitəçiliyi ilə Azərbaycan vətəndaşlarının sə,Qusar rayonu,2021,3.0
004_12.xls,4.12 Turagent və turoperatorların vasitəçiliyi ilə Azərbaycan vətəndaşlarının sə,Qusar rayonu,2022,96.0
004_12.xls,4.12 Turagent və turoperatorların vasitəçiliyi ilə Azərbaycan vətəndaşlarının sə,Qusar rayonu,2023,80.0
004_12.xls,4.12 Turagent və turoperatorların vasitəçiliyi ilə Azərbaycan vətəndaşlarının sə,Qusar rayonu,2024,1522.0
004_12.xls,4.12 Turagent və turoperatorların vasitəçiliyi ilə Azərbaycan vətəndaşlarının sə,Siyəzən rayonu,2016,15.0
004_12.xls,4.12 Turagent və turoperatorların vasitəçiliyi ilə Azərbaycan vətəndaşlarının sə,Siyəzən rayonu,2017,236.0
004_12.xls,4.12 Turagent və turoperatorların vasitəçiliyi ilə Azərbaycan vətəndaşlarının sə,Siyəzən rayonu,2018,6.0
004_12.xls,4.12 Turagent və turoperatorların vasitəçiliyi ilə Azərbaycan vətəndaşlarının sə,Şabran rayonu,2016,2.0
004_12.xls,4.12 Turagent və turoperatorların vasitəçiliyi ilə Azərbaycan vətəndaşlarının sə,Şabran rayonu,2017,1.0
004_12.xls,4.12 Turagent və turoperatorların vasitəçiliyi ilə Azərbaycan vətəndaşlarının sə,Şabran rayonu,2021,5.0
004_12.xls,4.12 Turagent və turoperatorların vasitəçiliyi ilə Azərbaycan vətəndaşlarının sə,Şabran rayonu,2024,105.0
004_12.xls,4.12 Turagent və turoperatorların vasitəçiliyi ilə Azərbaycan vətəndaşlarının sə,Lənkəran-Astara iqtisadi rayonu,2013,153.0
004_12.xls,4.12 Turagent və turoperatorların vasitəçiliyi ilə Azərbaycan vətəndaşlarının sə,Lənkəran-Astara iqtisadi rayonu,2014,505.0
004_12.xls,4.12 Turagent və turoperatorların vasitəçiliyi ilə Azərbaycan vətəndaşlarının sə,Lənkəran-Astara iqtisadi rayonu,2015,676.0
004_12.xls,4.12 Turagent və turoperatorların vasitəçiliyi ilə Azərbaycan vətəndaşlarının sə,Lənkəran-Astara iqtisadi rayonu,2016,718.0
004_12.xls,4.12 Turagent və turoperatorların vasitəçiliyi ilə Azərbaycan vətəndaşlarının sə,Lənkəran-Astara iqtisadi rayonu,2017,691.0
004_12.xls,4.12 Turagent və turoperatorların vasitəçiliyi ilə Azərbaycan vətəndaşlarının sə,Lənkəran-Astara iqtisadi rayonu,2018,1177.0
004_12.xls,4.12 Turagent və turoperatorların vasitəçiliyi ilə Azərbaycan vətəndaşlarının sə,Lənkəran-Astara iqtisadi rayonu,2019,1753.0
004_12.xls,4.12 Turagent və turoperatorların vasitəçiliyi ilə Azərbaycan vətəndaşlarının sə,Lənkəran-Astara iqtisadi rayonu,2021,67.0
004_12.xls,4.12 Turagent və turoperatorların vasitəçiliyi ilə Azərbaycan vətəndaşlarının sə,Lənkəran-Astara iqtisadi rayonu,2022,104.0
004_12.xls,4.12 Turagent və turoperatorların vasitəçiliyi ilə Azərbaycan vətəndaşlarının sə,Lənkəran-Astara iqtisadi rayonu,2023,169.0
004_12.xls,4.12 Turagent və turoperatorların vasitəçiliyi ilə Azərbaycan vətəndaşlarının sə,Lənkəran-Astara iqtisadi rayonu,2024,687.0
004_12.xls,4.12 Turagent və turoperatorların vasitəçiliyi ilə Azərbaycan vətəndaşlarının sə,Astara rayonu,2015,68.0
004_12.xls,4.12 Turagent və turoperatorların vasitəçiliyi ilə Azərbaycan vətəndaşlarının sə,Astara rayonu,2016,68.0
004_12.xls,4.12 Turagent və turoperatorların vasitəçiliyi ilə Azərbaycan vətəndaşlarının sə,Astara rayonu,2018,135.0
004_12.xls,4.12 Turagent və turoperatorların vasitəçiliyi ilə Azərbaycan vətəndaşlarının sə,Astara rayonu,2019,311.0
004_12.xls,4.12 Turagent və turoperatorların vasitəçiliyi ilə Azərbaycan vətəndaşlarının sə,Astara rayonu,2022,16.0
004_12.xls,4.12 Turagent və turoperatorların vasitəçiliyi ilə Azərbaycan vətəndaşlarının sə,Astara rayonu,2024,10.0
004_12.xls,4.12 Turagent və turoperatorların vasitəçiliyi ilə Azərbaycan vətəndaşlarının sə,Lerik rayonu,2013,55.0
004_12.xls,4.12 Turagent və turoperatorların vasitəçiliyi ilə Azərbaycan vətəndaşlarının sə,Lerik rayonu,2015,45.0
004_12.xls,4.12 Turagent və turoperatorların vasitəçiliyi ilə Azərbaycan vətəndaşlarının sə,Lerik rayonu,2016,10.0
004_12.xls,4.12 Turagent və turoperatorların vasitəçiliyi ilə Azərbaycan vətəndaşlarının sə,Lerik rayonu,2017,106.0
004_12.xls,4.12 Turagent və turoperatorların vasitəçiliyi ilə Azərbaycan vətəndaşlarının sə,Lerik rayonu,2018,527.0
004_12.xls,4.12 Turagent və turoperatorların vasitəçiliyi ilə Azərbaycan vətəndaşlarının sə,Lerik rayonu,2019,888.0
004_12.xls,4.12 Turagent və turoperatorların vasitəçiliyi ilə Azərbaycan vətəndaşlarının sə,Lerik rayonu,2023,2.0
004_12.xls,4.12 Turagent və turoperatorların vasitəçiliyi ilə Azərbaycan vətəndaşlarının sə,Lerik rayonu,2024,40.0
004_12.xls,4.12 Turagent və turoperatorların vasitəçiliyi ilə Azərbaycan vətəndaşlarının sə,Lənkəran rayonu,2014,5.0
004_12.xls,4.12 Turagent və turoperatorların vasitəçiliyi ilə Azərbaycan vətəndaşlarının sə,Lənkəran rayonu,2015,46.0
004_12.xls,4.12 Turagent və turoperatorların vasitəçiliyi ilə Azərbaycan vətəndaşlarının sə,Lənkəran rayonu,2016,8.0
004_12.xls,4.12 Turagent və turoperatorların vasitəçiliyi ilə Azərbaycan vətəndaşlarının sə,Lənkəran rayonu,2017,250.0
004_12.xls,4.12 Turagent və turoperatorların vasitəçiliyi ilə Azərbaycan vətəndaşlarının sə,Lənkəran rayonu,2018,20.0
004_12.xls,4.12 Turagent və turoperatorların vasitəçiliyi ilə Azərbaycan vətəndaşlarının sə,Lənkəran rayonu,2019,138.0
004_12.xls,4.12 Turagent və turoperatorların vasitəçiliyi ilə Azərbaycan vətəndaşlarının sə,Lənkəran rayonu,2021,17.0
004_12.xls,4.12 Turagent və turoperatorların vasitəçiliyi ilə Azərbaycan vətəndaşlarının sə,Lənkəran rayonu,2022,88.0
004_12.xls,4.12 Turagent və turoperatorların vasitəçiliyi ilə Azərbaycan vətəndaşlarının sə,Lənkəran rayonu,2023,166.0
004_12.xls,4.12 Turagent və turoperatorların vasitəçiliyi ilə Azərbaycan vətəndaşlarının sə,Lənkəran rayonu,2024,637.0
004_12.xls,4.12 Turagent və turoperatorların vasitəçiliyi ilə Azərbaycan vətəndaşlarının sə,Masallı rayonu,2013,98.0
004_12.xls,4.12 Turagent və turoperatorların vasitəçiliyi ilə Azərbaycan vətəndaşlarının sə,Masallı rayonu,2014,500.0
004_12.xls,4.12 Turagent və turoperatorların vasitəçiliyi ilə Azərbaycan vətəndaşlarının sə,Masallı rayonu,2015,517.0
004_12.xls,4.12 Turagent və turoperatorların vasitəçiliyi ilə Azərbaycan vətəndaşlarının sə,Masallı rayonu,2016,632.0
004_12.xls,4.12 Turagent və turoperatorların vasitəçiliyi ilə Azərbaycan vətəndaşlarının sə,Masallı rayonu,2017,335.0
004_12.xls,4.12 Turagent və turoperatorların vasitəçiliyi ilə Azərbaycan vətəndaşlarının sə,Masallı rayonu,2018,495.0
004_12.xls,4.12 Turagent və turoperatorların vasitəçiliyi ilə Azərbaycan vətəndaşlarının sə,Masallı rayonu,2019,416.0
004_12.xls,4.12 Turagent və turoperatorların vasitəçiliyi ilə Azərbaycan vətəndaşlarının sə,Masallı rayonu,2021,50.0
004_12.xls,4.12 Turagent və turoperatorların vasitəçiliyi ilə Azərbaycan vətəndaşlarının sə,Masallı rayonu,2023,1.0
004_12.xls,4.12 Turagent və turoperatorların vasitəçiliyi ilə Azərbaycan vətəndaşlarının sə,Mərkəzi Aran iqtisadi rayonu,2013,917.0
004_12.xls,4.12 Turagent və turoperatorların vasitəçiliyi ilə Azərbaycan vətəndaşlarının sə,Mərkəzi Aran iqtisadi rayonu,2016,25.0
004_12.xls,4.12 Turagent və turoperatorların vasitəçiliyi ilə Azərbaycan vətəndaşlarının sə,Mərkəzi Aran iqtisadi rayonu,2018,124.0
004_12.xls,4.12 Turagent və turoperatorların vasitəçiliyi ilə Azərbaycan vətəndaşlarının sə,Mərkəzi Aran iqtisadi rayonu,2019,282.0
004_12.xls,4.12 Turagent və turoperatorların vasitəçiliyi ilə Azərbaycan vətəndaşlarının sə,Mərkəzi Aran iqtisadi rayonu,2022,12.0
004_12.xls,4.12 Turagent və turoperatorların vasitəçiliyi ilə Azərbaycan vətəndaşlarının sə,Mərkəzi Aran iqtisadi rayonu,2024,215.0
004_12.xls,4.12 Turagent və turoperatorların vasitəçiliyi ilə Azərbaycan vətəndaşlarının sə,Mingəçevir şəhəri,2013,917.0
004_12.xls,4.12 Turagent və turoperatorların vasitəçiliyi ilə Azərbaycan vətəndaşlarının sə,Mingəçevir şəhəri,2018,124.0
004_12.xls,4.12 Turagent və turoperatorların vasitəçiliyi ilə Azərbaycan vətəndaşlarının sə,Mingəçevir şəhəri,2019,282.0
004_12.xls,4.12 Turagent və turoperatorların vasitəçiliyi ilə Azərbaycan vətəndaşlarının sə,Mingəçevir şəhəri,2022,12.0
004_12.xls,4.12 Turagent və turoperatorların vasitəçiliyi ilə Azərbaycan vətəndaşlarının sə,Mingəçevir şəhəri,2024,215.0
004_12.xls,4.12 Turagent və turoperatorların vasitəçiliyi ilə Azərbaycan vətəndaşlarının sə,Göyçay rayonu,2016,25.0
004_12.xls,4.12 Turagent və turoperatorların vasitəçiliyi ilə Azərbaycan vətəndaşlarının sə,Şəki-Zaqatala iqtisadi rayonu,2013,1809.0
004_12.xls,4.12 Turagent və turoperatorların vasitəçiliyi ilə Azərbaycan vətəndaşlarının sə,Şəki-Zaqatala iqtisadi rayonu,2014,1249.0
004_12.xls,4.12 Turagent və turoperatorların vasitəçiliyi ilə Azərbaycan vətəndaşlarının sə,Şəki-Zaqatala iqtisadi rayonu,2015,2158.0
004_12.xls,4.12 Turagent və turoperatorların vasitəçiliyi ilə Azərbaycan vətəndaşlarının sə,Şəki-Zaqatala iqtisadi rayonu,2016,1830.0
004_12.xls,4.12 Turagent və turoperatorların vasitəçiliyi ilə Azərbaycan vətəndaşlarının sə,Şəki-Zaqatala iqtisadi rayonu,2017,3082.0
004_12.xls,4.12 Turagent və turoperatorların vasitəçiliyi ilə Azərbaycan vətəndaşlarının sə,Şəki-Zaqatala iqtisadi rayonu,2018,10648.0
004_12.xls,4.12 Turagent və turoperatorların vasitəçiliyi ilə Azərbaycan vətəndaşlarının sə,Şəki-Zaqatala iqtisadi rayonu,2019,3467.0
004_12.xls,4.12 Turagent və turoperatorların vasitəçiliyi ilə Azərbaycan vətəndaşlarının sə,Şəki-Zaqatala iqtisadi rayonu,2020,25.0
004_12.xls,4.12 Turagent və turoperatorların vasitəçiliyi ilə Azərbaycan vətəndaşlarının sə,Şəki-Zaqatala iqtisadi rayonu,2021,1185.0
004_12.xls,4.12 Turagent və turoperatorların vasitəçiliyi ilə Azərbaycan vətəndaşlarının sə,Şəki-Zaqatala iqtisadi rayonu,2022,610.0
004_12.xls,4.12 Turagent və turoperatorların vasitəçiliyi ilə Azərbaycan vətəndaşlarının sə,Şəki-Zaqatala iqtisadi rayonu,2023,888.0
004_12.xls,4.12 Turagent və turoperatorların vasitəçiliyi ilə Azərbaycan vətəndaşlarının sə,Şəki-Zaqatala iqtisadi rayonu,2024,1797.0
004_12.xls,4.12 Turagent və turoperatorların vasitəçiliyi ilə Azərbaycan vətəndaşlarının sə,Balakən rayonu,2014,3.0
004_12.xls,4.12 Turagent və turoperatorların vasitəçiliyi ilə Azərbaycan vətəndaşlarının sə,Balakən rayonu,2022,113.0
004_12.xls,4.12 Turagent və turoperatorların vasitəçiliyi ilə Azərbaycan vətəndaşlarının sə,Balakən rayonu,2023,10.0
004_12.xls,4.12 Turagent və turoperatorların vasitəçiliyi ilə Azərbaycan vətəndaşlarının sə,Qax rayonu,2014,17.0
004_12.xls,4.12 Turagent və turoperatorların vasitəçiliyi ilə Azərbaycan vətəndaşlarının sə,Qax rayonu,2015,596.0
004_12.xls,4.12 Turagent və turoperatorların vasitəçiliyi ilə Azərbaycan vətəndaşlarının sə,Qax rayonu,2016,242.0
004_12.xls,4.12 Turagent və turoperatorların vasitəçiliyi ilə Azərbaycan vətəndaşlarının sə,Qax rayonu,2017,308.0
004_12.xls,4.12 Turagent və turoperatorların vasitəçiliyi ilə Azərbaycan vətəndaşlarının sə,Qax rayonu,2018,698.0
004_12.xls,4.12 Turagent və turoperatorların vasitəçiliyi ilə Azərbaycan vətəndaşlarının sə,Qax rayonu,2019,1146.0
004_12.xls,4.12 Turagent və turoperatorların vasitəçiliyi ilə Azərbaycan vətəndaşlarının sə,Qax rayonu,2024,447.0
004_12.xls,4.12 Turagent və turoperatorların vasitəçiliyi ilə Azərbaycan vətəndaşlarının sə,Qəbələ rayonu,2013,1697.0
004_12.xls,4.12 Turagent və turoperatorların vasitəçiliyi ilə Azərbaycan vətəndaşlarının sə,Qəbələ rayonu,2014,851.0
004_12.xls,4.12 Turagent və turoperatorların vasitəçiliyi ilə Azərbaycan vətəndaşlarının sə,Qəbələ rayonu,2015,916.0
004_12.xls,4.12 Turagent və turoperatorların vasitəçiliyi ilə Azərbaycan vətəndaşlarının sə,Qəbələ rayonu,2016,1417.0
004_12.xls,4.12 Turagent və turoperatorların vasitəçiliyi ilə Azərbaycan vətəndaşlarının sə,Qəbələ rayonu,2017,2256.0
004_12.xls,4.12 Turagent və turoperatorların vasitəçiliyi ilə Azərbaycan vətəndaşlarının sə,Qəbələ rayonu,2018,8950.0
004_12.xls,4.12 Turagent və turoperatorların vasitəçiliyi ilə Azərbaycan vətəndaşlarının sə,Qəbələ rayonu,2019,1404.0
004_12.xls,4.12 Turagent və turoperatorların vasitəçiliyi ilə Azərbaycan vətəndaşlarının sə,Qəbələ rayonu,2020,15.0
004_12.xls,4.12 Turagent və turoperatorların vasitəçiliyi ilə Azərbaycan vətəndaşlarının sə,Qəbələ rayonu,2021,562.0
004_12.xls,4.12 Turagent və turoperatorların vasitəçiliyi ilə Azərbaycan vətəndaşlarının sə,Qəbələ rayonu,2022,107.0
004_12.xls,4.12 Turagent və turoperatorların vasitəçiliyi ilə Azərbaycan vətəndaşlarının sə,Qəbələ rayonu,2023,402.0
004_12.xls,4.12 Turagent və turoperatorların vasitəçiliyi ilə Azərbaycan vətəndaşlarının sə,Qəbələ rayonu,2024,901.0
004_12.xls,4.12 Turagent və turoperatorların vasitəçiliyi ilə Azərbaycan vətəndaşlarının sə,Oğuz rayonu,2014,150.0
004_12.xls,4.12 Turagent və turoperatorların vasitəçiliyi ilə Azərbaycan vətəndaşlarının sə,Oğuz rayonu,2015,297.0
004_12.xls,4.12 Turagent və turoperatorların vasitəçiliyi ilə Azərbaycan vətəndaşlarının sə,Oğuz rayonu,2017,63.0
004_12.xls,4.12 Turagent və turoperatorların vasitəçiliyi ilə Azərbaycan vətəndaşlarının sə,Oğuz rayonu,2018,245.0
004_12.xls,4.12 Turagent və turoperatorların vasitəçiliyi ilə Azərbaycan vətəndaşlarının sə,Oğuz rayonu,2019,423.0
004_12.xls,4.12 Turagent və turoperatorların vasitəçiliyi ilə Azərbaycan vətəndaşlarının sə,Oğuz rayonu,2021,110.0
004_12.xls,4.12 Turagent və turoperatorların vasitəçiliyi ilə Azərbaycan vətəndaşlarının sə,Oğuz rayonu,2022,60.0
004_12.xls,4.12 Turagent və turoperatorların vasitəçiliyi ilə Azərbaycan vətəndaşlarının sə,Şəki rayonu,2013,87.0
004_12.xls,4.12 Turagent və turoperatorların vasitəçiliyi ilə Azərbaycan vətəndaşlarının sə,Şəki rayonu,2014,223.0
004_12.xls,4.12 Turagent və turoperatorların vasitəçiliyi ilə Azərbaycan vətəndaşlarının sə,Şəki rayonu,2015,309.0
004_12.xls,4.12 Turagent və turoperatorların vasitəçiliyi ilə Azərbaycan vətəndaşlarının sə,Şəki rayonu,2016,171.0
004_12.xls,4.12 Turagent və turoperatorların vasitəçiliyi ilə Azərbaycan vətəndaşlarının sə,Şəki rayonu,2017,455.0
004_12.xls,4.12 Turagent və turoperatorların vasitəçiliyi ilə Azərbaycan vətəndaşlarının sə,Şəki rayonu,2018,755.0
004_12.xls,4.12 Turagent və turoperatorların vasitəçiliyi ilə Azərbaycan vətəndaşlarının sə,Şəki rayonu,2019,494.0
004_12.xls,4.12 Turagent və turoperatorların vasitəçiliyi ilə Azərbaycan vətəndaşlarının sə,Şəki rayonu,2020,10.0
004_12.xls,4.12 Turagent və turoperatorların vasitəçiliyi ilə Azərbaycan vətəndaşlarının sə,Şəki rayonu,2021,513.0
004_12.xls,4.12 Turagent və turoperatorların vasitəçiliyi ilə Azərbaycan vətəndaşlarının sə,Şəki rayonu,2022,210.0
004_12.xls,4.12 Turagent və turoperatorların vasitəçiliyi ilə Azərbaycan vətəndaşlarının sə,Şəki rayonu,2023,151.0
004_12.xls,4.12 Turagent və turoperatorların vasitəçiliyi ilə Azərbaycan vətəndaşlarının sə,Şəki rayonu,2024,449.0
004_12.xls,4.12 Turagent və turoperatorların vasitəçiliyi ilə Azərbaycan vətəndaşlarının sə,Zaqatala rayonu,2013,25.0
004_12.xls,4.12 Turagent və turoperatorların vasitəçiliyi ilə Azərbaycan vətəndaşlarının sə,Zaqatala rayonu,2014,5.0
004_12.xls,4.12 Turagent və turoperatorların vasitəçiliyi ilə Azərbaycan vətəndaşlarının sə,Zaqatala rayonu,2015,40.0
004_12.xls,4.12 Turagent və turoperatorların vasitəçiliyi ilə Azərbaycan vətəndaşlarının sə,Zaqatala rayonu,2022,120.0
004_12.xls,4.12 Turagent və turoperatorların vasitəçiliyi ilə Azərbaycan vətəndaşlarının sə,Zaqatala rayonu,2023,325.0
004_13.xls,4.13 Turagent və turoperatorların vasitəçiliyi ilə Azərbaycan vətəndaşlarının sə,Bakı şəhəri,2013,760.0
004_13.xls,4.13 Turagent və turoperatorların vasitəçiliyi ilə Azərbaycan vətəndaşlarının sə,Bakı şəhəri,2014,2025.0
004_13.xls,4.13 Turagent və turoperatorların vasitəçiliyi ilə Azərbaycan vətəndaşlarının sə,Bakı şəhəri,2015,168.0
004_13.xls,4.13 Turagent və turoperatorların vasitəçiliyi ilə Azərbaycan vətəndaşlarının sə,Bakı şəhəri,2016,2500.0
004_13.xls,4.13 Turagent və turoperatorların vasitəçiliyi ilə Azərbaycan vətəndaşlarının sə,Bakı şəhəri,2017,18630.0
004_13.xls,4.13 Turagent və turoperatorların vasitəçiliyi ilə Azərbaycan vətəndaşlarının sə,Bakı şəhəri,2018,8844.0
004_13.xls,4.13 Turagent və turoperatorların vasitəçiliyi ilə Azərbaycan vətəndaşlarının sə,Bakı şəhəri,2019,9347.0
004_13.xls,4.13 Turagent və turoperatorların vasitəçiliyi ilə Azərbaycan vətəndaşlarının sə,Bakı şəhəri,2020,110.0
004_13.xls,4.13 Turagent və turoperatorların vasitəçiliyi ilə Azərbaycan vətəndaşlarının sə,Bakı şəhəri,2021,901.0
004_13.xls,4.13 Turagent və turoperatorların vasitəçiliyi ilə Azərbaycan vətəndaşlarının sə,Bakı şəhəri,2022,1693.0
004_13.xls,4.13 Turagent və turoperatorların vasitəçiliyi ilə Azərbaycan vətəndaşlarının sə,Bakı şəhəri,2023,2971.0
004_13.xls,4.13 Turagent və turoperatorların vasitəçiliyi ilə Azərbaycan vətəndaşlarının sə,Bakı şəhəri,2024,2342.0
004_13.xls,4.13 Turagent və turoperatorların vasitəçiliyi ilə Azərbaycan vətəndaşlarının sə,Abşeron-Xızı iqtisadi rayonu,2014,440.0
004_13.xls,4.13 Turagent və turoperatorların vasitəçiliyi ilə Azərbaycan vətəndaşlarının sə,Abşeron-Xızı iqtisadi rayonu,2015,357.0
004_13.xls,4.13 Turagent və turoperatorların vasitəçiliyi ilə Azərbaycan vətəndaşlarının sə,Abşeron-Xızı iqtisadi rayonu,2018,8.0
004_13.xls,4.13 Turagent və turoperatorların vasitəçiliyi ilə Azərbaycan vətəndaşlarının sə,Abşeron-Xızı iqtisadi rayonu,2019,4.0
004_13.xls,4.13 Turagent və turoperatorların vasitəçiliyi ilə Azərbaycan vətəndaşlarının sə,Abşeron-Xızı iqtisadi rayonu,2022,1132.0
004_13.xls,4.13 Turagent və turoperatorların vasitəçiliyi ilə Azərbaycan vətəndaşlarının sə,Abşeron-Xızı iqtisadi rayonu,2023,1714.0
004_13.xls,4.13 Turagent və turoperatorların vasitəçiliyi ilə Azərbaycan vətəndaşlarının sə,Abşeron-Xızı iqtisadi rayonu,2024,690.0
004_13.xls,4.13 Turagent və turoperatorların vasitəçiliyi ilə Azərbaycan vətəndaşlarının sə,Sumqayıt şəhəri,2022,104.0
004_13.xls,4.13 Turagent və turoperatorların vasitəçiliyi ilə Azərbaycan vətəndaşlarının sə,Abşeron rayonu,2014,414.0
004_13.xls,4.13 Turagent və turoperatorların vasitəçiliyi ilə Azərbaycan vətəndaşlarının sə,Abşeron rayonu,2015,287.0
004_13.xls,4.13 Turagent və turoperatorların vasitəçiliyi ilə Azərbaycan vətəndaşlarının sə,Abşeron rayonu,2018,8.0
004_13.xls,4.13 Turagent və turoperatorların vasitəçiliyi ilə Azərbaycan vətəndaşlarının sə,Abşeron rayonu,2019,2.0
004_13.xls,4.13 Turagent və turoperatorların vasitəçiliyi ilə Azərbaycan vətəndaşlarının sə,Abşeron rayonu,2022,964.0
004_13.xls,4.13 Turagent və turoperatorların vasitəçiliyi ilə Azərbaycan vətəndaşlarının sə,Abşeron rayonu,2023,1714.0
004_13.xls,4.13 Turagent və turoperatorların vasitəçiliyi ilə Azərbaycan vətəndaşlarının sə,Abşeron rayonu,2024,690.0
004_13.xls,4.13 Turagent və turoperatorların vasitəçiliyi ilə Azərbaycan vətəndaşlarının sə,Xızı rayonu,2014,26.0
004_13.xls,4.13 Turagent və turoperatorların vasitəçiliyi ilə Azərbaycan vətəndaşlarının sə,Xızı rayonu,2015,70.0
004_13.xls,4.13 Turagent və turoperatorların vasitəçiliyi ilə Azərbaycan vətəndaşlarının sə,Xızı rayonu,2019,2.0
004_13.xls,4.13 Turagent və turoperatorların vasitəçiliyi ilə Azərbaycan vətəndaşlarının sə,Xızı rayonu,2022,64.0
004_13.xls,4.13 Turagent və turoperatorların vasitəçiliyi ilə Azərbaycan vətəndaşlarının sə,Dağlıq Şirvan iqtisadi rayonu,2013,10746.0
004_13.xls,4.13 Turagent və turoperatorların vasitəçiliyi ilə Azərbaycan vətəndaşlarının sə,Dağlıq Şirvan iqtisadi rayonu,2014,5101.0
004_13.xls,4.13 Turagent və turoperatorların vasitəçiliyi ilə Azərbaycan vətəndaşlarının sə,Dağlıq Şirvan iqtisadi rayonu,2015,4287.0
004_13.xls,4.13 Turagent və turoperatorların vasitəçiliyi ilə Azərbaycan vətəndaşlarının sə,Dağlıq Şirvan iqtisadi rayonu,2016,6584.0
004_13.xls,4.13 Turagent və turoperatorların vasitəçiliyi ilə Azərbaycan vətəndaşlarının sə,Dağlıq Şirvan iqtisadi rayonu,2017,8371.0
004_13.xls,4.13 Turagent və turoperatorların vasitəçiliyi ilə Azərbaycan vətəndaşlarının sə,Dağlıq Şirvan iqtisadi rayonu,2018,3000.0
004_13.xls,4.13 Turagent və turoperatorların vasitəçiliyi ilə Azərbaycan vətəndaşlarının sə,Dağlıq Şirvan iqtisadi rayonu,2019,8068.0
004_13.xls,4.13 Turagent və turoperatorların vasitəçiliyi ilə Azərbaycan vətəndaşlarının sə,Dağlıq Şirvan iqtisadi rayonu,2021,10956.0
004_13.xls,4.13 Turagent və turoperatorların vasitəçiliyi ilə Azərbaycan vətəndaşlarının sə,Dağlıq Şirvan iqtisadi rayonu,2022,5939.0
004_13.xls,4.13 Turagent və turoperatorların vasitəçiliyi ilə Azərbaycan vətəndaşlarının sə,Dağlıq Şirvan iqtisadi rayonu,2023,7809.0
004_13.xls,4.13 Turagent və turoperatorların vasitəçiliyi ilə Azərbaycan vətəndaşlarının sə,Dağlıq Şirvan iqtisadi rayonu,2024,13774.0
004_13.xls,4.13 Turagent və turoperatorların vasitəçiliyi ilə Azərbaycan vətəndaşlarının sə,Ağsu rayonu,2016,20.0
004_13.xls,4.13 Turagent və turoperatorların vasitəçiliyi ilə Azərbaycan vətəndaşlarının sə,İsmayıllı rayonu,2013,8460.0
004_13.xls,4.13 Turagent və turoperatorların vasitəçiliyi ilə Azərbaycan vətəndaşlarının sə,İsmayıllı rayonu,2014,3072.0
004_13.xls,4.13 Turagent və turoperatorların vasitəçiliyi ilə Azərbaycan vətəndaşlarının sə,İsmayıllı rayonu,2015,2828.0
004_13.xls,4.13 Turagent və turoperatorların vasitəçiliyi ilə Azərbaycan vətəndaşlarının sə,İsmayıllı rayonu,2016,6488.0
004_13.xls,4.13 Turagent və turoperatorların vasitəçiliyi ilə Azərbaycan vətəndaşlarının sə,İsmayıllı rayonu,2017,6414.0
004_13.xls,4.13 Turagent və turoperatorların vasitəçiliyi ilə Azərbaycan vətəndaşlarının sə,İsmayıllı rayonu,2018,2550.0
004_13.xls,4.13 Turagent və turoperatorların vasitəçiliyi ilə Azərbaycan vətəndaşlarının sə,İsmayıllı rayonu,2019,6376.0
004_13.xls,4.13 Turagent və turoperatorların vasitəçiliyi ilə Azərbaycan vətəndaşlarının sə,İsmayıllı rayonu,2021,8260.0
004_13.xls,4.13 Turagent və turoperatorların vasitəçiliyi ilə Azərbaycan vətəndaşlarının sə,İsmayıllı rayonu,2022,5793.0
004_13.xls,4.13 Turagent və turoperatorların vasitəçiliyi ilə Azərbaycan vətəndaşlarının sə,İsmayıllı rayonu,2023,7797.0
004_13.xls,4.13 Turagent və turoperatorların vasitəçiliyi ilə Azərbaycan vətəndaşlarının sə,İsmayıllı rayonu,2024,13645.0
004_13.xls,4.13 Turagent və turoperatorların vasitəçiliyi ilə Azərbaycan vətəndaşlarının sə,Qobustan rayonu,2017,40.0
004_13.xls,4.13 Turagent və turoperatorların vasitəçiliyi ilə Azərbaycan vətəndaşlarının sə,Qobustan rayonu,2019,2.0
004_13.xls,4.13 Turagent və turoperatorların vasitəçiliyi ilə Azərbaycan vətəndaşlarının sə,Şamaxı rayonu,2013,2286.0
004_13.xls,4.13 Turagent və turoperatorların vasitəçiliyi ilə Azərbaycan vətəndaşlarının sə,Şamaxı rayonu,2014,2029.0
004_13.xls,4.13 Turagent və turoperatorların vasitəçiliyi ilə Azərbaycan vətəndaşlarının sə,Şamaxı rayonu,2015,1459.0
004_13.xls,4.13 Turagent və turoperatorların vasitəçiliyi ilə Azərbaycan vətəndaşlarının sə,Şamaxı rayonu,2016,76.0
004_13.xls,4.13 Turagent və turoperatorların vasitəçiliyi ilə Azərbaycan vətəndaşlarının sə,Şamaxı rayonu,2017,1917.0
004_13.xls,4.13 Turagent və turoperatorların vasitəçiliyi ilə Azərbaycan vətəndaşlarının sə,Şamaxı rayonu,2018,450.0
004_13.xls,4.13 Turagent və turoperatorların vasitəçiliyi ilə Azərbaycan vətəndaşlarının sə,Şamaxı rayonu,2019,1690.0
004_13.xls,4.13 Turagent və turoperatorların vasitəçiliyi ilə Azərbaycan vətəndaşlarının sə,Şamaxı rayonu,2021,2696.0
004_13.xls,4.13 Turagent və turoperatorların vasitəçiliyi ilə Azərbaycan vətəndaşlarının sə,Şamaxı rayonu,2022,146.0
004_13.xls,4.13 Turagent və turoperatorların vasitəçiliyi ilə Azərbaycan vətəndaşlarının sə,Şamaxı rayonu,2023,12.0
004_13.xls,4.13 Turagent və turoperatorların vasitəçiliyi ilə Azərbaycan vətəndaşlarının sə,Şamaxı rayonu,2024,129.0
004_13.xls,4.13 Turagent və turoperatorların vasitəçiliyi ilə Azərbaycan vətəndaşlarının sə,Gəncə-Daşkəsən iqtisadi rayonu,2013,600.0
004_13.xls,4.13 Turagent və turoperatorların vasitəçiliyi ilə Azərbaycan vətəndaşlarının sə,Gəncə-Daşkəsən iqtisadi rayonu,2014,250.0
004_13.xls,4.13 Turagent və turoperatorların vasitəçiliyi ilə Azərbaycan vətəndaşlarının sə,Gəncə-Daşkəsən iqtisadi rayonu,2015,2078.0
004_13.xls,4.13 Turagent və turoperatorların vasitəçiliyi ilə Azərbaycan vətəndaşlarının sə,Gəncə-Daşkəsən iqtisadi rayonu,2016,141.0
004_13.xls,4.13 Turagent və turoperatorların vasitəçiliyi ilə Azərbaycan vətəndaşlarının sə,Gəncə-Daşkəsən iqtisadi rayonu,2017,382.0
004_13.xls,4.13 Turagent və turoperatorların vasitəçiliyi ilə Azərbaycan vətəndaşlarının sə,Gəncə-Daşkəsən iqtisadi rayonu,2018,236.0
004_13.xls,4.13 Turagent və turoperatorların vasitəçiliyi ilə Azərbaycan vətəndaşlarının sə,Gəncə-Daşkəsən iqtisadi rayonu,2019,778.0
004_13.xls,4.13 Turagent və turoperatorların vasitəçiliyi ilə Azərbaycan vətəndaşlarının sə,Gəncə-Daşkəsən iqtisadi rayonu,2021,1676.0
004_13.xls,4.13 Turagent və turoperatorların vasitəçiliyi ilə Azərbaycan vətəndaşlarının sə,Gəncə-Daşkəsən iqtisadi rayonu,2022,1392.0
004_13.xls,4.13 Turagent və turoperatorların vasitəçiliyi ilə Azərbaycan vətəndaşlarının sə,Gəncə-Daşkəsən iqtisadi rayonu,2023,3777.0
004_13.xls,4.13 Turagent və turoperatorların vasitəçiliyi ilə Azərbaycan vətəndaşlarının sə,Gəncə-Daşkəsən iqtisadi rayonu,2024,3931.0
004_13.xls,4.13 Turagent və turoperatorların vasitəçiliyi ilə Azərbaycan vətəndaşlarının sə,Gəncə şəhəri,2013,600.0
004_13.xls,4.13 Turagent və turoperatorların vasitəçiliyi ilə Azərbaycan vətəndaşlarının sə,Gəncə şəhəri,2014,30.0
004_13.xls,4.13 Turagent və turoperatorların vasitəçiliyi ilə Azərbaycan vətəndaşlarının sə,Gəncə şəhəri,2016,112.0
004_13.xls,4.13 Turagent və turoperatorların vasitəçiliyi ilə Azərbaycan vətəndaşlarının sə,Gəncə şəhəri,2017,92.0
004_13.xls,4.13 Turagent və turoperatorların vasitəçiliyi ilə Azərbaycan vətəndaşlarının sə,Gəncə şəhəri,2018,3.0
004_13.xls,4.13 Turagent və turoperatorların vasitəçiliyi ilə Azərbaycan vətəndaşlarının sə,Gəncə şəhəri,2021,6.0
004_13.xls,4.13 Turagent və turoperatorların vasitəçiliyi ilə Azərbaycan vətəndaşlarının sə,Gəncə şəhəri,2022,258.0
004_13.xls,4.13 Turagent və turoperatorların vasitəçiliyi ilə Azərbaycan vətəndaşlarının sə,Gəncə şəhəri,2023,1970.0
004_13.xls,4.13 Turagent və turoperatorların vasitəçiliyi ilə Azərbaycan vətəndaşlarının sə,Gəncə şəhəri,2024,58.0
004_13.xls,4.13 Turagent və turoperatorların vasitəçiliyi ilə Azərbaycan vətəndaşlarının sə,Naftalan şəhəri,2015,1543.0
004_13.xls,4.13 Turagent və turoperatorların vasitəçiliyi ilə Azərbaycan vətəndaşlarının sə,Naftalan şəhəri,2016,29.0
004_13.xls,4.13 Turagent və turoperatorların vasitəçiliyi ilə Azərbaycan vətəndaşlarının sə,Naftalan şəhəri,2017,290.0
004_13.xls,4.13 Turagent və turoperatorların vasitəçiliyi ilə Azərbaycan vətəndaşlarının sə,Naftalan şəhəri,2019,10.0
004_13.xls,4.13 Turagent və turoperatorların vasitəçiliyi ilə Azərbaycan vətəndaşlarının sə,Naftalan şəhəri,2021,1670.0
004_13.xls,4.13 Turagent və turoperatorların vasitəçiliyi ilə Azərbaycan vətəndaşlarının sə,Naftalan şəhəri,2022,984.0
004_13.xls,4.13 Turagent və turoperatorların vasitəçiliyi ilə Azərbaycan vətəndaşlarının sə,Naftalan şəhəri,2023,1657.0
004_13.xls,4.13 Turagent və turoperatorların vasitəçiliyi ilə Azərbaycan vətəndaşlarının sə,Naftalan şəhəri,2024,3543.0
004_13.xls,4.13 Turagent və turoperatorların vasitəçiliyi ilə Azərbaycan vətəndaşlarının sə,Daşkəsən rayonu,2015,154.0
004_13.xls,4.13 Turagent və turoperatorların vasitəçiliyi ilə Azərbaycan vətəndaşlarının sə,Daşkəsən rayonu,2018,225.0
004_13.xls,4.13 Turagent və turoperatorların vasitəçiliyi ilə Azərbaycan vətəndaşlarının sə,Daşkəsən rayonu,2019,768.0
004_13.xls,4.13 Turagent və turoperatorların vasitəçiliyi ilə Azərbaycan vətəndaşlarının sə,Göygöl rayonu,2014,220.0
004_13.xls,4.13 Turagent və turoperatorların vasitəçiliyi ilə Azərbaycan vətəndaşlarının sə,Göygöl rayonu,2015,381.0
004_13.xls,4.13 Turagent və turoperatorların vasitəçiliyi ilə Azərbaycan vətəndaşlarının sə,Göygöl rayonu,2018,8.0
004_13.xls,4.13 Turagent və turoperatorların vasitəçiliyi ilə Azərbaycan vətəndaşlarının sə,Göygöl rayonu,2022,150.0
004_13.xls,4.13 Turagent və turoperatorların vasitəçiliyi ilə Azərbaycan vətəndaşlarının sə,Göygöl rayonu,2023,150.0
004_13.xls,4.13 Turagent və turoperatorların vasitəçiliyi ilə Azərbaycan vətəndaşlarının sə,Göygöl rayonu,2024,330.0
004_13.xls,4.13 Turagent və turoperatorların vasitəçiliyi ilə Azərbaycan vətəndaşlarının sə,Qarabağ iqtisadi rayonu,2022,3.0
004_13.xls,4.13 Turagent və turoperatorların vasitəçiliyi ilə Azərbaycan vətəndaşlarının sə,Qarabağ iqtisadi rayonu,2023,1051.0
004_13.xls,4.13 Turagent və turoperatorların vasitəçiliyi ilə Azərbaycan vətəndaşlarının sə,Qarabağ iqtisadi rayonu,2024,1105.0
004_13.xls,4.13 Turagent və turoperatorların vasitəçiliyi ilə Azərbaycan vətəndaşlarının sə,Bərdə rayonu,2022,3.0
004_13.xls,4.13 Turagent və turoperatorların vasitəçiliyi ilə Azərbaycan vətəndaşlarının sə,Şuşa rayonu,2023,1051.0
004_13.xls,4.13 Turagent və turoperatorların vasitəçiliyi ilə Azərbaycan vətəndaşlarının sə,Şuşa rayonu,2024,1105.0
004_13.xls,4.13 Turagent və turoperatorların vasitəçiliyi ilə Azərbaycan vətəndaşlarının sə,Qazax-Tovuz iqtisadi rayonu,2015,128.0
004_13.xls,4.13 Turagent və turoperatorların vasitəçiliyi ilə Azərbaycan vətəndaşlarının sə,Qazax-Tovuz iqtisadi rayonu,2018,78.0
004_13.xls,4.13 Turagent və turoperatorların vasitəçiliyi ilə Azərbaycan vətəndaşlarının sə,Qazax-Tovuz iqtisadi rayonu,2019,207.0
004_13.xls,4.13 Turagent və turoperatorların vasitəçiliyi ilə Azərbaycan vətəndaşlarının sə,Qazax-Tovuz iqtisadi rayonu,2021,8.0
004_13.xls,4.13 Turagent və turoperatorların vasitəçiliyi ilə Azərbaycan vətəndaşlarının sə,Qazax-Tovuz iqtisadi rayonu,2022,132.0
004_13.xls,4.13 Turagent və turoperatorların vasitəçiliyi ilə Azərbaycan vətəndaşlarının sə,Gədəbəy rayonu,2018,78.0
004_13.xls,4.13 Turagent və turoperatorların vasitəçiliyi ilə Azərbaycan vətəndaşlarının sə,Gədəbəy rayonu,2019,207.0
004_13.xls,4.13 Turagent və turoperatorların vasitəçiliyi ilə Azərbaycan vətəndaşlarının sə,Qazax rayonu,2015,128.0
004_13.xls,4.13 Turagent və turoperatorların vasitəçiliyi ilə Azərbaycan vətəndaşlarının sə,Qazax rayonu,2021,4.0
004_13.xls,4.13 Turagent və turoperatorların vasitəçiliyi ilə Azərbaycan vətəndaşlarının sə,Qazax rayonu,2022,132.0
004_13.xls,4.13 Turagent və turoperatorların vasitəçiliyi ilə Azərbaycan vətəndaşlarının sə,Tovuz rayonu,2021,4.0
004_13.xls,4.13 Turagent və turoperatorların vasitəçiliyi ilə Azərbaycan vətəndaşlarının sə,Quba-Xaçmaz iqtisadi rayonu,2013,53500.0
004_13.xls,4.13 Turagent və turoperatorların vasitəçiliyi ilə Azərbaycan vətəndaşlarının sə,Quba-Xaçmaz iqtisadi rayonu,2014,47730.0
004_13.xls,4.13 Turagent və turoperatorların vasitəçiliyi ilə Azərbaycan vətəndaşlarının sə,Quba-Xaçmaz iqtisadi rayonu,2015,53002.0
004_13.xls,4.13 Turagent və turoperatorların vasitəçiliyi ilə Azərbaycan vətəndaşlarının sə,Quba-Xaçmaz iqtisadi rayonu,2016,31782.0
004_13.xls,4.13 Turagent və turoperatorların vasitəçiliyi ilə Azərbaycan vətəndaşlarının sə,Quba-Xaçmaz iqtisadi rayonu,2017,44306.0
004_13.xls,4.13 Turagent və turoperatorların vasitəçiliyi ilə Azərbaycan vətəndaşlarının sə,Quba-Xaçmaz iqtisadi rayonu,2018,23299.0
004_13.xls,4.13 Turagent və turoperatorların vasitəçiliyi ilə Azərbaycan vətəndaşlarının sə,Quba-Xaçmaz iqtisadi rayonu,2019,65103.0
004_13.xls,4.13 Turagent və turoperatorların vasitəçiliyi ilə Azərbaycan vətəndaşlarının sə,Quba-Xaçmaz iqtisadi rayonu,2020,58.0
004_13.xls,4.13 Turagent və turoperatorların vasitəçiliyi ilə Azərbaycan vətəndaşlarının sə,Quba-Xaçmaz iqtisadi rayonu,2021,2542.0
004_13.xls,4.13 Turagent və turoperatorların vasitəçiliyi ilə Azərbaycan vətəndaşlarının sə,Quba-Xaçmaz iqtisadi rayonu,2022,2897.0
004_13.xls,4.13 Turagent və turoperatorların vasitəçiliyi ilə Azərbaycan vətəndaşlarının sə,Quba-Xaçmaz iqtisadi rayonu,2023,243.0
004_13.xls,4.13 Turagent və turoperatorların vasitəçiliyi ilə Azərbaycan vətəndaşlarının sə,Quba-Xaçmaz iqtisadi rayonu,2024,3025.0
004_13.xls,4.13 Turagent və turoperatorların vasitəçiliyi ilə Azərbaycan vətəndaşlarının sə,Xaçmaz rayonu,2013,41828.0
004_13.xls,4.13 Turagent və turoperatorların vasitəçiliyi ilə Azərbaycan vətəndaşlarının sə,Xaçmaz rayonu,2014,37819.0
004_13.xls,4.13 Turagent və turoperatorların vasitəçiliyi ilə Azərbaycan vətəndaşlarının sə,Xaçmaz rayonu,2015,35773.0
004_13.xls,4.13 Turagent və turoperatorların vasitəçiliyi ilə Azərbaycan vətəndaşlarının sə,Xaçmaz rayonu,2016,19025.0
004_13.xls,4.13 Turagent və turoperatorların vasitəçiliyi ilə Azərbaycan vətəndaşlarının sə,Xaçmaz rayonu,2017,37518.0
004_13.xls,4.13 Turagent və turoperatorların vasitəçiliyi ilə Azərbaycan vətəndaşlarının sə,Xaçmaz rayonu,2018,20458.0
004_13.xls,4.13 Turagent və turoperatorların vasitəçiliyi ilə Azərbaycan vətəndaşlarının sə,Xaçmaz rayonu,2019,55328.0
004_13.xls,4.13 Turagent və turoperatorların vasitəçiliyi ilə Azərbaycan vətəndaşlarının sə,Xaçmaz rayonu,2020,8.0
004_13.xls,4.13 Turagent və turoperatorların vasitəçiliyi ilə Azərbaycan vətəndaşlarının sə,Xaçmaz rayonu,2021,2450.0
004_13.xls,4.13 Turagent və turoperatorların vasitəçiliyi ilə Azərbaycan vətəndaşlarının sə,Xaçmaz rayonu,2022,149.0
004_13.xls,4.13 Turagent və turoperatorların vasitəçiliyi ilə Azərbaycan vətəndaşlarının sə,Xaçmaz rayonu,2023,92.0
004_13.xls,4.13 Turagent və turoperatorların vasitəçiliyi ilə Azərbaycan vətəndaşlarının sə,Quba rayonu,2013,4445.0
004_13.xls,4.13 Turagent və turoperatorların vasitəçiliyi ilə Azərbaycan vətəndaşlarının sə,Quba rayonu,2014,4245.0
004_13.xls,4.13 Turagent və turoperatorların vasitəçiliyi ilə Azərbaycan vətəndaşlarının sə,Quba rayonu,2015,11200.0
004_13.xls,4.13 Turagent və turoperatorların vasitəçiliyi ilə Azərbaycan vətəndaşlarının sə,Quba rayonu,2016,8819.0
004_13.xls,4.13 Turagent və turoperatorların vasitəçiliyi ilə Azərbaycan vətəndaşlarının sə,Quba rayonu,2017,2876.0
004_13.xls,4.13 Turagent və turoperatorların vasitəçiliyi ilə Azərbaycan vətəndaşlarının sə,Quba rayonu,2018,2123.0
004_13.xls,4.13 Turagent və turoperatorların vasitəçiliyi ilə Azərbaycan vətəndaşlarının sə,Quba rayonu,2019,4317.0
004_13.xls,4.13 Turagent və turoperatorların vasitəçiliyi ilə Azərbaycan vətəndaşlarının sə,Quba rayonu,2020,50.0
004_13.xls,4.13 Turagent və turoperatorların vasitəçiliyi ilə Azərbaycan vətəndaşlarının sə,Quba rayonu,2021,80.0
004_13.xls,4.13 Turagent və turoperatorların vasitəçiliyi ilə Azərbaycan vətəndaşlarının sə,Quba rayonu,2022,2633.0
004_13.xls,4.13 Turagent və turoperatorların vasitəçiliyi ilə Azərbaycan vətəndaşlarının sə,Quba rayonu,2023,62.0
004_13.xls,4.13 Turagent və turoperatorların vasitəçiliyi ilə Azərbaycan vətəndaşlarının sə,Quba rayonu,2024,1198.0
004_13.xls,4.13 Turagent və turoperatorların vasitəçiliyi ilə Azərbaycan vətəndaşlarının sə,Qusar rayonu,2013,7227.0
004_13.xls,4.13 Turagent və turoperatorların vasitəçiliyi ilə Azərbaycan vətəndaşlarının sə,Qusar rayonu,2014,5666.0
004_13.xls,4.13 Turagent və turoperatorların vasitəçiliyi ilə Azərbaycan vətəndaşlarının sə,Qusar rayonu,2015,6029.0
004_13.xls,4.13 Turagent və turoperatorların vasitəçiliyi ilə Azərbaycan vətəndaşlarının sə,Qusar rayonu,2016,3921.0
004_13.xls,4.13 Turagent və turoperatorların vasitəçiliyi ilə Azərbaycan vətəndaşlarının sə,Qusar rayonu,2017,3147.0
004_13.xls,4.13 Turagent və turoperatorların vasitəçiliyi ilə Azərbaycan vətəndaşlarının sə,Qusar rayonu,2018,694.0
004_13.xls,4.13 Turagent və turoperatorların vasitəçiliyi ilə Azərbaycan vətəndaşlarının sə,Qusar rayonu,2019,5458.0
004_13.xls,4.13 Turagent və turoperatorların vasitəçiliyi ilə Azərbaycan vətəndaşlarının sə,Qusar rayonu,2021,4.0
004_13.xls,4.13 Turagent və turoperatorların vasitəçiliyi ilə Azərbaycan vətəndaşlarının sə,Qusar rayonu,2022,115.0
004_13.xls,4.13 Turagent və turoperatorların vasitəçiliyi ilə Azərbaycan vətəndaşlarının sə,Qusar rayonu,2023,89.0
004_13.xls,4.13 Turagent və turoperatorların vasitəçiliyi ilə Azərbaycan vətəndaşlarının sə,Qusar rayonu,2024,1722.0
004_13.xls,4.13 Turagent və turoperatorların vasitəçiliyi ilə Azərbaycan vətəndaşlarının sə,Siyəzən rayonu,2016,15.0
004_13.xls,4.13 Turagent və turoperatorların vasitəçiliyi ilə Azərbaycan vətəndaşlarının sə,Siyəzən rayonu,2017,764.0
004_13.xls,4.13 Turagent və turoperatorların vasitəçiliyi ilə Azərbaycan vətəndaşlarının sə,Siyəzən rayonu,2018,24.0
004_13.xls,4.13 Turagent və turoperatorların vasitəçiliyi ilə Azərbaycan vətəndaşlarının sə,Şabran rayonu,2016,2.0
004_13.xls,4.13 Turagent və turoperatorların vasitəçiliyi ilə Azərbaycan vətəndaşlarının sə,Şabran rayonu,2017,1.0
004_13.xls,4.13 Turagent və turoperatorların vasitəçiliyi ilə Azərbaycan vətəndaşlarının sə,Şabran rayonu,2021,8.0
004_13.xls,4.13 Turagent və turoperatorların vasitəçiliyi ilə Azərbaycan vətəndaşlarının sə,Şabran rayonu,2024,105.0
004_13.xls,4.13 Turagent və turoperatorların vasitəçiliyi ilə Azərbaycan vətəndaşlarının sə,Lənkəran-Astara iqtisadi rayonu,2013,581.0
004_13.xls,4.13 Turagent və turoperatorların vasitəçiliyi ilə Azərbaycan vətəndaşlarının sə,Lənkəran-Astara iqtisadi rayonu,2014,8204.0
004_13.xls,4.13 Turagent və turoperatorların vasitəçiliyi ilə Azərbaycan vətəndaşlarının sə,Lənkəran-Astara iqtisadi rayonu,2015,2960.0
004_13.xls,4.13 Turagent və turoperatorların vasitəçiliyi ilə Azərbaycan vətəndaşlarının sə,Lənkəran-Astara iqtisadi rayonu,2016,3467.0
004_13.xls,4.13 Turagent və turoperatorların vasitəçiliyi ilə Azərbaycan vətəndaşlarının sə,Lənkəran-Astara iqtisadi rayonu,2017,4897.0
004_13.xls,4.13 Turagent və turoperatorların vasitəçiliyi ilə Azərbaycan vətəndaşlarının sə,Lənkəran-Astara iqtisadi rayonu,2018,7958.0
004_13.xls,4.13 Turagent və turoperatorların vasitəçiliyi ilə Azərbaycan vətəndaşlarının sə,Lənkəran-Astara iqtisadi rayonu,2019,12655.0
004_13.xls,4.13 Turagent və turoperatorların vasitəçiliyi ilə Azərbaycan vətəndaşlarının sə,Lənkəran-Astara iqtisadi rayonu,2021,78.0
004_13.xls,4.13 Turagent və turoperatorların vasitəçiliyi ilə Azərbaycan vətəndaşlarının sə,Lənkəran-Astara iqtisadi rayonu,2022,430.0
004_13.xls,4.13 Turagent və turoperatorların vasitəçiliyi ilə Azərbaycan vətəndaşlarının sə,Lənkəran-Astara iqtisadi rayonu,2023,193.0
004_13.xls,4.13 Turagent və turoperatorların vasitəçiliyi ilə Azərbaycan vətəndaşlarının sə,Lənkəran-Astara iqtisadi rayonu,2024,707.0
004_13.xls,4.13 Turagent və turoperatorların vasitəçiliyi ilə Azərbaycan vətəndaşlarının sə,Astara rayonu,2015,160.0
004_13.xls,4.13 Turagent və turoperatorların vasitəçiliyi ilə Azərbaycan vətəndaşlarının sə,Astara rayonu,2016,163.0
004_13.xls,4.13 Turagent və turoperatorların vasitəçiliyi ilə Azərbaycan vətəndaşlarının sə,Astara rayonu,2018,135.0
004_13.xls,4.13 Turagent və turoperatorların vasitəçiliyi ilə Azərbaycan vətəndaşlarının sə,Astara rayonu,2019,1555.0
004_13.xls,4.13 Turagent və turoperatorların vasitəçiliyi ilə Azərbaycan vətəndaşlarının sə,Astara rayonu,2022,127.0
004_13.xls,4.13 Turagent və turoperatorların vasitəçiliyi ilə Azərbaycan vətəndaşlarının sə,Astara rayonu,2024,10.0
004_13.xls,4.13 Turagent və turoperatorların vasitəçiliyi ilə Azərbaycan vətəndaşlarının sə,Lerik rayonu,2013,385.0
004_13.xls,4.13 Turagent və turoperatorların vasitəçiliyi ilə Azərbaycan vətəndaşlarının sə,Lerik rayonu,2015,255.0
004_13.xls,4.13 Turagent və turoperatorların vasitəçiliyi ilə Azərbaycan vətəndaşlarının sə,Lerik rayonu,2016,30.0
004_13.xls,4.13 Turagent və turoperatorların vasitəçiliyi ilə Azərbaycan vətəndaşlarının sə,Lerik rayonu,2017,287.0
004_13.xls,4.13 Turagent və turoperatorların vasitəçiliyi ilə Azərbaycan vətəndaşlarının sə,Lerik rayonu,2018,3227.0
004_13.xls,4.13 Turagent və turoperatorların vasitəçiliyi ilə Azərbaycan vətəndaşlarının sə,Lerik rayonu,2019,6864.0
004_13.xls,4.13 Turagent və turoperatorların vasitəçiliyi ilə Azərbaycan vətəndaşlarının sə,Lerik rayonu,2023,2.0
004_13.xls,4.13 Turagent və turoperatorların vasitəçiliyi ilə Azərbaycan vətəndaşlarının sə,Lerik rayonu,2024,40.0
004_13.xls,4.13 Turagent və turoperatorların vasitəçiliyi ilə Azərbaycan vətəndaşlarının sə,Lənkəran rayonu,2014,10.0
004_13.xls,4.13 Turagent və turoperatorların vasitəçiliyi ilə Azərbaycan vətəndaşlarının sə,Lənkəran rayonu,2015,201.0
004_13.xls,4.13 Turagent və turoperatorların vasitəçiliyi ilə Azərbaycan vətəndaşlarının sə,Lənkəran rayonu,2016,24.0
004_13.xls,4.13 Turagent və turoperatorların vasitəçiliyi ilə Azərbaycan vətəndaşlarının sə,Lənkəran rayonu,2017,2480.0
004_13.xls,4.13 Turagent və turoperatorların vasitəçiliyi ilə Azərbaycan vətəndaşlarının sə,Lənkəran rayonu,2018,40.0
004_13.xls,4.13 Turagent və turoperatorların vasitəçiliyi ilə Azərbaycan vətəndaşlarının sə,Lənkəran rayonu,2019,76.0
004_13.xls,4.13 Turagent və turoperatorların vasitəçiliyi ilə Azərbaycan vətəndaşlarının sə,Lənkəran rayonu,2021,28.0
004_13.xls,4.13 Turagent və turoperatorların vasitəçiliyi ilə Azərbaycan vətəndaşlarının sə,Lənkəran rayonu,2022,303.0
004_13.xls,4.13 Turagent və turoperatorların vasitəçiliyi ilə Azərbaycan vətəndaşlarının sə,Lənkəran rayonu,2023,177.0
004_13.xls,4.13 Turagent və turoperatorların vasitəçiliyi ilə Azərbaycan vətəndaşlarının sə,Lənkəran rayonu,2024,657.0
004_13.xls,4.13 Turagent və turoperatorların vasitəçiliyi ilə Azərbaycan vətəndaşlarının sə,Masallı rayonu,2013,196.0
004_13.xls,4.13 Turagent və turoperatorların vasitəçiliyi ilə Azərbaycan vətəndaşlarının sə,Masallı rayonu,2014,8194.0
004_13.xls,4.13 Turagent və turoperatorların vasitəçiliyi ilə Azərbaycan vətəndaşlarının sə,Masallı rayonu,2015,2344.0
004_13.xls,4.13 Turagent və turoperatorların vasitəçiliyi ilə Azərbaycan vətəndaşlarının sə,Masallı rayonu,2016,3250.0
004_13.xls,4.13 Turagent və turoperatorların vasitəçiliyi ilə Azərbaycan vətəndaşlarının sə,Masallı rayonu,2017,2130.0
004_13.xls,4.13 Turagent və turoperatorların vasitəçiliyi ilə Azərbaycan vətəndaşlarının sə,Masallı rayonu,2018,4556.0
004_13.xls,4.13 Turagent və turoperatorların vasitəçiliyi ilə Azərbaycan vətəndaşlarının sə,Masallı rayonu,2019,4160.0
004_13.xls,4.13 Turagent və turoperatorların vasitəçiliyi ilə Azərbaycan vətəndaşlarının sə,Masallı rayonu,2021,50.0
004_13.xls,4.13 Turagent və turoperatorların vasitəçiliyi ilə Azərbaycan vətəndaşlarının sə,Masallı rayonu,2023,14.0
004_13.xls,4.13 Turagent və turoperatorların vasitəçiliyi ilə Azərbaycan vətəndaşlarının sə,Mərkəzi Aran iqtisadi rayonu,2013,917.0
004_13.xls,4.13 Turagent və turoperatorların vasitəçiliyi ilə Azərbaycan vətəndaşlarının sə,Mərkəzi Aran iqtisadi rayonu,2016,25.0
004_13.xls,4.13 Turagent və turoperatorların vasitəçiliyi ilə Azərbaycan vətəndaşlarının sə,Mərkəzi Aran iqtisadi rayonu,2018,124.0
004_13.xls,4.13 Turagent və turoperatorların vasitəçiliyi ilə Azərbaycan vətəndaşlarının sə,Mərkəzi Aran iqtisadi rayonu,2019,282.0
004_13.xls,4.13 Turagent və turoperatorların vasitəçiliyi ilə Azərbaycan vətəndaşlarının sə,Mərkəzi Aran iqtisadi rayonu,2022,12.0
004_13.xls,4.13 Turagent və turoperatorların vasitəçiliyi ilə Azərbaycan vətəndaşlarının sə,Mərkəzi Aran iqtisadi rayonu,2024,215.0
004_13.xls,4.13 Turagent və turoperatorların vasitəçiliyi ilə Azərbaycan vətəndaşlarının sə,Mingəçevir şəhəri,2013,917.0
004_13.xls,4.13 Turagent və turoperatorların vasitəçiliyi ilə Azərbaycan vətəndaşlarının sə,Mingəçevir şəhəri,2018,124.0
004_13.xls,4.13 Turagent və turoperatorların vasitəçiliyi ilə Azərbaycan vətəndaşlarının sə,Mingəçevir şəhəri,2019,282.0
004_13.xls,4.13 Turagent və turoperatorların vasitəçiliyi ilə Azərbaycan vətəndaşlarının sə,Mingəçevir şəhəri,2022,12.0
004_13.xls,4.13 Turagent və turoperatorların vasitəçiliyi ilə Azərbaycan vətəndaşlarının sə,Mingəçevir şəhəri,2024,215.0
004_13.xls,4.13 Turagent və turoperatorların vasitəçiliyi ilə Azərbaycan vətəndaşlarının sə,Göyçay rayonu,2016,25.0
004_13.xls,4.13 Turagent və turoperatorların vasitəçiliyi ilə Azərbaycan vətəndaşlarının sə,Şəki-Zaqatala iqtisadi rayonu,2013,16416.0
004_13.xls,4.13 Turagent və turoperatorların vasitəçiliyi ilə Azərbaycan vətəndaşlarının sə,Şəki-Zaqatala iqtisadi rayonu,2014,6035.0
004_13.xls,4.13 Turagent və turoperatorların vasitəçiliyi ilə Azərbaycan vətəndaşlarının sə,Şəki-Zaqatala iqtisadi rayonu,2015,10252.0
004_13.xls,4.13 Turagent və turoperatorların vasitəçiliyi ilə Azərbaycan vətəndaşlarının sə,Şəki-Zaqatala iqtisadi rayonu,2016,9551.0
004_13.xls,4.13 Turagent və turoperatorların vasitəçiliyi ilə Azərbaycan vətəndaşlarının sə,Şəki-Zaqatala iqtisadi rayonu,2017,11415.0
004_13.xls,4.13 Turagent və turoperatorların vasitəçiliyi ilə Azərbaycan vətəndaşlarının sə,Şəki-Zaqatala iqtisadi rayonu,2018,57260.0
004_13.xls,4.13 Turagent və turoperatorların vasitəçiliyi ilə Azərbaycan vətəndaşlarının sə,Şəki-Zaqatala iqtisadi rayonu,2019,15654.0
004_13.xls,4.13 Turagent və turoperatorların vasitəçiliyi ilə Azərbaycan vətəndaşlarının sə,Şəki-Zaqatala iqtisadi rayonu,2020,125.0
004_13.xls,4.13 Turagent və turoperatorların vasitəçiliyi ilə Azərbaycan vətəndaşlarının sə,Şəki-Zaqatala iqtisadi rayonu,2021,1368.0
004_13.xls,4.13 Turagent və turoperatorların vasitəçiliyi ilə Azərbaycan vətəndaşlarının sə,Şəki-Zaqatala iqtisadi rayonu,2022,4953.0
004_13.xls,4.13 Turagent və turoperatorların vasitəçiliyi ilə Azərbaycan vətəndaşlarının sə,Şəki-Zaqatala iqtisadi rayonu,2023,975.0
004_13.xls,4.13 Turagent və turoperatorların vasitəçiliyi ilə Azərbaycan vətəndaşlarının sə,Şəki-Zaqatala iqtisadi rayonu,2024,2281.0
004_13.xls,4.13 Turagent və turoperatorların vasitəçiliyi ilə Azərbaycan vətəndaşlarının sə,Balakən rayonu,2014,6.0
004_13.xls,4.13 Turagent və turoperatorların vasitəçiliyi ilə Azərbaycan vətəndaşlarının sə,Balakən rayonu,2022,4025.0
004_13.xls,4.13 Turagent və turoperatorların vasitəçiliyi ilə Azərbaycan vətəndaşlarının sə,Balakən rayonu,2023,10.0
004_13.xls,4.13 Turagent və turoperatorların vasitəçiliyi ilə Azərbaycan vətəndaşlarının sə,Qax rayonu,2014,234.0
004_13.xls,4.13 Turagent və turoperatorların vasitəçiliyi ilə Azərbaycan vətəndaşlarının sə,Qax rayonu,2015,3828.0
004_13.xls,4.13 Turagent və turoperatorların vasitəçiliyi ilə Azərbaycan vətəndaşlarının sə,Qax rayonu,2016,2408.0
004_13.xls,4.13 Turagent və turoperatorların vasitəçiliyi ilə Azərbaycan vətəndaşlarının sə,Qax rayonu,2017,2550.0
004_13.xls,4.13 Turagent və turoperatorların vasitəçiliyi ilə Azərbaycan vətəndaşlarının sə,Qax rayonu,2018,2876.0
004_13.xls,4.13 Turagent və turoperatorların vasitəçiliyi ilə Azərbaycan vətəndaşlarının sə,Qax rayonu,2019,6145.0
004_13.xls,4.13 Turagent və turoperatorların vasitəçiliyi ilə Azərbaycan vətəndaşlarının sə,Qax rayonu,2024,462.0
004_13.xls,4.13 Turagent və turoperatorların vasitəçiliyi ilə Azərbaycan vətəndaşlarının sə,Qəbələ rayonu,2013,15847.0
004_13.xls,4.13 Turagent və turoperatorların vasitəçiliyi ilə Azərbaycan vətəndaşlarının sə,Qəbələ rayonu,2014,5250.0
004_13.xls,4.13 Turagent və turoperatorların vasitəçiliyi ilə Azərbaycan vətəndaşlarının sə,Qəbələ rayonu,2015,5018.0
004_13.xls,4.13 Turagent və turoperatorların vasitəçiliyi ilə Azərbaycan vətəndaşlarının sə,Qəbələ rayonu,2016,6815.0
004_13.xls,4.13 Turagent və turoperatorların vasitəçiliyi ilə Azərbaycan vətəndaşlarının sə,Qəbələ rayonu,2017,7311.0
004_13.xls,4.13 Turagent və turoperatorların vasitəçiliyi ilə Azərbaycan vətəndaşlarının sə,Qəbələ rayonu,2018,53369.0
004_13.xls,4.13 Turagent və turoperatorların vasitəçiliyi ilə Azərbaycan vətəndaşlarının sə,Qəbələ rayonu,2019,7813.0
004_13.xls,4.13 Turagent və turoperatorların vasitəçiliyi ilə Azərbaycan vətəndaşlarının sə,Qəbələ rayonu,2020,75.0
004_13.xls,4.13 Turagent və turoperatorların vasitəçiliyi ilə Azərbaycan vətəndaşlarının sə,Qəbələ rayonu,2021,660.0
004_13.xls,4.13 Turagent və turoperatorların vasitəçiliyi ilə Azərbaycan vətəndaşlarının sə,Qəbələ rayonu,2022,382.0
004_13.xls,4.13 Turagent və turoperatorların vasitəçiliyi ilə Azərbaycan vətəndaşlarının sə,Qəbələ rayonu,2023,481.0
004_13.xls,4.13 Turagent və turoperatorların vasitəçiliyi ilə Azərbaycan vətəndaşlarının sə,Qəbələ rayonu,2024,1168.0
004_13.xls,4.13 Turagent və turoperatorların vasitəçiliyi ilə Azərbaycan vətəndaşlarının sə,Oğuz rayonu,2014,150.0
004_13.xls,4.13 Turagent və turoperatorların vasitəçiliyi ilə Azərbaycan vətəndaşlarının sə,Oğuz rayonu,2015,438.0
004_13.xls,4.13 Turagent və turoperatorların vasitəçiliyi ilə Azərbaycan vətəndaşlarının sə,Oğuz rayonu,2017,492.0
004_13.xls,4.13 Turagent və turoperatorların vasitəçiliyi ilə Azərbaycan vətəndaşlarının sə,Oğuz rayonu,2018,245.0
004_13.xls,4.13 Turagent və turoperatorların vasitəçiliyi ilə Azərbaycan vətəndaşlarının sə,Oğuz rayonu,2019,686.0
004_13.xls,4.13 Turagent və turoperatorların vasitəçiliyi ilə Azərbaycan vətəndaşlarının sə,Oğuz rayonu,2021,110.0
004_13.xls,4.13 Turagent və turoperatorların vasitəçiliyi ilə Azərbaycan vətəndaşlarının sə,Oğuz rayonu,2022,120.0
004_13.xls,4.13 Turagent və turoperatorların vasitəçiliyi ilə Azərbaycan vətəndaşlarının sə,Şəki rayonu,2013,519.0
004_13.xls,4.13 Turagent və turoperatorların vasitəçiliyi ilə Azərbaycan vətəndaşlarının sə,Şəki rayonu,2014,385.0
004_13.xls,4.13 Turagent və turoperatorların vasitəçiliyi ilə Azərbaycan vətəndaşlarının sə,Şəki rayonu,2015,778.0
004_13.xls,4.13 Turagent və turoperatorların vasitəçiliyi ilə Azərbaycan vətəndaşlarının sə,Şəki rayonu,2016,328.0
004_13.xls,4.13 Turagent və turoperatorların vasitəçiliyi ilə Azərbaycan vətəndaşlarının sə,Şəki rayonu,2017,1062.0
004_13.xls,4.13 Turagent və turoperatorların vasitəçiliyi ilə Azərbaycan vətəndaşlarının sə,Şəki rayonu,2018,770.0
004_13.xls,4.13 Turagent və turoperatorların vasitəçiliyi ilə Azərbaycan vətəndaşlarının sə,Şəki rayonu,2019,1010.0
004_13.xls,4.13 Turagent və turoperatorların vasitəçiliyi ilə Azərbaycan vətəndaşlarının sə,Şəki rayonu,2020,50.0
004_13.xls,4.13 Turagent və turoperatorların vasitəçiliyi ilə Azərbaycan vətəndaşlarının sə,Şəki rayonu,2021,598.0
004_13.xls,4.13 Turagent və turoperatorların vasitəçiliyi ilə Azərbaycan vətəndaşlarının sə,Şəki rayonu,2022,306.0
004_13.xls,4.13 Turagent və turoperatorların vasitəçiliyi ilə Azərbaycan vətəndaşlarının sə,Şəki rayonu,2023,159.0
004_13.xls,4.13 Turagent və turoperatorların vasitəçiliyi ilə Azərbaycan vətəndaşlarının sə,Şəki rayonu,2024,651.0
004_13.xls,4.13 Turagent və turoperatorların vasitəçiliyi ilə Azərbaycan vətəndaşlarının sə,Zaqatala rayonu,2013,50.0
004_13.xls,4.13 Turagent və turoperatorların vasitəçiliyi ilə Azərbaycan vətəndaşlarının sə,Zaqatala rayonu,2014,10.0
004_13.xls,4.13 Turagent və turoperatorların vasitəçiliyi ilə Azərbaycan vətəndaşlarının sə,Zaqatala rayonu,2015,190.0
004_13.xls,4.13 Turagent və turoperatorların vasitəçiliyi ilə Azərbaycan vətəndaşlarının sə,Zaqatala rayonu,2022,120.0
004_13.xls,4.13 Turagent və turoperatorların vasitəçiliyi ilə Azərbaycan vətəndaşlarının sə,Zaqatala rayonu,2023,325.0
