{
  "type": "FeatureCollection",
  "features": [
    {
      "type": "Feature",
      "geometry": {
        "type": "Point",
        "coordinates": [
          47.0921,
          39.6199
        ]
      },
      "properties": {
        "name": "Otel Noktasi 1",
        "category": "Otel",
        "source_file": "01_oteller"
      }
    },
    {
      "type": "Feature",
      "geometry": {
        "type": "Point",
        "coordinates": [
          47.0989,
          39.6166
        ]
      },
      "properties": {
        "name": "Otel Noktasi 2",
        "category": "Otel",
        "source_file": "01_oteller"
      }
    },
    {
      "type": "Feature",
      "geometry": {
        "type": "Point",
        "coordinates": [
          47.1001,
          39.6081
        ]
      },
      "properties": {
        "name": "Otel Noktasi 3",
        "category": "Otel",
        "source_file": "01_oteller"
      }
    },
    {
      "type": "Feature",
      "geometry": {
        "type": "Point",
        "coordinates": [
          47.0976,
          39.6036
        ]
      },
      "properties": {
        "name": "Otel Noktasi 4",
        "category": "Otel",
        "source_file": "01_oteller"
      }
    },
    {
      "type": "Feature",
      "geometry": {
        "type": "Point",
        "coordinates": [
          47.0935,
          39.6006
        ]
      },
      "properties": {
        "name": "Otel Noktasi 5",
        "category": "Otel",
        "source_file": "01_oteller"
      }
    },
    {
      "type": "Feature",
      "geometry": {
        "type": "Point",
        "coordinates": [
          47.066,
          39.5904
        ]
      },
      "properties": {
        "name": "Otel Noktasi 6",
        "category": "Otel",
        "source_file": "01_oteller"
      }
    },
    {
      "type": "Feature",
      "geometry": {
        "type": "Point",
        "coordinates": [
          47.0415,
          39.5891
        ]
      },
      "properties": {
        "name": "Otel Noktasi 7",
        "category": "Otel",
        "source_file": "01_oteller"
      }
    },
    {
      "type": "Feature",
      "geometry": {
        "type": "Point",
        "coordinates": [
          47.0355,
          39.5873
        ]
      },
      "properties": {
        "name": "Otel Noktasi 8",
        "category": "Otel",
        "source_file": "01_oteller"
      }
    },
    {
      "type": "Feature",
      "geometry": {
        "type": "Point",
        "coordinates": [
          47.0209,
          39.5746
        ]
      },
      "properties": {
        "name": "Otel Noktasi 9",
        "category": "Otel",
        "source_file": "01_oteller"
      }
    },
    {
      "type": "Feature",
      "geometry": {
        "type": "Point",
        "coordinates": [
          47.0165,
          39.5674
        ]
      },
      "properties": {
        "name": "Otel Noktasi 10",
        "category": "Otel",
        "source_file": "01_oteller"
      }
    },
    {
      "type": "Feature",
      "geometry": {
        "type": "Point",
        "coordinates": [
          47.0175,
          39.5617
        ]
      },
      "properties": {
        "name": "Otel Noktasi 11",
        "category": "Otel",
        "source_file": "01_oteller"
      }
    },
    {
      "type": "Feature",
      "geometry": {
        "type": "Point",
        "coordinates": [
          47.0206,
          39.5584
        ]
      },
      "properties": {
        "name": "Otel Noktasi 12",
        "category": "Otel",
        "source_file": "01_oteller"
      }
    },
    {
      "type": "Feature",
      "geometry": {
        "type": "Point",
        "coordinates": [
          47.0325,
          39.5537
        ]
      },
      "properties": {
        "name": "Otel Noktasi 13",
        "category": "Otel",
        "source_file": "01_oteller"
      }
    },
    {
      "type": "Feature",
      "geometry": {
        "type": "Point",
        "coordinates": [
          47.0534,
          39.5611
        ]
      },
      "properties": {
        "name": "Otel Noktasi 14",
        "category": "Otel",
        "source_file": "01_oteller"
      }
    },
    {
      "type": "Feature",
      "geometry": {
        "type": "Point",
        "coordinates": [
          47.0826,
          39.5803
        ]
      },
      "properties": {
        "name": "Otel Noktasi 15",
        "category": "Otel",
        "source_file": "01_oteller"
      }
    },
    {
      "type": "Feature",
      "geometry": {
        "type": "Point",
        "coordinates": [
          47.0964,
          39.5824
        ]
      },
      "properties": {
        "name": "Otel Noktasi 16",
        "category": "Otel",
        "source_file": "01_oteller"
      }
    },
    {
      "type": "Feature",
      "geometry": {
        "type": "Point",
        "coordinates": [
          47.1049,
          39.58
        ]
      },
      "properties": {
        "name": "Otel Noktasi 17",
        "category": "Otel",
        "source_file": "01_oteller"
      }
    },
    {
      "type": "Feature",
      "geometry": {
        "type": "Point",
        "coordinates": [
          47.106,
          39.5768
        ]
      },
      "properties": {
        "name": "Otel Noktasi 18",
        "category": "Otel",
        "source_file": "01_oteller"
      }
    },
    {
      "type": "Feature",
      "geometry": {
        "type": "Point",
        "coordinates": [
          47.1022,
          39.5664
        ]
      },
      "properties": {
        "name": "Otel Noktasi 19",
        "category": "Otel",
        "source_file": "01_oteller"
      }
    },
    {
      "type": "Feature",
      "geometry": {
        "type": "Point",
        "coordinates": [
          47.1051,
          39.5584
        ]
      },
      "properties": {
        "name": "Otel Noktasi 20",
        "category": "Otel",
        "source_file": "01_oteller"
      }
    },
    {
      "type": "Feature",
      "geometry": {
        "type": "Point",
        "coordinates": [
          47.1043,
          39.5548
        ]
      },
      "properties": {
        "name": "Otel Noktasi 21",
        "category": "Otel",
        "source_file": "01_oteller"
      }
    },
    {
      "type": "Feature",
      "geometry": {
        "type": "Point",
        "coordinates": [
          47.0905,
          39.5481
        ]
      },
      "properties": {
        "name": "Otel Noktasi 22",
        "category": "Otel",
        "source_file": "01_oteller"
      }
    },
    {
      "type": "Feature",
      "geometry": {
        "type": "Point",
        "coordinates": [
          47.0853,
          39.5412
        ]
      },
      "properties": {
        "name": "Otel Noktasi 23",
        "category": "Otel",
        "source_file": "01_oteller"
      }
    },
    {
      "type": "Feature",
      "geometry": {
        "type": "Point",
        "coordinates": [
          47.091,
          39.5281
        ]
      },
      "properties": {
        "name": "Otel Noktasi 24",
        "category": "Otel",
        "source_file": "01_oteller"
      }
    },
    {
      "type": "Feature",
      "geometry": {
        "type": "Point",
        "coordinates": [
          47.0929,
          39.5092
        ]
      },
      "properties": {
        "name": "Otel Noktasi 25",
        "category": "Otel",
        "source_file": "01_oteller"
      }
    },
    {
      "type": "Feature",
      "geometry": {
        "type": "Point",
        "coordinates": [
          47.0974,
          39.4968
        ]
      },
      "properties": {
        "name": "Otel Noktasi 26",
        "category": "Otel",
        "source_file": "01_oteller"
      }
    },
    {
      "type": "Feature",
      "geometry": {
        "type": "Point",
        "coordinates": [
          47.0916,
          39.4937
        ]
      },
      "properties": {
        "name": "Otel Noktasi 27",
        "category": "Otel",
        "source_file": "01_oteller"
      }
    },
    {
      "type": "Feature",
      "geometry": {
        "type": "Point",
        "coordinates": [
          47.0669,
          39.4931
        ]
      },
      "properties": {
        "name": "Otel Noktasi 28",
        "category": "Otel",
        "source_file": "01_oteller"
      }
    },
    {
      "type": "Feature",
      "geometry": {
        "type": "Point",
        "coordinates": [
          47.0619,
          39.4913
        ]
      },
      "properties": {
        "name": "Otel Noktasi 29",
        "category": "Otel",
        "source_file": "01_oteller"
      }
    },
    {
      "type": "Feature",
      "geometry": {
        "type": "Point",
        "coordinates": [
          47.0608,
          39.4883
        ]
      },
      "properties": {
        "name": "Otel Noktasi 30",
        "category": "Otel",
        "source_file": "01_oteller"
      }
    },
    {
      "type": "Feature",
      "geometry": {
        "type": "Point",
        "coordinates": [
          47.064,
          39.4804
        ]
      },
      "properties": {
        "name": "Otel Noktasi 31",
        "category": "Otel",
        "source_file": "01_oteller"
      }
    },
    {
      "type": "Feature",
      "geometry": {
        "type": "Point",
        "coordinates": [
          47.0635,
          39.4744
        ]
      },
      "properties": {
        "name": "Otel Noktasi 32",
        "category": "Otel",
        "source_file": "01_oteller"
      }
    },
    {
      "type": "Feature",
      "geometry": {
        "type": "Point",
        "coordinates": [
          47.0534,
          39.466
        ]
      },
      "properties": {
        "name": "Otel Noktasi 33",
        "category": "Otel",
        "source_file": "01_oteller"
      }
    },
    {
      "type": "Feature",
      "geometry": {
        "type": "Point",
        "coordinates": [
          47.0977,
          39.4448
        ]
      },
      "properties": {
        "name": "Otel Noktasi 34",
        "category": "Otel",
        "source_file": "01_oteller"
      }
    },
    {
      "type": "Feature",
      "geometry": {
        "type": "Point",
        "coordinates": [
          47.1156,
          39.4404
        ]
      },
      "properties": {
        "name": "Otel Noktasi 35",
        "category": "Otel",
        "source_file": "01_oteller"
      }
    },
    {
      "type": "Feature",
      "geometry": {
        "type": "Point",
        "coordinates": [
          47.1269,
          39.4343
        ]
      },
      "properties": {
        "name": "Otel Noktasi 36",
        "category": "Otel",
        "source_file": "01_oteller"
      }
    },
    {
      "type": "Feature",
      "geometry": {
        "type": "Point",
        "coordinates": [
          47.1326,
          39.4285
        ]
      },
      "properties": {
        "name": "Otel Noktasi 37",
        "category": "Otel",
        "source_file": "01_oteller"
      }
    },
    {
      "type": "Feature",
      "geometry": {
        "type": "Point",
        "coordinates": [
          47.1491,
          39.4024
        ]
      },
      "properties": {
        "name": "Otel Noktasi 38",
        "category": "Otel",
        "source_file": "01_oteller"
      }
    },
    {
      "type": "Feature",
      "geometry": {
        "type": "Point",
        "coordinates": [
          47.1529,
          39.3914
        ]
      },
      "properties": {
        "name": "Otel Noktasi 39",
        "category": "Otel",
        "source_file": "01_oteller"
      }
    },
    {
      "type": "Feature",
      "geometry": {
        "type": "Point",
        "coordinates": [
          47.1583,
          39.3864
        ]
      },
      "properties": {
        "name": "Otel Noktasi 40",
        "category": "Otel",
        "source_file": "01_oteller"
      }
    },
    {
      "type": "Feature",
      "geometry": {
        "type": "Point",
        "coordinates": [
          47.1669,
          39.3851
        ]
      },
      "properties": {
        "name": "Otel Noktasi 41",
        "category": "Otel",
        "source_file": "01_oteller"
      }
    },
    {
      "type": "Feature",
      "geometry": {
        "type": "Point",
        "coordinates": [
          47.1806,
          39.3891
        ]
      },
      "properties": {
        "name": "Otel Noktasi 42",
        "category": "Otel",
        "source_file": "01_oteller"
      }
    },
    {
      "type": "Feature",
      "geometry": {
        "type": "Point",
        "coordinates": [
          47.1969,
          39.3902
        ]
      },
      "properties": {
        "name": "Otel Noktasi 43",
        "category": "Otel",
        "source_file": "01_oteller"
      }
    },
    {
      "type": "Feature",
      "geometry": {
        "type": "Point",
        "coordinates": [
          47.2105,
          39.3943
        ]
      },
      "properties": {
        "name": "Otel Noktasi 44",
        "category": "Otel",
        "source_file": "01_oteller"
      }
    },
    {
      "type": "Feature",
      "geometry": {
        "type": "Point",
        "coordinates": [
          47.2168,
          39.394
        ]
      },
      "properties": {
        "name": "Otel Noktasi 45",
        "category": "Otel",
        "source_file": "01_oteller"
      }
    },
    {
      "type": "Feature",
      "geometry": {
        "type": "Point",
        "coordinates": [
          47.2513,
          39.3766
        ]
      },
      "properties": {
        "name": "Otel Noktasi 46",
        "category": "Otel",
        "source_file": "01_oteller"
      }
    },
    {
      "type": "Feature",
      "geometry": {
        "type": "Point",
        "coordinates": [
          47.2657,
          39.3647
        ]
      },
      "properties": {
        "name": "Otel Noktasi 47",
        "category": "Otel",
        "source_file": "01_oteller"
      }
    },
    {
      "type": "Feature",
      "geometry": {
        "type": "Point",
        "coordinates": [
          47.2735,
          39.3536
        ]
      },
      "properties": {
        "name": "Otel Noktasi 48",
        "category": "Otel",
        "source_file": "01_oteller"
      }
    },
    {
      "type": "Feature",
      "geometry": {
        "type": "Point",
        "coordinates": [
          47.3106,
          39.3719
        ]
      },
      "properties": {
        "name": "Otel Noktasi 49",
        "category": "Otel",
        "source_file": "01_oteller"
      }
    },
    {
      "type": "Feature",
      "geometry": {
        "type": "Point",
        "coordinates": [
          47.3253,
          39.3836
        ]
      },
      "properties": {
        "name": "Otel Noktasi 50",
        "category": "Otel",
        "source_file": "01_oteller"
      }
    },
    {
      "type": "Feature",
      "geometry": {
        "type": "Point",
        "coordinates": [
          47.3379,
          39.4039
        ]
      },
      "properties": {
        "name": "Otel Noktasi 51",
        "category": "Otel",
        "source_file": "01_oteller"
      }
    },
    {
      "type": "Feature",
      "geometry": {
        "type": "Point",
        "coordinates": [
          47.3734,
          39.4406
        ]
      },
      "properties": {
        "name": "Otel Noktasi 52",
        "category": "Otel",
        "source_file": "01_oteller"
      }
    },
    {
      "type": "Feature",
      "geometry": {
        "type": "Point",
        "coordinates": [
          47.3849,
          39.4576
        ]
      },
      "properties": {
        "name": "Otel Noktasi 53",
        "category": "Otel",
        "source_file": "01_oteller"
      }
    },
    {
      "type": "Feature",
      "geometry": {
        "type": "Point",
        "coordinates": [
          47.4044,
          39.4628
        ]
      },
      "properties": {
        "name": "Otel Noktasi 54",
        "category": "Otel",
        "source_file": "01_oteller"
      }
    },
    {
      "type": "Feature",
      "geometry": {
        "type": "Point",
        "coordinates": [
          47.4255,
          39.4638
        ]
      },
      "properties": {
        "name": "Otel Noktasi 55",
        "category": "Otel",
        "source_file": "01_oteller"
      }
    },
    {
      "type": "Feature",
      "geometry": {
        "type": "Point",
        "coordinates": [
          47.4781,
          39.4814
        ]
      },
      "properties": {
        "name": "Otel Noktasi 56",
        "category": "Otel",
        "source_file": "01_oteller"
      }
    },
    {
      "type": "Feature",
      "geometry": {
        "type": "Point",
        "coordinates": [
          47.5059,
          39.4881
        ]
      },
      "properties": {
        "name": "Otel Noktasi 57",
        "category": "Otel",
        "source_file": "01_oteller"
      }
    },
    {
      "type": "Feature",
      "geometry": {
        "type": "Point",
        "coordinates": [
          47.5419,
          39.4996
        ]
      },
      "properties": {
        "name": "Otel Noktasi 58",
        "category": "Otel",
        "source_file": "01_oteller"
      }
    },
    {
      "type": "Feature",
      "geometry": {
        "type": "Point",
        "coordinates": [
          47.5679,
          39.5128
        ]
      },
      "properties": {
        "name": "Otel Noktasi 59",
        "category": "Otel",
        "source_file": "01_oteller"
      }
    },
    {
      "type": "Feature",
      "geometry": {
        "type": "Point",
        "coordinates": [
          47.599,
          39.5338
        ]
      },
      "properties": {
        "name": "Otel Noktasi 60",
        "category": "Otel",
        "source_file": "01_oteller"
      }
    },
    {
      "type": "Feature",
      "geometry": {
        "type": "Point",
        "coordinates": [
          47.625,
          39.5477
        ]
      },
      "properties": {
        "name": "Otel Noktasi 61",
        "category": "Otel",
        "source_file": "01_oteller"
      }
    },
    {
      "type": "Feature",
      "geometry": {
        "type": "Point",
        "coordinates": [
          47.6387,
          39.5675
        ]
      },
      "properties": {
        "name": "Otel Noktasi 62",
        "category": "Otel",
        "source_file": "01_oteller"
      }
    },
    {
      "type": "Feature",
      "geometry": {
        "type": "Point",
        "coordinates": [
          47.6405,
          39.5765
        ]
      },
      "properties": {
        "name": "Otel Noktasi 63",
        "category": "Otel",
        "source_file": "01_oteller"
      }
    },
    {
      "type": "Feature",
      "geometry": {
        "type": "Point",
        "coordinates": [
          47.6389,
          39.5984
        ]
      },
      "properties": {
        "name": "Otel Noktasi 64",
        "category": "Otel",
        "source_file": "01_oteller"
      }
    },
    {
      "type": "Feature",
      "geometry": {
        "type": "Point",
        "coordinates": [
          47.6274,
          39.6149
        ]
      },
      "properties": {
        "name": "Otel Noktasi 65",
        "category": "Otel",
        "source_file": "01_oteller"
      }
    },
    {
      "type": "Feature",
      "geometry": {
        "type": "Point",
        "coordinates": [
          47.6174,
          39.6223
        ]
      },
      "properties": {
        "name": "Otel Noktasi 66",
        "category": "Otel",
        "source_file": "01_oteller"
      }
    },
    {
      "type": "Feature",
      "geometry": {
        "type": "Point",
        "coordinates": [
          47.579,
          39.6405
        ]
      },
      "properties": {
        "name": "Otel Noktasi 67",
        "category": "Otel",
        "source_file": "01_oteller"
      }
    },
    {
      "type": "Feature",
      "geometry": {
        "type": "Point",
        "coordinates": [
          47.558,
          39.6559
        ]
      },
      "properties": {
        "name": "Otel Noktasi 68",
        "category": "Otel",
        "source_file": "01_oteller"
      }
    },
    {
      "type": "Feature",
      "geometry": {
        "type": "Point",
        "coordinates": [
          47.5509,
          39.6622
        ]
      },
      "properties": {
        "name": "Otel Noktasi 69",
        "category": "Otel",
        "source_file": "01_oteller"
      }
    },
    {
      "type": "Feature",
      "geometry": {
        "type": "Point",
        "coordinates": [
          47.544,
          39.6724
        ]
      },
      "properties": {
        "name": "Otel Noktasi 70",
        "category": "Otel",
        "source_file": "01_oteller"
      }
    },
    {
      "type": "Feature",
      "geometry": {
        "type": "Point",
        "coordinates": [
          47.5343,
          39.6815
        ]
      },
      "properties": {
        "name": "Otel Noktasi 71",
        "category": "Otel",
        "source_file": "01_oteller"
      }
    },
    {
      "type": "Feature",
      "geometry": {
        "type": "Point",
        "coordinates": [
          47.5268,
          39.6934
        ]
      },
      "properties": {
        "name": "Otel Noktasi 72",
        "category": "Otel",
        "source_file": "01_oteller"
      }
    },
    {
      "type": "Feature",
      "geometry": {
        "type": "Point",
        "coordinates": [
          47.5196,
          39.7004
        ]
      },
      "properties": {
        "name": "Otel Noktasi 73",
        "category": "Otel",
        "source_file": "01_oteller"
      }
    },
    {
      "type": "Feature",
      "geometry": {
        "type": "Point",
        "coordinates": [
          47.5136,
          39.7024
        ]
      },
      "properties": {
        "name": "Otel Noktasi 74",
        "category": "Otel",
        "source_file": "01_oteller"
      }
    },
    {
      "type": "Feature",
      "geometry": {
        "type": "Point",
        "coordinates": [
          47.4887,
          39.7037
        ]
      },
      "properties": {
        "name": "Otel Noktasi 75",
        "category": "Otel",
        "source_file": "01_oteller"
      }
    },
    {
      "type": "Feature",
      "geometry": {
        "type": "Point",
        "coordinates": [
          47.4806,
          39.707
        ]
      },
      "properties": {
        "name": "Otel Noktasi 76",
        "category": "Otel",
        "source_file": "01_oteller"
      }
    },
    {
      "type": "Feature",
      "geometry": {
        "type": "Point",
        "coordinates": [
          47.4727,
          39.7167
        ]
      },
      "properties": {
        "name": "Otel Noktasi 77",
        "category": "Otel",
        "source_file": "01_oteller"
      }
    },
    {
      "type": "Feature",
      "geometry": {
        "type": "Point",
        "coordinates": [
          47.4659,
          39.7383
        ]
      },
      "properties": {
        "name": "Otel Noktasi 78",
        "category": "Otel",
        "source_file": "01_oteller"
      }
    },
    {
      "type": "Feature",
      "geometry": {
        "type": "Point",
        "coordinates": [
          47.4337,
          39.7354
        ]
      },
      "properties": {
        "name": "Otel Noktasi 79",
        "category": "Otel",
        "source_file": "01_oteller"
      }
    },
    {
      "type": "Feature",
      "geometry": {
        "type": "Point",
        "coordinates": [
          47.4166,
          39.7306
        ]
      },
      "properties": {
        "name": "Otel Noktasi 80",
        "category": "Otel",
        "source_file": "01_oteller"
      }
    },
    {
      "type": "Feature",
      "geometry": {
        "type": "Point",
        "coordinates": [
          47.3919,
          39.7294
        ]
      },
      "properties": {
        "name": "Otel Noktasi 81",
        "category": "Otel",
        "source_file": "01_oteller"
      }
    },
    {
      "type": "Feature",
      "geometry": {
        "type": "Point",
        "coordinates": [
          47.3837,
          39.7267
        ]
      },
      "properties": {
        "name": "Otel Noktasi 82",
        "category": "Otel",
        "source_file": "01_oteller"
      }
    },
    {
      "type": "Feature",
      "geometry": {
        "type": "Point",
        "coordinates": [
          47.3657,
          39.7154
        ]
      },
      "properties": {
        "name": "Otel Noktasi 83",
        "category": "Otel",
        "source_file": "01_oteller"
      }
    },
    {
      "type": "Feature",
      "geometry": {
        "type": "Point",
        "coordinates": [
          47.3574,
          39.7126
        ]
      },
      "properties": {
        "name": "Otel Noktasi 84",
        "category": "Otel",
        "source_file": "01_oteller"
      }
    },
    {
      "type": "Feature",
      "geometry": {
        "type": "Point",
        "coordinates": [
          47.3115,
          39.708
        ]
      },
      "properties": {
        "name": "Otel Noktasi 85",
        "category": "Otel",
        "source_file": "01_oteller"
      }
    },
    {
      "type": "Feature",
      "geometry": {
        "type": "Point",
        "coordinates": [
          46.8108,
          39.8037
        ]
      },
      "properties": {
        "name": "Otel Noktasi 86",
        "category": "Otel",
        "source_file": "01_oteller"
      }
    },
    {
      "type": "Feature",
      "geometry": {
        "type": "Point",
        "coordinates": [
          46.8168,
          39.8423
        ]
      },
      "properties": {
        "name": "Otel Noktasi 87",
        "category": "Otel",
        "source_file": "01_oteller"
      }
    },
    {
      "type": "Feature",
      "geometry": {
        "type": "Point",
        "coordinates": [
          46.7982,
          39.8568
        ]
      },
      "properties": {
        "name": "Otel Noktasi 88",
        "category": "Otel",
        "source_file": "01_oteller"
      }
    },
    {
      "type": "Feature",
      "geometry": {
        "type": "Point",
        "coordinates": [
          46.7513,
          39.8483
        ]
      },
      "properties": {
        "name": "Otel Noktasi 89",
        "category": "Otel",
        "source_file": "01_oteller"
      }
    },
    {
      "type": "Feature",
      "geometry": {
        "type": "Point",
        "coordinates": [
          46.7335,
          39.8126
        ]
      },
      "properties": {
        "name": "Otel Noktasi 90",
        "category": "Otel",
        "source_file": "01_oteller"
      }
    },
    {
      "type": "Feature",
      "geometry": {
        "type": "Point",
        "coordinates": [
          46.7692,
          39.7888
        ]
      },
      "properties": {
        "name": "Otel Noktasi 91",
        "category": "Otel",
        "source_file": "01_oteller"
      }
    },
    {
      "type": "Feature",
      "geometry": {
        "type": "Point",
        "coordinates": [
          46.8108,
          39.8037
        ]
      },
      "properties": {
        "name": "Otel Noktasi 92",
        "category": "Otel",
        "source_file": "01_oteller"
      }
    },
    {
      "type": "Feature",
      "geometry": {
        "type": "Point",
        "coordinates": [
          46.777,
          39.6908
        ]
      },
      "properties": {
        "name": "Otel Noktasi 93",
        "category": "Otel",
        "source_file": "01_oteller"
      }
    },
    {
      "type": "Feature",
      "geometry": {
        "type": "Point",
        "coordinates": [
          46.7449,
          39.7151
        ]
      },
      "properties": {
        "name": "Otel Noktasi 94",
        "category": "Otel",
        "source_file": "01_oteller"
      }
    },
    {
      "type": "Feature",
      "geometry": {
        "type": "Point",
        "coordinates": [
          46.7311,
          39.7354
        ]
      },
      "properties": {
        "name": "Otel Noktasi 95",
        "category": "Otel",
        "source_file": "01_oteller"
      }
    },
    {
      "type": "Feature",
      "geometry": {
        "type": "Point",
        "coordinates": [
          46.7282,
          39.7442
        ]
      },
      "properties": {
        "name": "Otel Noktasi 96",
        "category": "Otel",
        "source_file": "01_oteller"
      }
    },
    {
      "type": "Feature",
      "geometry": {
        "type": "Point",
        "coordinates": [
          46.7239,
          39.75
        ]
      },
      "properties": {
        "name": "Otel Noktasi 97",
        "category": "Otel",
        "source_file": "01_oteller"
      }
    },
    {
      "type": "Feature",
      "geometry": {
        "type": "Point",
        "coordinates": [
          46.7035,
          39.7599
        ]
      },
      "properties": {
        "name": "Otel Noktasi 98",
        "category": "Otel",
        "source_file": "01_oteller"
      }
    },
    {
      "type": "Feature",
      "geometry": {
        "type": "Point",
        "coordinates": [
          46.6918,
          39.7085
        ]
      },
      "properties": {
        "name": "Otel Noktasi 99",
        "category": "Otel",
        "source_file": "01_oteller"
      }
    },
    {
      "type": "Feature",
      "geometry": {
        "type": "Point",
        "coordinates": [
          46.7067,
          39.6877
        ]
      },
      "properties": {
        "name": "Otel Noktasi 100",
        "category": "Otel",
        "source_file": "01_oteller"
      }
    },
    {
      "type": "Feature",
      "geometry": {
        "type": "Point",
        "coordinates": [
          46.777,
          39.6908
        ]
      },
      "properties": {
        "name": "Otel Noktasi 101",
        "category": "Otel",
        "source_file": "01_oteller"
      }
    },
    {
      "type": "Feature",
      "geometry": {
        "type": "Point",
        "coordinates": [
          46.7356,
          39.5888
        ]
      },
      "properties": {
        "name": "Otel Noktasi 102",
        "category": "Otel",
        "source_file": "01_oteller"
      }
    },
    {
      "type": "Feature",
      "geometry": {
        "type": "Point",
        "coordinates": [
          46.7492,
          39.6079
        ]
      },
      "properties": {
        "name": "Otel Noktasi 103",
        "category": "Otel",
        "source_file": "01_oteller"
      }
    },
    {
      "type": "Feature",
      "geometry": {
        "type": "Point",
        "coordinates": [
          46.7769,
          39.6379
        ]
      },
      "properties": {
        "name": "Otel Noktasi 104",
        "category": "Otel",
        "source_file": "01_oteller"
      }
    },
    {
      "type": "Feature",
      "geometry": {
        "type": "Point",
        "coordinates": [
          46.7894,
          39.6555
        ]
      },
      "properties": {
        "name": "Otel Noktasi 105",
        "category": "Otel",
        "source_file": "01_oteller"
      }
    },
    {
      "type": "Feature",
      "geometry": {
        "type": "Point",
        "coordinates": [
          46.7817,
          39.6685
        ]
      },
      "properties": {
        "name": "Otel Noktasi 106",
        "category": "Otel",
        "source_file": "01_oteller"
      }
    },
    {
      "type": "Feature",
      "geometry": {
        "type": "Point",
        "coordinates": [
          46.7794,
          39.6858
        ]
      },
      "properties": {
        "name": "Otel Noktasi 107",
        "category": "Otel",
        "source_file": "01_oteller"
      }
    },
    {
      "type": "Feature",
      "geometry": {
        "type": "Point",
        "coordinates": [
          46.777,
          39.6908
        ]
      },
      "properties": {
        "name": "Otel Noktasi 108",
        "category": "Otel",
        "source_file": "01_oteller"
      }
    },
    {
      "type": "Feature",
      "geometry": {
        "type": "Point",
        "coordinates": [
          46.7067,
          39.6877
        ]
      },
      "properties": {
        "name": "Otel Noktasi 109",
        "category": "Otel",
        "source_file": "01_oteller"
      }
    },
    {
      "type": "Feature",
      "geometry": {
        "type": "Point",
        "coordinates": [
          46.6918,
          39.7085
        ]
      },
      "properties": {
        "name": "Otel Noktasi 110",
        "category": "Otel",
        "source_file": "01_oteller"
      }
    },
    {
      "type": "Feature",
      "geometry": {
        "type": "Point",
        "coordinates": [
          46.7035,
          39.7599
        ]
      },
      "properties": {
        "name": "Otel Noktasi 111",
        "category": "Otel",
        "source_file": "01_oteller"
      }
    },
    {
      "type": "Feature",
      "geometry": {
        "type": "Point",
        "coordinates": [
          46.6742,
          39.7732
        ]
      },
      "properties": {
        "name": "Otel Noktasi 112",
        "category": "Otel",
        "source_file": "01_oteller"
      }
    },
    {
      "type": "Feature",
      "geometry": {
        "type": "Point",
        "coordinates": [
          46.6489,
          39.7804
        ]
      },
      "properties": {
        "name": "Otel Noktasi 113",
        "category": "Otel",
        "source_file": "01_oteller"
      }
    },
    {
      "type": "Feature",
      "geometry": {
        "type": "Point",
        "coordinates": [
          46.6367,
          39.7808
        ]
      },
      "properties": {
        "name": "Otel Noktasi 114",
        "category": "Otel",
        "source_file": "01_oteller"
      }
    },
    {
      "type": "Feature",
      "geometry": {
        "type": "Point",
        "coordinates": [
          46.627,
          39.7787
        ]
      },
      "properties": {
        "name": "Otel Noktasi 115",
        "category": "Otel",
        "source_file": "01_oteller"
      }
    },
    {
      "type": "Feature",
      "geometry": {
        "type": "Point",
        "coordinates": [
          46.5936,
          39.7638
        ]
      },
      "properties": {
        "name": "Otel Noktasi 116",
        "category": "Otel",
        "source_file": "01_oteller"
      }
    },
    {
      "type": "Feature",
      "geometry": {
        "type": "Point",
        "coordinates": [
          46.5641,
          39.7618
        ]
      },
      "properties": {
        "name": "Otel Noktasi 117",
        "category": "Otel",
        "source_file": "01_oteller"
      }
    },
    {
      "type": "Feature",
      "geometry": {
        "type": "Point",
        "coordinates": [
          46.5404,
          39.7577
        ]
      },
      "properties": {
        "name": "Otel Noktasi 118",
        "category": "Otel",
        "source_file": "01_oteller"
      }
    },
    {
      "type": "Feature",
      "geometry": {
        "type": "Point",
        "coordinates": [
          46.5441,
          39.7421
        ]
      },
      "properties": {
        "name": "Otel Noktasi 119",
        "category": "Otel",
        "source_file": "01_oteller"
      }
    },
    {
      "type": "Feature",
      "geometry": {
        "type": "Point",
        "coordinates": [
          46.5514,
          39.7281
        ]
      },
      "properties": {
        "name": "Otel Noktasi 120",
        "category": "Otel",
        "source_file": "01_oteller"
      }
    },
    {
      "type": "Feature",
      "geometry": {
        "type": "Point",
        "coordinates": [
          46.5531,
          39.7029
        ]
      },
      "properties": {
        "name": "Otel Noktasi 121",
        "category": "Otel",
        "source_file": "01_oteller"
      }
    },
    {
      "type": "Feature",
      "geometry": {
        "type": "Point",
        "coordinates": [
          46.5572,
          39.693
        ]
      },
      "properties": {
        "name": "Otel Noktasi 122",
        "category": "Otel",
        "source_file": "01_oteller"
      }
    },
    {
      "type": "Feature",
      "geometry": {
        "type": "Point",
        "coordinates": [
          46.5507,
          39.681
        ]
      },
      "properties": {
        "name": "Otel Noktasi 123",
        "category": "Otel",
        "source_file": "01_oteller"
      }
    },
    {
      "type": "Feature",
      "geometry": {
        "type": "Point",
        "coordinates": [
          46.5367,
          39.6675
        ]
      },
      "properties": {
        "name": "Otel Noktasi 124",
        "category": "Otel",
        "source_file": "01_oteller"
      }
    },
    {
      "type": "Feature",
      "geometry": {
        "type": "Point",
        "coordinates": [
          46.5273,
          39.652
        ]
      },
      "properties": {
        "name": "Otel Noktasi 125",
        "category": "Otel",
        "source_file": "01_oteller"
      }
    },
    {
      "type": "Feature",
      "geometry": {
        "type": "Point",
        "coordinates": [
          46.5265,
          39.6234
        ]
      },
      "properties": {
        "name": "Otel Noktasi 126",
        "category": "Otel",
        "source_file": "01_oteller"
      }
    },
    {
      "type": "Feature",
      "geometry": {
        "type": "Point",
        "coordinates": [
          46.5272,
          39.6172
        ]
      },
      "properties": {
        "name": "Otel Noktasi 127",
        "category": "Otel",
        "source_file": "01_oteller"
      }
    },
    {
      "type": "Feature",
      "geometry": {
        "type": "Point",
        "coordinates": [
          46.5298,
          39.6126
        ]
      },
      "properties": {
        "name": "Otel Noktasi 128",
        "category": "Otel",
        "source_file": "01_oteller"
      }
    },
    {
      "type": "Feature",
      "geometry": {
        "type": "Point",
        "coordinates": [
          46.541,
          39.6069
        ]
      },
      "properties": {
        "name": "Otel Noktasi 129",
        "category": "Otel",
        "source_file": "01_oteller"
      }
    },
    {
      "type": "Feature",
      "geometry": {
        "type": "Point",
        "coordinates": [
          46.5565,
          39.6096
        ]
      },
      "properties": {
        "name": "Otel Noktasi 130",
        "category": "Otel",
        "source_file": "01_oteller"
      }
    },
    {
      "type": "Feature",
      "geometry": {
        "type": "Point",
        "coordinates": [
          46.57,
          39.6076
        ]
      },
      "properties": {
        "name": "Otel Noktasi 131",
        "category": "Otel",
        "source_file": "01_oteller"
      }
    },
    {
      "type": "Feature",
      "geometry": {
        "type": "Point",
        "coordinates": [
          46.5811,
          39.6003
        ]
      },
      "properties": {
        "name": "Otel Noktasi 132",
        "category": "Otel",
        "source_file": "01_oteller"
      }
    },
    {
      "type": "Feature",
      "geometry": {
        "type": "Point",
        "coordinates": [
          46.5935,
          39.5867
        ]
      },
      "properties": {
        "name": "Otel Noktasi 133",
        "category": "Otel",
        "source_file": "01_oteller"
      }
    },
    {
      "type": "Feature",
      "geometry": {
        "type": "Point",
        "coordinates": [
          46.6085,
          39.5799
        ]
      },
      "properties": {
        "name": "Otel Noktasi 134",
        "category": "Otel",
        "source_file": "01_oteller"
      }
    },
    {
      "type": "Feature",
      "geometry": {
        "type": "Point",
        "coordinates": [
          46.6153,
          39.5786
        ]
      },
      "properties": {
        "name": "Otel Noktasi 135",
        "category": "Otel",
        "source_file": "01_oteller"
      }
    },
    {
      "type": "Feature",
      "geometry": {
        "type": "Point",
        "coordinates": [
          46.6204,
          39.58
        ]
      },
      "properties": {
        "name": "Otel Noktasi 136",
        "category": "Otel",
        "source_file": "01_oteller"
      }
    },
    {
      "type": "Feature",
      "geometry": {
        "type": "Point",
        "coordinates": [
          46.6262,
          39.5846
        ]
      },
      "properties": {
        "name": "Otel Noktasi 137",
        "category": "Otel",
        "source_file": "01_oteller"
      }
    },
    {
      "type": "Feature",
      "geometry": {
        "type": "Point",
        "coordinates": [
          46.6347,
          39.5967
        ]
      },
      "properties": {
        "name": "Otel Noktasi 138",
        "category": "Otel",
        "source_file": "01_oteller"
      }
    },
    {
      "type": "Feature",
      "geometry": {
        "type": "Point",
        "coordinates": [
          46.6381,
          39.6084
        ]
      },
      "properties": {
        "name": "Otel Noktasi 139",
        "category": "Otel",
        "source_file": "01_oteller"
      }
    },
    {
      "type": "Feature",
      "geometry": {
        "type": "Point",
        "coordinates": [
          46.646,
          39.6213
        ]
      },
      "properties": {
        "name": "Otel Noktasi 140",
        "category": "Otel",
        "source_file": "01_oteller"
      }
    },
    {
      "type": "Feature",
      "geometry": {
        "type": "Point",
        "coordinates": [
          46.656,
          39.6318
        ]
      },
      "properties": {
        "name": "Otel Noktasi 141",
        "category": "Otel",
        "source_file": "01_oteller"
      }
    },
    {
      "type": "Feature",
      "geometry": {
        "type": "Point",
        "coordinates": [
          46.6831,
          39.6397
        ]
      },
      "properties": {
        "name": "Otel Noktasi 142",
        "category": "Otel",
        "source_file": "01_oteller"
      }
    },
    {
      "type": "Feature",
      "geometry": {
        "type": "Point",
        "coordinates": [
          46.7125,
          39.6395
        ]
      },
      "properties": {
        "name": "Otel Noktasi 143",
        "category": "Otel",
        "source_file": "01_oteller"
      }
    },
    {
      "type": "Feature",
      "geometry": {
        "type": "Point",
        "coordinates": [
          46.7218,
          39.6369
        ]
      },
      "properties": {
        "name": "Otel Noktasi 144",
        "category": "Otel",
        "source_file": "01_oteller"
      }
    },
    {
      "type": "Feature",
      "geometry": {
        "type": "Point",
        "coordinates": [
          46.7283,
          39.6297
        ]
      },
      "properties": {
        "name": "Otel Noktasi 145",
        "category": "Otel",
        "source_file": "01_oteller"
      }
    },
    {
      "type": "Feature",
      "geometry": {
        "type": "Point",
        "coordinates": [
          46.7305,
          39.6094
        ]
      },
      "properties": {
        "name": "Otel Noktasi 146",
        "category": "Otel",
        "source_file": "01_oteller"
      }
    },
    {
      "type": "Feature",
      "geometry": {
        "type": "Point",
        "coordinates": [
          46.7356,
          39.5888
        ]
      },
      "properties": {
        "name": "Otel Noktasi 147",
        "category": "Otel",
        "source_file": "01_oteller"
      }
    },
    {
      "type": "Feature",
      "geometry": {
        "type": "Point",
        "coordinates": [
          46.9693,
          40.4157
        ]
      },
      "properties": {
        "name": "Otel Noktasi 148",
        "category": "Otel",
        "source_file": "01_oteller"
      }
    },
    {
      "type": "Feature",
      "geometry": {
        "type": "Point",
        "coordinates": [
          46.9422,
          40.4387
        ]
      },
      "properties": {
        "name": "Otel Noktasi 149",
        "category": "Otel",
        "source_file": "01_oteller"
      }
    },
    {
      "type": "Feature",
      "geometry": {
        "type": "Point",
        "coordinates": [
          46.9329,
          40.4541
        ]
      },
      "properties": {
        "name": "Otel Noktasi 150",
        "category": "Otel",
        "source_file": "01_oteller"
      }
    },
    {
      "type": "Feature",
      "geometry": {
        "type": "Point",
        "coordinates": [
          46.9307,
          40.4722
        ]
      },
      "properties": {
        "name": "Otel Noktasi 151",
        "category": "Otel",
        "source_file": "01_oteller"
      }
    },
    {
      "type": "Feature",
      "geometry": {
        "type": "Point",
        "coordinates": [
          46.924,
          40.48
        ]
      },
      "properties": {
        "name": "Otel Noktasi 152",
        "category": "Otel",
        "source_file": "01_oteller"
      }
    },
    {
      "type": "Feature",
      "geometry": {
        "type": "Point",
        "coordinates": [
          46.9115,
          40.4745
        ]
      },
      "properties": {
        "name": "Otel Noktasi 153",
        "category": "Otel",
        "source_file": "01_oteller"
      }
    },
    {
      "type": "Feature",
      "geometry": {
        "type": "Point",
        "coordinates": [
          46.8986,
          40.4644
        ]
      },
      "properties": {
        "name": "Otel Noktasi 154",
        "category": "Otel",
        "source_file": "01_oteller"
      }
    },
    {
      "type": "Feature",
      "geometry": {
        "type": "Point",
        "coordinates": [
          46.8843,
          40.4486
        ]
      },
      "properties": {
        "name": "Otel Noktasi 155",
        "category": "Otel",
        "source_file": "01_oteller"
      }
    },
    {
      "type": "Feature",
      "geometry": {
        "type": "Point",
        "coordinates": [
          46.8706,
          40.443
        ]
      },
      "properties": {
        "name": "Otel Noktasi 156",
        "category": "Otel",
        "source_file": "01_oteller"
      }
    },
    {
      "type": "Feature",
      "geometry": {
        "type": "Point",
        "coordinates": [
          46.8509,
          40.43
        ]
      },
      "properties": {
        "name": "Otel Noktasi 157",
        "category": "Otel",
        "source_file": "01_oteller"
      }
    },
    {
      "type": "Feature",
      "geometry": {
        "type": "Point",
        "coordinates": [
          46.8369,
          40.4244
        ]
      },
      "properties": {
        "name": "Otel Noktasi 158",
        "category": "Otel",
        "source_file": "01_oteller"
      }
    },
    {
      "type": "Feature",
      "geometry": {
        "type": "Point",
        "coordinates": [
          46.8173,
          40.4119
        ]
      },
      "properties": {
        "name": "Otel Noktasi 159",
        "category": "Otel",
        "source_file": "01_oteller"
      }
    },
    {
      "type": "Feature",
      "geometry": {
        "type": "Point",
        "coordinates": [
          46.8673,
          40.342
        ]
      },
      "properties": {
        "name": "Otel Noktasi 160",
        "category": "Otel",
        "source_file": "01_oteller"
      }
    },
    {
      "type": "Feature",
      "geometry": {
        "type": "Point",
        "coordinates": [
          46.903,
          40.3569
        ]
      },
      "properties": {
        "name": "Otel Noktasi 161",
        "category": "Otel",
        "source_file": "01_oteller"
      }
    },
    {
      "type": "Feature",
      "geometry": {
        "type": "Point",
        "coordinates": [
          46.9149,
          40.351
        ]
      },
      "properties": {
        "name": "Otel Noktasi 162",
        "category": "Otel",
        "source_file": "01_oteller"
      }
    },
    {
      "type": "Feature",
      "geometry": {
        "type": "Point",
        "coordinates": [
          46.9179,
          40.3093
        ]
      },
      "properties": {
        "name": "Otel Noktasi 163",
        "category": "Otel",
        "source_file": "01_oteller"
      }
    },
    {
      "type": "Feature",
      "geometry": {
        "type": "Point",
        "coordinates": [
          46.9268,
          40.2796
        ]
      },
      "properties": {
        "name": "Otel Noktasi 164",
        "category": "Otel",
        "source_file": "01_oteller"
      }
    },
    {
      "type": "Feature",
      "geometry": {
        "type": "Point",
        "coordinates": [
          46.9714,
          40.2647
        ]
      },
      "properties": {
        "name": "Otel Noktasi 165",
        "category": "Otel",
        "source_file": "01_oteller"
      }
    },
    {
      "type": "Feature",
      "geometry": {
        "type": "Point",
        "coordinates": [
          47.0101,
          40.2469
        ]
      },
      "properties": {
        "name": "Otel Noktasi 166",
        "category": "Otel",
        "source_file": "01_oteller"
      }
    },
    {
      "type": "Feature",
      "geometry": {
        "type": "Point",
        "coordinates": [
          47.0244,
          40.198
        ]
      },
      "properties": {
        "name": "Otel Noktasi 167",
        "category": "Otel",
        "source_file": "01_oteller"
      }
    },
    {
      "type": "Feature",
      "geometry": {
        "type": "Point",
        "coordinates": [
          47.0256,
          40.1791
        ]
      },
      "properties": {
        "name": "Otel Noktasi 168",
        "category": "Otel",
        "source_file": "01_oteller"
      }
    },
    {
      "type": "Feature",
      "geometry": {
        "type": "Point",
        "coordinates": [
          47.0294,
          40.1725
        ]
      },
      "properties": {
        "name": "Otel Noktasi 169",
        "category": "Otel",
        "source_file": "01_oteller"
      }
    },
    {
      "type": "Feature",
      "geometry": {
        "type": "Point",
        "coordinates": [
          47.0379,
          40.1663
        ]
      },
      "properties": {
        "name": "Otel Noktasi 170",
        "category": "Otel",
        "source_file": "01_oteller"
      }
    },
    {
      "type": "Feature",
      "geometry": {
        "type": "Point",
        "coordinates": [
          47.0502,
          40.1629
        ]
      },
      "properties": {
        "name": "Otel Noktasi 171",
        "category": "Otel",
        "source_file": "01_oteller"
      }
    },
    {
      "type": "Feature",
      "geometry": {
        "type": "Point",
        "coordinates": [
          47.0731,
          40.1675
        ]
      },
      "properties": {
        "name": "Otel Noktasi 172",
        "category": "Otel",
        "source_file": "01_oteller"
      }
    },
    {
      "type": "Feature",
      "geometry": {
        "type": "Point",
        "coordinates": [
          47.0863,
          40.1669
        ]
      },
      "properties": {
        "name": "Otel Noktasi 173",
        "category": "Otel",
        "source_file": "01_oteller"
      }
    },
    {
      "type": "Feature",
      "geometry": {
        "type": "Point",
        "coordinates": [
          47.0841,
          40.1821
        ]
      },
      "properties": {
        "name": "Otel Noktasi 174",
        "category": "Otel",
        "source_file": "01_oteller"
      }
    },
    {
      "type": "Feature",
      "geometry": {
        "type": "Point",
        "coordinates": [
          47.0773,
          40.1944
        ]
      },
      "properties": {
        "name": "Otel Noktasi 175",
        "category": "Otel",
        "source_file": "01_oteller"
      }
    },
    {
      "type": "Feature",
      "geometry": {
        "type": "Point",
        "coordinates": [
          47.0756,
          40.2043
        ]
      },
      "properties": {
        "name": "Otel Noktasi 176",
        "category": "Otel",
        "source_file": "01_oteller"
      }
    },
    {
      "type": "Feature",
      "geometry": {
        "type": "Point",
        "coordinates": [
          47.0757,
          40.273
        ]
      },
      "properties": {
        "name": "Otel Noktasi 177",
        "category": "Otel",
        "source_file": "01_oteller"
      }
    },
    {
      "type": "Feature",
      "geometry": {
        "type": "Point",
        "coordinates": [
          47.0777,
          40.2828
        ]
      },
      "properties": {
        "name": "Otel Noktasi 178",
        "category": "Otel",
        "source_file": "01_oteller"
      }
    },
    {
      "type": "Feature",
      "geometry": {
        "type": "Point",
        "coordinates": [
          47.0835,
          40.2931
        ]
      },
      "properties": {
        "name": "Otel Noktasi 179",
        "category": "Otel",
        "source_file": "01_oteller"
      }
    },
    {
      "type": "Feature",
      "geometry": {
        "type": "Point",
        "coordinates": [
          47.0821,
          40.301
        ]
      },
      "properties": {
        "name": "Otel Noktasi 180",
        "category": "Otel",
        "source_file": "01_oteller"
      }
    },
    {
      "type": "Feature",
      "geometry": {
        "type": "Point",
        "coordinates": [
          47.0742,
          40.3071
        ]
      },
      "properties": {
        "name": "Otel Noktasi 181",
        "category": "Otel",
        "source_file": "01_oteller"
      }
    },
    {
      "type": "Feature",
      "geometry": {
        "type": "Point",
        "coordinates": [
          47.0465,
          40.3101
        ]
      },
      "properties": {
        "name": "Otel Noktasi 182",
        "category": "Otel",
        "source_file": "01_oteller"
      }
    },
    {
      "type": "Feature",
      "geometry": {
        "type": "Point",
        "coordinates": [
          47.0351,
          40.3148
        ]
      },
      "properties": {
        "name": "Otel Noktasi 183",
        "category": "Otel",
        "source_file": "01_oteller"
      }
    },
    {
      "type": "Feature",
      "geometry": {
        "type": "Point",
        "coordinates": [
          47.0265,
          40.3226
        ]
      },
      "properties": {
        "name": "Otel Noktasi 184",
        "category": "Otel",
        "source_file": "01_oteller"
      }
    },
    {
      "type": "Feature",
      "geometry": {
        "type": "Point",
        "coordinates": [
          47.014,
          40.3432
        ]
      },
      "properties": {
        "name": "Otel Noktasi 185",
        "category": "Otel",
        "source_file": "01_oteller"
      }
    },
    {
      "type": "Feature",
      "geometry": {
        "type": "Point",
        "coordinates": [
          47.0075,
          40.3508
        ]
      },
      "properties": {
        "name": "Otel Noktasi 186",
        "category": "Otel",
        "source_file": "01_oteller"
      }
    },
    {
      "type": "Feature",
      "geometry": {
        "type": "Point",
        "coordinates": [
          46.9854,
          40.363
        ]
      },
      "properties": {
        "name": "Otel Noktasi 187",
        "category": "Otel",
        "source_file": "01_oteller"
      }
    },
    {
      "type": "Feature",
      "geometry": {
        "type": "Point",
        "coordinates": [
          46.9752,
          40.3839
        ]
      },
      "properties": {
        "name": "Otel Noktasi 188",
        "category": "Otel",
        "source_file": "01_oteller"
      }
    },
    {
      "type": "Feature",
      "geometry": {
        "type": "Point",
        "coordinates": [
          46.9733,
          40.4003
        ]
      },
      "properties": {
        "name": "Otel Noktasi 189",
        "category": "Otel",
        "source_file": "01_oteller"
      }
    },
    {
      "type": "Feature",
      "geometry": {
        "type": "Point",
        "coordinates": [
          46.9693,
          40.4157
        ]
      },
      "properties": {
        "name": "Otel Noktasi 190",
        "category": "Otel",
        "source_file": "01_oteller"
      }
    },
    {
      "type": "Feature",
      "geometry": {
        "type": "Point",
        "coordinates": [
          46.5345,
          40.3131
        ]
      },
      "properties": {
        "name": "Otel Noktasi 191",
        "category": "Otel",
        "source_file": "01_oteller"
      }
    },
    {
      "type": "Feature",
      "geometry": {
        "type": "Point",
        "coordinates": [
          46.5253,
          40.2809
        ]
      },
      "properties": {
        "name": "Otel Noktasi 192",
        "category": "Otel",
        "source_file": "01_oteller"
      }
    },
    {
      "type": "Feature",
      "geometry": {
        "type": "Point",
        "coordinates": [
          46.5202,
          40.2758
        ]
      },
      "properties": {
        "name": "Otel Noktasi 193",
        "category": "Otel",
        "source_file": "01_oteller"
      }
    },
    {
      "type": "Feature",
      "geometry": {
        "type": "Point",
        "coordinates": [
          46.509,
          40.271
        ]
      },
      "properties": {
        "name": "Otel Noktasi 194",
        "category": "Otel",
        "source_file": "01_oteller"
      }
    },
    {
      "type": "Feature",
      "geometry": {
        "type": "Point",
        "coordinates": [
          46.5054,
          40.2679
        ]
      },
      "properties": {
        "name": "Otel Noktasi 195",
        "category": "Otel",
        "source_file": "01_oteller"
      }
    },
    {
      "type": "Feature",
      "geometry": {
        "type": "Point",
        "coordinates": [
          46.503,
          40.2639
        ]
      },
      "properties": {
        "name": "Otel Noktasi 196",
        "category": "Otel",
        "source_file": "01_oteller"
      }
    },
    {
      "type": "Feature",
      "geometry": {
        "type": "Point",
        "coordinates": [
          46.5018,
          40.2541
        ]
      },
      "properties": {
        "name": "Otel Noktasi 197",
        "category": "Otel",
        "source_file": "01_oteller"
      }
    },
    {
      "type": "Feature",
      "geometry": {
        "type": "Point",
        "coordinates": [
          46.5025,
          40.2071
        ]
      },
      "properties": {
        "name": "Otel Noktasi 198",
        "category": "Otel",
        "source_file": "01_oteller"
      }
    },
    {
      "type": "Feature",
      "geometry": {
        "type": "Point",
        "coordinates": [
          46.5171,
          40.1836
        ]
      },
      "properties": {
        "name": "Otel Noktasi 199",
        "category": "Otel",
        "source_file": "01_oteller"
      }
    },
    {
      "type": "Feature",
      "geometry": {
        "type": "Point",
        "coordinates": [
          46.5195,
          40.162
        ]
      },
      "properties": {
        "name": "Otel Noktasi 200",
        "category": "Otel",
        "source_file": "01_oteller"
      }
    },
    {
      "type": "Feature",
      "geometry": {
        "type": "Point",
        "coordinates": [
          46.5253,
          40.1514
        ]
      },
      "properties": {
        "name": "Otel Noktasi 201",
        "category": "Otel",
        "source_file": "01_oteller"
      }
    },
    {
      "type": "Feature",
      "geometry": {
        "type": "Point",
        "coordinates": [
          46.5296,
          40.1346
        ]
      },
      "properties": {
        "name": "Otel Noktasi 202",
        "category": "Otel",
        "source_file": "01_oteller"
      }
    },
    {
      "type": "Feature",
      "geometry": {
        "type": "Point",
        "coordinates": [
          46.5357,
          40.133
        ]
      },
      "properties": {
        "name": "Otel Noktasi 203",
        "category": "Otel",
        "source_file": "01_oteller"
      }
    },
    {
      "type": "Feature",
      "geometry": {
        "type": "Point",
        "coordinates": [
          46.5431,
          40.1338
        ]
      },
      "properties": {
        "name": "Otel Noktasi 204",
        "category": "Otel",
        "source_file": "01_oteller"
      }
    },
    {
      "type": "Feature",
      "geometry": {
        "type": "Point",
        "coordinates": [
          46.5656,
          40.1478
        ]
      },
      "properties": {
        "name": "Otel Noktasi 205",
        "category": "Otel",
        "source_file": "01_oteller"
      }
    },
    {
      "type": "Feature",
      "geometry": {
        "type": "Point",
        "coordinates": [
          46.5908,
          40.1572
        ]
      },
      "properties": {
        "name": "Otel Noktasi 206",
        "category": "Otel",
        "source_file": "01_oteller"
      }
    },
    {
      "type": "Feature",
      "geometry": {
        "type": "Point",
        "coordinates": [
          46.607,
          40.1568
        ]
      },
      "properties": {
        "name": "Otel Noktasi 207",
        "category": "Otel",
        "source_file": "01_oteller"
      }
    },
    {
      "type": "Feature",
      "geometry": {
        "type": "Point",
        "coordinates": [
          46.6208,
          40.1521
        ]
      },
      "properties": {
        "name": "Otel Noktasi 208",
        "category": "Otel",
        "source_file": "01_oteller"
      }
    },
    {
      "type": "Feature",
      "geometry": {
        "type": "Point",
        "coordinates": [
          46.6461,
          40.1475
        ]
      },
      "properties": {
        "name": "Otel Noktasi 209",
        "category": "Otel",
        "source_file": "01_oteller"
      }
    },
    {
      "type": "Feature",
      "geometry": {
        "type": "Point",
        "coordinates": [
          46.6602,
          40.1327
        ]
      },
      "properties": {
        "name": "Otel Noktasi 210",
        "category": "Otel",
        "source_file": "01_oteller"
      }
    },
    {
      "type": "Feature",
      "geometry": {
        "type": "Point",
        "coordinates": [
          46.697,
          40.1039
        ]
      },
      "properties": {
        "name": "Otel Noktasi 211",
        "category": "Otel",
        "source_file": "01_oteller"
      }
    },
    {
      "type": "Feature",
      "geometry": {
        "type": "Point",
        "coordinates": [
          46.7101,
          40.0947
        ]
      },
      "properties": {
        "name": "Otel Noktasi 212",
        "category": "Otel",
        "source_file": "01_oteller"
      }
    },
    {
      "type": "Feature",
      "geometry": {
        "type": "Point",
        "coordinates": [
          46.7246,
          40.0877
        ]
      },
      "properties": {
        "name": "Otel Noktasi 213",
        "category": "Otel",
        "source_file": "01_oteller"
      }
    },
    {
      "type": "Feature",
      "geometry": {
        "type": "Point",
        "coordinates": [
          46.7277,
          40.082
        ]
      },
      "properties": {
        "name": "Otel Noktasi 214",
        "category": "Otel",
        "source_file": "01_oteller"
      }
    },
    {
      "type": "Feature",
      "geometry": {
        "type": "Point",
        "coordinates": [
          46.7232,
          40.072
        ]
      },
      "properties": {
        "name": "Otel Noktasi 215",
        "category": "Otel",
        "source_file": "01_oteller"
      }
    },
    {
      "type": "Feature",
      "geometry": {
        "type": "Point",
        "coordinates": [
          46.7232,
          40.0667
        ]
      },
      "properties": {
        "name": "Otel Noktasi 216",
        "category": "Otel",
        "source_file": "01_oteller"
      }
    },
    {
      "type": "Feature",
      "geometry": {
        "type": "Point",
        "coordinates": [
          46.7271,
          40.0624
        ]
      },
      "properties": {
        "name": "Otel Noktasi 217",
        "category": "Otel",
        "source_file": "01_oteller"
      }
    },
    {
      "type": "Feature",
      "geometry": {
        "type": "Point",
        "coordinates": [
          46.741,
          40.0539
        ]
      },
      "properties": {
        "name": "Otel Noktasi 218",
        "category": "Otel",
        "source_file": "01_oteller"
      }
    },
    {
      "type": "Feature",
      "geometry": {
        "type": "Point",
        "coordinates": [
          46.7616,
          40.033
        ]
      },
      "properties": {
        "name": "Otel Noktasi 219",
        "category": "Otel",
        "source_file": "01_oteller"
      }
    },
    {
      "type": "Feature",
      "geometry": {
        "type": "Point",
        "coordinates": [
          46.7707,
          40.0603
        ]
      },
      "properties": {
        "name": "Otel Noktasi 220",
        "category": "Otel",
        "source_file": "01_oteller"
      }
    },
    {
      "type": "Feature",
      "geometry": {
        "type": "Point",
        "coordinates": [
          46.7698,
          40.0648
        ]
      },
      "properties": {
        "name": "Otel Noktasi 221",
        "category": "Otel",
        "source_file": "01_oteller"
      }
    },
    {
      "type": "Feature",
      "geometry": {
        "type": "Point",
        "coordinates": [
          46.7638,
          40.0754
        ]
      },
      "properties": {
        "name": "Otel Noktasi 222",
        "category": "Otel",
        "source_file": "01_oteller"
      }
    },
    {
      "type": "Feature",
      "geometry": {
        "type": "Point",
        "coordinates": [
          46.7634,
          40.0815
        ]
      },
      "properties": {
        "name": "Otel Noktasi 223",
        "category": "Otel",
        "source_file": "01_oteller"
      }
    },
    {
      "type": "Feature",
      "geometry": {
        "type": "Point",
        "coordinates": [
          46.7649,
          40.0872
        ]
      },
      "properties": {
        "name": "Otel Noktasi 224",
        "category": "Otel",
        "source_file": "01_oteller"
      }
    },
    {
      "type": "Feature",
      "geometry": {
        "type": "Point",
        "coordinates": [
          46.7705,
          40.0917
        ]
      },
      "properties": {
        "name": "Otel Noktasi 225",
        "category": "Otel",
        "source_file": "01_oteller"
      }
    },
    {
      "type": "Feature",
      "geometry": {
        "type": "Point",
        "coordinates": [
          46.7958,
          40.101
        ]
      },
      "properties": {
        "name": "Otel Noktasi 226",
        "category": "Otel",
        "source_file": "01_oteller"
      }
    },
    {
      "type": "Feature",
      "geometry": {
        "type": "Point",
        "coordinates": [
          46.8039,
          40.1068
        ]
      },
      "properties": {
        "name": "Otel Noktasi 227",
        "category": "Otel",
        "source_file": "01_oteller"
      }
    },
    {
      "type": "Feature",
      "geometry": {
        "type": "Point",
        "coordinates": [
          46.8134,
          40.1253
        ]
      },
      "properties": {
        "name": "Otel Noktasi 228",
        "category": "Otel",
        "source_file": "01_oteller"
      }
    },
    {
      "type": "Feature",
      "geometry": {
        "type": "Point",
        "coordinates": [
          46.8151,
          40.1569
        ]
      },
      "properties": {
        "name": "Otel Noktasi 229",
        "category": "Otel",
        "source_file": "01_oteller"
      }
    },
    {
      "type": "Feature",
      "geometry": {
        "type": "Point",
        "coordinates": [
          46.8215,
          40.164
        ]
      },
      "properties": {
        "name": "Otel Noktasi 230",
        "category": "Otel",
        "source_file": "01_oteller"
      }
    },
    {
      "type": "Feature",
      "geometry": {
        "type": "Point",
        "coordinates": [
          46.8398,
          40.1712
        ]
      },
      "properties": {
        "name": "Otel Noktasi 231",
        "category": "Otel",
        "source_file": "01_oteller"
      }
    },
    {
      "type": "Feature",
      "geometry": {
        "type": "Point",
        "coordinates": [
          46.8471,
          40.171
        ]
      },
      "properties": {
        "name": "Otel Noktasi 232",
        "category": "Otel",
        "source_file": "01_oteller"
      }
    },
    {
      "type": "Feature",
      "geometry": {
        "type": "Point",
        "coordinates": [
          46.8607,
          40.1664
        ]
      },
      "properties": {
        "name": "Otel Noktasi 233",
        "category": "Otel",
        "source_file": "01_oteller"
      }
    },
    {
      "type": "Feature",
      "geometry": {
        "type": "Point",
        "coordinates": [
          46.877,
          40.1659
        ]
      },
      "properties": {
        "name": "Otel Noktasi 234",
        "category": "Otel",
        "source_file": "01_oteller"
      }
    },
    {
      "type": "Feature",
      "geometry": {
        "type": "Point",
        "coordinates": [
          46.9108,
          40.175
        ]
      },
      "properties": {
        "name": "Otel Noktasi 235",
        "category": "Otel",
        "source_file": "01_oteller"
      }
    },
    {
      "type": "Feature",
      "geometry": {
        "type": "Point",
        "coordinates": [
          46.926,
          40.1854
        ]
      },
      "properties": {
        "name": "Otel Noktasi 236",
        "category": "Otel",
        "source_file": "01_oteller"
      }
    },
    {
      "type": "Feature",
      "geometry": {
        "type": "Point",
        "coordinates": [
          46.9303,
          40.1905
        ]
      },
      "properties": {
        "name": "Otel Noktasi 237",
        "category": "Otel",
        "source_file": "01_oteller"
      }
    },
    {
      "type": "Feature",
      "geometry": {
        "type": "Point",
        "coordinates": [
          46.9303,
          40.196
        ]
      },
      "properties": {
        "name": "Otel Noktasi 238",
        "category": "Otel",
        "source_file": "01_oteller"
      }
    },
    {
      "type": "Feature",
      "geometry": {
        "type": "Point",
        "coordinates": [
          46.9255,
          40.2036
        ]
      },
      "properties": {
        "name": "Otel Noktasi 239",
        "category": "Otel",
        "source_file": "01_oteller"
      }
    },
    {
      "type": "Feature",
      "geometry": {
        "type": "Point",
        "coordinates": [
          46.9239,
          40.2097
        ]
      },
      "properties": {
        "name": "Otel Noktasi 240",
        "category": "Otel",
        "source_file": "01_oteller"
      }
    },
    {
      "type": "Feature",
      "geometry": {
        "type": "Point",
        "coordinates": [
          46.9245,
          40.2184
        ]
      },
      "properties": {
        "name": "Otel Noktasi 241",
        "category": "Otel",
        "source_file": "01_oteller"
      }
    },
    {
      "type": "Feature",
      "geometry": {
        "type": "Point",
        "coordinates": [
          46.9287,
          40.2215
        ]
      },
      "properties": {
        "name": "Otel Noktasi 242",
        "category": "Otel",
        "source_file": "01_oteller"
      }
    },
    {
      "type": "Feature",
      "geometry": {
        "type": "Point",
        "coordinates": [
          46.9396,
          40.2208
        ]
      },
      "properties": {
        "name": "Otel Noktasi 243",
        "category": "Otel",
        "source_file": "01_oteller"
      }
    },
    {
      "type": "Feature",
      "geometry": {
        "type": "Point",
        "coordinates": [
          46.9622,
          40.2059
        ]
      },
      "properties": {
        "name": "Otel Noktasi 244",
        "category": "Otel",
        "source_file": "01_oteller"
      }
    },
    {
      "type": "Feature",
      "geometry": {
        "type": "Point",
        "coordinates": [
          46.9705,
          40.203
        ]
      },
      "properties": {
        "name": "Otel Noktasi 245",
        "category": "Otel",
        "source_file": "01_oteller"
      }
    },
    {
      "type": "Feature",
      "geometry": {
        "type": "Point",
        "coordinates": [
          46.9837,
          40.2046
        ]
      },
      "properties": {
        "name": "Otel Noktasi 246",
        "category": "Otel",
        "source_file": "01_oteller"
      }
    },
    {
      "type": "Feature",
      "geometry": {
        "type": "Point",
        "coordinates": [
          46.9937,
          40.2128
        ]
      },
      "properties": {
        "name": "Otel Noktasi 247",
        "category": "Otel",
        "source_file": "01_oteller"
      }
    },
    {
      "type": "Feature",
      "geometry": {
        "type": "Point",
        "coordinates": [
          47.0001,
          40.2142
        ]
      },
      "properties": {
        "name": "Otel Noktasi 248",
        "category": "Otel",
        "source_file": "01_oteller"
      }
    },
    {
      "type": "Feature",
      "geometry": {
        "type": "Point",
        "coordinates": [
          47.0112,
          40.2117
        ]
      },
      "properties": {
        "name": "Otel Noktasi 249",
        "category": "Otel",
        "source_file": "01_oteller"
      }
    },
    {
      "type": "Feature",
      "geometry": {
        "type": "Point",
        "coordinates": [
          47.0221,
          40.2029
        ]
      },
      "properties": {
        "name": "Otel Noktasi 250",
        "category": "Otel",
        "source_file": "01_oteller"
      }
    },
    {
      "type": "Feature",
      "geometry": {
        "type": "Point",
        "coordinates": [
          47.0101,
          40.2469
        ]
      },
      "properties": {
        "name": "Otel Noktasi 251",
        "category": "Otel",
        "source_file": "01_oteller"
      }
    },
    {
      "type": "Feature",
      "geometry": {
        "type": "Point",
        "coordinates": [
          46.9714,
          40.2647
        ]
      },
      "properties": {
        "name": "Otel Noktasi 252",
        "category": "Otel",
        "source_file": "01_oteller"
      }
    },
    {
      "type": "Feature",
      "geometry": {
        "type": "Point",
        "coordinates": [
          46.9268,
          40.2796
        ]
      },
      "properties": {
        "name": "Otel Noktasi 253",
        "category": "Otel",
        "source_file": "01_oteller"
      }
    },
    {
      "type": "Feature",
      "geometry": {
        "type": "Point",
        "coordinates": [
          46.9179,
          40.3093
        ]
      },
      "properties": {
        "name": "Otel Noktasi 254",
        "category": "Otel",
        "source_file": "01_oteller"
      }
    },
    {
      "type": "Feature",
      "geometry": {
        "type": "Point",
        "coordinates": [
          46.9149,
          40.351
        ]
      },
      "properties": {
        "name": "Otel Noktasi 255",
        "category": "Otel",
        "source_file": "01_oteller"
      }
    },
    {
      "type": "Feature",
      "geometry": {
        "type": "Point",
        "coordinates": [
          46.903,
          40.3569
        ]
      },
      "properties": {
        "name": "Otel Noktasi 256",
        "category": "Otel",
        "source_file": "01_oteller"
      }
    },
    {
      "type": "Feature",
      "geometry": {
        "type": "Point",
        "coordinates": [
          46.8673,
          40.342
        ]
      },
      "properties": {
        "name": "Otel Noktasi 257",
        "category": "Otel",
        "source_file": "01_oteller"
      }
    },
    {
      "type": "Feature",
      "geometry": {
        "type": "Point",
        "coordinates": [
          46.8173,
          40.4119
        ]
      },
      "properties": {
        "name": "Otel Noktasi 258",
        "category": "Otel",
        "source_file": "01_oteller"
      }
    },
    {
      "type": "Feature",
      "geometry": {
        "type": "Point",
        "coordinates": [
          46.7927,
          40.403
        ]
      },
      "properties": {
        "name": "Otel Noktasi 259",
        "category": "Otel",
        "source_file": "01_oteller"
      }
    },
    {
      "type": "Feature",
      "geometry": {
        "type": "Point",
        "coordinates": [
          46.722,
          40.4039
        ]
      },
      "properties": {
        "name": "Otel Noktasi 260",
        "category": "Otel",
        "source_file": "01_oteller"
      }
    },
    {
      "type": "Feature",
      "geometry": {
        "type": "Point",
        "coordinates": [
          46.7062,
          40.4024
        ]
      },
      "properties": {
        "name": "Otel Noktasi 261",
        "category": "Otel",
        "source_file": "01_oteller"
      }
    },
    {
      "type": "Feature",
      "geometry": {
        "type": "Point",
        "coordinates": [
          46.6765,
          40.3889
        ]
      },
      "properties": {
        "name": "Otel Noktasi 262",
        "category": "Otel",
        "source_file": "01_oteller"
      }
    },
    {
      "type": "Feature",
      "geometry": {
        "type": "Point",
        "coordinates": [
          46.6524,
          40.3744
        ]
      },
      "properties": {
        "name": "Otel Noktasi 263",
        "category": "Otel",
        "source_file": "01_oteller"
      }
    },
    {
      "type": "Feature",
      "geometry": {
        "type": "Point",
        "coordinates": [
          46.6194,
          40.3622
        ]
      },
      "properties": {
        "name": "Otel Noktasi 264",
        "category": "Otel",
        "source_file": "01_oteller"
      }
    },
    {
      "type": "Feature",
      "geometry": {
        "type": "Point",
        "coordinates": [
          46.6023,
          40.3585
        ]
      },
      "properties": {
        "name": "Otel Noktasi 265",
        "category": "Otel",
        "source_file": "01_oteller"
      }
    },
    {
      "type": "Feature",
      "geometry": {
        "type": "Point",
        "coordinates": [
          46.579,
          40.345
        ]
      },
      "properties": {
        "name": "Otel Noktasi 266",
        "category": "Otel",
        "source_file": "01_oteller"
      }
    },
    {
      "type": "Feature",
      "geometry": {
        "type": "Point",
        "coordinates": [
          46.5571,
          40.3418
        ]
      },
      "properties": {
        "name": "Otel Noktasi 267",
        "category": "Otel",
        "source_file": "01_oteller"
      }
    },
    {
      "type": "Feature",
      "geometry": {
        "type": "Point",
        "coordinates": [
          46.5487,
          40.3391
        ]
      },
      "properties": {
        "name": "Otel Noktasi 268",
        "category": "Otel",
        "source_file": "01_oteller"
      }
    },
    {
      "type": "Feature",
      "geometry": {
        "type": "Point",
        "coordinates": [
          46.5369,
          40.3294
        ]
      },
      "properties": {
        "name": "Otel Noktasi 269",
        "category": "Otel",
        "source_file": "01_oteller"
      }
    },
    {
      "type": "Feature",
      "geometry": {
        "type": "Point",
        "coordinates": [
          46.5336,
          40.3192
        ]
      },
      "properties": {
        "name": "Otel Noktasi 270",
        "category": "Otel",
        "source_file": "01_oteller"
      }
    },
    {
      "type": "Feature",
      "geometry": {
        "type": "Point",
        "coordinates": [
          46.5345,
          40.3131
        ]
      },
      "properties": {
        "name": "Otel Noktasi 271",
        "category": "Otel",
        "source_file": "01_oteller"
      }
    },
    {
      "type": "Feature",
      "geometry": {
        "type": "Point",
        "coordinates": [
          46.451,
          39.9581
        ]
      },
      "properties": {
        "name": "Otel Noktasi 272",
        "category": "Otel",
        "source_file": "01_oteller"
      }
    },
    {
      "type": "Feature",
      "geometry": {
        "type": "Point",
        "coordinates": [
          46.4409,
          39.9313
        ]
      },
      "properties": {
        "name": "Otel Noktasi 273",
        "category": "Otel",
        "source_file": "01_oteller"
      }
    },
    {
      "type": "Feature",
      "geometry": {
        "type": "Point",
        "coordinates": [
          46.4345,
          39.9209
        ]
      },
      "properties": {
        "name": "Otel Noktasi 274",
        "category": "Otel",
        "source_file": "01_oteller"
      }
    },
    {
      "type": "Feature",
      "geometry": {
        "type": "Point",
        "coordinates": [
          46.4341,
          39.9148
        ]
      },
      "properties": {
        "name": "Otel Noktasi 275",
        "category": "Otel",
        "source_file": "01_oteller"
      }
    },
    {
      "type": "Feature",
      "geometry": {
        "type": "Point",
        "coordinates": [
          46.4357,
          39.909
        ]
      },
      "properties": {
        "name": "Otel Noktasi 276",
        "category": "Otel",
        "source_file": "01_oteller"
      }
    },
    {
      "type": "Feature",
      "geometry": {
        "type": "Point",
        "coordinates": [
          46.4413,
          39.9043
        ]
      },
      "properties": {
        "name": "Otel Noktasi 277",
        "category": "Otel",
        "source_file": "01_oteller"
      }
    },
    {
      "type": "Feature",
      "geometry": {
        "type": "Point",
        "coordinates": [
          46.4627,
          39.8946
        ]
      },
      "properties": {
        "name": "Otel Noktasi 278",
        "category": "Otel",
        "source_file": "01_oteller"
      }
    },
    {
      "type": "Feature",
      "geometry": {
        "type": "Point",
        "coordinates": [
          46.4702,
          39.8873
        ]
      },
      "properties": {
        "name": "Otel Noktasi 279",
        "category": "Otel",
        "source_file": "01_oteller"
      }
    },
    {
      "type": "Feature",
      "geometry": {
        "type": "Point",
        "coordinates": [
          46.4813,
          39.8814
        ]
      },
      "properties": {
        "name": "Otel Noktasi 280",
        "category": "Otel",
        "source_file": "01_oteller"
      }
    },
    {
      "type": "Feature",
      "geometry": {
        "type": "Point",
        "coordinates": [
          46.4918,
          39.8721
        ]
      },
      "properties": {
        "name": "Otel Noktasi 281",
        "category": "Otel",
        "source_file": "01_oteller"
      }
    },
    {
      "type": "Feature",
      "geometry": {
        "type": "Point",
        "coordinates": [
          46.5252,
          39.8205
        ]
      },
      "properties": {
        "name": "Otel Noktasi 282",
        "category": "Otel",
        "source_file": "01_oteller"
      }
    },
    {
      "type": "Feature",
      "geometry": {
        "type": "Point",
        "coordinates": [
          46.5287,
          39.8088
        ]
      },
      "properties": {
        "name": "Otel Noktasi 283",
        "category": "Otel",
        "source_file": "01_oteller"
      }
    },
    {
      "type": "Feature",
      "geometry": {
        "type": "Point",
        "coordinates": [
          46.5337,
          39.8012
        ]
      },
      "properties": {
        "name": "Otel Noktasi 284",
        "category": "Otel",
        "source_file": "01_oteller"
      }
    },
    {
      "type": "Feature",
      "geometry": {
        "type": "Point",
        "coordinates": [
          46.5404,
          39.7577
        ]
      },
      "properties": {
        "name": "Otel Noktasi 285",
        "category": "Otel",
        "source_file": "01_oteller"
      }
    },
    {
      "type": "Feature",
      "geometry": {
        "type": "Point",
        "coordinates": [
          46.5641,
          39.7618
        ]
      },
      "properties": {
        "name": "Otel Noktasi 286",
        "category": "Otel",
        "source_file": "01_oteller"
      }
    },
    {
      "type": "Feature",
      "geometry": {
        "type": "Point",
        "coordinates": [
          46.5936,
          39.7638
        ]
      },
      "properties": {
        "name": "Otel Noktasi 287",
        "category": "Otel",
        "source_file": "01_oteller"
      }
    },
    {
      "type": "Feature",
      "geometry": {
        "type": "Point",
        "coordinates": [
          46.627,
          39.7787
        ]
      },
      "properties": {
        "name": "Otel Noktasi 288",
        "category": "Otel",
        "source_file": "01_oteller"
      }
    },
    {
      "type": "Feature",
      "geometry": {
        "type": "Point",
        "coordinates": [
          46.6367,
          39.7808
        ]
      },
      "properties": {
        "name": "Otel Noktasi 289",
        "category": "Otel",
        "source_file": "01_oteller"
      }
    },
    {
      "type": "Feature",
      "geometry": {
        "type": "Point",
        "coordinates": [
          46.6527,
          39.7796
        ]
      },
      "properties": {
        "name": "Otel Noktasi 290",
        "category": "Otel",
        "source_file": "01_oteller"
      }
    },
    {
      "type": "Feature",
      "geometry": {
        "type": "Point",
        "coordinates": [
          46.6825,
          39.7701
        ]
      },
      "properties": {
        "name": "Otel Noktasi 291",
        "category": "Otel",
        "source_file": "01_oteller"
      }
    },
    {
      "type": "Feature",
      "geometry": {
        "type": "Point",
        "coordinates": [
          46.7239,
          39.75
        ]
      },
      "properties": {
        "name": "Otel Noktasi 292",
        "category": "Otel",
        "source_file": "01_oteller"
      }
    },
    {
      "type": "Feature",
      "geometry": {
        "type": "Point",
        "coordinates": [
          46.7282,
          39.7442
        ]
      },
      "properties": {
        "name": "Otel Noktasi 293",
        "category": "Otel",
        "source_file": "01_oteller"
      }
    },
    {
      "type": "Feature",
      "geometry": {
        "type": "Point",
        "coordinates": [
          46.7311,
          39.7354
        ]
      },
      "properties": {
        "name": "Otel Noktasi 294",
        "category": "Otel",
        "source_file": "01_oteller"
      }
    },
    {
      "type": "Feature",
      "geometry": {
        "type": "Point",
        "coordinates": [
          46.7449,
          39.7151
        ]
      },
      "properties": {
        "name": "Otel Noktasi 295",
        "category": "Otel",
        "source_file": "01_oteller"
      }
    },
    {
      "type": "Feature",
      "geometry": {
        "type": "Point",
        "coordinates": [
          46.777,
          39.6908
        ]
      },
      "properties": {
        "name": "Otel Noktasi 296",
        "category": "Otel",
        "source_file": "01_oteller"
      }
    },
    {
      "type": "Feature",
      "geometry": {
        "type": "Point",
        "coordinates": [
          46.7794,
          39.6858
        ]
      },
      "properties": {
        "name": "Otel Noktasi 297",
        "category": "Otel",
        "source_file": "01_oteller"
      }
    },
    {
      "type": "Feature",
      "geometry": {
        "type": "Point",
        "coordinates": [
          46.7817,
          39.6685
        ]
      },
      "properties": {
        "name": "Otel Noktasi 298",
        "category": "Otel",
        "source_file": "01_oteller"
      }
    },
    {
      "type": "Feature",
      "geometry": {
        "type": "Point",
        "coordinates": [
          46.7894,
          39.6555
        ]
      },
      "properties": {
        "name": "Otel Noktasi 299",
        "category": "Otel",
        "source_file": "01_oteller"
      }
    },
    {
      "type": "Feature",
      "geometry": {
        "type": "Point",
        "coordinates": [
          46.8079,
          39.6467
        ]
      },
      "properties": {
        "name": "Otel Noktasi 300",
        "category": "Otel",
        "source_file": "01_oteller"
      }
    },
    {
      "type": "Feature",
      "geometry": {
        "type": "Point",
        "coordinates": [
          46.8169,
          39.6357
        ]
      },
      "properties": {
        "name": "Otel Noktasi 301",
        "category": "Otel",
        "source_file": "01_oteller"
      }
    },
    {
      "type": "Feature",
      "geometry": {
        "type": "Point",
        "coordinates": [
          46.831,
          39.626
        ]
      },
      "properties": {
        "name": "Otel Noktasi 302",
        "category": "Otel",
        "source_file": "01_oteller"
      }
    },
    {
      "type": "Feature",
      "geometry": {
        "type": "Point",
        "coordinates": [
          46.8411,
          39.6269
        ]
      },
      "properties": {
        "name": "Otel Noktasi 303",
        "category": "Otel",
        "source_file": "01_oteller"
      }
    },
    {
      "type": "Feature",
      "geometry": {
        "type": "Point",
        "coordinates": [
          46.8743,
          39.6505
        ]
      },
      "properties": {
        "name": "Otel Noktasi 304",
        "category": "Otel",
        "source_file": "01_oteller"
      }
    },
    {
      "type": "Feature",
      "geometry": {
        "type": "Point",
        "coordinates": [
          46.8993,
          39.6611
        ]
      },
      "properties": {
        "name": "Otel Noktasi 305",
        "category": "Otel",
        "source_file": "01_oteller"
      }
    },
    {
      "type": "Feature",
      "geometry": {
        "type": "Point",
        "coordinates": [
          46.9049,
          39.6656
        ]
      },
      "properties": {
        "name": "Otel Noktasi 306",
        "category": "Otel",
        "source_file": "01_oteller"
      }
    },
    {
      "type": "Feature",
      "geometry": {
        "type": "Point",
        "coordinates": [
          46.9066,
          39.6714
        ]
      },
      "properties": {
        "name": "Otel Noktasi 307",
        "category": "Otel",
        "source_file": "01_oteller"
      }
    },
    {
      "type": "Feature",
      "geometry": {
        "type": "Point",
        "coordinates": [
          46.906,
          39.6839
        ]
      },
      "properties": {
        "name": "Otel Noktasi 308",
        "category": "Otel",
        "source_file": "01_oteller"
      }
    },
    {
      "type": "Feature",
      "geometry": {
        "type": "Point",
        "coordinates": [
          46.8999,
          39.6944
        ]
      },
      "properties": {
        "name": "Otel Noktasi 309",
        "category": "Otel",
        "source_file": "01_oteller"
      }
    },
    {
      "type": "Feature",
      "geometry": {
        "type": "Point",
        "coordinates": [
          46.8964,
          39.7061
        ]
      },
      "properties": {
        "name": "Otel Noktasi 310",
        "category": "Otel",
        "source_file": "01_oteller"
      }
    },
    {
      "type": "Feature",
      "geometry": {
        "type": "Point",
        "coordinates": [
          46.8892,
          39.7135
        ]
      },
      "properties": {
        "name": "Otel Noktasi 311",
        "category": "Otel",
        "source_file": "01_oteller"
      }
    },
    {
      "type": "Feature",
      "geometry": {
        "type": "Point",
        "coordinates": [
          46.8507,
          39.7435
        ]
      },
      "properties": {
        "name": "Otel Noktasi 312",
        "category": "Otel",
        "source_file": "01_oteller"
      }
    },
    {
      "type": "Feature",
      "geometry": {
        "type": "Point",
        "coordinates": [
          46.8336,
          39.763
        ]
      },
      "properties": {
        "name": "Otel Noktasi 313",
        "category": "Otel",
        "source_file": "01_oteller"
      }
    },
    {
      "type": "Feature",
      "geometry": {
        "type": "Point",
        "coordinates": [
          46.8316,
          39.7682
        ]
      },
      "properties": {
        "name": "Otel Noktasi 314",
        "category": "Otel",
        "source_file": "01_oteller"
      }
    },
    {
      "type": "Feature",
      "geometry": {
        "type": "Point",
        "coordinates": [
          46.8339,
          39.7732
        ]
      },
      "properties": {
        "name": "Otel Noktasi 315",
        "category": "Otel",
        "source_file": "01_oteller"
      }
    },
    {
      "type": "Feature",
      "geometry": {
        "type": "Point",
        "coordinates": [
          46.8458,
          39.7843
        ]
      },
      "properties": {
        "name": "Otel Noktasi 316",
        "category": "Otel",
        "source_file": "01_oteller"
      }
    },
    {
      "type": "Feature",
      "geometry": {
        "type": "Point",
        "coordinates": [
          46.8567,
          39.8009
        ]
      },
      "properties": {
        "name": "Otel Noktasi 317",
        "category": "Otel",
        "source_file": "01_oteller"
      }
    },
    {
      "type": "Feature",
      "geometry": {
        "type": "Point",
        "coordinates": [
          46.8737,
          39.834
        ]
      },
      "properties": {
        "name": "Otel Noktasi 318",
        "category": "Otel",
        "source_file": "01_oteller"
      }
    },
    {
      "type": "Feature",
      "geometry": {
        "type": "Point",
        "coordinates": [
          46.8946,
          39.856
        ]
      },
      "properties": {
        "name": "Otel Noktasi 319",
        "category": "Otel",
        "source_file": "01_oteller"
      }
    },
    {
      "type": "Feature",
      "geometry": {
        "type": "Point",
        "coordinates": [
          46.9134,
          39.8725
        ]
      },
      "properties": {
        "name": "Otel Noktasi 320",
        "category": "Otel",
        "source_file": "01_oteller"
      }
    },
    {
      "type": "Feature",
      "geometry": {
        "type": "Point",
        "coordinates": [
          46.917,
          39.8841
        ]
      },
      "properties": {
        "name": "Otel Noktasi 321",
        "category": "Otel",
        "source_file": "01_oteller"
      }
    },
    {
      "type": "Feature",
      "geometry": {
        "type": "Point",
        "coordinates": [
          46.9231,
          39.8943
        ]
      },
      "properties": {
        "name": "Otel Noktasi 322",
        "category": "Otel",
        "source_file": "01_oteller"
      }
    },
    {
      "type": "Feature",
      "geometry": {
        "type": "Point",
        "coordinates": [
          46.9232,
          39.9068
        ]
      },
      "properties": {
        "name": "Otel Noktasi 323",
        "category": "Otel",
        "source_file": "01_oteller"
      }
    },
    {
      "type": "Feature",
      "geometry": {
        "type": "Point",
        "coordinates": [
          46.9192,
          39.9134
        ]
      },
      "properties": {
        "name": "Otel Noktasi 324",
        "category": "Otel",
        "source_file": "01_oteller"
      }
    },
    {
      "type": "Feature",
      "geometry": {
        "type": "Point",
        "coordinates": [
          46.9094,
          39.9201
        ]
      },
      "properties": {
        "name": "Otel Noktasi 325",
        "category": "Otel",
        "source_file": "01_oteller"
      }
    },
    {
      "type": "Feature",
      "geometry": {
        "type": "Point",
        "coordinates": [
          46.9043,
          39.9201
        ]
      },
      "properties": {
        "name": "Otel Noktasi 326",
        "category": "Otel",
        "source_file": "01_oteller"
      }
    },
    {
      "type": "Feature",
      "geometry": {
        "type": "Point",
        "coordinates": [
          46.8934,
          39.9152
        ]
      },
      "properties": {
        "name": "Otel Noktasi 327",
        "category": "Otel",
        "source_file": "01_oteller"
      }
    },
    {
      "type": "Feature",
      "geometry": {
        "type": "Point",
        "coordinates": [
          46.886,
          39.9148
        ]
      },
      "properties": {
        "name": "Otel Noktasi 328",
        "category": "Otel",
        "source_file": "01_oteller"
      }
    },
    {
      "type": "Feature",
      "geometry": {
        "type": "Point",
        "coordinates": [
          46.8734,
          39.918
        ]
      },
      "properties": {
        "name": "Otel Noktasi 329",
        "category": "Otel",
        "source_file": "01_oteller"
      }
    },
    {
      "type": "Feature",
      "geometry": {
        "type": "Point",
        "coordinates": [
          46.8528,
          39.9278
        ]
      },
      "properties": {
        "name": "Otel Noktasi 330",
        "category": "Otel",
        "source_file": "01_oteller"
      }
    },
    {
      "type": "Feature",
      "geometry": {
        "type": "Point",
        "coordinates": [
          46.8478,
          39.9367
        ]
      },
      "properties": {
        "name": "Otel Noktasi 331",
        "category": "Otel",
        "source_file": "01_oteller"
      }
    },
    {
      "type": "Feature",
      "geometry": {
        "type": "Point",
        "coordinates": [
          46.8475,
          39.9558
        ]
      },
      "properties": {
        "name": "Otel Noktasi 332",
        "category": "Otel",
        "source_file": "01_oteller"
      }
    },
    {
      "type": "Feature",
      "geometry": {
        "type": "Point",
        "coordinates": [
          46.846,
          39.9617
        ]
      },
      "properties": {
        "name": "Otel Noktasi 333",
        "category": "Otel",
        "source_file": "01_oteller"
      }
    },
    {
      "type": "Feature",
      "geometry": {
        "type": "Point",
        "coordinates": [
          46.8259,
          39.9798
        ]
      },
      "properties": {
        "name": "Otel Noktasi 334",
        "category": "Otel",
        "source_file": "01_oteller"
      }
    },
    {
      "type": "Feature",
      "geometry": {
        "type": "Point",
        "coordinates": [
          46.817,
          39.992
        ]
      },
      "properties": {
        "name": "Otel Noktasi 335",
        "category": "Otel",
        "source_file": "01_oteller"
      }
    },
    {
      "type": "Feature",
      "geometry": {
        "type": "Point",
        "coordinates": [
          46.807,
          40.0002
        ]
      },
      "properties": {
        "name": "Otel Noktasi 336",
        "category": "Otel",
        "source_file": "01_oteller"
      }
    },
    {
      "type": "Feature",
      "geometry": {
        "type": "Point",
        "coordinates": [
          46.7955,
          40.0063
        ]
      },
      "properties": {
        "name": "Otel Noktasi 337",
        "category": "Otel",
        "source_file": "01_oteller"
      }
    },
    {
      "type": "Feature",
      "geometry": {
        "type": "Point",
        "coordinates": [
          46.7803,
          40.0079
        ]
      },
      "properties": {
        "name": "Otel Noktasi 338",
        "category": "Otel",
        "source_file": "01_oteller"
      }
    },
    {
      "type": "Feature",
      "geometry": {
        "type": "Point",
        "coordinates": [
          46.7724,
          40.0069
        ]
      },
      "properties": {
        "name": "Otel Noktasi 339",
        "category": "Otel",
        "source_file": "01_oteller"
      }
    },
    {
      "type": "Feature",
      "geometry": {
        "type": "Point",
        "coordinates": [
          46.7457,
          39.9968
        ]
      },
      "properties": {
        "name": "Otel Noktasi 340",
        "category": "Otel",
        "source_file": "01_oteller"
      }
    },
    {
      "type": "Feature",
      "geometry": {
        "type": "Point",
        "coordinates": [
          46.734,
          39.9962
        ]
      },
      "properties": {
        "name": "Otel Noktasi 341",
        "category": "Otel",
        "source_file": "01_oteller"
      }
    },
    {
      "type": "Feature",
      "geometry": {
        "type": "Point",
        "coordinates": [
          46.7107,
          40.0052
        ]
      },
      "properties": {
        "name": "Otel Noktasi 342",
        "category": "Otel",
        "source_file": "01_oteller"
      }
    },
    {
      "type": "Feature",
      "geometry": {
        "type": "Point",
        "coordinates": [
          46.6979,
          40.0182
        ]
      },
      "properties": {
        "name": "Otel Noktasi 343",
        "category": "Otel",
        "source_file": "01_oteller"
      }
    },
    {
      "type": "Feature",
      "geometry": {
        "type": "Point",
        "coordinates": [
          46.6634,
          40.0109
        ]
      },
      "properties": {
        "name": "Otel Noktasi 344",
        "category": "Otel",
        "source_file": "01_oteller"
      }
    },
    {
      "type": "Feature",
      "geometry": {
        "type": "Point",
        "coordinates": [
          46.6372,
          40.0092
        ]
      },
      "properties": {
        "name": "Otel Noktasi 345",
        "category": "Otel",
        "source_file": "01_oteller"
      }
    },
    {
      "type": "Feature",
      "geometry": {
        "type": "Point",
        "coordinates": [
          46.6295,
          40.0063
        ]
      },
      "properties": {
        "name": "Otel Noktasi 346",
        "category": "Otel",
        "source_file": "01_oteller"
      }
    },
    {
      "type": "Feature",
      "geometry": {
        "type": "Point",
        "coordinates": [
          46.6216,
          40.0004
        ]
      },
      "properties": {
        "name": "Otel Noktasi 347",
        "category": "Otel",
        "source_file": "01_oteller"
      }
    },
    {
      "type": "Feature",
      "geometry": {
        "type": "Point",
        "coordinates": [
          46.6181,
          39.992
        ]
      },
      "properties": {
        "name": "Otel Noktasi 348",
        "category": "Otel",
        "source_file": "01_oteller"
      }
    },
    {
      "type": "Feature",
      "geometry": {
        "type": "Point",
        "coordinates": [
          46.6064,
          39.9764
        ]
      },
      "properties": {
        "name": "Otel Noktasi 349",
        "category": "Otel",
        "source_file": "01_oteller"
      }
    },
    {
      "type": "Feature",
      "geometry": {
        "type": "Point",
        "coordinates": [
          46.5788,
          39.9625
        ]
      },
      "properties": {
        "name": "Otel Noktasi 350",
        "category": "Otel",
        "source_file": "01_oteller"
      }
    },
    {
      "type": "Feature",
      "geometry": {
        "type": "Point",
        "coordinates": [
          46.5671,
          39.9588
        ]
      },
      "properties": {
        "name": "Otel Noktasi 351",
        "category": "Otel",
        "source_file": "01_oteller"
      }
    },
    {
      "type": "Feature",
      "geometry": {
        "type": "Point",
        "coordinates": [
          46.5579,
          39.959
        ]
      },
      "properties": {
        "name": "Otel Noktasi 352",
        "category": "Otel",
        "source_file": "01_oteller"
      }
    },
    {
      "type": "Feature",
      "geometry": {
        "type": "Point",
        "coordinates": [
          46.5477,
          39.9701
        ]
      },
      "properties": {
        "name": "Otel Noktasi 353",
        "category": "Otel",
        "source_file": "01_oteller"
      }
    },
    {
      "type": "Feature",
      "geometry": {
        "type": "Point",
        "coordinates": [
          46.5366,
          39.9775
        ]
      },
      "properties": {
        "name": "Otel Noktasi 354",
        "category": "Otel",
        "source_file": "01_oteller"
      }
    },
    {
      "type": "Feature",
      "geometry": {
        "type": "Point",
        "coordinates": [
          46.506,
          39.9857
        ]
      },
      "properties": {
        "name": "Otel Noktasi 355",
        "category": "Otel",
        "source_file": "01_oteller"
      }
    },
    {
      "type": "Feature",
      "geometry": {
        "type": "Point",
        "coordinates": [
          46.4987,
          39.9831
        ]
      },
      "properties": {
        "name": "Otel Noktasi 356",
        "category": "Otel",
        "source_file": "01_oteller"
      }
    },
    {
      "type": "Feature",
      "geometry": {
        "type": "Point",
        "coordinates": [
          46.4886,
          39.9715
        ]
      },
      "properties": {
        "name": "Otel Noktasi 357",
        "category": "Otel",
        "source_file": "01_oteller"
      }
    },
    {
      "type": "Feature",
      "geometry": {
        "type": "Point",
        "coordinates": [
          46.4799,
          39.9654
        ]
      },
      "properties": {
        "name": "Otel Noktasi 358",
        "category": "Otel",
        "source_file": "01_oteller"
      }
    },
    {
      "type": "Feature",
      "geometry": {
        "type": "Point",
        "coordinates": [
          46.451,
          39.9581
        ]
      },
      "properties": {
        "name": "Otel Noktasi 359",
        "category": "Otel",
        "source_file": "01_oteller"
      }
    },
    {
      "type": "Feature",
      "geometry": {
        "type": "Point",
        "coordinates": [
          46.8108,
          39.8037
        ]
      },
      "properties": {
        "name": "Otel Noktasi 360",
        "category": "Otel",
        "source_file": "01_oteller"
      }
    },
    {
      "type": "Feature",
      "geometry": {
        "type": "Point",
        "coordinates": [
          46.8168,
          39.8423
        ]
      },
      "properties": {
        "name": "Otel Noktasi 361",
        "category": "Otel",
        "source_file": "01_oteller"
      }
    },
    {
      "type": "Feature",
      "geometry": {
        "type": "Point",
        "coordinates": [
          46.7982,
          39.8568
        ]
      },
      "properties": {
        "name": "Otel Noktasi 362",
        "category": "Otel",
        "source_file": "01_oteller"
      }
    },
    {
      "type": "Feature",
      "geometry": {
        "type": "Point",
        "coordinates": [
          46.7513,
          39.8483
        ]
      },
      "properties": {
        "name": "Otel Noktasi 363",
        "category": "Otel",
        "source_file": "01_oteller"
      }
    },
    {
      "type": "Feature",
      "geometry": {
        "type": "Point",
        "coordinates": [
          46.7335,
          39.8126
        ]
      },
      "properties": {
        "name": "Otel Noktasi 364",
        "category": "Otel",
        "source_file": "01_oteller"
      }
    },
    {
      "type": "Feature",
      "geometry": {
        "type": "Point",
        "coordinates": [
          46.7692,
          39.7888
        ]
      },
      "properties": {
        "name": "Otel Noktasi 365",
        "category": "Otel",
        "source_file": "01_oteller"
      }
    },
    {
      "type": "Feature",
      "geometry": {
        "type": "Point",
        "coordinates": [
          46.8108,
          39.8037
        ]
      },
      "properties": {
        "name": "Otel Noktasi 366",
        "category": "Otel",
        "source_file": "01_oteller"
      }
    },
    {
      "type": "Feature",
      "geometry": {
        "type": "Point",
        "coordinates": [
          47.249,
          39.857
        ]
      },
      "properties": {
        "name": "Otel Noktasi 367",
        "category": "Otel",
        "source_file": "01_oteller"
      }
    },
    {
      "type": "Feature",
      "geometry": {
        "type": "Point",
        "coordinates": [
          47.2316,
          39.8614
        ]
      },
      "properties": {
        "name": "Otel Noktasi 368",
        "category": "Otel",
        "source_file": "01_oteller"
      }
    },
    {
      "type": "Feature",
      "geometry": {
        "type": "Point",
        "coordinates": [
          47.1814,
          39.8599
        ]
      },
      "properties": {
        "name": "Otel Noktasi 369",
        "category": "Otel",
        "source_file": "01_oteller"
      }
    },
    {
      "type": "Feature",
      "geometry": {
        "type": "Point",
        "coordinates": [
          47.1715,
          39.8519
        ]
      },
      "properties": {
        "name": "Otel Noktasi 370",
        "category": "Otel",
        "source_file": "01_oteller"
      }
    },
    {
      "type": "Feature",
      "geometry": {
        "type": "Point",
        "coordinates": [
          47.1596,
          39.8329
        ]
      },
      "properties": {
        "name": "Otel Noktasi 371",
        "category": "Otel",
        "source_file": "01_oteller"
      }
    },
    {
      "type": "Feature",
      "geometry": {
        "type": "Point",
        "coordinates": [
          47.1564,
          39.8287
        ]
      },
      "properties": {
        "name": "Otel Noktasi 372",
        "category": "Otel",
        "source_file": "01_oteller"
      }
    },
    {
      "type": "Feature",
      "geometry": {
        "type": "Point",
        "coordinates": [
          47.1529,
          39.8272
        ]
      },
      "properties": {
        "name": "Otel Noktasi 373",
        "category": "Otel",
        "source_file": "01_oteller"
      }
    },
    {
      "type": "Feature",
      "geometry": {
        "type": "Point",
        "coordinates": [
          47.127,
          39.8356
        ]
      },
      "properties": {
        "name": "Otel Noktasi 374",
        "category": "Otel",
        "source_file": "01_oteller"
      }
    },
    {
      "type": "Feature",
      "geometry": {
        "type": "Point",
        "coordinates": [
          47.1016,
          39.8416
        ]
      },
      "properties": {
        "name": "Otel Noktasi 375",
        "category": "Otel",
        "source_file": "01_oteller"
      }
    },
    {
      "type": "Feature",
      "geometry": {
        "type": "Point",
        "coordinates": [
          47.0759,
          39.8512
        ]
      },
      "properties": {
        "name": "Otel Noktasi 376",
        "category": "Otel",
        "source_file": "01_oteller"
      }
    },
    {
      "type": "Feature",
      "geometry": {
        "type": "Point",
        "coordinates": [
          47.0547,
          39.8606
        ]
      },
      "properties": {
        "name": "Otel Noktasi 377",
        "category": "Otel",
        "source_file": "01_oteller"
      }
    },
    {
      "type": "Feature",
      "geometry": {
        "type": "Point",
        "coordinates": [
          47.0285,
          39.8792
        ]
      },
      "properties": {
        "name": "Otel Noktasi 378",
        "category": "Otel",
        "source_file": "01_oteller"
      }
    },
    {
      "type": "Feature",
      "geometry": {
        "type": "Point",
        "coordinates": [
          47.0202,
          39.8823
        ]
      },
      "properties": {
        "name": "Otel Noktasi 379",
        "category": "Otel",
        "source_file": "01_oteller"
      }
    },
    {
      "type": "Feature",
      "geometry": {
        "type": "Point",
        "coordinates": [
          47.004,
          39.8828
        ]
      },
      "properties": {
        "name": "Otel Noktasi 380",
        "category": "Otel",
        "source_file": "01_oteller"
      }
    },
    {
      "type": "Feature",
      "geometry": {
        "type": "Point",
        "coordinates": [
          46.9902,
          39.8785
        ]
      },
      "properties": {
        "name": "Otel Noktasi 381",
        "category": "Otel",
        "source_file": "01_oteller"
      }
    },
    {
      "type": "Feature",
      "geometry": {
        "type": "Point",
        "coordinates": [
          46.9659,
          39.877
        ]
      },
      "properties": {
        "name": "Otel Noktasi 382",
        "category": "Otel",
        "source_file": "01_oteller"
      }
    },
    {
      "type": "Feature",
      "geometry": {
        "type": "Point",
        "coordinates": [
          46.9604,
          39.8751
        ]
      },
      "properties": {
        "name": "Otel Noktasi 383",
        "category": "Otel",
        "source_file": "01_oteller"
      }
    },
    {
      "type": "Feature",
      "geometry": {
        "type": "Point",
        "coordinates": [
          46.9576,
          39.8711
        ]
      },
      "properties": {
        "name": "Otel Noktasi 384",
        "category": "Otel",
        "source_file": "01_oteller"
      }
    },
    {
      "type": "Feature",
      "geometry": {
        "type": "Point",
        "coordinates": [
          46.9525,
          39.8548
        ]
      },
      "properties": {
        "name": "Otel Noktasi 385",
        "category": "Otel",
        "source_file": "01_oteller"
      }
    },
    {
      "type": "Feature",
      "geometry": {
        "type": "Point",
        "coordinates": [
          46.9487,
          39.8363
        ]
      },
      "properties": {
        "name": "Otel Noktasi 386",
        "category": "Otel",
        "source_file": "01_oteller"
      }
    },
    {
      "type": "Feature",
      "geometry": {
        "type": "Point",
        "coordinates": [
          46.9344,
          39.8233
        ]
      },
      "properties": {
        "name": "Otel Noktasi 387",
        "category": "Otel",
        "source_file": "01_oteller"
      }
    },
    {
      "type": "Feature",
      "geometry": {
        "type": "Point",
        "coordinates": [
          46.8997,
          39.8142
        ]
      },
      "properties": {
        "name": "Otel Noktasi 388",
        "category": "Otel",
        "source_file": "01_oteller"
      }
    },
    {
      "type": "Feature",
      "geometry": {
        "type": "Point",
        "coordinates": [
          46.8527,
          39.7953
        ]
      },
      "properties": {
        "name": "Otel Noktasi 389",
        "category": "Otel",
        "source_file": "01_oteller"
      }
    },
    {
      "type": "Feature",
      "geometry": {
        "type": "Point",
        "coordinates": [
          46.8458,
          39.7843
        ]
      },
      "properties": {
        "name": "Otel Noktasi 390",
        "category": "Otel",
        "source_file": "01_oteller"
      }
    },
    {
      "type": "Feature",
      "geometry": {
        "type": "Point",
        "coordinates": [
          46.8322,
          39.7709
        ]
      },
      "properties": {
        "name": "Otel Noktasi 391",
        "category": "Otel",
        "source_file": "01_oteller"
      }
    },
    {
      "type": "Feature",
      "geometry": {
        "type": "Point",
        "coordinates": [
          46.8316,
          39.7682
        ]
      },
      "properties": {
        "name": "Otel Noktasi 392",
        "category": "Otel",
        "source_file": "01_oteller"
      }
    },
    {
      "type": "Feature",
      "geometry": {
        "type": "Point",
        "coordinates": [
          46.8336,
          39.763
        ]
      },
      "properties": {
        "name": "Otel Noktasi 393",
        "category": "Otel",
        "source_file": "01_oteller"
      }
    },
    {
      "type": "Feature",
      "geometry": {
        "type": "Point",
        "coordinates": [
          46.8507,
          39.7435
        ]
      },
      "properties": {
        "name": "Otel Noktasi 394",
        "category": "Otel",
        "source_file": "01_oteller"
      }
    },
    {
      "type": "Feature",
      "geometry": {
        "type": "Point",
        "coordinates": [
          46.8892,
          39.7135
        ]
      },
      "properties": {
        "name": "Otel Noktasi 395",
        "category": "Otel",
        "source_file": "01_oteller"
      }
    },
    {
      "type": "Feature",
      "geometry": {
        "type": "Point",
        "coordinates": [
          46.8964,
          39.7061
        ]
      },
      "properties": {
        "name": "Otel Noktasi 396",
        "category": "Otel",
        "source_file": "01_oteller"
      }
    },
    {
      "type": "Feature",
      "geometry": {
        "type": "Point",
        "coordinates": [
          46.8999,
          39.6944
        ]
      },
      "properties": {
        "name": "Otel Noktasi 397",
        "category": "Otel",
        "source_file": "01_oteller"
      }
    },
    {
      "type": "Feature",
      "geometry": {
        "type": "Point",
        "coordinates": [
          46.906,
          39.6839
        ]
      },
      "properties": {
        "name": "Otel Noktasi 398",
        "category": "Otel",
        "source_file": "01_oteller"
      }
    },
    {
      "type": "Feature",
      "geometry": {
        "type": "Point",
        "coordinates": [
          46.9066,
          39.6714
        ]
      },
      "properties": {
        "name": "Otel Noktasi 399",
        "category": "Otel",
        "source_file": "01_oteller"
      }
    },
    {
      "type": "Feature",
      "geometry": {
        "type": "Point",
        "coordinates": [
          46.9049,
          39.6656
        ]
      },
      "properties": {
        "name": "Otel Noktasi 400",
        "category": "Otel",
        "source_file": "01_oteller"
      }
    },
    {
      "type": "Feature",
      "geometry": {
        "type": "Point",
        "coordinates": [
          46.8993,
          39.6611
        ]
      },
      "properties": {
        "name": "Otel Noktasi 401",
        "category": "Otel",
        "source_file": "01_oteller"
      }
    },
    {
      "type": "Feature",
      "geometry": {
        "type": "Point",
        "coordinates": [
          46.8743,
          39.6505
        ]
      },
      "properties": {
        "name": "Otel Noktasi 402",
        "category": "Otel",
        "source_file": "01_oteller"
      }
    },
    {
      "type": "Feature",
      "geometry": {
        "type": "Point",
        "coordinates": [
          46.8438,
          39.6284
        ]
      },
      "properties": {
        "name": "Otel Noktasi 403",
        "category": "Otel",
        "source_file": "01_oteller"
      }
    },
    {
      "type": "Feature",
      "geometry": {
        "type": "Point",
        "coordinates": [
          46.8346,
          39.6255
        ]
      },
      "properties": {
        "name": "Otel Noktasi 404",
        "category": "Otel",
        "source_file": "01_oteller"
      }
    },
    {
      "type": "Feature",
      "geometry": {
        "type": "Point",
        "coordinates": [
          46.8278,
          39.6273
        ]
      },
      "properties": {
        "name": "Otel Noktasi 405",
        "category": "Otel",
        "source_file": "01_oteller"
      }
    },
    {
      "type": "Feature",
      "geometry": {
        "type": "Point",
        "coordinates": [
          46.822,
          39.6311
        ]
      },
      "properties": {
        "name": "Otel Noktasi 406",
        "category": "Otel",
        "source_file": "01_oteller"
      }
    },
    {
      "type": "Feature",
      "geometry": {
        "type": "Point",
        "coordinates": [
          46.8079,
          39.6467
        ]
      },
      "properties": {
        "name": "Otel Noktasi 407",
        "category": "Otel",
        "source_file": "01_oteller"
      }
    },
    {
      "type": "Feature",
      "geometry": {
        "type": "Point",
        "coordinates": [
          46.7894,
          39.6555
        ]
      },
      "properties": {
        "name": "Otel Noktasi 408",
        "category": "Otel",
        "source_file": "01_oteller"
      }
    },
    {
      "type": "Feature",
      "geometry": {
        "type": "Point",
        "coordinates": [
          46.7769,
          39.6379
        ]
      },
      "properties": {
        "name": "Otel Noktasi 409",
        "category": "Otel",
        "source_file": "01_oteller"
      }
    },
    {
      "type": "Feature",
      "geometry": {
        "type": "Point",
        "coordinates": [
          46.7492,
          39.6079
        ]
      },
      "properties": {
        "name": "Otel Noktasi 410",
        "category": "Otel",
        "source_file": "01_oteller"
      }
    },
    {
      "type": "Feature",
      "geometry": {
        "type": "Point",
        "coordinates": [
          46.7356,
          39.5888
        ]
      },
      "properties": {
        "name": "Otel Noktasi 411",
        "category": "Otel",
        "source_file": "01_oteller"
      }
    },
    {
      "type": "Feature",
      "geometry": {
        "type": "Point",
        "coordinates": [
          46.7177,
          39.5833
        ]
      },
      "properties": {
        "name": "Otel Noktasi 412",
        "category": "Otel",
        "source_file": "01_oteller"
      }
    },
    {
      "type": "Feature",
      "geometry": {
        "type": "Point",
        "coordinates": [
          46.6828,
          39.582
        ]
      },
      "properties": {
        "name": "Otel Noktasi 413",
        "category": "Otel",
        "source_file": "01_oteller"
      }
    },
    {
      "type": "Feature",
      "geometry": {
        "type": "Point",
        "coordinates": [
          46.6713,
          39.5775
        ]
      },
      "properties": {
        "name": "Otel Noktasi 414",
        "category": "Otel",
        "source_file": "01_oteller"
      }
    },
    {
      "type": "Feature",
      "geometry": {
        "type": "Point",
        "coordinates": [
          46.6631,
          39.5698
        ]
      },
      "properties": {
        "name": "Otel Noktasi 415",
        "category": "Otel",
        "source_file": "01_oteller"
      }
    },
    {
      "type": "Feature",
      "geometry": {
        "type": "Point",
        "coordinates": [
          46.6625,
          39.5617
        ]
      },
      "properties": {
        "name": "Otel Noktasi 416",
        "category": "Otel",
        "source_file": "01_oteller"
      }
    },
    {
      "type": "Feature",
      "geometry": {
        "type": "Point",
        "coordinates": [
          46.6665,
          39.558
        ]
      },
      "properties": {
        "name": "Otel Noktasi 417",
        "category": "Otel",
        "source_file": "01_oteller"
      }
    },
    {
      "type": "Feature",
      "geometry": {
        "type": "Point",
        "coordinates": [
          46.6816,
          39.5503
        ]
      },
      "properties": {
        "name": "Otel Noktasi 418",
        "category": "Otel",
        "source_file": "01_oteller"
      }
    },
    {
      "type": "Feature",
      "geometry": {
        "type": "Point",
        "coordinates": [
          46.6862,
          39.5442
        ]
      },
      "properties": {
        "name": "Otel Noktasi 419",
        "category": "Otel",
        "source_file": "01_oteller"
      }
    },
    {
      "type": "Feature",
      "geometry": {
        "type": "Point",
        "coordinates": [
          46.6873,
          39.5194
        ]
      },
      "properties": {
        "name": "Otel Noktasi 420",
        "category": "Otel",
        "source_file": "01_oteller"
      }
    },
    {
      "type": "Feature",
      "geometry": {
        "type": "Point",
        "coordinates": [
          46.686,
          39.5102
        ]
      },
      "properties": {
        "name": "Otel Noktasi 421",
        "category": "Otel",
        "source_file": "01_oteller"
      }
    },
    {
      "type": "Feature",
      "geometry": {
        "type": "Point",
        "coordinates": [
          46.6821,
          39.5065
        ]
      },
      "properties": {
        "name": "Otel Noktasi 422",
        "category": "Otel",
        "source_file": "01_oteller"
      }
    },
    {
      "type": "Feature",
      "geometry": {
        "type": "Point",
        "coordinates": [
          46.6407,
          39.4835
        ]
      },
      "properties": {
        "name": "Otel Noktasi 423",
        "category": "Otel",
        "source_file": "01_oteller"
      }
    },
    {
      "type": "Feature",
      "geometry": {
        "type": "Point",
        "coordinates": [
          46.6625,
          39.4809
        ]
      },
      "properties": {
        "name": "Otel Noktasi 424",
        "category": "Otel",
        "source_file": "01_oteller"
      }
    },
    {
      "type": "Feature",
      "geometry": {
        "type": "Point",
        "coordinates": [
          46.6826,
          39.4758
        ]
      },
      "properties": {
        "name": "Otel Noktasi 425",
        "category": "Otel",
        "source_file": "01_oteller"
      }
    },
    {
      "type": "Feature",
      "geometry": {
        "type": "Point",
        "coordinates": [
          46.6999,
          39.4799
        ]
      },
      "properties": {
        "name": "Otel Noktasi 426",
        "category": "Otel",
        "source_file": "01_oteller"
      }
    },
    {
      "type": "Feature",
      "geometry": {
        "type": "Point",
        "coordinates": [
          46.72,
          39.4817
        ]
      },
      "properties": {
        "name": "Otel Noktasi 427",
        "category": "Otel",
        "source_file": "01_oteller"
      }
    },
    {
      "type": "Feature",
      "geometry": {
        "type": "Point",
        "coordinates": [
          46.7298,
          39.485
        ]
      },
      "properties": {
        "name": "Otel Noktasi 428",
        "category": "Otel",
        "source_file": "01_oteller"
      }
    },
    {
      "type": "Feature",
      "geometry": {
        "type": "Point",
        "coordinates": [
          46.7385,
          39.4837
        ]
      },
      "properties": {
        "name": "Otel Noktasi 429",
        "category": "Otel",
        "source_file": "01_oteller"
      }
    },
    {
      "type": "Feature",
      "geometry": {
        "type": "Point",
        "coordinates": [
          46.7595,
          39.4624
        ]
      },
      "properties": {
        "name": "Otel Noktasi 430",
        "category": "Otel",
        "source_file": "01_oteller"
      }
    },
    {
      "type": "Feature",
      "geometry": {
        "type": "Point",
        "coordinates": [
          46.7617,
          39.4573
        ]
      },
      "properties": {
        "name": "Otel Noktasi 431",
        "category": "Otel",
        "source_file": "01_oteller"
      }
    },
    {
      "type": "Feature",
      "geometry": {
        "type": "Point",
        "coordinates": [
          46.7516,
          39.4376
        ]
      },
      "properties": {
        "name": "Otel Noktasi 432",
        "category": "Otel",
        "source_file": "01_oteller"
      }
    },
    {
      "type": "Feature",
      "geometry": {
        "type": "Point",
        "coordinates": [
          46.7335,
          39.4163
        ]
      },
      "properties": {
        "name": "Otel Noktasi 433",
        "category": "Otel",
        "source_file": "01_oteller"
      }
    },
    {
      "type": "Feature",
      "geometry": {
        "type": "Point",
        "coordinates": [
          46.7631,
          39.4123
        ]
      },
      "properties": {
        "name": "Otel Noktasi 434",
        "category": "Otel",
        "source_file": "01_oteller"
      }
    },
    {
      "type": "Feature",
      "geometry": {
        "type": "Point",
        "coordinates": [
          46.7972,
          39.3974
        ]
      },
      "properties": {
        "name": "Otel Noktasi 435",
        "category": "Otel",
        "source_file": "01_oteller"
      }
    },
    {
      "type": "Feature",
      "geometry": {
        "type": "Point",
        "coordinates": [
          46.8034,
          39.3976
        ]
      },
      "properties": {
        "name": "Otel Noktasi 436",
        "category": "Otel",
        "source_file": "01_oteller"
      }
    },
    {
      "type": "Feature",
      "geometry": {
        "type": "Point",
        "coordinates": [
          46.81,
          39.4014
        ]
      },
      "properties": {
        "name": "Otel Noktasi 437",
        "category": "Otel",
        "source_file": "01_oteller"
      }
    },
    {
      "type": "Feature",
      "geometry": {
        "type": "Point",
        "coordinates": [
          46.8287,
          39.4279
        ]
      },
      "properties": {
        "name": "Otel Noktasi 438",
        "category": "Otel",
        "source_file": "01_oteller"
      }
    },
    {
      "type": "Feature",
      "geometry": {
        "type": "Point",
        "coordinates": [
          46.8287,
          39.4334
        ]
      },
      "properties": {
        "name": "Otel Noktasi 439",
        "category": "Otel",
        "source_file": "01_oteller"
      }
    },
    {
      "type": "Feature",
      "geometry": {
        "type": "Point",
        "coordinates": [
          46.8078,
          39.4663
        ]
      },
      "properties": {
        "name": "Otel Noktasi 440",
        "category": "Otel",
        "source_file": "01_oteller"
      }
    },
    {
      "type": "Feature",
      "geometry": {
        "type": "Point",
        "coordinates": [
          46.8138,
          39.4752
        ]
      },
      "properties": {
        "name": "Otel Noktasi 441",
        "category": "Otel",
        "source_file": "01_oteller"
      }
    },
    {
      "type": "Feature",
      "geometry": {
        "type": "Point",
        "coordinates": [
          46.8182,
          39.4776
        ]
      },
      "properties": {
        "name": "Otel Noktasi 442",
        "category": "Otel",
        "source_file": "01_oteller"
      }
    },
    {
      "type": "Feature",
      "geometry": {
        "type": "Point",
        "coordinates": [
          46.826,
          39.4786
        ]
      },
      "properties": {
        "name": "Otel Noktasi 443",
        "category": "Otel",
        "source_file": "01_oteller"
      }
    },
    {
      "type": "Feature",
      "geometry": {
        "type": "Point",
        "coordinates": [
          46.8395,
          39.4758
        ]
      },
      "properties": {
        "name": "Otel Noktasi 444",
        "category": "Otel",
        "source_file": "01_oteller"
      }
    },
    {
      "type": "Feature",
      "geometry": {
        "type": "Point",
        "coordinates": [
          46.852,
          39.4659
        ]
      },
      "properties": {
        "name": "Otel Noktasi 445",
        "category": "Otel",
        "source_file": "01_oteller"
      }
    },
    {
      "type": "Feature",
      "geometry": {
        "type": "Point",
        "coordinates": [
          46.8596,
          39.4619
        ]
      },
      "properties": {
        "name": "Otel Noktasi 446",
        "category": "Otel",
        "source_file": "01_oteller"
      }
    },
    {
      "type": "Feature",
      "geometry": {
        "type": "Point",
        "coordinates": [
          46.8806,
          39.4574
        ]
      },
      "properties": {
        "name": "Otel Noktasi 447",
        "category": "Otel",
        "source_file": "01_oteller"
      }
    },
    {
      "type": "Feature",
      "geometry": {
        "type": "Point",
        "coordinates": [
          46.8927,
          39.4515
        ]
      },
      "properties": {
        "name": "Otel Noktasi 448",
        "category": "Otel",
        "source_file": "01_oteller"
      }
    },
    {
      "type": "Feature",
      "geometry": {
        "type": "Point",
        "coordinates": [
          46.895,
          39.4484
        ]
      },
      "properties": {
        "name": "Otel Noktasi 449",
        "category": "Otel",
        "source_file": "01_oteller"
      }
    },
    {
      "type": "Feature",
      "geometry": {
        "type": "Point",
        "coordinates": [
          46.8901,
          39.4359
        ]
      },
      "properties": {
        "name": "Otel Noktasi 450",
        "category": "Otel",
        "source_file": "01_oteller"
      }
    },
    {
      "type": "Feature",
      "geometry": {
        "type": "Point",
        "coordinates": [
          46.8923,
          39.4285
        ]
      },
      "properties": {
        "name": "Otel Noktasi 451",
        "category": "Otel",
        "source_file": "01_oteller"
      }
    },
    {
      "type": "Feature",
      "geometry": {
        "type": "Point",
        "coordinates": [
          46.9015,
          39.4229
        ]
      },
      "properties": {
        "name": "Otel Noktasi 452",
        "category": "Otel",
        "source_file": "01_oteller"
      }
    },
    {
      "type": "Feature",
      "geometry": {
        "type": "Point",
        "coordinates": [
          46.9183,
          39.4159
        ]
      },
      "properties": {
        "name": "Otel Noktasi 453",
        "category": "Otel",
        "source_file": "01_oteller"
      }
    },
    {
      "type": "Feature",
      "geometry": {
        "type": "Point",
        "coordinates": [
          46.9363,
          39.404
        ]
      },
      "properties": {
        "name": "Otel Noktasi 454",
        "category": "Otel",
        "source_file": "01_oteller"
      }
    },
    {
      "type": "Feature",
      "geometry": {
        "type": "Point",
        "coordinates": [
          46.9628,
          39.3918
        ]
      },
      "properties": {
        "name": "Otel Noktasi 455",
        "category": "Otel",
        "source_file": "01_oteller"
      }
    },
    {
      "type": "Feature",
      "geometry": {
        "type": "Point",
        "coordinates": [
          46.9634,
          39.3872
        ]
      },
      "properties": {
        "name": "Otel Noktasi 456",
        "category": "Otel",
        "source_file": "01_oteller"
      }
    },
    {
      "type": "Feature",
      "geometry": {
        "type": "Point",
        "coordinates": [
          46.9597,
          39.3797
        ]
      },
      "properties": {
        "name": "Otel Noktasi 457",
        "category": "Otel",
        "source_file": "01_oteller"
      }
    },
    {
      "type": "Feature",
      "geometry": {
        "type": "Point",
        "coordinates": [
          46.9622,
          39.3754
        ]
      },
      "properties": {
        "name": "Otel Noktasi 458",
        "category": "Otel",
        "source_file": "01_oteller"
      }
    },
    {
      "type": "Feature",
      "geometry": {
        "type": "Point",
        "coordinates": [
          46.9733,
          39.3742
        ]
      },
      "properties": {
        "name": "Otel Noktasi 459",
        "category": "Otel",
        "source_file": "01_oteller"
      }
    },
    {
      "type": "Feature",
      "geometry": {
        "type": "Point",
        "coordinates": [
          46.9831,
          39.3763
        ]
      },
      "properties": {
        "name": "Otel Noktasi 460",
        "category": "Otel",
        "source_file": "01_oteller"
      }
    },
    {
      "type": "Feature",
      "geometry": {
        "type": "Point",
        "coordinates": [
          47.0061,
          39.3917
        ]
      },
      "properties": {
        "name": "Otel Noktasi 461",
        "category": "Otel",
        "source_file": "01_oteller"
      }
    },
    {
      "type": "Feature",
      "geometry": {
        "type": "Point",
        "coordinates": [
          47.0174,
          39.3972
        ]
      },
      "properties": {
        "name": "Otel Noktasi 462",
        "category": "Otel",
        "source_file": "01_oteller"
      }
    },
    {
      "type": "Feature",
      "geometry": {
        "type": "Point",
        "coordinates": [
          47.0238,
          39.3972
        ]
      },
      "properties": {
        "name": "Otel Noktasi 463",
        "category": "Otel",
        "source_file": "01_oteller"
      }
    },
    {
      "type": "Feature",
      "geometry": {
        "type": "Point",
        "coordinates": [
          47.0372,
          39.3935
        ]
      },
      "properties": {
        "name": "Otel Noktasi 464",
        "category": "Otel",
        "source_file": "01_oteller"
      }
    },
    {
      "type": "Feature",
      "geometry": {
        "type": "Point",
        "coordinates": [
          47.0446,
          39.396
        ]
      },
      "properties": {
        "name": "Otel Noktasi 465",
        "category": "Otel",
        "source_file": "01_oteller"
      }
    },
    {
      "type": "Feature",
      "geometry": {
        "type": "Point",
        "coordinates": [
          47.0475,
          39.3994
        ]
      },
      "properties": {
        "name": "Otel Noktasi 466",
        "category": "Otel",
        "source_file": "01_oteller"
      }
    },
    {
      "type": "Feature",
      "geometry": {
        "type": "Point",
        "coordinates": [
          47.0479,
          39.4041
        ]
      },
      "properties": {
        "name": "Otel Noktasi 467",
        "category": "Otel",
        "source_file": "01_oteller"
      }
    },
    {
      "type": "Feature",
      "geometry": {
        "type": "Point",
        "coordinates": [
          47.0274,
          39.435
        ]
      },
      "properties": {
        "name": "Otel Noktasi 468",
        "category": "Otel",
        "source_file": "01_oteller"
      }
    },
    {
      "type": "Feature",
      "geometry": {
        "type": "Point",
        "coordinates": [
          47.026,
          39.4375
        ]
      },
      "properties": {
        "name": "Otel Noktasi 469",
        "category": "Otel",
        "source_file": "01_oteller"
      }
    },
    {
      "type": "Feature",
      "geometry": {
        "type": "Point",
        "coordinates": [
          47.0264,
          39.4422
        ]
      },
      "properties": {
        "name": "Otel Noktasi 470",
        "category": "Otel",
        "source_file": "01_oteller"
      }
    },
    {
      "type": "Feature",
      "geometry": {
        "type": "Point",
        "coordinates": [
          47.0294,
          39.4457
        ]
      },
      "properties": {
        "name": "Otel Noktasi 471",
        "category": "Otel",
        "source_file": "01_oteller"
      }
    },
    {
      "type": "Feature",
      "geometry": {
        "type": "Point",
        "coordinates": [
          47.0441,
          39.454
        ]
      },
      "properties": {
        "name": "Otel Noktasi 472",
        "category": "Otel",
        "source_file": "01_oteller"
      }
    },
    {
      "type": "Feature",
      "geometry": {
        "type": "Point",
        "coordinates": [
          47.0534,
          39.466
        ]
      },
      "properties": {
        "name": "Otel Noktasi 473",
        "category": "Otel",
        "source_file": "01_oteller"
      }
    },
    {
      "type": "Feature",
      "geometry": {
        "type": "Point",
        "coordinates": [
          47.0635,
          39.4744
        ]
      },
      "properties": {
        "name": "Otel Noktasi 474",
        "category": "Otel",
        "source_file": "01_oteller"
      }
    },
    {
      "type": "Feature",
      "geometry": {
        "type": "Point",
        "coordinates": [
          47.064,
          39.4804
        ]
      },
      "properties": {
        "name": "Otel Noktasi 475",
        "category": "Otel",
        "source_file": "01_oteller"
      }
    },
    {
      "type": "Feature",
      "geometry": {
        "type": "Point",
        "coordinates": [
          47.0608,
          39.4883
        ]
      },
      "properties": {
        "name": "Otel Noktasi 476",
        "category": "Otel",
        "source_file": "01_oteller"
      }
    },
    {
      "type": "Feature",
      "geometry": {
        "type": "Point",
        "coordinates": [
          47.0619,
          39.4913
        ]
      },
      "properties": {
        "name": "Otel Noktasi 477",
        "category": "Otel",
        "source_file": "01_oteller"
      }
    },
    {
      "type": "Feature",
      "geometry": {
        "type": "Point",
        "coordinates": [
          47.0669,
          39.4931
        ]
      },
      "properties": {
        "name": "Otel Noktasi 478",
        "category": "Otel",
        "source_file": "01_oteller"
      }
    },
    {
      "type": "Feature",
      "geometry": {
        "type": "Point",
        "coordinates": [
          47.0916,
          39.4937
        ]
      },
      "properties": {
        "name": "Otel Noktasi 479",
        "category": "Otel",
        "source_file": "01_oteller"
      }
    },
    {
      "type": "Feature",
      "geometry": {
        "type": "Point",
        "coordinates": [
          47.0974,
          39.4968
        ]
      },
      "properties": {
        "name": "Otel Noktasi 480",
        "category": "Otel",
        "source_file": "01_oteller"
      }
    },
    {
      "type": "Feature",
      "geometry": {
        "type": "Point",
        "coordinates": [
          47.0929,
          39.5092
        ]
      },
      "properties": {
        "name": "Otel Noktasi 481",
        "category": "Otel",
        "source_file": "01_oteller"
      }
    },
    {
      "type": "Feature",
      "geometry": {
        "type": "Point",
        "coordinates": [
          47.091,
          39.5281
        ]
      },
      "properties": {
        "name": "Otel Noktasi 482",
        "category": "Otel",
        "source_file": "01_oteller"
      }
    },
    {
      "type": "Feature",
      "geometry": {
        "type": "Point",
        "coordinates": [
          47.0853,
          39.5412
        ]
      },
      "properties": {
        "name": "Otel Noktasi 483",
        "category": "Otel",
        "source_file": "01_oteller"
      }
    },
    {
      "type": "Feature",
      "geometry": {
        "type": "Point",
        "coordinates": [
          47.0905,
          39.5481
        ]
      },
      "properties": {
        "name": "Otel Noktasi 484",
        "category": "Otel",
        "source_file": "01_oteller"
      }
    },
    {
      "type": "Feature",
      "geometry": {
        "type": "Point",
        "coordinates": [
          47.1043,
          39.5548
        ]
      },
      "properties": {
        "name": "Otel Noktasi 485",
        "category": "Otel",
        "source_file": "01_oteller"
      }
    },
    {
      "type": "Feature",
      "geometry": {
        "type": "Point",
        "coordinates": [
          47.1051,
          39.5584
        ]
      },
      "properties": {
        "name": "Otel Noktasi 486",
        "category": "Otel",
        "source_file": "01_oteller"
      }
    },
    {
      "type": "Feature",
      "geometry": {
        "type": "Point",
        "coordinates": [
          47.1022,
          39.5664
        ]
      },
      "properties": {
        "name": "Otel Noktasi 487",
        "category": "Otel",
        "source_file": "01_oteller"
      }
    },
    {
      "type": "Feature",
      "geometry": {
        "type": "Point",
        "coordinates": [
          47.1059,
          39.5786
        ]
      },
      "properties": {
        "name": "Otel Noktasi 488",
        "category": "Otel",
        "source_file": "01_oteller"
      }
    },
    {
      "type": "Feature",
      "geometry": {
        "type": "Point",
        "coordinates": [
          47.1033,
          39.5811
        ]
      },
      "properties": {
        "name": "Otel Noktasi 489",
        "category": "Otel",
        "source_file": "01_oteller"
      }
    },
    {
      "type": "Feature",
      "geometry": {
        "type": "Point",
        "coordinates": [
          47.0964,
          39.5824
        ]
      },
      "properties": {
        "name": "Otel Noktasi 490",
        "category": "Otel",
        "source_file": "01_oteller"
      }
    },
    {
      "type": "Feature",
      "geometry": {
        "type": "Point",
        "coordinates": [
          47.0826,
          39.5803
        ]
      },
      "properties": {
        "name": "Otel Noktasi 491",
        "category": "Otel",
        "source_file": "01_oteller"
      }
    },
    {
      "type": "Feature",
      "geometry": {
        "type": "Point",
        "coordinates": [
          47.0534,
          39.5611
        ]
      },
      "properties": {
        "name": "Otel Noktasi 492",
        "category": "Otel",
        "source_file": "01_oteller"
      }
    },
    {
      "type": "Feature",
      "geometry": {
        "type": "Point",
        "coordinates": [
          47.0355,
          39.5542
        ]
      },
      "properties": {
        "name": "Otel Noktasi 493",
        "category": "Otel",
        "source_file": "01_oteller"
      }
    },
    {
      "type": "Feature",
      "geometry": {
        "type": "Point",
        "coordinates": [
          47.0302,
          39.554
        ]
      },
      "properties": {
        "name": "Otel Noktasi 494",
        "category": "Otel",
        "source_file": "01_oteller"
      }
    },
    {
      "type": "Feature",
      "geometry": {
        "type": "Point",
        "coordinates": [
          47.0206,
          39.5584
        ]
      },
      "properties": {
        "name": "Otel Noktasi 495",
        "category": "Otel",
        "source_file": "01_oteller"
      }
    },
    {
      "type": "Feature",
      "geometry": {
        "type": "Point",
        "coordinates": [
          47.0165,
          39.5645
        ]
      },
      "properties": {
        "name": "Otel Noktasi 496",
        "category": "Otel",
        "source_file": "01_oteller"
      }
    },
    {
      "type": "Feature",
      "geometry": {
        "type": "Point",
        "coordinates": [
          47.0174,
          39.5702
        ]
      },
      "properties": {
        "name": "Otel Noktasi 497",
        "category": "Otel",
        "source_file": "01_oteller"
      }
    },
    {
      "type": "Feature",
      "geometry": {
        "type": "Point",
        "coordinates": [
          47.0334,
          39.586
        ]
      },
      "properties": {
        "name": "Otel Noktasi 498",
        "category": "Otel",
        "source_file": "01_oteller"
      }
    },
    {
      "type": "Feature",
      "geometry": {
        "type": "Point",
        "coordinates": [
          47.0415,
          39.5891
        ]
      },
      "properties": {
        "name": "Otel Noktasi 499",
        "category": "Otel",
        "source_file": "01_oteller"
      }
    },
    {
      "type": "Feature",
      "geometry": {
        "type": "Point",
        "coordinates": [
          47.066,
          39.5904
        ]
      },
      "properties": {
        "name": "Otel Noktasi 500",
        "category": "Otel",
        "source_file": "01_oteller"
      }
    },
    {
      "type": "Feature",
      "geometry": {
        "type": "Point",
        "coordinates": [
          47.0859,
          39.5971
        ]
      },
      "properties": {
        "name": "Otel Noktasi 501",
        "category": "Otel",
        "source_file": "01_oteller"
      }
    },
    {
      "type": "Feature",
      "geometry": {
        "type": "Point",
        "coordinates": [
          47.0976,
          39.6036
        ]
      },
      "properties": {
        "name": "Otel Noktasi 502",
        "category": "Otel",
        "source_file": "01_oteller"
      }
    },
    {
      "type": "Feature",
      "geometry": {
        "type": "Point",
        "coordinates": [
          47.1005,
          39.6111
        ]
      },
      "properties": {
        "name": "Otel Noktasi 503",
        "category": "Otel",
        "source_file": "01_oteller"
      }
    },
    {
      "type": "Feature",
      "geometry": {
        "type": "Point",
        "coordinates": [
          47.0975,
          39.6181
        ]
      },
      "properties": {
        "name": "Otel Noktasi 504",
        "category": "Otel",
        "source_file": "01_oteller"
      }
    },
    {
      "type": "Feature",
      "geometry": {
        "type": "Point",
        "coordinates": [
          47.0884,
          39.6198
        ]
      },
      "properties": {
        "name": "Otel Noktasi 505",
        "category": "Otel",
        "source_file": "01_oteller"
      }
    },
    {
      "type": "Feature",
      "geometry": {
        "type": "Point",
        "coordinates": [
          47.065,
          39.6098
        ]
      },
      "properties": {
        "name": "Otel Noktasi 506",
        "category": "Otel",
        "source_file": "01_oteller"
      }
    },
    {
      "type": "Feature",
      "geometry": {
        "type": "Point",
        "coordinates": [
          47.0504,
          39.6096
        ]
      },
      "properties": {
        "name": "Otel Noktasi 507",
        "category": "Otel",
        "source_file": "01_oteller"
      }
    },
    {
      "type": "Feature",
      "geometry": {
        "type": "Point",
        "coordinates": [
          47.0342,
          39.6164
        ]
      },
      "properties": {
        "name": "Otel Noktasi 508",
        "category": "Otel",
        "source_file": "01_oteller"
      }
    },
    {
      "type": "Feature",
      "geometry": {
        "type": "Point",
        "coordinates": [
          47.0277,
          39.6211
        ]
      },
      "properties": {
        "name": "Otel Noktasi 509",
        "category": "Otel",
        "source_file": "01_oteller"
      }
    },
    {
      "type": "Feature",
      "geometry": {
        "type": "Point",
        "coordinates": [
          47.0244,
          39.6282
        ]
      },
      "properties": {
        "name": "Otel Noktasi 510",
        "category": "Otel",
        "source_file": "01_oteller"
      }
    },
    {
      "type": "Feature",
      "geometry": {
        "type": "Point",
        "coordinates": [
          47.0259,
          39.6368
        ]
      },
      "properties": {
        "name": "Otel Noktasi 511",
        "category": "Otel",
        "source_file": "01_oteller"
      }
    },
    {
      "type": "Feature",
      "geometry": {
        "type": "Point",
        "coordinates": [
          47.0294,
          39.6394
        ]
      },
      "properties": {
        "name": "Otel Noktasi 512",
        "category": "Otel",
        "source_file": "01_oteller"
      }
    },
    {
      "type": "Feature",
      "geometry": {
        "type": "Point",
        "coordinates": [
          47.0369,
          39.6406
        ]
      },
      "properties": {
        "name": "Otel Noktasi 513",
        "category": "Otel",
        "source_file": "01_oteller"
      }
    },
    {
      "type": "Feature",
      "geometry": {
        "type": "Point",
        "coordinates": [
          47.0829,
          39.6411
        ]
      },
      "properties": {
        "name": "Otel Noktasi 514",
        "category": "Otel",
        "source_file": "01_oteller"
      }
    },
    {
      "type": "Feature",
      "geometry": {
        "type": "Point",
        "coordinates": [
          47.138,
          39.6617
        ]
      },
      "properties": {
        "name": "Otel Noktasi 515",
        "category": "Otel",
        "source_file": "01_oteller"
      }
    },
    {
      "type": "Feature",
      "geometry": {
        "type": "Point",
        "coordinates": [
          47.1518,
          39.6713
        ]
      },
      "properties": {
        "name": "Otel Noktasi 516",
        "category": "Otel",
        "source_file": "01_oteller"
      }
    },
    {
      "type": "Feature",
      "geometry": {
        "type": "Point",
        "coordinates": [
          47.1651,
          39.6844
        ]
      },
      "properties": {
        "name": "Otel Noktasi 517",
        "category": "Otel",
        "source_file": "01_oteller"
      }
    },
    {
      "type": "Feature",
      "geometry": {
        "type": "Point",
        "coordinates": [
          47.1841,
          39.6843
        ]
      },
      "properties": {
        "name": "Otel Noktasi 518",
        "category": "Otel",
        "source_file": "01_oteller"
      }
    },
    {
      "type": "Feature",
      "geometry": {
        "type": "Point",
        "coordinates": [
          47.2146,
          39.6945
        ]
      },
      "properties": {
        "name": "Otel Noktasi 519",
        "category": "Otel",
        "source_file": "01_oteller"
      }
    },
    {
      "type": "Feature",
      "geometry": {
        "type": "Point",
        "coordinates": [
          47.2648,
          39.6946
        ]
      },
      "properties": {
        "name": "Otel Noktasi 520",
        "category": "Otel",
        "source_file": "01_oteller"
      }
    },
    {
      "type": "Feature",
      "geometry": {
        "type": "Point",
        "coordinates": [
          47.2968,
          39.7056
        ]
      },
      "properties": {
        "name": "Otel Noktasi 521",
        "category": "Otel",
        "source_file": "01_oteller"
      }
    },
    {
      "type": "Feature",
      "geometry": {
        "type": "Point",
        "coordinates": [
          47.3115,
          39.708
        ]
      },
      "properties": {
        "name": "Otel Noktasi 522",
        "category": "Otel",
        "source_file": "01_oteller"
      }
    },
    {
      "type": "Feature",
      "geometry": {
        "type": "Point",
        "coordinates": [
          47.3236,
          39.7242
        ]
      },
      "properties": {
        "name": "Otel Noktasi 523",
        "category": "Otel",
        "source_file": "01_oteller"
      }
    },
    {
      "type": "Feature",
      "geometry": {
        "type": "Point",
        "coordinates": [
          47.3299,
          39.7371
        ]
      },
      "properties": {
        "name": "Otel Noktasi 524",
        "category": "Otel",
        "source_file": "01_oteller"
      }
    },
    {
      "type": "Feature",
      "geometry": {
        "type": "Point",
        "coordinates": [
          47.3438,
          39.7571
        ]
      },
      "properties": {
        "name": "Otel Noktasi 525",
        "category": "Otel",
        "source_file": "01_oteller"
      }
    },
    {
      "type": "Feature",
      "geometry": {
        "type": "Point",
        "coordinates": [
          47.345,
          39.763
        ]
      },
      "properties": {
        "name": "Otel Noktasi 526",
        "category": "Otel",
        "source_file": "01_oteller"
      }
    },
    {
      "type": "Feature",
      "geometry": {
        "type": "Point",
        "coordinates": [
          47.3438,
          39.7688
        ]
      },
      "properties": {
        "name": "Otel Noktasi 527",
        "category": "Otel",
        "source_file": "01_oteller"
      }
    },
    {
      "type": "Feature",
      "geometry": {
        "type": "Point",
        "coordinates": [
          47.3318,
          39.7848
        ]
      },
      "properties": {
        "name": "Otel Noktasi 528",
        "category": "Otel",
        "source_file": "01_oteller"
      }
    },
    {
      "type": "Feature",
      "geometry": {
        "type": "Point",
        "coordinates": [
          47.3056,
          39.7991
        ]
      },
      "properties": {
        "name": "Otel Noktasi 529",
        "category": "Otel",
        "source_file": "01_oteller"
      }
    },
    {
      "type": "Feature",
      "geometry": {
        "type": "Point",
        "coordinates": [
          47.2921,
          39.8047
        ]
      },
      "properties": {
        "name": "Otel Noktasi 530",
        "category": "Otel",
        "source_file": "01_oteller"
      }
    },
    {
      "type": "Feature",
      "geometry": {
        "type": "Point",
        "coordinates": [
          47.2802,
          39.8122
        ]
      },
      "properties": {
        "name": "Otel Noktasi 531",
        "category": "Otel",
        "source_file": "01_oteller"
      }
    },
    {
      "type": "Feature",
      "geometry": {
        "type": "Point",
        "coordinates": [
          47.2669,
          39.8176
        ]
      },
      "properties": {
        "name": "Otel Noktasi 532",
        "category": "Otel",
        "source_file": "01_oteller"
      }
    },
    {
      "type": "Feature",
      "geometry": {
        "type": "Point",
        "coordinates": [
          47.2569,
          39.825
        ]
      },
      "properties": {
        "name": "Otel Noktasi 533",
        "category": "Otel",
        "source_file": "01_oteller"
      }
    },
    {
      "type": "Feature",
      "geometry": {
        "type": "Point",
        "coordinates": [
          47.2527,
          39.8316
        ]
      },
      "properties": {
        "name": "Otel Noktasi 534",
        "category": "Otel",
        "source_file": "01_oteller"
      }
    },
    {
      "type": "Feature",
      "geometry": {
        "type": "Point",
        "coordinates": [
          47.249,
          39.857
        ]
      },
      "properties": {
        "name": "Otel Noktasi 535",
        "category": "Otel",
        "source_file": "01_oteller"
      }
    }
  ]
}