{
  "type": "FeatureCollection",
  "features": [
    {
      "type": "Feature",
      "geometry": {
        "type": "Point",
        "coordinates": [
          47.0921,
          39.6199
        ]
      },
      "properties": {
        "name": "Otel Noktasi 1",
        "category": "Otel",
        "source_file": "01_oteller"
      }
    },
    {
      "type": "Feature",
      "geometry": {
        "type": "Point",
        "coordinates": [
          47.0989,
          39.6166
        ]
      },
      "properties": {
        "name": "Otel Noktasi 2",
        "category": "Otel",
        "source_file": "01_oteller"
      }
    },
    {
      "type": "Feature",
      "geometry": {
        "type": "Point",
        "coordinates": [
          47.1001,
          39.6081
        ]
      },
      "properties": {
        "name": "Otel Noktasi 3",
        "category": "Otel",
        "source_file": "01_oteller"
      }
    },
    {
      "type": "Feature",
      "geometry": {
        "type": "Point",
        "coordinates": [
          47.0976,
          39.6036
        ]
      },
      "properties": {
        "name": "Otel Noktasi 4",
        "category": "Otel",
        "source_file": "01_oteller"
      }
    },
    {
      "type": "Feature",
      "geometry": {
        "type": "Point",
        "coordinates": [
          47.0935,
          39.6006
        ]
      },
      "properties": {
        "name": "Otel Noktasi 5",
        "category": "Otel",
        "source_file": "01_oteller"
      }
    },
    {
      "type": "Feature",
      "geometry": {
        "type": "Point",
        "coordinates": [
          47.066,
          39.5904
        ]
      },
      "properties": {
        "name": "Otel Noktasi 6",
        "category": "Otel",
        "source_file": "01_oteller"
      }
    },
    {
      "type": "Feature",
      "geometry": {
        "type": "Point",
        "coordinates": [
          47.0415,
          39.5891
        ]
      },
      "properties": {
        "name": "Otel Noktasi 7",
        "category": "Otel",
        "source_file": "01_oteller"
      }
    },
    {
      "type": "Feature",
      "geometry": {
        "type": "Point",
        "coordinates": [
          47.0355,
          39.5873
        ]
      },
      "properties": {
        "name": "Otel Noktasi 8",
        "category": "Otel",
        "source_file": "01_oteller"
      }
    },
    {
      "type": "Feature",
      "geometry": {
        "type": "Point",
        "coordinates": [
          47.0209,
          39.5746
        ]
      },
      "properties": {
        "name": "Otel Noktasi 9",
        "category": "Otel",
        "source_file": "01_oteller"
      }
    },
    {
      "type": "Feature",
      "geometry": {
        "type": "Point",
        "coordinates": [
          47.0165,
          39.5674
        ]
      },
      "properties": {
        "name": "Otel Noktasi 10",
        "category": "Otel",
        "source_file": "01_oteller"
      }
    },
    {
      "type": "Feature",
      "geometry": {
        "type": "Point",
        "coordinates": [
          47.0175,
          39.5617
        ]
      },
      "properties": {
        "name": "Otel Noktasi 11",
        "category": "Otel",
        "source_file": "01_oteller"
      }
    },
    {
      "type": "Feature",
      "geometry": {
        "type": "Point",
        "coordinates": [
          47.0206,
          39.5584
        ]
      },
      "properties": {
        "name": "Otel Noktasi 12",
        "category": "Otel",
        "source_file": "01_oteller"
      }
    },
    {
      "type": "Feature",
      "geometry": {
        "type": "Point",
        "coordinates": [
          47.0325,
          39.5537
        ]
      },
      "properties": {
        "name": "Otel Noktasi 13",
        "category": "Otel",
        "source_file": "01_oteller"
      }
    },
    {
      "type": "Feature",
      "geometry": {
        "type": "Point",
        "coordinates": [
          47.0534,
          39.5611
        ]
      },
      "properties": {
        "name": "Otel Noktasi 14",
        "category": "Otel",
        "source_file": "01_oteller"
      }
    },
    {
      "type": "Feature",
      "geometry": {
        "type": "Point",
        "coordinates": [
          47.0826,
          39.5803
        ]
      },
      "properties": {
        "name": "Otel Noktasi 15",
        "category": "Otel",
        "source_file": "01_oteller"
      }
    },
    {
      "type": "Feature",
      "geometry": {
        "type": "Point",
        "coordinates": [
          47.0964,
          39.5824
        ]
      },
      "properties": {
        "name": "Otel Noktasi 16",
        "category": "Otel",
        "source_file": "01_oteller"
      }
    },
    {
      "type": "Feature",
      "geometry": {
        "type": "Point",
        "coordinates": [
          47.1049,
          39.58
        ]
      },
      "properties": {
        "name": "Otel Noktasi 17",
        "category": "Otel",
        "source_file": "01_oteller"
      }
    },
    {
      "type": "Feature",
      "geometry": {
        "type": "Point",
        "coordinates": [
          47.106,
          39.5768
        ]
      },
      "properties": {
        "name": "Otel Noktasi 18",
        "category": "Otel",
        "source_file": "01_oteller"
      }
    },
    {
      "type": "Feature",
      "geometry": {
        "type": "Point",
        "coordinates": [
          47.1022,
          39.5664
        ]
      },
      "properties": {
        "name": "Otel Noktasi 19",
        "category": "Otel",
        "source_file": "01_oteller"
      }
    },
    {
      "type": "Feature",
      "geometry": {
        "type": "Point",
        "coordinates": [
          47.1051,
          39.5584
        ]
      },
      "properties": {
        "name": "Otel Noktasi 20",
        "category": "Otel",
        "source_file": "01_oteller"
      }
    },
    {
      "type": "Feature",
      "geometry": {
        "type": "Point",
        "coordinates": [
          47.1043,
          39.5548
        ]
      },
      "properties": {
        "name": "Otel Noktasi 21",
        "category": "Otel",
        "source_file": "01_oteller"
      }
    },
    {
      "type": "Feature",
      "geometry": {
        "type": "Point",
        "coordinates": [
          47.0905,
          39.5481
        ]
      },
      "properties": {
        "name": "Otel Noktasi 22",
        "category": "Otel",
        "source_file": "01_oteller"
      }
    },
    {
      "type": "Feature",
      "geometry": {
        "type": "Point",
        "coordinates": [
          47.0853,
          39.5412
        ]
      },
      "properties": {
        "name": "Otel Noktasi 23",
        "category": "Otel",
        "source_file": "01_oteller"
      }
    },
    {
      "type": "Feature",
      "geometry": {
        "type": "Point",
        "coordinates": [
          47.091,
          39.5281
        ]
      },
      "properties": {
        "name": "Otel Noktasi 24",
        "category": "Otel",
        "source_file": "01_oteller"
      }
    },
    {
      "type": "Feature",
      "geometry": {
        "type": "Point",
        "coordinates": [
          47.0929,
          39.5092
        ]
      },
      "properties": {
        "name": "Otel Noktasi 25",
        "category": "Otel",
        "source_file": "01_oteller"
      }
    },
    {
      "type": "Feature",
      "geometry": {
        "type": "Point",
        "coordinates": [
          47.0974,
          39.4968
        ]
      },
      "properties": {
        "name": "Otel Noktasi 26",
        "category": "Otel",
        "source_file": "01_oteller"
      }
    },
    {
      "type": "Feature",
      "geometry": {
        "type": "Point",
        "coordinates": [
          47.0916,
          39.4937
        ]
      },
      "properties": {
        "name": "Otel Noktasi 27",
        "category": "Otel",
        "source_file": "01_oteller"
      }
    },
    {
      "type": "Feature",
      "geometry": {
        "type": "Point",
        "coordinates": [
          47.0669,
          39.4931
        ]
      },
      "properties": {
        "name": "Otel Noktasi 28",
        "category": "Otel",
        "source_file": "01_oteller"
      }
    },
    {
      "type": "Feature",
      "geometry": {
        "type": "Point",
        "coordinates": [
          47.0619,
          39.4913
        ]
      },
      "properties": {
        "name": "Otel Noktasi 29",
        "category": "Otel",
        "source_file": "01_oteller"
      }
    },
    {
      "type": "Feature",
      "geometry": {
        "type": "Point",
        "coordinates": [
          47.0608,
          39.4883
        ]
      },
      "properties": {
        "name": "Otel Noktasi 30",
        "category": "Otel",
        "source_file": "01_oteller"
      }
    },
    {
      "type": "Feature",
      "geometry": {
        "type": "Point",
        "coordinates": [
          47.064,
          39.4804
        ]
      },
      "properties": {
        "name": "Otel Noktasi 31",
        "category": "Otel",
        "source_file": "01_oteller"
      }
    },
    {
      "type": "Feature",
      "geometry": {
        "type": "Point",
        "coordinates": [
          47.0635,
          39.4744
        ]
      },
      "properties": {
        "name": "Otel Noktasi 32",
        "category": "Otel",
        "source_file": "01_oteller"
      }
    },
    {
      "type": "Feature",
      "geometry": {
        "type": "Point",
        "coordinates": [
          47.0534,
          39.466
        ]
      },
      "properties": {
        "name": "Otel Noktasi 33",
        "category": "Otel",
        "source_file": "01_oteller"
      }
    },
    {
      "type": "Feature",
      "geometry": {
        "type": "Point",
        "coordinates": [
          47.0977,
          39.4448
        ]
      },
      "properties": {
        "name": "Otel Noktasi 34",
        "category": "Otel",
        "source_file": "01_oteller"
      }
    },
    {
      "type": "Feature",
      "geometry": {
        "type": "Point",
        "coordinates": [
          47.1156,
          39.4404
        ]
      },
      "properties": {
        "name": "Otel Noktasi 35",
        "category": "Otel",
        "source_file": "01_oteller"
      }
    },
    {
      "type": "Feature",
      "geometry": {
        "type": "Point",
        "coordinates": [
          47.1269,
          39.4343
        ]
      },
      "properties": {
        "name": "Otel Noktasi 36",
        "category": "Otel",
        "source_file": "01_oteller"
      }
    },
    {
      "type": "Feature",
      "geometry": {
        "type": "Point",
        "coordinates": [
          47.1326,
          39.4285
        ]
      },
      "properties": {
        "name": "Otel Noktasi 37",
        "category": "Otel",
        "source_file": "01_oteller"
      }
    },
    {
      "type": "Feature",
      "geometry": {
        "type": "Point",
        "coordinates": [
          47.1491,
          39.4024
        ]
      },
      "properties": {
        "name": "Otel Noktasi 38",
        "category": "Otel",
        "source_file": "01_oteller"
      }
    },
    {
      "type": "Feature",
      "geometry": {
        "type": "Point",
        "coordinates": [
          47.1529,
          39.3914
        ]
      },
      "properties": {
        "name": "Otel Noktasi 39",
        "category": "Otel",
        "source_file": "01_oteller"
      }
    },
    {
      "type": "Feature",
      "geometry": {
        "type": "Point",
        "coordinates": [
          47.1583,
          39.3864
        ]
      },
      "properties": {
        "name": "Otel Noktasi 40",
        "category": "Otel",
        "source_file": "01_oteller"
      }
    },
    {
      "type": "Feature",
      "geometry": {
        "type": "Point",
        "coordinates": [
          47.1669,
          39.3851
        ]
      },
      "properties": {
        "name": "Otel Noktasi 41",
        "category": "Otel",
        "source_file": "01_oteller"
      }
    },
    {
      "type": "Feature",
      "geometry": {
        "type": "Point",
        "coordinates": [
          47.1806,
          39.3891
        ]
      },
      "properties": {
        "name": "Otel Noktasi 42",
        "category": "Otel",
        "source_file": "01_oteller"
      }
    },
    {
      "type": "Feature",
      "geometry": {
        "type": "Point",
        "coordinates": [
          47.1969,
          39.3902
        ]
      },
      "properties": {
        "name": "Otel Noktasi 43",
        "category": "Otel",
        "source_file": "01_oteller"
      }
    },
    {
      "type": "Feature",
      "geometry": {
        "type": "Point",
        "coordinates": [
          47.2105,
          39.3943
        ]
      },
      "properties": {
        "name": "Otel Noktasi 44",
        "category": "Otel",
        "source_file": "01_oteller"
      }
    },
    {
      "type": "Feature",
      "geometry": {
        "type": "Point",
        "coordinates": [
          47.2168,
          39.394
        ]
      },
      "properties": {
        "name": "Otel Noktasi 45",
        "category": "Otel",
        "source_file": "01_oteller"
      }
    },
    {
      "type": "Feature",
      "geometry": {
        "type": "Point",
        "coordinates": [
          47.2513,
          39.3766
        ]
      },
      "properties": {
        "name": "Otel Noktasi 46",
        "category": "Otel",
        "source_file": "01_oteller"
      }
    },
    {
      "type": "Feature",
      "geometry": {
        "type": "Point",
        "coordinates": [
          47.2657,
          39.3647
        ]
      },
      "properties": {
        "name": "Otel Noktasi 47",
        "category": "Otel",
        "source_file": "01_oteller"
      }
    },
    {
      "type": "Feature",
      "geometry": {
        "type": "Point",
        "coordinates": [
          47.2735,
          39.3536
        ]
      },
      "properties": {
        "name": "Otel Noktasi 48",
        "category": "Otel",
        "source_file": "01_oteller"
      }
    },
    {
      "type": "Feature",
      "geometry": {
        "type": "Point",
        "coordinates": [
          47.3106,
          39.3719
        ]
      },
      "properties": {
        "name": "Otel Noktasi 49",
        "category": "Otel",
        "source_file": "01_oteller"
      }
    },
    {
      "type": "Feature",
      "geometry": {
        "type": "Point",
        "coordinates": [
          47.3253,
          39.3836
        ]
      },
      "properties": {
        "name": "Otel Noktasi 50",
        "category": "Otel",
        "source_file": "01_oteller"
      }
    },
    {
      "type": "Feature",
      "geometry": {
        "type": "Point",
        "coordinates": [
          47.3379,
          39.4039
        ]
      },
      "properties": {
        "name": "Otel Noktasi 51",
        "category": "Otel",
        "source_file": "01_oteller"
      }
    },
    {
      "type": "Feature",
      "geometry": {
        "type": "Point",
        "coordinates": [
          47.3734,
          39.4406
        ]
      },
      "properties": {
        "name": "Otel Noktasi 52",
        "category": "Otel",
        "source_file": "01_oteller"
      }
    },
    {
      "type": "Feature",
      "geometry": {
        "type": "Point",
        "coordinates": [
          47.3849,
          39.4576
        ]
      },
      "properties": {
        "name": "Otel Noktasi 53",
        "category": "Otel",
        "source_file": "01_oteller"
      }
    },
    {
      "type": "Feature",
      "geometry": {
        "type": "Point",
        "coordinates": [
          47.4044,
          39.4628
        ]
      },
      "properties": {
        "name": "Otel Noktasi 54",
        "category": "Otel",
        "source_file": "01_oteller"
      }
    },
    {
      "type": "Feature",
      "geometry": {
        "type": "Point",
        "coordinates": [
          47.4255,
          39.4638
        ]
      },
      "properties": {
        "name": "Otel Noktasi 55",
        "category": "Otel",
        "source_file": "01_oteller"
      }
    },
    {
      "type": "Feature",
      "geometry": {
        "type": "Point",
        "coordinates": [
          47.4781,
          39.4814
        ]
      },
      "properties": {
        "name": "Otel Noktasi 56",
        "category": "Otel",
        "source_file": "01_oteller"
      }
    },
    {
      "type": "Feature",
      "geometry": {
        "type": "Point",
        "coordinates": [
          47.5059,
          39.4881
        ]
      },
      "properties": {
        "name": "Otel Noktasi 57",
        "category": "Otel",
        "source_file": "01_oteller"
      }
    },
    {
      "type": "Feature",
      "geometry": {
        "type": "Point",
        "coordinates": [
          47.5419,
          39.4996
        ]
      },
      "properties": {
        "name": "Otel Noktasi 58",
        "category": "Otel",
        "source_file": "01_oteller"
      }
    },
    {
      "type": "Feature",
      "geometry": {
        "type": "Point",
        "coordinates": [
          47.5679,
          39.5128
        ]
      },
      "properties": {
        "name": "Otel Noktasi 59",
        "category": "Otel",
        "source_file": "01_oteller"
      }
    },
    {
      "type": "Feature",
      "geometry": {
        "type": "Point",
        "coordinates": [
          47.599,
          39.5338
        ]
      },
      "properties": {
        "name": "Otel Noktasi 60",
        "category": "Otel",
        "source_file": "01_oteller"
      }
    },
    {
      "type": "Feature",
      "geometry": {
        "type": "Point",
        "coordinates": [
          47.625,
          39.5477
        ]
      },
      "properties": {
        "name": "Otel Noktasi 61",
        "category": "Otel",
        "source_file": "01_oteller"
      }
    },
    {
      "type": "Feature",
      "geometry": {
        "type": "Point",
        "coordinates": [
          47.6387,
          39.5675
        ]
      },
      "properties": {
        "name": "Otel Noktasi 62",
        "category": "Otel",
        "source_file": "01_oteller"
      }
    },
    {
      "type": "Feature",
      "geometry": {
        "type": "Point",
        "coordinates": [
          47.6405,
          39.5765
        ]
      },
      "properties": {
        "name": "Otel Noktasi 63",
        "category": "Otel",
        "source_file": "01_oteller"
      }
    },
    {
      "type": "Feature",
      "geometry": {
        "type": "Point",
        "coordinates": [
          47.6389,
          39.5984
        ]
      },
      "properties": {
        "name": "Otel Noktasi 64",
        "category": "Otel",
        "source_file": "01_oteller"
      }
    },
    {
      "type": "Feature",
      "geometry": {
        "type": "Point",
        "coordinates": [
          47.6274,
          39.6149
        ]
      },
      "properties": {
        "name": "Otel Noktasi 65",
        "category": "Otel",
        "source_file": "01_oteller"
      }
    },
    {
      "type": "Feature",
      "geometry": {
        "type": "Point",
        "coordinates": [
          47.6174,
          39.6223
        ]
      },
      "properties": {
        "name": "Otel Noktasi 66",
        "category": "Otel",
        "source_file": "01_oteller"
      }
    },
    {
      "type": "Feature",
      "geometry": {
        "type": "Point",
        "coordinates": [
          47.579,
          39.6405
        ]
      },
      "properties": {
        "name": "Otel Noktasi 67",
        "category": "Otel",
        "source_file": "01_oteller"
      }
    },
    {
      "type": "Feature",
      "geometry": {
        "type": "Point",
        "coordinates": [
          47.558,
          39.6559
        ]
      },
      "properties": {
        "name": "Otel Noktasi 68",
        "category": "Otel",
        "source_file": "01_oteller"
      }
    },
    {
      "type": "Feature",
      "geometry": {
        "type": "Point",
        "coordinates": [
          47.5509,
          39.6622
        ]
      },
      "properties": {
        "name": "Otel Noktasi 69",
        "category": "Otel",
        "source_file": "01_oteller"
      }
    },
    {
      "type": "Feature",
      "geometry": {
        "type": "Point",
        "coordinates": [
          47.544,
          39.6724
        ]
      },
      "properties": {
        "name": "Otel Noktasi 70",
        "category": "Otel",
        "source_file": "01_oteller"
      }
    },
    {
      "type": "Feature",
      "geometry": {
        "type": "Point",
        "coordinates": [
          47.5343,
          39.6815
        ]
      },
      "properties": {
        "name": "Otel Noktasi 71",
        "category": "Otel",
        "source_file": "01_oteller"
      }
    },
    {
      "type": "Feature",
      "geometry": {
        "type": "Point",
        "coordinates": [
          47.5268,
          39.6934
        ]
      },
      "properties": {
        "name": "Otel Noktasi 72",
        "category": "Otel",
        "source_file": "01_oteller"
      }
    },
    {
      "type": "Feature",
      "geometry": {
        "type": "Point",
        "coordinates": [
          47.5196,
          39.7004
        ]
      },
      "properties": {
        "name": "Otel Noktasi 73",
        "category": "Otel",
        "source_file": "01_oteller"
      }
    },
    {
      "type": "Feature",
      "geometry": {
        "type": "Point",
        "coordinates": [
          47.5136,
          39.7024
        ]
      },
      "properties": {
        "name": "Otel Noktasi 74",
        "category": "Otel",
        "source_file": "01_oteller"
      }
    },
    {
      "type": "Feature",
      "geometry": {
        "type": "Point",
        "coordinates": [
          47.4887,
          39.7037
        ]
      },
      "properties": {
        "name": "Otel Noktasi 75",
        "category": "Otel",
        "source_file": "01_oteller"
      }
    },
    {
      "type": "Feature",
      "geometry": {
        "type": "Point",
        "coordinates": [
          47.4806,
          39.707
        ]
      },
      "properties": {
        "name": "Otel Noktasi 76",
        "category": "Otel",
        "source_file": "01_oteller"
      }
    },
    {
      "type": "Feature",
      "geometry": {
        "type": "Point",
        "coordinates": [
          47.4727,
          39.7167
        ]
      },
      "properties": {
        "name": "Otel Noktasi 77",
        "category": "Otel",
        "source_file": "01_oteller"
      }
    },
    {
      "type": "Feature",
      "geometry": {
        "type": "Point",
        "coordinates": [
          47.4659,
          39.7383
        ]
      },
      "properties": {
        "name": "Otel Noktasi 78",
        "category": "Otel",
        "source_file": "01_oteller"
      }
    },
    {
      "type": "Feature",
      "geometry": {
        "type": "Point",
        "coordinates": [
          47.4337,
          39.7354
        ]
      },
      "properties": {
        "name": "Otel Noktasi 79",
        "category": "Otel",
        "source_file": "01_oteller"
      }
    },
    {
      "type": "Feature",
      "geometry": {
        "type": "Point",
        "coordinates": [
          47.4166,
          39.7306
        ]
      },
      "properties": {
        "name": "Otel Noktasi 80",
        "category": "Otel",
        "source_file": "01_oteller"
      }
    },
    {
      "type": "Feature",
      "geometry": {
        "type": "Point",
        "coordinates": [
          47.3919,
          39.7294
        ]
      },
      "properties": {
        "name": "Otel Noktasi 81",
        "category": "Otel",
        "source_file": "01_oteller"
      }
    },
    {
      "type": "Feature",
      "geometry": {
        "type": "Point",
        "coordinates": [
          47.3837,
          39.7267
        ]
      },
      "properties": {
        "name": "Otel Noktasi 82",
        "category": "Otel",
        "source_file": "01_oteller"
      }
    },
    {
      "type": "Feature",
      "geometry": {
        "type": "Point",
        "coordinates": [
          47.3657,
          39.7154
        ]
      },
      "properties": {
        "name": "Otel Noktasi 83",
        "category": "Otel",
        "source_file": "01_oteller"
      }
    },
    {
      "type": "Feature",
      "geometry": {
        "type": "Point",
        "coordinates": [
          47.3574,
          39.7126
        ]
      },
      "properties": {
        "name": "Otel Noktasi 84",
        "category": "Otel",
        "source_file": "01_oteller"
      }
    },
    {
      "type": "Feature",
      "geometry": {
        "type": "Point",
        "coordinates": [
          47.3115,
          39.708
        ]
      },
      "properties": {
        "name": "Otel Noktasi 85",
        "category": "Otel",
        "source_file": "01_oteller"
      }
    },
    {
      "type": "Feature",
      "geometry": {
        "type": "Point",
        "coordinates": [
          46.8108,
          39.8037
        ]
      },
      "properties": {
        "name": "Otel Noktasi 86",
        "category": "Otel",
        "source_file": "01_oteller"
      }
    },
    {
      "type": "Feature",
      "geometry": {
        "type": "Point",
        "coordinates": [
          46.8168,
          39.8423
        ]
      },
      "properties": {
        "name": "Otel Noktasi 87",
        "category": "Otel",
        "source_file": "01_oteller"
      }
    },
    {
      "type": "Feature",
      "geometry": {
        "type": "Point",
        "coordinates": [
          46.7982,
          39.8568
        ]
      },
      "properties": {
        "name": "Otel Noktasi 88",
        "category": "Otel",
        "source_file": "01_oteller"
      }
    },
    {
      "type": "Feature",
      "geometry": {
        "type": "Point",
        "coordinates": [
          46.7513,
          39.8483
        ]
      },
      "properties": {
        "name": "Otel Noktasi 89",
        "category": "Otel",
        "source_file": "01_oteller"
      }
    },
    {
      "type": "Feature",
      "geometry": {
        "type": "Point",
        "coordinates": [
          46.7335,
          39.8126
        ]
      },
      "properties": {
        "name": "Otel Noktasi 90",
        "category": "Otel",
        "source_file": "01_oteller"
      }
    },
    {
      "type": "Feature",
      "geometry": {
        "type": "Point",
        "coordinates": [
          46.7692,
          39.7888
        ]
      },
      "properties": {
        "name": "Otel Noktasi 91",
        "category": "Otel",
        "source_file": "01_oteller"
      }
    },
    {
      "type": "Feature",
      "geometry": {
        "type": "Point",
        "coordinates": [
          46.8108,
          39.8037
        ]
      },
      "properties": {
        "name": "Otel Noktasi 92",
        "category": "Otel",
        "source_file": "01_oteller"
      }
    },
    {
      "type": "Feature",
      "geometry": {
        "type": "Point",
        "coordinates": [
          46.777,
          39.6908
        ]
      },
      "properties": {
        "name": "Otel Noktasi 93",
        "category": "Otel",
        "source_file": "01_oteller"
      }
    },
    {
      "type": "Feature",
      "geometry": {
        "type": "Point",
        "coordinates": [
          46.7449,
          39.7151
        ]
      },
      "properties": {
        "name": "Otel Noktasi 94",
        "category": "Otel",
        "source_file": "01_oteller"
      }
    },
    {
      "type": "Feature",
      "geometry": {
        "type": "Point",
        "coordinates": [
          46.7311,
          39.7354
        ]
      },
      "properties": {
        "name": "Otel Noktasi 95",
        "category": "Otel",
        "source_file": "01_oteller"
      }
    },
    {
      "type": "Feature",
      "geometry": {
        "type": "Point",
        "coordinates": [
          46.7282,
          39.7442
        ]
      },
      "properties": {
        "name": "Otel Noktasi 96",
        "category": "Otel",
        "source_file": "01_oteller"
      }
    },
    {
      "type": "Feature",
      "geometry": {
        "type": "Point",
        "coordinates": [
          46.7239,
          39.75
        ]
      },
      "properties": {
        "name": "Otel Noktasi 97",
        "category": "Otel",
        "source_file": "01_oteller"
      }
    },
    {
      "type": "Feature",
      "geometry": {
        "type": "Point",
        "coordinates": [
          46.7035,
          39.7599
        ]
      },
      "properties": {
        "name": "Otel Noktasi 98",
        "category": "Otel",
        "source_file": "01_oteller"
      }
    },
    {
      "type": "Feature",
      "geometry": {
        "type": "Point",
        "coordinates": [
          46.6918,
          39.7085
        ]
      },
      "properties": {
        "name": "Otel Noktasi 99",
        "category": "Otel",
        "source_file": "01_oteller"
      }
    },
    {
      "type": "Feature",
      "geometry": {
        "type": "Point",
        "coordinates": [
          46.7067,
          39.6877
        ]
      },
      "properties": {
        "name": "Otel Noktasi 100",
        "category": "Otel",
        "source_file": "01_oteller"
      }
    },
    {
      "type": "Feature",
      "geometry": {
        "type": "Point",
        "coordinates": [
          46.777,
          39.6908
        ]
      },
      "properties": {
        "name": "Otel Noktasi 101",
        "category": "Otel",
        "source_file": "01_oteller"
      }
    },
    {
      "type": "Feature",
      "geometry": {
        "type": "Point",
        "coordinates": [
          46.7356,
          39.5888
        ]
      },
      "properties": {
        "name": "Otel Noktasi 102",
        "category": "Otel",
        "source_file": "01_oteller"
      }
    },
    {
      "type": "Feature",
      "geometry": {
        "type": "Point",
        "coordinates": [
          46.7492,
          39.6079
        ]
      },
      "properties": {
        "name": "Otel Noktasi 103",
        "category": "Otel",
        "source_file": "01_oteller"
      }
    },
    {
      "type": "Feature",
      "geometry": {
        "type": "Point",
        "coordinates": [
          46.7769,
          39.6379
        ]
      },
      "properties": {
        "name": "Otel Noktasi 104",
        "category": "Otel",
        "source_file": "01_oteller"
      }
    },
    {
      "type": "Feature",
      "geometry": {
        "type": "Point",
        "coordinates": [
          46.7894,
          39.6555
        ]
      },
      "properties": {
        "name": "Otel Noktasi 105",
        "category": "Otel",
        "source_file": "01_oteller"
      }
    },
    {
      "type": "Feature",
      "geometry": {
        "type": "Point",
        "coordinates": [
          46.7817,
          39.6685
        ]
      },
      "properties": {
        "name": "Otel Noktasi 106",
        "category": "Otel",
        "source_file": "01_oteller"
      }
    },
    {
      "type": "Feature",
      "geometry": {
        "type": "Point",
        "coordinates": [
          46.7794,
          39.6858
        ]
      },
      "properties": {
        "name": "Otel Noktasi 107",
        "category": "Otel",
        "source_file": "01_oteller"
      }
    },
    {
      "type": "Feature",
      "geometry": {
        "type": "Point",
        "coordinates": [
          46.777,
          39.6908
        ]
      },
      "properties": {
        "name": "Otel Noktasi 108",
        "category": "Otel",
        "source_file": "01_oteller"
      }
    },
    {
      "type": "Feature",
      "geometry": {
        "type": "Point",
        "coordinates": [
          46.7067,
          39.6877
        ]
      },
      "properties": {
        "name": "Otel Noktasi 109",
        "category": "Otel",
        "source_file": "01_oteller"
      }
    },
    {
      "type": "Feature",
      "geometry": {
        "type": "Point",
        "coordinates": [
          46.6918,
          39.7085
        ]
      },
      "properties": {
        "name": "Otel Noktasi 110",
        "category": "Otel",
        "source_file": "01_oteller"
      }
    },
    {
      "type": "Feature",
      "geometry": {
        "type": "Point",
        "coordinates": [
          46.7035,
          39.7599
        ]
      },
      "properties": {
        "name": "Otel Noktasi 111",
        "category": "Otel",
        "source_file": "01_oteller"
      }
    },
    {
      "type": "Feature",
      "geometry": {
        "type": "Point",
        "coordinates": [
          46.6742,
          39.7732
        ]
      },
      "properties": {
        "name": "Otel Noktasi 112",
        "category": "Otel",
        "source_file": "01_oteller"
      }
    },
    {
      "type": "Feature",
      "geometry": {
        "type": "Point",
        "coordinates": [
          46.6489,
          39.7804
        ]
      },
      "properties": {
        "name": "Otel Noktasi 113",
        "category": "Otel",
        "source_file": "01_oteller"
      }
    },
    {
      "type": "Feature",
      "geometry": {
        "type": "Point",
        "coordinates": [
          46.6367,
          39.7808
        ]
      },
      "properties": {
        "name": "Otel Noktasi 114",
        "category": "Otel",
        "source_file": "01_oteller"
      }
    },
    {
      "type": "Feature",
      "geometry": {
        "type": "Point",
        "coordinates": [
          46.627,
          39.7787
        ]
      },
      "properties": {
        "name": "Otel Noktasi 115",
        "category": "Otel",
        "source_file": "01_oteller"
      }
    },
    {
      "type": "Feature",
      "geometry": {
        "type": "Point",
        "coordinates": [
          46.5936,
          39.7638
        ]
      },
      "properties": {
        "name": "Otel Noktasi 116",
        "category": "Otel",
        "source_file": "01_oteller"
      }
    },
    {
      "type": "Feature",
      "geometry": {
        "type": "Point",
        "coordinates": [
          46.5641,
          39.7618
        ]
      },
      "properties": {
        "name": "Otel Noktasi 117",
        "category": "Otel",
        "source_file": "01_oteller"
      }
    },
    {
      "type": "Feature",
      "geometry": {
        "type": "Point",
        "coordinates": [
          46.5404,
          39.7577
        ]
      },
      "properties": {
        "name": "Otel Noktasi 118",
        "category": "Otel",
        "source_file": "01_oteller"
      }
    },
    {
      "type": "Feature",
      "geometry": {
        "type": "Point",
        "coordinates": [
          46.5441,
          39.7421
        ]
      },
      "properties": {
        "name": "Otel Noktasi 119",
        "category": "Otel",
        "source_file": "01_oteller"
      }
    },
    {
      "type": "Feature",
      "geometry": {
        "type": "Point",
        "coordinates": [
          46.5514,
          39.7281
        ]
      },
      "properties": {
        "name": "Otel Noktasi 120",
        "category": "Otel",
        "source_file": "01_oteller"
      }
    },
    {
      "type": "Feature",
      "geometry": {
        "type": "Point",
        "coordinates": [
          46.5531,
          39.7029
        ]
      },
      "properties": {
        "name": "Otel Noktasi 121",
        "category": "Otel",
        "source_file": "01_oteller"
      }
    },
    {
      "type": "Feature",
      "geometry": {
        "type": "Point",
        "coordinates": [
          46.5572,
          39.693
        ]
      },
      "properties": {
        "name": "Otel Noktasi 122",
        "category": "Otel",
        "source_file": "01_oteller"
      }
    },
    {
      "type": "Feature",
      "geometry": {
        "type": "Point",
        "coordinates": [
          46.5507,
          39.681
        ]
      },
      "properties": {
        "name": "Otel Noktasi 123",
        "category": "Otel",
        "source_file": "01_oteller"
      }
    },
    {
      "type": "Feature",
      "geometry": {
        "type": "Point",
        "coordinates": [
          46.5367,
          39.6675
        ]
      },
      "properties": {
        "name": "Otel Noktasi 124",
        "category": "Otel",
        "source_file": "01_oteller"
      }
    },
    {
      "type": "Feature",
      "geometry": {
        "type": "Point",
        "coordinates": [
          46.5273,
          39.652
        ]
      },
      "properties": {
        "name": "Otel Noktasi 125",
        "category": "Otel",
        "source_file": "01_oteller"
      }
    },
    {
      "type": "Feature",
      "geometry": {
        "type": "Point",
        "coordinates": [
          46.5265,
          39.6234
        ]
      },
      "properties": {
        "name": "Otel Noktasi 126",
        "category": "Otel",
        "source_file": "01_oteller"
      }
    },
    {
      "type": "Feature",
      "geometry": {
        "type": "Point",
        "coordinates": [
          46.5272,
          39.6172
        ]
      },
      "properties": {
        "name": "Otel Noktasi 127",
        "category": "Otel",
        "source_file": "01_oteller"
      }
    },
    {
      "type": "Feature",
      "geometry": {
        "type": "Point",
        "coordinates": [
          46.5298,
          39.6126
        ]
      },
      "properties": {
        "name": "Otel Noktasi 128",
        "category": "Otel",
        "source_file": "01_oteller"
      }
    },
    {
      "type": "Feature",
      "geometry": {
        "type": "Point",
        "coordinates": [
          46.541,
          39.6069
        ]
      },
      "properties": {
        "name": "Otel Noktasi 129",
        "category": "Otel",
        "source_file": "01_oteller"
      }
    },
    {
      "type": "Feature",
      "geometry": {
        "type": "Point",
        "coordinates": [
          46.5565,
          39.6096
        ]
      },
      "properties": {
        "name": "Otel Noktasi 130",
        "category": "Otel",
        "source_file": "01_oteller"
      }
    },
    {
      "type": "Feature",
      "geometry": {
        "type": "Point",
        "coordinates": [
          46.57,
          39.6076
        ]
      },
      "properties": {
        "name": "Otel Noktasi 131",
        "category": "Otel",
        "source_file": "01_oteller"
      }
    },
    {
      "type": "Feature",
      "geometry": {
        "type": "Point",
        "coordinates": [
          46.5811,
          39.6003
        ]
      },
      "properties": {
        "name": "Otel Noktasi 132",
        "category": "Otel",
        "source_file": "01_oteller"
      }
    },
    {
      "type": "Feature",
      "geometry": {
        "type": "Point",
        "coordinates": [
          46.5935,
          39.5867
        ]
      },
      "properties": {
        "name": "Otel Noktasi 133",
        "category": "Otel",
        "source_file": "01_oteller"
      }
    },
    {
      "type": "Feature",
      "geometry": {
        "type": "Point",
        "coordinates": [
          46.6085,
          39.5799
        ]
      },
      "properties": {
        "name": "Otel Noktasi 134",
        "category": "Otel",
        "source_file": "01_oteller"
      }
    },
    {
      "type": "Feature",
      "geometry": {
        "type": "Point",
        "coordinates": [
          46.6153,
          39.5786
        ]
      },
      "properties": {
        "name": "Otel Noktasi 135",
        "category": "Otel",
        "source_file": "01_oteller"
      }
    },
    {
      "type": "Feature",
      "geometry": {
        "type": "Point",
        "coordinates": [
          46.6204,
          39.58
        ]
      },
      "properties": {
        "name": "Otel Noktasi 136",
        "category": "Otel",
        "source_file": "01_oteller"
      }
    },
    {
      "type": "Feature",
      "geometry": {
        "type": "Point",
        "coordinates": [
          46.6262,
          39.5846
        ]
      },
      "properties": {
        "name": "Otel Noktasi 137",
        "category": "Otel",
        "source_file": "01_oteller"
      }
    },
    {
      "type": "Feature",
      "geometry": {
        "type": "Point",
        "coordinates": [
          46.6347,
          39.5967
        ]
      },
      "properties": {
        "name": "Otel Noktasi 138",
        "category": "Otel",
        "source_file": "01_oteller"
      }
    },
    {
      "type": "Feature",
      "geometry": {
        "type": "Point",
        "coordinates": [
          46.6381,
          39.6084
        ]
      },
      "properties": {
        "name": "Otel Noktasi 139",
        "category": "Otel",
        "source_file": "01_oteller"
      }
    },
    {
      "type": "Feature",
      "geometry": {
        "type": "Point",
        "coordinates": [
          46.646,
          39.6213
        ]
      },
      "properties": {
        "name": "Otel Noktasi 140",
        "category": "Otel",
        "source_file": "01_oteller"
      }
    },
    {
      "type": "Feature",
      "geometry": {
        "type": "Point",
        "coordinates": [
          46.656,
          39.6318
        ]
      },
      "properties": {
        "name": "Otel Noktasi 141",
        "category": "Otel",
        "source_file": "01_oteller"
      }
    },
    {
      "type": "Feature",
      "geometry": {
        "type": "Point",
        "coordinates": [
          46.6831,
          39.6397
        ]
      },
      "properties": {
        "name": "Otel Noktasi 142",
        "category": "Otel",
        "source_file": "01_oteller"
      }
    },
    {
      "type": "Feature",
      "geometry": {
        "type": "Point",
        "coordinates": [
          46.7125,
          39.6395
        ]
      },
      "properties": {
        "name": "Otel Noktasi 143",
        "category": "Otel",
        "source_file": "01_oteller"
      }
    },
    {
      "type": "Feature",
      "geometry": {
        "type": "Point",
        "coordinates": [
          46.7218,
          39.6369
        ]
      },
      "properties": {
        "name": "Otel Noktasi 144",
        "category": "Otel",
        "source_file": "01_oteller"
      }
    },
    {
      "type": "Feature",
      "geometry": {
        "type": "Point",
        "coordinates": [
          46.7283,
          39.6297
        ]
      },
      "properties": {
        "name": "Otel Noktasi 145",
        "category": "Otel",
        "source_file": "01_oteller"
      }
    },
    {
      "type": "Feature",
      "geometry": {
        "type": "Point",
        "coordinates": [
          46.7305,
          39.6094
        ]
      },
      "properties": {
        "name": "Otel Noktasi 146",
        "category": "Otel",
        "source_file": "01_oteller"
      }
    },
    {
      "type": "Feature",
      "geometry": {
        "type": "Point",
        "coordinates": [
          46.7356,
          39.5888
        ]
      },
      "properties": {
        "name": "Otel Noktasi 147",
        "category": "Otel",
        "source_file": "01_oteller"
      }
    },
    {
      "type": "Feature",
      "geometry": {
        "type": "Point",
        "coordinates": [
          46.9693,
          40.4157
        ]
      },
      "properties": {
        "name": "Otel Noktasi 148",
        "category": "Otel",
        "source_file": "01_oteller"
      }
    },
    {
      "type": "Feature",
      "geometry": {
        "type": "Point",
        "coordinates": [
          46.9422,
          40.4387
        ]
      },
      "properties": {
        "name": "Otel Noktasi 149",
        "category": "Otel",
        "source_file": "01_oteller"
      }
    },
    {
      "type": "Feature",
      "geometry": {
        "type": "Point",
        "coordinates": [
          46.9329,
          40.4541
        ]
      },
      "properties": {
        "name": "Otel Noktasi 150",
        "category": "Otel",
        "source_file": "01_oteller"
      }
    },
    {
      "type": "Feature",
      "geometry": {
        "type": "Point",
        "coordinates": [
          46.9307,
          40.4722
        ]
      },
      "properties": {
        "name": "Otel Noktasi 151",
        "category": "Otel",
        "source_file": "01_oteller"
      }
    },
    {
      "type": "Feature",
      "geometry": {
        "type": "Point",
        "coordinates": [
          46.924,
          40.48
        ]
      },
      "properties": {
        "name": "Otel Noktasi 152",
        "category": "Otel",
        "source_file": "01_oteller"
      }
    },
    {
      "type": "Feature",
      "geometry": {
        "type": "Point",
        "coordinates": [
          46.9115,
          40.4745
        ]
      },
      "properties": {
        "name": "Otel Noktasi 153",
        "category": "Otel",
        "source_file": "01_oteller"
      }
    },
    {
      "type": "Feature",
      "geometry": {
        "type": "Point",
        "coordinates": [
          46.8986,
          40.4644
        ]
      },
      "properties": {
        "name": "Otel Noktasi 154",
        "category": "Otel",
        "source_file": "01_oteller"
      }
    },
    {
      "type": "Feature",
      "geometry": {
        "type": "Point",
        "coordinates": [
          46.8843,
          40.4486
        ]
      },
      "properties": {
        "name": "Otel Noktasi 155",
        "category": "Otel",
        "source_file": "01_oteller"
      }
    },
    {
      "type": "Feature",
      "geometry": {
        "type": "Point",
        "coordinates": [
          46.8706,
          40.443
        ]
      },
      "properties": {
        "name": "Otel Noktasi 156",
        "category": "Otel",
        "source_file": "01_oteller"
      }
    },
    {
      "type": "Feature",
      "geometry": {
        "type": "Point",
        "coordinates": [
          46.8509,
          40.43
        ]
      },
      "properties": {
        "name": "Otel Noktasi 157",
        "category": "Otel",
        "source_file": "01_oteller"
      }
    },
    {
      "type": "Feature",
      "geometry": {
        "type": "Point",
        "coordinates": [
          46.8369,
          40.4244
        ]
      },
      "properties": {
        "name": "Otel Noktasi 158",
        "category": "Otel",
        "source_file": "01_oteller"
      }
    },
    {
      "type": "Feature",
      "geometry": {
        "type": "Point",
        "coordinates": [
          46.8173,
          40.4119
        ]
      },
      "properties": {
        "name": "Otel Noktasi 159",
        "category": "Otel",
        "source_file": "01_oteller"
      }
    },
    {
      "type": "Feature",
      "geometry": {
        "type": "Point",
        "coordinates": [
          46.8673,
          40.342
        ]
      },
      "properties": {
        "name": "Otel Noktasi 160",
        "category": "Otel",
        "source_file": "01_oteller"
      }
    },
    {
      "type": "Feature",
      "geometry": {
        "type": "Point",
        "coordinates": [
          46.903,
          40.3569
        ]
      },
      "properties": {
        "name": "Otel Noktasi 161",
        "category": "Otel",
        "source_file": "01_oteller"
      }
    },
    {
      "type": "Feature",
      "geometry": {
        "type": "Point",
        "coordinates": [
          46.9149,
          40.351
        ]
      },
      "properties": {
        "name": "Otel Noktasi 162",
        "category": "Otel",
        "source_file": "01_oteller"
      }
    },
    {
      "type": "Feature",
      "geometry": {
        "type": "Point",
        "coordinates": [
          46.9179,
          40.3093
        ]
      },
      "properties": {
        "name": "Otel Noktasi 163",
        "category": "Otel",
        "source_file": "01_oteller"
      }
    },
    {
      "type": "Feature",
      "geometry": {
        "type": "Point",
        "coordinates": [
          46.9268,
          40.2796
        ]
      },
      "properties": {
        "name": "Otel Noktasi 164",
        "category": "Otel",
        "source_file": "01_oteller"
      }
    },
    {
      "type": "Feature",
      "geometry": {
        "type": "Point",
        "coordinates": [
          46.9714,
          40.2647
        ]
      },
      "properties": {
        "name": "Otel Noktasi 165",
        "category": "Otel",
        "source_file": "01_oteller"
      }
    },
    {
      "type": "Feature",
      "geometry": {
        "type": "Point",
        "coordinates": [
          47.0101,
          40.2469
        ]
      },
      "properties": {
        "name": "Otel Noktasi 166",
        "category": "Otel",
        "source_file": "01_oteller"
      }
    },
    {
      "type": "Feature",
      "geometry": {
        "type": "Point",
        "coordinates": [
          47.0244,
          40.198
        ]
      },
      "properties": {
        "name": "Otel Noktasi 167",
        "category": "Otel",
        "source_file": "01_oteller"
      }
    },
    {
      "type": "Feature",
      "geometry": {
        "type": "Point",
        "coordinates": [
          47.0256,
          40.1791
        ]
      },
      "properties": {
        "name": "Otel Noktasi 168",
        "category": "Otel",
        "source_file": "01_oteller"
      }
    },
    {
      "type": "Feature",
      "geometry": {
        "type": "Point",
        "coordinates": [
          47.0294,
          40.1725
        ]
      },
      "properties": {
        "name": "Otel Noktasi 169",
        "category": "Otel",
        "source_file": "01_oteller"
      }
    },
    {
      "type": "Feature",
      "geometry": {
        "type": "Point",
        "coordinates": [
          47.0379,
          40.1663
        ]
      },
      "properties": {
        "name": "Otel Noktasi 170",
        "category": "Otel",
        "source_file": "01_oteller"
      }
    },
    {
      "type": "Feature",
      "geometry": {
        "type": "Point",
        "coordinates": [
          47.0502,
          40.1629
        ]
      },
      "properties": {
        "name": "Otel Noktasi 171",
        "category": "Otel",
        "source_file": "01_oteller"
      }
    },
    {
      "type": "Feature",
      "geometry": {
        "type": "Point",
        "coordinates": [
          47.0731,
          40.1675
        ]
      },
      "properties": {
        "name": "Otel Noktasi 172",
        "category": "Otel",
        "source_file": "01_oteller"
      }
    },
    {
      "type": "Feature",
      "geometry": {
        "type": "Point",
        "coordinates": [
          47.0863,
          40.1669
        ]
      },
      "properties": {
        "name": "Otel Noktasi 173",
        "category": "Otel",
        "source_file": "01_oteller"
      }
    },
    {
      "type": "Feature",
      "geometry": {
        "type": "Point",
        "coordinates": [
          47.0841,
          40.1821
        ]
      },
      "properties": {
        "name": "Otel Noktasi 174",
        "category": "Otel",
        "source_file": "01_oteller"
      }
    },
    {
      "type": "Feature",
      "geometry": {
        "type": "Point",
        "coordinates": [
          47.0773,
          40.1944
        ]
      },
      "properties": {
        "name": "Otel Noktasi 175",
        "category": "Otel",
        "source_file": "01_oteller"
      }
    },
    {
      "type": "Feature",
      "geometry": {
        "type": "Point",
        "coordinates": [
          47.0756,
          40.2043
        ]
      },
      "properties": {
        "name": "Otel Noktasi 176",
        "category": "Otel",
        "source_file": "01_oteller"
      }
    },
    {
      "type": "Feature",
      "geometry": {
        "type": "Point",
        "coordinates": [
          47.0757,
          40.273
        ]
      },
      "properties": {
        "name": "Otel Noktasi 177",
        "category": "Otel",
        "source_file": "01_oteller"
      }
    },
    {
      "type": "Feature",
      "geometry": {
        "type": "Point",
        "coordinates": [
          47.0777,
          40.2828
        ]
      },
      "properties": {
        "name": "Otel Noktasi 178",
        "category": "Otel",
        "source_file": "01_oteller"
      }
    },
    {
      "type": "Feature",
      "geometry": {
        "type": "Point",
        "coordinates": [
          47.0835,
          40.2931
        ]
      },
      "properties": {
        "name": "Otel Noktasi 179",
        "category": "Otel",
        "source_file": "01_oteller"
      }
    },
    {
      "type": "Feature",
      "geometry": {
        "type": "Point",
        "coordinates": [
          47.0821,
          40.301
        ]
      },
      "properties": {
        "name": "Otel Noktasi 180",
        "category": "Otel",
        "source_file": "01_oteller"
      }
    },
    {
      "type": "Feature",
      "geometry": {
        "type": "Point",
        "coordinates": [
          47.0742,
          40.3071
        ]
      },
      "properties": {
        "name": "Otel Noktasi 181",
        "category": "Otel",
        "source_file": "01_oteller"
      }
    },
    {
      "type": "Feature",
      "geometry": {
        "type": "Point",
        "coordinates": [
          47.0465,
          40.3101
        ]
      },
      "properties": {
        "name": "Otel Noktasi 182",
        "category": "Otel",
        "source_file": "01_oteller"
      }
    },
    {
      "type": "Feature",
      "geometry": {
        "type": "Point",
        "coordinates": [
          47.0351,
          40.3148
        ]
      },
      "properties": {
        "name": "Otel Noktasi 183",
        "category": "Otel",
        "source_file": "01_oteller"
      }
    },
    {
      "type": "Feature",
      "geometry": {
        "type": "Point",
        "coordinates": [
          47.0265,
          40.3226
        ]
      },
      "properties": {
        "name": "Otel Noktasi 184",
        "category": "Otel",
        "source_file": "01_oteller"
      }
    },
    {
      "type": "Feature",
      "geometry": {
        "type": "Point",
        "coordinates": [
          47.014,
          40.3432
        ]
      },
      "properties": {
        "name": "Otel Noktasi 185",
        "category": "Otel",
        "source_file": "01_oteller"
      }
    },
    {
      "type": "Feature",
      "geometry": {
        "type": "Point",
        "coordinates": [
          47.0075,
          40.3508
        ]
      },
      "properties": {
        "name": "Otel Noktasi 186",
        "category": "Otel",
        "source_file": "01_oteller"
      }
    },
    {
      "type": "Feature",
      "geometry": {
        "type": "Point",
        "coordinates": [
          46.9854,
          40.363
        ]
      },
      "properties": {
        "name": "Otel Noktasi 187",
        "category": "Otel",
        "source_file": "01_oteller"
      }
    },
    {
      "type": "Feature",
      "geometry": {
        "type": "Point",
        "coordinates": [
          46.9752,
          40.3839
        ]
      },
      "properties": {
        "name": "Otel Noktasi 188",
        "category": "Otel",
        "source_file": "01_oteller"
      }
    },
    {
      "type": "Feature",
      "geometry": {
        "type": "Point",
        "coordinates": [
          46.9733,
          40.4003
        ]
      },
      "properties": {
        "name": "Otel Noktasi 189",
        "category": "Otel",
        "source_file": "01_oteller"
      }
    },
    {
      "type": "Feature",
      "geometry": {
        "type": "Point",
        "coordinates": [
          46.9693,
          40.4157
        ]
      },
      "properties": {
        "name": "Otel Noktasi 190",
        "category": "Otel",
        "source_file": "01_oteller"
      }
    },
    {
      "type": "Feature",
      "geometry": {
        "type": "Point",
        "coordinates": [
          46.5345,
          40.3131
        ]
      },
      "properties": {
        "name": "Otel Noktasi 191",
        "category": "Otel",
        "source_file": "01_oteller"
      }
    },
    {
      "type": "Feature",
      "geometry": {
        "type": "Point",
        "coordinates": [
          46.5253,
          40.2809
        ]
      },
      "properties": {
        "name": "Otel Noktasi 192",
        "category": "Otel",
        "source_file": "01_oteller"
      }
    },
    {
      "type": "Feature",
      "geometry": {
        "type": "Point",
        "coordinates": [
          46.5202,
          40.2758
        ]
      },
      "properties": {
        "name": "Otel Noktasi 193",
        "category": "Otel",
        "source_file": "01_oteller"
      }
    },
    {
      "type": "Feature",
      "geometry": {
        "type": "Point",
        "coordinates": [
          46.509,
          40.271
        ]
      },
      "properties": {
        "name": "Otel Noktasi 194",
        "category": "Otel",
        "source_file": "01_oteller"
      }
    },
    {
      "type": "Feature",
      "geometry": {
        "type": "Point",
        "coordinates": [
          46.5054,
          40.2679
        ]
      },
      "properties": {
        "name": "Otel Noktasi 195",
        "category": "Otel",
        "source_file": "01_oteller"
      }
    },
    {
      "type": "Feature",
      "geometry": {
        "type": "Point",
        "coordinates": [
          46.503,
          40.2639
        ]
      },
      "properties": {
        "name": "Otel Noktasi 196",
        "category": "Otel",
        "source_file": "01_oteller"
      }
    },
    {
      "type": "Feature",
      "geometry": {
        "type": "Point",
        "coordinates": [
          46.5018,
          40.2541
        ]
      },
      "properties": {
        "name": "Otel Noktasi 197",
        "category": "Otel",
        "source_file": "01_oteller"
      }
    },
    {
      "type": "Feature",
      "geometry": {
        "type": "Point",
        "coordinates": [
          46.5025,
          40.2071
        ]
      },
      "properties": {
        "name": "Otel Noktasi 198",
        "category": "Otel",
        "source_file": "01_oteller"
      }
    },
    {
      "type": "Feature",
      "geometry": {
        "type": "Point",
        "coordinates": [
          46.5171,
          40.1836
        ]
      },
      "properties": {
        "name": "Otel Noktasi 199",
        "category": "Otel",
        "source_file": "01_oteller"
      }
    },
    {
      "type": "Feature",
      "geometry": {
        "type": "Point",
        "coordinates": [
          46.5195,
          40.162
        ]
      },
      "properties": {
        "name": "Otel Noktasi 200",
        "category": "Otel",
        "source_file": "01_oteller"
      }
    },
    {
      "type": "Feature",
      "geometry": {
        "type": "Point",
        "coordinates": [
          46.5253,
          40.1514
        ]
      },
      "properties": {
        "name": "Otel Noktasi 201",
        "category": "Otel",
        "source_file": "01_oteller"
      }
    },
    {
      "type": "Feature",
      "geometry": {
        "type": "Point",
        "coordinates": [
          46.5296,
          40.1346
        ]
      },
      "properties": {
        "name": "Otel Noktasi 202",
        "category": "Otel",
        "source_file": "01_oteller"
      }
    },
    {
      "type": "Feature",
      "geometry": {
        "type": "Point",
        "coordinates": [
          46.5357,
          40.133
        ]
      },
      "properties": {
        "name": "Otel Noktasi 203",
        "category": "Otel",
        "source_file": "01_oteller"
      }
    },
    {
      "type": "Feature",
      "geometry": {
        "type": "Point",
        "coordinates": [
          46.5431,
          40.1338
        ]
      },
      "properties": {
        "name": "Otel Noktasi 204",
        "category": "Otel",
        "source_file": "01_oteller"
      }
    },
    {
      "type": "Feature",
      "geometry": {
        "type": "Point",
        "coordinates": [
          46.5656,
          40.1478
        ]
      },
      "properties": {
        "name": "Otel Noktasi 205",
        "category": "Otel",
        "source_file": "01_oteller"
      }
    },
    {
      "type": "Feature",
      "geometry": {
        "type": "Point",
        "coordinates": [
          46.5908,
          40.1572
        ]
      },
      "properties": {
        "name": "Otel Noktasi 206",
        "category": "Otel",
        "source_file": "01_oteller"
      }
    },
    {
      "type": "Feature",
      "geometry": {
        "type": "Point",
        "coordinates": [
          46.607,
          40.1568
        ]
      },
      "properties": {
        "name": "Otel Noktasi 207",
        "category": "Otel",
        "source_file": "01_oteller"
      }
    },
    {
      "type": "Feature",
      "geometry": {
        "type": "Point",
        "coordinates": [
          46.6208,
          40.1521
        ]
      },
      "properties": {
        "name": "Otel Noktasi 208",
        "category": "Otel",
        "source_file": "01_oteller"
      }
    },
    {
      "type": "Feature",
      "geometry": {
        "type": "Point",
        "coordinates": [
          46.6461,
          40.1475
        ]
      },
      "properties": {
        "name": "Otel Noktasi 209",
        "category": "Otel",
        "source_file": "01_oteller"
      }
    },
    {
      "type": "Feature",
      "geometry": {
        "type": "Point",
        "coordinates": [
          46.6602,
          40.1327
        ]
      },
      "properties": {
        "name": "Otel Noktasi 210",
        "category": "Otel",
        "source_file": "01_oteller"
      }
    },
    {
      "type": "Feature",
      "geometry": {
        "type": "Point",
        "coordinates": [
          46.697,
          40.1039
        ]
      },
      "properties": {
        "name": "Otel Noktasi 211",
        "category": "Otel",
        "source_file": "01_oteller"
      }
    },
    {
      "type": "Feature",
      "geometry": {
        "type": "Point",
        "coordinates": [
          46.7101,
          40.0947
        ]
      },
      "properties": {
        "name": "Otel Noktasi 212",
        "category": "Otel",
        "source_file": "01_oteller"
      }
    },
    {
      "type": "Feature",
      "geometry": {
        "type": "Point",
        "coordinates": [
          46.7246,
          40.0877
        ]
      },
      "properties": {
        "name": "Otel Noktasi 213",
        "category": "Otel",
        "source_file": "01_oteller"
      }
    },
    {
      "type": "Feature",
      "geometry": {
        "type": "Point",
        "coordinates": [
          46.7277,
          40.082
        ]
      },
      "properties": {
        "name": "Otel Noktasi 214",
        "category": "Otel",
        "source_file": "01_oteller"
      }
    },
    {
      "type": "Feature",
      "geometry": {
        "type": "Point",
        "coordinates": [
          46.7232,
          40.072
        ]
      },
      "properties": {
        "name": "Otel Noktasi 215",
        "category": "Otel",
        "source_file": "01_oteller"
      }
    },
    {
      "type": "Feature",
      "geometry": {
        "type": "Point",
        "coordinates": [
          46.7232,
          40.0667
        ]
      },
      "properties": {
        "name": "Otel Noktasi 216",
        "category": "Otel",
        "source_file": "01_oteller"
      }
    },
    {
      "type": "Feature",
      "geometry": {
        "type": "Point",
        "coordinates": [
          46.7271,
          40.0624
        ]
      },
      "properties": {
        "name": "Otel Noktasi 217",
        "category": "Otel",
        "source_file": "01_oteller"
      }
    },
    {
      "type": "Feature",
      "geometry": {
        "type": "Point",
        "coordinates": [
          46.741,
          40.0539
        ]
      },
      "properties": {
        "name": "Otel Noktasi 218",
        "category": "Otel",
        "source_file": "01_oteller"
      }
    },
    {
      "type": "Feature",
      "geometry": {
        "type": "Point",
        "coordinates": [
          46.7616,
          40.033
        ]
      },
      "properties": {
        "name": "Otel Noktasi 219",
        "category": "Otel",
        "source_file": "01_oteller"
      }
    },
    {
      "type": "Feature",
      "geometry": {
        "type": "Point",
        "coordinates": [
          46.7707,
          40.0603
        ]
      },
      "properties": {
        "name": "Otel Noktasi 220",
        "category": "Otel",
        "source_file": "01_oteller"
      }
    },
    {
      "type": "Feature",
      "geometry": {
        "type": "Point",
        "coordinates": [
          46.7698,
          40.0648
        ]
      },
      "properties": {
        "name": "Otel Noktasi 221",
        "category": "Otel",
        "source_file": "01_oteller"
      }
    },
    {
      "type": "Feature",
      "geometry": {
        "type": "Point",
        "coordinates": [
          46.7638,
          40.0754
        ]
      },
      "properties": {
        "name": "Otel Noktasi 222",
        "category": "Otel",
        "source_file": "01_oteller"
      }
    },
    {
      "type": "Feature",
      "geometry": {
        "type": "Point",
        "coordinates": [
          46.7634,
          40.0815
        ]
      },
      "properties": {
        "name": "Otel Noktasi 223",
        "category": "Otel",
        "source_file": "01_oteller"
      }
    },
    {
      "type": "Feature",
      "geometry": {
        "type": "Point",
        "coordinates": [
          46.7649,
          40.0872
        ]
      },
      "properties": {
        "name": "Otel Noktasi 224",
        "category": "Otel",
        "source_file": "01_oteller"
      }
    },
    {
      "type": "Feature",
      "geometry": {
        "type": "Point",
        "coordinates": [
          46.7705,
          40.0917
        ]
      },
      "properties": {
        "name": "Otel Noktasi 225",
        "category": "Otel",
        "source_file": "01_oteller"
      }
    },
    {
      "type": "Feature",
      "geometry": {
        "type": "Point",
        "coordinates": [
          46.7958,
          40.101
        ]
      },
      "properties": {
        "name": "Otel Noktasi 226",
        "category": "Otel",
        "source_file": "01_oteller"
      }
    },
    {
      "type": "Feature",
      "geometry": {
        "type": "Point",
        "coordinates": [
          46.8039,
          40.1068
        ]
      },
      "properties": {
        "name": "Otel Noktasi 227",
        "category": "Otel",
        "source_file": "01_oteller"
      }
    },
    {
      "type": "Feature",
      "geometry": {
        "type": "Point",
        "coordinates": [
          46.8134,
          40.1253
        ]
      },
      "properties": {
        "name": "Otel Noktasi 228",
        "category": "Otel",
        "source_file": "01_oteller"
      }
    },
    {
      "type": "Feature",
      "geometry": {
        "type": "Point",
        "coordinates": [
          46.8151,
          40.1569
        ]
      },
      "properties": {
        "name": "Otel Noktasi 229",
        "category": "Otel",
        "source_file": "01_oteller"
      }
    },
    {
      "type": "Feature",
      "geometry": {
        "type": "Point",
        "coordinates": [
          46.8215,
          40.164
        ]
      },
      "properties": {
        "name": "Otel Noktasi 230",
        "category": "Otel",
        "source_file": "01_oteller"
      }
    },
    {
      "type": "Feature",
      "geometry": {
        "type": "Point",
        "coordinates": [
          46.8398,
          40.1712
        ]
      },
      "properties": {
        "name": "Otel Noktasi 231",
        "category": "Otel",
        "source_file": "01_oteller"
      }
    },
    {
      "type": "Feature",
      "geometry": {
        "type": "Point",
        "coordinates": [
          46.8471,
          40.171
        ]
      },
      "properties": {
        "name": "Otel Noktasi 232",
        "category": "Otel",
        "source_file": "01_oteller"
      }
    },
    {
      "type": "Feature",
      "geometry": {
        "type": "Point",
        "coordinates": [
          46.8607,
          40.1664
        ]
      },
      "properties": {
        "name": "Otel Noktasi 233",
        "category": "Otel",
        "source_file": "01_oteller"
      }
    },
    {
      "type": "Feature",
      "geometry": {
        "type": "Point",
        "coordinates": [
          46.877,
          40.1659
        ]
      },
      "properties": {
        "name": "Otel Noktasi 234",
        "category": "Otel",
        "source_file": "01_oteller"
      }
    },
    {
      "type": "Feature",
      "geometry": {
        "type": "Point",
        "coordinates": [
          46.9108,
          40.175
        ]
      },
      "properties": {
        "name": "Otel Noktasi 235",
        "category": "Otel",
        "source_file": "01_oteller"
      }
    },
    {
      "type": "Feature",
      "geometry": {
        "type": "Point",
        "coordinates": [
          46.926,
          40.1854
        ]
      },
      "properties": {
        "name": "Otel Noktasi 236",
        "category": "Otel",
        "source_file": "01_oteller"
      }
    },
    {
      "type": "Feature",
      "geometry": {
        "type": "Point",
        "coordinates": [
          46.9303,
          40.1905
        ]
      },
      "properties": {
        "name": "Otel Noktasi 237",
        "category": "Otel",
        "source_file": "01_oteller"
      }
    },
    {
      "type": "Feature",
      "geometry": {
        "type": "Point",
        "coordinates": [
          46.9303,
          40.196
        ]
      },
      "properties": {
        "name": "Otel Noktasi 238",
        "category": "Otel",
        "source_file": "01_oteller"
      }
    },
    {
      "type": "Feature",
      "geometry": {
        "type": "Point",
        "coordinates": [
          46.9255,
          40.2036
        ]
      },
      "properties": {
        "name": "Otel Noktasi 239",
        "category": "Otel",
        "source_file": "01_oteller"
      }
    },
    {
      "type": "Feature",
      "geometry": {
        "type": "Point",
        "coordinates": [
          46.9239,
          40.2097
        ]
      },
      "properties": {
        "name": "Otel Noktasi 240",
        "category": "Otel",
        "source_file": "01_oteller"
      }
    },
    {
      "type": "Feature",
      "geometry": {
        "type": "Point",
        "coordinates": [
          46.9245,
          40.2184
        ]
      },
      "properties": {
        "name": "Otel Noktasi 241",
        "category": "Otel",
        "source_file": "01_oteller"
      }
    },
    {
      "type": "Feature",
      "geometry": {
        "type": "Point",
        "coordinates": [
          46.9287,
          40.2215
        ]
      },
      "properties": {
        "name": "Otel Noktasi 242",
        "category": "Otel",
        "source_file": "01_oteller"
      }
    },
    {
      "type": "Feature",
      "geometry": {
        "type": "Point",
        "coordinates": [
          46.9396,
          40.2208
        ]
      },
      "properties": {
        "name": "Otel Noktasi 243",
        "category": "Otel",
        "source_file": "01_oteller"
      }
    },
    {
      "type": "Feature",
      "geometry": {
        "type": "Point",
        "coordinates": [
          46.9622,
          40.2059
        ]
      },
      "properties": {
        "name": "Otel Noktasi 244",
        "category": "Otel",
        "source_file": "01_oteller"
      }
    },
    {
      "type": "Feature",
      "geometry": {
        "type": "Point",
        "coordinates": [
          46.9705,
          40.203
        ]
      },
      "properties": {
        "name": "Otel Noktasi 245",
        "category": "Otel",
        "source_file": "01_oteller"
      }
    },
    {
      "type": "Feature",
      "geometry": {
        "type": "Point",
        "coordinates": [
          46.9837,
          40.2046
        ]
      },
      "properties": {
        "name": "Otel Noktasi 246",
        "category": "Otel",
        "source_file": "01_oteller"
      }
    },
    {
      "type": "Feature",
      "geometry": {
        "type": "Point",
        "coordinates": [
          46.9937,
          40.2128
        ]
      },
      "properties": {
        "name": "Otel Noktasi 247",
        "category": "Otel",
        "source_file": "01_oteller"
      }
    },
    {
      "type": "Feature",
      "geometry": {
        "type": "Point",
        "coordinates": [
          47.0001,
          40.2142
        ]
      },
      "properties": {
        "name": "Otel Noktasi 248",
        "category": "Otel",
        "source_file": "01_oteller"
      }
    },
    {
      "type": "Feature",
      "geometry": {
        "type": "Point",
        "coordinates": [
          47.0112,
          40.2117
        ]
      },
      "properties": {
        "name": "Otel Noktasi 249",
        "category": "Otel",
        "source_file": "01_oteller"
      }
    },
    {
      "type": "Feature",
      "geometry": {
        "type": "Point",
        "coordinates": [
          47.0221,
          40.2029
        ]
      },
      "properties": {
        "name": "Otel Noktasi 250",
        "category": "Otel",
        "source_file": "01_oteller"
      }
    },
    {
      "type": "Feature",
      "geometry": {
        "type": "Point",
        "coordinates": [
          47.0101,
          40.2469
        ]
      },
      "properties": {
        "name": "Otel Noktasi 251",
        "category": "Otel",
        "source_file": "01_oteller"
      }
    },
    {
      "type": "Feature",
      "geometry": {
        "type": "Point",
        "coordinates": [
          46.9714,
          40.2647
        ]
      },
      "properties": {
        "name": "Otel Noktasi 252",
        "category": "Otel",
        "source_file": "01_oteller"
      }
    },
    {
      "type": "Feature",
      "geometry": {
        "type": "Point",
        "coordinates": [
          46.9268,
          40.2796
        ]
      },
      "properties": {
        "name": "Otel Noktasi 253",
        "category": "Otel",
        "source_file": "01_oteller"
      }
    },
    {
      "type": "Feature",
      "geometry": {
        "type": "Point",
        "coordinates": [
          46.9179,
          40.3093
        ]
      },
      "properties": {
        "name": "Otel Noktasi 254",
        "category": "Otel",
        "source_file": "01_oteller"
      }
    },
    {
      "type": "Feature",
      "geometry": {
        "type": "Point",
        "coordinates": [
          46.9149,
          40.351
        ]
      },
      "properties": {
        "name": "Otel Noktasi 255",
        "category": "Otel",
        "source_file": "01_oteller"
      }
    },
    {
      "type": "Feature",
      "geometry": {
        "type": "Point",
        "coordinates": [
          46.903,
          40.3569
        ]
      },
      "properties": {
        "name": "Otel Noktasi 256",
        "category": "Otel",
        "source_file": "01_oteller"
      }
    },
    {
      "type": "Feature",
      "geometry": {
        "type": "Point",
        "coordinates": [
          46.8673,
          40.342
        ]
      },
      "properties": {
        "name": "Otel Noktasi 257",
        "category": "Otel",
        "source_file": "01_oteller"
      }
    },
    {
      "type": "Feature",
      "geometry": {
        "type": "Point",
        "coordinates": [
          46.8173,
          40.4119
        ]
      },
      "properties": {
        "name": "Otel Noktasi 258",
        "category": "Otel",
        "source_file": "01_oteller"
      }
    },
    {
      "type": "Feature",
      "geometry": {
        "type": "Point",
        "coordinates": [
          46.7927,
          40.403
        ]
      },
      "properties": {
        "name": "Otel Noktasi 259",
        "category": "Otel",
        "source_file": "01_oteller"
      }
    },
    {
      "type": "Feature",
      "geometry": {
        "type": "Point",
        "coordinates": [
          46.722,
          40.4039
        ]
      },
      "properties": {
        "name": "Otel Noktasi 260",
        "category": "Otel",
        "source_file": "01_oteller"
      }
    },
    {
      "type": "Feature",
      "geometry": {
        "type": "Point",
        "coordinates": [
          46.7062,
          40.4024
        ]
      },
      "properties": {
        "name": "Otel Noktasi 261",
        "category": "Otel",
        "source_file": "01_oteller"
      }
    },
    {
      "type": "Feature",
      "geometry": {
        "type": "Point",
        "coordinates": [
          46.6765,
          40.3889
        ]
      },
      "properties": {
        "name": "Otel Noktasi 262",
        "category": "Otel",
        "source_file": "01_oteller"
      }
    },
    {
      "type": "Feature",
      "geometry": {
        "type": "Point",
        "coordinates": [
          46.6524,
          40.3744
        ]
      },
      "properties": {
        "name": "Otel Noktasi 263",
        "category": "Otel",
        "source_file": "01_oteller"
      }
    },
    {
      "type": "Feature",
      "geometry": {
        "type": "Point",
        "coordinates": [
          46.6194,
          40.3622
        ]
      },
      "properties": {
        "name": "Otel Noktasi 264",
        "category": "Otel",
        "source_file": "01_oteller"
      }
    },
    {
      "type": "Feature",
      "geometry": {
        "type": "Point",
        "coordinates": [
          46.6023,
          40.3585
        ]
      },
      "properties": {
        "name": "Otel Noktasi 265",
        "category": "Otel",
        "source_file": "01_oteller"
      }
    },
    {
      "type": "Feature",
      "geometry": {
        "type": "Point",
        "coordinates": [
          46.579,
          40.345
        ]
      },
      "properties": {
        "name": "Otel Noktasi 266",
        "category": "Otel",
        "source_file": "01_oteller"
      }
    },
    {
      "type": "Feature",
      "geometry": {
        "type": "Point",
        "coordinates": [
          46.5571,
          40.3418
        ]
      },
      "properties": {
        "name": "Otel Noktasi 267",
        "category": "Otel",
        "source_file": "01_oteller"
      }
    },
    {
      "type": "Feature",
      "geometry": {
        "type": "Point",
        "coordinates": [
          46.5487,
          40.3391
        ]
      },
      "properties": {
        "name": "Otel Noktasi 268",
        "category": "Otel",
        "source_file": "01_oteller"
      }
    },
    {
      "type": "Feature",
      "geometry": {
        "type": "Point",
        "coordinates": [
          46.5369,
          40.3294
        ]
      },
      "properties": {
        "name": "Otel Noktasi 269",
        "category": "Otel",
        "source_file": "01_oteller"
      }
    },
    {
      "type": "Feature",
      "geometry": {
        "type": "Point",
        "coordinates": [
          46.5336,
          40.3192
        ]
      },
      "properties": {
        "name": "Otel Noktasi 270",
        "category": "Otel",
        "source_file": "01_oteller"
      }
    },
    {
      "type": "Feature",
      "geometry": {
        "type": "Point",
        "coordinates": [
          46.5345,
          40.3131
        ]
      },
      "properties": {
        "name": "Otel Noktasi 271",
        "category": "Otel",
        "source_file": "01_oteller"
      }
    },
    {
      "type": "Feature",
      "geometry": {
        "type": "Point",
        "coordinates": [
          46.451,
          39.9581
        ]
      },
      "properties": {
        "name": "Otel Noktasi 272",
        "category": "Otel",
        "source_file": "01_oteller"
      }
    },
    {
      "type": "Feature",
      "geometry": {
        "type": "Point",
        "coordinates": [
          46.4409,
          39.9313
        ]
      },
      "properties": {
        "name": "Otel Noktasi 273",
        "category": "Otel",
        "source_file": "01_oteller"
      }
    },
    {
      "type": "Feature",
      "geometry": {
        "type": "Point",
        "coordinates": [
          46.4345,
          39.9209
        ]
      },
      "properties": {
        "name": "Otel Noktasi 274",
        "category": "Otel",
        "source_file": "01_oteller"
      }
    },
    {
      "type": "Feature",
      "geometry": {
        "type": "Point",
        "coordinates": [
          46.4341,
          39.9148
        ]
      },
      "properties": {
        "name": "Otel Noktasi 275",
        "category": "Otel",
        "source_file": "01_oteller"
      }
    },
    {
      "type": "Feature",
      "geometry": {
        "type": "Point",
        "coordinates": [
          46.4357,
          39.909
        ]
      },
      "properties": {
        "name": "Otel Noktasi 276",
        "category": "Otel",
        "source_file": "01_oteller"
      }
    },
    {
      "type": "Feature",
      "geometry": {
        "type": "Point",
        "coordinates": [
          46.4413,
          39.9043
        ]
      },
      "properties": {
        "name": "Otel Noktasi 277",
        "category": "Otel",
        "source_file": "01_oteller"
      }
    },
    {
      "type": "Feature",
      "geometry": {
        "type": "Point",
        "coordinates": [
          46.4627,
          39.8946
        ]
      },
      "properties": {
        "name": "Otel Noktasi 278",
        "category": "Otel",
        "source_file": "01_oteller"
      }
    },
    {
      "type": "Feature",
      "geometry": {
        "type": "Point",
        "coordinates": [
          46.4702,
          39.8873
        ]
      },
      "properties": {
        "name": "Otel Noktasi 279",
        "category": "Otel",
        "source_file": "01_oteller"
      }
    },
    {
      "type": "Feature",
      "geometry": {
        "type": "Point",
        "coordinates": [
          46.4813,
          39.8814
        ]
      },
      "properties": {
        "name": "Otel Noktasi 280",
        "category": "Otel",
        "source_file": "01_oteller"
      }
    },
    {
      "type": "Feature",
      "geometry": {
        "type": "Point",
        "coordinates": [
          46.4918,
          39.8721
        ]
      },
      "properties": {
        "name": "Otel Noktasi 281",
        "category": "Otel",
        "source_file": "01_oteller"
      }
    },
    {
      "type": "Feature",
      "geometry": {
        "type": "Point",
        "coordinates": [
          46.5252,
          39.8205
        ]
      },
      "properties": {
        "name": "Otel Noktasi 282",
        "category": "Otel",
        "source_file": "01_oteller"
      }
    },
    {
      "type": "Feature",
      "geometry": {
        "type": "Point",
        "coordinates": [
          46.5287,
          39.8088
        ]
      },
      "properties": {
        "name": "Otel Noktasi 283",
        "category": "Otel",
        "source_file": "01_oteller"
      }
    },
    {
      "type": "Feature",
      "geometry": {
        "type": "Point",
        "coordinates": [
          46.5337,
          39.8012
        ]
      },
      "properties": {
        "name": "Otel Noktasi 284",
        "category": "Otel",
        "source_file": "01_oteller"
      }
    },
    {
      "type": "Feature",
      "geometry": {
        "type": "Point",
        "coordinates": [
          46.5404,
          39.7577
        ]
      },
      "properties": {
        "name": "Otel Noktasi 285",
        "category": "Otel",
        "source_file": "01_oteller"
      }
    },
    {
      "type": "Feature",
      "geometry": {
        "type": "Point",
        "coordinates": [
          46.5641,
          39.7618
        ]
      },
      "properties": {
        "name": "Otel Noktasi 286",
        "category": "Otel",
        "source_file": "01_oteller"
      }
    },
    {
      "type": "Feature",
      "geometry": {
        "type": "Point",
        "coordinates": [
          46.5936,
          39.7638
        ]
      },
      "properties": {
        "name": "Otel Noktasi 287",
        "category": "Otel",
        "source_file": "01_oteller"
      }
    },
    {
      "type": "Feature",
      "geometry": {
        "type": "Point",
        "coordinates": [
          46.627,
          39.7787
        ]
      },
      "properties": {
        "name": "Otel Noktasi 288",
        "category": "Otel",
        "source_file": "01_oteller"
      }
    },
    {
      "type": "Feature",
      "geometry": {
        "type": "Point",
        "coordinates": [
          46.6367,
          39.7808
        ]
      },
      "properties": {
        "name": "Otel Noktasi 289",
        "category": "Otel",
        "source_file": "01_oteller"
      }
    },
    {
      "type": "Feature",
      "geometry": {
        "type": "Point",
        "coordinates": [
          46.6527,
          39.7796
        ]
      },
      "properties": {
        "name": "Otel Noktasi 290",
        "category": "Otel",
        "source_file": "01_oteller"
      }
    },
    {
      "type": "Feature",
      "geometry": {
        "type": "Point",
        "coordinates": [
          46.6825,
          39.7701
        ]
      },
      "properties": {
        "name": "Otel Noktasi 291",
        "category": "Otel",
        "source_file": "01_oteller"
      }
    },
    {
      "type": "Feature",
      "geometry": {
        "type": "Point",
        "coordinates": [
          46.7239,
          39.75
        ]
      },
      "properties": {
        "name": "Otel Noktasi 292",
        "category": "Otel",
        "source_file": "01_oteller"
      }
    },
    {
      "type": "Feature",
      "geometry": {
        "type": "Point",
        "coordinates": [
          46.7282,
          39.7442
        ]
      },
      "properties": {
        "name": "Otel Noktasi 293",
        "category": "Otel",
        "source_file": "01_oteller"
      }
    },
    {
      "type": "Feature",
      "geometry": {
        "type": "Point",
        "coordinates": [
          46.7311,
          39.7354
        ]
      },
      "properties": {
        "name": "Otel Noktasi 294",
        "category": "Otel",
        "source_file": "01_oteller"
      }
    },
    {
      "type": "Feature",
      "geometry": {
        "type": "Point",
        "coordinates": [
          46.7449,
          39.7151
        ]
      },
      "properties": {
        "name": "Otel Noktasi 295",
        "category": "Otel",
        "source_file": "01_oteller"
      }
    },
    {
      "type": "Feature",
      "geometry": {
        "type": "Point",
        "coordinates": [
          46.777,
          39.6908
        ]
      },
      "properties": {
        "name": "Otel Noktasi 296",
        "category": "Otel",
        "source_file": "01_oteller"
      }
    },
    {
      "type": "Feature",
      "geometry": {
        "type": "Point",
        "coordinates": [
          46.7794,
          39.6858
        ]
      },
      "properties": {
        "name": "Otel Noktasi 297",
        "category": "Otel",
        "source_file": "01_oteller"
      }
    },
    {
      "type": "Feature",
      "geometry": {
        "type": "Point",
        "coordinates": [
          46.7817,
          39.6685
        ]
      },
      "properties": {
        "name": "Otel Noktasi 298",
        "category": "Otel",
        "source_file": "01_oteller"
      }
    },
    {
      "type": "Feature",
      "geometry": {
        "type": "Point",
        "coordinates": [
          46.7894,
          39.6555
        ]
      },
      "properties": {
        "name": "Otel Noktasi 299",
        "category": "Otel",
        "source_file": "01_oteller"
      }
    },
    {
      "type": "Feature",
      "geometry": {
        "type": "Point",
        "coordinates": [
          46.8079,
          39.6467
        ]
      },
      "properties": {
        "name": "Otel Noktasi 300",
        "category": "Otel",
        "source_file": "01_oteller"
      }
    },
    {
      "type": "Feature",
      "geometry": {
        "type": "Point",
        "coordinates": [
          46.8169,
          39.6357
        ]
      },
      "properties": {
        "name": "Otel Noktasi 301",
        "category": "Otel",
        "source_file": "01_oteller"
      }
    },
    {
      "type": "Feature",
      "geometry": {
        "type": "Point",
        "coordinates": [
          46.831,
          39.626
        ]
      },
      "properties": {
        "name": "Otel Noktasi 302",
        "category": "Otel",
        "source_file": "01_oteller"
      }
    },
    {
      "type": "Feature",
      "geometry": {
        "type": "Point",
        "coordinates": [
          46.8411,
          39.6269
        ]
      },
      "properties": {
        "name": "Otel Noktasi 303",
        "category": "Otel",
        "source_file": "01_oteller"
      }
    },
    {
      "type": "Feature",
      "geometry": {
        "type": "Point",
        "coordinates": [
          46.8743,
          39.6505
        ]
      },
      "properties": {
        "name": "Otel Noktasi 304",
        "category": "Otel",
        "source_file": "01_oteller"
      }
    },
    {
      "type": "Feature",
      "geometry": {
        "type": "Point",
        "coordinates": [
          46.8993,
          39.6611
        ]
      },
      "properties": {
        "name": "Otel Noktasi 305",
        "category": "Otel",
        "source_file": "01_oteller"
      }
    },
    {
      "type": "Feature",
      "geometry": {
        "type": "Point",
        "coordinates": [
          46.9049,
          39.6656
        ]
      },
      "properties": {
        "name": "Otel Noktasi 306",
        "category": "Otel",
        "source_file": "01_oteller"
      }
    },
    {
      "type": "Feature",
      "geometry": {
        "type": "Point",
        "coordinates": [
          46.9066,
          39.6714
        ]
      },
      "properties": {
        "name": "Otel Noktasi 307",
        "category": "Otel",
        "source_file": "01_oteller"
      }
    },
    {
      "type": "Feature",
      "geometry": {
        "type": "Point",
        "coordinates": [
          46.906,
          39.6839
        ]
      },
      "properties": {
        "name": "Otel Noktasi 308",
        "category": "Otel",
        "source_file": "01_oteller"
      }
    },
    {
      "type": "Feature",
      "geometry": {
        "type": "Point",
        "coordinates": [
          46.8999,
          39.6944
        ]
      },
      "properties": {
        "name": "Otel Noktasi 309",
        "category": "Otel",
        "source_file": "01_oteller"
      }
    },
    {
      "type": "Feature",
      "geometry": {
        "type": "Point",
        "coordinates": [
          46.8964,
          39.7061
        ]
      },
      "properties": {
        "name": "Otel Noktasi 310",
        "category": "Otel",
        "source_file": "01_oteller"
      }
    },
    {
      "type": "Feature",
      "geometry": {
        "type": "Point",
        "coordinates": [
          46.8892,
          39.7135
        ]
      },
      "properties": {
        "name": "Otel Noktasi 311",
        "category": "Otel",
        "source_file": "01_oteller"
      }
    },
    {
      "type": "Feature",
      "geometry": {
        "type": "Point",
        "coordinates": [
          46.8507,
          39.7435
        ]
      },
      "properties": {
        "name": "Otel Noktasi 312",
        "category": "Otel",
        "source_file": "01_oteller"
      }
    },
    {
      "type": "Feature",
      "geometry": {
        "type": "Point",
        "coordinates": [
          46.8336,
          39.763
        ]
      },
      "properties": {
        "name": "Otel Noktasi 313",
        "category": "Otel",
        "source_file": "01_oteller"
      }
    },
    {
      "type": "Feature",
      "geometry": {
        "type": "Point",
        "coordinates": [
          46.8316,
          39.7682
        ]
      },
      "properties": {
        "name": "Otel Noktasi 314",
        "category": "Otel",
        "source_file": "01_oteller"
      }
    },
    {
      "type": "Feature",
      "geometry": {
        "type": "Point",
        "coordinates": [
          46.8339,
          39.7732
        ]
      },
      "properties": {
        "name": "Otel Noktasi 315",
        "category": "Otel",
        "source_file": "01_oteller"
      }
    },
    {
      "type": "Feature",
      "geometry": {
        "type": "Point",
        "coordinates": [
          46.8458,
          39.7843
        ]
      },
      "properties": {
        "name": "Otel Noktasi 316",
        "category": "Otel",
        "source_file": "01_oteller"
      }
    },
    {
      "type": "Feature",
      "geometry": {
        "type": "Point",
        "coordinates": [
          46.8567,
          39.8009
        ]
      },
      "properties": {
        "name": "Otel Noktasi 317",
        "category": "Otel",
        "source_file": "01_oteller"
      }
    },
    {
      "type": "Feature",
      "geometry": {
        "type": "Point",
        "coordinates": [
          46.8737,
          39.834
        ]
      },
      "properties": {
        "name": "Otel Noktasi 318",
        "category": "Otel",
        "source_file": "01_oteller"
      }
    },
    {
      "type": "Feature",
      "geometry": {
        "type": "Point",
        "coordinates": [
          46.8946,
          39.856
        ]
      },
      "properties": {
        "name": "Otel Noktasi 319",
        "category": "Otel",
        "source_file": "01_oteller"
      }
    },
    {
      "type": "Feature",
      "geometry": {
        "type": "Point",
        "coordinates": [
          46.9134,
          39.8725
        ]
      },
      "properties": {
        "name": "Otel Noktasi 320",
        "category": "Otel",
        "source_file": "01_oteller"
      }
    },
    {
      "type": "Feature",
      "geometry": {
        "type": "Point",
        "coordinates": [
          46.917,
          39.8841
        ]
      },
      "properties": {
        "name": "Otel Noktasi 321",
        "category": "Otel",
        "source_file": "01_oteller"
      }
    },
    {
      "type": "Feature",
      "geometry": {
        "type": "Point",
        "coordinates": [
          46.9231,
          39.8943
        ]
      },
      "properties": {
        "name": "Otel Noktasi 322",
        "category": "Otel",
        "source_file": "01_oteller"
      }
    },
    {
      "type": "Feature",
      "geometry": {
        "type": "Point",
        "coordinates": [
          46.9232,
          39.9068
        ]
      },
      "properties": {
        "name": "Otel Noktasi 323",
        "category": "Otel",
        "source_file": "01_oteller"
      }
    },
    {
      "type": "Feature",
      "geometry": {
        "type": "Point",
        "coordinates": [
          46.9192,
          39.9134
        ]
      },
      "properties": {
        "name": "Otel Noktasi 324",
        "category": "Otel",
        "source_file": "01_oteller"
      }
    },
    {
      "type": "Feature",
      "geometry": {
        "type": "Point",
        "coordinates": [
          46.9094,
          39.9201
        ]
      },
      "properties": {
        "name": "Otel Noktasi 325",
        "category": "Otel",
        "source_file": "01_oteller"
      }
    },
    {
      "type": "Feature",
      "geometry": {
        "type": "Point",
        "coordinates": [
          46.9043,
          39.9201
        ]
      },
      "properties": {
        "name": "Otel Noktasi 326",
        "category": "Otel",
        "source_file": "01_oteller"
      }
    },
    {
      "type": "Feature",
      "geometry": {
        "type": "Point",
        "coordinates": [
          46.8934,
          39.9152
        ]
      },
      "properties": {
        "name": "Otel Noktasi 327",
        "category": "Otel",
        "source_file": "01_oteller"
      }
    },
    {
      "type": "Feature",
      "geometry": {
        "type": "Point",
        "coordinates": [
          46.886,
          39.9148
        ]
      },
      "properties": {
        "name": "Otel Noktasi 328",
        "category": "Otel",
        "source_file": "01_oteller"
      }
    },
    {
      "type": "Feature",
      "geometry": {
        "type": "Point",
        "coordinates": [
          46.8734,
          39.918
        ]
      },
      "properties": {
        "name": "Otel Noktasi 329",
        "category": "Otel",
        "source_file": "01_oteller"
      }
    },
    {
      "type": "Feature",
      "geometry": {
        "type": "Point",
        "coordinates": [
          46.8528,
          39.9278
        ]
      },
      "properties": {
        "name": "Otel Noktasi 330",
        "category": "Otel",
        "source_file": "01_oteller"
      }
    },
    {
      "type": "Feature",
      "geometry": {
        "type": "Point",
        "coordinates": [
          46.8478,
          39.9367
        ]
      },
      "properties": {
        "name": "Otel Noktasi 331",
        "category": "Otel",
        "source_file": "01_oteller"
      }
    },
    {
      "type": "Feature",
      "geometry": {
        "type": "Point",
        "coordinates": [
          46.8475,
          39.9558
        ]
      },
      "properties": {
        "name": "Otel Noktasi 332",
        "category": "Otel",
        "source_file": "01_oteller"
      }
    },
    {
      "type": "Feature",
      "geometry": {
        "type": "Point",
        "coordinates": [
          46.846,
          39.9617
        ]
      },
      "properties": {
        "name": "Otel Noktasi 333",
        "category": "Otel",
        "source_file": "01_oteller"
      }
    },
    {
      "type": "Feature",
      "geometry": {
        "type": "Point",
        "coordinates": [
          46.8259,
          39.9798
        ]
      },
      "properties": {
        "name": "Otel Noktasi 334",
        "category": "Otel",
        "source_file": "01_oteller"
      }
    },
    {
      "type": "Feature",
      "geometry": {
        "type": "Point",
        "coordinates": [
          46.817,
          39.992
        ]
      },
      "properties": {
        "name": "Otel Noktasi 335",
        "category": "Otel",
        "source_file": "01_oteller"
      }
    },
    {
      "type": "Feature",
      "geometry": {
        "type": "Point",
        "coordinates": [
          46.807,
          40.0002
        ]
      },
      "properties": {
        "name": "Otel Noktasi 336",
        "category": "Otel",
        "source_file": "01_oteller"
      }
    },
    {
      "type": "Feature",
      "geometry": {
        "type": "Point",
        "coordinates": [
          46.7955,
          40.0063
        ]
      },
      "properties": {
        "name": "Otel Noktasi 337",
        "category": "Otel",
        "source_file": "01_oteller"
      }
    },
    {
      "type": "Feature",
      "geometry": {
        "type": "Point",
        "coordinates": [
          46.7803,
          40.0079
        ]
      },
      "properties": {
        "name": "Otel Noktasi 338",
        "category": "Otel",
        "source_file": "01_oteller"
      }
    },
    {
      "type": "Feature",
      "geometry": {
        "type": "Point",
        "coordinates": [
          46.7724,
          40.0069
        ]
      },
      "properties": {
        "name": "Otel Noktasi 339",
        "category": "Otel",
        "source_file": "01_oteller"
      }
    },
    {
      "type": "Feature",
      "geometry": {
        "type": "Point",
        "coordinates": [
          46.7457,
          39.9968
        ]
      },
      "properties": {
        "name": "Otel Noktasi 340",
        "category": "Otel",
        "source_file": "01_oteller"
      }
    },
    {
      "type": "Feature",
      "geometry": {
        "type": "Point",
        "coordinates": [
          46.734,
          39.9962
        ]
      },
      "properties": {
        "name": "Otel Noktasi 341",
        "category": "Otel",
        "source_file": "01_oteller"
      }
    },
    {
      "type": "Feature",
      "geometry": {
        "type": "Point",
        "coordinates": [
          46.7107,
          40.0052
        ]
      },
      "properties": {
        "name": "Otel Noktasi 342",
        "category": "Otel",
        "source_file": "01_oteller"
      }
    },
    {
      "type": "Feature",
      "geometry": {
        "type": "Point",
        "coordinates": [
          46.6979,
          40.0182
        ]
      },
      "properties": {
        "name": "Otel Noktasi 343",
        "category": "Otel",
        "source_file": "01_oteller"
      }
    },
    {
      "type": "Feature",
      "geometry": {
        "type": "Point",
        "coordinates": [
          46.6634,
          40.0109
        ]
      },
      "properties": {
        "name": "Otel Noktasi 344",
        "category": "Otel",
        "source_file": "01_oteller"
      }
    },
    {
      "type": "Feature",
      "geometry": {
        "type": "Point",
        "coordinates": [
          46.6372,
          40.0092
        ]
      },
      "properties": {
        "name": "Otel Noktasi 345",
        "category": "Otel",
        "source_file": "01_oteller"
      }
    },
    {
      "type": "Feature",
      "geometry": {
        "type": "Point",
        "coordinates": [
          46.6295,
          40.0063
        ]
      },
      "properties": {
        "name": "Otel Noktasi 346",
        "category": "Otel",
        "source_file": "01_oteller"
      }
    },
    {
      "type": "Feature",
      "geometry": {
        "type": "Point",
        "coordinates": [
          46.6216,
          40.0004
        ]
      },
      "properties": {
        "name": "Otel Noktasi 347",
        "category": "Otel",
        "source_file": "01_oteller"
      }
    },
    {
      "type": "Feature",
      "geometry": {
        "type": "Point",
        "coordinates": [
          46.6181,
          39.992
        ]
      },
      "properties": {
        "name": "Otel Noktasi 348",
        "category": "Otel",
        "source_file": "01_oteller"
      }
    },
    {
      "type": "Feature",
      "geometry": {
        "type": "Point",
        "coordinates": [
          46.6064,
          39.9764
        ]
      },
      "properties": {
        "name": "Otel Noktasi 349",
        "category": "Otel",
        "source_file": "01_oteller"
      }
    },
    {
      "type": "Feature",
      "geometry": {
        "type": "Point",
        "coordinates": [
          46.5788,
          39.9625
        ]
      },
      "properties": {
        "name": "Otel Noktasi 350",
        "category": "Otel",
        "source_file": "01_oteller"
      }
    },
    {
      "type": "Feature",
      "geometry": {
        "type": "Point",
        "coordinates": [
          46.5671,
          39.9588
        ]
      },
      "properties": {
        "name": "Otel Noktasi 351",
        "category": "Otel",
        "source_file": "01_oteller"
      }
    },
    {
      "type": "Feature",
      "geometry": {
        "type": "Point",
        "coordinates": [
          46.5579,
          39.959
        ]
      },
      "properties": {
        "name": "Otel Noktasi 352",
        "category": "Otel",
        "source_file": "01_oteller"
      }
    },
    {
      "type": "Feature",
      "geometry": {
        "type": "Point",
        "coordinates": [
          46.5477,
          39.9701
        ]
      },
      "properties": {
        "name": "Otel Noktasi 353",
        "category": "Otel",
        "source_file": "01_oteller"
      }
    },
    {
      "type": "Feature",
      "geometry": {
        "type": "Point",
        "coordinates": [
          46.5366,
          39.9775
        ]
      },
      "properties": {
        "name": "Otel Noktasi 354",
        "category": "Otel",
        "source_file": "01_oteller"
      }
    },
    {
      "type": "Feature",
      "geometry": {
        "type": "Point",
        "coordinates": [
          46.506,
          39.9857
        ]
      },
      "properties": {
        "name": "Otel Noktasi 355",
        "category": "Otel",
        "source_file": "01_oteller"
      }
    },
    {
      "type": "Feature",
      "geometry": {
        "type": "Point",
        "coordinates": [
          46.4987,
          39.9831
        ]
      },
      "properties": {
        "name": "Otel Noktasi 356",
        "category": "Otel",
        "source_file": "01_oteller"
      }
    },
    {
      "type": "Feature",
      "geometry": {
        "type": "Point",
        "coordinates": [
          46.4886,
          39.9715
        ]
      },
      "properties": {
        "name": "Otel Noktasi 357",
        "category": "Otel",
        "source_file": "01_oteller"
      }
    },
    {
      "type": "Feature",
      "geometry": {
        "type": "Point",
        "coordinates": [
          46.4799,
          39.9654
        ]
      },
      "properties": {
        "name": "Otel Noktasi 358",
        "category": "Otel",
        "source_file": "01_oteller"
      }
    },
    {
      "type": "Feature",
      "geometry": {
        "type": "Point",
        "coordinates": [
          46.451,
          39.9581
        ]
      },
      "properties": {
        "name": "Otel Noktasi 359",
        "category": "Otel",
        "source_file": "01_oteller"
      }
    },
    {
      "type": "Feature",
      "geometry": {
        "type": "Point",
        "coordinates": [
          46.8108,
          39.8037
        ]
      },
      "properties": {
        "name": "Otel Noktasi 360",
        "category": "Otel",
        "source_file": "01_oteller"
      }
    },
    {
      "type": "Feature",
      "geometry": {
        "type": "Point",
        "coordinates": [
          46.8168,
          39.8423
        ]
      },
      "properties": {
        "name": "Otel Noktasi 361",
        "category": "Otel",
        "source_file": "01_oteller"
      }
    },
    {
      "type": "Feature",
      "geometry": {
        "type": "Point",
        "coordinates": [
          46.7982,
          39.8568
        ]
      },
      "properties": {
        "name": "Otel Noktasi 362",
        "category": "Otel",
        "source_file": "01_oteller"
      }
    },
    {
      "type": "Feature",
      "geometry": {
        "type": "Point",
        "coordinates": [
          46.7513,
          39.8483
        ]
      },
      "properties": {
        "name": "Otel Noktasi 363",
        "category": "Otel",
        "source_file": "01_oteller"
      }
    },
    {
      "type": "Feature",
      "geometry": {
        "type": "Point",
        "coordinates": [
          46.7335,
          39.8126
        ]
      },
      "properties": {
        "name": "Otel Noktasi 364",
        "category": "Otel",
        "source_file": "01_oteller"
      }
    },
    {
      "type": "Feature",
      "geometry": {
        "type": "Point",
        "coordinates": [
          46.7692,
          39.7888
        ]
      },
      "properties": {
        "name": "Otel Noktasi 365",
        "category": "Otel",
        "source_file": "01_oteller"
      }
    },
    {
      "type": "Feature",
      "geometry": {
        "type": "Point",
        "coordinates": [
          46.8108,
          39.8037
        ]
      },
      "properties": {
        "name": "Otel Noktasi 366",
        "category": "Otel",
        "source_file": "01_oteller"
      }
    },
    {
      "type": "Feature",
      "geometry": {
        "type": "Point",
        "coordinates": [
          47.249,
          39.857
        ]
      },
      "properties": {
        "name": "Otel Noktasi 367",
        "category": "Otel",
        "source_file": "01_oteller"
      }
    },
    {
      "type": "Feature",
      "geometry": {
        "type": "Point",
        "coordinates": [
          47.2316,
          39.8614
        ]
      },
      "properties": {
        "name": "Otel Noktasi 368",
        "category": "Otel",
        "source_file": "01_oteller"
      }
    },
    {
      "type": "Feature",
      "geometry": {
        "type": "Point",
        "coordinates": [
          47.1814,
          39.8599
        ]
      },
      "properties": {
        "name": "Otel Noktasi 369",
        "category": "Otel",
        "source_file": "01_oteller"
      }
    },
    {
      "type": "Feature",
      "geometry": {
        "type": "Point",
        "coordinates": [
          47.1715,
          39.8519
        ]
      },
      "properties": {
        "name": "Otel Noktasi 370",
        "category": "Otel",
        "source_file": "01_oteller"
      }
    },
    {
      "type": "Feature",
      "geometry": {
        "type": "Point",
        "coordinates": [
          47.1596,
          39.8329
        ]
      },
      "properties": {
        "name": "Otel Noktasi 371",
        "category": "Otel",
        "source_file": "01_oteller"
      }
    },
    {
      "type": "Feature",
      "geometry": {
        "type": "Point",
        "coordinates": [
          47.1564,
          39.8287
        ]
      },
      "properties": {
        "name": "Otel Noktasi 372",
        "category": "Otel",
        "source_file": "01_oteller"
      }
    },
    {
      "type": "Feature",
      "geometry": {
        "type": "Point",
        "coordinates": [
          47.1529,
          39.8272
        ]
      },
      "properties": {
        "name": "Otel Noktasi 373",
        "category": "Otel",
        "source_file": "01_oteller"
      }
    },
    {
      "type": "Feature",
      "geometry": {
        "type": "Point",
        "coordinates": [
          47.127,
          39.8356
        ]
      },
      "properties": {
        "name": "Otel Noktasi 374",
        "category": "Otel",
        "source_file": "01_oteller"
      }
    },
    {
      "type": "Feature",
      "geometry": {
        "type": "Point",
        "coordinates": [
          47.1016,
          39.8416
        ]
      },
      "properties": {
        "name": "Otel Noktasi 375",
        "category": "Otel",
        "source_file": "01_oteller"
      }
    },
    {
      "type": "Feature",
      "geometry": {
        "type": "Point",
        "coordinates": [
          47.0759,
          39.8512
        ]
      },
      "properties": {
        "name": "Otel Noktasi 376",
        "category": "Otel",
        "source_file": "01_oteller"
      }
    },
    {
      "type": "Feature",
      "geometry": {
        "type": "Point",
        "coordinates": [
          47.0547,
          39.8606
        ]
      },
      "properties": {
        "name": "Otel Noktasi 377",
        "category": "Otel",
        "source_file": "01_oteller"
      }
    },
    {
      "type": "Feature",
      "geometry": {
        "type": "Point",
        "coordinates": [
          47.0285,
          39.8792
        ]
      },
      "properties": {
        "name": "Otel Noktasi 378",
        "category": "Otel",
        "source_file": "01_oteller"
      }
    },
    {
      "type": "Feature",
      "geometry": {
        "type": "Point",
        "coordinates": [
          47.0202,
          39.8823
        ]
      },
      "properties": {
        "name": "Otel Noktasi 379",
        "category": "Otel",
        "source_file": "01_oteller"
      }
    },
    {
      "type": "Feature",
      "geometry": {
        "type": "Point",
        "coordinates": [
          47.004,
          39.8828
        ]
      },
      "properties": {
        "name": "Otel Noktasi 380",
        "category": "Otel",
        "source_file": "01_oteller"
      }
    },
    {
      "type": "Feature",
      "geometry": {
        "type": "Point",
        "coordinates": [
          46.9902,
          39.8785
        ]
      },
      "properties": {
        "name": "Otel Noktasi 381",
        "category": "Otel",
        "source_file": "01_oteller"
      }
    },
    {
      "type": "Feature",
      "geometry": {
        "type": "Point",
        "coordinates": [
          46.9659,
          39.877
        ]
      },
      "properties": {
        "name": "Otel Noktasi 382",
        "category": "Otel",
        "source_file": "01_oteller"
      }
    },
    {
      "type": "Feature",
      "geometry": {
        "type": "Point",
        "coordinates": [
          46.9604,
          39.8751
        ]
      },
      "properties": {
        "name": "Otel Noktasi 383",
        "category": "Otel",
        "source_file": "01_oteller"
      }
    },
    {
      "type": "Feature",
      "geometry": {
        "type": "Point",
        "coordinates": [
          46.9576,
          39.8711
        ]
      },
      "properties": {
        "name": "Otel Noktasi 384",
        "category": "Otel",
        "source_file": "01_oteller"
      }
    },
    {
      "type": "Feature",
      "geometry": {
        "type": "Point",
        "coordinates": [
          46.9525,
          39.8548
        ]
      },
      "properties": {
        "name": "Otel Noktasi 385",
        "category": "Otel",
        "source_file": "01_oteller"
      }
    },
    {
      "type": "Feature",
      "geometry": {
        "type": "Point",
        "coordinates": [
          46.9487,
          39.8363
        ]
      },
      "properties": {
        "name": "Otel Noktasi 386",
        "category": "Otel",
        "source_file": "01_oteller"
      }
    },
    {
      "type": "Feature",
      "geometry": {
        "type": "Point",
        "coordinates": [
          46.9344,
          39.8233
        ]
      },
      "properties": {
        "name": "Otel Noktasi 387",
        "category": "Otel",
        "source_file": "01_oteller"
      }
    },
    {
      "type": "Feature",
      "geometry": {
        "type": "Point",
        "coordinates": [
          46.8997,
          39.8142
        ]
      },
      "properties": {
        "name": "Otel Noktasi 388",
        "category": "Otel",
        "source_file": "01_oteller"
      }
    },
    {
      "type": "Feature",
      "geometry": {
        "type": "Point",
        "coordinates": [
          46.8527,
          39.7953
        ]
      },
      "properties": {
        "name": "Otel Noktasi 389",
        "category": "Otel",
        "source_file": "01_oteller"
      }
    },
    {
      "type": "Feature",
      "geometry": {
        "type": "Point",
        "coordinates": [
          46.8458,
          39.7843
        ]
      },
      "properties": {
        "name": "Otel Noktasi 390",
        "category": "Otel",
        "source_file": "01_oteller"
      }
    },
    {
      "type": "Feature",
      "geometry": {
        "type": "Point",
        "coordinates": [
          46.8322,
          39.7709
        ]
      },
      "properties": {
        "name": "Otel Noktasi 391",
        "category": "Otel",
        "source_file": "01_oteller"
      }
    },
    {
      "type": "Feature",
      "geometry": {
        "type": "Point",
        "coordinates": [
          46.8316,
          39.7682
        ]
      },
      "properties": {
        "name": "Otel Noktasi 392",
        "category": "Otel",
        "source_file": "01_oteller"
      }
    },
    {
      "type": "Feature",
      "geometry": {
        "type": "Point",
        "coordinates": [
          46.8336,
          39.763
        ]
      },
      "properties": {
        "name": "Otel Noktasi 393",
        "category": "Otel",
        "source_file": "01_oteller"
      }
    },
    {
      "type": "Feature",
      "geometry": {
        "type": "Point",
        "coordinates": [
          46.8507,
          39.7435
        ]
      },
      "properties": {
        "name": "Otel Noktasi 394",
        "category": "Otel",
        "source_file": "01_oteller"
      }
    },
    {
      "type": "Feature",
      "geometry": {
        "type": "Point",
        "coordinates": [
          46.8892,
          39.7135
        ]
      },
      "properties": {
        "name": "Otel Noktasi 395",
        "category": "Otel",
        "source_file": "01_oteller"
      }
    },
    {
      "type": "Feature",
      "geometry": {
        "type": "Point",
        "coordinates": [
          46.8964,
          39.7061
        ]
      },
      "properties": {
        "name": "Otel Noktasi 396",
        "category": "Otel",
        "source_file": "01_oteller"
      }
    },
    {
      "type": "Feature",
      "geometry": {
        "type": "Point",
        "coordinates": [
          46.8999,
          39.6944
        ]
      },
      "properties": {
        "name": "Otel Noktasi 397",
        "category": "Otel",
        "source_file": "01_oteller"
      }
    },
    {
      "type": "Feature",
      "geometry": {
        "type": "Point",
        "coordinates": [
          46.906,
          39.6839
        ]
      },
      "properties": {
        "name": "Otel Noktasi 398",
        "category": "Otel",
        "source_file": "01_oteller"
      }
    },
    {
      "type": "Feature",
      "geometry": {
        "type": "Point",
        "coordinates": [
          46.9066,
          39.6714
        ]
      },
      "properties": {
        "name": "Otel Noktasi 399",
        "category": "Otel",
        "source_file": "01_oteller"
      }
    },
    {
      "type": "Feature",
      "geometry": {
        "type": "Point",
        "coordinates": [
          46.9049,
          39.6656
        ]
      },
      "properties": {
        "name": "Otel Noktasi 400",
        "category": "Otel",
        "source_file": "01_oteller"
      }
    },
    {
      "type": "Feature",
      "geometry": {
        "type": "Point",
        "coordinates": [
          46.8993,
          39.6611
        ]
      },
      "properties": {
        "name": "Otel Noktasi 401",
        "category": "Otel",
        "source_file": "01_oteller"
      }
    },
    {
      "type": "Feature",
      "geometry": {
        "type": "Point",
        "coordinates": [
          46.8743,
          39.6505
        ]
      },
      "properties": {
        "name": "Otel Noktasi 402",
        "category": "Otel",
        "source_file": "01_oteller"
      }
    },
    {
      "type": "Feature",
      "geometry": {
        "type": "Point",
        "coordinates": [
          46.8438,
          39.6284
        ]
      },
      "properties": {
        "name": "Otel Noktasi 403",
        "category": "Otel",
        "source_file": "01_oteller"
      }
    },
    {
      "type": "Feature",
      "geometry": {
        "type": "Point",
        "coordinates": [
          46.8346,
          39.6255
        ]
      },
      "properties": {
        "name": "Otel Noktasi 404",
        "category": "Otel",
        "source_file": "01_oteller"
      }
    },
    {
      "type": "Feature",
      "geometry": {
        "type": "Point",
        "coordinates": [
          46.8278,
          39.6273
        ]
      },
      "properties": {
        "name": "Otel Noktasi 405",
        "category": "Otel",
        "source_file": "01_oteller"
      }
    },
    {
      "type": "Feature",
      "geometry": {
        "type": "Point",
        "coordinates": [
          46.822,
          39.6311
        ]
      },
      "properties": {
        "name": "Otel Noktasi 406",
        "category": "Otel",
        "source_file": "01_oteller"
      }
    },
    {
      "type": "Feature",
      "geometry": {
        "type": "Point",
        "coordinates": [
          46.8079,
          39.6467
        ]
      },
      "properties": {
        "name": "Otel Noktasi 407",
        "category": "Otel",
        "source_file": "01_oteller"
      }
    },
    {
      "type": "Feature",
      "geometry": {
        "type": "Point",
        "coordinates": [
          46.7894,
          39.6555
        ]
      },
      "properties": {
        "name": "Otel Noktasi 408",
        "category": "Otel",
        "source_file": "01_oteller"
      }
    },
    {
      "type": "Feature",
      "geometry": {
        "type": "Point",
        "coordinates": [
          46.7769,
          39.6379
        ]
      },
      "properties": {
        "name": "Otel Noktasi 409",
        "category": "Otel",
        "source_file": "01_oteller"
      }
    },
    {
      "type": "Feature",
      "geometry": {
        "type": "Point",
        "coordinates": [
          46.7492,
          39.6079
        ]
      },
      "properties": {
        "name": "Otel Noktasi 410",
        "category": "Otel",
        "source_file": "01_oteller"
      }
    },
    {
      "type": "Feature",
      "geometry": {
        "type": "Point",
        "coordinates": [
          46.7356,
          39.5888
        ]
      },
      "properties": {
        "name": "Otel Noktasi 411",
        "category": "Otel",
        "source_file": "01_oteller"
      }
    },
    {
      "type": "Feature",
      "geometry": {
        "type": "Point",
        "coordinates": [
          46.7177,
          39.5833
        ]
      },
      "properties": {
        "name": "Otel Noktasi 412",
        "category": "Otel",
        "source_file": "01_oteller"
      }
    },
    {
      "type": "Feature",
      "geometry": {
        "type": "Point",
        "coordinates": [
          46.6828,
          39.582
        ]
      },
      "properties": {
        "name": "Otel Noktasi 413",
        "category": "Otel",
        "source_file": "01_oteller"
      }
    },
    {
      "type": "Feature",
      "geometry": {
        "type": "Point",
        "coordinates": [
          46.6713,
          39.5775
        ]
      },
      "properties": {
        "name": "Otel Noktasi 414",
        "category": "Otel",
        "source_file": "01_oteller"
      }
    },
    {
      "type": "Feature",
      "geometry": {
        "type": "Point",
        "coordinates": [
          46.6631,
          39.5698
        ]
      },
      "properties": {
        "name": "Otel Noktasi 415",
        "category": "Otel",
        "source_file": "01_oteller"
      }
    },
    {
      "type": "Feature",
      "geometry": {
        "type": "Point",
        "coordinates": [
          46.6625,
          39.5617
        ]
      },
      "properties": {
        "name": "Otel Noktasi 416",
        "category": "Otel",
        "source_file": "01_oteller"
      }
    },
    {
      "type": "Feature",
      "geometry": {
        "type": "Point",
        "coordinates": [
          46.6665,
          39.558
        ]
      },
      "properties": {
        "name": "Otel Noktasi 417",
        "category": "Otel",
        "source_file": "01_oteller"
      }
    },
    {
      "type": "Feature",
      "geometry": {
        "type": "Point",
        "coordinates": [
          46.6816,
          39.5503
        ]
      },
      "properties": {
        "name": "Otel Noktasi 418",
        "category": "Otel",
        "source_file": "01_oteller"
      }
    },
    {
      "type": "Feature",
      "geometry": {
        "type": "Point",
        "coordinates": [
          46.6862,
          39.5442
        ]
      },
      "properties": {
        "name": "Otel Noktasi 419",
        "category": "Otel",
        "source_file": "01_oteller"
      }
    },
    {
      "type": "Feature",
      "geometry": {
        "type": "Point",
        "coordinates": [
          46.6873,
          39.5194
        ]
      },
      "properties": {
        "name": "Otel Noktasi 420",
        "category": "Otel",
        "source_file": "01_oteller"
      }
    },
    {
      "type": "Feature",
      "geometry": {
        "type": "Point",
        "coordinates": [
          46.686,
          39.5102
        ]
      },
      "properties": {
        "name": "Otel Noktasi 421",
        "category": "Otel",
        "source_file": "01_oteller"
      }
    },
    {
      "type": "Feature",
      "geometry": {
        "type": "Point",
        "coordinates": [
          46.6821,
          39.5065
        ]
      },
      "properties": {
        "name": "Otel Noktasi 422",
        "category": "Otel",
        "source_file": "01_oteller"
      }
    },
    {
      "type": "Feature",
      "geometry": {
        "type": "Point",
        "coordinates": [
          46.6407,
          39.4835
        ]
      },
      "properties": {
        "name": "Otel Noktasi 423",
        "category": "Otel",
        "source_file": "01_oteller"
      }
    },
    {
      "type": "Feature",
      "geometry": {
        "type": "Point",
        "coordinates": [
          46.6625,
          39.4809
        ]
      },
      "properties": {
        "name": "Otel Noktasi 424",
        "category": "Otel",
        "source_file": "01_oteller"
      }
    },
    {
      "type": "Feature",
      "geometry": {
        "type": "Point",
        "coordinates": [
          46.6826,
          39.4758
        ]
      },
      "properties": {
        "name": "Otel Noktasi 425",
        "category": "Otel",
        "source_file": "01_oteller"
      }
    },
    {
      "type": "Feature",
      "geometry": {
        "type": "Point",
        "coordinates": [
          46.6999,
          39.4799
        ]
      },
      "properties": {
        "name": "Otel Noktasi 426",
        "category": "Otel",
        "source_file": "01_oteller"
      }
    },
    {
      "type": "Feature",
      "geometry": {
        "type": "Point",
        "coordinates": [
          46.72,
          39.4817
        ]
      },
      "properties": {
        "name": "Otel Noktasi 427",
        "category": "Otel",
        "source_file": "01_oteller"
      }
    },
    {
      "type": "Feature",
      "geometry": {
        "type": "Point",
        "coordinates": [
          46.7298,
          39.485
        ]
      },
      "properties": {
        "name": "Otel Noktasi 428",
        "category": "Otel",
        "source_file": "01_oteller"
      }
    },
    {
      "type": "Feature",
      "geometry": {
        "type": "Point",
        "coordinates": [
          46.7385,
          39.4837
        ]
      },
      "properties": {
        "name": "Otel Noktasi 429",
        "category": "Otel",
        "source_file": "01_oteller"
      }
    },
    {
      "type": "Feature",
      "geometry": {
        "type": "Point",
        "coordinates": [
          46.7595,
          39.4624
        ]
      },
      "properties": {
        "name": "Otel Noktasi 430",
        "category": "Otel",
        "source_file": "01_oteller"
      }
    },
    {
      "type": "Feature",
      "geometry": {
        "type": "Point",
        "coordinates": [
          46.7617,
          39.4573
        ]
      },
      "properties": {
        "name": "Otel Noktasi 431",
        "category": "Otel",
        "source_file": "01_oteller"
      }
    },
    {
      "type": "Feature",
      "geometry": {
        "type": "Point",
        "coordinates": [
          46.7516,
          39.4376
        ]
      },
      "properties": {
        "name": "Otel Noktasi 432",
        "category": "Otel",
        "source_file": "01_oteller"
      }
    },
    {
      "type": "Feature",
      "geometry": {
        "type": "Point",
        "coordinates": [
          46.7335,
          39.4163
        ]
      },
      "properties": {
        "name": "Otel Noktasi 433",
        "category": "Otel",
        "source_file": "01_oteller"
      }
    },
    {
      "type": "Feature",
      "geometry": {
        "type": "Point",
        "coordinates": [
          46.7631,
          39.4123
        ]
      },
      "properties": {
        "name": "Otel Noktasi 434",
        "category": "Otel",
        "source_file": "01_oteller"
      }
    },
    {
      "type": "Feature",
      "geometry": {
        "type": "Point",
        "coordinates": [
          46.7972,
          39.3974
        ]
      },
      "properties": {
        "name": "Otel Noktasi 435",
        "category": "Otel",
        "source_file": "01_oteller"
      }
    },
    {
      "type": "Feature",
      "geometry": {
        "type": "Point",
        "coordinates": [
          46.8034,
          39.3976
        ]
      },
      "properties": {
        "name": "Otel Noktasi 436",
        "category": "Otel",
        "source_file": "01_oteller"
      }
    },
    {
      "type": "Feature",
      "geometry": {
        "type": "Point",
        "coordinates": [
          46.81,
          39.4014
        ]
      },
      "properties": {
        "name": "Otel Noktasi 437",
        "category": "Otel",
        "source_file": "01_oteller"
      }
    },
    {
      "type": "Feature",
      "geometry": {
        "type": "Point",
        "coordinates": [
          46.8287,
          39.4279
        ]
      },
      "properties": {
        "name": "Otel Noktasi 438",
        "category": "Otel",
        "source_file": "01_oteller"
      }
    },
    {
      "type": "Feature",
      "geometry": {
        "type": "Point",
        "coordinates": [
          46.8287,
          39.4334
        ]
      },
      "properties": {
        "name": "Otel Noktasi 439",
        "category": "Otel",
        "source_file": "01_oteller"
      }
    },
    {
      "type": "Feature",
      "geometry": {
        "type": "Point",
        "coordinates": [
          46.8078,
          39.4663
        ]
      },
      "properties": {
        "name": "Otel Noktasi 440",
        "category": "Otel",
        "source_file": "01_oteller"
      }
    },
    {
      "type": "Feature",
      "geometry": {
        "type": "Point",
        "coordinates": [
          46.8138,
          39.4752
        ]
      },
      "properties": {
        "name": "Otel Noktasi 441",
        "category": "Otel",
        "source_file": "01_oteller"
      }
    },
    {
      "type": "Feature",
      "geometry": {
        "type": "Point",
        "coordinates": [
          46.8182,
          39.4776
        ]
      },
      "properties": {
        "name": "Otel Noktasi 442",
        "category": "Otel",
        "source_file": "01_oteller"
      }
    },
    {
      "type": "Feature",
      "geometry": {
        "type": "Point",
        "coordinates": [
          46.826,
          39.4786
        ]
      },
      "properties": {
        "name": "Otel Noktasi 443",
        "category": "Otel",
        "source_file": "01_oteller"
      }
    },
    {
      "type": "Feature",
      "geometry": {
        "type": "Point",
        "coordinates": [
          46.8395,
          39.4758
        ]
      },
      "properties": {
        "name": "Otel Noktasi 444",
        "category": "Otel",
        "source_file": "01_oteller"
      }
    },
    {
      "type": "Feature",
      "geometry": {
        "type": "Point",
        "coordinates": [
          46.852,
          39.4659
        ]
      },
      "properties": {
        "name": "Otel Noktasi 445",
        "category": "Otel",
        "source_file": "01_oteller"
      }
    },
    {
      "type": "Feature",
      "geometry": {
        "type": "Point",
        "coordinates": [
          46.8596,
          39.4619
        ]
      },
      "properties": {
        "name": "Otel Noktasi 446",
        "category": "Otel",
        "source_file": "01_oteller"
      }
    },
    {
      "type": "Feature",
      "geometry": {
        "type": "Point",
        "coordinates": [
          46.8806,
          39.4574
        ]
      },
      "properties": {
        "name": "Otel Noktasi 447",
        "category": "Otel",
        "source_file": "01_oteller"
      }
    },
    {
      "type": "Feature",
      "geometry": {
        "type": "Point",
        "coordinates": [
          46.8927,
          39.4515
        ]
      },
      "properties": {
        "name": "Otel Noktasi 448",
        "category": "Otel",
        "source_file": "01_oteller"
      }
    },
    {
      "type": "Feature",
      "geometry": {
        "type": "Point",
        "coordinates": [
          46.895,
          39.4484
        ]
      },
      "properties": {
        "name": "Otel Noktasi 449",
        "category": "Otel",
        "source_file": "01_oteller"
      }
    },
    {
      "type": "Feature",
      "geometry": {
        "type": "Point",
        "coordinates": [
          46.8901,
          39.4359
        ]
      },
      "properties": {
        "name": "Otel Noktasi 450",
        "category": "Otel",
        "source_file": "01_oteller"
      }
    },
    {
      "type": "Feature",
      "geometry": {
        "type": "Point",
        "coordinates": [
          46.8923,
          39.4285
        ]
      },
      "properties": {
        "name": "Otel Noktasi 451",
        "category": "Otel",
        "source_file": "01_oteller"
      }
    },
    {
      "type": "Feature",
      "geometry": {
        "type": "Point",
        "coordinates": [
          46.9015,
          39.4229
        ]
      },
      "properties": {
        "name": "Otel Noktasi 452",
        "category": "Otel",
        "source_file": "01_oteller"
      }
    },
    {
      "type": "Feature",
      "geometry": {
        "type": "Point",
        "coordinates": [
          46.9183,
          39.4159
        ]
      },
      "properties": {
        "name": "Otel Noktasi 453",
        "category": "Otel",
        "source_file": "01_oteller"
      }
    },
    {
      "type": "Feature",
      "geometry": {
        "type": "Point",
        "coordinates": [
          46.9363,
          39.404
        ]
      },
      "properties": {
        "name": "Otel Noktasi 454",
        "category": "Otel",
        "source_file": "01_oteller"
      }
    },
    {
      "type": "Feature",
      "geometry": {
        "type": "Point",
        "coordinates": [
          46.9628,
          39.3918
        ]
      },
      "properties": {
        "name": "Otel Noktasi 455",
        "category": "Otel",
        "source_file": "01_oteller"
      }
    },
    {
      "type": "Feature",
      "geometry": {
        "type": "Point",
        "coordinates": [
          46.9634,
          39.3872
        ]
      },
      "properties": {
        "name": "Otel Noktasi 456",
        "category": "Otel",
        "source_file": "01_oteller"
      }
    },
    {
      "type": "Feature",
      "geometry": {
        "type": "Point",
        "coordinates": [
          46.9597,
          39.3797
        ]
      },
      "properties": {
        "name": "Otel Noktasi 457",
        "category": "Otel",
        "source_file": "01_oteller"
      }
    },
    {
      "type": "Feature",
      "geometry": {
        "type": "Point",
        "coordinates": [
          46.9622,
          39.3754
        ]
      },
      "properties": {
        "name": "Otel Noktasi 458",
        "category": "Otel",
        "source_file": "01_oteller"
      }
    },
    {
      "type": "Feature",
      "geometry": {
        "type": "Point",
        "coordinates": [
          46.9733,
          39.3742
        ]
      },
      "properties": {
        "name": "Otel Noktasi 459",
        "category": "Otel",
        "source_file": "01_oteller"
      }
    },
    {
      "type": "Feature",
      "geometry": {
        "type": "Point",
        "coordinates": [
          46.9831,
          39.3763
        ]
      },
      "properties": {
        "name": "Otel Noktasi 460",
        "category": "Otel",
        "source_file": "01_oteller"
      }
    },
    {
      "type": "Feature",
      "geometry": {
        "type": "Point",
        "coordinates": [
          47.0061,
          39.3917
        ]
      },
      "properties": {
        "name": "Otel Noktasi 461",
        "category": "Otel",
        "source_file": "01_oteller"
      }
    },
    {
      "type": "Feature",
      "geometry": {
        "type": "Point",
        "coordinates": [
          47.0174,
          39.3972
        ]
      },
      "properties": {
        "name": "Otel Noktasi 462",
        "category": "Otel",
        "source_file": "01_oteller"
      }
    },
    {
      "type": "Feature",
      "geometry": {
        "type": "Point",
        "coordinates": [
          47.0238,
          39.3972
        ]
      },
      "properties": {
        "name": "Otel Noktasi 463",
        "category": "Otel",
        "source_file": "01_oteller"
      }
    },
    {
      "type": "Feature",
      "geometry": {
        "type": "Point",
        "coordinates": [
          47.0372,
          39.3935
        ]
      },
      "properties": {
        "name": "Otel Noktasi 464",
        "category": "Otel",
        "source_file": "01_oteller"
      }
    },
    {
      "type": "Feature",
      "geometry": {
        "type": "Point",
        "coordinates": [
          47.0446,
          39.396
        ]
      },
      "properties": {
        "name": "Otel Noktasi 465",
        "category": "Otel",
        "source_file": "01_oteller"
      }
    },
    {
      "type": "Feature",
      "geometry": {
        "type": "Point",
        "coordinates": [
          47.0475,
          39.3994
        ]
      },
      "properties": {
        "name": "Otel Noktasi 466",
        "category": "Otel",
        "source_file": "01_oteller"
      }
    },
    {
      "type": "Feature",
      "geometry": {
        "type": "Point",
        "coordinates": [
          47.0479,
          39.4041
        ]
      },
      "properties": {
        "name": "Otel Noktasi 467",
        "category": "Otel",
        "source_file": "01_oteller"
      }
    },
    {
      "type": "Feature",
      "geometry": {
        "type": "Point",
        "coordinates": [
          47.0274,
          39.435
        ]
      },
      "properties": {
        "name": "Otel Noktasi 468",
        "category": "Otel",
        "source_file": "01_oteller"
      }
    },
    {
      "type": "Feature",
      "geometry": {
        "type": "Point",
        "coordinates": [
          47.026,
          39.4375
        ]
      },
      "properties": {
        "name": "Otel Noktasi 469",
        "category": "Otel",
        "source_file": "01_oteller"
      }
    },
    {
      "type": "Feature",
      "geometry": {
        "type": "Point",
        "coordinates": [
          47.0264,
          39.4422
        ]
      },
      "properties": {
        "name": "Otel Noktasi 470",
        "category": "Otel",
        "source_file": "01_oteller"
      }
    },
    {
      "type": "Feature",
      "geometry": {
        "type": "Point",
        "coordinates": [
          47.0294,
          39.4457
        ]
      },
      "properties": {
        "name": "Otel Noktasi 471",
        "category": "Otel",
        "source_file": "01_oteller"
      }
    },
    {
      "type": "Feature",
      "geometry": {
        "type": "Point",
        "coordinates": [
          47.0441,
          39.454
        ]
      },
      "properties": {
        "name": "Otel Noktasi 472",
        "category": "Otel",
        "source_file": "01_oteller"
      }
    },
    {
      "type": "Feature",
      "geometry": {
        "type": "Point",
        "coordinates": [
          47.0534,
          39.466
        ]
      },
      "properties": {
        "name": "Otel Noktasi 473",
        "category": "Otel",
        "source_file": "01_oteller"
      }
    },
    {
      "type": "Feature",
      "geometry": {
        "type": "Point",
        "coordinates": [
          47.0635,
          39.4744
        ]
      },
      "properties": {
        "name": "Otel Noktasi 474",
        "category": "Otel",
        "source_file": "01_oteller"
      }
    },
    {
      "type": "Feature",
      "geometry": {
        "type": "Point",
        "coordinates": [
          47.064,
          39.4804
        ]
      },
      "properties": {
        "name": "Otel Noktasi 475",
        "category": "Otel",
        "source_file": "01_oteller"
      }
    },
    {
      "type": "Feature",
      "geometry": {
        "type": "Point",
        "coordinates": [
          47.0608,
          39.4883
        ]
      },
      "properties": {
        "name": "Otel Noktasi 476",
        "category": "Otel",
        "source_file": "01_oteller"
      }
    },
    {
      "type": "Feature",
      "geometry": {
        "type": "Point",
        "coordinates": [
          47.0619,
          39.4913
        ]
      },
      "properties": {
        "name": "Otel Noktasi 477",
        "category": "Otel",
        "source_file": "01_oteller"
      }
    },
    {
      "type": "Feature",
      "geometry": {
        "type": "Point",
        "coordinates": [
          47.0669,
          39.4931
        ]
      },
      "properties": {
        "name": "Otel Noktasi 478",
        "category": "Otel",
        "source_file": "01_oteller"
      }
    },
    {
      "type": "Feature",
      "geometry": {
        "type": "Point",
        "coordinates": [
          47.0916,
          39.4937
        ]
      },
      "properties": {
        "name": "Otel Noktasi 479",
        "category": "Otel",
        "source_file": "01_oteller"
      }
    },
    {
      "type": "Feature",
      "geometry": {
        "type": "Point",
        "coordinates": [
          47.0974,
          39.4968
        ]
      },
      "properties": {
        "name": "Otel Noktasi 480",
        "category": "Otel",
        "source_file": "01_oteller"
      }
    },
    {
      "type": "Feature",
      "geometry": {
        "type": "Point",
        "coordinates": [
          47.0929,
          39.5092
        ]
      },
      "properties": {
        "name": "Otel Noktasi 481",
        "category": "Otel",
        "source_file": "01_oteller"
      }
    },
    {
      "type": "Feature",
      "geometry": {
        "type": "Point",
        "coordinates": [
          47.091,
          39.5281
        ]
      },
      "properties": {
        "name": "Otel Noktasi 482",
        "category": "Otel",
        "source_file": "01_oteller"
      }
    },
    {
      "type": "Feature",
      "geometry": {
        "type": "Point",
        "coordinates": [
          47.0853,
          39.5412
        ]
      },
      "properties": {
        "name": "Otel Noktasi 483",
        "category": "Otel",
        "source_file": "01_oteller"
      }
    },
    {
      "type": "Feature",
      "geometry": {
        "type": "Point",
        "coordinates": [
          47.0905,
          39.5481
        ]
      },
      "properties": {
        "name": "Otel Noktasi 484",
        "category": "Otel",
        "source_file": "01_oteller"
      }
    },
    {
      "type": "Feature",
      "geometry": {
        "type": "Point",
        "coordinates": [
          47.1043,
          39.5548
        ]
      },
      "properties": {
        "name": "Otel Noktasi 485",
        "category": "Otel",
        "source_file": "01_oteller"
      }
    },
    {
      "type": "Feature",
      "geometry": {
        "type": "Point",
        "coordinates": [
          47.1051,
          39.5584
        ]
      },
      "properties": {
        "name": "Otel Noktasi 486",
        "category": "Otel",
        "source_file": "01_oteller"
      }
    },
    {
      "type": "Feature",
      "geometry": {
        "type": "Point",
        "coordinates": [
          47.1022,
          39.5664
        ]
      },
      "properties": {
        "name": "Otel Noktasi 487",
        "category": "Otel",
        "source_file": "01_oteller"
      }
    },
    {
      "type": "Feature",
      "geometry": {
        "type": "Point",
        "coordinates": [
          47.1059,
          39.5786
        ]
      },
      "properties": {
        "name": "Otel Noktasi 488",
        "category": "Otel",
        "source_file": "01_oteller"
      }
    },
    {
      "type": "Feature",
      "geometry": {
        "type": "Point",
        "coordinates": [
          47.1033,
          39.5811
        ]
      },
      "properties": {
        "name": "Otel Noktasi 489",
        "category": "Otel",
        "source_file": "01_oteller"
      }
    },
    {
      "type": "Feature",
      "geometry": {
        "type": "Point",
        "coordinates": [
          47.0964,
          39.5824
        ]
      },
      "properties": {
        "name": "Otel Noktasi 490",
        "category": "Otel",
        "source_file": "01_oteller"
      }
    },
    {
      "type": "Feature",
      "geometry": {
        "type": "Point",
        "coordinates": [
          47.0826,
          39.5803
        ]
      },
      "properties": {
        "name": "Otel Noktasi 491",
        "category": "Otel",
        "source_file": "01_oteller"
      }
    },
    {
      "type": "Feature",
      "geometry": {
        "type": "Point",
        "coordinates": [
          47.0534,
          39.5611
        ]
      },
      "properties": {
        "name": "Otel Noktasi 492",
        "category": "Otel",
        "source_file": "01_oteller"
      }
    },
    {
      "type": "Feature",
      "geometry": {
        "type": "Point",
        "coordinates": [
          47.0355,
          39.5542
        ]
      },
      "properties": {
        "name": "Otel Noktasi 493",
        "category": "Otel",
        "source_file": "01_oteller"
      }
    },
    {
      "type": "Feature",
      "geometry": {
        "type": "Point",
        "coordinates": [
          47.0302,
          39.554
        ]
      },
      "properties": {
        "name": "Otel Noktasi 494",
        "category": "Otel",
        "source_file": "01_oteller"
      }
    },
    {
      "type": "Feature",
      "geometry": {
        "type": "Point",
        "coordinates": [
          47.0206,
          39.5584
        ]
      },
      "properties": {
        "name": "Otel Noktasi 495",
        "category": "Otel",
        "source_file": "01_oteller"
      }
    },
    {
      "type": "Feature",
      "geometry": {
        "type": "Point",
        "coordinates": [
          47.0165,
          39.5645
        ]
      },
      "properties": {
        "name": "Otel Noktasi 496",
        "category": "Otel",
        "source_file": "01_oteller"
      }
    },
    {
      "type": "Feature",
      "geometry": {
        "type": "Point",
        "coordinates": [
          47.0174,
          39.5702
        ]
      },
      "properties": {
        "name": "Otel Noktasi 497",
        "category": "Otel",
        "source_file": "01_oteller"
      }
    },
    {
      "type": "Feature",
      "geometry": {
        "type": "Point",
        "coordinates": [
          47.0334,
          39.586
        ]
      },
      "properties": {
        "name": "Otel Noktasi 498",
        "category": "Otel",
        "source_file": "01_oteller"
      }
    },
    {
      "type": "Feature",
      "geometry": {
        "type": "Point",
        "coordinates": [
          47.0415,
          39.5891
        ]
      },
      "properties": {
        "name": "Otel Noktasi 499",
        "category": "Otel",
        "source_file": "01_oteller"
      }
    },
    {
      "type": "Feature",
      "geometry": {
        "type": "Point",
        "coordinates": [
          47.066,
          39.5904
        ]
      },
      "properties": {
        "name": "Otel Noktasi 500",
        "category": "Otel",
        "source_file": "01_oteller"
      }
    },
    {
      "type": "Feature",
      "geometry": {
        "type": "Point",
        "coordinates": [
          47.0859,
          39.5971
        ]
      },
      "properties": {
        "name": "Otel Noktasi 501",
        "category": "Otel",
        "source_file": "01_oteller"
      }
    },
    {
      "type": "Feature",
      "geometry": {
        "type": "Point",
        "coordinates": [
          47.0976,
          39.6036
        ]
      },
      "properties": {
        "name": "Otel Noktasi 502",
        "category": "Otel",
        "source_file": "01_oteller"
      }
    },
    {
      "type": "Feature",
      "geometry": {
        "type": "Point",
        "coordinates": [
          47.1005,
          39.6111
        ]
      },
      "properties": {
        "name": "Otel Noktasi 503",
        "category": "Otel",
        "source_file": "01_oteller"
      }
    },
    {
      "type": "Feature",
      "geometry": {
        "type": "Point",
        "coordinates": [
          47.0975,
          39.6181
        ]
      },
      "properties": {
        "name": "Otel Noktasi 504",
        "category": "Otel",
        "source_file": "01_oteller"
      }
    },
    {
      "type": "Feature",
      "geometry": {
        "type": "Point",
        "coordinates": [
          47.0884,
          39.6198
        ]
      },
      "properties": {
        "name": "Otel Noktasi 505",
        "category": "Otel",
        "source_file": "01_oteller"
      }
    },
    {
      "type": "Feature",
      "geometry": {
        "type": "Point",
        "coordinates": [
          47.065,
          39.6098
        ]
      },
      "properties": {
        "name": "Otel Noktasi 506",
        "category": "Otel",
        "source_file": "01_oteller"
      }
    },
    {
      "type": "Feature",
      "geometry": {
        "type": "Point",
        "coordinates": [
          47.0504,
          39.6096
        ]
      },
      "properties": {
        "name": "Otel Noktasi 507",
        "category": "Otel",
        "source_file": "01_oteller"
      }
    },
    {
      "type": "Feature",
      "geometry": {
        "type": "Point",
        "coordinates": [
          47.0342,
          39.6164
        ]
      },
      "properties": {
        "name": "Otel Noktasi 508",
        "category": "Otel",
        "source_file": "01_oteller"
      }
    },
    {
      "type": "Feature",
      "geometry": {
        "type": "Point",
        "coordinates": [
          47.0277,
          39.6211
        ]
      },
      "properties": {
        "name": "Otel Noktasi 509",
        "category": "Otel",
        "source_file": "01_oteller"
      }
    },
    {
      "type": "Feature",
      "geometry": {
        "type": "Point",
        "coordinates": [
          47.0244,
          39.6282
        ]
      },
      "properties": {
        "name": "Otel Noktasi 510",
        "category": "Otel",
        "source_file": "01_oteller"
      }
    },
    {
      "type": "Feature",
      "geometry": {
        "type": "Point",
        "coordinates": [
          47.0259,
          39.6368
        ]
      },
      "properties": {
        "name": "Otel Noktasi 511",
        "category": "Otel",
        "source_file": "01_oteller"
      }
    },
    {
      "type": "Feature",
      "geometry": {
        "type": "Point",
        "coordinates": [
          47.0294,
          39.6394
        ]
      },
      "properties": {
        "name": "Otel Noktasi 512",
        "category": "Otel",
        "source_file": "01_oteller"
      }
    },
    {
      "type": "Feature",
      "geometry": {
        "type": "Point",
        "coordinates": [
          47.0369,
          39.6406
        ]
      },
      "properties": {
        "name": "Otel Noktasi 513",
        "category": "Otel",
        "source_file": "01_oteller"
      }
    },
    {
      "type": "Feature",
      "geometry": {
        "type": "Point",
        "coordinates": [
          47.0829,
          39.6411
        ]
      },
      "properties": {
        "name": "Otel Noktasi 514",
        "category": "Otel",
        "source_file": "01_oteller"
      }
    },
    {
      "type": "Feature",
      "geometry": {
        "type": "Point",
        "coordinates": [
          47.138,
          39.6617
        ]
      },
      "properties": {
        "name": "Otel Noktasi 515",
        "category": "Otel",
        "source_file": "01_oteller"
      }
    },
    {
      "type": "Feature",
      "geometry": {
        "type": "Point",
        "coordinates": [
          47.1518,
          39.6713
        ]
      },
      "properties": {
        "name": "Otel Noktasi 516",
        "category": "Otel",
        "source_file": "01_oteller"
      }
    },
    {
      "type": "Feature",
      "geometry": {
        "type": "Point",
        "coordinates": [
          47.1651,
          39.6844
        ]
      },
      "properties": {
        "name": "Otel Noktasi 517",
        "category": "Otel",
        "source_file": "01_oteller"
      }
    },
    {
      "type": "Feature",
      "geometry": {
        "type": "Point",
        "coordinates": [
          47.1841,
          39.6843
        ]
      },
      "properties": {
        "name": "Otel Noktasi 518",
        "category": "Otel",
        "source_file": "01_oteller"
      }
    },
    {
      "type": "Feature",
      "geometry": {
        "type": "Point",
        "coordinates": [
          47.2146,
          39.6945
        ]
      },
      "properties": {
        "name": "Otel Noktasi 519",
        "category": "Otel",
        "source_file": "01_oteller"
      }
    },
    {
      "type": "Feature",
      "geometry": {
        "type": "Point",
        "coordinates": [
          47.2648,
          39.6946
        ]
      },
      "properties": {
        "name": "Otel Noktasi 520",
        "category": "Otel",
        "source_file": "01_oteller"
      }
    },
    {
      "type": "Feature",
      "geometry": {
        "type": "Point",
        "coordinates": [
          47.2968,
          39.7056
        ]
      },
      "properties": {
        "name": "Otel Noktasi 521",
        "category": "Otel",
        "source_file": "01_oteller"
      }
    },
    {
      "type": "Feature",
      "geometry": {
        "type": "Point",
        "coordinates": [
          47.3115,
          39.708
        ]
      },
      "properties": {
        "name": "Otel Noktasi 522",
        "category": "Otel",
        "source_file": "01_oteller"
      }
    },
    {
      "type": "Feature",
      "geometry": {
        "type": "Point",
        "coordinates": [
          47.3236,
          39.7242
        ]
      },
      "properties": {
        "name": "Otel Noktasi 523",
        "category": "Otel",
        "source_file": "01_oteller"
      }
    },
    {
      "type": "Feature",
      "geometry": {
        "type": "Point",
        "coordinates": [
          47.3299,
          39.7371
        ]
      },
      "properties": {
        "name": "Otel Noktasi 524",
        "category": "Otel",
        "source_file": "01_oteller"
      }
    },
    {
      "type": "Feature",
      "geometry": {
        "type": "Point",
        "coordinates": [
          47.3438,
          39.7571
        ]
      },
      "properties": {
        "name": "Otel Noktasi 525",
        "category": "Otel",
        "source_file": "01_oteller"
      }
    },
    {
      "type": "Feature",
      "geometry": {
        "type": "Point",
        "coordinates": [
          47.345,
          39.763
        ]
      },
      "properties": {
        "name": "Otel Noktasi 526",
        "category": "Otel",
        "source_file": "01_oteller"
      }
    },
    {
      "type": "Feature",
      "geometry": {
        "type": "Point",
        "coordinates": [
          47.3438,
          39.7688
        ]
      },
      "properties": {
        "name": "Otel Noktasi 527",
        "category": "Otel",
        "source_file": "01_oteller"
      }
    },
    {
      "type": "Feature",
      "geometry": {
        "type": "Point",
        "coordinates": [
          47.3318,
          39.7848
        ]
      },
      "properties": {
        "name": "Otel Noktasi 528",
        "category": "Otel",
        "source_file": "01_oteller"
      }
    },
    {
      "type": "Feature",
      "geometry": {
        "type": "Point",
        "coordinates": [
          47.3056,
          39.7991
        ]
      },
      "properties": {
        "name": "Otel Noktasi 529",
        "category": "Otel",
        "source_file": "01_oteller"
      }
    },
    {
      "type": "Feature",
      "geometry": {
        "type": "Point",
        "coordinates": [
          47.2921,
          39.8047
        ]
      },
      "properties": {
        "name": "Otel Noktasi 530",
        "category": "Otel",
        "source_file": "01_oteller"
      }
    },
    {
      "type": "Feature",
      "geometry": {
        "type": "Point",
        "coordinates": [
          47.2802,
          39.8122
        ]
      },
      "properties": {
        "name": "Otel Noktasi 531",
        "category": "Otel",
        "source_file": "01_oteller"
      }
    },
    {
      "type": "Feature",
      "geometry": {
        "type": "Point",
        "coordinates": [
          47.2669,
          39.8176
        ]
      },
      "properties": {
        "name": "Otel Noktasi 532",
        "category": "Otel",
        "source_file": "01_oteller"
      }
    },
    {
      "type": "Feature",
      "geometry": {
        "type": "Point",
        "coordinates": [
          47.2569,
          39.825
        ]
      },
      "properties": {
        "name": "Otel Noktasi 533",
        "category": "Otel",
        "source_file": "01_oteller"
      }
    },
    {
      "type": "Feature",
      "geometry": {
        "type": "Point",
        "coordinates": [
          47.2527,
          39.8316
        ]
      },
      "properties": {
        "name": "Otel Noktasi 534",
        "category": "Otel",
        "source_file": "01_oteller"
      }
    },
    {
      "type": "Feature",
      "geometry": {
        "type": "Point",
        "coordinates": [
          47.249,
          39.857
        ]
      },
      "properties": {
        "name": "Otel Noktasi 535",
        "category": "Otel",
        "source_file": "01_oteller"
      }
    },
    {
      "type": "Feature",
      "geometry": {
        "type": "Point",
        "coordinates": [
          48.7256227,
          41.6815811
        ]
      },
      "properties": {
        "name": "Xacmaz rayonu kısaldılmışXacmaz rayonunun turizm fealiyetlerinormal",
        "category": "Tarihi_Anit",
        "source_file": "02_tarihi_anitlar"
      }
    },
    {
      "type": "Feature",
      "geometry": {
        "type": "Point",
        "coordinates": [
          48.649881,
          41.6668099
        ]
      },
      "properties": {
        "name": "Soyuq bulaq",
        "category": "Tarihi_Anit",
        "source_file": "02_tarihi_anitlar"
      }
    },
    {
      "type": "Feature",
      "geometry": {
        "type": "Point",
        "coordinates": [
          48.6981888,
          41.6044426
        ]
      },
      "properties": {
        "name": "İsti su",
        "category": "Tarihi_Anit",
        "source_file": "02_tarihi_anitlar"
      }
    },
    {
      "type": "Feature",
      "geometry": {
        "type": "Point",
        "coordinates": [
          48.6887297,
          41.6294754
        ]
      },
      "properties": {
        "name": "Food City Restoran",
        "category": "Tarihi_Anit",
        "source_file": "02_tarihi_anitlar"
      }
    },
    {
      "type": "Feature",
      "geometry": {
        "type": "Point",
        "coordinates": [
          48.7762072,
          41.4916981
        ]
      },
      "properties": {
        "name": "Çənlibel Restoran",
        "category": "Tarihi_Anit",
        "source_file": "02_tarihi_anitlar"
      }
    },
    {
      "type": "Feature",
      "geometry": {
        "type": "Point",
        "coordinates": [
          48.7950786,
          41.4700767
        ]
      },
      "properties": {
        "name": "",
        "category": "Tarihi_Anit",
        "source_file": "02_tarihi_anitlar"
      }
    },
    {
      "type": "Feature",
      "geometry": {
        "type": "Point",
        "coordinates": [
          48.8091705,
          41.4548293
        ]
      },
      "properties": {
        "name": "Sevimli soba",
        "category": "Tarihi_Anit",
        "source_file": "02_tarihi_anitlar"
      }
    },
    {
      "type": "Feature",
      "geometry": {
        "type": "Point",
        "coordinates": [
          48.7684285,
          41.4599526
        ]
      },
      "properties": {
        "name": "Restoran Kənd Həyatı",
        "category": "Tarihi_Anit",
        "source_file": "02_tarihi_anitlar"
      }
    },
    {
      "type": "Feature",
      "geometry": {
        "type": "Point",
        "coordinates": [
          48.8303006,
          41.4728
        ]
      },
      "properties": {
        "name": "Abinin Yeri Turkish Cuisine",
        "category": "Tarihi_Anit",
        "source_file": "02_tarihi_anitlar"
      }
    },
    {
      "type": "Feature",
      "geometry": {
        "type": "Point",
        "coordinates": [
          48.8074117,
          41.48737
        ]
      },
      "properties": {
        "name": "Yaşıl Bağ Restoran",
        "category": "Tarihi_Anit",
        "source_file": "02_tarihi_anitlar"
      }
    },
    {
      "type": "Feature",
      "geometry": {
        "type": "Point",
        "coordinates": [
          48.7562955,
          41.4814109
        ]
      },
      "properties": {
        "name": "Çənlibel Restoran",
        "category": "Tarihi_Anit",
        "source_file": "02_tarihi_anitlar"
      }
    },
    {
      "type": "Feature",
      "geometry": {
        "type": "Point",
        "coordinates": [
          48.7188528,
          41.758986
        ]
      },
      "properties": {
        "name": "Konaklama olanaklarıNabran House",
        "category": "Tarihi_Anit",
        "source_file": "02_tarihi_anitlar"
      }
    },
    {
      "type": "Feature",
      "geometry": {
        "type": "Point",
        "coordinates": [
          48.6760772,
          41.7465309
        ]
      },
      "properties": {
        "name": "Maral Gol restaurant and hotel",
        "category": "Tarihi_Anit",
        "source_file": "02_tarihi_anitlar"
      }
    },
    {
      "type": "Feature",
      "geometry": {
        "type": "Point",
        "coordinates": [
          48.6508052,
          41.7787538
        ]
      },
      "properties": {
        "name": "River Inn Boutique Hotel",
        "category": "Tarihi_Anit",
        "source_file": "02_tarihi_anitlar"
      }
    },
    {
      "type": "Feature",
      "geometry": {
        "type": "Point",
        "coordinates": [
          48.677673,
          41.7911679
        ]
      },
      "properties": {
        "name": "Caspian Sea Resort Hotel",
        "category": "Tarihi_Anit",
        "source_file": "02_tarihi_anitlar"
      }
    },
    {
      "type": "Feature",
      "geometry": {
        "type": "Point",
        "coordinates": [
          48.6226873,
          41.8183876
        ]
      },
      "properties": {
        "name": "Ulduz İstirahət Mərkəzi Nabran Yalama",
        "category": "Tarihi_Anit",
        "source_file": "02_tarihi_anitlar"
      }
    },
    {
      "type": "Feature",
      "geometry": {
        "type": "Point",
        "coordinates": [
          48.6483935,
          41.8058186
        ]
      },
      "properties": {
        "name": "Raduga Nabran Hotel",
        "category": "Tarihi_Anit",
        "source_file": "02_tarihi_anitlar"
      }
    },
    {
      "type": "Feature",
      "geometry": {
        "type": "Point",
        "coordinates": [
          48.7274538,
          41.7295544
        ]
      },
      "properties": {
        "name": "",
        "category": "Tarihi_Anit",
        "source_file": "02_tarihi_anitlar"
      }
    },
    {
      "type": "Feature",
      "geometry": {
        "type": "Point",
        "coordinates": [
          48.7390895,
          41.7085943
        ]
      },
      "properties": {
        "name": "Vogue Hotel Nabran",
        "category": "Tarihi_Anit",
        "source_file": "02_tarihi_anitlar"
      }
    },
    {
      "type": "Feature",
      "geometry": {
        "type": "Point",
        "coordinates": [
          48.7157265,
          41.5824217
        ]
      },
      "properties": {
        "name": "Choban Bulaq",
        "category": "Tarihi_Anit",
        "source_file": "02_tarihi_anitlar"
      }
    },
    {
      "type": "Feature",
      "geometry": {
        "type": "Point",
        "coordinates": [
          48.7987234,
          41.6462406
        ]
      },
      "properties": {
        "name": "Lazy Seal Cottages Nabran",
        "category": "Tarihi_Anit",
        "source_file": "02_tarihi_anitlar"
      }
    },
    {
      "type": "Feature",
      "geometry": {
        "type": "Point",
        "coordinates": [
          48.7866272,
          41.6630281
        ]
      },
      "properties": {
        "name": "Deniz Guest House",
        "category": "Tarihi_Anit",
        "source_file": "02_tarihi_anitlar"
      }
    },
    {
      "type": "Feature",
      "geometry": {
        "type": "Point",
        "coordinates": [
          48.6975546,
          41.7752158
        ]
      },
      "properties": {
        "name": "ATLANT HOLIDAY VILLAGE",
        "category": "Tarihi_Anit",
        "source_file": "02_tarihi_anitlar"
      }
    },
    {
      "type": "Feature",
      "geometry": {
        "type": "Point",
        "coordinates": [
          48.6764181,
          41.773344
        ]
      },
      "properties": {
        "name": "Lotos",
        "category": "Tarihi_Anit",
        "source_file": "02_tarihi_anitlar"
      }
    },
    {
      "type": "Feature",
      "geometry": {
        "type": "Point",
        "coordinates": [
          48.7046794,
          41.740483
        ]
      },
      "properties": {
        "name": "Tarihi kültürel kaynaklarDoğal coğrafi alanlar ve plajlarNabran",
        "category": "Tarihi_Anit",
        "source_file": "02_tarihi_anitlar"
      }
    },
    {
      "type": "Feature",
      "geometry": {
        "type": "Point",
        "coordinates": [
          48.5885617,
          41.8181708
        ]
      },
      "properties": {
        "name": "Samur-Yalama Millî Parkı",
        "category": "Tarihi_Anit",
        "source_file": "02_tarihi_anitlar"
      }
    },
    {
      "type": "Feature",
      "geometry": {
        "type": "Point",
        "coordinates": [
          48.7055512,
          41.7176944
        ]
      },
      "properties": {
        "name": "Palma Resort Beach",
        "category": "Tarihi_Anit",
        "source_file": "02_tarihi_anitlar"
      }
    },
    {
      "type": "Feature",
      "geometry": {
        "type": "Point",
        "coordinates": [
          48.7536645,
          41.694495
        ]
      },
      "properties": {
        "name": "Palma",
        "category": "Tarihi_Anit",
        "source_file": "02_tarihi_anitlar"
      }
    },
    {
      "type": "Feature",
      "geometry": {
        "type": "Point",
        "coordinates": [
          48.7705213,
          41.6784287
        ]
      },
      "properties": {
        "name": "Xəzər Dəniz Gəmiçiliyi QSC Dənizçi İstirahət Mərkəzi",
        "category": "Tarihi_Anit",
        "source_file": "02_tarihi_anitlar"
      }
    },
    {
      "type": "Feature",
      "geometry": {
        "type": "Point",
        "coordinates": [
          48.8001326,
          41.4407348
        ]
      },
      "properties": {
        "name": "Çənlibel Park",
        "category": "Tarihi_Anit",
        "source_file": "02_tarihi_anitlar"
      }
    },
    {
      "type": "Feature",
      "geometry": {
        "type": "Point",
        "coordinates": [
          48.5236221,
          41.3825817
        ]
      },
      "properties": {
        "name": "Quba kısaldılmışQuba rayonunun turizm fealiyetlerinormal",
        "category": "Diger_Tesis",
        "source_file": "03_diger_tesisler"
      }
    },
    {
      "type": "Feature",
      "geometry": {
        "type": "Point",
        "coordinates": [
          48.1030709,
          41.2090365
        ]
      },
      "properties": {
        "name": "Kınalık Ateş Tapınağı",
        "category": "Diger_Tesis",
        "source_file": "03_diger_tesisler"
      }
    },
    {
      "type": "Feature",
      "geometry": {
        "type": "Point",
        "coordinates": [
          48.1475991,
          41.1743601
        ]
      },
      "properties": {
        "name": "Kınalık Tarih ve Etnografi Müzesi",
        "category": "Diger_Tesis",
        "source_file": "03_diger_tesisler"
      }
    },
    {
      "type": "Feature",
      "geometry": {
        "type": "Point",
        "coordinates": [
          48.1152319,
          41.1732732
        ]
      },
      "properties": {
        "name": "Şeyh Şalbuz Camii",
        "category": "Diger_Tesis",
        "source_file": "03_diger_tesisler"
      }
    },
    {
      "type": "Feature",
      "geometry": {
        "type": "Point",
        "coordinates": [
          48.5060457,
          41.3705855
        ]
      },
      "properties": {
        "name": "Tağlı körpü",
        "category": "Diger_Tesis",
        "source_file": "03_diger_tesisler"
      }
    },
    {
      "type": "Feature",
      "geometry": {
        "type": "Point",
        "coordinates": [
          48.5186622,
          41.3690061
        ]
      },
      "properties": {
        "name": "Dağ Yahudilerinin müzesi",
        "category": "Diger_Tesis",
        "source_file": "03_diger_tesisler"
      }
    },
    {
      "type": "Feature",
      "geometry": {
        "type": "Point",
        "coordinates": [
          48.5071596,
          41.3840814
        ]
      },
      "properties": {
        "name": "Sinagog",
        "category": "Diger_Tesis",
        "source_file": "03_diger_tesisler"
      }
    },
    {
      "type": "Feature",
      "geometry": {
        "type": "Point",
        "coordinates": [
          48.4924407,
          41.3727809
        ]
      },
      "properties": {
        "name": "Altı kubbeli Sinagog",
        "category": "Diger_Tesis",
        "source_file": "03_diger_tesisler"
      }
    },
    {
      "type": "Feature",
      "geometry": {
        "type": "Point",
        "coordinates": [
          48.5699946,
          41.307322
        ]
      },
      "properties": {
        "name": "Konaklama ve dinlenme olanaklarıMacara Village Resort",
        "category": "Diger_Tesis",
        "source_file": "03_diger_tesisler"
      }
    },
    {
      "type": "Feature",
      "geometry": {
        "type": "Point",
        "coordinates": [
          48.3840379,
          41.3627426
        ]
      },
      "properties": {
        "name": "Long Forest Cabins",
        "category": "Diger_Tesis",
        "source_file": "03_diger_tesisler"
      }
    },
    {
      "type": "Feature",
      "geometry": {
        "type": "Point",
        "coordinates": [
          48.4029986,
          41.3313474
        ]
      },
      "properties": {
        "name": "",
        "category": "Diger_Tesis",
        "source_file": "03_diger_tesisler"
      }
    },
    {
      "type": "Feature",
      "geometry": {
        "type": "Point",
        "coordinates": [
          48.3758352,
          41.3121424
        ]
      },
      "properties": {
        "name": "",
        "category": "Diger_Tesis",
        "source_file": "03_diger_tesisler"
      }
    },
    {
      "type": "Feature",
      "geometry": {
        "type": "Point",
        "coordinates": [
          48.2837263,
          41.2168819
        ]
      },
      "properties": {
        "name": "Quba Xal Xal istirahət mərkəzi",
        "category": "Diger_Tesis",
        "source_file": "03_diger_tesisler"
      }
    },
    {
      "type": "Feature",
      "geometry": {
        "type": "Point",
        "coordinates": [
          48.2489938,
          41.2218892
        ]
      },
      "properties": {
        "name": "Griz Guesthouse",
        "category": "Diger_Tesis",
        "source_file": "03_diger_tesisler"
      }
    },
    {
      "type": "Feature",
      "geometry": {
        "type": "Point",
        "coordinates": [
          48.3014875,
          41.2488321
        ]
      },
      "properties": {
        "name": "Məstdərgah Quba",
        "category": "Diger_Tesis",
        "source_file": "03_diger_tesisler"
      }
    },
    {
      "type": "Feature",
      "geometry": {
        "type": "Point",
        "coordinates": [
          48.313895,
          41.2494274
        ]
      },
      "properties": {
        "name": "Nazli Bulaq Istirahet Merkezi",
        "category": "Diger_Tesis",
        "source_file": "03_diger_tesisler"
      }
    },
    {
      "type": "Feature",
      "geometry": {
        "type": "Point",
        "coordinates": [
          48.2977337,
          41.2218853
        ]
      },
      "properties": {
        "name": "Mountain Breeze",
        "category": "Diger_Tesis",
        "source_file": "03_diger_tesisler"
      }
    },
    {
      "type": "Feature",
      "geometry": {
        "type": "Point",
        "coordinates": [
          48.3068873,
          41.2290837
        ]
      },
      "properties": {
        "name": "Guba Panoramic hotel",
        "category": "Diger_Tesis",
        "source_file": "03_diger_tesisler"
      }
    },
    {
      "type": "Feature",
      "geometry": {
        "type": "Point",
        "coordinates": [
          48.325261,
          41.2726971
        ]
      },
      "properties": {
        "name": "Quba Vadi Chalet Hotel",
        "category": "Diger_Tesis",
        "source_file": "03_diger_tesisler"
      }
    },
    {
      "type": "Feature",
      "geometry": {
        "type": "Point",
        "coordinates": [
          48.3467674,
          41.2755193
        ]
      },
      "properties": {
        "name": "",
        "category": "Diger_Tesis",
        "source_file": "03_diger_tesisler"
      }
    },
    {
      "type": "Feature",
      "geometry": {
        "type": "Point",
        "coordinates": [
          48.3916283,
          41.3078872
        ]
      },
      "properties": {
        "name": "",
        "category": "Diger_Tesis",
        "source_file": "03_diger_tesisler"
      }
    },
    {
      "type": "Feature",
      "geometry": {
        "type": "Point",
        "coordinates": [
          48.37708,
          41.3225688
        ]
      },
      "properties": {
        "name": "",
        "category": "Diger_Tesis",
        "source_file": "03_diger_tesisler"
      }
    },
    {
      "type": "Feature",
      "geometry": {
        "type": "Point",
        "coordinates": [
          48.3928635,
          41.3242909
        ]
      },
      "properties": {
        "name": "HİLLSİDE istirahət mərkəzi",
        "category": "Diger_Tesis",
        "source_file": "03_diger_tesisler"
      }
    },
    {
      "type": "Feature",
      "geometry": {
        "type": "Point",
        "coordinates": [
          48.4495178,
          41.3465611
        ]
      },
      "properties": {
        "name": "Gachrash Forest (recreational area)",
        "category": "Diger_Tesis",
        "source_file": "03_diger_tesisler"
      }
    },
    {
      "type": "Feature",
      "geometry": {
        "type": "Point",
        "coordinates": [
          48.546053,
          41.3156375
        ]
      },
      "properties": {
        "name": "",
        "category": "Diger_Tesis",
        "source_file": "03_diger_tesisler"
      }
    },
    {
      "type": "Feature",
      "geometry": {
        "type": "Point",
        "coordinates": [
          48.4989785,
          41.3321064
        ]
      },
      "properties": {
        "name": "Quba Palace Hotel",
        "category": "Diger_Tesis",
        "source_file": "03_diger_tesisler"
      }
    },
    {
      "type": "Feature",
      "geometry": {
        "type": "Point",
        "coordinates": [
          48.5351642,
          41.3059711
        ]
      },
      "properties": {
        "name": "Cennet Bagi Hotel",
        "category": "Diger_Tesis",
        "source_file": "03_diger_tesisler"
      }
    },
    {
      "type": "Feature",
      "geometry": {
        "type": "Point",
        "coordinates": [
          48.3312146,
          41.2601018
        ]
      },
      "properties": {
        "name": "Minarə Ailəvi İstirahət Mərkəzi",
        "category": "Diger_Tesis",
        "source_file": "03_diger_tesisler"
      }
    },
    {
      "type": "Feature",
      "geometry": {
        "type": "Point",
        "coordinates": [
          48.4866215,
          41.3614115
        ]
      },
      "properties": {
        "name": "Gold Hotel Quba",
        "category": "Diger_Tesis",
        "source_file": "03_diger_tesisler"
      }
    },
    {
      "type": "Feature",
      "geometry": {
        "type": "Point",
        "coordinates": [
          48.5771153,
          41.3575475
        ]
      },
      "properties": {
        "name": "Arena Grand Hotel",
        "category": "Diger_Tesis",
        "source_file": "03_diger_tesisler"
      }
    },
    {
      "type": "Feature",
      "geometry": {
        "type": "Point",
        "coordinates": [
          48.564883,
          41.363179
        ]
      },
      "properties": {
        "name": "Arena Sport Hotel",
        "category": "Diger_Tesis",
        "source_file": "03_diger_tesisler"
      }
    },
    {
      "type": "Feature",
      "geometry": {
        "type": "Point",
        "coordinates": [
          48.5401623,
          41.3733317
        ]
      },
      "properties": {
        "name": "Quba Palace Hotel",
        "category": "Diger_Tesis",
        "source_file": "03_diger_tesisler"
      }
    },
    {
      "type": "Feature",
      "geometry": {
        "type": "Point",
        "coordinates": [
          48.3212182,
          41.2282739
        ]
      },
      "properties": {
        "name": "Dehne İstirahet Merkezi",
        "category": "Diger_Tesis",
        "source_file": "03_diger_tesisler"
      }
    },
    {
      "type": "Feature",
      "geometry": {
        "type": "Point",
        "coordinates": [
          48.4135021,
          41.1564242
        ]
      },
      "properties": {
        "name": "Retro Otel",
        "category": "Diger_Tesis",
        "source_file": "03_diger_tesisler"
      }
    },
    {
      "type": "Feature",
      "geometry": {
        "type": "Point",
        "coordinates": [
          48.6128884,
          41.1598432
        ]
      },
      "properties": {
        "name": "Uğur İstirahət Mərkəzi",
        "category": "Diger_Tesis",
        "source_file": "03_diger_tesisler"
      }
    },
    {
      "type": "Feature",
      "geometry": {
        "type": "Point",
        "coordinates": [
          48.5392811,
          41.3870594
        ]
      },
      "properties": {
        "name": "",
        "category": "Diger_Tesis",
        "source_file": "03_diger_tesisler"
      }
    },
    {
      "type": "Feature",
      "geometry": {
        "type": "Point",
        "coordinates": [
          48.504919,
          41.3596514
        ]
      },
      "properties": {
        "name": "Doğal coğrafi olanaklarNizami Park",
        "category": "Diger_Tesis",
        "source_file": "03_diger_tesisler"
      }
    },
    {
      "type": "Feature",
      "geometry": {
        "type": "Point",
        "coordinates": [
          48.2922349,
          41.2400429
        ]
      },
      "properties": {
        "name": "Afurca şelalesi",
        "category": "Diger_Tesis",
        "source_file": "03_diger_tesisler"
      }
    },
    {
      "type": "Feature",
      "geometry": {
        "type": "Point",
        "coordinates": [
          48.3152253,
          41.237522
        ]
      },
      "properties": {
        "name": "Grizdehne köyü",
        "category": "Diger_Tesis",
        "source_file": "03_diger_tesisler"
      }
    },
    {
      "type": "Feature",
      "geometry": {
        "type": "Point",
        "coordinates": [
          48.2191145,
          41.2247661
        ]
      },
      "properties": {
        "name": "Gur-gur Şəlaləsi",
        "category": "Diger_Tesis",
        "source_file": "03_diger_tesisler"
      }
    },
    {
      "type": "Feature",
      "geometry": {
        "type": "Point",
        "coordinates": [
          48.2120187,
          41.1978574
        ]
      },
      "properties": {
        "name": "Kartal irvesi",
        "category": "Diger_Tesis",
        "source_file": "03_diger_tesisler"
      }
    },
    {
      "type": "Feature",
      "geometry": {
        "type": "Point",
        "coordinates": [
          48.1860527,
          41.2019905
        ]
      },
      "properties": {
        "name": "Galahudat köyü",
        "category": "Diger_Tesis",
        "source_file": "03_diger_tesisler"
      }
    },
    {
      "type": "Feature",
      "geometry": {
        "type": "Point",
        "coordinates": [
          48.1300908,
          41.1898484
        ]
      },
      "properties": {
        "name": "Kınalık köyü",
        "category": "Diger_Tesis",
        "source_file": "03_diger_tesisler"
      }
    },
    {
      "type": "Feature",
      "geometry": {
        "type": "Point",
        "coordinates": [
          48.1006081,
          41.2415745
        ]
      },
      "properties": {
        "name": "Heydər Əliyev zirvəsi (Mount Haydar Aliyev)",
        "category": "Diger_Tesis",
        "source_file": "03_diger_tesisler"
      }
    },
    {
      "type": "Feature",
      "geometry": {
        "type": "Point",
        "coordinates": [
          48.3616005,
          41.3164104
        ]
      },
      "properties": {
        "name": "Geçreş köyü",
        "category": "Diger_Tesis",
        "source_file": "03_diger_tesisler"
      }
    },
    {
      "type": "Feature",
      "geometry": {
        "type": "Point",
        "coordinates": [
          48.2561641,
          41.1988064
        ]
      },
      "properties": {
        "name": "Griz köyü",
        "category": "Diger_Tesis",
        "source_file": "03_diger_tesisler"
      }
    },
    {
      "type": "Feature",
      "geometry": {
        "type": "Point",
        "coordinates": [
          48.5209366,
          41.357614
        ]
      },
      "properties": {
        "name": "Təngəaltı",
        "category": "Diger_Tesis",
        "source_file": "03_diger_tesisler"
      }
    },
    {
      "type": "Feature",
      "geometry": {
        "type": "Point",
        "coordinates": [
          48.5397992,
          41.2188583
        ]
      },
      "properties": {
        "name": "Khanagah",
        "category": "Diger_Tesis",
        "source_file": "03_diger_tesisler"
      }
    },
    {
      "type": "Feature",
      "geometry": {
        "type": "Point",
        "coordinates": [
          48.5820212,
          41.3110093
        ]
      },
      "properties": {
        "name": "Chanlibel Lake",
        "category": "Diger_Tesis",
        "source_file": "03_diger_tesisler"
      }
    },
    {
      "type": "Feature",
      "geometry": {
        "type": "Point",
        "coordinates": [
          48.520902,
          41.192054
        ]
      },
      "properties": {
        "name": "Şahdağ Milli Parkı - Quba Xanagah marşrutu",
        "category": "Diger_Tesis",
        "source_file": "03_diger_tesisler"
      }
    },
    {
      "type": "Feature",
      "geometry": {
        "type": "Point",
        "coordinates": [
          48.6245088,
          41.2275899
        ]
      },
      "properties": {
        "name": "Tengealtı deresi",
        "category": "Diger_Tesis",
        "source_file": "03_diger_tesisler"
      }
    },
    {
      "type": "Feature",
      "geometry": {
        "type": "Point",
        "coordinates": [
          48.520902,
          41.192054
        ]
      },
      "properties": {
        "name": "Şahdağ Milli Parkı - Quba Xanagah marşrutu",
        "category": "Diger_Tesis",
        "source_file": "03_diger_tesisler"
      }
    },
    {
      "type": "Feature",
      "geometry": {
        "type": "Point",
        "coordinates": [
          48.6868943,
          40.9744808
        ]
      },
      "properties": {
        "name": "Xaltan",
        "category": "Diger_Tesis",
        "source_file": "03_diger_tesisler"
      }
    },
    {
      "type": "Feature",
      "geometry": {
        "type": "Point",
        "coordinates": [
          48.3373181,
          41.2495548
        ]
      },
      "properties": {
        "name": "Yeme içme olanaklarıŞelale Dinlenme alanı ve Restoran",
        "category": "Diger_Tesis",
        "source_file": "03_diger_tesisler"
      }
    },
    {
      "type": "Feature",
      "geometry": {
        "type": "Point",
        "coordinates": [
          48.3263808,
          41.2435964
        ]
      },
      "properties": {
        "name": "Qızılağac restorani",
        "category": "Diger_Tesis",
        "source_file": "03_diger_tesisler"
      }
    },
    {
      "type": "Feature",
      "geometry": {
        "type": "Point",
        "coordinates": [
          48.3181332,
          41.2607799
        ]
      },
      "properties": {
        "name": "Şahbulaq İstirahət Mərkəzi",
        "category": "Diger_Tesis",
        "source_file": "03_diger_tesisler"
      }
    },
    {
      "type": "Feature",
      "geometry": {
        "type": "Point",
        "coordinates": [
          48.3458749,
          41.2580335
        ]
      },
      "properties": {
        "name": "Ağbulaq Restoranı",
        "category": "Diger_Tesis",
        "source_file": "03_diger_tesisler"
      }
    },
    {
      "type": "Feature",
      "geometry": {
        "type": "Point",
        "coordinates": [
          48.3341442,
          41.2820665
        ]
      },
      "properties": {
        "name": "Quba-Ağ bulaq restoranı",
        "category": "Diger_Tesis",
        "source_file": "03_diger_tesisler"
      }
    },
    {
      "type": "Feature",
      "geometry": {
        "type": "Point",
        "coordinates": [
          48.3506123,
          41.2663569
        ]
      },
      "properties": {
        "name": "Şah Eseri",
        "category": "Diger_Tesis",
        "source_file": "03_diger_tesisler"
      }
    },
    {
      "type": "Feature",
      "geometry": {
        "type": "Point",
        "coordinates": [
          48.3720277,
          41.2997495
        ]
      },
      "properties": {
        "name": "Qədim Qəçrəş restoranı",
        "category": "Diger_Tesis",
        "source_file": "03_diger_tesisler"
      }
    },
    {
      "type": "Feature",
      "geometry": {
        "type": "Point",
        "coordinates": [
          48.5310951,
          41.2988274
        ]
      },
      "properties": {
        "name": "Balbulaq Ailəvi istirahət Mərkəzi",
        "category": "Diger_Tesis",
        "source_file": "03_diger_tesisler"
      }
    },
    {
      "type": "Feature",
      "geometry": {
        "type": "Point",
        "coordinates": [
          48.5060888,
          41.3200103
        ]
      },
      "properties": {
        "name": "The Challette Steakhouse",
        "category": "Diger_Tesis",
        "source_file": "03_diger_tesisler"
      }
    },
    {
      "type": "Feature",
      "geometry": {
        "type": "Point",
        "coordinates": [
          48.6216187,
          41.203171
        ]
      },
      "properties": {
        "name": "Tenge Deresi Restoran",
        "category": "Diger_Tesis",
        "source_file": "03_diger_tesisler"
      }
    },
    {
      "type": "Feature",
      "geometry": {
        "type": "Point",
        "coordinates": [
          48.6207301,
          41.1891792
        ]
      },
      "properties": {
        "name": "Magara",
        "category": "Diger_Tesis",
        "source_file": "03_diger_tesisler"
      }
    },
    {
      "type": "Feature",
      "geometry": {
        "type": "Point",
        "coordinates": [
          48.6133784,
          41.1760759
        ]
      },
      "properties": {
        "name": "Qosha-Qaya",
        "category": "Diger_Tesis",
        "source_file": "03_diger_tesisler"
      }
    },
    {
      "type": "Feature",
      "geometry": {
        "type": "Point",
        "coordinates": [
          48.3627589,
          41.291152
        ]
      },
      "properties": {
        "name": "Eğlence ve alışverişHorse riding",
        "category": "Diger_Tesis",
        "source_file": "03_diger_tesisler"
      }
    },
    {
      "type": "Feature",
      "geometry": {
        "type": "Point",
        "coordinates": [
          48.5129643,
          41.330101
        ]
      },
      "properties": {
        "name": "The National Azerbaijan Golf Club",
        "category": "Diger_Tesis",
        "source_file": "03_diger_tesisler"
      }
    },
    {
      "type": "Feature",
      "geometry": {
        "type": "Point",
        "coordinates": [
          48.5099431,
          41.3504919
        ]
      },
      "properties": {
        "name": "Şahdağ Quba İdman Kompleksi",
        "category": "Diger_Tesis",
        "source_file": "03_diger_tesisler"
      }
    },
    {
      "type": "Feature",
      "geometry": {
        "type": "Point",
        "coordinates": [
          48.5402338,
          41.3576531
        ]
      },
      "properties": {
        "name": "Quba Ticarət Mərkəzi",
        "category": "Diger_Tesis",
        "source_file": "03_diger_tesisler"
      }
    },
    {
      "type": "Feature",
      "geometry": {
        "type": "Point",
        "coordinates": [
          48.5222489,
          41.3740804
        ]
      },
      "properties": {
        "name": "QubaQuba rayonunun turizm fealiyetlerinormal",
        "category": "Ulasim",
        "source_file": "04_ulasim"
      }
    },
    {
      "type": "Feature",
      "geometry": {
        "type": "Point",
        "coordinates": [
          48.1030709,
          41.2090365
        ]
      },
      "properties": {
        "name": "Kınalık Ateş Tapınağı",
        "category": "Ulasim",
        "source_file": "04_ulasim"
      }
    },
    {
      "type": "Feature",
      "geometry": {
        "type": "Point",
        "coordinates": [
          48.1282014,
          41.1782358
        ]
      },
      "properties": {
        "name": "Kınalık Tarih ve Etnografi Müzesi",
        "category": "Ulasim",
        "source_file": "04_ulasim"
      }
    },
    {
      "type": "Feature",
      "geometry": {
        "type": "Point",
        "coordinates": [
          48.1231283,
          41.1776663
        ]
      },
      "properties": {
        "name": "Şeyh Şalbuz Camii",
        "category": "Ulasim",
        "source_file": "04_ulasim"
      }
    },
    {
      "type": "Feature",
      "geometry": {
        "type": "Point",
        "coordinates": [
          48.5050159,
          41.3656901
        ]
      },
      "properties": {
        "name": "Tağlı körpü",
        "category": "Ulasim",
        "source_file": "04_ulasim"
      }
    },
    {
      "type": "Feature",
      "geometry": {
        "type": "Point",
        "coordinates": [
          48.5114524,
          41.367717
        ]
      },
      "properties": {
        "name": "Dağ Yahudilerinin müzesi",
        "category": "Ulasim",
        "source_file": "04_ulasim"
      }
    },
    {
      "type": "Feature",
      "geometry": {
        "type": "Point",
        "coordinates": [
          48.5085329,
          41.3696549
        ]
      },
      "properties": {
        "name": "Sinagog",
        "category": "Ulasim",
        "source_file": "04_ulasim"
      }
    },
    {
      "type": "Feature",
      "geometry": {
        "type": "Point",
        "coordinates": [
          48.5061736,
          41.3684009
        ]
      },
      "properties": {
        "name": "Altı kubbeli Sinagog",
        "category": "Ulasim",
        "source_file": "04_ulasim"
      }
    },
    {
      "type": "Feature",
      "geometry": {
        "type": "Point",
        "coordinates": [
          48.569308,
          41.305001
        ]
      },
      "properties": {
        "name": "Konaklama ve dinlenme olanaklarıMacara Village Resort",
        "category": "Ulasim",
        "source_file": "04_ulasim"
      }
    },
    {
      "type": "Feature",
      "geometry": {
        "type": "Point",
        "coordinates": [
          48.3840379,
          41.3627426
        ]
      },
      "properties": {
        "name": "Long Forest Cabins",
        "category": "Ulasim",
        "source_file": "04_ulasim"
      }
    },
    {
      "type": "Feature",
      "geometry": {
        "type": "Point",
        "coordinates": [
          48.3964755,
          41.3346985
        ]
      },
      "properties": {
        "name": "",
        "category": "Ulasim",
        "source_file": "04_ulasim"
      }
    },
    {
      "type": "Feature",
      "geometry": {
        "type": "Point",
        "coordinates": [
          48.3772087,
          41.3044055
        ]
      },
      "properties": {
        "name": "",
        "category": "Ulasim",
        "source_file": "04_ulasim"
      }
    },
    {
      "type": "Feature",
      "geometry": {
        "type": "Point",
        "coordinates": [
          48.2919659,
          41.2246289
        ]
      },
      "properties": {
        "name": "Quba Xal Xal istirahət mərkəzi",
        "category": "Ulasim",
        "source_file": "04_ulasim"
      }
    },
    {
      "type": "Feature",
      "geometry": {
        "type": "Point",
        "coordinates": [
          48.2400676,
          41.2141423
        ]
      },
      "properties": {
        "name": "Griz Guesthouse",
        "category": "Ulasim",
        "source_file": "04_ulasim"
      }
    },
    {
      "type": "Feature",
      "geometry": {
        "type": "Point",
        "coordinates": [
          48.3025175,
          41.2436701
        ]
      },
      "properties": {
        "name": "Məstdərgah Quba",
        "category": "Ulasim",
        "source_file": "04_ulasim"
      }
    },
    {
      "type": "Feature",
      "geometry": {
        "type": "Point",
        "coordinates": [
          48.315955,
          41.2458136
        ]
      },
      "properties": {
        "name": "Nazli Bulaq Istirahet Merkezi",
        "category": "Ulasim",
        "source_file": "04_ulasim"
      }
    },
    {
      "type": "Feature",
      "geometry": {
        "type": "Point",
        "coordinates": [
          48.3087199,
          41.2273081
        ]
      },
      "properties": {
        "name": "Mountain Breeze",
        "category": "Ulasim",
        "source_file": "04_ulasim"
      }
    },
    {
      "type": "Feature",
      "geometry": {
        "type": "Point",
        "coordinates": [
          48.3051707,
          41.2319239
        ]
      },
      "properties": {
        "name": "Guba Panoramic hotel",
        "category": "Ulasim",
        "source_file": "04_ulasim"
      }
    },
    {
      "type": "Feature",
      "geometry": {
        "type": "Point",
        "coordinates": [
          48.3276644,
          41.266246
        ]
      },
      "properties": {
        "name": "Quba Vadi Chalet Hotel",
        "category": "Ulasim",
        "source_file": "04_ulasim"
      }
    },
    {
      "type": "Feature",
      "geometry": {
        "type": "Point",
        "coordinates": [
          48.3313179,
          41.2711328
        ]
      },
      "properties": {
        "name": "",
        "category": "Ulasim",
        "source_file": "04_ulasim"
      }
    },
    {
      "type": "Feature",
      "geometry": {
        "type": "Point",
        "coordinates": [
          48.3799553,
          41.3076293
        ]
      },
      "properties": {
        "name": "",
        "category": "Ulasim",
        "source_file": "04_ulasim"
      }
    },
    {
      "type": "Feature",
      "geometry": {
        "type": "Point",
        "coordinates": [
          48.3842898,
          41.3248893
        ]
      },
      "properties": {
        "name": "",
        "category": "Ulasim",
        "source_file": "04_ulasim"
      }
    },
    {
      "type": "Feature",
      "geometry": {
        "type": "Point",
        "coordinates": [
          48.3928635,
          41.3281583
        ]
      },
      "properties": {
        "name": "HİLLSİDE istirahət mərkəzi",
        "category": "Ulasim",
        "source_file": "04_ulasim"
      }
    },
    {
      "type": "Feature",
      "geometry": {
        "type": "Point",
        "coordinates": [
          48.4495178,
          41.3465611
        ]
      },
      "properties": {
        "name": "Gachrash Forest (recreational area)",
        "category": "Ulasim",
        "source_file": "04_ulasim"
      }
    },
    {
      "type": "Feature",
      "geometry": {
        "type": "Point",
        "coordinates": [
          48.5391865,
          41.3097064
        ]
      },
      "properties": {
        "name": "",
        "category": "Ulasim",
        "source_file": "04_ulasim"
      }
    },
    {
      "type": "Feature",
      "geometry": {
        "type": "Point",
        "coordinates": [
          48.4989785,
          41.3321064
        ]
      },
      "properties": {
        "name": "Quba Palace Hotel",
        "category": "Ulasim",
        "source_file": "04_ulasim"
      }
    },
    {
      "type": "Feature",
      "geometry": {
        "type": "Point",
        "coordinates": [
          48.5394558,
          41.3089369
        ]
      },
      "properties": {
        "name": "Cennet Bagi Hotel",
        "category": "Ulasim",
        "source_file": "04_ulasim"
      }
    },
    {
      "type": "Feature",
      "geometry": {
        "type": "Point",
        "coordinates": [
          48.3274381,
          41.2621664
        ]
      },
      "properties": {
        "name": "Minarə Ailəvi İstirahət Mərkəzi",
        "category": "Ulasim",
        "source_file": "04_ulasim"
      }
    },
    {
      "type": "Feature",
      "geometry": {
        "type": "Point",
        "coordinates": [
          48.4996677,
          41.3596078
        ]
      },
      "properties": {
        "name": "Gold Hotel Quba",
        "category": "Ulasim",
        "source_file": "04_ulasim"
      }
    },
    {
      "type": "Feature",
      "geometry": {
        "type": "Point",
        "coordinates": [
          48.5681889,
          41.359609
        ]
      },
      "properties": {
        "name": "Arena Grand Hotel",
        "category": "Ulasim",
        "source_file": "04_ulasim"
      }
    },
    {
      "type": "Feature",
      "geometry": {
        "type": "Point",
        "coordinates": [
          48.564883,
          41.363179
        ]
      },
      "properties": {
        "name": "Arena Sport Hotel",
        "category": "Ulasim",
        "source_file": "04_ulasim"
      }
    },
    {
      "type": "Feature",
      "geometry": {
        "type": "Point",
        "coordinates": [
          48.5260863,
          41.3643139
        ]
      },
      "properties": {
        "name": "Quba Palace Hotel",
        "category": "Ulasim",
        "source_file": "04_ulasim"
      }
    },
    {
      "type": "Feature",
      "geometry": {
        "type": "Point",
        "coordinates": [
          48.316755,
          41.230856
        ]
      },
      "properties": {
        "name": "Dehne İstirahet Merkezi",
        "category": "Ulasim",
        "source_file": "04_ulasim"
      }
    },
    {
      "type": "Feature",
      "geometry": {
        "type": "Point",
        "coordinates": [
          48.4135021,
          41.1564242
        ]
      },
      "properties": {
        "name": "Retro Otel",
        "category": "Ulasim",
        "source_file": "04_ulasim"
      }
    },
    {
      "type": "Feature",
      "geometry": {
        "type": "Point",
        "coordinates": [
          48.61615,
          41.1713448
        ]
      },
      "properties": {
        "name": "Uğur İstirahət Mərkəzi",
        "category": "Ulasim",
        "source_file": "04_ulasim"
      }
    },
    {
      "type": "Feature",
      "geometry": {
        "type": "Point",
        "coordinates": [
          48.5392811,
          41.3870594
        ]
      },
      "properties": {
        "name": "",
        "category": "Ulasim",
        "source_file": "04_ulasim"
      }
    },
    {
      "type": "Feature",
      "geometry": {
        "type": "Point",
        "coordinates": [
          48.5066356,
          41.3637743
        ]
      },
      "properties": {
        "name": "Doğal coğrafi olanaklarNizami Park",
        "category": "Ulasim",
        "source_file": "04_ulasim"
      }
    },
    {
      "type": "Feature",
      "geometry": {
        "type": "Point",
        "coordinates": [
          48.2922349,
          41.2400429
        ]
      },
      "properties": {
        "name": "Afurca şelalesi",
        "category": "Ulasim",
        "source_file": "04_ulasim"
      }
    },
    {
      "type": "Feature",
      "geometry": {
        "type": "Point",
        "coordinates": [
          48.3152253,
          41.237522
        ]
      },
      "properties": {
        "name": "Grizdehne köyü",
        "category": "Ulasim",
        "source_file": "04_ulasim"
      }
    },
    {
      "type": "Feature",
      "geometry": {
        "type": "Point",
        "coordinates": [
          48.2191145,
          41.2247661
        ]
      },
      "properties": {
        "name": "Gur-gur Şəlaləsi",
        "category": "Ulasim",
        "source_file": "04_ulasim"
      }
    },
    {
      "type": "Feature",
      "geometry": {
        "type": "Point",
        "coordinates": [
          48.2120187,
          41.1978574
        ]
      },
      "properties": {
        "name": "Kartal irvesi",
        "category": "Ulasim",
        "source_file": "04_ulasim"
      }
    },
    {
      "type": "Feature",
      "geometry": {
        "type": "Point",
        "coordinates": [
          48.1860527,
          41.2019905
        ]
      },
      "properties": {
        "name": "Galahudat köyü",
        "category": "Ulasim",
        "source_file": "04_ulasim"
      }
    },
    {
      "type": "Feature",
      "geometry": {
        "type": "Point",
        "coordinates": [
          48.1252845,
          41.1820974
        ]
      },
      "properties": {
        "name": "Kınalık köyü",
        "category": "Ulasim",
        "source_file": "04_ulasim"
      }
    },
    {
      "type": "Feature",
      "geometry": {
        "type": "Point",
        "coordinates": [
          48.1006081,
          41.2415745
        ]
      },
      "properties": {
        "name": "Heydər Əliyev zirvəsi (Mount Haydar Aliyev)",
        "category": "Ulasim",
        "source_file": "04_ulasim"
      }
    },
    {
      "type": "Feature",
      "geometry": {
        "type": "Point",
        "coordinates": [
          48.37808,
          41.313316
        ]
      },
      "properties": {
        "name": "Geçreş köyü",
        "category": "Ulasim",
        "source_file": "04_ulasim"
      }
    },
    {
      "type": "Feature",
      "geometry": {
        "type": "Point",
        "coordinates": [
          48.2472376,
          41.2101718
        ]
      },
      "properties": {
        "name": "Griz köyü",
        "category": "Ulasim",
        "source_file": "04_ulasim"
      }
    },
    {
      "type": "Feature",
      "geometry": {
        "type": "Point",
        "coordinates": [
          48.5260862,
          41.3643139
        ]
      },
      "properties": {
        "name": "Təngəaltı",
        "category": "Ulasim",
        "source_file": "04_ulasim"
      }
    },
    {
      "type": "Feature",
      "geometry": {
        "type": "Point",
        "coordinates": [
          48.5397992,
          41.2188583
        ]
      },
      "properties": {
        "name": "Khanagah",
        "category": "Ulasim",
        "source_file": "04_ulasim"
      }
    },
    {
      "type": "Feature",
      "geometry": {
        "type": "Point",
        "coordinates": [
          48.5727515,
          41.3084304
        ]
      },
      "properties": {
        "name": "Chanlibel Lake",
        "category": "Ulasim",
        "source_file": "04_ulasim"
      }
    },
    {
      "type": "Feature",
      "geometry": {
        "type": "Point",
        "coordinates": [
          48.520902,
          41.192054
        ]
      },
      "properties": {
        "name": "Şahdağ Milli Parkı - Quba Xanagah marşrutu",
        "category": "Ulasim",
        "source_file": "04_ulasim"
      }
    },
    {
      "type": "Feature",
      "geometry": {
        "type": "Point",
        "coordinates": [
          48.6245088,
          41.2275899
        ]
      },
      "properties": {
        "name": "Tengealtı deresi",
        "category": "Ulasim",
        "source_file": "04_ulasim"
      }
    },
    {
      "type": "Feature",
      "geometry": {
        "type": "Point",
        "coordinates": [
          48.520902,
          41.192054
        ]
      },
      "properties": {
        "name": "Şahdağ Milli Parkı - Quba Xanagah marşrutu",
        "category": "Ulasim",
        "source_file": "04_ulasim"
      }
    },
    {
      "type": "Feature",
      "geometry": {
        "type": "Point",
        "coordinates": [
          48.6868943,
          40.9744808
        ]
      },
      "properties": {
        "name": "Xaltan",
        "category": "Ulasim",
        "source_file": "04_ulasim"
      }
    },
    {
      "type": "Feature",
      "geometry": {
        "type": "Point",
        "coordinates": [
          48.3232418,
          41.2539426
        ]
      },
      "properties": {
        "name": "Yeme içme olanaklarıŞelale Dinlenme alanı ve Restoran",
        "category": "Ulasim",
        "source_file": "04_ulasim"
      }
    },
    {
      "type": "Feature",
      "geometry": {
        "type": "Point",
        "coordinates": [
          48.3260372,
          41.257277
        ]
      },
      "properties": {
        "name": "Qızılağac restorani",
        "category": "Ulasim",
        "source_file": "04_ulasim"
      }
    },
    {
      "type": "Feature",
      "geometry": {
        "type": "Point",
        "coordinates": [
          48.3260297,
          41.2594895
        ]
      },
      "properties": {
        "name": "Şahbulaq İstirahət Mərkəzi",
        "category": "Ulasim",
        "source_file": "04_ulasim"
      }
    },
    {
      "type": "Feature",
      "geometry": {
        "type": "Point",
        "coordinates": [
          48.3317987,
          41.2600982
        ]
      },
      "properties": {
        "name": "Ağbulaq Restoranı",
        "category": "Ulasim",
        "source_file": "04_ulasim"
      }
    },
    {
      "type": "Feature",
      "geometry": {
        "type": "Point",
        "coordinates": [
          48.327621,
          41.2701978
        ]
      },
      "properties": {
        "name": "Quba-Ağ bulaq restoranı",
        "category": "Ulasim",
        "source_file": "04_ulasim"
      }
    },
    {
      "type": "Feature",
      "geometry": {
        "type": "Point",
        "coordinates": [
          48.3348195,
          41.2663569
        ]
      },
      "properties": {
        "name": "Şah Eseri",
        "category": "Ulasim",
        "source_file": "04_ulasim"
      }
    },
    {
      "type": "Feature",
      "geometry": {
        "type": "Point",
        "coordinates": [
          48.3716843,
          41.3059396
        ]
      },
      "properties": {
        "name": "Qədim Qəçrəş restoranı",
        "category": "Ulasim",
        "source_file": "04_ulasim"
      }
    },
    {
      "type": "Feature",
      "geometry": {
        "type": "Point",
        "coordinates": [
          48.5310951,
          41.2988274
        ]
      },
      "properties": {
        "name": "Balbulaq Ailəvi istirahət Mərkəzi",
        "category": "Ulasim",
        "source_file": "04_ulasim"
      }
    },
    {
      "type": "Feature",
      "geometry": {
        "type": "Point",
        "coordinates": [
          48.5026555,
          41.3269718
        ]
      },
      "properties": {
        "name": "The Challette Steakhouse",
        "category": "Ulasim",
        "source_file": "04_ulasim"
      }
    },
    {
      "type": "Feature",
      "geometry": {
        "type": "Point",
        "coordinates": [
          48.6154396,
          41.1810821
        ]
      },
      "properties": {
        "name": "Tenge Deresi Restoran",
        "category": "Ulasim",
        "source_file": "04_ulasim"
      }
    },
    {
      "type": "Feature",
      "geometry": {
        "type": "Point",
        "coordinates": [
          48.6166105,
          41.1778104
        ]
      },
      "properties": {
        "name": "Magara",
        "category": "Ulasim",
        "source_file": "04_ulasim"
      }
    },
    {
      "type": "Feature",
      "geometry": {
        "type": "Point",
        "coordinates": [
          48.6164683,
          41.1745254
        ]
      },
      "properties": {
        "name": "Qosha-Qaya",
        "category": "Ulasim",
        "source_file": "04_ulasim"
      }
    },
    {
      "type": "Feature",
      "geometry": {
        "type": "Point",
        "coordinates": [
          48.3627589,
          41.291152
        ]
      },
      "properties": {
        "name": "Eğlence ve alışverişHorse riding",
        "category": "Ulasim",
        "source_file": "04_ulasim"
      }
    },
    {
      "type": "Feature",
      "geometry": {
        "type": "Point",
        "coordinates": [
          48.5126209,
          41.3329368
        ]
      },
      "properties": {
        "name": "The National Azerbaijan Golf Club",
        "category": "Ulasim",
        "source_file": "04_ulasim"
      }
    },
    {
      "type": "Feature",
      "geometry": {
        "type": "Point",
        "coordinates": [
          48.5068532,
          41.3584809
        ]
      },
      "properties": {
        "name": "Şahdağ Quba İdman Kompleksi",
        "category": "Ulasim",
        "source_file": "04_ulasim"
      }
    },
    {
      "type": "Feature",
      "geometry": {
        "type": "Point",
        "coordinates": [
          48.5271876,
          41.3612607
        ]
      },
      "properties": {
        "name": "Quba Ticarət Mərkəzi",
        "category": "Ulasim",
        "source_file": "04_ulasim"
      }
    },
    {
      "type": "Feature",
      "geometry": {
        "type": "Point",
        "coordinates": [
          47.7103011,
          40.8657147
        ]
      },
      "properties": {
        "name": "Qebele kısaltılmışQebele rayonunun turizm imkanlarinormal",
        "category": "Doga_Alani",
        "source_file": "05_doga_alanlari"
      }
    },
    {
      "type": "Feature",
      "geometry": {
        "type": "Point",
        "coordinates": [
          47.913748,
          40.9753297
        ]
      },
      "properties": {
        "name": "Yeddi Gozel Waterfall",
        "category": "Doga_Alani",
        "source_file": "05_doga_alanlari"
      }
    },
    {
      "type": "Feature",
      "geometry": {
        "type": "Point",
        "coordinates": [
          47.8867653,
          41.0538241
        ]
      },
      "properties": {
        "name": "Durja Waterfall",
        "category": "Doga_Alani",
        "source_file": "05_doga_alanlari"
      }
    },
    {
      "type": "Feature",
      "geometry": {
        "type": "Point",
        "coordinates": [
          47.9129049,
          41.0483547
        ]
      },
      "properties": {
        "name": "Laza köyü",
        "category": "Doga_Alani",
        "source_file": "05_doga_alanlari"
      }
    },
    {
      "type": "Feature",
      "geometry": {
        "type": "Point",
        "coordinates": [
          47.9297953,
          41.0663456
        ]
      },
      "properties": {
        "name": "Zəylik Şəlaləsi",
        "category": "Doga_Alani",
        "source_file": "05_doga_alanlari"
      }
    },
    {
      "type": "Feature",
      "geometry": {
        "type": "Point",
        "coordinates": [
          47.6109885,
          40.7900653
        ]
      },
      "properties": {
        "name": "Rafting Gabala",
        "category": "Doga_Alani",
        "source_file": "05_doga_alanlari"
      }
    },
    {
      "type": "Feature",
      "geometry": {
        "type": "Point",
        "coordinates": [
          47.9643422,
          41.0049854
        ]
      },
      "properties": {
        "name": "Soyuq Bulaq Şəlaləsi-Waterfall",
        "category": "Doga_Alani",
        "source_file": "05_doga_alanlari"
      }
    },
    {
      "type": "Feature",
      "geometry": {
        "type": "Point",
        "coordinates": [
          47.7257538,
          40.8579136
        ]
      },
      "properties": {
        "name": "Tarihi mekanlarAncient City Site Qabala",
        "category": "Doga_Alani",
        "source_file": "05_doga_alanlari"
      }
    },
    {
      "type": "Feature",
      "geometry": {
        "type": "Point",
        "coordinates": [
          47.706424,
          40.883799
        ]
      },
      "properties": {
        "name": "The ruins of the ancient city walls of Gabala",
        "category": "Doga_Alani",
        "source_file": "05_doga_alanlari"
      }
    },
    {
      "type": "Feature",
      "geometry": {
        "type": "Point",
        "coordinates": [
          47.7155022,
          40.8991292
        ]
      },
      "properties": {
        "name": "Archaeological Excavations - Ancient Caucasian Albania",
        "category": "Doga_Alani",
        "source_file": "05_doga_alanlari"
      }
    },
    {
      "type": "Feature",
      "geometry": {
        "type": "Point",
        "coordinates": [
          47.9623416,
          40.9114228
        ]
      },
      "properties": {
        "name": "Həzrə Türbələri Kompleksi",
        "category": "Doga_Alani",
        "source_file": "05_doga_alanlari"
      }
    },
    {
      "type": "Feature",
      "geometry": {
        "type": "Point",
        "coordinates": [
          47.6469266,
          40.91368
        ]
      },
      "properties": {
        "name": "Azerbaijan Udi Hearth",
        "category": "Doga_Alani",
        "source_file": "05_doga_alanlari"
      }
    },
    {
      "type": "Feature",
      "geometry": {
        "type": "Point",
        "coordinates": [
          47.6687443,
          40.9449308
        ]
      },
      "properties": {
        "name": "Albanian Church",
        "category": "Doga_Alani",
        "source_file": "05_doga_alanlari"
      }
    },
    {
      "type": "Feature",
      "geometry": {
        "type": "Point",
        "coordinates": [
          47.6548907,
          40.9323014
        ]
      },
      "properties": {
        "name": "Alban-Udi Church Chotari",
        "category": "Doga_Alani",
        "source_file": "05_doga_alanlari"
      }
    },
    {
      "type": "Feature",
      "geometry": {
        "type": "Point",
        "coordinates": [
          47.8716941,
          40.9470725
        ]
      },
      "properties": {
        "name": "RestoranlarSerin bağ. Cool Garden حديقة باردة",
        "category": "Doga_Alani",
        "source_file": "05_doga_alanlari"
      }
    },
    {
      "type": "Feature",
      "geometry": {
        "type": "Point",
        "coordinates": [
          47.6918808,
          40.8915754
        ]
      },
      "properties": {
        "name": "Qala selbir Balıq evi çuxur Qəbələ",
        "category": "Doga_Alani",
        "source_file": "05_doga_alanlari"
      }
    },
    {
      "type": "Feature",
      "geometry": {
        "type": "Point",
        "coordinates": [
          47.7950677,
          40.9288786
        ]
      },
      "properties": {
        "name": "Qedim Qebele",
        "category": "Doga_Alani",
        "source_file": "05_doga_alanlari"
      }
    },
    {
      "type": "Feature",
      "geometry": {
        "type": "Point",
        "coordinates": [
          47.8023468,
          40.9157594
        ]
      },
      "properties": {
        "name": "Aydınqışlaq kafe",
        "category": "Doga_Alani",
        "source_file": "05_doga_alanlari"
      }
    },
    {
      "type": "Feature",
      "geometry": {
        "type": "Point",
        "coordinates": [
          47.8774582,
          41.0063619
        ]
      },
      "properties": {
        "name": "Su Səsi Qəbələ",
        "category": "Doga_Alani",
        "source_file": "05_doga_alanlari"
      }
    },
    {
      "type": "Feature",
      "geometry": {
        "type": "Point",
        "coordinates": [
          47.8934398,
          41.0171128
        ]
      },
      "properties": {
        "name": "Qabala Xanlar resort",
        "category": "Doga_Alani",
        "source_file": "05_doga_alanlari"
      }
    },
    {
      "type": "Feature",
      "geometry": {
        "type": "Point",
        "coordinates": [
          47.8729684,
          41.0242327
        ]
      },
      "properties": {
        "name": "Soyuq Bulaq Qəbələ Restoranı",
        "category": "Doga_Alani",
        "source_file": "05_doga_alanlari"
      }
    },
    {
      "type": "Feature",
      "geometry": {
        "type": "Point",
        "coordinates": [
          47.8720589,
          40.9630319
        ]
      },
      "properties": {
        "name": "Nohur Gol Restoran",
        "category": "Doga_Alani",
        "source_file": "05_doga_alanlari"
      }
    },
    {
      "type": "Feature",
      "geometry": {
        "type": "Point",
        "coordinates": [
          47.891819,
          40.9531464
        ]
      },
      "properties": {
        "name": "Dost Qapısı",
        "category": "Doga_Alani",
        "source_file": "05_doga_alanlari"
      }
    },
    {
      "type": "Feature",
      "geometry": {
        "type": "Point",
        "coordinates": [
          47.9565324,
          40.9344331
        ]
      },
      "properties": {
        "name": "Restaurant Manzara.Gabala Vandam",
        "category": "Doga_Alani",
        "source_file": "05_doga_alanlari"
      }
    },
    {
      "type": "Feature",
      "geometry": {
        "type": "Point",
        "coordinates": [
          47.7896236,
          41.0523255
        ]
      },
      "properties": {
        "name": "Qədiroğlu Şahdağ Restoran",
        "category": "Doga_Alani",
        "source_file": "05_doga_alanlari"
      }
    },
    {
      "type": "Feature",
      "geometry": {
        "type": "Point",
        "coordinates": [
          47.7794039,
          41.0305797
        ]
      },
      "properties": {
        "name": "RİM Restaurant",
        "category": "Doga_Alani",
        "source_file": "05_doga_alanlari"
      }
    },
    {
      "type": "Feature",
      "geometry": {
        "type": "Point",
        "coordinates": [
          47.7788413,
          41.0412117
        ]
      },
      "properties": {
        "name": "Cənnət Bağı Restoran",
        "category": "Doga_Alani",
        "source_file": "05_doga_alanlari"
      }
    },
    {
      "type": "Feature",
      "geometry": {
        "type": "Point",
        "coordinates": [
          47.9073622,
          40.961423
        ]
      },
      "properties": {
        "name": "OtellerChenot Palace Gabala",
        "category": "Doga_Alani",
        "source_file": "05_doga_alanlari"
      }
    },
    {
      "type": "Feature",
      "geometry": {
        "type": "Point",
        "coordinates": [
          47.8868809,
          41.0331223
        ]
      },
      "properties": {
        "name": "Tufandag Mountain Resort",
        "category": "Doga_Alani",
        "source_file": "05_doga_alanlari"
      }
    },
    {
      "type": "Feature",
      "geometry": {
        "type": "Point",
        "coordinates": [
          47.8226581,
          40.9477375
        ]
      },
      "properties": {
        "name": "Gilan Hotel Gabala",
        "category": "Doga_Alani",
        "source_file": "05_doga_alanlari"
      }
    },
    {
      "type": "Feature",
      "geometry": {
        "type": "Point",
        "coordinates": [
          47.8852824,
          40.9371861
        ]
      },
      "properties": {
        "name": "Nohur Hotel",
        "category": "Doga_Alani",
        "source_file": "05_doga_alanlari"
      }
    },
    {
      "type": "Feature",
      "geometry": {
        "type": "Point",
        "coordinates": [
          47.8206225,
          40.9760437
        ]
      },
      "properties": {
        "name": "Qafqaz White Palace",
        "category": "Doga_Alani",
        "source_file": "05_doga_alanlari"
      }
    },
    {
      "type": "Feature",
      "geometry": {
        "type": "Point",
        "coordinates": [
          47.8237358,
          40.9902113
        ]
      },
      "properties": {
        "name": "Zohrab Villa",
        "category": "Doga_Alani",
        "source_file": "05_doga_alanlari"
      }
    },
    {
      "type": "Feature",
      "geometry": {
        "type": "Point",
        "coordinates": [
          47.8453142,
          40.9879283
        ]
      },
      "properties": {
        "name": "Private Holiday Villa in Gabala City - Fits up to 30 People - 8 Bedrooms",
        "category": "Doga_Alani",
        "source_file": "05_doga_alanlari"
      }
    },
    {
      "type": "Feature",
      "geometry": {
        "type": "Point",
        "coordinates": [
          47.8389005,
          41.0005726
        ]
      },
      "properties": {
        "name": "A Yard Or Villa İn Gabala",
        "category": "Doga_Alani",
        "source_file": "05_doga_alanlari"
      }
    },
    {
      "type": "Feature",
      "geometry": {
        "type": "Point",
        "coordinates": [
          47.8619057,
          40.9880302
        ]
      },
      "properties": {
        "name": "Qafqaz Mini Villa",
        "category": "Doga_Alani",
        "source_file": "05_doga_alanlari"
      }
    },
    {
      "type": "Feature",
      "geometry": {
        "type": "Point",
        "coordinates": [
          47.8664751,
          40.979798
        ]
      },
      "properties": {
        "name": "Qafqaz Suite Bluesky",
        "category": "Doga_Alani",
        "source_file": "05_doga_alanlari"
      }
    },
    {
      "type": "Feature",
      "geometry": {
        "type": "Point",
        "coordinates": [
          47.8698384,
          40.9963108
        ]
      },
      "properties": {
        "name": "Fortuna Resort Qebele",
        "category": "Doga_Alani",
        "source_file": "05_doga_alanlari"
      }
    },
    {
      "type": "Feature",
      "geometry": {
        "type": "Point",
        "coordinates": [
          47.8562292,
          41.0055357
        ]
      },
      "properties": {
        "name": "",
        "category": "Doga_Alani",
        "source_file": "05_doga_alanlari"
      }
    },
    {
      "type": "Feature",
      "geometry": {
        "type": "Point",
        "coordinates": [
          47.8678023,
          41.0154171
        ]
      },
      "properties": {
        "name": "",
        "category": "Doga_Alani",
        "source_file": "05_doga_alanlari"
      }
    },
    {
      "type": "Feature",
      "geometry": {
        "type": "Point",
        "coordinates": [
          47.8889361,
          41.0070985
        ]
      },
      "properties": {
        "name": "Qafqaz Riverside Resort Hotel",
        "category": "Doga_Alani",
        "source_file": "05_doga_alanlari"
      }
    },
    {
      "type": "Feature",
      "geometry": {
        "type": "Point",
        "coordinates": [
          47.9123929,
          41.0160637
        ]
      },
      "properties": {
        "name": "Qafqaz Resort Hotel",
        "category": "Doga_Alani",
        "source_file": "05_doga_alanlari"
      }
    },
    {
      "type": "Feature",
      "geometry": {
        "type": "Point",
        "coordinates": [
          47.9092714,
          40.9445426
        ]
      },
      "properties": {
        "name": "Gabala House",
        "category": "Doga_Alani",
        "source_file": "05_doga_alanlari"
      }
    },
    {
      "type": "Feature",
      "geometry": {
        "type": "Point",
        "coordinates": [
          47.9764327,
          40.9277403
        ]
      },
      "properties": {
        "name": "Xəzər İstirahət Mərkəzi",
        "category": "Doga_Alani",
        "source_file": "05_doga_alanlari"
      }
    },
    {
      "type": "Feature",
      "geometry": {
        "type": "Point",
        "coordinates": [
          47.9275721,
          40.9513765
        ]
      },
      "properties": {
        "name": "Qabala Yeddi Gozel Hotel",
        "category": "Doga_Alani",
        "source_file": "05_doga_alanlari"
      }
    },
    {
      "type": "Feature",
      "geometry": {
        "type": "Point",
        "coordinates": [
          47.9528362,
          40.9843915
        ]
      },
      "properties": {
        "name": "White Boutique Hotel Gabala",
        "category": "Doga_Alani",
        "source_file": "05_doga_alanlari"
      }
    },
    {
      "type": "Feature",
      "geometry": {
        "type": "Point",
        "coordinates": [
          47.6138258,
          40.8071627
        ]
      },
      "properties": {
        "name": "Archan Gabala",
        "category": "Doga_Alani",
        "source_file": "05_doga_alanlari"
      }
    },
    {
      "type": "Feature",
      "geometry": {
        "type": "Point",
        "coordinates": [
          47.7116417,
          40.8276694
        ]
      },
      "properties": {
        "name": "Hava limanıGabala International Airport",
        "category": "Doga_Alani",
        "source_file": "05_doga_alanlari"
      }
    },
    {
      "type": "Feature",
      "geometry": {
        "type": "Point",
        "coordinates": [
          47.8487237,
          40.9765188
        ]
      },
      "properties": {
        "name": "Ticaret MerkeziGabala Shopping Center",
        "category": "Doga_Alani",
        "source_file": "05_doga_alanlari"
      }
    },
    {
      "type": "Feature",
      "geometry": {
        "type": "Point",
        "coordinates": [
          47.8427669,
          40.9664556
        ]
      },
      "properties": {
        "name": "Qəbələ Əyləncə Mərkəzi",
        "category": "Doga_Alani",
        "source_file": "05_doga_alanlari"
      }
    },
    {
      "type": "Feature",
      "geometry": {
        "type": "Point",
        "coordinates": [
          47.8871841,
          40.9879728
        ]
      },
      "properties": {
        "name": "Gabaland Amusement Park",
        "category": "Doga_Alani",
        "source_file": "05_doga_alanlari"
      }
    },
    {
      "type": "Feature",
      "geometry": {
        "type": "Point",
        "coordinates": [
          47.8013388,
          41.0045247
        ]
      },
      "properties": {
        "name": "Gabala Shooting Club",
        "category": "Doga_Alani",
        "source_file": "05_doga_alanlari"
      }
    },
    {
      "type": "Feature",
      "geometry": {
        "type": "Point",
        "coordinates": [
          47.8557748,
          40.8806603
        ]
      },
      "properties": {
        "name": "Termal SUYengice Thermal Resort Hotel",
        "category": "Doga_Alani",
        "source_file": "05_doga_alanlari"
      }
    },
    {
      "type": "Feature",
      "geometry": {
        "type": "Point",
        "coordinates": [
          47.8088278,
          41.0581856
        ]
      },
      "properties": {
        "name": "Qamarvan",
        "category": "Doga_Alani",
        "source_file": "05_doga_alanlari"
      }
    },
    {
      "type": "Feature",
      "geometry": {
        "type": "Point",
        "coordinates": [
          49.719523,
          40.573991
        ]
      },
      "properties": {
        "name": "Final- Bakünün doğal, Kültürel kaynakları dağılışnormal",
        "category": "Kultur_Merkezi",
        "source_file": "06_kultur_merkezleri"
      }
    },
    {
      "type": "Feature",
      "geometry": {
        "type": "Point",
        "coordinates": [
          49.731659,
          40.573641
        ]
      },
      "properties": {
        "name": "Amore Restoranı",
        "category": "Kultur_Merkezi",
        "source_file": "06_kultur_merkezleri"
      }
    },
    {
      "type": "Feature",
      "geometry": {
        "type": "Point",
        "coordinates": [
          49.723111,
          40.574452
        ]
      },
      "properties": {
        "name": "Ibiza Restoranı",
        "category": "Kultur_Merkezi",
        "source_file": "06_kultur_merkezleri"
      }
    },
    {
      "type": "Feature",
      "geometry": {
        "type": "Point",
        "coordinates": [
          49.837438,
          40.357547
        ]
      },
      "properties": {
        "name": "BigChefs Bakü",
        "category": "Kultur_Merkezi",
        "source_file": "06_kultur_merkezleri"
      }
    },
    {
      "type": "Feature",
      "geometry": {
        "type": "Point",
        "coordinates": [
          49.830325,
          40.356745
        ]
      },
      "properties": {
        "name": "Manzara Restoranı",
        "category": "Kultur_Merkezi",
        "source_file": "06_kultur_merkezleri"
      }
    },
    {
      "type": "Feature",
      "geometry": {
        "type": "Point",
        "coordinates": [
          49.837991,
          40.358747
        ]
      },
      "properties": {
        "name": "Dinehall",
        "category": "Kultur_Merkezi",
        "source_file": "06_kultur_merkezleri"
      }
    },
    {
      "type": "Feature",
      "geometry": {
        "type": "Point",
        "coordinates": [
          49.835245,
          40.356669
        ]
      },
      "properties": {
        "name": "Salat cafe",
        "category": "Kultur_Merkezi",
        "source_file": "06_kultur_merkezleri"
      }
    },
    {
      "type": "Feature",
      "geometry": {
        "type": "Point",
        "coordinates": [
          49.837291,
          40.358595
        ]
      },
      "properties": {
        "name": "Zafferano Restoranı",
        "category": "Kultur_Merkezi",
        "source_file": "06_kultur_merkezleri"
      }
    },
    {
      "type": "Feature",
      "geometry": {
        "type": "Point",
        "coordinates": [
          49.835187,
          40.355741
        ]
      },
      "properties": {
        "name": "Chayki restoranı",
        "category": "Kultur_Merkezi",
        "source_file": "06_kultur_merkezleri"
      }
    },
    {
      "type": "Feature",
      "geometry": {
        "type": "Point",
        "coordinates": [
          50.277188,
          40.446863
        ]
      },
      "properties": {
        "name": "",
        "category": "Kultur_Merkezi",
        "source_file": "06_kultur_merkezleri"
      }
    },
    {
      "type": "Feature",
      "geometry": {
        "type": "Point",
        "coordinates": [
          50.061704,
          40.582748
        ]
      },
      "properties": {
        "name": "Shaurma N1",
        "category": "Kultur_Merkezi",
        "source_file": "06_kultur_merkezleri"
      }
    },
    {
      "type": "Feature",
      "geometry": {
        "type": "Point",
        "coordinates": [
          49.74823,
          40.573412
        ]
      },
      "properties": {
        "name": "Kalyon Novkhanı",
        "category": "Kultur_Merkezi",
        "source_file": "06_kultur_merkezleri"
      }
    },
    {
      "type": "Feature",
      "geometry": {
        "type": "Point",
        "coordinates": [
          50.112503,
          40.530349
        ]
      },
      "properties": {
        "name": "",
        "category": "Kultur_Merkezi",
        "source_file": "06_kultur_merkezleri"
      }
    },
    {
      "type": "Feature",
      "geometry": {
        "type": "Point",
        "coordinates": [
          50.109933,
          40.531991
        ]
      },
      "properties": {
        "name": "Mirvari",
        "category": "Kultur_Merkezi",
        "source_file": "06_kultur_merkezleri"
      }
    },
    {
      "type": "Feature",
      "geometry": {
        "type": "Point",
        "coordinates": [
          50.099717,
          40.528228
        ]
      },
      "properties": {
        "name": "Mangal Steak House Zugulba",
        "category": "Kultur_Merkezi",
        "source_file": "06_kultur_merkezleri"
      }
    },
    {
      "type": "Feature",
      "geometry": {
        "type": "Point",
        "coordinates": [
          50.063971,
          40.588492
        ]
      },
      "properties": {
        "name": "Amburan Winter Garden",
        "category": "Kultur_Merkezi",
        "source_file": "06_kultur_merkezleri"
      }
    },
    {
      "type": "Feature",
      "geometry": {
        "type": "Point",
        "coordinates": [
          50.042092,
          40.587204
        ]
      },
      "properties": {
        "name": "Istanbul Meyhane Bilgah",
        "category": "Kultur_Merkezi",
        "source_file": "06_kultur_merkezleri"
      }
    },
    {
      "type": "Feature",
      "geometry": {
        "type": "Point",
        "coordinates": [
          49.868369,
          40.565563
        ]
      },
      "properties": {
        "name": "Miracle restoranı",
        "category": "Kultur_Merkezi",
        "source_file": "06_kultur_merkezleri"
      }
    },
    {
      "type": "Feature",
      "geometry": {
        "type": "Point",
        "coordinates": [
          50.171785,
          40.500043
        ]
      },
      "properties": {
        "name": "Tandirloin Restoranı",
        "category": "Kultur_Merkezi",
        "source_file": "06_kultur_merkezleri"
      }
    },
    {
      "type": "Feature",
      "geometry": {
        "type": "Point",
        "coordinates": [
          50.357557,
          40.420732
        ]
      },
      "properties": {
        "name": "",
        "category": "Kultur_Merkezi",
        "source_file": "06_kultur_merkezleri"
      }
    },
    {
      "type": "Feature",
      "geometry": {
        "type": "Point",
        "coordinates": [
          50.00741,
          40.340204
        ]
      },
      "properties": {
        "name": "Halikarnas Balıkçısı",
        "category": "Kultur_Merkezi",
        "source_file": "06_kultur_merkezleri"
      }
    },
    {
      "type": "Feature",
      "geometry": {
        "type": "Point",
        "coordinates": [
          49.868063,
          40.381999
        ]
      },
      "properties": {
        "name": "Sumakh Restoranı",
        "category": "Kultur_Merkezi",
        "source_file": "06_kultur_merkezleri"
      }
    },
    {
      "type": "Feature",
      "geometry": {
        "type": "Point",
        "coordinates": [
          49.780042,
          40.301594
        ]
      },
      "properties": {
        "name": "Marmara Balık Evi",
        "category": "Kultur_Merkezi",
        "source_file": "06_kultur_merkezleri"
      }
    },
    {
      "type": "Feature",
      "geometry": {
        "type": "Point",
        "coordinates": [
          49.779045,
          40.301291
        ]
      },
      "properties": {
        "name": "Ada Restoranı Bakü",
        "category": "Kultur_Merkezi",
        "source_file": "06_kultur_merkezleri"
      }
    },
    {
      "type": "Feature",
      "geometry": {
        "type": "Point",
        "coordinates": [
          49.848294,
          40.351606
        ]
      },
      "properties": {
        "name": "Ruby360 Bakü",
        "category": "Kultur_Merkezi",
        "source_file": "06_kultur_merkezleri"
      }
    },
    {
      "type": "Feature",
      "geometry": {
        "type": "Point",
        "coordinates": [
          49.834898,
          40.336695
        ]
      },
      "properties": {
        "name": "Chai Lounge",
        "category": "Kultur_Merkezi",
        "source_file": "06_kultur_merkezleri"
      }
    },
    {
      "type": "Feature",
      "geometry": {
        "type": "Point",
        "coordinates": [
          49.837349,
          40.339065
        ]
      },
      "properties": {
        "name": "",
        "category": "Kultur_Merkezi",
        "source_file": "06_kultur_merkezleri"
      }
    },
    {
      "type": "Feature",
      "geometry": {
        "type": "Point",
        "coordinates": [
          49.83799,
          40.339093
        ]
      },
      "properties": {
        "name": "Atelier 61 Grill and Terrace",
        "category": "Kultur_Merkezi",
        "source_file": "06_kultur_merkezleri"
      }
    },
    {
      "type": "Feature",
      "geometry": {
        "type": "Point",
        "coordinates": [
          49.84107,
          40.33922
        ]
      },
      "properties": {
        "name": "Jolly Joker Bakü",
        "category": "Kultur_Merkezi",
        "source_file": "06_kultur_merkezleri"
      }
    },
    {
      "type": "Feature",
      "geometry": {
        "type": "Point",
        "coordinates": [
          49.838872,
          40.341717
        ]
      },
      "properties": {
        "name": "Bayıldım Restoranı",
        "category": "Kultur_Merkezi",
        "source_file": "06_kultur_merkezleri"
      }
    },
    {
      "type": "Feature",
      "geometry": {
        "type": "Point",
        "coordinates": [
          49.837077,
          40.340649
        ]
      },
      "properties": {
        "name": "Pizza Mizza Bayıl Restoran",
        "category": "Kultur_Merkezi",
        "source_file": "06_kultur_merkezleri"
      }
    },
    {
      "type": "Feature",
      "geometry": {
        "type": "Point",
        "coordinates": [
          49.841477,
          40.346212
        ]
      },
      "properties": {
        "name": "Günaydın Bulvar Restoranı",
        "category": "Kultur_Merkezi",
        "source_file": "06_kultur_merkezleri"
      }
    },
    {
      "type": "Feature",
      "geometry": {
        "type": "Point",
        "coordinates": [
          49.81191,
          40.304428
        ]
      },
      "properties": {
        "name": "Eldorado Fish House",
        "category": "Kultur_Merkezi",
        "source_file": "06_kultur_merkezleri"
      }
    },
    {
      "type": "Feature",
      "geometry": {
        "type": "Point",
        "coordinates": [
          49.824581,
          40.305586
        ]
      },
      "properties": {
        "name": "",
        "category": "Kultur_Merkezi",
        "source_file": "06_kultur_merkezleri"
      }
    },
    {
      "type": "Feature",
      "geometry": {
        "type": "Point",
        "coordinates": [
          49.826402,
          40.30425
        ]
      },
      "properties": {
        "name": "BülBül Balık Evi (Fish house)",
        "category": "Kultur_Merkezi",
        "source_file": "06_kultur_merkezleri"
      }
    },
    {
      "type": "Feature",
      "geometry": {
        "type": "Point",
        "coordinates": [
          49.828207,
          40.304114
        ]
      },
      "properties": {
        "name": "Derya Balık Evi",
        "category": "Kultur_Merkezi",
        "source_file": "06_kultur_merkezleri"
      }
    },
    {
      "type": "Feature",
      "geometry": {
        "type": "Point",
        "coordinates": [
          49.829445,
          40.304285
        ]
      },
      "properties": {
        "name": "Şazeli Balık Evi",
        "category": "Kultur_Merkezi",
        "source_file": "06_kultur_merkezleri"
      }
    },
    {
      "type": "Feature",
      "geometry": {
        "type": "Point",
        "coordinates": [
          49.829655,
          40.303613
        ]
      },
      "properties": {
        "name": "Şefa balık evi",
        "category": "Kultur_Merkezi",
        "source_file": "06_kultur_merkezleri"
      }
    },
    {
      "type": "Feature",
      "geometry": {
        "type": "Point",
        "coordinates": [
          49.821925,
          40.308491
        ]
      },
      "properties": {
        "name": "Khazar Balık Evi",
        "category": "Kultur_Merkezi",
        "source_file": "06_kultur_merkezleri"
      }
    },
    {
      "type": "Feature",
      "geometry": {
        "type": "Point",
        "coordinates": [
          49.790334,
          40.305112
        ]
      },
      "properties": {
        "name": "Delfin Restoranı",
        "category": "Kultur_Merkezi",
        "source_file": "06_kultur_merkezleri"
      }
    },
    {
      "type": "Feature",
      "geometry": {
        "type": "Point",
        "coordinates": [
          49.835452,
          40.354013
        ]
      },
      "properties": {
        "name": "Bulvar Cafe",
        "category": "Kultur_Merkezi",
        "source_file": "06_kultur_merkezleri"
      }
    },
    {
      "type": "Feature",
      "geometry": {
        "type": "Point",
        "coordinates": [
          49.836781,
          40.362985
        ]
      },
      "properties": {
        "name": "Love in Ferma",
        "category": "Kultur_Merkezi",
        "source_file": "06_kultur_merkezleri"
      }
    },
    {
      "type": "Feature",
      "geometry": {
        "type": "Point",
        "coordinates": [
          49.84107,
          40.33922
        ]
      },
      "properties": {
        "name": "Jolly Joker Bakı",
        "category": "Kultur_Merkezi",
        "source_file": "06_kultur_merkezleri"
      }
    },
    {
      "type": "Feature",
      "geometry": {
        "type": "Point",
        "coordinates": [
          49.845382,
          40.369782
        ]
      },
      "properties": {
        "name": "",
        "category": "Kultur_Merkezi",
        "source_file": "06_kultur_merkezleri"
      }
    },
    {
      "type": "Feature",
      "geometry": {
        "type": "Point",
        "coordinates": [
          49.858713,
          40.373579
        ]
      },
      "properties": {
        "name": "Hukkabaz",
        "category": "Kultur_Merkezi",
        "source_file": "06_kultur_merkezleri"
      }
    },
    {
      "type": "Feature",
      "geometry": {
        "type": "Point",
        "coordinates": [
          49.8574,
          40.373084
        ]
      },
      "properties": {
        "name": "The Gallery Lounge",
        "category": "Kultur_Merkezi",
        "source_file": "06_kultur_merkezleri"
      }
    },
    {
      "type": "Feature",
      "geometry": {
        "type": "Point",
        "coordinates": [
          49.836029,
          40.371504
        ]
      },
      "properties": {
        "name": "",
        "category": "Kultur_Merkezi",
        "source_file": "06_kultur_merkezleri"
      }
    },
    {
      "type": "Feature",
      "geometry": {
        "type": "Point",
        "coordinates": [
          49.841477,
          40.346212
        ]
      },
      "properties": {
        "name": "Günaydın restoranı Bulvar",
        "category": "Kultur_Merkezi",
        "source_file": "06_kultur_merkezleri"
      }
    },
    {
      "type": "Feature",
      "geometry": {
        "type": "Point",
        "coordinates": [
          49.837291,
          40.358595
        ]
      },
      "properties": {
        "name": "Zafferano Restaurant",
        "category": "Kultur_Merkezi",
        "source_file": "06_kultur_merkezleri"
      }
    },
    {
      "type": "Feature",
      "geometry": {
        "type": "Point",
        "coordinates": [
          49.842016,
          40.343151
        ]
      },
      "properties": {
        "name": "Mangal Steak House",
        "category": "Kultur_Merkezi",
        "source_file": "06_kultur_merkezleri"
      }
    },
    {
      "type": "Feature",
      "geometry": {
        "type": "Point",
        "coordinates": [
          49.83493,
          40.363254
        ]
      },
      "properties": {
        "name": "Bakıdakı otellerFour Seasons otel Bakü",
        "category": "Kultur_Merkezi",
        "source_file": "06_kultur_merkezleri"
      }
    },
    {
      "type": "Feature",
      "geometry": {
        "type": "Point",
        "coordinates": [
          49.856755,
          40.374715
        ]
      },
      "properties": {
        "name": "JW Marriott Abşeron Bakü otel",
        "category": "Kultur_Merkezi",
        "source_file": "06_kultur_merkezleri"
      }
    },
    {
      "type": "Feature",
      "geometry": {
        "type": "Point",
        "coordinates": [
          49.849678,
          40.372112
        ]
      },
      "properties": {
        "name": "Hilton Bakü",
        "category": "Kultur_Merkezi",
        "source_file": "06_kultur_merkezleri"
      }
    },
    {
      "type": "Feature",
      "geometry": {
        "type": "Point",
        "coordinates": [
          49.82656,
          40.359495
        ]
      },
      "properties": {
        "name": "Alev Kuleleri",
        "category": "Kultur_Merkezi",
        "source_file": "06_kultur_merkezleri"
      }
    },
    {
      "type": "Feature",
      "geometry": {
        "type": "Point",
        "coordinates": [
          49.826169,
          40.360261
        ]
      },
      "properties": {
        "name": "Fairmont Bakü",
        "category": "Kultur_Merkezi",
        "source_file": "06_kultur_merkezleri"
      }
    },
    {
      "type": "Feature",
      "geometry": {
        "type": "Point",
        "coordinates": [
          49.802464,
          40.306343
        ]
      },
      "properties": {
        "name": "Ramada by Wyndham Baku",
        "category": "Kultur_Merkezi",
        "source_file": "06_kultur_merkezleri"
      }
    },
    {
      "type": "Feature",
      "geometry": {
        "type": "Point",
        "coordinates": [
          49.840088,
          40.342281
        ]
      },
      "properties": {
        "name": "Sapphire Bayıl Otel",
        "category": "Kultur_Merkezi",
        "source_file": "06_kultur_merkezleri"
      }
    },
    {
      "type": "Feature",
      "geometry": {
        "type": "Point",
        "coordinates": [
          49.883625,
          40.374878
        ]
      },
      "properties": {
        "name": "Baku Marriott Hotel Boulevard",
        "category": "Kultur_Merkezi",
        "source_file": "06_kultur_merkezleri"
      }
    },
    {
      "type": "Feature",
      "geometry": {
        "type": "Point",
        "coordinates": [
          49.858609,
          40.371612
        ]
      },
      "properties": {
        "name": "The Crescent otel",
        "category": "Kultur_Merkezi",
        "source_file": "06_kultur_merkezleri"
      }
    },
    {
      "type": "Feature",
      "geometry": {
        "type": "Point",
        "coordinates": [
          49.825692,
          40.305149
        ]
      },
      "properties": {
        "name": "Sapphire Marine",
        "category": "Kultur_Merkezi",
        "source_file": "06_kultur_merkezleri"
      }
    },
    {
      "type": "Feature",
      "geometry": {
        "type": "Point",
        "coordinates": [
          49.833506,
          40.354163
        ]
      },
      "properties": {
        "name": "Sheraton Baku Intourist",
        "category": "Kultur_Merkezi",
        "source_file": "06_kultur_merkezleri"
      }
    },
    {
      "type": "Feature",
      "geometry": {
        "type": "Point",
        "coordinates": [
          49.833994,
          40.354882
        ]
      },
      "properties": {
        "name": "",
        "category": "Kultur_Merkezi",
        "source_file": "06_kultur_merkezleri"
      }
    },
    {
      "type": "Feature",
      "geometry": {
        "type": "Point",
        "coordinates": [
          49.8267875,
          40.3044705
        ]
      },
      "properties": {
        "name": "Port Marine",
        "category": "Kultur_Merkezi",
        "source_file": "06_kultur_merkezleri"
      }
    },
    {
      "type": "Feature",
      "geometry": {
        "type": "Point",
        "coordinates": [
          49.793415,
          40.305514
        ]
      },
      "properties": {
        "name": "Aysberg Resort",
        "category": "Kultur_Merkezi",
        "source_file": "06_kultur_merkezleri"
      }
    },
    {
      "type": "Feature",
      "geometry": {
        "type": "Point",
        "coordinates": [
          49.791752,
          40.306704
        ]
      },
      "properties": {
        "name": "Panorama Villa Lux Hotel",
        "category": "Kultur_Merkezi",
        "source_file": "06_kultur_merkezleri"
      }
    },
    {
      "type": "Feature",
      "geometry": {
        "type": "Point",
        "coordinates": [
          49.774248,
          40.304907
        ]
      },
      "properties": {
        "name": "Homebridge Hotel Apartments",
        "category": "Kultur_Merkezi",
        "source_file": "06_kultur_merkezleri"
      }
    },
    {
      "type": "Feature",
      "geometry": {
        "type": "Point",
        "coordinates": [
          49.808075,
          40.338094
        ]
      },
      "properties": {
        "name": "Hillmond Hotel",
        "category": "Kultur_Merkezi",
        "source_file": "06_kultur_merkezleri"
      }
    },
    {
      "type": "Feature",
      "geometry": {
        "type": "Point",
        "coordinates": [
          49.804728,
          40.354909
        ]
      },
      "properties": {
        "name": "",
        "category": "Kultur_Merkezi",
        "source_file": "06_kultur_merkezleri"
      }
    },
    {
      "type": "Feature",
      "geometry": {
        "type": "Point",
        "coordinates": [
          49.837825,
          40.367933
        ]
      },
      "properties": {
        "name": "The Merchant Baku",
        "category": "Kultur_Merkezi",
        "source_file": "06_kultur_merkezleri"
      }
    },
    {
      "type": "Feature",
      "geometry": {
        "type": "Point",
        "coordinates": [
          49.7771555,
          40.575127
        ]
      },
      "properties": {
        "name": "",
        "category": "Kultur_Merkezi",
        "source_file": "06_kultur_merkezleri"
      }
    },
    {
      "type": "Feature",
      "geometry": {
        "type": "Point",
        "coordinates": [
          49.858666,
          40.375908
        ]
      },
      "properties": {
        "name": "Holiday Inn Baku, an IHG Hotel",
        "category": "Kultur_Merkezi",
        "source_file": "06_kultur_merkezleri"
      }
    },
    {
      "type": "Feature",
      "geometry": {
        "type": "Point",
        "coordinates": [
          49.851041,
          40.375979
        ]
      },
      "properties": {
        "name": "The Landmark Hotel Baku",
        "category": "Kultur_Merkezi",
        "source_file": "06_kultur_merkezleri"
      }
    },
    {
      "type": "Feature",
      "geometry": {
        "type": "Point",
        "coordinates": [
          49.851147,
          40.374681
        ]
      },
      "properties": {
        "name": "Bulvar Inn Hotel",
        "category": "Kultur_Merkezi",
        "source_file": "06_kultur_merkezleri"
      }
    },
    {
      "type": "Feature",
      "geometry": {
        "type": "Point",
        "coordinates": [
          49.848932,
          40.371526
        ]
      },
      "properties": {
        "name": "Radisson Hotel Baku",
        "category": "Kultur_Merkezi",
        "source_file": "06_kultur_merkezleri"
      }
    },
    {
      "type": "Feature",
      "geometry": {
        "type": "Point",
        "coordinates": [
          50.16737,
          40.5121
        ]
      },
      "properties": {
        "name": "Dalga Beach Aquapark Resort",
        "category": "Kultur_Merkezi",
        "source_file": "06_kultur_merkezleri"
      }
    },
    {
      "type": "Feature",
      "geometry": {
        "type": "Point",
        "coordinates": [
          49.990178,
          40.591996
        ]
      },
      "properties": {
        "name": "Baku villas",
        "category": "Kultur_Merkezi",
        "source_file": "06_kultur_merkezleri"
      }
    },
    {
      "type": "Feature",
      "geometry": {
        "type": "Point",
        "coordinates": [
          49.831114,
          40.565681
        ]
      },
      "properties": {
        "name": "Serhedci Istirahet Merkezi",
        "category": "Kultur_Merkezi",
        "source_file": "06_kultur_merkezleri"
      }
    },
    {
      "type": "Feature",
      "geometry": {
        "type": "Point",
        "coordinates": [
          49.859393,
          40.568892
        ]
      },
      "properties": {
        "name": "Hayat Beach Resort",
        "category": "Kultur_Merkezi",
        "source_file": "06_kultur_merkezleri"
      }
    },
    {
      "type": "Feature",
      "geometry": {
        "type": "Point",
        "coordinates": [
          50.063985,
          40.587782
        ]
      },
      "properties": {
        "name": "Amburan Beach Club",
        "category": "Kultur_Merkezi",
        "source_file": "06_kultur_merkezleri"
      }
    },
    {
      "type": "Feature",
      "geometry": {
        "type": "Point",
        "coordinates": [
          49.946003,
          40.584964
        ]
      },
      "properties": {
        "name": "Marina Village Sea Breeze",
        "category": "Kultur_Merkezi",
        "source_file": "06_kultur_merkezleri"
      }
    },
    {
      "type": "Feature",
      "geometry": {
        "type": "Point",
        "coordinates": [
          49.985275,
          40.59135
        ]
      },
      "properties": {
        "name": "Sea Breeze Resort",
        "category": "Kultur_Merkezi",
        "source_file": "06_kultur_merkezleri"
      }
    },
    {
      "type": "Feature",
      "geometry": {
        "type": "Point",
        "coordinates": [
          49.7746175,
          40.5738644
        ]
      },
      "properties": {
        "name": "",
        "category": "Kultur_Merkezi",
        "source_file": "06_kultur_merkezleri"
      }
    },
    {
      "type": "Feature",
      "geometry": {
        "type": "Point",
        "coordinates": [
          50.147432,
          40.502976
        ]
      },
      "properties": {
        "name": "Mardakan Village",
        "category": "Kultur_Merkezi",
        "source_file": "06_kultur_merkezleri"
      }
    },
    {
      "type": "Feature",
      "geometry": {
        "type": "Point",
        "coordinates": [
          50.119368,
          40.517596
        ]
      },
      "properties": {
        "name": "Very Well Guest House",
        "category": "Kultur_Merkezi",
        "source_file": "06_kultur_merkezleri"
      }
    },
    {
      "type": "Feature",
      "geometry": {
        "type": "Point",
        "coordinates": [
          50.096581,
          40.400537
        ]
      },
      "properties": {
        "name": "Dreamland Golf otel Baku",
        "category": "Kultur_Merkezi",
        "source_file": "06_kultur_merkezleri"
      }
    },
    {
      "type": "Feature",
      "geometry": {
        "type": "Point",
        "coordinates": [
          49.84544,
          40.371384
        ]
      },
      "properties": {
        "name": "InterContinental Baku, an IHG Hotel",
        "category": "Kultur_Merkezi",
        "source_file": "06_kultur_merkezleri"
      }
    },
    {
      "type": "Feature",
      "geometry": {
        "type": "Point",
        "coordinates": [
          50.081253,
          40.561932
        ]
      },
      "properties": {
        "name": "Khazri Recreation and Health",
        "category": "Kultur_Merkezi",
        "source_file": "06_kultur_merkezleri"
      }
    },
    {
      "type": "Feature",
      "geometry": {
        "type": "Point",
        "coordinates": [
          50.066668,
          40.573064
        ]
      },
      "properties": {
        "name": "Bilgeh Kardioloji Sanatoriyası",
        "category": "Kultur_Merkezi",
        "source_file": "06_kultur_merkezleri"
      }
    },
    {
      "type": "Feature",
      "geometry": {
        "type": "Point",
        "coordinates": [
          50.100575,
          40.527767
        ]
      },
      "properties": {
        "name": "Sapphire Spa Fitness Zagulba",
        "category": "Kultur_Merkezi",
        "source_file": "06_kultur_merkezleri"
      }
    },
    {
      "type": "Feature",
      "geometry": {
        "type": "Point",
        "coordinates": [
          49.834245,
          40.338159
        ]
      },
      "properties": {
        "name": "Şıkh sanatoriyası",
        "category": "Kultur_Merkezi",
        "source_file": "06_kultur_merkezleri"
      }
    },
    {
      "type": "Feature",
      "geometry": {
        "type": "Point",
        "coordinates": [
          49.772205,
          40.304623
        ]
      },
      "properties": {
        "name": "HamamBath",
        "category": "Kultur_Merkezi",
        "source_file": "06_kultur_merkezleri"
      }
    },
    {
      "type": "Feature",
      "geometry": {
        "type": "Point",
        "coordinates": [
          49.777008,
          40.305865
        ]
      },
      "properties": {
        "name": "",
        "category": "Kultur_Merkezi",
        "source_file": "06_kultur_merkezleri"
      }
    },
    {
      "type": "Feature",
      "geometry": {
        "type": "Point",
        "coordinates": [
          50.333831,
          40.47355
        ]
      },
      "properties": {
        "name": "Pirallahı adası",
        "category": "Kultur_Merkezi",
        "source_file": "06_kultur_merkezleri"
      }
    },
    {
      "type": "Feature",
      "geometry": {
        "type": "Point",
        "coordinates": [
          50.349366,
          40.438953
        ]
      },
      "properties": {
        "name": "F-Marine Rersort",
        "category": "Kultur_Merkezi",
        "source_file": "06_kultur_merkezleri"
      }
    },
    {
      "type": "Feature",
      "geometry": {
        "type": "Point",
        "coordinates": [
          49.867815,
          40.395898
        ]
      },
      "properties": {
        "name": "Tarihi kültürel Merkezler, Müzeler ve AnıtlarHaydar Aliyev Merkezi",
        "category": "Kultur_Merkezi",
        "source_file": "06_kultur_merkezleri"
      }
    },
    {
      "type": "Feature",
      "geometry": {
        "type": "Point",
        "coordinates": [
          49.84012,
          40.369498
        ]
      },
      "properties": {
        "name": "Azerbaycan Ulusal Tarih Müzesi",
        "category": "Kultur_Merkezi",
        "source_file": "06_kultur_merkezleri"
      }
    },
    {
      "type": "Feature",
      "geometry": {
        "type": "Point",
        "coordinates": [
          49.834918,
          40.360901
        ]
      },
      "properties": {
        "name": "Ulusal Muğam Merkezi",
        "category": "Kultur_Merkezi",
        "source_file": "06_kultur_merkezleri"
      }
    },
    {
      "type": "Feature",
      "geometry": {
        "type": "Point",
        "coordinates": [
          49.835824,
          40.35993
        ]
      },
      "properties": {
        "name": "Azerbaycan Halı Müzesi",
        "category": "Kultur_Merkezi",
        "source_file": "06_kultur_merkezleri"
      }
    },
    {
      "type": "Feature",
      "geometry": {
        "type": "Point",
        "coordinates": [
          49.86466,
          40.378024
        ]
      },
      "properties": {
        "name": "Bakü Modern Sanat Müzesi",
        "category": "Kultur_Merkezi",
        "source_file": "06_kultur_merkezleri"
      }
    },
    {
      "type": "Feature",
      "geometry": {
        "type": "Point",
        "coordinates": [
          50.169066,
          40.439652
        ]
      },
      "properties": {
        "name": "Arkeoloji ve Etnografya Müze Kompleksi",
        "category": "Kultur_Merkezi",
        "source_file": "06_kultur_merkezleri"
      }
    },
    {
      "type": "Feature",
      "geometry": {
        "type": "Point",
        "coordinates": [
          49.831736,
          40.363168
        ]
      },
      "properties": {
        "name": "Azerbaycan Ulusal Güzel Sanatlar Müzesi",
        "category": "Kultur_Merkezi",
        "source_file": "06_kultur_merkezleri"
      }
    },
    {
      "type": "Feature",
      "geometry": {
        "type": "Point",
        "coordinates": [
          49.841946,
          40.337431
        ]
      },
      "properties": {
        "name": "Surakhanı Gemi Müzesi",
        "category": "Kultur_Merkezi",
        "source_file": "06_kultur_merkezleri"
      }
    },
    {
      "type": "Feature",
      "geometry": {
        "type": "Point",
        "coordinates": [
          49.843055,
          40.369424
        ]
      },
      "properties": {
        "name": "Müze Merkezi",
        "category": "Kultur_Merkezi",
        "source_file": "06_kultur_merkezleri"
      }
    },
    {
      "type": "Feature",
      "geometry": {
        "type": "Point",
        "coordinates": [
          49.840583,
          40.368569
        ]
      },
      "properties": {
        "name": "",
        "category": "Kultur_Merkezi",
        "source_file": "06_kultur_merkezleri"
      }
    },
    {
      "type": "Feature",
      "geometry": {
        "type": "Point",
        "coordinates": [
          49.828726,
          40.359818
        ]
      },
      "properties": {
        "name": "Doğa Tarihi Müzesi",
        "category": "Kultur_Merkezi",
        "source_file": "06_kultur_merkezleri"
      }
    },
    {
      "type": "Feature",
      "geometry": {
        "type": "Point",
        "coordinates": [
          49.841157,
          40.34016
        ]
      },
      "properties": {
        "name": "Taş Kronikleri Müzesi",
        "category": "Kultur_Merkezi",
        "source_file": "06_kultur_merkezleri"
      }
    },
    {
      "type": "Feature",
      "geometry": {
        "type": "Point",
        "coordinates": [
          49.831148,
          40.367413
        ]
      },
      "properties": {
        "name": "Neriman Nerimanovun Ev Müzesi",
        "category": "Kultur_Merkezi",
        "source_file": "06_kultur_merkezleri"
      }
    },
    {
      "type": "Feature",
      "geometry": {
        "type": "Point",
        "coordinates": [
          49.838353,
          40.339837
        ]
      },
      "properties": {
        "name": "Resim Müzesi",
        "category": "Kultur_Merkezi",
        "source_file": "06_kultur_merkezleri"
      }
    },
    {
      "type": "Feature",
      "geometry": {
        "type": "Point",
        "coordinates": [
          49.839031,
          40.36727
        ]
      },
      "properties": {
        "name": "Azerbaycan Kukla Tiyatrosu",
        "category": "Kultur_Merkezi",
        "source_file": "06_kultur_merkezleri"
      }
    },
    {
      "type": "Feature",
      "geometry": {
        "type": "Point",
        "coordinates": [
          50.008569,
          40.415483
        ]
      },
      "properties": {
        "name": "Ateşgah Müzesi",
        "category": "Kultur_Merkezi",
        "source_file": "06_kultur_merkezleri"
      }
    },
    {
      "type": "Feature",
      "geometry": {
        "type": "Point",
        "coordinates": [
          50.140711,
          40.492132
        ]
      },
      "properties": {
        "name": "Merdekan Kalesi",
        "category": "Kultur_Merkezi",
        "source_file": "06_kultur_merkezleri"
      }
    },
    {
      "type": "Feature",
      "geometry": {
        "type": "Point",
        "coordinates": [
          49.980016,
          40.456138
        ]
      },
      "properties": {
        "name": "Ramana Kalesi",
        "category": "Kultur_Merkezi",
        "source_file": "06_kultur_merkezleri"
      }
    },
    {
      "type": "Feature",
      "geometry": {
        "type": "Point",
        "coordinates": [
          49.837443,
          40.340201
        ]
      },
      "properties": {
        "name": "YARAT Sanat Merkezi",
        "category": "Kultur_Merkezi",
        "source_file": "06_kultur_merkezleri"
      }
    },
    {
      "type": "Feature",
      "geometry": {
        "type": "Point",
        "coordinates": [
          49.83421,
          40.360102
        ]
      },
      "properties": {
        "name": "Bakü çokkültürlülük merkezi",
        "category": "Kultur_Merkezi",
        "source_file": "06_kultur_merkezleri"
      }
    },
    {
      "type": "Feature",
      "geometry": {
        "type": "Point",
        "coordinates": [
          49.830122,
          40.360122
        ]
      },
      "properties": {
        "name": "Yeşil Tiyatro",
        "category": "Kultur_Merkezi",
        "source_file": "06_kultur_merkezleri"
      }
    },
    {
      "type": "Feature",
      "geometry": {
        "type": "Point",
        "coordinates": [
          49.831624,
          40.35869
        ]
      },
      "properties": {
        "name": "Gülüstan Sarayı",
        "category": "Kultur_Merkezi",
        "source_file": "06_kultur_merkezleri"
      }
    },
    {
      "type": "Feature",
      "geometry": {
        "type": "Point",
        "coordinates": [
          49.831632,
          40.368603
        ]
      },
      "properties": {
        "name": "Saadet Sarayi",
        "category": "Kultur_Merkezi",
        "source_file": "06_kultur_merkezleri"
      }
    },
    {
      "type": "Feature",
      "geometry": {
        "type": "Point",
        "coordinates": [
          49.843757,
          40.375522
        ]
      },
      "properties": {
        "name": "Nizami Kinotiyatrosu",
        "category": "Kultur_Merkezi",
        "source_file": "06_kultur_merkezleri"
      }
    },
    {
      "type": "Feature",
      "geometry": {
        "type": "Point",
        "coordinates": [
          49.833782,
          40.368451
        ]
      },
      "properties": {
        "name": "Ismailiyya Sarayı",
        "category": "Kultur_Merkezi",
        "source_file": "06_kultur_merkezleri"
      }
    },
    {
      "type": "Feature",
      "geometry": {
        "type": "Point",
        "coordinates": [
          49.831168,
          40.375245
        ]
      },
      "properties": {
        "name": "Azerbaycan Devlet Akademik Millî Dram Tiyatrosu",
        "category": "Kultur_Merkezi",
        "source_file": "06_kultur_merkezleri"
      }
    },
    {
      "type": "Feature",
      "geometry": {
        "type": "Point",
        "coordinates": [
          49.844811,
          40.336777
        ]
      },
      "properties": {
        "name": "Azerbaycan Denizçilərinin Hatırasına ait heykel",
        "category": "Kultur_Merkezi",
        "source_file": "06_kultur_merkezleri"
      }
    },
    {
      "type": "Feature",
      "geometry": {
        "type": "Point",
        "coordinates": [
          49.832548,
          40.334471
        ]
      },
      "properties": {
        "name": "Dünyanın Endüstriyel Olarak Açılan İlk Petrol Kuyusu, 1846",
        "category": "Kultur_Merkezi",
        "source_file": "06_kultur_merkezleri"
      }
    },
    {
      "type": "Feature",
      "geometry": {
        "type": "Point",
        "coordinates": [
          49.841983,
          40.339653
        ]
      },
      "properties": {
        "name": "Eski Buharlı Tren heykeli",
        "category": "Kultur_Merkezi",
        "source_file": "06_kultur_merkezleri"
      }
    },
    {
      "type": "Feature",
      "geometry": {
        "type": "Point",
        "coordinates": [
          49.836426,
          40.362452
        ]
      },
      "properties": {
        "name": "Kuğular çeşmesi",
        "category": "Kultur_Merkezi",
        "source_file": "06_kultur_merkezleri"
      }
    },
    {
      "type": "Feature",
      "geometry": {
        "type": "Point",
        "coordinates": [
          49.84021,
          40.36677
        ]
      },
      "properties": {
        "name": "Müslüm Maqomayevin heykeli",
        "category": "Kultur_Merkezi",
        "source_file": "06_kultur_merkezleri"
      }
    },
    {
      "type": "Feature",
      "geometry": {
        "type": "Point",
        "coordinates": [
          49.83624,
          40.369852
        ]
      },
      "properties": {
        "name": "",
        "category": "Kultur_Merkezi",
        "source_file": "06_kultur_merkezleri"
      }
    },
    {
      "type": "Feature",
      "geometry": {
        "type": "Point",
        "coordinates": [
          49.842247,
          40.370013
        ]
      },
      "properties": {
        "name": "Bağımsızlık Müzesi",
        "category": "Kultur_Merkezi",
        "source_file": "06_kultur_merkezleri"
      }
    },
    {
      "type": "Feature",
      "geometry": {
        "type": "Point",
        "coordinates": [
          49.8299,
          40.37747
        ]
      },
      "properties": {
        "name": "Uzeyir Hacibeyov\\`un ev müzesi",
        "category": "Kultur_Merkezi",
        "source_file": "06_kultur_merkezleri"
      }
    },
    {
      "type": "Feature",
      "geometry": {
        "type": "Point",
        "coordinates": [
          49.922864,
          40.460385
        ]
      },
      "properties": {
        "name": "Balakhanı mahallesi",
        "category": "Kultur_Merkezi",
        "source_file": "06_kultur_merkezleri"
      }
    },
    {
      "type": "Feature",
      "geometry": {
        "type": "Point",
        "coordinates": [
          49.835153,
          40.33482
        ]
      },
      "properties": {
        "name": "Spor Turizmi ve aktiviteler için ArenalarSu İdmanı sarayı",
        "category": "Kultur_Merkezi",
        "source_file": "06_kultur_merkezleri"
      }
    },
    {
      "type": "Feature",
      "geometry": {
        "type": "Point",
        "coordinates": [
          49.844973,
          40.344368
        ]
      },
      "properties": {
        "name": "Devlet Bayrak Meydanı",
        "category": "Kultur_Merkezi",
        "source_file": "06_kultur_merkezleri"
      }
    },
    {
      "type": "Feature",
      "geometry": {
        "type": "Point",
        "coordinates": [
          49.85028,
          40.344226
        ]
      },
      "properties": {
        "name": "Bakü Kristal Salonu",
        "category": "Kultur_Merkezi",
        "source_file": "06_kultur_merkezleri"
      }
    },
    {
      "type": "Feature",
      "geometry": {
        "type": "Point",
        "coordinates": [
          49.834985,
          40.358828
        ]
      },
      "properties": {
        "name": "Baku Sports Hall",
        "category": "Kultur_Merkezi",
        "source_file": "06_kultur_merkezleri"
      }
    },
    {
      "type": "Feature",
      "geometry": {
        "type": "Point",
        "coordinates": [
          49.835577,
          40.362471
        ]
      },
      "properties": {
        "name": "Azneft Meydanı",
        "category": "Kultur_Merkezi",
        "source_file": "06_kultur_merkezleri"
      }
    },
    {
      "type": "Feature",
      "geometry": {
        "type": "Point",
        "coordinates": [
          49.852414,
          40.39725
        ]
      },
      "properties": {
        "name": "Tofig Bahramov Cumhuriyyet Stadyumu",
        "category": "Kultur_Merkezi",
        "source_file": "06_kultur_merkezleri"
      }
    },
    {
      "type": "Feature",
      "geometry": {
        "type": "Point",
        "coordinates": [
          49.839056,
          40.334435
        ]
      },
      "properties": {
        "name": "Avropa Oyunları Parkı",
        "category": "Kultur_Merkezi",
        "source_file": "06_kultur_merkezleri"
      }
    },
    {
      "type": "Feature",
      "geometry": {
        "type": "Point",
        "coordinates": [
          49.836601,
          40.334152
        ]
      },
      "properties": {
        "name": "EGP Arena",
        "category": "Kultur_Merkezi",
        "source_file": "06_kultur_merkezleri"
      }
    },
    {
      "type": "Feature",
      "geometry": {
        "type": "Point",
        "coordinates": [
          49.897746,
          40.411088
        ]
      },
      "properties": {
        "name": "Şefa Stadyumu",
        "category": "Kultur_Merkezi",
        "source_file": "06_kultur_merkezleri"
      }
    },
    {
      "type": "Feature",
      "geometry": {
        "type": "Point",
        "coordinates": [
          49.835989,
          40.363629
        ]
      },
      "properties": {
        "name": "Bulvar Tennis Club",
        "category": "Kultur_Merkezi",
        "source_file": "06_kultur_merkezleri"
      }
    },
    {
      "type": "Feature",
      "geometry": {
        "type": "Point",
        "coordinates": [
          49.835969,
          40.337611
        ]
      },
      "properties": {
        "name": "Azerbaycan Kano ve Avarçekme Federasiyası",
        "category": "Kultur_Merkezi",
        "source_file": "06_kultur_merkezleri"
      }
    },
    {
      "type": "Feature",
      "geometry": {
        "type": "Point",
        "coordinates": [
          50.1842,
          40.484219
        ]
      },
      "properties": {
        "name": "Alışveriş ve Eğlence olanaklarıŞüvelan Park",
        "category": "Kultur_Merkezi",
        "source_file": "06_kultur_merkezleri"
      }
    },
    {
      "type": "Feature",
      "geometry": {
        "type": "Point",
        "coordinates": [
          50.058064,
          40.588437
        ]
      },
      "properties": {
        "name": "Amburan Mall",
        "category": "Kultur_Merkezi",
        "source_file": "06_kultur_merkezleri"
      }
    },
    {
      "type": "Feature",
      "geometry": {
        "type": "Point",
        "coordinates": [
          49.988608,
          40.5901
        ]
      },
      "properties": {
        "name": "Sea Breeze Mall",
        "category": "Kultur_Merkezi",
        "source_file": "06_kultur_merkezleri"
      }
    },
    {
      "type": "Feature",
      "geometry": {
        "type": "Point",
        "coordinates": [
          49.861031,
          40.37488
        ]
      },
      "properties": {
        "name": "Port Baku Mall",
        "category": "Kultur_Merkezi",
        "source_file": "06_kultur_merkezleri"
      }
    },
    {
      "type": "Feature",
      "geometry": {
        "type": "Point",
        "coordinates": [
          49.852945,
          40.400131
        ]
      },
      "properties": {
        "name": "Gençlik Mall",
        "category": "Kultur_Merkezi",
        "source_file": "06_kultur_merkezleri"
      }
    },
    {
      "type": "Feature",
      "geometry": {
        "type": "Point",
        "coordinates": [
          49.855743,
          40.387073
        ]
      },
      "properties": {
        "name": "Şark Pazarı",
        "category": "Kultur_Merkezi",
        "source_file": "06_kultur_merkezleri"
      }
    },
    {
      "type": "Feature",
      "geometry": {
        "type": "Point",
        "coordinates": [
          49.872856,
          40.403387
        ]
      },
      "properties": {
        "name": "Metropark Shopping Mall",
        "category": "Kultur_Merkezi",
        "source_file": "06_kultur_merkezleri"
      }
    },
    {
      "type": "Feature",
      "geometry": {
        "type": "Point",
        "coordinates": [
          49.837306,
          40.358049
        ]
      },
      "properties": {
        "name": "Deniz Mall",
        "category": "Kultur_Merkezi",
        "source_file": "06_kultur_merkezleri"
      }
    },
    {
      "type": "Feature",
      "geometry": {
        "type": "Point",
        "coordinates": [
          49.849699,
          40.37074
        ]
      },
      "properties": {
        "name": "Park Bulvar",
        "category": "Kultur_Merkezi",
        "source_file": "06_kultur_merkezleri"
      }
    },
    {
      "type": "Feature",
      "geometry": {
        "type": "Point",
        "coordinates": [
          49.841655,
          40.376517
        ]
      },
      "properties": {
        "name": "AF Mall",
        "category": "Kultur_Merkezi",
        "source_file": "06_kultur_merkezleri"
      }
    },
    {
      "type": "Feature",
      "geometry": {
        "type": "Point",
        "coordinates": [
          49.830519,
          40.378841
        ]
      },
      "properties": {
        "name": "Nizami Mall",
        "category": "Kultur_Merkezi",
        "source_file": "06_kultur_merkezleri"
      }
    },
    {
      "type": "Feature",
      "geometry": {
        "type": "Point",
        "coordinates": [
          49.837553,
          40.354652
        ]
      },
      "properties": {
        "name": "Baku Eye",
        "category": "Kultur_Merkezi",
        "source_file": "06_kultur_merkezleri"
      }
    },
    {
      "type": "Feature",
      "geometry": {
        "type": "Point",
        "coordinates": [
          49.840322,
          40.3616
        ]
      },
      "properties": {
        "name": "Premium Yachting Baku",
        "category": "Kultur_Merkezi",
        "source_file": "06_kultur_merkezleri"
      }
    },
    {
      "type": "Feature",
      "geometry": {
        "type": "Point",
        "coordinates": [
          49.835751,
          40.361105
        ]
      },
      "properties": {
        "name": "Mini Venice",
        "category": "Kultur_Merkezi",
        "source_file": "06_kultur_merkezleri"
      }
    },
    {
      "type": "Feature",
      "geometry": {
        "type": "Point",
        "coordinates": [
          49.836767,
          40.333085
        ]
      },
      "properties": {
        "name": "Sky Cinema",
        "category": "Kultur_Merkezi",
        "source_file": "06_kultur_merkezleri"
      }
    },
    {
      "type": "Feature",
      "geometry": {
        "type": "Point",
        "coordinates": [
          50.302405,
          40.40308
        ]
      },
      "properties": {
        "name": "ParklarZire Kültür Merkezi - EKO Park",
        "category": "Kultur_Merkezi",
        "source_file": "06_kultur_merkezleri"
      }
    },
    {
      "type": "Feature",
      "geometry": {
        "type": "Point",
        "coordinates": [
          50.348832,
          40.296682
        ]
      },
      "properties": {
        "name": "Abşeron Millî Parkı",
        "category": "Kultur_Merkezi",
        "source_file": "06_kultur_merkezleri"
      }
    },
    {
      "type": "Feature",
      "geometry": {
        "type": "Point",
        "coordinates": [
          50.082808,
          40.467243
        ]
      },
      "properties": {
        "name": "Bine Atçılık Merkezi",
        "category": "Kultur_Merkezi",
        "source_file": "06_kultur_merkezleri"
      }
    },
    {
      "type": "Feature",
      "geometry": {
        "type": "Point",
        "coordinates": [
          49.866062,
          40.394105
        ]
      },
      "properties": {
        "name": "Haydar Aliyev Merkez Parkı",
        "category": "Kultur_Merkezi",
        "source_file": "06_kultur_merkezleri"
      }
    },
    {
      "type": "Feature",
      "geometry": {
        "type": "Point",
        "coordinates": [
          49.848966,
          40.392901
        ]
      },
      "properties": {
        "name": "Bakü Hayvanat Bahçesi",
        "category": "Kultur_Merkezi",
        "source_file": "06_kultur_merkezleri"
      }
    },
    {
      "type": "Feature",
      "geometry": {
        "type": "Point",
        "coordinates": [
          49.841424,
          40.391461
        ]
      },
      "properties": {
        "name": "Koala Park",
        "category": "Kultur_Merkezi",
        "source_file": "06_kultur_merkezleri"
      }
    },
    {
      "type": "Feature",
      "geometry": {
        "type": "Point",
        "coordinates": [
          49.835942,
          40.385119
        ]
      },
      "properties": {
        "name": "Zabitler parkı",
        "category": "Kultur_Merkezi",
        "source_file": "06_kultur_merkezleri"
      }
    },
    {
      "type": "Feature",
      "geometry": {
        "type": "Point",
        "coordinates": [
          49.907432,
          40.42766
        ]
      },
      "properties": {
        "name": "Böyükşor Bulvarı",
        "category": "Kultur_Merkezi",
        "source_file": "06_kultur_merkezleri"
      }
    },
    {
      "type": "Feature",
      "geometry": {
        "type": "Point",
        "coordinates": [
          49.802168,
          40.409105
        ]
      },
      "properties": {
        "name": "Meşe Parkı",
        "category": "Kultur_Merkezi",
        "source_file": "06_kultur_merkezleri"
      }
    },
    {
      "type": "Feature",
      "geometry": {
        "type": "Point",
        "coordinates": [
          49.820917,
          40.36162
        ]
      },
      "properties": {
        "name": "Fahri Hiyabanı",
        "category": "Kultur_Merkezi",
        "source_file": "06_kultur_merkezleri"
      }
    },
    {
      "type": "Feature",
      "geometry": {
        "type": "Point",
        "coordinates": [
          49.828804,
          40.357767
        ]
      },
      "properties": {
        "name": "Dağüstü Parkı",
        "category": "Kultur_Merkezi",
        "source_file": "06_kultur_merkezleri"
      }
    },
    {
      "type": "Feature",
      "geometry": {
        "type": "Point",
        "coordinates": [
          49.827973,
          40.363186
        ]
      },
      "properties": {
        "name": "Şelale Parkı",
        "category": "Kultur_Merkezi",
        "source_file": "06_kultur_merkezleri"
      }
    },
    {
      "type": "Feature",
      "geometry": {
        "type": "Point",
        "coordinates": [
          49.83201,
          40.364531
        ]
      },
      "properties": {
        "name": "Filarmoni Çeşmesi Meydanı",
        "category": "Kultur_Merkezi",
        "source_file": "06_kultur_merkezleri"
      }
    },
    {
      "type": "Feature",
      "geometry": {
        "type": "Point",
        "coordinates": [
          49.884358,
          40.525187
        ]
      },
      "properties": {
        "name": "Omar Atçılık Merkezi",
        "category": "Kultur_Merkezi",
        "source_file": "06_kultur_merkezleri"
      }
    },
    {
      "type": "Feature",
      "geometry": {
        "type": "Point",
        "coordinates": [
          49.952312,
          40.358938
        ]
      },
      "properties": {
        "name": "Gençlik parkı",
        "category": "Kultur_Merkezi",
        "source_file": "06_kultur_merkezleri"
      }
    },
    {
      "type": "Feature",
      "geometry": {
        "type": "Point",
        "coordinates": [
          49.791024,
          40.465306
        ]
      },
      "properties": {
        "name": "Çamur Volkanı",
        "category": "Kultur_Merkezi",
        "source_file": "06_kultur_merkezleri"
      }
    },
    {
      "type": "Feature",
      "geometry": {
        "type": "Point",
        "coordinates": [
          49.874254,
          40.376346
        ]
      },
      "properties": {
        "name": "Askeri Kanimetler Parkı",
        "category": "Kultur_Merkezi",
        "source_file": "06_kultur_merkezleri"
      }
    },
    {
      "type": "Feature",
      "geometry": {
        "type": "Point",
        "coordinates": [
          49.893889,
          40.378352
        ]
      },
      "properties": {
        "name": "Nizami Gencevi Parkı",
        "category": "Kultur_Merkezi",
        "source_file": "06_kultur_merkezleri"
      }
    },
    {
      "type": "Feature",
      "geometry": {
        "type": "Point",
        "coordinates": [
          49.825933,
          40.363151
        ]
      },
      "properties": {
        "name": "Çemberekend Parkı",
        "category": "Kultur_Merkezi",
        "source_file": "06_kultur_merkezleri"
      }
    },
    {
      "type": "Feature",
      "geometry": {
        "type": "Point",
        "coordinates": [
          49.817051,
          40.373455
        ]
      },
      "properties": {
        "name": "Huseyn Cavid Park",
        "category": "Kultur_Merkezi",
        "source_file": "06_kultur_merkezleri"
      }
    },
    {
      "type": "Feature",
      "geometry": {
        "type": "Point",
        "coordinates": [
          50.084614,
          40.465187
        ]
      },
      "properties": {
        "name": "Elite At kulübü",
        "category": "Kultur_Merkezi",
        "source_file": "06_kultur_merkezleri"
      }
    },
    {
      "type": "Feature",
      "geometry": {
        "type": "Point",
        "coordinates": [
          50.155761,
          40.516041
        ]
      },
      "properties": {
        "name": "PlajlarMerdekan Khezri plajı",
        "category": "Kultur_Merkezi",
        "source_file": "06_kultur_merkezleri"
      }
    },
    {
      "type": "Feature",
      "geometry": {
        "type": "Point",
        "coordinates": [
          49.95913,
          40.589594
        ]
      },
      "properties": {
        "name": "Panorama Nardaran Plajı",
        "category": "Kultur_Merkezi",
        "source_file": "06_kultur_merkezleri"
      }
    },
    {
      "type": "Feature",
      "geometry": {
        "type": "Point",
        "coordinates": [
          50.105703,
          40.534202
        ]
      },
      "properties": {
        "name": "Glam Plajı Bakü",
        "category": "Kultur_Merkezi",
        "source_file": "06_kultur_merkezleri"
      }
    },
    {
      "type": "Feature",
      "geometry": {
        "type": "Point",
        "coordinates": [
          49.8984,
          40.57413
        ]
      },
      "properties": {
        "name": "Pirşağı Plajı",
        "category": "Kultur_Merkezi",
        "source_file": "06_kultur_merkezleri"
      }
    },
    {
      "type": "Feature",
      "geometry": {
        "type": "Point",
        "coordinates": [
          49.774191,
          40.576029
        ]
      },
      "properties": {
        "name": "Novkhanı Plajı",
        "category": "Kultur_Merkezi",
        "source_file": "06_kultur_merkezleri"
      }
    },
    {
      "type": "Feature",
      "geometry": {
        "type": "Point",
        "coordinates": [
          49.987298,
          40.59331
        ]
      },
      "properties": {
        "name": "Sea Breeze Plajı",
        "category": "Kultur_Merkezi",
        "source_file": "06_kultur_merkezleri"
      }
    },
    {
      "type": "Feature",
      "geometry": {
        "type": "Point",
        "coordinates": [
          50.115906,
          40.525633
        ]
      },
      "properties": {
        "name": "Buzovna Plajı",
        "category": "Kultur_Merkezi",
        "source_file": "06_kultur_merkezleri"
      }
    },
    {
      "type": "Feature",
      "geometry": {
        "type": "Point",
        "coordinates": [
          50.1245798,
          40.522508
        ]
      },
      "properties": {
        "name": "Delmar Buzovna Plajı",
        "category": "Kultur_Merkezi",
        "source_file": "06_kultur_merkezleri"
      }
    },
    {
      "type": "Feature",
      "geometry": {
        "type": "Point",
        "coordinates": [
          49.953198,
          40.586966
        ]
      },
      "properties": {
        "name": "Palm Plajı",
        "category": "Kultur_Merkezi",
        "source_file": "06_kultur_merkezleri"
      }
    },
    {
      "type": "Feature",
      "geometry": {
        "type": "Point",
        "coordinates": [
          50.064771,
          40.586362
        ]
      },
      "properties": {
        "name": "Amburan Park ve Akuapark",
        "category": "Kultur_Merkezi",
        "source_file": "06_kultur_merkezleri"
      }
    },
    {
      "type": "Feature",
      "geometry": {
        "type": "Point",
        "coordinates": [
          50.108408,
          40.534058
        ]
      },
      "properties": {
        "name": "Sunny Zagulba Plajı",
        "category": "Kultur_Merkezi",
        "source_file": "06_kultur_merkezleri"
      }
    },
    {
      "type": "Feature",
      "geometry": {
        "type": "Point",
        "coordinates": [
          50.122434,
          40.522748
        ]
      },
      "properties": {
        "name": "Buzovna Plajı",
        "category": "Kultur_Merkezi",
        "source_file": "06_kultur_merkezleri"
      }
    },
    {
      "type": "Feature",
      "geometry": {
        "type": "Point",
        "coordinates": [
          49.960978,
          40.589853
        ]
      },
      "properties": {
        "name": "Sea Breeze Plajı",
        "category": "Kultur_Merkezi",
        "source_file": "06_kultur_merkezleri"
      }
    },
    {
      "type": "Feature",
      "geometry": {
        "type": "Point",
        "coordinates": [
          49.8178611,
          40.5657557
        ]
      },
      "properties": {
        "name": "Marina Plajı",
        "category": "Kultur_Merkezi",
        "source_file": "06_kultur_merkezleri"
      }
    },
    {
      "type": "Feature",
      "geometry": {
        "type": "Point",
        "coordinates": [
          49.74976,
          40.573222
        ]
      },
      "properties": {
        "name": "Diana Plajı",
        "category": "Kultur_Merkezi",
        "source_file": "06_kultur_merkezleri"
      }
    },
    {
      "type": "Feature",
      "geometry": {
        "type": "Point",
        "coordinates": [
          49.682475,
          40.6033
        ]
      },
      "properties": {
        "name": "Sumgait plajı",
        "category": "Kultur_Merkezi",
        "source_file": "06_kultur_merkezleri"
      }
    },
    {
      "type": "Feature",
      "geometry": {
        "type": "Point",
        "coordinates": [
          50.227796,
          40.349634
        ]
      },
      "properties": {
        "name": "Gızıl Gum plajı",
        "category": "Kultur_Merkezi",
        "source_file": "06_kultur_merkezleri"
      }
    },
    {
      "type": "Feature",
      "geometry": {
        "type": "Point",
        "coordinates": [
          49.772418,
          40.300218
        ]
      },
      "properties": {
        "name": "Şıkh Plajı",
        "category": "Kultur_Merkezi",
        "source_file": "06_kultur_merkezleri"
      }
    },
    {
      "type": "Feature",
      "geometry": {
        "type": "Point",
        "coordinates": [
          49.820349,
          40.308925
        ]
      },
      "properties": {
        "name": "Dini yerlerBibiheybet Camii",
        "category": "Kultur_Merkezi",
        "source_file": "06_kultur_merkezleri"
      }
    },
    {
      "type": "Feature",
      "geometry": {
        "type": "Point",
        "coordinates": [
          49.824205,
          40.428784
        ]
      },
      "properties": {
        "name": "Haydar Camii",
        "category": "Kultur_Merkezi",
        "source_file": "06_kultur_merkezleri"
      }
    },
    {
      "type": "Feature",
      "geometry": {
        "type": "Point",
        "coordinates": [
          50.112079,
          40.516467
        ]
      },
      "properties": {
        "name": "Mir Mövsüm Ziya Ağa Türbesi",
        "category": "Kultur_Merkezi",
        "source_file": "06_kultur_merkezleri"
      }
    },
    {
      "type": "Feature",
      "geometry": {
        "type": "Point",
        "coordinates": [
          49.828413,
          40.372205
        ]
      },
      "properties": {
        "name": "Teze Pir Camii",
        "category": "Kultur_Merkezi",
        "source_file": "06_kultur_merkezleri"
      }
    },
    {
      "type": "Feature",
      "geometry": {
        "type": "Point",
        "coordinates": [
          49.8325225,
          40.3663004
        ]
      },
      "properties": {
        "name": "Içerışeher haritasıIçerışeherdekı turızm adına herseynormal",
        "category": "Turizm_Bolgesi",
        "source_file": "07_turizm_bolgeleri"
      }
    },
    {
      "type": "Feature",
      "geometry": {
        "type": "Point",
        "coordinates": [
          49.8336111,
          40.3661111
        ]
      },
      "properties": {
        "name": "Şirvanşahlar Sarayı",
        "category": "Turizm_Bolgesi",
        "source_file": "07_turizm_bolgeleri"
      }
    },
    {
      "type": "Feature",
      "geometry": {
        "type": "Point",
        "coordinates": [
          49.8366264,
          40.3676593
        ]
      },
      "properties": {
        "name": "",
        "category": "Turizm_Bolgesi",
        "source_file": "07_turizm_bolgeleri"
      }
    },
    {
      "type": "Feature",
      "geometry": {
        "type": "Point",
        "coordinates": [
          49.8347736,
          40.3666587
        ]
      },
      "properties": {
        "name": "Tahir Salakhov Ev Müzesi",
        "category": "Turizm_Bolgesi",
        "source_file": "07_turizm_bolgeleri"
      }
    },
    {
      "type": "Feature",
      "geometry": {
        "type": "Point",
        "coordinates": [
          49.8347917,
          40.3650386
        ]
      },
      "properties": {
        "name": "",
        "category": "Turizm_Bolgesi",
        "source_file": "07_turizm_bolgeleri"
      }
    },
    {
      "type": "Feature",
      "geometry": {
        "type": "Point",
        "coordinates": [
          49.83541,
          40.3644752
        ]
      },
      "properties": {
        "name": "Ramazanovlar Sarayı",
        "category": "Turizm_Bolgesi",
        "source_file": "07_turizm_bolgeleri"
      }
    },
    {
      "type": "Feature",
      "geometry": {
        "type": "Point",
        "coordinates": [
          49.8353465,
          40.3657582
        ]
      },
      "properties": {
        "name": "Açık Hava Müzesi",
        "category": "Turizm_Bolgesi",
        "source_file": "07_turizm_bolgeleri"
      }
    },
    {
      "type": "Feature",
      "geometry": {
        "type": "Point",
        "coordinates": [
          49.8333288,
          40.3661172
        ]
      },
      "properties": {
        "name": "HamamlarŞirvanşahların hamamları",
        "category": "Turizm_Bolgesi",
        "source_file": "07_turizm_bolgeleri"
      }
    },
    {
      "type": "Feature",
      "geometry": {
        "type": "Point",
        "coordinates": [
          49.8369344,
          40.3686677
        ]
      },
      "properties": {
        "name": "Yeraltı hamam (XVII əsr)",
        "category": "Turizm_Bolgesi",
        "source_file": "07_turizm_bolgeleri"
      }
    },
    {
      "type": "Feature",
      "geometry": {
        "type": "Point",
        "coordinates": [
          49.8327503,
          40.3643691
        ]
      },
      "properties": {
        "name": "Ağa Mikayil Hamamı",
        "category": "Turizm_Bolgesi",
        "source_file": "07_turizm_bolgeleri"
      }
    },
    {
      "type": "Feature",
      "geometry": {
        "type": "Point",
        "coordinates": [
          49.8369669,
          40.3672431
        ]
      },
      "properties": {
        "name": "Kultur merkezlerıModern Sanat Merkezi",
        "category": "Turizm_Bolgesi",
        "source_file": "07_turizm_bolgeleri"
      }
    },
    {
      "type": "Feature",
      "geometry": {
        "type": "Point",
        "coordinates": [
          49.8323896,
          40.366022
        ]
      },
      "properties": {
        "name": "ARTIM Proje Alanı",
        "category": "Turizm_Bolgesi",
        "source_file": "07_turizm_bolgeleri"
      }
    },
    {
      "type": "Feature",
      "geometry": {
        "type": "Point",
        "coordinates": [
          49.8350991,
          40.3679352
        ]
      },
      "properties": {
        "name": "Medina Galerisi",
        "category": "Turizm_Bolgesi",
        "source_file": "07_turizm_bolgeleri"
      }
    },
    {
      "type": "Feature",
      "geometry": {
        "type": "Point",
        "coordinates": [
          49.8330322,
          40.3670107
        ]
      },
      "properties": {
        "name": "Bakü Resm Galerisi",
        "category": "Turizm_Bolgesi",
        "source_file": "07_turizm_bolgeleri"
      }
    },
    {
      "type": "Feature",
      "geometry": {
        "type": "Point",
        "coordinates": [
          49.8343462,
          40.364755
        ]
      },
      "properties": {
        "name": "Bakü Marionette Tiyatrosu",
        "category": "Turizm_Bolgesi",
        "source_file": "07_turizm_bolgeleri"
      }
    },
    {
      "type": "Feature",
      "geometry": {
        "type": "Point",
        "coordinates": [
          49.8379465,
          40.3662966
        ]
      },
      "properties": {
        "name": "İsa Bey Hacinskinin evi",
        "category": "Turizm_Bolgesi",
        "source_file": "07_turizm_bolgeleri"
      }
    },
    {
      "type": "Feature",
      "geometry": {
        "type": "Point",
        "coordinates": [
          49.8374283,
          40.3665329
        ]
      },
      "properties": {
        "name": "QGallery (Kız Kalesi Art Gallery)",
        "category": "Turizm_Bolgesi",
        "source_file": "07_turizm_bolgeleri"
      }
    },
    {
      "type": "Feature",
      "geometry": {
        "type": "Point",
        "coordinates": [
          49.8355749,
          40.3648339
        ]
      },
      "properties": {
        "name": "İçerişeher Devlet Tarih-Mimarlık Koruma alanı",
        "category": "Turizm_Bolgesi",
        "source_file": "07_turizm_bolgeleri"
      }
    },
    {
      "type": "Feature",
      "geometry": {
        "type": "Point",
        "coordinates": [
          49.83416,
          40.3640039
        ]
      },
      "properties": {
        "name": "OtellerRöyal Antik Butik otel",
        "category": "Turizm_Bolgesi",
        "source_file": "07_turizm_bolgeleri"
      }
    },
    {
      "type": "Feature",
      "geometry": {
        "type": "Point",
        "coordinates": [
          49.8337072,
          40.3640685
        ]
      },
      "properties": {
        "name": "Premier Old Gates Hotel",
        "category": "Turizm_Bolgesi",
        "source_file": "07_turizm_bolgeleri"
      }
    },
    {
      "type": "Feature",
      "geometry": {
        "type": "Point",
        "coordinates": [
          49.8334458,
          40.3643122
        ]
      },
      "properties": {
        "name": "Perla De Mar Hotel Baku",
        "category": "Turizm_Bolgesi",
        "source_file": "07_turizm_bolgeleri"
      }
    },
    {
      "type": "Feature",
      "geometry": {
        "type": "Point",
        "coordinates": [
          49.832991,
          40.3643699
        ]
      },
      "properties": {
        "name": "City Walls Hotel",
        "category": "Turizm_Bolgesi",
        "source_file": "07_turizm_bolgeleri"
      }
    },
    {
      "type": "Feature",
      "geometry": {
        "type": "Point",
        "coordinates": [
          49.8333031,
          40.3650208
        ]
      },
      "properties": {
        "name": "Revelton Studios Baku",
        "category": "Turizm_Bolgesi",
        "source_file": "07_turizm_bolgeleri"
      }
    },
    {
      "type": "Feature",
      "geometry": {
        "type": "Point",
        "coordinates": [
          49.8332387,
          40.3651592
        ]
      },
      "properties": {
        "name": "Şirvanşah oteli",
        "category": "Turizm_Bolgesi",
        "source_file": "07_turizm_bolgeleri"
      }
    },
    {
      "type": "Feature",
      "geometry": {
        "type": "Point",
        "coordinates": [
          49.8327684,
          40.3652028
        ]
      },
      "properties": {
        "name": "Qala Hotel",
        "category": "Turizm_Bolgesi",
        "source_file": "07_turizm_bolgeleri"
      }
    },
    {
      "type": "Feature",
      "geometry": {
        "type": "Point",
        "coordinates": [
          49.8329776,
          40.3652218
        ]
      },
      "properties": {
        "name": "Nuh\\`un gemisi oteli",
        "category": "Turizm_Bolgesi",
        "source_file": "07_turizm_bolgeleri"
      }
    },
    {
      "type": "Feature",
      "geometry": {
        "type": "Point",
        "coordinates": [
          49.8328686,
          40.3652306
        ]
      },
      "properties": {
        "name": "OLD STONE HOTEL",
        "category": "Turizm_Bolgesi",
        "source_file": "07_turizm_bolgeleri"
      }
    },
    {
      "type": "Feature",
      "geometry": {
        "type": "Point",
        "coordinates": [
          49.8324002,
          40.3651356
        ]
      },
      "properties": {
        "name": "",
        "category": "Turizm_Bolgesi",
        "source_file": "07_turizm_bolgeleri"
      }
    },
    {
      "type": "Feature",
      "geometry": {
        "type": "Point",
        "coordinates": [
          49.8324807,
          40.3651601
        ]
      },
      "properties": {
        "name": "La Casa Old City",
        "category": "Turizm_Bolgesi",
        "source_file": "07_turizm_bolgeleri"
      }
    },
    {
      "type": "Feature",
      "geometry": {
        "type": "Point",
        "coordinates": [
          49.8323669,
          40.3656274
        ]
      },
      "properties": {
        "name": "İçerişeher otel",
        "category": "Turizm_Bolgesi",
        "source_file": "07_turizm_bolgeleri"
      }
    },
    {
      "type": "Feature",
      "geometry": {
        "type": "Point",
        "coordinates": [
          49.834288,
          40.3662196
        ]
      },
      "properties": {
        "name": "Terrace Old City Hotel",
        "category": "Turizm_Bolgesi",
        "source_file": "07_turizm_bolgeleri"
      }
    },
    {
      "type": "Feature",
      "geometry": {
        "type": "Point",
        "coordinates": [
          49.8344264,
          40.3662345
        ]
      },
      "properties": {
        "name": "Iva Hotel Old City Baku",
        "category": "Turizm_Bolgesi",
        "source_file": "07_turizm_bolgeleri"
      }
    },
    {
      "type": "Feature",
      "geometry": {
        "type": "Point",
        "coordinates": [
          49.8345508,
          40.3662849
        ]
      },
      "properties": {
        "name": "Soffia Hotel",
        "category": "Turizm_Bolgesi",
        "source_file": "07_turizm_bolgeleri"
      }
    },
    {
      "type": "Feature",
      "geometry": {
        "type": "Point",
        "coordinates": [
          49.8364893,
          40.3665548
        ]
      },
      "properties": {
        "name": "Museum Inn",
        "category": "Turizm_Bolgesi",
        "source_file": "07_turizm_bolgeleri"
      }
    },
    {
      "type": "Feature",
      "geometry": {
        "type": "Point",
        "coordinates": [
          49.8363347,
          40.3662569
        ]
      },
      "properties": {
        "name": "Sultan Inn Boutique Hotel",
        "category": "Turizm_Bolgesi",
        "source_file": "07_turizm_bolgeleri"
      }
    },
    {
      "type": "Feature",
      "geometry": {
        "type": "Point",
        "coordinates": [
          49.8360262,
          40.3658568
        ]
      },
      "properties": {
        "name": "Deniz Inn",
        "category": "Turizm_Bolgesi",
        "source_file": "07_turizm_bolgeleri"
      }
    },
    {
      "type": "Feature",
      "geometry": {
        "type": "Point",
        "coordinates": [
          49.8357615,
          40.3658702
        ]
      },
      "properties": {
        "name": "West Inn Hotel Baku",
        "category": "Turizm_Bolgesi",
        "source_file": "07_turizm_bolgeleri"
      }
    },
    {
      "type": "Feature",
      "geometry": {
        "type": "Point",
        "coordinates": [
          49.8355302,
          40.3658152
        ]
      },
      "properties": {
        "name": "Caspian Pearl Boutique Hotel",
        "category": "Turizm_Bolgesi",
        "source_file": "07_turizm_bolgeleri"
      }
    },
    {
      "type": "Feature",
      "geometry": {
        "type": "Point",
        "coordinates": [
          49.8360088,
          40.3655711
        ]
      },
      "properties": {
        "name": "Old Castle Boutique Hotel",
        "category": "Turizm_Bolgesi",
        "source_file": "07_turizm_bolgeleri"
      }
    },
    {
      "type": "Feature",
      "geometry": {
        "type": "Point",
        "coordinates": [
          49.8359383,
          40.3653832
        ]
      },
      "properties": {
        "name": "Castello Inn Baku",
        "category": "Turizm_Bolgesi",
        "source_file": "07_turizm_bolgeleri"
      }
    },
    {
      "type": "Feature",
      "geometry": {
        "type": "Point",
        "coordinates": [
          49.8353845,
          40.366691
        ]
      },
      "properties": {
        "name": "Boyuk Gala Hotel",
        "category": "Turizm_Bolgesi",
        "source_file": "07_turizm_bolgeleri"
      }
    },
    {
      "type": "Feature",
      "geometry": {
        "type": "Point",
        "coordinates": [
          49.8359092,
          40.3664836
        ]
      },
      "properties": {
        "name": "Seven Rooms Boutique Hotel",
        "category": "Turizm_Bolgesi",
        "source_file": "07_turizm_bolgeleri"
      }
    },
    {
      "type": "Feature",
      "geometry": {
        "type": "Point",
        "coordinates": [
          49.8363668,
          40.36804
        ]
      },
      "properties": {
        "name": "Şah Sarayı otel",
        "category": "Turizm_Bolgesi",
        "source_file": "07_turizm_bolgeleri"
      }
    },
    {
      "type": "Feature",
      "geometry": {
        "type": "Point",
        "coordinates": [
          49.8378593,
          40.3666365
        ]
      },
      "properties": {
        "name": "Art Gallery Hotel",
        "category": "Turizm_Bolgesi",
        "source_file": "07_turizm_bolgeleri"
      }
    },
    {
      "type": "Feature",
      "geometry": {
        "type": "Point",
        "coordinates": [
          49.833809,
          40.3637346
        ]
      },
      "properties": {
        "name": "RestoranlarКафе Тандыр",
        "category": "Turizm_Bolgesi",
        "source_file": "07_turizm_bolgeleri"
      }
    },
    {
      "type": "Feature",
      "geometry": {
        "type": "Point",
        "coordinates": [
          49.8331352,
          40.3651551
        ]
      },
      "properties": {
        "name": "Natavan Restoran",
        "category": "Turizm_Bolgesi",
        "source_file": "07_turizm_bolgeleri"
      }
    },
    {
      "type": "Feature",
      "geometry": {
        "type": "Point",
        "coordinates": [
          49.8323794,
          40.3652641
        ]
      },
      "properties": {
        "name": "Ocag art cafe",
        "category": "Turizm_Bolgesi",
        "source_file": "07_turizm_bolgeleri"
      }
    },
    {
      "type": "Feature",
      "geometry": {
        "type": "Point",
        "coordinates": [
          49.8324253,
          40.3655333
        ]
      },
      "properties": {
        "name": "Muse Cafe",
        "category": "Turizm_Bolgesi",
        "source_file": "07_turizm_bolgeleri"
      }
    },
    {
      "type": "Feature",
      "geometry": {
        "type": "Point",
        "coordinates": [
          49.8329425,
          40.3659178
        ]
      },
      "properties": {
        "name": "Floors. The Housing Space.",
        "category": "Turizm_Bolgesi",
        "source_file": "07_turizm_bolgeleri"
      }
    },
    {
      "type": "Feature",
      "geometry": {
        "type": "Point",
        "coordinates": [
          49.8362989,
          40.3671285
        ]
      },
      "properties": {
        "name": "Coffee And Jazz",
        "category": "Turizm_Bolgesi",
        "source_file": "07_turizm_bolgeleri"
      }
    },
    {
      "type": "Feature",
      "geometry": {
        "type": "Point",
        "coordinates": [
          49.8361927,
          40.3669504
        ]
      },
      "properties": {
        "name": "Böyük Qala Restaurant",
        "category": "Turizm_Bolgesi",
        "source_file": "07_turizm_bolgeleri"
      }
    },
    {
      "type": "Feature",
      "geometry": {
        "type": "Point",
        "coordinates": [
          49.8364464,
          40.3664273
        ]
      },
      "properties": {
        "name": "Çay Bağı 145",
        "category": "Turizm_Bolgesi",
        "source_file": "07_turizm_bolgeleri"
      }
    },
    {
      "type": "Feature",
      "geometry": {
        "type": "Point",
        "coordinates": [
          49.8358907,
          40.3652058
        ]
      },
      "properties": {
        "name": "New Karavanseray ART GARDEN RESTORAN",
        "category": "Turizm_Bolgesi",
        "source_file": "07_turizm_bolgeleri"
      }
    },
    {
      "type": "Feature",
      "geometry": {
        "type": "Point",
        "coordinates": [
          49.8358726,
          40.3649923
        ]
      },
      "properties": {
        "name": "Han Restaurant Baku",
        "category": "Turizm_Bolgesi",
        "source_file": "07_turizm_bolgeleri"
      }
    },
    {
      "type": "Feature",
      "geometry": {
        "type": "Point",
        "coordinates": [
          49.8358414,
          40.3650926
        ]
      },
      "properties": {
        "name": "Shakh Garden",
        "category": "Turizm_Bolgesi",
        "source_file": "07_turizm_bolgeleri"
      }
    },
    {
      "type": "Feature",
      "geometry": {
        "type": "Point",
        "coordinates": [
          49.8366801,
          40.3657417
        ]
      },
      "properties": {
        "name": "Rast restourant lounge",
        "category": "Turizm_Bolgesi",
        "source_file": "07_turizm_bolgeleri"
      }
    },
    {
      "type": "Feature",
      "geometry": {
        "type": "Point",
        "coordinates": [
          49.8359889,
          40.3651007
        ]
      },
      "properties": {
        "name": "Tatell Baku",
        "category": "Turizm_Bolgesi",
        "source_file": "07_turizm_bolgeleri"
      }
    },
    {
      "type": "Feature",
      "geometry": {
        "type": "Point",
        "coordinates": [
          49.8352121,
          40.3655805
        ]
      },
      "properties": {
        "name": "Köhnə şəhər restoranı",
        "category": "Turizm_Bolgesi",
        "source_file": "07_turizm_bolgeleri"
      }
    },
    {
      "type": "Feature",
      "geometry": {
        "type": "Point",
        "coordinates": [
          49.8364157,
          40.3678197
        ]
      },
      "properties": {
        "name": "LaQuzu",
        "category": "Turizm_Bolgesi",
        "source_file": "07_turizm_bolgeleri"
      }
    },
    {
      "type": "Feature",
      "geometry": {
        "type": "Point",
        "coordinates": [
          49.8364869,
          40.3675971
        ]
      },
      "properties": {
        "name": "",
        "category": "Turizm_Bolgesi",
        "source_file": "07_turizm_bolgeleri"
      }
    },
    {
      "type": "Feature",
      "geometry": {
        "type": "Point",
        "coordinates": [
          49.8359697,
          40.368515
        ]
      },
      "properties": {
        "name": "Qaynana Restaurant",
        "category": "Turizm_Bolgesi",
        "source_file": "07_turizm_bolgeleri"
      }
    },
    {
      "type": "Feature",
      "geometry": {
        "type": "Point",
        "coordinates": [
          49.8357076,
          40.3685582
        ]
      },
      "properties": {
        "name": "Salam Baku Restaurant",
        "category": "Turizm_Bolgesi",
        "source_file": "07_turizm_bolgeleri"
      }
    },
    {
      "type": "Feature",
      "geometry": {
        "type": "Point",
        "coordinates": [
          49.8356913,
          40.3687309
        ]
      },
      "properties": {
        "name": "Manqal Old",
        "category": "Turizm_Bolgesi",
        "source_file": "07_turizm_bolgeleri"
      }
    },
    {
      "type": "Feature",
      "geometry": {
        "type": "Point",
        "coordinates": [
          49.8355151,
          40.3686749
        ]
      },
      "properties": {
        "name": "Sehrli Təndir",
        "category": "Turizm_Bolgesi",
        "source_file": "07_turizm_bolgeleri"
      }
    },
    {
      "type": "Feature",
      "geometry": {
        "type": "Point",
        "coordinates": [
          49.8352071,
          40.3686004
        ]
      },
      "properties": {
        "name": "Qala Divari",
        "category": "Turizm_Bolgesi",
        "source_file": "07_turizm_bolgeleri"
      }
    },
    {
      "type": "Feature",
      "geometry": {
        "type": "Point",
        "coordinates": [
          49.8349875,
          40.3645207
        ]
      },
      "properties": {
        "name": "Merci Baku",
        "category": "Turizm_Bolgesi",
        "source_file": "07_turizm_bolgeleri"
      }
    },
    {
      "type": "Feature",
      "geometry": {
        "type": "Point",
        "coordinates": [
          49.8378102,
          40.3669376
        ]
      },
      "properties": {
        "name": "Le Cafe",
        "category": "Turizm_Bolgesi",
        "source_file": "07_turizm_bolgeleri"
      }
    },
    {
      "type": "Feature",
      "geometry": {
        "type": "Point",
        "coordinates": [
          49.8335008,
          40.3677956
        ]
      },
      "properties": {
        "name": "Bürc Qala",
        "category": "Turizm_Bolgesi",
        "source_file": "07_turizm_bolgeleri"
      }
    },
    {
      "type": "Feature",
      "geometry": {
        "type": "Point",
        "coordinates": [
          49.8333034,
          40.3676411
        ]
      },
      "properties": {
        "name": "Gabala Old City Restaurant",
        "category": "Turizm_Bolgesi",
        "source_file": "07_turizm_bolgeleri"
      }
    },
    {
      "type": "Feature",
      "geometry": {
        "type": "Point",
        "coordinates": [
          49.8325567,
          40.3669801
        ]
      },
      "properties": {
        "name": "Taksim Kebap İçeri Şeher",
        "category": "Turizm_Bolgesi",
        "source_file": "07_turizm_bolgeleri"
      }
    },
    {
      "type": "Feature",
      "geometry": {
        "type": "Point",
        "coordinates": [
          49.8337918,
          40.3641127
        ]
      },
      "properties": {
        "name": "Old City Coffee",
        "category": "Turizm_Bolgesi",
        "source_file": "07_turizm_bolgeleri"
      }
    },
    {
      "type": "Feature",
      "geometry": {
        "type": "Point",
        "coordinates": [
          49.8375133,
          40.365778
        ]
      },
      "properties": {
        "name": "Caffe Giusto (Maiden Tower)",
        "category": "Turizm_Bolgesi",
        "source_file": "07_turizm_bolgeleri"
      }
    },
    {
      "type": "Feature",
      "geometry": {
        "type": "Point",
        "coordinates": [
          49.8336098,
          40.3679219
        ]
      },
      "properties": {
        "name": "Ciz Biz Resturant",
        "category": "Turizm_Bolgesi",
        "source_file": "07_turizm_bolgeleri"
      }
    },
    {
      "type": "Feature",
      "geometry": {
        "type": "Point",
        "coordinates": [
          49.8328155,
          40.3672576
        ]
      },
      "properties": {
        "name": "Xanliq restaurant",
        "category": "Turizm_Bolgesi",
        "source_file": "07_turizm_bolgeleri"
      }
    },
    {
      "type": "Feature",
      "geometry": {
        "type": "Point",
        "coordinates": [
          49.8328681,
          40.3648011
        ]
      },
      "properties": {
        "name": "CamilerGileyli Məscidi (Cömert Geray camii)",
        "category": "Turizm_Bolgesi",
        "source_file": "07_turizm_bolgeleri"
      }
    },
    {
      "type": "Feature",
      "geometry": {
        "type": "Point",
        "coordinates": [
          49.8330144,
          40.3660854
        ]
      },
      "properties": {
        "name": "Şah Məscidi (Shah Mosque)",
        "category": "Turizm_Bolgesi",
        "source_file": "07_turizm_bolgeleri"
      }
    },
    {
      "type": "Feature",
      "geometry": {
        "type": "Point",
        "coordinates": [
          49.8326269,
          40.3659377
        ]
      },
      "properties": {
        "name": "Çin Camii",
        "category": "Turizm_Bolgesi",
        "source_file": "07_turizm_bolgeleri"
      }
    },
    {
      "type": "Feature",
      "geometry": {
        "type": "Point",
        "coordinates": [
          49.833526,
          40.365901
        ]
      },
      "properties": {
        "name": "Seyid Yahya Bakuvi Türbesi",
        "category": "Turizm_Bolgesi",
        "source_file": "07_turizm_bolgeleri"
      }
    },
    {
      "type": "Feature",
      "geometry": {
        "type": "Point",
        "coordinates": [
          49.8344082,
          40.3661225
        ]
      },
      "properties": {
        "name": "Beyler camii",
        "category": "Turizm_Bolgesi",
        "source_file": "07_turizm_bolgeleri"
      }
    },
    {
      "type": "Feature",
      "geometry": {
        "type": "Point",
        "coordinates": [
          49.8357382,
          40.3654211
        ]
      },
      "properties": {
        "name": "Cuma Camii",
        "category": "Turizm_Bolgesi",
        "source_file": "07_turizm_bolgeleri"
      }
    },
    {
      "type": "Feature",
      "geometry": {
        "type": "Point",
        "coordinates": [
          49.8373241,
          40.3658344
        ]
      },
      "properties": {
        "name": "Lezgi Camii",
        "category": "Turizm_Bolgesi",
        "source_file": "07_turizm_bolgeleri"
      }
    },
    {
      "type": "Feature",
      "geometry": {
        "type": "Point",
        "coordinates": [
          49.8356522,
          40.3677846
        ]
      },
      "properties": {
        "name": "Molla Ahmet Camii",
        "category": "Turizm_Bolgesi",
        "source_file": "07_turizm_bolgeleri"
      }
    },
    {
      "type": "Feature",
      "geometry": {
        "type": "Point",
        "coordinates": [
          49.834159,
          40.3650515
        ]
      },
      "properties": {
        "name": "Hızır Camii",
        "category": "Turizm_Bolgesi",
        "source_file": "07_turizm_bolgeleri"
      }
    },
    {
      "type": "Feature",
      "geometry": {
        "type": "Point",
        "coordinates": [
          49.8346935,
          40.3653952
        ]
      },
      "properties": {
        "name": "Muhammet Camii",
        "category": "Turizm_Bolgesi",
        "source_file": "07_turizm_bolgeleri"
      }
    },
    {
      "type": "Feature",
      "geometry": {
        "type": "Point",
        "coordinates": [
          49.833472,
          40.3661446
        ]
      },
      "properties": {
        "name": "Keigubad Camii",
        "category": "Turizm_Bolgesi",
        "source_file": "07_turizm_bolgeleri"
      }
    },
    {
      "type": "Feature",
      "geometry": {
        "type": "Point",
        "coordinates": [
          49.8353139,
          40.364757
        ]
      },
      "properties": {
        "name": "Sayyid Yahya Murtuza Mosque",
        "category": "Turizm_Bolgesi",
        "source_file": "07_turizm_bolgeleri"
      }
    },
    {
      "type": "Feature",
      "geometry": {
        "type": "Point",
        "coordinates": [
          49.8368832,
          40.365833
        ]
      },
      "properties": {
        "name": "Tanrı\\`nın kutsal annesi kilisesi",
        "category": "Turizm_Bolgesi",
        "source_file": "07_turizm_bolgeleri"
      }
    },
    {
      "type": "Feature",
      "geometry": {
        "type": "Point",
        "coordinates": [
          49.8339331,
          40.3637063
        ]
      },
      "properties": {
        "name": "Tarıhı unsurlarSalyan Kapısı",
        "category": "Turizm_Bolgesi",
        "source_file": "07_turizm_bolgeleri"
      }
    },
    {
      "type": "Feature",
      "geometry": {
        "type": "Point",
        "coordinates": [
          49.8335076,
          40.3637993
        ]
      },
      "properties": {
        "name": "14.yüzyıl Sufi hanegahı",
        "category": "Turizm_Bolgesi",
        "source_file": "07_turizm_bolgeleri"
      }
    },
    {
      "type": "Feature",
      "geometry": {
        "type": "Point",
        "coordinates": [
          49.8331639,
          40.3640095
        ]
      },
      "properties": {
        "name": "Filarmoni Duvar Saati",
        "category": "Turizm_Bolgesi",
        "source_file": "07_turizm_bolgeleri"
      }
    },
    {
      "type": "Feature",
      "geometry": {
        "type": "Point",
        "coordinates": [
          49.8321172,
          40.3659114
        ]
      },
      "properties": {
        "name": "Tekkale Kapısı",
        "category": "Turizm_Bolgesi",
        "source_file": "07_turizm_bolgeleri"
      }
    },
    {
      "type": "Feature",
      "geometry": {
        "type": "Point",
        "coordinates": [
          49.8322918,
          40.3659707
        ]
      },
      "properties": {
        "name": "Aliağa Vahid heykeli",
        "category": "Turizm_Bolgesi",
        "source_file": "07_turizm_bolgeleri"
      }
    },
    {
      "type": "Feature",
      "geometry": {
        "type": "Point",
        "coordinates": [
          49.8338318,
          40.3660192
        ]
      },
      "properties": {
        "name": "Murat Kapısı",
        "category": "Turizm_Bolgesi",
        "source_file": "07_turizm_bolgeleri"
      }
    },
    {
      "type": "Feature",
      "geometry": {
        "type": "Point",
        "coordinates": [
          49.8372794,
          40.3662377
        ]
      },
      "properties": {
        "name": "Kız Kalesi",
        "category": "Turizm_Bolgesi",
        "source_file": "07_turizm_bolgeleri"
      }
    },
    {
      "type": "Feature",
      "geometry": {
        "type": "Point",
        "coordinates": [
          49.8365301,
          40.3686325
        ]
      },
      "properties": {
        "name": "Bakü hanlarının sarayı kompleksi",
        "category": "Turizm_Bolgesi",
        "source_file": "07_turizm_bolgeleri"
      }
    },
    {
      "type": "Feature",
      "geometry": {
        "type": "Point",
        "coordinates": [
          49.832828,
          40.3661967
        ]
      },
      "properties": {
        "name": "Şirvanşahların Mezarı",
        "category": "Turizm_Bolgesi",
        "source_file": "07_turizm_bolgeleri"
      }
    },
    {
      "type": "Feature",
      "geometry": {
        "type": "Point",
        "coordinates": [
          49.8329172,
          40.364101
        ]
      },
      "properties": {
        "name": "Ağa Mikail Kulesi",
        "category": "Turizm_Bolgesi",
        "source_file": "07_turizm_bolgeleri"
      }
    },
    {
      "type": "Feature",
      "geometry": {
        "type": "Point",
        "coordinates": [
          49.8368338,
          40.3664248
        ]
      },
      "properties": {
        "name": "Bazar Meydanı",
        "category": "Turizm_Bolgesi",
        "source_file": "07_turizm_bolgeleri"
      }
    },
    {
      "type": "Feature",
      "geometry": {
        "type": "Point",
        "coordinates": [
          49.8364705,
          40.3687387
        ]
      },
      "properties": {
        "name": "Sağ Şamakhı Kulesi",
        "category": "Turizm_Bolgesi",
        "source_file": "07_turizm_bolgeleri"
      }
    },
    {
      "type": "Feature",
      "geometry": {
        "type": "Point",
        "coordinates": [
          49.837036,
          40.3667409
        ]
      },
      "properties": {
        "name": "KervansaraylarBuhara Kervansarayı",
        "category": "Turizm_Bolgesi",
        "source_file": "07_turizm_bolgeleri"
      }
    },
    {
      "type": "Feature",
      "geometry": {
        "type": "Point",
        "coordinates": [
          49.8357412,
          40.3651562
        ]
      },
      "properties": {
        "name": "Küçük Kervansaray",
        "category": "Turizm_Bolgesi",
        "source_file": "07_turizm_bolgeleri"
      }
    },
    {
      "type": "Feature",
      "geometry": {
        "type": "Point",
        "coordinates": [
          49.8372781,
          40.3671202
        ]
      },
      "properties": {
        "name": "Multani Karvansarayi",
        "category": "Turizm_Bolgesi",
        "source_file": "07_turizm_bolgeleri"
      }
    },
    {
      "type": "Feature",
      "geometry": {
        "type": "Point",
        "coordinates": [
          49.837225,
          40.3661462
        ]
      },
      "properties": {
        "name": "Hedıyelik eşya dükkanlarıEl sanatları mağazaları",
        "category": "Turizm_Bolgesi",
        "source_file": "07_turizm_bolgeleri"
      }
    },
    {
      "type": "Feature",
      "geometry": {
        "type": "Point",
        "coordinates": [
          49.8370485,
          40.3663214
        ]
      },
      "properties": {
        "name": "Benzersiz Halılar Butiki",
        "category": "Turizm_Bolgesi",
        "source_file": "07_turizm_bolgeleri"
      }
    },
    {
      "type": "Feature",
      "geometry": {
        "type": "Point",
        "coordinates": [
          49.8372779,
          40.3665081
        ]
      },
      "properties": {
        "name": "Uçan Halılar Butiki",
        "category": "Turizm_Bolgesi",
        "source_file": "07_turizm_bolgeleri"
      }
    },
    {
      "type": "Feature",
      "geometry": {
        "type": "Point",
        "coordinates": [
          49.8362729,
          40.3668069
        ]
      },
      "properties": {
        "name": "Tebriz halıları",
        "category": "Turizm_Bolgesi",
        "source_file": "07_turizm_bolgeleri"
      }
    },
    {
      "type": "Feature",
      "geometry": {
        "type": "Point",
        "coordinates": [
          49.8368758,
          40.3674716
        ]
      },
      "properties": {
        "name": "Kardeşler Halı Dükanı",
        "category": "Turizm_Bolgesi",
        "source_file": "07_turizm_bolgeleri"
      }
    },
    {
      "type": "Feature",
      "geometry": {
        "type": "Point",
        "coordinates": [
          49.8350422,
          40.365676
        ]
      },
      "properties": {
        "name": "Hillside Şarap butiği",
        "category": "Turizm_Bolgesi",
        "source_file": "07_turizm_bolgeleri"
      }
    },
    {
      "type": "Feature",
      "geometry": {
        "type": "Point",
        "coordinates": [
          49.8356444,
          40.3650727
        ]
      },
      "properties": {
        "name": "İçerişeher “ABAD” sergi-satış merkezi",
        "category": "Turizm_Bolgesi",
        "source_file": "07_turizm_bolgeleri"
      }
    },
    {
      "type": "Feature",
      "geometry": {
        "type": "Point",
        "coordinates": [
          49.8345004,
          40.3645598
        ]
      },
      "properties": {
        "name": "Buta Hediyelik Eşya",
        "category": "Turizm_Bolgesi",
        "source_file": "07_turizm_bolgeleri"
      }
    },
    {
      "type": "Feature",
      "geometry": {
        "type": "Point",
        "coordinates": [
          45.408213,
          39.206297
        ]
      },
      "properties": {
        "name": "Naxçıvannormal",
        "category": "Destinasyon",
        "source_file": "08_destinasyonlar"
      }
    },
    {
      "type": "Feature",
      "geometry": {
        "type": "Point",
        "coordinates": [
          45.406714,
          39.215211
        ]
      },
      "properties": {
        "name": "MüzelerHeydər Əliyev Muzeyi",
        "category": "Destinasyon",
        "source_file": "08_destinasyonlar"
      }
    },
    {
      "type": "Feature",
      "geometry": {
        "type": "Point",
        "coordinates": [
          45.405681,
          39.213878
        ]
      },
      "properties": {
        "name": "Ədəbiyyat Muzeyi",
        "category": "Destinasyon",
        "source_file": "08_destinasyonlar"
      }
    },
    {
      "type": "Feature",
      "geometry": {
        "type": "Point",
        "coordinates": [
          45.408535,
          39.200976
        ]
      },
      "properties": {
        "name": "Xatirə Muzeyi",
        "category": "Destinasyon",
        "source_file": "08_destinasyonlar"
      }
    },
    {
      "type": "Feature",
      "geometry": {
        "type": "Point",
        "coordinates": [
          45.412461,
          39.197017
        ]
      },
      "properties": {
        "name": "Naxçıvan Qala Tarix Memarlıq Abidəsi",
        "category": "Destinasyon",
        "source_file": "08_destinasyonlar"
      }
    },
    {
      "type": "Feature",
      "geometry": {
        "type": "Point",
        "coordinates": [
          45.406172,
          39.205038
        ]
      },
      "properties": {
        "name": "Mümine Hatun Türbesi",
        "category": "Destinasyon",
        "source_file": "08_destinasyonlar"
      }
    },
    {
      "type": "Feature",
      "geometry": {
        "type": "Point",
        "coordinates": [
          45.408207,
          39.201674
        ]
      },
      "properties": {
        "name": "Türk şəhidləri abidəsi",
        "category": "Destinasyon",
        "source_file": "08_destinasyonlar"
      }
    },
    {
      "type": "Feature",
      "geometry": {
        "type": "Point",
        "coordinates": [
          45.412357,
          39.1959
        ]
      },
      "properties": {
        "name": "",
        "category": "Destinasyon",
        "source_file": "08_destinasyonlar"
      }
    },
    {
      "type": "Feature",
      "geometry": {
        "type": "Point",
        "coordinates": [
          45.405358,
          39.203971
        ]
      },
      "properties": {
        "name": "",
        "category": "Destinasyon",
        "source_file": "08_destinasyonlar"
      }
    },
    {
      "type": "Feature",
      "geometry": {
        "type": "Point",
        "coordinates": [
          45.406298,
          39.205368
        ]
      },
      "properties": {
        "name": "The museum under Open Air",
        "category": "Destinasyon",
        "source_file": "08_destinasyonlar"
      }
    },
    {
      "type": "Feature",
      "geometry": {
        "type": "Point",
        "coordinates": [
          45.412461,
          39.197017
        ]
      },
      "properties": {
        "name": "Naxçıvan Qala Tarix Memarlıq Abidəsi",
        "category": "Destinasyon",
        "source_file": "08_destinasyonlar"
      }
    },
    {
      "type": "Feature",
      "geometry": {
        "type": "Point",
        "coordinates": [
          45.407789,
          39.214394
        ]
      },
      "properties": {
        "name": "Nakhchivan State Carpet Museum",
        "category": "Destinasyon",
        "source_file": "08_destinasyonlar"
      }
    },
    {
      "type": "Feature",
      "geometry": {
        "type": "Point",
        "coordinates": [
          45.409111,
          39.210243
        ]
      },
      "properties": {
        "name": "Restoranlar17 Heydər Əliyev Prospekti",
        "category": "Destinasyon",
        "source_file": "08_destinasyonlar"
      }
    },
    {
      "type": "Feature",
      "geometry": {
        "type": "Point",
        "coordinates": [
          45.412601,
          39.201462
        ]
      },
      "properties": {
        "name": "Osmanlı Sofrası",
        "category": "Destinasyon",
        "source_file": "08_destinasyonlar"
      }
    },
    {
      "type": "Feature",
      "geometry": {
        "type": "Point",
        "coordinates": [
          45.408227,
          39.200912
        ]
      },
      "properties": {
        "name": "4 FƏSİL Restaurant",
        "category": "Destinasyon",
        "source_file": "08_destinasyonlar"
      }
    },
    {
      "type": "Feature",
      "geometry": {
        "type": "Point",
        "coordinates": [
          45.412456,
          39.194847
        ]
      },
      "properties": {
        "name": "NUH YURDU RESTORANI",
        "category": "Destinasyon",
        "source_file": "08_destinasyonlar"
      }
    },
    {
      "type": "Feature",
      "geometry": {
        "type": "Point",
        "coordinates": [
          45.405721,
          39.207698
        ]
      },
      "properties": {
        "name": "BAZAR GÖLÜ Kafesi",
        "category": "Destinasyon",
        "source_file": "08_destinasyonlar"
      }
    },
    {
      "type": "Feature",
      "geometry": {
        "type": "Point",
        "coordinates": [
          45.417282,
          39.19897
        ]
      },
      "properties": {
        "name": "Kosebasi Naxcivan",
        "category": "Destinasyon",
        "source_file": "08_destinasyonlar"
      }
    },
    {
      "type": "Feature",
      "geometry": {
        "type": "Point",
        "coordinates": [
          45.433103,
          39.208527
        ]
      },
      "properties": {
        "name": "Hesko söyüdlük aile restorani",
        "category": "Destinasyon",
        "source_file": "08_destinasyonlar"
      }
    },
    {
      "type": "Feature",
      "geometry": {
        "type": "Point",
        "coordinates": [
          45.441485,
          39.219104
        ]
      },
      "properties": {
        "name": "4 FƏSİL restaurant",
        "category": "Destinasyon",
        "source_file": "08_destinasyonlar"
      }
    }
  ]
}