{
"type": "FeatureCollection",
"name": "aze_admin0",
"crs": { "type": "name", "properties": { "name": "urn:ogc:def:crs:OGC:1.3:CRS84" } },
"features": [
{ "type": "Feature", "properties": { "iso2": "AZ", "iso3": "AZE", "adm0_name": "Azerbaijan", "adm0_name1": "Azərbaycan", "adm0_name2": null, "adm0_name3": null, "adm0_pcode": "AZ", "valid_on": "2023-10-17", "valid_to": null, "version": "v01", "area_sqkm": 86234.667507990001, "lang": "en", "lang1": "az", "lang2": null, "lang3": null, "center_lat": 40.14853478, "center_lon": 47.71109211 }, "geometry": { "type": "MultiPolygon", "coordinates": [ [ [ [ 46.471508027000027, 41.886047363000159 ], [ 46.458900452000023, 41.887134552000134 ], [ 46.458091736000085, 41.887203217000035 ], [ 46.442600251000044, 41.889335632000154 ], [ 46.430904389000091, 41.894664764000026 ], [ 46.425464631000125, 41.901477814000089 ], [ 46.425388337000015, 41.90157318100006 ], [ 46.418003083000031, 41.905624390000185 ], [ 46.414745331000177, 41.879627228000174 ], [ 46.409751893000191, 41.867412567000144 ], [ 46.399013520000096, 41.851028442000143 ], [ 46.393154145000153, 41.845027924000192 ], [ 46.376823426000158, 41.832481384000175 ], [ 46.361179352000192, 41.826557159000174 ], [ 46.339431763000164, 41.815547943000183 ], [ 46.295867920000148, 41.786193848000153 ], [ 46.290344239000092, 41.780406952000078 ], [ 46.288410187000125, 41.774124146000133 ], [ 46.288108826000155, 41.773147583000082 ], [ 46.289665223000043, 41.768058777000022 ], [ 46.290657044000113, 41.756507874000079 ], [ 46.289642334000177, 41.751510620000147 ], [ 46.288249970000095, 41.744647980000025 ], [ 46.271640778, 41.718524933000026 ], [ 46.273338318000128, 41.710372925000172 ], [ 46.250915528000121, 41.667636871000184 ], [ 46.247806549000188, 41.654754639000089 ], [ 46.25096893400007, 41.644359589000146 ], [ 46.258419037000181, 41.633178711000141 ], [ 46.271202088000166, 41.624923706000061 ], [ 46.271484375000114, 41.624877929999968 ], [ 46.274440766000055, 41.622837067000148 ], [ 46.271522522000168, 41.61528015100015 ], [ 46.268581391000112, 41.607883453000113 ], [ 46.29805374200015, 41.598300934000122 ], [ 46.302589417000036, 41.591835022000168 ], [ 46.30586624200015, 41.586647034000066 ], [ 46.301506043000074, 41.578128815000071 ], [ 46.303882599000076, 41.567317963000164 ], [ 46.303947449000134, 41.567222595000089 ], [ 46.308414460000165, 41.560417175000111 ], [ 46.310867310000049, 41.55606460600012 ], [ 46.31557846100003, 41.551963806000117 ], [ 46.315670014000091, 41.551876068000126 ], [ 46.322498322000172, 41.545093536000081 ], [ 46.325073243000134, 41.541687012000125 ], [ 46.338317872000061, 41.527893066000104 ], [ 46.340553284000123, 41.519107819 ], [ 46.337928772000055, 41.504760741999974 ], [ 46.342197419000172, 41.498924255000134 ], [ 46.351867676000154, 41.492645264000146 ], [ 46.385681153, 41.48327636700003 ], [ 46.396160126000098, 41.479850769000109 ], [ 46.410026551000158, 41.475143433000028 ], [ 46.411453247000054, 41.474731445000032 ], [ 46.413043976000154, 41.470558167000036 ], [ 46.413433075000114, 41.461383820000094 ], [ 46.416091919, 41.459926605000078 ], [ 46.438560486000029, 41.458980560000043 ], [ 46.444808960000103, 41.456489563000048 ], [ 46.453845978000174, 41.449554443000181 ], [ 46.46200943000008, 41.438068390000069 ], [ 46.469654084000183, 41.433471680000082 ], [ 46.488849640000012, 41.423454285000162 ], [ 46.5035438540001, 41.419769287000122 ], [ 46.520580292000147, 41.414630890000126 ], [ 46.5367469790001, 41.410205841000163 ], [ 46.561248780000142, 41.402751923000039 ], [ 46.562263489000145, 41.402217865000068 ], [ 46.563667298000041, 41.398090363000165 ], [ 46.571151734000068, 41.395881653000174 ], [ 46.586841584000069, 41.392490387000066 ], [ 46.593654633000085, 41.390811920000033 ], [ 46.594944000999988, 41.38820266700003 ], [ 46.598991394000109, 41.386058807000097 ], [ 46.599765778000062, 41.388629913000045 ], [ 46.602645874000189, 41.392715454000154 ], [ 46.606079102000194, 41.392650604000096 ], [ 46.609409333000144, 41.389488220000089 ], [ 46.60860443200005, 41.385879517000035 ], [ 46.606407166000167, 41.381782532000045 ], [ 46.606956482000157, 41.377635956000177 ], [ 46.612449646000073, 41.377532959000064 ], [ 46.616649628000118, 41.380043030000024 ], [ 46.619308472000057, 41.377407074000075 ], [ 46.621250153000176, 41.373748779000152 ], [ 46.626018525, 41.372623444 ], [ 46.629692078000119, 41.379795074000128 ], [ 46.635112763, 41.377624512000125 ], [ 46.637477875000116, 41.374214172 ], [ 46.638385773000095, 41.372909546000074 ], [ 46.636207581000178, 41.36932754500009 ], [ 46.633308411000144, 41.364730835000046 ], [ 46.628452301000152, 41.363269806000062 ], [ 46.623634339000091, 41.362842560000047 ], [ 46.621379853000064, 41.360431671000129 ], [ 46.620784760000163, 41.359794617000034 ], [ 46.620014191000053, 41.357219696000072 ], [ 46.627376557000105, 41.35606765700004 ], [ 46.627525330000083, 41.356044769000107 ], [ 46.632328034000068, 41.355953217000149 ], [ 46.6376800540001, 41.351715088000049 ], [ 46.640491485999974, 41.353733063000107 ], [ 46.642669678000118, 41.357311249000077 ], [ 46.642124176000095, 41.361457825000173 ], [ 46.642982483000139, 41.366615295000031 ], [ 46.64442443900009, 41.368656158000022 ], [ 46.649192810000159, 41.367530823000095 ], [ 46.651748658000088, 41.361793518000127 ], [ 46.651432038000166, 41.352489471000069 ], [ 46.647865296000077, 41.348419189000083 ], [ 46.650573731000122, 41.347332001000041 ], [ 46.656097413000111, 41.348262787000124 ], [ 46.658786774000134, 41.346660613999973 ], [ 46.659332276000157, 41.342510223000033 ], [ 46.657802582000045, 41.337886810000043 ], [ 46.658405304000155, 41.335289001000149 ], [ 46.665225983000084, 41.334121704000097 ], [ 46.670745850000174, 41.33505249000018 ], [ 46.675601960000165, 41.336509705000083 ], [ 46.680366517000152, 41.335384369000053 ], [ 46.681648255000141, 41.33277130099998 ], [ 46.678131104000158, 41.330253601000038 ], [ 46.679363251000098, 41.326091766000047 ], [ 46.681983948000095, 41.322422028000176 ], [ 46.680042267000147, 41.317146301000037 ], [ 46.679714203000174, 41.316261292000092 ], [ 46.683650971000077, 41.31101226800007 ], [ 46.686771393000186, 41.308784485000047 ], [ 46.690345765000188, 41.30622863800005 ], [ 46.691612244000055, 41.303100586000028 ], [ 46.690101624000135, 41.300281525000116 ], [ 46.689414978000173, 41.299003601000095 ], [ 46.690307618000134, 41.298736572000109 ], [ 46.692111969000109, 41.29819107100019 ], [ 46.715591431000178, 41.296726227000136 ], [ 46.721023560000106, 41.291271210000048 ], [ 46.721359253000116, 41.286907196000129 ], [ 46.716560364000145, 41.28295135500008 ], [ 46.706916809000063, 41.27916336100003 ], [ 46.700248719000115, 41.271823883000081 ], [ 46.696826935000161, 41.268058777000135 ], [ 46.691108704000158, 41.263904572000058 ], [ 46.690162659000123, 41.243549347000112 ], [ 46.672664643000076, 41.230182648000039 ], [ 46.668876648000094, 41.222751617000029 ], [ 46.661842347000061, 41.216808319000165 ], [ 46.651409150000063, 41.20479965200019 ], [ 46.653537751000044, 41.194877625000174 ], [ 46.659187317000146, 41.18804168700018 ], [ 46.662178040000072, 41.182441711000081 ], [ 46.658458710000161, 41.179889679000155 ], [ 46.658458710000161, 41.168155670000147 ], [ 46.651939393000134, 41.165546417000144 ], [ 46.648677825999982, 41.157722473000092 ], [ 46.650344849000192, 41.132194519000166 ], [ 46.65063476600011, 41.127735138000048 ], [ 46.643463135000104, 41.119262695000089 ], [ 46.642810822000058, 41.112091064000083 ], [ 46.638248444000055, 41.107524872000113 ], [ 46.646072388000107, 41.094486237000183 ], [ 46.644824982000102, 41.091770172000054 ], [ 46.638900757000101, 41.078842163000047 ], [ 46.631729126000096, 41.072322845000087 ], [ 46.626064301000099, 41.065727234000178 ], [ 46.627166748000093, 41.061893463000104 ], [ 46.623905182000044, 41.056678772000055 ], [ 46.611804963000111, 41.065067291000162 ], [ 46.595039368000187, 41.062885284 ], [ 46.568351746000019, 41.061717987000179 ], [ 46.54957199100005, 41.056163788000049 ], [ 46.53350448600014, 41.050285339000141 ], [ 46.518264771000133, 41.048267365000129 ], [ 46.495059967000088, 41.044452666999973 ], [ 46.466598511000086, 41.03851318400018 ], [ 46.448604584000122, 41.051689148000037 ], [ 46.430328370000154, 41.065334320000147 ], [ 46.422183991000111, 41.07635498000019 ], [ 46.420581818000187, 41.082725525000171 ], [ 46.420207978000121, 41.084205627000074 ], [ 46.413951874000134, 41.09127426200007 ], [ 46.410644532000049, 41.091609955000024 ], [ 46.406978608000145, 41.091041565000069 ], [ 46.404693604000045, 41.088668823000035 ], [ 46.402481080000143, 41.08637619000018 ], [ 46.393798829000048, 41.08802795400004 ], [ 46.388374329000101, 41.088428497000052 ], [ 46.384120942000152, 41.08810424800015 ], [ 46.377349853999988, 41.086029053000118 ], [ 46.37318420500003, 41.087306976000093 ], [ 46.368232727000134, 41.096164703000113 ], [ 46.362972260000049, 41.099536896000188 ], [ 46.345943451000153, 41.103507996000133 ], [ 46.340358735000109, 41.11192703200004 ], [ 46.318176270000151, 41.121318817000031 ], [ 46.313591004000159, 41.126041412000063 ], [ 46.302558899000132, 41.129131317000031 ], [ 46.273475647000055, 41.139877319000107 ], [ 46.261985779000099, 41.156944275 ], [ 46.24543380800003, 41.175765991000162 ], [ 46.237216950000175, 41.175102234000065 ], [ 46.224903107000159, 41.177078247000054 ], [ 46.196796418000133, 41.184104919000049 ], [ 46.188663483000141, 41.185035706000065 ], [ 46.1525077820001, 41.183135986000082 ], [ 46.146270752000078, 41.185607910000158 ], [ 46.139842987000179, 41.190147400000058 ], [ 46.128234864000092, 41.199634552000191 ], [ 46.121242524000081, 41.205348969000056 ], [ 46.102554322000174, 41.201545715000179 ], [ 46.095832825000116, 41.183021545000088 ], [ 46.095485688000053, 41.182060242000034 ], [ 46.092937470000095, 41.18097686800013 ], [ 46.081855774000132, 41.176269531000116 ], [ 46.080970765000188, 41.17652130100015 ], [ 46.065731049000078, 41.180858612000122 ], [ 46.05339813300003, 41.182586670000092 ], [ 46.027587891000167, 41.181491852000079 ], [ 46.00525665300006, 41.183269500999984 ], [ 45.9960670480001, 41.181236266999974 ], [ 45.976253510000106, 41.178817749000075 ], [ 45.962966919000053, 41.179645538000102 ], [ 45.957653046000132, 41.179920197000172 ], [ 45.953296662000128, 41.180145264000032 ], [ 45.943916321000131, 41.180404663000104 ], [ 45.934959412000069, 41.18422699000007 ], [ 45.918094635000102, 41.191417694000165 ], [ 45.896972657000049, 41.205730438000103 ], [ 45.873779297000169, 41.215061188000107 ], [ 45.85678863600009, 41.221012116000111 ], [ 45.844776154000044, 41.223396301000093 ], [ 45.820793152000022, 41.222660065000127 ], [ 45.820205689000034, 41.222747803000118 ], [ 45.806041718000017, 41.224880219000113 ], [ 45.78749466000005, 41.230175018000068 ], [ 45.778602601000159, 41.235538483000028 ], [ 45.777172089000089, 41.236400604000039 ], [ 45.770923615000186, 41.24006652800017 ], [ 45.767127991000052, 41.242156982000097 ], [ 45.745372773000156, 41.250286102000189 ], [ 45.730484009000179, 41.257785797000111 ], [ 45.717239380000024, 41.264759064000032 ], [ 45.703308106000065, 41.279113770000095 ], [ 45.690917969000111, 41.292724609000118 ], [ 45.680484772000057, 41.304367065000122 ], [ 45.680408478000174, 41.304450989000145 ], [ 45.676544190000186, 41.309783936000031 ], [ 45.676475525000058, 41.309875488000159 ], [ 45.676696778000178, 41.31315231300016 ], [ 45.676704406999988, 41.313285828000062 ], [ 45.677001954000048, 41.31373977700008 ], [ 45.679637909000064, 41.317607880000082 ], [ 45.685047150000116, 41.318485260000045 ], [ 45.690238953000062, 41.324203491000048 ], [ 45.690288544000168, 41.324291229000039 ], [ 45.695060730000137, 41.332401276000041 ], [ 45.695163727000192, 41.332462311000029 ], [ 45.701370240000131, 41.336059570000032 ], [ 45.701450348000151, 41.336143494000055 ], [ 45.705482483000083, 41.34035873400012 ], [ 45.709808350000174, 41.341831206999984 ], [ 45.709907532000045, 41.341865540000072 ], [ 45.71508789100011, 41.342712402000188 ], [ 45.718055726000102, 41.343013763000158 ], [ 45.730529786000147, 41.343078612999989 ], [ 45.732822419, 41.343700409000121 ], [ 45.735736847000112, 41.344390869000051 ], [ 45.738033295000037, 41.347034454000038 ], [ 45.736637116000054, 41.350139618000071 ], [ 45.727901459000179, 41.356868744000167 ], [ 45.727798462000067, 41.356948853000119 ], [ 45.721328735999975, 41.361476898000035 ], [ 45.715240479000101, 41.366847991999975 ], [ 45.709472657, 41.367126465000013 ], [ 45.697528840000075, 41.361537933000193 ], [ 45.688457489000086, 41.35733795200008 ], [ 45.688331604000041, 41.357345581000061 ], [ 45.686275483000031, 41.357456207000155 ], [ 45.681091309000067, 41.357910156000173 ], [ 45.671157837000123, 41.36046600300017 ], [ 45.660522461000141, 41.365295410000158 ], [ 45.644382477000192, 41.372638702000017 ], [ 45.64428329500015, 41.37265777600004 ], [ 45.63320160000012, 41.374691010000049 ], [ 45.618133545000092, 41.373687744000165 ], [ 45.615528107000159, 41.373512268000184 ], [ 45.597427369000172, 41.369606018000127 ], [ 45.589111329000048, 41.371704102000137 ], [ 45.580688477000194, 41.374511719000054 ], [ 45.575080872000115, 41.377696991000164 ], [ 45.569763184000124, 41.382453918000181 ], [ 45.567279816000166, 41.393486023000037 ], [ 45.566421509000122, 41.397377014000028 ], [ 45.563083649000191, 41.402763367000091 ], [ 45.561641694000173, 41.405670166000164 ], [ 45.549636841000108, 41.409912109000061 ], [ 45.548210144000109, 41.410320282000157 ], [ 45.548133851000102, 41.410194397000112 ], [ 45.514949799000135, 41.41646194499998 ], [ 45.495700837000186, 41.421493530000191 ], [ 45.486751557000105, 41.425594330000024 ], [ 45.481143952000025, 41.429618835000042 ], [ 45.464435578000121, 41.444660187000068 ], [ 45.457256318000077, 41.447574616000054 ], [ 45.449382782000043, 41.448440552000136 ], [ 45.441471100000172, 41.448394775000168 ], [ 45.436939240000186, 41.449184418000016 ], [ 45.421833039000035, 41.435306549000131 ], [ 45.421134949000191, 41.43466568000008 ], [ 45.412990570000034, 41.428897858000028 ], [ 45.407096863000049, 41.426055908000023 ], [ 45.399463654000101, 41.425312042000144 ], [ 45.391880036000032, 41.425712585000156 ], [ 45.366806031000067, 41.437492371000133 ], [ 45.345081330000141, 41.449420929000155 ], [ 45.330638886000145, 41.461185455000134 ], [ 45.330032349000135, 41.461437225000168 ], [ 45.317165375000116, 41.466743469000107 ], [ 45.306873322, 41.468112946000133 ], [ 45.299507141999982, 41.466442108000138 ], [ 45.293273926000097, 41.462684631000172 ], [ 45.288928986000144, 41.460491180000133 ], [ 45.281337738000161, 41.460880280000026 ], [ 45.279621125000176, 41.460498810000047 ], [ 45.273647309000069, 41.45917511000016 ], [ 45.266059876000156, 41.459148407000157 ], [ 45.260578156000065, 41.459037781000063 ], [ 45.253974915000015, 41.453453064000087 ], [ 45.251113892000035, 41.447196960000099 ], [ 45.245677948000036, 41.435314178000112 ], [ 45.237361908000082, 41.432514191000166 ], [ 45.231498719, 41.429370880000079 ], [ 45.223392487000069, 41.425025940000069 ], [ 45.216156006, 41.418537140000183 ], [ 45.213878632000046, 41.417022705000022 ], [ 45.206489563000048, 41.412101746000133 ], [ 45.201290131000064, 41.411293029999968 ], [ 45.191513062000126, 41.409893036000142 ], [ 45.181148529000097, 41.408260345000144 ], [ 45.17866897600004, 41.407871246000184 ], [ 45.172180176000154, 41.405025482000099 ], [ 45.165264130000082, 41.398757935000106 ], [ 45.165134430000194, 41.398635864000084 ], [ 45.157707215000187, 41.391590118000124 ], [ 45.144634247000113, 41.383155823000095 ], [ 45.131286622, 41.366943359000174 ], [ 45.122134614000061, 41.356799999000032 ], [ 45.121428662000085, 41.355449646000125 ], [ 45.118286133000026, 41.352722168000071 ], [ 45.112670898000033, 41.346313477000137 ], [ 45.103271484000174, 41.338317871000072 ], [ 45.091308594000168, 41.332702637000182 ], [ 45.077514648000147, 41.329895020000151 ], [ 45.069274902000132, 41.327514648000033 ], [ 45.058105469000168, 41.321472168000071 ], [ 45.046691895000095, 41.314880371000129 ], [ 45.038513184000067, 41.312316895000095 ], [ 45.024902344000111, 41.307922363000102 ], [ 45.016296387000125, 41.305908203000115 ], [ 45.010498047000169, 41.304321289000086 ], [ 45.004089355000133, 41.301513672 ], [ 45.013305664000029, 41.296691895000151 ], [ 45.016906738000102, 41.292114258000026 ], [ 45.021484375000057, 41.27508544900013 ], [ 45.03930664100011, 41.255920410000044 ], [ 45.044921875000171, 41.251525879000155 ], [ 45.046875, 41.24627685500019 ], [ 45.04711914100011, 41.236877441000161 ], [ 45.037475586000028, 41.223693848000096 ], [ 45.011291504000155, 41.208923340000126 ], [ 45.010498047000169, 41.204528809000067 ], [ 45.010925293000184, 41.199890137000125 ], [ 45.017517090000126, 41.194091797000169 ], [ 45.040527344000111, 41.196105957000043 ], [ 45.074096680000139, 41.192321777000075 ], [ 45.0808715820001, 41.192871094000168 ], [ 45.091125488000102, 41.19750976600011 ], [ 45.110900879000042, 41.209716797000169 ], [ 45.114929199000073, 41.210693359000118 ], [ 45.121276855000019, 41.211303711000028 ], [ 45.130676270000151, 41.209106445000089 ], [ 45.158325195000145, 41.171691895000038 ], [ 45.164489746000129, 41.165710449000073 ], [ 45.168090820000032, 41.162109375000171 ], [ 45.193115234000174, 41.159729004000098 ], [ 45.203125000000114, 41.154479980000133 ], [ 45.206909180000025, 41.150695801000097 ], [ 45.204284668000128, 41.147277832000043 ], [ 45.194885254000098, 41.146484375000171 ], [ 45.190673828000172, 41.144897461000141 ], [ 45.187316895000151, 41.141296387000068 ], [ 45.178283691000047, 41.131530762000068 ], [ 45.165283203000115, 41.126708984000061 ], [ 45.134094238000159, 41.119323730000076 ], [ 45.084899902000132, 41.114685059000067 ], [ 45.079284668000071, 41.113281250000171 ], [ 45.072875977000137, 41.108093262000068 ], [ 45.067687988000102, 41.101684570000089 ], [ 45.069091797, 41.093078613000046 ], [ 45.088500977000137, 41.083679199000017 ], [ 45.106689453000115, 41.083129883000083 ], [ 45.124328613000102, 41.082702637000068 ], [ 45.131530762000125, 41.084106445000032 ], [ 45.164916992000144, 41.080078125000171 ], [ 45.193481445000032, 41.07171630900018 ], [ 45.227722168000071, 41.051879883000083 ], [ 45.248291016000053, 41.039123535000158 ], [ 45.267517090000069, 41.032287598000039 ], [ 45.275512695000032, 41.036499023000033 ], [ 45.286315918000128, 41.040710449000187 ], [ 45.291687012000068, 41.039916992000144 ], [ 45.296691895000038, 41.036682129000098 ], [ 45.300476074000073, 41.029296875000114 ], [ 45.313110352000024, 41.009094238000159 ], [ 45.318298340000126, 41.003295898000033 ], [ 45.324707031000059, 41.002075195000032 ], [ 45.334289551000154, 41.002075195000032 ], [ 45.342529297000112, 41.003295898000033 ], [ 45.352111816000104, 41.008483887000011 ], [ 45.379882812000176, 41.019470215000069 ], [ 45.383601711000097, 41.02085878500003 ], [ 45.402332306000119, 41.028270721000126 ], [ 45.425983429000098, 41.030475616000047 ], [ 45.43075561600017, 41.028991699000073 ], [ 45.431201935000047, 41.02508926400003 ], [ 45.425182343000074, 41.018135071000131 ], [ 45.411880494000172, 41.002876282000159 ], [ 45.408767701000102, 40.978000641000108 ], [ 45.409744263000107, 40.972259522000172 ], [ 45.413562775, 40.969654083000137 ], [ 45.41893386900017, 40.968158722000112 ], [ 45.424049378, 40.967811584000174 ], [ 45.453956604000098, 40.978195190000122 ], [ 45.458648681999989, 40.979824066000049 ], [ 45.464630127000135, 40.978538513 ], [ 45.467872620000094, 40.976631165000128 ], [ 45.471023560000049, 40.972438812000064 ], [ 45.470401764000087, 40.964672089000032 ], [ 45.471622467000088, 40.957778931000064 ], [ 45.476455689000147, 40.95056915300006 ], [ 45.484096528000066, 40.945583344000056 ], [ 45.492778778000059, 40.944004059000065 ], [ 45.495094300000176, 40.941661835000048 ], [ 45.491737366000052, 40.926177979000045 ], [ 45.507492066000111, 40.927864075000116 ], [ 45.51080703800011, 40.927783966000106 ], [ 45.514354706000063, 40.926097870000092 ], [ 45.52228164700017, 40.913780212000177 ], [ 45.525821686000086, 40.911861420000037 ], [ 45.534519196000076, 40.910739899000077 ], [ 45.549201966000112, 40.908554077000019 ], [ 45.554836274000195, 40.90635681200007 ], [ 45.563690186000031, 40.90179443400001 ], [ 45.56824493400012, 40.895503998000038 ], [ 45.580184937000126, 40.899787903000174 ], [ 45.584323883000081, 40.897853851000036 ], [ 45.588176728000121, 40.896389008000085 ], [ 45.592239380000137, 40.892623901000036 ], [ 45.594089508000138, 40.886631012000066 ], [ 45.595680237000181, 40.867595673000039 ], [ 45.593761445000041, 40.858032227000137 ], [ 45.58613205, 40.841739654999969 ], [ 45.580680847999986, 40.834095001000037 ], [ 45.57003402800018, 40.824512482000046 ], [ 45.542312622000111, 40.809856415000183 ], [ 45.503456116000166, 40.787677765000126 ], [ 45.467971802000136, 40.766319275 ], [ 45.467685700000061, 40.766143799000076 ], [ 45.451622010000051, 40.756404877000193 ], [ 45.441417695000098, 40.749549866000109 ], [ 45.421604157000104, 40.742916107000042 ], [ 45.41337967000004, 40.740360260000045 ], [ 45.408409119000112, 40.736354828000117 ], [ 45.401725769000109, 40.719577789000084 ], [ 45.398155213000109, 40.71302413899997 ], [ 45.389495850000117, 40.706813812000121 ], [ 45.37482071, 40.692962647000115 ], [ 45.36177826, 40.675266266000051 ], [ 45.356712342000094, 40.668395996000015 ], [ 45.355571747000113, 40.661823273000039 ], [ 45.35508346600011, 40.657028198000035 ], [ 45.357280732000049, 40.651718140000185 ], [ 45.36790084900008, 40.64690017700002 ], [ 45.371929169000111, 40.642463684000063 ], [ 45.372673035000048, 40.63855743400012 ], [ 45.370605469000054, 40.63174057000009 ], [ 45.371627808000142, 40.619590759000175 ], [ 45.376224518000186, 40.614452362000179 ], [ 45.386547089000089, 40.609870911000087 ], [ 45.412460328, 40.61248016400009 ], [ 45.430961609000065, 40.602439880000134 ], [ 45.437801361000027, 40.600910187000125 ], [ 45.451190949000136, 40.583438873000148 ], [ 45.439044953000064, 40.564960480000082 ], [ 45.438205719000109, 40.55903244000018 ], [ 45.445522309000069, 40.547191620000149 ], [ 45.439865113000053, 40.540691376000041 ], [ 45.435028077000084, 40.532337189000032 ], [ 45.433471679999968, 40.523452759000179 ], [ 45.435787200999982, 40.514019012000063 ], [ 45.443595887000015, 40.506973267000035 ], [ 45.484249115000182, 40.482906342000092 ], [ 45.497947693000071, 40.480979919000163 ], [ 45.524795533000145, 40.478504181000119 ], [ 45.534225464000144, 40.474842072000058 ], [ 45.545959473000153, 40.469066620000035 ], [ 45.554527283000084, 40.459251404000099 ], [ 45.564731598000037, 40.438640595000095 ], [ 45.599319458000139, 40.414680481000062 ], [ 45.616043091000165, 40.400077820000035 ], [ 45.627937316999976, 40.384681702000137 ], [ 45.645233155000028, 40.369831085000044 ], [ 45.673572541000055, 40.36842346200018 ], [ 45.691963196000188, 40.365207672 ], [ 45.752803803, 40.348754883000026 ], [ 45.799812317000033, 40.331035614000029 ], [ 45.810352325999986, 40.326404572 ], [ 45.821971894000058, 40.319229126000153 ], [ 45.827728272000115, 40.31489181500018 ], [ 45.832363129000157, 40.31139755300012 ], [ 45.841461182000046, 40.301544188999969 ], [ 45.848426819, 40.297237396000071 ], [ 45.85733413700018, 40.296077728000057 ], [ 45.863609314000087, 40.296134949000077 ], [ 45.897373200000061, 40.298332214000084 ], [ 45.905548096000189, 40.298866272 ], [ 45.91266250700005, 40.29775619500009 ], [ 45.921703339000089, 40.293155670000033 ], [ 45.952209473000153, 40.269424438999977 ], [ 45.955287934000182, 40.265216827000188 ], [ 45.952762604000156, 40.262313843000186 ], [ 45.944568634000063, 40.259571075000053 ], [ 45.937767029000099, 40.260906220000152 ], [ 45.921051025999986, 40.267093658000135 ], [ 45.914524079000046, 40.26796340900006 ], [ 45.909412384000177, 40.26718902600004 ], [ 45.906967163000104, 40.259708405000083 ], [ 45.910270691000051, 40.253898621000076 ], [ 45.916664124000135, 40.250286102000189 ], [ 45.938144684000179, 40.243968964000146 ], [ 45.948509217000037, 40.242301941000107 ], [ 45.958915711000088, 40.235374451000155 ], [ 45.967994690000126, 40.225738525000111 ], [ 45.975387574000024, 40.218208313000048 ], [ 45.977214814000092, 40.212894440000127 ], [ 45.972679139000036, 40.205474854000101 ], [ 45.96550750800003, 40.199043274000132 ], [ 45.962249756000176, 40.187240601000155 ], [ 45.961772919000055, 40.177417755000079 ], [ 45.959678650000058, 40.164894104000098 ], [ 45.956962586000031, 40.151931763000107 ], [ 45.955165863000161, 40.145580292000091 ], [ 45.946857453000121, 40.133918762000121 ], [ 45.942119599000193, 40.128334044999974 ], [ 45.934101105000025, 40.122612 ], [ 45.918273926000097, 40.115505219000056 ], [ 45.906776429000104, 40.111709595000093 ], [ 45.901271820000034, 40.10866165200008 ], [ 45.897827149000193, 40.105098724000129 ], [ 45.894870758000081, 40.099231719999977 ], [ 45.894790650000061, 40.091228485000102 ], [ 45.89612960900007, 40.081813812000178 ], [ 45.89689636300011, 40.072872162000181 ], [ 45.895149231000119, 40.067432404000044 ], [ 45.885639191000053, 40.036132813000165 ], [ 45.884777070000041, 40.030437470000095 ], [ 45.881347657000049, 40.027099609000061 ], [ 45.87557602000004, 40.024517059000061 ], [ 45.870536805000143, 40.024883270000089 ], [ 45.863155365000068, 40.026000977000081 ], [ 45.856536866000056, 40.024353027000188 ], [ 45.844635010000104, 40.017818451000039 ], [ 45.829078675000176, 40.009323120000147 ], [ 45.823532105000083, 40.005126953000115 ], [ 45.818656922000059, 40.002513886000031 ], [ 45.814414978000059, 40.000801086000024 ], [ 45.808479309000177, 40.000961304000157 ], [ 45.801479340000185, 40.003894806000062 ], [ 45.788879395000151, 40.00789260900018 ], [ 45.760372162000181, 40.028320313000165 ], [ 45.753971100000058, 40.031459808000136 ], [ 45.745437622000111, 40.033515930000078 ], [ 45.730922699000018, 40.034812927000189 ], [ 45.687316895000038, 40.037319183000079 ], [ 45.664829255000143, 40.039958954000099 ], [ 45.653274537000129, 40.040939331000118 ], [ 45.63388443000008, 40.039604187000123 ], [ 45.616020203, 40.032276154000158 ], [ 45.598999024000079, 40.023555756000178 ], [ 45.588748931999987, 40.013294220000091 ], [ 45.580944062000128, 40.002899170000092 ], [ 45.57928085400016, 40.00068283100012 ], [ 45.578598023000097, 39.999973297000054 ], [ 45.583099366000113, 40.0 ], [ 45.599998475000064, 40.0 ], [ 45.616847992000032, 40.0 ], [ 45.61614608800005, 39.999061584000174 ], [ 45.617221833000144, 39.990764618000071 ], [ 45.618434906000061, 39.98872375500008 ], [ 45.620864869000116, 39.984626770000091 ], [ 45.633666993000134, 39.974132538000049 ], [ 45.663871766000057, 39.972148894999975 ], [ 45.717563630000029, 39.959335327000076 ], [ 45.745479584, 39.941413878999981 ], [ 45.751899720000097, 39.939937592000149 ], [ 45.76119232200017, 39.940040588000159 ], [ 45.773952485000166, 39.940177918000131 ], [ 45.790664673000038, 39.937252045000093 ], [ 45.806186676000152, 39.930950165000183 ], [ 45.811214447, 39.923816681000062 ], [ 45.8116760260001, 39.905467987000179 ], [ 45.822708130000194, 39.865741730000082 ], [ 45.825885773000152, 39.854290009000124 ], [ 45.827655793000019, 39.84396362300015 ], [ 45.829029084000069, 39.835834503000115 ], [ 45.831882477000192, 39.831104279000044 ], [ 45.837162018000129, 39.82693481400014 ], [ 45.84482956, 39.822868347000167 ], [ 45.886768341, 39.813110352000081 ], [ 45.902244568000015, 39.807586670000092 ], [ 45.941780091000169, 39.793479919000049 ], [ 45.96475982700008, 39.787109375000171 ], [ 45.995994568000128, 39.77844619800004 ], [ 46.0, 39.774440765000179 ], [ 46.002998352000191, 39.76155471800007 ], [ 46.006134034000127, 39.756687164000027 ], [ 46.008861541999977, 39.752944946000184 ], [ 46.011779786000034, 39.750354767000033 ], [ 46.015563965000069, 39.748046875000057 ], [ 46.019916535000164, 39.745998383000028 ], [ 46.022388459000013, 39.744987488000106 ], [ 46.024986268000134, 39.742614746000072 ], [ 46.028179169000055, 39.740268707000041 ], [ 46.030799866000109, 39.737663269000109 ], [ 46.032764435000047, 39.735710144000052 ], [ 46.033866883000144, 39.733482361000029 ], [ 46.034164429000043, 39.730289459000176 ], [ 46.036891938000053, 39.726543427000024 ], [ 46.038013459000183, 39.72408676200007 ], [ 46.040466309000124, 39.72009658800016 ], [ 46.043952942000033, 39.717769623000095 ], [ 46.048301697000056, 39.715717316000166 ], [ 46.052017212000067, 39.714092255000082 ], [ 46.057636261000027, 39.711193085000048 ], [ 46.064136506000068, 39.708347321000133 ], [ 46.068698883000195, 39.707225800000117 ], [ 46.070873261000145, 39.70619964600013 ], [ 46.072772980000195, 39.704929352000192 ], [ 46.074146271000075, 39.702941895000151 ], [ 46.075263977000134, 39.700481415000127 ], [ 46.075729371000136, 39.698673248000034 ], [ 46.074424744000112, 39.696769714000084 ], [ 46.072441100999981, 39.695743560999972 ], [ 46.069889069000055, 39.69445419300007 ], [ 46.068180085000051, 39.693672180000135 ], [ 46.065921784000182, 39.692401885999971 ], [ 46.064277649000132, 39.690937042000144 ], [ 46.064743042000146, 39.689128876000098 ], [ 46.068374634000065, 39.685203552000189 ], [ 46.07158279500004, 39.682632446000071 ], [ 46.075363160000109, 39.680316925000056 ], [ 46.08032226600011, 39.678073883000138 ], [ 46.085407257000099, 39.677665709999985 ], [ 46.090427399000134, 39.677940369000112 ], [ 46.094814301000042, 39.678642273000094 ], [ 46.098293305000141, 39.67952346800007 ], [ 46.101501465000183, 39.680156708000084 ], [ 46.105804444000114, 39.678562164000084 ], [ 46.110595704000104, 39.674930573000097 ], [ 46.114730834999989, 39.671947479000039 ], [ 46.117935181000121, 39.669372559000124 ], [ 46.121837616000164, 39.665691376000098 ], [ 46.126857758000028, 39.662757874000192 ], [ 46.131309510000108, 39.659564972000169 ], [ 46.138793946000135, 39.655620575000057 ], [ 46.144107819000055, 39.652706146000014 ], [ 46.149082184000179, 39.650226593000127 ], [ 46.155261994000057, 39.64758682300004 ], [ 46.159900666000169, 39.645545959000117 ], [ 46.164936066000109, 39.64238357500011 ], [ 46.167865754, 39.639564514000028 ], [ 46.170246125000062, 39.636257172000114 ], [ 46.173828125000114, 39.629577637000125 ], [ 46.175487519000114, 39.62439727800006 ], [ 46.175548554000102, 39.620502472000055 ], [ 46.174091340000132, 39.616985321000072 ], [ 46.172256470000036, 39.614364624000018 ], [ 46.172611237000183, 39.610488891999978 ], [ 46.175289154000154, 39.607196808000083 ], [ 46.1773719790001, 39.603870392000033 ], [ 46.179138184000124, 39.600757599000133 ], [ 46.17795562800012, 39.597484589000032 ], [ 46.177345276000096, 39.594470978000174 ], [ 46.176139832, 39.591426849000129 ], [ 46.175865174000194, 39.587974548000034 ], [ 46.179485321000129, 39.584045410000158 ], [ 46.184097290000068, 39.582233429000098 ], [ 46.18766021800019, 39.582199097000057 ], [ 46.189617157000043, 39.583454132000099 ], [ 46.191013337000072, 39.587654114000145 ], [ 46.19388198900009, 39.591934204000097 ], [ 46.197723389000146, 39.59856033300008 ], [ 46.20034027100013, 39.602371216000165 ], [ 46.204051972, 39.603950501000156 ], [ 46.207153321000021, 39.605720520000148 ], [ 46.211200715000075, 39.606857300000058 ], [ 46.214698792000036, 39.607505798000091 ], [ 46.219104767000033, 39.607975006000174 ], [ 46.225784302000136, 39.606273651000038 ], [ 46.236297608000143, 39.604782105000083 ], [ 46.241775513000164, 39.603244782000161 ], [ 46.247463227000026, 39.60263443000008 ], [ 46.251930237000124, 39.60241699200003 ], [ 46.256042481, 39.602867126000149 ], [ 46.260997773000042, 39.603824616000168 ], [ 46.267345429000159, 39.605770111000083 ], [ 46.273334504, 39.6083831790001 ], [ 46.278778077000027, 39.610507965000068 ], [ 46.286834717000147, 39.613235474000078 ], [ 46.299896241000113, 39.619663239000147 ], [ 46.309623719000115, 39.623622894000107 ], [ 46.318424225000115, 39.627990723000096 ], [ 46.326992035000103, 39.631656647 ], [ 46.342945099000019, 39.635715485000105 ], [ 46.349948883000081, 39.637004852000132 ], [ 46.356678009000177, 39.638050079000038 ], [ 46.363468171000136, 39.638408661000028 ], [ 46.368190766000168, 39.638660431000062 ], [ 46.372150422000061, 39.63749313400001 ], [ 46.373771668000074, 39.635974884000177 ], [ 46.375846863000106, 39.632648468000127 ], [ 46.377231598000151, 39.630432129000155 ], [ 46.377788544000055, 39.627479553000114 ], [ 46.378917695000155, 39.624790192000034 ], [ 46.381206513000166, 39.622390747000054 ], [ 46.383396149000134, 39.621131897000168 ], [ 46.385799408000139, 39.620800018000125 ], [ 46.388198853000176, 39.620468140000014 ], [ 46.390052796000134, 39.619651794000163 ], [ 46.392971039000145, 39.616825104000043 ], [ 46.395282746000191, 39.614196777000075 ], [ 46.397274018000076, 39.611782074000075 ], [ 46.398872376000156, 39.610492706000116 ], [ 46.402076722000061, 39.611118317000091 ], [ 46.406341553000061, 39.613178253 ], [ 46.40960311900011, 39.616558075000057 ], [ 46.412544251000099, 39.62015152000015 ], [ 46.414684296000189, 39.622783661000028 ], [ 46.417007447000117, 39.623363495000035 ], [ 46.419662476000099, 39.623504639000032 ], [ 46.424446106000175, 39.623069763000103 ], [ 46.429134369, 39.620334625000112 ], [ 46.429969788000108, 39.617630005000137 ], [ 46.429660798000157, 39.614406586000143 ], [ 46.427684784000064, 39.599864960000104 ], [ 46.427242279000154, 39.594799042000147 ], [ 46.425853730000085, 39.590373993000014 ], [ 46.426807404000101, 39.586299896000185 ], [ 46.427799225000058, 39.581768036000028 ], [ 46.4298515320001, 39.57866668700018 ], [ 46.432727814000089, 39.576297760000045 ], [ 46.4365081790001, 39.573745728000063 ], [ 46.439559937000013, 39.57276153600003 ], [ 46.443729401000041, 39.572521210000048 ], [ 46.447486878000177, 39.573635101000093 ], [ 46.448719025000059, 39.576450348000037 ], [ 46.452392579000104, 39.578475952000133 ], [ 46.455955506000066, 39.578430176000097 ], [ 46.459674836000147, 39.576564789000031 ], [ 46.463691712000184, 39.574710846000187 ], [ 46.466957093000076, 39.574653626000043 ], [ 46.47003936800013, 39.576648712000122 ], [ 46.472476960000165, 39.579296112000122 ], [ 46.475009919000058, 39.580802918000131 ], [ 46.478725434000069, 39.582370757999968 ], [ 46.485492707, 39.582954407000045 ], [ 46.494934082000043, 39.583446503000062 ], [ 46.506633759000067, 39.585201263000158 ], [ 46.517807007000101, 39.586238861000027 ], [ 46.523334504000161, 39.587440491000166 ], [ 46.529277802000195, 39.587291718000188 ], [ 46.53441238400012, 39.58618164100011 ], [ 46.537834168000074, 39.584297180000021 ], [ 46.539802552000083, 39.582107544000053 ], [ 46.541831971000192, 39.579235077000135 ], [ 46.546318055000143, 39.57534027100013 ], [ 46.549152375000176, 39.573425293000128 ], [ 46.554363250999984, 39.57140350300017 ], [ 46.558002472000112, 39.570442200000116 ], [ 46.560462952000137, 39.569423676000042 ], [ 46.563018799000133, 39.567264557000044 ], [ 46.567977906000181, 39.557895660000156 ], [ 46.571006775000058, 39.553699493000124 ], [ 46.572776795000152, 39.550354004000155 ], [ 46.573307038000053, 39.547630310000045 ], [ 46.573486329000048, 39.545578003000173 ], [ 46.570655823000152, 39.544055939000145 ], [ 46.563499451000098, 39.544605255000135 ], [ 46.557777405000081, 39.545684814000026 ], [ 46.554531098000155, 39.545516968000186 ], [ 46.551033020000091, 39.544876099000135 ], [ 46.547866822000117, 39.543796539000027 ], [ 46.544723510999972, 39.542488098000035 ], [ 46.542522431000123, 39.540542603000063 ], [ 46.538299561000144, 39.534595490000129 ], [ 46.536727906000067, 39.532222748000095 ], [ 46.534214020000036, 39.530487061000144 ], [ 46.530242920000092, 39.528450012000064 ], [ 46.525135041000169, 39.52589035 ], [ 46.51507568400018, 39.522388458000194 ], [ 46.510749817000089, 39.521018981999987 ], [ 46.507942200000059, 39.519268036000085 ], [ 46.506313324000075, 39.517581940000184 ], [ 46.505157471000132, 39.51385498000019 ], [ 46.505397797000114, 39.51111602800006 ], [ 46.506244660000107, 39.508182525999985 ], [ 46.507663727000192, 39.505504608000138 ], [ 46.510162354000045, 39.500591278 ], [ 46.516258240000127, 39.495178223000039 ], [ 46.527053833000139, 39.486801147000051 ], [ 46.530509949000077, 39.484462738000104 ], [ 46.538669587000186, 39.479152679000151 ], [ 46.542144776000043, 39.476585388000103 ], [ 46.544406891000108, 39.474411011000029 ], [ 46.547019959000124, 39.471565247000115 ], [ 46.548397065000188, 39.469345093000072 ], [ 46.549221039000145, 39.466636658000084 ], [ 46.54547119200015, 39.465526581000177 ], [ 46.540130616000056, 39.465705872000171 ], [ 46.536083222000173, 39.468017578000115 ], [ 46.532112122000058, 39.469417572000168 ], [ 46.526710511000147, 39.470283508000193 ], [ 46.521900177000191, 39.471179962000122 ], [ 46.516792298000098, 39.472061157000098 ], [ 46.51406097500012, 39.472835541000052 ], [ 46.512012482000046, 39.475936890000071 ], [ 46.510009766000053, 39.478584290000072 ], [ 46.507747651000045, 39.480758667000146 ], [ 46.505249024000136, 39.48223114000001 ], [ 46.502773285000046, 39.483478546000015 ], [ 46.498607636000031, 39.483718872000054 ], [ 46.494270325000116, 39.482574463000105 ], [ 46.489479065000126, 39.47980499300013 ], [ 46.485065461000033, 39.476135254000155 ], [ 46.476615906000177, 39.464466094999977 ], [ 46.475883484000121, 39.46335601800007 ], [ 46.472694397000112, 39.458530426000152 ], [ 46.469207764000032, 39.454452515000128 ], [ 46.467071534000013, 39.451816559000179 ], [ 46.464813233000143, 39.450553894000052 ], [ 46.461105347000114, 39.448986053000112 ], [ 46.456981659000178, 39.448768616000166 ], [ 46.44977188200005, 39.44999313400001 ], [ 46.443740845000093, 39.451282501000037 ], [ 46.426807404000101, 39.455432892000147 ], [ 46.421504975000062, 39.45515441900011 ], [ 46.417282105000083, 39.456077576000041 ], [ 46.412254334000181, 39.456039429000157 ], [ 46.408210755000027, 39.454910278000114 ], [ 46.404857636000145, 39.452671050999982 ], [ 46.403018952000082, 39.450050354000155 ], [ 46.401199341000051, 39.447204590000069 ], [ 46.400993348000156, 39.442836761000081 ], [ 46.399864197000056, 39.438880920000031 ], [ 46.398128510000106, 39.435123444000169 ], [ 46.394500733000029, 39.432640076000041 ], [ 46.391151429000047, 39.430397034000123 ], [ 46.387878418000184, 39.427246094000168 ], [ 46.386589050999987, 39.425113678000116 ], [ 46.386875153000062, 39.421920776000093 ], [ 46.388393403000066, 39.41810226400014 ], [ 46.39117431700015, 39.413436890000128 ], [ 46.393577576000098, 39.409667969000111 ], [ 46.398525238000047, 39.400531769000054 ], [ 46.401306153000178, 39.395866394000109 ], [ 46.402530671000079, 39.392032623000091 ], [ 46.404464722000114, 39.386863709000124 ], [ 46.40567016600005, 39.383258820000037 ], [ 46.408470154000099, 39.378364563000162 ], [ 46.411773682000046, 39.374412537000012 ], [ 46.416690827000025, 39.368942261000029 ], [ 46.420623780000085, 39.364566803000059 ], [ 46.423965455000086, 39.360157013000048 ], [ 46.430351258000087, 39.354763031000118 ], [ 46.437831879000044, 39.350345612000126 ], [ 46.447097779000046, 39.345787048000034 ], [ 46.455852509000181, 39.340290070000151 ], [ 46.463016510000102, 39.336082459000124 ], [ 46.46709823600014, 39.333316803000059 ], [ 46.472652436000146, 39.330627441000104 ], [ 46.477497101000154, 39.329277039000146 ], [ 46.483001709000121, 39.330482483000026 ], [ 46.488330841000163, 39.333740234000174 ], [ 46.492973328000176, 39.338108063 ], [ 46.49906540000012, 39.342781067000146 ], [ 46.501888276000045, 39.344303131000117 ], [ 46.50574874900019, 39.344047546000184 ], [ 46.509578705000195, 39.340808868000124 ], [ 46.513187409000182, 39.336643219000109 ], [ 46.517642975000058, 39.332977295000035 ], [ 46.520957947000056, 39.328792572000111 ], [ 46.52233505300012, 39.326572418000069 ], [ 46.524356841999975, 39.323699951000151 ], [ 46.528514862000122, 39.320018768000125 ], [ 46.53169250500008, 39.317432404000044 ], [ 46.535575867000034, 39.313507080000136 ], [ 46.536735535000048, 39.310359955000081 ], [ 46.537971497000171, 39.306297302000075 ], [ 46.537425995000149, 39.3023719790001 ], [ 46.53528976500013, 39.29973983800005 ], [ 46.533138276000045, 39.297336578000113 ], [ 46.530746460000046, 39.294231415000183 ], [ 46.53129959100005, 39.291278839000086 ], [ 46.532848359000127, 39.287006378000171 ], [ 46.534107209000183, 39.282714844 ], [ 46.535442353000178, 39.277511597000171 ], [ 46.537326813000107, 39.272796631000176 ], [ 46.539150238000104, 39.268764496000017 ], [ 46.542385102000026, 39.265495300000111 ], [ 46.545070649000138, 39.261737824000079 ], [ 46.547931672000118, 39.259361267000145 ], [ 46.550598145000038, 39.255832672000111 ], [ 46.554828644000054, 39.254676819000167 ], [ 46.558177948000093, 39.253475189000028 ], [ 46.564483643000187, 39.252197266000053 ], [ 46.570220948000156, 39.25065994300013 ], [ 46.574768067000036, 39.249290466000105 ], [ 46.578388215000075, 39.248329163000051 ], [ 46.580074311000146, 39.245895386000029 ], [ 46.580604554000047, 39.243171692000089 ], [ 46.584617615000184, 39.234210968000127 ], [ 46.587631226000042, 39.230010986000082 ], [ 46.592292786000087, 39.227272034000123 ], [ 46.596836090000124, 39.225898743000073 ], [ 46.601551056000176, 39.225914001000092 ], [ 46.606563569000059, 39.225940704000095 ], [ 46.61096954400017, 39.226169586000026 ], [ 46.617488861000027, 39.22581481900005 ], [ 46.623146058000145, 39.225189209000177 ], [ 46.627651215000128, 39.22427368200016 ], [ 46.62895965600012, 39.222736359000066 ], [ 46.630035401000043, 39.220500946000129 ], [ 46.629592896000077, 39.220005035000042 ], [ 46.62895965600012, 39.219299316000161 ], [ 46.625297547000059, 39.217277527000135 ], [ 46.621616364000033, 39.215484619000108 ], [ 46.618148803999986, 39.214618683000083 ], [ 46.613803864000033, 39.213706970000032 ], [ 46.605876923000096, 39.213298797999983 ], [ 46.602352143000132, 39.213119506999988 ], [ 46.594856263000054, 39.211128235000103 ], [ 46.589199067000038, 39.208312988000102 ], [ 46.584674836000033, 39.20601654100011 ], [ 46.57851028500005, 39.202259064000145 ], [ 46.574108124000077, 39.198593140000071 ], [ 46.570056916000055, 39.194255829000099 ], [ 46.565559388000111, 39.188293457000043 ], [ 46.562957764000146, 39.184261322000111 ], [ 46.560276032000104, 39.181140900000059 ], [ 46.55691146900017, 39.179134369000053 ], [ 46.554370881000125, 39.177856444999975 ], [ 46.551319123000042, 39.175632477000192 ], [ 46.549655915000073, 39.17440033000014 ], [ 46.547798157000045, 39.172012329000154 ], [ 46.546195984000065, 39.170093536000081 ], [ 46.544651032000104, 39.167491913000049 ], [ 46.542736054000159, 39.165786743000183 ], [ 46.540798188, 39.164310455000077 ], [ 46.538272858000141, 39.166244507000044 ], [ 46.536079407000102, 39.171173096000075 ], [ 46.535663605000195, 39.179405212000177 ], [ 46.534484864000092, 39.186222076000035 ], [ 46.53416824400017, 39.193309784000064 ], [ 46.533164978000116, 39.201511383000025 ], [ 46.531734467000149, 39.204418182000097 ], [ 46.528205872000115, 39.207672119000108 ], [ 46.524272919000055, 39.20884323100006 ], [ 46.520496369000057, 39.208190918000128 ], [ 46.51705169700017, 39.207092285000101 ], [ 46.513080597, 39.205280304000041 ], [ 46.504085541000052, 39.196784973000092 ], [ 46.50142669700017, 39.193439484000123 ], [ 46.499549866000052, 39.191276550000055 ], [ 46.497402192000152, 39.188869476000036 ], [ 46.494899750000059, 39.187133789000029 ], [ 46.491710663000049, 39.186508179000157 ], [ 46.486480713000049, 39.188987732000044 ], [ 46.481311799000139, 39.190780640000071 ], [ 46.467605591000108, 39.195793152000192 ], [ 46.461109162000184, 39.195907593000186 ], [ 46.454513550000172, 39.197166443000071 ], [ 46.449813843000072, 39.196918488000051 ], [ 46.446918488000051, 39.196308136000027 ], [ 46.445198059000063, 39.195758820000037 ], [ 46.443225861000144, 39.194736481000064 ], [ 46.441074372000173, 39.192329407000045 ], [ 46.439533234000066, 39.18972778300008 ], [ 46.438701630000139, 39.185783386000139 ], [ 46.4386291510001, 39.18325805700016 ], [ 46.438339234000182, 39.179805756000064 ], [ 46.438701630000139, 39.175697327000023 ], [ 46.439414978, 39.170921326000041 ], [ 46.441280365000068, 39.166431427000077 ], [ 46.442600251000044, 39.161457062000125 ], [ 46.444507599000133, 39.156513214000029 ], [ 46.445549012000072, 39.154735565000124 ], [ 46.446880341000167, 39.152973175000113 ], [ 46.448196412000073, 39.151435852000191 ], [ 46.449134827000194, 39.150798798000039 ], [ 46.452186585000106, 39.149581909000176 ], [ 46.458114624000018, 39.149208069000167 ], [ 46.461635590000014, 39.149391174000129 ], [ 46.470561982000163, 39.145046234000176 ], [ 46.475177765000069, 39.142768860000047 ], [ 46.47895431600017, 39.143424988000106 ], [ 46.482334137000123, 39.145206450999979 ], [ 46.485462189000145, 39.146518707000041 ], [ 46.488040924000074, 39.14733886700003 ], [ 46.490642548000039, 39.147933960000159 ], [ 46.493675232000157, 39.14694976800007 ], [ 46.496746064000035, 39.145503998000038 ], [ 46.499252320000096, 39.143802643000186 ], [ 46.497436524000136, 39.140953064000087 ], [ 46.493198395000036, 39.135459900000114 ], [ 46.491363526000043, 39.132843018000131 ], [ 46.490703583000027, 39.13028335600012 ], [ 46.490314484000066, 39.127971649000074 ], [ 46.491725922000171, 39.125293732000102 ], [ 46.493644715000187, 39.123561859000063 ], [ 46.497341156000061, 39.121688843000129 ], [ 46.501079560000107, 39.119365692000031 ], [ 46.505577088000109, 39.118453980000083 ], [ 46.508102417000089, 39.116519928000116 ], [ 46.509178162000183, 39.114284515000179 ], [ 46.509334565000074, 39.112457275000168 ], [ 46.509281159000068, 39.109703064000087 ], [ 46.507991791000165, 39.107574463000105 ], [ 46.50817108200016, 39.105518341000163 ], [ 46.509265900000116, 39.103054047000171 ], [ 46.509990693000134, 39.101486206000061 ], [ 46.512302399000134, 39.098628998000038 ], [ 46.515392304000045, 39.096954346000075 ], [ 46.520259858000088, 39.095146179000096 ], [ 46.522743226000046, 39.093669891000161 ], [ 46.525207520000038, 39.092422485000156 ], [ 46.528217316, 39.091663361000087 ], [ 46.533691407000049, 39.08621597299998 ], [ 46.535709382000164, 39.083339691000049 ], [ 46.537387848000094, 39.080905914000027 ], [ 46.538230896000073, 39.077968597000108 ], [ 46.536220551000099, 39.073966980000193 ], [ 46.532783509000069, 39.072868347000167 ], [ 46.529422760000102, 39.070861816000161 ], [ 46.526924134000126, 39.069126129000153 ], [ 46.525051117000146, 39.066963196000131 ], [ 46.524036408000143, 39.065074921000132 ], [ 46.523059845000034, 39.062732697000172 ], [ 46.523571015000073, 39.060237885000163 ], [ 46.529983521000077, 39.054149628000062 ], [ 46.533889771000133, 39.053207397 ], [ 46.537994385000104, 39.053421021000077 ], [ 46.542175293000184, 39.052722931000062 ], [ 46.546039582000105, 39.052234650000059 ], [ 46.549381257000107, 39.051033020000148 ], [ 46.551883698000097, 39.049331665000125 ], [ 46.552684784000121, 39.046848297 ], [ 46.552021027000194, 39.04429245 ], [ 46.55108642600004, 39.041492462000178 ], [ 46.548683167000036, 39.03861618000019 ], [ 46.546245575000171, 39.036193848000153 ], [ 46.543533326000045, 39.03353118900003 ], [ 46.540546418000133, 39.027187347000051 ], [ 46.536102295000035, 39.01732254000018 ], [ 46.533412934000012, 39.010993958000029 ], [ 46.531093598000155, 39.003761292000036 ], [ 46.52857971200018, 38.99881362900004 ], [ 46.52635955900007, 38.99388504000018 ], [ 46.524936675999982, 38.989910126000098 ], [ 46.524353028, 38.986442566000051 ], [ 46.523612976000095, 38.984798431000172 ], [ 46.523887635000165, 38.981601715000181 ], [ 46.525257111000144, 38.979381560999968 ], [ 46.527290345000154, 38.976276398000039 ], [ 46.528053284000123, 38.974250793000181 ], [ 46.528209687000185, 38.972423553000169 ], [ 46.527587891000053, 38.969409943000073 ], [ 46.524955750000174, 38.965835571000071 ], [ 46.522224427000026, 38.963397980000082 ], [ 46.518363953000176, 38.960445404000041 ], [ 46.516532898000094, 38.957824706999986 ], [ 46.515579224000078, 38.955253601000095 ], [ 46.514122010000108, 38.951736450000112 ], [ 46.51361847000004, 38.947353363000104 ], [ 46.514812470000038, 38.943748474000188 ], [ 46.516880036000089, 38.940185547000169 ], [ 46.518970490000186, 38.93639755300012 ], [ 46.520729065000126, 38.933048247999977 ], [ 46.525104523000152, 38.926628113 ], [ 46.53099823000008, 38.919597626000154 ], [ 46.533615113000167, 38.916522980000138 ], [ 46.53622818000008, 38.913448334000122 ], [ 46.538589478000063, 38.909904480000193 ], [ 46.541263581000067, 38.90614318900009 ], [ 46.542259217000037, 38.901378632000103 ], [ 46.543197632000158, 38.897300720000032 ], [ 46.54304504400011, 38.892246246000184 ], [ 46.543399811000086, 38.888137817000143 ], [ 46.544395447000056, 38.883373261000088 ], [ 46.547237397000174, 38.872734070000092 ], [ 46.57047271800019, 38.890434265000067 ], [ 46.60915374800004, 38.915485382000099 ], [ 46.627029419000166, 38.937267303000112 ], [ 46.645732880000082, 38.949199677000138 ], [ 46.65874481200018, 38.961940765000065 ], [ 46.66502761900017, 38.971046448000038 ], [ 46.672801972000116, 38.979129791000105 ], [ 46.677684784000178, 38.988162994000106 ], [ 46.693786622, 38.997760773000152 ], [ 46.70288086, 39.007003784000119 ], [ 46.722511292000149, 39.007987976000152 ], [ 46.729526520000036, 39.008338928000057 ], [ 46.755008698000097, 39.023891449000189 ], [ 46.759811402000082, 39.034015656000065 ], [ 46.763816834000068, 39.053977966000105 ], [ 46.779495240000188, 39.069030762000182 ], [ 46.788608551000095, 39.078269959000181 ], [ 46.799125672000116, 39.087574005000079 ], [ 46.817718506000176, 39.10166931200007 ], [ 46.826927185000159, 39.109809876000043 ], [ 46.840263367000091, 39.119247437000126 ], [ 46.852722168000014, 39.139621735000105 ], [ 46.870456696000133, 39.147079468000186 ], [ 46.87224578900009, 39.147605896000186 ], [ 46.888370514000144, 39.152343750000171 ], [ 46.90787124700006, 39.155487061000088 ], [ 46.924732209000183, 39.156307220000031 ], [ 46.936931611000091, 39.144821167000089 ], [ 46.954833985, 39.132511139000144 ], [ 46.982067109000184, 39.144802094000056 ], [ 46.995601654000097, 39.15203857400013 ], [ 46.997638703000177, 39.162014008000028 ], [ 47.013099671000077, 39.162754059000065 ], [ 47.013328553000179, 39.16287612900004 ], [ 47.021480561000033, 39.167243958000029 ], [ 47.033237458000144, 39.175788879000152 ], [ 47.047336579000103, 39.194019318000187 ], [ 47.053256989000033, 39.208572388000107 ], [ 47.060413361000087, 39.225376128999983 ], [ 47.064678193000191, 39.243137360000105 ], [ 47.08318328900009, 39.259376526000096 ], [ 47.099224091, 39.271106720000034 ], [ 47.118083954000042, 39.282966614000088 ], [ 47.143741608000028, 39.298435210999969 ], [ 47.168750763000105, 39.303985596000132 ], [ 47.210582734000184, 39.311408997000171 ], [ 47.227481842000088, 39.33084106400014 ], [ 47.250602723000043, 39.342872620000151 ], [ 47.273536683000088, 39.353614807000156 ], [ 47.276554108000084, 39.355030060000104 ], [ 47.310638428000118, 39.371936798000092 ], [ 47.325328827000135, 39.383575439000026 ], [ 47.33794021600005, 39.403854370000033 ], [ 47.345447541000112, 39.411170959000117 ], [ 47.360393525000063, 39.425746918000129 ], [ 47.373447419000115, 39.440593719999981 ], [ 47.384933472000057, 39.457561493000185 ], [ 47.404365540000072, 39.462814331000118 ], [ 47.425537110000164, 39.463752747000115 ], [ 47.4573631290001, 39.473934174000078 ], [ 47.478061676000038, 39.481426239000143 ], [ 47.505901337000182, 39.488124847000165 ], [ 47.541904450000061, 39.499565125000117 ], [ 47.567874909000068, 39.512752533000025 ], [ 47.598960877000138, 39.533832550000056 ], [ 47.620792389000144, 39.545730591000165 ], [ 47.625019074000193, 39.547714233000136 ], [ 47.641372681000121, 39.555381775000058 ], [ 47.670284272000174, 39.567573547 ], [ 47.695037842000147, 39.578487396000185 ], [ 47.741897583000195, 39.597995758000138 ], [ 47.767482758000142, 39.617702484000176 ], [ 47.783725738999976, 39.631671906000122 ], [ 47.788913727000079, 39.636131287000069 ], [ 47.807823182000106, 39.650070190000065 ], [ 47.83560562200006, 39.65888595600012 ], [ 47.85981750500008, 39.65767669700017 ], [ 47.899745942000038, 39.654911041000105 ], [ 47.91218948400001, 39.659797668000067 ], [ 47.92902755800003, 39.662666321000188 ], [ 47.946994782, 39.669963837000182 ], [ 47.953922272000113, 39.673923491999972 ], [ 47.975837708000142, 39.686443328999985 ], [ 47.984954834000064, 39.694480896000073 ], [ 47.990760804000104, 39.696315765000065 ], [ 47.995273590000124, 39.691001892000145 ], [ 47.999439240000186, 39.686363220000032 ], [ 48.001369477000082, 39.684150696000131 ], [ 48.005458832000159, 39.680652618000067 ], [ 48.009517670000093, 39.677608490000068 ], [ 48.01388931300005, 39.67435073900009 ], [ 48.01917648400007, 39.670669556000064 ], [ 48.025379181000176, 39.666564941000161 ], [ 48.030372620000037, 39.662872314000083 ], [ 48.035377503000177, 39.658950806000178 ], [ 48.039730072000168, 39.655918121000127 ], [ 48.045650483000031, 39.651576996000074 ], [ 48.048759461000031, 39.649410247999981 ], [ 48.053466797000169, 39.645477295000092 ], [ 48.058719635000102, 39.642250061000084 ], [ 48.063179017000095, 39.637619019000056 ], [ 48.065784455000028, 39.634059906000175 ], [ 48.072166443000128, 39.627212524000129 ], [ 48.075984955000081, 39.623245239000028 ], [ 48.078357697000115, 39.618759155000134 ], [ 48.08065414500004, 39.615417480000133 ], [ 48.08417511000016, 39.611434937000183 ], [ 48.089561463000052, 39.606151581000063 ], [ 48.093982697000115, 39.60197448700012 ], [ 48.100284577000139, 39.596271515000012 ], [ 48.106479645000093, 39.592166901000041 ], [ 48.110824585000046, 39.58913040200008 ], [ 48.115482331000123, 39.585372925000115 ], [ 48.115989685000045, 39.58489608800005 ], [ 48.119911194000053, 39.581207275000111 ], [ 48.124927521000075, 39.577320099000133 ], [ 48.129566193000187, 39.574295044000053 ], [ 48.132980347000057, 39.571910858000138 ], [ 48.137619019000169, 39.568885803000057 ], [ 48.144309998000153, 39.566169739000031 ], [ 48.148326874000134, 39.563579559000118 ], [ 48.151371003000065, 39.557746887000178 ], [ 48.15649795600018, 39.551765442000089 ], [ 48.159187317000033, 39.546833038000159 ], [ 48.163116455000193, 39.541030884000065 ], [ 48.166381836000141, 39.536350250000055 ], [ 48.169349671000077, 39.531658173000039 ], [ 48.175640107000106, 39.52136993400012 ], [ 48.177913666000165, 39.518253326000149 ], [ 48.182712555000137, 39.512714386000141 ], [ 48.188392640000188, 39.507209778000174 ], [ 48.19347000199997, 39.501911163000045 ], [ 48.199073792000036, 39.497547150000059 ], [ 48.215873719000172, 39.484687805000192 ], [ 48.224014283000088, 39.477672577000078 ], [ 48.233654023000099, 39.47025680500002 ], [ 48.250370026000041, 39.458534241000166 ], [ 48.25838470500014, 39.45334243800005 ], [ 48.261611939000034, 39.449115753000171 ], [ 48.266914368000073, 39.444740294999974 ], [ 48.275577546000079, 39.438655853000171 ], [ 48.284488678000059, 39.433269500999984 ], [ 48.288932801000158, 39.428401947000111 ], [ 48.294544219999977, 39.423805237000124 ], [ 48.297988892000092, 39.420730591000108 ], [ 48.302597046000187, 39.417930603000059 ], [ 48.309001923000153, 39.414737701000035 ], [ 48.315124512000182, 39.411304474000076 ], [ 48.319114685000045, 39.408935547000112 ], [ 48.323440552000079, 39.40589141800001 ], [ 48.328147889000093, 39.40148925800014 ], [ 48.334651947000054, 39.396697997999979 ], [ 48.342391968000129, 39.391033173000153 ], [ 48.348625184000014, 39.385772705000136 ], [ 48.352966309000124, 39.382499695000035 ], [ 48.357246399000076, 39.380142212000067 ], [ 48.36248397900016, 39.376674652000077 ], [ 48.367336274000081, 39.374565125000061 ], [ 48.374633789000029, 39.370769501000041 ], [ 48.33863449100005, 39.36388397200011 ], [ 48.337318421000191, 39.363632202000076 ], [ 48.325569153000117, 39.357303619 ], [ 48.314941407000049, 39.357650757000158 ], [ 48.307559967000032, 39.352375031000065 ], [ 48.291023255000084, 39.347492218000127 ], [ 48.273586274000195, 39.339206696000076 ], [ 48.270332337000184, 39.337661743000012 ], [ 48.264976502000138, 39.33863449100005 ], [ 48.264953614000035, 39.333595276000096 ], [ 48.258682251000096, 39.329727173000038 ], [ 48.244174958000144, 39.325588225999979 ], [ 48.233207703000119, 39.326835631999984 ], [ 48.218482972000118, 39.321311951000098 ], [ 48.213088990000017, 39.322967529000152 ], [ 48.207859040000017, 39.321651459000122 ], [ 48.196727753000175, 39.315101624000079 ], [ 48.193641663000051, 39.312252045000093 ], [ 48.191860199000132, 39.307151794000106 ], [ 48.179943085000161, 39.304237366000166 ], [ 48.171745301000044, 39.298011780000024 ], [ 48.165290832999972, 39.297569275000114 ], [ 48.152912140000126, 39.287075043000073 ], [ 48.149570465000124, 39.280048370000031 ], [ 48.144126893000191, 39.275558472000114 ], [ 48.142665863000104, 39.270011902000022 ], [ 48.134796143000187, 39.268604279000044 ], [ 48.131767273000037, 39.264835358000028 ], [ 48.131496430000084, 39.259101868000073 ], [ 48.132949830000086, 39.254112244000055 ], [ 48.129596711000033, 39.240253449000136 ], [ 48.135501862000012, 39.223957062000068 ], [ 48.138900757000158, 39.220531464000146 ], [ 48.140155793000076, 39.219264984000176 ], [ 48.136543274000019, 39.210475922000057 ], [ 48.140243531000067, 39.207393646000071 ], [ 48.140434266000113, 39.203964233000136 ], [ 48.144172669000056, 39.200191498000152 ], [ 48.153282166000167, 39.194999695000035 ], [ 48.163688660000048, 39.187557219999974 ], [ 48.192081452000195, 39.173839569000165 ], [ 48.202541352000026, 39.170749664000027 ], [ 48.218372345000091, 39.160732269000107 ], [ 48.217750550000119, 39.155899047999981 ], [ 48.223541260000161, 39.146697998000036 ], [ 48.225135804000104, 39.138961792000146 ], [ 48.228889466000169, 39.134731293000129 ], [ 48.238391877000083, 39.127483368000071 ], [ 48.246105195000041, 39.126132965000124 ], [ 48.25605392500006, 39.121414185000162 ], [ 48.277660370000149, 39.118453980000083 ], [ 48.286457062000181, 39.113239288000102 ], [ 48.298004151000043, 39.111549377000188 ], [ 48.301376343000129, 39.108909607000101 ], [ 48.306243897000172, 39.089134216000161 ], [ 48.319011689000035, 39.080001831000118 ], [ 48.335742951000043, 39.063991547000057 ], [ 48.340106965000189, 39.060035706000178 ], [ 48.343326569000112, 39.055576324000185 ], [ 48.346778870000037, 39.05204010000017 ], [ 48.349967957000047, 39.048034668000014 ], [ 48.353115082000102, 39.044719696000186 ], [ 48.35778427200006, 39.040542603000176 ], [ 48.361309052000195, 39.03586578400018 ], [ 48.364582062000125, 39.030490875000169 ], [ 48.367282868000132, 39.024864197000056 ], [ 48.368377686000144, 39.020122528000172 ], [ 48.368488312000011, 39.019641876000037 ], [ 48.369079590000126, 39.014854431000117 ], [ 48.368747712000186, 39.010719299000129 ], [ 48.366699219000054, 39.005828857000154 ], [ 48.363742829000046, 39.001369476000036 ], [ 48.359573365000017, 38.997547150000116 ], [ 48.353382111000087, 38.993190765000179 ], [ 48.323883057000046, 38.981082916000162 ], [ 48.309661866000113, 38.973670959000174 ], [ 48.300880433000145, 38.96852874800004 ], [ 48.291706086000033, 38.964973450000059 ], [ 48.283294678, 38.963279724000074 ], [ 48.275707245000092, 38.962528229000156 ], [ 48.264549256000123, 38.962562561000141 ], [ 48.257225037000126, 38.96228027300009 ], [ 48.246707916999981, 38.961418152000078 ], [ 48.238269806, 38.960178375000055 ], [ 48.229274750000059, 38.95845794700017 ], [ 48.219463349000137, 38.955787659000066 ], [ 48.211040497000113, 38.954315186000144 ], [ 48.200847626000041, 38.953002930000139 ], [ 48.188255309999988, 38.952514648000033 ], [ 48.178852082000049, 38.952606201000037 ], [ 48.169464112000071, 38.952468872000168 ], [ 48.162448883000025, 38.951965332000043 ], [ 48.152389527000139, 38.948593140000128 ], [ 48.145248413000104, 38.945564270000148 ], [ 48.141220093000186, 38.944259644 ], [ 48.130416871000193, 38.943374634000179 ], [ 48.12368011500007, 38.943111420000037 ], [ 48.117206574000079, 38.943313599000192 ], [ 48.109313965000126, 38.942771912000012 ], [ 48.104969025000173, 38.941913605000138 ], [ 48.098323822, 38.9402771 ], [ 48.09081268400007, 38.938373566000109 ], [ 48.086555481000175, 38.936141968000186 ], [ 48.082756043000074, 38.931407928000169 ], [ 48.081592560000161, 38.926780701000041 ], [ 48.081291199000191, 38.922416687000066 ], [ 48.081241608000084, 38.918746948000091 ], [ 48.080398560000162, 38.913673401000153 ], [ 48.078853608000031, 38.91040420500002 ], [ 48.074951172000056, 38.907272339000087 ], [ 48.069801331000065, 38.90523147600004 ], [ 48.062530518000187, 38.904254913000159 ], [ 48.054920197000115, 38.903949738000051 ], [ 48.047851563000052, 38.904354095000031 ], [ 48.042888642000037, 38.903926849000186 ], [ 48.036464692000152, 38.903438568000013 ], [ 48.032012940000072, 38.904178619000049 ], [ 48.02753448500016, 38.905372620000037 ], [ 48.023555756, 38.907466888000101 ], [ 48.022689820000153, 38.907848358000024 ], [ 48.020233155000028, 38.908935547 ], [ 48.020057679000047, 38.908874512000011 ], [ 48.016502381000066, 38.907638550000115 ], [ 48.013500214000089, 38.904579163000164 ], [ 48.011936188000163, 38.897182465000128 ], [ 48.010715485000162, 38.889114380000194 ], [ 48.009059906, 38.878734589000146 ], [ 48.009883881000064, 38.870750427000189 ], [ 48.011817933000032, 38.863723755000194 ], [ 48.013488770000038, 38.856227875000116 ], [ 48.016254425000113, 38.849925995000035 ], [ 48.017742157000157, 38.845172882000156 ], [ 48.020648957000105, 38.84116745 ], [ 48.024433136000141, 38.837192535000042 ], [ 48.028507232999971, 38.833232880000082 ], [ 48.03193283100012, 38.830162047999977 ], [ 48.036621094000168, 38.825771332000159 ], [ 48.03889465400016, 38.822422028000119 ], [ 48.041507721000073, 38.818405151000036 ], [ 48.045700074000138, 38.812614441000164 ], [ 48.050048829000161, 38.808895111000083 ], [ 48.062225342000147, 38.80204773000014 ], [ 48.079193116000056, 38.793560028000059 ], [ 48.085891724000078, 38.789703369000051 ], [ 48.091041565000126, 38.787158966000106 ], [ 48.097003937000125, 38.785560608000026 ], [ 48.100616455000079, 38.784103394000056 ], [ 48.103950501000099, 38.78240203900009 ], [ 48.106128693000187, 38.780426025 ], [ 48.108722687000068, 38.776630402000137 ], [ 48.111896515000126, 38.77286148100012 ], [ 48.112117768000189, 38.769435883000028 ], [ 48.116035462000184, 38.767757416000109 ], [ 48.122478486000034, 38.767784119000112 ], [ 48.130149842000037, 38.76694107100019 ], [ 48.134403229000156, 38.764587402000188 ], [ 48.140426636000029, 38.762073517000147 ], [ 48.145233155000085, 38.760200501000043 ], [ 48.150009156000067, 38.758785248000095 ], [ 48.153617859000178, 38.757324219000111 ], [ 48.159275055000137, 38.755943298000147 ], [ 48.16545105, 38.7554969790001 ], [ 48.171661377000078, 38.754592896000133 ], [ 48.179653168000073, 38.75330352800006 ], [ 48.18736267100013, 38.751770019999981 ], [ 48.193981171000075, 38.749050140000179 ], [ 48.197296143000131, 38.747573853000176 ], [ 48.200672150000116, 38.745185852000191 ], [ 48.204689026000096, 38.741905212000177 ], [ 48.209579468000072, 38.738658905000079 ], [ 48.214473725000119, 38.735412598000153 ], [ 48.218093872000054, 38.733718872000168 ], [ 48.221115113000053, 38.732231140000181 ], [ 48.227378846000022, 38.730411530000083 ], [ 48.231555939000089, 38.729198456000063 ], [ 48.236373902000025, 38.727092743000185 ], [ 48.239643097000055, 38.726303101000042 ], [ 48.243846894000171, 38.724632263 ], [ 48.246257782000157, 38.723579407000102 ], [ 48.24861908000014, 38.722217560000161 ], [ 48.249599457000159, 38.721649170000035 ], [ 48.251495362000071, 38.719429016000163 ], [ 48.251918793000186, 38.717384338000102 ], [ 48.252079010000045, 38.71486663800016 ], [ 48.252513886000145, 38.712593079000044 ], [ 48.253227234000178, 38.710559845000034 ], [ 48.25640869199998, 38.706554413000106 ], [ 48.25802612300015, 38.704097748000152 ], [ 48.258464814000149, 38.70182418800016 ], [ 48.256927491, 38.698326111000029 ], [ 48.254764557000101, 38.695495605000133 ], [ 48.252880097000173, 38.692901611000082 ], [ 48.251476288000106, 38.687347412000122 ], [ 48.251518250000174, 38.682079315000067 ], [ 48.252040863000161, 38.678432465000128 ], [ 48.252883912000016, 38.674339294000163 ], [ 48.25377273600003, 38.669563293000124 ], [ 48.254058838000105, 38.664989471000069 ], [ 48.255168915000183, 38.661365509000063 ], [ 48.257427216000053, 38.658016205000024 ], [ 48.259918213000049, 38.65559005700004 ], [ 48.263271332000102, 38.653427124000189 ], [ 48.268390656000179, 38.65110397300009 ], [ 48.276454926000042, 38.648433685000157 ], [ 48.280918122, 38.647232056000121 ], [ 48.286312104000103, 38.645145416000105 ], [ 48.290538788000049, 38.643016815000124 ], [ 48.294197083000142, 38.640636444000052 ], [ 48.297328949000132, 38.63731765700004 ], [ 48.298389435000104, 38.634380341000167 ], [ 48.300704956000118, 38.630115509000063 ], [ 48.30212783900015, 38.626045227000077 ], [ 48.302444458000139, 38.621013641000161 ], [ 48.303310395000096, 38.616462708000086 ], [ 48.306236268000191, 38.611763000999986 ], [ 48.308521271000131, 38.607955933000142 ], [ 48.31224823000008, 38.604431152000075 ], [ 48.315654755000082, 38.601352692000091 ], [ 48.329017640000075, 38.597965241000054 ], [ 48.33733749400011, 38.595760345000031 ], [ 48.34650039700017, 38.594043732000046 ], [ 48.352985382000043, 38.593143463000047 ], [ 48.35940170300006, 38.593383789000029 ], [ 48.366577149000079, 38.595489502000078 ], [ 48.373725892000152, 38.598049164000145 ], [ 48.382957459000068, 38.600002289000031 ], [ 48.390190125, 38.601188660000048 ], [ 48.396606446000021, 38.60142898600003 ], [ 48.400688172000059, 38.601581574000193 ], [ 48.403923035000105, 38.601245880000135 ], [ 48.409946442000148, 38.603073120000147 ], [ 48.416736603, 38.606765747000054 ], [ 48.42300033600003, 38.609516144000168 ], [ 48.427024842000151, 38.610584259000177 ], [ 48.432525635000104, 38.611476898000035 ], [ 48.437496186000033, 38.61143112200017 ], [ 48.443428040000185, 38.610046387000068 ], [ 48.449398041000052, 38.607975006 ], [ 48.453022004000161, 38.606048584000177 ], [ 48.457283020000091, 38.603225708000025 ], [ 48.461002350000172, 38.599697113000161 ], [ 48.461448670000152, 38.597194672000171 ], [ 48.462013245000094, 38.592632294000111 ], [ 48.461429596000187, 38.587799072000109 ], [ 48.460472107000101, 38.584323883000025 ], [ 48.460372925000058, 38.581115723000153 ], [ 48.460357666000107, 38.576530457000047 ], [ 48.461273194000057, 38.571063994999975 ], [ 48.462993622000113, 38.566772461000028 ], [ 48.464973450000116, 38.562950134 ], [ 48.466930390000016, 38.559585571000071 ], [ 48.468830109000123, 38.55713653600003 ], [ 48.471298218000129, 38.554935455000077 ], [ 48.474655152000082, 38.55253982500011 ], [ 48.480873108000083, 38.55116272000015 ], [ 48.487281800000119, 38.551399231000062 ], [ 48.493457795000154, 38.550708771000131 ], [ 48.498798371000078, 38.549301147000051 ], [ 48.503570557000046, 38.547641754000153 ], [ 48.506080628000177, 38.544754028000114 ], [ 48.508724213000107, 38.539581299000133 ], [ 48.508842469000172, 38.532711029000097 ], [ 48.510547638000105, 38.528648376000149 ], [ 48.513202668000019, 38.52324295 ], [ 48.516376496000078, 38.51900863700007 ], [ 48.520088196000074, 38.515476227000192 ], [ 48.524887085000046, 38.513359070000035 ], [ 48.530902863000051, 38.51036834700011 ], [ 48.535167695000155, 38.507316589000027 ], [ 48.538921357000049, 38.503097534000119 ], [ 48.542980195000155, 38.498664856000175 ], [ 48.547058106000122, 38.494483948000095 ], [ 48.547950745000151, 38.493572235000045 ], [ 48.552585602000079, 38.48915863000019 ], [ 48.557781220000038, 38.485221863000163 ], [ 48.559513092000032, 38.483879089000084 ], [ 48.562343598000098, 38.481681824000077 ], [ 48.566654206000067, 38.478210449000187 ], [ 48.57033920300006, 38.475131989000033 ], [ 48.574363709000124, 38.471153259000175 ], [ 48.580036164000092, 38.464023590000068 ], [ 48.585453034000068, 38.456199646000016 ], [ 48.589084625999988, 38.448997498000097 ], [ 48.59154892000015, 38.441753387000119 ], [ 48.594226838000054, 38.435890198000038 ], [ 48.598091126000043, 38.429611206000118 ], [ 48.600105286000087, 38.425102234000065 ], [ 48.602420807000044, 38.420372009000118 ], [ 48.606819153000174, 38.415378571000133 ], [ 48.611358643000074, 38.411716461000026 ], [ 48.616180420000148, 38.409404755000025 ], [ 48.621837616000164, 38.407314301000099 ], [ 48.626930237000124, 38.404975891000049 ], [ 48.632034302000079, 38.402408600000172 ], [ 48.640045166000164, 38.399944305000133 ], [ 48.64742279100011, 38.39837265 ], [ 48.65358352700008, 38.397674561000088 ], [ 48.660869599000193, 38.397705078000058 ], [ 48.66819000300012, 38.397045136000145 ], [ 48.678092957000104, 38.39716720600012 ], [ 48.685920716000169, 38.397899628000118 ], [ 48.696918488000108, 38.400184631000116 ], [ 48.714679718000127, 38.405250549000073 ], [ 48.732654572000172, 38.406692505000137 ], [ 48.740070343000127, 38.409427643000186 ], [ 48.742092133000085, 38.410175324000136 ], [ 48.752471924000133, 38.418498993000014 ], [ 48.767131806000179, 38.434967041000164 ], [ 48.772624970000152, 38.435810089000086 ], [ 48.781974793000074, 38.441352844000107 ], [ 48.791141510000102, 38.444595337000123 ], [ 48.794357300000058, 38.444446564000145 ], [ 48.818859101000101, 38.443321228000116 ], [ 48.838848114000086, 38.445487976000152 ], [ 48.870365143000072, 38.437435150000169 ], [ 48.879386902000192, 38.437000275000173 ], [ 48.878200531000175, 38.470817566000164 ], [ 48.877338410000164, 38.495349884000177 ], [ 48.880073548000155, 38.531639099000074 ], [ 48.878635407000104, 38.55062103299997 ], [ 48.875766755000086, 38.562458038000159 ], [ 48.875400544000058, 38.596363068000073 ], [ 48.875671387000182, 38.604125977000137 ], [ 48.877075195000145, 38.624084473000039 ], [ 48.877929687000119, 38.639282227000194 ], [ 48.875305176000154, 38.653503418000128 ], [ 48.872680664000086, 38.680480957000157 ], [ 48.868103027000132, 38.732482910000044 ], [ 48.868713379000155, 38.736694335999971 ], [ 48.870910645000095, 38.749328613000046 ], [ 48.852478027000132, 38.765686035000044 ], [ 48.85070800800014, 38.769714355000133 ], [ 48.82531738300014, 38.824890137000182 ], [ 48.82727050799997, 38.831726074000073 ], [ 48.825927734000061, 38.843688965000183 ], [ 48.827880859000118, 38.850097656000116 ], [ 48.820922852000024, 38.861083984000174 ], [ 48.821472168000184, 38.867675781000173 ], [ 48.827087402000132, 38.861328125000057 ], [ 48.834716797000169, 38.855895996000072 ], [ 48.843688965000183, 38.855285645000151 ], [ 48.849914551000154, 38.857299805000139 ], [ 48.86688232400013, 38.856506348000153 ], [ 48.876525879000155, 38.862670898000033 ], [ 48.90286636400009, 38.889331818000073 ], [ 48.922504425, 38.914226532000043 ], [ 48.928283691, 38.921691895000151 ], [ 48.936279297000056, 38.939086914000143 ], [ 48.93768310500019, 38.945922852000137 ], [ 48.9382934570001, 38.94891357400013 ], [ 48.935485840000013, 38.957092285000158 ], [ 48.938720703000058, 38.964904785000158 ], [ 48.946899414000086, 38.97491455100004 ], [ 48.947875977000137, 38.978515625000114 ], [ 48.945129395000095, 38.993103027000018 ], [ 48.946899414000086, 39.014282227000024 ], [ 48.941528320000145, 39.034912109000061 ], [ 48.93768310500019, 39.042114258000083 ], [ 48.932128906000116, 39.04772949200003 ], [ 48.919128418000184, 39.053100586000141 ], [ 48.923278809000124, 39.058471680000082 ], [ 48.92791748000019, 39.062316895000038 ], [ 48.931091309000124, 39.070922852000194 ], [ 48.932922363000102, 39.083679199000073 ], [ 48.936706543000071, 39.087890625000171 ], [ 48.929077148000033, 39.100280762000125 ], [ 48.928710937000176, 39.106079102000081 ], [ 48.941894531000116, 39.133117676000154 ], [ 48.952880859000174, 39.147521973000096 ], [ 48.950683594, 39.150329590000126 ], [ 48.94549560500019, 39.157287598000153 ], [ 48.949279785000158, 39.161071777000132 ], [ 49.01788330100004, 39.194519043000014 ], [ 49.02087402300009, 39.201110840000183 ], [ 49.018127441, 39.207092285000101 ], [ 49.01312255900018, 39.209106445000145 ], [ 49.011474609000061, 39.213500977000137 ], [ 49.014099121000129, 39.216674805000025 ], [ 49.019470215000069, 39.215881348000153 ], [ 49.027282715000069, 39.210876465000069 ], [ 49.027526855000019, 39.20532226600011 ], [ 49.033874512000068, 39.201721191000161 ], [ 49.040100098000039, 39.198303223000153 ], [ 49.045471191000104, 39.199707031000116 ], [ 49.049072266000053, 39.197875977000137 ], [ 49.047302246000129, 39.187072754000042 ], [ 49.053710937000062, 39.179504395000095 ], [ 49.059692383000083, 39.177490234000174 ], [ 49.06671142600004, 39.172729492000087 ], [ 49.075317383000083, 39.170288086000028 ], [ 49.074890137000068, 39.165527344000111 ], [ 49.07751464800009, 39.161926270000095 ], [ 49.076477051000097, 39.157714844000111 ], [ 49.068908691000047, 39.157287598000153 ], [ 49.06671142600004, 39.153930664000029 ], [ 49.065124512000011, 39.147094727000081 ], [ 49.067077637000068, 39.142700195000089 ], [ 49.071105957000157, 39.139099121000072 ], [ 49.077880859000061, 39.138488770000095 ], [ 49.090270996000186, 39.141479492000087 ], [ 49.096923828000172, 39.13891601600011 ], [ 49.099914551000097, 39.131713867000087 ], [ 49.095703125000171, 39.128723145000038 ], [ 49.092895508000083, 39.123718262000125 ], [ 49.102722168000128, 39.119689941000161 ], [ 49.098693848000039, 39.106079102000081 ], [ 49.095703125000171, 39.104919434000067 ], [ 49.09509277300009, 39.101501465000126 ], [ 49.097473145000038, 39.099487305000139 ], [ 49.113281250000171, 39.097717285000044 ], [ 49.121887206999986, 39.100097656000059 ], [ 49.123291016000053, 39.107482910000044 ], [ 49.130126953000172, 39.112304687000119 ], [ 49.135925293000128, 39.113098145000095 ], [ 49.14868164100011, 39.12127685500019 ], [ 49.155883789000029, 39.12127685500019 ], [ 49.159484863000102, 39.11828613300014 ], [ 49.163330078000172, 39.117675781000116 ], [ 49.167907715000126, 39.120117187000119 ], [ 49.171081543000184, 39.119689941000161 ], [ 49.170104980000133, 39.108886719000111 ], [ 49.176086426000154, 39.104125977000024 ], [ 49.181518555000082, 39.099487305000139 ], [ 49.172912598000096, 39.09069824200003 ], [ 49.194091797000169, 39.097717285000044 ], [ 49.200927734000118, 39.096923828 ], [ 49.206298828000058, 39.094299316000104 ], [ 49.208312988000102, 39.089111328 ], [ 49.206909180000139, 39.079711914000029 ], [ 49.18969726600011, 39.048278809000067 ], [ 49.182312012000125, 39.041076660000044 ], [ 49.162292480000133, 39.025329590000069 ], [ 49.125915527000075, 38.996520996000129 ], [ 49.11047363300014, 38.990905762000068 ], [ 49.09509277300009, 38.982910156000173 ], [ 49.077880859000061, 38.97210693400018 ], [ 49.065917969000054, 38.959716797000056 ], [ 49.054870605000076, 38.956909180000025 ], [ 49.058471680000082, 38.951904297000056 ], [ 49.069274902000075, 38.948486328000172 ], [ 49.106689453, 38.947692871000129 ], [ 49.096130371000129, 38.944519043000071 ], [ 49.093322754000098, 38.941284180000025 ], [ 49.100524902000018, 38.93890380900018 ], [ 49.125305176000097, 38.951293945000032 ], [ 49.15930175800014, 38.968505859000061 ], [ 49.166076660000044, 38.974487305000025 ], [ 49.17407226600011, 38.985473633000083 ], [ 49.178527832000157, 38.991882324000187 ], [ 49.196105957000043, 39.022888184000067 ], [ 49.206298828000058, 39.059082031000059 ], [ 49.214294434000124, 39.070678710999971 ], [ 49.218322754000155, 39.082702637000125 ], [ 49.220275879000042, 39.097473145000095 ], [ 49.222473145000095, 39.104492187000176 ], [ 49.23775505500015, 39.155351353000071 ], [ 49.237888989, 39.155913137000027 ], [ 49.240398407000157, 39.164237976000038 ], [ 49.239479065000126, 39.1939849850001 ], [ 49.241302491, 39.228607178000061 ], [ 49.245452881000062, 39.292823792000149 ], [ 49.248954773000094, 39.308021545000031 ], [ 49.256820679000043, 39.317375182999967 ], [ 49.265098572000113, 39.323757172 ], [ 49.277851105000195, 39.328876495000031 ], [ 49.292755127000191, 39.331756592000033 ], [ 49.296272278000117, 39.331554413000106 ], [ 49.30397033700018, 39.331111908000139 ], [ 49.320003510000106, 39.327835083000025 ], [ 49.333168030000081, 39.322654724000131 ], [ 49.341007233000028, 39.318035126000154 ], [ 49.350612641000055, 39.305900574000134 ], [ 49.366897583000139, 39.295982361000085 ], [ 49.371353150000061, 39.287387848000151 ], [ 49.374668122000116, 39.285404205000077 ], [ 49.375808716000165, 39.278793334999989 ], [ 49.3796997070001, 39.281497955000134 ], [ 49.381752015000131, 39.278862000000117 ], [ 49.378864289000092, 39.274745941000162 ], [ 49.381416321000074, 39.27425766000016 ], [ 49.388755799000137, 39.278869629000098 ], [ 49.39524078400018, 39.278564453000058 ], [ 49.402832032000163, 39.272560120000037 ], [ 49.413486481, 39.270977020000146 ], [ 49.422252655000079, 39.272552490000123 ], [ 49.427902222000057, 39.271080017000031 ], [ 49.429573059000177, 39.265853882000101 ], [ 49.435657502000083, 39.268283844000052 ], [ 49.439270020000038, 39.273864746000129 ], [ 49.435615540000185, 39.277503967000087 ], [ 49.429878235000047, 39.277534485000103 ], [ 49.429943085000048, 39.282917023000152 ], [ 49.435661316000051, 39.281543732000102 ], [ 49.435676575000173, 39.283168793000186 ], [ 49.430511475, 39.287399292000032 ], [ 49.410163880000027, 39.296081543000128 ], [ 49.403678894000052, 39.303947449000077 ], [ 49.396564484000123, 39.335601807000103 ], [ 49.398689270000034, 39.349159241000109 ], [ 49.410903931000064, 39.368446350000113 ], [ 49.412467957000104, 39.373748778999982 ], [ 49.411106110000162, 39.378524780000191 ], [ 49.406074524000019, 39.379268646000128 ], [ 49.402687073000152, 39.377468109000063 ], [ 49.401187897000113, 39.379596710000101 ], [ 49.403881073000036, 39.382476807000103 ], [ 49.40086364800004, 39.384239197000056 ], [ 49.393280030000142, 39.38222885100015 ], [ 49.385261536000144, 39.383872986000029 ], [ 49.377407074000075, 39.388725281000177 ], [ 49.356460572000117, 39.404254913000045 ], [ 49.339935303000175, 39.419658661000028 ], [ 49.322669983000026, 39.431152344000054 ], [ 49.302280426000038, 39.446914673000151 ], [ 49.294223786000089, 39.456562042000144 ], [ 49.28416824400017, 39.471885681000174 ], [ 49.278636932999973, 39.48456955000006 ], [ 49.277881623000042, 39.495998383000028 ], [ 49.279434205000086, 39.50756073000008 ], [ 49.280376435000051, 39.514598846000126 ], [ 49.287048340000069, 39.532157898000094 ], [ 49.293346405000079, 39.54409408600003 ], [ 49.296100617000036, 39.549316406000116 ], [ 49.302364350000062, 39.562511444000108 ], [ 49.301914215000068, 39.566390991000048 ], [ 49.307949067000038, 39.585308075000114 ], [ 49.312179566000054, 39.59044265700004 ], [ 49.317810059000067, 39.604766846000132 ], [ 49.319633484, 39.618316650000168 ], [ 49.33277511600005, 39.64471817000009 ], [ 49.338581086000147, 39.647373199000128 ], [ 49.356914521000135, 39.662456512000119 ], [ 49.359226227000079, 39.665042877000189 ], [ 49.36492919900013, 39.67132568400018 ], [ 49.378479004000098, 39.681274413999972 ], [ 49.395507812000062, 39.689086914000143 ], [ 49.407287598000039, 39.691101074000187 ], [ 49.419921875000114, 39.69671630900018 ], [ 49.414672852000024, 39.706481934000067 ], [ 49.409484863000046, 39.71569824200003 ], [ 49.402526855000076, 39.724487305000082 ], [ 49.390502930000196, 39.759277344000111 ], [ 49.387329102000137, 39.776672363000102 ], [ 49.388305664000143, 39.790893555000082 ], [ 49.391296387000068, 39.797485352000081 ], [ 49.402526855000076, 39.807678223000096 ], [ 49.40850830100004, 39.818725586000141 ], [ 49.412902832000157, 39.839721680000082 ], [ 49.421508789000143, 39.847106934000124 ], [ 49.432922363000046, 39.848876953000115 ], [ 49.442321777000018, 39.85852050800014 ], [ 49.437316894999981, 39.86688232400013 ], [ 49.431701659999987, 39.872314453000058 ], [ 49.423278809000067, 39.888305664000086 ], [ 49.41351318400018, 39.926879883000026 ], [ 49.415527344000054, 39.939270020000151 ], [ 49.420104980000076, 39.950317383000026 ], [ 49.426696777000075, 39.9558715820001 ], [ 49.435485840000126, 39.958129883000026 ], [ 49.446289062000119, 39.964477539000143 ], [ 49.453674316000104, 39.966308594 ], [ 49.460693359000061, 39.970703125000114 ], [ 49.475708008000083, 39.980102539000143 ], [ 49.478515625000171, 39.985717773000033 ], [ 49.466918945000032, 39.999877930000025 ], [ 49.462890625000171, 40.0046997070001 ], [ 49.44030761700003, 40.023925781000173 ], [ 49.431884766000053, 40.033325195000032 ], [ 49.421691895000038, 40.04968261700003 ], [ 49.414672852000024, 40.066711426000097 ], [ 49.412719727000194, 40.077880859000118 ], [ 49.41632080100004, 40.086486816000104 ], [ 49.428100586000141, 40.092102051000097 ], [ 49.435485840000126, 40.099487305000082 ], [ 49.444519043000128, 40.101074219000111 ], [ 49.454284668000184, 40.108276367000087 ], [ 49.465881348000096, 40.106079102000081 ], [ 49.472473145000038, 40.11071777300009 ], [ 49.484680176000154, 40.113708496000186 ], [ 49.468872070000089, 40.132080078000058 ], [ 49.467529297000112, 40.140319824000073 ], [ 49.46569824200003, 40.15148925800014 ], [ 49.469116211000141, 40.170104980000133 ], [ 49.471130371000186, 40.173278809000124 ], [ 49.476928711000141, 40.177124023000147 ], [ 49.495483398000147, 40.180480957000043 ], [ 49.51867675800014, 40.200073242000087 ], [ 49.526123047000112, 40.203674316000161 ], [ 49.545898437000176, 40.207275391000167 ], [ 49.561889648000147, 40.212280272999976 ], [ 49.570922852000081, 40.218688965000183 ], [ 49.578674316000161, 40.224487305000139 ], [ 49.61151123000019, 40.23468017600004 ], [ 49.620483398000033, 40.242309570000145 ], [ 49.623474121000129, 40.24188232400013 ], [ 49.624877930000196, 40.233276367000144 ], [ 49.630310059000124, 40.233276367000144 ], [ 49.637084961000085, 40.237304687000176 ], [ 49.630920410000101, 40.238281250000057 ], [ 49.632873535000158, 40.244873047000056 ], [ 49.642700195000145, 40.250915527000132 ], [ 49.662475586000085, 40.257324219000168 ], [ 49.672119141000167, 40.26971435500019 ], [ 49.676696777000188, 40.27288818400018 ], [ 49.680297852000137, 40.275512695000145 ], [ 49.691284180000196, 40.278076172000056 ], [ 49.701293945000032, 40.278320312000176 ], [ 49.71710205100004, 40.27569580100004 ], [ 49.726684570000032, 40.278320312000176 ], [ 49.742492676000097, 40.288696289000086 ], [ 49.754516602000194, 40.294494629000042 ], [ 49.776123047000112, 40.300476074000187 ], [ 49.798095703000172, 40.303894043000071 ], [ 49.806518555000082, 40.30108642600004 ], [ 49.818481445000089, 40.300903319999975 ], [ 49.824707031000059, 40.3035278320001 ], [ 49.829711913999972, 40.307922363000159 ], [ 49.837097168000184, 40.327087402000188 ], [ 49.837280273000147, 40.340087891 ], [ 49.841674805000139, 40.340881348000039 ], [ 49.844482422000169, 40.344909668000071 ], [ 49.839721680000082, 40.347717285000158 ], [ 49.832519531000059, 40.3464965820001 ], [ 49.828125000000171, 40.352111816000047 ], [ 49.827697754000155, 40.357910156000173 ], [ 49.830688477000081, 40.363525391000167 ], [ 49.836486816000104, 40.367309570000032 ], [ 49.843078613000102, 40.368103027000018 ], [ 49.85290527300009, 40.372070312000119 ], [ 49.856872559000124, 40.370117187000062 ], [ 49.865722656000059, 40.372314453000172 ], [ 49.87609863300014, 40.371093750000114 ], [ 49.894287109000118, 40.371704102000194 ], [ 49.913085937000176, 40.369079590000126 ], [ 49.921325684000067, 40.363891602000194 ], [ 49.930725098000096, 40.360717773000033 ], [ 49.93969726600011, 40.354492187000062 ], [ 49.946472168000071, 40.346313477000137 ], [ 49.950073242000144, 40.33428955100004 ], [ 49.956481934000124, 40.335510254000098 ], [ 49.969726562000176, 40.338073730000076 ], [ 49.976684570000145, 40.337890625000114 ], [ 49.995300293000071, 40.332275391000053 ], [ 50.001525879000042, 40.332702637000011 ], [ 50.009887694999975, 40.336914062000062 ], [ 50.016296387000182, 40.345275879000098 ], [ 50.022521973000153, 40.349121094000054 ], [ 50.038696289000143, 40.352478027000075 ], [ 50.05108642600004, 40.353088379000098 ], [ 50.058715819999975, 40.351928711000085 ], [ 50.065307617000144, 40.348876953000172 ], [ 50.068481445000032, 40.34991455100004 ], [ 50.078125000000114, 40.348693848000039 ], [ 50.084899902000018, 40.360717773000033 ], [ 50.093322754000098, 40.36608886700003 ], [ 50.107299805000025, 40.369689941000047 ], [ 50.126525879000098, 40.368286133000083 ], [ 50.155700684000067, 40.362304687000062 ], [ 50.173522949000187, 40.353881836000141 ], [ 50.180908203, 40.353088379000098 ], [ 50.194885254000155, 40.355285644999981 ], [ 50.209472656000116, 40.353881836000141 ], [ 50.225524902000075, 40.349670409999987 ], [ 50.248474121000072, 40.340515137000182 ], [ 50.27508544900013, 40.328674316000047 ], [ 50.278686522999976, 40.325683594000054 ], [ 50.296081543000071, 40.322875977000194 ], [ 50.30828857400013, 40.314270019999981 ], [ 50.316894531000116, 40.312683105000076 ], [ 50.339111328000115, 40.292724609000174 ], [ 50.344299316, 40.286071777000188 ], [ 50.345703125000057, 40.281494141000167 ], [ 50.350524902000132, 40.26507568400018 ], [ 50.348083496000129, 40.255310059000124 ], [ 50.349914550999983, 40.246704102000137 ], [ 50.356689453000115, 40.23651123000019 ], [ 50.360107422000056, 40.225097656000116 ], [ 50.363525391000167, 40.195678711000028 ], [ 50.36932373000019, 40.206481934000124 ], [ 50.368530272999976, 40.231689453000115 ], [ 50.370117187, 40.246093750000057 ], [ 50.364501953000115, 40.248718262000125 ], [ 50.363281250000114, 40.260681152000188 ], [ 50.357482910000158, 40.268127441000161 ], [ 50.359130859000174, 40.276489258000026 ], [ 50.352294922000056, 40.297119141000167 ], [ 50.357910156000116, 40.320129395000151 ], [ 50.356323242000087, 40.333923340000069 ], [ 50.357299805000196, 40.354492187000062 ], [ 50.355102539000086, 40.361877441000047 ], [ 50.342895508000026, 40.377685547000112 ], [ 50.334899902000188, 40.392089844000054 ], [ 50.331909180000139, 40.404479980000133 ], [ 50.320678711000085, 40.41149902300009 ], [ 50.283081055000139, 40.428283691000104 ], [ 50.275512695000089, 40.435302734000061 ], [ 50.268127441000104, 40.451904297000112 ], [ 50.262329102000081, 40.448730469000054 ], [ 50.256286621000072, 40.450683594000111 ], [ 50.253479004000042, 40.460693359000118 ], [ 50.243713379000155, 40.465270996000072 ], [ 50.241516113000102, 40.471923828000172 ], [ 50.231872559000124, 40.479309081999986 ], [ 50.231506348000096, 40.48547363300014 ], [ 50.219726562000119, 40.50109863300014 ], [ 50.212707520000038, 40.499877930000139 ], [ 50.208312988000046, 40.503723145000038 ], [ 50.203125000000171, 40.505310059000067 ], [ 50.193481445000089, 40.505126953 ], [ 50.186889648000147, 40.508300781000059 ], [ 50.182312012000068, 40.508300781000059 ], [ 50.175720215000126, 40.505310059000067 ], [ 50.161315918000128, 40.512878418000014 ], [ 50.157897949000017, 40.513488770000095 ], [ 50.148498535000044, 40.51452636700003 ], [ 50.143310547000112, 40.51867675799997 ], [ 50.115295409999987, 40.521118164000029 ], [ 50.108093262000068, 40.524108887000125 ], [ 50.102294922000112, 40.53149414100011 ], [ 50.091308594000054, 40.536926270000038 ], [ 50.086486816000047, 40.54211425800014 ], [ 50.082275391000053, 40.555297852000081 ], [ 50.060485840000069, 40.573120117000087 ], [ 50.057922363000159, 40.577880859000174 ], [ 50.065124512000182, 40.587707520000095 ], [ 50.062683105000076, 40.592895508000026 ], [ 50.0535278320001, 40.589294434000124 ], [ 50.044311523000033, 40.589477539000086 ], [ 50.006530762000182, 40.582885742000144 ], [ 50.000122070000145, 40.583312988000102 ], [ 49.994873047000056, 40.58367919900013 ], [ 49.980285645000151, 40.59149169900013 ], [ 49.967529297000169, 40.59149169900013 ], [ 49.952880859000174, 40.588928223000096 ], [ 49.92547607400013, 40.579895020000095 ], [ 49.90649414100011, 40.576721191000161 ], [ 49.870300293000184, 40.57049560500019 ], [ 49.807922363000046, 40.563293457000043 ], [ 49.789672852000081, 40.566284180000139 ], [ 49.772888184000067, 40.574279785000101 ], [ 49.762878418000128, 40.575073242000144 ], [ 49.746704102000194, 40.573486328000115 ], [ 49.73327636700003, 40.571899414000086 ], [ 49.713928223000153, 40.574279785000101 ], [ 49.706733704000044, 40.57624816900011 ], [ 49.706704325000032, 40.576256246000128 ], [ 49.695522309000125, 40.579330444000107 ], [ 49.685951233000139, 40.585441589000141 ], [ 49.662624360000166, 40.611930847000167 ], [ 49.659435273000156, 40.613048553000112 ], [ 49.604999543000076, 40.613452910999968 ], [ 49.588951111000029, 40.615364075 ], [ 49.573837281000067, 40.620433807000097 ], [ 49.558963775999985, 40.62777710000006 ], [ 49.543399811000029, 40.631488800000056 ], [ 49.532459259000177, 40.644786835000161 ], [ 49.526950837000072, 40.658210754000038 ], [ 49.52549743700007, 40.659976959000062 ], [ 49.514396668000074, 40.67344284100011 ], [ 49.509368897000172, 40.700302124000132 ], [ 49.506870270000093, 40.713619232000099 ], [ 49.505714417000149, 40.745601654000097 ], [ 49.507968903000119, 40.755565643000011 ], [ 49.519493103000116, 40.770477295000148 ], [ 49.517726899000195, 40.774070740000184 ], [ 49.514030457000047, 40.781600952000133 ], [ 49.515865326000039, 40.784702301000095 ], [ 49.52230835000006, 40.785686493000185 ], [ 49.525642395000148, 40.788696289000029 ], [ 49.524024963999977, 40.793388367000091 ], [ 49.515846253000177, 40.801692963000107 ], [ 49.509166718000017, 40.815647125000055 ], [ 49.498500824000018, 40.826171875000114 ], [ 49.486495972000114, 40.832637787000067 ], [ 49.473255158000029, 40.835968018000187 ], [ 49.462104798000098, 40.836185455000134 ], [ 49.448287964000144, 40.83403396600005 ], [ 49.435836792000032, 40.839149475000056 ], [ 49.42245102000004, 40.841102600000113 ], [ 49.412086487000181, 40.843101501000035 ], [ 49.402606965000132, 40.847801209000068 ], [ 49.392997742000034, 40.857101440000122 ], [ 49.384941101000038, 40.869750977000024 ], [ 49.368656159000125, 40.881744385000104 ], [ 49.367141724000135, 40.883373261000031 ], [ 49.351242066000168, 40.900455475000172 ], [ 49.322296143000131, 40.91296386700003 ], [ 49.315921784000068, 40.918621063000046 ], [ 49.29478836100003, 40.948562622000054 ], [ 49.290794373000153, 40.952445984000178 ], [ 49.289012909000178, 40.954181671000185 ], [ 49.267177582000159, 40.965564728000118 ], [ 49.252765656000179, 40.978576660000044 ], [ 49.228691101000152, 40.994899750000059 ], [ 49.205043793000073, 41.015556335000099 ], [ 49.193126679000102, 41.032546997000111 ], [ 49.183303833000195, 41.037246703999983 ], [ 49.183254242000089, 41.039775848000033 ], [ 49.187850953000179, 41.041996002000019 ], [ 49.189620972000171, 41.042850494000049 ], [ 49.184700013000054, 41.051170349000188 ], [ 49.179134369000167, 41.077201843000182 ], [ 49.172748566, 41.089050293000184 ], [ 49.158798218000015, 41.116252899000131 ], [ 49.158126831000175, 41.138488770000038 ], [ 49.158096314000034, 41.139480591000108 ], [ 49.155391694000059, 41.14881897000015 ], [ 49.143688202000192, 41.180484772000057 ], [ 49.133689881000123, 41.241436005000025 ], [ 49.125164032000157, 41.262584686000082 ], [ 49.123950959000069, 41.271949768000127 ], [ 49.123275757000158, 41.277156830000195 ], [ 49.095218659000011, 41.331329346000132 ], [ 49.075241089000144, 41.350826263000158 ], [ 49.072914124000079, 41.356010437000066 ], [ 49.068260193000071, 41.366371155000081 ], [ 49.054824830000143, 41.381362915000068 ], [ 49.012535096000136, 41.428272247 ], [ 48.979858399000136, 41.471187591999978 ], [ 48.947841645000153, 41.502574921000075 ], [ 48.936389924000082, 41.519737244000169 ], [ 48.894634247000113, 41.555088043000069 ], [ 48.857658387000129, 41.592914581000059 ], [ 48.846706391000055, 41.602264404000152 ], [ 48.840427399000134, 41.607624054000041 ], [ 48.797103882000101, 41.653347015000179 ], [ 48.792148590000124, 41.655906677000019 ], [ 48.786281586000143, 41.655303955000079 ], [ 48.781391144000168, 41.658550262000176 ], [ 48.765579224000192, 41.685337067000091 ], [ 48.73794937200006, 41.723308563000046 ], [ 48.725101471000073, 41.733173370000088 ], [ 48.712963105000085, 41.747360230000083 ], [ 48.705829621000134, 41.756229401000041 ], [ 48.69368743900003, 41.767200470000148 ], [ 48.679321289000086, 41.777366638000046 ], [ 48.660602570000037, 41.793498993000185 ], [ 48.616817475, 41.823783875000061 ], [ 48.598655701000098, 41.832988739000143 ], [ 48.588531495000154, 41.842926025000054 ], [ 48.574321747000056, 41.848476410000046 ], [ 48.555751801000099, 41.863433838000049 ], [ 48.54887771600005, 41.87549209600013 ], [ 48.533809662000124, 41.885025024000186 ], [ 48.514751435000051, 41.882335663000163 ], [ 48.513080597000169, 41.878429413000049 ], [ 48.508487702000195, 41.867702484000063 ], [ 48.505107880000139, 41.864120483000079 ], [ 48.497974396000188, 41.856571198000097 ], [ 48.499565125000117, 41.848251343000129 ], [ 48.500675202000195, 41.842441559000122 ], [ 48.49974823000008, 41.828952789000141 ], [ 48.494079590000183, 41.823963165000123 ], [ 48.486499787000184, 41.818153381000116 ], [ 48.474136353, 41.786663055000133 ], [ 48.445877076000158, 41.728214264000144 ], [ 48.439750672000059, 41.721408844000166 ], [ 48.439289093000127, 41.719444275000058 ], [ 48.435283661000028, 41.702365875000055 ], [ 48.428726197000117, 41.683883667000089 ], [ 48.425582886000029, 41.665920257999971 ], [ 48.424011231000122, 41.655220032000159 ], [ 48.421138764000034, 41.643665314000145 ], [ 48.419448853000063, 41.638473511000029 ], [ 48.414409638000109, 41.62656784100011 ], [ 48.401500702000192, 41.612075806000178 ], [ 48.355937958000084, 41.584064484000123 ], [ 48.354267121000134, 41.583351135000157 ], [ 48.340789795000035, 41.577583313000048 ], [ 48.321346283000082, 41.569259644000113 ], [ 48.305633545000148, 41.566219330000081 ], [ 48.299606324000138, 41.565052032000153 ], [ 48.281337738000104, 41.558609009000065 ], [ 48.28075409000013, 41.55817794799998 ], [ 48.26795959500015, 41.548709869000049 ], [ 48.259693146000131, 41.53787612900004 ], [ 48.251884461000031, 41.521743774000072 ], [ 48.234947205000026, 41.516376495000145 ], [ 48.212985993000132, 41.512851715000181 ], [ 48.193553925000117, 41.503238678000173 ], [ 48.17633438200005, 41.501544952000188 ], [ 48.157676697000056, 41.504497528000059 ], [ 48.136966706000067, 41.504798889000028 ], [ 48.121147156000177, 41.501651764000144 ], [ 48.111423493000075, 41.498443604000101 ], [ 48.092479706000177, 41.497962952000137 ], [ 48.071289063000052, 41.494503021000071 ], [ 48.051055909000127, 41.491195678999986 ], [ 48.045036316000107, 41.48849868800005 ], [ 48.039588929000104, 41.481643677000136 ], [ 48.039524079000103, 41.475692749000189 ], [ 48.039455413999974, 41.469039917000032 ], [ 48.038333893000186, 41.459232330000077 ], [ 48.025131226000155, 41.432334900000171 ], [ 48.012069703000122, 41.414371491000054 ], [ 48.004413605000082, 41.405616760000157 ], [ 48.001232148000042, 41.401977539000086 ], [ 47.997592925999982, 41.397811890000128 ], [ 47.992595673000153, 41.392349243000126 ], [ 47.986022950000176, 41.38646316500018 ], [ 47.979125977000137, 41.384033203 ], [ 47.970375061000141, 41.381225586000141 ], [ 47.957893372000058, 41.377445221000073 ], [ 47.949867249000079, 41.372310638000101 ], [ 47.940944672000171, 41.359882355000025 ], [ 47.938953400000059, 41.346679688000165 ], [ 47.938255310000045, 41.31943130500008 ], [ 47.937072754000098, 41.312377930000082 ], [ 47.934486390000131, 41.306766510000159 ], [ 47.930011750000119, 41.300323486000138 ], [ 47.920639038000161, 41.293415070000151 ], [ 47.903144837000127, 41.280002594000109 ], [ 47.897674561000144, 41.272457123000095 ], [ 47.895645142000035, 41.266132355000082 ], [ 47.899353028, 41.248085022000112 ], [ 47.899147034, 41.23800659200009 ], [ 47.896190644, 41.231494904000044 ], [ 47.891139985, 41.225307465000128 ], [ 47.878814698000099, 41.219219208000084 ], [ 47.865306855000085, 41.21731185900012 ], [ 47.849472046000017, 41.216651917000036 ], [ 47.82114029000013, 41.219074249000073 ], [ 47.807704926000099, 41.218070984000121 ], [ 47.801986695000096, 41.216770172000111 ], [ 47.798435212000186, 41.215961456000173 ], [ 47.790122986000029, 41.210605621000127 ], [ 47.773849488000053, 41.192764282000041 ], [ 47.767250061000141, 41.189846039000031 ], [ 47.753219605000083, 41.188865662000012 ], [ 47.741485596000075, 41.190071106000119 ], [ 47.730976105000138, 41.19145202600015 ], [ 47.719917298000041, 41.197441100999981 ], [ 47.702037812000071, 41.217247009000062 ], [ 47.69773101800007, 41.220413208000082 ], [ 47.696735382000099, 41.22086334200003 ], [ 47.690986634000126, 41.223461151000151 ], [ 47.683528901000102, 41.225158691000104 ], [ 47.662094117000095, 41.222656250000057 ], [ 47.650653840000075, 41.22383880600006 ], [ 47.644157410000048, 41.226181030000191 ], [ 47.636211396000022, 41.233402252000133 ], [ 47.630992890000073, 41.236606598000037 ], [ 47.624423981000064, 41.238033295000037 ], [ 47.613677979000158, 41.236434937000126 ], [ 47.60568237300015, 41.231048584000064 ], [ 47.597423554000045, 41.22223663300008 ], [ 47.584220887000015, 41.216152191000049 ], [ 47.571666718000188, 41.214626312 ], [ 47.560718537000184, 41.210281372000054 ], [ 47.541912079000042, 41.206264496000074 ], [ 47.535915375, 41.207206726000038 ], [ 47.521476746000076, 41.216979980000076 ], [ 47.511718750000057, 41.22449493400012 ], [ 47.500415802000077, 41.23161697400019 ], [ 47.495376587000123, 41.237327576000041 ], [ 47.49702835100004, 41.243217468000068 ], [ 47.49708557200006, 41.256275177000191 ], [ 47.4919929510001, 41.261302948000093 ], [ 47.484481812000126, 41.266426086000138 ], [ 47.478221894000114, 41.268062592000035 ], [ 47.458530426000152, 41.264530182000101 ], [ 47.449195862000124, 41.269729614000084 ], [ 47.442012787000124, 41.271171570000035 ], [ 47.431938172000059, 41.27044296300005 ], [ 47.41337585500014, 41.265705109000066 ], [ 47.404914856000062, 41.266284943000073 ], [ 47.388294220000091, 41.271545410000044 ], [ 47.370628357000101, 41.277282715000013 ], [ 47.362483979, 41.27993011500007 ], [ 47.344707489000029, 41.286151886000141 ], [ 47.326576233000139, 41.291110992000142 ], [ 47.325050354000098, 41.291526794000049 ], [ 47.299144745000092, 41.303108215000066 ], [ 47.278648377000081, 41.314010620000033 ], [ 47.269851685000049, 41.318481444999975 ], [ 47.262393951999968, 41.32473754900019 ], [ 47.259563446000072, 41.336307526000098 ], [ 47.257892609000123, 41.350124359000176 ], [ 47.257015229000046, 41.357357025000113 ], [ 47.25310134900019, 41.363960266000163 ], [ 47.253089905000138, 41.386013031000061 ], [ 47.251457215000073, 41.393913269000052 ], [ 47.247821808000083, 41.398410797000167 ], [ 47.241527558000143, 41.399803162000183 ], [ 47.235485077000135, 41.39896011400009 ], [ 47.23384857200017, 41.398731232000159 ], [ 47.227092743000128, 41.397853851000093 ], [ 47.223770142000092, 41.39821243300014 ], [ 47.219684600999983, 41.400665283000194 ], [ 47.215660096000192, 41.404029846000128 ], [ 47.214061737000179, 41.411655426000152 ], [ 47.216011048000098, 41.422119141 ], [ 47.220840455000086, 41.429229736000082 ], [ 47.223136902000078, 41.432609558000138 ], [ 47.227706910000052, 41.437011719000168 ], [ 47.22747039799998, 41.442291260000104 ], [ 47.221267701000045, 41.445056915 ], [ 47.211727143000076, 41.44794845600012 ], [ 47.208972931000119, 41.448478699000191 ], [ 47.204216004000102, 41.449390411000138 ], [ 47.199821472999986, 41.451850891000106 ], [ 47.195327759000179, 41.457298278999986 ], [ 47.193325043000186, 41.467918396000073 ], [ 47.190204621000134, 41.475601196000127 ], [ 47.18741989199998, 41.479305267000086 ], [ 47.184097290000068, 41.482467651000093 ], [ 47.17993545600018, 41.485622406000118 ], [ 47.176589966000108, 41.487159729000041 ], [ 47.172847748000095, 41.488876343000129 ], [ 47.166690827000025, 41.492324829000154 ], [ 47.163280487000122, 41.495891571000072 ], [ 47.16507721, 41.504379272000051 ], [ 47.165542603000063, 41.506576538000104 ], [ 47.16348648100012, 41.516510010000104 ], [ 47.165176392000035, 41.523319244000049 ], [ 47.157360077000192, 41.529350281000177 ], [ 47.144130707000159, 41.537220001000094 ], [ 47.135406495000041, 41.542568207000102 ], [ 47.129058838000049, 41.547851563000108 ], [ 47.123977662000073, 41.553775787000177 ], [ 47.121871949000194, 41.558666229000153 ], [ 47.120227814000145, 41.565834045000088 ], [ 47.120479584000179, 41.57842636099997 ], [ 47.116806031000067, 41.582695007000041 ], [ 47.109767914000145, 41.586856842000032 ], [ 47.100940705000141, 41.587192535000042 ], [ 47.098625184000127, 41.586071014000026 ], [ 47.093051911000032, 41.583370209000122 ], [ 47.083339692000152, 41.579612731999987 ], [ 47.076183320000098, 41.577590942000029 ], [ 47.070793152000135, 41.574588776000155 ], [ 47.070175171000074, 41.574058533000084 ], [ 47.065937043000076, 41.570415497000113 ], [ 47.064121247000116, 41.566131592000147 ], [ 47.063400269000169, 41.559970856000177 ], [ 47.058864594000113, 41.556018829000152 ], [ 47.052352906000124, 41.554431915000123 ], [ 47.043895722000059, 41.555664063000108 ], [ 47.033111573000156, 41.558589935000043 ], [ 47.029632569000057, 41.558494568000071 ], [ 47.026084900000058, 41.558395386000029 ], [ 47.017734528000119, 41.556644440000127 ], [ 47.009761811000146, 41.556026459000066 ], [ 46.988811493000071, 41.58956909200009 ], [ 46.987686158000145, 41.59556961100003 ], [ 46.987773896000078, 41.601520538000045 ], [ 46.993419648000042, 41.608417511000084 ], [ 47.001033783000082, 41.612716675000172 ], [ 47.003833771000075, 41.618110657000045 ], [ 47.001853943000071, 41.625061035000158 ], [ 46.998535157000106, 41.630222321000133 ], [ 46.993618012000127, 41.634300232000157 ], [ 46.985557557000106, 41.637119293000069 ], [ 46.970966340000132, 41.638118744000053 ], [ 46.95945358300014, 41.639457703000119 ], [ 46.940456391000055, 41.657108307000158 ], [ 46.923362732000101, 41.680644989000029 ], [ 46.918785096000079, 41.685394287 ], [ 46.918155671000136, 41.689769745000035 ], [ 46.920417785999973, 41.696334839000031 ], [ 46.919937134000179, 41.702995300000168 ], [ 46.916778565000072, 41.715484619000165 ], [ 46.910316468000133, 41.724197388000107 ], [ 46.903045655000142, 41.729957581 ], [ 46.895812989000149, 41.731594085999973 ], [ 46.882545472000118, 41.729782105000083 ], [ 46.864688874000194, 41.727901459000066 ], [ 46.855216980000023, 41.728012085000159 ], [ 46.84594726600011, 41.731323242000144 ], [ 46.83973312400019, 41.734519959000068 ], [ 46.837135315000126, 41.741718292000144 ], [ 46.831108094000115, 41.747890472000108 ], [ 46.820629120000149, 41.756278992000148 ], [ 46.807243348000156, 41.767063141000108 ], [ 46.791061402000082, 41.777256012000123 ], [ 46.781169892000037, 41.785392761000026 ], [ 46.776775361000148, 41.793338776000155 ], [ 46.773876191000056, 41.800769806000176 ], [ 46.773593903000119, 41.815673828000058 ], [ 46.768177033000143, 41.826862335000044 ], [ 46.764152527000192, 41.835937500000114 ], [ 46.764060975000064, 41.84418869000018 ], [ 46.761245728000119, 41.852996826000151 ], [ 46.757312775000059, 41.85722732500011 ], [ 46.75464630200014, 41.860099793000131 ], [ 46.748703003000173, 41.86305618300014 ], [ 46.739162445000034, 41.861270905000026 ], [ 46.738353730000142, 41.861118317000034 ], [ 46.7363014230001, 41.860733032000041 ], [ 46.726924897000174, 41.857849121000072 ], [ 46.711708069000053, 41.849666595000031 ], [ 46.706272126000101, 41.845958710000104 ], [ 46.703834534000066, 41.841232300000172 ], [ 46.70310211200001, 41.834381104000158 ], [ 46.700374604000103, 41.829895020000038 ], [ 46.692855834999989, 41.827171326000098 ], [ 46.685256958000025, 41.828117371000133 ], [ 46.674423218000186, 41.831237793000014 ], [ 46.661464691999981, 41.834655762000125 ], [ 46.647277832000157, 41.833072662000063 ], [ 46.612880707000102, 41.821399689000145 ], [ 46.597064972000055, 41.812992096000187 ], [ 46.584568024000077, 41.808826447000058 ], [ 46.576778412000067, 41.806564331000118 ], [ 46.56093216000005, 41.807777405000138 ], [ 46.552036286000146, 41.812652588000162 ], [ 46.544487, 41.81954193100006 ], [ 46.540866852000192, 41.825618744000053 ], [ 46.540546418000133, 41.835708618000183 ], [ 46.540538788000049, 41.85161590600012 ], [ 46.540534974000082, 41.866409302000193 ], [ 46.539745331000063, 41.873767853 ], [ 46.533355713000162, 41.879703522000057 ], [ 46.522239685000045, 41.883502960000044 ], [ 46.508342743000071, 41.88693618800005 ], [ 46.48982238800005, 41.886177063000048 ], [ 46.489601136000033, 41.886173248000148 ], [ 46.486568451000039, 41.886150360000045 ], [ 46.472568512000123, 41.885955811000031 ], [ 46.471508027000027, 41.886047363000159 ] ], [ [ 45.472518921000187, 40.640022278 ], [ 45.457412720000093, 40.65592193599997 ], [ 45.457412720000093, 40.669437408000078 ], [ 45.470932007000158, 40.679775238000104 ], [ 45.478763581000123, 40.684341431000178 ], [ 45.492397309000069, 40.683750153000062 ], [ 45.510684967000088, 40.669437408000078 ], [ 45.515453339000089, 40.651153563999969 ], [ 45.512275696000131, 40.636047363000046 ], [ 45.491603852000026, 40.635250092000035 ], [ 45.472518921000187, 40.640022278 ] ] ], [ [ [ 49.033691406000173, 39.188293457000043 ], [ 49.028930664000086, 39.195922852000081 ], [ 49.022705078000115, 39.196472168000071 ], [ 49.02288818400018, 39.192687988000159 ], [ 49.027099609000061, 39.185729980000133 ], [ 49.030273437000119, 39.184875488000159 ], [ 49.033691406000173, 39.188293457000043 ] ] ], [ [ [ 45.18981170700016, 39.622421265000071 ], [ 45.185401917000149, 39.637748718000068 ], [ 45.193740844999979, 39.653163910000103 ], [ 45.193420411000147, 39.661209106000115 ], [ 45.19275283900015, 39.677947998000093 ], [ 45.186027527000022, 39.694072723000147 ], [ 45.175811768000074, 39.707378387000063 ], [ 45.157100678000177, 39.71833419800015 ], [ 45.14719390900018, 39.739414215000011 ], [ 45.127979279000044, 39.76298141500007 ], [ 45.119602204000103, 39.768047333000027 ], [ 45.10048675600018, 39.779605866000054 ], [ 45.090362549000133, 39.783050537000065 ], [ 45.081943512000123, 39.785499573000038 ], [ 45.066501618000189, 39.785526276000041 ], [ 45.065860749000194, 39.785221100000172 ], [ 45.058799744000112, 39.782176971000069 ], [ 45.018852234000121, 39.753131866000047 ], [ 45.000000000000114, 39.744079590000126 ], [ 44.991416932000106, 39.73995590200019 ], [ 44.984775544000058, 39.737880707000159 ], [ 44.968467713000109, 39.732788086000085 ], [ 44.953380585000048, 39.73002243000019 ], [ 44.894878388000052, 39.729213715000185 ], [ 44.835083008000083, 39.724151611000025 ], [ 44.824012757000105, 39.722995758000025 ], [ 44.800922394000168, 39.720581054999968 ], [ 44.772602082000105, 39.713649750000172 ], [ 44.774196625000116, 39.713478088000159 ], [ 44.776222229000041, 39.709026337000182 ], [ 44.774116517000095, 39.704769135000163 ], [ 44.776023865000184, 39.702617645000146 ], [ 44.788623810000047, 39.696983337000063 ], [ 44.797325135000108, 39.68694686900011 ], [ 44.803794861000029, 39.685108185000047 ], [ 44.812736512000129, 39.67701339700011 ], [ 44.815223694000053, 39.660736084000064 ], [ 44.821693421000191, 39.645259857000042 ], [ 44.820220948000156, 39.625209808000136 ], [ 44.855632782000043, 39.603263855000193 ], [ 44.86143112200017, 39.605201721000128 ], [ 44.877822875999982, 39.610691071000133 ], [ 44.881858826000155, 39.609352112000067 ], [ 44.883804322, 39.60398483299997 ], [ 44.882469178000065, 39.59831619300013 ], [ 44.885440827000139, 39.594734192000089 ], [ 44.890491486000144, 39.594951629999969 ], [ 44.896068573000036, 39.598125458000027 ], [ 44.902992249000192, 39.599628449000136 ], [ 44.904380799000137, 39.594745635999971 ], [ 44.898853302000134, 39.584693909000066 ], [ 44.899097443000187, 39.580326080000077 ], [ 44.905811310000104, 39.575416565000069 ], [ 44.918178559000125, 39.570926666000048 ], [ 44.920078278000176, 39.568771362000064 ], [ 44.92011642500006, 39.554321289000086 ], [ 44.914844513000105, 39.543796539000027 ], [ 44.916690827000139, 39.540958405000026 ], [ 44.925754548000157, 39.535934448000091 ], [ 44.920352935999972, 39.527481079000097 ], [ 44.922622681000121, 39.522556305000137 ], [ 44.930656434000014, 39.515750885000159 ], [ 44.945350647, 39.507244110000158 ], [ 44.950492859000065, 39.50126266500007 ], [ 44.95347976700009, 39.494239807000042 ], [ 44.948001862000069, 39.488540649000129 ], [ 44.953193665000072, 39.483242035000103 ], [ 44.953308106000179, 39.480945587000178 ], [ 44.948310852000077, 39.473846436000144 ], [ 44.952693940000188, 39.465839386000027 ], [ 44.946372986000142, 39.460639954000044 ], [ 44.950958252000078, 39.455142975000058 ], [ 44.95885086100003, 39.450405121000074 ], [ 44.978492737000067, 39.448535919000165 ], [ 44.981159211000033, 39.444965363000165 ], [ 44.971988678000059, 39.441051483000138 ], [ 44.968845368000189, 39.435012817000029 ], [ 44.971206665000068, 39.427558899000189 ], [ 44.97727584900008, 39.422218323000095 ], [ 45.000000000000114, 39.411785126000041 ], [ 45.017124176000152, 39.403923035000162 ], [ 45.022548676000099, 39.40143203700012 ], [ 45.037487030000079, 39.392669678000118 ], [ 45.048115170000187, 39.382827850000069 ], [ 45.04846954400017, 39.382499695000035 ], [ 45.060501099000135, 39.378005981000172 ], [ 45.061546325999984, 39.369010925000055 ], [ 45.083152771000073, 39.35532760600006 ], [ 45.087978363000047, 39.349353790000123 ], [ 45.088157654000042, 39.34429550200008 ], [ 45.084976197000174, 39.33780288700018 ], [ 45.08640289300007, 39.333602905000134 ], [ 45.089157105000027, 39.331172943000126 ], [ 45.102516175000119, 39.328674316000104 ], [ 45.111141205000195, 39.315475464000087 ], [ 45.114894867000089, 39.309597015000179 ], [ 45.161289215000068, 39.236927032000153 ], [ 45.165122986000142, 39.207427979000158 ], [ 45.175971985000103, 39.208492279000154 ], [ 45.181648255000084, 39.209049225 ], [ 45.183101654000154, 39.218654633000028 ], [ 45.189956665000068, 39.221214294000163 ], [ 45.200500489000092, 39.212535858000138 ], [ 45.202781678000122, 39.206523895000146 ], [ 45.20875930800014, 39.201164246000189 ], [ 45.228424073000156, 39.201328278000062 ], [ 45.253894806000062, 39.1935234070001 ], [ 45.26449755900012, 39.190920248000054 ], [ 45.295379638999975, 39.183338165000066 ], [ 45.305503846000022, 39.189628601000038 ], [ 45.31035614100017, 39.192642212000067 ], [ 45.322761536000087, 39.196811676000095 ], [ 45.331520081000122, 39.19549560500019 ], [ 45.335105896000073, 39.18919754000018 ], [ 45.326053619999982, 39.176307678000171 ], [ 45.318210602000136, 39.170661926000037 ], [ 45.327697754000155, 39.160037994000163 ], [ 45.348281861000032, 39.162845612000126 ], [ 45.358768464000036, 39.157775879000098 ], [ 45.363292694999984, 39.144920349000131 ], [ 45.364368439000032, 39.132461548000038 ], [ 45.371360778999986, 39.125228882000044 ], [ 45.395648957000049, 39.100090027000078 ], [ 45.401664734000121, 39.088409424000019 ], [ 45.399066925000056, 39.077919006000172 ], [ 45.401687622000054, 39.067226410000103 ], [ 45.407695771000078, 39.061859131000176 ], [ 45.430561066000053, 39.050792694000165 ], [ 45.44668960600012, 39.050403595000034 ], [ 45.449985505000086, 39.047706604000041 ], [ 45.447917939000035, 39.040699005000135 ], [ 45.447853089000034, 39.029685974000131 ], [ 45.433559418000129, 39.006793976000154 ], [ 45.436363221000079, 38.998386383000025 ], [ 45.44402313300003, 38.991783141999974 ], [ 45.45326233000003, 38.986476898000092 ], [ 45.459960938000052, 38.983837128000118 ], [ 45.466041565000182, 38.981441498000152 ], [ 45.470458985000107, 38.980548859000123 ], [ 45.488258362000181, 38.976951599000188 ], [ 45.494022370000096, 38.975788116000103 ], [ 45.511203766000108, 38.970554352000136 ], [ 45.536579131999986, 38.958648682000046 ], [ 45.545303345000036, 38.957489014000032 ], [ 45.550369263000164, 38.958362579000095 ], [ 45.568698883000081, 38.966564178000056 ], [ 45.577339172999984, 38.965389252000193 ], [ 45.58915329000007, 38.955364227000189 ], [ 45.604709626000044, 38.951999664000084 ], [ 45.607410431000176, 38.949329376000094 ], [ 45.607475281000177, 38.943355559999986 ], [ 45.605854035000164, 38.941608429000155 ], [ 45.608615876000158, 38.938938141000165 ], [ 45.617156983000143, 38.938426971000126 ], [ 45.636425019000058, 38.945461273000035 ], [ 45.649311066, 38.948436737000065 ], [ 45.663021088, 38.94746017500006 ], [ 45.676136017000033, 38.943073272999982 ], [ 45.698192597000173, 38.940261841000108 ], [ 45.710552216000053, 38.937286377000078 ], [ 45.71690368700007, 38.932807922 ], [ 45.720149994000167, 38.926429749000135 ], [ 45.736824036000087, 38.922718048000036 ], [ 45.767547608000029, 38.921520233000138 ], [ 45.792106629000159, 38.913959503000058 ], [ 45.807632447000117, 38.903911591000167 ], [ 45.821338654000044, 38.896492004000095 ], [ 45.84116363600009, 38.901584625000055 ], [ 45.851047516000051, 38.900569916000165 ], [ 45.856636048000041, 38.897502899000187 ], [ 45.86187362700008, 38.887336731000119 ], [ 45.864353180000137, 38.88558960000006 ], [ 45.867649079000103, 38.883106232000102 ], [ 45.878593445000035, 38.880886078000117 ], [ 45.881393433000085, 38.879760742000087 ], [ 45.904609681000068, 38.870422363000046 ], [ 45.915256501000101, 38.868022919000111 ], [ 45.920989991, 38.8697662350001 ], [ 45.939945221000016, 38.88454055800014 ], [ 45.946285248000152, 38.886474609 ], [ 46.0, 38.868972778000114 ], [ 46.0, 38.820194244 ], [ 46.010929108000028, 38.822166443000015 ], [ 46.012920380000082, 38.826396942000031 ], [ 46.011154175000058, 38.837089539000033 ], [ 46.012710572000174, 38.846576691000053 ], [ 46.020114899000191, 38.859802246000186 ], [ 46.01950836200001, 38.867115021000131 ], [ 46.036396027000137, 38.86498642000015 ], [ 46.043422699000132, 38.865112305000139 ], [ 46.04566192700014, 38.866371155000024 ], [ 46.049770356000124, 38.866352081000059 ], [ 46.054664612000067, 38.870956421000187 ], [ 46.056793213000105, 38.880699158000084 ], [ 46.062908173000153, 38.881237030000193 ], [ 46.075462342000151, 38.867645264000032 ], [ 46.085273743000073, 38.86240005500008 ], [ 46.104171753000116, 38.857154846000128 ], [ 46.111259461000031, 38.852920532000098 ], [ 46.123413086000085, 38.840450287000124 ], [ 46.136863709000068, 38.834842682000044 ], [ 46.147922516000165, 38.870304108000084 ], [ 46.149490357000104, 38.878879547000054 ], [ 46.150932312000123, 38.885612488 ], [ 46.149806977000026, 38.888301849000015 ], [ 46.147972107000044, 38.892330170000037 ], [ 46.146137238000051, 38.896358490000068 ], [ 46.139728547000118, 38.908618927000134 ], [ 46.137744904000044, 38.914245605000076 ], [ 46.132568360000164, 38.922676086000138 ], [ 46.125591278000059, 38.937885284000174 ], [ 46.123752594000109, 38.941913605000138 ], [ 46.119575501000099, 38.949020386000086 ], [ 46.117107392000094, 38.953472137000119 ], [ 46.114097596000079, 38.960647582999968 ], [ 46.10935211200001, 38.977127075000169 ], [ 46.106800080000085, 38.982490540000128 ], [ 46.104084015000183, 38.989681244000167 ], [ 46.102073669999982, 38.995532990000129 ], [ 46.102134704999969, 39.001270294000165 ], [ 46.102573395000036, 39.006111145000034 ], [ 46.103134156000181, 39.012794495000037 ], [ 46.102275849000137, 39.018939972000055 ], [ 46.101039887000184, 39.022769928000059 ], [ 46.098133088000111, 39.025588989000141 ], [ 46.09432602000004, 39.028591156000118 ], [ 46.090831757000046, 39.031375885000045 ], [ 46.087360382000156, 39.033935547000112 ], [ 46.084407807000161, 39.037212372000056 ], [ 46.082252503000177, 39.041450501000156 ], [ 46.081035614000143, 39.045051575000059 ], [ 46.079986573000099, 39.050037384000177 ], [ 46.077075959000183, 39.056068420000031 ], [ 46.073513031000061, 39.065963745000147 ], [ 46.071815491000109, 39.068389893000131 ], [ 46.067691803000173, 39.071601868000073 ], [ 46.062393189000147, 39.074745178000114 ], [ 46.058059693000075, 39.077026367000087 ], [ 46.052574158000141, 39.079013824000128 ], [ 46.048301697000056, 39.080608368000128 ], [ 46.043109894000054, 39.082611084000064 ], [ 46.037811280000085, 39.085754394999981 ], [ 46.0349617010001, 39.087886810000157 ], [ 46.033576966, 39.090103149000129 ], [ 46.031860352000081, 39.092758179000043 ], [ 46.029716491999977, 39.096767426000042 ], [ 46.028499604000046, 39.100368500000116 ], [ 46.026714325, 39.103710175000117 ], [ 46.025768280000193, 39.10755538900014 ], [ 46.025745392000033, 39.110996246000127 ], [ 46.02632522600004, 39.114238739000143 ], [ 46.026279450000175, 39.117904663000047 ], [ 46.027675629000157, 39.121883391999972 ], [ 46.029369355000142, 39.125877380000077 ], [ 46.029300690000071, 39.129772186000082 ], [ 46.028457642000092, 39.13248062100007 ], [ 46.02648925800014, 39.134662628000058 ], [ 46.024200440000129, 39.137054443000181 ], [ 46.021644593000133, 39.139205933000028 ], [ 46.019065857000101, 39.141582489000029 ], [ 46.016189576000045, 39.143943787000183 ], [ 46.013317109000127, 39.146305084000062 ], [ 46.010025025000061, 39.150020599000072 ], [ 46.009181977000139, 39.152725220000093 ], [ 46.008590699000081, 39.155902863000051 ], [ 46.009193421000191, 39.158916472999977 ], [ 46.010047913, 39.162406921000127 ], [ 46.010902405000195, 39.165893555000139 ], [ 46.014266968000129, 39.170902252000076 ], [ 46.013885498000036, 39.175006866000047 ], [ 46.011890412000128, 39.177417755000135 ], [ 46.007713318000015, 39.181083679000039 ], [ 46.0, 39.185989380000137 ], [ 46.0, 39.200000763000105 ], [ 46.0, 39.203533173000153 ], [ 45.996677399000077, 39.214706421000017 ], [ 45.996341706000067, 39.225341797000169 ], [ 45.995601654000154, 39.24870300300006 ], [ 45.997623444000055, 39.25478363000019 ], [ 46.0, 39.257369995000033 ], [ 46.0, 39.296939850000172 ], [ 45.967281342000092, 39.311447144000056 ], [ 45.951412201000039, 39.319965363000051 ], [ 45.942581177000193, 39.324699402000192 ], [ 45.922187806000068, 39.335636139000144 ], [ 45.904151917000036, 39.342098236000027 ], [ 45.886161805000086, 39.352451324000072 ], [ 45.865257263999979, 39.359973907000153 ], [ 45.818675995000092, 39.36448669400005 ], [ 45.812324524000132, 39.366195679000157 ], [ 45.807125092000149, 39.37054061900011 ], [ 45.798278809000124, 39.377933502000133 ], [ 45.798057557000163, 39.378391266000165 ], [ 45.794525147000058, 39.385692596000126 ], [ 45.795799256000066, 39.400299072000053 ], [ 45.808425904000103, 39.419582367000146 ], [ 45.824256897, 39.438240051000037 ], [ 45.837570191000054, 39.46184158300008 ], [ 45.840457917000037, 39.471088409000117 ], [ 45.836528778000115, 39.480232239000088 ], [ 45.833045960000049, 39.483078003 ], [ 45.82603454600013, 39.488803864000147 ], [ 45.822845459000121, 39.496307373000036 ], [ 45.825969696000072, 39.528461456000116 ], [ 45.82327652000015, 39.538230896000186 ], [ 45.817489624000075, 39.546554565000122 ], [ 45.799175263000052, 39.564010619999976 ], [ 45.791366578000122, 39.5763359070001 ], [ 45.783939362000012, 39.582908630000077 ], [ 45.774349213000107, 39.588447571000188 ], [ 45.769039154000154, 39.588722229000155 ], [ 45.744968415000073, 39.591533661000085 ], [ 45.724487305000139, 39.600032806000115 ], [ 45.708938599000078, 39.606487274000187 ], [ 45.700103760000104, 39.607170105000137 ], [ 45.686626435000107, 39.598693847999982 ], [ 45.669715882000048, 39.581226349000076 ], [ 45.652942658000143, 39.572223662999988 ], [ 45.63652801600017, 39.567329407000045 ], [ 45.6316185, 39.566894531000116 ], [ 45.610260010000104, 39.564994812000066 ], [ 45.579471589000036, 39.551193237000064 ], [ 45.546363831, 39.541397095000093 ], [ 45.537628174000133, 39.536106110000105 ], [ 45.509445191000168, 39.510700226000154 ], [ 45.500164032000043, 39.505889893000131 ], [ 45.495910645000151, 39.504798889000085 ], [ 45.485950470000148, 39.502243042000089 ], [ 45.463550568000073, 39.503349304000153 ], [ 45.456829071000186, 39.50437164300007 ], [ 45.453224183000145, 39.507297516000165 ], [ 45.448379517000035, 39.516059876000043 ], [ 45.442153931000121, 39.527320862000067 ], [ 45.433231353999986, 39.53394699100005 ], [ 45.41127777100013, 39.533420563 ], [ 45.382373810000047, 39.545600891000106 ], [ 45.360832215000187, 39.549468994000108 ], [ 45.350860596000132, 39.551258087000122 ], [ 45.339874268000074, 39.554538727000136 ], [ 45.331432343000131, 39.559989929000153 ], [ 45.330659445000151, 39.562248220000185 ], [ 45.329040528000064, 39.56697845500014 ], [ 45.303657532000045, 39.600963593000131 ], [ 45.287044526000045, 39.610431671000129 ], [ 45.286098481000181, 39.610973358000138 ], [ 45.268276215000128, 39.614116669000055 ], [ 45.257884979999972, 39.613925934000179 ], [ 45.248996735000105, 39.610225678000063 ], [ 45.243316651000157, 39.604869843000017 ], [ 45.234889985000109, 39.596920013000044 ], [ 45.2293090820001, 39.586418152000192 ], [ 45.226139069000112, 39.583820343000127 ], [ 45.214206696000019, 39.582782745000031 ], [ 45.198562622000054, 39.587188721000075 ], [ 45.191471100000058, 39.594852448000154 ], [ 45.186012268000127, 39.608169556000121 ], [ 45.18981170700016, 39.622421265000071 ] ] ], [ [ [ 49.449707031000059, 39.805908203000058 ], [ 49.445129394999981, 39.8125 ], [ 49.439514160000158, 39.814086914000029 ], [ 49.445495605000076, 39.803100585999971 ], [ 49.449707031000059, 39.805908203000058 ] ] ], [ [ [ 49.437927246000129, 39.824523926000097 ], [ 49.432128906000173, 39.827880859000118 ], [ 49.427673340000126, 39.832885742000087 ], [ 49.427673340000126, 39.822875977000081 ], [ 49.434509277000075, 39.819274902000132 ], [ 49.440124512000068, 39.818115234000118 ], [ 49.437927246000129, 39.824523926000097 ] ] ], [ [ [ 49.49328613300014, 39.943725586000028 ], [ 49.491271973000096, 39.947326660000101 ], [ 49.48547363300014, 39.948486328000115 ], [ 49.480895996000186, 39.946899414000086 ], [ 49.477478027000075, 39.943298340000069 ], [ 49.471679687000119, 39.943908691 ], [ 49.464477539000029, 39.940673828000115 ], [ 49.456909180000082, 39.939880371000129 ], [ 49.451110840000126, 39.935119629000042 ], [ 49.454284668000184, 39.93389892600004 ], [ 49.466491699000073, 39.937072754000098 ], [ 49.484313965000126, 39.937683105000019 ], [ 49.492675781000059, 39.939270020000151 ], [ 49.49328613300014, 39.943725586000028 ] ] ], [ [ [ 49.640502930000139, 39.974121094 ], [ 49.649902344000168, 39.974487305000025 ], [ 49.653076172000056, 39.976684570000032 ], [ 49.654724121000072, 39.981506347999982 ], [ 49.647521973000153, 39.993103027000188 ], [ 49.6472778320001, 39.999877930000025 ], [ 49.62469482400013, 39.999877930000025 ], [ 49.627502441000161, 39.979675293000128 ], [ 49.622314453000058, 39.973327637000182 ], [ 49.625122070000145, 39.969909668000071 ], [ 49.640502930000139, 39.974121094 ] ] ], [ [ [ 49.586914062000176, 40.035522461000085 ], [ 49.582885742000087, 40.045288086000141 ], [ 49.580078125000057, 40.043518066000047 ], [ 49.577087402000132, 40.034729004000098 ], [ 49.586914062000176, 40.035522461000085 ] ] ], [ [ [ 49.983520508000026, 40.284729004000042 ], [ 49.979919434000124, 40.290100098000153 ], [ 49.98071289100011, 40.293701172000056 ], [ 49.970275879000042, 40.289916992000144 ], [ 49.980285645000151, 40.283325195000145 ], [ 49.983520508000026, 40.284729004000042 ] ] ], [ [ [ 49.90148925799997, 40.297729492000087 ], [ 49.897888184000124, 40.294677734 ], [ 49.907287598000153, 40.289916992000144 ], [ 49.919311523000147, 40.289916992000144 ], [ 49.930297852000081, 40.295471191000047 ], [ 49.921875, 40.29510498000019 ], [ 49.90148925799997, 40.297729492000087 ] ] ], [ [ [ 50.05609130900018, 40.307128906000116 ], [ 50.046081543000128, 40.309509277000188 ], [ 50.039489746000129, 40.307678223000039 ], [ 50.041687012000011, 40.304870605000076 ], [ 50.052124023000033, 40.304687500000114 ], [ 50.05609130900018, 40.307128906000116 ] ] ], [ [ [ 50.000122070000145, 40.308471680000025 ], [ 50.014282227000137, 40.308471680000025 ], [ 50.017272949000187, 40.309509277000188 ], [ 50.000122070000145, 40.312683105000076 ], [ 49.991088867000144, 40.313720703000115 ], [ 49.986877441000047, 40.311706543000071 ], [ 49.992309570000145, 40.308288574000187 ], [ 50.000122070000145, 40.308471680000025 ] ] ], [ [ [ 50.538330078000172, 40.349121094000054 ], [ 50.52648925800014, 40.351318359 ], [ 50.531311035000044, 40.343688965000069 ], [ 50.538085937000119, 40.344116211000085 ], [ 50.543273926000154, 40.337707520000151 ], [ 50.537719727000024, 40.333129883000026 ], [ 50.551330566000104, 40.327697754000098 ], [ 50.5546875, 40.322326660000101 ], [ 50.554321289000029, 40.310302734000174 ], [ 50.556518555000082, 40.306884766000167 ], [ 50.548278809000067, 40.297485352000137 ], [ 50.536926270000038, 40.288513184000124 ], [ 50.540527344000111, 40.286071777000188 ], [ 50.548095703000058, 40.288085937000062 ], [ 50.553894043000184, 40.292480469000054 ], [ 50.566711426000097, 40.308288574000187 ], [ 50.573486328000058, 40.311279297000056 ], [ 50.589904785000044, 40.314697266000167 ], [ 50.598083496000072, 40.314514160000101 ], [ 50.605529785000044, 40.311889648000033 ], [ 50.607910156000116, 40.31671142600004 ], [ 50.606689453000058, 40.330078125000114 ], [ 50.586120605000133, 40.347473145000038 ], [ 50.584472656000116, 40.343505859 ], [ 50.581909180000082, 40.341918944999975 ], [ 50.573486328000058, 40.347473145000038 ], [ 50.568298340000126, 40.349121094000054 ], [ 50.564880371000072, 40.350280762000068 ], [ 50.570129395000038, 40.331298828000115 ], [ 50.570129395000038, 40.326721191 ], [ 50.566284180000139, 40.322082520000151 ], [ 50.563476562000176, 40.324096680000025 ], [ 50.561523437000119, 40.330505371000129 ], [ 50.550476074000073, 40.336303711000085 ], [ 50.538330078000172, 40.349121094000054 ] ] ], [ [ [ 50.461486816000104, 40.397277832000157 ], [ 50.456481934000067, 40.405883788999972 ], [ 50.452880859000061, 40.405517578000172 ], [ 50.455871582000157, 40.400329590000069 ], [ 50.453674316000104, 40.397277832000157 ], [ 50.461486816000104, 40.397277832000157 ] ] ], [ [ [ 50.320922852000081, 40.488525391000053 ], [ 50.316284180000196, 40.486083984000118 ], [ 50.314086914000086, 40.482482910000044 ], [ 50.309692383000026, 40.48132324200003 ], [ 50.303100586000028, 40.476928711000141 ], [ 50.296081543000071, 40.476928711000141 ], [ 50.299682617000144, 40.470275879000155 ], [ 50.31268310500019, 40.464111328 ], [ 50.318725586000028, 40.450927734000061 ], [ 50.324279785000101, 40.44470214800009 ], [ 50.324279785000101, 40.438110352000194 ], [ 50.332702637000182, 40.435119629000098 ], [ 50.34149169900013, 40.425109863000046 ], [ 50.333312988000159, 40.42132568400018 ], [ 50.340270996000129, 40.419677734000118 ], [ 50.345520020000095, 40.406127930000025 ], [ 50.346679687000062, 40.400512695000032 ], [ 50.349121094000168, 40.387878418000128 ], [ 50.352294922000056, 40.387329102000194 ], [ 50.350891113000159, 40.407470703 ], [ 50.356323242000087, 40.417907715000126 ], [ 50.360900879000042, 40.42132568400018 ], [ 50.360717773000033, 40.425292969000111 ], [ 50.356506348000153, 40.435302734000061 ], [ 50.351074219000054, 40.435302734000061 ], [ 50.346313477000137, 40.439880371000186 ], [ 50.343872070000032, 40.450927734000061 ], [ 50.340698242000144, 40.454284668000184 ], [ 50.345703125000057, 40.463073730000133 ], [ 50.338317871000072, 40.480102539000029 ], [ 50.332519531000116, 40.483276367000087 ], [ 50.327270508000026, 40.483276367000087 ], [ 50.320922852000081, 40.488525391000053 ] ] ], [ [ [ 45.249084473000039, 40.9890747070001 ], [ 45.252319336000085, 41.001892090000069 ], [ 45.237304687000062, 41.017700195000032 ], [ 45.210327148000033, 41.02087402300009 ], [ 45.194274902000018, 41.010498047000056 ], [ 45.195922852000137, 41.001892090000069 ], [ 45.202270508000083, 40.997924804999968 ], [ 45.213317871000129, 40.990722656000116 ], [ 45.237304687000062, 40.986694336000085 ], [ 45.249084473000039, 40.9890747070001 ] ] ], [ [ [ 45.020080566000161, 41.064697266000053 ], [ 45.025695801000154, 41.064697266000053 ], [ 45.028930664000029, 41.064697266000053 ], [ 45.037719727000081, 41.069274902000075 ], [ 45.041687012000125, 41.073303223000039 ], [ 45.045715332000043, 41.080505371000129 ], [ 45.045715332000043, 41.098327637000068 ], [ 45.030517578000058, 41.102722168000128 ], [ 45.013916016000053, 41.102722168000128 ], [ 45.003479003999985, 41.092529297000056 ], [ 45.002685547000169, 41.084472656000059 ], [ 45.007507324000073, 41.069274902000075 ], [ 45.013916016000053, 41.064697266000053 ], [ 45.020080566000161, 41.064697266000053 ] ] ] ] } }
]
}
