{"type": "FeatureCollection", "features": [{"type": "Feature", "properties": {"osm_id": 47290536, "osm_type": "way", "intermittent": "yes", "name": "Qaraçay", "seasonal": "yes", "source": "Yahoo", "waterway": "stream"}, "geometry": {"type": "LineString", "coordinates": [[48.2461595, 41.0438945], [48.246063, 41.0434738], [48.2460308, 41.0424865], [48.2459772, 41.0419201], [48.2459128, 41.0411756], [48.2466638, 41.0402936], [48.2471251, 41.0401398], [48.2482195, 41.0406416], [48.248831, 41.040682], [48.2497215, 41.0407144], [48.2503438, 41.0406658], [48.2505584, 41.0403421], [48.2503974, 41.0399294], [48.2505691, 41.0396462], [48.2508373, 41.0393063], [48.2508051, 41.0389746], [48.2511055, 41.0388613], [48.2520282, 41.0390717], [48.2522857, 41.0390959], [48.2529831, 41.0389665], [48.2532191, 41.0387318], [48.2537985, 41.0385618], [48.2540452, 41.0378983], [48.254571, 41.0376555], [48.2552254, 41.0372509], [48.2551718, 41.0368705], [48.255161, 41.0364497], [48.2558584, 41.0364335], [48.25706, 41.036563], [48.2579934, 41.0365549], [48.2586908, 41.0367248], [48.2589698, 41.0370405], [48.2590878, 41.0373884], [48.2591092, 41.0378983], [48.2594526, 41.0379225], [48.259989, 41.0376231], [48.2614267, 41.0378416], [48.2630682, 41.0378416], [48.2639694, 41.0379306], [48.2645917, 41.0380358], [48.2648814, 41.0385052], [48.2652247, 41.0385861], [48.2657933, 41.0384243], [48.2664156, 41.038222], [48.2668233, 41.038222], [48.2672739, 41.0382543], [48.2678962, 41.0383838], [48.2685077, 41.0382462], [48.2688832, 41.0382705], [48.2691729, 41.0384971], [48.2690442, 41.0389017], [48.2692373, 41.0390555], [48.2694411, 41.0387642], [48.2701278, 41.0386913], [48.270514, 41.0386023], [48.2708359, 41.0382867], [48.2711255, 41.0380844], [48.2715118, 41.0384405], [48.2719517, 41.0384405], [48.2723594, 41.0383676], [48.2726383, 41.0380925], [48.273046, 41.0380925], [48.2731962, 41.0383919], [48.2737005, 41.0384566], [48.2741618, 41.0385537], [48.2741296, 41.0391607], [48.27546, 41.0390474], [48.2762968, 41.0391364], [48.2773697, 41.0387561], [48.2785714, 41.0385457], [48.2785821, 41.0388694], [48.2786357, 41.0392092], [48.2791185, 41.039363], [48.2797515, 41.0394034], [48.2802665, 41.0397757], [48.2809639, 41.0402612], [48.2809532, 41.0408196], [48.2808888, 41.0409895], [48.2802129, 41.0411999], [48.2802772, 41.0415398], [48.2807064, 41.0418473], [48.2808244, 41.0420739], [48.2809746, 41.0433686], [48.2814896, 41.0445176], [48.2824016, 41.0450597], [48.2823801, 41.0461764], [48.2824552, 41.0468803], [48.2831633, 41.0478108], [48.2844829, 41.0483934], [48.284837, 41.0489517], [48.2850516, 41.0499388], [48.2848263, 41.0513143], [48.283968, 41.052447], [48.283453, 41.0536606], [48.2835603, 41.0543968], [48.283689, 41.0552706], [48.2838714, 41.0565084], [48.2843113, 41.05701], [48.2851696, 41.057819], [48.285234, 41.0584338], [48.2857919, 41.0591619], [48.2874763, 41.0600113], [48.2874656, 41.0607313], [48.2882166, 41.0625434], [48.2890105, 41.0629802], [48.2896113, 41.0650349], [48.2904911, 41.0672675], [48.2910919, 41.0692573], [48.2912636, 41.0699206], [48.2922077, 41.0709074], [48.2942676, 41.0730912], [48.2957697, 41.0738515], [48.2968855, 41.0754044], [48.2983016, 41.077394], [48.3030868, 41.082214], [48.30549, 41.0851253], [48.3082794, 41.0873734], [48.3101249, 41.0884084], [48.3112514, 41.0902117], [48.3114337, 41.0919017], [48.3118629, 41.0940686], [48.3105325, 41.0968096], [48.3119487, 41.1015393], [48.3176565, 41.1062929], [48.3209395, 41.1083623], [48.3256173, 41.1104156], [48.3296299, 41.1139885], [48.3329773, 41.1165103], [48.3348226, 41.1198565], [48.3355951, 41.1235582], [48.3360028, 41.1248998], [48.3367538, 41.1263706], [48.3392, 41.1278576], [48.3455729, 41.1290699], [48.3491349, 41.1307831], [48.3545422, 41.13568], [48.355937, 41.1425642], [48.356452, 41.144471], [48.357203, 41.1452304], [48.3574283, 41.1458283], [48.3578253, 41.1463938], [48.3584905, 41.1468462], [48.358469, 41.1472664], [48.3586836, 41.1475572], [48.3586835, 41.1493831], [48.3590698, 41.1508695], [48.3604002, 41.1527761], [48.3618747, 41.1551328], [48.3651209, 41.1603208], [48.3662152, 41.1652317], [48.3672374, 41.1665887], [48.3694982, 41.1677193], [48.3700347, 41.16948], [48.3736396, 41.1719028], [48.3825016, 41.1739864], [48.384068, 41.1746001], [48.3859563, 41.1746809], [48.387351, 41.1745355], [48.3880591, 41.1740994], [48.3888531, 41.1735987], [48.3899474, 41.1733726], [48.3910632, 41.1737764], [48.3917928, 41.1735341], [48.3926725, 41.1730496], [48.3934879, 41.1729365], [48.3951616, 41.1734372], [48.396728, 41.1731949], [48.3979726, 41.1735826], [48.401041, 41.1735341], [48.4034657, 41.1735018], [48.4074139, 41.1744709], [48.4098601, 41.1749555], [48.4117698, 41.1746486], [48.415761, 41.1748262], [48.4207284, 41.1749393], [48.4219837, 41.1756903], [48.4224987, 41.1765544], [48.4226274, 41.1769743], [48.4232711, 41.1777173], [48.4239578, 41.1781049], [48.4243869, 41.1789124], [48.4245157, 41.1793646], [48.4249878, 41.1803094], [48.4256744, 41.1806243], [48.4265756, 41.1811411], [48.4265756, 41.1815933], [48.4270906, 41.1819809], [48.4292792, 41.1833536], [48.4295475, 41.184807], [48.436793, 41.1917723], [48.4371146, 41.1926048], [48.4376438, 41.1938632], [48.4389631, 41.1943366], [48.4395038, 41.1960779], [48.4414028, 41.1987016], [48.4446, 41.2001305], [48.4467458, 41.2023907], [48.4488916, 41.2035531], [48.4505223, 41.2052967], [48.4516381, 41.2067819], [48.4516489, 41.2079603], [48.4526466, 41.2091872], [48.4524106, 41.2101396], [48.4529256, 41.2112938], [48.4533011, 41.2127466], [48.4541272, 41.2133035], [48.455243, 41.2140137], [48.4567021, 41.214724], [48.457539, 41.215757], [48.4575712, 41.2164591], [48.4569489, 41.2170563], [48.4573137, 41.2175567], [48.4587084, 41.2182023], [48.4581613, 41.218856], [48.4587621, 41.2204701], [48.4593629, 41.2213739], [48.4599959, 41.2233106], [48.4592771, 41.2249245], [48.4596204, 41.2262802], [48.4607362, 41.229056], [48.4612235, 41.2306316], [48.4668883, 41.2333425], [48.4680899, 41.2348917], [48.4740981, 41.2386353], [48.4768446, 41.239797], [48.4813078, 41.2461217], [48.4845695, 41.2498645], [48.488818, 41.25272], [48.4922834, 41.254922], [48.4950578, 41.2564281], [48.4968861, 41.2583337], [48.4977015, 41.2616404], [48.4998473, 41.2672856], [48.5068854, 41.2732207], [48.5099753, 41.2765749], [48.5137518, 41.2837991], [48.5151408, 41.2849377], [48.5175284, 41.286895], [48.5267981, 41.2905065], [48.5324629, 41.2982449], [48.5389861, 41.3067562], [48.5403623, 41.3083808], [48.5419964, 41.3097], [48.5443946, 41.3103257], [48.5450575, 41.3107545], [48.5457597, 41.3112087], [48.5460968, 41.3114269], [48.5520323, 41.3152663], [48.557399, 41.3174737], [48.5592421, 41.3182317], [48.5621428, 41.3185388], [48.5676677, 41.3191237], [48.5694394, 41.3192139], [48.5723766, 41.3209695], [48.5732945, 41.3218033], [48.5752801, 41.3226806], [48.576825, 41.3227984], [48.5797057, 41.3224561], [48.5804754, 41.3228184], [48.58275, 41.3232092], [48.5838926, 41.3239182], [48.5860213, 41.3237753], [48.5932311, 41.3260957], [48.5962513, 41.3274332], [48.5987242, 41.3286739], [48.6011275, 41.3320254], [48.6110838, 41.3364079], [48.6186155, 41.3395977], [48.6279067, 41.3413055], [48.6349126, 41.3439919], [48.6371559, 41.3448798], [48.6381268, 41.3448193], [48.6397147, 41.3453308], [48.6407383, 41.3461787], [48.6428261, 41.3463819], [48.6437809, 41.3463175], [48.6470094, 41.3475561], [48.648684, 41.3484237], [48.650009, 41.3502359], [48.6511239, 41.3508421], [48.6521387, 41.3513674], [48.6527771, 41.3514721], [48.6533511, 41.3513554], [48.6545688, 41.3510936], [48.6552491, 41.3516273], [48.655808, 41.3522977], [48.6567253, 41.3530024], [48.6594923, 41.3539348], [48.6625537, 41.3543318], [48.6662092, 41.3536497], [48.6687898, 41.3542144], [48.670822, 41.3543374], [48.6724806, 41.3546815], [48.6744698, 41.3556582], [48.6760747, 41.3557123], [48.677195, 41.3553682], [48.6792397, 41.3556962], [48.681407, 41.355954], [48.6859282, 41.3561897], [48.6869582, 41.3567695], [48.6898978, 41.3571561], [48.6928161, 41.3557225], [48.6947536, 41.3563888], [48.697923, 41.3563829], [48.6988091, 41.3553741], [48.7002833, 41.3546274], [48.7080359, 41.3540372], [48.7104329, 41.354418], [48.7150891, 41.3548367], [48.71755, 41.3556119], [48.7196519, 41.3559123], [48.7222454, 41.3552152], [48.7244141, 41.3537079], [48.7298229, 41.3550648], [48.7309098, 41.3554546], [48.7308669, 41.3560345], [48.7308669, 41.3564371], [48.7317467, 41.3564694], [48.7324118, 41.356872], [48.733356, 41.3575646], [48.7347078, 41.3578545], [48.735137, 41.3584826], [48.7359524, 41.3583699], [48.7365532, 41.3591591], [48.7386131, 41.3598516], [48.7392568, 41.3612206], [48.7411666, 41.3627506], [48.7416601, 41.364055], [48.7425828, 41.3647475], [48.7430763, 41.3659231], [48.7439346, 41.3665673], [48.7443852, 41.3675979], [48.7445354, 41.368081], [48.7462091, 41.3686769], [48.7464666, 41.369788], [48.7464666, 41.3709474], [48.7471103, 41.3715915], [48.7481403, 41.3718975], [48.7499642, 41.372606], [48.7507581, 41.3734916], [48.7518954, 41.3748764], [48.7530112, 41.3754238], [48.7540626, 41.3761967], [48.7559938, 41.3771628], [48.7578177, 41.3777586], [48.7608862, 41.3785153], [48.7613368, 41.3787407], [48.7616801, 41.3796263], [48.7623238, 41.3798839], [48.7630963, 41.3796102], [48.7649417, 41.3797551], [48.7661004, 41.3796907], [48.7664866, 41.3799644], [48.7674951, 41.3808016], [48.7677312, 41.3810753], [48.7688899, 41.381027], [48.7699842, 41.3816066], [48.7712502, 41.3820413], [48.7722587, 41.3820574], [48.7730741, 41.382154], [48.7732351, 41.3828544], [48.7735032, 41.382967], [48.7741899, 41.3824599], [48.7745118, 41.3824438], [48.7748873, 41.3827095], [48.7749088, 41.3832891], [48.7760782, 41.383442], [48.7768721, 41.3840699], [48.7769794, 41.3846978], [48.7769794, 41.3853418], [48.7780523, 41.3853257], [48.7790179, 41.3858408], [48.7801981, 41.3860501], [48.780756, 41.3856798], [48.782022, 41.3859857], [48.7841463, 41.386034], [48.7849402, 41.3861628], [48.7861419, 41.3869034], [48.7885237, 41.3884971], [48.7895965, 41.3888352], [48.790648, 41.3889962], [48.7910986, 41.3898655], [48.7921285, 41.3898333], [48.7927937, 41.3900265], [48.7929654, 41.3906704], [48.7936306, 41.3906865], [48.7941026, 41.3904128], [48.7951326, 41.3904933], [48.796463, 41.3903162], [48.7972569, 41.3907509], [48.797965, 41.3905899], [48.7993383, 41.3899943], [48.7998962, 41.3904289], [48.8012695, 41.390445], [48.8020849, 41.390284], [48.8031149, 41.3903323], [48.803544, 41.3909119], [48.8040375, 41.3908797], [48.8044023, 41.3903484], [48.8046813, 41.390284], [48.8050675, 41.3911211], [48.805561, 41.3913304], [48.8066554, 41.3910406], [48.8079428, 41.3908797], [48.8099384, 41.391105], [48.8107538, 41.3912982], [48.8106251, 41.3920226], [48.8101959, 41.3925699], [48.8087368, 41.3928758], [48.808372, 41.3930528], [48.8083291, 41.3936645], [48.808608, 41.3940992], [48.8092518, 41.3944372], [48.8098311, 41.3945016], [48.8108611, 41.3943406], [48.8129854, 41.3945982], [48.8139295, 41.3959342], [48.8148737, 41.3970449], [48.8160968, 41.3975278], [48.817749, 41.3982199], [48.8185215, 41.3989764], [48.819119, 41.3998458], [48.8207531, 41.4003928], [48.8218689, 41.4009562], [48.8230168, 41.4012378], [48.8237142, 41.4014471], [48.8240683, 41.4020587], [48.8243902, 41.4023283], [48.8246423, 41.402457], [48.8251573, 41.4025576], [48.8255167, 41.4028554], [48.8256562, 41.4030646], [48.825683, 41.4034992], [48.8257098, 41.4038855], [48.8255435, 41.4042234], [48.825506, 41.4044045], [48.8256508, 41.4048511], [48.826021, 41.4051811], [48.8262677, 41.4053742], [48.8265467, 41.4055392], [48.8269973, 41.4057323], [48.8273942, 41.4057846], [48.8277215, 41.4059576], [48.8280916, 41.4062352], [48.8286978, 41.4065491], [48.8290572, 41.4066658], [48.8294918, 41.4069031], [48.8303661, 41.4074664], [48.8306558, 41.4077802], [48.8309509, 41.4079452], [48.8316107, 41.4084039], [48.8318145, 41.4085729], [48.8321525, 41.4086936], [48.8325387, 41.4087821], [48.8329571, 41.4088947], [48.8334399, 41.4090557], [48.8338851, 41.4091965], [48.8342446, 41.4094379], [48.8346577, 41.4099127], [48.8349903, 41.4101782], [48.8352263, 41.4106328], [48.835575, 41.4110914], [48.8356715, 41.4116064], [48.8358378, 41.4120771], [48.8360417, 41.4126605], [48.8361114, 41.413103], [48.8361168, 41.4134571], [48.8359827, 41.4138272], [48.835929, 41.4140605], [48.8359451, 41.4144507], [48.8362724, 41.4147565], [48.8365459, 41.4150341], [48.8368249, 41.415014], [48.8375062, 41.4149617], [48.8378817, 41.4149778], [48.8383806, 41.4151467], [48.8387775, 41.4153801], [48.8390082, 41.4158065], [48.8391155, 41.4161042], [48.8393623, 41.4164421], [48.8396788, 41.4168484], [48.8402688, 41.4170053], [48.8409501, 41.4170697], [48.8414705, 41.4171019], [48.8420927, 41.4172145], [48.8426506, 41.4173473], [48.8429242, 41.4174639], [48.8433212, 41.4176651], [48.8435519, 41.4179104], [48.8436162, 41.4181599], [48.8434768, 41.4185501], [48.8434499, 41.4187794], [48.8435197, 41.4189604], [48.8436055, 41.419065], [48.8437584, 41.4191977], [48.8440213, 41.419248], [48.8443566, 41.4191716], [48.8446328, 41.4191757], [48.8449842, 41.4193144], [48.8453919, 41.4195195], [48.8459068, 41.4197891], [48.8464862, 41.4201672], [48.8469207, 41.4202798], [48.8473231, 41.420308], [48.8476717, 41.4203804], [48.8479882, 41.4204769], [48.8483798, 41.4205775], [48.8490397, 41.4206459], [48.8491416, 41.4206499], [48.8492489, 41.4206419], [48.8495225, 41.4207223], [48.8495707, 41.420831], [48.8493763, 41.4211246], [48.8492945, 41.4214182], [48.849442, 41.4214766], [48.8498175, 41.4213901], [48.8499677, 41.421362], [48.8502923, 41.4213338], [48.8505149, 41.42137], [48.8510513, 41.4214665], [48.8514268, 41.4215389], [48.8518935, 41.4216515], [48.8521028, 41.421736], [48.8522959, 41.4218607], [48.8527089, 41.4220699], [48.8528967, 41.4221785], [48.853299, 41.4222107], [48.8534921, 41.4222107], [48.8537121, 41.4221664], [48.8540286, 41.4220659], [48.8543075, 41.4220377], [48.854785, 41.4219975], [48.8550961, 41.4221262], [48.8558149, 41.4222067], [48.8565981, 41.4222067], [48.8573921, 41.4221825], [48.8579607, 41.4219573], [48.8582504, 41.4219894], [48.8584649, 41.4222067], [48.8584649, 41.4224158], [48.8584971, 41.4227698], [48.8586044, 41.4230353], [48.8587975, 41.4230433], [48.8590979, 41.4228824], [48.8592911, 41.4226089], [48.8594627, 41.4221906], [48.8597846, 41.421724], [48.8601923, 41.4216274], [48.8604283, 41.42174], [48.8605893, 41.4221021], [48.8605785, 41.4225124], [48.8605678, 41.4228583], [48.8607609, 41.4230916], [48.8615119, 41.4232123], [48.8619304, 41.4234697], [48.8621664, 41.4236306], [48.8624668, 41.4239846], [48.8626385, 41.4240087], [48.8627136, 41.4239122], [48.8627136, 41.4237272], [48.8628745, 41.4234778], [48.8633895, 41.4232123], [48.8636684, 41.4231077], [48.8638723, 41.4232203], [48.864001, 41.4234215], [48.8640118, 41.4237513], [48.8639152, 41.4239524], [48.8637864, 41.4240409], [48.8636362, 41.4240087], [48.8632393, 41.4238398], [48.863132, 41.4240329], [48.8632393, 41.4244753], [48.863529, 41.4248615], [48.8635611, 41.4249741], [48.8635611, 41.425143], [48.8634109, 41.4252798], [48.8635826, 41.4255775], [48.8636577, 41.4257947], [48.8634217, 41.426028], [48.8632393, 41.4261647], [48.8633358, 41.4263819], [48.8635826, 41.4264463], [48.8640869, 41.4264785], [48.8644624, 41.4265106], [48.864795, 41.4268726], [48.8654709, 41.4272829], [48.8657713, 41.4275564], [48.8666725, 41.4277173], [48.8669944, 41.4279586], [48.8672304, 41.4281517], [48.8673162, 41.427669], [48.8677025, 41.4274116], [48.8679385, 41.4275564], [48.8680243, 41.4281034], [48.8681745, 41.428393], [48.8689899, 41.428747], [48.869462, 41.4288918], [48.8701272, 41.429294], [48.8701272, 41.4296962], [48.8703847, 41.4298571], [48.8706636, 41.4295997], [48.8711572, 41.4293101], [48.8713825, 41.4292698], [48.8715863, 41.429837], [48.8723427, 41.4299335], [48.8724983, 41.4297766], [48.8728201, 41.4295152], [48.8731742, 41.4295313], [48.8735121, 41.4297485], [48.8733888, 41.4300743], [48.873437, 41.4302271], [48.8738394, 41.4304121], [48.8741934, 41.4301788], [48.8747299, 41.4301788], [48.8753736, 41.4301145], [48.8755023, 41.4301627], [48.8755023, 41.4302995], [48.8753843, 41.430388], [48.875159, 41.4304845], [48.8751483, 41.4306615], [48.8753199, 41.4309832], [48.875556, 41.4312487], [48.8759208, 41.4316428], [48.8762212, 41.4319083], [48.8761997, 41.4321496], [48.87591, 41.4323266], [48.8756633, 41.4323748], [48.8755989, 41.4325277], [48.875674, 41.4327288], [48.8760066, 41.4328333], [48.8761246, 41.4330264], [48.87591, 41.4331953], [48.8759851, 41.4334125], [48.8762319, 41.4334607], [48.8765645, 41.4337101], [48.8764572, 41.4339353], [48.8764572, 41.4341364], [48.8767576, 41.4341444], [48.8771331, 41.4342731], [48.8773584, 41.4343858], [48.8774013, 41.4346271], [48.8772082, 41.4347477], [48.8771438, 41.4349488], [48.8771975, 41.4352303], [48.8776052, 41.4355118], [48.8780022, 41.4356566], [48.8783562, 41.4357049], [48.8787532, 41.4355038], [48.8789678, 41.4353912], [48.8794398, 41.4352705], [48.8795686, 41.4352786], [48.8801908, 41.4353912], [48.8807273, 41.435729], [48.8810706, 41.4359301], [48.8813817, 41.4360105], [48.8816607, 41.4362116], [48.8818645, 41.436477], [48.8818109, 41.4366862], [48.8817251, 41.4369757], [48.8817358, 41.4371285], [48.8818645, 41.437209], [48.8819826, 41.4371527], [48.8821328, 41.4370159], [48.8824868, 41.4369033], [48.8826692, 41.4367907], [48.8827765, 41.4365414], [48.8827872, 41.436276], [48.8828623, 41.4359944], [48.8829803, 41.4357129], [48.8830876, 41.4356486], [48.8833129, 41.4356486], [48.883506, 41.4358497], [48.8835168, 41.4360347], [48.8836455, 41.436292], [48.8838065, 41.4363323], [48.8840854, 41.4363081], [48.8843, 41.4364851], [48.8845467, 41.4367264], [48.8848364, 41.4370562], [48.8854265, 41.4373538], [48.8855874, 41.437579], [48.8859522, 41.43778], [48.8861346, 41.4376674], [48.8861346, 41.4374583], [48.8865638, 41.4374261], [48.8869607, 41.4372733], [48.8871217, 41.4371527], [48.8874757, 41.4372894], [48.8875186, 41.4375387], [48.8871646, 41.437772], [48.8870466, 41.4378846], [48.8871968, 41.4379731], [48.8875508, 41.4379972], [48.8877761, 41.4378283], [48.8878834, 41.4376272], [48.8880122, 41.437579], [48.888216, 41.4378042], [48.8882804, 41.4376353], [48.8882804, 41.4373698], [48.8884091, 41.4373296], [48.8885486, 41.437402], [48.8887632, 41.4376996], [48.8889563, 41.4379329], [48.8888597, 41.438327], [48.8887846, 41.4384878], [48.8888705, 41.438697], [48.8891816, 41.4387613], [48.8892889, 41.4390187], [48.8892245, 41.4392439], [48.8891923, 41.4394128], [48.889364, 41.439646], [48.8898253, 41.4397184], [48.889761, 41.4394771], [48.8900185, 41.4391795], [48.890351, 41.4390267], [48.8905978, 41.4389543], [48.8907909, 41.4389543], [48.8909197, 41.4389945], [48.8911986, 41.4391393], [48.8914132, 41.4392037], [48.8919604, 41.4392921], [48.8924861, 41.4393806], [48.8925826, 41.4396943], [48.8928079, 41.4400401], [48.8929367, 41.4404181], [48.8932478, 41.4409007], [48.8933015, 41.4410937], [48.8930869, 41.4412546], [48.8926363, 41.4411661], [48.8925826, 41.441335], [48.8928294, 41.4416567], [48.8931727, 41.4417371], [48.8933122, 41.4419543], [48.8929689, 41.4421473], [48.8926577, 41.4423564], [48.892765, 41.4426138], [48.8931727, 41.442654], [48.8930762, 41.4430803], [48.8933122, 41.4431366], [48.8934195, 41.4433215], [48.8936877, 41.4438765], [48.8938594, 41.4443027], [48.8940525, 41.4445118], [48.8943207, 41.4447289], [48.8946855, 41.444745], [48.895061, 41.4450667], [48.895179, 41.445509], [48.8952541, 41.4455734], [48.8959086, 41.4457101], [48.8961983, 41.4457744], [48.8967025, 41.445887], [48.8969922, 41.4457423], [48.8972711, 41.4457342], [48.8975072, 41.4457744], [48.8978934, 41.4460318], [48.8982904, 41.4458307], [48.8984942, 41.4458227], [48.8985479, 41.4461283], [48.8984942, 41.4464098], [48.8989878, 41.4465545], [48.8993525, 41.4465867], [48.8996422, 41.4468119], [48.8998246, 41.447029], [48.8998139, 41.4471979], [48.900007, 41.4472783], [48.9004791, 41.4471335], [48.9006722, 41.4469888], [48.9009082, 41.4469244], [48.9010692, 41.4471094], [48.9012945, 41.4473507], [48.901788, 41.4472703], [48.9019596, 41.4472703], [48.9020562, 41.447415], [48.9022171, 41.4475196], [48.9025926, 41.4474633], [48.9026785, 41.4473507], [48.9030647, 41.4473507], [48.9032793, 41.4475517], [48.9037728, 41.4475276], [48.9041698, 41.4477528], [48.9043736, 41.4479377], [48.9046419, 41.4480342], [48.9047921, 41.4482996], [48.905071, 41.4487419], [48.9048779, 41.4490877], [48.9051676, 41.4492566], [48.9054358, 41.4492325], [48.9058435, 41.4491762], [48.9062405, 41.4493692], [48.906101, 41.4496908], [48.905822, 41.4497713], [48.9057469, 41.4500125], [48.9058864, 41.4500125], [48.9061117, 41.4500125], [48.9061654, 41.450117], [48.906219, 41.4503583], [48.9063692, 41.4504548], [48.9066589, 41.4504468], [48.9069807, 41.4502859], [48.9073992, 41.4500929], [48.907603, 41.4499562], [48.908, 41.4498275], [48.9084184, 41.4498356], [48.9086437, 41.4500608], [48.9086544, 41.4502618], [48.9085364, 41.4504789], [48.9089441, 41.4508569], [48.9091802, 41.450873], [48.9099204, 41.450873], [48.9102101, 41.4513635], [48.9104462, 41.4515404], [48.9108002, 41.451661], [48.9114439, 41.4518862], [48.9116907, 41.4520792], [48.9119053, 41.4523767], [48.9120984, 41.4526903], [48.9119589, 41.4528994], [48.9114547, 41.4531165], [48.9112508, 41.4533014], [48.9113152, 41.4534623], [48.9111757, 41.4537839], [48.9109933, 41.4538885], [48.9105856, 41.4540171], [48.910296, 41.4544915], [48.910532, 41.4546282], [48.9102852, 41.4548212], [48.9103711, 41.4551509], [48.9099634, 41.4553439], [48.9099419, 41.4556092], [48.9098561, 41.4557861], [48.9097488, 41.4559711], [48.9097381, 41.4563007], [48.9097595, 41.4566706], [48.9095771, 41.4568797], [48.9093304, 41.4571933], [48.909148, 41.4575792], [48.9091372, 41.4577481], [48.909502, 41.4577963], [48.9097166, 41.4579973], [48.9098668, 41.4581823], [48.9100492, 41.4583994], [48.9103711, 41.4585441], [48.9104032, 41.4587049], [48.9104354, 41.4589461], [48.9104891, 41.4591069], [48.9106393, 41.4593964], [48.9109504, 41.4594808], [48.9111274, 41.4594085], [48.9112777, 41.4592034], [48.9117765, 41.4590989], [48.912195, 41.4588818], [48.9124524, 41.4585441], [48.9125812, 41.4584235], [48.9128494, 41.4582546], [48.9133, 41.4582466], [48.9137077, 41.4583913], [48.9141261, 41.4585441], [48.914566, 41.4586406], [48.9149737, 41.4586406], [48.9154243, 41.4586647], [48.9162075, 41.4589461], [48.9172268, 41.4590346], [48.9177096, 41.4590426], [48.9183104, 41.4589783], [48.9189112, 41.4587773], [48.9193404, 41.4588416], [48.9200431, 41.458709], [48.9204937, 41.4586004], [48.9207513, 41.4587894], [48.9210141, 41.4588336], [48.9213467, 41.4587572], [48.9218616, 41.4588658], [48.9223498, 41.4588014], [48.9225321, 41.4583752], [48.9228809, 41.4576154], [48.9226073, 41.4572857], [48.9228326, 41.456956], [48.9232939, 41.4568918], [48.9232403, 41.4563731], [48.9237607, 41.4560153], [48.9240879, 41.4558022], [48.9247369, 41.4556213], [48.9254183, 41.4556857], [48.9256436, 41.4556575], [48.9263946, 41.4553519], [48.9273172, 41.4551831], [48.9284867, 41.4550986], [48.9286691, 41.4548534], [48.929235, 41.4547006], [48.9297473, 41.4546202], [48.9302409, 41.4545398], [48.9308578, 41.4546162], [48.9315015, 41.4546363], [48.9321292, 41.4545478], [48.9327085, 41.4547328], [48.932966, 41.4550544], [48.9333093, 41.455368], [48.9336741, 41.4556575], [48.9338028, 41.4558746], [48.9339423, 41.456357], [48.9342642, 41.4566385], [48.9345968, 41.4567189], [48.9349186, 41.456743], [48.9352512, 41.4570646], [48.9358628, 41.4568958], [48.9364207, 41.4567108], [48.9368069, 41.456542], [48.9370429, 41.4568073], [48.9373648, 41.4569842], [48.9378369, 41.4569038], [48.9383089, 41.4572415], [48.9387596, 41.4574506], [48.9389956, 41.4573058], [48.9394462, 41.4574425], [48.9398861, 41.4574667], [48.9404011, 41.4577481], [48.9406586, 41.4582386], [48.9409804, 41.4584878], [48.941195, 41.458721], [48.9414418, 41.4590828], [48.9416456, 41.4593723], [48.9425468, 41.4593884], [48.9427614, 41.4593482], [48.9434159, 41.4592919], [48.9435875, 41.459316], [48.9437485, 41.459324], [48.9443707, 41.4594366], [48.945229, 41.4596215], [48.9454114, 41.4596698], [48.9456153, 41.4598225], [48.9458942, 41.4597663], [48.9463234, 41.4599351], [48.9469027, 41.4597663], [48.9474392, 41.4597743], [48.9477289, 41.4599029], [48.9479756, 41.4598547], [48.9483082, 41.4595733], [48.9484692, 41.4593321], [48.9488339, 41.4591311], [48.9492416, 41.4589944], [48.9492309, 41.4587773], [48.9494347, 41.4584959], [48.9497137, 41.4583431], [48.9497566, 41.4580456], [48.9500141, 41.4576998], [48.9505613, 41.4573702], [48.950808, 41.4569681], [48.9511514, 41.4567028], [48.9516878, 41.4569923], [48.9519024, 41.4572898], [48.9524281, 41.4573621], [48.9530611, 41.4574023], [48.9533615, 41.4571692], [48.9537907, 41.4568636], [48.9544773, 41.4569601], [48.9550674, 41.4567993], [48.9559686, 41.4566063], [48.9561188, 41.456357], [48.9562905, 41.4562847], [48.9565694, 41.4564776], [48.9569878, 41.4565339], [48.9574599, 41.4564937], [48.9578354, 41.4566143], [48.9581251, 41.4566143], [48.9586186, 41.4565661], [48.9592516, 41.4565902], [48.9595199, 41.4565902], [48.9596271, 41.4567912], [48.9598954, 41.4566224], [48.9603674, 41.4563812], [48.9610112, 41.4562847], [48.961333, 41.4563329], [48.961966, 41.4564857], [48.962717, 41.4561078], [48.9630282, 41.4554565], [48.9636075, 41.4550222], [48.9640796, 41.4550464], [48.9644658, 41.4552072], [48.9652491, 41.4549981], [48.9653563, 41.4549257], [48.9655602, 41.4545639], [48.965646, 41.4541699], [48.966279, 41.4539608], [48.9671266, 41.4539206], [48.9673841, 41.4539206], [48.9681995, 41.4541779], [48.9688754, 41.4542503], [48.9692455, 41.4542342], [48.9694896, 41.4540573], [48.9696398, 41.4537035], [48.9698789, 41.4536524], [48.9701138, 41.4536731]]}}, {"type": "Feature", "properties": {"osm_id": 47290627, "osm_type": "way", "boat": "no", "intermittent": "yes", "name": "Çağaçıqçay", "seasonal": "yes", "source": "DigitalGlobal Premium Image 19-01-18", "waterway": "stream"}, "geometry": {"type": "LineString", "coordinates": [[48.5141873, 41.1745355], [48.5144877, 41.1749716], [48.5144126, 41.1751896], [48.5145736, 41.1753189], [48.5148525, 41.1754884], [48.5148418, 41.1757388], [48.5150376, 41.176084], [48.5153595, 41.1762576], [48.5154507, 41.176407], [48.515861, 41.1769097], [48.5162258, 41.1772731], [48.5166871, 41.1776365], [48.517009, 41.1779918], [48.5172343, 41.1783633], [48.5176957, 41.1809715], [48.5180926, 41.1815771], [48.5188007, 41.1818355], [48.5193801, 41.1821585], [48.52041, 41.1829175], [48.5214615, 41.1840157], [48.5215688, 41.1848716], [48.5215044, 41.1854045], [48.5214829, 41.185792], [48.5220194, 41.1862281], [48.5218048, 41.1870516], [48.5215258, 41.1872938], [48.521676, 41.1882143], [48.5217833, 41.189054], [48.5213971, 41.1897483], [48.5211181, 41.1901843], [48.5202598, 41.1902812], [48.5200882, 41.1909109], [48.5202438, 41.1915568], [48.5202384, 41.1917385], [48.5201365, 41.1920291], [48.5202277, 41.1923642], [48.5207641, 41.1926589], [48.5214668, 41.1926629], [48.5218745, 41.1926346], [48.5221589, 41.1924005], [48.5224754, 41.1921462], [48.5228616, 41.192231], [48.5233551, 41.1925781], [48.523972, 41.1929414], [48.5245299, 41.1930262], [48.5247016, 41.1931998], [48.5258657, 41.1938456], [48.5262573, 41.1941565], [48.526606, 41.1943179], [48.5268956, 41.1946772], [48.5272658, 41.1952907], [48.52799, 41.1952665], [48.528167, 41.1952827], [48.5284406, 41.1955208], [48.5284567, 41.1957469], [48.5283226, 41.1962636], [48.5290682, 41.1967197], [48.5296529, 41.1969175], [48.5299963, 41.1972], [48.5298514, 41.197757], [48.5299909, 41.1981203], [48.5301143, 41.1984432], [48.5306776, 41.199085], [48.5310101, 41.1998398], [48.5308438, 41.2006753], [48.5307527, 41.2012767], [48.5309672, 41.2013736], [48.5312676, 41.202205], [48.5323942, 41.2051271], [48.5326946, 41.2066042], [48.5336602, 41.2076778], [48.5341322, 41.208267], [48.534261, 41.2086141], [48.5340571, 41.2091791], [48.5342181, 41.2099216], [48.5346687, 41.2106319], [48.5346687, 41.2110597], [48.5344434, 41.2116327], [48.5341135, 41.2126699], [48.5342315, 41.2139753], [48.5345158, 41.2140641], [48.534776, 41.2142396], [48.5347894, 41.2144697], [48.5344943, 41.2147441], [48.5344729, 41.2148934], [48.534674, 41.2151355], [48.5351729, 41.2165559], [48.5363853, 41.2172661], [48.5377908, 41.217831], [48.5395825, 41.2183233], [48.5410523, 41.2194854], [48.5425115, 41.2207202], [48.5427689, 41.2213254], [48.5433268, 41.2231895], [48.5441637, 41.2247228], [48.544389, 41.2252311], [48.545258, 41.2253764], [48.5485303, 41.2267159], [48.5489809, 41.2274098], [48.5490775, 41.2277891], [48.5491848, 41.228483], [48.5504079, 41.2300081], [48.5512125, 41.2305083], [48.5523713, 41.2305325], [48.5528648, 41.2307584], [48.5531652, 41.2310973], [48.5541201, 41.2323318], [48.554914, 41.2335905], [48.5557508, 41.2350751], [48.5563838, 41.2363418], [48.5563409, 41.2368662], [48.5560191, 41.2373341], [48.5554075, 41.2380118], [48.5554612, 41.2390365], [48.5549462, 41.239577], [48.5553861, 41.2401417], [48.5574245, 41.2408759], [48.5579395, 41.2411986], [48.5582828, 41.2419569], [48.5588888, 41.2425218], [48.5609114, 41.2433364], [48.561717, 41.2439107], [48.5624349, 41.2452322], [48.5637361, 41.2468035], [48.5651708, 41.2472166], [48.5662168, 41.2477727], [48.5670054, 41.2482249], [48.56781, 41.2491445], [48.5692206, 41.2493474], [48.5689597, 41.2510694], [48.5692692, 41.251395], [48.5697634, 41.2518426], [48.5723858, 41.253922], [48.5746666, 41.2551742], [48.5763466, 41.255543], [48.5777181, 41.2561297], [48.5788651, 41.2572083], [48.5798823, 41.2579863], [48.5805345, 41.2581259], [48.5812318, 41.2579848], [48.5821671, 41.2573901], [48.5823047, 41.2563394], [48.5826713, 41.2557205], [48.584826, 41.2550812], [48.586386, 41.2552013], [48.5870254, 41.2552506], [48.5891998, 41.2549691], [48.5913192, 41.2554983], [48.593957, 41.2571152], [48.595587, 41.2573476], [48.5975006, 41.257182], [48.5988593, 41.2561781], [48.6004811, 41.2558495], [48.6054164, 41.2561803], [48.6092466, 41.2572288], [48.6099422, 41.2581461], [48.610856, 41.2613985], [48.6108989, 41.2626647], [48.6112511, 41.2632755], [48.6122703, 41.26434], [48.6140102, 41.265076], [48.6165422, 41.2654953], [48.6183447, 41.2667696], [48.6183232, 41.271366], [48.6200398, 41.2740754], [48.6234666, 41.277975], [48.625018, 41.2784617], [48.6267249, 41.2807096], [48.6293839, 41.2842436], [48.6324771, 41.2870948], [48.6374408, 41.2875438], [48.6404951, 41.2919779], [48.6434489, 41.292944], [48.6444967, 41.2953812], [48.6464125, 41.299075], [48.6483445, 41.3019499], [48.6508741, 41.3029609], [48.6514101, 41.3049353], [48.6527364, 41.3059523], [48.6532984, 41.3109983], [48.6548044, 41.3126834], [48.6559284, 41.3156375], [48.6586474, 41.31808], [48.6627528, 41.3199262], [48.6646718, 41.3228326], [48.6694336, 41.3230641], [48.6699933, 41.3220108], [48.6715364, 41.3236201], [48.6725146, 41.3235658], [48.6729115, 41.3242426], [48.6735749, 41.3247642], [48.6753148, 41.3226956], [48.6774284, 41.3244118], [48.6773944, 41.3217508], [48.6796814, 41.3221558], [48.6811513, 41.3194726], [48.6838335, 41.3203509], [48.6852725, 41.3224353], [48.6869878, 41.3228245], [48.6908394, 41.3243071], [48.6931765, 41.3264965], [48.6956889, 41.3277474], [48.6963308, 41.3278822], [48.6985087, 41.3277695], [48.6989102, 41.3280515], [48.6997014, 41.3289317], [48.7010246, 41.3308793], [48.7030535, 41.3323506], [48.7058925, 41.3346773], [48.7062828, 41.3375206], [48.710212, 41.3387742], [48.7114788, 41.3403935], [48.713384, 41.341206], [48.7158083, 41.3421089], [48.717652, 41.3416967], [48.7186505, 41.3425944], [48.7182301, 41.3433193], [48.7178432, 41.3444111], [48.7193584, 41.3455746], [48.7198913, 41.3456288], [48.7206309, 41.3452901], [48.7209052, 41.3448757], [48.72084, 41.3444215], [48.7212217, 41.3443804], [48.7221223, 41.3444739], [48.7228578, 41.3440139], [48.7233191, 41.344065], [48.7237269, 41.3447992], [48.7237233, 41.3461545], [48.7229516, 41.3480208], [48.722716, 41.3488371], [48.7229614, 41.3493761], [48.7232137, 41.3493965], [48.7240616, 41.3492463], [48.7246172, 41.3493604], [48.7273554, 41.3516302], [48.7308355, 41.3514458], [48.7311047, 41.3518246], [48.7309331, 41.3531132], [48.7304438, 41.3538091]]}}, {"type": "Feature", "properties": {"osm_id": 77066560, "osm_type": "way", "gvr:code": "07030000412109300002187", "name": "Самур", "name:ar": "سامور", "name:av": "Самур", "name:az": "Samurçay", "name:az-cyr": "Самурчај", "name:de": "Samur", "name:en": "Samur", "name:fa": "سامور", "name:fr": "Samour", "name:ku": "Samûr", "name:lez": "Кьулан вацI", "name:lt": "Samuras", "name:os": "Самур", "name:pl": "Samur", "name:ru": "Самур", "name:rut": "Самыр", "name:tk": "Самур", "name:tr": "Samurçay", "waterway": "river", "wikidata": "Q1342847", "wikipedia": "ru:Самур"}, "geometry": {"type": "LineString", "coordinates": [[47.8365378, 41.4408846], [47.8374444, 41.4400719], [47.837836, 41.4393609], [47.8379969, 41.4376558], [47.8379594, 41.4364847], [47.8381307, 41.4358641], [47.8381579, 41.4357656], [47.8384529, 41.4353908], [47.8406201, 41.4343295], [47.8411995, 41.4341203], [47.8417896, 41.4340238], [47.8423046, 41.434064], [47.8431092, 41.4342812], [47.8437519, 41.4344899], [47.8446515, 41.4346255], [47.8483851, 41.4338396], [47.8526166, 41.4347075], [47.8560847, 41.4353884], [47.8592572, 41.4343275], [47.8628492, 41.4341561], [47.8675284, 41.4321726], [47.870629, 41.4300984], [47.8833759, 41.4267276], [47.8885436, 41.4269005], [47.8933667, 41.4250854], [47.8961228, 41.4243075], [47.8999125, 41.4242211], [47.9135769, 41.4284287], [47.9158946, 41.4289781], [47.9207032, 41.4295298], [47.9226953, 41.4294854], [47.9234938, 41.4294676], [47.9249112, 41.4292079], [47.9277375, 41.428241], [47.92883, 41.4285026], [47.9311119, 41.4305449], [47.9330724, 41.4335783], [47.9364341, 41.4354333], [47.9397823, 41.4398439], [47.9402884, 41.4402462], [47.9440864, 41.4407127], [47.9465541, 41.4432381], [47.9484423, 41.4445088], [47.9525766, 41.4477216], [47.9524794, 41.4492692], [47.953163, 41.4505081], [47.9542976, 41.4512419], [47.9560643, 41.4513666], [47.9641613, 41.450068], [47.9664622, 41.4503375], [47.9707662, 41.4519962], [47.971099, 41.453606], [47.9704155, 41.4545126], [47.9692136, 41.4557829], [47.96904, 41.4570711], [47.9697631, 41.4581272], [47.97093, 41.4584366], [47.9749175, 41.4578452], [47.9763756, 41.4584623], [47.9784965, 41.4606243], [47.9839732, 41.4636233], [47.9900596, 41.4683741], [47.9954569, 41.4719154], [48.0004227, 41.4791762], [48.0078215, 41.4840219], [48.0177938, 41.4844649], [48.0326641, 41.4852151], [48.0429995, 41.4880647], [48.0549156, 41.4962267], [48.0659336, 41.4981636], [48.0720933, 41.4987195], [48.0769913, 41.4982531], [48.0865227, 41.4992891], [48.0989251, 41.4973034], [48.1028062, 41.4976047], [48.1200552, 41.4989438], [48.1352927, 41.5061747], [48.1384291, 41.507663], [48.1675977, 41.5116337], [48.2029675, 41.51172], [48.2243273, 41.5162947], [48.2317917, 41.5189703], [48.2333936, 41.5196051], [48.252692, 41.5279456], [48.2601564, 41.5355392], [48.2600627, 41.5412126], [48.2683897, 41.5492505], [48.2849017, 41.5604906], [48.2922585, 41.5635955], [48.3147573, 41.5637249], [48.3217495, 41.5676593], [48.3491451, 41.5759764], [48.3560995, 41.58161], [48.3776972, 41.5906134], [48.3879906, 41.5976943], [48.3962693, 41.6079461], [48.4014126, 41.6097732], [48.4073415, 41.6154401], [48.4132878, 41.6229635], [48.4179981, 41.6355194], [48.416623, 41.6368962], [48.4161517, 41.6374152], [48.4157248, 41.6378854], [48.417168, 41.6405983], [48.4177736, 41.6437048], [48.4172294, 41.648933], [48.4189853, 41.6502018], [48.418704, 41.6520871], [48.4195918, 41.6544246], [48.419871, 41.6575137], [48.4196684, 41.6578775], [48.417855, 41.6615764], [48.4177525, 41.6617855], [48.4202806, 41.6680353], [48.4218822, 41.6737055], [48.4272444, 41.6804209], [48.431034, 41.6855861], [48.4347088, 41.6907509], [48.4353978, 41.6985833], [48.4368616, 41.7040684], [48.4364314, 41.7077917], [48.4365462, 41.7123524], [48.4373501, 41.713471], [48.44091, 41.7178592], [48.4427474, 41.7250001], [48.4461925, 41.7299896], [48.446537, 41.7333444], [48.4443551, 41.735925], [48.4455035, 41.7385054], [48.4468815, 41.7404836], [48.4474557, 41.7432359], [48.4509008, 41.746418], [48.4535421, 41.747364], [48.4560685, 41.7495999], [48.4569872, 41.7521798], [48.4577911, 41.7569953], [48.4579059, 41.7603487], [48.4576762, 41.7630141], [48.4562982, 41.7645617], [48.4546905, 41.7660233], [48.4549807, 41.7678151], [48.4549201, 41.7708377], [48.4544608, 41.7722131], [48.4537718, 41.7754798], [48.4543459, 41.777199], [48.4542311, 41.7790901], [48.4543459, 41.7809811], [48.4540014, 41.7828721], [48.4531976, 41.7839035], [48.4531976, 41.7854506], [48.4544608, 41.7868258], [48.4554943, 41.7906073], [48.455724, 41.7920683], [48.4561833, 41.793873], [48.4572169, 41.7948183], [48.4569872, 41.7982557], [48.4569872, 41.8008335], [48.4562982, 41.8044424], [48.4558388, 41.8065045], [48.4560685, 41.810199], [48.4562982, 41.8125187], [48.4581356, 41.8175014], [48.4595136, 41.8192194], [48.459973, 41.8203362], [48.4598581, 41.8225696], [48.4600878, 41.8244593], [48.4610065, 41.8276374], [48.4611213, 41.8284963], [48.4590543, 41.8358824], [48.459284, 41.8391458], [48.460662, 41.8402622], [48.4641071, 41.8415503], [48.4680116, 41.8449851], [48.4707677, 41.8477328], [48.4721457, 41.8536572], [48.4735238, 41.8583791], [48.4758205, 41.8600102], [48.4791508, 41.8700536], [48.479725, 41.8758901], [48.4801843, 41.8789798], [48.4801843, 41.8811253], [48.480425, 41.8825644], [48.4806437, 41.8838715], [48.4790399, 41.8866933], [48.4804287, 41.8896308], [48.4828055, 41.8895552], [48.4845024, 41.8900879], [48.487215, 41.8927738], [48.4883429, 41.8940727], [48.4882235, 41.8952176], [48.4882229, 41.8964851], [48.4863261, 41.8996163], [48.48773, 41.9006161], [48.4880513, 41.9012164], [48.4864211, 41.9012549], [48.4848397, 41.9015918], [48.4820528, 41.9015918], [48.4785227, 41.9026388], [48.4767444, 41.9064711], [48.4774625, 41.9073555], [48.4789739, 41.907518], [48.4813785, 41.906557], [48.4823334, 41.9055509], [48.4833534, 41.9051476], [48.4842539, 41.905503], [48.4848132, 41.9067871], [48.4861207, 41.907627], [48.48611, 41.9105413], [48.4862065, 41.9118348], [48.4906824, 41.9139333]]}}, {"type": "Feature", "properties": {"osm_id": 77066721, "osm_type": "way", "gvr:code": "07030000412109300002187", "name": "Самур", "name:ar": "سامور", "name:az": "Samurçay", "name:az-cyr": "Самурчај", "name:cs": "Samur", "name:de": "Samur", "name:en": "Samur", "name:es": "Samur", "name:fa": "سامور", "name:fr": "Samour", "name:ku": "Samûr", "name:lez": "Кьулан вацI", "name:lt": "Samuras", "name:ru": "Самур", "name:tr": "Samurçay", "source": "DigitalGlobal Premium Image 19-01-18", "waterway": "river", "wikidata": "Q1342847", "wikipedia": "ru:Самур"}, "geometry": {"type": "LineString", "coordinates": [[47.4610801, 41.5314097], [47.4655863, 41.5312597], [47.4667039, 41.5307864], [47.4676875, 41.5294513], [47.4694969, 41.5290881], [47.4705362, 41.5290216], [47.4707684, 41.5290641], [47.471533, 41.5292041], [47.472294, 41.5292504], [47.4728554, 41.5290446], [47.4744147, 41.5288081], [47.4752968, 41.5287912], [47.4763951, 41.5291785], [47.4779072, 41.5293804], [47.4779887, 41.5293889], [47.4790771, 41.5295031], [47.4800369, 41.5294706], [47.4805467, 41.5291966], [47.4809009, 41.5288454], [47.4814781, 41.5274603], [47.4817078, 41.5267407], [47.482135, 41.5261011], [47.4829831, 41.5249551], [47.4832111, 41.524336], [47.48384, 41.523883], [47.4845817, 41.5235323], [47.4853476, 41.5230774], [47.486008, 41.522629], [47.487557, 41.5227883], [47.4882911, 41.5231947], [47.4889527, 41.5230312], [47.4896411, 41.5225759], [47.491164, 41.5225263], [47.4924859, 41.5224974], [47.4935406, 41.5226294], [47.4947363, 41.5219699], [47.4962561, 41.5204671], [47.4982541, 41.5197364], [47.4989793, 41.5184582], [47.4999947, 41.5173864], [47.5005926, 41.5164432], [47.5009245, 41.5158933], [47.5014383, 41.5154169], [47.5022825, 41.5150047], [47.5031026, 41.514651], [47.5032612, 41.5137589], [47.5031821, 41.5117478], [47.5029693, 41.5107255], [47.5032832, 41.5103102], [47.5043272, 41.5097321], [47.5070361, 41.5081898], [47.5098294, 41.5077922], [47.5106264, 41.5079682], [47.5114067, 41.5077515], [47.512582, 41.5074231], [47.5131805, 41.5073357], [47.5152072, 41.5069484], [47.5160824, 41.5068146], [47.5168465, 41.5062492], [47.5172808, 41.5053141], [47.5178016, 41.5040661], [47.5186516, 41.5029482], [47.5195818, 41.5022083], [47.5207437, 41.5020171], [47.5217726, 41.5022996], [47.5227602, 41.5025076], [47.5243287, 41.502602], [47.5250745, 41.5021419], [47.5257512, 41.5014775], [47.5267598, 41.5004813], [47.5267823, 41.500459], [47.5274031, 41.4998012], [47.5284934, 41.499096], [47.5300282, 41.4987888], [47.5310454, 41.4991219], [47.5323587, 41.4990947], [47.5335282, 41.4994847], [47.5347425, 41.4997231], [47.5354573, 41.4995495], [47.5357774, 41.4991802], [47.5363414, 41.4991451], [47.5392575, 41.4995829], [47.5403029, 41.4996046], [47.5412428, 41.4996586], [47.5424781, 41.4993823], [47.5457489, 41.4985577], [47.5474331, 41.4957869], [47.5480199, 41.495294], [47.5496439, 41.4933726], [47.5497135, 41.4932915], [47.5507857, 41.4920429], [47.5518126, 41.4916571], [47.552764, 41.4917257], [47.5537997, 41.492012], [47.5563462, 41.4924635], [47.558235, 41.4926408], [47.5592301, 41.4929948], [47.5605885, 41.4929615], [47.5617662, 41.492308], [47.5636358, 41.4914918], [47.5646875, 41.4912749], [47.5662157, 41.4909597], [47.5689389, 41.4906735], [47.5711397, 41.4902807], [47.5733757, 41.4887616], [47.574867, 41.4883999], [47.5761429, 41.4880985], [47.5784202, 41.487629], [47.580818, 41.487434], [47.5811233, 41.4871021], [47.582065, 41.4860785], [47.5828101, 41.4854285], [47.5837934, 41.4855066], [47.5845551, 41.4856593], [47.5857915, 41.4845571], [47.5864021, 41.4841571], [47.5875702, 41.4842773], [47.5882447, 41.4844422], [47.5887984, 41.4843904], [47.5895486, 41.4841363], [47.5901349, 41.4839378], [47.591748, 41.4834179], [47.5928815, 41.4831526], [47.5946068, 41.4829707], [47.5957449, 41.4825499], [47.5966372, 41.4824057], [47.5985986, 41.4822099], [47.5999665, 41.4820962], [47.6013448, 41.4820998], [47.6034358, 41.4821256], [47.6053971, 41.4823214], [47.6075424, 41.4820829], [47.6100983, 41.482438], [47.6109011, 41.4828026], [47.6120655, 41.4837083], [47.6122585, 41.4837608], [47.6128004, 41.4836711], [47.6129515, 41.4832852], [47.6133513, 41.4819357], [47.614474, 41.4813539], [47.6159101, 41.4819372], [47.6176056, 41.4818854], [47.6192648, 41.4816721], [47.6200622, 41.4811542], [47.6206595, 41.4805715], [47.6217818, 41.4792805], [47.6229518, 41.4788782], [47.6244264, 41.4790394], [47.6259454, 41.4789147], [47.6266618, 41.4784746], [47.6275707, 41.4773446], [47.6294845, 41.4762649], [47.630568, 41.4757589], [47.6317476, 41.4755886], [47.6333061, 41.4751281], [47.6340346, 41.4746056], [47.6341625, 41.4745139], [47.6347087, 41.4735016], [47.6361681, 41.472711], [47.6373311, 41.472369], [47.6380918, 41.4724715], [47.6384193, 41.4725573], [47.6391295, 41.4734231], [47.6400593, 41.4741564], [47.6407688, 41.4745323], [47.6420412, 41.4744864], [47.6445972, 41.4749252], [47.6473263, 41.4750364], [47.6495687, 41.4743155], [47.6522789, 41.4739984], [47.6546261, 41.4744479], [47.6571502, 41.4750456], [47.6587592, 41.4750523], [47.6598233, 41.4744906], [47.6608694, 41.4736981], [47.6626678, 41.4731023], [47.6633284, 41.4730015], [47.6639947, 41.4731207], [47.6650289, 41.4737989], [47.6665337, 41.4745414], [47.6668067, 41.4745981], [47.6679283, 41.474831], [47.6689683, 41.4745964], [47.6704119, 41.4740373], [47.67169, 41.4740541], [47.6733876, 41.4742177], [47.6755448, 41.4732696], [47.6762475, 41.4733773], [47.6769082, 41.4736431], [47.6780621, 41.4736524], [47.6797465, 41.4730473], [47.6815037, 41.4725262], [47.6825941, 41.4726834], [47.683062, 41.472919], [47.6833463, 41.4729231], [47.6835474, 41.4729331], [47.6844819, 41.4729952], [47.6872967, 41.4733815], [47.6889342, 41.4737623], [47.6902205, 41.4736729], [47.691152, 41.4732671], [47.6917759, 41.4728363], [47.6923866, 41.4721731], [47.692877, 41.4721671], [47.6931706, 41.4726346], [47.6937805, 41.4728121], [47.6954217, 41.472708], [47.696535, 41.4730563], [47.6978654, 41.472836], [47.6995813, 41.4724696], [47.7004376, 41.4722863], [47.7012499, 41.4722556], [47.7030557, 41.4725888], [47.7047568, 41.4721618], [47.7070318, 41.471993], [47.7097431, 41.4715836], [47.7116916, 41.4709164], [47.7131243, 41.470398], [47.7141558, 41.4703708], [47.7161339, 41.4706271], [47.7174276, 41.470995], [47.7179667, 41.4716794], [47.7183116, 41.4718005], [47.719486, 41.4717546], [47.7213684, 41.4723142], [47.7228877, 41.4727756], [47.725513, 41.4729115], [47.7265385, 41.473236], [47.7293526, 41.4731245], [47.7305543, 41.473336], [47.7318503, 41.4732216], [47.7338306, 41.4727351], [47.7347419, 41.4728088], [47.7355004, 41.4730746], [47.7365014, 41.4730337], [47.7385003, 41.4719645], [47.7401445, 41.4716432], [47.7408038, 41.4718005], [47.7414043, 41.4719687], [47.7424162, 41.4721568], [47.7429509, 41.4720892], [47.7433302, 41.471828], [47.7435783, 41.4711168], [47.7442294, 41.4700954], [47.7453111, 41.4693225], [47.7464804, 41.4691971], [47.7477349, 41.4692703], [47.7498707, 41.4686022], [47.751215, 41.4682162], [47.7524758, 41.4684077], [47.7536006, 41.468317], [47.754666, 41.4678143], [47.7565275, 41.4660177], [47.7587786, 41.4657244], [47.7618126, 41.4667328], [47.7660701, 41.4672462], [47.7696669, 41.4669528], [47.7735818, 41.465541], [47.7771296, 41.4633224], [47.7796988, 41.4623689], [47.7799679, 41.461067], [47.7810012, 41.4604478], [47.782635, 41.4594718], [47.7855711, 41.4567212], [47.7881647, 41.4557309], [47.7914553, 41.4535239], [47.794453, 41.4512013], [47.7985173, 41.4475086], [47.8105288, 41.4436519], [47.8165634, 41.4447543], [47.8179978, 41.4456924], [47.8194403, 41.4459546]]}}, {"type": "Feature", "properties": {"osm_id": 77471920, "osm_type": "way", "alt_name:ru": "Курахчай;Курах", "gvr:code": "07030000412109300002736", "name": "Араг", "name:ru": "Араг", "source": "DigitalGlobal Premium Image 19-01-18", "waterway": "river", "wikidata": "Q4247819", "wikipedia": "ru:Курах (река)"}, "geometry": {"type": "LineString", "coordinates": [[48.0011062, 41.5525279], [48.0031299, 41.5527191], [48.0060052, 41.552398], [48.0080652, 41.5519162], [48.0089664, 41.5522053], [48.0100393, 41.5533293], [48.0118846, 41.5538431], [48.0149316, 41.5536504], [48.0157899, 41.5536826], [48.0178928, 41.553811], [48.0201352, 41.5536183], [48.0207467, 41.553257], [48.021208, 41.552968], [48.0218303, 41.5527673], [48.0225599, 41.5525344], [48.0235684, 41.55243], [48.0241263, 41.5523578], [48.0252421, 41.5523578], [48.0261969, 41.5525585], [48.0269802, 41.5527432], [48.0276132, 41.552687], [48.0287504, 41.5524862], [48.0293298, 41.55243], [48.0299628, 41.5527271], [48.0306494, 41.5531125], [48.0311644, 41.5536424], [48.0318296, 41.5546058], [48.0320442, 41.5550956], [48.0325484, 41.5557379], [48.0333638, 41.5562517], [48.0339754, 41.5565327], [48.0342221, 41.5566451], [48.0344796, 41.5568458], [48.034662, 41.5571428], [48.0347371, 41.5572874], [48.0350268, 41.557769], [48.0353808, 41.558331], [48.0358207, 41.5589492], [48.036164, 41.559471], [48.0365395, 41.560033], [48.036797, 41.5609321], [48.0369902, 41.561205], [48.0372047, 41.5615342], [48.0373335, 41.5621523], [48.0373335, 41.5628186], [48.0369902, 41.5634127], [48.0370009, 41.5640629], [48.0374086, 41.5646409], [48.0376339, 41.5649941], [48.0375695, 41.565267], [48.0376875, 41.5659413], [48.0379021, 41.5665674], [48.0380523, 41.5671614], [48.0380523, 41.5675869], [48.0379879, 41.5679641], [48.0378377, 41.5682451], [48.0374515, 41.5687187], [48.0369151, 41.5693769], [48.0367434, 41.5696417], [48.036797, 41.570011], [48.0371404, 41.5706049], [48.0375051, 41.570934], [48.0376017, 41.5712551], [48.0373227, 41.5716805], [48.037312, 41.5718892], [48.037473, 41.5722825], [48.037473, 41.5724671], [48.0374408, 41.5726838], [48.0372584, 41.5730932], [48.0371404, 41.5732778], [48.0368614, 41.5735266], [48.0367434, 41.5737353], [48.0371082, 41.5738878], [48.0374622, 41.5739921], [48.0376017, 41.5741928], [48.0375802, 41.5744095], [48.0374408, 41.5746342], [48.0371833, 41.5746422], [48.0366468, 41.5746101], [48.0363893, 41.5747145], [48.0360997, 41.5749633], [48.0359173, 41.5753726], [48.0355632, 41.5758461], [48.0353057, 41.576416], [48.0350053, 41.576745], [48.0346513, 41.577034], [48.0342543, 41.5772266], [48.0334818, 41.5772427], [48.0327845, 41.5772828], [48.0323553, 41.5774754], [48.0320549, 41.577676], [48.0320549, 41.5780452], [48.0322158, 41.5782298], [48.0326664, 41.5782298], [48.0332887, 41.5781415], [48.0338895, 41.5781897], [48.034147, 41.5783502], [48.0341792, 41.5785268], [48.0339968, 41.5787595], [48.0336106, 41.5789281], [48.0330205, 41.5790645], [48.0323875, 41.5791849], [48.0320763, 41.5792892], [48.0320871, 41.5796905], [48.0322373, 41.5798911], [48.0330956, 41.5800597], [48.0337393, 41.580164], [48.0341899, 41.5803325], [48.0344474, 41.5806214], [48.0344367, 41.580806], [48.0342758, 41.5809826], [48.0337822, 41.5810709], [48.0332458, 41.5809906], [48.0328274, 41.5807097], [48.0322802, 41.5805251], [48.0316794, 41.5808301], [48.0315399, 41.5813838], [48.0316472, 41.5818975], [48.0316687, 41.5822105], [48.031733, 41.5826197], [48.0314755, 41.583021], [48.0309927, 41.583342], [48.0311966, 41.5837513], [48.0318081, 41.5840402], [48.0320442, 41.5845297], [48.0322909, 41.5846822], [48.0325806, 41.584939], [48.0325162, 41.5854285], [48.0320227, 41.5856773], [48.0312717, 41.5855649], [48.0304348, 41.585581], [48.0301988, 41.5856131], [48.0293083, 41.5860223], [48.0287826, 41.5863834], [48.0281603, 41.5867526], [48.0274629, 41.5866884], [48.0267978, 41.5868248], [48.0267548, 41.5873865], [48.0276024, 41.5879562], [48.0283427, 41.5883494], [48.028729, 41.5886464], [48.0286324, 41.5889112], [48.0286324, 41.5892883], [48.0287504, 41.5896494], [48.0289113, 41.5900907], [48.0289221, 41.5903796], [48.0284822, 41.5906123], [48.0286646, 41.5908771], [48.0288362, 41.5911419], [48.0289435, 41.5913345], [48.0292117, 41.5915672], [48.0298018, 41.5917036], [48.0303275, 41.5917277], [48.0307031, 41.5919844], [48.0310249, 41.5919844], [48.0313575, 41.5918881], [48.0318296, 41.5918881], [48.0324519, 41.5919764], [48.0326879, 41.5921289], [48.0329883, 41.5921289], [48.0336213, 41.5921048], [48.0339646, 41.5921208], [48.0344474, 41.5921369], [48.0349302, 41.5922091], [48.0353165, 41.5924097], [48.0354988, 41.5924899], [48.036046, 41.592522], [48.0362177, 41.5925782], [48.0364644, 41.5927066], [48.0367541, 41.5927547], [48.037076, 41.5925862], [48.0375373, 41.5926825], [48.0381274, 41.5926825], [48.0384493, 41.5925541], [48.0388033, 41.5922813], [48.0397475, 41.5915832], [48.0399191, 41.5913906], [48.0402946, 41.5912382], [48.0406058, 41.5910777], [48.0415606, 41.5912221], [48.0421507, 41.5912623], [48.0428266, 41.5908691], [48.0436313, 41.5906364], [48.044157, 41.5906845], [48.0455089, 41.5906685], [48.0462277, 41.5906364], [48.04685, 41.5907648], [48.0476546, 41.5908931], [48.0483735, 41.5910777], [48.0488026, 41.5912863], [48.0490708, 41.5915752], [48.0496502, 41.591832], [48.0499184, 41.5915832], [48.0504227, 41.5912302], [48.0508733, 41.5909413], [48.0514848, 41.5909654], [48.0516565, 41.59119], [48.051753, 41.5915511], [48.0523217, 41.5919603], [48.0526543, 41.5923375], [48.0526328, 41.5926103], [48.0521607, 41.5930035], [48.0521393, 41.5933003], [48.052665, 41.5935972], [48.0533624, 41.5934769], [48.054285, 41.5934608], [48.0551433, 41.5935812], [48.05583, 41.5939342], [48.056184, 41.5944397], [48.0569672, 41.5947687], [48.0575359, 41.5951378], [48.0576002, 41.5954828], [48.0578685, 41.5958679], [48.0581581, 41.5965258], [48.0584156, 41.5967184], [48.0585444, 41.5967826], [48.0590701, 41.5968628], [48.0599391, 41.5968147], [48.0603576, 41.5968709], [48.0607867, 41.5971196], [48.0610442, 41.5973843], [48.0613339, 41.5975609], [48.0618167, 41.5977053], [48.0621707, 41.5977695], [48.062278, 41.5977534], [48.0630827, 41.5976732], [48.0635333, 41.5976491], [48.0639839, 41.5976491], [48.0641234, 41.5978016], [48.0641448, 41.5981867], [48.0639732, 41.5984274], [48.0639088, 41.5988526], [48.0641127, 41.5995506], [48.0641127, 41.6000561], [48.0641985, 41.6005374], [48.0647993, 41.6008744], [48.0653572, 41.601075], [48.0653357, 41.6013798], [48.0647349, 41.6015644], [48.0644238, 41.6016687], [48.064059, 41.6019735], [48.0634904, 41.6024228], [48.06319, 41.6030165], [48.063308, 41.6034337], [48.0642199, 41.6039551], [48.0647671, 41.6043161], [48.0649495, 41.604621], [48.0646384, 41.6052949], [48.0647027, 41.6058564], [48.0649817, 41.6062656], [48.0654752, 41.606418], [48.0662155, 41.6065223], [48.0664623, 41.6068351], [48.0664623, 41.60714], [48.0664945, 41.6076614], [48.0664945, 41.6078379], [48.0666983, 41.6080786], [48.067739, 41.6081828], [48.0685973, 41.6083513], [48.0692625, 41.6086722], [48.0695844, 41.6090813], [48.0701959, 41.6095145], [48.0707645, 41.6096509], [48.0711937, 41.6098033], [48.0716014, 41.6100359], [48.072567, 41.6103327], [48.0729425, 41.6105493], [48.0732536, 41.6108702], [48.0734682, 41.6113515], [48.0732965, 41.6116402], [48.072921, 41.6120734], [48.0723417, 41.6124263], [48.0722988, 41.6127873], [48.0728888, 41.6133568], [48.0731892, 41.6136777], [48.0730927, 41.6141509], [48.0725133, 41.6145359], [48.0721915, 41.6149771], [48.0724275, 41.6153381], [48.0736506, 41.6152338], [48.074069, 41.615298], [48.0740046, 41.6154423], [48.0735755, 41.6156429], [48.0728352, 41.6158594], [48.0720734, 41.6161001], [48.0719983, 41.616445], [48.0725884, 41.6167257], [48.0729854, 41.6171267], [48.0727279, 41.6175117], [48.0721486, 41.6176561], [48.0715907, 41.617624], [48.0711722, 41.617624], [48.071022, 41.6178647], [48.0710757, 41.6181694], [48.0712715, 41.6184321], [48.0719554, 41.6183218], [48.0722451, 41.61837], [48.0721486, 41.618763], [48.0721807, 41.6193324], [48.0725026, 41.6197335], [48.0727494, 41.6201265], [48.0729318, 41.6207521], [48.0734146, 41.6208644], [48.0737579, 41.6206398], [48.0736613, 41.6201746], [48.0741012, 41.6197415], [48.0747342, 41.6194929], [48.0753243, 41.6195971], [48.0757427, 41.6199741], [48.0758822, 41.6201906], [48.0757964, 41.6205275], [48.0755389, 41.6209365], [48.0753672, 41.6211932], [48.0755389, 41.62153], [48.0761182, 41.6216263], [48.0763972, 41.6215942], [48.0770624, 41.6213456], [48.0773091, 41.6211611], [48.0772233, 41.6208804], [48.0771589, 41.6205836], [48.0773628, 41.6202548], [48.0777812, 41.6202548], [48.0781567, 41.6204954], [48.0786395, 41.6208563], [48.0788541, 41.6212975], [48.0788863, 41.6217787], [48.0789828, 41.6223561], [48.079294, 41.6227812], [48.079648, 41.6229336], [48.0802917, 41.6223561], [48.0809998, 41.6220193], [48.0814504, 41.6221797], [48.0814504, 41.6225967], [48.080914, 41.6228694], [48.080678, 41.6231582], [48.0808496, 41.6234308], [48.0815792, 41.623479], [48.0820727, 41.6231582], [48.082654, 41.6229194], [48.083183, 41.6230085], [48.0838317, 41.6237631], [48.0836963, 41.6255537], [48.0841626, 41.6261674], [48.0841125, 41.6265797], [48.0835867, 41.6270729], [48.0827391, 41.6266839], [48.0822403, 41.6267841], [48.0817521, 41.6273335], [48.0827767, 41.6274097], [48.0829805, 41.6277225], [48.0821364, 41.6285536], [48.0815736, 41.6301843], [48.0817306, 41.6310545], [48.0815133, 41.6320726], [48.0814302, 41.6324017], [48.080132, 41.6324177], [48.0800784, 41.6327224], [48.0810762, 41.632963], [48.0817435, 41.633657], [48.0818079, 41.6341358], [48.0814151, 41.6347989], [48.0811834, 41.6352323], [48.0814506, 41.6355713], [48.0831194, 41.6361116], [48.0831351, 41.6365468], [48.0828016, 41.6369983], [48.0826754, 41.6378123], [48.0828142, 41.6380468], [48.0840736, 41.6379932], [48.0847552, 41.638289], [48.0847991, 41.6389448], [48.0843144, 41.6395241], [48.0831195, 41.6400589], [48.0832434, 41.6404683], [48.0837145, 41.6405635], [48.0848907, 41.6405184], [48.0861228, 41.6416882], [48.0858199, 41.6423387], [48.085475, 41.6425689], [48.0847776, 41.6425609], [48.0841651, 41.6423142], [48.0829322, 41.6424807], [48.08263, 41.6429853], [48.0830503, 41.6444451], [48.0834472, 41.6443969], [48.083991, 41.6441084], [48.0845672, 41.6442917], [48.0848667, 41.6447027], [48.0845725, 41.6450975], [48.0839523, 41.6451513], [48.0838376, 41.6460515], [48.0834192, 41.646288], [48.0822498, 41.6456867], [48.0816328, 41.6458271], [48.0809048, 41.6467369], [48.0840669, 41.6476185], [48.0832812, 41.6484289], [48.0837089, 41.6491902], [48.0836501, 41.6497654], [48.0829573, 41.6506494], [48.0827886, 41.6509425], [48.0831081, 41.6513467], [48.083505, 41.651471], [48.0839334, 41.6515213], [48.0849642, 41.6522245], [48.0852914, 41.6522766], [48.0854952, 41.6520041], [48.0854791, 41.651491], [48.0857581, 41.6513187], [48.0859822, 41.6512819], [48.0865842, 41.651956], [48.0876563, 41.6535165], [48.087979, 41.6532787], [48.088587, 41.6517473], [48.0890009, 41.6514336], [48.0894504, 41.6516937], [48.0904024, 41.6530401], [48.0902501, 41.6542181], [48.0907631, 41.6542246], [48.0918157, 41.6536275], [48.0932506, 41.6530783], [48.0937982, 41.6530577], [48.0942373, 41.6532462], [48.094427, 41.6537837], [48.0941833, 41.6544693], [48.0928216, 41.6560476], [48.0931878, 41.6562046], [48.0937082, 41.6562848], [48.0945504, 41.6555473], [48.0954778, 41.655017], [48.0961811, 41.6548659], [48.0966688, 41.6548426], [48.0969161, 41.6550583], [48.0970453, 41.6562066], [48.0980815, 41.6570533], [48.0990618, 41.6574912], [48.0996834, 41.6566791], [48.1011567, 41.6576367], [48.1021389, 41.6571947], [48.1027282, 41.6580786], [48.1042014, 41.6578576], [48.1044961, 41.6585942], [48.1063622, 41.658005], [48.1075408, 41.6585205], [48.1093087, 41.6588152], [48.1101927, 41.6597727], [48.1106838, 41.6604356], [48.1114695, 41.6602146], [48.1132374, 41.6606565], [48.1142196, 41.661835], [48.1148206, 41.6628935], [48.1163803, 41.6625715], [48.1182465, 41.6614667], [48.118934, 41.6627924], [48.1200144, 41.6632344], [48.1219787, 41.6627924], [48.1222734, 41.6638972], [48.1229609, 41.664781], [48.1244341, 41.6648546], [48.1251217, 41.6661067], [48.1272824, 41.6675059], [48.1272824, 41.6682424], [48.1280682, 41.6686843], [48.1286678, 41.6689221], [48.1304219, 41.6698698], [48.1305488, 41.6708652], [48.1309092, 41.6718091], [48.1314697, 41.6725778], [48.1322008, 41.6730001], [48.1331519, 41.672034], [48.1342884, 41.6704679], [48.1350321, 41.6702001], [48.136633, 41.6709196], [48.1381652, 41.6700214], [48.1395644, 41.6701806], [48.1416541, 41.6699815], [48.143309, 41.6695009], [48.1442101, 41.6696185], [48.1463974, 41.6705727], [48.1478834, 41.6700853], [48.1492403, 41.6686775], [48.1512902, 41.667701], [48.1537639, 41.6648433], [48.1560366, 41.6643268], [48.1585913, 41.6653594], [48.1612343, 41.6644165], [48.1763127, 41.6629012], [48.178437, 41.6605059], [48.1812705, 41.6600431], [48.185986, 41.660123], [48.1886415, 41.6597739]]}}, {"type": "Feature", "properties": {"osm_id": 85850613, "osm_type": "way", "intermittent": "yes", "name": "Qusarçay", "name:az": "Qusarçay", "name:lez": "КцIар вацI", "name:ru": "Гусарчай", "seasonal": "yes", "source": "DigitalGlobal Premium Image 16-01-18", "waterway": "river", "wikidata": "Q4249198", "wikipedia": "ru:Гусарчай (река)"}, "geometry": {"type": "LineString", "coordinates": [[48.169435, 41.3143637], [48.1687993, 41.3143616], [48.1680831, 41.3143495], [48.1672168, 41.31441], [48.1666911, 41.3144986], [48.1656396, 41.314966], [48.165189, 41.3151272], [48.1644702, 41.3154092], [48.1639016, 41.3158363], [48.163408, 41.3161989], [48.1628609, 41.3169], [48.162539, 41.3172465], [48.1621098, 41.3177058], [48.1618631, 41.3180603], [48.1614017, 41.318431], [48.160876, 41.3186647], [48.1605649, 41.3188581], [48.1600928, 41.319261], [48.1598997, 41.3194302], [48.159492, 41.3196397], [48.1587839, 41.3207194], [48.1583547, 41.3212512], [48.1581187, 41.3213318], [48.1578183, 41.3214929], [48.1571531, 41.3220409], [48.1567883, 41.3224437], [48.1563806, 41.3229111], [48.1563806, 41.32333], [48.1563592, 41.3235395], [48.1561875, 41.3238779], [48.1561875, 41.3241519], [48.1565094, 41.324587], [48.156833, 41.3248878], [48.1569446, 41.3249663], [48.1571749, 41.3250894], [48.157277, 41.3252713], [48.157391, 41.325348], [48.1577544, 41.3253854], [48.1580061, 41.325446], [48.1589109, 41.3258705], [48.1597088, 41.3262699], [48.1600602, 41.3265909], [48.1604307, 41.3268477], [48.1606777, 41.3268406], [48.1610576, 41.3267693], [48.1613616, 41.3267907], [48.1615801, 41.3272115], [48.161941, 41.3274041], [48.162321, 41.3275111], [48.1628054, 41.3280675], [48.1632139, 41.3286667], [48.1635368, 41.3288308], [48.1642682, 41.3288094], [48.1644487, 41.3289164], [48.1644012, 41.3293443], [48.1645342, 41.3295583], [48.1652656, 41.3299078], [48.1655126, 41.3301076], [48.1658926, 41.3306069], [48.1663192, 41.3308045], [48.166339, 41.3308137], [48.1667095, 41.3309849], [48.1669754, 41.331313], [48.1672889, 41.3314414], [48.1676499, 41.3315484], [48.1679348, 41.3316269], [48.1681438, 41.3317695], [48.1682483, 41.3319978], [48.1680393, 41.3321689], [48.1679253, 41.3323401], [48.1680963, 41.3325398], [48.1686378, 41.332761], [48.1693502, 41.3329107], [48.1697871, 41.3328893], [48.1701291, 41.3326611], [48.170516, 41.3323271], [48.1744213, 41.3316239], [48.1759867, 41.3308209], [48.1781153, 41.3304956], [48.1813625, 41.3305635], [48.1829513, 41.3313957], [48.184525, 41.331807], [48.1852112, 41.3324399], [48.185687, 41.3328365], [48.1877578, 41.3332501], [48.1885245, 41.333715], [48.1900666, 41.3351424], [48.1907993, 41.3369908], [48.1920125, 41.3378699], [48.1925905, 41.3381216], [48.1934743, 41.3378448], [48.1944007, 41.3374942], [48.1968949, 41.3372761], [48.1999737, 41.3369743], [48.2024108, 41.3369431], [48.2037175, 41.3368419], [48.2061235, 41.3371456], [48.2078658, 41.3378931], [48.2099192, 41.3382591], [48.2116615, 41.3390689], [48.2136009, 41.3401434], [48.2153328, 41.3414593], [48.2186203, 41.3425338], [48.2215241, 41.3433591], [48.2243761, 41.3441299], [48.228317, 41.3452121], [48.2318326, 41.3456326], [48.2400587, 41.3475615], [48.2538139, 41.3503019], [48.2691627, 41.3551597], [48.2749703, 41.3554711], [48.2826936, 41.3588559], [48.2909827, 41.3651855], [48.295297, 41.3679252], [48.2981653, 41.3679832], [48.3012705, 41.3685478], [48.3127198, 41.3712251], [48.3191912, 41.3712874], [48.3255796, 41.3729684], [48.3374437, 41.3756455], [48.3548666, 41.3829292], [48.3696346, 41.3941332], [48.3784321, 41.3980205], [48.3810697, 41.3999303], [48.3837032, 41.4015356], [48.3880953, 41.4022926], [48.3910209, 41.4028934], [48.3941238, 41.4028266], [48.3975683, 41.4041063], [48.4005068, 41.4052962], [48.4056696, 41.4085506], [48.4131588, 41.4108964], [48.4188405, 41.4129753], [48.4241593, 41.4163178], [48.4308932, 41.4192282], [48.4341063, 41.420913], [48.4363227, 41.4215136], [48.4371597, 41.422983], [48.4377679, 41.4237013], [48.4383345, 41.4241897], [48.4411483, 41.4255949], [48.4460849, 41.4269604], [48.4472608, 41.4275242], [48.4481903, 41.4283073], [48.4496681, 41.4295081], [48.4520559, 41.430818], [48.4538428, 41.4314361], [48.4583973, 41.4333237], [48.4627413, 41.4357254], [48.4679865, 41.4376269], [48.4743549, 41.4389944], [48.4758547, 41.4397967], [48.4796899, 41.4422347], [48.4822772, 41.4441612], [48.4838899, 41.4447696], [48.4873022, 41.4440827], [48.4915767, 41.4433943], [48.494159, 41.4436564], [48.4976323, 41.4447672], [48.5016855, 41.4452228], [48.5049318, 41.4451221], [48.5090093, 41.4440988], [48.5122098, 41.4437307], [48.5165538, 41.4437307], [48.5200999, 41.4449314], [48.5230255, 41.4468659], [48.5279901, 41.4492005], [48.530827, 41.4498008], [48.5360575, 41.4536693], [48.5404659, 41.4552879], [48.5455203, 41.4556067], [48.5475666, 41.4555107], [48.5492877, 41.4554913], [48.5523838, 41.4550571], [48.5561518, 41.4549658], [48.5577018, 41.45526], [48.5615061, 41.4560087], [48.5656191, 41.4587342], [48.5702777, 41.4607387], [48.5746217, 41.4624059], [48.5779018, 41.4646733], [48.5824231, 41.4651401], [48.5851172, 41.4650384], [48.5920519, 41.4671239], [48.5966077, 41.4703412], [48.6005112, 41.4727161], [48.602553, 41.4733667], [48.6055289, 41.4738561], [48.610572, 41.4764393], [48.6140723, 41.4773421], [48.6190369, 41.4796089], [48.6201894, 41.4806756], [48.622583, 41.4813423], [48.6268384, 41.4845423], [48.6285228, 41.4858756], [48.6322706, 41.48716], [48.6361105, 41.487446], [48.6383985, 41.4874687], [48.6392866, 41.4884618], [48.640491, 41.4898086], [48.6427537, 41.4910478], [48.6437712, 41.4932747], [48.6450794, 41.4949017], [48.6477737, 41.4958998], [48.6496036, 41.4964207], [48.6515658, 41.4968092], [48.6525148, 41.4971195], [48.6535409, 41.4983969], [48.6538917, 41.4995649], [48.6541418, 41.5001822], [48.6542199, 41.5009411], [48.6546399, 41.5017107], [48.6548639, 41.502207], [48.6545492, 41.5027579], [48.6549117, 41.5028372], [48.6551554, 41.5031468], [48.6548714, 41.503869], [48.6550981, 41.5044808], [48.6555574, 41.5047139], [48.6562973, 41.5052164], [48.6566864, 41.5057375], [48.6572316, 41.5066685], [48.6583136, 41.5072174], [48.6591469, 41.5076224], [48.6594745, 41.5080752], [48.6597399, 41.5082377], [48.6615788, 41.50854], [48.6639152, 41.5083057], [48.6649057, 41.509252], [48.6659201, 41.5094748], [48.6666169, 41.5099154], [48.6678447, 41.5100405], [48.6681121, 41.5105871], [48.6700008, 41.5110327], [48.6726882, 41.5116457], [48.674829, 41.512417], [48.676144, 41.513542], [48.677197, 41.5142474], [48.6779479, 41.5145297], [48.6794275, 41.5148599], [48.6798646, 41.5151203], [48.6807553, 41.5158212], [48.6814874, 41.5159966], [48.6827383, 41.5159115], [48.6832309, 41.5160609], [48.6841309, 41.5168962], [48.6851382, 41.5174716], [48.6860672, 41.5183636], [48.6866024, 41.5192429], [48.687134, 41.5202936], [48.6882097, 41.5207373], [48.6907964, 41.5217806], [48.6924568, 41.5230307], [48.6938156, 41.5233451], [48.6950141, 41.5236322], [48.697895, 41.5240135], [48.6990547, 41.5247204], [48.7000784, 41.5251661], [48.7020923, 41.5254254], [48.7034989, 41.5258057], [48.7055463, 41.5263906], [48.7079586, 41.5287631], [48.7105262, 41.5302556], [48.7113574, 41.531068], [48.7133316, 41.532465], [48.7145134, 41.5330355], [48.715902, 41.5336169], [48.7171333, 41.5343258], [48.7190376, 41.5346], [48.7198466, 41.5347843], [48.7213, 41.5358764], [48.7220312, 41.536283], [48.7237558, 41.5363217], [48.7247077, 41.5367138], [48.7257388, 41.5365149], [48.7263045, 41.5365], [48.7267628, 41.5368178], [48.7276661, 41.538223], [48.7290424, 41.5383338], [48.7298673, 41.5388867], [48.7304351, 41.5395458], [48.7312068, 41.5399308], [48.7319216, 41.5399904], [48.7323329, 41.540451], [48.7330418, 41.5411645], [48.7335716, 41.5419867], [48.7342036, 41.5420237], [48.7352067, 41.5419635], [48.7353337, 41.5422843], [48.7356788, 41.5424333], [48.7359202, 41.5426661], [48.7367731, 41.5427545], [48.7370688, 41.5431824], [48.7374598, 41.5431961], [48.7376314, 41.5428789], [48.7379407, 41.5429886], [48.7380615, 41.543337], [48.7386614, 41.5434169], [48.7389993, 41.5435976], [48.7395143, 41.5435655], [48.7395143, 41.5438064], [48.7391925, 41.5440473], [48.7394124, 41.5441437], [48.739863, 41.544224], [48.7400078, 41.5446295], [48.7402224, 41.5447218], [48.7409091, 41.5445452], [48.7413382, 41.544754], [48.7416387, 41.5450551], [48.741526, 41.5452959], [48.7416065, 41.5454244], [48.7423038, 41.5456694], [48.7434411, 41.5460066], [48.7436771, 41.5461993], [48.7449002, 41.5466169], [48.7456512, 41.5470023], [48.7461233, 41.5474359], [48.7464505, 41.5477932], [48.7470192, 41.5479939], [48.7477916, 41.5483392], [48.748194, 41.548576], [48.7488323, 41.5488812], [48.7493312, 41.5489574], [48.7497067, 41.548849], [48.7499374, 41.5487928], [48.750388, 41.5488691], [48.750785, 41.5489655], [48.7511873, 41.5489855], [48.7515414, 41.5491501], [48.7521475, 41.5491301], [48.7526572, 41.5490417], [48.7529844, 41.5490016], [48.753376, 41.5490417], [48.7535852, 41.5491622], [48.7539607, 41.5491823], [48.7544274, 41.5492505], [48.7546205, 41.5494713], [48.7547547, 41.5497845], [48.7549049, 41.5500213], [48.7550229, 41.5501658], [48.7552482, 41.5505512], [48.7555057, 41.5507359], [48.7558812, 41.5509045], [48.756423, 41.5510812], [48.7568414, 41.5510772], [48.7575817, 41.5511855], [48.7578338, 41.5512779], [48.7589174, 41.5514585], [48.7591267, 41.551599], [48.759352, 41.5520968], [48.7595612, 41.5524622], [48.7597918, 41.5527753], [48.7600172, 41.5529439], [48.7603068, 41.5531326], [48.7605536, 41.5532329], [48.7606448, 41.5531245], [48.7607789, 41.5528837], [48.7610257, 41.5527231], [48.7614012, 41.5527392], [48.7618571, 41.5528516], [48.7623399, 41.5529118], [48.7625545, 41.5530362], [48.7629783, 41.5530603], [48.7630212, 41.5533132], [48.7628818, 41.553538], [48.7628818, 41.5536022], [48.7629569, 41.5536906], [48.7631822, 41.5536745], [48.7633753, 41.5537347], [48.7637883, 41.5539676], [48.7638956, 41.5542847], [48.7640297, 41.5545537], [48.7643731, 41.5547142], [48.7644857, 41.554927], [48.7646896, 41.5551317], [48.7647808, 41.5552], [48.7649685, 41.5551558], [48.7656766, 41.5549752], [48.7657678, 41.5550273], [48.7658751, 41.5553525], [48.7661326, 41.5553766], [48.7665135, 41.5554288], [48.7668085, 41.5556335], [48.7668031, 41.5559105], [48.7667119, 41.5561794], [48.7668997, 41.5562637], [48.7671947, 41.5563561], [48.7673664, 41.5565728], [48.7674469, 41.5568498], [48.7675703, 41.5570465], [48.7675703, 41.557191], [48.7674254, 41.5573917], [48.7673503, 41.5575443], [48.7673342, 41.5576526], [48.767361, 41.5577771], [48.7674683, 41.5578734], [48.7677365, 41.558038], [48.7679297, 41.5581705], [48.7680852, 41.5582347], [48.7680101, 41.5583993], [48.767876, 41.5585157], [48.7679028, 41.5586562], [48.767994, 41.5587605], [48.7682247, 41.5588809], [48.7685037, 41.5589974], [48.7686378, 41.5591178], [48.7687558, 41.5592904], [48.7688255, 41.5595593], [48.7689489, 41.559768], [48.7688202, 41.5599366], [48.7685573, 41.5599407], [48.7683642, 41.5598925], [48.7681925, 41.5599647], [48.7681872, 41.5601052], [48.7683213, 41.5602939], [48.7681603, 41.5605347], [48.7680906, 41.5607595], [48.7679458, 41.560916], [48.7677365, 41.5611007], [48.7676293, 41.5612452], [48.7676293, 41.5613857], [48.7676668, 41.5615262], [48.7678117, 41.5615783], [48.7680155, 41.5615783], [48.7682515, 41.5616907], [48.7683749, 41.5618312], [48.7683964, 41.5619396], [48.7682247, 41.5620841], [48.7682193, 41.5621965], [48.7682193, 41.562349], [48.7681228, 41.5624654], [48.7680048, 41.562638], [48.7679833, 41.5627745], [48.7680048, 41.5628869], [48.7681389, 41.5629792], [48.7682623, 41.562927], [48.7683266, 41.5628467], [48.7686163, 41.5628186], [48.769024, 41.5627624], [48.769362, 41.5627464], [48.7696248, 41.5627985], [48.7698448, 41.5628869], [48.7698984, 41.5629952], [48.7699896, 41.5631718], [48.7700432, 41.5633364], [48.7703007, 41.5634648], [48.7705475, 41.5634327], [48.7708855, 41.5632521], [48.7710518, 41.5632521], [48.7711108, 41.5633886], [48.7711108, 41.5636374], [48.7709981, 41.5637659], [48.7711054, 41.563814], [48.7712663, 41.5637458], [48.7714755, 41.5636856], [48.7718564, 41.563802], [48.7719476, 41.5638582], [48.7722212, 41.5640027], [48.7723285, 41.5641672], [48.7722158, 41.5642917], [48.7721461, 41.564388], [48.7720174, 41.5644643], [48.7721729, 41.5646128], [48.7722588, 41.5647091], [48.7722534, 41.5648415], [48.7720281, 41.5649138], [48.7718511, 41.564962], [48.7716258, 41.5650503], [48.7715131, 41.5651265], [48.7715614, 41.5652068], [48.7718457, 41.5653152], [48.7720334, 41.5652951], [48.7721944, 41.565275], [48.772409, 41.5652831], [48.7726074, 41.5653714], [48.7727094, 41.5655319], [48.772645, 41.5657366], [48.7726289, 41.5658369], [48.7726021, 41.5658971], [48.7726718, 41.5660898], [48.7729025, 41.5661018], [48.773219, 41.5661701], [48.7734282, 41.5662503], [48.7734872, 41.566439], [48.7739432, 41.5666035], [48.7741256, 41.5669045], [48.7741578, 41.567037], [48.7741309, 41.5672096], [48.7739861, 41.5672979], [48.7737822, 41.5674183], [48.7736857, 41.5674986], [48.7737071, 41.5675788], [48.7738681, 41.567631], [48.7741202, 41.5677153], [48.774265, 41.5677915], [48.7744206, 41.5677554], [48.7744313, 41.567623], [48.7745386, 41.5675266], [48.7749678, 41.5675066], [48.7750053, 41.5676471], [48.7750858, 41.5680002], [48.7751073, 41.5681929], [48.7751448, 41.5683414], [48.7754452, 41.5684377], [48.7756759, 41.568534], [48.7758905, 41.5687026], [48.7760085, 41.5689193], [48.7760836, 41.5691922], [48.7760675, 41.569429], [48.7760782, 41.5695213], [48.7762445, 41.5696337], [48.7765342, 41.5696738], [48.7768292, 41.5696738], [48.7770224, 41.5697501], [48.7770438, 41.5699146], [48.7770277, 41.5700712], [48.7771243, 41.5701795], [48.7773067, 41.5702357], [48.7775481, 41.5703601], [48.7775159, 41.5704725], [48.7774032, 41.5706732], [48.7775642, 41.5708377], [48.7777197, 41.5709661], [48.7779826, 41.5709742], [48.7781757, 41.5710183], [48.7782454, 41.5710825], [48.7785995, 41.5711387], [48.7788355, 41.5711628], [48.7791038, 41.5712671], [48.7794256, 41.5714638], [48.7796617, 41.5716364], [48.7797153, 41.5717768], [48.7795705, 41.5719173], [48.779431, 41.5720056], [48.7794846, 41.5720738], [48.7796402, 41.5721741], [48.779887, 41.5722745], [48.7799889, 41.5723708], [48.7801069, 41.5726196], [48.7801766, 41.572752], [48.7805146, 41.5729607], [48.7806809, 41.5730089], [48.7809384, 41.5731975], [48.7809384, 41.5734423], [48.7808633, 41.5735627], [48.780874, 41.573655], [48.7810832, 41.573667], [48.781845, 41.5737232], [48.7820542, 41.5738155], [48.7822902, 41.5738958], [48.7824511, 41.5737754], [48.7827355, 41.5736189], [48.7828106, 41.5737112], [48.7827623, 41.5739881], [48.7827086, 41.5742128], [48.7827355, 41.5744175], [48.7828696, 41.5745339], [48.7831593, 41.5746061], [48.7832665, 41.5746462], [48.7834167, 41.5747385], [48.7835401, 41.5749793], [48.7836367, 41.5751599], [48.7834597, 41.5752883], [48.7833416, 41.575509], [48.7834597, 41.5757378], [48.7834918, 41.5759063], [48.783347, 41.5762795], [48.7830412, 41.5763799], [48.7829071, 41.5764481], [48.7830144, 41.5766407], [48.7830681, 41.5767892], [48.782891, 41.5770019], [48.7827033, 41.5772386], [48.7827194, 41.5774714], [48.782891, 41.5776319], [48.7830412, 41.5775958], [48.7832129, 41.5775878], [48.7832183, 41.5777483], [48.7832129, 41.577981], [48.7831968, 41.5781897], [48.7831593, 41.5783903], [48.7832612, 41.5786311], [48.7832665, 41.5788839], [48.7833148, 41.5791648], [48.7832236, 41.5792451], [48.7830037, 41.5793173], [48.782891, 41.5794216], [48.7829715, 41.5795059], [48.7831056, 41.5795942], [48.7834006, 41.5796343], [48.7834972, 41.5796865], [48.7835026, 41.5797828], [48.7834167, 41.579843], [48.78317, 41.5798751], [48.7829608, 41.5799072], [48.7828696, 41.5799794], [48.7828696, 41.5800476], [48.7828857, 41.5801198], [48.7828427, 41.5802563], [48.7828106, 41.5803847], [48.7829125, 41.5803967], [48.7830949, 41.5804088], [48.7833524, 41.5806776], [48.7833631, 41.5807539], [48.7836635, 41.5806856], [48.7838083, 41.5807057], [48.7837976, 41.5809224], [48.7840497, 41.5810347], [48.7841999, 41.5812474], [48.7843662, 41.5813959], [48.7845594, 41.5813036], [48.7846237, 41.5811511], [48.7847418, 41.5809826], [48.7848115, 41.5809023], [48.7850583, 41.5808542], [48.7850583, 41.5810147], [48.7849188, 41.5811391], [48.7849992, 41.5812635], [48.7851441, 41.5813277], [48.7854552, 41.5813357], [48.7856752, 41.581436], [48.7858093, 41.5815042], [48.7859648, 41.5816206], [48.7862009, 41.5817771], [48.7865549, 41.5819817], [48.7867373, 41.5821824], [48.7868071, 41.5823148], [48.7870324, 41.5824913], [48.7869304, 41.5825796], [48.7866032, 41.5826438], [48.7864315, 41.5825074], [48.7863511, 41.5822706], [48.7862921, 41.5821703], [48.7861901, 41.5822225], [48.7859756, 41.5823429], [48.7860185, 41.5824913], [48.7861365, 41.5825796], [48.7863618, 41.5827562], [48.7864047, 41.5828324], [48.7864155, 41.5830451], [48.786512, 41.5832417], [48.7865549, 41.583346], [48.7865978, 41.5835145], [48.7864584, 41.5836429], [48.7862813, 41.5838034], [48.7861472, 41.5839238], [48.7860668, 41.584], [48.7860453, 41.5841485], [48.7861687, 41.5842288], [48.7864047, 41.5843852], [48.7865549, 41.5845377], [48.7868124, 41.5848708], [48.7868607, 41.5850433], [48.78685, 41.5850874], [48.7868178, 41.585284], [48.7869251, 41.5853322], [48.7873435, 41.5852038], [48.7875044, 41.5851717], [48.7876439, 41.584959], [48.7876654, 41.5848788], [48.7878102, 41.584622], [48.7880409, 41.584618], [48.7882447, 41.5848306], [48.7881321, 41.5850834], [48.7881803, 41.5851757], [48.7884164, 41.5851757], [48.788529, 41.5850553], [48.78869, 41.5848547], [48.7889475, 41.5849269], [48.7891459, 41.5850433], [48.7892854, 41.5851155], [48.7894732, 41.5852158], [48.7897843, 41.5851596], [48.7899184, 41.5850312], [48.7900096, 41.5848025], [48.7904012, 41.58463], [48.7907982, 41.5845217], [48.7909698, 41.5843772], [48.7911254, 41.5842007], [48.7914044, 41.5841284], [48.7915814, 41.5840201], [48.791914, 41.5839559], [48.7922895, 41.5839599], [48.7925684, 41.5838797], [48.7928152, 41.5838275], [48.7931049, 41.5838676], [48.7933516, 41.5838716], [48.793534, 41.583992], [48.7935179, 41.5842087], [48.7936735, 41.5843491], [48.793593, 41.5845177], [48.7937272, 41.5845778], [48.7938827, 41.5845658], [48.7940973, 41.5844896], [48.7943494, 41.5844254], [48.794446, 41.5844976], [48.7945265, 41.5845618], [48.7947571, 41.5845738], [48.7949073, 41.5845096], [48.7952506, 41.5845016], [48.7954277, 41.5844976], [48.7955725, 41.5844896], [48.7957442, 41.5845377], [48.7958729, 41.5846621], [48.7961948, 41.5849309], [48.7963557, 41.5849951], [48.7965703, 41.5850312], [48.7967259, 41.5848106], [48.7968332, 41.5847905], [48.797037, 41.5849149], [48.7974608, 41.5850553], [48.7977451, 41.5851596], [48.7980723, 41.5850874], [48.7982333, 41.5849269], [48.7985337, 41.5847785], [48.7989092, 41.5846862], [48.7992471, 41.5845377], [48.7994671, 41.5845457], [48.7996387, 41.584642], [48.7998372, 41.5848266], [48.8000572, 41.5849189], [48.8001859, 41.5851877], [48.8004327, 41.58526], [48.8007384, 41.5852078], [48.801071, 41.5851917], [48.8012588, 41.5851155], [48.8015377, 41.5850633], [48.8016075, 41.5851717], [48.8016343, 41.5854124], [48.8016343, 41.5856532], [48.8017577, 41.5858337], [48.8017416, 41.585922], [48.8015431, 41.5860825], [48.8015002, 41.586231], [48.8016075, 41.5864476], [48.8016933, 41.5865239], [48.8019293, 41.5867847], [48.8021225, 41.5869612], [48.8023961, 41.5870254], [48.8025302, 41.5869692], [48.8026482, 41.5868609], [48.8028145, 41.5868168], [48.8030934, 41.5867325], [48.8033348, 41.5866001], [48.8036299, 41.5864556], [48.8037747, 41.5864075], [48.8040429, 41.5862791], [48.8040698, 41.5861948], [48.8043219, 41.5861587], [48.8044184, 41.5863072], [48.804633, 41.5863393], [48.8047779, 41.5863192], [48.8051265, 41.5862631], [48.8054752, 41.586255], [48.8057327, 41.5864035], [48.8059688, 41.5866683], [48.8060224, 41.586889], [48.8059151, 41.5870535], [48.8056201, 41.5872742], [48.8056362, 41.5874226], [48.8057542, 41.5875831], [48.8058883, 41.5877075], [48.8062799, 41.587868], [48.8064194, 41.5880044], [48.8065964, 41.5880726], [48.8066876, 41.5881569], [48.806811, 41.588217], [48.8068002, 41.5883896], [48.8069236, 41.588526], [48.806988, 41.5886744], [48.8071704, 41.5887386], [48.8074064, 41.5887587], [48.8075513, 41.5888389], [48.8076854, 41.5889352], [48.8075244, 41.5890115], [48.8074762, 41.589196], [48.8074815, 41.5892883], [48.8075352, 41.5894688], [48.8076317, 41.5894889], [48.8078409, 41.5894006], [48.8082057, 41.5893244], [48.8083291, 41.5893405], [48.8083398, 41.5894969], [48.8085276, 41.5896374], [48.8087046, 41.5895772], [48.8088655, 41.589517], [48.8092518, 41.5894367], [48.8094181, 41.5893886], [48.8098204, 41.5894127], [48.8100296, 41.5894367], [48.8101637, 41.5893966], [48.8102442, 41.5893244], [48.8104588, 41.5892522], [48.8105768, 41.5892682], [48.8106948, 41.5894488], [48.8107806, 41.5895691], [48.8108772, 41.5896574], [48.8110328, 41.5896975], [48.8110971, 41.5898219], [48.8111561, 41.5899423], [48.8113385, 41.5901549], [48.8114619, 41.5902432], [48.8117355, 41.5902392], [48.8119608, 41.5902592], [48.8119447, 41.5904398], [48.8119394, 41.5905561], [48.8122183, 41.5906966], [48.812331, 41.5908209], [48.8122827, 41.5910336], [48.8121808, 41.59119], [48.8120466, 41.5914629], [48.8121378, 41.5916153], [48.8121325, 41.5919042], [48.8122183, 41.5920927], [48.8123685, 41.5922532], [48.8125402, 41.5923214], [48.8127869, 41.5924859], [48.8129103, 41.5926344], [48.8130498, 41.5926624], [48.813495, 41.5927948], [48.8138491, 41.5928309], [48.8141441, 41.5928029], [48.8146162, 41.5926785], [48.8149166, 41.5927547], [48.8151151, 41.5927587], [48.8152975, 41.5929633], [48.8155174, 41.5930797], [48.8156623, 41.5931399], [48.8157052, 41.5933044], [48.8160109, 41.5935411], [48.8163382, 41.5937176], [48.8168585, 41.5939824], [48.8173521, 41.5942833], [48.8176256, 41.5943555], [48.8178134, 41.5944798], [48.8180709, 41.5946483], [48.8182425, 41.5947486], [48.8184732, 41.5948048], [48.8187146, 41.594861], [48.8188058, 41.594885], [48.8188809, 41.5949773], [48.8192135, 41.5951217], [48.8194603, 41.5952662], [48.8198572, 41.5953103], [48.8200182, 41.5955028], [48.8199001, 41.5956513], [48.820104, 41.5958318], [48.8201952, 41.595888], [48.8205868, 41.5959522], [48.8209087, 41.5959642], [48.821134, 41.5960123], [48.8213378, 41.5960204], [48.821606, 41.5960645], [48.8218421, 41.5960886], [48.8221157, 41.5961608], [48.8224053, 41.596241], [48.8226789, 41.5963413], [48.8234729, 41.5964496], [48.8236338, 41.5963774], [48.823666, 41.5965459], [48.8238537, 41.5964215], [48.823902, 41.5963734], [48.824181, 41.5964095], [48.8242882, 41.5964055], [48.8246638, 41.5964336], [48.8247496, 41.5965499], [48.8250607, 41.5965178], [48.8251787, 41.5963854], [48.8254362, 41.5963413], [48.8255435, 41.5963253], [48.8255918, 41.5964857], [48.8256347, 41.5966983], [48.8257903, 41.5967425], [48.8258386, 41.596582], [48.825919, 41.5964576], [48.826037, 41.5964416], [48.8261443, 41.5965258], [48.8262945, 41.5965499], [48.8264877, 41.5965339], [48.8266754, 41.5966141], [48.8268042, 41.5966141], [48.8269168, 41.5967064], [48.8271099, 41.5967385], [48.8272601, 41.5966181], [48.8273406, 41.596586], [48.8274211, 41.596586], [48.8275552, 41.596586], [48.8276839, 41.596594], [48.8279307, 41.5966582], [48.8280702, 41.5966863], [48.8281399, 41.5967184], [48.8281667, 41.5968267], [48.8282257, 41.5970594], [48.828274, 41.5971958], [48.8283813, 41.5973362], [48.8284188, 41.5973924], [48.8288534, 41.5976491], [48.8290733, 41.5976611], [48.8291162, 41.5977815], [48.8291484, 41.5978698], [48.8292128, 41.5983271], [48.8291484, 41.5985076], [48.8293147, 41.598656], [48.8297009, 41.5987483], [48.8299531, 41.5988807], [48.8301301, 41.5989729], [48.830511, 41.5991013], [48.8309348, 41.5992176], [48.8311869, 41.5993861], [48.8314068, 41.5995747], [48.8316911, 41.5997793], [48.8318521, 41.5999357], [48.8321364, 41.6001443], [48.8324529, 41.6002887], [48.8330805, 41.600377], [48.8332683, 41.6004211], [48.8334131, 41.6005615], [48.8337082, 41.60075], [48.8339817, 41.6009306], [48.8343197, 41.601091], [48.8345557, 41.6011873], [48.8349152, 41.6011512], [48.835237, 41.6011231], [48.8353872, 41.6012475], [48.8356286, 41.6012755], [48.8359612, 41.6012755], [48.8361651, 41.6012755], [48.8366103, 41.6013437], [48.8369429, 41.6014641], [48.8370985, 41.6015724], [48.8371414, 41.6017649], [48.8371414, 41.6019374], [48.8372648, 41.6020658], [48.8374901, 41.602138], [48.8376296, 41.6022864], [48.8377207, 41.6023345], [48.8379192, 41.6023265], [48.8381875, 41.6023586], [48.8383216, 41.6024589], [48.8384342, 41.6026354], [48.8386005, 41.6028279], [48.8385576, 41.6031689], [48.8385254, 41.6033614], [48.8390511, 41.6037225], [48.8392442, 41.6038388], [48.8395607, 41.6038468], [48.8399202, 41.603899], [48.840242, 41.6038468], [48.8404942, 41.6037907], [48.8406658, 41.6037786], [48.840875, 41.6038187], [48.8409877, 41.603927], [48.841095, 41.6040233], [48.8414061, 41.6040795], [48.8419425, 41.6041797], [48.8422966, 41.604272], [48.8425487, 41.6043241], [48.8427204, 41.6044966], [48.8430208, 41.6047333], [48.8433373, 41.6049018], [48.8434821, 41.6050622], [48.8436109, 41.6051866], [48.8438791, 41.6052628], [48.8442063, 41.6052668], [48.8446623, 41.6053269], [48.8450378, 41.605355], [48.8454187, 41.6053711], [48.8454938, 41.6053631], [48.8458639, 41.6053631], [48.8461965, 41.6052267], [48.8466257, 41.6051144], [48.8470012, 41.6050823], [48.8472855, 41.6050823], [48.8475645, 41.6051906], [48.8481867, 41.6054192], [48.8485783, 41.6055556], [48.8490075, 41.6057762], [48.8493884, 41.6059527], [48.8497853, 41.606061], [48.8501877, 41.6061131], [48.8504453, 41.6061277]]}}, {"type": "Feature", "properties": {"osm_id": 95831173, "osm_type": "way", "name": "Чехычай", "waterway": "river"}, "geometry": {"type": "LineString", "coordinates": [[47.7834515, 41.2689978], [47.7840684, 41.2689857], [47.7848624, 41.2687761], [47.7858923, 41.268518], [47.786579, 41.268131], [47.7874373, 41.2678729], [47.7889822, 41.2676149], [47.7905272, 41.2672278], [47.7916001, 41.2672601], [47.7920024, 41.2673165], [47.7923994, 41.2671068], [47.7935205, 41.2662319], [47.7943627, 41.2656108], [47.7954571, 41.2651714], [47.7967124, 41.2645625], [47.7981393, 41.2642077], [47.7989709, 41.2637916], [47.8006445, 41.2638891], [47.8023718, 41.2642601], [47.8040884, 41.2643891], [47.8054617, 41.2642601], [47.8076611, 41.2646068], [47.8093027, 41.2643891], [47.8104507, 41.2640504], [47.812178, 41.2639294], [47.8134225, 41.2642278], [47.8145812, 41.2643407], [47.8156541, 41.2641794], [47.8171991, 41.2642924], [47.8182934, 41.2643085], [47.8193019, 41.2645262], [47.8201388, 41.2646391], [47.8209113, 41.2642601], [47.8221129, 41.2646472], [47.8240012, 41.2650343], [47.8246985, 41.2653972], [47.8270911, 41.2665262], [47.828121, 41.2664536], [47.8298376, 41.2673568], [47.8308676, 41.2680019], [47.8317259, 41.2690341], [47.8329276, 41.2700663], [47.8341292, 41.2707114], [47.8353308, 41.2712275], [47.8363649, 41.2717981], [47.837897, 41.273543], [47.8388917, 41.2754392], [47.8396922, 41.2769276], [47.8423273, 41.2783653], [47.8423541, 41.2783646], [47.8430371, 41.2783474], [47.8437148, 41.2787388], [47.8441393, 41.2791207], [47.8441715, 41.2801245], [47.8444291, 41.2804256], [47.8458384, 41.281428], [47.8467185, 41.2827528], [47.8477738, 41.283193], [47.8485277, 41.2842956], [47.8492037, 41.2851073], [47.8493602, 41.2860805], [47.8501556, 41.286434], [47.8505121, 41.2877077], [47.8514241, 41.2891104], [47.8514777, 41.2900376], [47.8509603, 41.2906583], [47.851486, 41.2910613], [47.851585, 41.2918352], [47.8521619, 41.2925849], [47.8529476, 41.2925123], [47.8540205, 41.2922785], [47.8542647, 41.2928428], [47.855029, 41.2933668], [47.8552972, 41.2947855], [47.8564023, 41.296986], [47.8564344, 41.2976631], [47.8561101, 41.2983161], [47.8564963, 41.298711], [47.8564237, 41.2994606], [47.8571962, 41.3000652], [47.857934, 41.3010243], [47.8587196, 41.3014434], [47.8594278, 41.3014918], [47.8593609, 41.3020399], [47.8600369, 41.3026524], [47.8607152, 41.303539], [47.8613804, 41.3037002], [47.86211, 41.3043772], [47.8623782, 41.3049978], [47.8640305, 41.3056829], [47.8644893, 41.3062954], [47.8660474, 41.307061], [47.8675925, 41.3077138], [47.8678821, 41.3083102], [47.8687726, 41.309229], [47.8690944, 41.3103813], [47.8699527, 41.3109213], [47.8703068, 41.3120511], [47.8714119, 41.312583], [47.8734826, 41.314235], [47.8740726, 41.3149523], [47.8739546, 41.3157178], [47.8745984, 41.3177806], [47.8741667, 41.3184559], [47.8745448, 41.3190054], [47.8755532, 41.3196098], [47.8757678, 41.3207539], [47.8752933, 41.3214695], [47.875564, 41.322849], [47.8758215, 41.3244443], [47.8764305, 41.3252242], [47.8769348, 41.326046], [47.8775273, 41.3261121], [47.8778277, 41.3263457], [47.8779673, 41.3272964], [47.8777312, 41.3289964], [47.8781076, 41.3305725], [47.8797598, 41.3318615], [47.8803821, 41.3320065], [47.8813048, 41.3330538], [47.8827094, 41.3336368], [47.8835677, 41.3345391], [47.884223, 41.3357928], [47.8854461, 41.3369367], [47.8859611, 41.3380162], [47.8881712, 41.3387734], [47.8888364, 41.3401911], [47.890317, 41.3417699], [47.8907032, 41.3432198], [47.8912924, 41.3445921], [47.8914962, 41.3452687], [47.8929704, 41.3463957], [47.8950153, 41.3472582], [47.8957235, 41.3481602], [47.8975258, 41.3490301], [47.8985022, 41.3497469], [47.8991459, 41.3502946], [47.8991944, 41.3506829]]}}, {"type": "Feature", "properties": {"osm_id": 95831203, "osm_type": "way", "name": "Сельды", "waterway": "stream"}, "geometry": {"type": "LineString", "coordinates": [[47.885102, 41.2296127], [47.8846568, 41.2300323], [47.8838468, 41.230589], [47.8831601, 41.2314604], [47.8826773, 41.2319324], [47.882441, 41.2322619], [47.8823501, 41.2325255], [47.882098, 41.2327716], [47.8820926, 41.2330257], [47.8823501, 41.2332637], [47.8823876, 41.2336349], [47.8824627, 41.2340786], [47.8829348, 41.2344135], [47.8831172, 41.2347685], [47.883203, 41.2355471], [47.8833318, 41.2359626], [47.8832781, 41.2361401], [47.8830475, 41.2364749], [47.8830635, 41.2368541], [47.8832674, 41.2373543], [47.8833961, 41.2376367], [47.8833854, 41.2378868], [47.8835356, 41.2381369], [47.8836751, 41.2385484], [47.8835624, 41.2391938], [47.8830153, 41.2403676], [47.882747, 41.2407145], [47.8823715, 41.2412187], [47.8818673, 41.2417108], [47.8813791, 41.2421707], [47.8813845, 41.2426144], [47.8812879, 41.2429008], [47.8808373, 41.243171], [47.8804189, 41.2436026], [47.8789598, 41.2445828], [47.8785789, 41.2447885], [47.8783268, 41.2449418], [47.8779834, 41.2451959], [47.8776348, 41.2456718], [47.8773665, 41.2458372], [47.8769749, 41.2460187], [47.8763527, 41.2461437], [47.8758377, 41.2464422], [47.8756499, 41.2468294], [47.8750974, 41.2470956], [47.8742874, 41.2480233], [47.874105, 41.2483217], [47.8737026, 41.2486242], [47.8734451, 41.2488945], [47.8730053, 41.2492575], [47.8728497, 41.2494994], [47.8727102, 41.2496688], [47.8723884, 41.2498786], [47.8718895, 41.2503383], [47.8718466, 41.2508909], [47.8718358, 41.2511651], [47.871691, 41.2516854], [47.871514, 41.2520242], [47.8712457, 41.2524356], [47.8709024, 41.252851], [47.8704518, 41.2531171], [47.8701836, 41.2532946], [47.8697866, 41.2534115], [47.8694165, 41.2532825], [47.8691053, 41.2532502], [47.8686655, 41.2534478], [47.8682095, 41.2536737], [47.8676462, 41.2541334], [47.8671205, 41.2546295], [47.8667504, 41.2547706], [47.8664446, 41.2547666], [47.8659081, 41.2548634], [47.8654575, 41.2548432], [47.865243, 41.2547182], [47.8652859, 41.2545125], [47.8652644, 41.2542948], [47.8648245, 41.2540367], [47.8637141, 41.2539721], [47.8633976, 41.2541254], [47.8630435, 41.2541657], [47.8626251, 41.2541173], [47.8621745, 41.2542786], [47.8618151, 41.2540971], [47.8615628, 41.2538397], [47.8597389, 41.2539124], [47.8581618, 41.2546382], [47.8577326, 41.2553884], [47.8570889, 41.2555981], [47.8555868, 41.2574048], [47.8547392, 41.2581388], [47.8550826, 41.2589614], [47.8545998, 41.2597599], [47.8547607, 41.2605663], [47.8543209, 41.2634939], [47.8540419, 41.2642802], [47.8535861, 41.2645537], [47.8531676, 41.2655618], [47.8516922, 41.266252], [47.8516871, 41.2667513], [47.8512418, 41.2670617], [47.8512311, 41.2675577], [47.8506087, 41.2680019], [47.8498256, 41.2687229], [47.8493426, 41.269268], [47.8493589, 41.2698237], [47.8485496, 41.2706349], [47.8486615, 41.2711784], [47.8481691, 41.2718494], [47.8478354, 41.2723476], [47.8473955, 41.2724726], [47.8471703, 41.2728021], [47.8470683, 41.2732104], [47.8465426, 41.2737104], [47.8459325, 41.2744817], [47.8461832, 41.2747183], [47.8460646, 41.2751762], [47.845953, 41.2754167], [47.8454744, 41.2764485], [47.8447348, 41.2768188], [47.8442758, 41.2776404], [47.8437148, 41.2787388]]}}, {"type": "Feature", "properties": {"osm_id": 95831214, "osm_type": "way", "name": "Вахчазчай", "waterway": "stream"}, "geometry": {"type": "LineString", "coordinates": [[47.8372191, 41.2334137], [47.8375624, 41.2345756], [47.8380774, 41.2362538], [47.8384207, 41.2379319], [47.8391074, 41.2392227], [47.8401373, 41.2401263], [47.8409956, 41.2414171], [47.840824, 41.2425788], [47.8406523, 41.2438696], [47.8399657, 41.2452894], [47.839279, 41.2467091], [47.839279, 41.248387], [47.8391074, 41.2496776], [47.8389357, 41.2509682], [47.8389357, 41.2525169], [47.8389357, 41.2536784], [47.8382491, 41.2554852], [47.8377464, 41.2563593], [47.8375838, 41.257179], [47.8367808, 41.2579885], [47.8356741, 41.2584533], [47.8350196, 41.2602276], [47.8351822, 41.2618598], [47.8356113, 41.2621663], [47.8364574, 41.2635988], [47.8368881, 41.2637873], [47.8374014, 41.2638085], [47.8380237, 41.2648004], [47.8379165, 41.2658407], [47.8368007, 41.2679939], [47.8365504, 41.2693401], [47.8363649, 41.2717981]]}}, {"type": "Feature", "properties": {"osm_id": 105841900, "osm_type": "way", "name": "Курах", "name:en": "Kurakh", "seasonal": "yes", "source": "DigitalGlobal Premium Image 19-01-18", "waterway": "river"}, "geometry": {"type": "LineString", "coordinates": [[47.7124414, 41.5980598], [47.7125754, 41.5976299], [47.7127349, 41.5973938], [47.7137398, 41.5967603], [47.7138974, 41.5964607], [47.7143834, 41.5961463], [47.7147718, 41.5955837], [47.7156787, 41.595308], [47.7163585, 41.5951013], [47.7171948, 41.5946461], [47.7186034, 41.5942868], [47.7197851, 41.5941438], [47.720689, 41.5941719], [47.7218708, 41.5940586], [47.7221917, 41.5937936], [47.7224486, 41.5933681], [47.7225185, 41.5929163], [47.7227304, 41.5925065], [47.7237753, 41.5920874], [47.7241883, 41.5916434], [47.7248776, 41.5913285], [47.7258443, 41.5911264], [47.7261726, 41.5909102], [47.7265601, 41.5909151], [47.7272957, 41.5906744], [47.7285239, 41.5904976], [47.7289733, 41.5903756], [47.7293186, 41.5902815], [47.7297952, 41.5902755], [47.730668, 41.5902952], [47.7313275, 41.5900454], [47.7315206, 41.5899722], [47.7335726, 41.5896156], [47.7342761, 41.5899543], [47.7351221, 41.5900834], [47.7361214, 41.5900065], [47.7372369, 41.5904984], [47.7383332, 41.5906078], [47.7393937, 41.5906283], [47.7399175, 41.5909358], [47.7413712, 41.591544], [47.7430055, 41.5918505], [47.744423, 41.592712], [47.7461329, 41.5927869], [47.7471668, 41.5931755], [47.7483257, 41.5932754], [47.7503801, 41.5932614], [47.7507538, 41.5932589], [47.7519084, 41.59329], [47.7524492, 41.5933139], [47.7530485, 41.5932729], [47.7537775, 41.5931747], [47.754257, 41.5929438], [47.7548021, 41.5926982], [47.7552028, 41.5926491], [47.7554983, 41.5927866], [47.7561744, 41.5925459], [47.756677, 41.5924663], [47.7572484, 41.5924123], [47.7576162, 41.5923091], [47.7579972, 41.5920635], [47.758834, 41.5919958], [47.7592214, 41.591913], [47.7597493, 41.5921253], [47.7609772, 41.5921895], [47.761474, 41.5922612], [47.7619217, 41.5922831], [47.7621988, 41.5922593], [47.7635605, 41.5921383], [47.7640955, 41.5920389], [47.7645471, 41.5920002], [47.7653307, 41.5916795], [47.7666617, 41.5918503], [47.7673413, 41.5917972], [47.7678523, 41.5917122], [47.768652, 41.5918153], [47.7698573, 41.5918805], [47.7710062, 41.5920687], [47.7715746, 41.5918749], [47.7716684, 41.5918429], [47.7729611, 41.591787], [47.7739194, 41.5910781], [47.7745263, 41.5906838], [47.774624, 41.5902323], [47.7745532, 41.5897402], [47.7747101, 41.5893593], [47.7746661, 41.5890616], [47.7746521, 41.5886411], [47.7747211, 41.5879122], [47.7747983, 41.587768], [47.7748721, 41.5876229], [47.7747934, 41.5867836], [47.7748125, 41.586549], [47.7748257, 41.5863077], [47.7748769, 41.5859642], [47.7749568, 41.5856084], [47.7750631, 41.5853549], [47.7752729, 41.5851344], [47.7754434, 41.5849174], [47.7756157, 41.5847486], [47.7761716, 41.5845318], [47.7763373, 41.5843531], [47.7764056, 41.5841452], [47.7764202, 41.5840614], [47.7769418, 41.5834233], [47.7772701, 41.5832319], [47.7773611, 41.5831789], [47.7776292, 41.5829383], [47.7778385, 41.5827504], [47.7781141, 41.5827009], [47.7783987, 41.5826712], [47.7787566, 41.5827472], [47.7793338, 41.5829041], [47.7798067, 41.5828704], [47.7801187, 41.5827666], [47.7806286, 41.5826415], [47.7811843, 41.5823461], [47.7814524, 41.5821601], [47.7820444, 41.5816635], [47.7827663, 41.5811905], [47.783155, 41.5808821], [47.7832594, 41.5807585], [47.783421, 41.5805669], [47.7836063, 41.5802857], [47.7837795, 41.5799988], [47.7841046, 41.5796942], [47.7845282, 41.5793642], [47.7846318, 41.5792491], [47.7848724, 41.5791265], [47.7851974, 41.5788497], [47.7854754, 41.5786609], [47.7860013, 41.5785678], [47.7863743, 41.5783914], [47.7867146, 41.5782287], [47.7870734, 41.5780693], [47.7875569, 41.5779329], [47.7879815, 41.5777407], [47.7885534, 41.5775481], [47.7891812, 41.5774152], [47.7896541, 41.5772996], [47.7903692, 41.5771909], [47.7908006, 41.5771993], [47.7910887, 41.5771253], [47.7913642, 41.5770739], [47.7918001, 41.5769718], [47.7921891, 41.5769116], [47.7926273, 41.5768285], [47.7931837, 41.5768048], [47.7937846, 41.5767358], [47.7943217, 41.5768305], [47.7951564, 41.5769502], [47.7957038, 41.5770337], [47.7965657, 41.5771263], [47.7969016, 41.5773112], [47.7974813, 41.5772368], [47.7978421, 41.577271], [47.7983924, 41.5773268], [47.7988984, 41.5772297], [47.7995575, 41.5772319], [47.8001903, 41.5772698], [47.8004955, 41.5772658], [47.8007363, 41.5772373], [47.8009913, 41.5771906], [47.8012311, 41.5770889], [47.8014978, 41.5770638], [47.8017688, 41.5770317], [47.8018989, 41.5770039], [47.8020992, 41.5769306], [47.8024151, 41.5768689], [47.802941, 41.5766985], [47.8032829, 41.5765332], [47.8036651, 41.576406], [47.804216, 41.5763747], [47.8045625, 41.5763396], [47.8047926, 41.5763178], [47.8049866, 41.5763725], [47.8051435, 41.5764123], [47.8054087, 41.5763047], [47.8057901, 41.5764274], [47.80605, 41.5762597], [47.8068786, 41.5763218], [47.8073583, 41.5759836], [47.8081083, 41.575844], [47.808606, 41.575566], [47.8091012, 41.5749836], [47.8094684, 41.5745346], [47.8094404, 41.5743086], [47.8095065, 41.5740806], [47.8095441, 41.5738917], [47.8101112, 41.5736448], [47.8101989, 41.5733979], [47.8103735, 41.5729176], [47.8106935, 41.5724479], [47.8110538, 41.5721054], [47.8109446, 41.5717969], [47.8105545, 41.5712159], [47.8103351, 41.570957], [47.8103595, 41.5706178], [47.8107202, 41.5703187], [47.8106276, 41.5700124], [47.810457, 41.5693084], [47.8106422, 41.5689656], [47.8114311, 41.5679336], [47.811635, 41.5675483], [47.8123645, 41.5667456], [47.8137915, 41.5653328], [47.8145747, 41.5638236], [47.8151969, 41.5631011], [47.8162913, 41.5625392], [47.8181044, 41.5618007], [47.8214089, 41.560749], [47.8231899, 41.5597536], [47.8247671, 41.5588946], [47.8264408, 41.5570561], [47.827342, 41.556454], [47.8291766, 41.5561489], [47.8301851, 41.5558197], [47.8312795, 41.5549847], [47.8325562, 41.5544468], [47.8345088, 41.5547519], [47.8356246, 41.5541819], [47.8380172, 41.5532024], [47.840871, 41.5524798], [47.8429524, 41.552255], [47.8462676, 41.5518375], [47.8493468, 41.551171], [47.8518681, 41.5506813], [47.853456, 41.5503119], [47.8540904, 41.550319], [47.8563098, 41.550344], [47.8579513, 41.5498784], [47.8582771, 41.5497678], [47.8595607, 41.5493324], [47.860934, 41.5488185], [47.8621785, 41.5489068], [47.8636484, 41.5480557], [47.8648607, 41.5471644], [47.8661696, 41.5466666], [47.8675107, 41.5463454], [47.869399, 41.5463052], [47.8703539, 41.5464578], [47.871298, 41.5469637], [47.871931, 41.5471965], [47.8724245, 41.547871], [47.8745489, 41.5488908], [47.8772847, 41.5492521], [47.8795378, 41.5499827], [47.8805034, 41.5503762], [47.8814368, 41.5501995], [47.8831105, 41.5496294], [47.8847412, 41.5490674], [47.8864149, 41.5490112], [47.8881208, 41.5496857], [47.8895049, 41.549501], [47.8912215, 41.5494127], [47.89223, 41.549244], [47.8933029, 41.5491477], [47.8938929, 41.5488024], [47.8952233, 41.5488506], [47.8956954, 41.5485856], [47.89753, 41.5490112], [47.8988497, 41.5493565], [47.899944, 41.5492681], [47.9013817, 41.5500711], [47.9025726, 41.5506251], [47.9036133, 41.5508017], [47.9048149, 41.5507214], [47.9061345, 41.5504805], [47.9072182, 41.5504805], [47.9082696, 41.5501192], [47.9100506, 41.5500229], [47.9115741, 41.5501594], [47.9127113, 41.5499426], [47.9148785, 41.5497659], [47.9161231, 41.5496696], [47.9177861, 41.5499024], [47.9193096, 41.5498302], [47.9203503, 41.5495652], [47.9214124, 41.5488506], [47.9224316, 41.5484893], [47.9235904, 41.5483287], [47.9244916, 41.5484572], [47.9252748, 41.5483849], [47.9266695, 41.5486579], [47.9279785, 41.5482564], [47.9290513, 41.5479031], [47.9297165, 41.5475498], [47.9304783, 41.5472688], [47.9309611, 41.547317], [47.9315297, 41.5476783], [47.9324202, 41.5479674], [47.9336969, 41.5479754], [47.93492, 41.5477185], [47.935671, 41.5472367], [47.9362397, 41.5464819], [47.9371623, 41.5460563], [47.9381387, 41.5457913], [47.9391257, 41.5458395], [47.9409925, 41.546233], [47.9422585, 41.5464578], [47.9442005, 41.5463936], [47.9450695, 41.5463454], [47.9456703, 41.5457833], [47.9463999, 41.5454862], [47.9474298, 41.5454782], [47.9486315, 41.5457191], [47.9500906, 41.545976], [47.9509811, 41.5458716], [47.9520754, 41.5454541], [47.9530732, 41.5447314], [47.9539744, 41.5441773], [47.9556159, 41.5437277], [47.9575471, 41.5430371], [47.9588024, 41.5427801], [47.9600469, 41.54221], [47.9610555, 41.541953], [47.9626541, 41.5418085], [47.9643492, 41.5421859], [47.9654221, 41.5426998], [47.966334, 41.5431094], [47.9679648, 41.5436393], [47.9694669, 41.5437518], [47.9708294, 41.5440087], [47.9719881, 41.5443299], [47.9732756, 41.5443139], [47.9743914, 41.5437839], [47.9762689, 41.5431013], [47.9774813, 41.5428203], [47.9788975, 41.5429166], [47.9800348, 41.5434225], [47.9815475, 41.5440569], [47.9833071, 41.5440649], [47.9845409, 41.5441693], [47.985646, 41.5445949], [47.9871534, 41.5456508], [47.9880402, 41.5458704], [47.9886143, 41.5472216], [47.9890736, 41.5480475], [47.9898195, 41.548955], [47.9901199, 41.549517], [47.9903345, 41.5501032], [47.9921369, 41.5506732], [47.9945509, 41.5515002], [47.9951946, 41.5518455], [47.996407, 41.5520542], [47.9982845, 41.5524637], [47.9994015, 41.5524583], [47.9999475, 41.5524557], [48.0011062, 41.5525279]]}}, {"type": "Feature", "properties": {"osm_id": 105841934, "osm_type": "way", "name": "Кочхюрчай", "seasonal": "yes", "source": "DigitalGlobal Premium Image 19-01-18", "waterway": "stream"}, "geometry": {"type": "LineString", "coordinates": [[47.7356762, 41.5619696], [47.7360557, 41.5620543], [47.736209, 41.5617785], [47.7363112, 41.5617293], [47.7366214, 41.5616856], [47.7367638, 41.5616529], [47.7369572, 41.56153], [47.7370995, 41.5615054], [47.7373696, 41.5613552], [47.7375375, 41.5612596], [47.7377491, 41.5611586], [47.7378878, 41.5610111], [47.7379207, 41.5608691], [47.7380594, 41.5607899], [47.738074, 41.5607326], [47.7379973, 41.5606179], [47.7380119, 41.5605032], [47.7381579, 41.5604486], [47.7385922, 41.560353], [47.7388185, 41.5602192], [47.7389097, 41.5601154], [47.7390703, 41.5599597], [47.7391725, 41.5597932], [47.7393112, 41.5596457], [47.7393002, 41.5595201], [47.7393002, 41.5594272], [47.73949, 41.5591405], [47.7396141, 41.5590695], [47.7398039, 41.5589794], [47.7398002, 41.5588401], [47.7399134, 41.5587718], [47.7401615, 41.5587199], [47.7401688, 41.5586189], [47.7402856, 41.5584578], [47.7406141, 41.5582693], [47.7407382, 41.5581246], [47.7408586, 41.5578679], [47.7411469, 41.5577368], [47.7416542, 41.5575565], [47.7419316, 41.5574309], [47.7421615, 41.5573872], [47.7424316, 41.5573408], [47.7427381, 41.5571851], [47.7429973, 41.5570786], [47.74347, 41.5569337], [47.7435873, 41.5568606], [47.743875, 41.5568104], [47.7441179, 41.5568062], [47.7442519, 41.5568292], [47.744467, 41.5567853], [47.7446401, 41.5567205], [47.7450394, 41.556685], [47.7455114, 41.5565784], [47.7458912, 41.5564594], [47.7463827, 41.5563466], [47.7468267, 41.5561648], [47.7474494, 41.5559663], [47.7477901, 41.5558743], [47.7484212, 41.555774], [47.7486758, 41.5557183], [47.7495829, 41.5554149], [47.7502685, 41.5550646], [47.7512174, 41.5546954], [47.7516856, 41.5545953], [47.752158, 41.5544733], [47.7526512, 41.5541167], [47.7532992, 41.5537101], [47.7535291, 41.5535255], [47.7538677, 41.5531501], [47.7545323, 41.5528623], [47.7551928, 41.5528686], [47.7557404, 41.5529249], [47.756171, 41.5530875], [47.756543, 41.5530031], [47.7570363, 41.5528748], [47.7574293, 41.5529999], [47.7578389, 41.553269], [47.7580103, 41.5533659], [47.7582904, 41.5532596], [47.7587878, 41.5528623], [47.7594483, 41.5527153], [47.7600879, 41.5523242], [47.7606648, 41.5521803], [47.7614632, 41.5519864], [47.7620359, 41.5517611], [47.7622658, 41.5517455], [47.7623828, 41.5515985], [47.76278, 41.5512481], [47.7633401, 41.5510322], [47.7638961, 41.5508226], [47.7647321, 41.5507037], [47.7653006, 41.5502877], [47.7657312, 41.5500311], [47.7664837, 41.5496651], [47.7669184, 41.5494086], [47.7670898, 41.5490207], [47.7675789, 41.548689], [47.7682519, 41.5478788], [47.7686323, 41.5476691], [47.7691506, 41.5471467], [47.7697401, 41.5468526], [47.7701455, 41.5468839], [47.7705259, 41.5468589], [47.7706848, 41.5467838], [47.7706179, 41.5465178], [47.7711363, 41.5459766], [47.7726788, 41.5449973], [47.7734897, 41.5448534], [47.7743258, 41.5447846], [47.7759686, 41.5443122], [47.7770597, 41.5440181], [47.778853, 41.5441182], [47.779944, 41.5439304], [47.7806547, 41.5436332], [47.7817582, 41.5427947], [47.782448, 41.5420563], [47.7830792, 41.54149], [47.7840908, 41.5409456], [47.7845548, 41.5406485], [47.7847722, 41.5404107], [47.7849185, 41.5403856], [47.7848642, 41.5401916], [47.7850439, 41.5400258], [47.7852822, 41.53986], [47.7852696, 41.5396347], [47.7854285, 41.5394626], [47.7857169, 41.5394125], [47.7859218, 41.5393187], [47.7861893, 41.5390777], [47.7865028, 41.5389276], [47.7866617, 41.5388212], [47.7869334, 41.5387836], [47.7870044, 41.5386804], [47.7869835, 41.5385333], [47.7869083, 41.538308], [47.7870462, 41.5381985], [47.7871424, 41.538114], [47.7871633, 41.5380045], [47.7874434, 41.5378637], [47.7876357, 41.5377792], [47.787782, 41.5378042], [47.7879032, 41.5377761], [47.7880788, 41.5375977], [47.788292, 41.5374882], [47.7885344, 41.537385], [47.7887643, 41.5372348], [47.7889148, 41.5369907], [47.7892325, 41.5368718], [47.7898595, 41.536465], [47.7899139, 41.5363305], [47.7901772, 41.5361114], [47.7904908, 41.5360457], [47.7908544, 41.535858], [47.7912975, 41.535786], [47.791657, 41.5357485], [47.7920291, 41.5355764], [47.7923092, 41.5354481], [47.7926896, 41.5354856], [47.7928819, 41.535617], [47.7930449, 41.5356139], [47.7932581, 41.5355388], [47.7932372, 41.5353604], [47.7934086, 41.5351883], [47.7937513, 41.535107], [47.7942864, 41.5348723], [47.7948006, 41.5348316], [47.795181, 41.5347377], [47.7956283, 41.5346783], [47.7959418, 41.5348066], [47.7964351, 41.5348817], [47.7968155, 41.5351039], [47.7973673, 41.5351101], [47.7976557, 41.535229], [47.7981991, 41.5352666], [47.7985043, 41.5352478], [47.7989056, 41.535132], [47.7992734, 41.5349161], [47.7999841, 41.534622], [47.800561, 41.5342183], [47.8009915, 41.5341057], [47.8012632, 41.5339304], [47.8018067, 41.5337677], [47.8025382, 41.533871], [47.8029855, 41.5339398], [47.8034119, 41.5338772], [47.8040347, 41.5340493], [47.8044486, 41.5341276], [47.8050171, 41.5341933], [47.8054518, 41.534115], [47.8058531, 41.5338804], [47.8061625, 41.5338616], [47.8065011, 41.5339148], [47.8069484, 41.5340838], [47.8073956, 41.5341839], [47.8075796, 41.5341776], [47.8078555, 41.5339304], [47.8082024, 41.5335956], [47.8084825, 41.533461], [47.8089382, 41.5335424], [47.8093436, 41.5337427], [47.8096697, 41.5338365], [47.8100543, 41.5338397], [47.8103344, 41.533702], [47.8107106, 41.5336363], [47.811137, 41.5337834], [47.8115174, 41.5336832], [47.811927, 41.5338115], [47.8122322, 41.5337176], [47.8125164, 41.5336676], [47.8130013, 41.5337145], [47.813294, 41.5337614], [47.8136409, 41.5338146], [47.8140673, 41.5338397], [47.8142269, 41.5337929], [47.8147612, 41.5336363], [47.8150455, 41.5336801], [47.8153005, 41.5338084], [47.8155178, 41.534115], [47.8158105, 41.5341745], [47.8163121, 41.5341682], [47.8167677, 41.5344092], [47.8170938, 41.5346501], [47.8175954, 41.5347158], [47.8179089, 41.5346188], [47.8179241, 41.5346235], [47.8181932, 41.5347065], [47.8184189, 41.5346814], [47.8186739, 41.5346752], [47.8190752, 41.5347972], [47.8193887, 41.5350194], [47.8196228, 41.5350976], [47.820045, 41.5350788], [47.8204296, 41.5350319], [47.8204882, 41.535132], [47.8205383, 41.5353479], [47.8207849, 41.5354262], [47.8208895, 41.5353698], [47.8210859, 41.5353573], [47.8212406, 41.5353917], [47.8213326, 41.5354731], [47.8213451, 41.5357516], [47.8214914, 41.5359237], [47.8216377, 41.5359425], [47.8219136, 41.5359206], [47.8221519, 41.5358642], [47.8224905, 41.5358736], [47.8227622, 41.5359393], [47.8230715, 41.5361365], [47.8232387, 41.5361803], [47.8233976, 41.5361646], [47.8236484, 41.5361646], [47.8240455, 41.5360645], [47.8243214, 41.536005], [47.8244677, 41.536077], [47.8248105, 41.5360708], [47.8249526, 41.5360207], [47.8249861, 41.535858], [47.8250321, 41.5357422], [47.8251658, 41.5357547], [47.8253707, 41.5358611], [47.825563, 41.5358987], [47.8257553, 41.535908], [47.8258932, 41.5358392], [47.8260855, 41.535617], [47.8261733, 41.5355169], [47.8262945, 41.5355294], [47.8265077, 41.5356296], [47.8268254, 41.5356139], [47.8270511, 41.5355169], [47.8271347, 41.5354262], [47.8271096, 41.5352728], [47.8272351, 41.535204], [47.827373, 41.5352196], [47.8275486, 41.5353354], [47.8276865, 41.5354074], [47.8278496, 41.5354074], [47.8280335, 41.5352697], [47.8281338, 41.5351727], [47.8284013, 41.5351132], [47.8285769, 41.5350538], [47.8285978, 41.5349036], [47.8285602, 41.534769], [47.828765, 41.5346846], [47.8289406, 41.5347409], [47.8291663, 41.5346783], [47.8293712, 41.5345688], [47.8294673, 41.534331], [47.8296596, 41.5342058], [47.829877, 41.5341745], [47.8301236, 41.5341682], [47.8302741, 41.5340212], [47.8303493, 41.5338616], [47.8304789, 41.5336957], [47.8306252, 41.5335549], [47.8308175, 41.5336175], [47.8310182, 41.5336707], [47.831269, 41.5336363], [47.8314111, 41.5335706], [47.8314738, 41.5334235], [47.8314947, 41.5333046], [47.8316243, 41.533267], [47.8320716, 41.533267], [47.8322137, 41.533217], [47.8322472, 41.5331043], [47.832314, 41.532951], [47.8325314, 41.5328884], [47.8326485, 41.5328383], [47.8328575, 41.5326349], [47.8329453, 41.5325004], [47.833334, 41.5322375], [47.8338231, 41.5319277], [47.8340572, 41.5315428], [47.8341701, 41.5314865], [47.8343206, 41.5314552], [47.8346174, 41.5312799], [47.83491, 41.5312393], [47.8350897, 41.5311673], [47.835211, 41.5309983], [47.8353907, 41.530942], [47.8356959, 41.5306666], [47.8359968, 41.5303286], [47.8363563, 41.5301941], [47.8366364, 41.5302034], [47.8368078, 41.5302473], [47.8369876, 41.5300908], [47.8371171, 41.5299124], [47.837276, 41.5299437], [47.8373805, 41.5300032], [47.8374516, 41.5301315], [47.8376062, 41.5301972], [47.8377525, 41.5302003], [47.8378403, 41.5301722], [47.8378654, 41.5300501], [47.8376857, 41.5298717], [47.8377651, 41.5297466], [47.8379908, 41.5296151], [47.8383252, 41.5295306], [47.8387976, 41.5294555], [47.839295, 41.5294587], [47.8401227, 41.5293022], [47.8404446, 41.5293773], [47.8406703, 41.5294618], [47.8408376, 41.5294399], [47.8411385, 41.5291833], [47.8413392, 41.5291332], [47.8415607, 41.5291144], [47.8418283, 41.528936], [47.8418241, 41.5287232], [47.8419244, 41.5285793], [47.842146, 41.5285699], [47.8424302, 41.528645], [47.8427479, 41.5287138], [47.8430155, 41.528742], [47.8430238, 41.5286638], [47.8428441, 41.5285167], [47.8428524, 41.5282789], [47.8430196, 41.528185], [47.8432203, 41.528138], [47.8434251, 41.5280598], [47.8434544, 41.5281036], [47.8434042, 41.5282037], [47.8434168, 41.5282789], [47.8436091, 41.5282413], [47.8438849, 41.5281756], [47.8441859, 41.5281349], [47.8442821, 41.5281224], [47.844303, 41.5281537], [47.8442528, 41.5282476], [47.8442988, 41.5282976], [47.84442, 41.5282945], [47.8445329, 41.52821], [47.8446374, 41.5281944], [47.8446081, 41.5280692], [47.8445914, 41.527969], [47.8448088, 41.5278094], [47.8449384, 41.5277406], [47.8450053, 41.5277781], [47.8450387, 41.5278532], [47.8451557, 41.5278971], [47.8452184, 41.5279816], [47.8453857, 41.5280441], [47.8456114, 41.5280191], [47.8457702, 41.5278626], [47.8459751, 41.5277656], [47.8461339, 41.5277656], [47.8462133, 41.5278845], [47.846368, 41.5280598], [47.8464809, 41.5281286], [47.846577, 41.5281537], [47.8467233, 41.5281318], [47.8469073, 41.527969], [47.8472626, 41.5277625], [47.8474465, 41.5278], [47.8477767, 41.5279565], [47.8481237, 41.5281318], [47.848316, 41.5282914], [47.8484414, 41.5283101], [47.8486295, 41.5281631], [47.8487842, 41.5281537], [47.8490601, 41.5282257], [47.8492816, 41.528307], [47.8493945, 41.5283915], [47.8493903, 41.5285323], [47.8493987, 41.5286262], [47.8495199, 41.5286012], [47.8496328, 41.5284698], [47.8498209, 41.5284447], [47.8499965, 41.5284823], [47.8502891, 41.5285198], [47.8504605, 41.5283759], [47.8507698, 41.5281005], [47.8507907, 41.5280003], [47.8509914, 41.5278345], [47.8513216, 41.5278251], [47.8514094, 41.5279002], [47.8516769, 41.5278595], [47.8518399, 41.5277875], [47.8519862, 41.527775], [47.8522287, 41.5276749], [47.8525171, 41.5275747], [47.8528641, 41.5274808], [47.8531985, 41.527365], [47.853696, 41.527171], [47.8539342, 41.5272086], [47.8541182, 41.527218], [47.8543648, 41.527099], [47.8546491, 41.526833], [47.8549584, 41.5267548], [47.8551841, 41.5265357], [47.8553263, 41.526495], [47.8555144, 41.5264763], [47.8557067, 41.5263918], [47.855807, 41.5263636], [47.8561414, 41.5261383], [47.8564131, 41.526107], [47.8568019, 41.5259442], [47.8569858, 41.5259787], [47.8571572, 41.5260225], [47.8573286, 41.5260131], [47.857801, 41.5259255], [47.8580518, 41.5258723], [47.8585576, 41.5260068], [47.8587332, 41.5260757], [47.8589881, 41.5262353], [47.8591177, 41.5262697], [47.8592181, 41.526229], [47.8593226, 41.5261289], [47.8595776, 41.5259474], [47.8597908, 41.5258566], [47.8598493, 41.5257658], [47.8601252, 41.5256939], [47.8604805, 41.5256845], [47.8608567, 41.5256845], [47.8610114, 41.5256281], [47.8612831, 41.5255624], [47.8614461, 41.5254498], [47.8617471, 41.5252682], [47.8619101, 41.5252682], [47.8621191, 41.5253121], [47.8622613, 41.5253559], [47.8623616, 41.5255311], [47.86237, 41.52565], [47.8624577, 41.5257126], [47.8625497, 41.5257126], [47.8627086, 41.5256219], [47.8627796, 41.5255186], [47.8629468, 41.525528], [47.8631726, 41.5255123], [47.8634903, 41.5255405], [47.8636408, 41.5255781], [47.8637996, 41.525553], [47.8638121, 41.5255217], [47.8637285, 41.5253809], [47.863762, 41.5252557], [47.863879, 41.5251744], [47.8639501, 41.5251994], [47.8639835, 41.525262], [47.8640839, 41.5253152], [47.864226, 41.5252776], [47.8643012, 41.5252369], [47.8644977, 41.5250742], [47.8646942, 41.5249772], [47.8648572, 41.5249459], [47.8649324, 41.5250022], [47.8649993, 41.5250492], [47.8650286, 41.5251399], [47.864991, 41.5252432], [47.8650328, 41.525287], [47.865154, 41.525334], [47.8653045, 41.5253402], [47.8654633, 41.5253246], [47.8655386, 41.5253089], [47.8655762, 41.52519], [47.8656222, 41.5250711], [47.8657518, 41.5249521], [47.8659441, 41.5249272], [47.8660528, 41.5249647], [47.8661364, 41.5250586], [47.8661573, 41.5251994], [47.8662827, 41.5254059], [47.8664833, 41.525528], [47.8666213, 41.5255374], [47.8666756, 41.5254185], [47.8668094, 41.525165], [47.8669473, 41.5249772], [47.8670685, 41.5250022], [47.8672065, 41.5250554], [47.8673653, 41.5251118], [47.8676705, 41.5251274], [47.867775, 41.5251024], [47.8677666, 41.5249615], [47.8678628, 41.5249459], [47.8679631, 41.5249709], [47.8682014, 41.5250241], [47.8688535, 41.5250742], [47.868912, 41.5251243], [47.8689329, 41.5252714], [47.8690207, 41.5253653], [47.8692088, 41.5253934], [47.8693342, 41.5254654], [47.8695433, 41.5255249], [47.8697857, 41.5254623], [47.8699571, 41.5254185], [47.8701076, 41.525456], [47.8703082, 41.5255311], [47.8705758, 41.5255186], [47.87086, 41.5255155], [47.8711025, 41.5255186], [47.8714453, 41.5255249], [47.8717421, 41.5255123], [47.8718466, 41.5255937], [47.8718131, 41.5257471], [47.871834, 41.5259474], [47.871926, 41.5260506], [47.8721308, 41.5260976], [47.8724067, 41.5260319], [47.8726074, 41.5257533], [47.8729836, 41.5255311], [47.8732553, 41.5254529], [47.8735981, 41.5255343], [47.8738489, 41.5256062], [47.874292, 41.5255436], [47.8747184, 41.5255718], [47.8749734, 41.5256563], [47.8752242, 41.5257815], [47.8754374, 41.525866], [47.875822, 41.5257001], [47.8765786, 41.5251399], [47.8771555, 41.5247394], [47.8779999, 41.5245078], [47.878514, 41.5245454], [47.8787105, 41.5246737], [47.8787983, 41.5249709], [47.8790031, 41.5251587], [47.8793585, 41.5251869], [47.8799061, 41.5252088], [47.8802447, 41.5252808], [47.8804244, 41.5254591], [47.8805498, 41.5256563], [47.8809344, 41.5261633], [47.8813775, 41.5263667], [47.8817036, 41.5263949], [47.8820422, 41.5263511], [47.882548, 41.5263104], [47.8832628, 41.5262415], [47.8837435, 41.5262353], [47.8841072, 41.5262102], [47.8846883, 41.5260162], [47.8853111, 41.5259693], [47.8859758, 41.5258065], [47.8867282, 41.5257533], [47.8872842, 41.525794], [47.887882, 41.5259442], [47.8880366, 41.5262541], [47.8880659, 41.5266453], [47.8882289, 41.5268017], [47.8888518, 41.5268612], [47.8897004, 41.5268174], [47.8902814, 41.5270959], [47.8907538, 41.5274621], [47.8914519, 41.5280973], [47.8920538, 41.5282037], [47.8929484, 41.5284791], [47.8934375, 41.5286419], [47.8937134, 41.5287921], [47.8942401, 41.5288703], [47.8944993, 41.5289016], [47.8950678, 41.5289235], [47.8955104, 41.529428], [47.8961434, 41.5294842], [47.896712, 41.529428], [47.8972806, 41.5296449], [47.8979887, 41.530191], [47.8989221, 41.5313556], [47.8993084, 41.5322712], [47.8996302, 41.5328736], [47.9002203, 41.5334197], [47.9007675, 41.5336767], [47.901776, 41.5335241], [47.9023875, 41.5335321], [47.9031171, 41.533757], [47.9038252, 41.5341104], [47.9063894, 41.5347448], [47.907709, 41.5350099], [47.9085137, 41.5349376], [47.9097153, 41.5348974], [47.9105629, 41.5346324], [47.9113461, 41.5341746], [47.9128052, 41.5340461], [47.9134597, 41.5336044], [47.9141571, 41.5333554], [47.9153158, 41.5331788], [47.9161204, 41.5332269], [47.9170753, 41.5335241], [47.9178692, 41.5334438], [47.9192533, 41.5331466], [47.9206587, 41.5326969], [47.9216887, 41.5325523], [47.9228582, 41.5324158], [47.9242529, 41.5321266], [47.9252936, 41.5321427], [47.9263987, 41.5320303], [47.9273213, 41.5317813], [47.9288985, 41.5319178], [47.930025, 41.5321427], [47.9310228, 41.5319018], [47.9318811, 41.5317331], [47.9326429, 41.5317733], [47.933587, 41.5314761], [47.9342307, 41.5311388], [47.9353251, 41.5310103], [47.9365696, 41.5311388], [47.9376747, 41.5309299], [47.9384042, 41.5310825], [47.9398312, 41.5313396], [47.9409684, 41.5310986], [47.9419984, 41.5310585], [47.9436292, 41.5311548], [47.9448737, 41.5313315], [47.9463972, 41.5313396], [47.9474916, 41.5315002], [47.9488649, 41.5316207], [47.9500021, 41.5317813], [47.9508068, 41.5316046], [47.9519869, 41.531966], [47.9534139, 41.5321989], [47.9543258, 41.5322873], [47.9559137, 41.5322953], [47.9569544, 41.5324238], [47.9584672, 41.5321748], [47.9592075, 41.5317813], [47.960452, 41.5313235], [47.9609241, 41.5307372], [47.9616429, 41.5303356], [47.9627694, 41.5300545], [47.9642607, 41.5300625], [47.9654516, 41.5298135], [47.9671468, 41.5300706], [47.9684772, 41.5300465], [47.9695822, 41.5302151], [47.9710521, 41.530697], [47.9717066, 41.5311006], [47.9727365, 41.5318777], [47.9740669, 41.5320544], [47.9750861, 41.5322712], [47.9764272, 41.5325362], [47.9766068, 41.5325181], [47.9788734, 41.5325443], [47.9799677, 41.5325603], [47.9806329, 41.5328736], [47.9815234, 41.5327932], [47.9823281, 41.5329057], [47.9830255, 41.5331466], [47.9839052, 41.5334197], [47.9848601, 41.5340863], [47.9849741, 41.5346857], [47.9852343, 41.5348242], [47.9857171, 41.5348202], [47.9860456, 41.5350339], [47.9865982, 41.5353873], [47.98738, 41.5364244], [47.9874564, 41.5364916], [47.9875839, 41.5365248], [47.9884207, 41.5365891], [47.9886903, 41.5367687], [47.9891369, 41.5366874], [47.9893032, 41.5369324], [47.9898874, 41.5371392], [47.9900421, 41.5372987], [47.9902996, 41.538158], [47.9906215, 41.5390413], [47.9914369, 41.5396276], [47.9916944, 41.5402379], [47.9926278, 41.5410168], [47.9943412, 41.5418173], [47.9949774, 41.5424141], [47.9963507, 41.5431127], [47.9974021, 41.5437792], [47.9977776, 41.544542], [47.9975523, 41.5454012], [47.9983141, 41.5463327], [47.9987325, 41.5471035], [47.9992958, 41.548067], [47.9992689, 41.5491751], [47.9995693, 41.5498335], [47.9995157, 41.5503875], [47.9999019, 41.5510299], [48.0005564, 41.5514313], [48.0008782, 41.5519773], [48.0011062, 41.5525279]]}}, {"type": "Feature", "properties": {"osm_id": 170092481, "osm_type": "way", "gvr:code": "07030000412109300002798", "name": "Арач", "name:ru": "Арач", "source": "landsat", "waterway": "river", "wikidata": "Q4068616", "wikipedia": "ru:Арач"}, "geometry": {"type": "LineString", "coordinates": [[47.9193592, 41.6502925], [47.9218054, 41.6500039], [47.9229426, 41.6502925], [47.9239082, 41.6501322], [47.9291654, 41.651463], [47.9293907, 41.6525773], [47.9333925, 41.6538679], [47.9346907, 41.6534751], [47.9412138, 41.6561525], [47.9458594, 41.6559842], [47.9471362, 41.6564651], [47.9519212, 41.6566655], [47.9578355, 41.6588258], [47.959359, 41.6585613], [47.9596809, 41.6586575], [47.9598096, 41.6589039], [47.9600322, 41.6589801], [47.9603434, 41.6587496], [47.961081, 41.6588739], [47.9616442, 41.6592987], [47.9618038, 41.6592767], [47.9621297, 41.6590142], [47.9625374, 41.658946], [47.963208, 41.6591023], [47.9637712, 41.6588098], [47.9639536, 41.6588659], [47.9642862, 41.6591384], [47.964533, 41.6590182], [47.9646617, 41.6585613], [47.9677141, 41.6569701], [47.9688406, 41.6571866], [47.9683578, 41.6554631], [47.969538, 41.6547016], [47.9737008, 41.6543168], [47.9768014, 41.6560243], [47.9782499, 41.6557581], [47.9794407, 41.6560643], [47.9790223, 41.6571385], [47.9807818, 41.6571385], [47.9811358, 41.6574671], [47.980181, 41.6586695], [47.9832172, 41.6602165], [47.9817259, 41.661002], [47.9831099, 41.6618196], [47.9840433, 41.6614268], [47.9888606, 41.6642081], [47.9924011, 41.6649775], [47.9948687, 41.6670053], [47.9964137, 41.6673619], [47.9965639, 41.6677106], [47.996875, 41.667939], [47.9983127, 41.667959], [47.9989833, 41.6683397], [48.0031863, 41.669033], [48.0036154, 41.6691051], [48.0050129, 41.6686202], [48.005603, 41.6689448], [48.0055815, 41.6695258], [48.0060321, 41.6697422], [48.0073518, 41.6692894], [48.0081886, 41.6697062], [48.0090791, 41.6697823], [48.0100393, 41.6691973], [48.0106616, 41.6691211], [48.0120456, 41.6693535], [48.0136657, 41.6686964], [48.0142772, 41.6692013], [48.0147493, 41.6687284], [48.0175602, 41.6683838], [48.0210149, 41.6690009], [48.0218518, 41.6687044], [48.0229676, 41.6677186], [48.0237508, 41.6677426], [48.0242443, 41.6683117], [48.024534, 41.6683357], [48.0249309, 41.6678869], [48.0262077, 41.6676304], [48.0265725, 41.6680231], [48.0276024, 41.6680712], [48.0282462, 41.667398], [48.0291366, 41.6670133], [48.0295014, 41.6671656], [48.0296945, 41.6678789], [48.0301773, 41.6685601], [48.0346191, 41.6689128], [48.0353165, 41.6693375], [48.0361104, 41.6692894], [48.0371404, 41.668504], [48.0386424, 41.6683197], [48.0390501, 41.6687525], [48.0387282, 41.6693295], [48.0394256, 41.6695138], [48.0401981, 41.6691211], [48.040992, 41.6690931], [48.0420005, 41.6702992], [48.0417108, 41.6705276], [48.041684, 41.6708001], [48.0420971, 41.6710786], [48.042706, 41.6708642], [48.043052, 41.6704795], [48.0434704, 41.6704996], [48.0441248, 41.6711728], [48.0451226, 41.6708522], [48.045702, 41.6708682], [48.0463779, 41.6723589], [48.0501544, 41.6719101], [48.0503261, 41.6721826], [48.0500579, 41.6724711], [48.0483627, 41.6729279], [48.0476546, 41.6734007], [48.0478692, 41.6744024], [48.0488133, 41.6748993], [48.051238, 41.6742982], [48.0515492, 41.6745707], [48.0510449, 41.6759651], [48.0517423, 41.6762455], [48.0526435, 41.6755323], [48.0534482, 41.6755804], [48.0532551, 41.6766222], [48.053695, 41.6768305], [48.0544889, 41.6762776], [48.054961, 41.6763577], [48.0549288, 41.6773033], [48.0554116, 41.6774476], [48.0568385, 41.6764218], [48.0575144, 41.6766382], [48.0582547, 41.6782569], [48.0586302, 41.678337], [48.0591237, 41.677712], [48.0596387, 41.6775036], [48.0606794, 41.6782649], [48.0619883, 41.678297], [48.0634045, 41.6775117], [48.0644345, 41.6775678], [48.0650139, 41.6778242], [48.0653894, 41.6784172], [48.0661029, 41.6787818], [48.0668002, 41.6788499], [48.0672938, 41.6792265], [48.0683613, 41.6792265], [48.0690318, 41.6780526], [48.0695522, 41.6776719], [48.0704588, 41.6775357], [48.0710649, 41.6777641], [48.0713117, 41.6782008], [48.0712259, 41.6802642], [48.071419, 41.6803764], [48.0718964, 41.6803724], [48.073132, 41.67938], [48.0733588, 41.6795271], [48.0734266, 41.6802363], [48.0755565, 41.6802971], [48.0768717, 41.6807643], [48.0780195, 41.6819297], [48.0792632, 41.6819379], [48.0800094, 41.6830524], [48.0829668, 41.6835488], [48.0860735, 41.6848254], [48.08869, 41.6869254], [48.0896925, 41.6871664], [48.0899503, 41.6870549], [48.0916732, 41.6857683], [48.0940744, 41.6856163], [48.0992974, 41.6863964], [48.1001521, 41.6855048], [48.0992567, 41.684745], [48.0995009, 41.684593], [48.1011209, 41.6846468], [48.1017023, 41.6839552], [48.102774, 41.6834689], [48.1047954, 41.6824861], [48.1057586, 41.6825266], [48.1060299, 41.6830737], [48.1064233, 41.6833574], [48.1070474, 41.6831041], [48.1075629, 41.6822328], [48.1072644, 41.6813311], [48.1078071, 41.6812196], [48.1092044, 41.6819694], [48.1113837, 41.6803037], [48.1119312, 41.6796694], [48.1145631, 41.6787372], [48.1153228, 41.6781698], [48.1170321, 41.6784738], [48.1187957, 41.6768323], [48.1209663, 41.6766296], [48.122947, 41.677116], [48.1237339, 41.6764675], [48.1254139, 41.6761575], [48.1258886, 41.67562], [48.1266291, 41.6749166], [48.1282402, 41.6756353], [48.1322008, 41.6730001]]}}, {"type": "Feature", "properties": {"osm_id": 170092482, "osm_type": "way", "name": "Гюльгерычай", "name:az": "Gülgeriçay", "name:az-cyr": "Ҝүлҝеричај", "name:de": "Gjulgerytschai", "name:en": "Gjulgerychay", "name:lez": "Гуьлгери вацI", "name:ru": "Гюльгерычай", "name:rut": "Гюльгер мыри", "source": "landsat", "waterway": "river", "wikidata": "Q38609", "wikipedia": "ru:Гюльгерычай"}, "geometry": {"type": "LineString", "coordinates": [[48.1886415, 41.6597739], [48.1925505, 41.6601981], [48.1953278, 41.6620853], [48.1991273, 41.6636788], [48.2010937, 41.6640274], [48.2058264, 41.6637038], [48.2099592, 41.6634299], [48.2173582, 41.6653719], [48.2224575, 41.6661438], [48.225757, 41.6663678], [48.2292565, 41.6666417], [48.2335559, 41.6662683], [48.2373554, 41.6673886], [48.2428547, 41.6691065], [48.2451877, 41.6699281], [48.2473874, 41.671397], [48.2526533, 41.6709737], [48.257686, 41.6731396], [48.2632852, 41.6739114], [48.2680845, 41.6763261], [48.2703176, 41.6775957], [48.2737504, 41.6775708], [48.2754835, 41.6774712], [48.2780165, 41.6799605], [48.2811161, 41.6813544], [48.2849822, 41.6817527], [48.2872486, 41.6826737], [48.2873819, 41.6839929], [48.2898149, 41.6864321], [48.2929811, 41.6881246], [48.2946809, 41.6892695], [48.2965473, 41.6912357], [48.2991803, 41.6938738], [48.3044796, 41.6952923], [48.3111453, 41.697756], [48.3174111, 41.7021854], [48.3227771, 41.7070127], [48.3265099, 41.7111678], [48.3294758, 41.7148452], [48.3347421, 41.7213181], [48.342541, 41.7308948], [48.3439408, 41.7325364], [48.3443741, 41.7347251], [48.3466738, 41.7381821], [48.3511732, 41.7405198], [48.3556059, 41.743504], [48.3628049, 41.7497703], [48.3661045, 41.7517098], [48.3687374, 41.7533508], [48.3740367, 41.7589201], [48.3804875, 41.7673312], [48.3864753, 41.7706571], [48.3939006, 41.7749787], [48.4006664, 41.7814905], [48.4021329, 41.7872313], [48.406099, 41.7927976], [48.4062656, 41.7944625], [48.408632, 41.7968975], [48.4094652, 41.8018419], [48.4090319, 41.806289], [48.40997, 41.8081172], [48.4103182, 41.8093772], [48.4112017, 41.8107559], [48.4120247, 41.8126273], [48.4120159, 41.8128978], [48.4125095, 41.8135834], [48.4163855, 41.8179385], [48.4173044, 41.8184302], [48.4184472, 41.8195716], [48.4203911, 41.8237595], [48.4207835, 41.8254801], [48.4206205, 41.8269427], [48.4220786, 41.8277935], [48.422228, 41.8286443], [48.4235808, 41.8307242], [48.4234966, 41.8335115], [48.4237632, 41.8357713], [48.4247265, 41.8390751], [48.427836, 41.8427969], [48.4300987, 41.8443699], [48.4344284, 41.8474661], [48.4383279, 41.8497005], [48.4402943, 41.8524313], [48.4411275, 41.8544422], [48.4435272, 41.8571232], [48.4443604, 41.8590097], [48.4443271, 41.8601516], [48.44716, 41.8604495], [48.4496263, 41.8610948], [48.4517594, 41.8618395], [48.4529592, 41.8628572], [48.4529259, 41.8641231], [48.4534165, 41.8664573], [48.4546101, 41.8674196], [48.4535456, 41.8687372], [48.454483, 41.8694592], [48.4559834, 41.8695049], [48.457144, 41.8696096], [48.4583252, 41.8701294], [48.4588518, 41.8714112], [48.4588051, 41.8730042], [48.4598518, 41.8739688], [48.4595346, 41.8751212], [48.4582218, 41.875498], [48.4579633, 41.876698], [48.4579762, 41.8778878], [48.4591699, 41.8781888], [48.4623489, 41.8782649], [48.4658646, 41.8795947], [48.4705319, 41.8800383], [48.4754963, 41.8797343], [48.4774943, 41.8815259], [48.480425, 41.8825644]]}}, {"type": "Feature", "properties": {"osm_id": 170188780, "osm_type": "way", "alt_name:ru": "Чирагчай", "gvr:code": "07030000412109300002644", "intermittent": "yes", "name": "Чирахчай", "name:az": "Çiraxçay", "name:az-cyr": "Чирахчај", "name:de": "Tschirachtschai", "name:en": "Chirakhchay", "name:lez": "Чирагъ вацI", "name:ru": "Чирахчай", "seasonal": "yes", "source": "landsat", "waterway": "river", "wikidata": "Q4516146", "wikipedia": "ru:Чирагчай"}, "geometry": {"type": "LineString", "coordinates": [[47.9494579, 41.7459478], [47.9516304, 41.7455178], [47.9530935, 41.7451539], [47.9545566, 41.7444261], [47.955532, 41.7434999], [47.9575714, 41.7430036], [47.9588869, 41.7428098], [47.959494, 41.7426699], [47.9599543, 41.741965], [47.961064, 41.7416821], [47.962035, 41.7417373], [47.9633204, 41.7415441], [47.9633495, 41.7409938], [47.9633354, 41.7404604], [47.9638636, 41.7402604], [47.9647584, 41.7402538], [47.9654355, 41.7399701], [47.9660484, 41.7398191], [47.9667689, 41.7397363], [47.9694258, 41.7388406], [47.9707203, 41.7382942], [47.9720382, 41.7378487], [47.9732431, 41.7376598], [47.9739345, 41.7373814], [47.974552, 41.7376775], [47.974792, 41.7380457], [47.9751619, 41.7381543], [47.9757191, 41.7378939], [47.9761109, 41.7373043], [47.9766272, 41.7367926], [47.9773421, 41.7365077], [47.9790023, 41.7360724], [47.9795612, 41.7361271], [47.9803359, 41.7360376], [47.9808469, 41.7357029], [47.9816397, 41.7344049], [47.9821392, 41.7340053], [47.9826777, 41.7337076], [47.9832212, 41.73375], [47.9836188, 41.7339673], [47.9839577, 41.7344034], [47.9843216, 41.7345436], [47.9848441, 41.7346643], [47.9853527, 41.7341606], [47.9855368, 41.7335944], [47.9861943, 41.7332738], [47.9868416, 41.7333152], [47.9878338, 41.7334792], [47.9882657, 41.733329], [47.9881455, 41.7327252], [47.9880253, 41.7323767], [47.9885984, 41.7319959], [47.9891434, 41.7320194], [47.9893867, 41.7321871], [47.989639, 41.7324353], [47.9900598, 41.7326596], [47.990647, 41.7326354], [47.9909475, 41.7326009], [47.9911556, 41.7324008], [47.9915993, 41.7316447], [47.9921317, 41.7315566], [47.9927323, 41.7317176], [47.9934952, 41.7316244], [47.9943566, 41.7311835], [47.9951242, 41.7311927], [47.9958779, 41.7308949], [47.9964986, 41.7302662], [47.997341, 41.7300346], [47.9979174, 41.7293067], [47.9991588, 41.7294059], [48.0002672, 41.7297699], [48.0009322, 41.7293728], [48.001952, 41.7291743], [48.002883, 41.727553], [48.0045235, 41.726825], [48.0053215, 41.7271228], [48.0066516, 41.7265272], [48.0070506, 41.7259647], [48.0078487, 41.7258323], [48.0083364, 41.726428], [48.0093561, 41.7262294], [48.0107305, 41.7259316], [48.0120163, 41.7258985], [48.0135681, 41.7255676], [48.0141001, 41.7245087], [48.0154302, 41.7244756], [48.017248, 41.7243433], [48.0186224, 41.7241447], [48.0191544, 41.7237807], [48.0198195, 41.7239793], [48.0212826, 41.7239793], [48.0225683, 41.723516], [48.023455, 41.7228211], [48.0240757, 41.7226887], [48.0249624, 41.7230196], [48.0255832, 41.7227549], [48.0265142, 41.7225233], [48.0274896, 41.7231851], [48.0285094, 41.7231189], [48.0291301, 41.7226556], [48.0298838, 41.7229204], [48.0306818, 41.7229866], [48.0311252, 41.7221924], [48.0320562, 41.7222585], [48.0328543, 41.7225895], [48.0332977, 41.7223247], [48.034007, 41.721696], [48.0348051, 41.7216629], [48.0356031, 41.7220269], [48.0361352, 41.7224902], [48.0370219, 41.7221924], [48.0378643, 41.7218614], [48.0397264, 41.721001], [48.0407905, 41.721001], [48.0418545, 41.7212658], [48.0430516, 41.721001], [48.0430516, 41.7204385], [48.0443817, 41.7200745], [48.0453128, 41.7203723], [48.0469089, 41.7204716], [48.0487267, 41.7200745], [48.0496577, 41.7201406], [48.0509878, 41.7204716], [48.0523179, 41.7211334], [48.0531159, 41.7217953], [48.0540027, 41.7219276], [48.0545552, 41.7217338], [48.0549891, 41.7218921], [48.0562053, 41.7219293], [48.057883, 41.7226951], [48.0590526, 41.7226153], [48.0597299, 41.7227561], [48.0604435, 41.7228522], [48.0610722, 41.7229184], [48.061561, 41.7228391], [48.0618866, 41.7226021], [48.0623509, 41.7220297], [48.0617767, 41.7211235], [48.0619943, 41.7209403], [48.0629275, 41.7200696], [48.0644273, 41.7201691], [48.0651939, 41.7192487], [48.0665937, 41.7178555], [48.0684601, 41.7182785], [48.0696932, 41.7175819], [48.0713263, 41.7166365], [48.0746259, 41.7150194], [48.0792586, 41.7147208], [48.0815916, 41.7138252], [48.0853473, 41.7129], [48.0876068, 41.7126011], [48.0897905, 41.7119094], [48.0956563, 41.7099688], [48.0976333, 41.7080409], [48.0998224, 41.7074806], [48.1024833, 41.7069964], [48.1054251, 41.7067814], [48.1063888, 41.7074247], [48.1074529, 41.707487], [48.1100544, 41.705644], [48.1129796, 41.7052712], [48.1203863, 41.7028027], [48.1268854, 41.6981741], [48.130085, 41.6950385], [48.1325513, 41.6939932], [48.1346843, 41.6929728], [48.1379839, 41.6896876], [48.1414167, 41.6871489], [48.1449829, 41.6853319], [48.149449, 41.6836394], [48.1524383, 41.6820782], [48.1646321, 41.6774712], [48.167165, 41.6757037], [48.1728643, 41.6716957], [48.1771454, 41.6658057], [48.1829962, 41.6635295], [48.1883587, 41.6617388], [48.1886415, 41.6597739]]}}, {"type": "Feature", "properties": {"osm_id": 170451224, "osm_type": "way", "gvr:code": "07030000412109300002187", "name": "Самур", "name:az": "Samurçay", "name:az-cyr": "Самурчај", "name:de": "Samur", "name:en": "Samur", "name:lez": "Кьулан вацI", "name:ru": "Самур", "source": "DigitalGlobal Premium Image 19-01-18", "waterway": "stream", "wikidata": "Q1342847", "wikipedia": "ru:Самур"}, "geometry": {"type": "LineString", "coordinates": [[47.8194403, 41.4459546], [47.8205631, 41.4460415], [47.8212337, 41.4457741], [47.8217535, 41.4455457], [47.8228966, 41.4445355], [47.8235511, 41.4444069], [47.8244523, 41.4444873], [47.8273706, 41.445565], [47.8279928, 41.4456454], [47.8286414, 41.4455457], [47.8292373, 41.4453165], [47.8301386, 41.4449698], [47.8309266, 41.4443876], [47.8318874, 41.4432005], [47.8327564, 41.4430155], [47.8345245, 41.4418928], [47.8365378, 41.4408846]]}}, {"type": "Feature", "properties": {"osm_id": 175849858, "osm_type": "way", "alt_name:ru": "Генерчай", "gvr:code": "07030000412109300002521", "intermittent": "yes", "name": "Ukur çay", "name:ru": "Укурчай", "seasonal": "yes", "source": "DigitalGlobal Premium Image 18-01-18", "waterway": "stream", "wikidata": "Q4135401", "wikipedia": "ru:Генерчай"}, "geometry": {"type": "LineString", "coordinates": [[48.048529, 41.3276365], [48.0487597, 41.3278339], [48.0488402, 41.3279427], [48.0488509, 41.3280917], [48.0490708, 41.3283012], [48.049103, 41.3285227], [48.049103, 41.328696], [48.0490923, 41.3289216], [48.0492854, 41.329268], [48.0495268, 41.32955], [48.0496234, 41.3297071], [48.0496877, 41.3298319], [48.0497843, 41.3299649], [48.0499238, 41.3302066], [48.0499452, 41.3303395], [48.049956, 41.3304724], [48.0500096, 41.3305691], [48.0500337, 41.3306497], [48.0500847, 41.3307141], [48.0501491, 41.3307866], [48.0502456, 41.3309276], [48.0502966, 41.3309981], [48.0503824, 41.3310162], [48.0504495, 41.3310384], [48.0504924, 41.3310605], [48.050487, 41.331119], [48.0505058, 41.3311492], [48.050546, 41.3311633], [48.0505648, 41.3312599], [48.050597, 41.3313647], [48.0505648, 41.3313989], [48.0506185, 41.3314593], [48.0506185, 41.3315218], [48.0506426, 41.331558], [48.0506641, 41.3316265], [48.0506828, 41.3316829], [48.0506895, 41.3317362], [48.0506721, 41.3318279], [48.0506453, 41.3319015], [48.050652, 41.3319658], [48.0506721, 41.3320313], [48.0506963, 41.3321139], [48.0507338, 41.3321663], [48.0507365, 41.3322408], [48.050766, 41.3323596], [48.0508143, 41.3323757], [48.0508545, 41.3324341], [48.0508384, 41.3325006], [48.0508357, 41.332553], [48.0507955, 41.3326557], [48.0508465, 41.3327282], [48.0508706, 41.3327564], [48.0508867, 41.3328289], [48.0508357, 41.3328853], [48.0508465, 41.3329296], [48.0508921, 41.3329799], [48.0509618, 41.3330404], [48.0509672, 41.3331995], [48.0509672, 41.3332861], [48.051002, 41.3334271], [48.0509511, 41.3335721], [48.0509832, 41.3336687], [48.0509618, 41.3338762], [48.0508625, 41.333997], [48.0509001, 41.3341259], [48.0509725, 41.3341984], [48.050994, 41.3342991], [48.0510047, 41.3343797], [48.0509993, 41.3344602], [48.0509537, 41.3345609], [48.0508786, 41.3346596], [48.0508545, 41.3347221], [48.050825, 41.3348228], [48.0507526, 41.3348429], [48.050707, 41.3349033], [48.0506346, 41.3349476], [48.0506158, 41.3349678], [48.050546, 41.3350181], [48.0505192, 41.3350685], [48.0503583, 41.3351712], [48.0502537, 41.3352739], [48.0501866, 41.3353907], [48.0501571, 41.3354672], [48.0501008, 41.3355256], [48.0500525, 41.3355921], [48.0500337, 41.3356163], [48.049964, 41.3356948], [48.0499104, 41.3358056], [48.0499104, 41.3358861], [48.0498406, 41.3359606], [48.0498809, 41.3360251], [48.0500445, 41.3360533], [48.0501249, 41.33616], [48.0501571, 41.3362003], [48.0501893, 41.3363393], [48.0501571, 41.3364057], [48.0502215, 41.3365286], [48.0502778, 41.3366494], [48.0503234, 41.3367682], [48.050302, 41.3368468], [48.0502349, 41.3369595], [48.0501437, 41.3370421], [48.0501169, 41.3371629], [48.0500713, 41.3372838], [48.0500659, 41.3373664], [48.0500874, 41.3375134], [48.0500874, 41.3375617], [48.0500874, 41.3376382], [48.0500659, 41.3377188], [48.0500418, 41.3378094], [48.0500713, 41.3378859], [48.0501035, 41.3380168], [48.0501652, 41.3382525], [48.0501974, 41.3383914], [48.050192, 41.3385505], [48.0502027, 41.3385988], [48.0502617, 41.3386713], [48.0502832, 41.3387559], [48.0503127, 41.3388365], [48.0503449, 41.3389694], [48.0503422, 41.339062], [48.0503663, 41.3391607], [48.0504334, 41.3392835], [48.0505112, 41.3394205], [48.0505809, 41.3397226], [48.0506426, 41.3398132], [48.0506936, 41.3398958], [48.0507338, 41.3400528], [48.0507606, 41.340226], [48.0506936, 41.3404838], [48.0506614, 41.3405281], [48.050648, 41.3406509], [48.050656, 41.3407415], [48.0507204, 41.3408463], [48.050766, 41.340947], [48.0508062, 41.3410396], [48.0508491, 41.3411342], [48.0509135, 41.3412631], [48.0509242, 41.3413477], [48.0509725, 41.3414625], [48.0510423, 41.3415189], [48.0511013, 41.3416034], [48.0511039, 41.3416739], [48.0511576, 41.3417243], [48.0512032, 41.3418129], [48.0512595, 41.3419256], [48.0513346, 41.3419961], [48.051399, 41.3420062], [48.0514741, 41.3420706], [48.051568, 41.342125], [48.0516699, 41.3422277], [48.0517691, 41.3422398], [48.0518791, 41.34227], [48.0518657, 41.3423183], [48.0518121, 41.3423707], [48.0518094, 41.3424049], [48.0518121, 41.3424432], [48.0518845, 41.3424955], [48.0519301, 41.3425459], [48.0520695, 41.3425801], [48.0522573, 41.3425821], [48.0523887, 41.3425821], [48.0526194, 41.34257], [48.0527481, 41.3426143], [48.0527884, 41.3426647], [48.052834, 41.342717], [48.0527884, 41.3427674], [48.0527562, 41.3428338], [48.0527052, 41.3428902], [48.0528286, 41.3429325], [48.0529788, 41.3430453], [48.0530968, 41.343295], [48.0531424, 41.3433896], [48.0532846, 41.3435145], [48.0533677, 41.3435467], [48.0536494, 41.3436494], [48.0537593, 41.3437662], [48.05388, 41.3439293], [48.053982, 41.3440823], [48.0541375, 41.3442454], [48.0543575, 41.3443179], [48.0544513, 41.3443441], [48.0547035, 41.3443864], [48.0549422, 41.3444669], [48.0551004, 41.3445676], [48.0551675, 41.3446804], [48.055189, 41.3447569], [48.0552265, 41.34491], [48.055205, 41.3450952], [48.055205, 41.3451435], [48.055205, 41.345218], [48.0552265, 41.3453288], [48.0552587, 41.3454375], [48.0552936, 41.345508], [48.0552989, 41.3455604], [48.0554625, 41.3456409], [48.0555215, 41.3456872], [48.0556127, 41.3457678], [48.0556449, 41.3458503], [48.0556369, 41.3459127], [48.0557013, 41.3460275], [48.0557093, 41.3460839], [48.0557227, 41.3462007], [48.0558488, 41.3462933], [48.0559158, 41.3463719], [48.0560473, 41.3464907], [48.0560929, 41.346539], [48.0561626, 41.3466115], [48.056227, 41.3466799], [48.0562565, 41.3467504], [48.0562457, 41.3468672], [48.0562672, 41.3470041], [48.0563074, 41.347129], [48.0563933, 41.3472337], [48.0564898, 41.347276], [48.0565032, 41.3473243], [48.0565703, 41.3473847], [48.0566588, 41.3474511], [48.0567285, 41.3475558], [48.0567849, 41.3476465], [48.0568358, 41.3477371], [48.0569592, 41.3478176], [48.0570611, 41.3479304], [48.0571738, 41.3480854], [48.0572677, 41.3482425], [48.057383, 41.3483955], [48.0574569, 41.3484643], [48.0575042, 41.3485105], [48.0575493, 41.3485546], [48.057611, 41.3486069], [48.0577022, 41.3487217], [48.0577156, 41.348766], [48.0577397, 41.348917], [48.0577585, 41.3490559], [48.0578122, 41.3493097], [48.057847, 41.3495372], [48.0578363, 41.3495734], [48.0577773, 41.3496983], [48.0577049, 41.3498432], [48.057619, 41.3499459], [48.0575761, 41.3500587], [48.0576298, 41.3501211], [48.057737, 41.3502198], [48.0579624, 41.3503728], [48.0580589, 41.3504271], [48.0581179, 41.3504876], [48.0581984, 41.3505701], [48.0581984, 41.3506567], [48.0582038, 41.3507191], [48.0582386, 41.3507956], [48.0583003, 41.350848], [48.0584103, 41.3509104], [48.0584988, 41.3509466], [48.0585954, 41.3509607], [48.0587348, 41.3509688], [48.058936, 41.351003], [48.059105, 41.3510252], [48.0592659, 41.3510252], [48.0593893, 41.3509889], [48.0594939, 41.3509668], [48.0595636, 41.3509809], [48.0596951, 41.3510413], [48.0597943, 41.3510896], [48.059856, 41.3511339], [48.0599284, 41.3512386], [48.0599821, 41.351295], [48.059966, 41.3514218], [48.059966, 41.3514661], [48.0601189, 41.3516292], [48.0601323, 41.3517419], [48.0601725, 41.3518124], [48.060194, 41.3518789], [48.0601832, 41.3519232], [48.0601644, 41.3520077], [48.0600411, 41.3522292], [48.0600035, 41.3524104], [48.0599981, 41.3525312], [48.0598533, 41.3525956], [48.0599177, 41.3526601], [48.0599177, 41.3527205], [48.0598694, 41.3529419], [48.059864, 41.353095], [48.0599499, 41.3532037], [48.0598855, 41.3532681], [48.059907, 41.3533768], [48.059923, 41.3535097], [48.0601913, 41.3538037], [48.0603254, 41.3539607], [48.0603254, 41.3540453], [48.0603039, 41.3542064], [48.0604756, 41.3542788], [48.0604756, 41.3543755], [48.0605239, 41.3544842], [48.0606097, 41.3546292], [48.0607814, 41.3547701], [48.0610388, 41.3549191], [48.0612159, 41.3550479], [48.061291, 41.3552614], [48.0613714, 41.3553902], [48.0615538, 41.3554667], [48.0616933, 41.3555996], [48.0616933, 41.3557647], [48.0617845, 41.355966], [48.061983, 41.3561674], [48.0622619, 41.3562519], [48.0623102, 41.3564653], [48.0624711, 41.3565539], [48.0626482, 41.35657], [48.0626482, 41.3566747], [48.0629539, 41.356872], [48.0633348, 41.3569566], [48.0634743, 41.3570975], [48.0636889, 41.3571378], [48.0638391, 41.3572747], [48.0640161, 41.357319], [48.0642521, 41.357319], [48.0644667, 41.3573109], [48.064574, 41.3574196], [48.0647886, 41.3576129], [48.0649924, 41.3578223], [48.0651212, 41.3580035], [48.0651534, 41.3581404], [48.0651534, 41.3582571], [48.0656683, 41.3584021], [48.0659312, 41.3584504], [48.0664623, 41.3586276], [48.0669558, 41.3587242], [48.067165, 41.3588893], [48.0677605, 41.3591711], [48.0679643, 41.3594288], [48.0682574, 41.3594744], [48.0686222, 41.359716], [48.0687938, 41.3599173], [48.0689226, 41.3602072], [48.0690406, 41.3603844], [48.0693839, 41.3603602], [48.0697165, 41.3604166], [48.0699847, 41.3605293], [48.070371, 41.3606984], [48.0709289, 41.3608112], [48.0711327, 41.36094], [48.0713044, 41.3612057], [48.0714439, 41.36156], [48.0714975, 41.3618258], [48.0715511, 41.3619707], [48.0719159, 41.3621559], [48.0723129, 41.3623492], [48.0724631, 41.3625102], [48.0726884, 41.362784], [48.0728923, 41.3629692], [48.0730639, 41.3631061], [48.073257, 41.3630981], [48.0735145, 41.3632672], [48.0740617, 41.3636537], [48.0743943, 41.3637262], [48.0745016, 41.3638308], [48.0746303, 41.3638308], [48.0746518, 41.3640402], [48.0749629, 41.3643542], [48.0751453, 41.3645394], [48.0753384, 41.3645314], [48.0754564, 41.3646602], [48.0757569, 41.3648776], [48.0760251, 41.3649179], [48.0763469, 41.3649501], [48.0767654, 41.3651433], [48.0772267, 41.3653044], [48.0781757, 41.365616], [48.0783388, 41.3658497], [48.078754, 41.365961], [48.079184, 41.3662503], [48.0796288, 41.3665508], [48.079955, 41.3666954], [48.0805185, 41.3669625], [48.0813488, 41.36753], [48.082194, 41.3677081], [48.0824312, 41.3679306], [48.0828909, 41.3684314], [48.0830652, 41.3686674], [48.0837232, 41.3689129], [48.0846184, 41.3687132], [48.0859937, 41.3689704], [48.0871466, 41.3691164], [48.0876489, 41.3694898], [48.088419, 41.3695319], [48.0891298, 41.3697297], [48.0910116, 41.3694206], [48.0927155, 41.3689891], [48.0952191, 41.3680619], [48.0960547, 41.3679559], [48.0964751, 41.3676051], [48.0977791, 41.3670493], [48.0983794, 41.3669723], [48.0990095, 41.3671178], [48.0995397, 41.3674941], [48.1001292, 41.3680261], [48.1007503, 41.3681453], [48.1013714, 41.3681978], [48.1022874, 41.3681025], [48.1030552, 41.3681852], [48.1038526, 41.3680676], [48.1045443, 41.3676708], [48.1053249, 41.3674297], [48.106293, 41.367689], [48.1070831, 41.3681485], [48.1091092, 41.369839], [48.1104555, 41.3707693], [48.1111839, 41.3708243], [48.1118232, 41.3709905], [48.1129537, 41.3717458], [48.1158814, 41.3738841], [48.1190817, 41.3750463], [48.1235958, 41.3758887], [48.1272562, 41.3764309], [48.128007, 41.3766224], [48.1286812, 41.3769452], [48.1293828, 41.3772925], [48.129997, 41.3776891], [48.1313143, 41.3790711], [48.1320333, 41.3832565], [48.1324268, 41.3840149], [48.1330904, 41.3846517], [48.1339208, 41.3850156], [48.1348053, 41.3851228], [48.1359035, 41.385491], [48.1361465, 41.3861209], [48.1361375, 41.3865101], [48.1362725, 41.3868588], [48.1365486, 41.3870394], [48.1367528, 41.3874361], [48.1367858, 41.3876741], [48.1369629, 41.3878716], [48.1375445, 41.387896], [48.1377903, 41.3878677], [48.1379281, 41.3880556], [48.1381928, 41.3885614], [48.1385475, 41.3890538], [48.1391452, 41.3894111], [48.139653, 41.3899035], [48.1450326, 41.3933587], [48.1484373, 41.3940145], [48.1506255, 41.3970069], [48.153542, 41.3997267], [48.1561026, 41.4028025], [48.1580394, 41.4049102], [48.1606583, 41.406662], [48.1634624, 41.4079003], [48.1661775, 41.4095168], [48.1674164, 41.4102638], [48.1684181, 41.4113223], [48.1689189, 41.4117681], [48.1695977, 41.4121472], [48.1704692, 41.4123817], [48.1713408, 41.4128609], [48.171988, 41.4144383], [48.1721337, 41.4153826], [48.172398, 41.416049], [48.1732276, 41.4166395], [48.1738496, 41.4173634], [48.174946, 41.4189323], [48.1759984, 41.4196834], [48.1765839, 41.4200479], [48.1770953, 41.4204457], [48.1785546, 41.4233694], [48.1793124, 41.4240614], [48.1806336, 41.425376], [48.1814211, 41.4271132], [48.1821937, 41.4289281], [48.1875192, 41.4350043], [48.1874379, 41.4366742], [48.1879793, 41.4382439], [48.1892934, 41.4426367], [48.1898165, 41.4437736], [48.1911701, 41.4446882], [48.1926505, 41.4458546], [48.1942507, 41.4484051], [48.1955031, 41.4495192], [48.196014, 41.4510111], [48.196071, 41.4514565], [48.1963357, 41.4518796], [48.1969573, 41.4522246], [48.1976382, 41.4524806], [48.1984081, 41.4531034], [48.1993856, 41.4538928], [48.200476, 41.4548185], [48.2022189, 41.4553662], [48.2037986, 41.4559695], [48.2046775, 41.4564601], [48.2048446, 41.457373], [48.2046851, 41.4581515], [48.2049704, 41.4590189], [48.2057516, 41.4595042], [48.20677, 41.4597229], [48.2085251, 41.4599046], [48.2133907, 41.4655614], [48.2160241, 41.4672056], [48.2178907, 41.4689838], [48.2176852, 41.4697838], [48.21828, 41.4704013], [48.219037, 41.4705234], [48.2226312, 41.4716328], [48.2241657, 41.4729236], [48.2253947, 41.4745188], [48.2262421, 41.4764256], [48.2276233, 41.4783991], [48.2287265, 41.4802292], [48.2293552, 41.4822149], [48.2303754, 41.4860973], [48.2316519, 41.4894873], [48.2340111, 41.4922217], [48.2377141, 41.4965616], [48.2390732, 41.4987947], [48.2387202, 41.5011487], [48.2396364, 41.5048493], [48.2393809, 41.5083889], [48.2333936, 41.5196051]]}}, {"type": "Feature", "properties": {"osm_id": 292031134, "osm_type": "way", "name": "Сельды", "waterway": "stream"}, "geometry": {"type": "LineString", "coordinates": [[47.8855133, 41.2760286], [47.8849819, 41.2759049], [47.8848188, 41.2760641], [47.8843338, 41.2762153], [47.8832643, 41.2767806], [47.8823235, 41.2767735], [47.8802917, 41.2774607], [47.8793438, 41.2773806], [47.8762522, 41.2764514], [47.871583, 41.2757744], [47.8669351, 41.2759029], [47.864618, 41.2764062], [47.8622348, 41.2758675], [47.8602689, 41.2768354], [47.8577308, 41.2765176], [47.8543818, 41.2777909], [47.8529819, 41.2773122], [47.8498543, 41.2772131], [47.849472, 41.2773846], [47.848371, 41.2778784], [47.8474935, 41.2781877], [47.8470198, 41.2785612], [47.8461422, 41.2786663], [47.8454278, 41.2791624], [47.8444291, 41.2804256]]}}, {"type": "Feature", "properties": {"osm_id": 292050056, "osm_type": "way", "waterway": "stream"}, "geometry": {"type": "LineString", "coordinates": [[47.9015459, 41.2757295], [47.9014118, 41.2755279], [47.9011543, 41.2753666], [47.9008646, 41.2749957], [47.9008539, 41.274657], [47.9007574, 41.2742095], [47.9002585, 41.2738588], [47.9001887, 41.2735685], [47.8998186, 41.2734354], [47.8992768, 41.2734798], [47.8987511, 41.2732822], [47.8976674, 41.2733225], [47.8971417, 41.2732943], [47.8961761, 41.2736612], [47.895173, 41.274266], [47.8946044, 41.2749836], [47.8936227, 41.2754029], [47.893215, 41.2754432], [47.8930004, 41.2755359], [47.8925337, 41.2755319], [47.8921582, 41.275931], [47.8910907, 41.2760157], [47.8904738, 41.2762253], [47.8897871, 41.2762979], [47.8894116, 41.2764551], [47.8890361, 41.2763745], [47.8887196, 41.2764027], [47.8883119, 41.2763261], [47.8877004, 41.2760439], [47.8870566, 41.2760157], [47.8862843, 41.2763985], [47.8858553, 41.2764829], [47.8855133, 41.2760286]]}}, {"type": "Feature", "properties": {"osm_id": 350663741, "osm_type": "way", "waterway": "river"}, "geometry": {"type": "LineString", "coordinates": [[48.1274323, 41.3297435], [48.1278616, 41.3297637], [48.1283011, 41.3299631], [48.1286626, 41.3299575], [48.1289757, 41.3300666], [48.1290354, 41.330201], [48.1291807, 41.3306152], [48.1298628, 41.3313653], [48.1301163, 41.3315444], [48.1303176, 41.331634], [48.1308394, 41.3316228], [48.131186, 41.331578], [48.1317451, 41.3316424], [48.1320843, 41.3316956], [48.1322408, 41.3318523], [48.1323862, 41.332135], [48.1324943, 41.3323253], [48.1326918, 41.3324512], [48.1330496, 41.3324344], [48.1332956, 41.3324428], [48.1334932, 41.3324932], [48.1339032, 41.3326807], [48.1345033, 41.3329858], [48.1352301, 41.3332741], [48.135532, 41.3334], [48.1359084, 41.3334168], [48.1361954, 41.3335008], [48.1365945, 41.3336612], [48.1368884, 41.333706], [48.1370456, 41.3336542], [48.137564, 41.3337453], [48.1380356, 41.3336418], [48.1388573, 41.333911], [48.1391578, 41.3340447], [48.1401794, 41.3339255], [48.1407704, 41.3340475], [48.1410827, 41.3339608], [48.1411848, 41.3338364], [48.1415102, 41.3335838], [48.1418466, 41.3335817], [48.1422382, 41.3338302], [48.1425774, 41.3340518], [48.1427842, 41.3344141], [48.1432089, 41.3346522], [48.1437631, 41.3348055], [48.1444139, 41.3348055], [48.144944, 41.3349557], [48.1458132, 41.3356332], [48.1464454, 41.335978], [48.1473082, 41.3365434], [48.1476475, 41.3367819], [48.1481745, 41.3367481], [48.148441, 41.3366624], [48.1485608, 41.3366855], [48.1487431, 41.3366809], [48.1489498, 41.3367813], [48.1495035, 41.3367884], [48.1500614, 41.3371186], [48.1503468, 41.3375765], [48.1508928, 41.3377389], [48.1513955, 41.338165], [48.1519691, 41.338465], [48.1521779, 41.3386263], [48.1526421, 41.3386013], [48.1528216, 41.3385262], [48.1531097, 41.3386287], [48.1532109, 41.3387119], [48.1531319, 41.3390359], [48.1529009, 41.3393098], [48.1530286, 41.339506], [48.1533872, 41.3395791], [48.1542625, 41.339506], [48.1548582, 41.3395745], [48.1555694, 41.3397936], [48.1562016, 41.3399077], [48.1565481, 41.3398346], [48.1569546, 41.339354], [48.157255, 41.339064], [48.1577915, 41.3391768], [48.1582475, 41.3388022], [48.1585908, 41.3387297], [48.1600982, 41.3388707], [48.1604147, 41.3389432], [48.1606346, 41.3391204], [48.1608278, 41.339342], [48.1612033, 41.3393621], [48.1617343, 41.338911], [48.1620079, 41.3386734], [48.1622922, 41.3385928], [48.162598, 41.3386814], [48.1629038, 41.3388465], [48.163113, 41.3388788], [48.1633168, 41.3387499], [48.1638855, 41.3384639], [48.1643683, 41.33819], [48.1650656, 41.3382504], [48.1657255, 41.3379041], [48.1663585, 41.3380571], [48.1670129, 41.3378114], [48.1680644, 41.337755], [48.1690514, 41.3374086], [48.1695878, 41.3370945], [48.1702423, 41.3369414], [48.1707358, 41.3370542], [48.1717068, 41.3371348], [48.172195, 41.337171], [48.1726026, 41.3368649], [48.1735951, 41.3367561], [48.1746679, 41.3363091], [48.1754404, 41.3362607], [48.1763309, 41.3361922], [48.1766957, 41.3360714], [48.1771785, 41.3361238], [48.1779617, 41.3362245], [48.1786698, 41.3361922], [48.1789327, 41.3360996], [48.1792921, 41.3361197], [48.1795978, 41.3363775], [48.1799304, 41.3365185], [48.180322, 41.3364903], [48.1806707, 41.3361963], [48.1810677, 41.3361238], [48.1817114, 41.3362365], [48.1833583, 41.3364742], [48.1836265, 41.3365427], [48.1839055, 41.33645], [48.1843883, 41.3360311], [48.1851286, 41.3358257], [48.1859976, 41.3358136], [48.1864482, 41.3359063], [48.1870222, 41.3363091], [48.1873763, 41.3365225], [48.1880093, 41.3366353], [48.1883687, 41.3367159], [48.1888568, 41.3373563], [48.1893665, 41.337755], [48.1910026, 41.3384639], [48.1916088, 41.3385646], [48.1920594, 41.3385042], [48.1925905, 41.3381216]]}}, {"type": "Feature", "properties": {"osm_id": 363566394, "osm_type": "way", "waterway": "river"}, "geometry": {"type": "LineString", "coordinates": [[48.1426739, 41.3379435], [48.1427803, 41.3377609], [48.1428107, 41.337414], [48.1429262, 41.3372315], [48.143145, 41.3369622], [48.1432605, 41.3367728], [48.1433456, 41.336572], [48.1435219, 41.3364031], [48.143844, 41.3361703], [48.1440446, 41.3361407], [48.1442726, 41.3361224], [48.144458, 41.3359832], [48.1446768, 41.3358737], [48.1449625, 41.3358257], [48.1452938, 41.335812], [48.1454762, 41.3357367], [48.1456281, 41.3356569], [48.1458132, 41.3356332]]}}, {"type": "Feature", "properties": {"osm_id": 364992921, "osm_type": "way", "waterway": "stream"}, "geometry": {"type": "LineString", "coordinates": [[48.1219948, 41.2869179], [48.1213925, 41.2875039], [48.1210766, 41.2878823], [48.1210964, 41.2887057], [48.1211161, 41.2891211], [48.1207113, 41.2895514], [48.1207212, 41.2894475], [48.1204448, 41.2899594], [48.1185295, 41.2906492], [48.1184403, 41.2908963], [48.1179766, 41.2918064], [48.117732, 41.2923949], [48.117319, 41.2927502], [48.1170679, 41.2929081], [48.1164225, 41.2930051], [48.1152536, 41.2931887], [48.1139508, 41.2935095], [48.1137018, 41.2938685], [48.1132082, 41.29441], [48.1130996, 41.2950628], [48.1132674, 41.2956042], [48.1131193, 41.2958713], [48.1133859, 41.296346], [48.113442, 41.2967243]]}}, {"type": "Feature", "properties": {"osm_id": 364992922, "osm_type": "way", "waterway": "stream"}, "geometry": {"type": "LineString", "coordinates": [[48.113442, 41.2967243], [48.1134155, 41.2970358], [48.1133862, 41.2974066], [48.1132372, 41.2975552], [48.1130407, 41.2978532], [48.1127569, 41.2981484], [48.1122293, 41.2986979], [48.1110467, 41.2993403], [48.1107738, 41.2997121], [48.1102305, 41.3002019], [48.1102388, 41.3006478], [48.1099797, 41.301213], [48.1098125, 41.3015333], [48.1086923, 41.3013386], [48.1078427, 41.3014329], [48.1075369, 41.301578]]}}, {"type": "Feature", "properties": {"osm_id": 446817158, "osm_type": "way", "boat": "no", "intermittent": "yes", "name": "Qudyalçay", "name:az": "Qudyalçay", "name:ru": "Кудиалчай", "seasonal": "yes", "source": "DigitalGlobal Premium Image 19-01-18", "waterway": "stream"}, "geometry": {"type": "LineString", "coordinates": [[48.2659642, 41.2136808], [48.2672439, 41.213948], [48.26869, 41.2141992], [48.2710933, 41.2154664], [48.2740116, 41.2142397], [48.277359, 41.2148853], [48.2812643, 41.2155956], [48.2840108, 41.2175648], [48.286851, 41.2194198], [48.2893329, 41.220204], [48.2907212, 41.2210971], [48.292895, 41.2222924], [48.2953988, 41.2229397], [48.296628, 41.2239562], [48.2970496, 41.2252904], [48.2976672, 41.2257982], [48.2973361, 41.2270387], [48.297415, 41.2277497], [48.2996436, 41.2297555], [48.3002061, 41.2304276], [48.3013972, 41.2309095], [48.3035345, 41.2319124], [48.3041183, 41.2333322], [48.3046424, 41.233998], [48.3051896, 41.2340343], [48.3054343, 41.2342753], [48.3058709, 41.2347604], [48.306713, 41.234866], [48.308486, 41.2349186], [48.3103314, 41.2349323], [48.3111441, 41.2345668], [48.3120565, 41.2345868], [48.3127281, 41.2349092], [48.3134079, 41.2354139], [48.313634, 41.2369034], [48.3137351, 41.2373503], [48.3143677, 41.2378904], [48.3154175, 41.2386031], [48.315441, 41.2387864], [48.315037, 41.239191], [48.3148492, 41.239555], [48.3150817, 41.2404777], [48.315124, 41.2416529], [48.314875, 41.2420414], [48.3145971, 41.2433825], [48.3149368, 41.2439132], [48.315805, 41.2444113], [48.3164379, 41.2445667], [48.3173163, 41.244994], [48.3173098, 41.245661], [48.317737, 41.2459179], [48.3184148, 41.2460514], [48.3189696, 41.2465188], [48.3195062, 41.2467555], [48.3206767, 41.2471198], [48.3210176, 41.2475113], [48.3210697, 41.2482172], [48.3212238, 41.2490558], [48.3213502, 41.2498383], [48.3216937, 41.2506238], [48.3218975, 41.2509202], [48.3217991, 41.2518444], [48.3215704, 41.2521432], [48.322127, 41.2526442], [48.3225971, 41.2529296], [48.3227011, 41.2532755], [48.3226953, 41.2535001], [48.3224764, 41.2538249], [48.3224738, 41.2540185], [48.3227645, 41.2541163], [48.3238547, 41.2542737], [48.3246527, 41.2547046], [48.3247068, 41.255112], [48.3247054, 41.2553675], [48.3248946, 41.2557223], [48.3254617, 41.255978], [48.3260833, 41.2566255], [48.3267562, 41.2578655], [48.3268782, 41.2582958], [48.3268778, 41.2588843], [48.3268945, 41.2597182], [48.3270925, 41.2607059], [48.3274648, 41.2614471], [48.3270657, 41.2623077], [48.32646, 41.2626925], [48.3255368, 41.2627875], [48.3250455, 41.2632308], [48.325257, 41.2639661], [48.3260304, 41.264844], [48.3266902, 41.2652634], [48.3272729, 41.2663662], [48.3284096, 41.2681915], [48.3288488, 41.2689294], [48.3298046, 41.2695701], [48.3301404, 41.2705604], [48.3299338, 41.2715506], [48.3304504, 41.2721331], [48.331768, 41.2723467], [48.332698, 41.272968], [48.3330855, 41.2741135], [48.3338785, 41.2746094], [48.3342284, 41.2750637], [48.3343844, 41.2760036], [48.3345169, 41.2761979], [48.3351928, 41.2764519], [48.3367803, 41.2774254], [48.3383632, 41.2776694], [48.3389211, 41.277879], [48.3393364, 41.2781387], [48.3399628, 41.2796219], [48.3410423, 41.2810834], [48.3435998, 41.2825588], [48.3443177, 41.2829182], [48.3455252, 41.2848012], [48.346442, 41.2849821], [48.3487916, 41.2856835], [48.3490169, 41.2861108], [48.3488536, 41.2867052], [48.3491886, 41.2875135], [48.3485234, 41.2886663], [48.3486843, 41.2890211], [48.349725, 41.2891742], [48.3497981, 41.289604], [48.3493817, 41.2900932], [48.3483742, 41.2905472], [48.3483302, 41.2915201], [48.3505511, 41.2922053], [48.3518648, 41.2946119], [48.3534372, 41.295075], [48.3566361, 41.2979064], [48.3573443, 41.2993734], [48.3589411, 41.2999355], [48.3592862, 41.3005179], [48.3624834, 41.30213], [48.365745, 41.3042174], [48.3660006, 41.3054404], [48.3681482, 41.3082794], [48.370133, 41.3109871], [48.3713883, 41.3127037], [48.3721929, 41.3139286], [48.3723968, 41.31467], [48.3732659, 41.3150325], [48.3733946, 41.3154114], [48.3731353, 41.3159894], [48.3731246, 41.3167227], [48.3743065, 41.3172486], [48.374927, 41.3177219], [48.3747339, 41.3190595], [48.3773947, 41.3204455], [48.3780813, 41.3218958], [48.380583, 41.3239002], [48.3822066, 41.3252073], [48.3834288, 41.3265167], [48.3841056, 41.326708], [48.3849075, 41.326708], [48.3851919, 41.3276265], [48.3860636, 41.3278399], [48.3867305, 41.3282711], [48.3868843, 41.3285993], [48.3878687, 41.3287201], [48.3882871, 41.3290545], [48.3893466, 41.331117], [48.3902264, 41.3320877], [48.3915031, 41.3333485], [48.3928353, 41.3350625], [48.3933377, 41.3356404], [48.394711, 41.3361238], [48.3969659, 41.3366172], [48.3994532, 41.3376141], [48.4016973, 41.3375518], [48.4054613, 41.3396118], [48.4120077, 41.3416439], [48.417145, 41.3445576], [48.4215027, 41.3449141], [48.426084, 41.344302], [48.4323692, 41.3462168], [48.437317, 41.3472902], [48.4424454, 41.3473707], [48.4496595, 41.3485953], [48.4561109, 41.3510514], [48.463828, 41.3545306], [48.4746621, 41.3581423], [48.4902638, 41.3627768], [48.4989107, 41.365932], [48.5018706, 41.3662211], [48.5055838, 41.365767], [48.506543, 41.3654078], [48.507632, 41.3657903], [48.5087854, 41.3659714], [48.5096275, 41.3659151], [48.5107809, 41.3660842], [48.5119611, 41.3659634], [48.5135683, 41.3663657], [48.5145789, 41.366374], [48.5156357, 41.3667444], [48.51614, 41.3672275], [48.5187802, 41.3693021], [48.5197502, 41.3698202], [48.5207319, 41.3702107], [48.522052, 41.3706], [48.5274589, 41.3706737], [48.5288126, 41.3710824], [48.5301357, 41.3719498], [48.5325998, 41.3743874], [48.5337675, 41.3755446], [48.5345668, 41.3772393], [48.5353553, 41.3783623], [48.5360634, 41.3784911], [48.5365569, 41.3796102], [48.5372382, 41.3798598], [48.5405695, 41.3813329], [48.5469121, 41.383259], [48.5570401, 41.386994], [48.5658359, 41.3910085], [48.5694158, 41.3938206], [48.5754403, 41.3982699], [48.5853642, 41.401417], [48.5954923, 41.401417], [48.6020154, 41.4057948], [48.604762, 41.4063098], [48.6136884, 41.4047647], [48.6167783, 41.405666], [48.6195248, 41.4081123], [48.6251449, 41.4097759], [48.6288356, 41.4104196], [48.635702, 41.4110633], [48.6399078, 41.4110633], [48.6467742, 41.4117714], [48.6502933, 41.4111921], [48.6550998, 41.410484], [48.6584472, 41.4116427], [48.6615371, 41.4142175], [48.6658286, 41.4170496], [48.6695193, 41.4191737], [48.6728667, 41.4207827], [48.6760854, 41.4225848], [48.6775875, 41.4241294], [48.6790895, 41.4254166], [48.6802053, 41.4269933], [48.6811119, 41.4274478], [48.6832362, 41.4282603], [48.6850279, 41.4283327], [48.6874366, 41.4291653], [48.6894107, 41.4292779], [48.69102, 41.430211], [48.692007, 41.4310798], [48.6931658, 41.4317715], [48.6958051, 41.4322059], [48.6971998, 41.4330907], [48.69838, 41.4348282], [48.6992383, 41.4352947], [48.7024355, 41.4363081], [48.7038946, 41.436646], [48.7050533, 41.4369838], [48.7063622, 41.4376594], [48.7082934, 41.4389785], [48.7093448, 41.4397506], [48.7125635, 41.4413109], [48.7135505, 41.4421473], [48.7151599, 41.4429838], [48.717134, 41.4439328], [48.719049, 41.4443993], [48.7208408, 41.4446163], [48.7233459, 41.4450747], [48.7247676, 41.4455051], [48.7262589, 41.4460599], [48.7270474, 41.4467154], [48.728013, 41.4475035], [48.7291288, 41.4487741], [48.7306952, 41.4501412], [48.731811, 41.4515887], [48.7331629, 41.4532934], [48.7331629, 41.454194], [48.7336778, 41.4547408], [48.7344932, 41.4553037], [48.7356734, 41.4557057], [48.73739, 41.4560434], [48.7389993, 41.4563168], [48.7404156, 41.4567189], [48.7414241, 41.4567189], [48.7423467, 41.4563168], [48.7436557, 41.4556253], [48.7443852, 41.455175], [48.7457156, 41.4545317], [48.7464237, 41.4544513], [48.747282, 41.4544192], [48.7482476, 41.4549016], [48.7487411, 41.4553037], [48.749578, 41.4556575], [48.7503505, 41.4552554], [48.7516379, 41.454982], [48.7521529, 41.4553358], [48.7531185, 41.4561882], [48.753891, 41.4568797], [48.7549424, 41.4580697], [48.7554359, 41.4588095], [48.7567234, 41.4594044], [48.7580323, 41.459919], [48.75947, 41.4604015], [48.7603712, 41.4608035], [48.7616372, 41.4612376], [48.762517, 41.4617683], [48.7632251, 41.4624597], [48.763783, 41.4630226], [48.7645983, 41.4635371], [48.7653494, 41.4636979], [48.766272, 41.4638105], [48.7673449, 41.4638105], [48.7689328, 41.4638105], [48.7701773, 41.4638748], [48.7714863, 41.4639552], [48.7728596, 41.4641964], [48.7735462, 41.4648717], [48.774898, 41.4658043], [48.7754559, 41.4666405], [48.7763786, 41.4675891], [48.7770438, 41.4682001], [48.7778592, 41.4686342], [48.7795114, 41.4694703], [48.7800264, 41.469808], [48.7807774, 41.4703707], [48.7816089, 41.4707284], [48.7827301, 41.4712751], [48.7836474, 41.4717916], [48.7844038, 41.4724227], [48.7845057, 41.4726457], [48.7848168, 41.4730959], [48.7853426, 41.4736727], [48.7857047, 41.4738073], [48.7863028, 41.4738938], [48.7865925, 41.4738998], [48.7870538, 41.4737651], [48.7879737, 41.473323], [48.7882152, 41.473335], [48.7886953, 41.4736767], [48.7909162, 41.4742755], [48.7910449, 41.4742816], [48.7913185, 41.4742535], [48.7915278, 41.4742977], [48.791973, 41.4745187], [48.7923485, 41.4746031], [48.7930459, 41.474575], [48.7940598, 41.4746714], [48.7950281, 41.4748141], [48.795366, 41.4748322], [48.7958622, 41.474766], [48.7962162, 41.4748001], [48.7965086, 41.4749046], [48.7966776, 41.4751036], [48.7968679, 41.4754211], [48.7973562, 41.4757848], [48.7981179, 41.4759958], [48.7986517, 41.4760279], [48.7991238, 41.4759556], [48.7994617, 41.4758993], [48.8001832, 41.4758974], [48.8005561, 41.4759335], [48.8011246, 41.476018], [48.8013447, 41.4761104], [48.801763, 41.4763113], [48.8020769, 41.4763837], [48.8023558, 41.4763796], [48.8025758, 41.4763073], [48.8029164, 41.4761787], [48.8044989, 41.476026], [48.8055638, 41.4759054], [48.8060948, 41.4756703], [48.8068807, 41.4756462], [48.8076747, 41.4750935], [48.807739, 41.4750814], [48.8082406, 41.4749528], [48.8088602, 41.4749991], [48.8093457, 41.4753005], [48.8097641, 41.4756461], [48.8101181, 41.4759737], [48.8103327, 41.4762169], [48.8106599, 41.4762169], [48.8109952, 41.4761044], [48.8117195, 41.4762852], [48.8122371, 41.4762169], [48.8128486, 41.4763455], [48.8137257, 41.4761988], [48.815091, 41.4761606], [48.8161236, 41.4763314], [48.8166225, 41.4765123], [48.8169658, 41.4767333], [48.8174003, 41.4769745], [48.8178884, 41.4772157], [48.818559, 41.4775171], [48.8193262, 41.4776296], [48.8205439, 41.477706], [48.8214773, 41.4776939], [48.8239074, 41.477509], [48.8246208, 41.4774407], [48.8255167, 41.4773965], [48.8258627, 41.4774045], [48.8267854, 41.4775432], [48.8272602, 41.4775955], [48.8278395, 41.4776537], [48.8281131, 41.477724], [48.8282096, 41.4778286], [48.8282686, 41.4783912], [48.8283625, 41.4785078], [48.8288775, 41.4788434], [48.8292825, 41.4791046], [48.8296929, 41.4794965], [48.8300282, 41.4797918], [48.8302159, 41.4798561], [48.8303849, 41.4798642], [48.8307229, 41.4797938], [48.8309455, 41.4797999], [48.8314095, 41.4799405], [48.8317957, 41.4801194], [48.8320211, 41.4801817], [48.8326433, 41.4802681], [48.8330484, 41.4803746], [48.8334667, 41.4805655], [48.8338369, 41.4809171], [48.8339576, 41.4811462], [48.8340757, 41.4813532], [48.834435, 41.4815401], [48.8349635, 41.481729], [48.8354409, 41.4818013], [48.8357601, 41.4819258], [48.8361061, 41.4821509], [48.8362697, 41.4822012], [48.8365272, 41.4822293], [48.8369455, 41.4823137], [48.8376537, 41.4825488], [48.838123, 41.4827719], [48.8384637, 41.4829888], [48.8385925, 41.4830371], [48.8387775, 41.483023], [48.8390699, 41.4830391], [48.8393247, 41.4831275], [48.8396466, 41.4833284], [48.8398236, 41.4835052], [48.8399872, 41.4835977], [48.8401642, 41.4836399], [48.8408375, 41.4836821], [48.8410413, 41.4836821], [48.8413417, 41.4837705], [48.8420498, 41.4839634], [48.8428652, 41.4840438], [48.84323, 41.484317], [48.8436592, 41.4846546], [48.8440025, 41.4848877], [48.8445926, 41.4852252], [48.8450539, 41.4852895], [48.8458586, 41.4853297], [48.8462663, 41.4854583], [48.8466632, 41.485603], [48.847264, 41.4856914], [48.8477147, 41.4857879], [48.8484979, 41.4859004], [48.8496137, 41.4859727], [48.8503432, 41.4861093], [48.8506651, 41.4863103], [48.8506865, 41.4866076], [48.8508582, 41.4868327], [48.8512552, 41.4870175], [48.851738, 41.4871301], [48.8521349, 41.4872185], [48.8523066, 41.4874917], [48.8526392, 41.4879016], [48.8529074, 41.4882231], [48.8532722, 41.488641], [48.8534331, 41.4888419], [48.8533258, 41.4892759], [48.8535404, 41.4897661], [48.8538623, 41.4901278], [48.8546133, 41.490184], [48.8550961, 41.490176], [48.8556647, 41.4903609], [48.8557935, 41.4906904], [48.8563299, 41.4908029], [48.8561475, 41.4912449], [48.856523, 41.4915181], [48.8571453, 41.491719], [48.8579178, 41.4920566], [48.857907, 41.4923539], [48.8585186, 41.4927718], [48.858701, 41.493037], [48.8587117, 41.4935754], [48.8591194, 41.493704], [48.8593018, 41.4941058], [48.8593984, 41.4943067], [48.8598061, 41.4943228], [48.8602781, 41.4943228], [48.8603425, 41.494604], [48.8604069, 41.4951746], [48.8606214, 41.4953755], [48.8605571, 41.4956407], [48.8602567, 41.4960425], [48.8602674, 41.4962595], [48.8604498, 41.4965407], [48.8607502, 41.4967818], [48.8612008, 41.4970952], [48.8617587, 41.497497], [48.8619196, 41.4979952], [48.8623381, 41.4983005], [48.8628101, 41.4984211], [48.8630783, 41.4985898], [48.8630462, 41.4989193], [48.8635397, 41.4990639], [48.864119, 41.4991764], [48.8641941, 41.4997952], [48.8646448, 41.5000443], [48.8649773, 41.5002291], [48.8652885, 41.5006308], [48.8656747, 41.5010567], [48.8662541, 41.5014344], [48.8667369, 41.5016754], [48.8671124, 41.5018763], [48.8672197, 41.5024468], [48.8673806, 41.5026155], [48.8676596, 41.5025593], [48.8681209, 41.5028164], [48.868432, 41.5030655], [48.8691723, 41.5035476], [48.8693976, 41.5037485], [48.8696873, 41.5039092], [48.8698912, 41.5041342], [48.8700092, 41.5044877], [48.8704169, 41.5046886], [48.8707065, 41.5048091], [48.8712323, 41.5051787], [48.8716078, 41.5054037], [48.8723051, 41.5055322], [48.8727343, 41.5060625], [48.8731635, 41.5064883], [48.8731098, 41.5067133], [48.873539, 41.5068258], [48.8740754, 41.5073721], [48.8739145, 41.5075971], [48.8743222, 41.5077337], [48.8747299, 41.5077739], [48.8750517, 41.5079506], [48.8755238, 41.5081033], [48.8767362, 41.5081917], [48.8772404, 41.5081595], [48.8781202, 41.5081997], [48.878485, 41.508272], [48.8791501, 41.5086416], [48.8799548, 41.5086978], [48.880738, 41.5087541], [48.8814032, 41.5089871], [48.8823909, 41.5090664], [48.8833558, 41.5092361], [48.8842678, 41.5092201], [48.8846111, 41.5090594], [48.8853514, 41.5091879], [48.8859308, 41.5090433], [48.8867569, 41.5090272], [48.887068, 41.5093165], [48.8876152, 41.5090995], [48.8880336, 41.5088424], [48.8884306, 41.508497], [48.8886666, 41.5081434], [48.8898575, 41.5085452], [48.890233, 41.5085693], [48.8915741, 41.5081917], [48.8923895, 41.5084648], [48.8927114, 41.5082077], [48.8938379, 41.5084247], [48.8942027, 41.5087541], [48.8943529, 41.5085371], [48.8949537, 41.508047], [48.89534, 41.5085532], [48.8954151, 41.5087059], [48.8953936, 41.5092442], [48.896091, 41.5092281], [48.8961124, 41.509919], [48.896327, 41.5100717], [48.8966811, 41.5098869], [48.8971853, 41.5098708], [48.897239, 41.5102725], [48.8977861, 41.5105537], [48.8981938, 41.5102725], [48.8981295, 41.510136], [48.8987517, 41.5102404], [48.8992345, 41.5109072], [48.8993955, 41.5104734], [48.8999212, 41.5106983], [48.8999319, 41.511092], [48.9003718, 41.511084], [48.9010262, 41.5113652], [48.9016485, 41.5113652], [48.9020991, 41.5115419], [48.9024103, 41.5118954], [48.9025283, 41.512273], [48.9027643, 41.5125462], [48.902539, 41.5128514], [48.9027965, 41.5130523], [48.9032793, 41.513229], [48.9037943, 41.5131085], [48.9041805, 41.5135584], [48.9038372, 41.5139521], [48.9037084, 41.5141208], [48.9036441, 41.5143136], [48.9039874, 41.5144823], [48.9044273, 41.5145144], [48.9045775, 41.5144662], [48.9050603, 41.5142252], [48.9051676, 41.5138878], [48.9056933, 41.5139681], [48.9062297, 41.5139922], [48.9063156, 41.5143698], [48.9063477, 41.5145787], [48.9062083, 41.5149563], [48.9065087, 41.5151973], [48.9068198, 41.5153258], [48.907206, 41.5152696], [48.9078176, 41.5149884], [48.9079034, 41.5145466], [48.9077854, 41.514169], [48.9075601, 41.5140324], [48.9070558, 41.5140324], [48.9068735, 41.513928], [48.9068949, 41.5137834], [48.907249, 41.5136468], [48.9077318, 41.5135906], [48.9083755, 41.5135665], [48.9086759, 41.5136066], [48.908869, 41.5138557], [48.908987, 41.5142573], [48.9093089, 41.5144823], [48.909502, 41.5142975], [48.909502, 41.5140163], [48.9095235, 41.5138155], [48.9098024, 41.5137352], [48.910017, 41.5137914], [48.9102745, 41.513936], [48.911047, 41.5137352], [48.9114761, 41.5135665], [48.9114869, 41.5133415], [48.9113152, 41.5131246], [48.9113474, 41.5128916], [48.9114761, 41.5126988], [48.9119053, 41.5125783], [48.9122593, 41.5126586], [48.9124203, 41.5128032], [48.9124203, 41.512988], [48.9128172, 41.5131246], [48.9133, 41.5131246], [48.913697, 41.5132451], [48.9143139, 41.5132732], [48.9144266, 41.5136468], [48.9145446, 41.5138717], [48.9147699, 41.5139842], [48.915317, 41.5139922], [48.9160466, 41.5139681], [48.9166474, 41.5138959], [48.9169371, 41.5144461], [48.9174789, 41.5145225], [48.9177901, 41.5148197], [48.9179778, 41.5148599], [48.9182031, 41.5147795], [48.9183694, 41.5147956], [48.9186752, 41.5149322], [48.9191043, 41.5153419], [48.9196086, 41.5154544], [48.9199197, 41.5155909], [48.9204669, 41.5158721], [48.9214647, 41.5163059], [48.9237714, 41.5168281], [48.9244473, 41.5171012], [48.9246511, 41.5172699], [48.9245224, 41.518009], [48.9248443, 41.5185552], [48.9253378, 41.518748], [48.9263248, 41.5190934], [48.9267003, 41.5193826], [48.9269793, 41.5199449], [48.9270329, 41.5204189], [48.9266145, 41.5207402], [48.9259064, 41.5208446], [48.9257026, 41.5211418], [48.9257026, 41.5212864], [48.9259708, 41.5213025], [48.9264536, 41.521439], [48.9266467, 41.5222825], [48.9268827, 41.5232464], [48.9269042, 41.5244914], [48.9269042, 41.5252465], [48.92699, 41.5256641], [48.927151, 41.526379], [48.927784, 41.5268368], [48.9284384, 41.5273188], [48.9290285, 41.5278248], [48.9294898, 41.528146], [48.9297654, 41.5283658]]}}, {"type": "Feature", "properties": {"osm_id": 485736759, "osm_type": "way", "intermittent": "yes", "seasonal": "yes", "source": "DigitalGlobal Premium Image 19-01-18", "waterway": "stream"}, "geometry": {"type": "LineString", "coordinates": [[48.1127859, 41.2259456], [48.1125713, 41.2257116], [48.1123353, 41.2254897], [48.1122924, 41.2253082], [48.1119866, 41.2249813], [48.1117774, 41.2246021], [48.1118954, 41.2243075], [48.1117827, 41.2241421], [48.1114394, 41.2238072], [48.1110532, 41.2233473], [48.1109834, 41.2230043], [48.1108547, 41.2226896], [48.1105436, 41.2225363], [48.1103504, 41.2222982], [48.1103397, 41.2217495], [48.110227, 41.2213742], [48.11027, 41.2211079], [48.1102592, 41.2207205], [48.1101734, 41.2204098], [48.1099266, 41.2202807], [48.1097121, 41.2201234], [48.109476, 41.2197925], [48.1092507, 41.219502], [48.1090898, 41.2190742], [48.1085051, 41.218699], [48.108092, 41.2184286], [48.1079686, 41.2180211], [48.1079257, 41.2175409], [48.1078506, 41.2173633], [48.1077272, 41.2170647], [48.1075502, 41.2166531], [48.107282, 41.2163586], [48.1071532, 41.2160922], [48.1072283, 41.215947], [48.1074429, 41.2156403], [48.1074268, 41.2152569], [48.1070728, 41.214918], [48.1068689, 41.2146234], [48.1061769, 41.2145588], [48.1058711, 41.2142763], [48.1055171, 41.2140181], [48.1043691, 41.2136549], [48.1037361, 41.2133199], [48.1037146, 41.2131303], [48.103484, 41.2127832], [48.1031514, 41.2123474], [48.1029958, 41.2118309], [48.1026739, 41.2116371], [48.1025237, 41.2112013], [48.1022233, 41.2109632], [48.1017566, 41.2106], [48.1017674, 41.2101359], [48.1016172, 41.2095144], [48.1015152, 41.2091411], [48.1012577, 41.2089151], [48.1007642, 41.2086407], [48.1003672, 41.2084631], [48.0999274, 41.2082936], [48.099745, 41.2078335], [48.0993802, 41.2074703], [48.0990047, 41.2070022], [48.0991227, 41.2064856], [48.0989296, 41.2060416], [48.0991549, 41.2055492], [48.0990154, 41.2051537], [48.0996162, 41.2048308], [48.0997235, 41.2044192], [48.1001419, 41.2040398], [48.0999303, 41.2034676], [48.1000456, 41.2031568], [48.1001958, 41.2029994], [48.1001583, 41.2027007], [48.1000912, 41.2024666], [48.0999974, 41.2024424], [48.0999437, 41.2021256], [48.0998767, 41.202063], [48.0998633, 41.2017179], [48.0999839, 41.2015343], [48.0999384, 41.2013749], [48.0998337, 41.2010822], [48.0996648, 41.2007614], [48.0993161, 41.2004788], [48.0990184, 41.2001297], [48.0987233, 41.1995868], [48.0985356, 41.1993123], [48.0982271, 41.1991267], [48.0979535, 41.1988825], [48.0979106, 41.1987331], [48.0977738, 41.1985939], [48.0978355, 41.1984022], [48.0976156, 41.1982246], [48.097637, 41.1981317], [48.0975458, 41.1980308], [48.0974278, 41.1978895], [48.0971462, 41.1975041], [48.0971891, 41.1974597], [48.0971462, 41.1973103], [48.0971006, 41.1972598], [48.0970201, 41.1970076], [48.0969423, 41.196834], [48.096858, 41.1967902], [48.0967519, 41.1967351], [48.0965534, 41.196608], [48.096548, 41.1964808], [48.0963013, 41.1963032], [48.0962584, 41.1962548], [48.0961028, 41.1960429], [48.095966, 41.1958289], [48.0961243, 41.1956533], [48.0961403, 41.1955221], [48.0963496, 41.1954111], [48.0963952, 41.1953385], [48.0963308, 41.1951831], [48.0962745, 41.1950317], [48.0963281, 41.1949288], [48.0964059, 41.1947855], [48.096658, 41.1945332], [48.0968806, 41.1944565], [48.0969987, 41.1941658], [48.097122, 41.1940347], [48.0971515, 41.1938308], [48.0976584, 41.1935098], [48.0980662, 41.1932515], [48.0982619, 41.1930033], [48.0984899, 41.1925592], [48.098498, 41.1924321], [48.0984524, 41.1923615], [48.0984604, 41.1923695], [48.0987019, 41.1920365], [48.0989781, 41.1919759], [48.0992785, 41.1917943], [48.0995441, 41.1916126], [48.0998954, 41.1916651], [48.1000269, 41.1915723], [48.1003702, 41.1914895], [48.1006733, 41.1914855], [48.1010649, 41.1913704], [48.1013411, 41.1914007], [48.1016067, 41.1913179], [48.1019232, 41.1910818], [48.1023094, 41.1909486], [48.1024811, 41.1908719], [48.1027252, 41.1908658], [48.1029397, 41.1907023], [48.103267, 41.190561], [48.103613, 41.1902522], [48.1038141, 41.1900019], [48.1041306, 41.1897779], [48.1044847, 41.1896992], [48.1046644, 41.1896043], [48.1049514, 41.1893479], [48.1053108, 41.1891764], [48.1057373, 41.1890392], [48.1059116, 41.1889604], [48.1062818, 41.1888817], [48.1067753, 41.1888272], [48.1071911, 41.1887505], [48.1074834, 41.1887162], [48.1078106, 41.1886031], [48.1082666, 41.1883831], [48.1085295, 41.1882943], [48.1090927, 41.1881631], [48.1095809, 41.1877796], [48.1101093, 41.1874465], [48.1102675, 41.1872608], [48.1106699, 41.1868551], [48.1110615, 41.1865745], [48.1117347, 41.1863585], [48.1121183, 41.1861971], [48.1123758, 41.1857913], [48.1123892, 41.1855713], [48.1127164, 41.1852362], [48.1128907, 41.1850747], [48.1130758, 41.1850222], [48.1132958, 41.1848769], [48.1134862, 41.1845055], [48.1136364, 41.1842229], [48.1140307, 41.1839504], [48.1144679, 41.1836577], [48.1147468, 41.1833044], [48.1148112, 41.1831086], [48.1150955, 41.1829188], [48.1155059, 41.1828219], [48.1160611, 41.1824808], [48.1163347, 41.1821861], [48.1164849, 41.1821174], [48.116788, 41.1820044], [48.1171152, 41.1820347], [48.117362, 41.1820367], [48.1176839, 41.1820023], [48.1177992, 41.1818752], [48.1179065, 41.181861], [48.1182632, 41.1816733], [48.118518, 41.1813422], [48.1187058, 41.1809224], [48.1188184, 41.1808093], [48.1191242, 41.1803854], [48.1195963, 41.1796748], [48.1198698, 41.1791095], [48.1203419, 41.1785523], [48.1206826, 41.1782879], [48.1213236, 41.1779709], [48.1215623, 41.177555], [48.122147, 41.1771311], [48.1227774, 41.1766385], [48.1233406, 41.1760207], [48.1234962, 41.1756391], [48.1237054, 41.1752677], [48.1239119, 41.1748316], [48.1237725, 41.174658], [48.1236839, 41.1744682], [48.123692, 41.1742098], [48.1236652, 41.1739937], [48.1237591, 41.1737091], [48.1239119, 41.1734527], [48.1238958, 41.1731862], [48.1239441, 41.1729318], [48.124148, 41.1726168], [48.1241453, 41.1724634], [48.1242392, 41.1721726], [48.1245101, 41.1719869], [48.1247407, 41.1719384], [48.1251806, 41.1718193], [48.1256232, 41.1715992], [48.1258485, 41.1712055], [48.1258502, 41.1710188]]}}, {"type": "Feature", "properties": {"osm_id": 539874171, "osm_type": "way", "intermittent": "yes", "seasonal": "yes", "source": "DigitalGlobal Premium Image 19-01-18", "waterway": "stream"}, "geometry": {"type": "LineString", "coordinates": [[48.0693269, 41.2108942], [48.0694878, 41.2107772], [48.0699921, 41.2107005], [48.0702925, 41.2106521], [48.0707055, 41.2105149], [48.0709791, 41.2105149], [48.0710274, 41.2106238], [48.0711186, 41.2107005], [48.0713707, 41.2106884], [48.0716067, 41.2107005], [48.0717409, 41.2106279], [48.0719233, 41.2106682], [48.0720305, 41.2106682], [48.0720413, 41.2105835], [48.0721539, 41.2105149], [48.0723256, 41.2104786], [48.0724329, 41.210418], [48.0724704, 41.2103696], [48.0725992, 41.2104584], [48.0728137, 41.2103857], [48.0730873, 41.2101396], [48.0733609, 41.2100306], [48.0738383, 41.209623], [48.0741398, 41.2093718], [48.0745357, 41.2093486], [48.0748093, 41.209175], [48.0749649, 41.2090298], [48.0754101, 41.2088078], [48.0757213, 41.20861], [48.076365, 41.208154], [48.0766386, 41.2080127], [48.0766815, 41.2076576], [48.0766278, 41.20748], [48.0763704, 41.2067657], [48.0760753, 41.2067253], [48.0760056, 41.2066164], [48.0759197, 41.2061563], [48.0756569, 41.20568], [48.0759734, 41.2052159], [48.0763972, 41.2048325], [48.0766869, 41.2044652], [48.0767351, 41.2041221], [48.0766493, 41.2037993], [48.0766976, 41.2036096], [48.0768585, 41.2034481], [48.0770731, 41.2031535], [48.0772823, 41.2029678], [48.0775022, 41.2029436], [48.0777705, 41.2028871], [48.0780387, 41.2026772], [48.0781299, 41.2024391], [48.0787522, 41.2022131], [48.0798143, 41.201979], [48.0805063, 41.2017489], [48.0816382, 41.2014825], [48.0826843, 41.2014946], [48.0832583, 41.2012848], [48.0836981, 41.2010022], [48.0841112, 41.2010143], [48.0843687, 41.2010507], [48.0845672, 41.200978], [48.0846637, 41.2010022], [48.0848783, 41.2010507], [48.0850285, 41.2010063], [48.0851787, 41.2009619], [48.0852538, 41.2010022], [48.0853879, 41.2010305], [48.0857044, 41.2008973], [48.0861068, 41.2006188], [48.0863696, 41.2005784], [48.08689, 41.2003363], [48.0871421, 41.2002515], [48.0872709, 41.2002515], [48.087405, 41.2002031], [48.087405, 41.2001506], [48.0873245, 41.2000577], [48.0872494, 41.199969], [48.087346, 41.1998761], [48.0875122, 41.1999003], [48.0878395, 41.199868], [48.0879843, 41.1997268], [48.0879736, 41.1995613], [48.0880004, 41.1993595], [48.0881023, 41.1992545], [48.0884725, 41.1992666], [48.0886978, 41.1992545], [48.0888051, 41.1992061], [48.0890626, 41.1990689], [48.0894273, 41.1990366], [48.0895239, 41.1990043], [48.0896097, 41.1988872], [48.0896044, 41.198746], [48.0897009, 41.1984957], [48.0897707, 41.1983141], [48.0898887, 41.1981486], [48.0900335, 41.1981082], [48.0901623, 41.1982495], [48.0902964, 41.1982535], [48.0904037, 41.1980598], [48.0904734, 41.1978458], [48.0906397, 41.1976602], [48.0908006, 41.197535], [48.091203, 41.1975068], [48.0915248, 41.1971718], [48.0917931, 41.1970063], [48.0921417, 41.1969376], [48.0923295, 41.1968448], [48.0926084, 41.1966268], [48.0928659, 41.1965905], [48.0934936, 41.196421], [48.0937564, 41.1961263], [48.0938852, 41.1959083], [48.0942178, 41.1956863], [48.0948776, 41.1954159], [48.0953497, 41.1951495], [48.0958325, 41.1947781], [48.0962831, 41.1944996], [48.0966049, 41.1939546], [48.0969053, 41.1935146], [48.0970931, 41.1933208], [48.0973989, 41.1931069], [48.0984899, 41.1925592]]}}, {"type": "Feature", "properties": {"osm_id": 539881627, "osm_type": "way", "intermittent": "yes", "seasonal": "yes", "source": "DigitalGlobal Premium Image 19-01-18", "waterway": "stream"}, "geometry": {"type": "LineString", "coordinates": [[48.0735326, 41.2130936], [48.0737686, 41.2127627], [48.0739993, 41.2126255], [48.0744231, 41.2124277], [48.0749381, 41.2122017], [48.0752706, 41.2116731], [48.0757481, 41.2111686], [48.0762523, 41.2108014], [48.076778, 41.2099902], [48.0771589, 41.2095382], [48.0775452, 41.209058], [48.0778402, 41.2087513], [48.0779529, 41.2084647], [48.077867, 41.2082065], [48.077926, 41.2080208], [48.0780548, 41.2079724], [48.0782479, 41.207702], [48.0783069, 41.2075325], [48.0783713, 41.207367], [48.078602, 41.2070563], [48.0785429, 41.2068585], [48.0786824, 41.2066648], [48.0789882, 41.2066567], [48.0793744, 41.2062168], [48.0795622, 41.2056154], [48.0794871, 41.2051634], [48.0795407, 41.2049899], [48.079648, 41.2049455], [48.0799591, 41.2049737], [48.0800718, 41.2050222], [48.0804366, 41.2046105], [48.0805439, 41.2044773], [48.0808121, 41.2042715], [48.0808121, 41.2040414], [48.0809945, 41.2039647], [48.0811769, 41.2038437], [48.0811769, 41.2036257], [48.0814022, 41.2030526], [48.0815846, 41.2026611], [48.0819225, 41.2024189], [48.0824321, 41.2022978], [48.0829579, 41.2022736], [48.0832126, 41.2022183], [48.0832368, 41.2022131], [48.0838644, 41.2018821], [48.0841595, 41.2016601], [48.0842882, 41.2012807], [48.0843687, 41.2010507]]}}, {"type": "Feature", "properties": {"osm_id": 539881971, "osm_type": "way", "intermittent": "yes", "seasonal": "yes", "source": "DigitalGlobal Premium Image 19-01-18", "waterway": "stream"}, "geometry": {"type": "LineString", "coordinates": [[48.0893219, 41.2165745], [48.09003, 41.2158481], [48.0900837, 41.2150249], [48.0897403, 41.2142663], [48.0892683, 41.2132251], [48.0889786, 41.2125714], [48.0883134, 41.2112961], [48.0879486, 41.210376], [48.0878413, 41.2099967], [48.0877233, 41.2094478], [48.0878091, 41.2087295], [48.0880023, 41.2082936], [48.0883241, 41.2082048], [48.0882364, 41.2078997], [48.0881828, 41.2076778], [48.0879307, 41.2073589], [48.0874854, 41.2069876], [48.0873513, 41.206798], [48.087126, 41.2065962], [48.0869436, 41.2063379], [48.0867612, 41.2060513], [48.08667, 41.2056639], [48.0864125, 41.2053128], [48.0860048, 41.2050343], [48.0853558, 41.204667], [48.0851197, 41.2045742], [48.0846959, 41.2045298], [48.0844599, 41.2044733], [48.0840522, 41.2042594], [48.0836981, 41.20411], [48.0833548, 41.203997], [48.0830651, 41.2039002], [48.0829847, 41.2037387], [48.0829203, 41.2033069], [48.0827594, 41.2030445], [48.0830061, 41.2027297], [48.0831295, 41.2024552], [48.0832126, 41.2022183]]}}, {"type": "Feature", "properties": {"osm_id": 553567085, "osm_type": "way", "intermittent": "yes", "seasonal": "yes", "source": "DigitalGlobal Premium Image 16-01-18", "waterway": "stream"}, "geometry": {"type": "LineString", "coordinates": [[48.1693089, 41.2743151], [48.1693303, 41.2747022], [48.1693733, 41.275065], [48.1694698, 41.2756133], [48.1695664, 41.2759762], [48.1703174, 41.2763793], [48.1706393, 41.2767341], [48.1710148, 41.276976], [48.1713474, 41.2773953], [48.1716907, 41.277742], [48.1719696, 41.2779435], [48.172152, 41.2780967], [48.1725597, 41.2785483], [48.1727636, 41.2789837], [48.1729782, 41.2794997], [48.1733537, 41.2796609], [48.1738579, 41.2800076], [48.1739008, 41.2804027], [48.1739437, 41.2808058], [48.1742012, 41.2813057], [48.174212, 41.2815153], [48.1742549, 41.2818136], [48.1743944, 41.2822006], [48.1748235, 41.2825231], [48.1752097, 41.2827408], [48.1753063, 41.2830633], [48.1754458, 41.2835067], [48.1753385, 41.2839743], [48.1752956, 41.2843694], [48.1752741, 41.2849579], [48.1753814, 41.2854497], [48.1753707, 41.2855626], [48.1756067, 41.285885], [48.1757998, 41.2861188], [48.1760144, 41.2864091], [48.1764328, 41.2869008], [48.176626, 41.2872797], [48.176465, 41.2878602], [48.1761968, 41.2883519], [48.1765079, 41.288497], [48.1764328, 41.2889485], [48.1767225, 41.2891339], [48.1768083, 41.2892951], [48.1766152, 41.2894644], [48.1766689, 41.2896015], [48.1768942, 41.2898998], [48.1772375, 41.2904641], [48.1774199, 41.2909235], [48.177495, 41.2915362], [48.177377, 41.29177], [48.1770122, 41.2920844], [48.1768727, 41.2923665], [48.176744, 41.2925197], [48.1765079, 41.2928744], [48.1765509, 41.2931242], [48.1769049, 41.2933661], [48.1770015, 41.2938094], [48.1770551, 41.2943334], [48.1768083, 41.294817], [48.1768083, 41.2950589], [48.1768083, 41.2954377], [48.1768083, 41.2958246], [48.1769586, 41.2963889], [48.1770873, 41.2969048], [48.1772804, 41.2972111], [48.1774306, 41.2975093], [48.1775164, 41.2978478], [48.1774521, 41.29813], [48.1773126, 41.2983476], [48.1769907, 41.2987587], [48.1765723, 41.2993229], [48.1763899, 41.2996775], [48.176347, 41.3000644], [48.1760466, 41.3006528], [48.1756604, 41.3009188], [48.1756711, 41.3013782], [48.1758213, 41.3018296], [48.1762719, 41.3023374], [48.1763577, 41.3029177], [48.1764221, 41.3032965], [48.1762612, 41.3037478], [48.1763685, 41.3039896], [48.1769264, 41.3042798], [48.1774735, 41.304715], [48.1777096, 41.3052389], [48.1776774, 41.3056257], [48.1775272, 41.3060932], [48.1772911, 41.3062382], [48.1770122, 41.3063753], [48.1768727, 41.3066493], [48.1768405, 41.3068991], [48.1769478, 41.3070845], [48.1772375, 41.3072295], [48.1770873, 41.3074955], [48.1770766, 41.307705], [48.1773984, 41.3077534], [48.1776881, 41.3077695], [48.1778812, 41.3079549], [48.1781065, 41.3081725], [48.1783533, 41.3084142], [48.1782353, 41.3085513], [48.1781816, 41.3087044], [48.1781709, 41.309059], [48.1783104, 41.3094619], [48.1787395, 41.3099052], [48.1788576, 41.3101308], [48.1788576, 41.3104371], [48.1787825, 41.3105982], [48.1785893, 41.3109287], [48.1784713, 41.3111301], [48.1783426, 41.3113638], [48.1782353, 41.3116217], [48.1782567, 41.3118393], [48.1783426, 41.3120085], [48.1787503, 41.3119199], [48.1790614, 41.3120569], [48.1793511, 41.3121455], [48.1795227, 41.3121858], [48.1801879, 41.3122583], [48.1802201, 41.3124598], [48.1803918, 41.312758], [48.1805098, 41.3128708], [48.1807136, 41.3130239], [48.1809282, 41.3132657], [48.1809282, 41.3134027], [48.1809282, 41.3135558], [48.1811428, 41.3139184], [48.1815076, 41.3142891], [48.1815612, 41.3146195], [48.1815612, 41.3149338], [48.1818831, 41.3153447], [48.1820226, 41.3157396], [48.1820118, 41.3162553], [48.181926, 41.3166502], [48.1818938, 41.3170289], [48.1820869, 41.317464], [48.1819582, 41.3179395], [48.1820869, 41.3181329], [48.1826019, 41.3180523], [48.1826019, 41.3183262], [48.1825805, 41.3186647], [48.1825268, 41.3188742], [48.1825149, 41.3188904], [48.1823015, 41.3191804], [48.1821298, 41.3195027], [48.1819904, 41.3196397], [48.1817973, 41.3199862], [48.1816792, 41.3203004], [48.1818831, 41.320518], [48.1820011, 41.3206791], [48.1819689, 41.3209692], [48.181808, 41.3211706], [48.18169, 41.321364], [48.1814003, 41.3216057], [48.1811964, 41.321928], [48.1811964, 41.3222503], [48.1815183, 41.3225323], [48.18169, 41.3228063], [48.1815934, 41.323048], [48.1814432, 41.3233542], [48.1814861, 41.323604], [48.1818402, 41.3239263], [48.1821298, 41.3240632], [48.1821298, 41.3243694], [48.1820226, 41.3246917], [48.1819796, 41.3249334], [48.1822157, 41.3253282], [48.1824624, 41.3256988], [48.1825268, 41.3260372], [48.1829452, 41.3263917], [48.1833637, 41.3267221], [48.1835782, 41.3270041], [48.1836212, 41.3271893], [48.1834495, 41.3275277], [48.1833583, 41.3276285], [48.1831437, 41.327983], [48.1835031, 41.3286718], [48.1832939, 41.3290747], [48.1834012, 41.3292036], [48.1837338, 41.3292358], [48.1840127, 41.3293002], [48.1843293, 41.3296185], [48.1846619, 41.3297836], [48.1846619, 41.3302106], [48.1846779, 41.330553], [48.1851553, 41.3310727], [48.1851661, 41.331556], [48.1852412, 41.33212], [48.1852112, 41.3324399]]}}, {"type": "Feature", "properties": {"osm_id": 554241204, "osm_type": "way", "intermittent": "yes", "seasonal": "yes", "source": "DigitalGlobal Premium Image 18-01-18", "waterway": "stream"}, "geometry": {"type": "LineString", "coordinates": [[48.0452836, 41.3212955], [48.0453747, 41.3213882], [48.0455679, 41.3214768], [48.0457073, 41.321638], [48.045879, 41.3219482], [48.0459487, 41.3221818], [48.0459487, 41.3226049], [48.0458683, 41.3228466], [48.0458522, 41.3230077], [48.0459326, 41.3232656], [48.0460238, 41.3234952], [48.0463082, 41.3237893], [48.0464852, 41.3240189], [48.0466139, 41.3243573], [48.0466568, 41.3246152], [48.0467319, 41.3248246], [48.0468661, 41.3251268], [48.0468982, 41.3253846], [48.0468982, 41.3257311], [48.0468982, 41.3261661], [48.0469519, 41.3266818], [48.0469036, 41.3269235], [48.0468231, 41.3272095], [48.0468231, 41.3275358], [48.0468339, 41.3278097], [48.0469572, 41.3280756], [48.0469304, 41.3281803], [48.0469948, 41.3283173], [48.0471665, 41.3287524], [48.0472362, 41.3289659], [48.0473489, 41.3291069], [48.0473703, 41.3293969], [48.04744, 41.3295862], [48.0476814, 41.3297755], [48.0476868, 41.329989], [48.0477136, 41.3300293], [48.0479765, 41.3299528], [48.0482179, 41.3299488], [48.0483842, 41.3302227], [48.0485505, 41.3303274], [48.0485934, 41.3304201], [48.0485666, 41.3307504], [48.04847, 41.3309115], [48.0485237, 41.3310444], [48.0487329, 41.3313143], [48.0487597, 41.3314191], [48.0487651, 41.3315399], [48.0487329, 41.3317534], [48.0487436, 41.3318984], [48.0487061, 41.331979]]}}, {"type": "Feature", "properties": {"osm_id": 554241208, "osm_type": "way", "intermittent": "yes", "seasonal": "yes", "source": "DigitalGlobal Premium Image 18-01-18", "waterway": "stream"}, "geometry": {"type": "LineString", "coordinates": [[48.0487007, 41.323612], [48.0485237, 41.3237409], [48.0484807, 41.3238417], [48.0484217, 41.3240028], [48.0483413, 41.3241962], [48.0482984, 41.3243775], [48.0483788, 41.3246232], [48.048529, 41.3247844], [48.0485022, 41.3249374], [48.0485451, 41.3251066], [48.0487704, 41.3252154], [48.0488402, 41.3252758], [48.0489743, 41.3255578], [48.0490011, 41.325727], [48.0490977, 41.3259405], [48.0494678, 41.3260694], [48.0497414, 41.3262346], [48.0498809, 41.3264119], [48.0500311, 41.3266979], [48.0500311, 41.327], [48.0501974, 41.3272619], [48.0501974, 41.3274351], [48.0503797, 41.3274552], [48.0504817, 41.3275559]]}}, {"type": "Feature", "properties": {"osm_id": 554241211, "osm_type": "way", "intermittent": "yes", "seasonal": "yes", "source": "DigitalGlobal Premium Image 18-01-18", "waterway": "stream"}, "geometry": {"type": "LineString", "coordinates": [[48.0500847, 41.3247481], [48.0500847, 41.3248528], [48.0499989, 41.3252315], [48.0500418, 41.3254329], [48.0500793, 41.3256021], [48.0499828, 41.3259808], [48.0500472, 41.3263232], [48.0502081, 41.3265488]]}}, {"type": "Feature", "properties": {"osm_id": 554241213, "osm_type": "way", "intermittent": "yes", "seasonal": "yes", "source": "DigitalGlobal Premium Image 18-01-18", "waterway": "stream"}, "geometry": {"type": "LineString", "coordinates": [[48.050648, 41.3247038], [48.0506104, 41.324877], [48.0505407, 41.3252154], [48.0505407, 41.3253443], [48.0505192, 41.3254329], [48.0504978, 41.3256787], [48.0503797, 41.3259647], [48.0501813, 41.3263232], [48.0502081, 41.3265488], [48.0504227, 41.3268268], [48.050589, 41.3270443], [48.0505407, 41.3272941], [48.0504817, 41.3275559], [48.0505353, 41.3278621], [48.050589, 41.3282327], [48.0505997, 41.3284261], [48.0506802, 41.3286194], [48.0506694, 41.328841], [48.0508035, 41.3290706], [48.0508304, 41.3293405], [48.0506962, 41.3294936], [48.0507338, 41.3297675], [48.0507553, 41.3300495], [48.0508518, 41.3302146], [48.0508786, 41.3304724], [48.0507821, 41.3306577], [48.0508143, 41.330835], [48.0509001, 41.3309679]]}}, {"type": "Feature", "properties": {"osm_id": 554241217, "osm_type": "way", "intermittent": "yes", "seasonal": "yes", "source": "DigitalGlobal Premium Image 18-01-18", "waterway": "stream"}, "geometry": {"type": "LineString", "coordinates": [[48.0460399, 41.3320112], [48.0462652, 41.3320877], [48.0464423, 41.3323254], [48.0466193, 41.3324059], [48.0468553, 41.3325792], [48.0470431, 41.3327], [48.0471343, 41.3328168], [48.0473649, 41.332849], [48.047542, 41.3327967], [48.0478263, 41.3328007], [48.0480409, 41.3327725]]}}, {"type": "Feature", "properties": {"osm_id": 554241220, "osm_type": "way", "intermittent": "yes", "seasonal": "yes", "source": "DigitalGlobal Premium Image 18-01-18", "waterway": "stream"}, "geometry": {"type": "LineString", "coordinates": [[48.0470806, 41.3317131], [48.0472308, 41.3318299], [48.047424, 41.3320918], [48.047542, 41.3322972], [48.0479336, 41.3324583], [48.0479389, 41.3327201], [48.0480409, 41.3327725], [48.0484003, 41.3331149], [48.0486685, 41.3331753], [48.0488509, 41.3333606], [48.0490708, 41.3334855], [48.0494034, 41.3335781], [48.0496287, 41.3336224], [48.0498755, 41.3338641], [48.0499989, 41.3338842], [48.0501035, 41.3339527]]}}, {"type": "Feature", "properties": {"osm_id": 554241223, "osm_type": "way", "intermittent": "yes", "seasonal": "yes", "source": "DigitalGlobal Premium Image 18-01-18", "waterway": "stream"}, "geometry": {"type": "LineString", "coordinates": [[48.0453801, 41.3255296], [48.0454391, 41.3256505], [48.0454284, 41.3258157], [48.0453533, 41.3259526], [48.0453318, 41.3260654], [48.0453855, 41.326287], [48.0454552, 41.3264401], [48.0455732, 41.3267019], [48.0455786, 41.3268792], [48.0454552, 41.3271209], [48.0455089, 41.3273988], [48.045482, 41.3275821], [48.0455035, 41.3276486], [48.0455008, 41.327701], [48.0455142, 41.3277795], [48.045525, 41.3278661], [48.0455625, 41.3279608], [48.0455384, 41.3280232], [48.0455276, 41.3281783], [48.0455545, 41.3282589], [48.0455813, 41.32841], [48.0456081, 41.3284945], [48.0456591, 41.3286154], [48.045651, 41.328704], [48.0456483, 41.3287886], [48.0456859, 41.3288954], [48.0457261, 41.3290666], [48.0457261, 41.3291512], [48.0457503, 41.3292378], [48.0457583, 41.3293042], [48.0457073, 41.3294331], [48.0456376, 41.3294916], [48.0456725, 41.329552], [48.0456778, 41.3296265], [48.0456269, 41.329701], [48.0456215, 41.3298481], [48.0455947, 41.329987], [48.0456725, 41.3301602], [48.045702, 41.3302287], [48.0456859, 41.3302851], [48.0457878, 41.3303596], [48.0457959, 41.3304201], [48.0458495, 41.3304724], [48.0459353, 41.330553], [48.0459917, 41.3306174], [48.0460775, 41.3306839], [48.0462062, 41.3307826], [48.0462974, 41.3308491], [48.0464584, 41.3309417], [48.0465335, 41.3309578], [48.0466059, 41.3310162], [48.0466488, 41.3310767], [48.0467078, 41.331125], [48.0467078, 41.3311874], [48.0468714, 41.3312136], [48.0470699, 41.3312418], [48.0471933, 41.3312962], [48.0473703, 41.3313788], [48.047483, 41.3314654], [48.0476654, 41.3314956], [48.0478451, 41.3315198], [48.0480865, 41.3315963], [48.0481884, 41.3316547], [48.0484083, 41.3317655], [48.0485022, 41.3318259], [48.0486149, 41.3319306], [48.0487061, 41.331979], [48.0487302, 41.3320575], [48.048816, 41.3321381], [48.0489314, 41.3321884], [48.048985, 41.3322388], [48.0491915, 41.3322146], [48.0493981, 41.3323536], [48.0494544, 41.3323777], [48.049669, 41.3324764], [48.0498031, 41.3325751], [48.0498245, 41.3326255], [48.049964, 41.3327121], [48.0500364, 41.3327524], [48.0500418, 41.3327906], [48.0500659, 41.3328591], [48.0501786, 41.3329638], [48.0502161, 41.3330887], [48.0502295, 41.3331934], [48.0502161, 41.3333848], [48.0502161, 41.3334774], [48.0501357, 41.3336244], [48.0500901, 41.3337151], [48.0501223, 41.3337996], [48.0501115, 41.3338782], [48.0501035, 41.3339527], [48.0501303, 41.3340675], [48.050133, 41.3341904], [48.0500981, 41.3343052], [48.0500659, 41.3343716], [48.050015, 41.3344623], [48.0500203, 41.3345992], [48.0500203, 41.3347301], [48.0500203, 41.3348348], [48.0500337, 41.3349355], [48.0500391, 41.3350221], [48.0500632, 41.3351309], [48.0501464, 41.3352276], [48.0501786, 41.3353081], [48.0501866, 41.3353907]]}}, {"type": "Feature", "properties": {"osm_id": 554241228, "osm_type": "way", "intermittent": "yes", "seasonal": "yes", "source": "DigitalGlobal Premium Image 18-01-18", "waterway": "stream"}, "geometry": {"type": "LineString", "coordinates": [[48.051458, 41.3296869], [48.0514848, 41.3297353], [48.0514526, 41.3299125], [48.0513775, 41.3300092], [48.0512434, 41.3301824], [48.0511951, 41.3303073], [48.0512086, 41.3304241], [48.0512032, 41.3304624], [48.0511951, 41.3305248], [48.051171, 41.3305993], [48.0510718, 41.330696], [48.0510047, 41.3307786], [48.0509537, 41.330839], [48.0509001, 41.3309679], [48.0508679, 41.3310404], [48.0508009, 41.3310827], [48.0506936, 41.3311512], [48.0505648, 41.3312599]]}}, {"type": "Feature", "properties": {"osm_id": 554241230, "osm_type": "way", "intermittent": "yes", "seasonal": "yes", "source": "DigitalGlobal Premium Image 18-01-18", "waterway": "stream"}, "geometry": {"type": "LineString", "coordinates": [[48.0503046, 41.3297876], [48.050251, 41.3299367], [48.0502617, 41.3300172], [48.0502671, 41.3301542], [48.0503583, 41.3303878], [48.0503958, 41.3304563], [48.0504039, 41.3305288], [48.0503905, 41.3306174], [48.0503798, 41.3306799], [48.0503583, 41.3307403], [48.0503234, 41.3308309], [48.0503181, 41.3308591], [48.0503395, 41.3309619], [48.0503824, 41.3310162]]}}, {"type": "Feature", "properties": {"osm_id": 557105545, "osm_type": "way", "name": "Курун КАМ", "waterway": "river", "width": "2"}, "geometry": {"type": "LineString", "coordinates": [[47.814593, 41.3725353], [47.8146895, 41.3728412], [47.8148451, 41.3730626], [47.8151348, 41.3733041], [47.8154191, 41.373747], [47.8154888, 41.3738919], [47.81558, 41.3739764], [47.8156873, 41.3741334], [47.8156927, 41.3743588], [47.8157141, 41.3746124], [47.8157248, 41.3748057], [47.8158536, 41.374862], [47.8159931, 41.3749908], [47.8161272, 41.3750271], [47.8163739, 41.3752203], [47.8166636, 41.3752887], [47.8168299, 41.3754699], [47.8169962, 41.3757597], [47.8171142, 41.3760415], [47.817184, 41.3762508], [47.8174254, 41.3763394], [47.8176399, 41.3764521], [47.8178009, 41.3765285], [47.817817, 41.3766211], [47.8178223, 41.376911], [47.8178599, 41.3771444], [47.8180155, 41.3774302], [47.8182139, 41.377865], [47.818332, 41.3780984], [47.8184339, 41.3782393], [47.8185894, 41.3784486], [47.8187665, 41.3787827], [47.8188416, 41.3791047], [47.819024, 41.3792939], [47.8192385, 41.3793342], [47.8194907, 41.3793462], [47.8196355, 41.3793986], [47.8197857, 41.3793986], [47.819834, 41.3795314], [47.8199627, 41.379628], [47.8201398, 41.3798212], [47.8203651, 41.3799661], [47.8204455, 41.380107], [47.8206226, 41.3802438], [47.8207406, 41.3802559], [47.8209605, 41.380264], [47.8211322, 41.3803888], [47.8214326, 41.3805457], [47.8216096, 41.3806142], [47.8216954, 41.3806947], [47.8217598, 41.3808315], [47.8218456, 41.3808758], [47.8221031, 41.3808476], [47.8225752, 41.3809724], [47.8226986, 41.381069], [47.8230205, 41.3811455], [47.8235623, 41.3813346], [47.8238734, 41.3814997], [47.8239378, 41.381552], [47.8241148, 41.3815641], [47.8241684, 41.3816365], [47.8241845, 41.3819022], [47.8243025, 41.3820833], [47.8244849, 41.3822604], [47.8244957, 41.3823771], [47.8246298, 41.3824415], [47.8246351, 41.3825301], [47.8248068, 41.382671], [47.8249624, 41.3827112], [47.8252145, 41.3827273], [47.8254398, 41.3828642], [47.8256597, 41.3829849], [47.8258529, 41.3831057], [47.8260031, 41.3832103], [47.8260084, 41.383315], [47.8261694, 41.3834196], [47.826561, 41.3835444], [47.8267755, 41.3838221], [47.8268131, 41.3838986], [47.8270421, 41.3840167], [47.8271564, 41.3840716], [47.8273334, 41.3842608], [47.8276231, 41.3843453], [47.8278538, 41.3844379], [47.8280845, 41.3846311], [47.8283044, 41.3848645], [47.8285565, 41.3851382], [47.8288838, 41.3852952], [47.8292325, 41.3854602], [47.8294953, 41.385589], [47.8295811, 41.3857822], [47.8298494, 41.3861404], [47.8302302, 41.3865871], [47.8305306, 41.386885], [47.8306808, 41.3873357], [47.8306969, 41.3875611], [47.8307452, 41.387702], [47.8310885, 41.3881246], [47.8312817, 41.3883781], [47.8313246, 41.3886599], [47.8313729, 41.3889657], [47.831405, 41.3891951], [47.8314748, 41.3896539], [47.831448, 41.3898672], [47.8314426, 41.3900886], [47.8315284, 41.3902415], [47.831566, 41.3903421], [47.831684, 41.3903985], [47.8316947, 41.3905393], [47.8316411, 41.3908532], [47.831684, 41.3910786], [47.8318771, 41.3913241], [47.8320595, 41.3915374], [47.8322365, 41.3917426], [47.8323224, 41.392125], [47.8323331, 41.3922739], [47.8324135, 41.3923825], [47.8324243, 41.3925435], [47.8324672, 41.3927407], [47.8326389, 41.3929258], [47.8326657, 41.3931793], [47.8326549, 41.393461], [47.8326979, 41.393626], [47.8328749, 41.3937186], [47.8329983, 41.3938071], [47.8331538, 41.3938836], [47.8333738, 41.3940687], [47.8336045, 41.3942015], [47.8337761, 41.3942377], [47.833878, 41.3943424], [47.8339317, 41.3944631], [47.8340819, 41.3945556], [47.8341248, 41.3947086], [47.8341516, 41.394781], [47.8343179, 41.3947247], [47.83457, 41.3947971], [47.8346934, 41.3948615], [47.8348329, 41.395119], [47.8348651, 41.3952921], [47.8349724, 41.3955255], [47.8350368, 41.3956543], [47.8350582, 41.3957468], [47.8350099, 41.3959923], [47.8349831, 41.3962619], [47.8350797, 41.3964349], [47.8351226, 41.3966321], [47.8353157, 41.3969621], [47.835423, 41.3971351], [47.8354927, 41.3973726], [47.8355517, 41.3975697], [47.8357502, 41.3977991], [47.8358468, 41.3979721], [47.8358736, 41.3982337], [47.8359487, 41.3986079], [47.8361794, 41.3988816], [47.8363135, 41.3992357], [47.836453, 41.3995495], [47.8366514, 41.3997668], [47.8366622, 41.3998876], [47.8366729, 41.4000445], [47.8368446, 41.4002738], [47.8370699, 41.4005958], [47.8374025, 41.4009378], [47.8377029, 41.4011993], [47.8381213, 41.401473], [47.8385451, 41.4017385], [47.8389581, 41.40198], [47.8391513, 41.402153], [47.8392371, 41.4023461], [47.8392103, 41.4024749], [47.8392585, 41.4025996], [47.8392156, 41.4027726], [47.8392854, 41.4029255], [47.8393444, 41.4032434], [47.8393336, 41.4034205], [47.8393658, 41.403686], [47.8393873, 41.4039315], [47.8394409, 41.4042453], [47.8394892, 41.4044505], [47.839736, 41.4045873], [47.8401651, 41.4047362], [47.8404441, 41.4049414], [47.8408089, 41.4051184], [47.8410449, 41.4052713], [47.8411415, 41.4054081], [47.8411146, 41.4055409], [47.8410824, 41.4057622], [47.8410449, 41.4059312], [47.8411093, 41.4062048], [47.8411468, 41.4063657], [47.8409752, 41.4065991], [47.8409215, 41.4068687], [47.8409913, 41.407102], [47.8410717, 41.4072066], [47.8410073, 41.4074279], [47.8411361, 41.4076693], [47.8411146, 41.4078705], [47.841061, 41.4079952], [47.8410717, 41.408297], [47.8412702, 41.4085464], [47.8412702, 41.4087516], [47.8413238, 41.4088884], [47.8414633, 41.4090856], [47.8413453, 41.4091982], [47.8410449, 41.4094396], [47.8407284, 41.4096609], [47.8405728, 41.4098862], [47.8405353, 41.4100512], [47.8405621, 41.4102121], [47.8407016, 41.4103811], [47.8408732, 41.4105983], [47.8410127, 41.410719], [47.8410664, 41.4109121], [47.8411415, 41.4112179], [47.8411146, 41.4115357], [47.8413346, 41.4118375], [47.8414848, 41.4120708], [47.8413185, 41.4123042], [47.8412005, 41.4124611], [47.8412702, 41.4126984], [47.8414258, 41.4130002], [47.8415545, 41.4132335], [47.8417262, 41.4135674], [47.841812, 41.4137605], [47.8417476, 41.4139617], [47.8417476, 41.414183], [47.841812, 41.4143439], [47.8419515, 41.4144646], [47.8421822, 41.4146054], [47.8423377, 41.4147261], [47.8424343, 41.4148669], [47.8424933, 41.4150157], [47.842622, 41.4150962], [47.8428473, 41.415233], [47.8429975, 41.4154703], [47.8430673, 41.4156353], [47.8432443, 41.4157761], [47.8434321, 41.4159088], [47.8435823, 41.4160617], [47.8436735, 41.4162387], [47.8436949, 41.4164559], [47.8438183, 41.4168099], [47.8439739, 41.4169226], [47.8442153, 41.4169789], [47.8444835, 41.4170875], [47.844682, 41.4172162], [47.8446659, 41.4173289], [47.8447034, 41.4174657], [47.8447866, 41.4177603], [47.8448697, 41.417885], [47.8449717, 41.418052], [47.8451192, 41.418239], [47.8451058, 41.4183617], [47.8450414, 41.4184885], [47.8451084, 41.4186293], [47.8451299, 41.4187419], [47.8452721, 41.4189068], [47.8453659, 41.4191804], [47.8453793, 41.4193574], [47.8454008, 41.4195203], [47.8454866, 41.4196872], [47.8456368, 41.419818], [47.845787, 41.4199929]]}}, {"type": "Feature", "properties": {"osm_id": 557109150, "osm_type": "way", "name": "Bumçay", "waterway": "river"}, "geometry": {"type": "LineString", "coordinates": [[47.8624211, 41.1841702], [47.8608976, 41.1835564], [47.8602539, 41.1813925], [47.8580866, 41.1783725], [47.8572498, 41.1756591], [47.8555117, 41.1735594], [47.8539668, 41.1715081], [47.8533445, 41.1696022], [47.8519283, 41.1677607], [47.8514133, 41.1660808], [47.8499327, 41.1638516], [47.8483449, 41.1608307], [47.846242, 41.1580682], [47.8450189, 41.1553379], [47.8428175, 41.1523361], [47.8397809, 41.149776], [47.8367256, 41.1486075], [47.8331605, 41.1456645], [47.8305407, 41.1427509], [47.8287575, 41.1418592], [47.8271399, 41.1381872], [47.8257548, 41.1365549], [47.8258492, 41.134828], [47.8238831, 41.131972], [47.8229175, 41.131374], [47.8218446, 41.1302912], [47.8204284, 41.1297093], [47.8193555, 41.1289174], [47.8180681, 41.1280607], [47.8171239, 41.1271556], [47.8165231, 41.1260565], [47.815815, 41.1256686], [47.8142486, 41.1253777], [47.8133474, 41.124715], [47.8112016, 41.1237128], [47.8088842, 41.1229854], [47.8075538, 41.122258], [47.807189, 41.1211427], [47.806953, 41.1204476], [47.8058372, 41.1199303], [47.8047429, 41.1186371], [47.8038846, 41.1178451], [47.8018675, 41.1164548], [47.8013096, 41.1154525], [47.8012667, 41.1144664], [47.8011916, 41.1139653], [47.8013096, 41.113165], [47.8017924, 41.1126719], [47.8020499, 41.1121789], [47.8020177, 41.1115645], [47.8026937, 41.1106915], [47.8039382, 41.1103601], [47.8052364, 41.1103924], [47.806599, 41.1097134], [47.8079722, 41.1089939], [47.8090022, 41.1081532], [47.8093992, 41.1075065], [47.8096781, 41.1065607], [47.8092597, 41.1058978], [47.8087769, 41.1048873], [47.8081868, 41.1033917], [47.8075538, 41.1019769], [47.8071354, 41.1003195], [47.8066097, 41.0989127], [47.8063737, 41.0977485], [47.8060089, 41.0964629], [47.8056763, 41.0952582], [47.8051798, 41.0947263], [47.8047858, 41.0943041], [47.8038846, 41.0935764], [47.8027795, 41.0929376], [47.8014062, 41.0918056], [47.8006015, 41.0906413], [47.8001509, 41.0897275], [47.7995287, 41.0882154], [47.7993248, 41.0873178], [47.7985416, 41.0864364], [47.7983378, 41.0850859], [47.7979515, 41.0837759], [47.7976895, 41.0829337], [47.7976941, 41.0826114], [47.7975438, 41.0814226], [47.7979408, 41.0807028], [47.7970288, 41.0788993], [47.7968357, 41.0775083], [47.7966962, 41.0765782], [47.7966962, 41.0752194], [47.7966104, 41.0744834], [47.7956019, 41.0731327], [47.7948021, 41.071787], [47.7935966, 41.0704636], [47.7928636, 41.0700121], [47.7925743, 41.0692262], [47.7922613, 41.0681516], [47.7921196, 41.0676432], [47.7920485, 41.0668123], [47.7920242, 41.0661151], [47.792019, 41.0655264], [47.7921495, 41.0647328], [47.7921974, 41.0643106], [47.7922308, 41.0640808], [47.7921708, 41.0639215], [47.7918445, 41.063549], [47.7914605, 41.0633236], [47.7910937, 41.0628922], [47.7909459, 41.0626657], [47.7907829, 41.0624177], [47.7903373, 41.0618185], [47.789505, 41.0602497], [47.7889642, 41.0595195], [47.7888418, 41.0589997], [47.7889232, 41.0585607], [47.7888405, 41.0581996], [47.7889295, 41.0579842], [47.7888291, 41.0575851], [47.7887507, 41.0571848], [47.7884921, 41.056329], [47.7882566, 41.0554231], [47.7874423, 41.0522485], [47.7874265, 41.0502271], [47.7867335, 41.049221], [47.786182, 41.0479373], [47.7863, 41.0465052], [47.7852271, 41.0453561], [47.7838548, 41.044294], [47.7835983, 41.0439115], [47.7834218, 41.0434937], [47.7832452, 41.0430598], [47.7827361, 41.0425449], [47.7825273, 41.0420947], [47.7824646, 41.0413941], [47.7827221, 41.0411149], [47.7831137, 41.0407629], [47.7834141, 41.0400468], [47.7834139, 41.0396999], [47.7827291, 41.0375374], [47.7824054, 41.0371022], [47.7810751, 41.034383], [47.7803884, 41.0327159], [47.778543, 41.031081], [47.7738224, 41.0273418], [47.7719985, 41.0262572], [47.7682005, 41.0237157], [47.7671276, 41.0226796]]}}, {"type": "Feature", "properties": {"osm_id": 557687126, "osm_type": "way", "waterway": "stream"}, "geometry": {"type": "LineString", "coordinates": [[48.1277729, 41.2138685], [48.1279338, 41.2133681], [48.1282235, 41.2129323], [48.1284703, 41.2123592], [48.1286526, 41.211996], [48.1286634, 41.2115441], [48.1293071, 41.2108177], [48.1295217, 41.2100993], [48.1295968, 41.2095263], [48.1293178, 41.2092438], [48.1292213, 41.2089613], [48.1291998, 41.208703], [48.1292105, 41.2085173], [48.1293715, 41.2082752], [48.1294573, 41.207799], [48.1297363, 41.2072985], [48.1296397, 41.2068223], [48.1296397, 41.2064106], [48.1295861, 41.2059828], [48.1296612, 41.2056035], [48.1301976, 41.2051514], [48.1303049, 41.2046994], [48.1301761, 41.2039406], [48.1303478, 41.2034967], [48.1305517, 41.2029639], [48.130734, 41.2023666], [48.13141, 41.2017773], [48.131646, 41.2012849], [48.1317747, 41.2008005], [48.132161, 41.2003081], [48.1323863, 41.199517], [48.1330515, 41.1984998], [48.1334592, 41.1981366], [48.1334377, 41.1976764], [48.133781, 41.1972486], [48.1344355, 41.1966673], [48.1352402, 41.1963848], [48.1357613, 41.1958433], [48.1358034, 41.1957995], [48.1361843, 41.1953514], [48.1361092, 41.1946248], [48.1360985, 41.1942938], [48.1358517, 41.1939144], [48.13568, 41.1935914], [48.1358946, 41.1930263], [48.1357873, 41.1924692], [48.135841, 41.1920494], [48.135723, 41.1918799], [48.1361521, 41.1915085], [48.1360234, 41.1911533], [48.1357444, 41.1905316], [48.1356908, 41.190144], [48.1360663, 41.1897161], [48.1360663, 41.1891267], [48.1359249, 41.1888819], [48.1358517, 41.1887553], [48.135959, 41.1881982], [48.1357015, 41.1877057], [48.135723, 41.1873343], [48.1354547, 41.1869468], [48.1347037, 41.1865269], [48.1340171, 41.1862362], [48.1334914, 41.1858244], [48.1322146, 41.1851947], [48.1310344, 41.1848555], [48.1306697, 41.1844195], [48.1302954, 41.1841082], [48.1298543, 41.1837413], [48.1298543, 41.1832003], [48.1297363, 41.1827884], [48.1296826, 41.1823282], [48.1299723, 41.1815853], [48.1303049, 41.1810362], [48.130616, 41.1805921], [48.1308628, 41.1802368], [48.1308842, 41.17972], [48.1305517, 41.1791467], [48.1307019, 41.1787914], [48.1312383, 41.1782342], [48.1314851, 41.1774509], [48.131249, 41.177031], [48.1311954, 41.1767402], [48.1312705, 41.1762396], [48.1311847, 41.1758762], [48.1311739, 41.1753997], [48.1310452, 41.1748183], [48.1311525, 41.1743257], [48.1314207, 41.173833], [48.1313563, 41.1733969], [48.1315494, 41.1732193], [48.1314958, 41.1727913], [48.1313778, 41.1722986], [48.1311632, 41.1718141], [48.1311632, 41.1716283], [48.1310023, 41.1711276], [48.1309057, 41.1707723], [48.1308461, 41.170423]]}}, {"type": "Feature", "properties": {"osm_id": 557687127, "osm_type": "way", "waterway": "stream"}, "geometry": {"type": "LineString", "coordinates": [[48.123299, 41.1291952], [48.12405, 41.130763], [48.1257022, 41.1326862], [48.1270541, 41.1344963], [48.1277192, 41.1355145], [48.1290496, 41.1366134], [48.1299938, 41.1382779], [48.130895, 41.1399747], [48.1325043, 41.1410413], [48.1342638, 41.1418977], [48.1347574, 41.1428188], [48.1357444, 41.1440631], [48.137461, 41.145178], [48.1392635, 41.1472947], [48.1417096, 41.1507848], [48.1438125, 41.1523359], [48.1462801, 41.1547755], [48.147117, 41.1561003], [48.1481255, 41.1572958], [48.1499494, 41.1596545], [48.1512798, 41.1616738], [48.1516445, 41.163677], [48.1513227, 41.1650178], [48.1502927, 41.1669239], [48.1500567, 41.1692337], [48.1495822, 41.1710296], [48.1495782, 41.1710447]]}}, {"type": "Feature", "properties": {"osm_id": 557687135, "osm_type": "way", "waterway": "stream"}, "geometry": {"type": "LineString", "coordinates": [[48.1907404, 41.1010341], [48.1912125, 41.1022306], [48.1915558, 41.1043487], [48.1925214, 41.1052541], [48.1938303, 41.1063859], [48.1959117, 41.1073237], [48.1979931, 41.1086171], [48.2002033, 41.110056], [48.2022203, 41.1112685], [48.202349, 41.112287], [48.2016838, 41.1133055], [48.201083, 41.1146473], [48.2032932, 41.1174602], [48.2049454, 41.1200951], [48.2060827, 41.1217439], [48.2073272, 41.1237644], [48.2078851, 41.1259788], [48.2074774, 41.1278537], [48.2070053, 41.1296316], [48.2083786, 41.1314741], [48.2099021, 41.1334297], [48.2117689, 41.1349973], [48.2129491, 41.1365164], [48.2144726, 41.1379062], [48.2174767, 41.1390375], [48.2205237, 41.1404595], [48.2230342, 41.1420432], [48.2244558, 41.1437035], [48.2270683, 41.145889], [48.228463, 41.1467454], [48.229493, 41.1485389], [48.2309092, 41.1504778], [48.2317031, 41.1528529], [48.2319606, 41.1535638], [48.2332266, 41.1546624], [48.2340635, 41.1557772], [48.2335485, 41.1572958], [48.2341064, 41.1584429], [48.2352651, 41.1594445], [48.2361878, 41.1602522], [48.2360805, 41.1613669], [48.2366377, 41.161906], [48.2371748, 41.1627723], [48.2380117, 41.1647108], [48.2371748, 41.1662293], [48.236574, 41.1679092], [48.2363165, 41.1700091], [48.236971, 41.1719797], [48.2375611, 41.1732395], [48.2377327, 41.1749838], [48.2406081, 41.1770996], [48.2417667, 41.177883], [48.2427478, 41.179841], [48.2439554, 41.1809595], [48.2442825, 41.1814569], [48.244358, 41.1817915], [48.2443652, 41.1818234], [48.244735, 41.1825006], [48.2447896, 41.1828813], [48.2449807, 41.1830664], [48.2450166, 41.1834143], [48.2451106, 41.1835489], [48.2450875, 41.1836404], [48.2449173, 41.1838955], [48.2450498, 41.1846416], [48.2451296, 41.1851622], [48.2449639, 41.1857397], [48.2451142, 41.1868539], [48.245951, 41.1877582], [48.2463587, 41.1887271], [48.2458652, 41.1903822], [48.2479144, 41.1928447], [48.2478822, 41.1939103], [48.247968, 41.1952344], [48.2483757, 41.1962354], [48.2490838, 41.1965422], [48.2511652, 41.1976885], [48.2521952, 41.1984474], [48.2536758, 41.1990448], [48.2545341, 41.1992708], [48.2554782, 41.2003041], [48.2567442, 41.2013696], [48.2580961, 41.2016602], [48.2595123, 41.2024029], [48.2601989, 41.2035169], [48.2617868, 41.2044371], [48.262409, 41.2057286], [48.2617224, 41.206907], [48.2625807, 41.2086505], [48.2627624, 41.2094232]]}}, {"type": "Feature", "properties": {"osm_id": 560520583, "osm_type": "way", "waterway": "stream"}, "geometry": {"type": "LineString", "coordinates": [[48.1253985, 41.5175651], [48.125208, 41.5172578], [48.1251356, 41.5170751], [48.1249586, 41.5168542], [48.1246582, 41.5166252], [48.1245375, 41.5163983], [48.124339, 41.5161171], [48.1243175, 41.5158721], [48.124575, 41.5155387], [48.124913, 41.5151611], [48.1252402, 41.514651], [48.1255352, 41.514406], [48.1260771, 41.514165], [48.126871, 41.5137914], [48.1272036, 41.5133536], [48.1276327, 41.5126144], [48.1277668, 41.5124819], [48.1282175, 41.5122569], [48.1286627, 41.5116785], [48.1289095, 41.5115459]]}}, {"type": "Feature", "properties": {"osm_id": 579370646, "osm_type": "way", "admin_level": "8", "boundary": "administrative", "waterway": "river"}, "geometry": {"type": "LineString", "coordinates": [[47.8821229, 41.669852], [47.8820547, 41.6692791], [47.8824337, 41.669068], [47.8829248, 41.6690397], [47.8832084, 41.6696545], [47.8839718, 41.6695701], [47.8845924, 41.6688364], [47.8854636, 41.6690268], [47.8861713, 41.66876], [47.887114, 41.6691912], [47.8881554, 41.6690021], [47.8889878, 41.6693405], [47.8897479, 41.6692741], [47.8907451, 41.6699379], [47.8912989, 41.6696239], [47.89257, 41.6699873], [47.8933823, 41.6704177], [47.8949758, 41.6699386], [47.8964937, 41.6706261], [47.897037, 41.6699076], [47.8974629, 41.6705037], [47.8983463, 41.6705396], [47.8991142, 41.6708157], [47.899296, 41.6712658], [47.9000211, 41.6709975], [47.9000827, 41.6718412], [47.9017587, 41.6715623], [47.9022268, 41.6720334], [47.9031005, 41.6721204], [47.9035496, 41.6724254], [47.9042124, 41.672229], [47.904971, 41.6725941], [47.9061556, 41.6727343], [47.906317, 41.6733809], [47.9072645, 41.6731342], [47.9071472, 41.6736039], [47.9074041, 41.6737917], [47.9085423, 41.6735671], [47.9090551, 41.6738953], [47.9102741, 41.6747163], [47.9100195, 41.6752868], [47.9102891, 41.6755821], [47.9112088, 41.6756112], [47.9125502, 41.6761695], [47.9135175, 41.6771117], [47.916011, 41.6782776], [47.9176115, 41.6791666], [47.9187371, 41.6802025], [47.9209799, 41.6814182], [47.9221643, 41.6820732], [47.9233866, 41.6830844], [47.9246901, 41.6833903], [47.9266935, 41.6844084], [47.9283675, 41.6850119], [47.9301744, 41.684924], [47.9314824, 41.6853636], [47.9321327, 41.6849756], [47.9332301, 41.685495], [47.9341079, 41.6851891], [47.9345282, 41.6856926], [47.9369557, 41.6863833], [47.941043, 41.6879863], [47.9442648, 41.6890506], [47.9451081, 41.6901604], [47.9460645, 41.690437], [47.9478717, 41.6906139]]}}, {"type": "Feature", "properties": {"osm_id": 579370775, "osm_type": "way", "admin_level": "6", "boundary": "administrative", "source": "схема территориального планирования Дагестана", "source:url": "http://www.минстройрд.рф/content/%D1%81%D1%82%D0%BF-%D1%80%D0%B5%D1%81%D0%BF%D1%83%D0%B1%D0%BB%D0%B8%D0%BA%D0%B8-%D0%B4%D0%B0%D0%B3%D0%B5%D1%81%D1%82%D0%B0%D0%BD", "waterway": "stream"}, "geometry": {"type": "LineString", "coordinates": [[47.862945, 41.6994711], [47.8632509, 41.6992807], [47.8626565, 41.6989219], [47.8634832, 41.6981623], [47.863286, 41.6978241], [47.8636996, 41.697485], [47.862892, 41.6968327], [47.8624852, 41.6959029], [47.8629747, 41.6953461], [47.862657, 41.6945878], [47.8631086, 41.6943078], [47.8630478, 41.693498], [47.8628299, 41.6930722], [47.8625702, 41.6921391], [47.8631956, 41.6916922], [47.8623478, 41.6911485], [47.8626776, 41.6907142], [47.8627299, 41.6903167], [47.8632254, 41.6900253], [47.8626304, 41.6896337], [47.8628037, 41.6894336], [47.8639213, 41.6891498], [47.8640436, 41.6887553], [47.8633747, 41.6879961], [47.8636497, 41.6876741], [47.864274, 41.6871829], [47.8635829, 41.6866847], [47.8631403, 41.6862658], [47.8632888, 41.6850696], [47.8640806, 41.6844463], [47.8641388, 41.6837779], [47.8639808, 41.6831356], [47.8649628, 41.6820014], [47.865428, 41.6816662], [47.8658435, 41.6809895], [47.8664861, 41.6806968], [47.8671124, 41.680305], [47.8677842, 41.6791184], [47.8685953, 41.6783388], [47.8694223, 41.6776252], [47.8700724, 41.6768912], [47.8704269, 41.6760937], [47.8709105, 41.6759789], [47.871049, 41.6754482], [47.8719687, 41.6750095], [47.8720149, 41.674237], [47.8728999, 41.6734897], [47.8735325, 41.6734948], [47.8737238, 41.6725995], [47.8745603, 41.6716208], [47.8755655, 41.6710159], [47.8760869, 41.6705147], [47.8765683, 41.6702675], [47.8775974, 41.6702248], [47.8782587, 41.6710458], [47.879751, 41.6714402], [47.8810578, 41.6712847], [47.8812894, 41.6708662], [47.8810395, 41.6707128], [47.8804369, 41.6701985], [47.8808246, 41.6696213], [47.8821229, 41.669852]]}}, {"type": "Feature", "properties": {"osm_id": 579412922, "osm_type": "way", "admin_level": "8", "boundary": "administrative", "waterway": "stream"}, "geometry": {"type": "LineString", "coordinates": [[47.9739775, 41.6506136], [47.9753713, 41.6504524], [47.9747356, 41.6512992], [47.975635, 41.6514225], [47.9762643, 41.6518287], [47.976151, 41.6525964], [47.9776043, 41.6530893], [47.9770915, 41.6538229], [47.9773444, 41.6540639], [47.9782414, 41.654019], [47.9785981, 41.6545396], [47.9783107, 41.655346], [47.9782499, 41.6557581]]}}, {"type": "Feature", "properties": {"osm_id": 579412924, "osm_type": "way", "admin_level": "8", "boundary": "administrative", "waterway": "stream"}, "geometry": {"type": "LineString", "coordinates": [[47.9080445, 41.6439852], [47.9095828, 41.6429679], [47.9119669, 41.6430651], [47.9125009, 41.6426926], [47.9123858, 41.6423472], [47.9143231, 41.6417233], [47.9156763, 41.6403558], [47.9169043, 41.6401947], [47.91964, 41.6384269], [47.9225195, 41.6378836], [47.9264793, 41.6393599], [47.9296924, 41.6394889], [47.9386621, 41.6408369], [47.9462942, 41.6431756], [47.9466521, 41.643771], [47.9471079, 41.6442534], [47.9475068, 41.6442501], [47.9486116, 41.6447832], [47.9489675, 41.6452476], [47.9509664, 41.6455491], [47.9516695, 41.6458986], [47.9543235, 41.6471613], [47.9559634, 41.6483545]]}}, {"type": "Feature", "properties": {"osm_id": 579412971, "osm_type": "way", "admin_level": "8", "boundary": "administrative", "waterway": "stream"}, "geometry": {"type": "LineString", "coordinates": [[47.9662871, 41.6504122], [47.9668488, 41.6509984], [47.9684692, 41.6509852], [47.9711763, 41.6502528], [47.9731472, 41.6503491], [47.9739775, 41.6506136]]}}, {"type": "Feature", "properties": {"osm_id": 606768093, "osm_type": "way", "waterway": "river"}, "geometry": {"type": "LineString", "coordinates": [[48.4281206, 41.2609205], [48.430202, 41.2616948], [48.4336781, 41.2627432], [48.4350514, 41.2631626], [48.436017, 41.2636142], [48.4367251, 41.2641787], [48.4374547, 41.2648077], [48.4382486, 41.2650658], [48.4397936, 41.2648561], [48.4402871, 41.2650981], [48.4402979, 41.2659206], [48.4409094, 41.2668319], [48.4414136, 41.2677674], [48.4420788, 41.2680657], [48.4421432, 41.2684125], [48.4427011, 41.2688238], [48.4427225, 41.2690818], [48.4429371, 41.2698317], [48.4434628, 41.2701462], [48.445276, 41.2710736], [48.4462523, 41.27188], [48.4461772, 41.2722186], [48.4458983, 41.2726782], [48.4463596, 41.2734201], [48.4468961, 41.2742184], [48.4475398, 41.2745006], [48.4488702, 41.2752989], [48.449707, 41.2757826], [48.4502542, 41.2756859], [48.4508228, 41.2753392], [48.4517133, 41.2753311], [48.4524536, 41.2756133], [48.4529686, 41.2759278], [48.4547388, 41.2768309], [48.4557151, 41.2773066], [48.4562516, 41.2776775], [48.4575605, 41.2780323], [48.459363, 41.2783789], [48.4609938, 41.2782338], [48.4622597, 41.2784274], [48.462689, 41.2789837], [48.4639335, 41.2790482], [48.4643841, 41.2790482], [48.4650128, 41.2792209], [48.4664333, 41.2795803], [48.4679031, 41.2805639], [48.4694052, 41.2820152], [48.4698343, 41.284192], [48.4706926, 41.2852885], [48.472495, 41.2859979], [48.4742116, 41.2879005], [48.4767866, 41.2897708], [48.4779453, 41.2902867], [48.4785412, 41.2911297], [48.4786748, 41.2913186], [48.4788894, 41.291899], [48.4798336, 41.2924471], [48.4820652, 41.2929631], [48.4849405, 41.2937369], [48.4867858, 41.2941883], [48.4882021, 41.2939949], [48.4896183, 41.2942528], [48.4905624, 41.2950911], [48.4926147, 41.2967294], [48.493309, 41.2972836], [48.4960556, 41.3002176], [48.4977937, 41.300669], [48.4987163, 41.3015394], [48.4993171, 41.3027968], [48.5002184, 41.3034416], [48.5027933, 41.3041186], [48.5057244, 41.3052523], [48.5062568, 41.3056765], [48.5066557, 41.3069717], [48.5073423, 41.3113558], [48.5083634, 41.3122157], [48.5101747, 41.3137411], [48.5159039, 41.3169806], [48.5187793, 41.3190273], [48.5204315, 41.3211706], [48.5238218, 41.323604], [48.5249376, 41.3248931], [48.5268688, 41.3256827], [48.5297656, 41.3275842], [48.5337138, 41.3307101], [48.5355806, 41.3327725], [48.5378337, 41.3358982], [48.5393572, 41.3374771], [48.5416531, 41.3389916], [48.5441636, 41.3396038], [48.5451293, 41.3405543], [48.5449791, 41.3434218], [48.5457516, 41.344324], [48.5473609, 41.3455161], [48.5483479, 41.3457577], [48.549571, 41.3455], [48.5508156, 41.3454678], [48.5513949, 41.3456449], [48.5522747, 41.3464826], [48.5527896, 41.3472075], [48.5546135, 41.3491728], [48.5555148, 41.3501714], [48.5560512, 41.3504775], [48.5590124, 41.3513152], [48.5620594, 41.3524265], [48.5635561, 41.3526963], [48.5643607, 41.3530346], [48.5659807, 41.3551809], [48.5664207, 41.3553499], [48.5669356, 41.3554426], [48.5674238, 41.3554707], [48.5680139, 41.3551406], [48.5686308, 41.3551043], [48.5706907, 41.355666], [48.5712379, 41.3556479], [48.5716188, 41.3554969], [48.571938, 41.3554526], [48.5722464, 41.3555412], [48.5727668, 41.3560345], [48.5734319, 41.357178], [48.5747837, 41.3591752], [48.5766291, 41.3598033], [48.5789627, 41.3603992], [48.5822296, 41.3614783], [48.5858559, 41.3613817], [48.5892677, 41.3602382], [48.5911559, 41.3587404], [48.5930014, 41.3583216], [48.5965633, 41.3582894], [48.6002111, 41.3586759], [48.6030006, 41.3589658], [48.6037409, 41.3591631], [48.6051142, 41.3601053], [48.6063588, 41.3606005], [48.6091053, 41.3614179], [48.6109507, 41.3620299], [48.6122918, 41.3621748], [48.613944, 41.3621587], [48.6152154, 41.3624888], [48.6171305, 41.3639706], [48.6196088, 41.3661164], [48.6216259, 41.3662452], [48.6231279, 41.3659554], [48.6258745, 41.3648281], [48.6283207, 41.3646992], [48.6320972, 41.3655689], [48.636775, 41.3662774], [48.6411953, 41.3658265], [48.6480188, 41.3659554], [48.6521387, 41.3663419], [48.6542844, 41.3671148], [48.6579752, 41.3685964], [48.6607217, 41.3717526], [48.6619234, 41.3723645], [48.6634897, 41.3730407], [48.6653995, 41.3728797], [48.6664724, 41.3721068], [48.6690044, 41.372139], [48.6714291, 41.3727509], [48.6744546, 41.3743289], [48.6776304, 41.3745543], [48.6799049, 41.3740713], [48.6827802, 41.3742002], [48.6853551, 41.37449], [48.6870288, 41.3749408], [48.68896, 41.3751018], [48.6917066, 41.3752306], [48.693037, 41.3756815], [48.6962127, 41.3751984], [48.6980152, 41.374651], [48.7000751, 41.3747798], [48.7014484, 41.375134], [48.7023389, 41.3758908], [48.7037444, 41.3777264], [48.70552, 41.3802864], [48.7061208, 41.3809103], [48.7073278, 41.3818159], [48.7089693, 41.3830717], [48.7099779, 41.3833937], [48.7112117, 41.3834903], [48.7144089, 41.3836191], [48.7161577, 41.3837318], [48.7172413, 41.3840538], [48.7182283, 41.3846012], [48.7189364, 41.3858247], [48.7196445, 41.3876761], [48.7208032, 41.3881913], [48.7236786, 41.3890928], [48.7252664, 41.3897045], [48.7257814, 41.3900909], [48.7263608, 41.3914753], [48.7264037, 41.3928436], [48.7264251, 41.3936323], [48.7273049, 41.3941314], [48.728528, 41.3943567], [48.7296867, 41.3943084], [48.7312102, 41.3937933], [48.7332272, 41.3926182], [48.7349009, 41.3922319], [48.7357378, 41.3923607], [48.7382698, 41.3936645], [48.7418103, 41.3948235], [48.7427759, 41.3950811], [48.74475, 41.3949845], [48.7456727, 41.3953064], [48.7462306, 41.3960147], [48.7467026, 41.3970771], [48.7473249, 41.3973829], [48.7480759, 41.3975278], [48.7495673, 41.397729], [48.7505543, 41.3978577], [48.7516808, 41.3983487], [48.7527537, 41.3992581], [48.7565946, 41.4028473], [48.758043, 41.4040303], [48.7598347, 41.4048511], [48.761251, 41.405173], [48.76374, 41.4058651], [48.7668943, 41.4059777], [48.7690401, 41.4060904], [48.7700325, 41.4062473], [48.7704402, 41.4064404], [48.7711215, 41.4069756], [48.7717813, 41.4072693], [48.7729025, 41.4072974], [48.7738788, 41.4074785], [48.774426, 41.4076958], [48.774662, 41.4079492], [48.7749571, 41.4090919], [48.7754399, 41.4097034], [48.7765181, 41.41015], [48.7771994, 41.4100816], [48.7777573, 41.4100494], [48.7781703, 41.4101822], [48.7786317, 41.4105644], [48.7791038, 41.4107736], [48.7791252, 41.4112564], [48.7789053, 41.4116869], [48.7786746, 41.4119202], [48.7788784, 41.4122018], [48.7790769, 41.4123628], [48.7792486, 41.4128295], [48.7796885, 41.4133243], [48.7800479, 41.4137226], [48.7799138, 41.414137], [48.7792057, 41.4145433], [48.7790286, 41.415022], [48.7793398, 41.4156979], [48.7798119, 41.4160358], [48.7808526, 41.416241], [48.7812924, 41.4164622], [48.7813514, 41.4168806], [48.7815231, 41.4173915], [48.7818718, 41.4177898], [48.782478, 41.4178461], [48.7832236, 41.4178742], [48.7837332, 41.4179104], [48.7838405, 41.4181317], [48.7838459, 41.4186828], [48.7836474, 41.4189805], [48.7832504, 41.4191414], [48.7830627, 41.4195276], [48.78295, 41.4200184], [48.7832773, 41.4203442], [48.7836957, 41.4204488], [48.7841463, 41.4203965], [48.7847632, 41.4205212], [48.7851763, 41.420662], [48.7855518, 41.4206942], [48.7858361, 41.4203643], [48.7861901, 41.4201712], [48.7865227, 41.4202275], [48.7866193, 41.420316], [48.7870163, 41.4205172], [48.7875634, 41.4208028], [48.788057, 41.4212855], [48.7885129, 41.4218607], [48.7888831, 41.4219894], [48.7894517, 41.4222308], [48.790133, 41.4230594], [48.791281, 41.4241696], [48.7919462, 41.4246483], [48.793062, 41.4252919], [48.7945211, 41.4258309], [48.7948537, 41.4263377], [48.7949502, 41.4266635], [48.7954223, 41.4271099], [48.7960124, 41.4273312], [48.7968439, 41.4272145], [48.7975413, 41.4270778], [48.7982118, 41.4269973], [48.7987268, 41.4270255], [48.7993008, 41.4275323], [48.7996709, 41.4279425], [48.8002235, 41.4280672], [48.8009852, 41.4280914], [48.8018328, 41.4281356], [48.8022351, 41.4281557], [48.8024872, 41.4279023], [48.8023746, 41.4271381], [48.8034475, 41.4268324], [48.8040644, 41.4271542], [48.8052553, 41.4273231], [48.8063926, 41.4278621], [48.8075889, 41.4281155], [48.8083774, 41.4284855], [48.8094395, 41.4285137], [48.810963, 41.4287189], [48.8116014, 41.4289079], [48.8124342, 41.4292558], [48.8127521, 41.429306], [48.8131839, 41.429296], [48.8141602, 41.4290607], [48.8148871, 41.4288354], [48.8153538, 41.4289239], [48.8155496, 41.4291512], [48.8156006, 41.4294227], [48.8154397, 41.429829], [48.8155737, 41.4299858], [48.8159171, 41.430199], [48.8159895, 41.4306313], [48.8164803, 41.4309451], [48.8169202, 41.4307198], [48.8171482, 41.4309269], [48.817859, 41.430933], [48.818138, 41.4312245], [48.818441, 41.4310798], [48.818838, 41.4309128], [48.8190955, 41.4309752], [48.8191625, 41.4310255], [48.8194388, 41.4310818], [48.8197097, 41.4312768], [48.8198197, 41.4315363], [48.8200423, 41.4315403], [48.8203695, 41.4315242], [48.8209543, 41.4316368], [48.8213056, 41.4319424], [48.821649, 41.4325578], [48.8221344, 41.4328414], [48.8225287, 41.4329077], [48.8228425, 41.4328695], [48.8231241, 41.4328856], [48.8233012, 41.4330083], [48.8233629, 41.4331772], [48.8232422, 41.4334607], [48.8232502, 41.4337162], [48.8234138, 41.4342208], [48.823556, 41.4343013], [48.8237196, 41.4343033], [48.8239583, 41.4341887], [48.8245564, 41.434054], [48.8253504, 41.4338348], [48.8255167, 41.4338045], [48.8255891, 41.4339011], [48.8255811, 41.4340157], [48.8256133, 41.4341686], [48.8256696, 41.4343375], [48.8258681, 41.4344179], [48.8261765, 41.4344722], [48.8265386, 41.4344782], [48.8267773, 41.4345748], [48.8270482, 41.4345808], [48.8273996, 41.4347135], [48.8275525, 41.4348], [48.8278288, 41.434798], [48.8280246, 41.4346653], [48.8281882, 41.4346572], [48.8286146, 41.434794], [48.828789, 41.4349025], [48.8288078, 41.4350554], [48.828612, 41.4352062], [48.8286388, 41.435365], [48.8291162, 41.4354978], [48.8296258, 41.4354616], [48.8302562, 41.4353791], [48.8304305, 41.4354032], [48.8305914, 41.4354636], [48.8308328, 41.4357009], [48.831616, 41.4361191], [48.8328123, 41.4366459], [48.833397, 41.4366942], [48.8345289, 41.4366218], [48.8360739, 41.4370964], [48.8368463, 41.437406], [48.8372594, 41.4377559], [48.8379461, 41.4383551], [48.8384449, 41.4385683], [48.8391101, 41.4386165], [48.8396358, 41.4384999], [48.8399631, 41.4384275], [48.8401776, 41.4385321], [48.8402259, 41.4387573], [48.8401294, 41.4393967], [48.8402098, 41.4394972], [48.8401347, 41.4396702], [48.8399792, 41.4397144], [48.8398397, 41.4397626], [48.8397485, 41.4399436], [48.8398611, 41.440012], [48.8400918, 41.440024], [48.8402849, 41.440205], [48.8405478, 41.4402412], [48.8406229, 41.4400763], [48.8404942, 41.4399034], [48.8405639, 41.4397425], [48.8407141, 41.4395495], [48.8409072, 41.4394047], [48.8409072, 41.4392519], [48.8406873, 41.4390508], [48.8408321, 41.4388377], [48.8410145, 41.4389101], [48.841154, 41.4391876], [48.8413578, 41.4392077], [48.841508, 41.4389704], [48.8414758, 41.438512], [48.841728, 41.4381943], [48.8421839, 41.4380294], [48.8425809, 41.4381943], [48.8427526, 41.4383672], [48.8424683, 41.4386608], [48.8421839, 41.4389704], [48.8424629, 41.4391152], [48.8426346, 41.4389825], [48.8430852, 41.4386809], [48.8434821, 41.4389101], [48.8436377, 41.4390307], [48.8431656, 41.4394168], [48.842538, 41.4393404], [48.8418996, 41.4395817], [48.8416368, 41.4398994], [48.8419479, 41.4401125], [48.8422966, 41.4400924], [48.8424253, 41.4402573], [48.8422483, 41.440583], [48.8422376, 41.4409007], [48.8423824, 41.4410817], [48.8428706, 41.4411661], [48.8430101, 41.4409329], [48.8428062, 41.4404905], [48.8428169, 41.4400361], [48.8430315, 41.4398511], [48.8432944, 41.4397626], [48.8433587, 41.4396058], [48.8434553, 41.4395012], [48.8438147, 41.4394771], [48.8439918, 41.4395937], [48.8438308, 41.4398873], [48.8437343, 41.4400562], [48.8438737, 41.4401728], [48.8440776, 41.4402774], [48.844201, 41.4406996], [48.8445926, 41.4408163], [48.8450485, 41.4407117], [48.8452631, 41.4408082], [48.8449305, 41.4411983], [48.8451451, 41.4413792], [48.8454026, 41.4413994], [48.845939, 41.4414315], [48.8460356, 41.4416567], [48.8457352, 41.44189], [48.8459229, 41.4420387], [48.8464165, 41.4419945], [48.8463789, 41.4422197], [48.8462448, 41.4423283], [48.8461804, 41.4425575], [48.8460088, 41.4430722], [48.8454831, 41.4433296], [48.8455206, 41.4436513], [48.8457727, 41.4438443], [48.8462394, 41.4436915], [48.8464379, 41.4433175], [48.8467115, 41.4430079], [48.8471085, 41.4426701], [48.8474196, 41.442654], [48.8476127, 41.4428913], [48.8478166, 41.4429757], [48.8480848, 41.4429998], [48.8481653, 41.4432733], [48.8478434, 41.4435145], [48.8475323, 41.4437156], [48.8469636, 41.4439931], [48.84691, 41.4442424], [48.8471782, 41.4443751], [48.847661, 41.4443831], [48.847897, 41.4443027], [48.8480097, 41.444166], [48.8482618, 41.4439368], [48.848176, 41.4437277], [48.8485461, 41.4435588], [48.8489324, 41.4435145], [48.8490719, 41.4438081], [48.848986, 41.4441459], [48.8487822, 41.4443148], [48.848412, 41.4444274], [48.848353, 41.4446284], [48.8486856, 41.4447209], [48.8491362, 41.4446324], [48.8495117, 41.4445802], [48.8499892, 41.4444193], [48.85037, 41.4443107], [48.8505578, 41.4441981], [48.8508475, 41.443981], [48.8511157, 41.4441459], [48.8509333, 41.4444072], [48.8507885, 41.4446204], [48.8508582, 41.4447651], [48.8508046, 41.4450828], [48.851003, 41.4451552], [48.8511318, 41.445119], [48.8514107, 41.4448254], [48.8515019, 41.4444997], [48.8518077, 41.4445882], [48.8517916, 41.4447973], [48.8518077, 41.4450386], [48.8523549, 41.4452839], [48.8524997, 41.4451592], [48.852784, 41.4448013], [48.8531274, 41.4448536], [48.8532829, 41.4450466], [48.8534492, 41.4452477], [48.8539159, 41.4453401], [48.8546669, 41.4453603], [48.8551658, 41.4451592], [48.8561958, 41.4450265], [48.8565499, 41.4447571], [48.8569683, 41.4446204], [48.8574243, 41.444741], [48.8581485, 41.4446968], [48.8588351, 41.4444354], [48.859334, 41.444556], [48.8598436, 41.4445038], [48.8604283, 41.4445962], [48.8606697, 41.4445802], [48.8612866, 41.4444716], [48.8617533, 41.4446163], [48.8624936, 41.4449903], [48.8630676, 41.4449863], [48.8633412, 41.4452597], [48.8633037, 41.4454728], [48.8631642, 41.4456417], [48.8628691, 41.4456377], [48.8628209, 41.4457825], [48.8629925, 41.4459232], [48.8635451, 41.4463293], [48.8637274, 41.4463615], [48.8638991, 41.4462851], [48.8642585, 41.4461444], [48.8643926, 41.4462127], [48.8643014, 41.4465223], [48.8641995, 41.4469084], [48.864221, 41.4475195], [48.864516, 41.4478694], [48.8647038, 41.4480141], [48.8653904, 41.4479538], [48.8657123, 41.4478895], [48.8658249, 41.4481026], [48.8660181, 41.4485529], [48.8664097, 41.4487218], [48.8667315, 41.4494375], [48.8671607, 41.4495461], [48.8676757, 41.449715], [48.8678044, 41.4499683], [48.8679546, 41.450109], [48.8683301, 41.4502015], [48.8687164, 41.45031], [48.869167, 41.4505151], [48.8697678, 41.4506116], [48.8700575, 41.4506156], [48.8701594, 41.4508971], [48.8701218, 41.4511584], [48.870433, 41.451267], [48.8705081, 41.4512871], [48.8708299, 41.451468], [48.8711572, 41.4517052], [48.8714576, 41.4516691], [48.8716882, 41.4516691], [48.8720208, 41.4519304], [48.8723105, 41.4519867], [48.8726163, 41.4519384], [48.8728309, 41.4520309], [48.8728684, 41.4522722], [48.872965, 41.4523968], [48.8732278, 41.4524571], [48.8736731, 41.4524651], [48.8738877, 41.4526662], [48.8740969, 41.4528873], [48.8744295, 41.4530964], [48.8746655, 41.4532652], [48.8750088, 41.4536191], [48.8752985, 41.4539689], [48.8752985, 41.4542021], [48.8754219, 41.4543227], [48.875674, 41.4546483], [48.8760281, 41.4548293], [48.8763606, 41.4548896], [48.8766503, 41.4548293], [48.8770312, 41.4546644], [48.8772565, 41.4544192], [48.8774979, 41.4543669], [48.8777286, 41.4544956], [48.8779163, 41.4546644], [48.8782865, 41.4546001], [48.8793379, 41.4544192], [48.8812905, 41.4540131], [48.8817894, 41.4537357], [48.8820416, 41.4537156], [48.8826424, 41.4539126], [48.8828891, 41.4542302], [48.8831305, 41.4545358], [48.8832647, 41.454592], [48.883785, 41.4546403], [48.8841391, 41.4546926], [48.884477, 41.4547971], [48.8848847, 41.4548654], [48.8852709, 41.4549499], [48.8856626, 41.4552635], [48.8857967, 41.4556776], [48.8860488, 41.455766], [48.8870519, 41.4559027], [48.8872826, 41.4561721], [48.8875079, 41.456349], [48.8876474, 41.4564013], [48.8878888, 41.4564977], [48.888039, 41.4564656], [48.8882214, 41.4566143], [48.8884628, 41.4565902], [48.8886934, 41.4564696], [48.8888651, 41.4564053], [48.8890636, 41.4564696], [48.8892567, 41.4567671], [48.8894284, 41.457133], [48.8897449, 41.4571129], [48.890056, 41.4570204], [48.8907909, 41.456944], [48.8911718, 41.4567591], [48.8914615, 41.4567591], [48.8920677, 41.45694], [48.89247, 41.4571249], [48.8928294, 41.4571651], [48.8929528, 41.4572656], [48.8930064, 41.4575149], [48.8931084, 41.4576476], [48.8933337, 41.4574787], [48.8936824, 41.4573219], [48.8940203, 41.4573782], [48.8942885, 41.4576154], [48.8947606, 41.4578848], [48.8953078, 41.457929], [48.8956726, 41.4580054], [48.89593, 41.4580416], [48.8961124, 41.4580014], [48.896504, 41.4579732], [48.8970941, 41.4581541], [48.8973623, 41.4580858], [48.8981777, 41.4576757], [48.8987142, 41.4574827], [48.8991702, 41.4573661], [48.8995081, 41.4575551], [48.8996851, 41.4579893], [48.900007, 41.4582506], [48.9003932, 41.4585401], [48.9010262, 41.4587532], [48.9010477, 41.4589622], [48.9013159, 41.4589703], [48.9015627, 41.4589944], [48.9016378, 41.4592034], [48.9018309, 41.4592597], [48.9022922, 41.459316], [48.9029574, 41.4597502], [48.9032793, 41.4599592], [48.9042556, 41.4603371], [48.9050174, 41.4606266], [48.9059508, 41.4609964], [48.906219, 41.4611894], [48.9066374, 41.4615834], [48.9065301, 41.4622185], [48.906616, 41.4624356], [48.9067447, 41.4629743], [48.9064979, 41.4634406], [48.9063477, 41.4637059], [48.9065194, 41.4640115], [48.9069378, 41.4643089], [48.906852, 41.4644939], [48.9067233, 41.4645742], [48.9066052, 41.4646225], [48.9066696, 41.4648717], [48.9069271, 41.4650888], [48.9071524, 41.4657239], [48.9071202, 41.4662706], [48.9074635, 41.4665359], [48.9076781, 41.4668012], [48.9078283, 41.4672595], [48.9081716, 41.4673479], [48.9086008, 41.4676615], [48.908751, 41.4680474], [48.9088368, 41.4688191], [48.9093089, 41.4690764], [48.9097917, 41.469205], [48.910253, 41.4695989], [48.9103174, 41.4698803], [48.910253, 41.4710701], [48.9099634, 41.471464], [48.9099634, 41.4720649], [48.910017, 41.472495], [48.910253, 41.4726759], [48.9104354, 41.4728969], [48.9104488, 41.4732888], [48.9104408, 41.4738053], [48.9104891, 41.4747679], [48.9114332, 41.475829], [48.9115727, 41.4763837], [48.9118087, 41.4770589], [48.912313, 41.4774528], [48.9137292, 41.4785459], [48.9148879, 41.4794864], [48.9160037, 41.4804509], [48.9166367, 41.4810618], [48.9170015, 41.4816325], [48.9179671, 41.4823961], [48.9184391, 41.4832079], [48.918761, 41.484309], [48.9195228, 41.4851127], [48.9224088, 41.4868809], [48.9237821, 41.487781], [48.9249301, 41.4882954], [48.9262497, 41.4884642], [48.9289534, 41.4893884], [48.9308202, 41.4902242], [48.9382124, 41.4934067], [48.9436412, 41.4956407], [48.9448535, 41.4960907], [48.9466882, 41.4974166], [48.9483404, 41.4977622], [48.9493918, 41.4978586], [48.9499283, 41.4987104], [48.9513552, 41.4991443], [48.9517522, 41.499771], [48.9527607, 41.5000925], [48.953501, 41.500221], [48.9540052, 41.5004942], [48.9542735, 41.5013138], [48.9546382, 41.5017236], [48.9551515, 41.5019959]]}}, {"type": "Feature", "properties": {"osm_id": 607382073, "osm_type": "way", "intermittent": "yes", "waterway": "stream"}, "geometry": {"type": "LineString", "coordinates": [[48.0799235, 41.2283503], [48.0796713, 41.2281405], [48.0794997, 41.2278217], [48.079151, 41.2273941], [48.0790973, 41.2272085], [48.0790759, 41.2266799], [48.0788452, 41.2263572], [48.0784697, 41.2260223], [48.0783195, 41.2257157], [48.0781961, 41.2254292], [48.0781478, 41.2251952], [48.0781854, 41.2248764], [48.0780298, 41.2246182], [48.0777991, 41.2242874], [48.0776972, 41.2239969], [48.0773217, 41.2237104], [48.077134, 41.2235127], [48.0767263, 41.2233352], [48.076399, 41.223198], [48.0762435, 41.2230124], [48.0759806, 41.2226492], [48.0757768, 41.2224798], [48.0753422, 41.2223547], [48.0748648, 41.2221489], [48.0746341, 41.2217817], [48.0744357, 41.2215275], [48.0739529, 41.2212128], [48.0735827, 41.2209183], [48.0732716, 41.2206439], [48.0723221, 41.2201072], [48.0720217, 41.2197884], [48.0717803, 41.2194495], [48.071673, 41.2192155], [48.0717642, 41.2189451], [48.0718876, 41.2188039], [48.0721719, 41.218586], [48.0721826, 41.2183842], [48.0722362, 41.2180856], [48.0724937, 41.217557], [48.0728263, 41.2172625], [48.0728746, 41.217093], [48.0727673, 41.2168751], [48.0727673, 41.2167177], [48.0728531, 41.2163061], [48.0731321, 41.2161003], [48.0731965, 41.2158299], [48.0733628, 41.215612], [48.0734486, 41.2153538], [48.0736095, 41.2151561], [48.0738617, 41.2149624], [48.0738456, 41.2148534]]}}, {"type": "Feature", "properties": {"osm_id": 607382074, "osm_type": "way", "intermittent": "yes", "waterway": "stream"}, "geometry": {"type": "LineString", "coordinates": [[48.0880613, 41.2211846], [48.0876053, 41.2206318], [48.0873317, 41.220309], [48.0872352, 41.2200306], [48.0868757, 41.2195342], [48.0866987, 41.2192881], [48.086055, 41.2191348], [48.0857492, 41.2189653], [48.0855883, 41.2186909], [48.0853952, 41.2185013], [48.0850679, 41.2183681], [48.084569, 41.2180332], [48.0842686, 41.2178153], [48.0840219, 41.2175933], [48.0833835, 41.2171697], [48.0832762, 41.2168589], [48.083303, 41.2164917], [48.0832708, 41.2161286], [48.0832869, 41.2159147], [48.0830563, 41.2157049], [48.0829114, 41.2155959], [48.0827612, 41.2152247], [48.0825574, 41.2148413], [48.082316, 41.2144499], [48.0820424, 41.2141028], [48.0819727, 41.2139737], [48.0819083, 41.2137235], [48.0817849, 41.2133643], [48.0815703, 41.2130334], [48.081345, 41.2128438], [48.081168, 41.2126662], [48.0810983, 41.2124039], [48.0809963, 41.2122223], [48.0806101, 41.2118389], [48.0804974, 41.2116008], [48.0803741, 41.2114919], [48.0803151, 41.2112578], [48.0802185, 41.2110641], [48.0802239, 41.2107291], [48.0804062, 41.2105758], [48.0805028, 41.2102973], [48.0804009, 41.2102085], [48.0802829, 41.2101157], [48.0801488, 41.209922], [48.0798805, 41.20947], [48.0796552, 41.208901], [48.0793924, 41.208566], [48.0793387, 41.2082674], [48.0793012, 41.2079566], [48.0791993, 41.2076943], [48.0789418, 41.2074481], [48.0789096, 41.2071293], [48.0789418, 41.2069073], [48.0789882, 41.2066567]]}}, {"type": "Feature", "properties": {"osm_id": 607382075, "osm_type": "way", "intermittent": "yes", "waterway": "stream"}, "geometry": {"type": "LineString", "coordinates": [[48.1201673, 41.1927137], [48.1208432, 41.1921486], [48.1210256, 41.1916723], [48.1210471, 41.1910506], [48.1211973, 41.1907034], [48.1218732, 41.190324], [48.1219912, 41.1900494]]}}, {"type": "Feature", "properties": {"osm_id": 607382078, "osm_type": "way", "intermittent": "yes", "waterway": "stream"}, "geometry": {"type": "LineString", "coordinates": [[48.1230426, 41.1947321], [48.1234396, 41.1937875], [48.1233323, 41.1931901], [48.1231928, 41.192738], [48.1231928, 41.1923908], [48.1228495, 41.1920033], [48.122592, 41.1912928], [48.1224418, 41.1906308], [48.1223131, 41.1902109], [48.1219912, 41.1900494]]}}, {"type": "Feature", "properties": {"osm_id": 607382080, "osm_type": "way", "intermittent": "yes", "waterway": "stream"}, "geometry": {"type": "LineString", "coordinates": [[48.1219912, 41.1900494], [48.1220019, 41.1896458], [48.1224204, 41.1887011], [48.1228388, 41.1883136], [48.123504, 41.1882086], [48.1238688, 41.1876596], [48.124255, 41.1872397]]}}, {"type": "Feature", "properties": {"osm_id": 607382081, "osm_type": "way", "intermittent": "yes", "waterway": "stream"}, "geometry": {"type": "LineString", "coordinates": [[48.1288577, 41.1917934], [48.1276453, 41.1914462], [48.1269587, 41.190655], [48.1265081, 41.1901867], [48.1260467, 41.1898637], [48.126036, 41.1895489], [48.1258965, 41.1892824], [48.1255746, 41.1892178], [48.1253279, 41.1888141], [48.1248022, 41.1884185], [48.1243837, 41.1879825], [48.1242443, 41.1875546], [48.124255, 41.1872397]]}}, {"type": "Feature", "properties": {"osm_id": 607382082, "osm_type": "way", "intermittent": "yes", "waterway": "stream"}, "geometry": {"type": "LineString", "coordinates": [[48.1256498, 41.1981227], [48.1256605, 41.1974769], [48.1253279, 41.1968633], [48.1249309, 41.1960318], [48.1252206, 41.1952407], [48.1256819, 41.1946352], [48.1259287, 41.1941104], [48.1255425, 41.1935291], [48.1254888, 41.1930528], [48.1254566, 41.1923262], [48.1253923, 41.1919548], [48.1257034, 41.1914381], [48.1257141, 41.1909698], [48.1258321, 41.1904774], [48.1259287, 41.1901383], [48.1260467, 41.1898637]]}}, {"type": "Feature", "properties": {"osm_id": 607382083, "osm_type": "way", "intermittent": "yes", "waterway": "stream"}, "geometry": {"type": "LineString", "coordinates": [[48.124255, 41.1872397], [48.1241155, 41.1869329], [48.1241155, 41.1865534], [48.1236435, 41.1860367], [48.1235147, 41.1857702], [48.1233538, 41.185423], [48.1229461, 41.1847851], [48.1231607, 41.1844379], [48.1228495, 41.1840746], [48.1228603, 41.1837678], [48.1227208, 41.1836063], [48.122238, 41.1833883], [48.1215299, 41.183033], [48.1212831, 41.1828553], [48.1212911, 41.1818696], [48.1212617, 41.1816441], [48.1209397, 41.1810592], [48.1206394, 41.1805136], [48.1201888, 41.180231], [48.1195963, 41.1796748]]}}, {"type": "Feature", "properties": {"osm_id": 638502656, "osm_type": "way", "waterway": "stream"}, "geometry": {"type": "LineString", "coordinates": [[48.117592, 41.1537245], [48.118343, 41.1542779], [48.1189492, 41.154706], [48.1192496, 41.1550736], [48.1193569, 41.1554048], [48.1194159, 41.1555744], [48.1195983, 41.1556794], [48.1199094, 41.1560389], [48.1199416, 41.1566528], [48.1201669, 41.1571052], [48.1201669, 41.1572991], [48.1201616, 41.1576504], [48.120183, 41.1578483], [48.1200221, 41.1580705], [48.119668, 41.158333], [48.1197968, 41.1588419], [48.119947, 41.1590802], [48.1199416, 41.1597506], [48.1200972, 41.1602393], [48.1203332, 41.1606674], [48.1208428, 41.161249], [48.1212291, 41.1618305], [48.1214651, 41.1624], [48.121567, 41.1630058], [48.1218084, 41.163446], [48.1221518, 41.1638781], [48.1221303, 41.1645485], [48.1222644, 41.1650452], [48.1227418, 41.1655298], [48.1228867, 41.1659215], [48.1229052, 41.1661831], [48.1230101, 41.1664627], [48.1231227, 41.1666969], [48.1235948, 41.1670765], [48.1238952, 41.1675369], [48.1241795, 41.1682597], [48.124201, 41.1686716], [48.1243673, 41.1689301], [48.1245443, 41.1692289], [48.1250539, 41.1696408], [48.125129, 41.1698629], [48.1251451, 41.170299], [48.125129, 41.1705413], [48.1254101, 41.1709175]]}}, {"type": "Feature", "properties": {"osm_id": 639085892, "osm_type": "way", "waterway": "stream"}, "geometry": {"type": "LineString", "coordinates": [[48.3093554, 41.1750202], [48.3099669, 41.174891], [48.3103317, 41.1744792], [48.312059, 41.1739623], [48.3130354, 41.1737927], [48.313722, 41.1735827], [48.3149129, 41.1731709], [48.3164364, 41.1727186], [48.3168226, 41.1724037], [48.3173054, 41.1724521], [48.3184749, 41.1723956], [48.3190113, 41.1720079], [48.3193225, 41.1719353], [48.3196121, 41.1722583], [48.3199018, 41.1721129], [48.3202666, 41.1721695], [48.3206421, 41.1723714], [48.3215755, 41.172016], [48.3217579, 41.1719595], [48.321715, 41.1714588], [48.3220798, 41.1713215], [48.3225518, 41.1715799], [48.3229381, 41.171588], [48.3235496, 41.172121], [48.3246225, 41.1722179], [48.3249336, 41.1722987], [48.3255237, 41.1722825], [48.3262533, 41.1723794], [48.3263069, 41.1720806], [48.3265751, 41.1718868], [48.3275193, 41.1720402], [48.3280343, 41.1722018], [48.3291608, 41.1717737], [48.3298796, 41.1709984], [48.3307701, 41.1710307], [48.3318215, 41.171273], [48.3322507, 41.171055], [48.3329803, 41.1712488], [48.3337849, 41.1709096], [48.3350617, 41.170417], [48.3357698, 41.1698355], [48.3365208, 41.1698355], [48.336671, 41.169472], [48.3375615, 41.1696578], [48.3377546, 41.1694559], [48.3384412, 41.1696497], [48.3389562, 41.1695043], [48.3393317, 41.169464], [48.3397609, 41.1688905], [48.3399862, 41.168624], [48.3404261, 41.1685433], [48.3411342, 41.1686806], [48.3413488, 41.1684221], [48.3415633, 41.168091], [48.3422392, 41.1682606], [48.3425933, 41.1681152], [48.3427113, 41.1675498], [48.3433014, 41.1675256], [48.3440095, 41.1674287], [48.3445459, 41.1676468], [48.345415, 41.1677518], [48.3461828, 41.1677682], [48.3465909, 41.1675153], [48.3468288, 41.1672621], [48.347196, 41.1672833], [48.3478612, 41.1676629], [48.3487087, 41.1677679], [48.3492452, 41.1676548], [48.349728, 41.167776], [48.3499533, 41.1674852], [48.3505648, 41.1678244], [48.3514768, 41.1679779], [48.3518737, 41.1677033], [48.3525282, 41.1671379], [48.3529466, 41.1675902], [48.3535153, 41.1674852], [48.3543306, 41.1673237], [48.3548564, 41.1674045], [48.3551675, 41.1679618], [48.356176, 41.1679133], [48.3566588, 41.1684302], [48.356927, 41.1683898], [48.3572596, 41.1686725], [48.3580536, 41.1684948], [48.3584398, 41.1680587], [48.3588153, 41.1679618], [48.360253, 41.1682767], [48.3619481, 41.1680829], [48.3637291, 41.1673802], [48.3651346, 41.1667826], [48.3663255, 41.1666291], [48.3672374, 41.1665887]]}}, {"type": "Feature", "properties": {"osm_id": 672938742, "osm_type": "way", "intermittent": "yes", "source": "yes", "waterway": "stream"}, "geometry": {"type": "LineString", "coordinates": [[48.1514615, 41.186008], [48.151381, 41.1856386], [48.151322, 41.1851542], [48.1513046, 41.1849735], [48.1513488, 41.1848695], [48.1513904, 41.1847585], [48.151373, 41.1846546], [48.1513592, 41.1845639], [48.1513743, 41.184485], [48.1514172, 41.1843962], [48.1514695, 41.1842821], [48.1515232, 41.1841852], [48.1515741, 41.1840964], [48.1516814, 41.1837411], [48.1518853, 41.183289], [48.1520677, 41.182966], [48.1523466, 41.1825703], [48.152647, 41.1823281], [48.1528294, 41.1820697], [48.1528509, 41.1818032], [48.1527328, 41.1816094], [48.1528294, 41.1813833], [48.1527114, 41.1811492], [48.152647, 41.1809352], [48.1525719, 41.1808948], [48.1525183, 41.1809109], [48.1523949, 41.1806768], [48.1523144, 41.1806041], [48.1522661, 41.1805557], [48.1520247, 41.1805193], [48.1519496, 41.1803982], [48.1520891, 41.1802407], [48.152191, 41.1801196], [48.1520784, 41.1799743], [48.1519067, 41.1797764], [48.1517136, 41.179518], [48.15166, 41.1792031], [48.1517672, 41.1790618], [48.1519818, 41.1789285], [48.1520891, 41.178759], [48.1519765, 41.1785813], [48.1520194, 41.1784036], [48.1518799, 41.1782704], [48.1519604, 41.1780927], [48.1519067, 41.178012], [48.1521481, 41.1778343], [48.1519818, 41.1776526], [48.1518692, 41.177475], [48.1519121, 41.1772933], [48.1520194, 41.1770187], [48.1518692, 41.176829], [48.1518853, 41.1767038], [48.1518745, 41.1765504], [48.1514722, 41.1764413], [48.1510001, 41.1763323], [48.1508875, 41.1761668], [48.1508017, 41.1759124], [48.1506085, 41.1756782], [48.1505442, 41.1755813], [48.1505334, 41.1753633], [48.1503832, 41.1751048], [48.1500721, 41.1749635], [48.149761, 41.1746889], [48.1496429, 41.1745517], [48.1495249, 41.1742932], [48.1493533, 41.1740954], [48.1491011, 41.1738248], [48.1489026, 41.173631], [48.1486827, 41.1734614], [48.1483984, 41.1732232], [48.1482696, 41.1730899], [48.1482053, 41.1729405], [48.1482106, 41.1727548], [48.148275, 41.1725771], [48.1485271, 41.1724196], [48.1485057, 41.1723187], [48.1484467, 41.1721168], [48.1484467, 41.1719997], [48.1485701, 41.1719391], [48.1488115, 41.1718543], [48.1489456, 41.1716888], [48.1491226, 41.1715555], [48.1492782, 41.1713496], [48.1493157, 41.1711113], [48.1495782, 41.1710447]]}}, {"type": "Feature", "properties": {"osm_id": 672979173, "osm_type": "way", "intermittent": "yes", "seasonal": "yes", "source": "DigitalGlobal Premium Image 25-02-19", "waterway": "stream"}, "geometry": {"type": "LineString", "coordinates": [[48.1497556, 41.2181922], [48.1504208, 41.2179339], [48.1507426, 41.2177564], [48.1518799, 41.2178855], [48.1534678, 41.2172076], [48.1538326, 41.2164974], [48.15512, 41.2159163], [48.1553346, 41.2149962], [48.1551844, 41.2136888], [48.1550556, 41.2129785], [48.1553131, 41.2123813], [48.15512, 41.2110254], [48.1550342, 41.2102667], [48.1552917, 41.2099761], [48.155635, 41.2095887], [48.1555921, 41.2088138], [48.1555063, 41.2076515], [48.155635, 41.2065053], [48.1555706, 41.2057304], [48.1558067, 41.2056336], [48.1560427, 41.2050847], [48.1561071, 41.2046488], [48.1565148, 41.2040192], [48.1568366, 41.2033089], [48.1570512, 41.2029537], [48.1572443, 41.2024209], [48.1568581, 41.2020173], [48.1566221, 41.2014522], [48.1567079, 41.2011778], [48.1575662, 41.2005643], [48.1579524, 41.2000799], [48.1584889, 41.2002898], [48.1594974, 41.1999669], [48.1603771, 41.1994664], [48.160463, 41.1985946], [48.1602913, 41.1979649], [48.161214, 41.1970123], [48.1617075, 41.1963503], [48.1625658, 41.1956237], [48.1637031, 41.1951394], [48.1631023, 41.1940414], [48.1629091, 41.1927658], [48.162995, 41.1918293], [48.1646472, 41.1905052], [48.1654412, 41.189278], [48.166514, 41.1886644], [48.1680761, 41.1877734], [48.1685525, 41.1875017], [48.1699902, 41.1873564], [48.171857, 41.1868396], [48.1732088, 41.1860322], [48.1745392, 41.1850795], [48.1752044, 41.1845465], [48.1754619, 41.1836099], [48.1767064, 41.182867], [48.1781012, 41.1820596], [48.1791311, 41.181995], [48.1799465, 41.181785], [48.1806117, 41.1813328], [48.1806546, 41.1803639], [48.1806546, 41.1794595], [48.1807351, 41.1788336], [48.1806761, 41.1786358], [48.1807137, 41.1782885], [48.1808424, 41.1781472], [48.1808531, 41.1779171], [48.1808531, 41.1777071], [48.1810087, 41.1774124], [48.1810838, 41.177263], [48.1810355, 41.1771015], [48.1811267, 41.1769117], [48.1812287, 41.1767058], [48.1812287, 41.1763626], [48.1811375, 41.1760638], [48.1810784, 41.1756439], [48.1809282, 41.1753208], [48.1807351, 41.1750705], [48.1803864, 41.1747555], [48.1801611, 41.174485], [48.1800431, 41.1743477], [48.1798715, 41.1741337], [48.1800056, 41.1739237], [48.1803221, 41.1738753], [48.1807888, 41.1739197], [48.1814003, 41.1738511], [48.1818134, 41.1737178], [48.1820172, 41.1736209], [48.1823713, 41.1733827], [48.1826234, 41.1731848], [48.1829131, 41.1731121], [48.1834603, 41.1730637], [48.1841254, 41.1729385], [48.1844151, 41.1729708], [48.1849086, 41.1728779], [48.1852037, 41.1726962], [48.1858957, 41.1726114], [48.1860995, 41.1724903], [48.1864321, 41.1724095], [48.1870061, 41.1723853], [48.1875158, 41.1723893], [48.187961, 41.1722117], [48.1883097, 41.1720744], [48.1886101, 41.1719532], [48.1889373, 41.1719048], [48.1893236, 41.1719048], [48.1899458, 41.1719169]]}}, {"type": "Feature", "properties": {"osm_id": 672995096, "osm_type": "way", "boat": "no", "intermittent": "yes", "name": "Qudyalçay", "name:az": "Qudyalçay", "name:ru": "Кудиалчай", "seasonal": "yes", "source": "DigitalGlobal Premium Image 19-01-18", "waterway": "stream"}, "geometry": {"type": "LineString", "coordinates": [[48.0602886, 41.1306367], [48.0605246, 41.13256], [48.0599238, 41.1353721], [48.0597736, 41.1368104], [48.0596019, 41.1380386], [48.0594946, 41.1393153], [48.0599023, 41.1405757], [48.059323, 41.1414483], [48.0593015, 41.1419978], [48.060589, 41.1430158], [48.0621768, 41.1445509], [48.063121, 41.1459244], [48.0640866, 41.1467161], [48.0656101, 41.1480734], [48.0668975, 41.1489298], [48.0691506, 41.148849], [48.0710303, 41.1496746], [48.0737983, 41.1520659], [48.0760943, 41.1528414], [48.0803858, 41.1572197], [48.0830466, 41.1582537], [48.083978, 41.1586291], [48.083955, 41.1592543], [48.0844069, 41.1594427], [48.0853369, 41.1599181], [48.0862253, 41.1602998], [48.0863425, 41.160782], [48.0875312, 41.1616684], [48.0886727, 41.1616977], [48.0894716, 41.1624464], [48.0901876, 41.1626016], [48.0908107, 41.1629726], [48.0906854, 41.1632194], [48.0915144, 41.1639973], [48.092716, 41.1646315], [48.0938926, 41.1660757], [48.0949863, 41.1669888], [48.0990132, 41.168538], [48.1005667, 41.1682478], [48.1020581, 41.167817], [48.1054055, 41.1674777], [48.1097614, 41.1679785], [48.1132028, 41.1692486], [48.1149429, 41.1708624], [48.1167566, 41.171419], [48.1184123, 41.1714408], [48.1192854, 41.1714044], [48.1199512, 41.1711097], [48.120552, 41.1712542], [48.1223356, 41.1714028], [48.1229324, 41.1712194], [48.1236888, 41.1712549], [48.1244256, 41.171318], [48.1248993, 41.1709873], [48.1254101, 41.1709175], [48.1254866, 41.1709071], [48.1258502, 41.1710188], [48.1283437, 41.1706922], [48.1291149, 41.1707852], [48.1294091, 41.1709757], [48.1308461, 41.170423], [48.1316829, 41.1704249], [48.1324553, 41.1707964], [48.1330562, 41.170861], [48.1338501, 41.1706429], [48.1344509, 41.1705137], [48.1357705, 41.1701826], [48.1365752, 41.1701584], [48.1376266, 41.1702068], [48.1381738, 41.1702633], [48.139193, 41.1704249], [48.139869, 41.1701987], [48.1405878, 41.1701018], [48.1412423, 41.1702391], [48.1421542, 41.1704895], [48.1433451, 41.1706995], [48.1436455, 41.1707318], [48.1447935, 41.1705541], [48.1455552, 41.1705864], [48.1463277, 41.1710063], [48.147583, 41.1707075], [48.1480443, 41.1705702], [48.1488275, 41.1709256], [48.1495822, 41.1710296], [48.150115, 41.1715555], [48.1503081, 41.1718866], [48.1507587, 41.1719351], [48.1517243, 41.172347], [48.152293, 41.1727104], [48.1524968, 41.1731223], [48.1528509, 41.1734857], [48.1534946, 41.173631], [48.1545675, 41.173623], [48.1551039, 41.1738895], [48.1555974, 41.1740106], [48.156327, 41.1741802], [48.1572711, 41.1743659], [48.1576359, 41.1746486], [48.1583655, 41.1747213], [48.1592667, 41.1747213], [48.1597173, 41.1748989], [48.1606829, 41.1747859], [48.1614339, 41.1746809], [48.1618845, 41.1747374], [48.1628823, 41.1747939], [48.1637621, 41.174697], [48.164202, 41.174802], [48.1645882, 41.1745355], [48.1650925, 41.1744386], [48.165468, 41.1746809], [48.1666911, 41.1744709], [48.1674635, 41.1743417], [48.1683326, 41.1744709], [48.1689763, 41.1742125], [48.1694054, 41.1743175], [48.169738, 41.1742771], [48.1701779, 41.1745759], [48.1709289, 41.1746163], [48.1718194, 41.1745436], [48.1724632, 41.1741802], [48.1728065, 41.1740348], [48.1735361, 41.1739864], [48.1740618, 41.1735907], [48.1748557, 41.1735341], [48.1754351, 41.1731303], [48.1759715, 41.1729688], [48.1763577, 41.17288], [48.1770015, 41.1724277], [48.1774628, 41.1723712], [48.177892, 41.1721935], [48.1782246, 41.1717978], [48.1786752, 41.1716847], [48.1793511, 41.1716282], [48.1803596, 41.1711033], [48.181411, 41.1706914], [48.1821835, 41.1705541], [48.1830096, 41.1706348], [48.1838894, 41.1706914], [48.1846404, 41.1708852], [48.1851554, 41.171071], [48.1862175, 41.1711517], [48.1873441, 41.1712406], [48.1878698, 41.1714505], [48.188374, 41.1714505], [48.1892109, 41.1717978], [48.1899458, 41.1719169], [48.1913674, 41.1726862], [48.1921399, 41.1734695], [48.1925261, 41.1735664], [48.1935239, 41.1743902], [48.1939745, 41.1746001], [48.1944036, 41.1750847], [48.1949079, 41.1753754], [48.195734, 41.1764736], [48.1960344, 41.1771278], [48.196013, 41.1774992], [48.1966996, 41.177903], [48.196882, 41.1784117], [48.1973219, 41.1792838], [48.1978154, 41.1799298], [48.1985986, 41.1805112], [48.1994784, 41.1808585], [48.2006156, 41.1809311], [48.2009697, 41.1813107], [48.2015812, 41.1815933], [48.2020533, 41.1820535], [48.2028794, 41.1825703], [48.2038557, 41.1830144], [48.2041883, 41.1832728], [48.2048213, 41.1839511], [48.2055509, 41.1845486], [48.2062375, 41.1850976], [48.2065701, 41.1855014], [48.2068705, 41.1856951], [48.2069456, 41.1861796], [48.2071388, 41.1865187], [48.2075572, 41.1868417], [48.2079327, 41.1872938], [48.2081877, 41.1879546], [48.2080829, 41.1883112], [48.2083298, 41.1887883], [48.2078658, 41.1899671], [48.2087671, 41.1913315], [48.2092391, 41.1935436], [48.209207, 41.1943923], [48.208692, 41.1948283], [48.2095503, 41.1974601], [48.2093142, 41.1991715], [48.2085632, 41.2000111], [48.2090567, 41.2018839], [48.2112454, 41.2028848], [48.2117226, 41.2050874], [48.2120394, 41.2065495], [48.2135868, 41.2072016], [48.2153892, 41.2086545], [48.2166767, 41.2097199], [48.2187366, 41.2104302], [48.2215261, 41.2108499], [48.2217761, 41.2107114], [48.224616, 41.2091387], [48.2277059, 41.2080087], [48.23071, 41.2074922], [48.2334995, 41.2067818], [48.2368469, 41.2060715], [48.2394969, 41.2063137], [48.2403552, 41.206685], [48.2417929, 41.2075728], [48.244518, 41.2086222], [48.2471358, 41.2093244], [48.2505154, 41.2093648], [48.2526826, 41.209736], [48.2572531, 41.2090903], [48.258562, 41.2090419], [48.2619524, 41.209171], [48.2627624, 41.2094232], [48.263508, 41.2096553], [48.2639598, 41.2097128], [48.2642698, 41.2097522], [48.2644894, 41.2099316], [48.2643767, 41.2104519], [48.264476, 41.2110673], [48.2641491, 41.2115621], [48.2640934, 41.2122724], [48.2644951, 41.212799], [48.2652241, 41.2132466]]}}, {"type": "Feature", "properties": {"osm_id": 761317818, "osm_type": "way", "intermittent": "yes", "waterway": "stream"}, "geometry": {"type": "LineString", "coordinates": [[48.1647548, 41.2604313], [48.1667868, 41.2598148], [48.1675579, 41.2592351], [48.1681088, 41.2583149], [48.168072, 41.2572659], [48.1679129, 41.2564469], [48.1681088, 41.2558488], [48.1679864, 41.2547998], [48.1682679, 41.2541004], [48.1687453, 41.2534286], [48.1693695, 41.2523703], [48.1698959, 41.2522875], [48.1709119, 41.2522139], [48.1722583, 41.2522691], [48.1736293, 41.2519562], [48.1746575, 41.2515053], [48.17631, 41.2508703], [48.1768853, 41.2503181], [48.1779502, 41.2498579], [48.1782195, 41.2495819], [48.1792355, 41.2485603], [48.1802147, 41.2473823], [48.1810715, 41.2464159], [48.1814143, 41.2453575], [48.1816958, 41.2452011], [48.1818182, 41.2447409], [48.1819896, 41.2443911], [48.1822834, 41.244115], [48.1822589, 41.2438665], [48.1826261, 41.2436733], [48.1825159, 41.2433695], [48.1829933, 41.2430382], [48.1833483, 41.2424583], [48.1832748, 41.2421546], [48.18374, 41.2415655], [48.1846091, 41.2407187], [48.1845111, 41.2402217], [48.1844255, 41.2398719], [48.1844622, 41.2392276], [48.1845558, 41.2390827], [48.1846703, 41.2389055], [48.185319, 41.2388042], [48.1862493, 41.2386109], [48.1866533, 41.238031], [48.1873877, 41.2377457], [48.1876815, 41.2373131], [48.1884286, 41.2372748], [48.1887586, 41.2372579], [48.1907538, 41.2372855], [48.1914393, 41.2368805], [48.192137, 41.2364662], [48.1928347, 41.2361993], [48.1929939, 41.2358955], [48.1933733, 41.2358219], [48.1933611, 41.2356562], [48.1940833, 41.2355089], [48.1947932, 41.2352144], [48.1956256, 41.2350119], [48.1967273, 41.2346344], [48.1977432, 41.2345056], [48.1987347, 41.2344135], [48.1997262, 41.2345976], [48.2010359, 41.2341742], [48.2017949, 41.233898], [48.203178, 41.2334654], [48.2039002, 41.23376], [48.2042797, 41.2336035], [48.2055405, 41.2336311], [48.2067278, 41.2332537], [48.208062, 41.233088], [48.2094942, 41.2329223], [48.2105224, 41.2320478], [48.2112446, 41.2313942], [48.2117954, 41.2313389], [48.2124809, 41.2308786], [48.2135581, 41.2305933], [48.2134969, 41.2300317], [48.2141701, 41.2297371], [48.2150514, 41.228927], [48.2166549, 41.2281261], [48.217267, 41.2272791], [48.217769, 41.2267595], [48.2179366, 41.2265073], [48.2177941, 41.226274], [48.2175426, 41.2259147], [48.2176265, 41.2258012], [48.2178947, 41.2256814], [48.2178947, 41.2255806], [48.2181545, 41.2255806], [48.2182719, 41.2253599], [48.2185569, 41.2251204], [48.2187832, 41.224906], [48.2189089, 41.2247799], [48.2189776, 41.2246736], [48.21904, 41.2245674], [48.219105, 41.2244439], [48.2191734, 41.2243049], [48.2193513, 41.2241505], [48.2194574, 41.2240733], [48.2195533, 41.2240557], [48.2195976, 41.2240476], [48.2197139, 41.2239524], [48.2198474, 41.2239189], [48.219885, 41.2238314], [48.2198303, 41.2236668], [48.2198884, 41.2235458], [48.2200869, 41.2233194], [48.2202032, 41.2232087], [48.2203503, 41.2230517], [48.2204735, 41.2229591], [48.2207129, 41.2229025], [48.2208224, 41.2225937], [48.2209935, 41.2224856], [48.2211269, 41.2223467], [48.2211543, 41.2221176], [48.2211748, 41.2219375], [48.2213219, 41.2217008], [48.2212877, 41.2215489], [48.2213732, 41.2214434], [48.2214519, 41.221199], [48.2214416, 41.2207872], [48.2213322, 41.2205634], [48.2210448, 41.2202803], [48.2209079, 41.220095], [48.2209558, 41.2197244], [48.2209729, 41.2194208], [48.2209011, 41.2192098], [48.2210482, 41.2190862], [48.2212466, 41.2188726], [48.2214314, 41.2188546], [48.2214998, 41.2187079], [48.2212672, 41.2183605], [48.2213116, 41.2179797], [48.2213322, 41.2178304], [48.2212261, 41.2176966], [48.2214143, 41.2174804], [48.2217598, 41.217272], [48.2219138, 41.2170275], [48.2219035, 41.2168859], [48.222078, 41.2168267], [48.2222696, 41.2166337], [48.2223791, 41.2165437], [48.2226014, 41.2164716], [48.2226699, 41.2163301], [48.2226117, 41.2161602], [48.2229504, 41.2159723], [48.2233507, 41.2158179], [48.2233233, 41.2155631], [48.2231454, 41.2152955], [48.2234191, 41.2148503], [48.2233644, 41.2147293], [48.2236415, 41.2144462], [48.2237544, 41.2141425], [48.2240623, 41.21388], [48.2244865, 41.2136896], [48.2253135, 41.2129997], [48.2252214, 41.2125643], [48.2235771, 41.2120596], [48.2226825, 41.2115845], [48.2217761, 41.2107114]]}}, {"type": "Feature", "properties": {"osm_id": 761317820, "osm_type": "way", "intermittent": "yes", "waterway": "stream"}, "geometry": {"type": "LineString", "coordinates": [[48.2120157, 41.2186701], [48.21157, 41.2176803], [48.2113577, 41.2172652], [48.2111455, 41.2166426], [48.2111455, 41.2162275], [48.2105936, 41.2156846], [48.2103814, 41.2149662], [48.2101055, 41.2144233], [48.2092141, 41.2138007], [48.2084924, 41.2132099], [48.2083439, 41.2124595], [48.2076946, 41.2118952], [48.2075658, 41.2116261], [48.2072653, 41.211357], [48.2069934, 41.2113247], [48.2065785, 41.2110663], [48.2064251, 41.2107893], [48.2062209, 41.2106628], [48.2059086, 41.2103737], [48.2059086, 41.2102134], [48.2059086, 41.2100755], [48.2056924, 41.2097683], [48.2051999, 41.2093978], [48.2050678, 41.208955], [48.2050198, 41.2084038], [48.2052119, 41.2080334], [48.2055242, 41.2079249], [48.2056083, 41.2076538], [48.2057044, 41.2073827], [48.2057044, 41.2072653], [48.2062089, 41.2070032], [48.2067374, 41.2069671], [48.2072418, 41.2067412], [48.2077703, 41.2066779], [48.2082628, 41.206443], [48.2086111, 41.206461], [48.2092597, 41.2060905], [48.2097882, 41.2058104], [48.2104128, 41.2056929], [48.210689, 41.2054851], [48.2110734, 41.2052682], [48.2114217, 41.2050513], [48.2117226, 41.2050874]]}}, {"type": "Feature", "properties": {"osm_id": 761317823, "osm_type": "way", "intermittent": "yes", "waterway": "stream"}, "geometry": {"type": "LineString", "coordinates": [[48.1994259, 41.2057502], [48.2000664, 41.2054123], [48.2002244, 41.2049867], [48.2006237, 41.2046738], [48.2010063, 41.2045862], [48.2016884, 41.2047364], [48.2023123, 41.2050431], [48.2030193, 41.2052308], [48.2033021, 41.2052496], [48.2037263, 41.2055562], [48.2039675, 41.205769], [48.204267, 41.2058253], [48.2044408, 41.2059616], [48.2046662, 41.2061382], [48.2047744, 41.2062696], [48.2050489, 41.2064636], [48.20534, 41.2066702], [48.2055979, 41.2066764], [48.2059805, 41.2068579], [48.2062089, 41.2070032]]}}, {"type": "Feature", "properties": {"osm_id": 767476020, "osm_type": "way", "intermittent": "no", "name": "Курун КАМ", "waterway": "river", "width": "2"}, "geometry": {"type": "LineString", "coordinates": [[47.845787, 41.4199929], [47.845779, 41.4200898], [47.8457093, 41.4201823], [47.845737, 41.4202978], [47.8456692, 41.4204157], [47.845583, 41.4204873], [47.8456384, 41.4206097], [47.8454998, 41.420746], [47.8454228, 41.4208893], [47.8454012, 41.4210718], [47.8454074, 41.421192], [47.8453611, 41.4213722], [47.8453427, 41.4215431], [47.8453427, 41.4217095], [47.8453057, 41.4219544], [47.8452379, 41.4221022], [47.8451362, 41.4222339], [47.8450376, 41.4223356], [47.8451424, 41.4225782], [47.8452841, 41.4228254], [47.8452502, 41.4230217], [47.8451917, 41.4231373], [47.8451547, 41.4232274], [47.8450068, 41.4232967], [47.8450068, 41.4233683], [47.8451208, 41.4234723], [47.8452564, 41.4235693], [47.845281, 41.4237241], [47.8453889, 41.4238766], [47.845509, 41.4240498], [47.8455121, 41.4243086], [47.8454659, 41.4245096], [47.8454135, 41.4247498], [47.8451609, 41.4249162], [47.844862, 41.4251125], [47.8447326, 41.4253274], [47.844366, 41.4257178], [47.8440825, 41.4260436], [47.843759, 41.4262584], [47.843571, 41.4266234], [47.8433215, 41.4269029], [47.8429918, 41.4271594], [47.8426745, 41.427425], [47.8423756, 41.427797], [47.8423109, 41.4280673], [47.8424619, 41.428423], [47.8425173, 41.4286402], [47.8424064, 41.4288666], [47.8422431, 41.4290421], [47.8422554, 41.4292339], [47.8423571, 41.4294464], [47.8418549, 41.429749], [47.8413496, 41.4299061], [47.840986, 41.4300516], [47.840527, 41.430084], [47.840225, 41.4301256], [47.8398337, 41.4304467], [47.8394578, 41.4304721], [47.8392114, 41.4305183], [47.8389649, 41.4311443], [47.8388077, 41.4312298], [47.8382008, 41.4311512], [47.8380529, 41.4311974], [47.8378495, 41.4312159], [47.8376739, 41.4314931], [47.8374059, 41.4314099], [47.8372179, 41.4313222], [47.8371132, 41.431306], [47.8370608, 41.4314169], [47.8371163, 41.4316502], [47.8370238, 41.431835], [47.8367496, 41.4319505], [47.8365062, 41.4320521], [47.8362443, 41.4320937], [47.836081, 41.4322184], [47.8357883, 41.4325234], [47.8359547, 41.4326989], [47.8358684, 41.4327959], [47.8355542, 41.4328537], [47.8352368, 41.4331932], [47.834978, 41.433482], [47.8348948, 41.4336414], [47.834941, 41.4347247], [47.8347254, 41.4350181], [47.8347747, 41.4351751], [47.8351598, 41.435383], [47.8357883, 41.4356186], [47.8366849, 41.4358843], [47.8369622, 41.4358797], [47.8371871, 41.4357457], [47.8373658, 41.4358173], [47.8375322, 41.4357803], [47.838019, 41.4358427], [47.8381307, 41.4358641]]}}, {"type": "Feature", "properties": {"osm_id": 768312015, "osm_type": "way", "intermittent": "yes", "waterway": "stream"}, "geometry": {"type": "LineString", "coordinates": [[47.8479052, 41.3874708], [47.8482431, 41.387817], [47.8483236, 41.3883482], [47.8497505, 41.3895475], [47.8502601, 41.3897447], [47.8508878, 41.3897488], [47.8518802, 41.3891974], [47.8527224, 41.3891974], [47.8530711, 41.3890726], [47.8533994, 41.3891129], [47.8535925, 41.3893302], [47.8537535, 41.3896176], [47.8537996, 41.3900788], [47.8537639, 41.3903696], [47.8538069, 41.390517]]}}, {"type": "Feature", "properties": {"osm_id": 768312016, "osm_type": "way", "waterway": "stream"}, "geometry": {"type": "LineString", "coordinates": [[47.8415549, 41.3570972], [47.8415549, 41.3572444], [47.8415643, 41.3577562], [47.8416857, 41.3580015], [47.8418631, 41.3582539], [47.8416763, 41.3585203], [47.8413775, 41.3586956], [47.8411907, 41.3589409], [47.8413494, 41.3591933], [47.841695, 41.3594527], [47.8425169, 41.3600766], [47.8426851, 41.360336], [47.8427504, 41.3604692], [47.8429466, 41.3607776], [47.8429933, 41.3609108], [47.8431707, 41.3612824], [47.8433762, 41.3614927], [47.8436844, 41.3616189], [47.8438152, 41.3618152], [47.8437498, 41.3621096], [47.8437965, 41.3626844], [47.8439366, 41.3629788], [47.8444316, 41.3635957], [47.845118, 41.3637721], [47.8452909, 41.3639112], [47.845842, 41.3641565], [47.8460568, 41.3643808], [47.8461035, 41.3645981], [47.8464211, 41.3653061], [47.8465051, 41.3654463], [47.8465892, 41.3656426], [47.8467199, 41.3658809], [47.8469741, 41.3661958], [47.8470935, 41.3665048], [47.8470935, 41.366659], [47.8472523, 41.3668342], [47.8473457, 41.3669744], [47.8475045, 41.3670796], [47.8475138, 41.3671847], [47.8475699, 41.367367], [47.8476913, 41.3674791], [47.847766, 41.3676053], [47.8478594, 41.3677174], [47.8480182, 41.3677735], [47.8480836, 41.3678646], [47.848261, 41.3679487], [47.8483544, 41.3680679], [47.8485132, 41.368166], [47.8487094, 41.3682992], [47.8486907, 41.3684815], [47.8487747, 41.3687899], [47.8490082, 41.3693016], [47.8489148, 41.369631], [47.8489148, 41.3697432], [47.8489429, 41.3698763], [47.8490363, 41.3700165], [47.849111, 41.3701917], [47.849167, 41.3703109], [47.8492698, 41.3705632], [47.8494285, 41.3707104], [47.8495406, 41.3708646], [47.8496807, 41.3710188], [47.8497741, 41.371145], [47.8499796, 41.3712852], [47.8501197, 41.3714744], [47.8502785, 41.3716076], [47.8502785, 41.3716637], [47.8502785, 41.3718319], [47.8503345, 41.3721403], [47.85054, 41.3722384], [47.8507081, 41.3723295], [47.8510257, 41.3724907], [47.8511751, 41.3725748], [47.8513059, 41.3725819], [47.8514366, 41.3726519], [47.8514647, 41.3727431], [47.8516234, 41.3728061], [47.8517635, 41.3729393], [47.8519223, 41.3731075], [47.8521652, 41.3732687], [47.8522866, 41.3733318], [47.8525107, 41.3733598], [47.8529964, 41.3732898], [47.8531926, 41.3733458], [47.8533887, 41.3734019], [47.8535288, 41.3735421], [47.8537063, 41.3736052], [47.853781, 41.3736752], [47.8539771, 41.3738224], [47.8540985, 41.3739206], [47.8541639, 41.3740607], [47.8542573, 41.374243], [47.8543881, 41.3743131], [47.8544628, 41.3743831], [47.8545936, 41.3743972], [47.8545842, 41.3745233], [47.8548271, 41.3745724], [47.8548924, 41.3746565], [47.8549391, 41.3747055], [47.8550045, 41.3747896], [47.8550979, 41.3747896], [47.8552993, 41.3748928], [47.8554549, 41.3748767], [47.8557016, 41.3749331], [47.8559001, 41.3750417], [47.8560503, 41.3751665], [47.8560288, 41.3752752], [47.8559162, 41.3754845], [47.8560449, 41.3756536], [47.8561576, 41.3756536], [47.8562273, 41.3757583], [47.85634, 41.3757663], [47.8565814, 41.3759676], [47.856812, 41.3761407], [47.8569086, 41.3762574], [47.8571715, 41.3763138], [47.8573056, 41.3765472], [47.8577562, 41.3769256], [47.8581639, 41.3772356], [47.8585233, 41.3777267], [47.8587379, 41.3777911], [47.8588398, 41.3779601], [47.8589364, 41.3780889], [47.8590115, 41.3782057], [47.8590276, 41.3782499], [47.8591402, 41.3783747], [47.859108, 41.3785438], [47.8590061, 41.3787652], [47.8589417, 41.3788256], [47.8589954, 41.3789705], [47.8589793, 41.3790952], [47.8589632, 41.3792321], [47.8590383, 41.379369], [47.8589982, 41.3794793], [47.8589095, 41.3797232], [47.8588827, 41.3797997], [47.8589042, 41.3798641], [47.8587862, 41.3799365], [47.8587164, 41.380013], [47.8587164, 41.3800895], [47.8589203, 41.3800814], [47.8589095, 41.3802022], [47.8588666, 41.3802947], [47.8587486, 41.3803994], [47.8585233, 41.3804598], [47.8586199, 41.3806007], [47.8586842, 41.3807174], [47.8585448, 41.3809388], [47.858416, 41.3810313], [47.8583139, 41.381049], [47.8579976, 41.3811038], [47.8578206, 41.381297], [47.8577401, 41.381466], [47.8578796, 41.3815466], [47.8577079, 41.3816633], [47.8576274, 41.3817277], [47.8573539, 41.3817478], [47.857327, 41.3818806], [47.8573592, 41.3819652], [47.8572948, 41.3820779], [47.8571768, 41.3821382], [47.8569462, 41.3820899], [47.8568979, 41.3821946], [47.8568496, 41.3822711], [47.8568657, 41.3823596], [47.8567638, 41.382424], [47.856753, 41.3824804], [47.8566565, 41.3825206], [47.8566189, 41.3825931], [47.8565546, 41.3826373], [47.8564795, 41.3828104], [47.85612, 41.382911], [47.8560342, 41.3830841], [47.8559645, 41.3831928], [47.8558518, 41.3832612], [47.8558733, 41.3833135], [47.8558679, 41.3834423], [47.8558465, 41.3835188], [47.855707, 41.3836114], [47.8555782, 41.3836878], [47.8555782, 41.3837925], [47.8554817, 41.383869], [47.8553154, 41.3838971], [47.8552242, 41.3839615], [47.8552617, 41.3840581], [47.855251, 41.384195], [47.8552671, 41.3843318], [47.8551705, 41.3844284], [47.855192, 41.384521], [47.8551223, 41.3846055], [47.8550203, 41.384682], [47.8549291, 41.3847746], [47.8550042, 41.3848993], [47.8551115, 41.3850161], [47.8550686, 41.3851448], [47.8549549, 41.3853356], [47.8548884, 41.3856512], [47.8547821, 41.3856962], [47.8546521, 41.3858605], [47.8547017, 41.3859401], [47.8545108, 41.386081], [47.854515, 41.3861663], [47.8544174, 41.386234], [47.8544077, 41.3863378], [47.8542961, 41.3864159], [47.8542951, 41.3865181], [47.8541931, 41.3866766], [47.854117, 41.386696], [47.8541545, 41.3867878], [47.8541653, 41.3868763], [47.8540054, 41.3871073], [47.8540064, 41.3871814], [47.8539528, 41.387274], [47.8539324, 41.3874704], [47.8538949, 41.3877867], [47.854001, 41.3879365], [47.8539496, 41.3880451], [47.8539357, 41.3882222], [47.8540848, 41.388371], [47.8540537, 41.3884846], [47.8539164, 41.3886053], [47.8538895, 41.3886914], [47.854015, 41.3888927], [47.8540183, 41.3890294], [47.8540547, 41.3892098], [47.8541631, 41.3892564], [47.8542554, 41.3892886], [47.8540837, 41.3894022], [47.8540976, 41.3895036], [47.8542092, 41.3896107], [47.8541964, 41.3896718], [47.8540729, 41.3897837], [47.8541127, 41.389832], [47.854102, 41.389993], [47.8539067, 41.3901338], [47.8539346, 41.3903906], [47.8538069, 41.390517], [47.8537672, 41.3905717], [47.8536857, 41.3907319], [47.853721, 41.3908736], [47.8537329, 41.3910209], [47.853749, 41.3911375], [47.8537114, 41.3912019], [47.853749, 41.3913871], [47.8536631, 41.3914836], [47.8536685, 41.3915762], [47.8535719, 41.3916527], [47.8534593, 41.3917251], [47.8532608, 41.3917734], [47.8531535, 41.391866], [47.8531213, 41.3919988], [47.8531106, 41.3921034], [47.8530462, 41.3922241], [47.8531321, 41.3922885], [47.8530999, 41.3924897], [47.853116, 41.3926145], [47.8530677, 41.3927151], [47.8529658, 41.3928157], [47.8528799, 41.3929405], [47.8525634, 41.3931336], [47.8524293, 41.3932463], [47.852322, 41.3933308], [47.8521987, 41.3934435], [47.8522469, 41.3937453], [47.8522308, 41.3938419], [47.8521289, 41.39385], [47.8520914, 41.3939425], [47.8520806, 41.3941478], [47.8519036, 41.3942926], [47.8517051, 41.3943771], [47.8515871, 41.3944415], [47.8514745, 41.3944415], [47.8514315, 41.394518], [47.8514315, 41.3945945], [47.8513135, 41.3947715], [47.8511901, 41.3949124], [47.8510507, 41.3950251], [47.8508361, 41.3950532], [47.850702, 41.395182], [47.8506108, 41.3952705], [47.8503855, 41.3952625], [47.8502192, 41.395343], [47.850128, 41.3954234], [47.8499188, 41.3954355], [47.8497686, 41.3954597], [47.8496452, 41.3956408], [47.8496398, 41.3957575], [47.8494843, 41.395854], [47.8493555, 41.3959788], [47.8492965, 41.3960915], [47.8489156, 41.3962846], [47.848744, 41.3963812], [47.8486903, 41.39651], [47.8486152, 41.3966307], [47.848524, 41.3967152], [47.848465, 41.3967957], [47.8483255, 41.3968842], [47.8481378, 41.3970371], [47.8481646, 41.3971176], [47.8481002, 41.3972263], [47.848009, 41.397351], [47.8479393, 41.3974677], [47.8478481, 41.3976005], [47.847714, 41.3977011], [47.8475531, 41.3977413], [47.847419, 41.3977413], [47.8473385, 41.3977977], [47.8472097, 41.3977977], [47.8470488, 41.3978741], [47.8468664, 41.3979627], [47.8467484, 41.3979707], [47.8465714, 41.398011], [47.8466197, 41.3981196], [47.8465714, 41.398192], [47.8463783, 41.3982564], [47.8463353, 41.3983168], [47.8463568, 41.3984657], [47.8463568, 41.3985622], [47.846389, 41.3986709], [47.8463246, 41.3987473], [47.8462763, 41.39886], [47.8462978, 41.3990451], [47.8462763, 41.3990854], [47.8461476, 41.3991216], [47.8460725, 41.3991095], [47.8459608, 41.399201], [47.845881, 41.3993489], [47.8459473, 41.3994653], [47.8457681, 41.3996483], [47.8456714, 41.3998513], [47.8459357, 41.3999959], [47.8460152, 41.400104], [47.845924, 41.4002218], [47.8459669, 41.4003682], [47.8459069, 41.4004946], [47.8458592, 41.4005896], [47.8455593, 41.4006902], [47.845493, 41.4008439], [47.8455794, 41.4009725], [47.8457083, 41.4010532], [47.8457292, 41.4011552], [47.8458209, 41.401305], [47.8456857, 41.4013656], [47.8455734, 41.4014649], [47.845547, 41.401573], [47.8454306, 41.4016566], [47.8453391, 41.4016644], [47.84523, 41.4016723], [47.8451988, 41.4017279], [47.8452649, 41.4018602], [47.8451564, 41.4018805], [47.8450244, 41.4020061], [47.8449585, 41.4022148], [47.8449047, 41.4025048], [47.8447369, 41.4026282], [47.8445287, 41.4026414], [47.8444805, 41.4027687], [47.8443308, 41.4028454], [47.8443308, 41.4029339], [47.8442986, 41.4030547], [47.8442986, 41.4031834], [47.8442772, 41.4033444], [47.8441913, 41.4034168], [47.844084, 41.403457], [47.8440411, 41.4035616], [47.8439875, 41.4036824], [47.843966, 41.4038272], [47.8440411, 41.4039077], [47.844127, 41.4039881], [47.844127, 41.4041169], [47.8440948, 41.4042215], [47.8440304, 41.4043342], [47.8440304, 41.4044227], [47.8440733, 41.40464], [47.844084, 41.4048331], [47.8440197, 41.4049941], [47.8437836, 41.4052516], [47.8436978, 41.4053803], [47.8436549, 41.4054849], [47.8437407, 41.4055332], [47.84373, 41.4057183], [47.8436763, 41.406016], [47.8436012, 41.4061448], [47.8434296, 41.4062735], [47.8432901, 41.4065311], [47.842861, 41.4067], [47.8428395, 41.4068529], [47.8427644, 41.4070622], [47.8426356, 41.4073358], [47.8424211, 41.4076254], [47.8424854, 41.4079956], [47.842346, 41.4080841], [47.8419812, 41.4083577], [47.8418417, 41.4085589], [47.8417022, 41.4088405], [47.8414633, 41.4090856]]}}, {"type": "Feature", "properties": {"osm_id": 769625708, "osm_type": "way", "waterway": "stream"}, "geometry": {"type": "LineString", "coordinates": [[47.9438009, 41.3577462], [47.9433129, 41.3577814], [47.942825, 41.3578729], [47.9426091, 41.3580772], [47.9421493, 41.358211], [47.9413142, 41.3585139], [47.940723, 41.3589013], [47.9400907, 41.3593488], [47.9397377, 41.3595986], [47.9392873, 41.3598803], [47.9385554, 41.3603733], [47.9384709, 41.360655], [47.9382363, 41.3608734], [47.9376827, 41.3609438], [47.9373636, 41.3608734], [47.9360781, 41.3613875], [47.9353086, 41.3617326], [47.9344265, 41.3621059], [47.9339104, 41.362282], [47.9333286, 41.3625707], [47.9327093, 41.3627961], [47.9322776, 41.3628524], [47.9319023, 41.3628736], [47.9311516, 41.3629933], [47.9303727, 41.3630426], [47.9296596, 41.3630496], [47.9292749, 41.3630567], [47.9287212, 41.3630778], [47.9282802, 41.363275], [47.928008, 41.36343], [47.9276702, 41.3635497], [47.9272104, 41.3635708], [47.9270134, 41.363761], [47.9266943, 41.3639863], [47.9263096, 41.3641835], [47.9259812, 41.364261], [47.9254744, 41.3644723], [47.924949, 41.3646061], [47.9245079, 41.3647892], [47.9241983, 41.3650216], [47.9239355, 41.3651625], [47.923166, 41.3651765], [47.9227532, 41.3651906], [47.9223497, 41.365254], [47.9216928, 41.3652611], [47.9214301, 41.3652611], [47.9211861, 41.3653033], [47.9207357, 41.3652822], [47.9202102, 41.3651765], [47.9198724, 41.3651625], [47.9196941, 41.3652188], [47.9192249, 41.365254], [47.9185493, 41.3652188], [47.9182396, 41.3650709], [47.9179487, 41.3650075], [47.917564, 41.3649653], [47.9172168, 41.3649723], [47.9169822, 41.3650005], [47.9167288, 41.3650568], [47.9166162, 41.3649653], [47.9164661, 41.3648526], [47.9162127, 41.3647962], [47.9157811, 41.3646413], [47.9154151, 41.3645357], [47.9149459, 41.3643666], [47.9145143, 41.3641835], [47.9141483, 41.3640849], [47.9136603, 41.3640145], [47.913407, 41.3638736], [47.9131536, 41.3638666], [47.9129284, 41.3638807], [47.9127783, 41.3638807], [47.9125906, 41.3637682], [47.912356, 41.3636483], [47.9120088, 41.3635074], [47.9118024, 41.3634722], [47.9115021, 41.3634863], [47.911183, 41.363444], [47.9108734, 41.3633969], [47.9105449, 41.3633807], [47.9101884, 41.3633877], [47.9098989, 41.3633524], [47.9093626, 41.3634314], [47.9090342, 41.3633666], [47.908565, 41.3632539], [47.9081052, 41.3631553], [47.9075046, 41.362951], [47.9072137, 41.3628806], [47.90695, 41.3627324], [47.9068852, 41.3627172], [47.9068293, 41.3627038], [47.9064874, 41.3626187], [47.9059526, 41.3626398], [47.9055772, 41.362823], [47.9050799, 41.3630765], [47.9045825, 41.3632357], [47.9042068, 41.3632939], [47.9037125, 41.363438], [47.9032796, 41.3635453], [47.903153, 41.3636342], [47.9029978, 41.3638549], [47.9027445, 41.3641063], [47.9026763, 41.3641742], [47.9024709, 41.3642105], [47.9022393, 41.36425], [47.9020525, 41.3643411], [47.9018143, 41.3644322], [47.9016509, 41.3644042], [47.9014361, 41.3644007], [47.9012259, 41.3644007], [47.9009411, 41.3646635], [47.9008336, 41.3652278], [47.9007729, 41.3655994], [47.9007262, 41.3658202], [47.9005301, 41.3659849], [47.9002406, 41.3661917], [47.8998623, 41.3663354], [47.8997175, 41.3663879], [47.8994373, 41.3665422], [47.8992505, 41.3666718], [47.8991198, 41.366819], [47.8988264, 41.3674178], [47.8987135, 41.3675901], [47.8986014, 41.3676146], [47.8984006, 41.3676251], [47.8982371, 41.3676462], [47.8979943, 41.3677583], [47.8975366, 41.3680457], [47.8973311, 41.3683261], [47.8970696, 41.3685434], [47.896724, 41.3686941], [47.8964158, 41.3687887], [47.8960656, 41.3688798], [47.8958041, 41.3689955], [47.8955239, 41.3691252], [47.8954258, 41.3692128], [47.8952203, 41.3692618], [47.8950755, 41.3693074], [47.8949821, 41.369367]]}}, {"type": "Feature", "properties": {"osm_id": 769629989, "osm_type": "way", "waterway": "stream"}, "geometry": {"type": "LineString", "coordinates": [[47.924193, 41.3582492], [47.9241696, 41.3581966], [47.9240249, 41.3580284], [47.9238054, 41.3577515], [47.9235952, 41.3575762], [47.9233757, 41.357457], [47.9231796, 41.3573343], [47.9228013, 41.3572923], [47.9224931, 41.3573063], [47.9221755, 41.3573449], [47.921914, 41.3573834], [47.9214937, 41.3574255], [47.9212415, 41.357415], [47.9208399, 41.3574956], [47.9206298, 41.3574921], [47.9199666, 41.3576463], [47.9196304, 41.3576919], [47.919154, 41.3578076], [47.9189252, 41.3578987], [47.9187244, 41.3579758], [47.9184909, 41.3579618], [47.9181687, 41.3579618], [47.9174728, 41.3579793], [47.9170105, 41.3580389], [47.9166369, 41.35813], [47.9163754, 41.3581511], [47.9161652, 41.3581511], [47.9158243, 41.358116], [47.9155987, 41.3580578], [47.9154928, 41.3580494], [47.9153527, 41.3580319], [47.9152546, 41.3580179], [47.9151612, 41.3580529], [47.9150911, 41.358088], [47.9149417, 41.3581441], [47.914881, 41.3582002], [47.9148576, 41.3582387], [47.9148343, 41.3582913], [47.9147596, 41.3582983], [47.9146522, 41.3583018], [47.9145774, 41.3583544], [47.914484, 41.3583649], [47.9143906, 41.3583649], [47.9143439, 41.3583439], [47.9142646, 41.3582878], [47.9141758, 41.3583018], [47.9140731, 41.3582948], [47.9139984, 41.3582562], [47.9138816, 41.3582317], [47.9137415, 41.3582212], [47.9134893, 41.358109], [47.9133165, 41.3580424], [47.9130644, 41.3579898], [47.9128916, 41.3578636], [47.9127281, 41.3577935], [47.9125834, 41.3578076], [47.9122378, 41.3578917], [47.9118922, 41.3579933], [47.9115373, 41.3581476], [47.9112991, 41.3583123], [47.911131, 41.358414], [47.9110189, 41.3585051], [47.9109302, 41.3586033], [47.9109208, 41.358782], [47.9109022, 41.3589398], [47.9107574, 41.3591115], [47.9106079, 41.3592202], [47.9105286, 41.3593534], [47.9104772, 41.3594901], [47.9104025, 41.3596303], [47.9102764, 41.359774], [47.9100896, 41.3599352], [47.9099962, 41.3600404], [47.9099168, 41.3601806], [47.9098607, 41.3602963], [47.9097347, 41.36044], [47.9095759, 41.3605767], [47.9093657, 41.3606994], [47.9091789, 41.3608045], [47.9089127, 41.3609027], [47.9087026, 41.3609798], [47.9084831, 41.3610183], [47.9083243, 41.3610429], [47.9081702, 41.3611095], [47.9080441, 41.3611305], [47.9078433, 41.3612111], [47.9076285, 41.3613057], [47.907395, 41.3614249], [47.9073296, 41.3614915], [47.9072362, 41.3615686], [47.9072175, 41.3617053], [47.9071662, 41.361828], [47.9071068, 41.3619023], [47.9070681, 41.3619507], [47.9070401, 41.3620663], [47.906998, 41.3622171], [47.9069654, 41.3623187], [47.9069467, 41.3624309], [47.906928, 41.3626342], [47.9068852, 41.3627172]]}}, {"type": "Feature", "properties": {"osm_id": 769875321, "osm_type": "way", "name": "Тамун кам", "waterway": "stream"}, "geometry": {"type": "LineString", "coordinates": [[47.9333746, 41.3421066], [47.9332244, 41.3423643], [47.9325914, 41.3426624], [47.9322159, 41.3428879], [47.932291, 41.3436209], [47.9322159, 41.3439109], [47.9320549, 41.3441284], [47.9317116, 41.3441686], [47.9311859, 41.3442653], [47.9306602, 41.3443942], [47.9295658, 41.3444667], [47.9290509, 41.3444828], [47.9283749, 41.3446277], [47.9280531, 41.3446519], [47.9275488, 41.3447727], [47.9270446, 41.3449499], [47.9264974, 41.3451352], [47.9261004, 41.3451513], [47.9254567, 41.3452641], [47.9248344, 41.3455299], [47.9244804, 41.3457232], [47.9240405, 41.3463112], [47.9236864, 41.3465367], [47.9231822, 41.3467219], [47.9227208, 41.3466978], [47.9219698, 41.3467783], [47.9213154, 41.3469797], [47.9207682, 41.3472696], [47.9206073, 41.3475113], [47.9202854, 41.347777], [47.9197811, 41.3479784], [47.9191803, 41.3479704], [47.9185902, 41.3480509], [47.9180431, 41.3481314], [47.9176676, 41.3484939], [47.9171955, 41.3489691], [47.9170989, 41.3491785], [47.9170775, 41.349404], [47.9165732, 41.3497745], [47.9159402, 41.350306], [47.9156398, 41.3504349], [47.9155433, 41.3506604], [47.9152858, 41.350894], [47.9151999, 41.3510067], [47.9147708, 41.3511195], [47.9144811, 41.3513128], [47.9141378, 41.3515544], [47.913773, 41.351796], [47.9135584, 41.3519974], [47.913376, 41.3522148], [47.9131293, 41.3524403], [47.9127645, 41.3528752], [47.9124963, 41.3531007], [47.9121422, 41.3531732], [47.9119813, 41.3533504], [47.9116487, 41.3536161], [47.9112732, 41.3539463], [47.9108655, 41.3541799], [47.9104471, 41.3543651], [47.9097068, 41.3548644], [47.9097175, 41.3549852], [47.909696, 41.3553154], [47.909578, 41.3554604], [47.9093742, 41.3556456], [47.9091274, 41.3560563], [47.908945, 41.3561771], [47.9085695, 41.3563785], [47.908194, 41.3567247], [47.9074644, 41.3572643], [47.9071104, 41.357675], [47.9066598, 41.3579891], [47.9062199, 41.3582307], [47.9057156, 41.358432], [47.9054474, 41.3584562], [47.9051899, 41.3584239], [47.9049324, 41.3585528], [47.9048573, 41.3587138], [47.9045462, 41.3589876], [47.9043531, 41.3590521], [47.9038166, 41.3591165], [47.9033231, 41.3591326], [47.902894, 41.3591568], [47.9024648, 41.3591648], [47.9021322, 41.3590682], [47.9017031, 41.3590199], [47.9013919, 41.358883], [47.9011022, 41.358883], [47.9008984, 41.358883], [47.9006302, 41.3588588], [47.9005014, 41.35873], [47.9001796, 41.3587702], [47.8997182, 41.3589313], [47.8993427, 41.3590279], [47.8989672, 41.3593903], [47.8985059, 41.3595594], [47.8984415, 41.359809], [47.8981518, 41.359954], [47.8978729, 41.3601231], [47.89744, 41.3604096]]}}, {"type": "Feature", "properties": {"osm_id": 785577390, "osm_type": "way", "waterway": "stream"}, "geometry": {"type": "LineString", "coordinates": [[48.1289631, 41.5114435], [48.129403, 41.510622], [48.1298482, 41.5094711], [48.1300575, 41.509218], [48.1303149, 41.5090393], [48.1306153, 41.5083001], [48.1307816, 41.5083061], [48.1309748, 41.5081615], [48.1312296, 41.5081093], [48.1315675, 41.5080611], [48.1352927, 41.5061747]]}}, {"type": "Feature", "properties": {"osm_id": 785577391, "osm_type": "way", "layer": "-1", "tunnel": "culvert", "waterway": "stream"}, "geometry": {"type": "LineString", "coordinates": [[48.1289095, 41.5115459], [48.1289631, 41.5114435]]}}, {"type": "Feature", "properties": {"osm_id": 787673252, "osm_type": "way", "waterway": "river"}, "geometry": {"type": "LineString", "coordinates": [[48.2308817, 41.4664314], [48.2308817, 41.4653863], [48.2304525, 41.4635371], [48.230474, 41.4627331], [48.2297015, 41.4606266], [48.2295513, 41.4598547], [48.2295728, 41.4575069], [48.2288217, 41.4554484], [48.2286447, 41.4544393], [48.2285857, 41.4539648], [48.2282853, 41.452441], [48.2287144, 41.4509453], [48.2297444, 41.448372], [48.2298946, 41.4468601], [48.2302594, 41.4459272], [48.2304311, 41.4449461], [48.2300663, 41.4438202]]}}, {"type": "Feature", "properties": {"osm_id": 788023559, "osm_type": "way", "waterway": "river"}, "geometry": {"type": "LineString", "coordinates": [[48.1028062, 41.4976047], [48.1016635, 41.4918316], [48.1015777, 41.490835], [48.101685, 41.4893723], [48.1023931, 41.4877811], [48.1032514, 41.4854985], [48.1028223, 41.4825086], [48.1003761, 41.4793578], [48.0991744, 41.4763033], [48.0984019, 41.4733452], [48.0952262, 41.47103], [48.0949687, 41.4691006], [48.0955695, 41.4647914], [48.0940675, 41.4609], [48.0933272, 41.4566144], [48.0923831, 41.455167], [48.0918467, 41.4548132], [48.0903983, 41.4546604], [48.0868148, 41.4530844], [48.0849266, 41.4516691], [48.0823946, 41.4460398], [48.0793476, 41.4434985], [48.0779099, 41.4421071], [48.0776846, 41.4412224], [48.0768156, 41.4401849], [48.0766868, 41.4386085], [48.0757212, 41.4374985], [48.0741119, 41.4367586], [48.0733824, 41.4360508], [48.0736613, 41.4346673], [48.0755925, 41.4342812], [48.0764293, 41.4332194], [48.0772447, 41.4316911]]}}, {"type": "Feature", "properties": {"osm_id": 789023798, "osm_type": "way", "waterway": "river"}, "geometry": {"type": "LineString", "coordinates": [[48.4175205, 41.283934], [48.4201812, 41.2851272], [48.4230136, 41.2855787], [48.4243011, 41.2859012], [48.4257602, 41.2859334], [48.4269619, 41.2857399], [48.4291076, 41.2857077], [48.4312105, 41.2857399], [48.4327983, 41.2859012], [48.4339571, 41.2863204], [48.4349656, 41.2866106], [48.4372186, 41.2869331], [48.4395575, 41.2868041], [48.440845, 41.2869008], [48.4423685, 41.2872717], [48.4451151, 41.2873362], [48.44666, 41.2874652], [48.4471321, 41.2876909], [48.4482908, 41.2873684], [48.4500503, 41.2867718], [48.4504795, 41.2862881], [48.4510803, 41.2858528], [48.4518528, 41.2853368], [48.4531832, 41.284966], [48.4540629, 41.284579], [48.4544706, 41.2840791], [48.4548783, 41.2837083], [48.456037, 41.283547], [48.4570884, 41.2830311], [48.4578395, 41.2826441], [48.4593415, 41.2822571], [48.4600496, 41.2821684], [48.460865, 41.2816766], [48.4625816, 41.2808703], [48.4639764, 41.2801769], [48.4650128, 41.2792209]]}}, {"type": "Feature", "properties": {"osm_id": 793326443, "osm_type": "way", "waterway": "river"}, "geometry": {"type": "LineString", "coordinates": [[48.5842842, 41.2263003], [48.5844129, 41.2268813], [48.5842735, 41.2271193], [48.5844344, 41.2272444], [48.584708, 41.2272727], [48.584885, 41.227426], [48.5845953, 41.2277729], [48.5844022, 41.2281159], [48.5844183, 41.2283539], [48.5841447, 41.228713], [48.5840374, 41.2288219], [48.5839194, 41.2289551], [48.5839033, 41.229181], [48.5837692, 41.2299294], [48.5837451, 41.2300282], [48.5835895, 41.2302461], [48.5833883, 41.2303792], [48.5829726, 41.2305426], [48.5826051, 41.2309803], [48.5824496, 41.2313918], [48.5821599, 41.2316097], [48.5818273, 41.2316339], [48.5816717, 41.2317348], [48.5819077, 41.2319284], [48.5819828, 41.2320898], [48.5819989, 41.2322754], [48.5817575, 41.2325578], [48.5813606, 41.2333162], [48.581315, 41.2335643], [48.5811299, 41.2339334], [48.5808831, 41.2343086], [48.5807007, 41.2346555], [48.5809153, 41.2350993], [48.5810119, 41.2354825], [48.5808992, 41.2356802], [48.5806096, 41.2357891], [48.5799873, 41.2358375], [48.579762, 41.2358133], [48.5793972, 41.2358012], [48.5790861, 41.2360876], [48.5783619, 41.2364265], [48.5782117, 41.2365879], [48.5782546, 41.2368581], [48.5783243, 41.2371647], [48.5783029, 41.2373583], [48.5781366, 41.2374834], [48.5777503, 41.2376246], [48.5774177, 41.238032], [48.577128, 41.2384193], [48.576833, 41.2385726], [48.576597, 41.2388227], [48.5763931, 41.2392744], [48.5761785, 41.2397464], [48.5763046, 41.2401014], [48.5764575, 41.2404745], [48.5764468, 41.240769], [48.5764253, 41.2409686], [48.5761812, 41.2413256], [48.5761356, 41.2415394], [48.5762939, 41.241727], [48.5764307, 41.2418581], [48.5763234, 41.2420356], [48.5760176, 41.2423179], [48.5758942, 41.2424349], [48.5759103, 41.2425801], [48.5763207, 41.2427959], [48.5765487, 41.2429572], [48.576656, 41.2430904], [48.5766184, 41.2432557], [48.5764253, 41.2434675], [48.5762778, 41.2437277], [48.5762966, 41.2438043], [48.5765111, 41.2439898], [48.5766292, 41.2442157], [48.576554, 41.2444335], [48.5763529, 41.2447925], [48.5763609, 41.2449982], [48.5765219, 41.2451112], [48.5772514, 41.2452866], [48.5773024, 41.2453814], [48.5772675, 41.2455569], [48.5770583, 41.2457001], [48.5770476, 41.2459582], [48.5771656, 41.2461115], [48.5774982, 41.246297], [48.5775733, 41.2466358], [48.5778791, 41.2468657], [48.5780615, 41.2473941], [48.5781419, 41.2477571], [48.5779595, 41.2482895], [48.577981, 41.2491042], [48.577981, 41.249564], [48.578099, 41.2499592], [48.5780722, 41.2502496], [48.5781687, 41.2510038], [48.5782546, 41.251266], [48.5785228, 41.251391], [48.5791773, 41.2515402], [48.5795689, 41.2517782], [48.5800087, 41.2522944], [48.5803574, 41.2526211], [48.5807276, 41.2528429], [48.580867, 41.2533511], [48.5810763, 41.253589], [48.581484, 41.2536979], [48.582015, 41.2536697], [48.5829914, 41.2535446], [48.5834044, 41.2535567], [48.5835707, 41.2537221], [48.5837477, 41.253831], [48.5841554, 41.2539237], [48.5849333, 41.2539883], [48.5852015, 41.2541133], [48.5854644, 41.2544561], [48.5860223, 41.2548271], [48.5862797, 41.2550771], [48.586386, 41.2552013]]}}, {"type": "Feature", "properties": {"osm_id": 793545836, "osm_type": "way", "waterway": "river"}, "geometry": {"type": "LineString", "coordinates": [[48.5692692, 41.251395], [48.5712433, 41.2520807], [48.5716402, 41.252363], [48.5721016, 41.2526291], [48.572402, 41.2528953], [48.5723858, 41.253922]]}}, {"type": "Feature", "properties": {"osm_id": 793568230, "osm_type": "way", "waterway": "river"}, "geometry": {"type": "LineString", "coordinates": [[48.5746666, 41.2551742], [48.5727453, 41.2550489], [48.5716295, 41.2547747], [48.5695481, 41.2535809], [48.5684216, 41.2530163], [48.5656643, 41.2522097], [48.5631215, 41.2519677], [48.5624778, 41.2516854], [48.5617483, 41.2509272], [48.5614264, 41.2503384], [48.5610187, 41.2500964], [48.5599673, 41.2500318], [48.5575533, 41.2493139], [48.5549033, 41.2476764], [48.5531652, 41.2464099], [48.5521567, 41.2451838], [48.5514057, 41.2437559], [48.5509121, 41.241489], [48.5503006, 41.2406822], [48.5498285, 41.2404886], [48.5490453, 41.2403515], [48.5486269, 41.239819], [48.5478651, 41.2382781], [48.5457516, 41.2375842], [48.5450327, 41.2369388], [48.5442173, 41.2356802], [48.5422003, 41.2346717], [48.5417604, 41.2337761], [48.5408485, 41.2332758], [48.5387885, 41.2327837], [48.5377371, 41.2320898], [48.5370612, 41.232001], [48.5361922, 41.2318074], [48.5353231, 41.2313071]]}}, {"type": "Feature", "properties": {"osm_id": 799478555, "osm_type": "way", "waterway": "river"}, "geometry": {"type": "LineString", "coordinates": [[48.3840144, 41.3607535], [48.3845508, 41.36114], [48.3845723, 41.3618406], [48.3851409, 41.362815], [48.386203, 41.3631129], [48.3873081, 41.363894], [48.3888852, 41.3643369], [48.3897972, 41.3646187], [48.3902693, 41.365134], [48.3918679, 41.3670424], [48.3933055, 41.3680891], [48.3958268, 41.3710521], [48.3996248, 41.374023], [48.4032404, 41.376237], [48.4044957, 41.3770823], [48.408047, 41.3782094], [48.4092486, 41.379111], [48.4099781, 41.3808338], [48.4111476, 41.3817676], [48.4123921, 41.3821379], [48.4135508, 41.3825485], [48.4161258, 41.38473], [48.4174347, 41.3854544], [48.41869, 41.3859052], [48.4199452, 41.3869758], [48.4226596, 41.3880786], [48.4255564, 41.3892859], [48.4267688, 41.389793], [48.4296226, 41.3921111], [48.4316933, 41.3937853], [48.4341288, 41.3945982], [48.4361029, 41.394566], [48.4365535, 41.3947189], [48.4370899, 41.3951616], [48.4371757, 41.3957088], [48.4383345, 41.3966746], [48.4390533, 41.3974231], [48.4396648, 41.3986223], [48.4408986, 41.3994029], [48.4436023, 41.4002238], [48.4441173, 41.4007308], [48.4444392, 41.4023645], [48.4449112, 41.4030083], [48.445673, 41.403306], [48.4464884, 41.4038855], [48.4483123, 41.4047546], [48.4501791, 41.4049477], [48.4514022, 41.4053662], [48.4528613, 41.406187], [48.4538483, 41.4064284], [48.4554791, 41.4063318], [48.4567344, 41.4068468], [48.4582472, 41.4085608], [48.4609401, 41.4099609], [48.4618306, 41.4101299], [48.4636652, 41.4099448], [48.4659827, 41.4094459], [48.4667444, 41.4095666], [48.4676134, 41.4103552], [48.4681392, 41.4111598], [48.4684932, 41.4114093], [48.4695715, 41.4119162], [48.4712827, 41.4121455], [48.4724092, 41.4124271], [48.4734499, 41.4138875], [48.474158, 41.4140404], [48.4767866, 41.4136381], [48.4782565, 41.4141289], [48.4795654, 41.4139841], [48.4805524, 41.4138956], [48.4814215, 41.4140726], [48.4825158, 41.4145875]]}}, {"type": "Feature", "properties": {"osm_id": 802030865, "osm_type": "way", "waterway": "river"}, "geometry": {"type": "LineString", "coordinates": [[48.311305, 41.4713032], [48.3151889, 41.4744866], [48.318665, 41.4764641], [48.320328, 41.4767534], [48.3238578, 41.4766409], [48.3255529, 41.4763515], [48.3266687, 41.4761345], [48.3283746, 41.4761907], [48.329469, 41.476464], [48.330456, 41.4768418], [48.3309817, 41.4767775], [48.334018, 41.4757245], [48.3363891, 41.4744946], [48.3371186, 41.4741248], [48.3376658, 41.4733692], [48.3392322, 41.4725493], [48.339833, 41.4722599], [48.3402193, 41.4717695], [48.3405304, 41.4713716], [48.3407932, 41.4713032], [48.3412975, 41.4712871], [48.342188, 41.4711103], [48.3431053, 41.4708892], [48.3439636, 41.4708812], [48.3449614, 41.4711505], [48.3460879, 41.4717695], [48.346898, 41.4724166], [48.3474827, 41.4727703], [48.3483222, 41.4730095], [48.3491564, 41.4734817], [48.3500522, 41.4738756], [48.3502078, 41.4740646], [48.3503795, 41.4744303], [48.350637, 41.474579], [48.3511358, 41.4745871], [48.3516347, 41.4746474], [48.3518869, 41.474792], [48.3523321, 41.4751618], [48.3530778, 41.4757687], [48.3538771, 41.4761827], [48.354435, 41.476247], [48.3546334, 41.4764439], [48.3549017, 41.4767655], [48.3551484, 41.4768459], [48.3554113, 41.4769664], [48.3554864, 41.4771795], [48.3558619, 41.4777341], [48.3563125, 41.4780395], [48.356908, 41.4783128], [48.3571118, 41.4788514], [48.3579969, 41.4795266], [48.3586568, 41.4807122], [48.3590966, 41.4812628], [48.3595526, 41.4821389], [48.359499, 41.4826292], [48.3599388, 41.4829828], [48.3601642, 41.4833606], [48.3606362, 41.4853378], [48.3609044, 41.4858441], [48.3607435, 41.4862781]]}}, {"type": "Feature", "properties": {"osm_id": 822576650, "osm_type": "way", "waterway": "river"}, "geometry": {"type": "LineString", "coordinates": [[48.411051, 41.5255115], [48.4118235, 41.5260416], [48.4130144, 41.5262023], [48.413744, 41.526387], [48.4148705, 41.5269894], [48.4165442, 41.5274071], [48.4183949, 41.5270537], [48.4191459, 41.52713], [48.4204227, 41.5275236], [48.4214687, 41.5279573], [48.4220481, 41.5280697], [48.4225738, 41.5281782], [48.4236038, 41.5285476], [48.4238881, 41.5287243], [48.4244192, 41.5287685], [48.4255725, 41.5284954], [48.4260821, 41.5285155], [48.4270048, 41.528632], [48.4278417, 41.5286601], [48.4282386, 41.5285316], [48.4285766, 41.5282665], [48.4290111, 41.5277685], [48.4293222, 41.5276722], [48.429864, 41.5277404], [48.4302664, 41.5278971], [48.4307599, 41.5285637], [48.4312534, 41.528889], [48.4320152, 41.5290818], [48.4329218, 41.5290496], [48.4335977, 41.5290737], [48.4339571, 41.5292585], [48.4346706, 41.5292143], [48.4358776, 41.5294271], [48.4366339, 41.5296199], [48.4375888, 41.5296078], [48.4387207, 41.529387], [48.4396166, 41.5294552], [48.4405714, 41.529395], [48.4414244, 41.5297604], [48.4423846, 41.5298367], [48.443082, 41.5299693], [48.4433234, 41.5302102], [48.443613, 41.5302263], [48.4440851, 41.5301018], [48.4444767, 41.530146], [48.4446108, 41.5305837], [48.4450507, 41.5307805], [48.4459305, 41.5312423], [48.4468693, 41.5313989], [48.4478295, 41.5314491], [48.448602, 41.5315736], [48.449302, 41.5314672], [48.4503078, 41.53116], [48.4506646, 41.5311318], [48.4510723, 41.5310033], [48.4515631, 41.530915], [48.4524268, 41.5310816], [48.4534514, 41.5313627], [48.4551358, 41.5313868], [48.4560585, 41.5312543]]}}, {"type": "Feature", "properties": {"osm_id": 824879352, "osm_type": "way", "waterway": "river"}, "geometry": {"type": "LineString", "coordinates": [[48.1477278, 41.3332961], [48.1480551, 41.3340333], [48.1478834, 41.3348389], [48.1480926, 41.3352457], [48.148039, 41.3355397], [48.1481999, 41.3359989], [48.1483608, 41.3363252], [48.148441, 41.3366624]]}}, {"type": "Feature", "properties": {"osm_id": 824903474, "osm_type": "way", "waterway": "river"}, "geometry": {"type": "LineString", "coordinates": [[48.2243049, 41.3114767], [48.2247984, 41.3124437], [48.2247341, 41.3134913], [48.2250237, 41.3146598], [48.2247662, 41.3152883], [48.2249594, 41.315796], [48.2244229, 41.3165857], [48.2238006, 41.3176816], [48.2239187, 41.3181087], [48.2244229, 41.3184874], [48.2244819, 41.3192287], [48.2246999, 41.3195204], [48.2249004, 41.3197887], [48.2247019, 41.3207436], [48.2249594, 41.3218434], [48.2245624, 41.32248], [48.2246697, 41.3236161], [48.2245302, 41.3248166], [48.2241547, 41.3254168], [48.2232803, 41.3261339], [48.2224166, 41.3268631], [48.2221806, 41.3276607], [48.2221645, 41.3282247], [48.2217991, 41.3288743], [48.2216388, 41.3291592], [48.2208824, 41.330126], [48.2203621, 41.3315117], [48.2203996, 41.3324059], [48.2207483, 41.3330303], [48.2219285, 41.3343636], [48.2228404, 41.3355438], [48.2235324, 41.3359506], [48.2244229, 41.3362929], [48.2246, 41.3365225], [48.2263702, 41.3375979], [48.2274163, 41.3386854], [48.2286394, 41.340949], [48.2289827, 41.3425036], [48.2284784, 41.3440823], [48.228317, 41.3452121]]}}, {"type": "Feature", "properties": {"osm_id": 825424784, "osm_type": "way", "waterway": "river"}, "geometry": {"type": "LineString", "coordinates": [[48.3349085, 41.1642463], [48.336153, 41.1642301], [48.3370328, 41.1641332], [48.3380842, 41.1639717], [48.338685, 41.1640201], [48.3398223, 41.1638586], [48.3405518, 41.1639555], [48.341217, 41.163794], [48.3426118, 41.1634709], [48.3438778, 41.1632609], [48.345294, 41.1625178], [48.3459377, 41.1620655], [48.3464956, 41.1611124], [48.347075, 41.1607085], [48.350079, 41.1600865], [48.3516991, 41.1597554], [48.3523428, 41.1595292], [48.3528471, 41.1589072], [48.3533084, 41.1587861], [48.3538234, 41.1580591], [48.3545208, 41.1573967], [48.3550817, 41.1570701], [48.3553254, 41.1569282], [48.3566236, 41.1568797], [48.3570742, 41.1567747], [48.3575463, 41.1564112], [48.3583081, 41.1565324], [48.3588982, 41.1563062], [48.3594346, 41.1558215], [48.359971, 41.1554257], [48.3604109, 41.1552803], [48.3618747, 41.1551328]]}}, {"type": "Feature", "properties": {"osm_id": 887915254, "osm_type": "way", "waterway": "stream"}, "geometry": {"type": "LineString", "coordinates": [[47.8975142, 41.3713425], [47.8968296, 41.3709407], [47.8965027, 41.370859], [47.8959627, 41.3703044], [47.8957252, 41.3701963], [47.895624, 41.3697521], [47.8949821, 41.369367], [47.894335, 41.3687819], [47.8941676, 41.3683143], [47.8939846, 41.3681653], [47.8939807, 41.3679549], [47.8935874, 41.367499], [47.8936302, 41.3673996], [47.8941637, 41.3667275], [47.8943467, 41.3660816], [47.8942104, 41.3657455], [47.8945354, 41.3646286], [47.8949798, 41.3634745], [47.8953243, 41.3622379], [47.8956088, 41.3620094], [47.8958086, 41.3614772], [47.8963607, 41.3610532]]}}, {"type": "Feature", "properties": {"osm_id": 887915255, "osm_type": "way", "waterway": "stream"}, "geometry": {"type": "LineString", "coordinates": [[47.8994566, 41.3712252], [47.8983859, 41.3717496], [47.8982059, 41.3717211], [47.8977582, 41.3714402]]}}, {"type": "Feature", "properties": {"osm_id": 887915256, "osm_type": "way", "layer": "-1", "tunnel": "culvert", "waterway": "stream"}, "geometry": {"type": "LineString", "coordinates": [[47.8977582, 41.3714402], [47.8975142, 41.3713425]]}}, {"type": "Feature", "properties": {"osm_id": 1020062416, "osm_type": "way", "waterway": "stream"}, "geometry": {"type": "LineString", "coordinates": [[47.7845282, 41.5793642], [47.7848786, 41.5794016], [47.7853373, 41.5792631], [47.7858254, 41.5790986], [47.7863646, 41.5789361], [47.7870646, 41.5787174], [47.7874106, 41.5786251], [47.7879256, 41.5784766], [47.7881938, 41.578284], [47.7887544, 41.5783763], [47.7891433, 41.5784004], [47.789425, 41.5783321], [47.7896227, 41.5783353], [47.7898005, 41.5783382], [47.7900231, 41.5784285], [47.7902457, 41.5784385], [47.7907848, 41.5783261], [47.7912381, 41.5782659], [47.7916566, 41.5782138], [47.7922064, 41.5781315], [47.792539, 41.5780031], [47.7929923, 41.5779489], [47.7933276, 41.577965], [47.7935636, 41.5780753], [47.7941483, 41.5780492], [47.7947813, 41.577987], [47.7952641, 41.5778707], [47.7958435, 41.5777182], [47.7960929, 41.5776239], [47.7965274, 41.5776439], [47.796911, 41.5777503], [47.7975306, 41.5777503], [47.797941, 41.5776921], [47.7981421, 41.5778265], [47.7984157, 41.5778386], [47.7985096, 41.5779549], [47.7988744, 41.5779228], [47.7992552, 41.5778586], [47.7994725, 41.5779429], [47.7997246, 41.5780773], [47.8002074, 41.5780292], [47.8006366, 41.5779529], [47.8010416, 41.5778466], [47.8013635, 41.5777382], [47.8014788, 41.5776098], [47.8017122, 41.5776219], [47.801924, 41.5774573], [47.8023291, 41.5774072], [47.8026617, 41.5774132], [47.8029567, 41.577341], [47.8031284, 41.5773991], [47.8033242, 41.5774172], [47.8039679, 41.5771463], [47.8042629, 41.5769858], [47.8046465, 41.5768654], [47.8049067, 41.5766668], [47.8050837, 41.5765444], [47.8051435, 41.5764123]]}}, {"type": "Feature", "properties": {"osm_id": 1020062417, "osm_type": "way", "name": "Мухаккам", "waterway": "stream"}, "geometry": {"type": "LineString", "coordinates": [[47.8196025, 41.5942151], [47.8183579, 41.5937256], [47.8169632, 41.5933084], [47.8153539, 41.5932281], [47.8135943, 41.5931399], [47.8126073, 41.5932602], [47.8113842, 41.5929874], [47.8102147, 41.5926103], [47.8090882, 41.5921289], [47.8080797, 41.591519], [47.8071248, 41.5908611], [47.8064811, 41.5903796], [47.8054833, 41.5899944], [47.8043353, 41.5896494], [47.8035736, 41.5892482], [47.8029191, 41.5890155], [47.8019535, 41.5883735], [47.8004837, 41.5879723], [47.7999043, 41.5872661], [47.7999473, 41.5871779], [47.7993196, 41.5866964], [47.7983969, 41.5863393], [47.7977425, 41.5861306], [47.797147, 41.5858658], [47.7965248, 41.5856451], [47.7961814, 41.5853001], [47.7955699, 41.5850152], [47.7951086, 41.584943], [47.7945507, 41.5848186], [47.7937782, 41.5845778], [47.7930969, 41.5846982], [47.7926195, 41.5847544], [47.7922654, 41.5846902], [47.79226, 41.5843451], [47.7921796, 41.5841084], [47.7919382, 41.5838797], [47.7916968, 41.583667], [47.7911872, 41.5834543], [47.7909243, 41.5832738], [47.7908385, 41.583029], [47.7907848, 41.5827562], [47.7907097, 41.5824592], [47.7906373, 41.5823268], [47.7904308, 41.5821382], [47.7903342, 41.5819516], [47.790361, 41.581749], [47.7903289, 41.5815704], [47.7902216, 41.581434], [47.790117, 41.5812394], [47.7899051, 41.581123], [47.7898326, 41.5810147], [47.789897, 41.5808281], [47.7899855, 41.5806756], [47.7900499, 41.5803405], [47.7900231, 41.5801519], [47.7900097, 41.5799232], [47.7899936, 41.579859], [47.7899587, 41.5796945], [47.7900177, 41.5794216], [47.7900526, 41.5792049], [47.790007, 41.5789802], [47.7899694, 41.5787796], [47.7897951, 41.5785809], [47.7896744, 41.5783823], [47.7896358, 41.5783477], [47.7896227, 41.5783353]]}}, {"type": "Feature", "properties": {"osm_id": 1020062418, "osm_type": "way", "name": "Сринкам", "waterway": "stream"}, "geometry": {"type": "LineString", "coordinates": [[47.9308498, 41.5197039], [47.9318261, 41.5200895], [47.9331779, 41.5212141], [47.9337895, 41.5214792], [47.9353666, 41.5219049], [47.9364073, 41.5223708], [47.9371798, 41.5230054], [47.9382098, 41.5234392], [47.9390359, 41.5236882], [47.9398405, 41.5235757], [47.9409778, 41.5237605], [47.9418683, 41.5242344], [47.9427266, 41.5242022], [47.9436707, 41.5239693], [47.9445183, 41.5238569], [47.9451084, 41.5234793], [47.9457575, 41.5232584], [47.9461491, 41.5232865], [47.9463208, 41.5230897], [47.9466104, 41.5231902], [47.9468626, 41.5228849], [47.9471844, 41.5229291], [47.9476619, 41.5228929], [47.94815, 41.5229532], [47.9483753, 41.5229974], [47.9488635, 41.5228126], [47.9491156, 41.522901], [47.9496145, 41.5227363], [47.9502314, 41.5226078], [47.9505372, 41.5224873], [47.9510415, 41.5223989], [47.9512775, 41.5221861], [47.9515725, 41.5220375], [47.9520178, 41.521917], [47.952404, 41.5215033], [47.9528654, 41.5214591], [47.953316, 41.5215073], [47.9532838, 41.52168], [47.9535949, 41.5217684], [47.9539597, 41.5215716], [47.9542494, 41.5214591], [47.954464, 41.5215635], [47.9548341, 41.5215073], [47.9548502, 41.5210334], [47.9551023, 41.5208044], [47.9554108, 41.5207582], [47.9555047, 41.5206096], [47.9557112, 41.5203365], [47.9562905, 41.5202301], [47.9564676, 41.5200232], [47.9566956, 41.5199349], [47.9571435, 41.5198284], [47.9575807, 41.5197802], [47.9578516, 41.5196818], [47.9581091, 41.5195312], [47.958388, 41.519483], [47.9587126, 41.5195252], [47.9591498, 41.5195051], [47.9593939, 41.5195593]]}}, {"type": "Feature", "properties": {"osm_id": 1020062419, "osm_type": "way", "name": "Кукиркам", "waterway": "stream"}, "geometry": {"type": "LineString", "coordinates": [[47.9476511, 41.5156873], [47.9484558, 41.5160569], [47.9489332, 41.5161733], [47.9494321, 41.5163943], [47.9501349, 41.5166553], [47.9509717, 41.5168401], [47.9516476, 41.5169245], [47.9525006, 41.5171293], [47.9532033, 41.5172819], [47.9534554, 41.5174426], [47.9539114, 41.5174788], [47.9545659, 41.5175229], [47.9549548, 41.5177218], [47.9552847, 41.5177238], [47.9557541, 41.5176294], [47.9561323, 41.5176615], [47.9562879, 41.5177317], [47.9563415, 41.5177559], [47.9564595, 41.5178362], [47.9568002, 41.5179648], [47.9570201, 41.518013], [47.9574117, 41.5182339], [47.9575217, 41.518515], [47.9581118, 41.518744], [47.9586428, 41.5188645], [47.9592758, 41.5189488], [47.9594743, 41.5192501], [47.9593939, 41.5195593], [47.9596567, 41.5196557], [47.9601824, 41.5201739], [47.9609281, 41.5204269], [47.9614592, 41.5206036], [47.9622477, 41.5206438], [47.9627627, 41.5205956], [47.9631489, 41.5209169], [47.963621, 41.5212061], [47.9640663, 41.5215033], [47.9641575, 41.5216117], [47.9644793, 41.5219451], [47.9648066, 41.5221821], [47.9653054, 41.5223387], [47.9658258, 41.5225676], [47.9663193, 41.5228568], [47.9664222, 41.522893], [47.9669362, 41.5230737], [47.9671025, 41.5233508], [47.967301, 41.5237002], [47.9671133, 41.5239814], [47.9671937, 41.5242143], [47.9672236, 41.5243373], [47.9672581, 41.5244794], [47.9675317, 41.5248649], [47.9677945, 41.525383], [47.9677892, 41.525628], [47.9678214, 41.5258489], [47.9680091, 41.5261541], [47.9684222, 41.5263147], [47.9686314, 41.5265115], [47.9687333, 41.5268208], [47.969082, 41.5269573], [47.969259, 41.527142], [47.9694414, 41.5274432], [47.9698169, 41.5277525], [47.9705036, 41.527877], [47.970922, 41.5280135], [47.9709274, 41.5282384], [47.9711902, 41.5285476], [47.9713726, 41.5285677], [47.9715389, 41.5288047], [47.9714316, 41.5290255], [47.971555, 41.5292022], [47.9718393, 41.5294432], [47.9720271, 41.52966], [47.9722765, 41.5298147], [47.9724401, 41.5300295], [47.9723757, 41.5302504], [47.9723033, 41.530421], [47.9722068, 41.5306178], [47.9721075, 41.5308527], [47.9718983, 41.5310355], [47.9717066, 41.5311006]]}}, {"type": "Feature", "properties": {"osm_id": 1020062420, "osm_type": "way", "waterway": "stream"}, "geometry": {"type": "LineString", "coordinates": [[47.9928249, 41.5287364], [47.9925674, 41.5291058], [47.9920524, 41.5296078], [47.9917788, 41.5299652], [47.991634, 41.5302905], [47.9914463, 41.5306841], [47.9915053, 41.5310134], [47.9914516, 41.5311459], [47.991178, 41.5313668], [47.9910815, 41.5315274], [47.9910654, 41.5318246], [47.9910064, 41.5320454], [47.9907757, 41.5323827], [47.9906201, 41.5327763], [47.9904699, 41.5331337], [47.990427, 41.5335272], [47.9903734, 41.5338565], [47.9902339, 41.5340131], [47.9901856, 41.5340773], [47.9900622, 41.5343303], [47.9899496, 41.5347399], [47.9898584, 41.5350732], [47.9898047, 41.5353543], [47.9898906, 41.5356233], [47.989676, 41.5359847], [47.9895687, 41.5363702], [47.9895043, 41.5365389], [47.9897645, 41.5367718], [47.9898874, 41.5371392]]}}, {"type": "Feature", "properties": {"osm_id": 1022277606, "osm_type": "way", "alt_name": "Чехычай", "name": "Усухчай", "name:az": "Usuxçay", "name:de": "Ussuchtschai", "name:en": "Usukhchay", "name:lez": "Усугъ вацI", "name:ru": "Усухчай", "seasonal": "yes", "source": "DigitalGlobal Premium Image 19-01-18", "waterway": "river", "wikidata": "Q6680025", "wikipedia": "ru:Усухчай (река)"}, "geometry": {"type": "LineString", "coordinates": [[47.8991944, 41.3506829], [47.8988133, 41.3523564], [47.900841, 41.3542892], [47.9010771, 41.3552879], [47.9006909, 41.3571481], [47.8994291, 41.3576307], [47.8983305, 41.3585091], [47.897691, 41.3593702], [47.89744, 41.3604096], [47.8963607, 41.3610532], [47.8955732, 41.3611746], [47.8940003, 41.3635334], [47.893288, 41.3640332], [47.8928374, 41.3649512], [47.8922623, 41.3655625], [47.892537, 41.3669239], [47.8918395, 41.3681478], [47.8911208, 41.3694602], [47.890359, 41.3707485], [47.8905349, 41.3713598], [47.8911143, 41.3715852], [47.8913712, 41.3717911], [47.8922172, 41.3717527], [47.8930197, 41.3721494], [47.8930025, 41.3725272], [47.8927343, 41.3730586], [47.8932129, 41.373671], [47.8929341, 41.3742323], [47.8930521, 41.3747556], [47.8932559, 41.3758586], [47.8927731, 41.3762853], [47.8929448, 41.3768086], [47.8924513, 41.3773882], [47.8923674, 41.3778334], [47.8928481, 41.378413], [47.8940497, 41.3791053], [47.8957449, 41.3793388], [47.8966139, 41.3797654], [47.8972792, 41.3815204], [47.8981911, 41.3826635], [47.899382, 41.3831948], [47.8997468, 41.3842413], [47.8994036, 41.3854705], [47.8995536, 41.3859075], [47.9003262, 41.3863077], [47.9009591, 41.3870506], [47.9009592, 41.3875554], [47.9012274, 41.3883949], [47.9016673, 41.3885374], [47.9026866, 41.3883764], [47.9039632, 41.3889502], [47.9041242, 41.3895999], [47.9046498, 41.3899725], [47.9054867, 41.3902059], [47.9059589, 41.3916041], [47.9068706, 41.392202], [47.9080724, 41.3924193], [47.9085551, 41.3933529], [47.9088984, 41.3940291], [47.9091559, 41.3964838], [47.9090488, 41.3971656], [47.9095207, 41.3977071], [47.9103361, 41.3992926], [47.9098854, 41.401208], [47.9099928, 41.4016666], [47.910894, 41.4016908], [47.9110765, 41.4029198], [47.9103684, 41.4033946], [47.9105615, 41.4038556], [47.9110335, 41.4050064], [47.9118918, 41.4059076], [47.9132813, 41.4072331], [47.9134798, 41.4075429], [47.913512, 41.4079814], [47.9136032, 41.4084481], [47.9136085, 41.4092166], [47.9135603, 41.4098684], [47.9135495, 41.4102707], [47.9142255, 41.4109708], [47.9141664, 41.4114133], [47.9144669, 41.4121093], [47.914381, 41.4126042], [47.9140377, 41.4129019], [47.9140806, 41.4135053], [47.9137373, 41.4137507], [47.9136354, 41.4140082], [47.9141396, 41.4146881], [47.9144883, 41.4148973], [47.9143971, 41.4150864], [47.9142308, 41.4152433], [47.9140967, 41.4159634], [47.9143649, 41.4165266], [47.914263, 41.4169812], [47.9144025, 41.4171622], [47.914601, 41.4173191], [47.9149336, 41.4173996], [47.9154861, 41.4173271], [47.9156846, 41.4174679], [47.9157327, 41.4177961], [47.9159206, 41.4191535], [47.9156737, 41.4198195], [47.9151641, 41.4208092], [47.9150782, 41.4218711], [47.9150461, 41.4233273], [47.9150997, 41.4246305], [47.9159259, 41.4252017], [47.9160663, 41.4257443], [47.9165268, 41.4259354], [47.9170203, 41.4259757], [47.9175675, 41.426394], [47.9179108, 41.4268767], [47.9187369, 41.427657], [47.9191983, 41.4277535], [47.9199493, 41.4277696], [47.9219127, 41.4284051], [47.9225135, 41.4288073], [47.9226637, 41.4291934], [47.9226953, 41.4294854]]}}, {"type": "Feature", "properties": {"osm_id": 1022277607, "osm_type": "way", "name": "Тамункам", "waterway": "stream"}, "geometry": {"type": "LineString", "coordinates": [[47.9193592, 41.3281965], [47.9172992, 41.3302267], [47.9157543, 41.3326759], [47.9143918, 41.3348711], [47.9138821, 41.3357049], [47.9137534, 41.3364782], [47.9139036, 41.3370824], [47.9138231, 41.3375295], [47.9142415, 41.3379363], [47.9146439, 41.3380893], [47.9150248, 41.3383391], [47.9150784, 41.3387015], [47.9144883, 41.3389754], [47.9137802, 41.3393581], [47.9134959, 41.3397004], [47.9127395, 41.3400548], [47.9123318, 41.3404012], [47.9119563, 41.3407959], [47.9116827, 41.3413114], [47.9115218, 41.3417464], [47.9113662, 41.3421814], [47.9111624, 41.342717], [47.9110336, 41.3428262], [47.9106635, 41.3431399], [47.910229, 41.3435225], [47.909435, 41.3439696], [47.908743, 41.3445012], [47.9078472, 41.3448073], [47.9071927, 41.3450167], [47.9072142, 41.3454395], [47.9065758, 41.3458342], [47.9060715, 41.3463417], [47.9056853, 41.3467283], [47.9049182, 41.3468692], [47.9043174, 41.34728], [47.9039043, 41.3476384], [47.903282, 41.3480653], [47.902869, 41.348323], [47.9022145, 41.3484237], [47.9019999, 41.3488626], [47.9016727, 41.3493862], [47.9009244, 41.3501292], [47.9007152, 41.3503607], [47.9001734, 41.3505701], [47.899645, 41.3507513], [47.8991944, 41.3506829]]}}, {"type": "Feature", "properties": {"osm_id": 1024340283, "osm_type": "way", "waterway": "stream"}, "geometry": {"type": "LineString", "coordinates": [[47.9107277, 41.265663], [47.9119725, 41.2647003], [47.9126189, 41.2640975], [47.9132174, 41.2638365], [47.9148812, 41.2636026], [47.9152283, 41.2632877], [47.915731, 41.2628108], [47.9160542, 41.2618211], [47.9171315, 41.2607504], [47.918125, 41.2606424], [47.9191424, 41.2601115], [47.9194416, 41.2596616], [47.9196212, 41.2586268], [47.9194057, 41.2580716], [47.9206757, 41.2572941], [47.9212926, 41.2566258], [47.9217643, 41.2556711], [47.9220909, 41.2544845], [47.9235786, 41.2536934], [47.9251751, 41.2533797], [47.9280235, 41.2532023], [47.9292754, 41.2521384], [47.9308175, 41.2500651], [47.9324867, 41.2493422], [47.9337929, 41.2481145], [47.9360245, 41.2475825], [47.9384375, 41.2464776], [47.9388366, 41.2458774], [47.939272, 41.2452908], [47.9396167, 41.244827], [47.93978, 41.2442677], [47.9404332, 41.2436947], [47.9407416, 41.2432173], [47.9406327, 41.2429308], [47.9412314, 41.242085], [47.9421023, 41.2417303], [47.9428462, 41.2410755], [47.94359, 41.2410209], [47.9438424, 41.2407791], [47.9451299, 41.2397948], [47.9456341, 41.2389154], [47.9458594, 41.237907], [47.9463851, 41.2372535], [47.9476726, 41.2361239], [47.9493463, 41.2357528], [47.9511487, 41.2359061], [47.9516959, 41.2361239], [47.9527366, 41.2359545], [47.9541314, 41.2359949], [47.9552042, 41.2352687], [47.9571247, 41.2351154], [47.9578864, 41.2350589], [47.9589486, 41.2352203], [47.9604721, 41.2345829], [47.9611266, 41.2347362], [47.9623926, 41.2340666], [47.9636907, 41.2336147], [47.9653001, 41.2329773], [47.9658258, 41.2323641], [47.9660403, 41.2320333]]}}, {"type": "Feature", "properties": {"osm_id": 1024340284, "osm_type": "way", "waterway": "river"}, "geometry": {"type": "LineString", "coordinates": [[47.9430592, 41.2227134], [47.9454946, 41.2237383], [47.9459469, 41.224432], [47.9469752, 41.2250617], [47.9477262, 41.2255136], [47.9497754, 41.2264899], [47.9509663, 41.2262801], [47.9521036, 41.2265626], [47.9541421, 41.2271355], [47.9554403, 41.2277891], [47.9573607, 41.2284507], [47.9587984, 41.2289833], [47.9608369, 41.2293625], [47.9612875, 41.2297498], [47.9629183, 41.2302178], [47.9644847, 41.2313999], [47.9651016, 41.2316299], [47.9660403, 41.2320333]]}}, {"type": "Feature", "properties": {"osm_id": 1024340285, "osm_type": "way", "name": "Махмудчай", "name:ru": "Махмудчай", "waterway": "stream"}, "geometry": {"type": "LineString", "coordinates": [[47.9997182, 41.1894092], [47.99945, 41.1907333], [48.0006301, 41.1919363], [48.0018747, 41.1939466], [48.0024111, 41.1953352], [48.0028295, 41.1966107], [48.0034411, 41.1976198], [48.0043101, 41.1989034], [48.0054688, 41.199977], [48.00578, 41.2009134], [48.0051792, 41.2016319], [48.0052435, 41.2026974], [48.0059087, 41.2035692], [48.0070674, 41.2043522], [48.0079901, 41.2051675], [48.0086124, 41.2059746], [48.008548, 41.2068706], [48.0084944, 41.2077504], [48.008784, 41.2083154], [48.0091917, 41.2090338], [48.0096424, 41.2098571], [48.0097175, 41.2104866], [48.0096316, 41.2114552], [48.0093205, 41.2123268], [48.0093956, 41.2131097], [48.0096638, 41.2141589], [48.0101681, 41.2152566], [48.0100071, 41.216104], [48.0103397, 41.217024], [48.0102324, 41.2176293], [48.0103826, 41.2183475], [48.0103075, 41.2191707], [48.01005, 41.2196388], [48.0101788, 41.2202602], [48.0101573, 41.22093], [48.0101037, 41.2217289], [48.0097926, 41.2225036], [48.0096531, 41.223246], [48.0094921, 41.2236414], [48.0089128, 41.2243677], [48.0090201, 41.225328], [48.0091917, 41.2261591], [48.0099642, 41.2266997], [48.0104363, 41.2277407], [48.0108976, 41.2280715], [48.0107689, 41.2285072], [48.010872, 41.2290626]]}}, {"type": "Feature", "properties": {"osm_id": 1024340286, "osm_type": "way", "waterway": "river"}, "geometry": {"type": "LineString", "coordinates": [[47.9660403, 41.2320333], [47.9681003, 41.2320857], [47.9707288, 41.2315734], [47.9751354, 41.2307256], [47.9763044, 41.2304445], [47.976988, 41.2308257], [47.9773076, 41.2308092], [47.9779669, 41.2305372], [47.9786626, 41.2304403], [47.9793533, 41.2304302], [47.9799591, 41.2305053], [47.981216, 41.2304206], [47.9817454, 41.2305274], [47.9821942, 41.2305701], [47.9826712, 41.230485], [47.9828715, 41.2301804], [47.9831274, 41.2298577], [47.9840061, 41.2296202], [47.9850275, 41.2294114], [47.9862882, 41.2292125], [47.9868566, 41.229088], [47.9872624, 41.2290918], [47.9876143, 41.2291936], [47.9879238, 41.2294499], [47.9882821, 41.229694], [47.9885922, 41.2298519], [47.9891153, 41.2298643], [47.9897103, 41.2298277], [47.9901588, 41.2297667], [47.9907006, 41.2296469], [47.9912348, 41.2294648], [47.9916033, 41.2294728], [47.9919311, 41.2295665], [47.9922434, 41.2295426], [47.9926289, 41.2295432], [47.9929456, 41.2296205], [47.993356, 41.2297876], [47.99362, 41.2297956], [47.993866, 41.2297314], [47.9943484, 41.2292998], [47.9947858, 41.2289435], [47.9951613, 41.2288825], [47.9953687, 41.228948], [47.9957088, 41.2289735], [47.9960832, 41.2289086], [47.9963454, 41.2288367], [47.9967766, 41.2286787], [47.997284, 41.2286017], [47.9978131, 41.2286582], [47.9982176, 41.228659], [47.9986389, 41.2285296], [47.9999568, 41.2285126], [48.0009489, 41.2284504], [48.001585, 41.228451], [48.0020058, 41.2285355], [48.0023332, 41.2286622], [48.0027732, 41.2286417], [48.0034602, 41.2286525], [48.0038691, 41.2286298], [48.0042966, 41.2284947], [48.0047336, 41.2282009], [48.0052415, 41.2281313], [48.0056543, 41.2281457], [48.0060671, 41.2281179], [48.0066856, 41.2281234], [48.0074536, 41.228199], [48.0077379, 41.2283363], [48.0082506, 41.2285688], [48.0093413, 41.2286122], [48.0095512, 41.2286879], [48.009705, 41.2288339], [48.0101998, 41.2290009], [48.010872, 41.2290626], [48.0114786, 41.2291592], [48.0120665, 41.2290872], [48.0124578, 41.2292102], [48.0129845, 41.2292524], [48.0139595, 41.2291822], [48.0144342, 41.2291887], [48.0148903, 41.2292795], [48.0153355, 41.229391], [48.0160142, 41.2293549], [48.0166991, 41.2294492], [48.0171598, 41.2295857], [48.0174415, 41.2297182], [48.0178353, 41.2297313], [48.0185187, 41.229639], [48.0191919, 41.2296842], [48.0197811, 41.2298628], [48.0253171, 41.2311216], [48.0294799, 41.2333808], [48.0346298, 41.2363499], [48.0380201, 41.2379312], [48.0403375, 41.2393188], [48.0420112, 41.2392543], [48.0430412, 41.2405774], [48.0457449, 41.239932], [48.0466461, 41.2416423], [48.0458307, 41.2443206], [48.0499506, 41.2470634], [48.0500793, 41.2497092], [48.0504655, 41.2520323], [48.0535554, 41.2517742], [48.0544567, 41.2515806], [48.0548429, 41.2530002], [48.0569028, 41.2538391], [48.0609798, 41.25371], [48.063426, 41.2544198], [48.064479, 41.2551523], [48.0651426, 41.2552586], [48.0681467, 41.2546779], [48.0688798, 41.2551697], [48.0696058, 41.256775], [48.0718589, 41.2562749], [48.0738544, 41.2562588], [48.076086, 41.2570331], [48.0780172, 41.2583881], [48.0802059, 41.2599688], [48.0808067, 41.261598], [48.0814504, 41.2626625], [48.0825448, 41.2632271], [48.0842554, 41.2629265], [48.0855642, 41.2632744], [48.0862226, 41.2632539], [48.0867505, 41.2636464], [48.0881023, 41.2646465], [48.0888533, 41.2654045], [48.0892784, 41.2655209], [48.08954, 41.2666464], [48.0911279, 41.2670496], [48.0928659, 41.2676303], [48.0941963, 41.2690657], [48.0969429, 41.2725493], [48.0982732, 41.2752586], [48.0994319, 41.2762584], [48.0999898, 41.2780323], [48.1020069, 41.2793868], [48.103981, 41.2808703], [48.106513, 41.2828698], [48.108015, 41.283934], [48.1088304, 41.285224], [48.1092166, 41.2869653], [48.1093454, 41.2886099], [48.1092918, 41.2897305], [48.1088948, 41.2902948], [48.1083369, 41.2909155], [48.1074464, 41.291641], [48.1071782, 41.2925842], [48.1068671, 41.293616], [48.1071031, 41.2942367], [48.1066203, 41.2950508], [48.1060624, 41.2955828], [48.1062662, 41.2960584], [48.1061053, 41.296542], [48.1058586, 41.2969128], [48.1060839, 41.2976222], [48.1067812, 41.298541], [48.1072426, 41.2996372], [48.107382, 41.3001047], [48.107146, 41.3006689], [48.1071889, 41.3014347], [48.1071353, 41.3021762], [48.1075966, 41.3031756], [48.1079399, 41.3038445], [48.1081438, 41.3051099], [48.1092489, 41.3057386], [48.1115556, 41.306343], [48.1125748, 41.3070522], [48.1128001, 41.3074713], [48.1136691, 41.3077453], [48.1145382, 41.3081805], [48.1154823, 41.3084304], [48.1160724, 41.3091799], [48.1167054, 41.3100986], [48.1175101, 41.310977], [48.1185937, 41.3116781], [48.119334, 41.3131851], [48.1205785, 41.3140957], [48.1199992, 41.3152803], [48.1188297, 41.3158363], [48.1175208, 41.3164326], [48.1168127, 41.3171175], [48.1169629, 41.3177219], [48.1163514, 41.3184713], [48.1165659, 41.3198814], [48.116802, 41.3207516], [48.1181753, 41.3217669], [48.1189477, 41.3232736], [48.1190336, 41.3246192], [48.1203639, 41.3254088], [48.1216407, 41.3267221], [48.1236791, 41.3289055], [48.1245106, 41.3289941], [48.124854, 41.3295621], [48.1256962, 41.3299165], [48.1263399, 41.3299045], [48.1266618, 41.3297192], [48.1272089, 41.3297171], [48.1274323, 41.3297435]]}}, {"type": "Feature", "properties": {"osm_id": 1024340287, "osm_type": "way", "name": "Турфанчай", "name:ru": "Турфанчай", "waterway": "stream"}, "geometry": {"type": "LineString", "coordinates": [[47.9675101, 41.1754239], [47.9668235, 41.1799461], [47.9635619, 41.1849847], [47.9576396, 41.1885373], [47.9521464, 41.1955128], [47.9491424, 41.1997107], [47.945795, 41.20365], [47.9454517, 41.2072662], [47.9439067, 41.2110113], [47.9441965, 41.2126606], [47.9439646, 41.2139635], [47.9439138, 41.2140643], [47.9434284, 41.2150271], [47.9428784, 41.2158205], [47.9429414, 41.216611], [47.9438411, 41.2181363], [47.9430351, 41.2199505], [47.9433901, 41.2204438], [47.9428767, 41.2210188], [47.9427695, 41.2217652], [47.9427977, 41.2218549], [47.9429358, 41.2222938], [47.9430592, 41.2227134]]}}, {"type": "Feature", "properties": {"osm_id": 1024343971, "osm_type": "way", "name": "Ənbil çay", "waterway": "stream"}, "geometry": {"type": "LineString", "coordinates": [[47.9766511, 41.2062007], [47.9802131, 41.2080087], [47.9819727, 41.2093002], [47.9830885, 41.2106239], [47.9849767, 41.2116893], [47.9863071, 41.2128515], [47.9860496, 41.2140137], [47.9863929, 41.2164349], [47.9877233, 41.219082], [47.9896867, 41.2206475], [47.9906845, 41.2219952], [47.9902339, 41.2235607], [47.9891503, 41.2245694], [47.9886567, 41.2253199], [47.9882383, 41.22603], [47.9883242, 41.2267401], [47.9884636, 41.2272969], [47.9881954, 41.2279101], [47.9872727, 41.228709], [47.9872624, 41.2290918]]}}, {"type": "Feature", "properties": {"osm_id": 1121677774, "osm_type": "way", "waterway": "stream"}, "geometry": {"type": "LineString", "coordinates": [[48.2683897, 41.5492505], [48.2705784, 41.5523337], [48.2793975, 41.5601695], [48.2801485, 41.5624935], [48.2815647, 41.5626902], [48.2834959, 41.5644643], [48.2859313, 41.5650663], [48.2891929, 41.5648817], [48.2922585, 41.5635955]]}}, {"type": "Feature", "properties": {"osm_id": 1163656206, "osm_type": "way", "intermittent": "yes", "waterway": "stream"}, "geometry": {"type": "LineString", "coordinates": [[48.4926277, 41.6231261], [48.4924078, 41.6231501], [48.4922978, 41.6231521], [48.4922415, 41.6231622], [48.4918767, 41.6231842], [48.4918231, 41.6231722], [48.4916541, 41.6231622], [48.4915495, 41.6231441], [48.4913591, 41.6230539], [48.4906295, 41.6226048], [48.4905705, 41.6225526], [48.490541, 41.6224925], [48.4905115, 41.6224664], [48.4904739, 41.6224444], [48.4901628, 41.6221897], [48.4900179, 41.6221155], [48.4899026, 41.6220734], [48.4896317, 41.6220794], [48.4895056, 41.6220594], [48.4894654, 41.6220474], [48.4892991, 41.6219551], [48.4891838, 41.6218368], [48.4891731, 41.6218067], [48.4891248, 41.6217486], [48.4890524, 41.6217025], [48.4889477, 41.621526], [48.4889317, 41.6214639], [48.4889317, 41.6214037], [48.4888941, 41.6213476], [48.4887171, 41.6212453], [48.4885508, 41.6211751], [48.4884194, 41.621135], [48.4880197, 41.621133], [48.4879768, 41.621129], [48.487907, 41.6210949], [48.4878588, 41.6210949], [48.4877327, 41.6210568], [48.4875476, 41.6209024], [48.4872204, 41.6205616], [48.487148, 41.6205295], [48.4870031, 41.6205034], [48.486979, 41.6204754], [48.4869522, 41.6204192], [48.4868744, 41.6203891], [48.4868127, 41.620343], [48.4863799, 41.6200622]]}}, {"type": "Feature", "properties": {"osm_id": 1210797811, "osm_type": "way", "waterway": "stream"}, "geometry": {"type": "LineString", "coordinates": [[48.509867, 41.2986537], [48.5095495, 41.2992572], [48.5089704, 41.3000291], [48.5085034, 41.3006886], [48.508354, 41.301278], [48.5072518, 41.302527], [48.5065046, 41.3033549], [48.5066408, 41.3053813], [48.506645, 41.3054432], [48.5062568, 41.3056765]]}}, {"type": "Feature", "properties": {"osm_id": 1212485566, "osm_type": "way", "waterway": "stream"}, "geometry": {"type": "LineString", "coordinates": [[47.9559634, 41.6483545], [47.9585731, 41.6498757], [47.9596245, 41.6496592], [47.9633045, 41.6507014], [47.9662871, 41.6504122]]}}, {"type": "Feature", "properties": {"osm_id": 1212485572, "osm_type": "way", "waterway": "stream"}, "geometry": {"type": "LineString", "coordinates": [[47.9174065, 41.6646409], [47.9226851, 41.662541], [47.9286074, 41.6622364], [47.9316115, 41.663599], [47.9380917, 41.6635188], [47.9395938, 41.662028], [47.9405379, 41.6618036], [47.9450655, 41.663631], [47.947104, 41.6629978], [47.9487455, 41.6638715], [47.9522216, 41.6637913], [47.9535305, 41.6648333], [47.955054, 41.6643363], [47.9553544, 41.6636711], [47.9563951, 41.6631421], [47.9584658, 41.6612665], [47.958262, 41.6609539], [47.9587448, 41.6607295], [47.9586643, 41.660465], [47.9591525, 41.6603287], [47.9598284, 41.6598558], [47.9601824, 41.659944], [47.9607765, 41.65946], [47.9611869, 41.6595873], [47.9615289, 41.6594981], [47.9616442, 41.6592987]]}}, {"type": "Feature", "properties": {"osm_id": 1212485581, "osm_type": "way", "waterway": "river"}, "geometry": {"type": "LineString", "coordinates": [[47.9478717, 41.6906139], [47.9503333, 41.6915856], [47.9530692, 41.6916136], [47.9608154, 41.6901555], [47.96206, 41.690508], [47.9628968, 41.6896588], [47.9634225, 41.689827], [47.9641306, 41.6889137], [47.9675317, 41.6888496], [47.9683685, 41.6882647], [47.9702997, 41.6880484], [47.9718768, 41.6885772], [47.9722202, 41.6879282], [47.973454, 41.6879442], [47.9729819, 41.6874234], [47.974323, 41.6868946], [47.9743338, 41.686502], [47.9752564, 41.6856127], [47.9767263, 41.6854204], [47.9777992, 41.6846512], [47.9791617, 41.6848274], [47.9793656, 41.6844909], [47.9802024, 41.6844428], [47.9809964, 41.6838018], [47.9814792, 41.6841704], [47.9835284, 41.6840983], [47.984333, 41.6836977], [47.985084, 41.683922], [47.9873693, 41.6824958], [47.9885602, 41.6824798], [47.989043, 41.6815583], [47.9912987, 41.6815042], [47.9918808, 41.681384], [47.9928195, 41.681358], [47.9935491, 41.6816144], [47.993474, 41.6805086], [47.9942572, 41.6799958], [47.994976, 41.6803884], [48.001467, 41.6788899], [48.0034196, 41.6778803], [48.0065846, 41.6782369], [48.0080867, 41.6785374], [48.0137086, 41.6777761], [48.0151462, 41.6779444], [48.018043, 41.6797393], [48.0204356, 41.6794268], [48.0218947, 41.6797794], [48.0232787, 41.6793467], [48.0264866, 41.680765], [48.0276024, 41.6802762], [48.0284607, 41.6805567], [48.0304992, 41.6799557], [48.0317974, 41.6804605], [48.0322909, 41.6804845], [48.0323768, 41.6809733], [48.0329293, 41.6814181], [48.0344313, 41.6812939], [48.0349624, 41.6816464], [48.0353594, 41.6816985], [48.0370116, 41.6812418], [48.0392486, 41.6828243], [48.0407023, 41.6827281], [48.0413031, 41.6835054], [48.0436849, 41.6836256], [48.0450046, 41.6841864], [48.0477619, 41.6841063], [48.0518603, 41.6828003], [48.0524075, 41.6829685], [48.0518174, 41.683281], [48.0518925, 41.6837458], [48.0529225, 41.683914], [48.0534267, 41.6836576], [48.0534804, 41.682624], [48.0549931, 41.6825839], [48.0554867, 41.6832009], [48.0560446, 41.6831608], [48.0563342, 41.6823275], [48.0581367, 41.6822474], [48.0594885, 41.6816144], [48.0604327, 41.6818467], [48.0605721, 41.6817426], [48.0605185, 41.6814942], [48.0598533, 41.6810134], [48.0599177, 41.680789], [48.0607438, 41.6805567], [48.0613661, 41.6805807], [48.063013, 41.6798315], [48.0630666, 41.6793427], [48.0633724, 41.6792105], [48.0639866, 41.6795731], [48.0642414, 41.6799276], [48.0647859, 41.6800759]]}}, {"type": "Feature", "properties": {"osm_id": 1212485587, "osm_type": "way", "fixme": "continue", "waterway": "river"}, "geometry": {"type": "LineString", "coordinates": [[48.0287236, 41.6877279], [48.0307567, 41.6868185], [48.0327147, 41.6864459], [48.0356759, 41.6862837], [48.0358422, 41.6861996], [48.0365851, 41.6861835], [48.0370545, 41.6864519], [48.0404556, 41.6864059], [48.0432343, 41.6872391], [48.0437386, 41.688481], [48.0453265, 41.6880323], [48.0466139, 41.6882326], [48.0472684, 41.6879362], [48.0472898, 41.6872552], [48.0483842, 41.6860453], [48.0495536, 41.6862296], [48.0495429, 41.6868225], [48.0518818, 41.6861335], [48.0528152, 41.6855245], [48.056699, 41.6864059], [48.0587053, 41.6856207], [48.0592418, 41.6859412], [48.0594778, 41.6859251], [48.0596495, 41.6855486], [48.0594134, 41.6852601], [48.0586409, 41.6849316], [48.0584264, 41.6845951], [48.0596816, 41.6839701], [48.061071, 41.6844589], [48.0614197, 41.6843066], [48.0614519, 41.6841544], [48.0607974, 41.6833091], [48.0609423, 41.6829245], [48.0612105, 41.6829926], [48.0623478, 41.6822474], [48.0624819, 41.6818427], [48.0629861, 41.681378], [48.063705, 41.6814701], [48.0645579, 41.6810094], [48.0647859, 41.6800759], [48.0664623, 41.6796632], [48.0672938, 41.6792265]]}}, {"type": "Feature", "properties": {"osm_id": 1244882598, "osm_type": "way", "waterway": "stream"}, "geometry": {"type": "LineString", "coordinates": [[48.0880986, 41.2551114], [48.0883025, 41.2554017], [48.0882918, 41.256176], [48.0889033, 41.2566196], [48.0889784, 41.2570229], [48.0892043, 41.2580832], [48.0894248, 41.2585822], [48.0891728, 41.2592301], [48.089002, 41.2597986], [48.0893679, 41.2601348], [48.0901815, 41.2612017], [48.0902151, 41.2612457], [48.0901988, 41.2616491], [48.0899549, 41.2624008], [48.0900606, 41.2628531], [48.0901907, 41.2630915], [48.0901012, 41.263776], [48.0897922, 41.2643994], [48.0898654, 41.2647723], [48.0900931, 41.2649373], [48.0901012, 41.2654323], [48.0907842, 41.265634], [48.0910688, 41.2659579], [48.0911257, 41.2663796], [48.0911279, 41.2670496]]}}, {"type": "Feature", "properties": {"osm_id": 1244882599, "osm_type": "way", "waterway": "stream"}, "geometry": {"type": "LineString", "coordinates": [[48.0937566, 41.2569575], [48.0929309, 41.2574949], [48.09229, 41.2577265], [48.0919804, 41.2584137], [48.0918503, 41.2589271], [48.0909396, 41.2596545], [48.0907526, 41.2603391], [48.0906062, 41.2607914], [48.0901815, 41.2612017]]}}, {"type": "Feature", "properties": {"osm_id": 1244882600, "osm_type": "way", "waterway": "stream"}, "geometry": {"type": "LineString", "coordinates": [[48.0545731, 41.2601001], [48.056427, 41.2601123], [48.0579231, 41.2595744], [48.0598908, 41.259391], [48.0608502, 41.2582419], [48.0619723, 41.2581441], [48.0623463, 41.2578018], [48.0633383, 41.2576307], [48.0637611, 41.257215], [48.0644766, 41.2562615], [48.0643804, 41.2559587], [48.0643268, 41.255632], [48.064479, 41.2551523]]}}, {"type": "Feature", "properties": {"osm_id": 1244882606, "osm_type": "way", "waterway": "stream"}, "geometry": {"type": "LineString", "coordinates": [[47.8588605, 41.2063392], [47.8613486, 41.2046875], [47.8626495, 41.2034028], [47.8628121, 41.2026075], [47.8639342, 41.2024118], [47.8660483, 41.2019224], [47.8672028, 41.2019958], [47.8698373, 41.2018122], [47.870439, 41.2015064], [47.8707479, 41.200968], [47.8713984, 41.2005887], [47.8721302, 41.2004419], [47.8729758, 41.1994752], [47.8736588, 41.1993162], [47.8739678, 41.1994018], [47.8749598, 41.1992672], [47.8757546, 41.1994666], [47.8763745, 41.1996221], [47.8786837, 41.1993039], [47.8795456, 41.1993284], [47.8809604, 41.1991816], [47.8814648, 41.1988522], [47.8818223, 41.1986187], [47.8823181, 41.1984599], [47.8830038, 41.198003], [47.8834073, 41.1976676], [47.8836631, 41.1974549], [47.8843356, 41.1970122], [47.8867453, 41.1962672], [47.886894, 41.1961767], [47.8872345, 41.1959696], [47.8876233, 41.1957331], [47.8884172, 41.1959861], [47.8891644, 41.1962532], [47.8903692, 41.1963375], [47.8908082, 41.1965624], [47.890995, 41.1968576], [47.8918169, 41.1971176], [47.8926855, 41.1970473], [47.8931338, 41.1975674], [47.8939931, 41.197968], [47.8948057, 41.197968], [47.895721, 41.197722], [47.8971874, 41.1976096], [47.8975423, 41.1976096], [47.8984203, 41.197476], [47.8992796, 41.1977361], [47.9005405, 41.1984599], [47.9010822, 41.1991346], [47.9020068, 41.199247], [47.9020722, 41.1994438], [47.9025392, 41.1994157], [47.9033985, 41.1999498], [47.9042484, 41.200526], [47.9048742, 41.2009477], [47.9056027, 41.2017558], [47.9057428, 41.202065], [47.9063406, 41.2024234], [47.9068356, 41.2024586], [47.9073026, 41.202831], [47.9075455, 41.202824], [47.9083207, 41.2027818], [47.9098057, 41.203337], [47.9101887, 41.2035337], [47.9107584, 41.2037164], [47.9115523, 41.2039062], [47.9118792, 41.2038921], [47.9125517, 41.2039835], [47.9127105, 41.2042927], [47.9124396, 41.2046862], [47.9125143, 41.2048408], [47.9128226, 41.2049883], [47.9138126, 41.2049532], [47.9150828, 41.2054591], [47.9157647, 41.2056489], [47.917175, 41.2065483], [47.9173711, 41.2069418], [47.9181464, 41.2081223], [47.9188469, 41.2089515], [47.9196034, 41.2102373], [47.9210791, 41.2106097], [47.9212472, 41.2111297], [47.921745, 41.2116789], [47.9219477, 41.2119026], [47.9228433, 41.2126739], [47.9236841, 41.2128836], [47.9245816, 41.2134553], [47.925272, 41.2136108], [47.9271124, 41.2143243], [47.9280042, 41.2147822], [47.9304251, 41.2157087], [47.9307531, 41.2158872], [47.9310904, 41.2160708], [47.9315293, 41.2165287], [47.9319681, 41.2174658], [47.9336103, 41.2179344], [47.9339501, 41.2188608], [47.9349694, 41.2193081], [47.9352525, 41.219947], [47.9354554, 41.2200256], [47.9361869, 41.220309], [47.9367531, 41.2209053], [47.9376733, 41.2209692], [47.939995, 41.2217998], [47.941255, 41.2221938], [47.9418537, 41.2224696], [47.9423875, 41.2227155], [47.9430592, 41.2227134]]}}, {"type": "Feature", "properties": {"osm_id": 1244882607, "osm_type": "way", "waterway": "stream"}, "geometry": {"type": "LineString", "coordinates": [[47.910902, 41.2184935], [47.910958, 41.2180368], [47.9107432, 41.2176012], [47.9111635, 41.2168987], [47.9119481, 41.2161188], [47.9126766, 41.215627], [47.9130222, 41.2151703], [47.9138313, 41.2145514], [47.9152043, 41.2139893], [47.9158767, 41.2138488], [47.9172497, 41.2130689], [47.9175953, 41.2124717], [47.9182024, 41.2122117], [47.9190523, 41.2122187], [47.9194726, 41.2120642], [47.919977, 41.2119447], [47.9201731, 41.2119658], [47.9204487, 41.2118182], [47.9207242, 41.2116707], [47.9209858, 41.2115455], [47.9211352, 41.211474], [47.921745, 41.2116789]]}}, {"type": "Feature", "properties": {"osm_id": 1244882608, "osm_type": "way", "waterway": "stream"}, "geometry": {"type": "LineString", "coordinates": [[47.9333414, 41.2075616], [47.933313, 41.2078491], [47.9335537, 41.2082006], [47.9333555, 41.2089994], [47.9328176, 41.2091804], [47.9327609, 41.2101815], [47.9331148, 41.2107247], [47.932945, 41.2109483], [47.9324778, 41.2115447], [47.9327468, 41.2119707], [47.9325486, 41.2124606], [47.9324212, 41.212876], [47.9321663, 41.2131103], [47.9320248, 41.2134404], [47.9315151, 41.213696], [47.931416, 41.2144202], [47.931048, 41.214697], [47.9311895, 41.2153466], [47.9307531, 41.2158872]]}}, {"type": "Feature", "properties": {"osm_id": 1244882609, "osm_type": "way", "waterway": "stream"}, "geometry": {"type": "LineString", "coordinates": [[47.9163257, 41.2304915], [47.9166103, 41.2304426], [47.916968, 41.2302224], [47.9176104, 41.2300879], [47.9179356, 41.2298861], [47.9184966, 41.2296782], [47.9191471, 41.229189], [47.919887, 41.2288282], [47.9208709, 41.2279782], [47.921562, 41.2272077], [47.9221068, 41.2267857], [47.9220255, 41.2264738], [47.9223588, 41.2261681], [47.9227816, 41.2258011], [47.9235053, 41.2255259], [47.9253185, 41.2252263], [47.926465, 41.2250428], [47.9270097, 41.2247676], [47.9274488, 41.2246086], [47.9281074, 41.224627], [47.9285705, 41.2243234], [47.929788, 41.2239507], [47.9299296, 41.2232266], [47.9306657, 41.2225878], [47.9312603, 41.2218637], [47.9316142, 41.2214378], [47.9320103, 41.2213], [47.9322354, 41.2210947], [47.9323924, 41.2209514], [47.9327827, 41.2209392], [47.9330835, 41.220719], [47.9332543, 41.2206762], [47.933734, 41.2201564], [47.9340999, 41.2200707], [47.9346203, 41.2201869], [47.9348967, 41.220083], [47.9354554, 41.2200256]]}}, {"type": "Feature", "properties": {"osm_id": 1244882610, "osm_type": "way", "waterway": "stream"}, "geometry": {"type": "LineString", "coordinates": [[47.9602941, 41.2093609], [47.9590765, 41.2094956], [47.9585573, 41.209765], [47.9569817, 41.209994], [47.9562297, 41.2104115], [47.9557642, 41.2108156], [47.9550122, 41.2109638], [47.9533112, 41.2113679], [47.9521116, 41.2119605], [47.9500884, 41.2126205], [47.9486918, 41.2128899], [47.9459524, 41.2138327], [47.9450034, 41.2139809], [47.9444126, 41.2141156], [47.9439138, 41.2140643]]}}, {"type": "Feature", "properties": {"osm_id": 1244882637, "osm_type": "way", "waterway": "stream"}, "geometry": {"type": "LineString", "coordinates": [[47.9170136, 41.167185], [47.9167132, 41.1665712], [47.915812, 41.1653758], [47.9154043, 41.1645358], [47.9146532, 41.1639866], [47.9136662, 41.1639381], [47.9126362, 41.1630496], [47.9127435, 41.1625165], [47.9134731, 41.1618219], [47.9137735, 41.160998], [47.914267, 41.1602711], [47.9135374, 41.1595764], [47.9133443, 41.1582194], [47.9128293, 41.1575085], [47.9142241, 41.1543258], [47.9141383, 41.1536311], [47.9138593, 41.1527909], [47.9143743, 41.1509813], [47.914031, 41.150125], [47.9142885, 41.149608], [47.9141597, 41.148283], [47.9142026, 41.1464733], [47.9143769, 41.1460829], [47.9164154, 41.1458082], [47.9204066, 41.145275], [47.9234321, 41.1432713], [47.9273159, 41.1424633], [47.928539, 41.1423664], [47.9316504, 41.1426088], [47.9349119, 41.1417523], [47.936135, 41.1417523], [47.9392035, 41.1418654], [47.940212, 41.141219], [47.9425714, 41.1410757], [47.9455788, 41.1398377], [47.9469238, 41.1389092], [47.9495577, 41.1367427], [47.9505477, 41.1353499], [47.9510708, 41.1317059], [47.9517619, 41.1307492], [47.9520234, 41.1301301], [47.9503983, 41.1284698], [47.9487731, 41.1272738], [47.948661, 41.1267672], [47.9478952, 41.1261341], [47.9483995, 41.1254727], [47.9481754, 41.1249662], [47.9476336, 41.1244737], [47.9476336, 41.1233339], [47.9477084, 41.1228414], [47.9477457, 41.1220111], [47.9482874, 41.121406], [47.9480259, 41.1210683], [47.9475924, 41.1207951], [47.9477365, 41.1203974], [47.9471453, 41.1202731], [47.9460591, 41.119548], [47.9457566, 41.1187504], [47.9454266, 41.1183879], [47.9450554, 41.1179011], [47.9447116, 41.1172899], [47.9447804, 41.1168031], [47.9443954, 41.1162541], [47.9446566, 41.1157258], [47.9445741, 41.1152078], [47.9441479, 41.1147002], [47.9440241, 41.114348], [47.9433504, 41.1136643], [47.9431854, 41.1131567], [47.9429929, 41.1128978], [47.9425942, 41.1122348], [47.9421679, 41.1119344], [47.9415217, 41.1109606], [47.9407792, 41.1105876], [47.9399273, 41.1104313], [47.9394556, 41.110151], [47.9394375, 41.1096726], [47.9391563, 41.1091121], [47.9389023, 41.1083671], [47.9385576, 41.1070206], [47.9384759, 41.1061731], [47.9379226, 41.105264], [47.9374055, 41.1046146], [47.9372876, 41.1043685], [47.9377049, 41.1039448], [47.9379679, 41.1029673], [47.9378046, 41.1022017], [47.9375597, 41.1019419], [47.9375416, 41.1014839], [47.9375234, 41.101231], [47.9372694, 41.1009029], [47.9371061, 41.1004449], [47.9372023, 41.100184]]}}, {"type": "Feature", "properties": {"osm_id": 1244882638, "osm_type": "way", "waterway": "stream"}, "geometry": {"type": "LineString", "coordinates": [[47.8814418, 41.1852423], [47.8828302, 41.1868492], [47.8837734, 41.1881709], [47.882814, 41.1896762], [47.8832205, 41.1912058], [47.8828083, 41.1922505], [47.8831903, 41.1924174], [47.8833013, 41.1928394], [47.8842133, 41.1941887], [47.8847001, 41.1944438], [47.8847863, 41.1948796], [47.8851684, 41.1952738], [47.8862036, 41.1956447], [47.8872345, 41.1959696]]}}, {"type": "Feature", "properties": {"osm_id": 1250475192, "osm_type": "way", "name": "Гуркам", "waterway": "stream"}, "geometry": {"type": "LineString", "coordinates": [[47.7920723, 41.3801254], [47.7935743, 41.3817354], [47.7939605, 41.3839089], [47.7957201, 41.3852452], [47.7960419, 41.3874829], [47.7969003, 41.3889801], [47.7984237, 41.3907831], [47.8010474, 41.3938723], [47.8010277, 41.3943999], [47.8013583, 41.395328], [47.801091, 41.3954735], [47.8013176, 41.3961087], [47.8008912, 41.3964993], [47.8010348, 41.3970493], [47.8005334, 41.3974473], [47.8010017, 41.3980401], [47.8007991, 41.3982685], [47.8011877, 41.3988262], [47.8002471, 41.4010043], [47.7990435, 41.4028541], [47.7984121, 41.4041124], [47.8005242, 41.4108617], [47.8032311, 41.4149089], [47.8032921, 41.4169385], [47.8053085, 41.4192597], [47.8088047, 41.4208896], [47.8104731, 41.4243727], [47.8112998, 41.4299154], [47.814453, 41.4319062], [47.8164375, 41.4348444], [47.8206992, 41.4396309], [47.8247468, 41.4421315], [47.8271341, 41.4439328], [47.8292373, 41.4453165]]}}]}